# Blender 5.2.1 LTS
# www.blender.org
mtllib face_monster.mtl
o Object_2
v -0.405270 0.701891 -0.002146
v -0.403011 0.660874 0.026928
v -0.405272 0.703113 0.047097
v -0.404060 0.725427 -0.038942
v -0.401856 0.663190 -0.019050
v -0.402793 0.668612 0.064466
v -0.403053 0.693240 0.087075
v -0.402371 0.723815 -0.058678
v -0.404655 0.749001 0.061716
v -0.400012 0.755263 -0.051432
v -0.404719 0.746435 0.005167
v -0.403746 0.731363 0.086643
v -0.401990 0.760879 0.082857
v -0.385267 0.552429 0.007635
v -0.383933 0.543719 0.022309
v -0.390570 0.597949 -0.029196
v -0.384689 0.564733 -0.032953
v -0.393101 0.619195 0.105185
v -0.386371 0.601564 0.137824
v -0.380409 0.582786 -0.074818
v -0.397275 0.639322 -0.032951
v -0.394680 0.655975 -0.071899
v -0.394136 0.678837 -0.092208
v -0.386264 0.671942 0.167487
v -0.400270 0.673247 -0.050061
v -0.394075 0.697510 -0.099777
v -0.402268 0.695098 -0.051903
v -0.386936 0.702890 0.167703
v -0.393712 0.681328 0.139235
v -0.389856 0.749769 -0.109030
v -0.386456 0.715732 -0.131010
v -0.395964 0.719287 -0.092162
v -0.399494 0.710227 0.115498
v -0.399781 0.744442 0.108574
v -0.394065 0.721652 0.140068
v -0.389253 0.752790 0.146761
v -0.396551 0.744636 -0.081201
v -0.402044 0.764878 -0.012105
v -0.397538 0.786127 -0.021073
v -0.401688 0.777699 0.056845
v -0.386365 0.784762 -0.091064
v -0.380333 0.780119 -0.111464
v -0.390718 0.783060 -0.075874
v -0.391904 0.794831 -0.052864
v -0.397755 0.797894 0.039439
v -0.402975 0.770569 0.025268
v -0.396023 0.778886 0.100214
v -0.384203 0.811200 -0.064106
v -0.378332 0.795191 0.151128
v -0.386542 0.817868 -0.041257
v -0.391371 0.813153 -0.010600
v -0.395463 0.804525 0.017419
v -0.391665 0.814015 0.068938
v -0.397054 0.789389 0.079819
v -0.388560 0.811684 0.094403
v -0.386518 0.828273 0.063403
v -0.381031 0.829588 0.097226
v -0.377610 0.519888 -0.001538
v -0.366108 0.468901 0.017369
v -0.368797 0.476768 0.049844
v -0.373335 0.522447 0.134833
v -0.368072 0.512254 -0.057103
v -0.372882 0.512946 -0.030154
v -0.366890 0.546760 -0.102001
v -0.381455 0.535360 0.056398
v -0.370654 0.551451 0.184247
v -0.383231 0.552693 0.091055
v -0.384609 0.576634 0.123088
v -0.370436 0.603402 -0.141883
v -0.371504 0.582690 0.195493
v -0.367686 0.599721 0.211688
v -0.386056 0.632130 0.157412
v -0.376626 0.625499 0.189864
v -0.370390 0.633855 -0.163116
v -0.381097 0.638810 -0.123787
v -0.377425 0.675917 0.194205
v -0.384575 0.681041 -0.133062
v -0.368820 0.661062 -0.177480
v -0.379088 0.697765 -0.151412
v -0.373321 0.723077 0.203223
v -0.370833 0.734792 -0.162647
v -0.368647 0.709947 -0.176716
v -0.370584 0.760694 -0.147471
v -0.385396 0.751335 -0.122185
v -0.383266 0.728123 0.175679
v -0.372950 0.751851 0.195820
v -0.378825 0.777376 0.165316
v -0.371130 0.786122 -0.124681
v -0.370095 0.775013 -0.136664
v -0.373293 0.796136 -0.110043
v -0.378146 0.798763 -0.096916
v -0.367022 0.795810 0.179969
v -0.373293 0.796136 -0.110043
v -0.378146 0.798763 -0.096916
v -0.366284 0.803676 -0.113655
v -0.377693 0.811395 -0.081086
v -0.372861 0.812432 0.147929
v -0.361129 0.818705 0.169509
v -0.369921 0.814477 -0.093124
v -0.377693 0.811395 -0.081086
v -0.372605 0.826921 -0.068791
v -0.379663 0.833107 -0.032598
v -0.385515 0.829182 0.000199
v -0.376255 0.840783 0.088155
v -0.368252 0.831824 0.134071
v -0.375332 0.831494 -0.053131
v -0.363734 0.842339 -0.059769
v -0.372820 0.848198 -0.009461
v -0.370679 0.851441 0.075344
v -0.361750 0.848571 0.120047
v -0.353289 0.867649 -0.016254
v -0.372815 0.848195 -0.009461
v -0.367753 0.855515 -0.000393
v -0.356889 0.424741 0.039590
v -0.354267 0.407821 0.101505
v -0.346219 0.381074 0.141836
v -0.356445 0.446817 -0.020718
v -0.353973 0.451736 -0.042475
v -0.353365 0.462802 0.189677
v -0.349013 0.419353 0.168727
v -0.357276 0.440771 -0.002779
v -0.367731 0.477655 0.091700
v -0.351863 0.496514 0.220977
v -0.361846 0.469961 0.143512
v -0.370333 0.521434 0.157037
v -0.369071 0.534231 0.178732
v -0.358624 0.522405 -0.117088
v -0.355428 0.530694 0.226844
v -0.351519 0.543472 -0.190784
v -0.351216 0.547061 0.243143
v -0.349962 0.586105 -0.229081
v -0.353370 0.576860 -0.210562
v -0.358726 0.569507 -0.177642
v -0.360621 0.627867 -0.199233
v -0.363298 0.633329 0.226008
v -0.359636 0.694864 -0.199442
v -0.354313 0.649320 -0.220306
v -0.369138 0.694142 0.214590
v -0.353860 0.703035 -0.210193
v -0.363575 0.676826 -0.192639
v -0.356615 0.701480 0.239646
v -0.350261 0.727158 -0.204489
v -0.359198 0.736142 0.229920
v -0.355425 0.744262 -0.184560
v -0.346457 0.758570 -0.185660
v -0.353863 0.766692 -0.168644
v -0.360488 0.766908 -0.158468
v -0.362906 0.770555 0.208251
v -0.360373 0.778061 -0.148528
v -0.351472 0.789702 -0.150449
v -0.360373 0.778061 -0.148528
v -0.371182 0.786147 -0.124725
v -0.354700 0.790233 0.208925
v -0.350154 0.811060 -0.128645
v -0.346671 0.799100 0.214044
v -0.341154 0.817208 0.205074
v -0.352916 0.832169 -0.096417
v -0.355281 0.833426 0.162362
v -0.368963 0.843525 -0.044185
v -0.369258 0.848905 -0.026481
v -0.356731 0.858041 -0.038187
v -0.343189 0.854010 -0.074671
v -0.356868 0.868924 0.019558
v -0.367683 0.857249 0.014184
v -0.355509 0.869697 0.055457
v -0.368109 0.857617 0.031620
v -0.358936 0.865718 0.060564
v -0.367767 0.857647 0.047970
v -0.350589 0.868922 0.085610
v -0.356034 0.862821 0.090849
v -0.359064 0.856677 0.103100
v -0.356034 0.862821 0.090849
v -0.351280 0.857139 0.128860
v -0.351926 0.849049 0.145550
v -0.337136 0.881701 0.000214
v -0.360028 0.862227 0.075106
v -0.334583 0.266548 -0.043910
v -0.334790 0.289650 -0.010572
v -0.335685 0.336109 -0.048046
v -0.333592 0.315770 -0.070439
v -0.333782 0.312324 0.090872
v -0.339436 0.360242 -0.026219
v -0.333508 0.347587 -0.063927
v -0.331915 0.337085 0.179499
v -0.337139 0.359845 0.179320
v -0.335999 0.345296 0.168917
v -0.333090 0.389445 -0.077052
v -0.332461 0.368389 -0.070645
v -0.350321 0.399332 0.019308
v -0.355933 0.415031 0.076655
v -0.342665 0.346209 0.073210
v -0.345084 0.362284 0.113503
v -0.340920 0.418982 -0.069028
v -0.343724 0.393373 -0.029790
v -0.346608 0.390376 -0.007158
v -0.329912 0.406031 -0.101384
v -0.332175 0.399210 0.219513
v -0.335361 0.429182 0.227662
v -0.335891 0.444532 -0.118153
v -0.345661 0.452641 -0.085330
v -0.332942 0.469015 -0.169062
v -0.345855 0.490880 -0.140883
v -0.348630 0.483972 -0.114812
v -0.339462 0.484653 0.248601
v -0.334374 0.491417 -0.198233
v -0.344781 0.519833 -0.196051
v -0.335572 0.500652 0.264213
v -0.330291 0.504025 -0.227932
v -0.338187 0.523851 -0.225153
v -0.333134 0.531012 0.276459
v -0.346180 0.553289 -0.225165
v -0.341899 0.568077 0.265477
v -0.355128 0.595231 0.241667
v -0.340963 0.560903 -0.245673
v -0.349799 0.619998 -0.234415
v -0.340273 0.591572 -0.254950
v -0.347529 0.654050 -0.236667
v -0.352701 0.646065 0.246863
v -0.345238 0.617691 0.260701
v -0.337805 0.678341 -0.247487
v -0.334403 0.670011 -0.254913
v -0.338329 0.652296 -0.254490
v -0.339112 0.689688 0.268748
v -0.334403 0.670011 -0.254913
v -0.337552 0.678328 -0.247288
v -0.334848 0.696255 -0.242235
v -0.351384 0.724687 0.246175
v -0.330164 0.701768 0.279218
v -0.336697 0.723548 0.268681
v -0.333337 0.718352 -0.231306
v -0.337154 0.708127 -0.232746
v -0.337614 0.725905 -0.221587
v -0.341910 0.735861 -0.209403
v -0.341910 0.735861 -0.209403
v -0.344595 0.746749 -0.198186
v -0.344595 0.746749 -0.198186
v -0.338009 0.743809 0.261616
v -0.325535 0.735699 0.278313
v -0.354232 0.764705 0.227541
v -0.338799 0.769290 0.248389
v -0.334617 0.783901 -0.177071
v -0.333995 0.767964 -0.193067
v -0.319493 0.798662 -0.176976
v -0.323964 0.814815 -0.155288
v -0.333219 0.834843 -0.119199
v -0.339850 0.835931 0.185199
v -0.326766 0.874435 -0.055297
v -0.359064 0.856677 0.103100
v -0.351509 0.857405 0.128958
v -0.351504 0.861258 0.114721
v -0.335421 0.864004 0.146524
v -0.323048 0.875954 0.138216
v -0.343497 0.858748 0.141326
v -0.343497 0.858748 0.141326
v -0.334120 0.856650 0.163319
v -0.335621 0.884628 0.034232
v -0.331214 0.886642 0.055500
v -0.327615 0.886666 0.079096
v -0.316765 0.196111 -0.071527
v -0.315350 0.187862 -0.055953
v -0.314798 0.194046 -0.031514
v -0.330384 0.252525 -0.072922
v -0.314890 0.200758 -0.092943
v -0.322556 0.219037 -0.041389
v -0.315875 0.245278 0.027424
v -0.303160 0.225479 -0.151956
v -0.320999 0.235640 -0.097798
v -0.329206 0.266809 -0.087875
v -0.330999 0.249100 -0.059022
v -0.325214 0.260669 0.004297
v -0.316606 0.267579 -0.125993
v -0.335019 0.274679 -0.061005
v -0.332510 0.261262 -0.032620
v -0.318817 0.262155 0.050960
v -0.328463 0.279364 0.020938
v -0.320861 0.281244 0.095589
v -0.333063 0.281166 -0.075189
v -0.334747 0.300615 0.037318
v -0.333422 0.301352 0.058733
v -0.325434 0.308098 0.157743
v -0.302023 0.265474 0.193219
v -0.317196 0.301489 0.188566
v -0.336571 0.320318 0.084522
v -0.335980 0.334064 0.146757
v -0.330398 0.354147 0.200821
v -0.317344 0.362363 0.241447
v -0.319674 0.405631 -0.137185
v -0.320105 0.385790 -0.121647
v -0.325788 0.431126 0.252694
v -0.317971 0.425727 -0.163364
v -0.327468 0.437073 -0.142842
v -0.318363 0.426693 0.266733
v -0.321026 0.484795 -0.228293
v -0.317751 0.455964 -0.200432
v -0.313966 0.438729 0.279559
v -0.312586 0.487131 0.297241
v -0.324324 0.496686 0.282812
v -0.313636 0.488533 -0.246685
v -0.321893 0.448765 -0.179344
v -0.325480 0.515677 -0.250756
v -0.318124 0.522028 -0.267738
v -0.333979 0.537249 -0.248539
v -0.318377 0.558627 -0.284231
v -0.314390 0.533368 -0.279194
v -0.326197 0.540928 -0.266582
v -0.333201 0.564917 0.279664
v -0.325965 0.590568 -0.280769
v -0.315802 0.574895 -0.290190
v -0.333601 0.565980 -0.263537
v -0.316949 0.559612 0.301755
v -0.317408 0.591275 -0.290396
v -0.317742 0.575742 0.300702
v -0.332990 0.607632 0.280196
v -0.320822 0.609469 -0.286502
v -0.317221 0.609081 0.300045
v -0.335157 0.624457 -0.266163
v -0.315846 0.626566 0.300463
v -0.319837 0.627365 -0.285525
v -0.327935 0.650111 -0.270105
v -0.328348 0.676684 0.283500
v -0.328818 0.661204 -0.265941
v -0.317678 0.646187 -0.282720
v -0.327808 0.650079 -0.270019
v -0.317678 0.646187 -0.282720
v -0.314130 0.674921 -0.274298
v -0.317864 0.690015 -0.263837
v -0.324958 0.700381 -0.250563
v -0.328207 0.711378 -0.240987
v -0.333337 0.718352 -0.231306
v -0.332181 0.743885 -0.215537
v -0.337614 0.725905 -0.221587
v -0.327401 0.717763 0.280252
v -0.317552 0.728556 0.288811
v -0.327401 0.717763 0.280252
v -0.317552 0.728556 0.288811
v -0.315683 0.740381 -0.233365
v -0.325535 0.735699 0.278313
v -0.317960 0.747032 0.283263
v -0.318004 0.747054 0.283308
v -0.321881 0.764683 0.270485
v -0.317852 0.762236 -0.214377
v -0.329158 0.795541 0.241495
v -0.312509 0.818220 0.241175
v -0.308191 0.832463 -0.149081
v -0.320570 0.857247 -0.099930
v -0.323732 0.851150 0.186849
v -0.304198 0.852427 -0.125012
v -0.319934 0.868729 -0.078631
v -0.334120 0.856650 0.163319
v -0.322136 0.863024 0.169536
v -0.320184 0.884579 -0.034479
v -0.321692 0.888800 -0.008479
v -0.330792 0.879267 0.108234
v -0.304098 0.900583 0.024377
v -0.300435 0.000422 -0.116585
v -0.299714 0.008679 -0.149496
v -0.301182 0.047304 -0.117819
v -0.299313 0.002194 -0.093569
v -0.301359 0.026298 -0.097633
v -0.300324 0.072821 -0.085704
v -0.300448 0.090542 -0.116693
v -0.301755 0.113173 -0.076024
v -0.299115 0.108912 -0.046342
v -0.301428 0.130708 -0.106386
v -0.300014 0.153828 -0.124444
v -0.303775 0.144390 -0.095129
v -0.301553 0.133287 -0.039671
v -0.300559 0.143085 -0.020782
v -0.297836 0.170193 0.024664
v -0.306838 0.165084 -0.097489
v -0.309316 0.163892 -0.063790
v -0.311575 0.175415 -0.041959
v -0.299439 0.205549 -0.159425
v -0.302535 0.189302 -0.137982
v -0.310475 0.207290 -0.118372
v -0.299495 0.210906 0.063561
v -0.304741 0.234712 0.073719
v -0.300285 0.250556 0.160539
v -0.307682 0.264708 -0.148540
v -0.303835 0.243982 0.102285
v -0.304431 0.293243 -0.158144
v -0.302461 0.272868 0.206686
v -0.297776 0.303275 -0.172724
v -0.318818 0.301748 -0.122282
v -0.298869 0.337938 -0.169160
v -0.319277 0.363727 -0.118000
v -0.305716 0.302764 0.234112
v -0.303950 0.317550 0.250649
v -0.307278 0.351537 -0.151329
v -0.298050 0.366892 -0.174854
v -0.308621 0.383028 -0.155425
v -0.303661 0.375624 0.276370
v -0.294216 0.387611 0.296047
v -0.300411 0.386324 -0.176906
v -0.309874 0.416874 -0.175945
v -0.300370 0.410768 -0.191579
v -0.291389 0.396310 -0.197551
v -0.304978 0.442934 -0.211860
v -0.304735 0.440639 0.294017
v -0.304058 0.466272 -0.238102
v -0.294258 0.434135 -0.219623
v -0.299050 0.464787 0.308233
v -0.308923 0.507009 -0.269476
v -0.300977 0.487465 -0.263364
v -0.300745 0.490809 0.312229
v -0.316432 0.507847 0.297194
v -0.302762 0.536314 -0.291937
v -0.308481 0.552179 -0.291851
v -0.302762 0.536314 -0.291937
v -0.308481 0.552179 -0.291851
v -0.300473 0.558442 -0.301149
v -0.311347 0.548726 0.307490
v -0.319934 0.537655 0.296658
v -0.309566 0.534962 0.308664
v -0.301823 0.580180 -0.303023
v -0.278984 0.563514 -0.312688
v -0.309666 0.565120 -0.293988
v -0.300404 0.558468 -0.301051
v -0.309666 0.565120 -0.293988
v -0.301169 0.581714 0.317911
v -0.315802 0.574895 -0.290190
v -0.317408 0.591275 -0.290396
v -0.307972 0.612645 -0.297674
v -0.289632 0.616273 -0.309225
v -0.320822 0.609469 -0.286502
v -0.319837 0.627365 -0.285525
v -0.321544 0.632478 0.293535
v -0.298854 0.627950 0.316345
v -0.299436 0.635823 -0.299956
v -0.315349 0.691290 0.296914
v -0.321544 0.632478 0.293535
v -0.315846 0.626566 0.300463
v -0.320918 0.649299 0.293409
v -0.310889 0.661479 -0.282994
v -0.301908 0.660109 -0.290895
v -0.320578 0.666333 0.292913
v -0.326267 0.689762 0.285167
v -0.300561 0.685236 -0.280314
v -0.317899 0.690037 -0.263879
v -0.324958 0.700381 -0.250563
v -0.317611 0.713381 -0.250620
v -0.303959 0.720783 0.302990
v -0.298503 0.716007 -0.264854
v -0.301280 0.759304 -0.230122
v -0.308972 0.754589 0.288735
v -0.308972 0.754589 0.288735
v -0.298720 0.745535 0.301250
v -0.298932 0.786733 -0.205898
v -0.300720 0.764252 0.292558
v -0.301525 0.779570 0.283265
v -0.300466 0.806746 0.265464
v -0.319042 0.835831 0.213660
v -0.283669 0.864419 0.218616
v -0.302285 0.877706 -0.082285
v -0.295455 0.887625 -0.065486
v -0.283873 0.900056 0.140624
v -0.286510 0.892232 0.160203
v -0.308702 0.872019 0.171799
v -0.308641 0.871925 0.171753
v -0.299080 0.874548 0.180479
v -0.301508 0.897853 -0.012367
v -0.302493 0.901540 0.052630
v -0.277248 0.912135 0.094251
v -0.289238 0.903554 0.108855
v -0.284571 -0.037941 -0.208031
v -0.283093 -0.049801 -0.177948
v -0.291457 -0.033439 -0.155351
v -0.283623 -0.049910 -0.133506
v -0.284857 -0.042764 -0.110707
v -0.284666 -0.015249 -0.246647
v -0.282608 -0.031437 -0.237739
v -0.291130 -0.024950 -0.096661
v -0.283304 -0.021761 -0.075170
v -0.298163 -0.011841 -0.140030
v -0.297665 -0.012168 -0.116392
v -0.288934 0.000080 -0.220228
v -0.283760 -0.001884 -0.262466
v -0.281467 -0.007945 -0.057978
v -0.287304 0.010548 -0.050845
v -0.287967 -0.005000 -0.068001
v -0.283176 0.020491 -0.250852
v -0.297097 0.019579 -0.166390
v -0.295525 0.010080 -0.072331
v -0.294269 0.030052 -0.057244
v -0.278204 0.013586 -0.034190
v -0.288403 0.030553 -0.036792
v -0.281374 0.045273 -0.233154
v -0.291088 0.027132 -0.198598
v -0.294969 0.060419 -0.049952
v -0.289455 0.048478 -0.030745
v -0.284029 0.058596 -0.215101
v -0.300083 0.031406 -0.080028
v -0.298859 0.073943 -0.068517
v -0.281104 0.040016 -0.012157
v -0.283670 0.058234 -0.005560
v -0.284817 0.076286 -0.209245
v -0.284441 0.098934 -0.222699
v -0.290237 0.121034 -0.209537
v -0.297015 0.077783 -0.149699
v -0.286269 0.085180 0.000312
v -0.282271 0.103317 -0.234804
v -0.288274 0.135562 -0.238049
v -0.279207 0.095412 0.030778
v -0.289921 0.118231 0.006287
v -0.283438 0.122081 -0.253962
v -0.298692 0.115182 -0.138743
v -0.280983 0.129913 0.071546
v -0.287170 0.128530 0.030802
v -0.298005 0.170127 -0.154261
v -0.284645 0.147853 0.078542
v -0.283772 0.171548 0.114476
v -0.288108 0.160052 -0.244486
v -0.288590 0.200855 -0.222582
v -0.284284 0.162593 -0.266755
v -0.294294 0.170201 -0.187424
v -0.294074 0.200226 -0.186503
v -0.284408 0.200725 -0.247581
v -0.279804 0.211092 -0.251966
v -0.285896 0.222069 -0.225348
v -0.287101 0.214931 0.160575
v -0.287191 0.243568 -0.208875
v -0.292503 0.222453 -0.192047
v -0.290338 0.211563 0.131569
v -0.283253 0.231171 0.229395
v -0.281877 0.233490 -0.230884
v -0.295382 0.253401 -0.181114
v -0.299571 0.228568 0.091716
v -0.276416 0.225526 0.251981
v -0.280721 0.248318 0.267205
v -0.289080 0.255569 0.244949
v -0.278548 0.257477 -0.223832
v -0.285873 0.267911 -0.203988
v -0.302740 0.288536 0.229576
v -0.285612 0.267450 0.270020
v -0.282891 0.303641 -0.200471
v -0.284274 0.282478 -0.202762
v -0.287404 0.301010 0.285927
v -0.280552 0.314695 -0.202198
v -0.293809 0.338135 0.283597
v -0.281280 0.333551 0.306728
v -0.284477 0.368347 -0.197634
v -0.280649 0.340036 -0.199205
v -0.290949 0.346521 -0.184235
v -0.285651 0.387957 0.308883
v -0.279718 0.388970 -0.210172
v -0.283649 0.425850 -0.225666
v -0.285495 0.412432 -0.215070
v -0.288369 0.438362 0.314617
v -0.288475 0.438367 0.314720
v -0.290632 0.454645 0.315546
v -0.279744 0.463662 -0.260242
v -0.291983 0.490426 0.321201
v -0.300745 0.490809 0.312229
v -0.298767 0.478454 0.311690
v -0.284952 0.524610 -0.299936
v -0.280850 0.490751 -0.282943
v -0.296027 0.507233 -0.283101
v -0.295713 0.497293 -0.276007
v -0.296027 0.507233 -0.283101
v -0.300869 0.519952 -0.286259
v -0.301621 0.546344 0.318412
v -0.285609 0.541038 -0.304776
v -0.280307 0.583623 -0.314375
v -0.280743 0.569836 0.333954
v -0.282406 0.605193 -0.313738
v -0.286810 0.643183 -0.305334
v -0.303621 0.688123 0.307940
v -0.290716 0.659557 -0.297831
v -0.281085 0.660042 -0.303005
v -0.301859 0.660092 -0.290862
v -0.286305 0.685111 -0.289705
v -0.272351 0.715354 -0.280950
v -0.283578 0.739261 -0.257722
v -0.283018 0.701328 0.322905
v -0.260861 0.732946 0.334312
v -0.277016 0.736761 0.321563
v -0.300827 0.764301 0.292679
v -0.283900 0.772764 -0.229874
v -0.295208 0.813092 -0.181938
v -0.292082 0.801161 0.278876
v -0.304701 0.793774 0.270462
v -0.301525 0.779570 0.283265
v -0.287127 0.814189 0.273445
v -0.287127 0.814189 0.273445
v -0.304701 0.793774 0.270462
v -0.291938 0.801051 0.278713
v -0.277518 0.824082 0.275575
v -0.278125 0.839574 -0.163572
v -0.285889 0.856581 -0.135212
v -0.275966 0.847610 0.252327
v -0.285881 0.878587 -0.098529
v -0.287446 0.879493 0.187963
v -0.280452 0.899934 -0.046570
v -0.275070 0.907519 -0.017667
v -0.264877 0.919120 0.082756
v -0.267313 -0.061357 -0.229958
v -0.266204 -0.065639 -0.214013
v -0.276084 -0.050420 -0.220981
v -0.273351 -0.059979 -0.128479
v -0.266214 -0.060063 -0.111661
v -0.265879 -0.042597 -0.308456
v -0.267565 -0.048347 -0.285869
v -0.273144 -0.028306 -0.307457
v -0.268023 -0.055910 -0.251260
v -0.276186 -0.058297 -0.186827
v -0.266214 -0.060063 -0.111661
v -0.273253 -0.059879 -0.128492
v -0.274288 -0.050321 -0.104203
v -0.265323 -0.052136 -0.095081
v -0.274288 -0.050321 -0.104203
v -0.264095 -0.040455 -0.076581
v -0.264363 -0.028050 -0.332018
v -0.276202 -0.042374 -0.254521
v -0.279713 -0.025450 -0.277586
v -0.277195 -0.043077 -0.093610
v -0.275795 -0.034196 -0.081097
v -0.263219 -0.008367 -0.348965
v -0.272373 -0.008342 -0.329401
v -0.281345 -0.007801 -0.288978
v -0.275128 -0.019029 -0.061889
v -0.257119 -0.024063 -0.052973
v -0.269268 -0.008474 -0.046421
v -0.282210 0.009445 -0.266943
v -0.278108 0.016581 -0.284001
v -0.280854 0.004424 -0.285514
v -0.275635 0.032863 -0.313416
v -0.278330 0.015093 -0.313288
v -0.275646 0.033146 -0.257452
v -0.264458 0.029321 -0.000953
v -0.271090 0.027996 -0.008958
v -0.273617 0.029742 -0.330557
v -0.270531 0.043867 -0.303155
v -0.266230 0.037482 -0.282818
v -0.261825 0.047105 -0.291818
v -0.266278 0.036177 -0.265884
v -0.277147 0.022388 -0.268653
v -0.275399 0.041587 -0.247712
v -0.269298 0.059829 -0.317560
v -0.268904 0.058797 -0.333763
v -0.270509 0.056618 -0.244401
v -0.261016 0.054900 -0.252881
v -0.267524 0.045797 -0.254837
v -0.277583 0.061047 -0.231561
v -0.272109 0.041138 0.003664
v -0.267505 0.051369 0.020040
v -0.273360 0.065964 0.022668
v -0.267963 0.076495 -0.319546
v -0.263439 0.060337 -0.303061
v -0.266359 0.072258 -0.309773
v -0.277732 0.077743 -0.230849
v -0.278384 0.075830 0.018755
v -0.266433 0.081751 -0.333976
v -0.268133 0.099364 -0.313355
v -0.268165 0.086710 -0.309913
v -0.268165 0.086710 -0.309913
v -0.259174 0.093265 -0.289481
v -0.268238 0.095001 -0.300440
v -0.266306 0.094667 -0.256758
v -0.260426 0.079628 -0.251183
v -0.274001 0.085692 -0.242161
v -0.269303 0.070937 -0.243194
v -0.274001 0.085692 -0.242161
v -0.275199 0.096809 -0.247283
v -0.261635 0.071609 0.049068
v -0.258622 0.077453 0.061144
v -0.269716 0.081181 0.047149
v -0.263526 0.085664 0.064968
v -0.262476 0.092912 0.076426
v -0.270753 0.104305 0.073430
v -0.270550 0.125551 -0.305862
v -0.264655 0.098871 -0.333170
v -0.266207 0.102063 -0.283640
v -0.273207 0.111682 -0.283705
v -0.270723 0.103341 -0.292073
v -0.268238 0.095001 -0.300440
v -0.272126 0.116633 -0.296335
v -0.275199 0.096809 -0.247283
v -0.274473 0.102729 -0.257526
v -0.276113 0.111138 -0.266591
v -0.274473 0.102729 -0.257526
v -0.277272 0.107569 0.052241
v -0.262808 0.099597 0.085836
v -0.264101 0.123297 -0.325084
v -0.267681 0.137352 -0.312962
v -0.278650 0.125566 -0.278020
v -0.268258 0.117026 0.101839
v -0.273993 0.150421 -0.295271
v -0.281002 0.143651 -0.279190
v -0.270650 0.140479 0.126819
v -0.264731 0.156911 -0.308994
v -0.270324 0.163114 -0.298459
v -0.264731 0.156911 -0.308994
v -0.270324 0.163114 -0.298459
v -0.250725 0.165830 -0.317564
v -0.278052 0.157150 0.121572
v -0.276965 0.184395 0.163858
v -0.269581 0.176080 0.180192
v -0.280176 0.178640 -0.273108
v -0.276687 0.194080 -0.271271
v -0.269596 0.185759 -0.286978
v -0.264477 0.195930 -0.286672
v -0.271945 0.197693 0.212960
v -0.274965 0.197085 0.193902
v -0.264879 0.174554 0.192099
v -0.267035 0.194398 0.226986
v -0.271517 0.212955 -0.264912
v -0.251423 0.228226 -0.273537
v -0.271517 0.212955 -0.264912
v -0.268615 0.223497 -0.260723
v -0.273438 0.231520 -0.248064
v -0.268615 0.223497 -0.260723
v -0.270614 0.245175 -0.242438
v -0.261727 0.245024 -0.252472
v -0.273438 0.231520 -0.248064
v -0.270614 0.245175 -0.242438
v -0.265822 0.235042 0.287967
v -0.277488 0.259255 0.284405
v -0.272634 0.270268 0.300440
v -0.261794 0.269473 0.314776
v -0.275742 0.279818 -0.217457
v -0.265799 0.279567 -0.230465
v -0.269217 0.262415 -0.234147
v -0.266238 0.284600 0.316960
v -0.281524 0.306589 0.300441
v -0.264594 0.299967 0.323891
v -0.265755 0.317500 -0.219062
v -0.267383 0.314811 0.322754
v -0.267809 0.335663 -0.214725
v -0.265235 0.369464 -0.219452
v -0.267138 0.353788 -0.215546
v -0.266386 0.384643 -0.221837
v -0.278025 0.384047 0.318344
v -0.278025 0.384047 0.318344
v -0.269132 0.373046 0.327480
v -0.276548 0.397138 0.321474
v -0.256813 0.422797 -0.244802
v -0.257671 0.401239 -0.234178
v -0.273425 0.415062 -0.228749
v -0.269865 0.399004 -0.223808
v -0.262313 0.421638 0.338329
v -0.273425 0.415062 -0.228749
v -0.275809 0.429082 -0.235392
v -0.283772 0.421494 0.316842
v -0.272200 0.494631 0.338315
v -0.263780 0.487190 -0.288784
v -0.266499 0.529248 -0.308795
v -0.271768 0.511442 -0.299243
v -0.267102 0.552508 -0.315718
v -0.278217 0.540249 0.336249
v -0.264103 0.585914 -0.321082
v -0.265001 0.612772 -0.320377
v -0.282749 0.635868 0.327377
v -0.266153 0.640736 0.336715
v -0.269476 0.630527 -0.316171
v -0.267063 0.661301 -0.309597
v -0.281085 0.660042 -0.303005
v -0.290716 0.659557 -0.297831
v -0.268108 0.688787 -0.297566
v -0.266966 0.661236 -0.309361
v -0.257482 0.677629 -0.306909
v -0.262334 0.699032 0.336767
v -0.252641 0.744796 -0.268633
v -0.255058 0.762537 0.330953
v -0.265400 0.779579 0.316038
v -0.265872 0.792712 -0.221047
v -0.252679 0.807673 0.312742
v -0.272046 0.814671 -0.195367
v -0.267456 0.827796 0.283253
v -0.256900 0.820352 0.300414
v -0.267427 0.827773 0.283227
v -0.252532 0.831512 -0.188055
v -0.258236 0.862323 -0.147200
v -0.261997 0.876691 -0.122337
v -0.266268 0.864643 0.243849
v -0.250531 0.892304 -0.101560
v -0.259004 0.899317 -0.076141
v -0.266754 0.907556 0.159613
v -0.265738 0.900076 0.182107
v -0.275489 0.889488 0.188370
v -0.287639 0.879727 0.188078
v -0.275489 0.889488 0.188370
v -0.263123 0.918177 0.123272
v -0.252267 -0.078369 -0.186321
v -0.248195 -0.079182 -0.155303
v -0.264659 -0.070642 -0.162150
v -0.249887 -0.060007 -0.312056
v -0.252170 -0.063841 -0.295875
v -0.242879 -0.077592 -0.253212
v -0.259737 -0.070930 -0.210816
v -0.258451 -0.067784 -0.237035
v -0.266088 -0.068636 -0.189313
v -0.272369 -0.060404 -0.203858
v -0.267901 -0.067937 -0.174981
v -0.267524 -0.066858 -0.141481
v -0.249141 -0.067598 -0.112019
v -0.252490 -0.048639 -0.324476
v -0.259943 -0.058734 -0.283654
v -0.259779 -0.062416 -0.265357
v -0.263521 -0.061291 -0.249940
v -0.248000 -0.056175 -0.090044
v -0.247808 -0.042192 -0.069112
v -0.251899 -0.008187 -0.361259
v -0.264639 0.003389 -0.351099
v -0.257830 0.025222 -0.363124
v -0.247658 0.024551 -0.373248
v -0.243558 0.001396 -0.025272
v -0.244377 0.018428 -0.005517
v -0.257790 0.011784 -0.018461
v -0.266314 0.004600 -0.030633
v -0.276034 0.024170 -0.020178
v -0.247519 0.041433 -0.373154
v -0.253129 0.044766 -0.367651
v -0.257133 0.041535 -0.278117
v -0.257133 0.041535 -0.278117
v -0.249396 0.042455 -0.265933
v -0.246874 0.043503 -0.274939
v -0.266278 0.036177 -0.265884
v -0.249262 0.042224 -0.265705
v -0.250653 0.036424 0.014528
v -0.248854 0.059969 -0.291672
v -0.248804 0.047748 -0.283128
v -0.266893 0.064327 0.034402
v -0.267505 0.051369 0.020040
v -0.256797 0.053510 0.031140
v -0.252256 0.072079 -0.361508
v -0.246475 0.058999 -0.371438
v -0.259739 0.045986 -0.358544
v -0.267056 0.047799 -0.345055
v -0.261285 0.074021 -0.348421
v -0.260754 0.076854 -0.299949
v -0.269303 0.070937 -0.243194
v -0.260226 0.066733 -0.249961
v -0.261635 0.071609 0.049068
v -0.247818 0.062801 0.049911
v -0.243264 0.073949 0.067988
v -0.258622 0.077453 0.061144
v -0.260754 0.076854 -0.299949
v -0.248800 0.077422 -0.292755
v -0.259174 0.093265 -0.289481
v -0.250336 0.082789 0.077105
v -0.262808 0.099597 0.085836
v -0.237890 0.095249 -0.364906
v -0.255159 0.090842 -0.351129
v -0.249062 0.113964 -0.347321
v -0.257524 0.101840 -0.343458
v -0.257720 0.102060 -0.343408
v -0.255159 0.090842 -0.351129
v -0.248999 0.094600 -0.278870
v -0.266207 0.102063 -0.283640
v -0.249243 0.097770 -0.265587
v -0.249375 0.093931 -0.259210
v -0.266341 0.101270 -0.266556
v -0.260739 0.105846 0.100025
v -0.259355 0.111855 0.113114
v -0.249706 0.110518 0.124828
v -0.260739 0.105846 0.100025
v -0.234442 0.112358 0.136520
v -0.259355 0.111855 0.113114
v -0.264101 0.123297 -0.325084
v -0.260840 0.124101 0.127026
v -0.245096 0.121459 0.143669
v -0.260840 0.124101 0.127026
v -0.256279 0.128694 0.142445
v -0.248269 0.144938 -0.332333
v -0.256968 0.136227 -0.327015
v -0.261008 0.145907 -0.318325
v -0.261008 0.145907 -0.318325
v -0.266165 0.143970 0.145888
v -0.253771 0.135440 0.154966
v -0.256034 0.147242 0.167573
v -0.257064 0.158619 0.180445
v -0.244523 0.160147 0.197310
v -0.252897 0.164141 0.196528
v -0.252897 0.164141 0.196528
v -0.253120 0.171335 0.208684
v -0.258797 0.179888 0.215872
v -0.245228 0.175128 0.224786
v -0.250897 0.180480 0.231571
v -0.264331 0.195938 -0.286589
v -0.252189 0.198478 -0.295571
v -0.258797 0.179888 0.215872
v -0.250897 0.180480 0.231571
v -0.261411 0.196935 0.247580
v -0.257049 0.189120 0.238890
v -0.248394 0.192715 0.260375
v -0.257049 0.189120 0.238890
v -0.256568 0.199011 0.260273
v -0.251643 0.202092 0.272467
v -0.267597 0.202964 -0.277796
v -0.265658 0.211767 0.264808
v -0.256568 0.199011 0.260273
v -0.257460 0.214427 0.281080
v -0.251643 0.202092 0.272467
v -0.240045 0.213318 0.296945
v -0.252167 0.219637 0.291972
v -0.257460 0.214427 0.281080
v -0.248396 0.233840 0.307406
v -0.256482 0.234279 0.299225
v -0.246794 0.249524 -0.262761
v -0.249195 0.272545 -0.248011
v -0.256574 0.234227 0.299299
v -0.253457 0.255550 0.315901
v -0.249132 0.267083 0.325811
v -0.265799 0.279567 -0.230465
v -0.258814 0.294180 -0.231331
v -0.256564 0.278617 0.323666
v -0.244808 0.296815 -0.241816
v -0.267985 0.294219 -0.222474
v -0.251970 0.293650 0.333326
v -0.264200 0.300052 0.323558
v -0.266244 0.284597 0.316968
v -0.256564 0.278617 0.323666
v -0.234596 0.303198 0.347625
v -0.248959 0.321065 -0.232488
v -0.270744 0.303042 -0.216850
v -0.245213 0.344578 -0.232118
v -0.265755 0.317500 -0.219062
v -0.267891 0.335670 -0.214828
v -0.267071 0.353847 -0.215495
v -0.255001 0.368118 -0.226567
v -0.240664 0.387461 -0.239553
v -0.241215 0.367972 -0.235780
v -0.261132 0.377460 0.335849
v -0.266386 0.384643 -0.221837
v -0.246722 0.382926 0.348818
v -0.242969 0.467371 -0.283051
v -0.237802 0.442984 -0.268368
v -0.252941 0.447719 -0.264665
v -0.266068 0.453547 0.339107
v -0.247088 0.434615 0.351606
v -0.266907 0.456738 -0.263594
v -0.247359 0.504298 -0.303909
v -0.248261 0.514820 0.353547
v -0.238774 0.522993 -0.314044
v -0.238569 0.565573 -0.324983
v -0.247740 0.566630 0.351394
v -0.255658 0.651569 0.341172
v -0.229633 0.629207 -0.329371
v -0.257828 0.649360 -0.316261
v -0.247633 0.641585 -0.321735
v -0.257828 0.649360 -0.316261
v -0.233420 0.661754 -0.320768
v -0.236056 0.692212 -0.308199
v -0.248909 0.717373 -0.289814
v -0.260948 0.763387 -0.249949
v -0.230298 0.788785 0.340495
v -0.245753 0.804147 -0.219449
v -0.250915 0.839598 0.291626
v -0.261880 0.837955 0.280203
v -0.257912 0.901111 0.198300
v -0.269459 0.881313 0.213583
v -0.257990 0.901206 0.198343
v -0.266592 0.892758 0.197470
v -0.247379 0.901811 0.220822
v -0.251165 0.885542 0.239160
v -0.224923 0.916281 -0.058717
v -0.260098 0.918305 0.024640
v -0.264191 0.918838 0.058657
v -0.243535 0.932414 0.107275
v -0.246806 0.922705 0.169644
v -0.266592 0.892758 0.197470
v -0.247746 0.910941 0.200711
v -0.239433 0.932954 0.082240
v -0.247773 -0.070851 -0.278451
v -0.232265 -0.079604 -0.282492
v -0.230809 -0.086093 -0.179292
v -0.225136 -0.085899 -0.152371
v -0.231084 -0.078764 -0.127356
v -0.251602 -0.072839 -0.130039
v -0.231466 -0.066251 -0.322268
v -0.249981 -0.060152 -0.312125
v -0.231411 -0.076758 -0.300754
v -0.251838 -0.063515 -0.295761
v -0.224156 -0.073965 -0.109844
v -0.220890 -0.061638 -0.086600
v -0.252490 -0.048639 -0.324476
v -0.233815 -0.045006 -0.349523
v -0.239897 -0.020137 -0.364433
v -0.227681 -0.025246 -0.370596
v -0.251713 -0.037835 -0.338377
v -0.237930 -0.037734 -0.060635
v -0.232634 -0.009498 -0.375994
v -0.227650 -0.025215 -0.370558
v -0.251899 -0.008187 -0.361259
v -0.249787 0.007986 -0.370252
v -0.247817 0.024586 -0.373519
v -0.230699 0.015752 -0.008317
v -0.236500 0.052248 -0.378655
v -0.247519 0.041433 -0.373154
v -0.231713 0.040319 -0.266215
v -0.231713 0.040319 -0.266215
v -0.234984 0.031726 0.011861
v -0.234064 0.047048 -0.282860
v -0.248599 0.060101 -0.254475
v -0.235441 0.052335 -0.255149
v -0.229356 0.053299 0.040844
v -0.244236 0.046132 0.029074
v -0.233028 0.062832 0.054053
v -0.246475 0.058999 -0.371438
v -0.252256 0.072079 -0.361508
v -0.237196 0.077246 -0.372794
v -0.232332 0.077267 -0.293672
v -0.234558 0.064030 -0.292417
v -0.233532 0.078799 0.079633
v -0.229577 0.098970 -0.369025
v -0.249666 0.086458 -0.358887
v -0.248950 0.091886 -0.283381
v -0.231475 0.092694 -0.287745
v -0.235763 0.098862 -0.277375
v -0.248999 0.094600 -0.278870
v -0.230682 0.103302 -0.251300
v -0.237117 0.090356 -0.249274
v -0.240406 0.099887 -0.257517
v -0.249243 0.097770 -0.265587
v -0.231421 0.105808 -0.266158
v -0.240406 0.099887 -0.257517
v -0.226568 0.102650 -0.238991
v -0.234551 0.096583 0.109989
v -0.222411 0.109246 0.135629
v -0.232007 0.130177 -0.352042
v -0.221881 0.125880 0.160742
v -0.230717 0.148666 0.189068
v -0.244315 0.144307 0.174753
v -0.232622 0.158826 -0.335949
v -0.232122 0.182013 -0.320508
v -0.231535 0.166702 0.216896
v -0.232229 0.197446 0.282161
v -0.231978 0.189360 0.266499
v -0.233121 0.211900 -0.298689
v -0.228742 0.226839 0.315340
v -0.235360 0.232559 0.316136
v -0.229906 0.242195 -0.278290
v -0.248288 0.233945 0.307273
v -0.244148 0.244089 0.317404
v -0.235360 0.232559 0.316136
v -0.228112 0.243761 0.326737
v -0.244148 0.244089 0.317404
v -0.218740 0.268699 -0.268597
v -0.253457 0.255550 0.315901
v -0.238727 0.265760 0.333051
v -0.249132 0.267083 0.325811
v -0.225330 0.263603 0.339170
v -0.227986 0.279871 -0.258727
v -0.229670 0.295844 0.348716
v -0.232037 0.307258 -0.246322
v -0.233959 0.327541 0.352486
v -0.255929 0.326734 0.336744
v -0.236227 0.349304 0.353731
v -0.222249 0.421968 -0.261300
v -0.237264 0.420914 -0.254343
v -0.244726 0.539859 -0.318420
v -0.229229 0.556877 0.359567
v -0.233521 0.643920 0.350722
v -0.232192 0.643950 -0.325888
v -0.247633 0.641585 -0.321735
v -0.232192 0.643950 -0.325888
v -0.237421 0.684998 0.349459
v -0.209661 0.677372 0.360596
v -0.214583 0.698956 -0.310859
v -0.225832 0.726786 0.355966
v -0.225555 0.748823 0.353613
v -0.232433 0.748733 -0.273214
v -0.232588 0.788702 -0.238946
v -0.228433 0.769788 0.347354
v -0.231679 0.800341 0.335088
v -0.221514 0.842277 -0.189445
v -0.241336 0.845103 0.299272
v -0.227566 0.869525 -0.153762
v -0.228006 0.856632 0.306283
v -0.225309 0.868978 0.299994
v -0.250075 0.849290 0.283859
v -0.228006 0.856632 0.306283
v -0.233868 0.883949 -0.128579
v -0.250337 0.866024 0.265340
v -0.217525 0.913708 0.262361
v -0.235079 0.919991 -0.026932
v -0.254283 0.910431 -0.042744
v -0.243600 0.919542 0.189717
v -0.225168 0.932640 0.034774
v -0.234316 0.933369 0.064335
v -0.246591 0.929207 0.136101
v -0.243600 0.919542 0.189717
v -0.219065 0.950886 0.143886
v -0.231432 -0.083450 -0.244821
v -0.216777 -0.088427 -0.245460
v -0.205619 -0.084533 -0.128618
v -0.206394 -0.073586 -0.326742
v -0.204478 -0.063662 -0.346625
v -0.219479 -0.053631 -0.350866
v -0.216323 -0.043284 -0.064184
v -0.217587 -0.021035 -0.378848
v -0.212835 -0.035435 -0.372274
v -0.203474 -0.041907 -0.063385
v -0.239897 -0.020137 -0.364433
v -0.216918 -0.006335 -0.385712
v -0.211759 0.009907 -0.389886
v -0.215619 0.007706 -0.020248
v -0.229111 -0.009433 -0.035033
v -0.223075 0.021760 -0.386329
v -0.211745 0.024299 -0.271885
v -0.219556 0.030170 -0.266251
v -0.202470 0.019361 -0.257088
v -0.206140 0.025299 -0.006643
v -0.226869 0.039028 -0.384619
v -0.216774 0.046767 -0.294430
v -0.224992 0.041744 -0.282494
v -0.214878 0.032869 -0.282962
v -0.223549 0.042821 -0.249503
v -0.214784 0.038808 -0.242443
v -0.222937 0.037189 0.016808
v -0.222556 0.058891 -0.383666
v -0.227006 0.056429 -0.293069
v -0.223549 0.042821 -0.249503
v -0.231713 0.040319 -0.266215
v -0.235441 0.052335 -0.255149
v -0.232764 0.061420 -0.246949
v -0.225073 0.059206 -0.237179
v -0.214455 0.051172 -0.226777
v -0.215033 0.054944 0.037301
v -0.227237 0.076017 -0.234559
v -0.216395 0.064219 -0.216293
v -0.218742 0.064886 0.054656
v -0.215821 0.092319 -0.377651
v -0.216117 0.082899 -0.300187
v -0.214086 0.100026 -0.296303
v -0.213546 0.078512 -0.193409
v -0.219686 0.078969 -0.213327
v -0.218987 0.103271 -0.200204
v -0.214287 0.119708 -0.367178
v -0.235763 0.098862 -0.277375
v -0.221047 0.106273 -0.287508
v -0.222574 0.111535 -0.277754
v -0.221047 0.106273 -0.287508
v -0.231421 0.105808 -0.266158
v -0.224313 0.117986 -0.260063
v -0.230682 0.103302 -0.251300
v -0.225198 0.116273 -0.245046
v -0.225198 0.116273 -0.245046
v -0.214545 0.098458 -0.182430
v -0.214955 0.113015 -0.179103
v -0.214320 0.120261 -0.284529
v -0.214320 0.120261 -0.284529
v -0.222999 0.117187 -0.227893
v -0.217514 0.140275 -0.193780
v -0.210280 0.134286 -0.171508
v -0.202386 0.127317 0.165611
v -0.217576 0.141363 -0.258235
v -0.209846 0.129925 -0.283473
v -0.219001 0.147555 -0.246035
v -0.221625 0.132242 -0.244370
v -0.219377 0.149865 -0.228036
v -0.221625 0.132242 -0.244370
v -0.219001 0.147555 -0.246035
v -0.219482 0.147589 -0.213718
v -0.214260 0.148153 -0.352061
v -0.216491 0.161254 -0.199994
v -0.212241 0.162881 -0.187654
v -0.215103 0.185181 -0.227228
v -0.217552 0.165540 -0.229244
v -0.214366 0.168451 -0.242220
v -0.215126 0.162947 0.214558
v -0.214913 0.180542 0.252068
v -0.214560 0.187323 -0.326268
v -0.215938 0.197148 -0.213729
v -0.216142 0.181594 -0.212028
v -0.215103 0.185181 -0.227228
v -0.214623 0.183737 -0.196536
v -0.214308 0.193657 0.282032
v -0.192528 0.205704 0.302283
v -0.212856 0.206852 -0.219367
v -0.214921 0.209787 -0.211003
v -0.215938 0.197148 -0.213729
v -0.223300 0.213618 0.305854
v -0.203712 0.213720 0.311582
v -0.216782 0.221669 -0.299471
v -0.214318 0.225734 -0.204718
v -0.215303 0.213554 -0.197687
v -0.214538 0.225707 -0.204803
v -0.213709 0.235385 -0.191257
v -0.215624 0.249049 0.335831
v -0.214595 0.236676 0.328426
v -0.215624 0.249049 0.335831
v -0.210316 0.301956 -0.258379
v -0.201993 0.284018 0.355607
v -0.211976 0.304368 0.357739
v -0.220558 0.316414 -0.249766
v -0.215997 0.325824 -0.155926
v -0.220273 0.339587 -0.142057
v -0.214552 0.312140 -0.144279
v -0.214754 0.315236 -0.128210
v -0.213786 0.330453 -0.169293
v -0.219699 0.347605 -0.156238
v -0.218831 0.335271 -0.115531
v -0.214607 0.333837 -0.097093
v -0.218280 0.333142 0.360631
v -0.215189 0.346939 -0.170907
v -0.219869 0.351456 -0.113810
v -0.211527 0.368404 0.368130
v -0.217754 0.370519 -0.113150
v -0.213706 0.354942 -0.095992
v -0.211150 0.366155 -0.249301
v -0.217570 0.363899 -0.171977
v -0.213325 0.378140 -0.185758
v -0.217647 0.378229 -0.174822
v -0.221872 0.382755 -0.144261
v -0.221054 0.380859 -0.161270
v -0.221261 0.369890 -0.127568
v -0.218618 0.390178 -0.130466
v -0.210967 0.369858 -0.095925
v -0.235293 0.404451 -0.247495
v -0.207887 0.403588 -0.258468
v -0.212566 0.389081 -0.252720
v -0.213456 0.391870 -0.116305
v -0.217212 0.390594 0.367445
v -0.200413 0.391408 0.373586
v -0.232104 0.418611 0.360719
v -0.215771 0.416282 -0.157397
v -0.218180 0.403067 -0.163330
v -0.214594 0.414733 -0.169511
v -0.218634 0.403668 -0.145750
v -0.213093 0.417770 -0.140892
v -0.214562 0.414053 0.369817
v -0.209577 0.425888 -0.167205
v -0.209577 0.425888 -0.167205
v -0.207863 0.429418 -0.151794
v -0.215771 0.416282 -0.157397
v -0.242182 0.449374 0.355051
v -0.206251 0.488255 -0.303202
v -0.216079 0.512970 -0.313490
v -0.207915 0.622582 0.360852
v -0.217992 0.648705 -0.328163
v -0.205703 0.669820 -0.325087
v -0.217992 0.648705 -0.328163
v -0.211876 0.649288 0.358628
v -0.204097 0.724519 0.366419
v -0.200107 0.746743 0.367364
v -0.200729 0.787558 0.358323
v -0.195188 0.765105 0.366716
v -0.216085 0.811322 -0.223533
v -0.211532 0.814180 0.344452
v -0.214267 0.832549 0.335196
v -0.191936 0.839720 -0.201379
v -0.213656 0.864515 0.317210
v -0.216982 0.878960 0.301642
v -0.215881 0.901305 0.280959
v -0.202033 0.893033 -0.128785
v -0.199388 0.930321 -0.025132
v -0.209291 0.934710 0.015997
v -0.230145 0.930545 0.198662
v -0.213242 0.949735 0.189182
v -0.213669 0.940875 0.219012
v -0.210648 0.929436 0.249850
v -0.210702 0.947859 0.083544
v -0.214386 0.952033 0.114208
v -0.214052 0.954279 0.130177
v -0.203098 -0.090056 -0.150956
v -0.186811 -0.077221 -0.104713
v -0.199396 -0.059170 -0.355602
v -0.202193 -0.061471 -0.083001
v -0.197918 -0.046882 -0.368893
v -0.184550 -0.060447 -0.081181
v -0.191992 -0.033388 -0.059158
v -0.194525 -0.004125 -0.392322
v -0.203847 -0.021109 -0.384189
v -0.215242 -0.012458 -0.039136
v -0.199653 -0.022498 -0.049437
v -0.197074 -0.009413 -0.041521
v -0.200921 0.000887 -0.032760
v -0.203812 0.022808 -0.290666
v -0.192561 0.024088 -0.229857
v -0.191545 0.045211 -0.394679
v -0.191613 0.027144 -0.317725
v -0.209146 0.043011 -0.300771
v -0.199628 0.027150 -0.303995
v -0.209462 0.042953 -0.300946
v -0.199628 0.027150 -0.303995
v -0.208633 0.039261 -0.231193
v -0.190111 0.030196 -0.211624
v -0.202364 0.042184 -0.215253
v -0.195694 0.022174 -0.017213
v -0.198451 0.035887 -0.001761
v -0.214859 0.030910 0.005516
v -0.206410 0.043763 0.013463
v -0.205770 0.054423 -0.309142
v -0.204726 0.061859 -0.189924
v -0.193676 0.049725 0.005113
v -0.198458 0.054557 0.020395
v -0.210256 0.058479 0.038149
v -0.203599 0.069203 -0.387199
v -0.198184 0.060150 -0.319293
v -0.207323 0.071312 -0.309858
v -0.195817 0.060692 -0.166514
v -0.189769 0.064254 0.027408
v -0.190300 0.070815 0.048332
v -0.198380 0.077857 0.071488
v -0.196701 0.104676 -0.310341
v -0.205152 0.083681 -0.165052
v -0.195131 0.076720 -0.133722
v -0.201135 0.093798 -0.144688
v -0.192992 0.082768 -0.114332
v -0.197662 0.101953 -0.129483
v -0.216970 0.079756 0.082456
v -0.195473 0.107287 -0.378533
v -0.203387 0.111136 -0.147647
v -0.192176 0.108235 0.134187
v -0.220764 0.091847 0.105123
v -0.195650 0.122599 -0.302439
v -0.209582 0.130125 -0.283366
v -0.205233 0.131357 -0.160385
v -0.196156 0.125119 -0.141636
v -0.201581 0.145144 -0.282225
v -0.210720 0.160028 -0.256007
v -0.201548 0.168511 -0.344267
v -0.184313 0.174412 -0.345800
v -0.198956 0.144048 -0.360387
v -0.196189 0.166918 -0.268397
v -0.203042 0.153878 -0.272730
v -0.201581 0.145144 -0.282225
v -0.203042 0.153878 -0.272730
v -0.205511 0.166332 -0.176855
v -0.199720 0.154142 -0.164316
v -0.198175 0.160684 0.212175
v -0.203070 0.166886 -0.261878
v -0.194775 0.169561 0.228121
v -0.196200 0.181027 -0.257086
v -0.198843 0.193731 -0.247675
v -0.205091 0.179375 -0.249159
v -0.205353 0.214424 -0.228964
v -0.194787 0.193705 0.282666
v -0.196399 0.197395 -0.325746
v -0.199424 0.222759 -0.233986
v -0.194806 0.232602 -0.299164
v -0.207184 0.235557 -0.218595
v -0.198606 0.216405 -0.161858
v -0.203780 0.213657 -0.170509
v -0.204227 0.245498 -0.162729
v -0.196970 0.232316 -0.155278
v -0.212057 0.252909 -0.193225
v -0.207753 0.257471 -0.208707
v -0.196100 0.244829 -0.149124
v -0.201061 0.252693 0.341834
v -0.201064 0.256167 -0.282107
v -0.199009 0.261091 -0.147379
v -0.190498 0.254378 -0.138071
v -0.204303 0.265017 -0.161213
v -0.200692 0.287319 -0.267060
v -0.203081 0.276344 -0.210105
v -0.201140 0.264366 -0.218464
v -0.194811 0.285235 -0.219720
v -0.207548 0.271072 -0.176411
v -0.208351 0.270243 -0.193385
v -0.206759 0.283125 -0.187935
v -0.203515 0.284065 -0.142209
v -0.197552 0.280226 -0.132021
v -0.199592 0.266047 0.349416
v -0.217329 0.279166 0.348984
v -0.205451 0.305257 -0.192458
v -0.205026 0.294671 -0.197753
v -0.201095 0.307223 -0.204356
v -0.206759 0.283125 -0.187935
v -0.205026 0.294671 -0.197753
v -0.207578 0.300453 -0.181310
v -0.206908 0.288439 -0.158449
v -0.207383 0.287891 -0.175444
v -0.209928 0.299297 -0.150799
v -0.206908 0.288439 -0.158449
v -0.209721 0.299407 -0.150751
v -0.198432 0.327909 -0.255476
v -0.205547 0.305231 -0.192512
v -0.209811 0.318080 -0.179758
v -0.210741 0.316987 -0.111556
v -0.208982 0.303523 -0.133070
v -0.214754 0.315236 -0.128210
v -0.204938 0.305855 -0.117366
v -0.203225 0.298342 -0.124389
v -0.187666 0.300679 -0.092332
v -0.204177 0.318454 -0.094515
v -0.204938 0.305855 -0.117366
v -0.211632 0.334021 -0.249910
v -0.209811 0.318080 -0.179758
v -0.215320 0.346868 -0.170953
v -0.213786 0.330453 -0.169293
v -0.196999 0.329398 -0.071902
v -0.188399 0.354451 -0.256229
v -0.205172 0.349120 -0.196158
v -0.198039 0.330244 -0.207851
v -0.201124 0.340214 -0.074182
v -0.197722 0.354888 -0.067847
v -0.201744 0.351554 0.369737
v -0.189088 0.371898 -0.256854
v -0.205629 0.369798 -0.198168
v -0.196586 0.385964 -0.080684
v -0.200231 0.401999 -0.201835
v -0.206346 0.387810 -0.196899
v -0.207223 0.403603 -0.114210
v -0.201776 0.397980 -0.099609
v -0.206537 0.425570 -0.268087
v -0.196631 0.424011 -0.196125
v -0.207223 0.403603 -0.114210
v -0.202487 0.415342 -0.117272
v -0.197232 0.411196 -0.103906
v -0.188902 0.426378 0.378484
v -0.190954 0.428541 -0.273207
v -0.214594 0.414733 -0.169511
v -0.208312 0.420650 -0.180147
v -0.202779 0.437566 -0.163335
v -0.197061 0.439797 -0.181011
v -0.213054 0.417741 -0.140953
v -0.215771 0.416282 -0.157397
v -0.207863 0.429418 -0.151794
v -0.196081 0.440668 -0.135544
v -0.206348 0.420324 -0.129637
v -0.199743 0.450714 0.374028
v -0.217620 0.469317 -0.290713
v -0.196167 0.447136 -0.168853
v -0.195901 0.447012 -0.168807
v -0.197410 0.443497 -0.150549
v -0.202779 0.437566 -0.163335
v -0.211780 0.485361 0.369424
v -0.199448 0.514724 0.372384
v -0.235884 0.600822 -0.329329
v -0.219923 0.618635 -0.332463
v -0.191071 0.642723 -0.334121
v -0.174029 0.626378 -0.337066
v -0.178333 0.688523 -0.322650
v -0.212869 0.725780 -0.295605
v -0.184107 0.755488 -0.281023
v -0.201524 0.786558 -0.250679
v -0.189919 0.827355 0.351827
v -0.196783 0.852877 0.338984
v -0.187083 0.864735 -0.174142
v -0.179629 0.884021 -0.150385
v -0.216982 0.878960 0.301642
v -0.193229 0.885169 0.322244
v -0.208697 0.900900 -0.111564
v -0.223994 0.905167 -0.092438
v -0.201893 0.917431 -0.075566
v -0.198105 0.919580 0.283849
v -0.199443 0.897940 0.304904
v -0.197331 0.906469 0.299307
v -0.196946 0.943893 0.248458
v -0.195252 0.935704 0.265668
v -0.186126 0.940176 0.011093
v -0.199795 0.944111 0.048956
v -0.199328 0.955102 0.213584
v -0.199297 0.949505 0.230352
v -0.199173 0.953799 0.084898
v -0.205165 0.955036 0.101426
v -0.185642 0.971038 0.131719
v -0.192102 0.968650 0.148152
v -0.212022 0.955199 0.161923
v -0.199297 0.949505 0.230352
v -0.180235 -0.096561 -0.247457
v -0.182372 -0.097804 -0.205007
v -0.186403 -0.096098 -0.184427
v -0.175345 -0.096108 -0.165496
v -0.208910 -0.085855 -0.286755
v -0.211604 -0.088198 -0.266283
v -0.180043 -0.084557 -0.120595
v -0.176685 -0.056766 -0.365493
v -0.179130 -0.068278 -0.347171
v -0.170565 -0.059085 -0.080188
v -0.179101 -0.027581 -0.387807
v -0.158138 -0.041285 -0.383837
v -0.189597 -0.033918 -0.381210
v -0.203847 -0.021109 -0.384189
v -0.180976 -0.042856 -0.066902
v -0.180983 -0.025561 -0.058073
v -0.191992 -0.033388 -0.059158
v -0.180976 -0.042856 -0.066902
v -0.179486 0.006947 -0.316464
v -0.190403 0.009345 -0.299011
v -0.175494 -0.003226 -0.304878
v -0.186580 0.005592 -0.267325
v -0.174814 -0.018410 -0.056857
v -0.186566 0.001926 -0.040329
v -0.197074 -0.009413 -0.041521
v -0.190026 0.013218 -0.030783
v -0.200857 0.000708 -0.032628
v -0.191613 0.027144 -0.317725
v -0.190267 0.006278 -0.283438
v -0.179527 0.007661 -0.247727
v -0.190111 0.030196 -0.211624
v -0.180360 0.025853 -0.197553
v -0.178001 0.020414 -0.210351
v -0.190026 0.013218 -0.030783
v -0.181166 0.026864 -0.331223
v -0.195934 0.042620 -0.318961
v -0.180360 0.025853 -0.197553
v -0.181632 0.033399 -0.183471
v -0.184820 0.047642 -0.024746
v -0.186135 0.034352 -0.019677
v -0.186135 0.034352 -0.019677
v -0.190123 0.043352 -0.007937
v -0.190123 0.043352 -0.007937
v -0.184894 0.059985 -0.329370
v -0.181953 0.039845 -0.167831
v -0.184305 0.052743 -0.141170
v -0.186990 0.067473 -0.103864
v -0.177398 0.047621 -0.085601
v -0.184774 0.068383 -0.076945
v -0.178713 0.047040 -0.063493
v -0.183735 0.066203 -0.056321
v -0.184118 0.065082 -0.038504
v -0.182703 0.056917 -0.042428
v -0.186304 0.061182 -0.010953
v -0.189270 0.060341 0.009731
v -0.193676 0.049725 0.005113
v -0.189769 0.064254 0.027408
v -0.198458 0.054557 0.020395
v -0.189270 0.060341 0.009731
v -0.192734 0.077150 -0.321609
v -0.188632 0.063327 -0.131206
v -0.181124 0.076689 -0.013964
v -0.182182 0.070000 0.004319
v -0.179798 0.080140 -0.025468
v -0.172159 0.079625 -0.004966
v -0.182182 0.070000 0.004319
v -0.173222 0.072103 0.021995
v -0.180021 0.071937 0.041500
v -0.180021 0.071937 0.041500
v -0.172096 0.069613 -0.394421
v -0.192174 0.094026 -0.104141
v -0.188693 0.082436 -0.088899
v -0.185781 0.081656 -0.072127
v -0.182150 0.096880 -0.077986
v -0.184281 0.078567 -0.055774
v -0.180086 0.094476 -0.063144
v -0.179750 0.084683 -0.042538
v -0.176162 0.091441 -0.051701
v -0.179780 0.080086 -0.025326
v -0.169480 0.082178 0.066668
v -0.190045 0.094185 0.104390
v -0.173968 0.121723 -0.317167
v -0.180458 0.093348 -0.325997
v -0.194941 0.112160 -0.127381
v -0.189206 0.111269 -0.112421
v -0.184835 0.105093 -0.098569
v -0.189206 0.111269 -0.112421
v -0.180179 0.114786 -0.104530
v -0.185746 0.098343 -0.090937
v -0.184835 0.105093 -0.098569
v -0.188661 0.126985 -0.371795
v -0.187699 0.124546 -0.125170
v -0.182308 0.126114 0.162028
v -0.178781 0.145843 -0.364683
v -0.174139 0.148089 -0.298531
v -0.189787 0.147563 -0.289909
v -0.193281 0.169099 -0.161996
v -0.181635 0.163760 -0.151712
v -0.189038 0.154313 -0.154084
v -0.199720 0.154142 -0.164316
v -0.189038 0.154313 -0.154084
v -0.195200 0.140064 -0.151435
v -0.187971 0.135403 -0.138043
v -0.185757 0.144006 -0.144275
v -0.175428 0.143199 -0.137252
v -0.165786 0.167018 -0.354511
v -0.182492 0.183527 -0.264692
v -0.196200 0.181027 -0.257086
v -0.171881 0.188261 -0.339014
v -0.175226 0.199574 -0.259469
v -0.189013 0.196445 -0.253393
v -0.182492 0.183527 -0.264692
v -0.199620 0.185939 -0.169846
v -0.192461 0.202374 -0.160218
v -0.189526 0.185165 -0.159883
v -0.179524 0.213920 -0.251463
v -0.173212 0.223039 -0.311587
v -0.185600 0.232799 -0.145775
v -0.179636 0.224663 -0.144950
v -0.173658 0.215703 0.316287
v -0.194140 0.229098 0.328050
v -0.157166 0.245166 -0.298540
v -0.195925 0.244995 -0.149409
v -0.185600 0.232799 -0.145775
v -0.196100 0.244829 -0.149124
v -0.186214 0.244331 -0.140395
v -0.178332 0.262449 -0.284489
v -0.190498 0.254378 -0.138071
v -0.179590 0.257900 -0.124627
v -0.189772 0.267097 -0.129589
v -0.183905 0.270876 -0.119204
v -0.188731 0.260450 0.348494
v -0.183847 0.243379 0.339940
v -0.179326 0.265638 0.352648
v -0.199573 0.266072 0.349348
v -0.174281 0.285564 -0.274686
v -0.187862 0.271027 -0.228844
v -0.175911 0.277271 -0.234499
v -0.178501 0.265584 -0.235997
v -0.189772 0.267097 -0.129589
v -0.187008 0.283427 -0.112594
v -0.175631 0.269226 -0.111409
v -0.183905 0.270876 -0.119204
v -0.166240 0.276050 -0.089291
v -0.188731 0.260450 0.348494
v -0.179332 0.265620 0.352693
v -0.176469 0.286879 0.360651
v -0.185695 0.303703 -0.265376
v -0.196667 0.297900 -0.113071
v -0.187008 0.283427 -0.112594
v -0.196745 0.297854 -0.113024
v -0.185257 0.323787 0.369264
v -0.157440 0.319602 -0.266326
v -0.181761 0.334159 -0.259250
v -0.183302 0.309456 -0.066413
v -0.175163 0.294229 -0.076998
v -0.189905 0.334127 -0.041953
v -0.186618 0.327928 -0.015682
v -0.181473 0.310835 -0.034275
v -0.184763 0.326323 0.052448
v -0.180422 0.305122 0.045883
v -0.177715 0.308339 0.062595
v -0.183736 0.332359 0.074629
v -0.194171 0.319064 -0.077153
v -0.180229 0.340971 0.091823
v -0.176325 0.321442 0.084614
v -0.166412 0.339620 0.374723
v -0.186162 0.339603 0.048147
v -0.184427 0.348339 0.074539
v -0.180635 0.383843 0.378116
v -0.187084 0.354754 -0.018162
v -0.183756 0.374591 -0.018347
v -0.185020 0.366467 -0.004025
v -0.185587 0.357859 0.057072
v -0.183861 0.369681 0.065974
v -0.179082 0.359311 0.090917
v -0.180752 0.387060 -0.261176
v -0.202863 0.369731 -0.082191
v -0.195581 0.368525 -0.067284
v -0.188409 0.388574 -0.063508
v -0.180875 0.383687 0.010534
v -0.182390 0.381321 0.047373
v -0.174998 0.380582 0.091936
v -0.174560 0.403611 -0.266684
v -0.188365 0.404580 -0.214547
v -0.195551 0.379408 -0.210966
v -0.182417 0.390499 -0.220505
v -0.187889 0.402183 -0.077764
v -0.183717 0.388794 -0.047842
v -0.175165 0.425622 -0.220839
v -0.179334 0.403144 -0.221728
v -0.194355 0.404821 -0.092444
v -0.168795 0.435011 -0.076620
v -0.183687 0.413810 -0.081863
v -0.187889 0.402183 -0.077764
v -0.183687 0.413810 -0.081863
v -0.179033 0.410328 -0.066944
v -0.175238 0.439851 -0.281085
v -0.182202 0.446351 -0.111967
v -0.180391 0.455603 0.380545
v -0.177312 0.466933 -0.197989
v -0.183441 0.459343 -0.131446
v -0.185614 0.446401 -0.201212
v -0.178084 0.472858 -0.185530
v -0.187466 0.459435 -0.146502
v -0.190918 0.455785 -0.161985
v -0.170964 0.476241 -0.127923
v -0.171368 0.472563 -0.298381
v -0.183128 0.468050 -0.168780
v -0.179110 0.474917 -0.161254
v -0.190212 0.515776 -0.317668
v -0.167123 0.493844 0.382185
v -0.178993 0.546535 0.374167
v -0.187521 0.611333 0.367117
v -0.188786 0.588053 -0.335523
v -0.159496 0.565169 -0.334131
v -0.170880 0.613412 0.370495
v -0.193786 0.603518 -0.336116
v -0.185572 0.663702 -0.330009
v -0.185572 0.663702 -0.330009
v -0.187210 0.673702 0.367710
v -0.172296 0.708745 0.377180
v -0.183169 0.811040 0.359404
v -0.177118 0.798203 -0.246131
v -0.175398 0.860175 0.347099
v -0.177411 0.883396 0.335158
v -0.169496 0.901181 -0.126132
v -0.178897 0.924657 0.299725
v -0.197331 0.906469 0.299307
v -0.199443 0.897940 0.304904
v -0.179870 0.903806 0.319275
v -0.180117 0.918763 -0.085756
v -0.181994 0.937894 0.279488
v -0.186118 0.927582 0.287945
v -0.178859 0.924621 0.299690
v -0.196915 0.943861 0.248442
v -0.185567 0.949097 0.255387
v -0.185567 0.949097 0.255387
v -0.183929 0.972015 0.176863
v -0.188909 0.966281 0.196247
v -0.180663 0.963149 0.230680
v -0.175525 0.976890 0.167274
v -0.152025 -0.094366 -0.284024
v -0.155831 -0.097317 -0.268604
v -0.168427 -0.076787 -0.332806
v -0.145152 -0.077201 -0.099956
v -0.149157 -0.069469 -0.091463
v -0.148419 -0.061782 -0.363478
v -0.157502 -0.051488 -0.076071
v -0.163098 -0.036410 -0.385991
v -0.162651 -0.025573 -0.064194
v -0.164466 -0.041978 -0.069857
v -0.163847 -0.008531 -0.061056
v -0.163348 -0.009851 -0.299144
v -0.153407 -0.011037 -0.314588
v -0.167002 -0.001198 -0.255372
v -0.170597 -0.005602 -0.281948
v -0.166872 0.009045 -0.227958
v -0.165206 0.004020 -0.061514
v -0.180359 0.013996 -0.038001
v -0.170623 0.000175 -0.051894
v -0.176643 0.008822 -0.043273
v -0.170623 0.000175 -0.051894
v -0.170853 0.013695 -0.056048
v -0.178819 0.036867 -0.334757
v -0.170827 0.016048 -0.334455
v -0.159061 0.021555 -0.345751
v -0.170827 0.016048 -0.334455
v -0.168631 0.020275 -0.190849
v -0.164348 0.024589 -0.165666
v -0.165877 0.026974 -0.083492
v -0.170817 0.027403 -0.068496
v -0.164969 0.016294 -0.070851
v -0.176680 0.025157 -0.042901
v -0.180154 0.013729 -0.037850
v -0.161086 0.041994 -0.345006
v -0.181632 0.033399 -0.183471
v -0.175321 0.039938 -0.145605
v -0.175302 0.039958 -0.145614
v -0.164455 0.030931 -0.139891
v -0.173862 0.042796 -0.113038
v -0.164865 0.033240 -0.116022
v -0.173862 0.042796 -0.113038
v -0.180299 0.051686 -0.114988
v -0.169028 0.037798 -0.102999
v -0.174970 0.029611 -0.053780
v -0.182845 0.025333 -0.029666
v -0.180775 0.074209 -0.330581
v -0.175359 0.042982 -0.128764
v -0.182320 0.067539 0.015762
v -0.167827 0.078411 0.053112
v -0.161198 0.068652 -0.340050
v -0.164708 0.106520 -0.327815
v -0.164318 0.086068 -0.018033
v -0.159347 0.078482 0.018295
v -0.166305 0.089208 0.084248
v -0.148534 0.099629 -0.389192
v -0.170157 0.108120 -0.087764
v -0.185746 0.098343 -0.090937
v -0.182150 0.096880 -0.077986
v -0.166959 0.102918 -0.073123
v -0.180086 0.094476 -0.063144
v -0.176162 0.091441 -0.051701
v -0.154190 0.109916 0.129043
v -0.155035 0.127803 -0.377584
v -0.159743 0.130413 -0.317969
v -0.177475 0.132864 -0.125172
v -0.165942 0.128990 -0.113553
v -0.170508 0.117776 -0.102839
v -0.151871 0.135572 0.169269
v -0.181352 0.150396 0.195500
v -0.162097 0.164169 -0.288786
v -0.176072 0.153795 -0.143689
v -0.181635 0.163760 -0.151712
v -0.172084 0.167276 -0.147851
v -0.164341 0.185843 -0.271290
v -0.178680 0.170961 -0.275800
v -0.161651 0.173289 -0.145009
v -0.172084 0.167276 -0.147851
v -0.174328 0.181142 -0.151048
v -0.160995 0.158984 -0.141254
v -0.139026 0.164942 0.211940
v -0.175226 0.199574 -0.259469
v -0.176243 0.202797 -0.149284
v -0.189526 0.185165 -0.159883
v -0.187086 0.227043 -0.241770
v -0.173776 0.224918 -0.249615
v -0.174046 0.240339 -0.244650
v -0.179524 0.213920 -0.251463
v -0.160211 0.208080 -0.260708
v -0.173776 0.224918 -0.249615
v -0.162792 0.216102 -0.140468
v -0.160375 0.238684 -0.249568
v -0.174046 0.240339 -0.244650
v -0.164396 0.269090 -0.240616
v -0.182870 0.253359 -0.236811
v -0.149962 0.267345 -0.286125
v -0.178501 0.265584 -0.235997
v -0.175631 0.269226 -0.111409
v -0.163472 0.258442 -0.110551
v -0.179590 0.257900 -0.124627
v -0.177566 0.249004 -0.129933
v -0.163538 0.258237 -0.110373
v -0.166155 0.276436 -0.025290
v -0.169300 0.275001 -0.005900
v -0.158320 0.256015 -0.011297
v -0.163027 0.260860 0.007982
v -0.163779 0.266072 0.025678
v -0.163330 0.261737 0.352249
v -0.163319 0.261876 0.351987
v -0.150645 0.270897 0.356484
v -0.175911 0.277271 -0.234499
v -0.175214 0.289479 -0.232467
v -0.175214 0.289479 -0.232467
v -0.159018 0.275797 -0.072877
v -0.154053 0.270702 -0.062976
v -0.170395 0.288468 -0.032420
v -0.177689 0.294002 0.028096
v -0.171828 0.287254 0.041445
v -0.164543 0.291817 0.069528
v -0.159321 0.268621 0.041487
v -0.154958 0.301161 -0.271842
v -0.172573 0.307090 -0.230490
v -0.182921 0.309414 -0.223848
v -0.178795 0.305282 -0.056718
v -0.172755 0.296692 -0.045738
v -0.177597 0.296185 -0.015142
v -0.182917 0.310710 0.028369
v -0.157801 0.329657 -0.232377
v -0.172573 0.307090 -0.230490
v -0.172942 0.325225 -0.227300
v -0.158687 0.309103 0.369183
v -0.164334 0.332981 -0.262863
v -0.167932 0.338626 -0.227725
v -0.164813 0.315910 0.096327
v -0.171093 0.329453 0.098839
v -0.161750 0.345191 0.114557
v -0.160584 0.354792 0.213513
v -0.163631 0.360305 0.226605
v -0.163271 0.369111 0.237007
v -0.177213 0.391322 -0.009914
v -0.176464 0.392934 0.074607
v -0.166202 0.372297 0.112102
v -0.165422 0.395837 0.110371
v -0.160118 0.387726 0.129521
v -0.161115 0.385334 0.183152
v -0.164072 0.382823 0.199475
v -0.165833 0.393474 0.209920
v -0.164560 0.384788 0.234378
v -0.168696 0.407190 -0.227330
v -0.179334 0.403144 -0.221728
v -0.170643 0.404997 -0.012246
v -0.172906 0.402698 0.014278
v -0.178793 0.392795 0.049973
v -0.172295 0.407150 0.048780
v -0.171904 0.401055 0.085047
v -0.162177 0.403200 0.180383
v -0.164527 0.406515 0.219158
v -0.156930 0.420698 -0.275274
v -0.164769 0.420502 -0.227936
v -0.168544 0.407163 -0.226956
v -0.176827 0.407098 -0.055064
v -0.161574 0.418603 -0.008186
v -0.165283 0.415070 0.019693
v -0.170508 0.404933 -0.012274
v -0.172991 0.402734 0.014404
v -0.171682 0.407872 0.035243
v -0.161411 0.420452 0.021927
v -0.164103 0.421582 0.047870
v -0.172295 0.407150 0.048780
v -0.162404 0.412592 0.102246
v -0.163019 0.411138 0.196616
v -0.158806 0.402336 0.246717
v -0.163858 0.433299 -0.062800
v -0.162103 0.444485 -0.076085
v -0.159927 0.426510 -0.041353
v -0.164867 0.419292 -0.038558
v -0.157070 0.427077 0.071543
v -0.163194 0.420463 0.078304
v -0.135705 0.437610 -0.283857
v -0.179527 0.437740 -0.214132
v -0.169997 0.465602 -0.214345
v -0.161812 0.472042 -0.220440
v -0.178294 0.472985 -0.144496
v -0.164751 0.472427 -0.112695
v -0.162046 0.487986 -0.207451
v -0.165198 0.490968 -0.196201
v -0.175343 0.479694 -0.172626
v -0.183128 0.468050 -0.168780
v -0.179110 0.474917 -0.161254
v -0.164010 0.490440 -0.144119
v -0.149419 0.506605 -0.316367
v -0.165198 0.490968 -0.196201
v -0.156207 0.503263 -0.186618
v -0.168431 0.489967 -0.178795
v -0.160910 0.496841 -0.168535
v -0.170483 0.487581 -0.161980
v -0.162438 0.566214 0.374871
v -0.177557 0.647546 0.368709
v -0.142215 0.644614 -0.337063
v -0.157215 0.654723 -0.334752
v -0.168521 0.665597 -0.331281
v -0.168531 0.665622 -0.331363
v -0.149557 0.696596 -0.322046
v -0.140389 0.710151 -0.316461
v -0.180420 0.717260 -0.307884
v -0.156035 0.741564 -0.295759
v -0.153189 0.767081 -0.277451
v -0.162852 0.766489 0.378609
v -0.165718 0.750166 0.381053
v -0.163940 0.795188 0.369553
v -0.162823 0.839861 0.357406
v -0.154179 0.820612 -0.228475
v -0.165356 0.848934 -0.196347
v -0.161909 0.885126 0.341255
v -0.166297 0.911000 -0.108772
v -0.163542 0.918078 0.318525
v -0.189206 0.926855 -0.051203
v -0.162965 0.934516 -0.040096
v -0.160959 0.939164 0.297777
v -0.183481 0.943307 0.268929
v -0.169721 0.948508 0.275853
v -0.151428 0.953418 0.039065
v -0.183947 0.952460 0.063121
v -0.173127 0.974804 0.120449
v -0.162044 0.974753 0.102973
v -0.170985 0.961841 0.248784
v -0.163415 0.978665 0.195801
v -0.122453 -0.107459 -0.181984
v -0.157561 -0.095569 -0.149225
v -0.141318 -0.091902 -0.129205
v -0.145668 -0.088860 -0.304285
v -0.125706 -0.077350 -0.336871
v -0.133808 -0.050482 -0.378704
v -0.143409 -0.051922 -0.077266
v -0.145853 -0.023409 -0.069634
v -0.150001 -0.038274 -0.071655
v -0.149320 -0.013029 -0.276665
v -0.145999 -0.007845 -0.250274
v -0.144665 -0.008178 -0.069853
v -0.149768 -0.009596 -0.399722
v -0.131244 -0.011793 -0.333732
v -0.150886 -0.003061 -0.333621
v -0.145040 0.002551 -0.218575
v -0.149355 0.014521 -0.177859
v -0.149094 0.011228 -0.083520
v -0.144425 0.003464 -0.077356
v -0.154122 0.004384 -0.070077
v -0.154852 0.026832 -0.403256
v -0.134458 0.003624 -0.404248
v -0.168319 0.009786 -0.400679
v -0.184358 0.026099 -0.398310
v -0.145725 0.008346 -0.347430
v -0.159061 0.021555 -0.345751
v -0.159262 0.006066 -0.336728
v -0.149187 0.021283 -0.140568
v -0.144484 0.018792 -0.109872
v -0.159001 0.026526 -0.103044
v -0.149914 0.016966 -0.092678
v -0.154122 0.004384 -0.070077
v -0.164969 0.016294 -0.070851
v -0.165206 0.004020 -0.061514
v -0.121543 0.036330 -0.405277
v -0.151726 0.023535 -0.119413
v -0.169237 0.037689 -0.103039
v -0.159001 0.026526 -0.103044
v -0.148294 0.067593 -0.344041
v -0.136408 0.077679 -0.397107
v -0.147974 0.102726 -0.332790
v -0.158204 0.088871 -0.025889
v -0.148355 0.082761 0.002230
v -0.150064 0.081547 0.055916
v -0.145261 0.087846 0.076654
v -0.149846 0.096286 -0.052887
v -0.145782 0.114021 -0.102206
v -0.157249 0.122749 -0.106514
v -0.140676 0.161492 -0.360769
v -0.145304 0.130663 -0.320415
v -0.165942 0.128990 -0.113553
v -0.164537 0.137718 -0.127459
v -0.150854 0.131689 -0.121956
v -0.151032 0.151710 -0.303005
v -0.146268 0.164000 -0.143180
v -0.149237 0.150122 -0.138551
v -0.144864 0.184451 -0.344926
v -0.142548 0.174826 -0.284537
v -0.143629 0.178592 0.238863
v -0.149961 0.223358 -0.314282
v -0.144383 0.188834 -0.274815
v -0.163062 0.191207 -0.145778
v -0.148375 0.200421 -0.141624
v -0.161633 0.190441 0.269866
v -0.158368 0.198143 0.285608
v -0.136553 0.227080 0.326844
v -0.167682 0.237512 -0.131866
v -0.149688 0.239538 -0.121673
v -0.150164 0.252433 -0.108128
v -0.150194 0.244703 -0.009320
v -0.147522 0.242590 0.005454
v -0.157935 0.264650 -0.095515
v -0.157935 0.264650 -0.095515
v -0.150990 0.264573 -0.083195
v -0.138684 0.256118 -0.094919
v -0.148115 0.263761 -0.073870
v -0.144365 0.260539 -0.059141
v -0.155357 0.269471 -0.048180
v -0.152970 0.262775 -0.039263
v -0.145865 0.248676 0.026948
v -0.147522 0.242590 0.005454
v -0.153864 0.252554 0.016962
v -0.146012 0.248483 0.027049
v -0.153864 0.252554 0.016962
v -0.145159 0.256583 0.041256
v -0.145118 0.256669 0.041206
v -0.159258 0.268692 0.041442
v -0.154628 0.247970 0.344285
v -0.150646 0.271040 0.356113
v -0.139946 0.282833 -0.279755
v -0.149850 0.268055 -0.244263
v -0.162899 0.282141 -0.044321
v -0.150579 0.271205 0.057883
v -0.158141 0.281994 0.064478
v -0.147086 0.319576 -0.235814
v -0.137120 0.301224 0.112347
v -0.149202 0.283411 0.077230
v -0.134324 0.285008 0.094568
v -0.140647 0.305613 0.368729
v -0.151142 0.316616 0.110612
v -0.139085 0.317433 0.127006
v -0.153118 0.336443 0.216890
v -0.144069 0.311732 0.233559
v -0.159339 0.343706 0.232724
v -0.147498 0.325645 0.246417
v -0.155990 0.349456 0.250389
v -0.141758 0.359736 -0.234027
v -0.158860 0.357583 -0.230895
v -0.150712 0.332853 0.120996
v -0.155588 0.370734 0.181192
v -0.147773 0.349049 0.187690
v -0.146696 0.410797 -0.233353
v -0.155401 0.380996 0.149396
v -0.154687 0.377620 0.163795
v -0.150443 0.364792 0.155675
v -0.144960 0.351896 0.266108
v -0.157741 0.373189 0.250886
v -0.146838 0.369516 0.266246
v -0.157060 0.373534 -0.263204
v -0.158266 0.398643 -0.231613
v -0.156546 0.369981 0.134607
v -0.143510 0.389769 0.269567
v -0.158210 0.395039 0.162874
v -0.148094 0.401421 0.263547
v -0.150148 0.434931 -0.232116
v -0.164769 0.420502 -0.227936
v -0.166922 0.412001 -0.021435
v -0.163194 0.420463 0.078304
v -0.157228 0.424887 0.093227
v -0.158494 0.408613 0.165302
v -0.154665 0.421115 0.155329
v -0.160733 0.420777 0.199122
v -0.160651 0.420736 0.215982
v -0.158302 0.420519 0.232434
v -0.152772 0.419458 0.247427
v -0.162031 0.436282 -0.227421
v -0.144461 0.436487 -0.024466
v -0.146313 0.432047 -0.001801
v -0.141200 0.436877 0.032024
v -0.155749 0.428648 0.048366
v -0.150875 0.428717 0.121437
v -0.146025 0.438734 0.090719
v -0.135488 0.443265 0.100841
v -0.157228 0.424887 0.093227
v -0.144716 0.435537 0.134467
v -0.153787 0.422048 0.137727
v -0.153781 0.425166 0.167618
v -0.150467 0.435100 0.180578
v -0.154761 0.430187 0.193335
v -0.161004 0.420947 0.215836
v -0.144075 0.440247 0.230753
v -0.148773 0.434002 0.233563
v -0.141618 0.430204 0.254062
v -0.152772 0.419458 0.247427
v -0.141618 0.430204 0.254062
v -0.148459 0.413858 0.257585
v -0.157214 0.449072 0.385720
v -0.148898 0.424289 0.385646
v -0.146687 0.448854 -0.059366
v -0.151804 0.458918 -0.228952
v -0.144749 0.464442 -0.080633
v -0.149915 0.470517 0.386255
v -0.147198 0.471891 -0.229318
v -0.155944 0.486311 -0.121452
v -0.140233 0.483955 -0.102703
v -0.153703 0.505071 -0.197384
v -0.145938 0.506354 -0.213765
v -0.145472 0.506572 -0.164524
v -0.147883 0.501728 -0.149005
v -0.146415 0.494721 -0.126182
v -0.154543 0.521188 -0.321751
v -0.145938 0.506354 -0.213765
v -0.141844 0.513861 -0.196890
v -0.153703 0.505071 -0.197384
v -0.126017 0.562304 -0.334263
v -0.128721 0.587532 -0.337403
v -0.150270 0.603727 0.373324
v -0.142218 0.611280 -0.338270
v -0.141693 0.657778 -0.334876
v -0.157215 0.654723 -0.334752
v -0.159471 0.665358 0.374283
v -0.146495 0.642037 0.374120
v -0.128487 0.686837 -0.327046
v -0.136018 0.730543 -0.304738
v -0.135474 0.730441 0.386957
v -0.144179 0.753228 0.385191
v -0.157689 0.741085 0.383883
v -0.149146 0.772731 0.379898
v -0.137614 0.784513 -0.264359
v -0.144892 0.804650 0.370307
v -0.149611 0.843861 0.358630
v -0.148252 0.871887 -0.171718
v -0.147880 0.881883 0.346436
v -0.143684 0.890133 -0.148169
v -0.143897 0.902978 -0.127868
v -0.144899 0.913381 0.330490
v -0.147784 0.922050 -0.088389
v -0.164356 0.901438 0.330773
v -0.140602 0.934465 -0.051906
v -0.145868 0.944910 0.299859
v -0.147993 0.930622 0.314578
v -0.176960 0.948304 0.039537
v -0.153198 0.946711 0.014442
v -0.157742 0.954473 0.276794
v -0.169721 0.948508 0.275853
v -0.146372 0.972858 0.084800
v -0.146752 0.971855 0.250082
v -0.144666 0.964524 0.269145
v -0.157889 0.954820 0.276986
v -0.145650 0.957178 0.281898
v -0.146889 0.983336 0.114947
v -0.149852 0.985547 0.173332
v -0.162190 0.974440 0.221490
v -0.144662 0.980159 0.223416
v -0.122593 -0.101494 -0.150783
v -0.125649 -0.060119 -0.370394
v -0.128584 -0.066124 -0.359343
v -0.125892 -0.063745 -0.085899
v -0.126501 -0.054744 -0.079557
v -0.143409 -0.051922 -0.077266
v -0.126501 -0.054744 -0.079557
v -0.127057 -0.039044 -0.074884
v -0.125501 -0.042858 -0.387165
v -0.137983 -0.035859 -0.389559
v -0.125904 -0.030457 -0.393630
v -0.112775 -0.013029 -0.402407
v -0.133412 -0.004385 -0.341145
v -0.136504 -0.016522 -0.309170
v -0.119219 -0.011651 -0.242423
v -0.123072 -0.018330 -0.273550
v -0.127956 -0.010514 -0.075001
v -0.128487 0.000095 -0.209519
v -0.128652 0.010715 -0.163208
v -0.133048 0.003942 -0.086095
v -0.132007 0.009710 -0.096883
v -0.130981 -0.003952 -0.077535
v -0.144425 0.003464 -0.077356
v -0.128498 0.007190 -0.348612
v -0.115390 0.012335 -0.350948
v -0.142644 0.022164 -0.351627
v -0.128324 0.012948 -0.110904
v -0.122345 0.027440 -0.353102
v -0.129482 0.038541 -0.352711
v -0.155116 0.049498 -0.401466
v -0.119121 0.059803 -0.402577
v -0.130533 0.056337 -0.349743
v -0.124849 0.102653 -0.333958
v -0.122671 0.090228 -0.071401
v -0.134291 0.092318 -0.056413
v -0.128003 0.084832 -0.028576
v -0.132688 0.081876 -0.001846
v -0.132972 0.079331 0.025249
v -0.146540 0.079137 0.035184
v -0.133529 0.084120 0.064868
v -0.152413 0.107255 -0.085096
v -0.138217 0.105924 -0.097241
v -0.137067 0.101175 -0.082326
v -0.124279 0.089143 0.081155
v -0.122783 0.103208 0.112161
v -0.148349 0.096996 0.099359
v -0.127937 0.126973 -0.323009
v -0.133457 0.135044 -0.141936
v -0.128217 0.113987 -0.129043
v -0.138890 0.122435 -0.124606
v -0.133544 0.107758 -0.109678
v -0.138855 0.118530 0.141147
v -0.131065 0.141822 -0.313094
v -0.124515 0.141466 -0.151934
v -0.135698 0.150630 -0.145333
v -0.122009 0.145787 -0.370781
v -0.126001 0.177710 -0.284007
v -0.124244 0.168684 -0.150342
v -0.121320 0.157434 -0.153986
v -0.135698 0.150630 -0.145333
v -0.149237 0.150122 -0.138551
v -0.146268 0.164000 -0.143180
v -0.127455 0.157963 0.198955
v -0.139961 0.174277 -0.145206
v -0.126046 0.199492 -0.334016
v -0.133497 0.218040 -0.135470
v -0.134867 0.201081 -0.141475
v -0.149224 0.222209 -0.134395
v -0.127622 0.224286 -0.314561
v -0.129818 0.226795 -0.258137
v -0.143272 0.231564 -0.128285
v -0.127422 0.244673 -0.114078
v -0.119398 0.231938 -0.128675
v -0.121957 0.247256 -0.298584
v -0.136869 0.248374 -0.250890
v -0.146066 0.247902 -0.026197
v -0.133323 0.237842 -0.022356
v -0.136449 0.250491 -0.042840
v -0.150194 0.244703 -0.009320
v -0.135416 0.234635 -0.005290
v -0.133256 0.236783 0.011874
v -0.130795 0.241525 0.026071
v -0.114353 0.234041 0.331955
v -0.156502 0.233189 0.334154
v -0.134750 0.256321 -0.075123
v -0.144365 0.260539 -0.059141
v -0.121463 0.243771 -0.041845
v -0.128537 0.251979 -0.060474
v -0.152970 0.262775 -0.039263
v -0.131023 0.270712 0.076189
v -0.118527 0.266824 0.352867
v -0.120584 0.271697 -0.284825
v -0.131652 0.276766 0.227062
v -0.137719 0.291158 0.231600
v -0.120078 0.277993 0.256616
v -0.134140 0.282753 0.247170
v -0.129326 0.291529 0.261912
v -0.134324 0.285008 0.094568
v -0.149202 0.283411 0.077230
v -0.128527 0.291759 0.111510
v -0.128527 0.291759 0.111510
v -0.121635 0.277534 0.097473
v -0.127850 0.300835 0.128866
v -0.141782 0.312705 0.213931
v -0.112171 0.304374 0.367039
v -0.137091 0.283497 0.361046
v -0.121853 0.321202 -0.268215
v -0.132358 0.328952 -0.236475
v -0.138883 0.329393 0.141410
v -0.133680 0.323797 0.161523
v -0.130717 0.316794 0.168718
v -0.133034 0.317600 0.182824
v -0.137639 0.313708 0.202574
v -0.137915 0.303908 0.253859
v -0.129435 0.307257 0.271392
v -0.140298 0.325332 0.262582
v -0.143946 0.339067 -0.264571
v -0.144985 0.348518 0.146296
v -0.148897 0.359449 0.173032
v -0.118678 0.371550 -0.265402
v -0.124460 0.352257 -0.264726
v -0.137334 0.387604 -0.267214
v -0.126702 0.379622 -0.234403
v -0.132303 0.384059 0.280135
v -0.132337 0.438561 -0.233378
v -0.140731 0.420994 0.266507
v -0.130190 0.405001 0.286084
v -0.136693 0.411931 0.275619
v -0.129849 0.424955 0.276419
v -0.121049 0.416108 0.385841
v -0.128527 0.408803 -0.273286
v -0.146077 0.439661 -0.039435
v -0.133434 0.439740 0.000643
v -0.139661 0.440067 0.116245
v -0.132706 0.442061 0.246203
v -0.132086 0.458569 -0.057985
v -0.126174 0.450261 -0.032778
v -0.118186 0.447461 -0.008809
v -0.125572 0.443267 0.033717
v -0.121599 0.444225 0.011111
v -0.131173 0.444473 0.085756
v -0.128898 0.445844 0.128694
v -0.137605 0.441936 0.147633
v -0.146727 0.439539 0.174670
v -0.144758 0.442893 0.198057
v -0.126323 0.448616 0.236134
v -0.131548 0.473981 0.387121
v -0.147198 0.471891 -0.229318
v -0.135708 0.464068 -0.232621
v -0.151804 0.458918 -0.228952
v -0.128194 0.470595 -0.073739
v -0.139993 0.481760 -0.228893
v -0.116911 0.488417 -0.232075
v -0.132929 0.493825 -0.226988
v -0.127608 0.495080 -0.111332
v -0.131267 0.503002 -0.131935
v -0.141500 0.507660 0.384654
v -0.122996 0.518521 -0.207791
v -0.136458 0.503617 -0.220457
v -0.129769 0.518872 -0.178394
v -0.114934 0.539361 -0.328507
v -0.116473 0.623970 -0.338207
v -0.141693 0.657778 -0.334876
v -0.127565 0.661210 -0.334920
v -0.122974 0.709563 0.386072
v -0.147223 0.714301 0.384423
v -0.122022 0.746624 -0.294904
v -0.106681 0.775130 -0.273440
v -0.131886 0.831109 0.363424
v -0.134604 0.770452 0.381654
v -0.122668 0.816302 -0.235196
v -0.117266 0.872123 -0.172906
v -0.130038 0.895706 0.341945
v -0.114104 0.898555 -0.136544
v -0.128832 0.914206 0.331822
v -0.130752 0.916304 -0.104113
v -0.128757 0.934384 0.317032
v -0.125880 0.953289 0.028108
v -0.126596 0.949212 0.302007
v -0.128981 0.966375 0.061000
v -0.132506 0.959860 0.284829
v -0.117814 0.974287 0.264099
v -0.145650 0.957178 0.281898
v -0.127420 0.986346 0.110202
v -0.132181 0.988237 0.187067
v -0.128416 0.979221 0.243161
v -0.087739 -0.096232 -0.123712
v -0.101101 -0.085622 -0.320227
v -0.106219 -0.102237 -0.266088
v -0.126688 -0.083794 -0.108944
v -0.107181 -0.076391 -0.095730
v -0.108654 -0.048682 -0.383444
v -0.108873 -0.053979 -0.079081
v -0.111638 -0.026526 -0.397180
v -0.125904 -0.030457 -0.393630
v -0.116054 -0.004479 -0.341898
v -0.119221 -0.016889 -0.322453
v -0.099590 -0.020239 -0.264808
v -0.112283 -0.010791 -0.076765
v -0.116231 -0.026133 -0.074178
v -0.116054 -0.004479 -0.341898
v -0.112777 0.003294 -0.185589
v -0.109165 0.009445 -0.147715
v -0.106727 0.003778 -0.093445
v -0.112862 0.009320 -0.105516
v -0.118234 -0.002077 -0.083892
v -0.118234 -0.002077 -0.083892
v -0.106801 0.005134 -0.405360
v -0.132258 0.015670 -0.127568
v -0.114876 0.012111 -0.125475
v -0.113369 0.055893 -0.349595
v -0.118945 0.077845 0.012393
v -0.128986 0.080021 0.045403
v -0.119753 0.085987 -0.050746
v -0.116661 0.083058 0.064550
v -0.111137 0.087835 -0.338299
v -0.126096 0.097454 -0.095329
v -0.133544 0.107758 -0.109678
v -0.119915 0.096362 -0.114089
v -0.117948 0.129712 -0.162096
v -0.108500 0.115022 -0.171669
v -0.116517 0.115127 -0.159284
v -0.111965 0.129180 -0.171910
v -0.123580 0.124341 -0.149297
v -0.114686 0.102292 -0.149405
v -0.099814 0.141882 0.173570
v -0.112204 0.121874 -0.382524
v -0.114015 0.145428 -0.164825
v -0.111965 0.129180 -0.171910
v -0.117948 0.129712 -0.162096
v -0.124515 0.141466 -0.151934
v -0.127145 0.146016 0.183694
v -0.104089 0.178721 -0.283549
v -0.109609 0.153268 -0.165208
v -0.114542 0.183728 -0.151700
v -0.130143 0.186630 -0.145348
v -0.106374 0.208126 -0.266465
v -0.100570 0.197421 0.276991
v -0.134329 0.205612 -0.266531
v -0.121633 0.204788 -0.141791
v -0.091831 0.195512 -0.153621
v -0.112623 0.220109 -0.137053
v -0.092298 0.209113 0.299574
v -0.119239 0.231476 0.002515
v -0.121411 0.232170 -0.015092
v -0.103888 0.254041 -0.249638
v -0.113359 0.234024 0.014164
v -0.112631 0.239774 0.029456
v -0.110300 0.256004 0.063033
v -0.086006 0.235080 0.329686
v -0.110047 0.276687 -0.244231
v -0.137325 0.284770 -0.242331
v -0.117050 0.251977 -0.073147
v -0.108350 0.247705 -0.057066
v -0.117024 0.263295 0.074465
v -0.125926 0.269676 0.240820
v -0.110133 0.262808 0.232903
v -0.120817 0.265587 0.222650
v -0.120759 0.249242 0.343706
v -0.118282 0.295402 -0.275568
v -0.111734 0.280611 0.115977
v -0.115882 0.271188 0.209174
v -0.127453 0.276295 0.218429
v -0.120817 0.265587 0.222650
v -0.125926 0.269676 0.240820
v -0.116678 0.288586 0.126326
v -0.105694 0.281608 0.134166
v -0.116678 0.288586 0.126326
v -0.120173 0.297703 0.143174
v -0.122869 0.303972 0.158603
v -0.112927 0.291149 0.162590
v -0.120956 0.300064 0.173129
v -0.122106 0.293282 0.192490
v -0.111314 0.283864 0.182846
v -0.121180 0.286165 0.361161
v -0.129834 0.311215 0.142593
v -0.120418 0.318137 0.282515
v -0.122487 0.306697 0.276792
v -0.126260 0.335320 0.281328
v -0.120418 0.318137 0.282515
v -0.126260 0.335320 0.281328
v -0.110510 0.312839 0.285682
v -0.125727 0.351957 0.283356
v -0.113087 0.368110 0.289676
v -0.128177 0.368789 0.282803
v -0.125910 0.352016 0.283563
v -0.128177 0.368789 0.282803
v -0.110316 0.381870 -0.266576
v -0.122209 0.382196 0.286783
v -0.110245 0.422620 -0.278752
v -0.119877 0.398390 0.292703
v -0.111621 0.419960 0.297654
v -0.124803 0.419210 0.286750
v -0.128419 0.435972 0.265231
v -0.110571 0.442958 0.269934
v -0.118074 0.432367 0.280048
v -0.128352 0.457211 -0.293247
v -0.121670 0.466587 -0.232957
v -0.103788 0.456074 -0.017769
v -0.105352 0.452458 0.096125
v -0.103663 0.454897 0.114819
v -0.126102 0.449091 0.147855
v -0.125044 0.455196 0.176950
v -0.124036 0.456782 0.198141
v -0.117685 0.457136 0.213676
v -0.130618 0.450651 0.216309
v -0.108014 0.474711 0.386357
v -0.108650 0.471399 -0.057857
v -0.096366 0.472795 0.181368
v -0.107428 0.455290 0.235052
v -0.114371 0.487867 -0.089928
v -0.096101 0.509047 -0.122330
v -0.085740 0.504565 -0.103529
v -0.115126 0.508198 0.384807
v -0.111754 0.519439 -0.215417
v -0.124060 0.508646 -0.221111
v -0.113453 0.524982 -0.196843
v -0.107545 0.525346 -0.180629
v -0.113047 0.516548 -0.154144
v -0.096079 0.648639 -0.336024
v -0.097157 0.669592 -0.331809
v -0.111917 0.663467 -0.334017
v -0.109855 0.697528 0.384243
v -0.123866 0.679022 0.380730
v -0.108202 0.721162 -0.310924
v -0.097520 0.702461 -0.320174
v -0.109878 0.724550 0.386468
v -0.108462 0.744599 0.385102
v -0.125278 0.748498 0.386108
v -0.104006 0.800148 -0.250883
v -0.105500 0.836187 -0.214156
v -0.119192 0.835276 0.361799
v -0.133670 0.841981 -0.207584
v -0.115237 0.897200 0.340656
v -0.097360 0.926320 -0.080378
v -0.118048 0.933386 -0.059614
v -0.106595 0.938536 -0.040503
v -0.114279 0.923905 0.326159
v -0.111750 0.948976 0.304277
v -0.100248 0.934721 0.316252
v -0.111618 0.978203 0.083894
v -0.116485 0.961125 0.288138
v -0.121691 0.989872 0.126875
v -0.106958 0.970119 0.275409
v -0.143209 0.988132 0.139929
v -0.121808 0.991641 0.165880
v -0.110125 0.992742 0.147648
v -0.099887 0.991789 0.191585
v -0.092406 0.987012 0.230017
v -0.088339 -0.112368 -0.196295
v -0.102578 -0.108259 -0.238085
v -0.089270 -0.111766 -0.216984
v -0.134630 -0.106863 -0.214588
v -0.139576 -0.104598 -0.233849
v -0.122716 -0.108594 -0.196652
v -0.095953 -0.109221 -0.169631
v -0.076127 -0.077866 -0.347687
v -0.087025 -0.095935 -0.292005
v -0.066746 -0.092415 -0.113010
v -0.081869 -0.061288 -0.373201
v -0.079630 -0.069413 -0.361710
v -0.093726 -0.060267 -0.081852
v -0.099334 -0.038707 -0.391225
v -0.087581 -0.050737 -0.076690
v -0.091674 -0.038263 -0.074308
v -0.085630 -0.024329 -0.399068
v -0.099334 -0.038707 -0.391225
v -0.098801 -0.017705 -0.322578
v -0.105344 -0.008783 -0.338742
v -0.093039 -0.007176 -0.081148
v -0.103636 -0.003948 -0.083688
v -0.098756 -0.014225 -0.076487
v -0.083293 -0.025782 -0.073524
v -0.086586 -0.003717 -0.203165
v -0.090661 0.002414 -0.179706
v -0.093173 0.009061 -0.140505
v -0.090702 0.007642 -0.102763
v -0.103636 -0.003948 -0.083688
v -0.112283 -0.010791 -0.076765
v -0.090850 0.018521 -0.350634
v -0.088513 0.009823 -0.112115
v -0.091001 0.033652 -0.351536
v -0.099157 0.078958 -0.073780
v -0.092978 0.074865 -0.030153
v -0.100802 0.077123 -0.039519
v -0.081177 0.072891 -0.002786
v -0.081166 0.073435 0.022709
v -0.082419 0.074972 0.039313
v -0.104504 0.080305 0.059337
v -0.097089 0.085796 -0.396226
v -0.086836 0.090269 -0.332876
v -0.094264 0.094689 -0.169736
v -0.094363 0.090125 -0.163032
v -0.107958 0.103557 -0.164238
v -0.106356 0.092429 -0.150614
v -0.095517 0.083401 -0.124181
v -0.112317 0.093390 -0.139639
v -0.108999 0.088142 -0.114735
v -0.099000 0.082575 -0.107249
v -0.113241 0.086861 -0.085388
v -0.104504 0.080305 0.059337
v -0.081241 0.088996 0.089521
v -0.081346 0.098041 0.107738
v -0.076468 0.111589 -0.386804
v -0.106356 0.092429 -0.150614
v -0.100507 0.111535 0.128373
v -0.081289 0.143598 -0.371984
v -0.094953 0.117587 -0.324136
v -0.066470 0.128639 -0.316660
v -0.094120 0.131412 -0.180736
v -0.094329 0.146422 -0.177917
v -0.074769 0.154177 -0.301051
v -0.093389 0.164545 -0.168502
v -0.102759 0.171617 -0.354340
v -0.091997 0.175613 -0.163825
v -0.089580 0.170219 0.210460
v -0.085757 0.179735 0.228078
v -0.092792 0.208603 -0.324395
v -0.077568 0.203732 -0.268213
v -0.114325 0.217341 0.314261
v -0.083376 0.231676 -0.135132
v -0.089120 0.267191 -0.285029
v -0.078084 0.241268 -0.299701
v -0.088084 0.235721 -0.254828
v -0.094234 0.238227 -0.127794
v -0.097370 0.248384 -0.112802
v -0.114194 0.240479 -0.120358
v -0.111363 0.248334 -0.109781
v -0.104276 0.233654 -0.022743
v -0.094104 0.232203 -0.009603
v -0.087268 0.235253 0.008748
v -0.085078 0.245341 0.041956
v -0.092212 0.249612 0.053696
v -0.097370 0.248384 -0.112802
v -0.111363 0.248334 -0.109781
v -0.093954 0.251308 -0.100598
v -0.097051 0.250789 -0.070476
v -0.087956 0.263439 0.097549
v -0.087498 0.257307 0.079202
v -0.095788 0.266864 0.181425
v -0.105017 0.270138 0.195995
v -0.093489 0.262208 0.197036
v -0.115882 0.271188 0.209174
v -0.108834 0.263281 0.213035
v -0.092496 0.260579 0.216483
v -0.095383 0.270481 0.110530
v -0.105854 0.281404 0.134221
v -0.112123 0.267475 0.249763
v -0.107519 0.280807 0.264486
v -0.095644 0.272095 0.255106
v -0.089722 0.274610 0.352614
v -0.101268 0.279079 0.158943
v -0.109040 0.286297 0.145991
v -0.093951 0.299837 0.281046
v -0.109560 0.295571 0.278744
v -0.084209 0.309133 0.364302
v -0.099739 0.287157 0.359192
v -0.087451 0.314391 0.285154
v -0.103962 0.332702 -0.265908
v -0.099091 0.368395 0.292241
v -0.098462 0.321987 0.287575
v -0.089666 0.344445 0.373326
v -0.106005 0.396243 -0.269776
v -0.096155 0.401708 0.299741
v -0.108309 0.393633 0.296467
v -0.111045 0.405976 0.299786
v -0.111621 0.419960 0.297654
v -0.098044 0.417359 0.297136
v -0.093050 0.432308 0.383715
v -0.088453 0.440502 -0.286519
v -0.095702 0.440697 -0.231538
v -0.104067 0.432175 0.288266
v -0.058292 0.467701 0.014788
v -0.095239 0.452199 0.018714
v -0.094636 0.452925 0.054337
v -0.084130 0.466824 0.122618
v -0.092537 0.440766 0.281656
v -0.096103 0.447652 0.266462
v -0.093739 0.431523 0.289775
v -0.088453 0.465107 -0.232059
v -0.064610 0.471765 -0.008411
v -0.094049 0.470739 0.159320
v -0.094296 0.473043 0.196773
v -0.090880 0.470152 0.215103
v -0.093279 0.461240 0.234447
v -0.094782 0.490472 0.384099
v -0.087413 0.497407 -0.088567
v -0.097361 0.518546 -0.221659
v -0.101608 0.525734 -0.209233
v -0.095836 0.505936 -0.231744
v -0.097361 0.518546 -0.221659
v -0.110794 0.507613 -0.226767
v -0.086259 0.526973 -0.217038
v -0.070427 0.539666 -0.199540
v -0.098601 0.529614 -0.193825
v -0.087748 0.526253 -0.165126
v -0.081133 0.560776 -0.333255
v -0.084904 0.737813 -0.300172
v -0.094401 0.726309 0.384131
v -0.087156 0.761683 -0.283283
v -0.105290 0.823109 0.363637
v -0.117234 0.777619 0.378572
v -0.089090 0.816564 -0.233760
v -0.091281 0.870521 -0.173534
v -0.096639 0.870784 0.347714
v -0.105741 0.868180 0.350754
v -0.095450 0.911006 0.330646
v -0.083801 0.894204 -0.139913
v -0.084100 0.934813 -0.053987
v -0.093785 0.956713 0.035178
v -0.093146 0.968547 0.279421
v -0.116485 0.961125 0.288138
v -0.095284 0.982117 0.093019
v -0.092301 0.989068 0.115893
v -0.111105 0.984181 0.235656
v -0.093823 0.978178 0.260243
v -0.093156 0.968455 0.279354
v -0.063643 -0.110634 -0.241174
v -0.090510 -0.111563 -0.184265
v -0.081573 -0.105665 -0.147881
v -0.081943 -0.038164 -0.392153
v -0.062102 -0.060294 -0.080772
v -0.093646 -0.060290 -0.081885
v -0.081943 -0.038164 -0.392153
v -0.094184 -0.008296 -0.338283
v -0.082066 -0.013315 -0.330254
v -0.083932 0.000041 -0.342366
v -0.080700 -0.011781 -0.077271
v -0.094184 -0.008296 -0.338283
v -0.083923 -0.000049 -0.342512
v -0.080913 0.000148 -0.089491
v -0.069513 0.026054 -0.350038
v -0.070789 0.010207 -0.346595
v -0.072899 0.045877 -0.347259
v -0.078199 0.056274 -0.344137
v -0.084667 0.076956 -0.064565
v -0.071672 0.078446 -0.065404
v -0.077116 0.074884 -0.040479
v -0.094363 0.090125 -0.163032
v -0.094264 0.094689 -0.169736
v -0.081605 0.092869 -0.164615
v -0.082389 0.080461 -0.107512
v -0.093674 0.078739 -0.094105
v -0.077912 0.078919 -0.092457
v -0.081702 0.081340 0.069403
v -0.087931 0.078088 0.056022
v -0.096023 0.110181 -0.180191
v -0.084911 0.119769 -0.181248
v -0.082246 0.103714 -0.176136
v -0.060689 0.110108 0.126672
v -0.080959 0.128095 0.151141
v -0.072620 0.127336 -0.179893
v -0.077474 0.142786 -0.179362
v -0.071647 0.141346 0.166168
v -0.072824 0.162905 -0.358723
v -0.082810 0.158511 0.191716
v -0.079852 0.161525 -0.171446
v -0.081205 0.184690 -0.159782
v -0.053227 0.209951 -0.320694
v -0.070001 0.196074 0.268148
v -0.064616 0.218385 -0.260164
v -0.074989 0.214303 -0.145595
v -0.062417 0.214111 0.302580
v -0.081338 0.224473 0.319014
v -0.080509 0.242078 -0.124487
v -0.072940 0.234885 -0.018503
v -0.075564 0.247511 0.336173
v -0.073052 0.267385 -0.242826
v -0.069322 0.251564 -0.105007
v -0.082270 0.249671 -0.112498
v -0.064975 0.258309 0.107335
v -0.079706 0.266322 0.123127
v -0.076953 0.265771 0.141211
v -0.089100 0.270015 0.155036
v -0.079518 0.262327 0.172844
v -0.091723 0.264713 0.245247
v -0.070577 0.293722 -0.272930
v -0.097065 0.276797 0.142893
v -0.095768 0.282402 0.265951
v -0.084673 0.278084 0.262627
v -0.073595 0.265226 0.345841
v -0.095766 0.282332 0.266027
v -0.076861 0.287664 0.271385
v -0.082917 0.288112 0.356708
v -0.056719 0.304546 0.276680
v -0.074101 0.360717 -0.263171
v -0.064708 0.386047 -0.265201
v -0.089283 0.403734 0.298504
v -0.063455 0.398129 -0.268342
v -0.074213 0.426856 -0.279821
v -0.069346 0.406578 -0.232630
v -0.081322 0.424525 0.291873
v -0.073193 0.414376 0.378752
v -0.079080 0.438968 0.284672
v -0.093739 0.431523 0.289775
v -0.072206 0.460965 0.380064
v -0.088055 0.457184 0.082617
v -0.091836 0.454189 0.251190
v -0.079080 0.438968 0.284672
v -0.058766 0.465225 0.037125
v -0.065750 0.465796 0.076041
v -0.073313 0.477593 0.142965
v -0.074375 0.481032 0.161992
v -0.078361 0.470571 0.227554
v -0.072391 0.456675 0.255920
v -0.073427 0.503263 -0.315861
v -0.084903 0.498684 -0.233240
v -0.073572 0.487839 -0.056212
v -0.078029 0.481431 0.198869
v -0.067414 0.483351 0.206217
v -0.056062 0.500443 -0.232902
v -0.086092 0.527635 0.378317
v -0.085002 0.514388 -0.228879
v -0.078642 0.522427 -0.150607
v -0.063974 0.521640 -0.140834
v -0.071941 0.539278 -0.194373
v -0.071883 0.537189 -0.179318
v -0.066924 0.593259 -0.336041
v -0.081013 0.587649 0.369560
v -0.096055 0.585478 0.372338
v -0.089409 0.623896 0.369046
v -0.066584 0.625630 0.363742
v -0.107327 0.620588 0.371954
v -0.061065 0.621627 -0.335761
v -0.106981 0.649381 0.373557
v -0.087356 0.651625 0.369816
v -0.070235 0.684556 -0.324494
v -0.080240 0.665896 -0.331258
v -0.051483 0.672779 0.361067
v -0.097554 0.672361 0.375551
v -0.094510 0.694070 0.379764
v -0.072589 0.725315 -0.306478
v -0.052991 0.699433 -0.317007
v -0.076209 0.764110 0.373153
v -0.074018 0.781427 -0.265966
v -0.094373 0.777873 0.374793
v -0.077446 0.785635 0.368004
v -0.066477 0.798034 -0.249576
v -0.066680 0.848893 -0.195977
v -0.084432 0.836886 0.354448
v -0.079435 0.897729 0.331054
v -0.077191 0.865341 0.342428
v -0.088261 0.915681 -0.104556
v -0.076883 0.925123 0.314719
v -0.095969 0.949406 0.302976
v -0.076587 0.950616 0.296071
v -0.074434 0.957399 0.040291
v -0.079365 0.960213 0.287162
v -0.078896 0.982692 0.098771
v -0.078369 0.992086 0.191668
v -0.069686 0.987645 0.222660
v -0.034763 -0.114929 -0.215591
v -0.057339 -0.104351 -0.269691
v -0.054802 -0.111075 -0.164196
v -0.033085 -0.059402 -0.378640
v -0.039804 -0.076652 -0.355875
v -0.058768 -0.076396 -0.092077
v -0.064604 -0.038636 -0.392428
v -0.032886 -0.051908 -0.384846
v -0.042578 -0.025322 -0.074230
v -0.074079 -0.009595 -0.335599
v -0.057087 -0.011758 -0.331824
v -0.057149 -0.018852 -0.320272
v -0.076580 -0.021179 -0.312601
v -0.073108 -0.024231 -0.301286
v -0.086946 -0.023450 -0.278294
v -0.038025 -0.027395 -0.284869
v -0.054364 -0.013373 -0.076480
v -0.056133 0.000642 -0.340402
v -0.069685 -0.010046 -0.222055
v -0.065422 -0.004086 -0.083127
v -0.094446 0.010229 -0.126635
v -0.063823 0.009739 -0.121996
v -0.058380 0.009047 -0.108271
v -0.046697 0.057568 -0.343904
v -0.064874 0.075350 -0.032152
v -0.063500 0.073219 0.021501
v -0.076806 0.077083 0.055041
v -0.061662 0.075718 0.047762
v -0.066840 0.084847 -0.332871
v -0.064920 0.085173 -0.110802
v -0.061033 0.084084 -0.084197
v -0.055613 0.084285 -0.059719
v -0.061662 0.075718 0.047762
v -0.054444 0.079477 0.064687
v -0.076806 0.077083 0.055041
v -0.049953 0.083427 0.076279
v -0.057662 0.095210 0.102007
v -0.048742 0.112558 -0.323625
v -0.073238 0.112579 -0.324065
v -0.070854 0.109637 -0.175164
v -0.062257 0.132837 0.152353
v -0.068883 0.149297 -0.172763
v -0.059147 0.157050 -0.163677
v -0.066775 0.174623 -0.159825
v -0.053751 0.167327 -0.154552
v -0.037412 0.185725 -0.277890
v -0.066604 0.189460 -0.155012
v -0.061789 0.213823 -0.144073
v -0.056533 0.231453 -0.015695
v -0.074946 0.233039 -0.002602
v -0.054345 0.230799 0.000594
v -0.053912 0.223374 0.312045
v -0.046510 0.230900 0.318177
v -0.033137 0.260644 -0.281336
v -0.060456 0.230583 -0.135484
v -0.069680 0.238755 -0.129127
v -0.080509 0.242078 -0.124487
v -0.058527 0.244860 -0.119827
v -0.069680 0.238755 -0.129127
v -0.060925 0.236476 -0.026102
v -0.058128 0.244370 0.034936
v -0.075957 0.250947 0.061574
v -0.067482 0.248237 -0.053070
v -0.061921 0.251316 -0.063146
v -0.057291 0.251199 0.081293
v -0.052213 0.256364 0.150686
v -0.052267 0.256435 0.134597
v -0.071888 0.264963 0.249520
v -0.059726 0.267170 0.253320
v -0.043237 0.247814 0.328620
v -0.074393 0.281946 0.267514
v -0.074393 0.281946 0.267514
v -0.052845 0.285840 0.269005
v -0.058876 0.277165 0.263413
v -0.059114 0.281415 0.349032
v -0.071056 0.291838 0.355532
v -0.082917 0.288112 0.356708
v -0.059114 0.281415 0.349032
v -0.057669 0.313538 0.359449
v -0.071056 0.291838 0.355532
v -0.068034 0.318698 -0.265967
v -0.043661 0.315814 -0.263454
v -0.092880 0.310099 -0.270088
v -0.066380 0.307423 -0.233339
v -0.047419 0.315343 -0.228669
v -0.090612 0.330293 -0.235202
v -0.084926 0.292243 -0.238770
v -0.071041 0.329038 0.284508
v -0.048530 0.315527 0.278127
v -0.055623 0.336765 -0.262474
v -0.084404 0.362424 0.290874
v -0.092455 0.383325 -0.233867
v -0.072253 0.342306 -0.232277
v -0.051180 0.366383 -0.228650
v -0.060330 0.340855 0.366541
v -0.068783 0.345650 0.285181
v -0.064409 0.384238 -0.231991
v -0.052834 0.412392 -0.272398
v -0.068042 0.401395 0.292546
v -0.057100 0.446225 -0.232295
v -0.053345 0.437930 0.275521
v -0.066062 0.430207 0.285142
v -0.068942 0.442638 0.277454
v -0.062545 0.415773 0.289209
v -0.060592 0.452382 0.262800
v -0.056875 0.479422 -0.304556
v -0.048969 0.477383 -0.232971
v -0.058498 0.471819 0.231481
v -0.059483 0.462114 0.248892
v -0.052199 0.477945 -0.010055
v -0.059456 0.481796 0.214937
v -0.061075 0.505415 -0.085652
v -0.055245 0.491650 -0.048113
v -0.043763 0.508264 -0.231037
v -0.072292 0.513823 -0.230854
v -0.055878 0.555175 -0.330596
v -0.064115 0.532894 -0.325655
v -0.055323 0.537850 -0.212838
v -0.074046 0.533737 -0.211274
v -0.073192 0.525512 -0.222780
v -0.054175 0.541343 -0.182921
v -0.050802 0.537768 -0.165113
v -0.056381 0.585905 0.363760
v -0.068226 0.513939 0.376029
v -0.061449 0.643331 -0.334032
v -0.047578 0.630361 -0.333296
v -0.080240 0.665896 -0.331258
v -0.063817 0.660654 -0.330599
v -0.052702 0.700771 0.364814
v -0.082232 0.716426 0.379173
v -0.057365 0.745000 -0.292409
v -0.058924 0.745467 0.369772
v -0.058885 0.761703 -0.280141
v -0.056858 0.773847 0.363482
v -0.060923 0.820049 -0.226257
v -0.064726 0.819073 0.352460
v -0.066162 0.874876 0.333227
v -0.056586 0.878718 -0.156337
v -0.045109 0.897118 -0.127323
v -0.060902 0.918190 -0.092729
v -0.044002 0.905215 -0.113018
v -0.062017 0.932959 0.302011
v -0.057763 0.892649 0.321068
v -0.062971 0.929863 -0.064406
v -0.064956 0.937056 -0.039267
v -0.043768 0.911993 0.301519
v -0.059229 0.962867 0.060648
v -0.073458 0.970774 0.269701
v -0.058931 0.969008 0.263257
v -0.057335 0.983037 0.232133
v -0.074352 0.978141 0.255609
v -0.059782 0.977655 0.247872
v -0.074727 0.984377 0.238491
v -0.058968 0.968957 0.263224
v -0.073458 0.970774 0.269701
v -0.066598 0.988504 0.128867
v -0.012261 -0.114763 -0.180784
v -0.018453 -0.105768 -0.143274
v -0.032425 -0.098915 -0.125841
v -0.030592 -0.083120 -0.342773
v -0.047256 -0.086324 -0.330566
v -0.041292 -0.080515 -0.096446
v -0.016155 -0.068943 -0.368449
v -0.047420 -0.038662 -0.392738
v -0.043599 -0.060411 -0.080740
v -0.028433 -0.056295 -0.079205
v -0.036602 -0.038405 -0.075034
v -0.036716 -0.025913 -0.307150
v -0.035421 -0.025796 -0.268003
v -0.025668 -0.009337 -0.083960
v -0.065427 -0.003934 -0.082986
v -0.039068 -0.013576 -0.078641
v -0.041969 -0.010986 -0.332931
v -0.036764 0.005683 -0.165222
v -0.054353 -0.013357 -0.076438
v -0.063037 0.057642 -0.403236
v -0.041028 0.070426 -0.398491
v -0.051137 0.078640 -0.029800
v -0.043684 0.077369 -0.005859
v -0.063855 0.073248 -0.007248
v -0.048965 0.075202 0.007416
v -0.047477 0.075561 0.034460
v -0.045050 0.077885 0.052669
v -0.011535 0.083859 -0.337186
v -0.054025 0.094363 -0.127824
v -0.063059 0.091100 -0.141046
v -0.051924 0.093752 -0.112932
v -0.038656 0.087394 -0.035623
v -0.032246 0.083617 -0.010892
v -0.041931 0.094195 0.096418
v -0.069695 0.101000 -0.166498
v -0.062946 0.117406 -0.171005
v -0.055178 0.111242 -0.160923
v -0.064986 0.095740 -0.155169
v -0.054917 0.102650 -0.149873
v -0.054917 0.102650 -0.149873
v -0.046299 0.111194 -0.145449
v -0.054070 0.094399 -0.127806
v -0.043311 0.105699 -0.110988
v -0.051924 0.093752 -0.112932
v -0.042013 0.113913 -0.128245
v -0.036966 0.108226 -0.073450
v -0.049365 0.094651 -0.099752
v -0.046835 0.094296 -0.076180
v -0.051872 0.127771 -0.163453
v -0.051872 0.127771 -0.163453
v -0.062946 0.117406 -0.171005
v -0.044345 0.125651 -0.148757
v -0.040220 0.147968 -0.142848
v -0.044586 0.108679 0.117091
v -0.045913 0.131782 0.143760
v -0.053876 0.142483 -0.164860
v -0.054839 0.166992 0.193375
v -0.038987 0.172082 -0.348796
v -0.053876 0.142483 -0.164860
v -0.059147 0.157050 -0.163677
v -0.047329 0.154155 -0.152220
v -0.052628 0.185780 -0.149701
v -0.039671 0.168406 -0.141883
v -0.041964 0.181944 -0.143206
v -0.027251 0.180494 0.199593
v -0.063888 0.176809 0.213508
v -0.056402 0.182962 0.223352
v -0.038436 0.195151 -0.138727
v -0.067930 0.185411 0.236520
v -0.045791 0.206327 0.284126
v -0.046553 0.218284 -0.137111
v -0.042610 0.233240 -0.129015
v -0.042751 0.224811 -0.008737
v -0.042950 0.228746 0.008451
v -0.042760 0.231278 0.012386
v -0.034650 0.234760 -0.298822
v -0.054374 0.251291 -0.245035
v -0.059080 0.239309 -0.127810
v -0.037853 0.240715 -0.116772
v -0.038953 0.248273 -0.103595
v -0.054685 0.243304 -0.041358
v -0.041152 0.242680 -0.044068
v -0.042496 0.230692 -0.026222
v -0.047515 0.239542 0.022619
v -0.057292 0.248440 0.061620
v -0.042750 0.243426 0.046708
v -0.039760 0.244410 0.083504
v -0.049733 0.250346 0.093314
v -0.028627 0.246389 0.322094
v -0.042591 0.251465 -0.073861
v -0.063304 0.259461 0.230986
v -0.034977 0.261450 0.237571
v -0.043575 0.265490 0.250061
v -0.034265 0.271397 0.337117
v -0.042418 0.281144 -0.273575
v -0.043575 0.265490 0.250061
v -0.059720 0.267315 0.253238
v -0.038649 0.275354 0.258711
v -0.043612 0.283258 0.345171
v -0.027505 0.313091 -0.260833
v -0.037192 0.275565 -0.234079
v -0.027999 0.286387 -0.228917
v -0.043612 0.283258 0.345171
v -0.043855 0.336887 -0.226439
v -0.040630 0.346775 0.361546
v -0.044829 0.366680 0.280954
v -0.072177 0.375442 0.374859
v -0.047288 0.383079 0.369200
v -0.031796 0.385639 -0.261220
v -0.052514 0.364357 -0.261421
v -0.045202 0.397532 0.283037
v -0.029875 0.405060 -0.265996
v -0.043879 0.417008 -0.231147
v -0.039294 0.426031 0.369785
v -0.054037 0.424920 0.282230
v -0.042344 0.423532 0.277089
v -0.045634 0.438387 -0.283013
v -0.038624 0.447077 -0.231611
v -0.026196 0.427607 -0.228260
v -0.054037 0.424920 0.282230
v -0.040310 0.473873 0.014652
v -0.038694 0.472186 0.032377
v -0.041568 0.470628 0.230333
v -0.043683 0.455643 0.254407
v -0.042163 0.484826 -0.018611
v -0.036403 0.472453 0.054863
v -0.035650 0.475824 0.089627
v -0.048915 0.469908 0.064305
v -0.050538 0.476534 0.105967
v -0.061843 0.472426 0.102361
v -0.052824 0.489008 0.163121
v -0.068180 0.485730 0.185469
v -0.052675 0.489711 0.192437
v -0.036259 0.491451 -0.036206
v -0.039050 0.501223 -0.061884
v -0.039752 0.489381 0.151095
v -0.042131 0.490961 0.178630
v -0.043344 0.488915 0.198843
v -0.060072 0.523681 -0.227464
v -0.042948 0.524180 -0.224483
v -0.042806 0.516636 -0.111185
v -0.045992 0.524113 0.368393
v -0.055323 0.537850 -0.212838
v -0.038141 0.525642 -0.136182
v -0.043065 0.539972 -0.213963
v -0.042729 0.542346 -0.192670
v -0.044324 0.584943 -0.333774
v -0.040083 0.601685 0.357221
v -0.030139 0.601791 -0.331962
v -0.042455 0.676739 -0.323004
v -0.053212 0.673361 -0.325511
v -0.053584 0.730319 0.367657
v -0.030866 0.771553 -0.266709
v -0.038392 0.776929 0.352957
v -0.034560 0.800692 -0.240261
v -0.048319 0.808854 0.347444
v -0.036422 0.844597 -0.193849
v -0.045668 0.838199 0.334078
v -0.028926 0.885395 0.300893
v -0.035757 0.916834 -0.087038
v -0.043413 0.930975 -0.051817
v -0.043691 0.938017 -0.022757
v -0.061053 0.949499 0.020093
v -0.038641 0.943461 0.008225
v -0.043027 0.950620 0.036693
v -0.047695 0.957189 0.054365
v -0.044191 0.967982 0.086886
v -0.060054 0.954006 0.283062
v -0.043606 0.937012 0.284403
v -0.060360 0.982748 0.111200
v -0.044862 0.981629 0.127841
v -0.051984 0.988080 0.148358
v -0.041975 0.985272 0.155006
v -0.046125 0.986525 0.189886
v -0.057215 0.987394 0.212456
v -0.042094 0.980374 0.213619
v -0.045476 0.974625 0.237628
v -0.051425 0.988914 0.172271
v -0.063565 0.990791 0.192891
v -0.006134 -0.115480 -0.237077
v -0.007955 -0.116440 -0.199697
v 0.002641 -0.103342 -0.292394
v -0.025165 -0.110794 -0.159580
v -0.027100 -0.076273 -0.093651
v -0.030857 -0.038899 -0.392547
v -0.020544 -0.028468 -0.297258
v -0.025916 -0.022760 -0.076618
v -0.039068 -0.013576 -0.078641
v -0.042176 0.012999 -0.344970
v -0.008621 0.008329 -0.127841
v -0.028564 0.007446 -0.108729
v -0.041115 0.002525 -0.094098
v -0.016274 0.008412 -0.142760
v -0.015238 0.048230 -0.401772
v -0.031968 0.081909 0.050083
v -0.042739 0.093985 -0.058409
v -0.033173 0.094972 -0.042109
v -0.024891 0.093262 -0.025230
v -0.035372 0.079027 0.022864
v -0.021322 0.089761 0.008075
v -0.023748 0.086854 0.021718
v -0.021918 0.087849 0.045492
v -0.034410 0.104599 -0.386516
v -0.024332 0.122112 -0.376906
v -0.002956 0.100135 -0.330977
v -0.034584 0.124057 -0.096896
v -0.042739 0.093985 -0.058409
v -0.033343 0.102448 -0.053361
v -0.033173 0.094972 -0.042109
v -0.012494 0.111191 -0.025373
v -0.020381 0.092191 0.082122
v -0.021209 0.103087 0.098357
v -0.011959 0.127459 -0.317996
v -0.029998 0.118715 -0.064714
v -0.026156 0.137099 -0.061684
v -0.021651 0.129707 -0.051982
v -0.018004 0.116098 0.108574
v -0.029862 0.130217 0.130976
v -0.045009 0.142167 -0.369439
v -0.010365 0.150883 -0.302905
v -0.022129 0.149204 0.153984
v -0.039671 0.168406 -0.141883
v -0.034168 0.141352 -0.120334
v -0.029555 0.173900 -0.121705
v -0.030042 0.160528 -0.111837
v -0.029640 0.152112 -0.091998
v -0.028003 0.167056 -0.098418
v -0.028585 0.142248 -0.075807
v -0.026813 0.160842 -0.059422
v -0.015304 0.157544 0.164809
v -0.008467 0.155512 -0.354997
v -0.031681 0.180325 -0.130005
v -0.023590 0.181958 -0.111383
v -0.026463 0.178463 -0.049135
v -0.023669 0.187768 -0.064157
v -0.027610 0.186174 0.014666
v -0.025045 0.168865 0.011888
v -0.025366 0.161498 0.040665
v -0.025831 0.175897 0.054069
v -0.022476 0.185709 -0.335683
v -0.024683 0.196783 -0.127885
v -0.038436 0.195151 -0.138727
v -0.027707 0.187235 -0.014632
v -0.026365 0.184508 -0.034564
v -0.029920 0.202088 -0.029929
v -0.027756 0.196478 0.019305
v -0.022213 0.214686 0.045172
v -0.034660 0.207086 -0.263856
v -0.031156 0.218616 -0.128827
v -0.024683 0.196783 -0.127885
v -0.027209 0.197805 -0.043216
v -0.020920 0.209122 -0.050391
v -0.025905 0.214566 -0.039388
v -0.032981 0.214105 -0.025720
v -0.031135 0.201891 -0.003847
v -0.036588 0.217259 -0.006420
v -0.032147 0.214062 0.008698
v -0.025538 0.218663 0.025781
v -0.021364 0.215123 -0.123143
v -0.026759 0.230808 -0.120360
v -0.032657 0.229117 -0.035492
v -0.042760 0.231278 0.012386
v -0.030549 0.231193 0.022018
v -0.042950 0.228746 0.008451
v -0.012046 0.232098 0.303344
v -0.037853 0.240715 -0.116772
v -0.043257 0.251298 -0.091796
v -0.024706 0.246359 -0.094510
v -0.025409 0.239359 -0.110196
v -0.026418 0.248467 -0.077365
v -0.025765 0.237860 -0.049564
v -0.032657 0.229117 -0.035492
v -0.033156 0.236381 0.032072
v -0.025286 0.232730 0.043217
v -0.030577 0.245670 0.112002
v -0.026949 0.247383 0.128065
v -0.025072 0.248953 0.141946
v -0.044243 0.249919 -0.060837
v -0.029128 0.245219 -0.059082
v -0.024606 0.264102 0.329790
v -0.010212 0.273876 -0.269717
v -0.007934 0.282148 0.248924
v -0.030444 0.290238 0.264932
v -0.026764 0.268660 0.248777
v -0.024562 0.264060 0.329887
v -0.034368 0.271524 0.336834
v -0.034362 0.296870 0.346871
v -0.007539 0.301718 -0.258183
v -0.021005 0.313545 -0.221760
v -0.025327 0.337027 -0.256847
v -0.027131 0.318112 0.350024
v -0.023914 0.358771 0.357039
v -0.036760 0.363588 -0.258812
v -0.029933 0.375858 -0.223403
v -0.037247 0.406502 0.279028
v -0.021955 0.381915 0.359197
v -0.026671 0.433868 -0.277669
v -0.024250 0.438523 0.258401
v -0.032290 0.426520 0.270594
v -0.040665 0.453179 0.370690
v -0.023254 0.450281 0.363367
v -0.026036 0.459864 -0.229382
v -0.037367 0.495059 -0.231312
v -0.029307 0.457811 0.243218
v -0.019140 0.480173 -0.300412
v -0.038629 0.493646 -0.310031
v -0.020660 0.489361 -0.226805
v -0.026051 0.480960 -0.000501
v -0.025105 0.474551 0.031468
v -0.019128 0.475453 0.082168
v -0.031701 0.481540 0.115803
v -0.025097 0.486270 0.196649
v -0.028785 0.510932 -0.224993
v -0.024873 0.488887 -0.026054
v -0.023056 0.489503 0.155314
v -0.023154 0.489677 0.177272
v -0.030554 0.493374 0.365238
v -0.044420 0.486939 0.371080
v -0.033346 0.515319 -0.317761
v -0.025723 0.524041 -0.220061
v -0.043065 0.539972 -0.213963
v -0.025731 0.524028 -0.220051
v -0.030431 0.540162 -0.203412
v -0.029189 0.535717 -0.156587
v -0.018945 0.585170 0.350857
v -0.025989 0.541040 -0.182641
v -0.015253 0.567734 -0.326743
v -0.022804 0.619291 0.349839
v -0.039054 0.639212 0.355544
v -0.023261 0.654264 0.349819
v -0.026608 0.676735 -0.320214
v -0.026608 0.676735 -0.320214
v -0.042455 0.676739 -0.323004
v -0.024962 0.693950 -0.313690
v -0.022595 0.723865 0.352297
v -0.021249 0.746361 -0.283756
v -0.030204 0.719376 -0.303091
v -0.024967 0.804805 0.333526
v -0.043103 0.875078 0.317761
v -0.012593 0.838026 0.308301
v -0.011180 0.867492 -0.157508
v -0.030176 0.911990 0.287485
v -0.023258 0.911775 0.277072
v -0.009454 0.929724 -0.028381
v -0.015130 0.927157 -0.044337
v -0.031036 0.929833 0.274571
v -0.017693 0.941804 0.026442
v -0.023496 0.949206 0.053148
v -0.032119 0.956940 0.247322
v -0.027059 0.937492 0.260911
v -0.025296 0.954454 0.070152
v -0.026017 0.970306 0.198713
v -0.031233 0.970269 0.214496
v -0.023463 0.956654 0.223322
v -0.037713 0.972357 0.227967
v -0.046563 0.969962 0.250625
v -0.043040 0.961521 0.258667
v -0.029703 0.975051 0.138505
v -0.023471 0.963897 0.107203
v -0.030830 0.979559 0.167408
v -0.023917 0.972120 0.180652
v -0.031233 0.970269 0.214496
v -0.026156 0.970207 0.198727
v 0.012536 -0.110594 -0.271494
v 0.003940 -0.113692 -0.255177
v -0.009289 -0.078632 -0.353897
v 0.020704 -0.094977 -0.319722
v -0.023254 -0.093050 -0.115282
v -0.003063 -0.068467 -0.093021
v -0.017130 -0.035182 -0.393607
v -0.004242 -0.050937 -0.384006
v -0.008127 -0.044396 -0.078610
v -0.011272 -0.033491 -0.077423
v -0.010213 -0.058805 -0.084361
v 0.001606 -0.025350 -0.255099
v 0.010835 -0.029380 -0.272763
v -0.013587 -0.016790 -0.081659
v -0.011112 -0.013555 -0.400984
v -0.007924 0.003144 -0.403335
v 0.005250 0.002288 -0.172322
v -0.005907 0.002001 -0.106266
v 0.007271 0.004097 -0.120238
v -0.009175 0.034739 -0.403351
v -0.008687 0.075177 -0.393363
v -0.006242 0.060956 -0.343731
v -0.006421 0.095096 0.076556
v -0.008961 0.095704 0.060295
v -0.013928 0.091814 0.064731
v -0.027959 0.086733 0.075424
v 0.009036 0.121165 -0.320553
v -0.024689 0.113575 -0.049411
v -0.024891 0.093262 -0.025230
v -0.009328 0.109784 -0.007975
v -0.008520 0.121238 -0.013402
v -0.017534 0.094602 -0.008576
v -0.008707 0.109523 0.023399
v -0.014102 0.098957 0.020047
v -0.006793 0.109910 0.042228
v -0.008961 0.095704 0.060295
v -0.013127 0.093950 0.051045
v -0.008124 0.103367 0.090561
v -0.013353 0.126512 -0.036476
v -0.010594 0.136154 -0.024392
v -0.011491 0.140011 -0.010333
v -0.014355 0.135215 0.021664
v -0.013087 0.129857 0.041495
v -0.010274 0.119076 0.030616
v -0.007168 0.122649 0.047809
v 0.002162 0.129095 -0.368415
v -0.022355 0.147986 0.044772
v -0.013258 0.141239 0.135343
v -0.006940 0.129011 0.111248
v -0.025316 0.160887 0.059305
v -0.008420 0.146460 0.079253
v -0.020426 0.165050 0.069811
v -0.014830 0.176189 0.080472
v -0.007100 0.149382 0.145684
v -0.009282 0.179866 -0.279529
v -0.022270 0.182003 -0.092496
v -0.004036 0.165570 0.173554
v -0.010925 0.178227 0.192965
v -0.013402 0.198951 -0.109954
v -0.012503 0.198353 -0.095398
v -0.012219 0.214925 -0.059363
v -0.022940 0.185977 0.065217
v -0.016718 0.197656 0.077314
v -0.009318 0.192662 0.088194
v 0.007440 0.186889 0.207078
v -0.023219 0.195956 0.251845
v -0.008792 0.202091 -0.262375
v -0.008953 0.215235 -0.109924
v -0.011875 0.202687 -0.078183
v -0.022263 0.205113 0.058808
v -0.021671 0.220710 0.063353
v -0.016171 0.214477 0.079813
v -0.008193 0.203200 0.261805
v -0.032147 0.213942 0.292808
v -0.000217 0.221525 -0.300874
v -0.009091 0.230953 -0.244211
v -0.032518 0.229429 -0.251064
v -0.008174 0.232791 -0.077702
v -0.011935 0.232303 -0.093880
v -0.019272 0.228260 -0.049378
v -0.025286 0.232730 0.043217
v -0.010788 0.210388 0.088982
v -0.016637 0.227058 0.092825
v -0.003977 0.219709 0.099503
v -0.024601 0.233149 0.078580
v -0.007504 0.231812 0.105469
v 0.002775 0.216946 0.276028
v -0.012585 0.250161 -0.283445
v -0.015811 0.255983 -0.234814
v -0.031037 0.251185 -0.240775
v -0.015717 0.225329 -0.111702
v -0.025409 0.239359 -0.110196
v -0.015717 0.225329 -0.111702
v -0.018445 0.237261 -0.098908
v -0.008252 0.232765 -0.077107
v -0.018445 0.237261 -0.098908
v -0.018529 0.240630 -0.064427
v -0.025546 0.238303 0.095869
v -0.007504 0.231812 0.105469
v -0.016637 0.227058 0.092825
v -0.025571 0.238271 0.095898
v -0.013033 0.239978 0.115732
v -0.005317 0.247110 0.145963
v -0.007645 0.243332 0.129204
v -0.001707 0.246376 0.307068
v -0.009848 0.267494 0.324086
v -0.003606 0.254298 -0.230643
v -0.006613 0.280302 -0.223200
v -0.028889 0.251548 0.165391
v -0.010270 0.251561 0.174624
v -0.026561 0.255974 0.209509
v -0.018430 0.261674 0.229842
v -0.015813 0.267415 0.240628
v -0.009871 0.267518 0.324040
v -0.009311 0.284575 0.330878
v -0.007148 0.312513 0.338935
v -0.007544 0.329009 0.264507
v -0.002699 0.301314 0.253407
v -0.016281 0.307575 0.264643
v -0.033609 0.300833 0.270127
v -0.026166 0.319995 0.271954
v -0.016647 0.353264 0.271331
v -0.007445 0.347032 0.347154
v -0.025122 0.341858 -0.220692
v -0.013388 0.359138 -0.216052
v -0.010496 0.384757 -0.216496
v -0.010269 0.397149 -0.257748
v -0.010393 0.434598 -0.223265
v -0.006081 0.388310 0.266032
v -0.005692 0.409198 0.353478
v -0.022476 0.418114 0.268757
v -0.005137 0.428772 0.250444
v -0.012470 0.420357 0.261291
v -0.009496 0.466577 -0.290983
v -0.005348 0.464300 -0.221718
v -0.006355 0.491817 -0.219085
v -0.008248 0.476271 0.025265
v -0.008508 0.474564 0.068993
v -0.011878 0.479716 0.114033
v -0.023548 0.486364 0.135379
v -0.009118 0.487000 0.163980
v -0.007669 0.484379 0.179680
v -0.008709 0.478103 0.198784
v -0.003274 0.504974 -0.309073
v -0.005239 0.504295 -0.077990
v -0.019144 0.509426 -0.085608
v -0.012505 0.496869 -0.051777
v -0.005694 0.489046 -0.033237
v -0.011740 0.483662 -0.010359
v -0.028719 0.540727 -0.324026
v 0.004530 0.523723 -0.313949
v -0.007309 0.509324 -0.214289
v -0.004952 0.519503 -0.202186
v -0.012092 0.489566 0.356947
v -0.019148 0.529057 -0.208142
v -0.009030 0.530454 -0.153464
v -0.007031 0.550154 0.349261
v -0.013908 0.671038 -0.319215
v 0.002571 0.669807 -0.314872
v -0.013971 0.670945 -0.318861
v -0.020932 0.680817 0.349895
v -0.000855 0.780429 -0.249437
v -0.021642 0.780451 0.341019
v 0.017991 0.815918 0.296288
v 0.002383 0.845762 -0.179302
v -0.009689 0.873062 0.285079
v -0.010202 0.850574 0.299883
v -0.010453 0.887507 0.274509
v -0.006390 0.903650 -0.099950
v -0.022792 0.919959 0.269284
v -0.020434 0.899416 0.282241
v -0.010453 0.887507 0.274509
v -0.000029 0.913755 -0.073568
v -0.006028 0.899349 0.254480
v -0.020434 0.899416 0.282241
v 0.005802 0.931079 0.003175
v -0.003873 0.930284 0.206965
v -0.008769 0.920704 0.233697
v -0.019900 0.934785 0.247464
v -0.031036 0.929833 0.274571
v -0.008265 0.950057 0.086221
v -0.006456 0.945833 0.186521
v -0.013993 0.962815 0.135508
v 0.006931 0.943305 0.123328
v -0.012016 0.960817 0.158601
v -0.019082 0.969048 0.164202
v -0.023917 0.972120 0.180652
v -0.019082 0.969048 0.164202
v 0.012406 -0.111357 -0.159491
v 0.008437 -0.091404 -0.117685
v 0.019553 -0.098398 -0.129677
v 0.026750 -0.079884 -0.350077
v 0.022447 -0.080326 -0.108005
v 0.010865 -0.065899 -0.094762
v -0.004242 -0.050937 -0.384006
v -0.018291 -0.028527 -0.397203
v 0.009840 -0.047079 -0.385239
v -0.017130 -0.035182 -0.393607
v 0.015592 -0.060374 -0.375270
v 0.016005 -0.054992 -0.090213
v 0.018749 -0.021155 -0.395272
v 0.008808 -0.026404 -0.081664
v -0.013369 -0.005737 -0.336677
v -0.001826 -0.014118 -0.329260
v 0.008876 -0.011728 -0.089635
v -0.005602 0.022881 -0.403791
v 0.012782 0.009217 -0.401673
v 0.015703 -0.005778 -0.399251
v 0.015686 0.004950 -0.135901
v -0.012820 -0.004302 -0.091893
v 0.005117 -0.004996 -0.095595
v 0.011102 0.027799 -0.401139
v 0.033828 0.059043 -0.390065
v 0.020335 0.079870 -0.386445
v 0.020752 0.078690 -0.338048
v 0.009408 0.104384 0.077716
v 0.008645 0.111233 0.070275
v -0.006421 0.095096 0.076556
v -0.004665 0.115816 0.101469
v 0.008368 0.111715 0.094214
v 0.022064 0.108993 -0.374113
v -0.000067 0.110762 0.060483
v -0.003073 0.128265 0.060230
v -0.007952 0.135629 0.061868
v 0.008823 0.128561 0.066460
v 0.000710 0.145214 0.094889
v -0.001355 0.142912 0.084368
v 0.008689 0.140247 0.094450
v 0.008065 0.138348 0.077587
v 0.008689 0.140247 0.094450
v 0.000715 0.145221 0.094898
v 0.009021 0.127959 0.103451
v 0.001997 0.145522 0.128757
v -0.007301 0.129249 0.111153
v 0.001735 0.145694 0.128750
v 0.005683 0.167829 -0.342817
v 0.004412 0.162748 0.094717
v 0.008396 0.162704 0.096383
v 0.004205 0.146335 0.111654
v 0.004237 0.146278 0.111600
v 0.000710 0.145214 0.094889
v 0.004237 0.146278 0.111600
v 0.008148 0.148719 0.129071
v 0.008737 0.148841 0.111758
v 0.009389 0.152536 0.143117
v 0.004374 0.157440 0.157863
v 0.006298 0.175908 -0.279661
v -0.000712 0.175827 0.091296
v 0.008430 0.179830 0.095742
v 0.004355 0.198938 -0.260539
v 0.022915 0.195409 -0.254683
v -0.007665 0.210970 -0.094364
v -0.007645 0.218611 -0.074317
v 0.007106 0.206259 0.255869
v 0.004708 0.215842 -0.247682
v -0.009315 0.233590 -0.060654
v -0.003977 0.219709 0.099503
v 0.008641 0.214766 0.101323
v -0.001140 0.206514 0.096068
v 0.007369 0.229621 0.108261
v 0.004863 0.246086 -0.281053
v 0.007242 0.243648 -0.230013
v 0.006422 0.237067 0.116803
v 0.010340 0.245675 0.136431
v 0.008368 0.267923 -0.219159
v 0.004151 0.253584 0.172931
v -0.009632 0.256572 0.201052
v -0.002696 0.265458 0.227318
v -0.000313 0.266504 0.317966
v 0.009590 0.266528 0.215616
v -0.002696 0.265458 0.227318
v 0.008783 0.275956 0.230176
v 0.008718 0.275995 0.230119
v -0.002696 0.265458 0.227318
v 0.009245 0.277730 0.316589
v -0.000419 0.266597 0.317803
v 0.009347 0.277676 0.316735
v 0.003755 0.295243 -0.214643
v 0.006900 0.295977 0.243487
v 0.007989 0.314806 0.330182
v 0.009431 0.320195 -0.246368
v -0.005419 0.335824 -0.250625
v 0.009239 0.344355 -0.242403
v -0.005420 0.326496 -0.214031
v 0.005588 0.350751 -0.205327
v -0.002299 0.375851 0.264773
v 0.009911 0.374402 -0.243183
v -0.004343 0.372696 -0.250290
v 0.002985 0.400181 -0.252986
v 0.008299 0.425942 0.345935
v 0.008300 0.377208 0.341844
v -0.000797 0.421673 -0.216883
v 0.012759 0.427607 -0.208247
v 0.006435 0.382236 -0.205876
v 0.013893 0.405349 0.245946
v 0.001071 0.413384 0.253699
v 0.013537 0.405211 0.245616
v 0.001071 0.413384 0.253699
v 0.004752 0.458038 -0.281380
v 0.009779 0.430634 -0.263189
v -0.010160 0.424810 -0.268804
v 0.009351 0.436926 0.231069
v -0.007457 0.442944 0.241532
v 0.001454 0.473648 0.350465
v 0.015217 0.496883 -0.299482
v 0.007043 0.468791 -0.214391
v 0.006246 0.481987 -0.020239
v 0.003871 0.476235 0.117100
v -0.007157 0.483337 0.136454
v 0.013205 0.475007 0.163088
v 0.007542 0.476195 0.180211
v 0.012500 0.470192 0.184760
v 0.000641 0.468100 0.204789
v 0.004418 0.494782 -0.208361
v 0.010649 0.502138 -0.196804
v 0.003658 0.506641 -0.202355
v 0.010649 0.502138 -0.196804
v 0.007216 0.512422 -0.190165
v 0.003658 0.506641 -0.202355
v 0.001270 0.493979 -0.053363
v 0.013285 0.492502 -0.062999
v -0.004952 0.519503 -0.202186
v 0.004355 0.522775 -0.180854
v -0.005363 0.531398 -0.170908
v 0.006152 0.507822 -0.098479
v 0.005523 0.538249 -0.317267
v -0.018587 0.535770 -0.198376
v 0.006678 0.521490 -0.143527
v 0.004119 0.516339 -0.120370
v 0.000618 0.612255 0.338979
v 0.008367 0.632966 0.334703
v 0.000099 0.646446 -0.321025
v 0.024252 0.647794 -0.313010
v 0.002550 0.669732 -0.314594
v -0.001523 0.702478 0.340953
v 0.004813 0.713188 -0.296546
v -0.000133 0.727867 -0.290269
v 0.002824 0.719686 0.338226
v -0.001703 0.760708 -0.266641
v -0.017573 0.748037 0.347377
v 0.004462 0.797577 -0.230925
v -0.009175 0.828591 -0.202753
v 0.017541 0.821491 -0.200144
v 0.006789 0.848865 0.283506
v -0.001296 0.884046 -0.130156
v 0.002854 0.888330 0.250099
v -0.001893 0.882344 0.265147
v 0.007008 0.868110 0.265279
v 0.006550 0.904482 0.219670
v 0.002829 0.888314 0.250086
v 0.011602 0.880796 0.245204
v -0.001893 0.882344 0.265147
v 0.033894 0.892385 -0.094980
v 0.003290 0.938911 0.054782
v 0.010522 0.931983 0.161282
v 0.008583 0.922080 0.188838
v 0.003035 0.945901 0.101586
v 0.012348 0.937381 0.076923
v 0.013779 0.934842 0.138247
v -0.000039 0.945869 0.157565
v -0.006095 0.955258 0.146898
v -0.006095 0.955258 0.146898
v 0.033138 -0.108719 -0.150564
v 0.041715 -0.091300 -0.120079
v 0.028186 -0.067467 -0.366378
v 0.010865 -0.065899 -0.094762
v 0.028424 -0.067389 -0.099546
v 0.030711 -0.038312 -0.386326
v 0.040053 -0.052861 -0.093379
v 0.022099 -0.038418 -0.086398
v 0.020574 -0.049766 -0.381461
v 0.031424 -0.026673 -0.260471
v 0.025860 -0.022980 -0.087547
v 0.029484 -0.027191 -0.308173
v 0.009218 -0.021195 -0.320963
v 0.007346 -0.027784 -0.307154
v 0.040591 -0.019189 -0.320060
v 0.022162 -0.008882 -0.217646
v 0.025781 -0.008529 -0.093891
v 0.014789 -0.010271 -0.331877
v 0.019245 0.002919 -0.338806
v 0.034394 -0.002156 -0.107077
v 0.025781 -0.008529 -0.093891
v 0.008876 -0.011728 -0.089635
v 0.025692 0.053555 -0.342478
v 0.028920 0.093910 -0.331259
v 0.009263 0.104480 0.077822
v 0.026242 0.104003 0.077346
v 0.018454 0.109020 0.089515
v 0.016008 0.140574 -0.358360
v 0.021177 0.146474 -0.301708
v 0.023214 0.134720 0.048179
v 0.026772 0.121346 0.051982
v 0.018535 0.129041 0.059744
v 0.025978 0.143009 0.033616
v 0.025985 0.153578 0.047660
v 0.008823 0.128561 0.066460
v 0.018241 0.145808 0.077150
v 0.026067 0.131147 0.111616
v 0.009021 0.127959 0.103451
v 0.021559 0.120405 0.102871
v 0.026067 0.131147 0.111616
v 0.015242 0.146310 0.111766
v 0.015536 0.145348 0.094796
v 0.026079 0.131133 0.111596
v 0.026236 0.146801 0.129200
v 0.015242 0.146310 0.111766
v 0.039453 0.143788 -0.348355
v 0.022231 0.159310 -0.289447
v 0.022436 0.162501 0.076560
v 0.015236 0.146294 0.111752
v 0.008737 0.148841 0.111758
v 0.011853 0.162685 0.094714
v 0.027622 0.153846 0.145961
v 0.035684 0.160275 0.159134
v 0.019550 0.181411 -0.327476
v 0.025313 0.176574 -0.271544
v 0.012619 0.176864 0.093697
v 0.019236 0.185753 0.088670
v 0.008430 0.179830 0.095742
v 0.008413 0.162682 0.096352
v 0.027223 0.179768 0.189367
v 0.026538 0.201891 -0.306896
v 0.018325 0.205302 0.097084
v 0.026236 0.186888 0.079727
v 0.008960 0.197079 0.098126
v 0.026956 0.217036 0.097231
v 0.008641 0.214766 0.101323
v 0.013428 0.194653 0.225218
v 0.024677 0.203014 0.235050
v 0.023187 0.214391 0.254579
v 0.024789 0.230126 -0.285266
v 0.021062 0.216199 -0.237183
v 0.009785 0.227317 0.282410
v 0.021359 0.236619 -0.222400
v 0.028829 0.242044 -0.210069
v 0.026357 0.254083 -0.207243
v 0.016650 0.258880 -0.215300
v 0.020328 0.227652 0.104492
v 0.007369 0.229621 0.108261
v 0.015267 0.236102 0.112979
v 0.021874 0.245155 0.123018
v 0.021484 0.250107 0.133733
v 0.025714 0.242653 0.281944
v 0.039475 0.251177 -0.260609
v 0.013635 0.267788 -0.264109
v 0.025736 0.266875 -0.202768
v 0.028383 0.258423 0.134484
v 0.021484 0.250107 0.133733
v 0.017322 0.256254 0.158070
v 0.014981 0.250280 0.144706
v 0.016954 0.258828 0.172541
v 0.025064 0.273925 0.198851
v 0.008661 0.261478 0.202646
v 0.007280 0.292515 -0.255640
v 0.024039 0.280232 -0.252546
v 0.026620 0.281579 -0.197794
v 0.016893 0.287372 0.228070
v 0.023212 0.304985 0.316032
v 0.020925 0.306633 -0.243496
v 0.016575 0.290071 -0.206045
v 0.027958 0.292003 -0.193031
v 0.027074 0.306368 -0.191134
v 0.025976 0.300217 0.223423
v 0.012143 0.317919 -0.203880
v 0.025098 0.324105 -0.190345
v 0.024332 0.316575 0.229867
v 0.011168 0.329651 0.249328
v 0.019498 0.329909 0.239052
v 0.015905 0.345080 0.331271
v 0.023585 0.335046 -0.233919
v 0.026404 0.361908 0.233842
v 0.028450 0.335577 0.226057
v 0.020551 0.343153 0.240426
v 0.019498 0.329909 0.239052
v 0.005730 0.356053 0.257878
v 0.015769 0.353103 0.248571
v 0.018103 0.370388 -0.195279
v 0.015825 0.370516 0.249121
v 0.014708 0.387826 0.249243
v 0.022805 0.379723 0.331677
v 0.019149 0.399890 -0.243801
v 0.021133 0.402062 -0.196189
v 0.041878 0.404702 0.316891
v 0.024039 0.419887 -0.248893
v 0.027234 0.420675 -0.192613
v 0.025391 0.437075 -0.197774
v 0.007216 0.442235 -0.215241
v 0.016058 0.450923 0.208677
v 0.025096 0.450365 0.194760
v 0.027257 0.456498 0.332644
v 0.018210 0.459274 -0.275859
v 0.026972 0.465686 -0.195676
v 0.027724 0.476060 -0.190365
v 0.025002 0.466296 0.137046
v 0.025417 0.464043 0.163149
v 0.029420 0.500946 -0.295609
v 0.022304 0.490428 -0.190132
v 0.026740 0.488617 -0.073291
v 0.025673 0.477996 -0.041247
v 0.003977 0.476788 0.008030
v 0.019833 0.472063 -0.002546
v 0.004922 0.472814 0.040372
v 0.015761 0.469043 0.035674
v 0.005461 0.473532 0.093253
v 0.016924 0.470750 0.117358
v 0.011791 0.475783 0.145236
v 0.025419 0.498992 0.333667
v 0.018611 0.508367 -0.178892
v 0.029366 0.492759 -0.176343
v 0.025126 0.507983 -0.165064
v 0.021336 0.501475 -0.105021
v 0.018500 0.508290 -0.178827
v 0.007216 0.512422 -0.190165
v 0.012968 0.518882 -0.165150
v 0.018600 0.510761 -0.131876
v 0.032421 0.496139 -0.118482
v 0.027728 0.506765 -0.149583
v 0.029283 0.556645 -0.313713
v 0.027169 0.524335 -0.307365
v 0.009968 0.585269 -0.322221
v 0.026950 0.579681 -0.316517
v 0.014999 0.566488 0.336284
v 0.034709 0.583786 0.323873
v 0.029151 0.617730 0.324973
v 0.048533 0.634399 -0.304366
v 0.022432 0.622225 -0.317502
v 0.040211 0.647475 0.319060
v 0.008324 0.695498 -0.303611
v 0.036237 0.695257 -0.292490
v 0.023675 0.678119 -0.304615
v 0.033706 0.696486 0.321977
v 0.032673 0.711548 -0.285641
v 0.024038 0.742744 -0.269712
v 0.015503 0.728122 0.329757
v 0.049925 0.745845 0.304420
v 0.015751 0.761240 0.322265
v 0.031053 0.765256 -0.248772
v 0.037760 0.789722 -0.223640
v 0.018595 0.834303 0.283712
v 0.026000 0.847241 -0.166815
v 0.019340 0.874319 -0.134343
v 0.027714 0.842046 0.269056
v 0.028799 0.859551 0.249456
v 0.024488 0.883486 0.222460
v 0.033943 0.869809 0.229582
v 0.011602 0.880796 0.245204
v 0.015250 0.890794 -0.110816
v 0.027680 0.912850 -0.050035
v 0.021993 0.920540 -0.025929
v 0.025467 0.897802 0.197413
v 0.031884 0.901016 0.178749
v 0.016595 0.936208 0.095853
v 0.025337 0.926222 0.129351
v 0.022587 -0.116958 -0.183081
v 0.058439 -0.114582 -0.160070
v 0.047071 -0.098028 -0.128391
v 0.044346 -0.080428 -0.344754
v 0.046395 -0.093279 -0.319560
v 0.048389 -0.060618 -0.368083
v 0.044548 -0.043033 -0.381331
v 0.020574 -0.049766 -0.381461
v 0.042678 -0.064556 -0.098868
v 0.044559 -0.043064 -0.381377
v 0.056767 -0.029667 -0.384092
v 0.049697 -0.027645 -0.277732
v 0.034595 -0.008354 -0.219774
v 0.043747 -0.009567 -0.093850
v 0.023187 0.012063 -0.340985
v 0.044068 -0.008555 -0.329105
v 0.041009 0.001914 -0.334849
v 0.032406 -0.011564 -0.328511
v 0.021354 -0.001622 -0.194072
v 0.034219 0.000675 -0.193691
v 0.056287 0.070184 -0.380320
v 0.044400 0.059431 -0.338071
v 0.046513 0.080217 -0.331951
v 0.046934 0.092050 -0.021614
v 0.040383 0.087113 0.007134
v 0.038292 0.104724 -0.007870
v 0.037041 0.097962 0.047470
v 0.045664 0.086513 0.045068
v 0.042868 0.093949 0.059052
v 0.044034 0.110046 -0.366849
v 0.046413 0.111623 -0.318233
v 0.028798 0.113535 -0.321800
v 0.031694 0.110799 0.095101
v 0.054720 0.113633 0.097087
v 0.038248 0.153936 -0.036889
v 0.032106 0.105238 0.028170
v 0.025993 0.128984 0.038200
v 0.032247 0.113319 0.007979
v 0.031262 0.108299 0.037270
v 0.032288 0.107583 0.061103
v 0.020544 0.120141 0.062407
v 0.026772 0.121346 0.051982
v 0.019172 0.109477 0.070204
v 0.042527 0.128114 0.111844
v 0.043290 0.149266 -0.053633
v 0.030578 0.139282 0.000446
v 0.038518 0.145366 0.130746
v 0.036822 0.155493 -0.284415
v 0.050755 0.146355 -0.281901
v 0.033684 0.177177 -0.264527
v 0.046329 0.176552 -0.105741
v 0.040724 0.169978 -0.059441
v 0.040508 0.191940 -0.070373
v 0.029743 0.180633 0.060100
v 0.043385 0.164604 0.164132
v 0.043887 0.181284 -0.316137
v 0.041718 0.181177 -0.249821
v 0.027847 0.199677 -0.247270
v 0.042911 0.197275 -0.108547
v 0.032987 0.192181 0.207796
v 0.040036 0.202001 0.219200
v 0.044079 0.209658 -0.291341
v 0.030228 0.209027 -0.235560
v 0.045364 0.198027 -0.216979
v 0.038145 0.202409 -0.230181
v 0.042606 0.212881 -0.130457
v 0.040335 0.205907 -0.061435
v 0.042291 0.222450 -0.043415
v 0.037768 0.194027 -0.030961
v 0.038738 0.202601 -0.016534
v 0.044164 0.225661 -0.001933
v 0.036005 0.197694 0.042922
v 0.046487 0.233927 0.031265
v 0.034286 0.214003 0.077851
v 0.047240 0.229728 -0.272244
v 0.029487 0.223246 -0.223874
v 0.030228 0.209027 -0.235560
v 0.029487 0.223246 -0.223874
v 0.038825 0.227326 -0.202959
v 0.043554 0.220279 -0.190607
v 0.040845 0.245852 -0.178870
v 0.041211 0.222628 -0.099573
v 0.042948 0.235331 -0.071729
v 0.040069 0.223764 0.061820
v 0.042315 0.243215 0.081069
v 0.033770 0.231723 0.094533
v 0.028126 0.224448 0.262236
v 0.028226 0.244719 -0.271866
v 0.031644 0.231241 -0.213990
v 0.028829 0.242044 -0.210069
v 0.033208 0.252669 -0.195500
v 0.026357 0.254083 -0.207243
v 0.031644 0.231241 -0.213990
v 0.042942 0.251400 -0.110434
v 0.043360 0.253642 -0.142246
v 0.036212 0.253214 0.108662
v 0.027945 0.239515 0.109891
v 0.021874 0.245155 0.123018
v 0.041704 0.245817 0.267904
v 0.045964 0.231589 0.250417
v 0.040319 0.269810 -0.248212
v 0.034876 0.267596 -0.185533
v 0.025736 0.266875 -0.202768
v 0.043477 0.263241 0.095213
v 0.041518 0.259248 0.277499
v 0.041896 0.273004 0.285391
v 0.032183 0.273640 0.295873
v 0.026592 0.281628 -0.197739
v 0.033813 0.290504 -0.183635
v 0.041156 0.285269 0.113305
v 0.036233 0.267791 0.121093
v 0.026346 0.285107 0.214103
v 0.033355 0.291359 0.191299
v 0.047348 0.292604 0.287965
v 0.029688 0.286918 0.303409
v 0.032185 0.273795 0.295302
v 0.021027 0.273503 0.305236
v 0.029688 0.286918 0.303409
v 0.043446 0.292933 -0.231800
v 0.043541 0.292964 -0.231859
v 0.037615 0.304765 -0.231082
v 0.049589 0.303237 -0.219190
v 0.027958 0.292003 -0.193031
v 0.043778 0.305985 0.109284
v 0.036994 0.291011 0.142623
v 0.040447 0.311647 0.133509
v 0.031138 0.309225 0.213258
v 0.025499 0.300218 0.222983
v 0.036998 0.300530 0.301379
v 0.029108 0.317739 -0.233542
v 0.037615 0.304765 -0.231082
v 0.041466 0.317934 -0.221579
v 0.033720 0.327764 -0.177149
v 0.027074 0.306368 -0.191134
v 0.039990 0.299671 -0.169815
v 0.045640 0.321686 -0.152433
v 0.042650 0.342164 -0.160009
v 0.044228 0.325340 0.117539
v 0.024332 0.316575 0.229867
v 0.043031 0.317277 0.300349
v 0.036998 0.300530 0.301379
v 0.034206 0.329712 -0.225522
v 0.042785 0.333151 0.131584
v 0.038619 0.311427 0.174696
v 0.042971 0.352164 0.179176
v 0.039475 0.340541 0.309506
v 0.029436 0.333978 0.317912
v 0.035472 0.323376 0.309317
v 0.035472 0.323376 0.309317
v 0.029512 0.333961 0.317993
v 0.033921 0.346104 -0.223308
v 0.047410 0.362690 0.137190
v 0.041069 0.360645 0.194546
v 0.043593 0.358401 -0.212768
v 0.033921 0.346104 -0.223308
v 0.025814 0.370176 -0.232027
v 0.034581 0.372218 0.320044
v 0.039777 0.356888 0.312488
v 0.025493 0.387014 -0.235557
v 0.045024 0.389261 -0.216476
v 0.044713 0.380675 -0.157635
v 0.035375 0.375486 -0.173522
v 0.043217 0.392561 0.193893
v 0.035660 0.376642 0.215584
v 0.026094 0.392383 0.232280
v 0.041251 0.386907 0.315611
v 0.034581 0.372218 0.320044
v 0.036028 0.405085 0.211254
v 0.041179 0.386910 0.315547
v 0.034631 0.396550 -0.230320
v 0.039954 0.410897 -0.231479
v 0.032448 0.406516 -0.183234
v 0.031437 0.420062 0.212759
v 0.027223 0.415741 0.222100
v 0.034355 0.431866 -0.247791
v 0.044757 0.425875 -0.234977
v 0.027234 0.420675 -0.192613
v 0.039279 0.422870 -0.176366
v 0.032677 0.445210 -0.188592
v 0.044549 0.433230 0.149288
v 0.041301 0.431709 0.176845
v 0.038770 0.445255 0.158694
v 0.037600 0.439039 0.181008
v 0.043004 0.414725 0.185513
v 0.037801 0.422288 0.198072
v 0.033076 0.437058 0.195876
v 0.028433 0.433837 0.207593
v 0.031437 0.420062 0.212759
v 0.019937 0.428671 0.225172
v 0.028433 0.433837 0.207593
v 0.027223 0.415741 0.222100
v 0.042379 0.421614 0.317215
v 0.026610 0.450803 -0.265362
v 0.042415 0.444758 -0.249344
v 0.041509 0.453711 -0.256579
v 0.034355 0.431866 -0.247791
v 0.042415 0.444758 -0.249344
v 0.047496 0.439739 -0.240886
v 0.029461 0.460727 0.150719
v 0.033160 0.454264 0.162738
v 0.029400 0.454005 0.178575
v 0.029400 0.454005 0.178575
v 0.037600 0.439039 0.181008
v 0.033076 0.437058 0.195876
v 0.040646 0.492063 -0.284110
v 0.038024 0.468955 -0.177653
v 0.027724 0.476060 -0.190365
v 0.026716 0.465385 -0.195546
v 0.025256 0.453877 -0.199079
v 0.044854 0.467612 -0.068501
v 0.044046 0.464891 -0.054580
v 0.042149 0.462108 -0.040242
v 0.034051 0.464002 -0.018164
v 0.027925 0.461830 0.029733
v 0.022236 0.465403 0.092597
v 0.030839 0.457883 0.061872
v 0.033160 0.454264 0.162738
v 0.042557 0.471151 -0.164764
v 0.039633 0.486876 -0.154180
v 0.036337 0.494264 -0.145289
v 0.041112 0.487238 -0.129682
v 0.041858 0.483500 -0.111320
v 0.042418 0.478932 -0.094666
v 0.022304 0.490428 -0.190132
v 0.036337 0.494264 -0.145289
v 0.042927 0.587129 -0.309763
v 0.033953 0.608451 -0.313927
v 0.066844 0.668706 0.303515
v 0.034908 0.672916 -0.301516
v 0.044747 0.660813 -0.300822
v 0.023675 0.678119 -0.304615
v 0.043726 0.679739 -0.295043
v 0.034908 0.672916 -0.301516
v 0.043726 0.679739 -0.295043
v 0.066033 0.703215 0.301886
v 0.037530 0.778206 0.301420
v 0.044257 0.802750 0.284273
v 0.040602 0.827407 -0.182380
v 0.052164 0.829510 0.257738
v 0.049233 0.819871 0.268605
v 0.046517 0.849539 -0.151860
v 0.053888 0.858213 0.222476
v 0.045144 0.859263 0.231028
v 0.045144 0.859263 0.231028
v 0.041597 0.872537 -0.122661
v 0.034000 0.869848 0.229613
v 0.045068 0.898155 -0.071935
v 0.054665 0.893307 0.150157
v 0.054048 0.907745 -0.030383
v 0.037156 0.917887 -0.007042
v 0.037309 0.920908 0.026335
v 0.066318 0.899895 0.106815
v 0.037843 0.921196 0.102811
v 0.043160 0.915858 0.111600
v 0.043160 0.915858 0.111600
v 0.033317 0.920734 0.122887
v 0.055377 0.905692 0.115708
v 0.033317 0.920734 0.122887
v 0.027349 0.917554 0.151022
v 0.042471 0.920694 0.057780
v 0.038215 0.922276 0.088452
v 0.025337 0.926222 0.129351
v 0.032105 -0.101696 -0.301060
v 0.052896 -0.117438 -0.251492
v 0.060389 -0.121375 -0.180846
v 0.068753 -0.110533 -0.146522
v 0.062341 -0.102824 -0.133674
v 0.064400 -0.088225 -0.321113
v 0.063048 -0.071095 -0.351110
v 0.044160 -0.082256 -0.110505
v 0.055878 -0.073502 -0.103217
v 0.042678 -0.064556 -0.098868
v 0.064136 -0.056006 -0.092697
v 0.059983 -0.042133 -0.377852
v 0.045040 -0.008739 -0.392320
v 0.055195 -0.018951 -0.314147
v 0.056332 -0.008990 -0.323850
v 0.067673 -0.023221 -0.286781
v 0.058959 -0.022241 -0.262544
v 0.048768 -0.001060 -0.212014
v 0.060961 -0.009574 -0.091599
v 0.051995 -0.026117 -0.088650
v 0.058703 0.008127 -0.331715
v 0.059071 0.023831 -0.334983
v 0.050999 0.009145 -0.152082
v 0.053657 0.009360 -0.175030
v 0.039503 0.004536 -0.171371
v 0.040826 0.004765 -0.127925
v 0.036538 0.005477 -0.152790
v 0.056700 0.010307 -0.134407
v 0.054248 0.004236 -0.113433
v 0.066520 0.013245 -0.118472
v 0.043747 -0.009567 -0.093850
v 0.056335 -0.002082 -0.100944
v 0.060961 -0.009574 -0.091599
v 0.059980 0.009785 -0.197711
v 0.048468 0.005357 -0.190640
v 0.060811 0.014107 -0.172628
v 0.044538 0.033129 -0.339974
v 0.063229 0.042794 -0.333081
v 0.019837 0.039958 -0.397458
v 0.075340 0.043938 -0.381891
v 0.059057 0.061119 -0.332860
v 0.060265 0.082911 -0.045502
v 0.064178 0.069707 -0.033070
v 0.049827 0.077169 -0.009732
v 0.063360 0.063842 -0.017367
v 0.052602 0.070073 0.003919
v 0.060973 0.061809 0.004789
v 0.052475 0.070541 0.020891
v 0.061399 0.064754 0.027145
v 0.060038 0.078210 0.046263
v 0.054912 0.075238 0.037313
v 0.052475 0.070541 0.020891
v 0.042868 0.093949 0.059052
v 0.056102 0.088980 0.057608
v 0.047792 0.097239 0.074669
v 0.067051 0.108301 -0.357975
v 0.056808 0.126475 -0.298008
v 0.057709 0.096361 -0.056533
v 0.049185 0.113050 -0.045024
v 0.058115 0.098748 0.078095
v 0.059992 0.138885 -0.341872
v 0.035934 0.136502 -0.303056
v 0.056450 0.124767 -0.083433
v 0.057216 0.129240 0.109605
v 0.059737 0.136923 -0.283023
v 0.060973 0.145576 -0.266522
v 0.050820 0.146417 -0.281964
v 0.062361 0.142283 -0.151472
v 0.057078 0.141427 -0.113617
v 0.048006 0.155917 -0.084592
v 0.063306 0.144327 0.122444
v 0.051286 0.143551 0.126640
v 0.064849 0.147141 -0.251516
v 0.049720 0.158204 -0.268101
v 0.048597 0.175590 -0.241184
v 0.058990 0.162169 -0.231749
v 0.064171 0.152921 -0.226996
v 0.052296 0.180994 -0.186624
v 0.056506 0.162715 -0.164972
v 0.058318 0.166079 -0.206302
v 0.051586 0.180579 -0.216219
v 0.055818 0.181691 0.176918
v 0.045225 0.185236 0.189394
v 0.070342 0.195345 -0.284554
v 0.047910 0.196927 -0.196202
v 0.048135 0.194657 -0.170402
v 0.056319 0.200335 0.200492
v 0.043793 0.222301 -0.168128
v 0.061700 0.212052 0.208885
v 0.045253 0.213340 0.230089
v 0.056181 0.243931 -0.253410
v 0.047495 0.246511 -0.035818
v 0.043180 0.250495 -0.160562
v 0.045810 0.257368 -0.084473
v 0.054708 0.264316 0.046732
v 0.043649 0.279972 -0.153990
v 0.040837 0.272420 -0.168765
v 0.066918 0.251648 0.239800
v 0.051407 0.243907 0.254405
v 0.041852 0.245715 0.268033
v 0.042117 0.272909 0.285595
v 0.041518 0.259248 0.277499
v 0.062507 0.257549 -0.237566
v 0.063540 0.268531 -0.228190
v 0.051191 0.281806 -0.230984
v 0.059500 0.282393 0.008781
v 0.054676 0.279898 -0.039249
v 0.056766 0.267343 0.020342
v 0.054544 0.280882 0.066436
v 0.058999 0.279497 0.041725
v 0.062157 0.282688 0.265923
v 0.051191 0.281806 -0.230984
v 0.064031 0.293185 -0.206988
v 0.061028 0.314882 -0.197530
v 0.044230 0.299019 -0.155255
v 0.057007 0.309099 -0.063893
v 0.057257 0.303498 0.068215
v 0.060949 0.296778 0.046410
v 0.048899 0.320971 -0.211941
v 0.059538 0.325193 -0.043903
v 0.061570 0.336799 0.283376
v 0.047146 0.337629 0.301041
v 0.043864 0.334359 -0.214689
v 0.049921 0.340516 -0.137273
v 0.059623 0.341285 0.077283
v 0.051049 0.359265 0.110838
v 0.058810 0.356340 -0.101440
v 0.057889 0.368661 -0.113647
v 0.060135 0.375083 -0.092948
v 0.039777 0.356888 0.312488
v 0.059955 0.352350 -0.190672
v 0.071123 0.377152 -0.175782
v 0.048865 0.368401 -0.146352
v 0.056989 0.404507 -0.130219
v 0.059440 0.363930 -0.048760
v 0.046739 0.381935 0.171541
v 0.058366 0.383856 0.295528
v 0.059860 0.395863 -0.113131
v 0.061592 0.384825 0.002017
v 0.056683 0.401128 -0.206513
v 0.058547 0.411105 0.012003
v 0.061093 0.393665 0.030692
v 0.041818 0.404510 0.316807
v 0.044757 0.425875 -0.234977
v 0.057077 0.416746 -0.215662
v 0.059433 0.426378 -0.112204
v 0.057758 0.433866 -0.052582
v 0.060957 0.414257 -0.048202
v 0.051721 0.399705 0.114758
v 0.047230 0.421805 0.153880
v 0.048131 0.400660 0.162056
v 0.039832 0.451077 -0.176825
v 0.050455 0.433338 -0.152241
v 0.053013 0.439740 -0.031640
v 0.055161 0.423576 0.011754
v 0.049474 0.436756 0.016939
v 0.048857 0.426345 0.093019
v 0.045935 0.437717 0.074102
v 0.044991 0.437521 0.112979
v 0.063647 0.434996 0.293299
v 0.042382 0.421830 0.317222
v 0.041367 0.453849 -0.256406
v 0.053565 0.463425 -0.252514
v 0.063108 0.442187 -0.225781
v 0.050700 0.455228 -0.059476
v 0.046162 0.449410 -0.016005
v 0.040991 0.452577 0.006007
v 0.041937 0.453977 -0.006716
v 0.039652 0.448998 0.050618
v 0.040508 0.447126 0.065855
v 0.038982 0.448574 0.086701
v 0.036615 0.451647 0.077087
v 0.038681 0.449069 0.103402
v 0.039212 0.449144 0.120352
v 0.051626 0.480659 0.310623
v 0.045318 0.455330 0.315921
v 0.042479 0.439575 0.318039
v 0.045318 0.455330 0.315921
v 0.041366 0.470943 0.320456
v 0.075070 0.475944 -0.238844
v 0.059185 0.477323 -0.258106
v 0.047907 0.467008 -0.146576
v 0.049540 0.468924 -0.131290
v 0.048027 0.473382 -0.111237
v 0.052497 0.457496 -0.082318
v 0.044393 0.472309 -0.079439
v 0.044854 0.467612 -0.068501
v 0.043788 0.464635 -0.054374
v 0.042149 0.462108 -0.040242
v 0.041927 0.458308 -0.025822
v 0.061716 0.474820 0.298929
v 0.059185 0.477323 -0.258106
v 0.041858 0.483500 -0.111320
v 0.042418 0.478932 -0.094666
v 0.041391 0.470943 0.320483
v 0.051569 0.480664 0.310570
v 0.049163 0.495156 0.313934
v 0.048800 0.511769 0.314270
v 0.044368 0.534780 0.318307
v 0.044321 0.528427 -0.300511
v 0.068166 0.523042 -0.278931
v 0.055895 0.527522 0.308046
v 0.055271 0.555227 -0.299427
v 0.044713 0.569422 0.317893
v 0.065791 0.556453 0.300847
v 0.059238 0.593321 0.307764
v 0.050339 0.614245 0.313895
v 0.066578 0.661609 -0.288272
v 0.058222 0.676977 -0.287902
v 0.067336 0.685915 -0.278531
v 0.058309 0.676955 -0.287854
v 0.058152 0.714773 -0.269395
v 0.042874 0.736226 -0.264582
v 0.061659 0.754438 -0.239791
v 0.073221 0.728306 0.293329
v 0.060484 0.765783 0.290623
v 0.063146 0.792094 -0.205271
v 0.061591 0.838765 -0.154690
v 0.061207 0.883828 -0.085944
v 0.052353 0.878231 0.189559
v 0.061924 0.898613 -0.050948
v 0.076550 0.890565 0.112390
v 0.064488 0.907851 0.006655
v 0.074983 0.903652 0.044129
v 0.075903 -0.106611 -0.274274
v 0.084109 -0.095740 -0.291494
v 0.066123 -0.114133 -0.260210
v 0.081118 -0.103506 -0.127717
v 0.067266 -0.093796 -0.119231
v 0.069286 -0.070718 -0.098992
v 0.098566 -0.071339 -0.091031
v 0.055878 -0.073502 -0.103217
v 0.077948 -0.045267 -0.086296
v 0.080095 -0.036054 -0.373304
v 0.072153 -0.050974 -0.367209
v 0.059983 -0.042133 -0.377852
v 0.072153 -0.050974 -0.367209
v 0.060281 -0.039373 -0.089017
v 0.080028 -0.022853 -0.379077
v 0.077957 -0.009441 -0.383402
v 0.068050 -0.009415 -0.315340
v 0.068050 -0.009415 -0.315340
v 0.076262 -0.013192 -0.301199
v 0.080591 0.001890 -0.309464
v 0.076456 -0.013472 -0.301482
v 0.051927 -0.026612 -0.301226
v 0.077564 -0.017365 -0.285180
v 0.076059 -0.014683 -0.268786
v 0.068327 -0.007416 -0.244155
v 0.076905 -0.007486 -0.087618
v 0.069160 -0.022863 -0.086673
v 0.079704 0.007963 -0.384652
v 0.068706 0.000288 -0.321167
v 0.080854 -0.001505 -0.252388
v 0.065326 0.005926 -0.216864
v 0.069212 0.015211 -0.204618
v 0.068395 0.006612 -0.105047
v 0.045605 0.021799 -0.393732
v 0.074576 0.030189 -0.384921
v 0.077789 0.008908 -0.229946
v 0.078755 0.017396 -0.219103
v 0.068385 0.019143 -0.189836
v 0.079902 0.029187 -0.200722
v 0.069212 0.015211 -0.204618
v 0.073300 0.024503 -0.163739
v 0.074278 0.025706 -0.180278
v 0.069490 0.019805 -0.149557
v 0.070458 0.019615 -0.133120
v 0.068395 0.006612 -0.105047
v 0.078758 0.008366 -0.094280
v 0.077374 0.018138 -0.108022
v 0.078122 0.037730 -0.323978
v 0.074278 0.025706 -0.180278
v 0.073300 0.024503 -0.163739
v 0.079569 0.033842 -0.168019
v 0.081728 0.036366 -0.193220
v 0.079290 0.030158 -0.142595
v 0.092071 0.055827 -0.371950
v 0.081265 0.054659 -0.070048
v 0.076647 0.058446 -0.057821
v 0.077402 0.055752 -0.042004
v 0.070718 0.065107 -0.044260
v 0.073405 0.058584 0.019194
v 0.088960 0.059659 0.022206
v 0.060973 0.061809 0.004789
v 0.073411 0.064332 0.031679
v 0.077745 0.074422 -0.089124
v 0.073447 0.074926 -0.074407
v 0.078015 0.073973 0.044119
v 0.088202 0.080799 -0.362129
v 0.066254 0.086067 -0.321972
v 0.078506 0.087928 -0.309759
v 0.068587 0.106416 -0.102135
v 0.068331 0.088667 0.059206
v 0.070830 0.109431 -0.301565
v 0.075574 0.104546 -0.131673
v 0.071643 0.107724 0.081537
v 0.078802 0.114537 -0.283433
v 0.085794 0.105658 -0.275048
v 0.075435 0.128158 -0.265412
v 0.068325 0.128164 -0.283438
v 0.081462 0.121215 -0.252149
v 0.084283 0.113744 -0.230711
v 0.069262 0.140426 -0.206887
v 0.070600 0.127401 0.100963
v 0.075307 0.149040 -0.322967
v 0.068325 0.128164 -0.283438
v 0.059737 0.136923 -0.283023
v 0.073004 0.126621 -0.188466
v 0.064795 0.167737 -0.314530
v 0.073518 0.160200 0.134633
v 0.084168 0.167418 -0.297662
v 0.067945 0.194780 0.180198
v 0.079771 0.185968 0.156957
v 0.063794 0.173233 0.160366
v 0.076821 0.195614 0.170903
v 0.079810 0.205063 0.176455
v 0.078208 0.215377 0.189148
v 0.069773 0.214235 0.199968
v 0.073716 0.215275 -0.262327
v 0.069706 0.225052 -0.257425
v 0.067401 0.237292 -0.248749
v 0.071635 0.245247 -0.236730
v 0.078208 0.215377 0.189148
v 0.069773 0.214235 0.199968
v 0.072463 0.230442 0.212345
v 0.062154 0.220895 0.218279
v 0.061700 0.212052 0.208885
v 0.077224 0.249789 -0.224712
v 0.079737 0.244603 0.210901
v 0.061088 0.231928 0.232095
v 0.057987 0.240677 0.243323
v 0.062513 0.257553 -0.237572
v 0.083551 0.275901 -0.185962
v 0.075107 0.294998 -0.187215
v 0.069819 0.271506 0.247806
v 0.062409 0.317824 0.004315
v 0.077671 0.305321 0.247957
v 0.069478 0.312626 0.264864
v 0.061374 0.335578 -0.190866
v 0.077034 0.327458 -0.166050
v 0.061774 0.318783 0.046351
v 0.072466 0.354680 -0.170429
v 0.081084 0.352388 -0.154075
v 0.060612 0.351776 0.074631
v 0.062565 0.365894 0.036088
v 0.060597 0.375560 0.064019
v 0.069149 0.379386 0.279438
v 0.079412 0.357225 0.257731
v 0.060697 0.411605 -0.086401
v 0.060677 0.400361 -0.022741
v 0.079925 0.421017 -0.184528
v 0.075650 0.396910 -0.176117
v 0.058146 0.419230 -0.021989
v 0.079727 0.445877 -0.205628
v 0.075191 0.464885 0.279438
v 0.078217 0.508207 0.281204
v 0.065524 0.516413 0.297349
v 0.062786 0.514229 -0.279291
v 0.068003 0.523104 -0.278722
v 0.062786 0.514229 -0.279291
v 0.068363 0.502997 -0.267336
v 0.080162 0.504189 -0.253380
v 0.069200 0.538525 -0.282904
v 0.069289 0.538548 -0.282997
v 0.064915 0.539665 0.300216
v 0.064915 0.539665 0.300216
v 0.055895 0.527522 0.308046
v 0.070244 0.553232 -0.285756
v 0.065708 0.556459 0.300751
v 0.074053 0.562225 0.293182
v 0.070008 0.569659 -0.288999
v 0.078185 0.579383 -0.283570
v 0.076771 0.602009 0.295119
v 0.075808 0.640381 0.298275
v 0.075522 0.642456 -0.286921
v 0.082531 0.677848 -0.270647
v 0.077157 0.695419 -0.267289
v 0.077001 0.736082 -0.242716
v 0.088067 0.737762 0.279952
v 0.076203 0.800667 -0.186445
v 0.077454 0.850096 -0.124817
v 0.090390 0.823238 0.226275
v 0.084528 0.833280 0.220789
v 0.059814 0.867095 -0.116200
v 0.076882 0.873945 -0.087224
v 0.066321 0.851732 0.216859
v 0.079136 0.846018 0.210162
v 0.077054 0.892268 -0.043770
v 0.075571 0.899006 -0.019925
v 0.085401 0.894416 0.066772
v 0.076593 0.890620 0.112408
v 0.066257 0.899808 0.106792
v 0.094784 -0.129645 -0.201570
v 0.093111 -0.129311 -0.186264
v 0.054721 -0.121073 -0.235981
v 0.096290 -0.127349 -0.217493
v 0.062060 -0.124566 -0.215919
v 0.083170 -0.122218 -0.163932
v 0.085652 -0.113146 -0.142382
v 0.105063 -0.109671 -0.252827
v 0.104484 -0.095286 -0.276685
v 0.073832 -0.083328 -0.106705
v 0.093060 -0.063296 -0.342653
v 0.100422 -0.051481 -0.081973
v 0.085859 -0.045948 -0.364509
v 0.099767 -0.052852 -0.350876
v 0.085859 -0.045948 -0.364509
v 0.099022 -0.038386 -0.361578
v 0.103091 0.001104 -0.373786
v 0.084925 -0.004328 -0.295009
v 0.077564 -0.017365 -0.285180
v 0.086237 -0.007795 -0.280843
v 0.076059 -0.014683 -0.268786
v 0.082686 -0.006884 -0.265690
v 0.082686 -0.006884 -0.265690
v 0.087129 -0.013180 -0.080423
v 0.098571 -0.031003 -0.076613
v 0.100735 -0.004932 -0.070700
v 0.080854 -0.001505 -0.252388
v 0.091539 0.006854 -0.266003
v 0.077789 0.008908 -0.229946
v 0.087813 0.012495 -0.244821
v 0.076315 0.003093 -0.237038
v 0.078758 0.008366 -0.094280
v 0.070404 0.001003 -0.093879
v 0.087214 0.000371 -0.081696
v 0.097399 0.026701 -0.376522
v 0.073771 0.021520 -0.326316
v 0.076975 0.009598 -0.319951
v 0.087035 0.025445 -0.311884
v 0.090022 0.008628 -0.300228
v 0.091964 0.005392 -0.285194
v 0.095077 0.023921 -0.289950
v 0.085923 0.028368 -0.222388
v 0.094949 0.026078 -0.249983
v 0.078755 0.017396 -0.219103
v 0.081793 0.034032 -0.110047
v 0.082107 0.037897 -0.124328
v 0.077434 0.022340 -0.118276
v 0.092053 0.009587 -0.074517
v 0.086702 0.022656 -0.084578
v 0.091086 0.026444 -0.070363
v 0.095939 0.043754 -0.373828
v 0.091839 0.035506 -0.304603
v 0.094248 0.054240 -0.298943
v 0.090426 0.050630 -0.212832
v 0.086527 0.050854 -0.187260
v 0.085776 0.055797 -0.161713
v 0.097401 0.028647 -0.057666
v 0.087135 0.042954 -0.060086
v 0.097597 0.036367 -0.046618
v 0.097597 0.036367 -0.046618
v 0.094089 0.044054 -0.036132
v 0.086357 0.048013 -0.046418
v 0.084105 0.063928 -0.314103
v 0.084548 0.049900 -0.316296
v 0.096469 0.046333 -0.243084
v 0.090633 0.067940 -0.203539
v 0.083807 0.050437 -0.089511
v 0.083369 0.050688 -0.108876
v 0.085877 0.041878 -0.076591
v 0.086357 0.048013 -0.046418
v 0.077466 0.055831 -0.042024
v 0.090545 0.049797 -0.021738
v 0.077978 0.054139 -0.017537
v 0.090347 0.052636 -0.005267
v 0.095286 0.054486 0.008433
v 0.080372 0.076276 -0.315968
v 0.071086 0.065053 -0.325652
v 0.089698 0.078565 -0.297989
v 0.084105 0.063928 -0.314103
v 0.094152 0.065493 -0.293821
v 0.082090 0.068310 -0.108942
v 0.084391 0.065956 -0.142628
v 0.092932 0.075775 0.038067
v 0.080372 0.076276 -0.315968
v 0.078506 0.087928 -0.309759
v 0.095451 0.081491 -0.269018
v 0.082338 0.094581 -0.299171
v 0.090277 0.100329 -0.257293
v 0.091144 0.094342 -0.227442
v 0.084665 0.082447 -0.170518
v 0.093697 0.080764 -0.226113
v 0.083076 0.094422 -0.178491
v 0.078896 0.093928 -0.130066
v 0.093845 0.102940 0.059909
v 0.082338 0.094581 -0.299171
v 0.079953 0.092515 0.059756
v 0.084256 0.106677 0.071367
v 0.085855 0.123292 -0.336767
v 0.095229 0.139135 -0.313663
v 0.096707 0.116871 0.068824
v 0.093449 0.124679 0.079031
v 0.081907 0.140758 0.104142
v 0.091658 0.152093 -0.304657
v 0.073666 0.142956 0.113427
v 0.094166 0.144987 0.095725
v 0.094766 0.135329 0.086689
v 0.091658 0.152093 -0.304657
v 0.084207 0.167455 -0.297703
v 0.092893 0.170525 -0.284582
v 0.096126 0.157760 0.102659
v 0.086023 0.157450 0.116648
v 0.083887 0.167515 0.130080
v 0.085811 0.184983 -0.278570
v 0.092920 0.170547 -0.284601
v 0.085811 0.184983 -0.278570
v 0.094808 0.181147 -0.270307
v 0.077162 0.173058 0.146490
v 0.083887 0.167515 0.130080
v 0.090412 0.174174 0.125917
v 0.084594 0.195269 -0.269151
v 0.096470 0.191614 -0.255337
v 0.099829 0.181357 0.111722
v 0.086189 0.197938 0.158063
v 0.079771 0.185968 0.156957
v 0.076821 0.195614 0.170903
v 0.076691 0.203406 -0.270592
v 0.096889 0.213940 0.143912
v 0.094508 0.215404 0.155110
v 0.090985 0.217958 0.168081
v 0.079810 0.205063 0.176455
v 0.082399 0.222197 0.188600
v 0.093244 0.220017 -0.227109
v 0.088450 0.248106 -0.203805
v 0.096022 0.242528 -0.186026
v 0.097328 0.239828 0.167513
v 0.081637 0.277677 0.226385
v 0.093924 0.244047 0.178553
v 0.093106 0.269962 -0.163097
v 0.084451 0.301037 -0.161958
v 0.095795 0.274887 0.185621
v 0.091242 0.297761 -0.144995
v 0.096159 0.297070 -0.126237
v 0.088490 0.305690 0.221191
v 0.075781 0.313885 -0.174551
v 0.091186 0.319078 -0.133200
v 0.084809 0.336144 -0.145962
v 0.094575 0.339152 -0.117231
v 0.091075 0.359760 0.229656
v 0.082832 0.379174 -0.155079
v 0.093161 0.371748 -0.126048
v 0.082104 0.427582 0.262198
v 0.086102 0.410738 -0.164091
v 0.094603 0.406952 -0.141157
v 0.099341 0.433521 -0.149275
v 0.093794 0.424448 0.234422
v 0.099293 0.456310 -0.173468
v 0.098315 0.469726 -0.190991
v 0.098578 0.481266 0.239768
v 0.093360 0.470355 -0.202982
v 0.085139 0.480937 0.265636
v 0.091546 0.492427 -0.227005
v 0.099832 0.522160 0.250457
v 0.085407 0.534908 -0.263311
v 0.093143 0.539413 0.266251
v 0.082565 0.569094 0.285334
v 0.091574 0.558693 -0.264183
v 0.096704 0.589255 -0.265122
v 0.094374 0.591892 0.277203
v 0.083403 0.580655 0.286277
v 0.079649 0.615546 -0.285579
v 0.087470 0.599878 -0.276466
v 0.087470 0.599878 -0.276466
v 0.094232 0.609985 -0.271305
v 0.096206 0.607060 0.278212
v 0.083362 0.580663 0.286235
v 0.094394 0.591890 0.277221
v 0.090495 0.622542 -0.274655
v 0.102200 0.619727 0.274627
v 0.094741 0.637196 0.284247
v 0.094593 0.660962 -0.265744
v 0.089706 0.635902 -0.274580
v 0.096751 0.674876 -0.258562
v 0.077100 0.695376 -0.267248
v 0.096075 0.690547 -0.253144
v 0.086001 0.701494 -0.256641
v 0.086001 0.701494 -0.256641
v 0.090934 0.708941 0.284342
v 0.085946 0.715128 -0.248869
v 0.097413 0.705151 -0.244596
v 0.085946 0.715128 -0.248869
v 0.092328 0.720670 -0.239841
v 0.095774 0.729166 -0.231436
v 0.096849 0.740585 -0.221717
v 0.081453 0.763430 -0.217399
v 0.089710 0.779706 -0.195262
v 0.102071 0.775014 -0.186949
v 0.097011 0.753869 0.266962
v 0.077783 0.775858 0.272949
v 0.085471 0.788474 0.259617
v 0.087541 0.801932 0.248210
v 0.097552 0.804460 -0.161122
v 0.080595 0.829193 -0.149344
v 0.094460 0.813155 0.231805
v 0.096317 0.850871 0.174958
v 0.094226 0.831728 0.211517
v 0.084525 0.833277 0.220786
v 0.103688 0.847724 -0.094725
v 0.093887 0.868913 -0.072490
v 0.094006 0.861012 0.156561
v 0.097684 0.871497 -0.059660
v 0.093076 0.883248 0.094230
v 0.084386 0.886604 0.105918
v 0.093196 0.875612 0.119682
v 0.096783 0.884275 -0.020207
v 0.080007 0.900572 0.022353
v 0.100288 0.886372 0.031007
v 0.093222 0.883438 0.094274
v 0.091442 0.888648 0.073722
v 0.119491 -0.134911 -0.178296
v 0.115610 -0.133270 -0.196117
v 0.105647 -0.129534 -0.166911
v 0.117572 -0.127953 -0.149680
v 0.102558 -0.119761 -0.236302
v 0.110102 -0.128427 -0.213105
v 0.114119 -0.108241 -0.119973
v 0.108125 -0.093020 -0.104287
v 0.091653 -0.071605 -0.331149
v 0.108826 -0.082241 -0.294708
v 0.110795 -0.076407 -0.091040
v 0.107992 -0.066182 -0.324460
v 0.116785 -0.054733 -0.330361
v 0.119660 -0.060766 -0.317525
v 0.098621 -0.071203 -0.091312
v 0.099022 -0.038386 -0.361578
v 0.110569 -0.041866 -0.351914
v 0.114664 -0.052624 -0.079911
v 0.110685 -0.033139 -0.072816
v 0.098426 -0.026241 -0.368457
v 0.109974 -0.026461 -0.360927
v 0.110569 -0.041866 -0.351914
v 0.109974 -0.026461 -0.360927
v 0.102971 -0.014128 -0.369896
v 0.120080 -0.004889 -0.359696
v 0.098426 -0.026241 -0.368457
v 0.102966 0.001077 -0.373531
v 0.112255 0.004410 -0.061372
v 0.123821 0.009671 -0.057313
v 0.096663 0.024047 -0.269709
v 0.100090 0.017305 -0.062626
v 0.111132 0.024521 -0.050899
v 0.100090 0.017305 -0.062626
v 0.111820 0.023907 -0.370047
v 0.111881 0.041729 -0.365228
v 0.097286 0.055775 -0.283423
v 0.113925 0.032109 -0.042375
v 0.106216 0.041365 -0.032803
v 0.120509 0.059522 -0.352159
v 0.095919 0.064087 -0.237435
v 0.107305 0.054367 -0.003457
v 0.106154 0.060012 0.012930
v 0.097987 0.057593 -0.267418
v 0.112574 0.070025 0.016358
v 0.102801 0.070860 0.024673
v 0.093464 0.097694 -0.349036
v 0.111970 0.096067 -0.335509
v 0.114185 0.081911 0.022153
v 0.115804 0.093918 0.026235
v 0.102852 0.093858 0.042825
v 0.103319 0.083178 0.034095
v 0.103319 0.083178 0.034095
v 0.102852 0.093858 0.042825
v 0.115065 0.106360 -0.323115
v 0.101064 0.101492 0.051082
v 0.093935 0.102851 0.060014
v 0.107312 0.113665 0.049338
v 0.096707 0.116871 0.068824
v 0.104062 0.130098 -0.312559
v 0.115852 0.116271 -0.313137
v 0.104225 0.130144 -0.312654
v 0.106640 0.134291 0.060317
v 0.117636 0.121269 0.031526
v 0.094737 0.135296 0.086637
v 0.109735 0.158517 0.061391
v 0.094166 0.144987 0.095725
v 0.101632 0.156205 0.083874
v 0.111400 0.152799 -0.276773
v 0.120595 0.145169 -0.268359
v 0.112764 0.172846 -0.242128
v 0.101999 0.195364 -0.237928
v 0.111799 0.176963 0.061836
v 0.108589 0.189853 0.082984
v 0.103165 0.210540 -0.209260
v 0.115188 0.182337 -0.209020
v 0.100569 0.234350 -0.174133
v 0.111168 0.206271 -0.163910
v 0.109518 0.219246 -0.136801
v 0.112122 0.209821 0.080562
v 0.109906 0.222467 0.102989
v 0.108087 0.252584 -0.092795
v 0.108822 0.233772 -0.112656
v 0.112620 0.236800 0.097211
v 0.112281 0.269478 0.108057
v 0.102347 0.236533 0.140315
v 0.097449 0.264350 -0.148512
v 0.108573 0.275644 -0.068396
v 0.108165 0.258617 0.126386
v 0.111816 0.291265 -0.030982
v 0.107687 0.301080 -0.059608
v 0.112464 0.315753 0.119890
v 0.111297 0.332404 0.136013
v 0.111648 0.323049 -0.024083
v 0.105373 0.303487 0.155368
v 0.098282 0.319607 -0.105320
v 0.097197 0.326305 0.201214
v 0.107254 0.341283 -0.055404
v 0.111771 0.377335 0.152756
v 0.101879 0.381984 -0.097960
v 0.110726 0.381208 -0.046868
v 0.110075 0.412644 0.176508
v 0.098804 0.393794 -0.117350
v 0.103743 0.409075 0.200796
v 0.112008 0.409748 -0.061509
v 0.107184 0.435042 -0.118460
v 0.104730 0.449643 0.211985
v 0.112325 0.467878 -0.135513
v 0.116874 0.474664 -0.116475
v 0.109379 0.492175 0.217727
v 0.105416 0.512784 -0.215871
v 0.110274 0.475958 -0.158641
v 0.113627 0.486023 0.201426
v 0.110284 0.502868 -0.193003
v 0.095973 0.519125 -0.239173
v 0.110673 0.527286 0.231956
v 0.103616 0.548260 -0.242515
v 0.118209 0.534965 -0.199792
v 0.108839 0.578728 -0.246300
v 0.118411 0.561044 -0.218600
v 0.111444 0.569070 0.248820
v 0.097950 0.570437 0.267919
v 0.113011 0.588344 0.254342
v 0.110139 0.613472 -0.250701
v 0.112025 0.626498 0.266254
v 0.090495 0.622542 -0.274655
v 0.102200 0.619727 0.274627
v 0.096473 0.643683 -0.267328
v 0.089706 0.635902 -0.274580
v 0.110866 0.656307 -0.247626
v 0.093469 0.671014 0.286007
v 0.094518 0.660939 -0.265664
v 0.096751 0.674876 -0.258562
v 0.109450 0.691873 -0.238152
v 0.117994 0.678590 0.265569
v 0.096096 0.690561 -0.253166
v 0.115703 0.694256 -0.228607
v 0.117918 0.695179 0.264505
v 0.097413 0.705151 -0.244596
v 0.104617 0.714009 -0.232184
v 0.117263 0.714360 -0.216581
v 0.095750 0.729146 -0.231408
v 0.104617 0.714009 -0.232184
v 0.111480 0.716027 0.265787
v 0.096849 0.740585 -0.221717
v 0.105595 0.725793 -0.222849
v 0.105595 0.725793 -0.222849
v 0.107840 0.738388 -0.211085
v 0.100939 0.747382 -0.212344
v 0.109334 0.749300 -0.200805
v 0.109474 0.749389 -0.200910
v 0.112214 0.760357 -0.187641
v 0.120903 0.734087 0.251948
v 0.115893 0.760050 0.245698
v 0.112214 0.760357 -0.187641
v 0.113293 0.767665 -0.179618
v 0.114846 0.778096 -0.167105
v 0.111095 0.781465 0.238776
v 0.111261 0.765562 0.247985
v 0.104430 0.798310 0.233458
v 0.111065 0.781443 0.238747
v 0.104564 0.798425 0.233574
v 0.110158 0.801893 -0.147409
v 0.112389 0.790099 -0.157739
v 0.112169 0.815399 -0.127821
v 0.115419 0.805730 -0.134159
v 0.111248 0.823720 0.196073
v 0.115645 0.802831 0.215205
v 0.094448 0.813139 0.231789
v 0.094003 0.832213 -0.130864
v 0.109784 0.824345 -0.119030
v 0.090158 0.823010 0.226052
v 0.106118 0.836815 -0.106996
v 0.119486 0.820501 -0.106603
v 0.103414 0.847448 -0.094536
v 0.110729 0.848874 -0.078674
v 0.111425 0.850180 0.145953
v 0.110541 0.848721 -0.078601
v 0.108534 0.856867 -0.066475
v 0.111591 0.859564 -0.052998
v 0.114631 0.861839 -0.037276
v 0.111519 0.869378 -0.025466
v 0.108762 0.874868 -0.012145
v 0.106211 0.880051 0.005790
v 0.100786 0.885723 0.020137
v 0.116227 0.871691 0.032616
v 0.111211 0.864861 0.105422
v 0.094011 0.890875 0.010699
v 0.106211 0.880051 0.005790
v 0.101279 0.884323 0.047978
v 0.091537 0.888766 0.073741
v 0.096184 0.886958 0.060788
v 0.147462 -0.134924 -0.157631
v 0.130247 -0.134821 -0.160340
v 0.121979 -0.119986 -0.226198
v 0.132754 -0.128970 -0.205044
v 0.129541 -0.125693 -0.138251
v 0.133285 -0.118168 -0.126870
v 0.120068 -0.093077 -0.265229
v 0.119842 -0.108680 -0.243779
v 0.131797 -0.106665 -0.115369
v 0.127858 -0.093902 -0.104014
v 0.126302 -0.078138 -0.278943
v 0.129601 -0.085853 -0.263629
v 0.134206 -0.082251 -0.098335
v 0.124344 -0.072708 -0.089900
v 0.128866 -0.068391 -0.290347
v 0.128954 -0.060267 -0.083711
v 0.124344 -0.072708 -0.089900
v 0.115561 -0.045451 -0.342283
v 0.119660 -0.060766 -0.317525
v 0.128058 -0.046609 -0.323741
v 0.128382 -0.060579 -0.303845
v 0.134033 -0.044654 -0.079845
v 0.125888 -0.026827 -0.069984
v 0.119448 -0.027962 -0.351818
v 0.110569 -0.041866 -0.351914
v 0.133134 -0.019811 -0.337743
v 0.135303 -0.006221 -0.064903
v 0.121047 -0.012373 -0.064497
v 0.127860 0.024965 -0.047998
v 0.113925 0.032109 -0.042375
v 0.129643 0.031206 -0.042558
v 0.120094 0.035025 -0.360476
v 0.127968 0.042208 -0.351540
v 0.120328 0.059402 -0.351923
v 0.133051 0.058018 -0.339112
v 0.124853 0.041425 -0.028844
v 0.128442 0.076740 -0.333209
v 0.123256 0.068487 -0.343594
v 0.123256 0.068487 -0.343594
v 0.119291 0.063178 0.003999
v 0.127812 0.076732 0.003027
v 0.112574 0.070025 0.016358
v 0.129991 0.088624 0.002228
v 0.114185 0.081911 0.022153
v 0.111955 0.096055 -0.335492
v 0.115065 0.106360 -0.323115
v 0.120546 0.091213 -0.330036
v 0.125900 0.116579 -0.297830
v 0.129231 0.095850 -0.315875
v 0.122187 0.103078 0.016745
v 0.133023 0.120565 -0.275601
v 0.120086 0.140564 0.023109
v 0.125713 0.115048 0.011113
v 0.136104 0.100880 -0.013203
v 0.115116 0.151387 0.042185
v 0.135052 0.128715 -0.248062
v 0.120657 0.163845 -0.226488
v 0.122836 0.168369 -0.133116
v 0.128124 0.149575 -0.141714
v 0.130493 0.152025 -0.089577
v 0.130144 0.153026 -0.037096
v 0.121472 0.176968 0.002060
v 0.128004 0.143574 -0.007318
v 0.121877 0.157465 0.012694
v 0.122563 0.167543 -0.178849
v 0.117486 0.180808 -0.192481
v 0.116797 0.174007 0.032145
v 0.115792 0.195857 0.036187
v 0.113663 0.217340 0.067164
v 0.122937 0.181664 -0.083915
v 0.115375 0.223300 -0.067739
v 0.113603 0.257368 -0.037510
v 0.113891 0.296151 0.005102
v 0.112794 0.352483 -0.014870
v 0.114591 0.370847 0.124746
v 0.116156 0.400215 -0.008183
v 0.116050 0.437031 0.158038
v 0.113667 0.438583 -0.080990
v 0.117411 0.476989 0.180416
v 0.121708 0.449144 -0.008737
v 0.126738 0.481205 -0.013538
v 0.125569 0.460090 0.035195
v 0.126326 0.467343 0.102982
v 0.126694 0.463732 0.073310
v 0.123512 0.464919 0.131367
v 0.120253 0.462572 -0.057327
v 0.128285 0.504244 -0.060981
v 0.130171 0.483340 0.044550
v 0.131753 0.489966 0.081026
v 0.129895 0.489397 0.112492
v 0.128606 0.496725 0.140683
v 0.123279 0.486403 0.159999
v 0.132798 0.498909 0.017508
v 0.129317 0.551714 -0.171633
v 0.123330 0.509835 -0.134480
v 0.124140 0.519067 0.190256
v 0.126234 0.548913 -0.183166
v 0.132543 0.555777 0.197596
v 0.120697 0.538297 0.215078
v 0.129465 0.574823 -0.194738
v 0.119475 0.587829 -0.228420
v 0.125135 0.565849 0.223424
v 0.129787 0.598885 -0.206770
v 0.120562 0.618879 -0.233319
v 0.130123 0.630115 -0.214259
v 0.128876 0.631120 0.248006
v 0.123241 0.655105 -0.228358
v 0.115089 0.642948 0.266153
v 0.115077 0.642972 0.266138
v 0.111978 0.626506 0.266214
v 0.130355 0.661951 0.251506
v 0.116457 0.661031 0.266456
v 0.116457 0.661031 0.266456
v 0.117775 0.678821 0.265311
v 0.130530 0.679970 -0.209142
v 0.117521 0.695111 0.264092
v 0.131429 0.686807 0.250479
v 0.129656 0.710068 -0.198324
v 0.128693 0.723087 0.246596
v 0.122320 0.732741 -0.196210
v 0.132774 0.733040 -0.177952
v 0.118851 0.720972 0.257207
v 0.111473 0.716025 0.265780
v 0.120156 0.747014 0.247355
v 0.120614 0.733882 0.251704
v 0.124277 0.763800 -0.166604
v 0.113293 0.767665 -0.179618
v 0.127760 0.755902 0.234524
v 0.120156 0.747014 0.247355
v 0.114846 0.778096 -0.167105
v 0.128717 0.780348 0.217416
v 0.115893 0.760050 0.245698
v 0.131072 0.781277 -0.135097
v 0.124549 0.791065 -0.136785
v 0.112389 0.790099 -0.157739
v 0.110158 0.801893 -0.147409
v 0.115419 0.805730 -0.134159
v 0.135819 0.800361 -0.097486
v 0.127654 0.801358 0.197633
v 0.112231 0.815088 -0.127946
v 0.128755 0.829769 -0.066588
v 0.132939 0.816878 0.164328
v 0.126569 0.831866 0.151606
v 0.128772 0.840782 0.123834
v 0.128509 0.844627 -0.036025
v 0.111591 0.859564 -0.052998
v 0.114631 0.861839 -0.037276
v 0.131332 0.849741 -0.004584
v 0.111681 0.869517 -0.025500
v 0.118523 0.867559 0.004855
v 0.132179 0.852675 0.030992
v 0.127571 0.852836 0.084108
v 0.108762 0.874868 -0.012145
v 0.149926 -0.135934 -0.172716
v 0.130098 -0.111997 -0.232909
v 0.140585 -0.113056 -0.222199
v 0.149569 -0.125549 -0.199612
v 0.140905 -0.119907 -0.212142
v 0.145411 -0.119996 -0.128261
v 0.145820 -0.101463 -0.114925
v 0.143233 -0.092553 -0.108521
v 0.129601 -0.085853 -0.263629
v 0.126342 -0.078189 -0.278959
v 0.136296 -0.070198 -0.273252
v 0.145330 -0.078238 -0.248335
v 0.133100 -0.095221 -0.248406
v 0.128866 -0.068391 -0.290347
v 0.145366 -0.058806 -0.268457
v 0.144642 -0.070721 -0.095891
v 0.134206 -0.082251 -0.098335
v 0.138351 -0.041931 -0.308865
v 0.150255 -0.043523 -0.273876
v 0.144559 -0.043558 -0.084690
v 0.141257 -0.027862 -0.316210
v 0.149408 -0.017535 -0.302528
v 0.146346 -0.028215 -0.080455
v 0.139611 -0.008526 -0.333161
v 0.131751 0.005977 -0.349342
v 0.146296 0.014705 -0.325490
v 0.149508 -0.018350 -0.080355
v 0.139169 -0.022958 -0.073785
v 0.148115 -0.008518 -0.073776
v 0.139394 0.011989 -0.338210
v 0.138616 0.014407 -0.057744
v 0.138559 0.038840 -0.338009
v 0.139444 0.037249 -0.040774
v 0.142718 0.028020 -0.051078
v 0.131177 0.064018 -0.008470
v 0.129258 0.050802 -0.017447
v 0.141885 0.064374 -0.028829
v 0.142837 0.073802 -0.029367
v 0.138574 0.077915 -0.318260
v 0.139247 0.093034 -0.301356
v 0.143086 0.099826 -0.278956
v 0.147133 0.072168 -0.303988
v 0.148956 0.097065 -0.256340
v 0.147268 0.106813 -0.238261
v 0.140099 0.122584 -0.107102
v 0.146870 0.102648 -0.091945
v 0.139905 0.122593 -0.081761
v 0.140262 0.118233 -0.053993
v 0.125967 0.156567 -0.209151
v 0.132377 0.143839 -0.188425
v 0.145740 0.110304 -0.129824
v 0.142731 0.103138 -0.043696
v 0.128063 0.164582 -0.061240
v 0.134648 0.531234 0.158880
v 0.144234 0.545005 -0.009274
v 0.138208 0.524176 0.121028
v 0.145641 0.554892 0.137402
v 0.136699 0.530492 -0.044503
v 0.134006 0.553282 -0.140658
v 0.148565 0.579914 -0.076799
v 0.143618 0.534956 0.030293
v 0.140958 0.617922 -0.177828
v 0.146043 0.595867 -0.129730
v 0.149268 0.584448 0.172742
v 0.149033 0.604320 0.198150
v 0.140059 0.560664 0.178114
v 0.140851 0.598697 -0.164511
v 0.139717 0.622661 0.229444
v 0.133105 0.653694 -0.207006
v 0.143021 0.653285 -0.179127
v 0.149034 0.657570 -0.158043
v 0.144983 0.615522 0.216107
v 0.144929 0.655028 0.230538
v 0.145865 0.680036 -0.169366
v 0.145796 0.678575 0.231426
v 0.143060 0.701589 -0.171211
v 0.141447 0.703572 0.234609
v 0.150189 0.708770 -0.145920
v 0.144870 0.727670 -0.152682
v 0.136850 0.734565 0.232091
v 0.147255 0.728035 0.217712
v 0.141940 0.756957 -0.136226
v 0.140249 0.758881 0.214974
v 0.133562 0.760758 -0.152023
v 0.148310 0.756214 -0.117733
v 0.140786 0.781882 -0.109785
v 0.144360 0.777640 0.191262
v 0.140910 0.809949 -0.065671
v 0.148113 0.785710 -0.080920
v 0.142013 0.795244 0.175438
v 0.146306 0.810247 -0.045418
v 0.146728 0.819202 -0.021590
v 0.140971 0.815039 0.145751
v 0.141378 0.828853 0.110521
v 0.133087 0.849946 0.059872
v 0.138196 -0.134152 -0.189644
v 0.156134 -0.131435 -0.186510
v 0.140905 -0.119907 -0.212142
v 0.140585 -0.113056 -0.222199
v 0.158356 -0.113360 -0.204045
v 0.149569 -0.125549 -0.199612
v 0.163295 -0.129773 -0.145114
v 0.158570 -0.121580 -0.134808
v 0.147350 -0.130704 -0.143033
v 0.145553 -0.100780 -0.227094
v 0.166041 -0.095396 -0.204963
v 0.156806 -0.085675 -0.223647
v 0.166724 -0.069026 -0.216166
v 0.161949 -0.079220 -0.114747
v 0.151769 -0.085741 -0.109911
v 0.161113 -0.094996 -0.119908
v 0.143233 -0.092553 -0.108521
v 0.145820 -0.101463 -0.114925
v 0.155025 -0.061153 -0.244298
v 0.164225 -0.060509 -0.110982
v 0.151858 -0.054352 -0.095649
v 0.154991 -0.070228 -0.104701
v 0.161949 -0.079220 -0.114747
v 0.151858 -0.054352 -0.095649
v 0.159747 -0.044873 -0.245092
v 0.168095 -0.024265 -0.231852
v 0.154699 -0.015692 -0.088697
v 0.153034 -0.038439 -0.091910
v 0.163755 -0.025557 -0.110179
v 0.157738 -0.021822 -0.270549
v 0.156535 0.001763 -0.292966
v 0.149508 -0.018350 -0.080355
v 0.146346 -0.028215 -0.080455
v 0.152518 0.015599 -0.308801
v 0.162863 -0.002721 -0.263383
v 0.148115 -0.008518 -0.073776
v 0.154348 0.007693 -0.076600
v 0.146428 0.003993 -0.066847
v 0.149468 0.039947 -0.316490
v 0.161379 0.026646 -0.279126
v 0.156715 0.020979 -0.078820
v 0.146428 0.003993 -0.066847
v 0.149930 0.018977 -0.063120
v 0.150837 0.035899 -0.055911
v 0.149930 0.018977 -0.063120
v 0.156801 0.036689 -0.075711
v 0.160988 0.039901 -0.275422
v 0.162902 0.041248 -0.103725
v 0.139444 0.037249 -0.040774
v 0.147680 0.044977 -0.043169
v 0.136562 0.050191 -0.030012
v 0.160995 0.051594 -0.264294
v 0.147680 0.044977 -0.043169
v 0.148828 0.062036 -0.044000
v 0.136562 0.050191 -0.030012
v 0.154024 0.073804 -0.272930
v 0.163024 0.071457 -0.180771
v 0.164302 0.065978 -0.197973
v 0.158049 0.081702 -0.135006
v 0.162838 0.063649 -0.130106
v 0.159598 0.063977 -0.100614
v 0.157460 0.051400 -0.079958
v 0.148111 0.089934 -0.067928
v 0.148402 0.080059 -0.053642
v 0.142144 0.094612 -0.031717
v 0.149293 0.107771 -0.193032
v 0.159355 0.593793 -0.022916
v 0.158645 0.607715 -0.061244
v 0.161615 0.596207 0.001132
v 0.159195 0.584291 0.040737
v 0.157800 0.583678 0.090513
v 0.153163 0.627133 -0.123892
v 0.165300 0.617916 -0.024666
v 0.163773 0.600959 0.048709
v 0.162841 0.616287 0.141266
v 0.162569 0.635596 0.176001
v 0.159422 0.624041 -0.082816
v 0.164572 0.628202 0.150016
v 0.160779 0.647681 -0.098471
v 0.168833 0.644752 -0.035892
v 0.157669 0.635773 0.194125
v 0.152754 0.645257 0.212736
v 0.159293 0.666289 -0.115182
v 0.154206 0.664771 0.213719
v 0.163726 0.658396 0.184754
v 0.162147 0.681122 0.192821
v 0.160455 0.694822 -0.109913
v 0.152531 0.701820 0.215997
v 0.162555 0.726449 -0.087873
v 0.166071 0.706682 -0.076584
v 0.164050 0.712687 0.178730
v 0.157646 0.730063 0.192400
v 0.160345 0.749829 -0.077214
v 0.165017 0.740169 -0.064165
v 0.162594 0.747666 0.160018
v 0.151020 0.754211 0.196069
v 0.159705 0.770087 -0.056463
v 0.164783 0.765114 -0.035628
v 0.153060 0.772932 0.172087
v 0.161864 0.782359 -0.022732
v 0.164870 0.773536 0.119943
v 0.159626 0.789398 0.120981
v 0.153549 0.811137 -0.000017
v 0.162948 0.795052 0.031573
v 0.160931 0.801370 0.061851
v 0.164165 0.790538 0.084549
v 0.154975 0.808803 0.097340
v 0.150737 0.804079 0.132918
v 0.152979 0.818888 0.039156
v 0.152316 0.817893 0.079013
v 0.171134 -0.127621 -0.176700
v 0.179741 -0.123576 -0.157759
v 0.165944 -0.132349 -0.159392
v 0.174317 -0.108322 -0.186980
v 0.156134 -0.131435 -0.186510
v 0.179823 -0.113017 -0.146134
v 0.170583 -0.117188 -0.140244
v 0.175084 -0.083561 -0.194363
v 0.172283 -0.100029 -0.135214
v 0.165846 -0.105540 -0.128539
v 0.170583 -0.117188 -0.140244
v 0.178082 -0.081457 -0.142921
v 0.180818 -0.079035 -0.152099
v 0.180628 -0.096218 -0.147537
v 0.172500 -0.050652 -0.210154
v 0.180411 -0.061286 -0.180583
v 0.176058 -0.060840 -0.197311
v 0.179442 -0.021428 -0.171271
v 0.175814 -0.047964 -0.137817
v 0.178737 -0.026979 -0.156268
v 0.164364 -0.045795 -0.109583
v 0.167616 0.004543 -0.243529
v 0.168819 0.003396 -0.128897
v 0.165961 0.002423 -0.117174
v 0.160939 -0.012101 -0.104285
v 0.168374 0.032026 -0.142598
v 0.163134 0.066784 -0.220050
v 0.172350 0.025501 -0.203070
v 0.171809 0.030262 -0.174535
v 0.168912 0.629903 0.002104
v 0.169657 0.630440 0.052095
v 0.168020 0.659546 -0.055755
v 0.168647 0.661435 0.158731
v 0.166518 0.687757 0.174966
v 0.164012 0.678067 -0.091256
v 0.171419 0.710566 0.141850
v 0.170799 0.714633 -0.035886
v 0.169299 0.739337 0.134396
v 0.173984 0.728473 0.109977
v 0.170063 0.745119 -0.015327
v 0.169432 0.765020 0.101039
v 0.172837 0.750105 0.089513
v 0.167303 0.776405 0.020039
v 0.168293 0.777739 0.054315
v 0.179064 -0.120484 -0.170047
v 0.182682 -0.096425 -0.160818
v 0.179741 -0.123576 -0.157759
v 0.179823 -0.113017 -0.146134
v 0.181451 -0.084586 -0.168040
v -0.395716 0.617545 0.070280
v -0.396079 0.668710 0.123265
v -0.387001 0.830117 0.035776
v -0.369921 0.814477 -0.093124
v -0.372498 0.826840 -0.068738
v -0.375332 0.831494 -0.053131
v -0.368963 0.843525 -0.044185
v -0.369258 0.848905 -0.026481
v -0.367683 0.857249 0.014184
v -0.367753 0.855515 -0.000393
v -0.374364 0.849534 0.018318
v -0.374563 0.849367 0.047872
v -0.360488 0.766908 -0.158468
v -0.353863 0.766692 -0.168644
v -0.370095 0.775013 -0.136664
v -0.358936 0.865718 0.060564
v -0.367932 0.857683 0.047882
v -0.360028 0.862227 0.075106
v -0.351504 0.861258 0.114721
v -0.336269 0.300386 -0.033043
v -0.338363 0.327752 -0.007054
v -0.340567 0.347798 -0.003575
v -0.340790 0.412661 0.198890
v -0.334857 0.696260 -0.242242
v -0.346457 0.758570 -0.185660
v -0.335282 0.863828 0.146450
v -0.327941 0.291865 -0.095691
v -0.324538 0.351569 -0.100369
v -0.320918 0.649299 0.293409
v -0.320578 0.666333 0.292913
v -0.328659 0.661143 -0.265792
v -0.328324 0.676683 0.283481
v -0.326177 0.689754 0.285086
v -0.330164 0.701768 0.279218
v -0.333337 0.718352 -0.231306
v -0.328207 0.711378 -0.240987
v -0.337154 0.708127 -0.232746
v -0.312772 0.780345 0.270985
v -0.322085 0.862975 0.169507
v -0.298767 0.478454 0.311690
v -0.295713 0.497293 -0.276007
v -0.286500 0.483511 -0.272518
v -0.300234 0.507205 0.315673
v -0.303519 0.522277 0.314282
v -0.309566 0.534962 0.308664
v -0.303519 0.522277 0.314282
v -0.316867 0.559612 0.301693
v -0.311347 0.548726 0.307490
v -0.317742 0.575742 0.300702
v -0.317172 0.609069 0.299998
v -0.310889 0.661479 -0.282994
v -0.314130 0.674921 -0.274298
v -0.312737 0.780326 0.270954
v -0.299080 0.874548 0.180479
v -0.289585 -0.018840 -0.205217
v -0.290981 -0.028504 -0.178367
v -0.276034 0.024170 -0.020178
v -0.296492 0.052883 -0.157320
v -0.292735 0.075244 -0.031563
v -0.284786 0.143643 -0.263702
v -0.282662 0.405158 0.315624
v -0.283772 0.421494 0.316842
v -0.277066 0.444541 -0.245584
v -0.282848 0.453693 -0.249187
v -0.281291 0.472599 -0.267103
v -0.286500 0.483511 -0.272518
v -0.300234 0.507205 0.315673
v -0.300869 0.519952 -0.286259
v -0.300466 0.806746 0.265464
v -0.266088 -0.068636 -0.189313
v -0.267901 -0.067937 -0.174981
v -0.276831 -0.060083 -0.163070
v -0.276831 -0.060083 -0.163070
v -0.274085 -0.062354 -0.150613
v -0.287453 -0.044653 -0.141023
v -0.274085 -0.062354 -0.150613
v -0.267524 -0.066858 -0.141481
v -0.272369 -0.060404 -0.203858
v -0.277195 -0.043077 -0.093610
v -0.283143 -0.021662 -0.075285
v -0.275795 -0.034196 -0.081097
v -0.281467 -0.007945 -0.057978
v -0.270672 0.016613 -0.342374
v -0.277593 -0.009196 -0.312243
v -0.279139 0.004094 -0.044619
v -0.279139 0.004094 -0.044619
v -0.257199 -0.007997 -0.038941
v -0.274096 0.027240 -0.282328
v -0.278204 0.013586 -0.034190
v -0.275646 0.033146 -0.257452
v -0.275399 0.041587 -0.247712
v -0.272109 0.041138 0.003664
v -0.271090 0.027996 -0.008958
v -0.266893 0.064327 0.034402
v -0.277583 0.061047 -0.231561
v -0.270723 0.103341 -0.292073
v -0.276113 0.111138 -0.266591
v -0.267985 0.294219 -0.222474
v -0.270744 0.303042 -0.216850
v -0.268292 0.346253 0.325795
v -0.268849 0.360745 0.326561
v -0.269094 0.373050 0.327443
v -0.269865 0.399004 -0.223808
v -0.276582 0.397135 0.321505
v -0.282662 0.405158 0.315624
v -0.275809 0.429082 -0.235392
v -0.277082 0.444513 -0.245605
v -0.282740 0.453808 -0.249082
v -0.281291 0.472599 -0.267103
v -0.279744 0.463662 -0.260242
v -0.266056 0.559346 0.342920
v -0.261880 0.837955 0.280203
v -0.277394 0.823970 0.275458
v -0.259779 -0.062416 -0.265357
v -0.263521 -0.061291 -0.249940
v -0.258509 -0.067852 -0.237045
v -0.244447 -0.079842 -0.215197
v -0.266204 -0.065639 -0.214013
v -0.267313 -0.061357 -0.229958
v -0.251713 -0.037835 -0.338377
v -0.251177 -0.024651 -0.351909
v -0.249636 0.007726 -0.369851
v -0.266278 0.036177 -0.265884
v -0.261825 0.047105 -0.291818
v -0.248854 0.059969 -0.291672
v -0.249242 0.077117 -0.252757
v -0.249666 0.086458 -0.358887
v -0.259174 0.093265 -0.289481
v -0.263526 0.085664 0.064968
v -0.262476 0.092912 0.076426
v -0.256968 0.136227 -0.327015
v -0.256279 0.128694 0.142445
v -0.253771 0.135440 0.154966
v -0.256034 0.147242 0.167573
v -0.257064 0.158619 0.180445
v -0.253120 0.171335 0.208684
v -0.266160 0.174028 -0.298316
v -0.269596 0.185759 -0.286978
v -0.261411 0.196935 0.247580
v -0.252167 0.219637 0.291972
v -0.269217 0.262415 -0.234147
v -0.267383 0.314811 0.322754
v -0.268292 0.346253 0.325795
v -0.268346 0.327839 0.323535
v -0.265046 0.369497 -0.219260
v -0.268849 0.360745 0.326561
v -0.250188 0.849370 0.283941
v -0.247643 0.910854 0.200671
v -0.251177 -0.024651 -0.351909
v -0.232764 0.061420 -0.246949
v -0.248854 0.059969 -0.291672
v -0.238168 0.074721 -0.248393
v -0.237117 0.090356 -0.249274
v -0.235763 0.098862 -0.277375
v -0.240406 0.099887 -0.257517
v -0.230682 0.103302 -0.251300
v -0.244148 0.244089 0.317404
v -0.228112 0.243761 0.326737
v -0.231523 0.340106 -0.240152
v -0.250915 0.839598 0.291626
v -0.241336 0.845103 0.299272
v -0.230145 0.930545 0.198662
v -0.198224 -0.094013 -0.233300
v -0.203201 -0.081535 -0.307530
v -0.217587 -0.021035 -0.378848
v -0.234558 0.064030 -0.292417
v -0.238168 0.074721 -0.248393
v -0.230322 0.085719 -0.239220
v -0.223583 0.099750 -0.223733
v -0.202002 0.112176 0.142428
v -0.217552 0.165540 -0.229244
v -0.214921 0.209787 -0.211003
v -0.222480 0.359428 -0.143123
v -0.217570 0.363899 -0.171977
v -0.216877 0.390827 -0.176638
v -0.214196 0.404007 -0.181210
v -0.214196 0.404007 -0.181210
v -0.214275 0.534280 -0.321452
v -0.225309 0.868978 0.299994
v -0.209019 0.885503 0.305206
v -0.213459 0.940664 0.218927
v -0.184398 -0.080717 -0.318436
v -0.208595 0.039299 -0.231217
v -0.216424 0.059223 -0.299851
v -0.221118 0.069557 -0.298351
v -0.211900 0.144118 0.187491
v -0.203070 0.166886 -0.261878
v -0.209180 0.198456 -0.182383
v -0.210988 0.234091 -0.180049
v -0.196571 0.248860 -0.228428
v -0.213709 0.235385 -0.191257
v -0.212057 0.252909 -0.193225
v -0.201061 0.252693 0.341834
v -0.207383 0.287891 -0.175444
v -0.205602 0.274439 -0.162665
v -0.208982 0.303523 -0.133070
v -0.210741 0.316987 -0.111556
v -0.195281 0.352040 -0.210710
v -0.216877 0.390827 -0.176638
v -0.202541 0.415374 -0.117241
v -0.206618 0.420495 -0.129534
v -0.201776 0.397980 -0.099609
v -0.196715 0.569779 -0.332111
v -0.217097 0.584309 -0.331484
v -0.209019 0.885503 0.305206
v -0.188029 -0.017564 -0.389801
v -0.189597 -0.033918 -0.381210
v -0.199653 -0.022498 -0.049437
v -0.181166 0.026864 -0.331223
v -0.182845 0.025333 -0.029666
v -0.195694 0.022174 -0.017213
v -0.186135 0.034352 -0.019677
v -0.189270 0.060341 0.009731
v -0.187699 0.124546 -0.125170
v -0.187971 0.135403 -0.138043
v -0.182967 0.175240 -0.154591
v -0.198606 0.216405 -0.161858
v -0.192461 0.202374 -0.160218
v -0.186214 0.244331 -0.140395
v -0.177566 0.249004 -0.129933
v -0.193795 0.315532 -0.214544
v -0.186443 0.319991 -0.051230
v -0.184096 0.313603 -0.002722
v -0.183520 0.338797 -0.220349
v -0.193327 0.337610 -0.055735
v -0.189020 0.366955 -0.043833
v -0.187464 0.342713 -0.018192
v -0.180538 0.387587 -0.028362
v -0.194355 0.404821 -0.092444
v -0.197232 0.411196 -0.103906
v -0.190918 0.455785 -0.161985
v -0.167727 0.542801 -0.328108
v -0.203307 0.647091 -0.331452
v -0.181911 0.937788 0.279410
v -0.186118 0.927582 0.287945
v -0.183481 0.943307 0.268929
v -0.162582 0.982347 0.144312
v -0.164466 -0.041978 -0.069857
v -0.179101 -0.027581 -0.387807
v -0.153192 -0.024252 -0.393716
v -0.163098 -0.036410 -0.385991
v -0.165206 0.004020 -0.061514
v -0.181969 0.039831 -0.167820
v -0.175359 0.042982 -0.128764
v -0.168637 0.074355 0.035699
v -0.170232 0.088844 -0.039080
v -0.170508 0.117776 -0.102839
v -0.170157 0.108120 -0.087764
v -0.159261 0.113732 -0.095481
v -0.159313 0.144270 -0.134600
v -0.164537 0.137718 -0.127459
v -0.160995 0.158984 -0.141254
v -0.181635 0.163760 -0.151712
v -0.182967 0.175240 -0.154591
v -0.182870 0.253359 -0.236811
v -0.178459 0.293983 0.005825
v -0.158141 0.281994 0.064478
v -0.162029 0.352816 -0.261556
v -0.183520 0.338797 -0.220349
v -0.166449 0.356888 0.109419
v -0.183606 0.357146 -0.219926
v -0.183218 0.374307 -0.220292
v -0.182417 0.390499 -0.220505
v -0.173871 0.403460 0.025642
v -0.169124 0.411384 0.065905
v -0.179033 0.410328 -0.066944
v -0.172672 0.406621 -0.037613
v -0.173871 0.403460 0.025642
v -0.162031 0.436282 -0.227421
v -0.162606 0.448106 -0.225707
v -0.168431 0.489967 -0.178795
v -0.175343 0.479694 -0.172626
v -0.182298 0.724904 0.375258
v -0.181911 0.937788 0.279410
v -0.157502 -0.051488 -0.076071
v -0.151340 -0.032951 -0.389452
v -0.146959 0.042856 -0.350238
v -0.165877 0.026974 -0.083492
v -0.145195 0.088345 -0.025289
v -0.157333 0.077927 0.039616
v -0.150064 0.081547 0.055916
v -0.167827 0.078411 0.053112
v -0.166877 0.102761 -0.073253
v -0.152413 0.107255 -0.085096
v -0.159313 0.144270 -0.134600
v -0.143823 0.141078 -0.135814
v -0.160995 0.158984 -0.141254
v -0.150164 0.252433 -0.108128
v -0.163538 0.258237 -0.110373
v -0.146066 0.247902 -0.026197
v -0.150991 0.264419 -0.083095
v -0.150448 0.271385 0.057774
v -0.147805 0.343685 0.132764
v -0.154675 0.354613 0.128522
v -0.147534 0.386436 0.382698
v -0.157355 0.395113 0.145685
v -0.156355 0.411219 0.143523
v -0.158094 0.420159 0.111158
v -0.159367 0.405958 0.127481
v -0.150903 0.428739 0.121443
v -0.153787 0.422048 0.137727
v -0.143826 0.438203 0.059497
v -0.158094 0.420159 0.111158
v -0.154665 0.421115 0.155329
v -0.153781 0.425166 0.167618
v -0.147967 0.435263 0.160224
v -0.160729 0.420777 0.199123
v -0.154761 0.430187 0.193335
v -0.158302 0.420519 0.232434
v -0.162606 0.448106 -0.225707
v -0.139993 0.481760 -0.228893
v -0.146801 0.494259 -0.221132
v -0.151340 -0.032951 -0.389452
v -0.137983 -0.035859 -0.389559
v -0.118531 -0.020733 -0.292095
v -0.128498 0.007190 -0.348612
v -0.130981 -0.003952 -0.077535
v -0.138217 0.105924 -0.097241
v -0.133746 0.250247 -0.105989
v -0.133746 0.250247 -0.105989
v -0.128720 0.253833 -0.086037
v -0.137091 0.283497 0.361046
v -0.129064 0.353195 0.378518
v -0.151272 0.400321 -0.268979
v -0.140731 0.420994 0.266507
v -0.129849 0.424955 0.276419
v -0.136458 0.503617 -0.220457
v -0.142686 0.562288 0.376998
v -0.129334 0.604213 0.373892
v -0.127601 0.661143 -0.334696
v -0.138465 0.667650 0.377765
v -0.130550 0.871490 0.351535
v -0.124765 0.946075 -0.001236
v -0.132506 0.959860 0.284829
v -0.112206 0.093478 -0.139588
v -0.119915 0.096362 -0.114089
v -0.121011 0.251125 -0.101784
v -0.127423 0.244610 -0.114030
v -0.106201 0.251933 -0.086115
v -0.113695 0.307258 -0.239272
v -0.105017 0.270138 0.195995
v -0.114835 0.280339 0.196038
v -0.114290 0.284883 0.267994
v -0.120078 0.277993 0.256616
v -0.114290 0.284883 0.267994
v -0.117666 0.294143 0.273571
v -0.117666 0.294143 0.273571
v -0.122487 0.306697 0.276792
v -0.114290 0.284883 0.267994
v -0.111349 0.343384 -0.235864
v -0.112813 0.339881 0.375217
v -0.122209 0.382196 0.286783
v -0.119877 0.398390 0.292703
v -0.111045 0.405976 0.299786
v -0.124803 0.419210 0.286750
v -0.111621 0.419960 0.297654
v -0.111754 0.519439 -0.215417
v -0.124060 0.508646 -0.221111
v -0.125003 0.566003 0.376853
v -0.090746 0.519989 -0.322346
v -0.108873 -0.053979 -0.079081
v -0.111641 -0.026539 -0.397210
v -0.105344 -0.008783 -0.338742
v -0.093039 -0.007176 -0.081148
v -0.064511 0.011130 -0.406204
v -0.065747 0.045989 -0.404985
v -0.090526 0.086720 -0.147425
v -0.096023 0.110181 -0.180191
v -0.109040 0.286297 0.145991
v -0.101268 0.279079 0.158943
v -0.102505 0.275959 0.175057
v -0.095951 0.266609 0.181369
v -0.102505 0.275959 0.175057
v -0.099739 0.287157 0.359192
v -0.121180 0.286165 0.361161
v -0.104067 0.432175 0.288266
v -0.111917 0.663467 -0.334017
v -0.097171 0.669546 -0.331644
v -0.106958 0.970119 0.275409
v -0.086870 0.993859 0.166763
v -0.105819 -0.021202 -0.307167
v -0.093982 -0.015037 -0.242425
v -0.080700 -0.011781 -0.077271
v -0.070211 0.026535 -0.406345
v -0.087931 0.078088 0.056022
v -0.079557 0.086651 -0.147253
v -0.075365 0.083319 -0.125863
v -0.082246 0.103714 -0.176136
v -0.079134 0.238214 -0.030199
v -0.065930 0.253363 -0.089880
v -0.060803 0.257206 0.180090
v -0.069126 0.258252 0.218341
v -0.089722 0.274610 0.352614
v -0.084673 0.278084 0.262627
v -0.086305 0.376731 0.377966
v -0.073192 0.525512 -0.222780
v -0.086259 0.526973 -0.217038
v -0.088700 0.657916 -0.334103
v -0.084779 0.950598 0.017079
v -0.060602 -0.060247 -0.080869
v -0.064604 -0.038636 -0.392428
v -0.052621 -0.021103 -0.252551
v -0.049390 -0.011633 -0.403450
v -0.059930 0.004076 -0.095144
v -0.053888 0.093517 -0.392377
v -0.070854 0.109637 -0.175164
v -0.061286 0.236281 0.012500
v -0.058876 0.277165 0.263413
v -0.081322 0.424525 0.291873
v -0.063826 0.660639 -0.330528
v -0.070893 0.992425 0.150924
v -0.043599 -0.060411 -0.080740
v -0.047420 -0.038662 -0.392738
v -0.041969 -0.010986 -0.332931
v -0.035062 -0.017030 -0.237795
v -0.057087 -0.011758 -0.331824
v -0.066279 0.009060 -0.140936
v -0.046714 0.027017 -0.348118
v -0.041786 0.042580 -0.347412
v -0.049303 0.094568 -0.099768
v -0.046835 0.094296 -0.076180
v -0.045050 0.077885 0.052669
v -0.064986 0.095740 -0.155169
v -0.063059 0.091100 -0.141046
v -0.053751 0.167327 -0.154552
v -0.059080 0.239309 -0.127810
v -0.042610 0.233240 -0.129015
v -0.033833 0.254458 0.197847
v -0.042950 0.481771 0.215890
v -0.037786 0.540670 -0.172682
v -0.053212 0.673361 -0.325511
v -0.043040 0.961521 0.258667
v -0.046563 0.969962 0.250625
v -0.037378 0.942988 0.271667
v -0.041232 0.950916 0.269315
v -0.046563 0.969962 0.250625
v -0.028462 -0.056144 -0.079587
v -0.030857 -0.038899 -0.392547
v -0.020480 -0.018356 -0.324024
v -0.008645 -0.025942 -0.313208
v -0.025662 -0.009312 -0.083931
v -0.002803 -0.004040 -0.199814
v -0.034789 0.082417 0.063741
v -0.041964 0.181944 -0.143206
v -0.042496 0.230692 -0.026222
v -0.042751 0.224811 -0.008737
v -0.021410 0.220587 0.296709
v -0.019272 0.228260 -0.049378
v -0.025359 0.232564 0.060107
v -0.024601 0.233149 0.078580
v -0.026764 0.268660 0.248777
v -0.038242 0.332294 0.277607
v -0.042344 0.423532 0.277089
v -0.027081 0.475750 0.217400
v -0.022739 0.521140 -0.119385
v -0.032705 0.513742 -0.099373
v -0.019148 0.529057 -0.208142
v -0.010260 0.523863 -0.130670
v -0.041232 0.950916 0.269315
v -0.037378 0.942988 0.271667
v -0.034773 0.968004 0.099032
v -0.045476 0.974625 0.237628
v -0.037713 0.972357 0.227967
v -0.010213 -0.058805 -0.084361
v -0.013375 -0.005747 -0.336708
v -0.013510 0.009258 -0.343309
v -0.029276 -0.003748 -0.337839
v -0.013614 -0.016882 -0.081831
v 0.006433 0.028172 -0.345675
v -0.017534 0.094602 -0.008576
v -0.021322 0.089761 0.008075
v -0.023748 0.086854 0.021718
v -0.015257 0.094728 0.034166
v -0.013127 0.093950 0.051045
v -0.013928 0.091814 0.064731
v -0.015257 0.094728 0.034166
v -0.014320 0.149729 -0.021337
v -0.019834 0.145929 0.060215
v -0.023894 0.157519 -0.048585
v -0.022287 0.170504 -0.021958
v -0.021364 0.215123 -0.123143
v -0.033156 0.236381 0.032072
v -0.025409 0.239359 -0.110196
v -0.011935 0.232303 -0.093880
v -0.009315 0.233590 -0.060654
v -0.015813 0.267415 0.240628
v -0.020269 0.364576 -0.254919
v 0.000997 0.455098 0.221552
v -0.014582 0.465876 0.221761
v -0.008099 0.528898 -0.196535
v -0.013562 0.617959 -0.327812
v -0.023258 0.911775 0.277072
v -0.012016 0.960817 0.158601
v -0.003063 -0.068467 -0.093021
v 0.009840 -0.047079 -0.385239
v 0.027464 -0.029689 -0.293713
v -0.001826 -0.014118 -0.329260
v 0.014789 -0.010271 -0.331877
v -0.002059 -0.009048 -0.088729
v 0.014746 0.004640 -0.152411
v -0.002059 -0.009048 -0.088729
v 0.009263 0.104480 0.077822
v -0.000800 0.138866 0.072337
v -0.001355 0.142912 0.084368
v 0.008065 0.138348 0.077587
v -0.000800 0.138866 0.072337
v -0.007024 0.129093 0.111136
v 0.004412 0.162748 0.094717
v -0.001176 0.206490 0.096110
v 0.008960 0.197079 0.098126
v 0.008669 0.261455 0.202653
v 0.009590 0.266528 0.215616
v -0.004952 0.519503 -0.202186
v 0.028424 -0.067389 -0.099546
v 0.032406 -0.011564 -0.328511
v 0.021611 0.003131 -0.168784
v 0.026252 0.002509 -0.120776
v 0.008823 0.128561 0.066460
v 0.018535 0.129041 0.059744
v 0.008065 0.138348 0.077587
v 0.015662 0.145413 0.094812
v 0.030584 0.170044 0.021531
v 0.011853 0.162685 0.094714
v 0.015267 0.236102 0.112979
v 0.014981 0.250280 0.144706
v 0.017322 0.256254 0.158070
v 0.017178 0.262686 0.188422
v 0.017178 0.262686 0.188422
v 0.018505 0.275420 0.214951
v 0.018505 0.275420 0.214951
v 0.021027 0.273503 0.305236
v 0.026346 0.285107 0.214103
v 0.025063 0.340091 -0.188520
v 0.016193 0.344298 -0.197161
v 0.025398 0.352686 -0.231386
v 0.025242 0.356836 -0.187667
v 0.015769 0.353103 0.248571
v 0.020551 0.343153 0.240426
v 0.025827 0.370232 -0.232047
v 0.029850 0.374313 -0.182454
v 0.015825 0.370516 0.249121
v 0.025297 0.387060 -0.235351
v 0.028288 0.388366 -0.185906
v 0.014708 0.387826 0.249243
v 0.013537 0.405211 0.245616
v 0.020460 0.419806 0.336742
v 0.021630 0.409914 0.233218
v 0.025256 0.453877 -0.199079
v 0.029434 0.459973 0.108104
v 0.025126 0.507983 -0.165064
v 0.014127 0.671863 -0.309988
v 0.013811 0.935075 0.138391
v 0.030720 -0.038327 -0.386359
v 0.038760 -0.038739 -0.089307
v 0.044068 -0.008555 -0.329105
v 0.032288 0.107583 0.061103
v 0.042937 0.095139 0.064547
v 0.032397 0.160774 -0.010545
v 0.037816 0.180678 -0.041891
v 0.047004 0.169327 -0.256694
v 0.027847 0.199677 -0.247270
v 0.041718 0.181177 -0.249821
v 0.033810 0.176261 -0.012761
v 0.033347 0.275627 0.145329
v 0.028624 0.266650 0.157641
v 0.035773 0.311378 0.197815
v 0.041466 0.317934 -0.221579
v 0.025098 0.324105 -0.190345
v 0.043031 0.317277 0.300349
v 0.034206 0.329712 -0.225522
v 0.029108 0.317739 -0.233542
v 0.025063 0.340091 -0.188520
v 0.025398 0.352686 -0.231386
v 0.025242 0.356836 -0.187667
v 0.034631 0.396550 -0.230320
v 0.032448 0.406516 -0.183234
v 0.039954 0.410897 -0.231479
v 0.047496 0.439739 -0.240886
v 0.025391 0.437075 -0.197774
v 0.040508 0.447126 0.065855
v 0.036615 0.451647 0.077087
v 0.041927 0.458308 -0.025822
v 0.046173 0.449417 -0.016003
v 0.041937 0.453977 -0.006716
v 0.040704 0.450671 0.020179
v 0.040991 0.452577 0.006007
v 0.032505 0.457784 0.132453
v 0.029461 0.460727 0.150719
v 0.044393 0.472309 -0.079439
v 0.027677 0.506699 -0.149583
v 0.041112 0.487238 -0.129682
v 0.056332 -0.008990 -0.323850
v 0.065162 0.060026 -0.008007
v 0.042363 0.081688 0.013292
v 0.054912 0.075238 0.037313
v 0.042517 0.081397 0.026935
v 0.045664 0.086513 0.045068
v 0.049720 0.158204 -0.268101
v 0.047004 0.169327 -0.256694
v 0.059853 0.160125 0.147004
v 0.062159 0.220894 0.218287
v 0.061088 0.231928 0.232095
v 0.067401 0.237292 -0.248749
v 0.057987 0.240677 0.243323
v 0.051407 0.243907 0.254405
v 0.046590 0.284855 -0.124551
v 0.063606 0.268570 -0.228242
v 0.055263 0.380933 0.095512
v 0.049898 0.403336 -0.150574
v 0.051975 0.408805 0.102019
v 0.056287 0.407549 0.065844
v 0.059377 0.430413 -0.074818
v 0.055118 0.453287 -0.098262
v 0.055683 0.447057 -0.121725
v 0.042479 0.439575 0.318039
v 0.052391 0.442137 -0.143587
v 0.053611 0.463393 -0.252557
v 0.060949 0.489810 -0.266086
v 0.049049 0.495095 0.313783
v 0.052648 0.506577 -0.283892
v 0.048800 0.511769 0.314270
v 0.058110 0.601068 -0.301469
v 0.059384 0.623625 -0.299668
v 0.053821 0.858142 0.222436
v 0.055277 0.905564 0.115671
v 0.036412 -0.120943 -0.204513
v 0.086024 -0.074985 -0.096642
v 0.068706 0.000288 -0.321167
v 0.076315 0.003093 -0.237038
v 0.070404 0.001003 -0.093879
v 0.078758 0.008366 -0.094280
v 0.073771 0.021520 -0.326316
v 0.076975 0.009598 -0.319951
v 0.068385 0.019143 -0.189836
v 0.069490 0.019805 -0.149557
v 0.070458 0.019615 -0.133120
v 0.077374 0.018138 -0.108022
v 0.065162 0.060026 -0.008007
v 0.078083 0.054337 -0.017540
v 0.071397 0.059887 -0.032365
v 0.067513 0.117355 -0.296704
v 0.067513 0.117355 -0.296704
v 0.076691 0.203406 -0.270592
v 0.073716 0.215275 -0.262327
v 0.069706 0.225052 -0.257425
v 0.071713 0.245307 -0.236792
v 0.062783 0.329144 0.026497
v 0.060949 0.489810 -0.266086
v 0.068253 0.503058 -0.267242
v 0.070244 0.553232 -0.285756
v 0.070008 0.569659 -0.288999
v 0.064286 0.582749 -0.295995
v 0.077950 0.579419 -0.283344
v 0.075335 0.596186 -0.287969
v 0.066321 0.851732 0.216859
v 0.078976 0.845818 0.210043
v 0.086024 -0.074985 -0.096642
v 0.076905 -0.007486 -0.087618
v 0.087214 0.000371 -0.081696
v 0.083970 0.026531 -0.093972
v 0.082792 0.040246 -0.152269
v 0.083829 0.049962 -0.138038
v 0.084548 0.049900 -0.316296
v 0.071397 0.059887 -0.032365
v 0.087050 0.068053 -0.177501
v 0.070727 0.109308 -0.301445
v 0.096037 0.157811 0.102636
v 0.086023 0.157450 0.116648
v 0.077162 0.173058 0.146490
v 0.084697 0.195342 -0.269230
v 0.075335 0.596186 -0.287969
v 0.093912 0.610003 -0.271017
v 0.096423 0.643677 -0.267285
v 0.092328 0.720670 -0.239841
v 0.094180 0.831683 0.211493
v 0.096184 0.886958 0.060788
v 0.084386 0.886604 0.105918
v 0.110817 -0.076271 -0.091230
v 0.102971 -0.014128 -0.369896
v 0.104743 0.011129 -0.373547
v 0.092053 0.009587 -0.074517
v 0.097401 0.028647 -0.057666
v 0.111132 0.024521 -0.050899
v 0.097401 0.028647 -0.057666
v 0.102544 0.048762 -0.019581
v 0.116422 0.053134 -0.010991
v 0.101064 0.101492 0.051082
v 0.115701 0.116146 -0.313019
v 0.093449 0.124679 0.079031
v 0.095167 0.139075 -0.313600
v 0.102779 0.335889 -0.080490
v 0.101253 0.361483 -0.093150
v 0.106353 0.413895 -0.100219
v 0.096206 0.607060 0.278212
v 0.112930 0.705347 0.266707
v 0.107840 0.738388 -0.211085
v 0.100939 0.747382 -0.212344
v 0.100939 0.747382 -0.212344
v 0.106118 0.836815 -0.106996
v 0.108534 0.856867 -0.066475
v 0.100158 0.886202 0.031008
v 0.101279 0.884323 0.047978
v 0.114076 0.870875 0.067589
v 0.100786 0.885723 0.020137
v 0.133100 -0.095221 -0.248406
v 0.128382 -0.060579 -0.303845
v 0.116785 -0.054733 -0.330361
v 0.115561 -0.045451 -0.342283
v 0.120225 0.020804 -0.363005
v 0.104743 0.011129 -0.373547
v 0.111820 0.023907 -0.370047
v 0.120094 0.035025 -0.360476
v 0.129643 0.031206 -0.042558
v 0.127968 0.042208 -0.351540
v 0.119291 0.063178 0.003999
v 0.128442 0.076740 -0.333209
v 0.120546 0.091213 -0.330036
v 0.122056 0.192567 -0.048471
v 0.117476 0.219869 -0.036683
v 0.116042 0.235283 -0.004937
v 0.114573 0.285067 0.077898
v 0.114862 0.268066 0.019501
v 0.115816 0.356632 0.090389
v 0.115867 0.345401 0.041218
v 0.118326 0.420486 0.125124
v 0.121677 0.674813 -0.226402
v 0.112930 0.705347 0.266707
v 0.118851 0.720972 0.257207
v 0.111250 0.765556 0.247974
v 0.130098 -0.111997 -0.232909
v 0.143705 0.062541 -0.319552
v 0.129258 0.050802 -0.017447
v 0.140988 0.523715 0.054971
v 0.142036 0.529348 0.085398
v 0.144331 0.832579 0.014508
v 0.143779 0.835688 0.047328
v 0.144424 0.830911 0.082504
v 0.158570 -0.121580 -0.134808
v 0.170856 -0.117478 -0.139836
v 0.153064 -0.110255 -0.123321
v 0.154991 -0.070228 -0.104701
v 0.144559 -0.043558 -0.084690
v 0.150837 0.035899 -0.055911
v 0.150837 0.035899 -0.055911
v 0.179064 -0.120484 -0.170047
v 0.171134 -0.127621 -0.176700
v 0.171572 -0.073721 -0.127461
v 0.161113 -0.094996 -0.119908
v 0.175771 -0.032537 -0.203214
v 0.175485 -0.014087 -0.204919
v 0.176714 -0.003663 -0.191319
v 0.172307 0.011821 -0.217610
v 0.173292 0.010612 -0.155166
v 0.167830 0.631199 0.112322
v 0.173574 0.697002 0.130006
v 0.173336 0.749053 0.039043
v 0.175581 0.731992 0.073335
v 0.179830 -0.097080 -0.179728
v -0.397406 0.625111 0.001339
v -0.335230 0.300281 0.014390
v -0.340694 0.337033 0.033611
v -0.304360 0.138573 -0.062812
v -0.292124 0.088192 -0.179333
v -0.290632 0.454645 0.315546
v -0.281092 0.045209 -0.233066
v -0.266160 0.174028 -0.298316
v -0.253129 0.044766 -0.367651
v -0.216774 0.046767 -0.294430
v -0.227006 0.056429 -0.293069
v -0.217647 0.378229 -0.174822
v -0.202493 0.042096 -0.215211
v -0.195200 0.140064 -0.151435
v -0.208351 0.270243 -0.193385
v -0.203930 0.284882 -0.203039
v -0.207461 0.271082 -0.176428
v -0.203930 0.284882 -0.203039
v -0.203225 0.298342 -0.124389
v -0.183606 0.357146 -0.219926
v -0.183218 0.374307 -0.220292
v -0.168637 0.074355 0.035699
v -0.179750 0.084683 -0.042538
v -0.172942 0.325225 -0.227300
v -0.176827 0.407098 -0.055064
v -0.172672 0.406621 -0.037613
v -0.150467 0.435100 0.180578
v -0.145725 0.008346 -0.347430
v -0.136458 0.503617 -0.220457
v -0.110509 0.090278 -0.127996
v -0.110509 0.090278 -0.127996
v -0.094120 0.131412 -0.180736
v -0.082246 0.103714 -0.176136
v -0.074079 -0.009595 -0.335599
v -0.069695 0.101000 -0.166498
v -0.070854 0.109637 -0.175164
v -0.066062 0.430207 0.285142
v -0.022127 0.165893 -0.035307
v -0.022476 0.418114 0.268757
v -0.012470 0.420357 0.261291
v 0.008641 0.214766 0.101323
v 0.004873 0.943733 0.141958
v 0.021630 0.409914 0.233218
v 0.014127 0.671863 -0.309988
v 0.026410 0.267393 0.180231
v 0.031471 0.278833 0.171281
v 0.025078 0.263529 0.166531
v 0.039475 0.340541 0.309506
v 0.038220 0.451723 0.037053
v 0.042937 0.095139 0.064547
v 0.040704 0.450671 0.020179
v 0.038220 0.451723 0.037053
v 0.074093 0.562227 0.293203
v 0.078075 0.037738 -0.323901
v 0.153064 -0.110255 -0.123321
v -0.397590 0.622901 0.038114
v -0.295321 0.101478 -0.165124
v -0.293811 0.129719 -0.187715
v -0.299040 0.464790 0.308224
v -0.275005 -0.018906 -0.062011
v -0.270509 0.056618 -0.244401
v -0.268346 0.327839 0.323535
v -0.259943 -0.058734 -0.283654
v -0.266341 0.101270 -0.266556
v -0.219488 0.149878 -0.228036
v -0.206759 0.283125 -0.187935
v -0.205602 0.274439 -0.162665
v -0.203307 0.647091 -0.331452
v -0.168080 0.338636 -0.228096
v -0.171682 0.407872 0.035243
v -0.166922 0.412001 -0.021435
v -0.147967 0.435263 0.160224
v -0.133529 0.084120 0.064868
v -0.132899 0.493785 -0.226837
v -0.116667 0.082873 0.064593
v -0.124608 0.639404 0.374297
v -0.104979 0.387640 0.381732
v -0.106917 0.569818 0.375336
v -0.088700 0.657916 -0.334103
v -0.029276 -0.003748 -0.337839
v -0.034789 0.082417 0.063741
v -0.027959 0.086733 0.075424
v -0.030549 0.231193 0.022018
v -0.022738 0.919984 0.269314
v -0.008154 -0.009313 -0.216710
v -0.025359 0.232564 0.060107
v 0.019908 -0.119184 -0.220427
v 0.005770 0.046840 -0.345340
v 0.009263 0.104480 0.077822
v 0.008645 0.111233 0.070275
v 0.028527 0.274838 0.186630
v 0.032185 0.273795 0.295302
v 0.029850 0.374313 -0.182454
v 0.028288 0.388366 -0.185906
v 0.039652 0.448998 0.050618
v 0.038982 0.448574 0.086701
v 0.038681 0.449069 0.103402
v 0.038865 0.448952 0.120384
v 0.032505 0.457784 0.132453
v 0.054582 0.308332 -0.090241
v 0.051038 0.380265 0.120306
v 0.069286 -0.070718 -0.098992
v 0.068050 -0.009415 -0.315340
v 0.077434 0.022340 -0.118276
v 0.119436 0.203167 -0.011816
v 0.117769 0.200572 0.013279
v 0.115286 0.231482 0.035697
v 0.115139 0.305725 0.058146
v 0.117743 0.384327 0.048302
v 0.120693 0.423018 0.091006
v 0.121309 0.425712 0.041898
v 0.173361 0.656043 0.035462
v 0.172361 0.658361 0.112446
v 0.171850 0.684827 -0.031972
v 0.174730 0.682718 0.010991
v 0.175992 0.681250 0.060219
v 0.173627 0.673908 0.118518
v 0.175664 0.691186 0.101330
v 0.175537 0.717702 0.024658
v 0.176520 0.708382 0.083941
v -0.248950 0.091886 -0.283381
v -0.214784 0.038808 -0.242443
v -0.107519 0.280807 0.264486
v -0.032290 0.426520 0.270594
v -0.008995 0.215229 -0.109912
v 0.026242 0.104003 0.077346
v 0.131177 0.064018 -0.008470
v -0.169124 0.411384 0.065905
v -0.008099 0.528898 -0.196535
v 0.016954 0.258828 0.172541
v 0.008689 0.140247 0.094450
v 0.082634 0.569082 0.285401
v -0.276113 0.111138 -0.266591
v -0.263439 0.060337 -0.303061
v -0.239897 -0.020137 -0.364433
v -0.008469 0.146419 0.079263
v 0.042937 0.095139 0.064547
vn -0.9993 -0.0294 -0.0227
vn -0.9945 -0.1051 -0.0010
vn -0.9995 -0.0238 0.0212
vn -0.9913 -0.0638 -0.1153
vn -0.9970 0.0374 -0.0684
vn -0.9938 -0.0962 0.0553
vn -0.9934 -0.0535 0.1016
vn -0.9823 0.1439 -0.1197
vn -0.9907 0.0270 -0.1334
vn -0.9981 0.0564 -0.0230
vn -0.9870 0.1477 -0.0632
vn -0.9947 0.0199 0.1009
vn -0.9838 0.1336 0.1197
vn -0.9975 0.0601 0.0359
vn -0.9792 -0.1687 -0.1123
vn -0.9822 -0.1586 -0.1009
vn -0.9740 -0.1534 -0.1666
vn -0.9619 -0.1609 -0.2210
vn -0.9635 -0.1932 -0.1856
vn -0.9715 -0.0918 0.2184
vn -0.9521 -0.0598 0.2998
vn -0.9591 -0.0407 0.2800
vn -0.9832 -0.0800 0.1641
vn -0.9750 -0.0418 0.2180
vn -0.9921 -0.1109 -0.0590
vn -0.9559 0.0094 0.2934
vn -0.9748 -0.0472 -0.2179
vn -0.9771 0.0246 -0.2112
vn -0.9549 0.1548 -0.2534
vn -0.9488 0.0465 -0.3125
vn -0.9757 0.0965 0.1967
vn -0.9831 0.1766 0.0486
vn -0.9689 0.2471 0.0077
vn -0.9730 0.2149 -0.0846
vn -0.9892 0.1444 -0.0246
vn -0.9499 0.2359 -0.2050
vn -0.8706 0.4239 -0.2499
vn -0.9032 0.3100 -0.2969
vn -0.9559 0.2526 -0.1498
vn -0.9586 0.2011 0.2014
vn -0.9325 0.3006 0.2002
vn -0.9663 0.2280 0.1193
vn -0.9433 0.3194 0.0903
vn -0.8725 0.4386 0.2152
vn -0.8980 0.4345 0.0697
vn -0.9699 -0.2235 -0.0968
vn -0.9701 -0.2367 -0.0537
vn -0.9713 -0.2281 -0.0679
vn -0.9800 -0.1990 -0.0048
vn -0.9765 -0.2153 0.0010
vn -0.9609 -0.2076 -0.1831
vn -0.9535 -0.2421 -0.1796
vn -0.9604 -0.2434 -0.1358
vn -0.9732 -0.1909 -0.1285
vn -0.9556 -0.1028 0.2763
vn -0.9369 -0.0652 0.3434
vn -0.9591 -0.0758 -0.2728
vn -0.9628 -0.1177 -0.2431
vn -0.9746 -0.1088 -0.1959
vn -0.9355 -0.0198 0.3528
vn -0.9193 0.0660 0.3880
vn -0.9116 0.1683 0.3750
vn -0.9443 0.0847 0.3180
vn -0.7830 0.4333 -0.4462
vn -0.8272 0.3693 -0.4235
vn -0.8305 0.3250 -0.4523
vn -0.9151 0.2029 -0.3485
vn -0.8647 0.3462 -0.3638
vn -0.8141 0.4357 -0.3838
vn -0.8249 0.4322 -0.3644
vn -0.8022 0.4479 -0.3949
vn -0.8204 0.4431 -0.3615
vn -0.7185 0.5379 -0.4409
vn -0.9107 0.2901 0.2940
vn -0.7383 0.5492 -0.3915
vn -0.8170 0.4710 -0.3328
vn -0.7189 0.6039 -0.3442
vn -0.8883 0.4550 -0.0623
vn -0.8375 0.5244 -0.1536
vn -0.9025 0.3962 -0.1692
vn -0.8728 0.3843 0.3009
vn -0.8268 0.4800 0.2932
vn -0.8045 0.4468 0.3914
vn -0.7779 0.5684 -0.2679
vn -0.6821 0.6572 -0.3206
vn -0.8346 0.5435 -0.0897
vn -0.7643 0.5986 0.2398
vn -0.8178 0.5517 0.1635
vn -0.6283 0.7609 -0.1620
vn -0.7868 0.6078 -0.1070
vn -0.7399 0.6653 -0.0997
vn -0.9626 -0.2296 -0.1438
vn -0.9773 -0.1841 -0.1053
vn -0.9681 -0.1777 0.1769
vn -0.9582 -0.1919 0.2120
vn -0.9757 -0.1856 0.1164
vn -0.9455 -0.2558 -0.2016
vn -0.9547 -0.2386 -0.1779
vn -0.9445 -0.2715 -0.1849
vn -0.9764 -0.1893 0.1042
vn -0.9790 -0.1960 0.0552
vn -0.9645 -0.1386 0.2247
vn -0.9371 -0.1327 0.3228
vn -0.9666 -0.1658 -0.1952
vn -0.9708 -0.1611 -0.1776
vn -0.9139 -0.0953 0.3946
vn -0.9040 -0.0338 0.4262
vn -0.9119 -0.0194 0.4099
vn -0.9512 -0.0450 -0.3051
vn -0.9601 -0.0474 -0.2755
vn -0.9135 0.0732 -0.4001
vn -0.9019 0.0872 -0.4230
vn -0.9396 0.0201 -0.3418
vn -0.8720 0.1699 -0.4590
vn -0.8752 0.0288 0.4829
vn -0.9116 0.0138 0.4108
vn -0.9331 0.0314 -0.3582
vn -0.9400 -0.0061 -0.3411
vn -0.9147 0.0992 -0.3917
vn -0.8799 0.2151 -0.4237
vn -0.7899 0.3567 -0.4988
vn -0.8734 0.1280 0.4699
vn -0.7370 0.4432 -0.5102
vn -0.7110 0.4595 -0.5324
vn -0.7660 0.4055 -0.4989
vn -0.8630 0.2627 0.4316
vn -0.7470 0.4433 -0.4955
vn -0.6796 0.5236 -0.5138
vn -0.7159 0.5076 -0.4794
vn -0.7336 0.4582 -0.5018
vn -0.8007 0.3762 0.4663
vn -0.8555 0.3465 0.3849
vn -0.6510 0.5861 -0.4824
vn -0.7496 0.4386 0.4957
vn -0.7122 0.5076 0.4849
vn -0.6457 0.6394 -0.4174
vn -0.7483 0.6413 -0.1696
vn -0.6404 0.7274 -0.2466
vn -0.7345 0.6331 -0.2444
vn -0.6540 0.7555 -0.0392
vn -0.6404 0.7655 0.0621
vn -0.7334 0.6798 0.0004
vn -0.7096 0.6966 0.1059
vn -0.7273 0.6857 0.0298
vn -0.7734 0.6234 0.1149
vn -0.7147 0.6750 0.1833
vn -0.6740 0.7198 0.1659
vn -0.6767 0.6897 0.2577
vn -0.7206 0.6096 0.3303
vn -0.5232 0.8459 -0.1032
vn -0.6921 0.7106 0.1265
vn -0.6253 0.7661 0.1488
vn -0.6580 0.7280 0.1924
vn -0.9948 -0.0145 -0.1009
vn -0.9843 0.0251 -0.1745
vn -0.9925 -0.0732 -0.0981
vn -0.9863 -0.0996 -0.1315
vn -0.9829 0.0077 -0.1841
vn -0.9372 -0.2785 0.2102
vn -0.9620 -0.1813 0.2042
vn -0.9643 -0.2211 0.1455
vn -0.9613 -0.1476 -0.2325
vn -0.9760 -0.0567 -0.2101
vn -0.9770 -0.2057 0.0564
vn -0.9824 -0.1813 0.0448
vn -0.9802 -0.1975 0.0141
vn -0.9810 -0.1937 -0.0047
vn -0.9814 -0.1818 -0.0621
vn -0.9871 -0.1586 -0.0233
vn -0.9783 -0.1782 0.1060
vn -0.9681 -0.1774 -0.1767
vn -0.9534 -0.2148 -0.2120
vn -0.9512 -0.1727 0.2558
vn -0.9255 -0.1952 0.3244
vn -0.9405 -0.1705 0.2940
vn -0.9033 -0.3524 -0.2446
vn -0.9166 -0.3373 -0.2148
vn -0.9386 -0.2753 -0.2081
vn -0.9087 -0.1804 0.3765
vn -0.8878 -0.1522 0.4343
vn -0.8568 -0.0865 0.5083
vn -0.9448 -0.1967 -0.2621
vn -0.9126 -0.2884 -0.2897
vn -0.8780 -0.0360 0.4773
vn -0.9610 -0.2073 -0.1830
vn -0.9673 -0.1348 -0.2148
vn -0.9517 -0.0899 -0.2935
vn -0.9359 -0.0046 -0.3522
vn -0.9005 -0.0504 -0.4320
vn -0.8490 0.1616 -0.5031
vn -0.7539 0.2367 -0.6129
vn -0.8490 0.1321 -0.5116
vn -0.8650 -0.0018 0.5017
vn -0.8221 0.0365 0.5681
vn -0.8783 0.0043 0.4781
vn -0.7991 0.2191 -0.5599
vn -0.8103 0.2138 -0.5456
vn -0.7048 0.3429 -0.6211
vn -0.7976 0.3179 -0.5126
vn -0.8521 0.0997 0.5137
vn -0.7705 0.0651 0.6341
vn -0.7911 0.1169 0.6004
vn -0.6850 0.3919 -0.6141
vn -0.7520 0.3167 -0.5781
vn -0.7158 0.3651 -0.5952
vn -0.7184 0.4017 -0.5679
vn -0.6448 0.4572 -0.6125
vn -0.7219 0.3940 -0.5689
vn -0.7087 0.4399 -0.5515
vn -0.7234 0.4254 -0.5438
vn -0.7775 0.2183 0.5897
vn -0.7346 0.1771 0.6550
vn -0.8324 0.2601 0.4893
vn -0.7519 0.3365 0.5669
vn -0.5359 0.6065 -0.5873
vn -0.6171 0.5563 -0.5566
vn -0.5613 0.6274 -0.5397
vn -0.5761 0.6679 -0.4712
vn -0.7558 0.5311 0.3831
vn -0.7133 0.6775 0.1793
vn -0.5962 0.7677 0.2350
vn -0.0091 0.9663 0.2573
vn -0.5699 0.7578 0.3178
vn -0.5447 0.7960 0.2639
vn -0.6826 0.5774 0.4480
vn -0.6248 0.6760 0.3908
vn -0.5147 0.8086 -0.2851
vn -0.5166 0.8550 0.0449
vn -0.5173 0.8557 -0.0139
vn -0.5205 0.8461 0.1148
vn -0.9552 -0.0920 -0.2811
vn -0.9513 -0.1796 -0.2506
vn -0.9624 -0.0971 -0.2537
vn -0.9881 -0.1496 0.0342
vn -0.9751 -0.2196 -0.0318
vn -0.9675 -0.2219 0.1215
vn -0.9844 -0.1538 0.0854
vn -0.9253 -0.3595 0.1211
vn -0.9459 -0.3121 0.0889
vn -0.9468 -0.3055 0.1009
vn -0.9176 -0.3822 0.1096
vn -0.9246 -0.3569 0.1331
vn -0.9196 -0.3656 0.1439
vn -0.9196 -0.3410 0.1952
vn -0.9427 -0.3217 0.0880
vn -0.9691 -0.2393 0.0594
vn -0.9559 -0.2733 0.1077
vn -0.9353 -0.2030 0.2898
vn -0.9178 -0.2053 0.3398
vn -0.9110 -0.1839 0.3692
vn -0.9531 -0.0401 -0.2998
vn -0.9298 -0.2386 -0.2801
vn -0.9469 -0.1444 -0.2874
vn -0.9432 -0.2185 -0.2501
vn -0.8780 -0.1786 0.4440
vn -0.9019 -0.1890 0.3884
vn -0.8956 -0.3354 -0.2921
vn -0.9245 -0.3008 -0.2341
vn -0.9351 -0.2757 -0.2227
vn -0.9329 -0.1733 0.3158
vn -0.9421 -0.2854 -0.1762
vn -0.8480 -0.1715 0.5015
vn -0.7874 -0.1627 0.5946
vn -0.8413 -0.1498 0.5194
vn -0.8859 -0.3648 -0.2866
vn -0.8450 -0.4055 -0.3486
vn -0.8338 -0.3523 -0.4251
vn -0.7589 -0.4548 -0.4662
vn -0.8221 -0.4336 -0.3689
vn -0.8766 -0.3576 -0.3221
vn -0.8895 -0.2567 -0.3779
vn -0.7539 -0.1792 -0.6320
vn -0.7212 -0.2996 -0.6246
vn -0.8319 -0.2442 -0.4983
vn -0.8133 -0.0411 -0.5804
vn -0.7085 -0.1054 -0.6978
vn -0.6906 -0.0168 -0.7230
vn -0.8021 -0.0312 0.5964
vn -0.7690 0.0121 0.6391
vn -0.8182 0.0122 0.5747
vn -0.7295 0.0539 -0.6819
vn -0.7528 0.0382 0.6572
vn -0.7383 0.0335 0.6737
vn -0.7123 0.1307 -0.6896
vn -0.8553 0.0586 -0.5148
vn -0.7892 0.1456 -0.5966
vn -0.7874 0.0374 0.6153
vn -0.6912 0.2807 -0.6660
vn -0.6739 0.2146 -0.7069
vn -0.7942 0.1312 -0.5934
vn -0.6379 0.3140 -0.7031
vn -0.6527 0.3427 -0.6756
vn -0.6611 0.3712 -0.6520
vn -0.6735 0.3803 -0.6339
vn -0.6800 0.3890 -0.6215
vn -0.7209 0.3757 -0.5824
vn -0.7393 0.1190 0.6628
vn -0.6968 0.1591 0.6994
vn -0.7324 0.1104 0.6719
vn -0.7016 0.0745 0.7087
vn -0.6945 0.1563 0.7023
vn -0.7280 0.1834 0.6606
vn -0.6938 0.2475 0.6763
vn -0.6978 0.3021 0.6495
vn -0.6990 0.3374 0.6306
vn -0.5991 0.6645 0.4467
vn -0.6298 0.5996 0.4938
vn -0.5848 0.6972 0.4148
vn -0.4570 0.8804 -0.1270
vn -0.4642 0.8587 -0.2170
vn -0.4177 0.9072 -0.0502
vn -0.9988 0.0174 -0.0460
vn -0.9942 -0.0376 -0.1004
vn -0.9924 -0.1212 0.0201
vn -0.9666 -0.1947 0.1667
vn -0.9855 -0.0519 0.1614
vn -0.9990 -0.0251 0.0371
vn -0.9989 -0.0109 0.0461
vn -0.9879 -0.1222 -0.0956
vn -0.9899 -0.0701 -0.1235
vn -0.9955 -0.0447 -0.0838
vn -0.9749 -0.2217 -0.0208
vn -0.9693 -0.2309 -0.0839
vn -0.9727 -0.1785 -0.1482
vn -0.9713 -0.2365 0.0256
vn -0.9562 -0.1631 -0.2432
vn -0.9711 -0.1208 -0.2060
vn -0.9339 -0.3213 0.1571
vn -0.9415 -0.2919 0.1686
vn -0.9584 -0.2341 0.1635
vn -0.9245 0.0058 -0.3811
vn -0.9460 0.0020 -0.3242
vn -0.9348 -0.0453 -0.3523
vn -0.9397 -0.0629 -0.3361
vn -0.9385 0.0065 -0.3452
vn -0.8992 -0.0112 -0.4374
vn -0.8987 0.0243 -0.4379
vn -0.9306 -0.0421 -0.3636
vn -0.8860 -0.1048 -0.4518
vn -0.9275 -0.1560 -0.3397
vn -0.8237 -0.3334 -0.4587
vn -0.8778 -0.2145 -0.4284
vn -0.8816 -0.3209 -0.3461
vn -0.6901 -0.5110 -0.5125
vn -0.7004 -0.4489 -0.5550
vn -0.7723 -0.4453 -0.4530
vn -0.8055 -0.1556 0.5718
vn -0.7167 -0.4084 -0.5653
vn -0.6396 -0.5063 -0.5785
vn -0.7358 -0.1272 0.6652
vn -0.7938 -0.1116 0.5979
vn -0.7674 -0.3528 -0.5354
vn -0.6408 -0.2790 -0.7152
vn -0.6675 -0.2254 -0.7096
vn -0.6181 -0.2806 -0.7343
vn -0.6871 -0.2186 -0.6929
vn -0.5445 -0.1676 -0.8218
vn -0.7504 -0.0399 0.6598
vn -0.8025 -0.0472 0.5948
vn -0.7476 -0.0642 0.6610
vn -0.5570 -0.0440 -0.8293
vn -0.4006 -0.1322 -0.9067
vn -0.6625 -0.1320 -0.7373
vn -0.5548 -0.1722 -0.8140
vn -0.6722 -0.1577 -0.7233
vn -0.6835 -0.1058 -0.7223
vn -0.6853 -0.0158 -0.7281
vn -0.6118 0.0646 -0.7883
vn -0.4744 0.1023 -0.8744
vn -0.7307 0.0464 -0.6812
vn -0.6976 0.1394 -0.7028
vn -0.7674 0.0226 0.6407
vn -0.5473 0.1925 -0.8145
vn -0.7657 0.0302 0.6425
vn -0.7240 0.0359 0.6889
vn -0.7065 0.0268 0.7072
vn -0.6271 0.2971 -0.7200
vn -0.5609 0.2288 -0.7956
vn -0.7280 0.0319 0.6849
vn -0.7393 0.0622 0.6705
vn -0.5091 0.4659 -0.7237
vn -0.5400 0.3748 -0.7536
vn -0.5985 0.4023 -0.6928
vn -0.6813 0.3612 -0.6367
vn -0.6178 0.4281 -0.6596
vn -0.5665 0.4925 -0.6607
vn -0.6478 0.1415 0.7486
vn -0.6663 0.2898 0.6871
vn -0.6648 0.2910 0.6881
vn -0.6312 0.2296 0.7409
vn -0.4868 0.5603 -0.6702
vn -0.5568 0.5534 -0.6194
vn -0.4737 0.6216 -0.6239
vn -0.6245 0.5307 -0.5731
vn -0.6515 0.3275 0.6843
vn -0.6603 0.3842 0.6453
vn -0.7018 0.4504 0.5519
vn -0.6480 0.4881 0.5847
vn -0.6496 0.5372 0.5380
vn -0.4478 0.6554 -0.6082
vn -0.4894 0.6832 -0.5420
vn -0.6094 0.6599 0.4395
vn -0.5224 0.7353 -0.4319
vn -0.5099 0.7787 -0.3656
vn -0.4463 0.8189 -0.3609
vn -0.4055 0.8644 -0.2975
vn -0.5430 0.8128 0.2109
vn -0.5561 0.8103 0.1847
vn -0.5590 0.7785 0.2854
vn -0.5445 0.7701 0.3322
vn -0.5590 0.7317 0.3901
vn -0.4899 0.8695 0.0623
vn -0.5077 0.8496 0.1432
vn -0.9247 -0.3569 -0.1328
vn -0.8718 -0.4822 -0.0858
vn -0.9460 -0.3219 -0.0385
vn -0.8874 -0.4604 0.0210
vn -0.7872 -0.6118 0.0774
vn -0.8126 -0.5443 0.2085
vn -0.9870 -0.1173 -0.1098
vn -0.9534 -0.2850 -0.0987
vn -0.9905 -0.0265 -0.1348
vn -0.9807 0.0889 -0.1744
vn -0.9928 0.0236 -0.1176
vn -0.9777 -0.2048 -0.0460
vn -0.9578 -0.2815 0.0575
vn -0.6957 -0.5114 0.5044
vn -0.8489 -0.3497 0.3963
vn -0.8258 -0.4048 0.3928
vn -0.6958 -0.4930 0.5223
vn -0.8837 -0.2528 0.3940
vn -0.9206 0.2200 -0.3227
vn -0.9431 0.2322 -0.2382
vn -0.9916 -0.0462 0.1208
vn -0.9607 -0.1556 -0.2297
vn -0.9640 -0.0417 -0.2627
vn -0.9821 -0.1167 -0.1478
vn -0.9984 -0.0029 -0.0565
vn -0.9913 0.0040 -0.1315
vn -0.9850 -0.0961 -0.1430
vn -0.9535 -0.2283 -0.1969
vn -0.9271 -0.2501 -0.2792
vn -0.9953 -0.0102 -0.0962
vn -0.9306 -0.2989 0.2114
vn -0.9361 -0.2948 0.1921
vn -0.9559 -0.2326 0.1793
vn -0.9908 -0.0445 -0.1278
vn -0.9596 -0.1832 0.2136
vn -0.9588 -0.2234 0.1754
vn -0.9758 -0.1786 0.1261
vn -0.9899 0.0163 -0.1408
vn -0.9852 0.0718 -0.1555
vn -0.9620 0.0642 -0.2655
vn -0.9755 -0.0700 -0.2085
vn -0.9867 0.0035 -0.1628
vn -0.9638 0.1427 -0.2253
vn -0.9485 0.1738 -0.2647
vn -0.8928 0.2584 -0.3690
vn -0.9458 0.1212 -0.3013
vn -0.9759 0.0274 -0.2167
vn -0.9213 -0.3712 0.1155
vn -0.9259 -0.3610 0.1112
vn -0.9486 -0.2863 0.1348
vn -0.9377 -0.3126 0.1515
vn -0.8903 -0.3847 0.2435
vn -0.8923 -0.3309 0.3071
vn -0.9280 -0.3024 0.2177
vn -0.8520 0.2473 -0.4615
vn -0.9026 0.1270 -0.4113
vn -0.9275 -0.2887 0.2373
vn -0.9245 -0.3361 0.1800
vn -0.8679 0.1202 -0.4821
vn -0.9135 -0.2531 0.3184
vn -0.9248 -0.2517 0.2853
vn -0.8564 -0.0401 -0.5148
vn -0.8006 -0.1329 -0.5843
vn -0.8119 -0.2630 -0.5213
vn -0.7253 -0.2404 -0.6451
vn -0.7119 -0.3638 -0.6007
vn -0.6480 -0.4327 -0.6268
vn -0.6764 -0.1062 0.7288
vn -0.7329 -0.1408 0.6656
vn -0.7141 -0.1595 0.6816
vn -0.4416 -0.3397 -0.8304
vn -0.4426 -0.5082 -0.7388
vn -0.5497 -0.4412 -0.7094
vn -0.5913 -0.4906 -0.6401
vn -0.5697 -0.4350 -0.6973
vn -0.6144 -0.3650 -0.6995
vn -0.5839 -0.0596 0.8097
vn -0.6775 -0.0198 0.7353
vn -0.4185 -0.0574 -0.9064
vn -0.4268 0.0416 -0.9034
vn -0.5481 0.0577 0.8344
vn -0.6347 0.0526 0.7710
vn -0.6607 0.0368 0.7497
vn -0.5486 0.0405 0.8351
vn -0.4547 0.2269 -0.8612
vn -0.4777 0.2944 -0.8277
vn -0.4374 0.2895 -0.8514
vn -0.5387 0.3124 -0.7825
vn -0.4641 0.3841 -0.7982
vn -0.5868 0.0896 0.8048
vn -0.6465 0.0777 0.7589
vn -0.5490 0.1406 0.8239
vn -0.6049 0.1867 0.7741
vn -0.4188 0.5533 -0.7200
vn -0.4093 0.6114 -0.6772
vn -0.6370 0.4411 0.6322
vn -0.6294 0.3973 0.6679
vn -0.6227 0.3113 0.7178
vn -0.6443 0.4920 0.5856
vn -0.6639 0.4335 0.6094
vn -0.6439 0.4490 0.6194
vn -0.3933 0.7106 -0.5833
vn -0.4147 0.7539 -0.5096
vn -0.4773 0.7344 -0.4825
vn -0.4037 0.8179 -0.4099
vn -0.6393 0.5875 0.4961
vn -0.5981 0.6942 0.4004
vn -0.7400 -0.6610 -0.1246
vn -0.7105 -0.6929 -0.1227
vn -0.8556 -0.5016 -0.1275
vn -0.6140 -0.7673 0.1848
vn -0.3776 -0.8951 0.2372
vn -0.4823 -0.8168 0.3164
vn -0.8081 -0.5181 -0.2803
vn -0.8312 -0.5280 -0.1743
vn -0.9069 -0.3496 -0.2352
vn -0.7882 -0.5988 -0.1417
vn -0.7880 -0.6067 -0.1046
vn -0.4790 -0.8190 0.3160
vn -0.6171 -0.7244 0.3073
vn -0.7201 -0.6787 0.1443
vn -0.4214 -0.7856 0.4531
vn -0.6261 -0.7135 0.3144
vn -0.7843 -0.4383 -0.4391
vn -0.8865 -0.4459 -0.1238
vn -0.9506 -0.2814 -0.1313
vn -0.6563 -0.6339 0.4093
vn -0.7587 -0.4570 0.4643
vn -0.9167 -0.2049 -0.3429
vn -0.9912 -0.0739 -0.1101
vn -0.9584 -0.1535 -0.2408
vn -0.5500 -0.6282 0.5503
vn -0.3338 -0.6680 0.6651
vn -0.4876 -0.6097 0.6249
vn -0.9715 0.1955 -0.1341
vn -0.9559 0.2927 -0.0226
vn -0.9889 0.1272 -0.0771
vn -0.9757 0.2188 -0.0093
vn -0.9883 0.0649 -0.1382
vn -0.6886 0.6797 0.2526
vn -0.6027 0.5739 0.5545
vn -0.8892 0.3673 0.2727
vn -0.5975 0.7690 -0.2272
vn -0.8694 0.4539 -0.1951
vn -0.7887 0.4771 -0.3878
vn -0.8021 0.3910 -0.4515
vn -0.9765 0.1797 0.1193
vn -0.9731 0.1341 -0.1875
vn -0.7467 0.2772 -0.6046
vn -0.4132 0.4083 -0.8140
vn -0.5128 0.5526 -0.6570
vn -0.9582 0.0927 -0.2707
vn -0.8869 0.1320 -0.4427
vn -0.7045 -0.4953 0.5082
vn -0.6223 -0.5647 0.5421
vn -0.8473 -0.3162 0.4268
vn -0.9985 0.0525 -0.0126
vn -0.7746 0.2136 0.5952
vn -0.9350 -0.0150 0.3544
vn -0.9036 -0.2528 0.3457
vn -0.9196 -0.2110 0.3313
vn -0.9922 -0.0342 -0.1201
vn -0.9630 0.0721 -0.2598
vn -0.9653 -0.1396 0.2205
vn -0.9654 -0.1380 0.2212
vn -0.6366 -0.5249 0.5650
vn -0.9354 -0.3218 0.1467
vn -0.4323 -0.6092 -0.6648
vn -0.4107 -0.3021 -0.8602
vn -0.7688 -0.2925 -0.5687
vn -0.7503 -0.0371 -0.6600
vn -0.9076 -0.1205 -0.4022
vn -0.7619 -0.2943 -0.5770
vn -0.8352 -0.3882 -0.3896
vn -0.9507 -0.1531 0.2696
vn -0.9356 -0.2287 0.2691
vn -0.6071 -0.6086 0.5110
vn -0.5337 -0.6908 0.4877
vn -0.8348 -0.4156 0.3610
vn -0.6829 -0.5756 0.4499
vn -0.6925 -0.5929 0.4110
vn -0.8688 -0.4116 0.2752
vn -0.9558 -0.0093 -0.2939
vn -0.9241 0.1205 -0.3628
vn -0.6310 -0.7696 0.0973
vn -0.9202 -0.3719 -0.1222
vn -0.9054 -0.4123 0.1012
vn -0.9346 -0.3229 0.1494
vn -0.9725 -0.1427 -0.1839
vn -0.8286 -0.3954 -0.3963
vn -0.7349 -0.5624 -0.3791
vn -0.8513 -0.4776 -0.2172
vn -0.7167 -0.5826 -0.3833
vn -0.8341 0.2355 -0.4988
vn -0.8664 0.1443 -0.4780
vn -0.9529 -0.2151 -0.2137
vn -0.9016 0.1041 -0.4198
vn -0.9271 -0.3025 0.2212
vn -0.9575 -0.2358 0.1658
vn -0.8389 -0.4615 0.2885
vn -0.8742 -0.4014 0.2732
vn -0.7630 0.2830 -0.5811
vn -0.8208 0.2281 -0.5237
vn -0.9507 -0.2416 0.1946
vn -0.7504 0.3100 -0.5837
vn -0.8055 0.2411 -0.5413
vn -0.5913 0.4186 -0.6893
vn -0.9220 -0.3191 0.2194
vn -0.8079 -0.4751 0.3486
vn -0.8556 -0.4372 0.2770
vn -0.8917 0.1739 -0.4179
vn -0.8284 0.3119 -0.4652
vn -0.7608 0.3210 -0.5641
vn -0.7831 -0.5505 0.2894
vn -0.8022 -0.5407 0.2533
vn -0.8917 -0.4148 0.1809
vn -0.7411 0.4207 -0.5232
vn -0.6593 0.4229 -0.6217
vn -0.8478 0.3162 -0.4257
vn -0.9172 -0.3612 0.1681
vn -0.9124 -0.3721 0.1702
vn -0.5488 0.4859 -0.6802
vn -0.7319 0.4256 -0.5322
vn -0.6854 0.4166 -0.5973
vn -0.7807 0.3728 -0.5016
vn -0.7000 0.4186 -0.5786
vn -0.7453 0.3420 -0.5724
vn -0.6452 0.4192 -0.6387
vn -0.7836 0.3704 -0.4988
vn -0.7536 0.3491 -0.5569
vn -0.7762 -0.3965 0.4902
vn -0.8668 -0.2864 0.4082
vn -0.8111 0.1981 -0.5504
vn -0.7030 0.2729 -0.6568
vn -0.7213 0.3145 -0.6171
vn -0.8193 -0.2789 0.5010
vn -0.9019 -0.1799 0.3927
vn -0.8633 -0.1444 0.4835
vn -0.8269 -0.1443 0.5435
vn -0.8403 -0.0956 0.5336
vn -0.7144 0.0449 -0.6983
vn -0.7037 0.1303 -0.6985
vn -0.8157 0.0680 -0.5745
vn -0.7917 0.0111 -0.6109
vn -0.6401 -0.2026 -0.7411
vn -0.7367 -0.1668 -0.6554
vn -0.7813 -0.0804 0.6190
vn -0.7141 -0.0736 0.6962
vn -0.7248 -0.0746 0.6849
vn -0.4770 -0.4438 -0.7586
vn -0.5188 -0.3107 -0.7964
vn -0.5921 -0.3811 -0.7101
vn -0.6165 -0.3023 -0.7271
vn -0.6070 -0.3889 -0.6931
vn -0.5662 -0.4602 -0.6838
vn -0.9386 -0.2235 0.2627
vn -0.6989 -0.1124 0.7063
vn -0.3052 -0.3200 -0.8969
vn -0.3378 -0.4268 -0.8389
vn -0.3107 -0.1970 -0.9299
vn -0.4375 -0.2392 -0.8668
vn -0.5598 -0.0119 0.8285
vn -0.3033 -0.0579 -0.9511
vn -0.3289 0.0818 -0.9408
vn -0.4731 0.0498 0.8796
vn -0.5094 0.0540 0.8589
vn -0.4251 0.3038 -0.8526
vn -0.4726 0.3192 -0.8215
vn -0.3876 0.4047 -0.8282
vn -0.3686 0.3225 -0.8719
vn -0.3976 0.4913 -0.7750
vn -0.3202 0.5777 -0.7508
vn -0.5818 0.2456 0.7753
vn -0.6285 0.3881 0.6741
vn -0.6362 0.4448 0.6303
vn -0.6477 0.4866 0.5863
vn -0.3389 0.7616 -0.5523
vn -0.3539 0.8070 -0.4728
vn -0.6626 0.6052 0.4412
vn -0.3218 0.8579 -0.4005
vn -0.3418 0.8870 -0.3105
vn -0.3685 0.9020 -0.2251
vn -0.6122 0.7600 0.2183
vn -0.6379 0.7154 0.2851
vn -0.5708 0.7564 0.3194
vn -0.6034 0.7263 0.3291
vn -0.3224 0.9208 -0.2194
vn -0.3512 0.9251 -0.1443
vn -0.4591 -0.8874 -0.0418
vn -0.3708 -0.9219 0.1127
vn -0.5601 -0.8274 0.0415
vn -0.5014 -0.8590 -0.1031
vn -0.5891 -0.8027 -0.0936
vn -0.6247 -0.7704 -0.1275
vn -0.6552 -0.7517 -0.0748
vn -0.7583 -0.6417 -0.1149
vn -0.5544 -0.8203 0.1404
vn -0.7374 -0.6029 -0.3046
vn -0.7556 -0.6111 -0.2359
vn -0.6860 -0.5917 -0.4234
vn -0.7026 -0.6998 -0.1288
vn -0.7171 -0.6935 -0.0703
vn -0.2830 -0.8209 0.4961
vn -0.3165 -0.8711 0.3756
vn -0.2614 -0.7623 0.5921
vn -0.4404 -0.7101 0.5494
vn -0.7905 -0.2809 -0.5442
vn -0.6631 -0.3309 -0.6714
vn -0.8269 -0.1432 -0.5438
vn -0.1363 -0.7197 0.6808
vn -0.1409 -0.7610 0.6332
vn -0.3503 -0.6899 0.6335
vn -0.4673 -0.6441 0.6056
vn -0.6713 -0.5429 0.5046
vn -0.5931 0.0440 -0.8039
vn -0.5989 -0.0442 -0.7996
vn -0.7875 -0.0170 -0.6161
vn -0.7610 0.1245 -0.6367
vn -0.3855 0.8808 0.2749
vn -0.2080 0.9336 -0.2917
vn -0.0443 0.9464 0.3199
vn -0.5899 0.7739 -0.2304
vn 0.0190 0.6734 -0.7390
vn -0.4170 0.2771 0.8656
vn -0.2035 0.6643 0.7192
vn -0.6965 -0.5296 0.4842
vn -0.6218 -0.5671 0.5402
vn -0.4370 -0.6966 0.5689
vn -0.7435 0.2074 -0.6358
vn -0.6400 0.1684 -0.7496
vn -0.8249 0.1053 -0.5554
vn -0.8982 0.1374 -0.4174
vn -0.8544 0.1661 -0.4923
vn -0.7124 -0.1339 0.6889
vn -0.7503 -0.0371 -0.6601
vn -0.4283 0.0870 -0.8994
vn -0.6060 -0.6265 0.4901
vn -0.3084 -0.7802 0.5442
vn -0.2956 -0.7985 0.5244
vn -0.5399 -0.6868 0.4867
vn -0.7123 -0.1339 0.6890
vn -0.2302 -0.2382 0.9435
vn -0.5743 0.3457 -0.7421
vn -0.7236 0.2538 -0.6418
vn -0.6435 0.3287 -0.6913
vn -0.7785 0.2527 -0.5745
vn -0.7678 0.2349 -0.5961
vn -0.7417 0.2510 -0.6220
vn -0.2161 -0.9449 0.2461
vn -0.6310 -0.7697 0.0973
vn 0.1498 -0.9872 -0.0541
vn 0.1571 -0.4962 -0.8539
vn -0.4543 -0.8739 -0.1729
vn -0.7140 -0.5987 0.3630
vn -0.6731 -0.6384 0.3734
vn -0.6692 -0.6181 0.4125
vn -0.4295 -0.7609 0.4864
vn -0.4760 -0.7258 0.4967
vn -0.6755 -0.6306 0.3822
vn -0.8362 0.2130 -0.5054
vn -0.7269 -0.5616 0.3953
vn -0.4122 -0.7432 0.5270
vn -0.7049 -0.5771 0.4125
vn -0.6148 0.3833 -0.6893
vn -0.7208 0.3039 -0.6230
vn -0.7210 0.3012 -0.6241
vn -0.6015 -0.6804 0.4186
vn -0.6036 -0.6343 0.4831
vn -0.6583 -0.6188 0.4287
vn -0.5616 -0.7140 0.4181
vn -0.5403 -0.7435 0.3940
vn -0.4056 -0.7882 0.4628
vn -0.6030 -0.7014 0.3801
vn -0.6211 -0.7000 0.3525
vn -0.3497 -0.8490 0.3962
vn -0.5101 -0.7925 0.3344
vn -0.5943 0.4762 -0.6481
vn -0.5396 0.4860 -0.6875
vn -0.6176 -0.7062 0.3461
vn -0.5206 -0.7765 0.3550
vn -0.6444 -0.7058 0.2944
vn -0.4414 -0.7932 0.4196
vn -0.6413 -0.7005 0.3131
vn -0.5459 -0.6854 0.4820
vn -0.6317 -0.6804 0.3716
vn -0.6764 0.4466 -0.5857
vn -0.6969 -0.6435 0.3166
vn -0.7792 -0.5047 0.3716
vn -0.6230 -0.6804 0.3858
vn -0.5705 -0.6733 0.4702
vn -0.4362 -0.6423 0.6302
vn -0.6183 -0.5300 0.5804
vn -0.6557 -0.5585 0.5080
vn -0.6753 -0.5448 0.4971
vn -0.5356 0.4388 -0.7216
vn -0.5786 0.3468 -0.7382
vn -0.6948 -0.4057 0.5938
vn -0.7101 -0.3211 0.6267
vn -0.6386 -0.3782 0.6702
vn -0.6073 -0.3329 0.7214
vn -0.7056 0.2591 -0.6595
vn -0.6489 0.2369 -0.7231
vn -0.7688 -0.2190 0.6008
vn -0.6533 -0.2748 0.7055
vn -0.6973 0.2428 -0.6743
vn -0.6065 -0.2061 0.7679
vn -0.6882 -0.1381 0.7122
vn -0.6630 -0.2360 0.7105
vn -0.6452 -0.2797 0.7109
vn -0.5781 0.1631 -0.7995
vn -0.5522 0.2592 -0.7924
vn -0.7576 0.1527 -0.6346
vn -0.6929 0.1316 -0.7089
vn -0.6279 0.0456 -0.7770
vn -0.7173 -0.0263 -0.6963
vn -0.5763 -0.1195 -0.8084
vn -0.4533 -0.2129 -0.8656
vn -0.6518 -0.2235 -0.7247
vn -0.6808 -0.0628 0.7298
vn -0.6080 -0.0561 0.7920
vn -0.6673 -0.0688 0.7416
vn -0.2631 -0.5331 -0.8041
vn -0.3034 -0.5144 -0.8021
vn -0.4016 -0.5457 -0.7355
vn -0.5688 -0.0416 0.8214
vn -0.6293 -0.0860 0.7724
vn -0.4546 -0.5842 -0.6724
vn -0.3200 -0.5114 -0.7975
vn -0.2235 -0.4365 -0.8715
vn -0.4108 0.0326 0.9111
vn -0.4038 0.0583 0.9130
vn -0.3714 0.1641 -0.9139
vn -0.3960 0.2316 -0.8885
vn -0.3392 0.2374 -0.9103
vn -0.2984 0.2029 -0.9326
vn -0.3238 0.2545 -0.9113
vn -0.2645 0.2977 -0.9173
vn -0.3000 0.5086 -0.8070
vn -0.2731 0.4092 -0.8706
vn -0.6115 0.3221 0.7228
vn -0.5474 0.2638 0.7942
vn -0.3287 0.6112 -0.7200
vn -0.3531 0.6479 -0.6750
vn -0.2902 0.6700 -0.6833
vn -0.6753 0.4814 0.5587
vn -0.6599 0.5317 0.5309
vn -0.6499 0.6527 0.3893
vn -0.6905 0.6379 0.3411
vn -0.6422 0.6879 0.3381
vn -0.7133 0.5772 0.3976
vn -0.7323 0.5941 0.3330
vn -0.2739 0.9287 -0.2501
vn -0.6675 0.7211 0.1854
vn -0.5639 0.8178 0.1148
vn -0.6444 0.6885 0.3326
vn -0.6906 0.6558 0.3050
vn -0.7012 0.6503 0.2922
vn -0.4668 0.8800 -0.0881
vn -0.4162 0.9080 -0.0469
vn -0.4737 0.8806 -0.0130
vn -0.5442 0.8388 -0.0162
vn -0.5920 -0.7929 -0.1444
vn -0.4027 -0.9045 -0.1407
vn -0.2825 -0.9592 0.0144
vn -0.2438 -0.9315 0.2698
vn -0.2459 -0.9597 0.1359
vn -0.4052 -0.8764 -0.2602
vn -0.5170 -0.7641 -0.3859
vn -0.4198 -0.7855 -0.4547
vn -0.5981 -0.7720 -0.2150
vn -0.1956 -0.8913 0.4091
vn -0.1563 -0.8202 0.5503
vn -0.5960 -0.6371 -0.4887
vn -0.5088 -0.6230 -0.5942
vn -0.5567 -0.4763 -0.6806
vn -0.4671 -0.5243 -0.7120
vn -0.4996 -0.3214 -0.8044
vn -0.6359 -0.3356 -0.6949
vn -0.5186 -0.1772 -0.8365
vn -0.4536 0.1325 -0.8813
vn -0.4685 -0.0472 -0.8822
vn -0.5663 0.0444 -0.8230
vn 0.4338 0.8851 -0.1683
vn 0.2022 0.7406 0.6408
vn 0.0962 0.3264 -0.9403
vn 0.4598 0.5703 -0.6807
vn 0.0741 -0.8132 0.5772
vn -0.0339 -0.8293 0.5578
vn -0.6370 0.1805 -0.7494
vn -0.7177 0.2190 -0.6610
vn -0.5055 0.2663 -0.8207
vn 0.2478 -0.2470 0.9368
vn 0.1437 0.2917 0.9457
vn -0.1385 -0.8516 0.5056
vn -0.4512 0.3371 -0.8263
vn -0.6761 0.2863 -0.6789
vn 0.0100 -0.6028 0.7978
vn 0.4285 -0.4592 0.7782
vn 0.4702 -0.7793 0.4143
vn -0.2161 -0.9448 0.2461
vn 0.8280 -0.4955 -0.2624
vn 0.6603 -0.2816 -0.6963
vn 0.5053 -0.7273 -0.4644
vn 0.6177 -0.7815 0.0875
vn 0.9307 -0.2154 -0.2957
vn -0.4969 0.4033 -0.7684
vn -0.1618 -0.8060 0.5693
vn -0.2431 -0.8167 0.5234
vn -0.2362 -0.7955 0.5580
vn -0.4358 -0.7191 0.5413
vn -0.2152 -0.8528 0.4759
vn -0.4530 0.5046 -0.7350
vn -0.4317 0.5393 -0.7230
vn -0.5347 -0.5358 0.6535
vn -0.3441 -0.5956 0.7259
vn -0.4588 -0.5345 0.7098
vn -0.5987 -0.4393 0.6697
vn -0.5427 -0.4345 0.7188
vn -0.4540 -0.5056 0.7337
vn -0.4102 -0.4650 0.7846
vn -0.5411 -0.4283 0.7237
vn -0.4274 0.4978 -0.7546
vn -0.3824 0.4233 -0.8213
vn -0.6310 -0.3774 0.6778
vn -0.4990 -0.3564 0.7899
vn -0.5950 -0.3344 0.7308
vn -0.3868 -0.3927 0.8344
vn -0.4411 -0.2343 0.8663
vn -0.4636 0.2760 -0.8420
vn -0.4394 0.3550 -0.8252
vn -0.5087 -0.1325 0.8507
vn -0.5132 -0.1846 0.8382
vn -0.6531 -0.1163 0.7483
vn -0.5200 -0.0897 0.8494
vn -0.4968 -0.0951 -0.8626
vn -0.3811 -0.4586 -0.8028
vn -0.1807 -0.4941 -0.8504
vn -0.3418 0.0615 0.9378
vn -0.4487 0.0008 0.8937
vn -0.3573 0.0383 0.9332
vn -0.2558 0.2178 -0.9419
vn -0.2383 0.1298 -0.9625
vn -0.3050 0.1787 -0.9354
vn -0.2542 0.2105 -0.9440
vn -0.3358 0.3551 -0.8724
vn -0.5162 0.2172 0.8285
vn -0.3149 0.7047 -0.6358
vn -0.2575 0.7792 -0.5714
vn -0.2402 0.7271 -0.6431
vn -0.6890 0.4530 0.5657
vn -0.6889 0.4282 0.5848
vn -0.6949 0.4807 0.5348
vn -0.6917 0.5153 0.5060
vn -0.6955 0.4494 0.5607
vn -0.2783 0.8277 -0.4873
vn -0.2688 0.8932 -0.3605
vn -0.6970 0.5381 0.4740
vn -0.7049 0.5812 0.4065
vn -0.3678 0.9252 -0.0931
vn -0.3366 0.9298 -0.1492
vn -0.6249 0.7759 0.0863
vn -0.5928 0.8051 0.0204
vn -0.2042 -0.9599 -0.1920
vn -0.1493 -0.9429 0.2977
vn -0.2343 -0.8796 -0.4141
vn -0.2654 -0.8195 -0.5079
vn -0.3963 -0.7053 -0.5878
vn -0.3895 -0.4293 -0.8149
vn -0.3521 -0.5751 -0.7384
vn -0.4902 -0.4674 -0.7357
vn -0.5669 -0.4583 -0.6846
vn 0.2070 -0.6874 0.6962
vn 0.0920 -0.7454 0.6603
vn 0.0242 -0.6766 0.7360
vn -0.3891 -0.0380 -0.9204
vn 0.6755 0.7309 0.0973
vn 0.6541 0.7564 -0.0030
vn 0.5940 0.7621 -0.2577
vn 0.3764 -0.6709 0.6389
vn -0.3843 0.0545 -0.9216
vn 0.6338 0.4662 0.6172
vn 0.5568 0.6834 0.4722
vn 0.6900 0.6015 0.4026
vn 0.6708 0.5847 -0.4561
vn 0.6516 0.6380 -0.4103
vn 0.2487 -0.7821 0.5714
vn 0.0050 -0.7818 0.6235
vn 0.4604 0.3955 0.7948
vn 0.6742 0.5766 -0.4615
vn 0.4369 0.8846 -0.1630
vn 0.4528 0.5793 -0.6778
vn 0.6569 0.2569 -0.7088
vn 0.7888 0.3486 -0.5063
vn 0.7670 0.4946 -0.4087
vn 0.3732 -0.7647 0.5254
vn 0.8687 0.1241 -0.4796
vn 0.8692 0.3340 -0.3645
vn 0.1444 -0.8539 0.4999
vn 0.9163 0.2642 -0.3009
vn 0.9378 0.1655 -0.3053
vn 0.9764 0.0439 -0.2117
vn 0.4801 -0.7728 0.4151
vn 0.6303 -0.4743 0.6146
vn 0.7800 -0.5234 0.3430
vn 0.5977 -0.3258 0.7326
vn 0.6074 -0.5010 0.6165
vn 0.6283 -0.7729 0.0885
vn 0.9237 -0.3668 0.1106
vn 0.8284 -0.4918 -0.2680
vn 0.9665 -0.2460 -0.0736
vn 0.9630 -0.2561 -0.0837
vn -0.3524 0.4087 -0.8419
vn 0.7180 -0.4080 0.5640
vn 0.9872 -0.0978 -0.1261
vn 0.9714 -0.0733 -0.2258
vn 0.9572 0.0095 -0.2894
vn 0.9044 -0.3147 0.2882
vn 0.7764 -0.4167 0.4729
vn 0.9679 -0.2095 0.1389
vn 0.9801 -0.1973 0.0232
vn 0.9913 -0.1319 0.0034
vn 0.9847 -0.1701 0.0368
vn 0.9574 -0.2364 0.1658
vn 0.8904 -0.1646 -0.4245
vn 0.9931 -0.0905 -0.0741
vn 0.9709 -0.0850 -0.2241
vn 0.9052 -0.1169 -0.4087
vn -0.3686 0.4634 -0.8059
vn -0.4740 0.4620 -0.7496
vn -0.3491 0.5433 -0.7635
vn 0.9411 -0.1947 0.2764
vn 0.9869 -0.0980 0.1277
vn 0.8923 -0.2937 0.3429
vn 0.9969 -0.0565 0.0553
vn 0.9977 -0.0641 -0.0220
vn 0.9437 -0.1920 0.2694
vn -0.1130 -0.8577 0.5015
vn -0.2362 -0.8832 0.4052
vn -0.0859 -0.9132 0.3983
vn -0.2798 -0.8006 0.5298
vn -0.0266 -0.8257 0.5634
vn 0.9118 -0.2079 0.3542
vn 0.9785 -0.1058 0.1772
vn 0.9983 -0.0488 0.0332
vn -0.1350 -0.7389 0.6601
vn -0.2435 -0.7065 0.6645
vn -0.3229 0.5589 -0.7638
vn -0.3110 -0.4693 0.8265
vn -0.3453 0.2877 -0.8933
vn -0.2340 -0.2898 0.9280
vn -0.3181 -0.2069 0.9252
vn -0.4268 0.2076 -0.8802
vn 0.9690 0.1930 0.1541
vn 0.9860 0.1622 0.0397
vn 0.9559 0.2934 0.0119
vn 0.9164 0.3740 -0.1426
vn 0.9584 0.1204 0.2589
vn 0.9737 0.1271 0.1893
vn -0.3722 -0.0894 0.9238
vn -0.3843 -0.1430 0.9121
vn 0.9786 -0.0124 -0.2052
vn 0.9414 -0.1540 -0.3002
vn 0.9065 -0.0840 -0.4137
vn -0.3551 -0.0665 -0.9325
vn 0.9306 0.1226 0.3449
vn 0.9003 0.0145 0.4351
vn 0.9552 0.0297 0.2944
vn 0.9848 -0.0806 -0.1538
vn 0.9934 -0.1058 -0.0446
vn 0.9516 -0.2113 -0.2230
vn -0.4111 -0.3327 -0.8487
vn -0.2885 -0.3176 -0.9033
vn -0.3390 -0.2155 -0.9158
vn -0.3132 -0.4377 -0.8428
vn 0.9282 -0.3721 -0.0004
vn 0.9765 -0.1688 0.1344
vn 0.9208 -0.3196 0.2235
vn 0.9726 -0.2213 -0.0716
vn 0.8971 -0.3612 -0.2544
vn -0.2374 -0.4346 -0.8688
vn 0.8562 -0.4938 0.1519
vn 0.8556 -0.4944 0.1534
vn 0.8383 -0.5389 -0.0826
vn 0.9279 -0.3729 -0.0017
vn -0.1174 -0.4481 -0.8863
vn -0.1240 -0.3875 -0.9135
vn -0.2090 0.2162 -0.9537
vn -0.1848 0.3202 -0.9292
vn -0.2101 0.2346 -0.9491
vn -0.4173 -0.0142 0.9087
vn -0.3226 -0.0031 0.9465
vn -0.3495 -0.0665 0.9346
vn -0.2157 0.4391 -0.8721
vn -0.3961 -0.0131 0.9181
vn -0.4094 0.1887 0.8926
vn -0.4363 0.2341 0.8688
vn -0.2199 0.6827 -0.6968
vn -0.2036 0.8393 -0.5042
vn -0.2249 0.8737 -0.4314
vn -0.6900 0.6879 0.2251
vn -0.6343 0.7548 0.1670
vn -0.6875 0.6315 0.3585
vn -0.7023 0.6484 0.2939
vn -0.4180 0.9003 -0.1213
vn -0.4207 0.8851 -0.1990
vn -0.4474 0.8755 -0.1826
vn -0.5171 0.8500 -0.1003
vn -0.1606 -0.9733 0.1642
vn -0.0890 -0.8782 0.4699
vn -0.0667 -0.7882 0.6117
vn -0.2617 -0.6427 -0.7201
vn -0.2441 -0.7656 -0.5952
vn -0.0005 -0.7301 0.6833
vn -0.0333 -0.6992 0.7142
vn -0.3763 -0.2374 -0.8956
vn -0.2278 -0.2126 -0.9502
vn -0.2735 -0.4045 -0.8727
vn 0.1381 -0.6269 0.7668
vn 0.2139 -0.5632 0.7982
vn 0.3006 -0.5115 0.8050
vn 0.3469 -0.6081 0.7140
vn -0.2284 0.0160 -0.9734
vn -0.3136 -0.0958 -0.9447
vn 0.6056 0.7271 -0.3233
vn -0.2449 0.1319 -0.9605
vn 0.7669 0.3735 0.5218
vn 0.7774 0.2614 0.5721
vn 0.7869 0.4511 0.4211
vn 0.7685 0.5278 0.3617
vn 0.7470 0.3361 0.5737
vn 0.7837 0.4375 0.4409
vn 0.6643 0.6453 -0.3772
vn 0.6084 -0.5131 0.6055
vn 0.6282 -0.5392 0.5609
vn 0.2960 -0.7317 0.6140
vn 0.4936 -0.6751 0.5482
vn 0.7468 0.5770 -0.3308
vn 0.8322 0.4513 -0.3221
vn 0.7952 -0.4701 0.3829
vn 0.5890 -0.6950 0.4124
vn 0.4006 -0.8072 0.4334
vn -0.3424 0.1660 -0.9248
vn -0.3234 0.2883 -0.9013
vn -0.2513 0.2133 -0.9441
vn 0.7429 0.1598 0.6500
vn 0.6779 0.0253 0.7347
vn 0.6739 -0.0149 0.7387
vn 0.4767 -0.8421 0.2522
vn 0.3024 -0.8971 0.3222
vn 0.1970 -0.8933 0.4040
vn 0.5869 -0.3116 0.7472
vn 0.5634 -0.2104 0.7989
vn 0.9509 0.1494 -0.2712
vn 0.9126 0.2956 -0.2823
vn 0.9375 0.3014 -0.1742
vn 0.9542 0.1279 -0.2704
vn 0.9680 0.1656 -0.1885
vn 0.9540 -0.0844 -0.2875
vn 0.9248 -0.0855 -0.3706
vn 0.5795 -0.4159 0.7009
vn 0.7332 -0.4174 0.5368
vn 0.6452 -0.4702 0.6022
vn 0.7173 -0.4067 0.5657
vn 0.8234 -0.3643 0.4351
vn -0.2151 0.5409 -0.8131
vn -0.2740 0.4635 -0.8427
vn -0.2932 0.5255 -0.7987
vn 0.5272 -0.5253 0.6679
vn 0.7031 -0.4682 0.5352
vn 0.6501 -0.4684 0.5983
vn 0.7166 -0.4547 0.5288
vn 0.8320 -0.1199 -0.5417
vn 0.7607 -0.2630 -0.5934
vn -0.0834 -0.8633 0.4977
vn 0.0305 -0.8977 0.4395
vn 0.5580 -0.4591 0.6913
vn 0.6783 -0.3563 0.6426
vn 0.7441 -0.4102 0.5273
vn 0.8185 -0.2199 0.5307
vn 0.0214 -0.8873 0.4607
vn -0.2222 0.5583 -0.7993
vn -0.2464 0.5782 -0.7778
vn 0.8576 -0.1798 0.4818
vn 0.9534 -0.1030 0.2838
vn 0.7298 0.2159 -0.6487
vn 0.8318 0.1199 -0.5420
vn 0.9092 0.0877 -0.4071
vn 0.7228 0.2351 -0.6498
vn 0.9877 -0.1547 0.0222
vn 0.9129 -0.1764 0.3680
vn 0.9868 -0.0629 -0.1494
vn 0.7337 0.2851 -0.6168
vn -0.2858 -0.5508 0.7842
vn -0.1058 -0.5453 0.8315
vn -0.2035 -0.4885 0.8485
vn -0.2967 -0.4749 0.8285
vn -0.2791 0.4779 -0.8329
vn 0.9657 0.0881 -0.2443
vn 0.8670 0.2303 -0.4418
vn -0.2909 0.3702 -0.8822
vn 0.8942 -0.2148 0.3929
vn 0.7904 -0.1771 0.5865
vn 0.7514 -0.1905 0.6318
vn 0.9903 -0.0361 -0.1342
vn 0.9758 -0.1942 0.1005
vn 0.9938 -0.0615 0.0924
vn 0.9107 0.3112 -0.2716
vn 0.8151 0.3704 -0.4455
vn -0.2237 -0.3865 0.8948
vn -0.3607 -0.3093 0.8799
vn 0.9420 -0.0325 0.3340
vn 0.9668 -0.0579 0.2490
vn 0.8999 -0.0957 0.4254
vn 0.9945 -0.0519 0.0912
vn 0.9640 -0.0517 0.2608
vn 0.9875 0.0741 0.1394
vn 0.9634 0.2508 -0.0946
vn 0.9981 0.0610 0.0014
vn 0.9642 0.2649 0.0104
vn 0.9739 0.2130 -0.0786
vn 0.9508 0.3065 -0.0461
vn -0.3098 0.1682 -0.9358
vn 0.9635 0.0099 0.2677
vn 0.9608 0.0670 0.2692
vn 0.9676 0.2079 -0.1429
vn 0.8306 0.4750 -0.2907
vn 0.8785 0.4344 -0.1990
vn 0.9139 0.3767 -0.1514
vn 0.7731 0.5459 -0.3230
vn 0.7956 0.4801 -0.3695
vn 0.7281 0.5713 -0.3788
vn 0.7725 0.5466 -0.3232
vn 0.7445 0.5374 -0.3960
vn -0.3510 0.1063 -0.9303
vn 0.9734 0.1573 0.1667
vn 0.9316 0.0903 0.3520
vn 0.9725 0.1467 0.1808
vn 0.8881 0.2370 -0.3938
vn -0.2458 0.0204 -0.9691
vn -0.4636 0.0501 -0.8846
vn -0.2763 -0.1273 0.9526
vn -0.2451 -0.0974 -0.9646
vn 0.8754 0.0488 0.4809
vn 0.8296 0.0357 0.5573
vn 0.8676 -0.2266 -0.4426
vn 0.8707 -0.3067 -0.3844
vn -0.2874 -0.0576 0.9561
vn 0.8468 -0.3275 -0.4191
vn 0.8103 -0.3764 -0.4491
vn -0.4261 -0.0527 0.9031
vn 0.8138 -0.3959 -0.4254
vn 0.7887 -0.4330 -0.4364
vn 0.7884 -0.4270 -0.4429
vn -0.2599 -0.0136 0.9655
vn -0.4014 0.0103 0.9159
vn 0.9198 -0.3218 0.2245
vn 0.8296 -0.4014 0.3881
vn 0.8320 -0.5512 0.0633
vn 0.8429 -0.4451 0.3024
vn 0.8776 -0.4125 -0.2441
vn 0.8374 -0.5392 -0.0895
vn 0.8116 -0.5117 -0.2819
vn 0.7996 -0.4750 -0.3674
vn -0.3555 0.0145 0.9346
vn -0.4956 -0.0105 0.8685
vn -0.1677 -0.4207 -0.8916
vn 0.8617 -0.4730 0.1835
vn 0.8532 -0.5107 0.1059
vn 0.8305 -0.5463 -0.1088
vn 0.8296 -0.5554 0.0575
vn -0.3616 0.0107 0.9323
vn -0.2828 0.0651 0.9570
vn -0.2936 0.0603 0.9540
vn -0.2311 -0.0187 -0.9728
vn -0.1754 0.0529 -0.9831
vn -0.0971 -0.0165 -0.9951
vn -0.1201 0.1408 -0.9827
vn -0.0594 0.0526 -0.9969
vn -0.1209 0.3829 -0.9158
vn -0.3327 -0.0363 0.9423
vn -0.1402 0.5020 -0.8534
vn -0.2155 0.5377 -0.8152
vn -0.2510 0.5969 -0.7620
vn -0.1660 0.6006 -0.7821
vn -0.5128 0.2825 0.8107
vn -0.3992 0.2870 0.8708
vn -0.5137 0.3704 0.7739
vn -0.5877 0.3614 0.7239
vn -0.1601 0.7687 -0.6192
vn -0.1649 0.7210 -0.6730
vn -0.1463 0.8088 -0.5696
vn -0.6322 0.6035 0.4860
vn -0.6454 0.5239 0.5559
vn -0.6294 0.5547 0.5443
vn -0.2166 0.9574 -0.1910
vn -0.2849 0.9438 -0.1677
vn -0.2956 0.9324 -0.2081
vn -0.6506 0.6785 0.3412
vn -0.6212 0.7294 0.2864
vn -0.4453 0.8885 -0.1105
vn -0.6114 0.7877 -0.0758
vn -0.4946 0.8691 -0.0060
vn -0.5946 0.7999 0.0809
vn -0.0928 -0.9257 0.3666
vn -0.1444 -0.7514 -0.6438
vn -0.1275 -0.8660 -0.4835
vn -0.1963 -0.4399 -0.8763
vn -0.1169 -0.5914 -0.7979
vn -0.2365 -0.5270 -0.8163
vn -0.2741 -0.4200 -0.8651
vn 0.1372 -0.5481 0.8251
vn 0.1944 -0.5376 0.8205
vn 0.0589 -0.6297 0.7746
vn 0.2917 -0.4485 0.8448
vn 0.1992 -0.5262 0.8267
vn 0.1341 -0.5585 0.8186
vn 0.6592 0.5894 0.4669
vn 0.7220 0.6319 0.2818
vn 0.5456 0.8069 0.2263
vn 0.5328 0.8272 -0.1784
vn 0.4818 0.8241 -0.2979
vn 0.4029 -0.3678 0.8381
vn 0.4511 -0.4481 0.7718
vn 0.2965 -0.5214 0.8001
vn 0.5545 -0.4986 0.6663
vn 0.3664 -0.5791 0.7283
vn 0.6704 0.6778 -0.3020
vn 0.6242 0.7272 -0.2857
vn 0.5511 0.7925 -0.2612
vn 0.5729 -0.4999 0.6495
vn 0.6443 0.2747 0.7137
vn 0.7431 0.1576 0.6504
vn 0.6169 0.7387 -0.2715
vn 0.6444 0.7137 -0.2747
vn 0.8603 -0.2247 0.4576
vn 0.8826 -0.2494 0.3986
vn 0.8738 -0.2030 0.4418
vn 0.9723 -0.0053 0.2338
vn 0.8478 0.4718 -0.2420
vn 0.7672 0.5999 -0.2272
vn 0.8127 0.5591 -0.1638
vn 0.9359 0.3349 -0.1095
vn 0.9673 0.2449 -0.0659
vn 0.9081 0.4143 0.0610
vn 0.9559 0.2832 0.0774
vn 0.9881 0.1536 -0.0079
vn 0.9998 0.0074 0.0196
vn 0.9814 0.1611 0.1042
vn 0.9561 -0.2681 0.1179
vn 0.8813 -0.2545 0.3983
vn 0.7817 -0.6049 0.1521
vn 0.8023 -0.4698 0.3683
vn 0.4855 -0.8408 0.2394
vn 0.5886 -0.6935 0.4155
vn 0.7788 -0.6065 0.1600
vn 0.5772 -0.0459 0.8153
vn 0.6080 -0.1558 0.7785
vn 0.9133 -0.3974 -0.0894
vn 0.7406 -0.6625 -0.1126
vn 0.6192 -0.7611 -0.1933
vn 0.4636 -0.8570 -0.2250
vn 0.7252 -0.6786 -0.1166
vn 0.4188 -0.9072 -0.0392
vn 0.3309 -0.9201 0.2096
vn 0.9500 -0.1600 -0.2682
vn 0.9804 -0.0063 -0.1968
vn 0.9817 -0.1278 -0.1413
vn 0.7533 -0.6010 -0.2671
vn 0.9720 -0.2158 -0.0931
vn 0.6803 -0.6796 -0.2744
vn 0.7448 -0.6494 -0.1532
vn 0.5669 -0.7528 -0.3345
vn -0.1819 -0.9437 -0.2764
vn 0.1660 -0.9328 0.3198
vn 0.1184 -0.9186 0.3770
vn 0.1314 -0.9005 0.4145
vn 0.4144 -0.4305 0.8018
vn 0.4645 -0.2710 0.8431
vn 0.8201 -0.3359 -0.4633
vn 0.8941 -0.2891 -0.3422
vn 0.8056 -0.4338 -0.4036
vn 0.7314 -0.5107 -0.4520
vn 0.8175 -0.4075 -0.4070
vn 0.5122 -0.6611 -0.5483
vn 0.7870 -0.5016 -0.3592
vn 0.7201 -0.5155 -0.4644
vn 0.7032 -0.5357 -0.4675
vn -0.0122 -0.8180 0.5751
vn 0.0143 -0.8569 0.5153
vn 0.0853 -0.8270 0.5557
vn -0.2092 0.4063 -0.8895
vn -0.1721 0.4762 -0.8623
vn 0.3421 -0.5843 0.7359
vn 0.4713 -0.5369 0.6998
vn 0.6883 -0.1407 -0.7117
vn 0.5509 -0.2412 -0.7989
vn 0.6282 -0.3294 -0.7048
vn 0.7686 -0.2660 -0.5818
vn 0.6196 -0.3301 -0.7121
vn 0.7100 -0.3887 -0.5873
vn 0.6356 -0.5566 -0.5350
vn 0.5584 -0.4956 -0.6653
vn 0.3094 -0.6428 -0.7008
vn 0.4194 -0.4859 0.7668
vn 0.5601 -0.4788 0.6761
vn -0.1449 0.5899 -0.7944
vn 0.4262 -0.4756 0.7695
vn 0.4998 -0.3844 0.7762
vn 0.7651 0.0236 -0.6434
vn 0.6269 0.1431 -0.7658
vn 0.6155 0.0223 -0.7878
vn 0.0765 -0.9061 0.4162
vn 0.0674 -0.9101 0.4089
vn 0.3967 -0.3498 0.8487
vn 0.3682 -0.3998 0.8394
vn 0.7056 -0.2487 0.6635
vn 0.0028 -0.7714 0.6364
vn -0.1246 -0.6362 0.7614
vn -0.1502 0.5950 -0.7896
vn -0.0951 0.5415 -0.8353
vn 0.5617 0.3321 -0.7578
vn 0.7445 0.2754 -0.6082
vn 0.5738 0.4202 -0.7030
vn 0.7127 0.3475 -0.6093
vn 0.7121 0.3546 -0.6060
vn 0.6313 0.4726 -0.6149
vn 0.7454 0.3734 -0.5522
vn 0.7036 0.4437 -0.5550
vn -0.1512 -0.4547 0.8777
vn -0.1097 -0.4131 0.9041
vn -0.2238 -0.3999 0.8888
vn -0.1747 0.3783 -0.9090
vn -0.1742 0.4676 -0.8666
vn 0.5750 -0.2018 0.7928
vn 0.4192 -0.2160 0.8818
vn 0.4238 -0.1855 0.8866
vn 0.7264 0.5015 -0.4699
vn 0.6368 0.5429 -0.5475
vn 0.7412 0.3672 -0.5619
vn 0.7096 0.4428 -0.5481
vn 0.6862 0.6224 -0.3766
vn -0.1448 -0.4950 0.8568
vn -0.0930 -0.3555 0.9301
vn -0.1106 -0.3009 0.9472
vn -0.2341 0.2902 -0.9279
vn 0.7654 0.4638 -0.4462
vn 0.7212 0.4955 -0.4841
vn 0.7556 0.5063 -0.4155
vn -0.2217 0.1445 -0.9643
vn -0.1174 0.2153 -0.9695
vn 0.8041 0.5470 -0.2328
vn 0.7581 0.5904 -0.2771
vn 0.9762 0.1680 -0.1371
vn 0.9865 0.1613 -0.0283
vn 0.9324 0.3604 0.0279
vn 0.8769 0.4001 -0.2662
vn 0.9805 0.1750 -0.0891
vn 0.9535 0.2030 -0.2226
vn 0.7655 0.5039 -0.4001
vn 0.8480 0.3588 -0.3900
vn 0.8908 0.0992 -0.4435
vn 0.8216 0.4059 -0.4003
vn -0.1874 -0.1959 0.9626
vn 0.9987 0.0310 -0.0402
vn 0.9847 -0.0284 -0.1721
vn -0.1884 -0.0863 0.9783
vn 0.9965 -0.0673 -0.0504
vn 0.9783 -0.1571 -0.1350
vn 0.9167 -0.0940 -0.3885
vn 0.9156 -0.1937 -0.3524
vn 0.8538 -0.2222 -0.4709
vn -0.1651 -0.3004 -0.9394
vn -0.2046 -0.1986 -0.9585
vn 0.6887 -0.1585 0.7076
vn 0.7138 -0.0447 0.6990
vn 0.5382 -0.0305 0.8423
vn 0.5930 -0.1335 0.7941
vn 0.5238 -0.0875 0.8473
vn 0.7243 -0.2251 0.6517
vn 0.7977 -0.4164 -0.4362
vn 0.7817 -0.4871 -0.3896
vn 0.8265 -0.4042 -0.3918
vn 0.8010 -0.4512 -0.3934
vn 0.8263 -0.4051 -0.3913
vn 0.7987 -0.4467 -0.4033
vn 0.8328 -0.4426 -0.3324
vn 0.7763 -0.4789 -0.4100
vn 0.8469 -0.4109 0.3376
vn 0.8083 -0.5042 -0.3040
vn 0.8557 -0.4856 0.1790
vn 0.8512 -0.5222 0.0536
vn 0.8351 -0.5484 -0.0426
vn 0.8415 -0.5217 -0.1402
vn -0.1873 0.0906 0.9781
vn -0.1994 0.0652 0.9777
vn -0.0745 -0.0932 -0.9929
vn -0.0392 -0.1794 -0.9830
vn -0.1076 -0.1876 -0.9763
vn -0.2365 0.0589 0.9699
vn -0.1630 0.0355 0.9860
vn -0.1273 0.2693 -0.9546
vn -0.2829 -0.0982 0.9541
vn -0.3322 0.2607 0.9065
vn -0.1457 0.6718 -0.7263
vn -0.1995 0.6450 -0.7377
vn -0.3395 0.3427 0.8760
vn -0.4402 0.4377 0.7840
vn -0.5741 0.6062 0.5503
vn -0.6189 0.5614 0.5494
vn -0.6239 0.5196 0.5837
vn -0.5217 0.5409 0.6597
vn -0.2308 0.9542 -0.1901
vn -0.5958 0.7297 0.3356
vn -0.4913 0.8293 0.2662
vn -0.6223 0.7280 0.2877
vn -0.5352 0.7580 0.3728
vn -0.6226 0.6573 0.4248
vn -0.5458 0.7456 0.3823
vn -0.4804 0.8713 0.1007
vn -0.1735 -0.9797 -0.1000
vn -0.1230 -0.9764 -0.1774
vn -0.0311 -0.8010 0.5979
vn 0.0140 -0.7304 0.6828
vn -0.1939 -0.5199 -0.8320
vn 0.3176 -0.2528 0.9139
vn 0.1962 -0.4329 0.8798
vn 0.5752 -0.0206 0.8177
vn 0.3623 0.9308 0.0480
vn 0.3512 0.9005 0.2562
vn 0.3930 0.8834 -0.2554
vn 0.4323 0.8938 -0.1194
vn 0.7493 -0.2344 0.6194
vn 0.7359 -0.1214 0.6661
vn 0.7549 -0.1604 0.6359
vn 0.7259 -0.1314 0.6752
vn 0.9055 0.1993 0.3746
vn 0.5893 0.0460 0.8066
vn 0.6078 0.4116 0.6791
vn 0.4616 0.1927 0.8659
vn 0.7386 0.6105 0.2858
vn 0.9017 0.3603 0.2389
vn 0.7353 0.4841 0.4742
vn 0.9374 0.0751 0.3402
vn 0.7002 -0.2896 0.6526
vn 0.4968 0.8274 -0.2618
vn 0.6547 0.7022 -0.2797
vn 0.7259 0.6660 -0.1715
vn 0.6309 0.7660 -0.1232
vn 0.7621 0.6457 -0.0488
vn 0.6658 0.7461 -0.0024
vn 0.7745 0.6267 -0.0858
vn 0.8488 0.5229 -0.0778
vn 0.7811 0.6179 0.0895
vn 0.9514 0.2252 0.2101
vn 0.8051 -0.2422 0.5415
vn 0.4976 -0.1517 0.8541
vn 0.4059 -0.0931 0.9092
vn 0.7561 0.6476 -0.0944
vn 0.5758 -0.8170 -0.0322
vn 0.3111 -0.9260 0.2140
vn 0.2202 -0.9463 0.2368
vn 0.3286 -0.2234 0.9177
vn 0.2812 -0.9332 -0.2239
vn 0.3203 -0.8274 -0.4613
vn 0.7794 -0.5106 -0.3630
vn 0.7583 -0.5963 -0.2636
vn 0.2324 -0.9229 -0.3070
vn 0.6769 -0.6783 -0.2858
vn 0.5548 -0.7665 -0.3235
vn 0.3855 -0.7345 -0.5586
vn 0.1148 -0.7986 -0.5908
vn 0.0669 -0.8519 0.5194
vn 0.0874 -0.8257 0.5574
vn 0.4118 -0.4010 -0.8183
vn 0.5545 -0.2277 -0.8004
vn 0.3784 -0.2555 -0.8897
vn -0.1281 0.5264 -0.8405
vn 0.2241 -0.1099 -0.9684
vn 0.3837 -0.2488 -0.8893
vn 0.4359 -0.0184 -0.8998
vn 0.1069 -0.3273 -0.9388
vn 0.0068 -0.8501 0.5266
vn 0.0897 -0.8600 0.5023
vn 0.2878 -0.5144 0.8078
vn 0.3762 -0.5809 0.7218
vn 0.3767 -0.4157 0.8279
vn 0.4699 0.1893 -0.8622
vn 0.6192 0.0246 -0.7848
vn 0.5148 -0.2753 0.8119
vn 0.3861 -0.3143 0.8673
vn 0.3644 -0.2590 0.8945
vn 0.3956 -0.3458 0.8509
vn 0.2436 -0.4012 0.8830
vn 0.3860 -0.3065 0.8701
vn 0.4990 0.3124 -0.8084
vn 0.3160 0.3011 -0.8997
vn 0.0079 -0.6455 0.7637
vn 0.3711 -0.2541 0.8932
vn 0.2464 -0.2890 0.9251
vn 0.2953 -0.1993 0.9344
vn 0.4773 -0.2308 0.8479
vn 0.6191 0.5579 -0.5527
vn 0.4646 0.5957 -0.6552
vn 0.6163 0.4777 -0.6260
vn 0.5014 0.6654 -0.5530
vn 0.8616 0.4566 0.2219
vn 0.8912 0.4424 0.1005
vn 0.8195 0.5432 0.1824
vn 0.8359 0.5475 -0.0382
vn -0.0305 -0.4964 0.8675
vn -0.0429 -0.4444 0.8948
vn -0.0439 -0.3371 0.9404
vn 0.4227 -0.1852 0.8872
vn 0.4609 -0.1676 0.8715
vn 0.3947 -0.1985 0.8971
vn 0.4208 -0.1668 0.8917
vn 0.7336 0.6636 -0.1463
vn 0.7572 0.6531 0.0087
vn 0.8567 0.4794 0.1905
vn 0.8063 0.5580 -0.1964
vn 0.9160 0.3936 -0.0781
vn 0.8350 0.4990 -0.2319
vn 0.7126 0.5755 -0.4012
vn 0.6837 0.6273 -0.3729
vn -0.1062 0.3091 -0.9451
vn 0.4375 -0.1676 0.8835
vn 0.5469 -0.1360 0.8261
vn 0.8368 0.5370 -0.1064
vn 0.8404 0.5386 0.0599
vn 0.9211 0.3725 0.1129
vn 0.9730 0.2276 -0.0379
vn 0.9310 0.3404 -0.1318
vn 0.2786 -0.0921 0.9560
vn 0.4463 -0.1563 0.8811
vn 0.4226 -0.1346 0.8963
vn 0.3853 -0.0333 0.9222
vn 0.7292 0.3435 -0.5918
vn 0.7784 0.1988 -0.5955
vn 0.9318 -0.1794 -0.3155
vn 0.9305 -0.3263 -0.1665
vn 0.9151 -0.0099 -0.4031
vn 0.9378 -0.1726 -0.3011
vn 0.9722 0.0029 -0.2341
vn 0.9762 0.1427 0.1633
vn 0.9828 0.1841 -0.0154
vn 0.9232 0.3141 0.2213
vn 0.9669 0.0837 -0.2411
vn 0.9758 -0.0076 -0.2185
vn 0.9460 -0.3228 0.0288
vn 0.9179 -0.3962 -0.0197
vn 0.8881 -0.4562 0.0570
vn 0.9317 -0.3600 -0.0475
vn 0.8951 -0.4449 -0.0288
vn 0.9233 -0.3287 -0.1986
vn 0.9992 -0.0102 0.0385
vn 0.9829 -0.0718 0.1694
vn -0.1032 -0.3487 -0.9315
vn 0.4644 -0.0792 0.8821
vn 0.4484 -0.0821 0.8900
vn 0.8844 -0.3414 -0.3181
vn 0.8612 -0.4446 -0.2463
vn 0.7679 -0.6398 -0.0293
vn 0.8181 -0.5714 0.0653
vn 0.8717 -0.4901 0.0035
vn 0.8722 -0.4853 0.0616
vn 0.8566 -0.5132 0.0538
vn 0.7271 -0.6838 0.0618
vn 0.7660 -0.6419 0.0361
vn 0.8964 -0.4419 -0.0337
vn 0.9764 -0.1870 0.1077
vn 0.7486 -0.5684 -0.3413
vn 0.6914 -0.5718 -0.4416
vn 0.7122 -0.6351 -0.2991
vn 0.7811 -0.5874 -0.2117
vn 0.7020 -0.7121 -0.0136
vn 0.7941 -0.6000 -0.0966
vn 0.7748 -0.3367 0.5351
vn 0.8328 -0.3247 0.4483
vn 0.7965 -0.5751 -0.1867
vn 0.7229 -0.5986 -0.3452
vn 0.7662 -0.4684 0.4400
vn 0.6321 -0.3243 0.7037
vn 0.8057 -0.5430 0.2367
vn 0.8395 -0.5388 0.0707
vn 0.8461 -0.5308 0.0489
vn 0.8340 -0.5501 -0.0438
vn 0.6328 -0.7446 -0.2124
vn 0.7940 -0.5675 0.2178
vn 0.6616 -0.7494 -0.0245
vn 0.7758 -0.6298 0.0378
vn 0.6274 -0.7704 -0.1132
vn 0.7662 -0.6393 -0.0651
vn -0.0221 0.0974 -0.9950
vn -0.0690 0.1871 -0.9799
vn -0.1218 0.2517 -0.9601
vn -0.0920 0.2542 -0.9628
vn -0.0517 0.4605 -0.8861
vn -0.0750 0.3815 -0.9213
vn -0.0966 0.6216 -0.7773
vn -0.1021 0.5605 -0.8218
vn -0.2563 0.2292 0.9390
vn -0.3079 0.1125 0.9447
vn -0.2227 0.2809 0.9336
vn -0.2277 0.2866 0.9306
vn -0.1039 0.7421 -0.6622
vn -0.0937 0.7063 -0.7017
vn -0.5039 0.6494 0.5695
vn -0.4205 0.7137 0.5602
vn -0.4957 0.6978 0.5171
vn -0.4005 0.6136 0.6805
vn -0.1458 0.9640 -0.2225
vn -0.5296 0.7347 0.4239
vn -0.4397 0.8273 0.3495
vn -0.4766 0.7584 0.4446
vn -0.1827 0.9343 -0.3061
vn -0.2841 0.9170 -0.2800
vn -0.2222 0.9111 -0.3472
vn -0.3830 0.9059 -0.1805
vn -0.3213 0.9041 -0.2818
vn -0.3924 0.8865 -0.2453
vn -0.1140 -0.9277 0.3554
vn -0.0720 -0.8696 0.4885
vn -0.0811 -0.8760 -0.4754
vn -0.0827 -0.9122 -0.4013
vn -0.1103 -0.6811 -0.7238
vn -0.0106 -0.6343 0.7730
vn 0.0748 -0.4799 0.8741
vn 0.0347 -0.6436 0.7646
vn 0.0806 -0.4091 0.9089
vn 0.2639 -0.1034 0.9590
vn 0.1856 -0.2878 0.9395
vn 0.3808 0.2133 0.8997
vn 0.1568 0.8628 0.4806
vn 0.4213 0.7378 0.5275
vn 0.2848 0.9504 -0.1247
vn 0.3995 0.8682 -0.2943
vn 0.3759 0.9042 -0.2031
vn 0.3352 0.9044 -0.2640
vn 0.5325 0.4549 0.7138
vn 0.3075 0.4621 0.8318
vn 0.4671 0.2007 0.8611
vn 0.5246 0.5528 0.6475
vn 0.4313 0.8845 0.1780
vn 0.6359 0.7551 0.1594
vn 0.5373 0.7910 0.2926
vn 0.5476 0.4522 0.7040
vn 0.5057 0.7173 0.4794
vn 0.7279 0.4873 0.4824
vn 0.7281 0.2558 0.6359
vn 0.4349 0.8949 -0.0998
vn 0.5577 0.8042 -0.2055
vn 0.5022 0.8643 0.0287
vn 0.7769 0.6282 0.0421
vn 0.6128 0.7649 0.1986
vn 0.2040 -0.2516 0.9461
vn 0.2836 -0.3481 0.8935
vn -0.1401 -0.9565 -0.2560
vn 0.0760 -0.9669 -0.2436
vn 0.0076 -0.9850 -0.1723
vn 0.2749 -0.9541 -0.1189
vn 0.0832 -0.9724 0.2180
vn 0.0345 -0.9416 0.3350
vn -0.1068 0.4096 -0.9060
vn -0.0589 0.5235 -0.8500
vn 0.1155 -0.7975 -0.5921
vn 0.0664 -0.8018 -0.5939
vn -0.3337 -0.7340 -0.5915
vn -0.1320 -0.7823 -0.6088
vn -0.1513 -0.1604 -0.9754
vn -0.2256 -0.3504 -0.9090
vn 0.1294 -0.6058 0.7850
vn 0.2454 -0.6331 0.7341
vn 0.1532 -0.5122 0.8451
vn -0.0667 0.5927 -0.8027
vn 0.0838 -0.2644 0.9608
vn 0.0430 -0.7228 0.6897
vn 0.4039 0.5104 -0.7592
vn 0.2319 0.6685 -0.7066
vn 0.6759 0.7224 0.1456
vn 0.6045 0.7862 -0.1286
vn 0.4803 0.7640 -0.4309
vn 0.4798 0.7653 -0.4291
vn 0.5757 0.7981 -0.1778
vn 0.3180 0.9051 -0.2824
vn 0.6209 0.7824 -0.0482
vn 0.6025 0.7842 0.1482
vn 0.8139 0.5518 0.1820
vn 0.6917 0.6641 0.2838
vn 0.4603 0.8115 -0.3600
vn 0.5855 0.7989 -0.1380
vn 0.7272 0.6530 -0.2116
vn 0.6397 0.6950 -0.3282
vn -0.0570 0.3802 -0.9232
vn -0.0752 0.4565 -0.8865
vn 0.8456 0.5073 0.1662
vn 0.4413 0.7697 -0.4613
vn 0.6866 0.6389 -0.3470
vn 0.5232 0.7134 -0.4662
vn 0.1500 -0.1242 0.9808
vn 0.1709 -0.2150 0.9615
vn 0.6671 0.5014 -0.5510
vn 0.6637 0.5813 -0.4707
vn 0.5544 0.6631 -0.5030
vn 0.5382 0.6767 -0.5024
vn 0.0098 -0.2667 0.9637
vn -0.0713 -0.2487 0.9660
vn 0.6535 0.4535 -0.6060
vn -0.1014 -0.1582 0.9822
vn 0.9345 0.3557 -0.0146
vn 0.9342 0.3477 -0.0796
vn 0.8824 0.3764 -0.2823
vn 0.1092 -0.0281 0.9936
vn 0.2771 -0.0108 0.9608
vn 0.8792 0.3914 0.2716
vn 0.8845 0.3976 0.2441
vn 0.1063 -0.0110 0.9943
vn 0.9773 0.1807 -0.1102
vn 0.9531 0.2808 0.1132
vn 0.9414 0.3284 -0.0771
vn 0.9087 0.3512 0.2255
vn 0.7558 0.1149 -0.6446
vn 0.8885 0.2044 -0.4108
vn 0.8768 0.0290 -0.4799
vn 0.2673 0.0042 0.9636
vn 0.3883 -0.0423 0.9206
vn 0.9572 0.2015 0.2079
vn 0.9869 0.1037 0.1240
vn 0.2301 -0.0544 0.9716
vn 0.4213 -0.0923 0.9022
vn 0.8631 -0.4930 -0.1092
vn 0.9067 -0.3748 -0.1937
vn 0.8147 -0.5724 -0.0933
vn 0.8097 -0.5767 -0.1083
vn 0.9817 -0.1366 0.1330
vn 0.9414 -0.3287 0.0752
vn 0.9789 -0.1852 -0.0861
vn 0.9066 -0.4159 -0.0717
vn 0.9066 -0.1590 -0.3908
vn 0.8863 -0.3947 -0.2422
vn 0.4160 -0.1124 0.9024
vn 0.5936 -0.7882 -0.1627
vn 0.5973 -0.8012 -0.0352
vn 0.4983 -0.8643 0.0681
vn 0.6149 -0.7864 0.0584
vn 0.7728 -0.6341 -0.0271
vn 0.5788 -0.8147 -0.0348
vn 0.4281 -0.9027 -0.0428
vn 0.8094 -0.5786 -0.1008
vn 0.9139 -0.3910 0.1088
vn 0.8282 -0.5540 0.0845
vn 0.8074 -0.5888 0.0381
vn 0.8201 -0.5677 -0.0715
vn 0.6430 -0.7262 -0.2433
vn 0.7497 -0.6122 -0.2514
vn 0.6981 -0.5854 -0.4122
vn 0.8156 -0.4114 -0.4069
vn 0.8190 -0.3951 -0.4161
vn 0.6922 -0.5908 -0.4146
vn 0.8091 -0.3027 -0.5037
vn -0.1283 -0.0094 0.9917
vn 0.5370 -0.6838 -0.4940
vn 0.5975 -0.7026 -0.3864
vn -0.2617 0.0190 0.9650
vn -0.0701 -0.4464 -0.8921
vn -0.0387 -0.3949 -0.9179
vn -0.0350 -0.4242 -0.9049
vn 0.5451 -0.7273 -0.4171
vn 0.4481 -0.7493 -0.4875
vn 0.6418 -0.6079 -0.4675
vn 0.7135 -0.6787 0.1742
vn 0.5578 -0.6849 0.4689
vn 0.4983 -0.8421 -0.2061
vn 0.4383 -0.8695 -0.2277
vn 0.4283 -0.8255 -0.3676
vn 0.5634 -0.6845 0.4626
vn 0.4870 -0.8658 0.1151
vn 0.7045 -0.6823 0.1953
vn 0.3790 -0.9124 -0.1548
vn 0.0007 -0.1912 -0.9816
vn -0.0588 -0.2725 -0.9603
vn -0.0454 0.2105 -0.9765
vn -0.0438 -0.0128 0.9990
vn -0.1184 0.1571 0.9805
vn -0.2156 0.0160 0.9763
vn -0.1425 0.2644 0.9538
vn -0.0586 0.6598 -0.7492
vn -0.1159 0.2867 0.9510
vn -0.1144 0.2880 0.9508
vn -0.0589 0.8194 -0.5702
vn -0.0669 0.7764 -0.6267
vn -0.2014 0.5539 0.8078
vn -0.3001 0.4269 0.8530
vn -0.1518 0.3786 0.9130
vn -0.1335 0.8561 -0.4993
vn -0.1330 0.8915 -0.4330
vn -0.0580 0.8642 -0.4998
vn -0.3742 0.5344 0.7579
vn -0.3926 0.7861 0.4774
vn -0.4630 0.7536 0.4666
vn -0.2847 0.6684 0.6872
vn -0.2974 0.7494 0.5915
vn -0.4005 0.8245 0.3996
vn -0.3129 0.8933 0.3228
vn -0.3262 0.8086 0.4897
vn -0.4008 0.9150 0.0464
vn -0.3539 0.9241 0.1443
vn -0.2661 0.9608 0.0778
vn -0.3692 0.9039 0.2162
vn -0.2605 0.9445 0.2001
vn -0.1560 -0.9782 0.1373
vn -0.1329 -0.9592 0.2497
vn -0.1325 -0.9653 0.2252
vn -0.0915 -0.7812 -0.6175
vn -0.1007 -0.8068 -0.5822
vn 0.0135 -0.4368 0.8994
vn 0.0734 -0.4080 0.9100
vn 0.0163 -0.4324 0.9016
vn 0.0736 -0.2109 0.9747
vn -0.0978 -0.5947 -0.7980
vn -0.1129 -0.5158 -0.8492
vn -0.0989 -0.4388 -0.8931
vn -0.0487 -0.2752 -0.9601
vn -0.1241 -0.3967 -0.9095
vn -0.1362 -0.2611 -0.9556
vn 0.1654 0.6222 0.7652
vn 0.2076 0.9712 0.1170
vn 0.1676 0.9521 -0.2558
vn 0.1824 0.9708 -0.1557
vn 0.2793 0.9243 -0.2601
vn 0.2071 0.2799 0.9374
vn -0.0818 -0.1139 -0.9901
vn -0.1850 -0.1284 -0.9743
vn 0.2381 0.9375 -0.2538
vn 0.2492 0.9543 -0.1647
vn 0.3394 0.7781 0.5285
vn 0.3066 0.8692 0.3880
vn 0.3139 0.6025 0.7338
vn 0.4489 0.6229 0.6407
vn -0.0409 0.0578 -0.9975
vn -0.1213 0.0156 -0.9925
vn 0.0529 0.4002 0.9149
vn -0.0127 0.3240 0.9460
vn 0.1741 0.1240 0.9769
vn 0.0080 0.0442 0.9990
vn 0.0399 -0.0838 0.9957
vn -0.0234 -0.3678 0.9296
vn 0.1285 -0.3524 0.9270
vn 0.0579 -0.2445 0.9679
vn -0.3307 -0.9189 -0.2150
vn -0.2936 -0.9402 -0.1725
vn -0.0605 -0.9979 -0.0236
vn 0.0489 -0.9987 0.0115
vn -0.0186 -0.9636 0.2667
vn -0.1798 -0.9103 -0.3728
vn -0.4771 -0.8160 -0.3264
vn -0.4078 -0.8828 -0.2331
vn -0.0494 -0.9319 0.3593
vn -0.0103 -0.8942 0.4476
vn 0.0330 -0.9175 0.3964
vn -0.6873 -0.3565 -0.6328
vn -0.7517 -0.5470 -0.3685
vn -0.6317 -0.5868 -0.5066
vn -0.4550 -0.7501 -0.4799
vn 0.0831 -0.8818 0.4642
vn 0.0152 -0.5990 0.8006
vn 0.0907 -0.5136 0.8532
vn -0.0181 -0.4774 0.8785
vn -0.7348 -0.0531 -0.6762
vn -0.4953 -0.1693 -0.8521
vn 0.0480 -0.5782 0.8145
vn 0.1594 -0.6294 0.7606
vn -0.4324 0.1383 -0.8910
vn -0.6404 0.0737 -0.7645
vn -0.4845 -0.1568 -0.8606
vn -0.2257 -0.3504 -0.9090
vn -0.1455 -0.1575 -0.9767
vn 0.2494 0.1099 -0.9622
vn -0.1550 0.0504 -0.9866
vn -0.0335 0.4120 -0.9106
vn -0.0374 0.2823 -0.9586
vn 0.1545 0.4228 -0.8929
vn -0.0083 0.5992 -0.8005
vn 0.0011 0.7580 -0.6522
vn -0.0889 0.6080 -0.7890
vn 0.0554 -0.7909 0.6095
vn 0.6309 0.6988 0.3370
vn 0.3789 0.8549 0.3543
vn 0.4942 0.8099 0.3160
vn 0.6664 0.7291 0.1562
vn 0.4083 0.9128 0.0078
vn 0.3191 0.9135 -0.2524
vn 0.0706 -0.6625 0.7458
vn 0.0091 0.5369 -0.8436
vn 0.5844 0.7994 0.1392
vn 0.3780 0.9258 0.0090
vn 0.2143 0.9031 0.3721
vn 0.3204 0.9229 0.2136
vn 0.7007 0.6532 0.2870
vn 0.3139 0.8489 -0.4253
vn 0.2795 0.8732 -0.3993
vn 0.4071 0.7953 -0.4492
vn 0.0193 -0.3966 0.9178
vn 0.0860 -0.4322 0.8977
vn 0.0109 0.4297 -0.9029
vn 0.4670 0.6588 -0.5899
vn 0.8172 0.4897 -0.3040
vn 0.6865 0.4559 -0.5664
vn 0.0086 0.3223 -0.9466
vn 0.5343 0.6848 -0.4955
vn 0.5368 0.6827 -0.4958
vn 0.6292 0.6681 -0.3973
vn 0.6045 0.6798 -0.4152
vn 0.4600 0.7790 -0.4260
vn 0.7330 0.5988 -0.3227
vn 0.8939 0.3754 0.2448
vn 0.8492 0.5032 0.1601
vn 0.8540 0.4015 0.3310
vn 0.0919 -0.2853 0.9540
vn 0.0203 -0.3438 0.9388
vn -0.0179 0.2225 -0.9748
vn 0.8918 0.2859 -0.3507
vn 0.7241 0.3106 -0.6158
vn 0.8320 0.2734 -0.4827
vn 0.9088 0.4172 -0.0047
vn 0.8859 0.3883 -0.2537
vn 0.9049 0.3592 -0.2283
vn 0.9168 0.3815 0.1180
vn 0.8713 0.4440 0.2091
vn -0.0010 -0.0840 -0.9965
vn -0.0245 0.0103 -0.9996
vn -0.1317 -0.1118 -0.9850
vn -0.0607 -0.2083 -0.9762
vn 0.0177 -0.0199 0.9996
vn 0.0158 -0.0211 0.9997
vn 0.8104 -0.1109 -0.5753
vn 0.7573 -0.3985 -0.5174
vn 0.7013 -0.0489 -0.7111
vn 0.7692 0.0038 -0.6390
vn 0.7690 -0.2144 -0.6022
vn 0.6432 -0.5035 -0.5769
vn 0.0417 -0.0692 0.9967
vn -0.0882 -0.0490 0.9949
vn -0.0650 -0.1077 0.9921
vn 0.4445 -0.8957 -0.0151
vn 0.6268 -0.7791 -0.0090
vn 0.7187 -0.6953 0.0049
vn 0.4928 -0.8003 -0.3414
vn 0.4690 -0.8242 -0.3175
vn 0.4067 -0.8975 -0.1704
vn 0.3262 -0.9447 0.0329
vn 0.3358 -0.9412 -0.0362
vn 0.3257 -0.9448 0.0344
vn 0.4501 -0.8923 0.0341
vn 0.3822 -0.8894 -0.2508
vn 0.3923 -0.1425 0.9087
vn 0.1319 -0.0719 0.9887
vn 0.3529 -0.1951 0.9151
vn 0.4380 -0.7558 -0.4867
vn 0.4829 -0.7683 -0.4202
vn 0.3155 -0.2581 0.9132
vn 0.1389 -0.1786 0.9741
vn 0.2368 -0.3298 0.9139
vn 0.3165 -0.8883 -0.3329
vn -0.1152 0.0264 0.9930
vn -0.0087 0.0200 0.9998
vn -0.0756 0.1031 0.9918
vn 0.3455 -0.8653 0.3633
vn 0.2900 -0.5769 0.7636
vn -0.0001 -0.0769 -0.9970
vn -0.0744 0.3060 -0.9491
vn -0.0178 0.3451 -0.9384
vn -0.0195 0.2901 -0.9568
vn 0.0080 0.6389 -0.7692
vn -0.0207 0.5746 -0.8182
vn -0.0152 0.2858 0.9582
vn -0.0038 0.2489 0.9685
vn 0.0191 0.8425 -0.5384
vn -0.0269 0.9044 -0.4257
vn -0.0344 0.4238 0.9051
vn -0.0428 0.5233 0.8511
vn -0.0641 0.9486 -0.3101
vn -0.1401 0.9645 -0.2241
vn -0.3143 0.8612 0.3995
vn -0.2134 0.8360 0.5055
vn -0.1598 0.9111 0.3799
vn -0.2059 0.9382 0.2781
vn -0.0962 -0.9652 -0.2430
vn -0.0708 -0.9691 -0.2365
vn -0.0417 -0.7315 0.6806
vn -0.0508 -0.6480 -0.7599
vn -0.0258 -0.3882 0.9212
vn 0.0061 0.6733 0.7394
vn 0.0852 0.9275 0.3640
vn 0.1214 0.9744 -0.1892
vn 0.0833 0.3775 0.9222
vn 0.0516 0.0360 0.9980
vn -0.0107 0.6662 0.7457
vn 0.1311 0.9673 -0.2171
vn 0.1296 0.9829 -0.1304
vn 0.0767 0.8492 0.5225
vn 0.1023 0.9635 0.2475
vn 0.1539 0.7342 0.6612
vn 0.1597 0.7372 0.6565
vn 0.2970 0.9549 0.0021
vn 0.2501 0.9510 0.1820
vn 0.1416 0.9899 0.0053
vn -0.0700 -0.2517 0.9653
vn -0.4775 -0.8616 -0.1719
vn -0.3657 -0.9214 -0.1315
vn -0.0441 -0.9912 0.1249
vn -0.1525 -0.9879 -0.0282
vn -0.0724 -0.9525 0.2959
vn -0.0968 -0.3783 0.9206
vn -0.1165 -0.3460 0.9310
vn -0.5707 -0.7996 -0.1871
vn -0.6296 -0.6984 -0.3405
vn -0.6747 -0.7145 -0.1849
vn -0.8514 -0.0754 -0.5190
vn -0.6700 -0.1962 -0.7159
vn -0.8445 -0.3015 -0.4427
vn -0.6253 0.0442 -0.7791
vn -0.8430 -0.2964 -0.4488
vn -0.7962 -0.4988 -0.3424
vn -0.6923 0.1925 -0.6954
vn -0.6241 0.0524 -0.7796
vn -0.8514 -0.0753 -0.5191
vn -0.7348 -0.0530 -0.6762
vn -0.0102 -0.5587 0.8293
vn -0.5238 0.2994 -0.7975
vn 0.0955 -0.8100 0.5786
vn 0.0882 -0.8180 0.5684
vn 0.0505 -0.8085 0.5863
vn -0.3370 0.3090 -0.8894
vn -0.2182 0.2068 -0.9537
vn 0.1392 -0.8551 0.4994
vn 0.0073 -0.4443 0.8958
vn -0.1816 0.3405 -0.9225
vn -0.1465 0.4635 -0.8739
vn -0.1547 0.4353 -0.8869
vn 0.0680 -0.9108 0.4072
vn 0.0756 -0.8622 0.5008
vn 0.0549 -0.8881 0.4563
vn 0.0746 0.9915 -0.1062
vn 0.1143 0.9793 0.1670
vn -0.0341 -0.2796 0.9595
vn 0.0574 -0.3393 0.9389
vn 0.0361 0.9560 -0.2913
vn 0.0834 0.9225 -0.3769
vn 0.1783 0.8948 -0.4094
vn -0.0424 -0.2049 0.9779
vn 0.0551 -0.1724 0.9835
vn 0.1378 0.9843 0.1107
vn 0.0589 0.9531 0.2968
vn 0.5615 0.7871 -0.2554
vn 0.1829 0.9766 -0.1135
vn 0.5560 0.8134 0.1709
vn 0.6192 0.6318 0.4663
vn 0.7472 0.4922 0.4465
vn 0.5634 0.8070 0.1769
vn 0.5744 0.7785 -0.2528
vn 0.5123 0.8027 -0.3053
vn 0.6545 0.7015 -0.2819
vn 0.6061 0.7775 -0.1677
vn 0.6306 0.7168 -0.2976
vn 0.7551 0.6369 -0.1555
vn 0.8392 0.5418 -0.0464
vn 0.7679 0.6378 0.0594
vn 0.8236 0.5484 0.1445
vn 0.7957 0.5059 0.3331
vn 0.7535 0.6069 0.2527
vn 0.8434 0.4936 -0.2123
vn 0.5096 0.1773 -0.8419
vn 0.5008 0.3535 -0.7901
vn 0.5741 0.1294 -0.8085
vn 0.5026 0.1523 -0.8510
vn 0.5281 0.1079 -0.8423
vn 0.2307 0.2704 -0.9347
vn 0.5117 0.0943 -0.8540
vn 0.2986 0.1233 -0.9464
vn 0.5461 0.0397 -0.8368
vn 0.0174 -0.1696 -0.9854
vn 0.6311 0.0815 -0.7714
vn 0.4957 0.1373 -0.8576
vn 0.5523 0.0522 -0.8320
vn 0.3177 -0.4411 -0.8393
vn 0.6533 -0.3814 -0.6540
vn 0.5216 -0.7365 -0.4307
vn 0.3171 -0.8433 -0.4340
vn 0.4596 -0.6754 -0.5768
vn 0.3075 -0.9485 0.0764
vn 0.4061 -0.9056 0.1221
vn 0.4991 -0.8551 0.1402
vn 0.0009 -0.0157 0.9999
vn 0.3188 -0.8403 -0.4385
vn 0.3394 -0.8138 -0.4717
vn 0.4056 -0.8070 -0.4292
vn 0.0581 0.1095 0.9923
vn 0.0951 0.0140 0.9954
vn 0.2981 -0.7943 0.5293
vn 0.3354 -0.6643 0.6679
vn 0.3286 -0.9386 0.1050
vn 0.2944 -0.9383 -0.1814
vn 0.2549 -0.9173 -0.3060
vn 0.0579 0.3094 -0.9492
vn 0.0154 0.2688 -0.9631
vn 0.1350 -0.1715 0.9759
vn -0.0225 -0.1016 0.9946
vn 0.0088 -0.1906 0.9816
vn 0.0097 0.4889 -0.8723
vn 0.0525 0.3999 -0.9151
vn 0.0914 -0.0064 0.9958
vn 0.1463 0.1267 0.9811
vn 0.0047 0.7829 -0.6222
vn 0.0312 0.7403 -0.6716
vn -0.0374 0.7421 -0.6692
vn 0.1031 0.4121 0.9053
vn 0.0558 0.5684 0.8209
vn 0.0284 0.9329 -0.3589
vn -0.0828 0.9314 -0.3544
vn 0.0618 0.8918 -0.4481
vn -0.1237 0.6693 0.7326
vn -0.0159 0.7333 0.6798
vn 0.1617 0.6017 0.7822
vn -0.1262 0.8352 0.5353
vn -0.1781 0.9775 0.1131
vn -0.1199 0.9697 0.2129
vn -0.2227 0.9718 -0.0779
vn -0.1278 0.9911 0.0375
vn -0.0538 0.9969 -0.0580
vn -0.0306 0.9802 0.1958
vn -0.0646 0.9916 0.1123
vn -0.1508 -0.9880 -0.0334
vn -0.1425 -0.9836 -0.1103
vn -0.0791 -0.9950 -0.0612
vn -0.1445 -0.9890 0.0308
vn -0.0743 -0.9971 0.0161
vn -0.1012 -0.9794 0.1745
vn -0.1524 -0.9809 0.1211
vn -0.0852 -0.9923 0.0896
vn -0.0340 -0.8610 0.5075
vn -0.0852 -0.9102 0.4053
vn -0.0688 -0.7587 -0.6477
vn -0.0707 -0.8448 -0.5305
vn -0.0326 -0.5398 -0.8411
vn -0.0150 -0.3113 0.9502
vn -0.0181 -0.1411 0.9898
vn -0.0170 -0.3769 -0.9261
vn -0.0306 -0.5222 -0.8523
vn -0.0789 -0.4094 -0.9089
vn 0.0120 0.9260 0.3774
vn 0.0041 0.7212 0.6928
vn 0.0141 0.6956 0.7183
vn 0.0699 0.7173 0.6933
vn 0.0108 0.3773 0.9260
vn 0.0053 0.0868 0.9962
vn 0.0928 0.7280 0.6793
vn 0.0813 0.3825 0.9203
vn -0.0451 0.2150 0.9756
vn 0.0354 0.9900 0.1363
vn 0.0177 0.9442 0.3288
vn -0.0740 -0.0846 0.9937
vn -0.2592 -0.9623 -0.0829
vn -0.1143 -0.9921 -0.0512
vn -0.2692 -0.9603 -0.0729
vn -0.1778 -0.9775 -0.1131
vn -0.0566 -0.9983 -0.0155
vn -0.0648 -0.9967 0.0479
vn -0.2403 -0.6604 -0.7114
vn -0.3450 -0.8512 -0.3954
vn -0.6752 -0.5246 -0.5185
vn -0.5232 -0.7990 -0.2962
vn -0.2282 -0.9649 -0.1298
vn -0.6730 -0.7090 -0.2107
vn -0.5078 -0.8555 -0.1015
vn -0.3010 -0.9454 -0.1252
vn -0.4880 -0.8650 -0.1169
vn -0.0918 -0.9722 0.2154
vn -0.0549 -0.9920 0.1133
vn -0.0908 -0.9719 0.2170
vn 0.0370 0.3845 -0.9224
vn -0.0033 0.2972 -0.9548
vn -0.0239 0.3921 -0.9196
vn -0.1260 -0.3374 0.9329
vn -0.5396 -0.7877 -0.2972
vn 0.0429 0.4875 -0.8721
vn -0.0289 0.4823 -0.8755
vn -0.0254 -0.4673 0.8837
vn -0.2923 0.0535 -0.9548
vn -0.2522 0.3361 -0.9074
vn -0.0365 -0.4778 0.8777
vn 0.1192 -0.9113 0.3942
vn 0.0955 -0.9207 0.3783
vn -0.0566 0.5983 -0.7993
vn 0.0841 0.4397 -0.8942
vn 0.0829 0.5582 -0.8256
vn -0.1198 0.7419 -0.6597
vn -0.0802 0.8966 -0.4356
vn -0.1072 0.7692 -0.6300
vn 0.0114 0.9651 0.2616
vn -0.0483 0.9980 0.0400
vn -0.0491 0.9741 -0.2208
vn -0.0890 0.8997 -0.4274
vn -0.0641 0.8831 -0.4647
vn -0.0409 0.9895 -0.1389
vn -0.0020 0.9886 0.1506
vn 0.3100 0.9115 -0.2705
vn 0.1999 0.9375 -0.2849
vn 0.5022 0.8500 0.1590
vn 0.6033 0.7168 0.3495
vn 0.3067 0.9389 0.1561
vn 0.6263 0.6167 0.4769
vn 0.3041 0.9223 0.2386
vn 0.1354 0.9905 0.0220
vn 0.4153 0.8757 -0.2461
vn 0.5375 0.8302 -0.1481
vn 0.2090 0.8398 -0.5010
vn 0.0948 0.7160 -0.6917
vn 0.0373 0.7675 -0.6400
vn 0.1389 -0.3924 0.9093
vn 0.1847 -0.4324 0.8826
vn 0.6720 0.7315 0.1154
vn 0.6904 0.7227 -0.0329
vn -0.0624 0.4594 -0.8860
vn 0.1886 0.5055 -0.8419
vn 0.1775 -0.2702 0.9463
vn 0.1282 -0.3498 0.9280
vn -0.1176 0.2351 -0.9648
vn 0.0877 0.1614 -0.9830
vn -0.0224 0.1478 -0.9888
vn -0.0602 0.0554 -0.9966
vn 0.2548 0.2427 -0.9360
vn -0.0486 -0.3050 -0.9511
vn 0.0281 -0.2621 -0.9646
vn 0.2187 0.0003 -0.9758
vn 0.3096 -0.4498 -0.8378
vn -0.1020 -0.3166 -0.9431
vn 0.1544 -0.0432 0.9871
vn 0.0994 -0.1107 0.9889
vn -0.0020 -0.3632 -0.9317
vn 0.0057 -0.4179 -0.9085
vn 0.1656 -0.6765 -0.7176
vn 0.3519 -0.9201 -0.1718
vn 0.3374 -0.9393 -0.0618
vn 0.4485 -0.8711 0.1999
vn 0.1269 -0.8077 -0.5757
vn -0.0031 -0.5281 -0.8492
vn -0.0173 -0.0104 0.9998
vn -0.0025 0.0282 0.9996
vn 0.3989 -0.8800 -0.2576
vn 0.3658 -0.9247 0.1059
vn 0.4773 -0.8622 0.1699
vn 0.5411 -0.8354 0.0963
vn 0.4707 -0.8812 0.0446
vn 0.5102 -0.8587 -0.0481
vn 0.4519 -0.8853 -0.1097
vn 0.4185 -0.8812 -0.2199
vn 0.4091 -0.8633 -0.2956
vn 0.3352 -0.8630 -0.3779
vn 0.2654 -0.8971 -0.3531
vn 0.2163 -0.9164 -0.3368
vn 0.1688 0.0582 0.9839
vn 0.2421 -0.6825 0.6896
vn 0.3048 -0.8833 0.3562
vn 0.1451 -0.3504 0.9253
vn 0.2421 -0.6825 0.6897
vn 0.2456 -0.5221 0.8167
vn 0.2564 -0.7821 0.5680
vn 0.2273 -0.9582 0.1736
vn 0.3287 -0.9438 0.0360
vn 0.0415 -0.1727 -0.9841
vn -0.0030 -0.2793 -0.9602
vn 0.2610 0.0091 0.9653
vn 0.0584 0.5423 -0.8382
vn -0.0196 0.7089 -0.7051
vn 0.0588 0.7172 -0.6944
vn 0.0220 0.6868 -0.7265
vn 0.2322 0.4682 0.8526
vn 0.2609 0.3218 0.9102
vn -0.0222 0.9550 -0.2959
vn -0.0092 0.9741 -0.2257
vn 0.0473 0.9607 -0.2734
vn 0.0485 0.8001 0.5978
vn -0.1062 0.8207 0.5613
vn 0.0172 0.9311 -0.3643
vn -0.0648 0.9246 -0.3755
vn 0.0265 0.9384 -0.3445
vn -0.1395 0.9542 -0.2646
vn 0.0401 0.9777 -0.2059
vn 0.0108 0.9281 0.3721
vn -0.0880 0.8689 0.4871
vn 0.0715 0.8569 0.5106
vn -0.0748 -0.9832 -0.1666
vn -0.0915 -0.9845 -0.1498
vn -0.0226 -0.5296 -0.8479
vn -0.0134 -0.4961 0.8682
vn -0.0385 -0.5553 0.8308
vn -0.0784 0.7220 0.6874
vn -0.0194 0.8422 0.5389
vn -0.0573 0.5268 0.8480
vn -0.0129 0.4902 0.8715
vn -0.0080 0.7973 0.6036
vn -0.0709 0.0535 0.9960
vn -0.0922 0.3410 0.9355
vn 0.0143 -0.9971 -0.0750
vn -0.0670 -0.3148 0.9468
vn -0.3502 -0.8483 -0.3972
vn -0.2402 -0.6604 -0.7114
vn 0.2554 -0.8398 -0.4791
vn 0.0422 -0.9898 -0.1361
vn -0.1775 -0.9772 -0.1164
vn 0.1720 -0.9796 -0.1036
vn 0.2618 -0.9607 -0.0924
vn -0.3469 -0.3157 -0.8831
vn 0.1103 -0.1177 -0.9869
vn 0.2022 -0.5298 -0.8236
vn 0.4008 -0.0140 -0.9161
vn 0.1978 0.3093 -0.9302
vn 0.0954 -0.7982 0.5948
vn 0.1703 -0.7786 0.6040
vn 0.0257 0.5779 -0.8157
vn 0.0665 0.5729 -0.8169
vn 0.1564 -0.7946 0.5866
vn 0.1575 0.4294 -0.8893
vn -0.2620 0.4015 -0.8776
vn -0.1874 0.4338 -0.8813
vn 0.0928 0.4256 -0.9001
vn 0.1929 -0.8674 0.4586
vn -0.0687 -0.4196 0.9051
vn 0.0186 0.4599 -0.8878
vn 0.1484 -0.8200 0.5529
vn -0.0484 0.8021 -0.5953
vn 0.0418 0.9757 0.2152
vn 0.0730 -0.5308 0.8443
vn 0.1140 -0.6189 0.7772
vn 0.1608 -0.5182 0.8400
vn -0.1327 -0.2707 0.9535
vn 0.0479 0.9697 -0.2394
vn -0.0244 0.9239 -0.3818
vn 0.3289 0.9323 -0.1502
vn 0.3886 0.9121 -0.1308
vn 0.4154 0.9084 0.0463
vn 0.5110 0.8466 0.1488
vn 0.3034 0.9424 0.1409
vn 0.5481 0.8362 0.0177
vn 0.0209 0.6958 -0.7179
vn 0.0647 0.6988 -0.7124
vn -0.0003 0.6711 -0.7414
vn -0.0288 0.5564 -0.8304
vn -0.1637 0.3169 -0.9342
vn 0.1519 -0.1825 0.9714
vn 0.2502 -0.1873 0.9499
vn 0.0897 -0.1816 -0.9793
vn 0.0639 -0.0343 -0.9974
vn 0.0829 -0.2979 -0.9510
vn -0.0384 -0.0090 0.9992
vn -0.0431 -0.0227 0.9988
vn -0.1936 -0.3338 -0.9225
vn -0.2192 -0.0376 -0.9749
vn -0.1097 -0.6514 -0.7508
vn -0.0037 -0.5236 -0.8520
vn 0.2369 0.0093 0.9715
vn 0.2253 -0.0643 0.9722
vn -0.1069 -0.6679 -0.7365
vn 0.3309 -0.9436 -0.0131
vn 0.3065 -0.9508 0.0448
vn 0.3851 -0.9130 0.1345
vn 0.2861 -0.8600 -0.4224
vn 0.0204 -0.1054 0.9942
vn 0.3279 -0.8547 -0.4025
vn 0.3731 -0.8465 -0.3799
vn 0.3940 -0.9094 -0.1335
vn 0.2598 -0.9240 -0.2807
vn 0.1634 -0.5260 0.8346
vn 0.2656 -0.9615 -0.0707
vn 0.2734 -0.9335 -0.2321
vn 0.2640 -0.9013 -0.3436
vn 0.0560 -0.0499 -0.9972
vn 0.1201 -0.0035 0.9928
vn 0.1942 -0.0029 0.9810
vn 0.1489 -0.1072 0.9830
vn 0.1076 0.3180 -0.9420
vn 0.1160 0.2559 -0.9597
vn 0.2433 -0.0845 0.9663
vn 0.3308 -0.0867 0.9397
vn 0.2218 -0.1831 0.9577
vn 0.2762 -0.1714 0.9457
vn 0.0961 0.4811 -0.8714
vn 0.1387 0.3865 -0.9118
vn 0.3040 0.1889 0.9338
vn 0.0908 0.6586 -0.7470
vn 0.0546 0.6024 -0.7963
vn 0.1112 0.6902 -0.7150
vn 0.1151 0.7528 -0.6482
vn 0.2917 0.2790 0.9149
vn 0.1581 0.3228 0.9332
vn 0.3830 0.3813 0.8414
vn 0.3631 0.5042 0.7836
vn 0.3167 0.6345 0.7051
vn 0.1110 0.9312 -0.3473
vn 0.1172 0.6973 0.7072
vn 0.2408 0.7539 0.6112
vn 0.1019 0.9763 0.1907
vn -0.0619 -0.9971 -0.0432
vn -0.0757 -0.9620 -0.2624
vn -0.0138 -0.6976 -0.7163
vn -0.0553 -0.8594 -0.5083
vn -0.0284 -0.5097 -0.8599
vn 0.0124 -0.5671 -0.8236
vn 0.0746 0.1123 0.9909
vn -0.0093 0.7188 0.6951
vn -0.0314 0.7434 0.6681
vn 0.0325 0.8984 0.4380
vn 0.0855 0.9941 -0.0671
vn 0.0762 0.9968 -0.0226
vn 0.0735 0.9867 0.1447
vn 0.0668 0.9811 -0.1815
vn -0.0181 0.3286 0.9443
vn 0.0030 0.7170 0.6970
vn 0.0520 0.9981 -0.0338
vn 0.0308 0.9995 0.0040
vn 0.0457 0.9797 0.1952
vn 0.0196 -0.2834 0.9588
vn -0.0393 -0.2301 0.9724
vn -0.0250 -0.9784 0.2053
vn 0.0397 -0.9896 0.1380
vn 0.4060 -0.9074 -0.1087
vn 0.0468 -0.9892 0.1389
vn 0.0606 -0.9630 0.2627
vn -0.0229 -0.9747 0.2225
vn -0.0502 -0.9481 0.3141
vn -0.0210 -0.8704 0.4918
vn -0.0390 -0.9151 0.4013
vn 0.0862 -0.8644 0.4953
vn 0.4165 -0.3405 -0.8430
vn 0.4615 0.3053 -0.8329
vn 0.6052 0.2995 -0.7375
vn 0.3768 0.3445 -0.8599
vn 0.6071 0.2366 -0.7586
vn -0.0326 -0.5686 0.8220
vn -0.0247 -0.5695 0.8216
vn 0.2372 -0.7949 0.5584
vn 0.2987 0.3301 -0.8954
vn 0.2361 0.3870 -0.8913
vn 0.1432 -0.8792 0.4544
vn 0.2545 0.9501 0.1805
vn 0.0176 0.9945 -0.1034
vn 0.2776 0.9454 -0.1711
vn 0.1711 -0.7591 0.6281
vn 0.1056 -0.7373 0.6673
vn 0.2361 -0.6377 0.7332
vn 0.1550 0.5224 -0.8385
vn 0.0100 0.7303 -0.6831
vn -0.0398 0.8052 -0.5916
vn 0.1251 0.8670 -0.4824
vn 0.0099 0.7414 -0.6710
vn 0.1408 0.9071 0.3968
vn -0.0251 0.9517 -0.3060
vn 0.0954 0.9623 -0.2547
vn 0.0800 0.9656 -0.2474
vn -0.0066 0.9420 0.3355
vn 0.0126 0.9823 0.1869
vn 0.2944 0.9435 -0.1521
vn 0.2682 0.9629 0.0282
vn 0.3235 0.9447 -0.0534
vn 0.2668 -0.4818 0.8347
vn 0.0078 0.6176 -0.7865
vn 0.0098 0.8017 -0.5977
vn 0.0482 0.6186 -0.7842
vn -0.1603 0.4705 -0.8677
vn -0.0501 0.6520 -0.7565
vn 0.2397 -0.3664 0.8990
vn 0.2094 -0.3337 0.9191
vn 0.1796 -0.3460 0.9209
vn 0.2433 -0.3445 0.9067
vn 0.2610 -0.2553 0.9310
vn 0.2137 -0.3196 0.9231
vn 0.1058 0.3040 -0.9468
vn 0.0862 0.1980 -0.9764
vn 0.1682 0.1647 -0.9719
vn 0.0605 0.2395 -0.9690
vn -0.1086 -0.0679 0.9918
vn -0.1294 -0.1629 0.9781
vn -0.1769 -0.1222 0.9766
vn -0.1946 0.1312 -0.9721
vn -0.2035 0.1858 -0.9613
vn 0.0177 0.1297 -0.9914
vn 0.1169 0.0766 -0.9902
vn -0.1212 0.1460 -0.9818
vn -0.1543 -0.0266 0.9877
vn -0.2261 0.0425 0.9732
vn -0.1111 0.0353 0.9932
vn -0.3497 -0.5423 -0.7639
vn -0.3031 -0.4323 -0.8493
vn -0.1833 -0.7152 -0.6745
vn -0.0131 0.0119 0.9998
vn 0.1134 -0.8651 -0.4887
vn -0.1086 -0.7969 -0.5942
vn -0.0645 0.0056 0.9979
vn 0.3961 -0.8621 -0.3161
vn 0.0402 -0.8590 -0.5104
vn 0.2403 -0.9097 -0.3386
vn -0.1739 -0.2325 0.9569
vn 0.0551 -0.3323 0.9416
vn -0.0387 -0.1027 0.9940
vn 0.1085 -0.8528 0.5108
vn 0.2552 -0.8604 0.4410
vn 0.1836 -0.6962 0.6939
vn 0.1041 -0.9896 -0.0994
vn 0.1718 -0.9227 -0.3450
vn 0.2150 -0.9032 -0.3716
vn 0.1262 -0.0778 -0.9889
vn 0.0962 -0.1923 -0.9766
vn 0.1324 0.1512 -0.9796
vn 0.1720 0.1000 -0.9800
vn 0.0984 0.0366 -0.9945
vn 0.1072 0.2556 -0.9608
vn 0.1425 0.2181 -0.9655
vn 0.3741 -0.0971 0.9223
vn 0.1275 0.5623 -0.8170
vn 0.2990 0.2690 0.9155
vn 0.4095 0.2258 0.8839
vn 0.4005 0.2896 0.8693
vn 0.3756 0.3149 0.8716
vn 0.4852 0.2967 0.8225
vn 0.4638 0.3214 0.8256
vn 0.5154 0.3563 0.7794
vn 0.4631 0.5082 0.7262
vn 0.1139 0.9391 -0.3242
vn 0.0904 0.9681 -0.2337
vn 0.2240 0.8297 0.5113
vn 0.3948 0.7106 0.5824
vn 0.1910 0.8980 0.3963
vn 0.3094 0.8706 0.3826
vn 0.1095 0.9517 0.2870
vn 0.3855 0.7764 0.4987
vn 0.2069 0.8396 0.5022
vn -0.0725 -0.9556 0.2857
vn 0.0007 -0.9386 0.3451
vn 0.0061 -0.9113 0.4116
vn 0.0054 -0.7768 -0.6297
vn -0.0058 -0.4693 -0.8830
vn 0.0197 -0.4752 0.8797
vn 0.1649 -0.2358 0.9577
vn 0.0617 -0.1040 0.9927
vn 0.0709 0.9629 0.2603
vn 0.2123 0.6799 0.7019
vn 0.0243 0.7882 0.6149
vn 0.1252 0.4981 0.8580
vn 0.0768 0.4608 0.8842
vn 0.3319 -0.9389 -0.0910
vn 0.0963 -0.9938 -0.0560
vn 0.1643 -0.9780 -0.1284
vn 0.0590 -0.9972 0.0469
vn 0.2223 -0.9745 -0.0298
vn 0.1898 -0.9792 0.0714
vn 0.1897 -0.9724 0.1355
vn 0.0199 -0.3260 0.9452
vn -0.0180 -0.3359 0.9417
vn 0.6630 -0.7265 -0.1804
vn 0.5234 -0.8139 -0.2524
vn 0.6651 -0.7386 -0.1103
vn 0.4870 -0.8516 -0.1938
vn 0.5405 -0.7891 -0.2920
vn 0.3553 -0.9165 -0.1840
vn 0.5202 -0.5922 -0.6153
vn 0.6371 -0.2295 -0.7358
vn 0.7238 -0.4081 -0.5564
vn 0.5004 -0.7553 -0.4232
vn 0.7004 -0.6296 -0.3363
vn 0.6995 -0.6250 -0.3466
vn 0.8601 -0.4031 -0.3128
vn 0.8153 -0.5446 -0.1966
vn 0.9222 -0.3506 -0.1631
vn 0.8773 -0.4620 -0.1301
vn 0.8578 -0.4797 -0.1845
vn 0.7207 -0.6863 -0.0981
vn 0.7266 -0.6742 -0.1321
vn 0.7669 -0.0935 -0.6349
vn 0.7610 -0.0893 -0.6426
vn 0.6358 -0.2443 -0.7321
vn 0.9131 -0.1558 -0.3768
vn 0.9025 -0.0449 -0.4284
vn 0.3089 -0.7415 0.5956
vn 0.3205 -0.7316 0.6017
vn 0.1554 -0.7869 0.5972
vn 0.2158 -0.7522 0.6226
vn 0.7149 0.1541 -0.6820
vn 0.1097 0.5848 -0.8037
vn 0.1091 0.4926 -0.8634
vn 0.6830 0.1590 -0.7129
vn 0.6011 0.3112 -0.7361
vn 0.7541 0.1575 -0.6376
vn 0.4861 0.2165 -0.8467
vn 0.7703 0.0533 -0.6355
vn 0.6515 0.0413 -0.7575
vn 0.1825 -0.8735 0.4513
vn 0.6012 0.0933 -0.7936
vn 0.3653 0.3260 -0.8719
vn 0.3338 0.5849 -0.7392
vn 0.5590 0.8281 0.0429
vn 0.6721 0.6926 -0.2620
vn 0.4023 0.7572 -0.5146
vn 0.1421 0.7523 -0.6433
vn 0.3168 0.7864 -0.5303
vn 0.2269 0.9156 -0.3319
vn 0.5040 0.7590 0.4122
vn 0.1715 0.9726 -0.1570
vn 0.3595 0.9244 -0.1273
vn 0.4629 0.8772 -0.1278
vn 0.3636 0.9199 -0.1471
vn 0.0333 0.9779 -0.2064
vn 0.0414 0.8678 -0.4952
vn -0.1078 0.9406 -0.3220
vn -0.1001 0.8366 -0.5386
vn -0.0855 0.8331 -0.5465
vn -0.0335 0.7595 -0.6496
vn -0.2212 0.6079 -0.7626
vn 0.2827 -0.3563 0.8906
vn 0.2796 -0.4160 0.8653
vn 0.2162 0.2031 -0.9550
vn 0.1561 0.3590 -0.9202
vn -0.2100 -0.2634 0.9416
vn -0.2576 -0.2238 0.9400
vn -0.2207 -0.1001 0.9702
vn 0.2962 -0.3418 0.8919
vn -0.2468 -0.0356 0.9684
vn 0.3293 -0.1750 0.9279
vn 0.2263 -0.1226 0.9663
vn 0.3066 -0.1013 0.9464
vn 0.1974 -0.1852 -0.9627
vn 0.1235 -0.0579 -0.9907
vn 0.1927 -0.3216 -0.9271
vn -0.1399 0.0588 0.9884
vn -0.2852 0.0718 -0.9558
vn -0.3098 0.0103 -0.9507
vn -0.3890 -0.0056 -0.9212
vn -0.3951 -0.3622 -0.8442
vn -0.4408 -0.2901 -0.8494
vn -0.3440 -0.2148 -0.9141
vn -0.1230 0.0175 0.9922
vn -0.3888 -0.3492 -0.8526
vn 0.2636 -0.9448 -0.1948
vn 0.2416 -0.9685 -0.0599
vn -0.2014 -0.8002 -0.5650
vn -0.0221 -0.8460 -0.5328
vn -0.2697 -0.7412 -0.6147
vn 0.2798 -0.8912 -0.3570
vn 0.3314 -0.8803 -0.3394
vn 0.2132 -0.9766 0.0272
vn 0.1131 -0.9802 0.1626
vn 0.2665 -0.9588 0.0980
vn 0.2282 -0.9500 0.2134
vn 0.3815 -0.9001 0.2105
vn 0.2267 -0.9670 0.1160
vn 0.3367 -0.9416 0.0016
vn 0.1355 -0.9841 -0.1151
vn 0.0892 -0.9840 0.1539
vn 0.0266 -0.9995 -0.0178
vn -0.0376 -0.9588 -0.2815
vn 0.0295 -0.5714 0.8201
vn -0.1470 -0.4841 0.8626
vn 0.1129 -0.8469 0.5197
vn 0.1269 -0.9216 -0.3669
vn 0.2012 -0.9181 -0.3413
vn -0.0521 -0.8715 0.4877
vn 0.0108 -0.9984 0.0549
vn 0.1859 0.0051 -0.9825
vn 0.1636 0.2547 -0.9531
vn 0.1314 0.2846 -0.9496
vn 0.4140 -0.0173 0.9101
vn 0.3479 -0.0900 0.9332
vn 0.3940 0.0925 0.9144
vn 0.1831 0.6951 -0.6952
vn 0.1861 0.6350 -0.7498
vn 0.1797 0.7448 -0.6427
vn 0.1277 0.7180 -0.6842
vn 0.1445 0.7937 -0.5909
vn 0.5487 0.3136 0.7750
vn 0.6603 0.3353 0.6720
vn 0.5807 0.3220 0.7477
vn 0.1658 0.9460 -0.2786
vn 0.1624 0.9637 -0.2120
vn 0.2202 0.9114 -0.3475
vn 0.2254 0.9417 -0.2499
vn 0.2955 0.9137 -0.2790
vn 0.3336 0.8887 -0.3146
vn 0.4063 0.8883 -0.2140
vn 0.2645 0.9562 -0.1251
vn 0.4294 0.8997 -0.0782
vn 0.3822 0.9188 0.0987
vn 0.2679 0.9503 0.1583
vn 0.5276 0.8252 0.2017
vn 0.3389 0.8973 0.2829
vn 0.5177 0.8037 0.2933
vn 0.1863 0.9643 -0.1883
vn 0.2948 0.9555 0.0075
vn 0.1205 0.9896 -0.0785
vn 0.1493 0.9855 0.0801
vn -0.0823 -0.9907 -0.1080
vn -0.0657 -0.9966 0.0495
vn -0.0392 -0.9916 0.1231
vn 0.0347 -0.7468 0.6642
vn 0.1159 -0.6621 0.7404
vn -0.0268 -0.6859 0.7272
vn 0.0396 -0.4806 -0.8760
vn 0.0595 0.9938 0.0941
vn 0.1425 0.2522 0.9571
vn 0.1287 0.4945 0.8596
vn 0.0947 0.9937 0.0602
vn 0.1124 0.9491 0.2943
vn 0.0557 0.9953 -0.0786
vn 0.0307 0.2046 -0.9784
vn 0.0789 0.2694 -0.9598
vn 0.1122 0.2088 -0.9715
vn 0.4172 -0.9070 0.0577
vn 0.4282 -0.9035 -0.0173
vn 0.6740 -0.6866 -0.2727
vn 0.6771 -0.6325 -0.3761
vn 0.6588 -0.6895 -0.3009
vn 0.5208 -0.8381 -0.1622
vn 0.6755 -0.7359 -0.0450
vn 0.6421 -0.7650 -0.0493
vn 0.9534 -0.2697 -0.1350
vn 0.6708 -0.6905 -0.2706
vn 0.7745 -0.5080 -0.3770
vn 0.6827 -0.6322 -0.3664
vn 0.8853 -0.3490 -0.3072
vn 0.3245 -0.8512 0.4125
vn 0.3469 -0.7191 0.6021
vn 0.1850 -0.8429 0.5052
vn -0.0099 -0.4809 0.8767
vn 0.0200 -0.3746 0.9270
vn 0.9079 -0.2798 -0.3122
vn 0.9503 -0.0180 -0.3107
vn 0.9034 -0.0458 -0.4264
vn 0.4080 -0.6155 0.6744
vn 0.4048 -0.7195 0.5643
vn -0.0622 -0.5833 0.8098
vn 0.7838 0.0509 -0.6190
vn 0.9660 -0.1715 -0.1937
vn 0.9322 -0.1949 -0.3050
vn 0.9924 -0.0962 -0.0774
vn 0.9833 -0.1434 -0.1116
vn 0.9752 -0.2149 -0.0534
vn 0.9867 -0.0819 -0.1407
vn 0.9887 0.0389 -0.1447
vn 0.1922 -0.8335 0.5180
vn 0.2801 -0.8047 0.5234
vn 0.8392 -0.1418 -0.5251
vn 0.8911 -0.4001 -0.2139
vn 0.9995 0.0190 -0.0260
vn 0.9878 0.1509 0.0374
vn 0.9938 0.1056 -0.0356
vn 0.9872 -0.0187 -0.1586
vn 0.7361 -0.1121 -0.6675
vn 0.5987 0.0859 -0.7963
vn 0.9339 -0.3202 0.1588
vn 0.9719 0.2309 0.0450
vn 0.9810 0.1940 0.0054
vn 0.9766 0.1246 0.1751
vn 0.1335 -0.9405 0.3124
vn 0.1570 -0.9290 0.3351
vn 0.1611 -0.9287 0.3341
vn 0.5104 0.2696 -0.8166
vn 0.7242 -0.0966 -0.6828
vn 0.8753 0.0276 0.4827
vn 0.9581 -0.0803 0.2748
vn 0.7898 -0.0429 0.6119
vn 0.9700 0.2403 -0.0378
vn 0.8689 0.4941 -0.0309
vn 0.9899 0.0179 -0.1407
vn 0.8964 0.3440 -0.2794
vn 0.2718 -0.8594 0.4330
vn 0.6303 0.2129 -0.7466
vn 0.5493 0.5001 -0.6695
vn 0.9211 0.2284 0.3154
vn 0.6705 0.4336 0.6020
vn 0.9474 0.2182 -0.2343
vn 0.4141 0.7485 -0.5179
vn 0.7185 0.5553 -0.4187
vn 0.6699 0.6948 -0.2616
vn 0.4178 -0.6027 0.6798
vn 0.3637 -0.4997 0.7862
vn 0.3164 0.7895 -0.5259
vn 0.5185 0.8306 -0.2032
vn 0.5535 0.7002 -0.4510
vn 0.1566 0.9813 -0.1118
vn 0.4349 0.8985 0.0606
vn 0.5390 0.6464 0.5401
vn 0.2911 0.8418 0.4545
vn 0.6681 0.4448 0.5966
vn 0.2545 0.8978 -0.3594
vn 0.5740 0.7920 -0.2080
vn 0.8751 0.4683 -0.1225
vn 0.3803 0.9022 -0.2034
vn 0.1524 0.9603 0.2336
vn 0.3475 0.8919 0.2893
vn 0.1558 0.9835 0.0914
vn 0.2480 0.4182 -0.8738
vn 0.1551 0.4800 -0.8635
vn -0.4815 0.4812 -0.7325
vn -0.3465 0.4185 -0.8395
vn -0.2668 0.7590 -0.5939
vn 0.3323 -0.3624 0.8708
vn 0.3889 -0.3379 0.8571
vn 0.3491 -0.2929 0.8901
vn 0.3010 0.2683 -0.9151
vn -0.3196 -0.1295 0.9387
vn 0.3781 -0.2275 0.8974
vn -0.4293 -0.1306 -0.8937
vn -0.4015 0.0384 -0.9150
vn 0.4195 -0.0964 0.9026
vn 0.3968 -0.1447 0.9064
vn -0.2654 0.0774 0.9610
vn -0.3141 0.0660 0.9471
vn 0.1874 -0.4285 -0.8839
vn 0.1136 -0.3728 -0.9209
vn -0.2539 -0.0012 0.9672
vn -0.3882 -0.7101 -0.5874
vn -0.3483 -0.1160 0.9302
vn -0.2016 -0.0698 0.9770
vn 0.1252 -0.9578 -0.2587
vn 0.1305 -0.9882 -0.0808
vn 0.0372 -0.9919 0.1211
vn 0.0511 -0.9718 0.2300
vn -0.3520 -0.2502 0.9019
vn -0.1174 -0.9897 0.0820
vn -0.1722 -0.9810 -0.0894
vn -0.2588 -0.9058 -0.3355
vn -0.4011 -0.5005 0.7672
vn -0.0519 -0.8715 0.4876
vn -0.4739 -0.6004 0.6441
vn -0.3225 -0.8915 0.3180
vn -0.0727 -0.9418 -0.3283
vn 0.3796 0.0921 0.9206
vn 0.3227 0.1046 0.9407
vn 0.3912 0.0622 0.9182
vn -0.2480 -0.9686 -0.0173
vn 0.2775 0.0980 0.9557
vn 0.2014 -0.1225 -0.9718
vn 0.1756 0.2471 -0.9529
vn 0.2087 0.1982 -0.9577
vn 0.1946 0.2848 -0.9386
vn 0.1610 0.2790 -0.9467
vn 0.2089 0.5717 -0.7934
vn 0.1934 0.4696 -0.8614
vn 0.4822 0.2465 0.8407
vn 0.5274 0.2820 0.8015
vn 0.5408 0.3313 0.7732
vn 0.1579 0.8327 -0.5308
vn 0.2211 0.7773 -0.5889
vn 0.2496 0.9457 -0.2082
vn 0.2279 0.9371 -0.2642
vn 0.7170 0.3959 0.5737
vn 0.7393 0.4307 0.5176
vn 0.6009 0.5056 0.6191
vn 0.3747 0.8920 -0.2528
vn 0.3180 0.9213 -0.2238
vn 0.8100 0.5465 0.2127
vn 0.7113 0.6604 0.2407
vn 0.8060 0.5259 0.2717
vn 0.6520 0.7038 0.2820
vn 0.7453 0.5585 0.3641
vn 0.5301 0.7512 0.3932
vn 0.5887 0.6491 0.4818
vn 0.5464 0.8254 -0.1420
vn 0.5085 0.8404 -0.1873
vn 0.5627 0.8263 0.0236
vn 0.7088 0.6927 0.1329
vn 0.7126 0.6623 0.2315
vn 0.7232 0.6644 0.1885
vn 0.0640 -0.8551 0.5144
vn 0.0800 -0.7971 0.5985
vn 0.0524 -0.4642 -0.8842
vn 0.0505 -0.5526 -0.8319
vn 0.2046 -0.4757 0.8555
vn 0.2057 -0.2312 0.9509
vn 0.1705 0.0723 0.9827
vn 0.0172 0.9531 -0.3020
vn 0.0104 0.9946 -0.1033
vn 0.1372 0.3930 0.9092
vn 0.0177 0.9809 -0.1938
vn 0.0165 0.9829 -0.1835
vn 0.1435 0.9083 0.3929
vn 0.1335 0.9692 0.2069
vn 0.1078 0.8394 0.5327
vn -0.0135 -0.3929 0.9195
vn 0.4381 -0.8973 0.0536
vn 0.3192 -0.9148 0.2476
vn 0.6565 -0.6877 -0.3099
vn 0.9441 -0.3146 -0.0987
vn 0.9967 0.0146 -0.0800
vn 0.7701 -0.6216 -0.1431
vn 0.9873 -0.1559 -0.0302
vn 0.8538 -0.5178 -0.0548
vn 0.9561 -0.2055 -0.2087
vn 0.7541 -0.5922 -0.2839
vn 0.7230 -0.6787 -0.1291
vn 0.3437 -0.7625 0.5481
vn 0.8132 -0.3633 -0.4546
vn 0.9146 -0.0455 -0.4018
vn 0.9635 0.2577 0.0727
vn 0.9485 0.3033 0.0913
vn 0.8989 0.4287 -0.0906
vn 0.9663 0.2470 -0.0730
vn 0.1858 0.4647 -0.8657
vn 0.1429 0.4373 -0.8879
vn 0.1697 0.5407 -0.8239
vn 0.9670 0.1608 -0.1974
vn 0.9266 0.3759 -0.0055
vn 0.8932 0.3304 -0.3049
vn 0.3882 -0.7831 0.4859
vn 0.5015 -0.4875 0.7148
vn 0.9630 0.2522 0.0953
vn 0.9514 0.1696 -0.2569
vn 0.5675 0.5713 -0.5929
vn 0.8609 0.1562 -0.4841
vn 0.7770 0.0896 -0.6231
vn 0.2682 -0.8698 0.4142
vn -0.1195 -0.6086 0.7845
vn 0.8936 -0.4454 0.0559
vn 0.1209 -0.8260 0.5505
vn 0.0994 -0.8499 0.5175
vn 0.8923 -0.3606 -0.2716
vn 0.8974 -0.4410 -0.0109
vn 0.8710 -0.2363 0.4308
vn 0.9947 0.0220 -0.1000
vn 0.9432 -0.0495 -0.3285
vn 0.8878 0.0116 -0.4602
vn 0.6854 0.1011 -0.7211
vn -0.0902 -0.5121 0.8542
vn 0.9824 -0.0596 -0.1771
vn 0.9758 0.1848 -0.1166
vn 0.9231 0.2376 -0.3024
vn 0.7478 0.2046 0.6316
vn 0.8655 0.4857 -0.1221
vn 0.7707 0.2318 -0.5935
vn 0.7101 0.5088 -0.4867
vn 0.4504 0.4110 -0.7926
vn 0.7639 0.6254 -0.1595
vn 0.3792 0.6751 -0.6328
vn 0.7586 0.4612 -0.4603
vn 0.5632 0.6879 -0.4578
vn 0.9048 0.3409 -0.2551
vn 0.7580 0.4661 -0.4562
vn 0.7330 0.6135 -0.2938
vn 0.6512 0.7575 -0.0457
vn 0.7348 0.6064 -0.3040
vn 0.5612 0.7722 0.2980
vn 0.5532 0.7895 -0.2659
vn 0.3710 0.6790 -0.6334
vn 0.7108 0.4909 -0.5037
vn 0.5258 0.8030 -0.2806
vn 0.2747 0.8963 -0.3480
vn 0.2821 0.9453 -0.1637
vn 0.0479 0.9849 -0.1662
vn 0.1133 0.9516 -0.2857
vn 0.2075 0.9711 -0.1180
vn 0.5085 -0.4827 0.7130
vn 0.4317 -0.4526 0.7802
vn -0.2114 -0.3655 0.9065
vn -0.2888 -0.3508 0.8908
vn -0.3852 -0.3512 0.8534
vn -0.3837 -0.2409 0.8915
vn -0.0669 0.9838 -0.1664
vn 0.1249 0.9897 -0.0696
vn -0.3621 0.7557 -0.5458
vn -0.1887 0.9262 -0.3265
vn 0.3671 -0.4212 0.8293
vn 0.4565 -0.3116 0.8333
vn 0.4673 -0.2398 0.8510
vn -0.5317 0.1461 -0.8343
vn -0.5792 0.2638 -0.7713
vn -0.4675 0.2597 -0.8450
vn -0.2918 0.2901 -0.9114
vn -0.3660 0.1593 -0.9169
vn 0.4796 -0.1617 0.8625
vn -0.4261 0.0214 0.9044
vn -0.3232 -0.0228 0.9460
vn 0.4786 -0.0603 0.8760
vn 0.3420 -0.0392 0.9389
vn -0.4905 -0.3073 -0.8155
vn -0.4541 -0.4114 -0.7903
vn -0.4714 -0.5297 -0.7051
vn -0.5884 -0.4453 -0.6749
vn -0.5392 -0.3508 -0.7656
vn 0.1703 -0.4423 -0.8806
vn 0.2400 -0.4591 -0.8554
vn -0.4244 -0.0386 0.9046
vn -0.3863 0.0621 0.9203
vn -0.5208 -0.1915 0.8319
vn -0.0475 -0.9911 -0.1246
vn -0.0723 -0.9971 0.0244
vn -0.1539 -0.9744 0.1636
vn -0.0882 -0.9754 0.2019
vn -0.3276 -0.9445 -0.0235
vn -0.4050 -0.8949 -0.1877
vn 0.1024 -0.9318 -0.3483
vn -0.1371 -0.9354 -0.3259
vn -0.0058 -0.9543 -0.2990
vn -0.1935 -0.9358 -0.2946
vn -0.0948 -0.9636 -0.2501
vn 0.2279 -0.2882 -0.9301
vn 0.2151 -0.3803 -0.8995
vn 0.1124 -0.3099 -0.9441
vn -0.5919 -0.3839 0.7087
vn -0.5436 -0.6283 0.5565
vn -0.2988 -0.9310 -0.2097
vn 0.4320 0.0829 0.8981
vn 0.2716 0.3325 -0.9031
vn 0.2451 0.2965 -0.9231
vn 0.2149 0.3708 -0.9035
vn 0.2651 0.6525 -0.7099
vn 0.2641 0.6843 -0.6797
vn 0.8191 0.3906 0.4201
vn 0.7824 0.3703 0.5007
vn 0.7891 0.4069 0.4601
vn 0.8422 0.4278 0.3282
vn 0.8132 0.4332 0.3887
vn 0.7940 0.3784 0.4758
vn 0.7874 0.3919 0.4759
vn 0.8246 0.4819 0.2963
vn 0.8452 0.4317 0.3152
vn 0.7908 0.4447 0.4206
vn 0.7526 0.4295 0.4991
vn 0.1956 0.9614 -0.1934
vn 0.2782 0.9452 -0.1710
vn 0.7554 0.6524 0.0616
vn 0.7591 0.6460 0.0808
vn 0.7340 0.6773 0.0496
vn 0.6322 0.7700 -0.0866
vn 0.0251 -0.8727 0.4876
vn 0.1017 -0.6593 0.7450
vn 0.1978 -0.5653 0.8008
vn 0.1994 -0.5294 0.8246
vn 0.0555 -0.5522 -0.8319
vn 0.0611 -0.3648 -0.9291
vn 0.1134 -0.4892 -0.8648
vn 0.0818 -0.4940 -0.8656
vn 0.2416 0.1808 0.9534
vn 0.0716 -0.1080 -0.9916
vn 0.1713 -0.2935 -0.9405
vn 0.1001 -0.2151 -0.9715
vn 0.0016 0.5919 0.8060
vn 0.0325 0.7878 0.6151
vn -0.0154 0.7028 0.7112
vn 0.1758 0.5070 0.8438
vn 0.1749 -0.0413 -0.9837
vn 0.1582 -0.1885 -0.9692
vn 0.0707 0.9967 0.0394
vn 0.1447 0.7675 0.6245
vn 0.0996 0.8068 0.5823
vn 0.1001 0.0316 -0.9945
vn 0.1586 0.1374 -0.9777
vn 0.1123 0.1098 -0.9876
vn 0.1990 0.1838 -0.9626
vn 0.2292 0.2571 -0.9388
vn 0.1450 0.3010 -0.9425
vn -0.1079 -0.2866 0.9519
vn -0.0284 -0.2167 0.9758
vn 0.4323 -0.8739 0.2222
vn 0.7531 -0.5877 -0.2956
vn 0.4323 -0.8739 0.2224
vn 0.3243 -0.5745 0.7516
vn 0.1340 -0.7268 0.6736
vn 0.8167 -0.1741 -0.5502
vn 0.2431 0.5117 -0.8241
vn 0.6811 0.3937 -0.6173
vn 0.5272 0.6613 -0.5336
vn 0.1432 0.3224 -0.9357
vn 0.9694 -0.0041 -0.2453
vn 0.4498 0.8616 -0.2350
vn -0.1229 0.9110 0.3937
vn -0.1544 0.8965 -0.4153
vn -0.1260 0.9159 0.3810
vn 0.5130 -0.2300 0.8270
vn 0.0188 -0.0881 0.9959
vn 0.7462 -0.0724 -0.6618
vn 0.2777 -0.4762 -0.8343
vn 0.6250 -0.1279 -0.7701
vn 0.7776 -0.6241 -0.0767
vn 0.0425 -0.9861 0.1609
vn 0.5396 -0.7798 0.3174
vn 0.0063 -0.9203 -0.3912
vn 0.0904 -0.9452 0.3138
vn 0.1185 -0.8916 0.4370
vn 0.5441 0.0776 -0.8354
vn 0.1380 0.0586 -0.9887
vn 0.9853 -0.1684 -0.0291
vn 0.9231 0.1272 -0.3629
vn 0.9876 -0.0993 0.1218
vn 0.8983 -0.3985 0.1849
vn 0.3810 -0.8041 0.4564
vn 0.4221 -0.7244 0.5450
vn 0.2209 -0.8068 0.5480
vn -0.3665 -0.5248 0.7683
vn -0.2968 -0.4578 0.8381
vn -0.2116 -0.5732 0.7916
vn 0.9928 0.1169 0.0266
vn 0.8444 0.4061 0.3495
vn 0.4493 0.4121 -0.7927
vn -0.0186 0.3200 -0.9472
vn 0.4693 0.1878 -0.8628
vn 0.0828 0.5781 -0.8118
vn -0.0345 0.8656 -0.4995
vn -0.2469 0.9152 -0.3185
vn -0.5650 -0.2750 0.7779
vn -0.2788 0.9381 -0.2056
vn -0.3896 0.8154 -0.4281
vn -0.5527 0.7497 -0.3641
vn -0.3873 0.8186 -0.4241
vn -0.6219 0.5425 -0.5648
vn -0.4998 -0.1913 0.8447
vn 0.4833 0.1957 -0.8533
vn 0.3639 0.0970 -0.9264
vn 0.5118 0.0492 -0.8577
vn -0.4360 -0.1056 0.8937
vn -0.5675 -0.0347 0.8227
vn -0.5234 -0.1140 -0.8444
vn -0.5340 -0.0256 -0.8451
vn 0.4343 -0.2727 -0.8585
vn 0.3789 -0.1124 -0.9186
vn 0.3182 -0.2760 -0.9070
vn 0.5140 -0.1239 -0.8488
vn 0.5449 -0.0302 0.8379
vn 0.5427 -0.1042 0.8334
vn -0.4958 0.1346 0.8580
vn -0.5760 0.0781 0.8137
vn -0.6352 0.1212 0.7628
vn -0.6773 -0.3663 -0.6380
vn -0.6196 -0.3309 -0.7118
vn -0.6840 -0.2212 -0.6951
vn -0.6071 -0.2939 -0.7383
vn 0.3429 -0.4654 -0.8160
vn 0.4308 -0.4247 -0.7963
vn 0.3079 -0.4068 -0.8601
vn 0.3132 -0.4259 -0.8489
vn -0.6047 -0.1313 0.7856
vn -0.3199 -0.9187 -0.2316
vn -0.3174 -0.9405 0.1212
vn -0.2923 -0.9458 0.1411
vn -0.5654 -0.8212 -0.0771
vn -0.4415 -0.8020 -0.4024
vn -0.5518 -0.8013 -0.2310
vn -0.6408 -0.6938 -0.3286
vn -0.6894 -0.2809 0.6677
vn -0.7131 -0.4337 0.5508
vn -0.7234 -0.4293 0.5407
vn -0.7196 -0.4370 0.5397
vn -0.7050 -0.5512 0.4463
vn -0.7177 -0.4299 0.5479
vn -0.3135 -0.8930 -0.3228
vn 0.5098 0.0171 0.8601
vn 0.4803 0.0675 0.8745
vn 0.4463 0.0521 0.8934
vn -0.6831 -0.5276 0.5049
vn -0.6863 -0.5219 0.5065
vn -0.0935 -0.9433 -0.3184
vn -0.1567 -0.9334 -0.3229
vn -0.3450 -0.8876 -0.3052
vn -0.2370 -0.9221 -0.3059
vn -0.4688 -0.8833 0.0029
vn -0.4820 -0.8238 0.2983
vn -0.6404 -0.7125 0.2869
vn 0.3820 -0.0177 0.9240
vn 0.4380 0.0045 0.8990
vn 0.4033 -0.0402 0.9142
vn 0.2948 0.2472 -0.9230
vn 0.2515 0.1701 -0.9528
vn 0.5365 0.2515 0.8056
vn 0.5446 0.3300 0.7710
vn 0.2270 0.7178 -0.6582
vn 0.2886 0.7046 -0.6483
vn 0.2504 0.7416 -0.6224
vn 0.5871 0.4746 0.6558
vn 0.5910 0.3565 0.7236
vn 0.5571 0.4111 0.7216
vn 0.6469 0.3752 0.6639
vn 0.7579 0.5018 0.4169
vn 0.7601 0.4573 0.4618
vn 0.6766 0.5189 0.5224
vn 0.7607 0.4657 0.4521
vn 0.2404 0.8622 -0.4458
vn 0.3467 0.8359 -0.4256
vn 0.2956 0.8279 -0.4765
vn 0.5550 0.8272 -0.0877
vn 0.4708 0.8768 -0.0975
vn 0.4705 0.8642 -0.1784
vn 0.7017 0.6980 0.1429
vn 0.7685 0.6216 0.1515
vn 0.7452 0.6285 0.2228
vn 0.7346 0.6747 0.0716
vn 0.7300 0.6800 0.0693
vn 0.6562 0.7540 0.0310
vn -0.0404 -0.9082 0.4165
vn -0.0342 -0.9624 0.2696
vn -0.0285 -0.7553 0.6548
vn -0.0056 -0.8703 -0.4924
vn 0.0851 -0.8441 -0.5294
vn 0.0040 -0.9259 -0.3779
vn 0.0915 -0.6494 -0.7549
vn 0.1345 -0.7325 -0.6673
vn 0.1792 -0.5142 0.8387
vn 0.1245 -0.5264 0.8411
vn 0.2138 -0.3942 0.8938
vn 0.1454 -0.3922 -0.9083
vn 0.0377 -0.3465 0.9373
vn 0.2258 -0.1359 0.9647
vn 0.1544 -0.5450 -0.8241
vn -0.0968 0.9588 -0.2672
vn 0.1594 0.2093 0.9648
vn -0.0403 0.9400 0.3389
vn -0.0308 0.8217 0.5690
vn -0.0029 0.9625 0.2712
vn -0.1553 0.7846 0.6002
vn -0.0587 0.9361 -0.3469
vn 0.0583 0.6883 0.7231
vn -0.0192 0.9159 0.4010
vn 0.1029 0.6746 0.7309
vn 0.1528 0.5303 0.8339
vn 0.2016 0.3396 -0.9187
vn -0.1524 -0.3772 0.9135
vn 0.2784 -0.9503 0.1396
vn -0.2731 -0.9568 0.0994
vn -0.0394 -0.8678 0.4954
vn 0.2264 0.4129 -0.8822
vn 0.3135 0.4425 -0.8402
vn -0.2385 -0.6026 0.7616
vn -0.0980 -0.4786 0.8725
vn -0.1894 -0.4907 0.8505
vn -0.9716 -0.0241 -0.2356
vn -0.8833 -0.3889 -0.2618
vn -0.8543 0.0307 -0.5188
vn -0.9911 0.0396 -0.1268
vn -0.9810 0.1528 -0.1196
vn -0.9418 0.1485 -0.3017
vn 0.1440 0.3192 -0.9367
vn -0.8373 0.4641 -0.2892
vn -0.4014 -0.5510 0.7316
vn 0.0194 -0.0564 0.9982
vn -0.1414 -0.6335 0.7607
vn -0.3953 -0.5454 0.7391
vn -0.6534 -0.7449 0.1354
vn -0.9129 0.2616 -0.3132
vn -0.7630 0.5737 0.2977
vn -0.2025 -0.8515 0.4836
vn -0.6559 -0.7437 0.1294
vn -0.2108 -0.6316 0.7461
vn -0.3327 -0.6541 0.6794
vn 0.0066 -0.9117 0.4107
vn 0.1162 -0.8645 0.4891
vn -0.6363 0.0950 -0.7656
vn -0.6060 -0.1579 -0.7796
vn 0.1188 0.0886 -0.9890
vn 0.1419 -0.3009 -0.9430
vn -0.4532 -0.6049 0.6548
vn -0.2933 -0.6020 0.7426
vn -0.3781 -0.6416 0.6674
vn -0.4496 0.3032 -0.8402
vn -0.8676 0.2491 -0.4304
vn -0.7493 0.1775 -0.6380
vn -0.1274 0.1862 -0.9742
vn -0.5910 0.3375 -0.7327
vn -0.0190 0.3208 -0.9470
vn 0.3861 -0.8084 0.4443
vn 0.4551 -0.7060 0.5427
vn -0.7763 -0.3339 0.5346
vn -0.7721 -0.2751 0.5729
vn -0.6675 -0.2944 0.6839
vn -0.3838 0.4787 -0.7897
vn 0.0718 0.5671 -0.8205
vn -0.2348 0.7566 -0.6102
vn -0.5130 0.7451 -0.4263
vn -0.5982 0.7215 -0.3486
vn 0.4777 0.5026 -0.7205
vn 0.3589 0.4531 -0.8161
vn 0.4581 0.4057 -0.7909
vn -0.8131 -0.1687 0.5572
vn -0.5707 0.7953 -0.2044
vn -0.4451 0.8273 -0.3427
vn -0.4574 0.8697 -0.1856
vn -0.7822 0.5710 -0.2493
vn -0.4558 0.8553 -0.2463
vn -0.7214 -0.2217 0.6561
vn -0.6168 0.5151 -0.5951
vn -0.6628 0.3041 -0.6842
vn -0.7181 0.3736 -0.5872
vn -0.6739 -0.1713 0.7187
vn -0.7940 -0.1306 0.5937
vn -0.7609 -0.1178 0.6381
vn -0.6360 -0.1274 0.7611
vn -0.7598 0.2462 -0.6018
vn 0.5303 0.2939 -0.7952
vn 0.3842 0.3310 -0.8619
vn -0.7637 -0.0888 0.6395
vn -0.6969 0.1626 -0.6985
vn 0.5486 -0.2932 0.7830
vn 0.6253 -0.2362 0.7438
vn 0.5529 -0.2181 0.8042
vn -0.8041 0.1414 -0.5775
vn -0.8117 0.1190 -0.5718
vn -0.8655 0.0274 -0.5001
vn -0.8950 0.0800 -0.4388
vn -0.8234 0.1003 -0.5585
vn -0.8047 0.1180 -0.5819
vn -0.6250 0.0645 -0.7780
vn -0.7428 0.0682 -0.6660
vn -0.7366 -0.0171 -0.6761
vn -0.7121 -0.1238 -0.6911
vn 0.5453 -0.2665 -0.7948
vn -0.7459 0.0793 0.6613
vn -0.7174 0.1001 0.6894
vn -0.7868 0.1087 0.6076
vn -0.7124 -0.6878 -0.1394
vn 0.4116 -0.4226 -0.8075
vn 0.3902 -0.5132 -0.7644
vn -0.7045 -0.1836 0.6855
vn -0.7649 -0.2857 0.5773
vn -0.7544 -0.3391 0.5621
vn -0.5842 -0.7700 -0.2563
vn -0.5624 -0.7903 -0.2434
vn -0.4090 -0.8664 -0.2864
vn -0.2668 -0.9623 -0.0533
vn -0.2763 -0.9467 -0.1655
vn -0.4497 -0.8884 -0.0919
vn -0.3278 -0.9422 0.0690
vn -0.5143 -0.8546 0.0721
vn -0.7601 -0.5019 0.4126
vn -0.8258 -0.4071 0.3903
vn -0.7592 -0.6248 0.1821
vn -0.3670 -0.8849 -0.2869
vn -0.5434 -0.8064 -0.2331
vn -0.7126 -0.6002 0.3633
vn -0.7012 -0.5513 0.4521
vn -0.6274 -0.7747 0.0785
vn 0.2360 -0.1952 -0.9519
vn 0.3687 -0.1319 -0.9201
vn 0.2644 -0.0363 -0.9637
vn 0.3585 -0.0411 -0.9326
vn 0.4534 0.0376 0.8905
vn 0.4338 0.0570 0.8992
vn 0.3360 0.0799 -0.9384
vn 0.3544 0.1894 -0.9157
vn 0.4635 -0.0032 0.8861
vn 0.4727 0.0059 0.8812
vn 0.2928 0.3692 -0.8820
vn 0.4043 0.3880 -0.8283
vn 0.3456 0.3099 -0.8857
vn 0.2940 0.4330 -0.8521
vn 0.3951 0.4559 -0.7975
vn 0.2788 0.5087 -0.8146
vn 0.3509 0.5507 -0.7574
vn 0.4961 0.0560 0.8665
vn 0.4990 0.0452 0.8654
vn 0.5236 0.1151 0.8442
vn 0.2738 0.6028 -0.7494
vn 0.3699 0.6442 -0.6695
vn 0.3633 0.5979 -0.7145
vn 0.5985 0.6060 0.5240
vn 0.6641 0.5878 0.4620
vn 0.6360 0.6476 0.4196
vn 0.7406 0.5582 0.3739
vn 0.7553 0.5176 0.4021
vn 0.6786 0.5453 0.4921
vn 0.3202 0.9071 -0.2733
vn 0.2640 0.8996 -0.3480
vn 0.4059 0.9107 -0.0771
vn 0.3845 0.9125 -0.1395
vn 0.5407 0.8392 0.0577
vn 0.5507 0.8345 -0.0175
vn 0.5798 0.8076 0.1075
vn 0.6606 0.7280 0.1831
vn -0.0640 -0.8428 0.5344
vn 0.1306 -0.8990 -0.4179
vn 0.2253 -0.6548 -0.7215
vn 0.1736 -0.8403 -0.5137
vn 0.2005 -0.5556 -0.8069
vn 0.1612 -0.5233 -0.8367
vn -0.0276 -0.4832 0.8751
vn 0.1926 -0.4740 -0.8592
vn 0.2525 -0.3178 -0.9139
vn -0.1677 0.9814 -0.0933
vn -0.0255 0.5805 0.8138
vn -0.2403 0.5278 0.8147
vn -0.1983 0.3080 0.9305
vn -0.1138 0.5877 0.8010
vn -0.0887 0.9656 -0.2444
vn -0.2050 0.9530 -0.2232
vn -0.2495 -0.1756 0.9523
vn -0.2799 -0.3134 0.9074
vn 0.3041 0.3353 -0.8917
vn -0.8849 -0.3475 -0.3101
vn -0.8978 -0.4127 -0.1534
vn -0.9314 -0.2506 -0.2639
vn -0.8350 -0.5336 0.1342
vn -0.5759 -0.7273 0.3734
vn -0.5678 -0.7782 0.2682
vn -0.3552 -0.5031 0.7879
vn 0.3227 0.5393 -0.7778
vn -0.9704 -0.1069 -0.2166
vn -0.9304 -0.2301 -0.2855
vn -0.9483 -0.3147 -0.0421
vn -0.9804 -0.1535 -0.1235
vn -0.9623 -0.2008 -0.1833
vn -0.9385 -0.3447 0.0175
vn -0.7581 -0.6135 -0.2209
vn -0.5326 -0.4257 -0.7315
vn -0.8883 -0.3787 -0.2598
vn -0.2811 -0.7169 -0.6380
vn -0.9794 -0.0665 -0.1907
vn -0.0267 -0.8250 0.5645
vn -0.4545 -0.6288 0.6309
vn -0.5418 -0.6498 0.5331
vn -0.5258 -0.6284 0.5733
vn -0.9709 -0.2107 -0.1134
vn -0.9821 -0.1162 -0.1485
vn -0.9955 -0.0435 -0.0837
vn -0.9606 0.2272 -0.1603
vn 0.3921 0.5921 -0.7041
vn 0.2897 0.6022 -0.7439
vn 0.3225 0.6068 -0.7265
vn -0.6944 -0.5606 0.4513
vn -0.5921 -0.5450 0.5937
vn -0.9911 -0.1149 -0.0669
vn -0.9205 0.2813 -0.2711
vn 0.1670 -0.8278 0.5356
vn 0.3100 -0.8331 0.4581
vn 0.1107 -0.9057 0.4091
vn 0.4462 -0.7560 0.4790
vn -0.6734 -0.5110 0.5343
vn -0.5265 -0.5260 0.6679
vn -0.9910 0.1226 -0.0543
vn -0.9858 0.1668 0.0204
vn -0.9971 0.0714 -0.0260
vn -0.9665 0.2433 -0.0816
vn -0.9591 0.2788 -0.0485
vn -0.9800 0.1982 -0.0162
vn 0.5651 -0.6543 0.5026
vn 0.4279 0.5805 -0.6927
vn 0.3457 0.5878 -0.7315
vn 0.4602 0.5686 -0.6818
vn -0.7000 -0.4605 0.5459
vn -0.6541 -0.4124 0.6341
vn -0.6662 -0.4918 0.5607
vn -0.7849 -0.4604 0.4146
vn -0.6975 -0.4727 0.5385
vn -0.9722 -0.2060 0.1112
vn -0.9470 -0.1839 0.2633
vn -0.8930 -0.3180 0.3186
vn -0.9893 0.1366 0.0519
vn -0.9997 0.0190 -0.0180
vn -0.9311 0.2693 -0.2458
vn -0.9519 0.2670 -0.1501
vn -0.8220 0.3491 -0.4500
vn 0.5473 -0.6194 0.5628
vn 0.2815 0.5360 -0.7959
vn 0.3841 0.5464 -0.7443
vn -0.7820 -0.4028 0.4757
vn -0.7630 -0.3468 0.5454
vn -0.8814 -0.2427 0.4053
vn -0.7798 -0.2606 0.5692
vn -0.7997 -0.3640 0.4775
vn -0.9939 0.1048 0.0334
vn -0.9993 0.0370 0.0045
vn -0.8612 0.3504 -0.3683
vn -0.6342 0.5359 -0.5573
vn -0.5275 0.7285 -0.4370
vn 0.6457 -0.4820 0.5922
vn 0.5862 -0.4964 0.6403
vn 0.6409 -0.5426 0.5430
vn 0.5297 0.4647 -0.7095
vn -0.9022 -0.1257 0.4127
vn -0.7969 -0.2033 0.5689
vn -0.9395 0.2044 -0.2749
vn -0.7814 0.5543 -0.2868
vn 0.6584 -0.4129 0.6293
vn 0.7014 -0.3371 0.6280
vn 0.6047 -0.4319 0.6692
vn -0.7958 -0.1391 0.5894
vn -0.8765 0.3176 -0.3619
vn -0.9509 0.2605 -0.1673
vn 0.7313 -0.2334 0.6408
vn 0.6553 -0.2841 0.6999
vn 0.6542 -0.3157 0.6873
vn 0.6097 -0.3276 0.7218
vn 0.6421 -0.2855 0.7115
vn 0.5716 0.3703 -0.7322
vn 0.6823 0.4108 -0.6048
vn 0.6443 0.3183 -0.6954
vn 0.7271 0.3172 -0.6088
vn -0.8789 -0.0788 0.4704
vn -0.7885 -0.1549 0.5952
vn -0.9374 0.1343 -0.3213
vn -0.8448 0.1998 -0.4963
vn 0.6819 -0.2334 0.6933
vn 0.6213 0.2255 -0.7504
vn 0.6279 0.3094 -0.7142
vn 0.6954 0.2413 -0.6769
vn -0.8502 -0.0568 0.5234
vn -0.7820 -0.1122 0.6131
vn -0.9212 -0.0378 0.3872
vn -0.9610 0.0042 0.2765
vn -0.9132 -0.0008 0.4076
vn -0.8333 0.1446 -0.5335
vn 0.7262 -0.1864 0.6617
vn 0.6059 0.1218 -0.7862
vn 0.6820 0.1568 -0.7144
vn -0.9826 0.1536 -0.1046
vn -0.9702 0.1301 -0.2046
vn -0.9894 0.1022 -0.1030
vn 0.6980 -0.1543 0.6993
vn 0.6580 -0.1661 0.7344
vn 0.6922 -0.1758 0.7000
vn 0.7002 0.0562 -0.7117
vn -0.9859 0.1460 -0.0811
vn -0.9862 0.1297 -0.1025
vn 0.7721 -0.0217 -0.6351
vn 0.6994 0.0514 -0.7129
vn 0.6963 -0.0962 -0.7113
vn 0.6811 -0.1092 0.7240
vn 0.6470 -0.1591 0.7457
vn 0.6976 -0.1227 0.7059
vn 0.6964 -0.1793 -0.6949
vn 0.7486 -0.2096 -0.6290
vn -0.8459 -0.0993 -0.5240
vn -0.9219 0.0098 -0.3872
vn -0.9028 -0.1385 -0.4071
vn -0.9659 -0.0219 -0.2581
vn 0.6220 -0.0964 0.7771
vn 0.7054 -0.0841 0.7038
vn 0.6646 -0.0581 0.7450
vn 0.6602 -0.2975 -0.6897
vn 0.6470 -0.3236 -0.6904
vn -0.7995 0.1130 0.5900
vn -0.8175 -0.2490 -0.5194
vn -0.8457 -0.2808 -0.4537
vn 0.5453 -0.3615 -0.7563
vn 0.5580 -0.4361 -0.7060
vn 0.6295 -0.3947 -0.6693
vn -0.7921 0.0989 0.6023
vn -0.8642 0.0671 0.4987
vn -0.8321 0.0142 0.5544
vn -0.9455 -0.3168 -0.0754
vn -0.9356 -0.2878 -0.2045
vn -0.8932 -0.4379 -0.1024
vn -0.8746 -0.4117 -0.2562
vn -0.9624 -0.1475 -0.2282
vn -0.8984 -0.2616 -0.3526
vn -0.8449 -0.3976 -0.3578
vn -0.7808 -0.4229 -0.4599
vn -0.8506 -0.2793 -0.4456
vn -0.7285 -0.4124 -0.5470
vn -0.7895 -0.4142 -0.4530
vn -0.8139 -0.2591 -0.5200
vn 0.7054 -0.0345 0.7080
vn 0.6213 -0.0147 0.7835
vn 0.5836 -0.4599 -0.6693
vn 0.4705 -0.4795 -0.7408
vn 0.5267 -0.5026 -0.6856
vn 0.5609 -0.4266 -0.7096
vn 0.5786 -0.4640 -0.6707
vn 0.6392 -0.4363 -0.6332
vn -0.7947 -0.6045 -0.0551
vn -0.8400 -0.5262 -0.1326
vn -0.7951 -0.5553 -0.2439
vn -0.7855 -0.5646 -0.2534
vn -0.8678 -0.4241 -0.2592
vn -0.7385 -0.5573 -0.3794
vn -0.8393 -0.4089 -0.3584
vn 0.5031 -0.4516 -0.7368
vn -0.8759 -0.1798 0.4478
vn -0.7893 -0.2751 0.5489
vn -0.8309 -0.1084 0.5458
vn -0.7581 -0.0256 0.6517
vn -0.7063 -0.6825 -0.1880
vn -0.7824 -0.5892 -0.2016
vn -0.6815 -0.7122 -0.1684
vn -0.6106 -0.7894 -0.0631
vn -0.4886 -0.8615 -0.1382
vn -0.5583 -0.8288 0.0366
vn -0.6700 -0.7422 -0.0170
vn -0.8339 -0.5362 -0.1306
vn -0.9245 -0.2406 0.2956
vn -0.8874 -0.4214 0.1868
vn -0.8336 -0.5515 0.0291
vn -0.8485 -0.5290 -0.0145
vn -0.8091 -0.5785 -0.1035
vn -0.7674 -0.6192 -0.1667
vn -0.7011 -0.6976 -0.1478
vn -0.6858 -0.7270 -0.0343
vn -0.8383 -0.5449 0.0172
vn -0.5776 -0.7938 -0.1903
vn 0.4620 -0.0400 -0.8860
vn 0.4556 0.1362 -0.8797
vn 0.3951 0.0351 -0.9180
vn 0.5260 0.0301 0.8499
vn 0.3452 0.3014 -0.8888
vn 0.3850 0.2806 -0.8792
vn 0.4345 0.2275 -0.8715
vn 0.4407 0.3233 -0.8374
vn 0.3868 0.2940 -0.8741
vn 0.4388 0.3300 -0.8358
vn 0.5536 0.4174 0.7206
vn 0.3661 0.6960 -0.6177
vn 0.5704 0.4976 0.6535
vn 0.3085 0.7422 -0.5950
vn 0.5699 0.5590 0.6022
vn 0.5794 0.5534 0.5983
vn 0.3812 0.7385 -0.5562
vn 0.2992 0.7840 -0.5439
vn 0.5714 0.6987 0.4305
vn 0.5748 0.6499 0.4972
vn 0.5601 0.6482 0.5160
vn 0.3708 0.7815 -0.5018
vn 0.3163 0.9295 -0.1896
vn 0.3651 0.9232 -0.1200
vn 0.3944 0.8990 -0.1904
vn 0.5818 0.7937 0.1776
vn 0.5832 0.7942 0.1705
vn 0.5854 0.7970 0.1490
vn 0.6080 0.7712 0.1888
vn 0.5967 0.7636 0.2466
vn 0.6321 0.7517 0.1881
vn 0.6719 0.6979 0.2478
vn 0.6064 0.7367 0.2994
vn 0.3064 0.9404 -0.1477
vn 0.4626 0.8864 -0.0183
vn 0.6621 0.7282 0.1770
vn -0.0631 -0.9614 -0.2679
vn 0.0232 -0.9411 -0.3373
vn 0.0139 -0.9658 -0.2589
vn -0.0834 -0.9825 0.1667
vn -0.1853 -0.9577 0.2201
vn -0.1396 -0.9336 0.3300
vn -0.1788 -0.8808 0.4385
vn -0.1257 -0.8558 0.5017
vn 0.2856 -0.7589 -0.5852
vn -0.0542 -0.6502 0.7578
vn -0.1189 -0.5221 0.8445
vn -0.0016 -0.4987 0.8668
vn -0.1467 -0.3523 0.9243
vn 0.2330 -0.1450 -0.9616
vn -0.3229 0.7982 0.5085
vn -0.3836 0.5432 0.7469
vn -0.3302 0.8867 -0.3235
vn -0.1770 0.9062 -0.3839
vn -0.3624 0.8643 -0.3488
vn -0.2207 0.3903 0.8938
vn -0.0497 0.1027 0.9935
vn -0.3796 0.3194 0.8683
vn -0.3577 0.0968 0.9288
vn -0.3168 0.9482 0.0244
vn -0.4480 0.8895 -0.0900
vn -0.2180 0.9718 -0.0897
vn -0.1647 0.9649 0.2046
vn -0.1267 0.9915 -0.0296
vn -0.4289 0.8972 0.1054
vn -0.3193 0.8839 0.3416
vn -0.5703 0.7730 0.2778
vn -0.0510 0.5679 0.8215
vn -0.2691 0.7875 0.5545
vn -0.2209 0.3902 0.8938
vn -0.2306 0.0384 0.9723
vn -0.4293 -0.0594 0.9012
vn 0.3129 0.2244 -0.9229
vn -0.3818 -0.1880 0.9049
vn -0.8432 -0.4480 -0.2973
vn -0.7811 -0.5573 -0.2817
vn -0.8244 -0.5138 -0.2375
vn -0.6645 -0.7222 -0.1919
vn -0.7525 -0.6514 -0.0969
vn -0.4935 -0.8672 0.0661
vn -0.6825 -0.7210 0.1193
vn -0.4379 -0.8406 0.3189
vn -0.2504 -0.7547 0.6064
vn -0.5830 -0.7229 0.3708
vn -0.6814 -0.7218 0.1212
vn -0.5844 -0.7697 0.2570
vn -0.2205 -0.8581 0.4638
vn -0.1407 -0.8928 0.4279
vn -0.9276 -0.2902 -0.2352
vn -0.8899 -0.3465 -0.2967
vn 0.4129 0.5415 -0.7323
vn 0.3990 0.4575 -0.7947
vn -0.5164 -0.5955 0.6154
vn -0.3834 -0.6003 0.7019
vn -0.6010 -0.6373 0.4824
vn -0.7221 -0.6099 0.3265
vn -0.5950 -0.6215 0.5097
vn -0.9455 -0.3117 -0.0943
vn -0.9234 -0.3626 -0.1258
vn -0.9344 -0.3208 -0.1547
vn -0.9531 -0.2026 -0.2250
vn 0.2705 -0.6583 0.7024
vn 0.3656 -0.7188 0.5913
vn 0.1793 -0.7643 0.6195
vn -0.8347 -0.4839 0.2629
vn -0.8082 -0.5588 0.1858
vn -0.8578 -0.4962 0.1340
vn -0.9543 -0.2434 -0.1734
vn 0.4711 -0.6890 0.5508
vn 0.3617 -0.7516 0.5515
vn 0.2380 -0.8051 0.5434
vn 0.4745 0.5813 -0.6610
vn 0.5440 0.5735 -0.6124
vn -0.9092 -0.3494 0.2266
vn -0.9202 -0.3764 0.1071
vn -0.9565 -0.2911 -0.0162
vn -0.9762 -0.2125 -0.0427
vn -0.9718 -0.2318 0.0439
vn 0.5416 -0.6701 0.5076
vn -0.9972 -0.0745 -0.0076
vn 0.6528 -0.5854 0.4808
vn -0.9739 0.2191 0.0593
vn -0.9716 0.2351 0.0264
vn 0.5581 0.5205 -0.6463
vn -0.9965 -0.0309 0.0782
vn -0.9570 0.2629 -0.1228
vn -0.9917 0.0320 0.1246
vn -0.9643 -0.0487 0.2603
vn 0.7331 -0.3654 0.5735
vn 0.7126 -0.3114 0.6287
vn 0.7718 -0.3548 0.5277
vn -0.9589 0.1789 -0.2202
vn -0.9787 0.1837 -0.0921
vn -0.9349 0.2381 -0.2632
vn -0.9655 0.1099 -0.2362
vn 0.7865 -0.3595 0.5022
vn 0.7915 -0.2557 0.5551
vn 0.6423 0.4393 -0.6281
vn 0.4301 0.2474 -0.8682
vn 0.7142 0.4473 -0.5383
vn 0.7616 0.3838 -0.5222
vn 0.8056 0.2559 -0.5344
vn -0.9874 0.1524 0.0438
vn -0.9901 0.1187 0.0751
vn -0.9793 0.1826 0.0876
vn -0.9899 0.0911 -0.1086
vn 0.7706 0.2148 -0.6000
vn -0.9765 0.0372 0.2123
vn 0.8073 -0.1311 0.5754
vn 0.7532 0.1241 -0.6460
vn -0.9644 0.0978 -0.2456
vn -0.9742 0.0903 -0.2070
vn -0.9708 0.0963 -0.2195
vn 0.7380 -0.1486 0.6583
vn 0.7220 -0.1146 0.6824
vn 0.8260 0.0228 -0.5632
vn 0.8418 -0.1290 -0.5241
vn -0.8950 0.0687 0.4407
vn -0.9347 0.0541 0.3514
vn -0.9975 0.0444 0.0548
vn -0.9999 0.0051 0.0145
vn -0.9988 0.0334 0.0368
vn -0.9695 0.0799 -0.2317
vn -0.9900 0.0545 -0.1304
vn -0.9865 0.0999 -0.1296
vn 0.7842 -0.0741 0.6161
vn 0.7818 -0.3009 -0.5461
vn -0.9832 0.0740 0.1666
vn -0.9917 0.0243 0.1259
vn -0.9716 0.0206 0.2357
vn -0.9774 -0.2075 -0.0404
vn -0.9914 -0.1244 -0.0402
vn -0.9767 -0.2001 -0.0778
vn 0.7432 -0.0977 0.6619
vn 0.7605 -0.0561 0.6469
vn 0.6417 -0.3921 -0.6592
vn 0.7363 -0.3619 -0.5718
vn -0.9929 -0.0373 -0.1130
vn -0.9797 -0.1711 -0.1043
vn -0.9941 -0.0525 -0.0949
vn -0.8941 -0.0333 0.4467
vn -0.9411 -0.0233 0.3375
vn -0.9471 -0.3137 -0.0682
vn -0.8869 -0.4561 -0.0729
vn -0.9264 -0.3557 -0.1237
vn -0.9642 -0.2596 -0.0538
vn -0.8960 -0.4424 -0.0380
vn 0.7964 -0.0506 0.6027
vn 0.7561 -0.0423 0.6531
vn 0.5382 -0.4789 -0.6936
vn 0.6404 -0.4654 -0.6109
vn 0.6973 -0.4283 -0.5748
vn -0.8989 -0.4199 -0.1250
vn -0.9607 -0.2656 -0.0812
vn -0.7652 -0.6316 -0.1250
vn -0.7695 -0.6294 -0.1077
vn -0.7721 -0.6342 -0.0408
vn -0.8134 -0.5812 -0.0261
vn -0.8190 -0.5737 -0.0079
vn -0.7595 -0.6505 -0.0025
vn -0.9306 -0.3652 -0.0263
vn -0.8287 -0.5595 0.0150
vn -0.8823 -0.4688 -0.0425
vn 0.7095 -0.0346 0.7039
vn 0.7308 -0.0448 0.6811
vn 0.6984 -0.0387 0.7147
vn 0.7325 -0.0324 0.6800
vn 0.6772 -0.0109 0.7357
vn 0.7189 -0.4384 -0.5395
vn 0.6251 -0.4874 -0.6097
vn -0.8127 -0.5571 -0.1708
vn -0.9269 -0.3590 -0.1098
vn -0.8133 -0.5579 -0.1656
vn -0.8424 -0.5267 -0.1137
vn -0.7616 -0.6213 -0.1842
vn -0.7460 -0.6366 -0.1952
vn 0.7722 -0.0599 0.6325
vn -0.7875 -0.6027 -0.1289
vn -0.9015 -0.4296 -0.0528
vn -0.7838 -0.6016 -0.1543
vn 0.7358 -0.0565 0.6748
vn 0.6574 -0.0085 0.7535
vn 0.6985 -0.0091 0.7155
vn 0.6251 0.0056 0.7805
vn 0.5087 0.0100 0.8609
vn 0.5605 -0.0049 0.8281
vn 0.5851 -0.0263 0.8105
vn 0.4939 0.3126 -0.8114
vn 0.4756 0.3902 -0.7884
vn 0.5380 0.0920 0.8379
vn 0.4769 0.4509 -0.7545
vn 0.4228 0.5188 -0.7430
vn 0.4590 0.5569 -0.6922
vn 0.5559 0.1782 0.8119
vn 0.5381 0.2206 0.8135
vn 0.5578 0.3079 0.7708
vn 0.4396 0.8040 -0.4005
vn 0.4398 0.7595 -0.4792
vn 0.4384 0.8518 -0.2868
vn 0.3674 0.8587 -0.3574
vn 0.5944 0.7170 0.3642
vn 0.6612 0.6814 0.3137
vn 0.6579 0.6536 0.3741
vn 0.2696 -0.8538 -0.4454
vn 0.1950 -0.8917 -0.4086
vn 0.0773 -0.9390 -0.3352
vn 0.1870 -0.8929 -0.4096
vn -0.2301 -0.8310 0.5064
vn -0.1509 -0.7614 0.6305
vn 0.3074 -0.8464 -0.4348
vn -0.2126 -0.4839 0.8489
vn -0.1839 -0.3890 0.9027
vn -0.0988 -0.5246 0.8456
vn -0.2382 -0.2274 0.9442
vn 0.2745 -0.4576 -0.8457
vn 0.3709 -0.4258 -0.8253
vn 0.3182 -0.5876 -0.7440
vn 0.2627 -0.4668 -0.8444
vn 0.3193 -0.6115 -0.7240
vn 0.3572 -0.2904 -0.8877
vn 0.3343 -0.1695 -0.9271
vn -0.5608 0.5834 0.5875
vn -0.5700 0.5726 0.5892
vn -0.6618 0.6478 0.3774
vn -0.7417 0.4138 0.5278
vn -0.4974 0.7703 0.3989
vn -0.2568 0.9370 0.2367
vn -0.4122 0.9096 0.0527
vn -0.6435 0.7647 0.0336
vn -0.5616 0.7885 -0.2509
vn -0.5167 0.7570 -0.4000
vn -0.4288 0.2888 0.8560
vn -0.2639 0.0800 0.9612
vn -0.5762 0.4440 0.6861
vn -0.5427 0.7487 -0.3806
vn -0.5559 0.8049 -0.2078
vn -0.6873 0.6654 -0.2911
vn -0.5161 0.7227 0.4598
vn 0.3308 -0.0298 -0.9432
vn 0.2502 0.0476 -0.9670
vn 0.3030 0.1365 -0.9432
vn -0.6967 0.5990 -0.3947
vn -0.7491 0.5624 -0.3502
vn -0.7007 0.7017 -0.1292
vn -0.8005 0.5432 -0.2533
vn -0.6643 0.6878 -0.2928
vn -0.7252 0.6872 0.0427
vn -0.7562 0.6526 -0.0471
vn -0.5860 0.8087 -0.0505
vn -0.6756 0.7365 0.0347
vn -0.7137 0.6910 0.1149
vn -0.5162 0.7226 0.4598
vn -0.7715 0.3113 0.5549
vn -0.8143 0.4810 0.3249
vn -0.7606 0.6480 -0.0397
vn -0.7238 0.6893 0.0312
vn -0.9173 0.3982 0.0038
vn -0.9085 0.3881 -0.1547
vn -0.8521 0.5232 0.0129
vn 0.4198 0.3281 -0.8463
vn -0.8253 -0.5494 -0.1307
vn -0.6811 -0.7313 -0.0359
vn -0.8233 -0.5429 -0.1658
vn 0.1966 -0.8394 0.5067
vn -0.0531 -0.8367 0.5450
vn -0.1705 -0.9540 0.2466
vn -0.8811 -0.3959 -0.2588
vn -0.9203 -0.3746 -0.1130
vn -0.4806 -0.8749 0.0596
vn 0.1583 -0.7212 0.6744
vn 0.4333 0.4153 -0.7999
vn -0.9550 -0.2677 -0.1274
vn -0.9284 -0.3198 -0.1890
vn -0.9087 -0.3509 -0.2261
vn 0.1327 -0.8228 0.5526
vn 0.0457 -0.7818 0.6218
vn -0.5761 -0.5325 0.6201
vn -0.4874 -0.3697 0.7910
vn -0.6824 -0.4225 0.5965
vn -0.9288 -0.3428 -0.1409
vn 0.4987 0.4703 -0.7280
vn -0.7884 -0.4962 0.3637
vn -0.8957 -0.3973 0.1995
vn -0.8151 -0.5436 0.2003
vn -0.6873 -0.5934 0.4189
vn -0.6711 -0.6039 0.4301
vn -0.6282 -0.6270 0.4607
vn -0.9248 -0.3632 -0.1132
vn -0.9198 -0.3918 -0.0204
vn 0.6951 -0.5258 0.4903
vn 0.6010 -0.5946 0.5340
vn 0.5056 -0.6599 0.5557
vn 0.6609 -0.5406 0.5205
vn 0.7160 -0.4919 0.4953
vn 0.7220 -0.4917 0.4868
vn 0.6832 -0.5399 0.4916
vn 0.6242 0.5408 -0.5638
vn 0.6960 0.5269 -0.4879
vn 0.5852 0.5435 -0.6018
vn 0.6983 0.5032 -0.5090
vn 0.7217 -0.4742 0.5043
vn 0.8233 -0.3580 0.4404
vn 0.6935 -0.5312 0.4867
vn 0.7665 -0.4339 0.4735
vn 0.6889 -0.5467 0.4759
vn 0.6393 -0.5857 0.4981
vn 0.8545 -0.3013 0.4231
vn 0.7181 -0.4818 0.5022
vn 0.7113 -0.4414 0.5470
vn 0.6540 0.4525 -0.6062
vn 0.7650 0.4506 -0.4602
vn 0.8745 0.3403 -0.3456
vn 0.8307 0.3367 -0.4434
vn -0.9985 0.0419 0.0361
vn 0.8371 -0.2672 0.4773
vn 0.8412 -0.1518 0.5190
vn 0.8296 0.1081 -0.5478
vn 0.8906 0.1289 -0.4362
vn -0.9947 0.0456 -0.0919
vn -0.9881 0.0062 -0.1535
vn 0.8667 -0.0004 -0.4987
vn 0.9162 -0.0154 -0.4004
vn -0.9923 -0.0748 -0.0983
vn -0.9994 -0.0271 -0.0225
vn 0.8469 -0.0759 0.5263
vn -0.9993 -0.0319 0.0195
vn -0.9985 -0.0548 -0.0039
vn -0.9997 -0.0192 0.0166
vn 0.8362 -0.2479 -0.4891
vn 0.8162 -0.3474 -0.4616
vn -0.9930 -0.0887 0.0782
vn -0.9763 -0.2046 -0.0700
vn 0.7827 -0.3996 -0.4772
vn 0.7180 -0.3542 -0.5992
vn 0.7235 -0.3087 -0.6174
vn 0.7525 -0.3640 -0.5489
vn 0.5621 -0.1431 -0.8146
vn 0.6492 -0.2248 -0.7266
vn 0.6027 -0.2836 -0.7459
vn 0.6854 -0.0415 0.7270
vn 0.7283 -0.0811 0.6805
vn 0.6490 -0.0367 0.7599
vn 0.6874 -0.0396 0.7252
vn 0.7363 -0.0661 0.6734
vn 0.6899 -0.0578 0.7216
vn 0.6621 -0.0350 0.7486
vn 0.7018 -0.0665 0.7093
vn 0.7109 -0.1674 -0.6830
vn 0.6426 -0.1273 -0.7555
vn 0.7163 -0.1121 -0.6888
vn 0.6326 -0.0748 0.7709
vn 0.5613 -0.0138 0.8275
vn 0.5983 0.1260 0.7913
vn 0.5283 0.4899 -0.6935
vn 0.6059 0.2381 0.7591
vn 0.5413 0.5494 -0.6365
vn 0.4486 0.6285 -0.6354
vn 0.4981 0.6337 -0.5920
vn 0.6046 0.4138 0.6807
vn 0.5136 0.7100 -0.4817
vn 0.4461 0.6965 -0.5621
vn 0.5127 0.7572 -0.4048
vn 0.5657 0.5376 0.6253
vn 0.5869 0.6980 0.4103
vn 0.5193 0.8141 -0.2601
vn 0.5226 0.8520 0.0314
vn 0.5752 0.8103 0.1121
vn 0.5716 0.8010 0.1778
vn 0.5848 0.7722 0.2486
vn 0.6095 0.7486 0.2608
vn 0.4342 0.8972 -0.0806
vn 0.5183 0.8548 -0.0280
vn 0.5855 0.7898 0.1828
vn 0.5855 0.7763 0.2336
vn -0.1938 -0.9789 0.0651
vn -0.1195 -0.9905 -0.0678
vn -0.1186 -0.9899 -0.0779
vn -0.2504 -0.9430 0.2194
vn -0.2581 -0.9038 0.3413
vn 0.3271 -0.8109 -0.4852
vn -0.1951 -0.7771 0.5983
vn -0.1780 -0.6418 0.7460
vn -0.2218 -0.3430 0.9128
vn 0.3984 -0.5277 -0.7502
vn 0.4656 -0.6245 -0.6271
vn 0.4635 -0.4613 -0.7565
vn 0.4059 -0.1439 -0.9025
vn -0.8132 0.5064 0.2870
vn -0.6365 0.7697 0.0493
vn -0.8201 0.5713 -0.0327
vn -0.5793 0.7762 -0.2487
vn -0.7429 0.6009 -0.2951
vn -0.7441 0.5999 -0.2940
vn -0.4670 0.0302 0.8837
vn -0.3488 -0.1802 0.9197
vn -0.5339 -0.2024 0.8209
vn -0.6863 0.6367 -0.3516
vn -0.6997 0.6210 -0.3532
vn -0.8919 0.4099 -0.1911
vn -0.6888 0.6014 -0.4049
vn -0.8212 0.4685 -0.3258
vn -0.6383 0.6569 -0.4013
vn -0.7686 0.3200 0.5539
vn -0.4176 0.5964 0.6855
vn -0.6811 0.0536 0.7302
vn 0.3936 0.1109 -0.9126
vn -0.6272 0.1367 0.7667
vn -0.6935 0.3135 0.6487
vn -0.8311 0.1336 0.5398
vn -0.8820 0.3079 0.3568
vn -0.9439 0.3174 0.0907
vn -0.9753 0.1117 0.1904
vn -0.8699 0.3922 -0.2989
vn -0.9486 0.2387 -0.2080
vn -0.7602 0.5675 -0.3164
vn -0.9733 0.1860 0.1344
vn -0.9583 0.2856 0.0118
vn -0.8394 0.5022 0.2081
vn -0.8183 -0.1057 0.5650
vn -0.9299 -0.0104 0.3677
vn -0.8613 -0.2674 0.4321
vn 0.4239 0.2256 -0.8772
vn -0.9169 0.0686 0.3931
vn -0.9342 -0.0440 0.3541
vn -0.9571 0.2064 -0.2035
vn -0.9915 0.1270 -0.0265
vn -0.9716 0.2122 -0.1045
vn -0.6723 -0.5363 0.5102
vn -0.8406 -0.5086 0.1863
vn -0.5434 -0.7112 0.4459
vn -0.5434 -0.7113 0.4459
vn -0.4429 -0.8378 0.3191
vn -0.6949 -0.7030 0.1516
vn -0.7575 -0.1393 0.6378
vn -0.5612 -0.0128 0.8276
vn -0.7689 -0.0829 0.6339
vn -0.9891 0.0186 -0.1460
vn -0.9882 0.0702 -0.1364
vn -0.9655 -0.2313 0.1197
vn -0.9907 -0.1362 -0.0037
vn -0.7026 -0.6960 0.1483
vn -0.2970 -0.9408 0.1633
vn -0.3624 -0.9320 0.0036
vn -0.5293 -0.8459 0.0655
vn -0.1020 -0.9813 0.1632
vn 0.0913 -0.9603 0.2636
vn -0.7206 -0.2832 0.6329
vn -0.5342 -0.1905 0.8236
vn -0.8796 -0.2866 0.3796
vn -0.7693 -0.1410 0.6232
vn -0.9508 -0.1853 0.2481
vn -0.9832 -0.1605 -0.0866
vn -0.7436 -0.2712 0.6111
vn -0.6890 -0.4278 0.5851
vn -0.9699 -0.2328 0.0720
vn -0.9828 -0.1533 -0.1026
vn -0.9569 -0.2644 -0.1204
vn -0.9857 -0.1241 -0.1139
vn 0.4515 -0.6207 0.6410
vn 0.5321 -0.5455 0.6475
vn 0.5053 -0.5958 0.6243
vn 0.3510 -0.6615 0.6627
vn -0.8846 -0.4624 0.0615
vn 0.7274 -0.4282 0.5362
vn 0.6250 -0.5174 0.5846
vn 0.5668 -0.5528 0.6109
vn 0.5821 0.5485 -0.6003
vn 0.5178 0.5630 -0.6441
vn 0.5929 0.5601 -0.5786
vn 0.7453 -0.4098 0.5259
vn 0.7677 -0.3962 0.5035
vn 0.5886 0.5449 -0.5972
vn 0.5980 0.5573 -0.5761
vn 0.6007 0.5613 -0.5693
vn 0.6771 0.5444 -0.4952
vn 0.6345 0.5547 -0.5383
vn 0.6642 0.5346 -0.5225
vn 0.6343 0.5526 -0.5406
vn 0.6997 0.5357 -0.4727
vn 0.6332 -0.5902 0.5008
vn 0.6979 -0.5178 0.4949
vn 0.8089 -0.4022 0.4289
vn 0.7700 0.4949 -0.4027
vn 0.9159 -0.2492 0.3146
vn 0.8265 -0.3922 0.4039
vn 0.6790 -0.5300 0.5081
vn 0.6813 -0.5314 0.5035
vn 0.9181 -0.2987 0.2605
vn 0.9287 -0.2463 0.2773
vn 0.8616 -0.3365 0.3801
vn 0.7351 -0.4836 0.4751
vn 0.9069 -0.2121 0.3641
vn 0.8912 0.3916 -0.2290
vn 0.8552 0.3886 -0.3430
vn 0.9156 0.3383 -0.2172
vn 0.9438 -0.1812 0.2766
vn 0.9010 -0.1977 0.3862
vn 0.9395 -0.1284 0.3175
vn 0.9330 -0.1291 0.3359
vn 0.8889 -0.1514 0.4323
vn 0.9026 0.2354 -0.3604
vn 0.8579 0.2402 -0.4542
vn 0.9360 0.2070 -0.2848
vn 0.9464 0.1271 -0.2969
vn 0.9695 0.1424 -0.1995
vn 0.9324 0.0592 -0.3566
vn 0.9376 -0.0781 0.3388
vn 0.8927 -0.0882 0.4419
vn 0.9626 0.0073 -0.2710
vn 0.9463 -0.1010 -0.3071
vn 0.8917 -0.0777 0.4460
vn 0.8309 -0.0680 0.5523
vn 0.9235 -0.2160 -0.3169
vn 0.8739 -0.2765 -0.3998
vn 0.9203 -0.2795 -0.2737
vn 0.9284 -0.0937 0.3595
vn 0.8906 -0.3292 -0.3136
vn 0.8649 -0.3606 -0.3491
vn 0.9037 -0.1327 0.4070
vn 0.8075 -0.3738 -0.4563
vn 0.8629 -0.0936 0.4967
vn 0.7663 -0.2611 -0.5870
vn 0.7394 -0.1263 0.6613
vn 0.7728 -0.1854 -0.6070
vn 0.7326 -0.2041 -0.6493
vn 0.7686 -0.1100 -0.6303
vn 0.6994 -0.1201 -0.7046
vn 0.7758 -0.0414 -0.6296
vn 0.8171 -0.2346 0.5266
vn 0.6732 -0.0961 0.7332
vn 0.7296 -0.1442 0.6685
vn 0.6865 -0.1215 0.7169
vn 0.6345 -0.0621 0.7704
vn 0.5944 0.1379 -0.7923
vn 0.6477 0.1961 -0.7362
vn 0.6861 0.0807 -0.7230
vn 0.5364 0.2310 -0.8118
vn 0.6046 0.2860 -0.7434
vn 0.6962 0.2401 -0.6765
vn 0.5528 0.3682 -0.7475
vn 0.6154 0.3272 -0.7171
vn 0.5993 0.3758 -0.7068
vn 0.5648 0.4260 -0.7067
vn 0.5175 0.4196 -0.7458
vn 0.6496 0.3643 -0.6673
vn 0.5728 0.4232 -0.7020
vn 0.6034 0.4254 -0.6745
vn 0.5548 0.4699 -0.6866
vn 0.6116 0.4827 -0.6269
vn 0.5633 0.5698 -0.5984
vn 0.6348 0.5346 -0.5579
vn 0.6307 0.2884 0.7204
vn 0.5844 0.3525 0.7309
vn 0.6025 0.6018 -0.5242
vn 0.5270 0.6618 -0.5333
vn 0.6254 0.6965 0.3519
vn 0.6365 0.6299 0.4452
vn 0.6012 0.6801 -0.4196
vn 0.5937 0.7244 -0.3503
vn 0.6301 0.7237 -0.2815
vn 0.6251 0.7561 0.1940
vn 0.5928 0.7741 0.2223
vn 0.5770 0.8163 0.0275
vn 0.6071 0.7804 0.1499
vn -0.1293 -0.9913 0.0238
vn -0.0581 -0.9844 -0.1661
vn -0.2579 -0.8910 0.3736
vn 0.4054 -0.7871 -0.4648
vn 0.3907 -0.7883 -0.4753
vn 0.4913 -0.7498 -0.4432
vn 0.4009 -0.7336 -0.5487
vn 0.5223 -0.7256 -0.4480
vn 0.6135 -0.6183 -0.4913
vn 0.6186 -0.6603 -0.4257
vn -0.2042 -0.4948 0.8447
vn -0.1638 -0.6740 0.7204
vn -0.1081 -0.6043 0.7894
vn 0.4683 -0.4571 -0.7561
vn 0.5860 -0.4910 -0.6446
vn -0.0260 -0.3903 0.9203
vn -0.2088 -0.2979 0.9315
vn 0.4684 -0.3489 -0.8117
vn 0.5574 -0.3455 -0.7549
vn 0.5777 -0.4914 -0.6518
vn 0.5604 -0.3359 -0.7571
vn 0.5127 -0.2366 -0.8253
vn 0.6807 -0.1752 -0.7114
vn 0.4741 -0.3495 -0.8081
vn 0.5204 -0.1385 -0.8426
vn -0.3105 -0.3503 0.8837
vn -0.3303 -0.5710 0.7516
vn -0.6531 -0.3416 0.6758
vn 0.5654 0.0903 -0.8199
vn 0.5511 0.2519 -0.7955
vn -0.9918 -0.0361 0.1222
vn -0.9896 0.1429 -0.0185
vn -0.1724 -0.7524 0.6357
vn -0.2155 -0.8336 0.5086
vn 0.2168 -0.9258 0.3096
vn 0.4081 -0.7516 0.5183
vn -0.9941 -0.0420 -0.1004
vn -0.9993 -0.0372 -0.0081
vn 0.6109 -0.4671 0.6392
vn 0.5072 -0.5756 0.6414
vn 0.5530 0.3514 -0.7554
vn 0.6822 -0.3745 0.6280
vn 0.7975 -0.2459 0.5509
vn 0.6647 -0.4428 0.6018
vn 0.6466 -0.4500 0.6160
vn 0.6428 -0.4545 0.6167
vn 0.7136 -0.4145 0.5648
vn 0.5873 0.4783 -0.6529
vn 0.5141 0.5264 -0.6772
vn 0.6204 0.5244 -0.5832
vn 0.6138 -0.5224 0.5919
vn 0.8300 -0.2643 0.4913
vn 0.7329 -0.4188 0.5362
vn 0.8969 -0.1856 0.4014
vn 0.9165 -0.0810 0.3918
vn 0.8867 -0.3237 0.3300
vn 0.7667 -0.4181 0.4872
vn 0.9279 -0.2083 0.3092
vn 0.6547 0.5620 -0.5055
vn 0.7393 0.5354 -0.4084
vn 0.7956 0.5136 -0.3212
vn 0.8474 0.4629 -0.2601
vn 0.9569 -0.1710 0.2348
vn 0.9721 -0.0986 0.2127
vn 0.9008 -0.2832 0.3292
vn 0.9859 -0.0954 0.1378
vn 0.9889 -0.0588 0.1363
vn 0.9656 -0.1400 0.2190
vn 0.9915 -0.0343 0.1257
vn 0.9758 -0.0781 0.2042
vn 0.9619 -0.1556 0.2249
vn 0.9839 0.1611 -0.0772
vn 0.9792 0.1474 -0.1391
vn 0.9847 0.1102 -0.1353
vn 0.9935 -0.0416 0.1061
vn 0.9864 -0.0606 0.1525
vn 0.9869 0.0551 -0.1518
vn 0.9953 0.0114 -0.0965
vn 0.9944 0.0523 -0.0916
vn 0.9765 0.0605 -0.2070
vn 0.9715 -0.0925 0.2183
vn 0.9844 -0.0799 0.1566
vn 0.9680 -0.1119 -0.2244
vn 0.9750 -0.0602 -0.2138
vn 0.9548 -0.1669 -0.2459
vn 0.9593 -0.0934 0.2664
vn 0.9587 -0.0811 0.2727
vn 0.9406 -0.1262 0.3152
vn 0.9565 -0.2204 -0.1912
vn 0.9514 -0.2564 -0.1708
vn 0.9679 -0.2214 -0.1187
vn 0.9442 -0.1686 0.2830
vn 0.9239 -0.1732 0.3411
vn 0.9094 -0.3062 -0.2814
vn 0.8743 -0.3044 -0.3782
vn 0.8203 -0.3091 -0.4813
vn 0.8440 -0.2428 -0.4783
vn 0.8699 -0.2566 0.4212
vn 0.8522 -0.1613 0.4978
vn 0.8836 -0.2049 0.4210
vn 0.8206 -0.2121 0.5306
vn 0.8166 -0.1405 0.5598
vn 0.7695 -0.1694 0.6158
vn 0.7850 -0.2017 0.5858
vn 0.8305 -0.0350 -0.5559
vn 0.8489 -0.1576 -0.5045
vn 0.7702 0.0840 -0.6322
vn 0.6964 0.0701 -0.7142
vn 0.7010 0.1964 -0.6856
vn 0.7111 0.2359 -0.6623
vn 0.8042 0.1104 -0.5841
vn 0.7551 0.2498 -0.6061
vn 0.6668 0.3011 -0.6817
vn 0.6527 0.3619 -0.6656
vn 0.6824 0.3759 -0.6269
vn 0.7740 0.3344 -0.5378
vn 0.6259 0.4467 -0.6393
vn 0.6754 0.3861 -0.6282
vn 0.6227 0.4742 -0.6224
vn 0.6823 0.4233 -0.5961
vn 0.6924 0.4254 -0.5827
vn 0.6975 0.4179 -0.5821
vn 0.6319 0.4940 -0.5972
vn 0.6816 0.4706 -0.5603
vn 0.6580 0.2463 0.7116
vn 0.6876 0.3067 0.6581
vn 0.7112 0.4839 -0.5099
vn 0.7084 0.5082 -0.4899
vn 0.6391 0.4162 0.6468
vn 0.6061 0.4875 0.6285
vn 0.6708 0.5686 -0.4761
vn 0.6837 0.5400 -0.4909
vn 0.6548 0.5928 -0.4688
vn 0.7574 0.5079 -0.4103
vn 0.6926 0.5976 0.4040
vn 0.7017 0.5143 0.4930
vn 0.6485 0.4743 0.5954
vn 0.5902 0.5381 0.6018
vn 0.5981 0.6427 -0.4788
vn 0.6831 0.5993 -0.4175
vn 0.7651 0.5406 -0.3498
vn 0.6715 0.6295 -0.3910
vn 0.7662 0.5659 -0.3045
vn 0.6618 0.6909 0.2911
vn 0.6008 0.7390 0.3049
vn 0.7206 0.6164 -0.3175
vn 0.6981 0.6456 -0.3096
vn 0.7136 0.6767 -0.1813
vn 0.6123 0.7717 -0.1719
vn 0.6945 0.7082 -0.1273
vn 0.6817 0.7280 -0.0722
vn 0.6528 0.7572 -0.0250
vn 0.7246 0.6890 0.0124
vn 0.6725 0.7115 0.2037
vn 0.5884 0.8057 -0.0685
vn 0.6727 0.7346 -0.0881
vn 0.6197 0.7822 0.0640
vn 0.2816 -0.8277 -0.4853
vn 0.0632 -0.9469 -0.3152
vn 0.2214 -0.8729 -0.4348
vn -0.1786 -0.8502 0.4953
vn -0.2581 -0.8500 0.4592
vn 0.5080 -0.7065 -0.4928
vn 0.3921 -0.7452 -0.5394
vn 0.0343 -0.6640 0.7470
vn 0.1170 -0.5951 0.7951
vn 0.5668 -0.6975 -0.4384
vn 0.2456 -0.4965 0.8326
vn 0.1450 -0.5453 0.8256
vn 0.2029 -0.4011 0.8933
vn 0.1501 -0.4903 0.8585
vn 0.6344 -0.5587 -0.5342
vn 0.6224 -0.6569 -0.4256
vn 0.7448 -0.4893 -0.4537
vn 0.7097 -0.5861 -0.3910
vn 0.3154 -0.3483 0.8828
vn 0.1572 -0.3307 0.9305
vn 0.7119 -0.3372 -0.6161
vn 0.5784 -0.4950 -0.6484
vn 0.7977 -0.3036 -0.5211
vn 0.3362 -0.3393 0.8785
vn 0.0105 -0.3218 0.9468
vn 0.0808 -0.6002 0.7958
vn 0.0093 -0.4344 0.9007
vn -0.1757 -0.7545 0.6324
vn 0.1546 -0.7303 0.6654
vn 0.7206 0.1862 -0.6679
vn 0.6313 0.3415 -0.6963
vn 0.7683 0.2791 -0.5761
vn 0.6787 0.4255 -0.5986
vn 0.6464 0.4171 -0.6389
vn 0.6331 0.3979 -0.6639
vn 0.5633 -0.6308 0.5337
vn 0.8109 -0.2536 0.5273
vn 0.6185 -0.4616 0.6359
vn 0.6642 -0.3824 0.6424
vn 0.6021 0.4833 -0.6355
vn 0.6336 0.5123 -0.5798
vn 0.6462 0.4804 -0.5929
vn 0.6724 0.5493 -0.4961
vn 0.7448 0.5199 -0.4183
vn 0.7223 0.4787 -0.4992
vn 0.9607 0.0414 0.2746
vn 0.9196 -0.0122 0.3927
vn 0.9456 0.0683 0.3180
vn 0.8797 -0.0698 0.4704
vn 0.9621 -0.0385 0.2698
vn 0.9392 -0.1240 0.3203
vn 0.9426 0.3335 -0.0152
vn 0.9616 0.2703 -0.0481
vn 0.9397 0.3419 -0.0066
vn 0.9133 0.4020 -0.0655
vn 0.8876 0.4349 -0.1520
vn 0.9139 0.3820 -0.1372
vn 0.9385 0.3377 -0.0719
vn 0.9938 0.0098 0.1106
vn 0.9968 -0.0333 0.0721
vn 0.9453 0.2954 -0.1387
vn 0.9707 0.2335 -0.0561
vn 0.9643 0.2452 -0.0996
vn 0.9728 0.2009 -0.1149
vn 0.9989 0.0164 -0.0436
vn 0.9943 -0.0602 0.0880
vn 0.9816 -0.1211 0.1478
vn 0.9642 -0.1607 0.2108
vn 0.9875 -0.1536 -0.0359
vn 0.9878 -0.1424 -0.0630
vn 0.9796 -0.1906 -0.0639
vn 0.9763 -0.2147 -0.0254
vn 0.9654 -0.1937 0.1744
vn 0.9811 -0.1601 0.1083
vn 0.9659 -0.2259 0.1267
vn 0.9206 -0.2637 -0.2880
vn 0.9322 -0.2916 -0.2145
vn 0.9697 -0.2305 -0.0813
vn 0.9665 -0.2507 -0.0542
vn 0.9363 -0.2375 0.2586
vn 0.9050 -0.2377 0.3530
vn 0.9046 -0.2137 -0.3688
vn 0.9633 -0.2459 -0.1077
vn 0.9555 -0.2393 -0.1727
vn 0.9611 -0.2501 -0.1173
vn 0.9003 -0.1391 -0.4125
vn 0.9042 -0.2834 0.3195
vn 0.9345 -0.1284 -0.3320
vn 0.8710 0.0616 -0.4874
vn 0.8864 -0.0554 -0.4596
vn 0.9248 -0.0382 -0.3786
vn 0.7839 -0.1582 0.6004
vn 0.7385 -0.1229 0.6630
vn 0.7420 -0.1565 0.6519
vn 0.7003 -0.0322 0.7132
vn 0.7774 -0.0506 0.6270
vn 0.6830 -0.0350 0.7296
vn 0.6346 0.0268 0.7724
vn 0.6813 -0.0669 0.7289
vn 0.7111 0.0203 0.7028
vn 0.7164 0.1009 0.6903
vn 0.7667 0.0545 0.6397
vn 0.8946 0.1216 -0.4301
vn 0.8063 0.2261 -0.5467
vn 0.8632 0.2375 -0.4455
vn 0.7814 0.3717 -0.5013
vn 0.8539 0.3084 -0.4193
vn 0.6993 0.1623 0.6961
vn 0.6712 0.1749 0.7203
vn 0.7493 0.1837 0.6362
vn 0.7356 0.4167 -0.5341
vn 0.7234 0.2674 0.6365
vn 0.6965 0.2327 0.6788
vn 0.7774 0.4351 -0.4543
vn 0.6375 0.2986 0.7102
vn 0.7590 0.4110 0.5050
vn 0.6887 0.4897 0.5347
vn 0.6860 0.4092 0.6016
vn 0.7692 0.4977 -0.4009
vn 0.7026 0.5297 -0.4752
vn 0.6882 0.5571 -0.4647
vn 0.7634 0.5549 0.3307
vn 0.7574 0.5044 0.4146
vn 0.8340 0.4617 -0.3020
vn 0.8076 0.5262 -0.2663
vn 0.7413 0.6318 0.2266
vn 0.7261 0.6204 0.2965
vn 0.8101 0.5499 -0.2035
vn 0.7458 0.6166 -0.2520
vn 0.7402 0.6320 -0.2296
vn 0.7664 0.6230 -0.1566
vn 0.7514 0.6554 -0.0760
vn 0.8172 0.5637 -0.1199
vn 0.8037 0.5949 -0.0150
vn 0.1530 -0.9860 -0.0660
vn -0.1376 -0.9693 0.2036
vn 0.4777 -0.6834 -0.5520
vn 0.5402 -0.6233 -0.5654
vn 0.4249 -0.7227 -0.5452
vn 0.4272 -0.7187 -0.5486
vn 0.1286 -0.7181 0.6840
vn -0.1013 -0.7812 0.6160
vn 0.3076 -0.4975 0.8111
vn 0.3290 -0.5312 0.7808
vn 0.6468 -0.5976 -0.4738
vn 0.6317 -0.6476 -0.4262
vn 0.7475 -0.5290 -0.4017
vn 0.7678 -0.4492 -0.4569
vn 0.6444 -0.6528 -0.3982
vn 0.4957 -0.4136 0.7637
vn 0.8299 -0.4238 -0.3629
vn 0.8620 -0.3291 -0.3856
vn 0.8901 -0.3396 -0.3041
vn 0.6626 -0.2530 0.7050
vn 0.5574 -0.2853 0.7797
vn 0.7951 -0.0969 -0.5987
vn 0.8618 -0.2006 -0.4660
vn 0.9193 -0.2343 -0.3163
vn 0.7812 -0.2254 0.5821
vn 0.4697 -0.3346 0.8170
vn 0.7137 -0.2888 0.6381
vn 0.8503 -0.0333 -0.5252
vn 0.9123 -0.0450 -0.4070
vn 0.3307 -0.4328 0.8387
vn 0.8358 0.0989 -0.5401
vn 0.5144 -0.5475 0.6600
vn 0.4851 -0.5050 0.7139
vn 0.7628 -0.3703 0.5301
vn 0.4924 -0.6519 0.5767
vn 0.8678 -0.1690 0.4674
vn 0.7955 0.3870 -0.4663
vn 0.8281 0.4424 -0.3443
vn 0.8825 0.4076 -0.2349
vn 0.9119 0.2768 -0.3032
vn 0.8381 0.4733 -0.2713
vn 0.8786 0.4493 -0.1618
vn 0.9195 0.3656 -0.1443
vn 0.9154 0.3921 -0.0914
vn 0.9345 0.3560 0.0019
vn 0.9576 0.2873 0.0221
vn 0.9475 0.3100 0.0782
vn 0.9678 0.2420 0.0690
vn 0.9673 0.2301 0.1067
vn 0.9126 0.4088 0.0009
vn 0.9218 0.3876 -0.0099
vn 0.9650 0.1279 0.2288
vn 0.9689 0.1577 0.1906
vn 0.9155 0.4018 0.0224
vn 0.9561 0.2892 -0.0469
vn 0.9697 0.2442 -0.0070
vn 0.9457 -0.2746 0.1737
vn 0.9565 -0.2883 -0.0441
vn 0.9581 -0.2741 -0.0830
vn 0.9464 -0.3140 -0.0758
vn 0.9582 -0.2683 0.0989
vn 0.9513 -0.2862 0.1142
vn 0.9236 -0.3014 0.2370
vn 0.9529 -0.2822 -0.1112
vn 0.9400 -0.2832 0.1901
vn 0.9617 -0.1093 -0.2512
vn 0.9439 -0.1959 -0.2657
vn 0.9652 -0.2170 -0.1461
vn 0.9171 -0.2716 0.2920
vn 0.9529 -0.0230 -0.3023
vn 0.9698 -0.0366 -0.2410
vn 0.9257 0.0247 -0.3776
vn 0.9534 0.0533 -0.2970
vn 0.9246 0.1435 -0.3528
vn 0.9071 0.0927 0.4105
vn 0.8227 0.1199 0.5557
vn 0.8439 0.0043 0.5365
vn 0.9560 0.1211 -0.2672
vn 0.9193 0.2222 -0.3248
vn 0.7958 0.2233 0.5629
vn 0.8713 0.1790 0.4569
vn 0.8337 0.3848 -0.3960
vn 0.8832 0.3351 -0.3280
vn 0.7468 0.3130 0.5867
vn 0.8225 0.3104 0.4766
vn 0.8190 0.4394 -0.3691
vn 0.8408 0.3911 0.3744
vn 0.8978 0.2598 0.3556
vn 0.8505 0.4635 -0.2486
vn 0.8972 0.3654 -0.2481
vn 0.8809 0.4283 -0.2015
vn 0.8169 0.5178 0.2540
vn 0.8320 0.4488 0.3260
vn 0.8755 0.4344 0.2117
vn 0.8152 0.5530 0.1720
vn 0.1197 -0.9542 -0.2743
vn 0.3500 -0.8623 -0.3661
vn 0.4155 -0.7313 -0.5408
vn 0.5238 -0.6261 -0.5776
vn 0.6532 -0.4967 -0.5715
vn 0.3392 -0.8268 0.4488
vn 0.3555 -0.6277 0.6925
vn 0.0286 -0.8914 0.4524
vn 0.7840 -0.3439 -0.5168
vn 0.6679 -0.4688 -0.5780
vn 0.7988 -0.2685 -0.5384
vn 0.8789 -0.2056 -0.4305
vn 0.7073 -0.2380 0.6657
vn 0.5185 -0.3836 0.7642
vn 0.5559 -0.3527 0.7527
vn 0.3380 -0.5106 0.7906
vn 0.3204 -0.4992 0.8051
vn 0.8546 -0.3095 -0.4170
vn 0.8033 -0.1348 0.5801
vn 0.7093 -0.2252 0.6680
vn 0.6464 -0.2856 0.7075
vn 0.7231 -0.2468 0.6452
vn 0.9073 -0.2413 -0.3444
vn 0.8343 -0.4172 -0.3603
vn 0.7064 -0.2198 0.6728
vn 0.8890 -0.1436 0.4348
vn 0.8002 -0.1501 0.5806
vn 0.9155 0.0089 0.4022
vn 0.9543 -0.1271 -0.2704
vn 0.9419 -0.2166 -0.2569
vn 0.9549 -0.1039 -0.2780
vn 0.7925 -0.2734 0.5451
vn 0.6742 -0.2309 0.7015
vn 0.9451 -0.0460 -0.3236
vn 0.9707 -0.1360 -0.1983
vn 0.9785 -0.0322 -0.2037
vn 0.6944 -0.2954 0.6562
vn 0.8934 -0.1843 0.4097
vn 0.6028 -0.3233 0.7295
vn 0.9247 0.1104 -0.3643
vn 0.9746 0.0289 -0.2222
vn 0.9641 -0.0367 0.2630
vn 0.9413 -0.0855 0.3265
vn 0.9672 -0.0299 0.2522
vn 0.6110 -0.3270 0.7209
vn 0.7997 -0.2630 0.5397
vn 0.8612 -0.2517 0.4416
vn 0.8077 -0.2589 0.5296
vn 0.9750 0.0893 0.2033
vn 0.9840 0.0668 0.1650
vn 0.5145 -0.5490 0.6587
vn 0.8434 -0.2323 0.4844
vn 0.6479 -0.4526 0.6127
vn 0.9710 0.1318 -0.1995
vn 0.8453 -0.2278 0.4833
vn 0.9532 0.0228 0.3016
vn 0.6486 -0.4476 0.6156
vn 0.9702 0.1859 -0.1551
vn 0.9421 0.2767 -0.1896
vn 0.9614 0.2638 -0.0786
vn 0.9567 0.2910 0.0063
vn 0.9647 0.2622 -0.0258
vn 0.9434 0.3269 0.0564
vn 0.9746 0.2070 0.0859
vn 0.9720 0.1949 0.1311
vn 0.9752 0.1618 0.1513
vn 0.9223 -0.0339 0.3849
vn 0.9555 -0.2821 -0.0867
vn 0.9624 -0.2434 -0.1204
vn 0.9757 -0.2027 -0.0831
vn 0.9643 -0.2607 -0.0461
vn 0.9725 -0.2326 0.0118
vn 0.9603 -0.2788 -0.0058
vn 0.9643 -0.1861 0.1882
vn 0.9721 -0.1881 -0.1402
vn 0.9718 -0.1486 -0.1830
vn 0.9796 -0.1132 -0.1658
vn 0.9886 -0.1213 -0.0896
vn 0.8784 -0.2354 0.4159
vn 0.9403 -0.1818 0.2879
vn 0.9094 -0.1326 0.3942
vn 0.9203 -0.0422 0.3889
vn 0.9668 -0.0827 0.2417
vn 0.8475 -0.0938 0.5224
vn 0.9546 0.0162 0.2974
vn 0.9764 0.0400 -0.2123
vn 0.9672 0.1383 -0.2131
vn 0.9881 0.0429 -0.1480
vn 0.9356 0.1646 0.3123
vn 0.9474 0.2298 -0.2228
vn 0.9765 0.1477 -0.1566
vn 0.9542 0.2024 0.2202
vn 0.9358 0.2905 -0.1996
vn 0.9681 0.2139 -0.1301
vn 0.9538 0.2534 0.1615
vn 0.9108 0.3181 0.2633
vn 0.9222 0.2795 -0.2672
vn 0.8663 0.3976 -0.3022
vn 0.8868 0.4433 0.1305
vn 0.9215 0.3449 0.1786
vn 0.8798 0.4498 -0.1535
vn 0.9427 0.3071 -0.1302
vn 0.9415 0.3337 -0.0479
vn 0.9105 0.4001 -0.1047
vn 0.8957 0.4438 -0.0284
vn 0.9458 0.3169 0.0709
vn 0.9276 0.3735 0.0064
vn 0.5736 -0.7563 -0.3145
vn 0.8309 -0.5444 0.1149
vn 0.4351 -0.9003 0.0152
vn 0.8147 -0.3187 -0.4844
vn 0.3441 -0.8589 -0.3794
vn 0.4352 -0.7153 -0.5468
vn 0.8389 -0.2714 0.4718
vn 0.6212 -0.4350 0.6519
vn 0.8965 -0.1380 -0.4211
vn 0.8034 -0.1264 0.5818
vn 0.6305 -0.3429 0.6963
vn 0.5907 -0.4762 0.6515
vn 0.9451 -0.0081 0.3266
vn 0.9298 0.0070 0.3679
vn 0.9323 -0.1122 -0.3439
vn 0.9546 0.0412 0.2951
vn 0.9862 0.0835 0.1430
vn 0.8812 -0.0830 0.4653
vn 0.8624 -0.0029 0.5062
vn 0.9894 -0.0168 -0.1444
vn 0.9927 0.0940 -0.0758
vn 0.9957 0.0916 0.0101
vn 0.9731 0.0659 0.2210
vn 0.9348 -0.0269 0.3542
vn 0.9847 0.1701 0.0374
vn 0.9860 -0.1629 -0.0346
vn 0.9661 -0.2385 0.0985
vn 0.9645 -0.2593 0.0506
vn 0.9861 -0.0878 0.1409
vn 0.9795 0.0212 0.2004
vn 0.9854 0.0739 0.1534
vn 0.9622 0.1084 0.2498
vn 0.9930 0.0573 -0.1028
vn 0.9877 0.1294 -0.0873
vn 0.9739 0.1557 0.1653
vn 0.9742 0.2054 0.0940
vn 0.9723 0.2248 -0.0642
vn 0.8841 -0.4121 -0.2203
vn 0.9997 -0.0190 -0.0175
vn 0.8462 -0.5235 0.0998
vn 0.8553 -0.2602 0.4481
vn 0.9983 0.0241 -0.0525
vn 0.9844 0.0442 0.1706
vn -0.9869 -0.1556 -0.0429
vn -0.9880 -0.1541 0.0131
vn -0.9867 -0.1528 0.0559
vn -0.9849 -0.1342 0.1096
vn -0.9863 -0.1173 -0.1162
vn -0.9695 0.0447 0.2412
vn -0.9842 -0.0130 0.1764
vn -0.9742 0.1202 -0.1910
vn -0.9508 0.1473 0.2724
vn -0.9207 0.2321 0.3138
vn -0.9635 0.2654 -0.0346
vn -0.9018 0.4321 0.0016
vn -0.9457 0.3161 -0.0761
vn -0.9808 -0.1830 0.0673
vn -0.9811 -0.1881 -0.0455
vn -0.9803 -0.1616 0.1132
vn -0.9729 -0.1816 0.1429
vn -0.9666 -0.1670 0.1942
vn -0.9785 -0.1283 0.1615
vn -0.7462 0.5417 -0.3869
vn -0.7994 0.4966 -0.3383
vn -0.7660 0.5520 -0.3295
vn -0.8048 0.5371 -0.2525
vn -0.7402 0.6265 -0.2440
vn -0.7435 0.6452 -0.1758
vn -0.7413 0.6695 -0.0470
vn -0.7295 0.6769 -0.0979
vn -0.8152 0.5777 -0.0415
vn -0.8166 0.5760 0.0386
vn -0.9747 -0.2187 -0.0469
vn -0.9554 -0.2396 -0.1726
vn -0.7576 0.4203 -0.4994
vn -0.7360 0.4421 -0.5126
vn -0.8004 0.3918 -0.4538
vn -0.7391 0.6714 -0.0552
vn -0.6934 0.7157 0.0839
vn -0.7410 0.6706 0.0346
vn -0.6943 0.7069 0.1350
vn -0.6826 0.7040 0.1960
vn -0.9992 -0.0381 -0.0137
vn -0.9955 -0.0872 -0.0370
vn -0.9652 -0.2586 0.0395
vn -0.9899 -0.1210 -0.0743
vn -0.8298 -0.0324 0.5572
vn -0.7111 0.4594 -0.5323
vn -0.5964 0.7163 -0.3621
vn -0.6664 0.6409 0.3809
vn -0.6337 0.7092 0.3089
vn -0.6056 0.7296 0.3177
vn -0.9615 -0.2077 -0.1798
vn -0.9704 -0.1746 -0.1670
vn -0.9621 -0.2494 0.1104
vn -0.9470 -0.2717 0.1715
vn -0.9586 -0.0055 -0.2847
vn -0.9804 -0.0413 -0.1927
vn -0.9634 0.0219 -0.2671
vn -0.8688 -0.1386 -0.4753
vn -0.6746 0.2158 -0.7060
vn -0.7410 0.0363 0.6706
vn -0.7350 0.0415 0.6768
vn -0.7502 0.2309 -0.6196
vn -0.7744 0.0257 0.6322
vn -0.7667 0.0553 0.6396
vn -0.7612 0.0733 0.6444
vn -0.6843 0.3901 -0.6160
vn -0.6729 0.3813 -0.6339
vn -0.7488 0.3205 -0.5801
vn -0.6836 0.3997 0.6107
vn -0.5720 0.7229 0.3875
vn -0.6111 0.6881 0.3913
vn -0.9971 -0.0718 0.0236
vn -0.9696 -0.2291 0.0855
vn -0.9626 -0.2267 0.1485
vn -0.9595 -0.2185 0.1779
vn -0.8386 -0.1320 0.5285
vn -0.5899 -0.4882 -0.6432
vn -0.5246 -0.5573 -0.6436
vn -0.7183 -0.1037 0.6879
vn -0.7177 -0.0728 0.6926
vn -0.7639 -0.0572 0.6427
vn -0.7008 -0.0824 0.7086
vn -0.7647 -0.0125 0.6442
vn -0.7601 -0.0386 0.6487
vn -0.7596 0.0141 0.6502
vn -0.7395 0.0404 0.6719
vn -0.6089 0.3077 -0.7311
vn -0.6153 0.3272 -0.7172
vn -0.6658 0.4272 0.6118
vn -0.6712 0.3998 0.6243
vn -0.5418 0.7605 0.3578
vn -0.3966 0.9069 -0.1421
vn -0.4385 0.8986 0.0163
vn -0.8713 -0.4219 0.2506
vn -0.9517 -0.1439 0.2713
vn -0.6712 -0.5465 0.5009
vn -0.9515 -0.1396 0.2740
vn -0.9883 0.0396 -0.1472
vn -0.9826 -0.0494 -0.1788
vn -0.9723 -0.1066 0.2079
vn -0.9755 -0.0761 -0.2063
vn -0.9931 0.0052 -0.1175
vn -0.9651 -0.2240 0.1353
vn -0.8474 0.1168 -0.5179
vn -0.8944 -0.1429 0.4237
vn -0.8803 -0.1519 0.4495
vn -0.7502 -0.1068 0.6526
vn -0.6777 -0.0936 0.7293
vn -0.7800 -0.1308 0.6119
vn -0.4461 -0.5544 -0.7026
vn -0.5968 -0.5409 -0.5927
vn -0.5008 -0.5651 -0.6556
vn -0.4986 -0.5703 -0.6529
vn -0.5394 -0.5438 -0.6429
vn -0.7059 -0.0897 0.7026
vn -0.5998 -0.3621 -0.7135
vn -0.6468 0.4985 0.5772
vn -0.6234 0.5071 0.5952
vn -0.6350 0.5467 0.5458
vn -0.6495 -0.7576 -0.0643
vn -0.6473 -0.7613 -0.0371
vn -0.6343 -0.7724 -0.0328
vn -0.7409 -0.6715 -0.0092
vn -0.7614 -0.6480 -0.0183
vn -0.7101 -0.7025 0.0468
vn -0.7269 -0.6840 0.0614
vn -0.5662 -0.8117 0.1434
vn -0.6131 -0.6707 0.4174
vn -0.5571 -0.6418 0.5270
vn -0.7207 -0.5158 0.4631
vn -0.5916 -0.6263 0.5077
vn -0.6912 -0.5084 0.5136
vn -0.9186 -0.0146 -0.3949
vn -0.6789 -0.4990 0.5386
vn -0.2925 -0.6664 0.6858
vn -0.9684 0.0957 -0.2302
vn -0.6992 -0.5009 0.5101
vn -0.5720 -0.6611 0.4856
vn -0.4242 -0.6830 0.5947
vn -0.8833 0.4607 0.0868
vn -0.7824 0.4745 -0.4034
vn -0.8119 0.3958 -0.4290
vn -0.8345 -0.3681 0.4099
vn -0.7392 -0.4794 0.4730
vn -0.6508 -0.5759 0.4947
vn -0.6990 -0.5328 0.4770
vn -0.8842 0.1220 -0.4508
vn -0.9028 -0.4155 0.1111
vn -0.8487 -0.4841 -0.2133
vn -0.9525 -0.0382 -0.3020
vn -0.7118 0.2188 -0.6674
vn -0.7529 0.1657 -0.6370
vn -0.7623 -0.1161 0.6367
vn -0.7523 -0.0484 -0.6570
vn -0.8048 -0.1005 0.5850
vn -0.7708 -0.0763 0.6324
vn -0.7476 -0.0619 0.6613
vn -0.7426 -0.0588 0.6672
vn -0.7855 -0.1304 0.6050
vn -0.6315 -0.3103 -0.7106
vn -0.7469 -0.0795 0.6602
vn -0.7834 -0.1153 0.6108
vn -0.5538 -0.4718 -0.6860
vn -0.4879 -0.5254 -0.6970
vn -0.5410 -0.5632 -0.6246
vn -0.4956 -0.5740 -0.6519
vn -0.5167 -0.5766 -0.6329
vn -0.4733 0.0382 0.8801
vn -0.3780 0.6712 -0.6376
vn -0.6250 0.4962 0.6027
vn -0.6541 0.5264 0.5432
vn -0.6368 0.5162 0.5727
vn -0.5980 0.7412 0.3049
vn -0.7487 -0.6404 -0.1709
vn -0.7065 -0.6960 -0.1283
vn -0.7170 -0.6874 -0.1159
vn -0.6433 -0.7555 -0.1241
vn -0.6936 -0.7124 -0.1070
vn -0.7455 -0.6531 -0.1330
vn -0.6230 -0.5753 -0.5300
vn -0.1354 -0.7127 0.6883
vn -0.6300 -0.4647 -0.6222
vn -0.6392 -0.1786 -0.7480
vn -0.2584 -0.7393 0.6218
vn -0.5977 0.7685 -0.2284
vn -0.6127 0.5682 0.5493
vn -0.4170 0.2772 0.8656
vn -0.2014 -0.7765 0.5971
vn 0.1411 -0.1254 -0.9820
vn -0.6830 0.2763 -0.6761
vn -0.6936 -0.5734 0.4360
vn -0.6689 -0.6049 0.4320
vn -0.7271 -0.5906 0.3500
vn -0.6562 -0.6376 0.4037
vn -0.7216 0.3069 -0.6205
vn -0.7216 0.2826 -0.6320
vn -0.6015 -0.6626 0.4463
vn -0.5713 -0.6586 0.4897
vn -0.6262 -0.6158 0.4782
vn -0.6332 -0.6051 0.4825
vn -0.6493 -0.6267 0.4309
vn -0.5788 -0.7192 0.3844
vn -0.7258 0.3279 -0.6048
vn -0.7881 0.3154 -0.5285
vn -0.6872 -0.6521 0.3201
vn -0.6124 -0.5313 0.5855
vn -0.6996 -0.4313 0.5697
vn -0.7137 0.3265 -0.6197
vn -0.7354 -0.1232 0.6664
vn -0.5448 0.0213 -0.8383
vn -0.7470 -0.0723 0.6609
vn -0.7684 -0.0862 0.6341
vn -0.6337 -0.1542 -0.7580
vn -0.7362 -0.0638 0.6738
vn -0.4848 -0.0092 0.8746
vn -0.1904 -0.1589 -0.9688
vn -0.6870 0.5056 0.5220
vn -0.6961 0.5468 0.4652
vn -0.6994 0.6567 0.2821
vn -0.6991 0.6749 0.2362
vn -0.4311 -0.9000 -0.0645
vn -0.3542 -0.9331 -0.0617
vn -0.2881 -0.9556 -0.0618
vn -0.6280 -0.5733 -0.5262
vn -0.6142 -0.4824 -0.6246
vn 0.6435 0.2953 -0.7062
vn 0.4211 0.8905 -0.1723
vn -0.4170 0.2771 0.8657
vn 0.5799 0.0457 -0.8134
vn 0.6602 -0.2816 -0.6963
vn 0.4701 -0.7794 0.4142
vn 0.5053 -0.7273 -0.4645
vn 0.8280 -0.4956 -0.2624
vn -0.5342 -0.4264 0.7300
vn -0.4078 -0.4726 0.7812
vn -0.4649 0.0432 0.8843
vn -0.4942 0.1487 0.8566
vn -0.2592 0.6459 -0.7181
vn -0.5957 0.3058 0.7427
vn -0.6746 0.4927 0.5497
vn -0.6880 0.4655 0.5568
vn -0.2950 0.9404 -0.1690
vn -0.2439 -0.9633 -0.1126
vn -0.2293 -0.9724 -0.0424
vn -0.1800 -0.9363 -0.3016
vn -0.3981 -0.4196 -0.8158
vn 0.1437 0.2917 0.9456
vn 0.5966 0.0485 -0.8011
vn 0.8583 -0.0696 -0.5085
vn 0.9720 -0.0254 -0.2335
vn -0.1160 -0.8496 0.5144
vn 0.9871 -0.1302 0.0934
vn 0.9651 -0.0289 -0.2604
vn 0.9806 -0.1067 0.1647
vn 0.9929 -0.0050 -0.1192
vn 0.9418 0.1248 0.3121
vn 0.9518 0.1005 0.2898
vn 0.9904 -0.0278 0.1356
vn 0.9989 0.0391 0.0250
vn 0.9487 -0.0739 0.3074
vn 0.8901 -0.1975 0.4107
vn 0.8876 -0.1956 0.4171
vn -0.1941 -0.3527 -0.9154
vn -0.1115 -0.2783 -0.9540
vn -0.2053 -0.2612 -0.9432
vn -0.6406 0.4323 0.6347
vn -0.6776 0.4896 0.5488
vn -0.7014 0.4635 0.5415
vn -0.2239 0.9271 -0.3005
vn -0.7013 0.6772 0.2227
vn -0.6784 0.6949 0.2385
vn -0.1197 -0.9339 -0.3369
vn -0.1995 -0.9799 0.0098
vn -0.1898 -0.9796 0.0656
vn 0.6142 0.7872 0.0542
vn 0.7126 0.5795 -0.3954
vn 0.6243 0.2060 0.7535
vn 0.4963 0.0477 0.8669
vn 0.0663 -0.8916 0.4480
vn 0.0832 -0.8765 0.4741
vn -0.2251 0.3337 -0.9154
vn 0.8238 -0.2792 -0.4934
vn 0.6949 -0.4522 0.5591
vn 0.6638 -0.4728 0.5795
vn -0.0659 -0.8132 0.5783
vn 0.8886 0.0813 -0.4515
vn 0.9427 0.0178 -0.3332
vn 0.9898 -0.0789 -0.1184
vn 0.9907 -0.1356 0.0127
vn 0.9975 0.0708 0.0040
vn 0.9885 0.0942 -0.1186
vn 0.8814 0.4283 -0.1993
vn 0.8277 0.4834 -0.2850
vn 0.7949 -0.0243 0.6062
vn 0.7252 0.0157 0.6884
vn 0.8749 0.1037 -0.4731
vn 0.9102 -0.0580 -0.4100
vn 0.8215 -0.0827 0.5641
vn 0.9435 -0.0716 0.3235
vn 0.7591 -0.2029 0.6185
vn 0.7952 -0.4348 -0.4226
vn 0.8136 -0.3944 -0.4271
vn 0.8007 -0.3050 0.5156
vn 0.8060 -0.3859 -0.4488
vn -0.1605 -0.1129 -0.9806
vn -0.4211 0.0890 0.9027
vn -0.5775 0.4794 0.6608
vn -0.6517 0.4987 0.5715
vn -0.6836 0.4905 0.5406
vn -0.6541 0.5143 0.5546
vn -0.5988 0.7702 0.2196
vn -0.2202 -0.3280 -0.9186
vn -0.2312 -0.5076 -0.8300
vn 0.1867 -0.5702 0.8000
vn 0.7620 0.3612 0.5375
vn 0.6799 0.2839 0.6761
vn 0.8202 -0.2318 0.5231
vn 0.5861 -0.5302 0.6126
vn 0.6746 0.6760 -0.2967
vn 0.8607 -0.2212 0.4585
vn 0.8822 0.4486 -0.1430
vn 0.7788 -0.6065 0.1601
vn 0.6970 -0.5416 -0.4700
vn 0.6307 -0.5616 -0.5356
vn 0.0597 -0.8206 0.5683
vn 0.5233 -0.1189 -0.8438
vn 0.6736 0.4489 -0.5872
vn 0.6210 0.1463 -0.7700
vn 0.7262 0.2032 -0.6567
vn 0.6373 0.1566 -0.7545
vn 0.5567 0.4240 -0.7144
vn 0.5466 0.5262 -0.6514
vn 0.5254 0.5164 -0.6762
vn 0.7262 -0.0826 0.6825
vn 0.9045 0.3936 -0.1643
vn 0.5569 -0.0463 0.8293
vn 0.9416 0.2025 -0.2691
vn 0.9639 -0.1596 -0.2131
vn 0.9950 -0.0784 -0.0622
vn 0.9982 0.0051 -0.0599
vn 0.9650 -0.2532 -0.0680
vn 0.9838 -0.1790 -0.0105
vn 0.9725 -0.2320 -0.0222
vn 0.7989 -0.4130 -0.4372
vn 0.7870 -0.4279 -0.4444
vn -0.1099 -0.4370 -0.8927
vn 0.8504 -0.5259 -0.0143
vn 0.8489 -0.5247 -0.0639
vn -0.0836 -0.3634 -0.9279
vn -0.1651 0.1903 -0.9677
vn -0.2932 -0.1046 0.9503
vn -0.2332 -0.0246 0.9721
vn -0.5442 0.6853 0.4840
vn -0.5802 0.6411 0.5024
vn -0.5904 0.6289 0.5058
vn -0.5329 0.7330 0.4227
vn -0.3445 0.9376 -0.0462
vn 0.1932 -0.4450 0.8745
vn -0.1980 -0.4468 -0.8724
vn -0.1609 -0.5145 -0.8423
vn 0.6022 0.4243 0.6763
vn 0.7454 0.2429 0.6208
vn 0.7282 0.2558 0.6359
vn 0.7198 0.6507 -0.2418
vn 0.6909 0.7085 -0.1439
vn 0.7666 0.6359 -0.0892
vn -0.1334 0.1492 -0.9798
vn -0.1820 0.2320 -0.9555
vn 0.3047 -0.9476 0.0963
vn -0.1002 0.3237 -0.9408
vn 0.3970 -0.8725 -0.2847
vn 0.2423 -0.5184 0.8201
vn 0.2150 -0.7696 -0.6012
vn 0.2021 -0.7732 -0.6011
vn 0.3171 -0.8273 -0.4637
vn -0.0515 -0.8301 -0.5552
vn 0.0126 -0.6016 -0.7987
vn 0.0664 -0.8018 -0.5938
vn 0.1193 -0.3213 -0.9394
vn 0.5509 -0.2412 -0.7990
vn 0.4842 -0.2337 0.8432
vn 0.0087 -0.5304 0.8477
vn 0.9376 0.3473 0.0181
vn 0.9724 0.2330 0.0134
vn 0.7521 0.3653 -0.5486
vn -0.1473 0.0220 -0.9888
vn 0.8289 0.0749 -0.5544
vn 0.5275 0.0012 0.8496
vn 0.8946 -0.4436 0.0541
vn 0.8984 -0.4319 -0.0792
vn 0.8241 -0.4582 -0.3330
vn 0.9094 -0.3546 -0.2175
vn 0.8488 -0.5009 -0.1692
vn 0.8828 -0.4663 0.0570
vn 0.3843 -0.0968 0.9181
vn 0.5264 -0.1577 0.8355
vn 0.7870 -0.6147 0.0531
vn 0.8461 -0.5289 0.0670
vn -0.0400 -0.3295 -0.9433
vn -0.1162 0.0855 0.9895
vn -0.2016 -0.1198 0.9721
vn -0.1984 0.9505 -0.2390
vn -0.2192 0.9506 -0.2198
vn -0.5399 0.6912 0.4804
vn -0.5125 0.8457 0.1490
vn -0.0666 -0.9480 -0.3112
vn 0.0921 -0.4865 0.8688
vn -0.1165 -0.4729 -0.8734
vn 0.2578 -0.1122 0.9597
vn 0.7421 0.6039 0.2908
vn 0.4246 0.6323 0.6480
vn -0.0752 0.2651 -0.9613
vn -0.1170 -0.9704 -0.2114
vn 0.1844 -0.9797 0.0785
vn 0.0779 -0.9753 0.2068
vn 0.2043 -0.9480 0.2441
vn 0.1929 -0.9274 -0.3206
vn -0.1659 -0.9118 -0.3755
vn 0.0017 -0.5958 -0.8031
vn -0.4349 -0.5274 -0.7299
vn 0.1069 -0.3274 -0.9388
vn 0.0935 -0.4392 0.8935
vn -0.0503 0.5850 -0.8095
vn 0.1033 0.2414 -0.9649
vn 0.3304 0.7467 -0.5773
vn 0.3042 0.7607 -0.5734
vn 0.5013 0.6624 -0.5568
vn 0.6264 0.6992 0.3446
vn 0.7014 0.6797 -0.2147
vn 0.4846 0.7413 -0.4643
vn 0.5705 0.7923 -0.2164
vn 0.6131 0.6480 -0.4520
vn 0.5954 0.6675 -0.4472
vn -0.1677 0.1249 -0.9779
vn -0.0712 0.1190 -0.9903
vn 0.7793 0.4641 -0.4210
vn 0.8433 0.3435 -0.4134
vn 0.8501 0.2744 -0.4495
vn 0.9295 0.2029 -0.3080
vn 0.7552 0.0430 -0.6540
vn 0.9988 0.0155 -0.0475
vn 0.9851 -0.1673 -0.0393
vn 0.8843 -0.4359 -0.1673
vn 0.9681 -0.2021 -0.1484
vn 0.8374 -0.5383 -0.0948
vn 0.9031 -0.4295 0.0029
vn 0.5027 -0.8631 0.0478
vn 0.8997 -0.4021 -0.1698
vn 0.8925 -0.4502 -0.0282
vn 0.9317 -0.3565 0.0691
vn 0.9090 -0.4029 0.1069
vn 0.7917 -0.6001 0.1143
vn 0.7302 -0.6781 0.0834
vn 0.9124 -0.4028 0.0726
vn 0.8256 -0.5632 0.0344
vn 0.6689 -0.7430 -0.0245
vn 0.8710 -0.4237 -0.2486
vn 0.4901 -0.1357 0.8611
vn 0.3949 -0.1478 0.9068
vn 0.3678 -0.2173 0.9042
vn 0.3221 -0.2658 0.9087
vn 0.5068 -0.4031 0.7620
vn -0.0153 -0.0071 -0.9999
vn -0.0793 0.0410 0.9960
vn -0.0952 -0.0549 0.9939
vn -0.0527 0.5262 -0.8488
vn -0.1666 0.9262 -0.3382
vn -0.3157 0.8120 0.4909
vn -0.2671 0.9394 -0.2151
vn -0.0664 -0.9410 -0.3318
vn -0.1112 -0.4655 -0.8780
vn 0.0479 0.3953 0.9173
vn 0.3140 0.6026 0.7337
vn -0.4827 -0.8102 -0.3325
vn -0.6266 -0.6982 -0.3462
vn 0.0117 0.6131 -0.7899
vn -0.0001 0.5934 -0.8049
vn 0.1016 0.8457 -0.5239
vn 0.1185 0.8446 -0.5222
vn 0.0298 -0.3702 0.9285
vn 0.9427 0.3291 0.0555
vn 0.0538 -0.0876 0.9947
vn 0.8599 0.5025 0.0895
vn 0.0187 -0.1610 0.9868
vn 0.6382 0.0522 -0.7681
vn 0.7436 -0.4257 -0.5157
vn 0.6464 -0.5111 -0.5666
vn 0.6150 -0.7333 -0.2897
vn 0.5693 -0.8165 0.0962
vn 0.4724 -0.8712 -0.1338
vn 0.3005 -0.5699 0.7648
vn -0.0491 0.1091 0.9928
vn 0.0289 0.0364 0.9989
vn 0.0197 0.0246 -0.9995
vn 0.0064 0.1766 -0.9843
vn -0.0437 0.1815 -0.9824
vn -0.0926 -0.1417 0.9856
vn -0.1759 -0.1019 0.9791
vn 0.0058 0.3250 0.9457
vn -0.0887 0.9639 -0.2512
vn -0.1480 0.7591 0.6340
vn -0.1449 0.9166 -0.3727
vn -0.2256 0.8227 0.5218
vn -0.0574 -0.9540 -0.2943
vn -0.0288 -0.0749 -0.9968
vn -0.7744 -0.6011 -0.1974
vn -0.6814 -0.7045 -0.1984
vn -0.0071 -0.8468 0.5319
vn 0.0696 0.9671 -0.2446
vn -0.0112 0.8163 -0.5776
vn 0.0239 0.9997 -0.0093
vn 0.2188 0.9751 -0.0365
vn -0.0307 -0.1228 0.9920
vn 0.6136 0.7064 0.3530
vn 0.7153 0.5739 0.3987
vn 0.2938 0.6671 -0.6846
vn 0.4618 0.6601 -0.5925
vn 0.2937 0.6671 -0.6846
vn 0.5213 0.4716 -0.7112
vn 0.5152 0.4752 -0.7133
vn 0.5413 0.3234 -0.7761
vn 0.2992 0.6703 -0.6791
vn -0.0126 -0.0547 0.9984
vn 0.0788 -0.1892 0.9788
vn 0.4986 0.1398 -0.8555
vn 0.5077 0.2122 -0.8350
vn 0.5055 0.1988 -0.8396
vn 0.2178 0.0011 -0.9760
vn -0.0659 -0.3960 -0.9159
vn 0.6513 -0.3830 -0.6551
vn 0.3123 -0.4563 -0.8332
vn 0.3354 -0.8997 -0.2795
vn 0.3021 -0.7891 0.5349
vn 0.3215 -0.6737 0.6654
vn 0.0246 0.1130 0.9933
vn 0.1030 0.2565 0.9610
vn 0.0748 0.2810 0.9568
vn -0.0390 -0.3528 0.9349
vn -0.0825 -0.5825 0.8086
vn -0.0629 -0.4362 -0.8977
vn -0.0721 0.7228 0.6872
vn -0.0931 0.4678 0.8789
vn 0.0105 0.7154 0.6986
vn 0.0447 0.9634 -0.2645
vn 0.0408 0.9763 -0.2124
vn 0.0077 0.6957 0.7183
vn 0.0139 -0.0536 -0.9985
vn 0.0402 0.9928 -0.1132
vn 0.0221 0.1098 -0.9937
vn -0.0445 0.1902 -0.9807
vn -0.1064 -0.9719 -0.2098
vn -0.3470 -0.3157 -0.8831
vn 0.0529 0.6055 -0.7941
vn -0.0552 -0.3404 0.9387
vn -0.0623 0.8846 -0.4622
vn 0.0689 0.9246 -0.3746
vn 0.6863 0.7235 -0.0748
vn 0.6842 0.7191 0.1212
vn 0.7763 0.6113 0.1541
vn 0.5743 0.7845 0.2340
vn 0.7131 0.6744 0.1915
vn 0.0755 0.9088 -0.4103
vn 0.1205 -0.3679 0.9220
vn 0.0808 -0.3644 0.9277
vn 0.0752 -0.3528 0.9327
vn 0.1594 -0.6623 -0.7321
vn 0.2318 -0.8995 -0.3704
vn 0.1022 -0.9147 -0.3911
vn 0.0195 -0.3750 -0.9268
vn 0.0267 0.2025 -0.9789
vn 0.0591 0.2400 -0.9690
vn 0.0416 0.1196 -0.9919
vn 0.0705 0.7835 -0.6174
vn 0.0218 0.9998 0.0010
vn -0.0691 -0.9128 -0.4025
vn -0.0800 -0.9028 -0.4225
vn -0.0713 -0.9433 -0.3241
vn -0.0344 -0.5097 -0.8597
vn 0.0204 0.9517 0.3065
vn 0.0787 0.9870 0.1400
vn 0.1564 0.9876 -0.0107
vn 0.0562 0.9623 -0.2661
vn 0.0957 0.9559 -0.2778
vn 0.0355 0.9509 -0.3076
vn -0.0215 0.4907 0.8710
vn 0.0305 -0.9951 -0.0938
vn -0.0826 -0.9737 0.2124
vn 0.1848 -0.9300 -0.3176
vn 0.2096 -0.9665 -0.1478
vn 0.2022 -0.5299 -0.8236
vn -0.0596 -0.3573 0.9321
vn 0.0837 0.6105 -0.7876
vn -0.0347 0.9368 0.3482
vn 0.0187 0.9995 -0.0240
vn 0.1931 0.9805 0.0362
vn 0.0801 0.9943 -0.0706
vn 0.1460 -0.3869 0.9105
vn 0.1711 -0.3401 0.9247
vn 0.0575 0.6871 -0.7243
vn 0.0383 -0.3974 -0.9168
vn 0.1620 -0.1285 0.9784
vn 0.1836 -0.6962 0.6940
vn 0.2590 -0.7799 0.5698
vn 0.0599 -0.2788 -0.9585
vn 0.0096 -0.3284 -0.9445
vn 0.1345 0.0943 0.9864
vn 0.1987 0.0868 0.9762
vn 0.2577 0.0231 0.9659
vn 0.0575 0.2037 -0.9773
vn 0.0840 0.8315 -0.5491
vn 0.0308 0.9946 0.0988
vn -0.0378 -0.9816 0.1872
vn -0.0174 -0.4968 0.8677
vn -0.0145 -0.4847 -0.8746
vn 0.0235 -0.2245 -0.9742
vn -0.0516 0.4834 0.8739
vn 0.0364 0.8860 0.4623
vn 0.4937 -0.8647 -0.0928
vn 0.0899 -0.9331 0.3482
vn 0.4178 -0.3453 -0.8404
vn -0.1401 -0.3426 0.9290
vn -0.0377 0.6506 -0.7585
vn -0.1857 -0.3470 -0.9193
vn 0.0437 -0.4292 -0.9021
vn 0.3596 -0.9246 0.1260
vn 0.3362 -0.9209 0.1972
vn 0.1326 -0.8976 -0.4204
vn 0.2497 0.0950 0.9637
vn 0.1268 0.2444 -0.9614
vn 0.1259 0.6089 -0.7832
vn 0.1581 0.8638 -0.4784
vn 0.1178 0.9057 -0.4072
vn 0.0373 0.9652 -0.2590
vn 0.4447 0.6476 0.6187
vn 0.1460 0.9325 -0.3304
vn -0.0762 -0.9785 -0.1915
vn 0.0368 -0.5056 0.8620
vn -0.0194 -0.4269 -0.9041
vn 0.0055 0.6972 0.7168
vn 0.0043 0.7125 0.7017
vn -0.0159 0.7342 0.6788
vn -0.0483 0.2809 0.9585
vn -0.0589 0.0915 0.9941
vn -0.0270 -0.1093 0.9936
vn 0.0629 0.3226 -0.9445
vn 0.7233 -0.6757 -0.1421
vn 0.1814 -0.9711 0.1552
vn 0.4839 -0.8339 -0.2654
vn 0.6646 -0.7393 -0.1080
vn 0.1142 0.3751 -0.9199
vn 0.6007 0.2412 -0.7623
vn 0.1415 0.5817 -0.8010
vn 0.3251 0.5992 -0.7316
vn 0.1495 0.7435 -0.6518
vn 0.1060 0.8960 0.4313
vn 0.0131 0.9935 -0.1128
vn -0.2431 0.0784 -0.9668
vn 0.1109 -0.4302 -0.8959
vn -0.1024 -0.8621 -0.4964
vn 0.1402 -0.9314 -0.3360
vn -0.0170 -0.9838 -0.1785
vn 0.3187 0.0569 0.9461
vn 0.3183 -0.0014 0.9480
vn 0.1798 0.9040 -0.3880
vn 0.5869 0.3875 0.7110
vn 0.1240 0.9623 -0.2419
vn 0.5931 0.6440 0.4831
vn 0.5186 0.7537 0.4037
vn 0.7267 0.4710 0.5001
vn 0.6472 0.5690 0.5073
vn 0.2640 0.9242 -0.2759
vn 0.5153 0.7547 0.4061
vn -0.0199 -0.9699 0.2426
vn -0.0705 -0.9483 -0.3095
vn 0.1073 -0.4403 0.8914
vn 0.0130 -0.4872 -0.8732
vn 0.0393 0.9221 0.3849
vn 0.1551 0.6170 0.7715
vn -0.0018 0.9635 -0.2678
vn 0.5788 -0.8155 0.0054
vn 0.2546 -0.9488 0.1869
vn 0.6700 0.0820 -0.7378
vn 0.1564 0.6076 -0.7787
vn -0.1611 -0.4427 0.8821
vn 0.5054 0.7597 0.4092
vn 0.5264 0.8467 0.0781
vn 0.7425 0.2099 0.6361
vn 0.8116 0.5815 -0.0553
vn 0.7553 0.6394 -0.1441
vn -0.2851 0.7248 -0.6272
vn 0.2432 0.0764 -0.9670
vn 0.1921 -0.0555 -0.9798
vn -0.2816 0.0833 -0.9559
vn -0.4300 -0.3086 -0.8484
vn 0.3375 0.0069 0.9413
vn 0.4270 -0.0019 0.9042
vn 0.2131 -0.9145 -0.3438
vn -0.3369 -0.7760 -0.5332
vn -0.0148 -0.9508 -0.3094
vn 0.0619 -0.9497 -0.3070
vn 0.1380 -0.2220 -0.9652
vn -0.5411 -0.6364 0.5498
vn 0.6589 0.5530 0.5099
vn 0.6997 0.4890 0.5209
vn 0.5366 0.7801 0.3215
vn 0.4269 0.8666 -0.2584
vn 0.6298 0.7267 0.2744
vn -0.0492 -0.9237 -0.3799
vn 0.1997 -0.4763 0.8563
vn 0.0358 0.9428 -0.3314
vn 0.0031 0.9413 -0.3376
vn -0.0123 0.4858 0.8740
vn -0.0240 0.2890 0.9570
vn -0.0172 0.5104 0.8598
vn 0.1647 0.4632 0.8708
vn -0.0892 0.0923 0.9917
vn 0.7573 -0.6382 -0.1386
vn 0.6847 -0.7281 -0.0324
vn 0.6466 -0.7614 -0.0471
vn 0.7692 -0.6326 -0.0902
vn 0.6882 -0.7148 -0.1244
vn 0.4375 -0.8978 0.0507
vn 0.7783 -0.6221 -0.0845
vn 0.9459 0.3153 -0.0771
vn 0.8181 0.4537 -0.3534
vn 0.9586 0.1104 -0.2625
vn 0.9525 0.3046 0.0040
vn 0.6532 0.1923 -0.7324
vn 0.2349 0.5988 -0.7657
vn 0.5702 0.7902 -0.2246
vn 0.3201 -0.7398 0.5918
vn 0.2009 0.5264 -0.8262
vn 0.5633 0.6879 -0.4577
vn 0.7903 0.5610 -0.2464
vn 0.8363 0.4321 0.3375
vn -0.1547 0.9676 -0.1993
vn -0.0715 0.9857 -0.1527
vn -0.3751 0.7450 -0.5516
vn 0.4465 -0.3736 0.8131
vn 0.2759 -0.0508 -0.9598
vn -0.5317 -0.5673 -0.6289
vn -0.5451 -0.6286 -0.5547
vn -0.4198 -0.7207 -0.5517
vn 0.2276 0.0669 -0.9715
vn 0.4673 0.0283 0.8836
vn 0.4988 0.1487 0.8538
vn 0.7337 0.4028 0.5472
vn 0.2357 0.8118 -0.5343
vn 0.8041 0.3883 0.4502
vn 0.7905 0.3828 0.4781
vn 0.7679 0.6264 0.1340
vn 0.8126 0.5367 0.2273
vn 0.2099 -0.5637 0.7989
vn 0.1102 -0.5005 -0.8587
vn -0.0288 0.9983 0.0510
vn 0.0003 0.7546 0.6562
vn -0.0810 0.6019 0.7945
vn -0.0744 0.6069 0.7913
vn 0.1530 0.6556 0.7394
vn 0.0256 0.9967 -0.0773
vn 0.1597 0.6301 0.7599
vn 0.7950 -0.5022 -0.3401
vn 0.2569 -0.4778 -0.8401
vn 0.3930 0.7873 -0.4750
vn 0.4347 0.8647 -0.2518
vn -0.1543 0.8965 -0.4153
vn 0.4022 0.7925 -0.4585
vn 0.5602 -0.4338 0.7057
vn 0.9695 -0.0054 -0.2450
vn 0.7509 -0.6515 -0.1080
vn 0.9790 0.2034 -0.0121
vn 0.8332 -0.4336 0.3432
vn 0.2251 0.5833 -0.7804
vn 0.0092 -0.9210 -0.3894
vn 0.7480 -0.0801 -0.6588
vn 0.4822 0.1898 -0.8553
vn 0.2267 -0.9053 0.3592
vn 0.5091 -0.6071 0.6101
vn -0.4869 -0.4070 0.7728
vn -0.5703 0.7291 -0.3784
vn -0.3538 0.9087 -0.2217
vn 0.5189 -0.4344 0.7362
vn -0.3900 0.8192 -0.4204
vn 0.4923 -0.4037 0.7712
vn -0.4502 0.1095 0.8862
vn -0.6402 -0.4838 -0.5967
vn -0.5555 0.0560 0.8296
vn -0.5374 -0.7063 -0.4607
vn -0.6679 -0.5777 -0.4693
vn -0.4907 -0.8700 0.0479
vn -0.6877 -0.5202 0.5064
vn -0.6260 -0.6880 0.3672
vn 0.6424 0.4989 0.5817
vn 0.7610 0.5736 0.3031
vn 0.1130 -0.5208 0.8461
vn -0.1075 0.5851 0.8038
vn -0.0956 0.3800 0.9200
vn -0.0518 0.9900 -0.1312
vn 0.0216 0.9719 0.2343
vn -0.1411 -0.1172 0.9830
vn -0.8545 0.0331 -0.5183
vn -0.1602 0.8978 -0.4102
vn -0.9981 0.0300 -0.0534
vn -0.6130 -0.1961 -0.7654
vn -0.8271 -0.1328 -0.5461
vn -0.2447 0.7067 -0.6638
vn -0.5341 0.8003 -0.2725
vn -0.5545 0.8042 -0.2141
vn -0.5708 0.7870 -0.2342
vn -0.5566 0.7930 -0.2476
vn -0.7046 0.5653 -0.4289
vn -0.7073 0.5635 -0.4269
vn 0.5747 -0.4567 0.6791
vn 0.5647 -0.3554 0.7448
vn -0.8664 0.3361 -0.3692
vn -0.7608 -0.0485 0.6471
vn -0.6722 -0.0500 0.7386
vn 0.5901 -0.1543 0.7925
vn 0.6382 -0.0068 -0.7698
vn -0.7693 -0.0010 0.6389
vn -0.8049 0.1151 -0.5822
vn 0.6228 -0.0869 -0.7776
vn -0.7852 0.0399 0.6180
vn -0.6909 0.0301 0.7223
vn -0.7495 -0.0165 -0.6618
vn -0.7442 0.0623 -0.6650
vn 0.6097 -0.1934 -0.7686
vn -0.7921 0.0834 0.6046
vn -0.7256 -0.1235 -0.6769
vn -0.7122 -0.2159 -0.6680
vn 0.6222 -0.0493 0.7813
vn -0.7895 -0.2591 -0.5564
vn -0.7445 -0.0165 0.6674
vn -0.7089 -0.7045 0.0336
vn 0.5865 0.0243 0.8096
vn 0.3554 -0.2987 -0.8857
vn -0.7581 -0.3572 0.5455
vn -0.4864 -0.8616 -0.1449
vn 0.5997 0.6441 0.4748
vn 0.6921 0.7072 0.1443
vn 0.1596 -0.4116 -0.8973
vn 0.0636 -0.1541 0.9860
vn -0.2488 0.5233 0.8150
vn -0.7592 -0.6099 -0.2272
vn -0.4897 -0.8718 0.0145
vn -0.0662 -0.7846 0.6164
vn 0.0248 -0.6990 0.7147
vn 0.1895 -0.7105 0.6777
vn -0.9843 0.0409 -0.1716
vn -0.9941 0.0025 -0.1080
vn -0.5756 -0.5735 0.5829
vn -0.6949 -0.5478 0.4659
vn -0.9874 0.1102 -0.1136
vn -0.9979 -0.0436 -0.0482
vn -0.9511 0.2806 -0.1292
vn -0.9797 0.1653 -0.1133
vn -0.9715 0.1303 -0.1978
vn 0.6829 -0.2310 0.6930
vn 0.6922 0.2360 -0.6820
vn -0.7675 -0.0964 0.6337
vn 0.7126 -0.1889 0.6757
vn 0.6822 0.1574 -0.7140
vn 0.6269 0.2302 -0.7443
vn 0.6869 -0.1852 0.7027
vn -0.8529 0.0513 0.5196
vn -0.7636 -0.0439 0.6441
vn 0.6082 -0.0250 -0.7934
vn 0.6820 -0.1056 0.7237
vn 0.6470 -0.2452 -0.7220
vn -0.7934 0.0949 0.6013
vn 0.6374 -0.3272 -0.6976
vn 0.6318 -0.4374 -0.6399
vn -0.7495 0.0829 0.6567
vn -0.8057 -0.5916 -0.0298
vn -0.7542 -0.6566 -0.0081
vn -0.7301 -0.6501 -0.2104
vn -0.8307 -0.5428 -0.1241
vn -0.7830 -0.6119 -0.1119
vn -0.7678 -0.6335 -0.0953
vn -0.7819 -0.6142 -0.1070
vn -0.6732 -0.7392 0.0222
vn -0.7838 -0.6210 0.0019
vn -0.7766 -0.6275 -0.0560
vn -0.7998 -0.5733 -0.1783
vn -0.7948 -0.5821 -0.1719
vn -0.7434 -0.6687 -0.0149
vn -0.8313 -0.5555 -0.0202
vn 0.5118 0.0350 0.8584
vn 0.5835 0.6420 0.4974
vn -0.1193 -0.1497 0.9815
vn -0.3910 0.5424 0.7436
vn -0.3631 0.9186 -0.1559
vn -0.1451 0.1981 0.9694
vn -0.5747 -0.8085 -0.1264
vn -0.8198 -0.5693 -0.0627
vn -0.8004 -0.5898 0.1071
vn -0.5579 -0.7370 0.3816
vn -0.5553 -0.7361 0.3871
vn -0.6768 -0.6034 0.4217
vn -0.6612 -0.5949 0.4571
vn -0.7142 -0.5865 0.3820
vn 0.4085 -0.7353 0.5407
vn -0.7163 -0.5785 0.3902
vn 0.6006 -0.5965 0.5325
vn 0.7086 -0.4907 0.5071
vn -0.9700 0.2425 0.0150
vn 0.7185 -0.4375 0.5408
vn 0.7069 -0.4449 0.5499
vn 0.7109 -0.4229 0.5619
vn 0.6260 0.4479 -0.6384
vn 0.6994 0.4529 -0.5529
vn -0.9883 0.1144 0.1011
vn -0.9653 0.1323 -0.2252
vn -0.9906 0.0763 0.1137
vn -0.9847 0.1353 0.1102
vn -0.9838 -0.0292 -0.1769
vn -0.9277 0.0558 0.3692
vn -0.9853 -0.1490 -0.0838
vn -0.9903 -0.1384 -0.0119
vn -0.9643 -0.2641 -0.0184
vn -0.9801 -0.1728 0.0973
vn -0.9666 -0.0951 0.2381
vn -0.9549 -0.2325 0.1847
vn 0.6831 -0.0314 0.7296
vn -0.9445 -0.3198 0.0745
vn -0.7941 -0.5740 -0.1998
vn 0.6703 -0.0156 0.7420
vn 0.6098 -0.4497 -0.6527
vn 0.6332 -0.4830 -0.6048
vn 0.7159 -0.0354 0.6973
vn 0.5617 -0.3949 -0.7270
vn 0.6173 -0.3587 -0.7002
vn 0.6854 -0.0157 0.7280
vn 0.5176 -0.2752 -0.8102
vn 0.5380 -0.0027 -0.8429
vn 0.5163 0.0736 -0.8532
vn 0.4729 0.3353 -0.8148
vn 0.5759 0.6021 0.5531
vn 0.5633 0.6865 0.4597
vn 0.5909 0.7671 0.2499
vn -0.1308 -0.9895 0.0620
vn -0.2357 -0.5649 0.7908
vn -0.5673 0.4291 0.7029
vn -0.6144 0.6657 -0.4235
vn -0.6367 0.1419 0.7579
vn -0.6795 0.3028 0.6683
vn -0.6892 0.7129 -0.1298
vn -0.6730 0.7383 0.0434
vn -0.7216 0.6840 0.1075
vn -0.8063 0.4869 0.3358
vn -0.4065 -0.9135 -0.0159
vn -0.5670 -0.8162 -0.1108
vn -0.6379 -0.7583 -0.1343
vn -0.8158 -0.4042 0.4136
vn 0.3978 -0.6570 0.6404
vn -0.6330 -0.5839 0.5083
vn -0.6206 -0.5667 0.5420
vn 0.4442 -0.6074 0.6586
vn -0.8929 -0.4491 0.0308
vn -0.9183 -0.3885 -0.0756
vn -0.9088 -0.4097 -0.0785
vn 0.4933 -0.6300 0.5998
vn 0.5474 -0.6573 0.5180
vn 0.6208 0.5423 -0.5661
vn 0.6143 0.5490 -0.5668
vn 0.5954 0.5381 -0.5966
vn 0.6074 0.5477 -0.5754
vn 0.5636 0.5440 -0.6217
vn 0.6700 0.4806 -0.5658
vn -0.9998 0.0153 -0.0130
vn 0.8992 -0.1439 -0.4133
vn 0.6368 -0.4504 -0.6258
vn 0.6663 -0.3902 -0.6355
vn 0.8051 -0.0818 0.5875
vn 0.6199 -0.3713 -0.6912
vn 0.6731 -0.1652 -0.7209
vn 0.6650 -0.1273 -0.7359
vn 0.6897 -0.1107 -0.7156
vn 0.6044 -0.0837 -0.7923
vn 0.6623 -0.0695 -0.7460
vn 0.6590 0.0066 -0.7521
vn 0.5704 0.6385 0.5167
vn 0.5626 0.6836 0.4649
vn 0.5777 0.6844 0.4447
vn 0.5015 0.8512 -0.1549
vn -0.0174 -0.9694 -0.2448
vn -0.2212 -0.5470 0.8074
vn 0.3926 -0.5341 -0.7488
vn -0.4287 0.2902 0.8556
vn -0.6781 0.0425 0.7337
vn -0.9670 0.1082 0.2305
vn -0.9664 0.2559 0.0237
vn -0.9971 0.0672 -0.0348
vn -0.9999 -0.0100 0.0036
vn -0.7852 -0.0641 0.6159
vn -0.7393 -0.6587 -0.1400
vn -0.9944 -0.0202 -0.1035
vn -0.9971 -0.0265 -0.0711
vn -0.8012 -0.4168 0.4293
vn -0.9395 -0.3399 0.0422
vn -0.9591 -0.2675 -0.0930
vn -0.6609 -0.5205 0.5406
vn 0.7914 -0.4180 0.4459
vn 0.6583 -0.5448 0.5194
vn 0.7004 -0.5337 0.4738
vn 0.6830 -0.5289 0.5038
vn 0.6293 -0.5851 0.5115
vn 0.6181 0.5418 -0.5696
vn 0.6756 0.5302 -0.5123
vn 0.8377 0.4389 -0.3249
vn 0.9385 0.2458 -0.2425
vn 0.8327 -0.3901 -0.3929
vn 0.6802 -0.1015 0.7260
vn 0.7234 -0.1666 0.6700
vn 0.6794 -0.0607 -0.7312
vn 0.7044 -0.0768 -0.7057
vn 0.7358 -0.0461 -0.6756
vn 0.7086 0.0222 -0.7053
vn 0.7124 0.1077 -0.6935
vn 0.6106 0.3689 -0.7008
vn 0.6047 0.4232 -0.6747
vn 0.6216 0.6520 0.4343
vn 0.5807 0.6235 0.5236
vn 0.6003 0.7561 0.2607
vn -0.0842 -0.4950 0.8648
vn 0.4852 -0.2419 -0.8403
vn 0.5028 -0.0431 -0.8633
vn -0.8220 -0.0872 0.5628
vn -0.6253 -0.3496 0.6977
vn -0.6603 -0.5303 0.5318
vn -0.3305 -0.5753 0.7482
vn -0.0699 -0.9300 0.3608
vn 0.1757 -0.7808 0.5996
vn 0.2332 -0.8135 0.5327
vn 0.7438 -0.3670 0.5586
vn 0.7158 -0.3940 0.5765
vn 0.6639 0.5347 -0.5228
vn 0.6391 0.5406 -0.5471
vn 0.5001 -0.5803 0.6427
vn 0.5779 0.5554 -0.5980
vn 0.8321 0.4539 -0.3186
vn 0.9520 0.2989 -0.0656
vn 0.9639 0.1888 -0.1878
vn 0.9943 0.0873 -0.0614
vn 0.9756 -0.0770 0.2058
vn 0.9882 -0.0110 -0.1530
vn 0.9818 0.0031 -0.1897
vn 0.9956 -0.0364 -0.0863
vn 0.9699 -0.1683 -0.1761
vn 0.9838 -0.1277 -0.1262
vn 0.6829 -0.1239 0.7199
vn 0.7271 -0.1458 0.6709
vn 0.6833 -0.1132 0.7213
vn 0.5980 0.0319 0.8008
vn 0.6233 0.0873 0.7771
vn 0.6571 0.1501 0.7387
vn 0.6411 0.1964 0.7419
vn 0.6820 0.4378 -0.5858
vn 0.6420 0.4817 -0.5964
vn 0.6359 0.4754 -0.6079
vn 0.6543 0.3470 0.6720
vn 0.6984 0.4732 -0.5369
vn 0.6597 0.5503 0.5119
vn 0.7072 0.5648 -0.4253
vn 0.6891 0.6117 -0.3885
vn 0.6773 0.6098 -0.4117
vn 0.6037 0.5864 0.5400
vn 0.7217 0.6418 -0.2594
vn 0.6414 0.7668 0.0233
vn 0.6203 0.7776 0.1029
vn 0.6413 0.7544 0.1400
vn 0.6974 0.7069 0.1178
vn 0.6523 0.7572 -0.0341
vn 0.6015 -0.5964 -0.5315
vn 0.6366 -0.6053 -0.4779
vn 0.7156 -0.5775 -0.3929
vn 0.7280 -0.5835 -0.3599
vn 0.6270 -0.6142 -0.4792
vn 0.6772 -0.5210 -0.5196
vn 0.6907 -0.0093 -0.7230
vn 0.5311 -0.0674 -0.8446
vn 0.5640 0.0710 -0.8227
vn 0.6410 0.1921 -0.7431
vn 0.6466 0.1930 -0.7380
vn 0.1495 -0.7230 0.6745
vn 0.7157 0.1955 -0.6705
vn 0.5649 -0.6318 0.5308
vn 0.6796 0.4345 -0.5910
vn 0.6621 0.5063 -0.5525
vn 0.8923 -0.0709 0.4459
vn 0.9714 0.0858 0.2213
vn 0.9847 0.0292 0.1720
vn 0.9803 0.1974 -0.0107
vn 0.9910 0.1326 -0.0176
vn 0.9991 0.0167 0.0391
vn 0.9990 -0.0166 0.0412
vn 0.9883 -0.0815 -0.1288
vn 0.9934 -0.0881 -0.0736
vn 0.9907 -0.1000 0.0919
vn 0.9766 -0.1716 -0.1296
vn 0.9935 -0.1094 0.0321
vn 0.9849 -0.1633 0.0581
vn 0.9865 -0.1632 0.0098
vn 0.9742 -0.2244 0.0247
vn 0.9811 -0.1741 -0.0839
vn 0.9735 -0.2155 0.0762
vn 0.9444 -0.2455 -0.2187
vn 0.8473 -0.2000 0.4920
vn 0.6790 0.1447 0.7197
vn 0.7207 0.4480 -0.5290
vn 0.7104 0.4804 -0.5143
vn 0.6857 0.3151 0.6561
vn 0.7158 0.5055 -0.4818
vn 0.6759 0.3558 0.6454
vn 0.7107 0.5438 -0.4463
vn 0.7566 0.6390 0.1387
vn 0.0523 -0.9802 0.1911
vn 0.4889 -0.6766 -0.5507
vn 0.6120 -0.5845 -0.5327
vn 0.2584 -0.5053 0.8234
vn 0.8676 0.2527 -0.4284
vn 0.5329 -0.6241 0.5714
vn 0.9681 0.2046 0.1446
vn 0.9731 0.2167 0.0788
vn 0.9622 -0.2725 -0.0036
vn 0.9612 -0.2730 0.0403
vn 0.8669 0.4929 -0.0739
vn 0.7853 0.6156 0.0654
vn 0.8538 0.5205 0.0124
vn 0.8295 0.5483 0.1060
vn 0.3348 -0.6297 0.7010
vn 0.6015 -0.5323 0.5957
vn 0.3990 -0.5025 0.7670
vn 0.6623 -0.2910 0.6904
vn 0.5643 -0.2921 0.7722
vn 0.8686 -0.2422 0.4324
vn 0.8686 -0.2423 0.4323
vn 0.9751 -0.1945 0.1064
vn 0.9780 -0.0439 -0.2040
vn 0.8881 0.4553 0.0631
vn 0.8822 -0.4207 -0.2113
vn 0.5902 -0.7381 -0.3269
vn 0.5866 -0.3405 0.7348
vn 0.9483 -0.0899 -0.3044
vn 0.9745 -0.0106 -0.2241
vn 0.9854 0.0064 -0.1702
vn 0.9811 0.1419 0.1314
vn 0.9868 0.0765 -0.1431
vn 0.9851 0.1209 0.1224
vn 0.9867 0.1507 -0.0612
vn 0.9892 -0.0776 -0.1243
vn 0.9875 -0.0251 -0.1553
vn 0.9954 -0.0201 -0.0936
vn 0.9910 0.0931 0.0961
vn 0.9896 0.1395 -0.0349
vn 0.9732 0.2300 -0.0029
vn 0.9861 0.1576 0.0518
vn 0.9597 -0.1059 -0.2603
vn -0.9804 -0.1950 0.0280
vn -0.9175 -0.1685 -0.3602
vn -0.7379 0.3185 -0.5950
vn -0.9846 -0.1072 0.1384
vn -0.9868 -0.1585 0.0332
vn -0.7670 -0.1531 0.6231
vn -0.9800 -0.1500 -0.1307
vn -0.9267 -0.2418 0.2876
vn -0.9884 0.0387 -0.1468
vn -0.9773 -0.0792 0.1963
vn -0.7519 -0.1370 0.6448
vn -0.7644 -0.6340 -0.1173
vn -0.8760 0.2760 -0.3955
vn -0.7153 0.3456 -0.6073
vn -0.7615 0.1165 -0.6376
vn 0.6177 0.4711 0.6297
vn 0.4603 0.3954 0.7948
vn -0.0428 -0.8757 0.4810
vn -0.2086 -0.8437 0.4947
vn 0.9799 -0.1156 0.1623
vn 0.9490 0.0403 0.3128
vn 0.7150 -0.3874 -0.5819
vn 0.6920 -0.2129 0.6897
vn 0.9826 -0.1656 0.0836
vn 0.9363 -0.1292 0.3265
vn 0.9943 -0.0488 -0.0944
vn 0.9401 -0.1261 0.3168
vn 0.8080 0.4606 -0.3673
vn 0.5407 0.0027 0.8412
vn 0.9207 -0.3685 -0.1286
vn 0.2983 -0.9505 0.0865
vn 0.7784 -0.6033 -0.1735
vn 0.4156 -0.1151 0.9022
vn 0.8784 -0.4777 -0.0098
vn 0.8487 -0.4667 -0.2489
vn 0.8660 -0.4662 -0.1810
vn 0.9293 -0.3649 0.0568
vn 0.8561 -0.5055 0.1073
vn -0.0562 0.1974 -0.9787
vn -0.0928 -0.4714 -0.8770
vn -0.1029 -0.5140 -0.8516
vn 0.3066 0.4569 0.8350
vn 0.0400 0.1181 0.9922
vn -0.4338 -0.8940 -0.1123
vn 0.2887 -0.5747 0.7658
vn -0.5139 -0.8463 -0.1402
vn -0.3014 0.0584 -0.9517
vn 0.2072 0.2478 0.9464
vn 0.1700 0.2784 0.9453
vn -0.0959 0.8665 0.4898
vn -0.0971 0.9861 -0.1350
vn -0.0781 -0.9735 0.2149
vn -0.0185 0.7226 0.6910
vn 0.5201 -0.5923 -0.6154
vn 0.4177 -0.3453 -0.8404
vn -0.2950 -0.4247 -0.8559
vn 0.7077 -0.6993 -0.1006
vn 0.0992 0.9312 -0.3508
vn 0.3255 0.0538 0.9440
vn 0.1362 -0.9427 -0.3046
vn 0.1340 0.2655 -0.9548
vn 0.0119 0.0260 -0.9996
vn 0.9621 0.2224 -0.1579
vn -0.4844 -0.2791 -0.8291
vn -0.5514 -0.3278 -0.7671
vn 0.7622 0.6448 0.0574
vn -0.1544 0.8965 -0.4152
vn -0.1263 0.1875 -0.9741
vn -0.0237 0.3199 -0.9472
vn 0.7401 0.6624 0.1161
vn -0.7891 -0.2390 -0.5658
vn 0.3519 0.2362 -0.9058
vn 0.3236 0.2639 -0.9086
vn -0.9845 0.1618 -0.0676
vn -0.7791 0.6028 -0.1723
vn -0.9347 0.3405 -0.1021
vn -0.7728 0.6246 -0.1125
vn -0.7642 -0.6417 -0.0654
vn -0.4207 -0.9070 0.0187
vn -0.9675 0.0401 0.2498
vn -0.9969 -0.0753 -0.0246
vn -0.7779 -0.6230 -0.0825
vn 0.6224 -0.4892 -0.6110
vn -0.0561 -0.9802 -0.1897
vn -0.6811 0.0109 0.7321
vn 0.7417 0.0434 -0.6693
vn 0.7368 0.6386 -0.2219
vn 0.6432 0.7631 0.0627
vn 0.9842 0.1165 0.1336
vn 0.8409 0.1575 -0.5177
vn 0.7175 0.1475 0.6808
vn 0.6822 0.7207 -0.1235
vn 0.9639 -0.1825 -0.1941
vn 0.3737 -0.5059 0.7774
vn 0.9804 -0.1900 0.0525
vn 0.9854 -0.1700 0.0099
vn -0.9802 -0.1953 0.0326
vn -0.9635 -0.2489 -0.0984
vn -0.9896 -0.0400 -0.1384
vn -0.9924 -0.0394 -0.1170
vn -0.7198 -0.1296 0.6820
vn -0.7525 -0.1496 0.6414
vn -0.6099 0.6000 0.5177
vn -0.6164 -0.5693 0.5440
vn -0.6691 -0.5026 0.5474
vn -0.7348 0.2766 -0.6193
vn -0.7758 -0.0838 0.6255
vn -0.7320 -0.6622 -0.1605
vn 0.9891 -0.1424 0.0387
vn 0.7357 0.5674 -0.3699
vn -0.1876 -0.4936 0.8492
vn 0.9944 -0.0594 0.0873
vn 0.9851 0.0916 -0.1457
vn 0.8308 -0.3904 -0.3967
vn 0.5249 -0.0077 0.8511
vn -0.1633 0.2195 -0.9618
vn 0.3918 -0.0727 0.9172
vn 0.5492 0.0016 0.8357
vn 0.5351 -0.0432 0.8437
vn 0.5217 -0.0327 0.8525
vn 0.8655 -0.4991 0.0413
vn 0.8688 -0.4867 -0.0913
vn 0.5285 0.7192 -0.4511
vn -0.1097 -0.2586 -0.9597
vn 0.7809 -0.6142 0.1138
vn -0.0074 -0.9673 0.2536
vn 0.2718 -0.3485 0.8971
vn -0.0545 0.9758 -0.2120
vn -0.0966 -0.9739 0.2055
vn 0.0470 -0.0828 0.9955
vn 0.0915 0.1125 0.9894
vn 0.1802 0.1328 0.9746
vn 0.0758 0.1901 -0.9788
vn 0.0083 0.9964 -0.0848
vn 0.0950 -0.3982 -0.9123
vn -0.0155 0.5229 0.8523
vn 0.2561 -0.9490 0.1841
vn 0.3075 -0.9157 0.2586
vn 0.6833 0.5787 -0.4453
vn 0.8186 0.3905 0.4212
vn 0.8138 0.5811 -0.0117
vn 0.3852 0.0313 0.9223
vn -0.0956 -0.9943 -0.0467
vn -0.0717 -0.0799 0.9942
vn 0.2918 -0.4542 -0.8417
vn -0.8851 0.4273 -0.1846
vn 0.6499 -0.3360 0.6818
vn -0.7642 -0.0092 0.6449
vn 0.7077 -0.1471 0.6910
vn -0.8039 0.0541 0.5924
vn -0.7849 -0.6189 -0.0292
vn -0.8303 -0.5574 -0.0027
vn -0.8163 -0.5777 -0.0017
vn -0.8377 -0.5460 0.0057
vn -0.7784 -0.6277 -0.0099
vn -0.9807 0.1764 0.0840
vn -0.9907 0.0497 -0.1266
vn -0.7686 -0.6376 -0.0509
vn -0.1977 -0.5043 0.8406
vn -0.5700 0.5726 0.5893
vn -0.8391 0.5027 0.2079
vn 0.7253 -0.0990 0.6812
vn 0.6172 0.7814 0.0920
vn 0.9910 0.1258 0.0449
vn 0.9969 0.0784 0.0005
vn 0.9941 0.0663 0.0857
vn 0.9997 0.0212 -0.0154
vn 0.9999 -0.0119 -0.0004
vn 0.9982 -0.0482 0.0344
vn 0.9993 -0.0273 -0.0256
vn 0.9974 -0.0682 -0.0210
vn 0.9934 -0.1121 -0.0263
vn 0.9933 -0.1144 -0.0163
vn 0.9900 -0.1309 0.0527
vn 0.9978 -0.0440 -0.0494
vn 0.9981 -0.0622 -0.0013
vn 0.9943 -0.0778 0.0733
vn 0.9983 -0.0334 0.0485
vn 0.9942 0.0041 0.1073
vn 0.9979 0.0436 -0.0473
vn 0.9995 0.0168 0.0251
vn 0.9964 0.0846 0.0110
vn -0.7437 -0.1471 0.6522
vn 0.0101 -0.6028 0.7978
vn 0.6605 0.6262 -0.4142
vn 0.5407 -0.0760 0.8378
vn 0.0922 0.7059 -0.7023
vn -0.4449 -0.3990 -0.8018
vn 0.9062 0.1466 -0.3967
vn -0.6097 0.7029 -0.3663
vn -0.7624 -0.6145 0.2028
vn -0.2793 -0.9550 0.0995
vn 0.7649 -0.3784 0.5213
vn 0.6764 0.6661 -0.3145
vn 0.8923 -0.4471 -0.0619
vn -0.6273 -0.6816 0.3767
vn -0.8426 0.5272 -0.1096
vn -0.4710 0.8618 -0.1884
vn -0.7722 0.0958 0.6282
vn -0.1243 0.9115 0.3920
vn 0.7297 -0.1114 0.6747
vn -0.8486 -0.4841 -0.2132
vn -0.7746 0.2052 0.5983
vn -0.5592 -0.4580 -0.6910
vn -0.6917 0.6814 0.2390
vn 0.7834 0.1785 -0.5953
vt 0.157376 0.448445
vt 0.174161 0.459290
vt 0.154595 0.468577
vt 0.161058 0.425047
vt 0.146115 0.434006
vt 0.171215 0.475970
vt 0.158220 0.485871
vt 0.132486 0.423692
vt 0.147518 0.422020
vt 0.136523 0.448893
vt 0.128644 0.441717
vt 0.141918 0.484411
vt 0.128437 0.483296
vt 0.134473 0.472588
vt 0.204691 0.435148
vt 0.185558 0.433361
vt 0.179561 0.415928
vt 0.187640 0.393134
vt 0.211569 0.417381
vt 0.184813 0.519346
vt 0.187574 0.533881
vt 0.167192 0.522343
vt 0.170413 0.501826
vt 0.163247 0.509150
vt 0.173938 0.439140
vt 0.153712 0.521847
vt 0.159298 0.403039
vt 0.149827 0.406307
vt 0.136291 0.397835
vt 0.152128 0.388701
vt 0.134987 0.494770
vt 0.120818 0.471674
vt 0.112541 0.463737
vt 0.119023 0.436966
vt 0.124650 0.457034
vt 0.120781 0.412285
vt 0.106498 0.416335
vt 0.119567 0.404523
vt 0.114532 0.422074
vt 0.119022 0.491462
vt 0.104517 0.487968
vt 0.115591 0.480975
vt 0.104735 0.476159
vt 0.096215 0.489503
vt 0.097399 0.474026
vt 0.277664 0.449789
vt 0.265232 0.459827
vt 0.240144 0.449496
vt 0.228293 0.461906
vt 0.258910 0.473848
vt 0.229926 0.401955
vt 0.244666 0.424634
vt 0.243526 0.437232
vt 0.219616 0.434458
vt 0.206646 0.537165
vt 0.199188 0.543671
vt 0.168055 0.387362
vt 0.191741 0.375177
vt 0.168095 0.406426
vt 0.164339 0.536277
vt 0.143119 0.538161
vt 0.129496 0.534682
vt 0.141219 0.524568
vt 0.118737 0.388010
vt 0.124305 0.382744
vt 0.132223 0.378494
vt 0.135427 0.391184
vt 0.121946 0.395257
vt 0.113726 0.394660
vt 0.112548 0.401187
vt 0.140823 0.606383
vt 0.147022 0.603111
vt 0.141381 0.610852
vt 0.111053 0.513306
vt 0.152738 0.609892
vt 0.157220 0.604329
vt 0.166213 0.608789
vt 0.097664 0.445590
vt 0.095494 0.430430
vt 0.103879 0.427209
vt 0.102676 0.512627
vt 0.093183 0.506346
vt 0.099529 0.522917
vt 0.174146 0.606889
vt 0.172895 0.615482
vt 0.086962 0.440507
vt 0.084516 0.500972
vt 0.089521 0.485252
vt 0.197832 0.621291
vt 0.197602 0.607424
vt 0.203014 0.610514
vt 0.275553 0.442227
vt 0.301944 0.450183
vt 0.283685 0.531451
vt 0.262633 0.537576
vt 0.264045 0.515817
vt 0.275261 0.412110
vt 0.274078 0.431788
vt 0.260556 0.397646
vt 0.236544 0.511755
vt 0.256933 0.492709
vt 0.220563 0.533859
vt 0.230288 0.554517
vt 0.205906 0.385384
vt 0.221358 0.369274
vt 0.223058 0.561956
vt 0.201890 0.560516
vt 0.183931 0.550419
vt 0.179165 0.367874
vt 0.194646 0.356817
vt 0.163695 0.355949
vt 0.183471 0.339148
vt 0.185720 0.347137
vt 0.159807 0.350261
vt 0.152161 0.556287
vt 0.155962 0.544900
vt 0.171282 0.360128
vt 0.161043 0.379325
vt 0.156356 0.365650
vt 0.143898 0.372272
vt 0.139738 0.360273
vt 0.136149 0.550574
vt 0.128221 0.366097
vt 0.132243 0.357610
vt 0.128192 0.371722
vt 0.121087 0.539787
vt 0.122416 0.375724
vt 0.122552 0.619631
vt 0.132003 0.606985
vt 0.119979 0.612961
vt 0.111215 0.541625
vt 0.109665 0.527263
vt 0.136718 0.622344
vt 0.105970 0.545112
vt 0.097577 0.541792
vt 0.155091 0.621507
vt 0.189777 0.610832
vt 0.186521 0.618846
vt 0.180664 0.611495
vt 0.213888 0.616979
vt 0.230986 0.615986
vt 0.218621 0.608043
vt 0.233678 0.611527
vt 0.226585 0.606812
vt 0.084596 0.479722
vt 0.080113 0.493147
vt 0.076502 0.487584
vt 0.078924 0.505719
vt 0.083094 0.513265
vt 0.207453 0.628743
vt 0.240662 0.609041
vt 0.246563 0.614289
vt 0.248684 0.609705
vt 0.330455 0.432556
vt 0.339472 0.421868
vt 0.358971 0.428764
vt 0.314978 0.441594
vt 0.325283 0.424230
vt 0.323597 0.536478
vt 0.310020 0.536711
vt 0.318525 0.531128
vt 0.305749 0.417596
vt 0.315527 0.420202
vt 0.312628 0.506268
vt 0.290081 0.500593
vt 0.320812 0.487218
vt 0.286996 0.485617
vt 0.298096 0.463820
vt 0.325505 0.468280
vt 0.302086 0.518383
vt 0.301673 0.438606
vt 0.291019 0.419853
vt 0.287724 0.542937
vt 0.277047 0.554286
vt 0.246786 0.552389
vt 0.258679 0.359232
vt 0.269268 0.373582
vt 0.246105 0.360983
vt 0.252685 0.564809
vt 0.244975 0.572334
vt 0.231001 0.578156
vt 0.229604 0.347511
vt 0.243352 0.347002
vt 0.213136 0.572357
vt 0.232706 0.363530
vt 0.217624 0.354479
vt 0.214555 0.344979
vt 0.199582 0.340693
vt 0.213328 0.332085
vt 0.172513 0.332244
vt 0.176645 0.328698
vt 0.185422 0.330723
vt 0.189142 0.567676
vt 0.156548 0.572923
vt 0.176543 0.561276
vt 0.766570 0.774122
vt 0.770971 0.777079
vt 0.779546 0.776905
vt 0.148557 0.351544
vt 0.140402 0.560612
vt 0.149905 0.578589
vt 0.140052 0.571998
vt 0.152584 0.336786
vt 0.157753 0.337323
vt 0.148844 0.341571
vt 0.143842 0.347300
vt 0.083527 0.627464
vt 0.083155 0.621119
vt 0.090951 0.620427
vt 0.138356 0.352281
vt 0.130419 0.568235
vt 0.133488 0.578206
vt 0.122483 0.550630
vt 0.118793 0.562073
vt 0.114339 0.637682
vt 0.110463 0.628632
vt 0.127891 0.636457
vt 0.146269 0.633059
vt 0.091292 0.520969
vt 0.254481 0.605956
vt 0.267740 0.607579
vt 0.260719 0.609518
vt 0.277584 0.614677
vt 0.274451 0.623473
vt 0.088172 0.533155
vt 0.076527 0.523739
vt 0.180972 0.636921
vt 0.235047 0.628084
vt 0.223590 0.627611
vt 0.245457 0.628216
vt 0.385415 0.387596
vt 0.379403 0.413058
vt 0.363993 0.415860
vt 0.362225 0.436511
vt 0.369948 0.428961
vt 0.364827 0.442368
vt 0.350630 0.450989
vt 0.362423 0.480965
vt 0.343247 0.482720
vt 0.354684 0.466751
vt 0.352638 0.500037
vt 0.338633 0.527163
vt 0.359122 0.543328
vt 0.339568 0.542980
vt 0.336983 0.497381
vt 0.332342 0.493215
vt 0.325278 0.521269
vt 0.314342 0.548333
vt 0.331462 0.572496
vt 0.309200 0.565312
vt 0.320691 0.396958
vt 0.299620 0.386811
vt 0.309324 0.394827
vt 0.298681 0.404731
vt 0.281549 0.576715
vt 0.278170 0.568680
vt 0.291084 0.374301
vt 0.284373 0.384479
vt 0.279946 0.395675
vt 0.292720 0.553097
vt 0.259946 0.385721
vt 0.274821 0.583005
vt 0.252860 0.590923
vt 0.247287 0.582289
vt 0.279904 0.366549
vt 0.276395 0.357010
vt 0.247977 0.334948
vt 0.262556 0.334717
vt 0.262759 0.344538
vt 0.253103 0.345089
vt 0.237623 0.336161
vt 0.229819 0.317766
vt 0.241335 0.319240
vt 0.237127 0.327006
vt 0.214447 0.319591
vt 0.222666 0.313937
vt 0.214937 0.313480
vt 0.217513 0.592595
vt 0.209797 0.592004
vt 0.196076 0.581422
vt 0.206190 0.315071
vt 0.193843 0.591792
vt 0.185450 0.592159
vt 0.197775 0.314524
vt 0.198198 0.326186
vt 0.186518 0.321737
vt 0.161780 0.581424
vt 0.761666 0.769359
vt 0.753655 0.761356
vt 0.756359 0.768318
vt 0.767398 0.761444
vt 0.775061 0.765135
vt 0.780850 0.770991
vt 0.063275 0.627416
vt 0.069182 0.624946
vt 0.075312 0.622983
vt 0.142134 0.579171
vt 0.136289 0.584699
vt 0.396612 0.766792
vt 0.411120 0.772996
vt 0.392929 0.773884
vt 0.388011 0.768747
vt 0.383675 0.774070
vt 0.127412 0.581613
vt 0.119335 0.574727
vt 0.077855 0.536000
vt 0.085443 0.549155
vt 0.071165 0.528517
vt 0.204672 0.637071
vt 0.192775 0.639824
vt 0.219888 0.644297
vt 0.467707 0.408181
vt 0.485603 0.396468
vt 0.488384 0.410414
vt 0.487530 0.420382
vt 0.474244 0.425733
vt 0.476596 0.418089
vt 0.455563 0.422908
vt 0.422633 0.416345
vt 0.419582 0.402379
vt 0.429718 0.411374
vt 0.412543 0.430379
vt 0.396925 0.425659
vt 0.413074 0.415553
vt 0.400213 0.433671
vt 0.393190 0.404060
vt 0.402830 0.395697
vt 0.375972 0.490634
vt 0.370744 0.469270
vt 0.389384 0.487471
vt 0.354167 0.377995
vt 0.375367 0.371162
vt 0.367770 0.386947
vt 0.365214 0.397267
vt 0.348535 0.397171
vt 0.334635 0.372794
vt 0.351205 0.372169
vt 0.327125 0.381372
vt 0.321495 0.368485
vt 0.311996 0.378691
vt 0.299984 0.359913
vt 0.311459 0.367178
vt 0.296120 0.367657
vt 0.273964 0.337468
vt 0.290213 0.344829
vt 0.284592 0.349667
vt 0.274112 0.591627
vt 0.254216 0.324134
vt 0.264072 0.326128
vt 0.250677 0.600206
vt 0.241949 0.591149
vt 0.246486 0.325790
vt 0.241688 0.312184
vt 0.233817 0.312697
vt 0.702741 0.755068
vt 0.710030 0.757438
vt 0.713285 0.752198
vt 0.222799 0.596248
vt 0.227923 0.589702
vt 0.229401 0.597052
vt 0.724399 0.752421
vt 0.715667 0.741727
vt 0.716389 0.757363
vt 0.231804 0.306682
vt 0.227771 0.311421
vt 0.720965 0.760439
vt 0.728460 0.760662
vt 0.737821 0.754855
vt 0.739213 0.745670
vt 0.736830 0.762501
vt 0.744965 0.761937
vt 0.182711 0.587886
vt 0.747886 0.751395
vt 0.438287 0.764809
vt 0.441916 0.768441
vt 0.430337 0.766475
vt 0.760647 0.758374
vt 0.759536 0.753110
vt 0.422263 0.767990
vt 0.410259 0.765883
vt 0.056841 0.644017
vt 0.040329 0.641130
vt 0.047627 0.631879
vt 0.055945 0.628385
vt 0.060632 0.633812
vt 0.075658 0.636232
vt 0.398378 0.781667
vt 0.122834 0.585804
vt 0.381178 0.779640
vt 0.387032 0.786168
vt 0.082420 0.646202
vt 0.090076 0.636811
vt 0.100359 0.646920
vt 0.098633 0.629096
vt 0.117312 0.589032
vt 0.110006 0.584415
vt 0.104911 0.560662
vt 0.096491 0.575943
vt 0.091842 0.562779
vt 0.116382 0.651144
vt 0.135058 0.646024
vt 0.065521 0.556909
vt 0.159211 0.639778
vt 0.170437 0.640685
vt 0.171033 0.648805
vt 0.180955 0.652716
vt 0.278433 0.645372
vt 0.258200 0.623619
vt 0.288408 0.640355
vt 0.292222 0.625939
vt 0.061067 0.537513
vt 0.256361 0.653355
vt 0.263009 0.646405
vt 0.509113 0.372100
vt 0.513327 0.385399
vt 0.505860 0.394919
vt 0.509477 0.401022
vt 0.512634 0.404770
vt 0.508743 0.414346
vt 0.499980 0.355031
vt 0.507150 0.359040
vt 0.492355 0.365934
vt 0.477385 0.371383
vt 0.494726 0.347992
vt 0.494967 0.401110
vt 0.494534 0.411227
vt 0.493088 0.437854
vt 0.483915 0.440064
vt 0.491257 0.432649
vt 0.483198 0.448669
vt 0.474684 0.446120
vt 0.473275 0.358365
vt 0.484329 0.352133
vt 0.454702 0.431262
vt 0.448823 0.360055
vt 0.458367 0.366307
vt 0.438334 0.364776
vt 0.449500 0.408411
vt 0.455960 0.393363
vt 0.433446 0.351880
vt 0.439847 0.345494
vt 0.448194 0.353655
vt 0.434397 0.396979
vt 0.437772 0.486108
vt 0.426382 0.494672
vt 0.427633 0.476711
vt 0.413209 0.388923
vt 0.434355 0.464935
vt 0.419962 0.452982
vt 0.426242 0.441915
vt 0.422347 0.348460
vt 0.404267 0.355561
vt 0.421849 0.337484
vt 0.397427 0.384850
vt 0.400310 0.371770
vt 0.392727 0.352704
vt 0.403984 0.344084
vt 0.387736 0.348815
vt 0.381326 0.359872
vt 0.389837 0.368168
vt 0.368614 0.531706
vt 0.370713 0.504376
vt 0.378829 0.500647
vt 0.384636 0.532267
vt 0.377042 0.575669
vt 0.366028 0.581312
vt 0.362137 0.570427
vt 0.375936 0.350188
vt 0.371131 0.360131
vt 0.346410 0.562732
vt 0.355408 0.553818
vt 0.363767 0.359476
vt 0.356110 0.582221
vt 0.337969 0.564677
vt 0.332231 0.364832
vt 0.322003 0.356156
vt 0.308058 0.356387
vt 0.313158 0.349157
vt 0.302118 0.347574
vt 0.295489 0.341062
vt 0.509851 0.773989
vt 0.508630 0.767548
vt 0.514769 0.767363
vt 0.697577 0.746172
vt 0.680638 0.748158
vt 0.688637 0.754004
vt 0.683241 0.755253
vt 0.255903 0.315773
vt 0.249390 0.314920
vt 0.510215 0.786598
vt 0.481801 0.773061
vt 0.724500 0.741518
vt 0.734065 0.742244
vt 0.441924 0.790007
vt 0.443556 0.779117
vt 0.465089 0.775337
vt 0.472090 0.786377
vt 0.751109 0.744338
vt 0.758961 0.747275
vt 0.758930 0.742387
vt 0.027225 0.638400
vt 0.037115 0.648717
vt 0.411231 0.791798
vt 0.414816 0.781637
vt 0.398905 0.806779
vt 0.394509 0.798207
vt 0.067220 0.653824
vt 0.087579 0.655106
vt 0.358633 0.788474
vt 0.368981 0.783671
vt 0.377507 0.784727
vt 0.090859 0.582064
vt 0.103340 0.577631
vt 0.098066 0.583767
vt 0.130497 0.660140
vt 0.145255 0.657267
vt 0.147817 0.648052
vt 0.164848 0.658477
vt 0.072394 0.574331
vt 0.056539 0.542986
vt 0.521683 0.362549
vt 0.523622 0.369502
vt 0.515345 0.366555
vt 0.753386 0.166633
vt 0.741249 0.163718
vt 0.748476 0.174196
vt 0.514326 0.328780
vt 0.516145 0.338490
vt 0.506887 0.329792
vt 0.519356 0.353308
vt 0.518178 0.381636
vt 0.520173 0.415450
vt 0.514059 0.418106
vt 0.518730 0.407449
vt 0.747613 0.183149
vt 0.753120 0.179843
vt 0.508641 0.318846
vt 0.512343 0.352021
vt 0.505230 0.342018
vt 0.510071 0.422511
vt 0.499401 0.430013
vt 0.499848 0.319948
vt 0.497551 0.336962
vt 0.499037 0.327232
vt 0.753554 0.205777
vt 0.743238 0.207546
vt 0.751600 0.213977
vt 0.489651 0.345550
vt 0.487021 0.337830
vt 0.492701 0.337659
vt 0.481746 0.324579
vt 0.489435 0.325678
vt 0.476397 0.337172
vt 0.472562 0.332967
vt 0.475902 0.328361
vt 0.476119 0.344086
vt 0.483655 0.344121
vt 0.478767 0.348519
vt 0.474909 0.352046
vt 0.470356 0.320984
vt 0.471808 0.314655
vt 0.773697 0.703700
vt 0.779627 0.702053
vt 0.776747 0.697383
vt 0.467398 0.365347
vt 0.466314 0.357733
vt 0.470164 0.465783
vt 0.465570 0.473599
vt 0.457913 0.473655
vt 0.463346 0.318931
vt 0.468684 0.327238
vt 0.464380 0.323360
vt 0.453067 0.471409
vt 0.461156 0.459791
vt 0.453153 0.320042
vt 0.462228 0.312788
vt 0.458363 0.322167
vt 0.961363 0.580889
vt 0.967313 0.589717
vt 0.961466 0.586612
vt 0.778041 0.722556
vt 0.779867 0.714466
vt 0.771562 0.716431
vt 0.462926 0.351082
vt 0.458979 0.357051
vt 0.456158 0.351477
vt 0.451437 0.348889
vt 0.448744 0.463105
vt 0.444427 0.477033
vt 0.456374 0.487189
vt 0.453807 0.492936
vt 0.450861 0.485105
vt 0.449103 0.493817
vt 0.445624 0.499007
vt 0.439333 0.496475
vt 0.441320 0.322158
vt 0.454824 0.311809
vt 0.451686 0.332807
vt 0.446371 0.332462
vt 0.450372 0.328924
vt 0.454387 0.325700
vt 0.444942 0.326905
vt 0.771710 0.721869
vt 0.774253 0.726466
vt 0.445664 0.340092
vt 0.449267 0.344209
vt 0.443378 0.313252
vt 0.436389 0.317995
vt 0.439884 0.334718
vt 0.429251 0.325280
vt 0.411895 0.516041
vt 0.417542 0.496638
vt 0.432871 0.509899
vt 0.421041 0.520045
vt 0.427215 0.317797
vt 0.423818 0.322759
vt 0.405890 0.511068
vt 0.510531 0.757526
vt 0.515510 0.760965
vt 0.513220 0.750262
vt 0.399532 0.535545
vt 0.419730 0.529528
vt 0.403063 0.543744
vt 0.415408 0.333901
vt 0.408006 0.333128
vt 0.412740 0.326038
vt 0.404804 0.550728
vt 0.394135 0.565549
vt 0.391944 0.558663
vt 0.398929 0.334049
vt 0.407699 0.324558
vt 0.399383 0.341008
vt 0.375339 0.563867
vt 0.392934 0.548985
vt 0.547027 0.750060
vt 0.542774 0.761430
vt 0.547794 0.759857
vt 0.389387 0.340474
vt 0.393582 0.334684
vt 0.560448 0.762019
vt 0.558202 0.756498
vt 0.553845 0.763478
vt 0.382529 0.341552
vt 0.373062 0.592516
vt 0.360856 0.589377
vt 0.365017 0.350654
vt 0.365650 0.343614
vt 0.373956 0.343762
vt 0.355970 0.596731
vt 0.341460 0.588449
vt 0.338631 0.596364
vt 0.342700 0.609425
vt 0.325800 0.599762
vt 0.338846 0.347300
vt 0.347508 0.346108
vt 0.346861 0.355542
vt 0.335516 0.355603
vt 0.316688 0.341059
vt 0.323660 0.342749
vt 0.562191 0.772660
vt 0.567991 0.778479
vt 0.555828 0.774655
vt 0.642883 0.745484
vt 0.632662 0.748808
vt 0.639192 0.755792
vt 0.631451 0.755673
vt 0.302072 0.337978
vt 0.295406 0.334941
vt 0.543519 0.771530
vt 0.534992 0.769921
vt 0.699087 0.737434
vt 0.691224 0.741757
vt 0.710457 0.736797
vt 0.705245 0.745809
vt 0.488809 0.786263
vt 0.724845 0.733897
vt 0.736878 0.733841
vt 0.440459 0.798685
vt 0.414277 0.804587
vt 0.022982 0.649332
vt 0.024613 0.644254
vt 0.035644 0.657497
vt 0.021192 0.656676
vt 0.050794 0.657415
vt 0.064874 0.668032
vt 0.384238 0.810991
vt 0.361553 0.811852
vt 0.353925 0.808890
vt 0.347817 0.801857
vt 0.141954 0.670856
vt 0.155238 0.669063
vt 0.061904 0.572286
vt 0.165704 0.673328
vt 0.178016 0.669852
vt 0.190388 0.659479
vt 0.288784 0.652946
vt 0.299379 0.650637
vt 0.301895 0.635479
vt 0.302696 0.643004
vt 0.194180 0.671825
vt 0.204343 0.661175
vt 0.745039 0.136673
vt 0.740753 0.150546
vt 0.749963 0.149247
vt 0.744458 0.103808
vt 0.750735 0.125275
vt 0.752950 0.112294
vt 0.753338 0.136036
vt 0.759200 0.129361
vt 0.750585 0.159359
vt 0.524262 0.326438
vt 0.525474 0.333541
vt 0.519147 0.321075
vt 0.523625 0.346989
vt 0.522465 0.353752
vt 0.738651 0.183997
vt 0.739439 0.172219
vt 0.738757 0.195889
vt 0.746857 0.193722
vt 0.501652 0.311182
vt 0.502587 0.304359
vt 0.495428 0.310071
vt 0.737400 0.226450
vt 0.738575 0.239363
vt 0.744952 0.232117
vt 0.749426 0.225023
vt 0.755943 0.234958
vt 0.481948 0.296051
vt 0.489233 0.297035
vt 0.488198 0.302507
vt 0.480061 0.299206
vt 0.472228 0.338994
vt 0.792162 0.222871
vt 0.796193 0.218117
vt 0.791785 0.218022
vt 0.779086 0.691111
vt 0.786422 0.694740
vt 0.465249 0.333711
vt 0.787686 0.219998
vt 0.752956 0.267523
vt 0.752237 0.258372
vt 0.746437 0.263548
vt 0.467906 0.299803
vt 0.474108 0.295556
vt 0.478675 0.304909
vt 0.477340 0.309998
vt 0.466340 0.306448
vt 0.461728 0.327655
vt 0.774292 0.710021
vt 0.779735 0.707999
vt 0.750642 0.275303
vt 0.742324 0.273905
vt 0.741506 0.284094
vt 0.749407 0.281628
vt 0.043821 0.999274
vt 0.045641 0.993795
vt 0.051657 0.999176
vt 0.473427 0.744279
vt 0.474776 0.754056
vt 0.484879 0.749259
vt 0.480877 0.755190
vt 0.453808 0.306092
vt 0.459151 0.303268
vt 0.973037 0.593407
vt 0.964132 0.594573
vt 0.786710 0.724726
vt 0.786430 0.721550
vt 0.779685 0.727681
vt 0.442232 0.503111
vt 0.439280 0.509684
vt 0.436304 0.515659
vt 0.745441 0.289658
vt 0.747675 0.315022
vt 0.753183 0.303707
vt 0.493571 0.758750
vt 0.430086 0.521662
vt 0.746679 0.325093
vt 0.754996 0.318546
vt 0.500082 0.748438
vt 0.498136 0.753862
vt 0.504009 0.755783
vt 0.752716 0.325831
vt 0.752045 0.332355
vt 0.413462 0.546115
vt 0.411225 0.553890
vt 0.754122 0.355169
vt 0.749447 0.354906
vt 0.754758 0.361474
vt 0.758348 0.365858
vt 0.750783 0.368829
vt 0.754166 0.372607
vt 0.530927 0.756491
vt 0.529444 0.749396
vt 0.402133 0.561704
vt 0.402895 0.569795
vt 0.397329 0.572199
vt 0.753333 0.386533
vt 0.757970 0.377019
vt 0.755950 0.393186
vt 0.758275 0.387564
vt 0.535780 0.758570
vt 0.392463 0.575455
vt 0.384139 0.582195
vt 0.391870 0.581796
vt 0.390878 0.587970
vt 0.751122 0.405190
vt 0.757733 0.404757
vt 0.759926 0.399259
vt 0.383848 0.590802
vt 0.557578 0.749061
vt 0.570726 0.749332
vt 0.374471 0.599140
vt 0.358750 0.605812
vt 0.364760 0.607371
vt 0.359822 0.612889
vt 0.576774 0.759085
vt 0.582873 0.754279
vt 0.349831 0.605802
vt 0.353641 0.610671
vt 0.584144 0.760449
vt 0.607226 0.786293
vt 0.604258 0.778089
vt 0.612201 0.775311
vt 0.615165 0.781056
vt 0.594220 0.749257
vt 0.581838 0.747791
vt 0.588659 0.762093
vt 0.594570 0.758553
vt 0.602953 0.759215
vt 0.611010 0.757803
vt 0.617081 0.750537
vt 0.625652 0.740502
vt 0.624786 0.754998
vt 0.566433 0.785191
vt 0.564209 0.793713
vt 0.544881 0.786214
vt 0.668196 0.732822
vt 0.653689 0.731804
vt 0.657382 0.740834
vt 0.539256 0.796072
vt 0.530612 0.786385
vt 0.662155 0.746354
vt 0.678622 0.739581
vt 0.686524 0.731328
vt 0.436321 0.805190
vt 0.477202 0.802901
vt 0.745205 0.735968
vt 0.759169 0.735472
vt 0.753420 0.730738
vt 0.008680 0.664714
vt 0.013899 0.660275
vt 0.017630 0.672826
vt 0.048808 0.670018
vt 0.033201 0.673387
vt 0.374802 0.805531
vt 0.377571 0.824546
vt 0.077415 0.665327
vt 0.096365 0.663784
vt 0.100230 0.673272
vt 0.344522 0.811609
vt 0.342702 0.804390
vt 0.053835 0.557541
vt 0.040769 0.552848
vt 0.046403 0.550972
vt 0.050246 0.572572
vt 0.038863 0.565014
vt 0.187855 0.685475
vt 0.295159 0.663217
vt 0.270908 0.657474
vt 0.307800 0.646955
vt 0.308531 0.652771
vt 0.034310 0.555686
vt 0.253235 0.674047
vt 0.240426 0.661840
vt 0.252370 0.660566
vt 0.264840 0.671051
vt 0.748271 0.092109
vt 0.740198 0.089320
vt 0.732596 0.137959
vt 0.731061 0.162903
vt 0.729599 0.150907
vt 0.741077 0.080842
vt 0.752973 0.075027
vt 0.742362 0.070065
vt 0.752907 0.083291
vt 0.726888 0.171339
vt 0.724886 0.183265
vt 0.756828 0.067551
vt 0.749008 0.054565
vt 0.757471 0.042795
vt 0.750582 0.040291
vt 0.425751 0.748487
vt 0.427234 0.759117
vt 0.434568 0.755267
vt 0.453276 0.745058
vt 0.441978 0.752732
vt 0.449558 0.751462
vt 0.794602 0.210205
vt 0.786213 0.212907
vt 0.786062 0.704487
vt 0.792502 0.701132
vt 0.732668 0.268009
vt 0.735443 0.276076
vt 0.457484 0.749924
vt 0.464832 0.752906
vt 0.464955 0.744214
vt 0.046556 0.986578
vt 0.040836 0.987170
vt 0.736936 0.290533
vt 0.474125 0.739759
vt 0.471278 0.750851
vt 0.052940 0.994709
vt 0.053940 0.987272
vt 0.058071 0.990768
vt 0.054952 0.995406
vt 0.783134 0.634752
vt 0.779667 0.629284
vt 0.777702 0.634690
vt 0.974902 0.599343
vt 0.983727 0.597257
vt 0.979747 0.602174
vt 0.788179 0.631605
vt 0.489987 0.739835
vt 0.736549 0.333736
vt 0.740963 0.320779
vt 0.742456 0.349223
vt 0.748168 0.342482
vt 0.744555 0.364979
vt 0.516856 0.739506
vt 0.533892 0.739920
vt 0.757271 0.414271
vt 0.746744 0.415392
vt 0.750781 0.417376
vt 0.375590 0.604347
vt 0.371312 0.609838
vt 0.639873 0.787804
vt 0.633724 0.793538
vt 0.633454 0.784501
vt 0.551254 0.739056
vt 0.563643 0.732625
vt 0.627480 0.780242
vt 0.621701 0.791014
vt 0.621022 0.784646
vt 0.623120 0.798496
vt 0.606576 0.799438
vt 0.585392 0.741304
vt 0.571193 0.737958
vt 0.591003 0.798153
vt 0.603064 0.796441
vt 0.590387 0.785804
vt 0.579273 0.797768
vt 0.615907 0.742498
vt 0.642527 0.735302
vt 0.668093 0.720960
vt 0.483253 0.811364
vt 0.501006 0.800873
vt 0.441543 0.813274
vt 0.750293 0.718591
vt 0.743728 0.717556
vt 0.749580 0.725778
vt 0.008036 0.672542
vt 0.028925 0.662607
vt 0.385503 0.825445
vt 0.119321 0.671157
vt 0.140409 0.684818
vt 0.120491 0.685500
vt 0.343966 0.817857
vt 0.061558 0.607576
vt 0.055158 0.604921
vt 0.068070 0.593360
vt 0.340908 0.826148
vt 0.153702 0.681476
vt 0.172199 0.686113
vt 0.039169 0.597366
vt 0.031732 0.588983
vt 0.225343 0.665745
vt 0.231534 0.682388
vt 0.278455 0.669021
vt 0.282587 0.684199
vt 0.728555 0.086265
vt 0.718360 0.160783
vt 0.731306 0.067731
vt 0.731992 0.057926
vt 0.740204 0.054860
vt 0.746860 0.034607
vt 0.741840 0.040594
vt 0.417910 0.748717
vt 0.420944 0.754511
vt 0.723634 0.231044
vt 0.730355 0.237360
vt 0.729280 0.219596
vt 0.438714 0.740940
vt 0.792831 0.198109
vt 0.795336 0.202683
vt 0.801421 0.195118
vt 0.719828 0.242413
vt 0.446934 0.740635
vt 0.779667 0.205260
vt 0.786520 0.207663
vt 0.787080 0.201231
vt 0.803326 0.208800
vt 0.807220 0.204811
vt 0.728621 0.254430
vt 0.734607 0.250392
vt 0.778882 0.211486
vt 0.771326 0.608474
vt 0.763397 0.611330
vt 0.769668 0.615427
vt 0.775064 0.616953
vt 0.779518 0.612357
vt 0.782909 0.606382
vt 0.725704 0.268014
vt 0.783800 0.619480
vt 0.789814 0.610321
vt 0.728160 0.277577
vt 0.802373 0.611647
vt 0.794655 0.616103
vt 0.804664 0.623121
vt 0.924950 0.875111
vt 0.932349 0.870292
vt 0.927744 0.867435
vt 0.056386 0.978560
vt 0.060050 0.983231
vt 0.921318 0.869972
vt 0.920295 0.863033
vt 0.914460 0.869014
vt 0.913342 0.862139
vt 0.789097 0.638283
vt 0.482249 0.732274
vt 0.066568 0.981557
vt 0.796619 0.634883
vt 0.814666 0.636014
vt 0.815567 0.622497
vt 0.922128 0.851955
vt 0.933819 0.858385
vt 0.917041 0.848195
vt 0.914816 0.854906
vt 0.803603 0.647780
vt 0.793111 0.644416
vt 0.795909 0.650826
vt 0.823828 0.629243
vt 0.808720 0.643902
vt 0.817660 0.646354
vt 0.823990 0.644005
vt 0.496282 0.731714
vt 0.504323 0.740398
vt 0.517394 0.731647
vt 0.911698 0.829682
vt 0.910995 0.838679
vt 0.916964 0.838323
vt 0.819555 0.663808
vt 0.817152 0.656915
vt 0.811510 0.661756
vt 0.738453 0.396071
vt 0.745984 0.388770
vt 0.737435 0.381523
vt 0.747333 0.396698
vt 0.729503 0.406691
vt 0.909726 0.819291
vt 0.905732 0.817631
vt 0.906235 0.823484
vt 0.734922 0.411503
vt 0.743788 0.409036
vt 0.537520 0.731480
vt 0.631057 0.801058
vt 0.581597 0.728571
vt 0.612685 0.812025
vt 0.601634 0.808081
vt 0.590466 0.733799
vt 0.714088 0.503147
vt 0.708218 0.509828
vt 0.709191 0.496985
vt 0.701396 0.498186
vt 0.721040 0.506051
vt 0.715139 0.514092
vt 0.573210 0.812166
vt 0.588738 0.806431
vt 0.694237 0.515095
vt 0.693628 0.523564
vt 0.685349 0.517101
vt 0.614168 0.726285
vt 0.890840 0.746738
vt 0.897874 0.740288
vt 0.892053 0.740204
vt 0.700203 0.523641
vt 0.707448 0.529954
vt 0.701033 0.533010
vt 0.634185 0.736301
vt 0.632577 0.722344
vt 0.625505 0.725850
vt 0.642535 0.727951
vt 0.712553 0.546057
vt 0.715913 0.539978
vt 0.718399 0.545848
vt 0.707562 0.539648
vt 0.704612 0.546419
vt 0.644259 0.719637
vt 0.717080 0.551556
vt 0.891418 0.717272
vt 0.885104 0.713553
vt 0.885533 0.720944
vt 0.677750 0.713913
vt 0.690365 0.716541
vt 0.752132 0.712063
vt 0.018617 0.686873
vt 0.008945 0.679844
vt 0.423338 0.814471
vt 0.439323 0.825234
vt 0.427905 0.828442
vt 0.035099 0.685448
vt 0.406902 0.834229
vt 0.390076 0.840972
vt 0.380447 0.839205
vt 0.099915 0.688074
vt 0.155435 0.696050
vt 0.164085 0.692988
vt 0.309351 0.672444
vt 0.304817 0.683512
vt 0.021956 0.583935
vt 0.014959 0.569846
vt 0.244985 0.677151
vt 0.253420 0.688939
vt 0.263895 0.692240
vt 0.270903 0.687421
vt 0.717284 0.149054
vt 0.708842 0.171267
vt 0.715524 0.185288
vt 0.732515 0.043637
vt 0.731166 0.051615
vt 0.706183 0.186799
vt 0.722468 0.197914
vt 0.426120 0.740451
vt 0.425548 0.730240
vt 0.418381 0.736305
vt 0.721601 0.217480
vt 0.714454 0.210435
vt 0.713202 0.218041
vt 0.715339 0.224677
vt 0.437962 0.722788
vt 0.432124 0.736416
vt 0.814018 0.192856
vt 0.445879 0.725765
vt 0.024911 0.966289
vt 0.031549 0.976615
vt 0.024438 0.972958
vt 0.785055 0.194321
vt 0.777077 0.201250
vt 0.778044 0.192729
vt 0.813036 0.203180
vt 0.712752 0.237718
vt 0.713951 0.247843
vt 0.724597 0.248343
vt 0.719554 0.255788
vt 0.786685 0.598811
vt 0.801772 0.602725
vt 0.711385 0.255040
vt 0.715567 0.262057
vt 0.721088 0.270294
vt 0.455648 0.737795
vt 0.469475 0.733875
vt 0.458468 0.728885
vt 0.036643 0.973166
vt 0.039179 0.967940
vt 0.043946 0.973432
vt 0.711416 0.267848
vt 0.714184 0.278221
vt 0.719018 0.288166
vt 0.058489 0.969204
vt 0.048641 0.978867
vt 0.811179 0.617361
vt 0.815563 0.606714
vt 0.827389 0.596352
vt 0.826303 0.606439
vt 0.837382 0.595621
vt 0.834922 0.606707
vt 0.829137 0.614789
vt 0.067533 0.970131
vt 0.932897 0.863202
vt 0.077986 0.977284
vt 0.071090 0.980087
vt 0.923242 0.843020
vt 0.507007 0.716953
vt 0.492573 0.724437
vt 0.505809 0.725143
vt 0.089535 0.976689
vt 0.083071 0.980012
vt 0.935608 0.850804
vt 0.931729 0.846322
vt 0.830226 0.643115
vt 0.832887 0.635293
vt 0.737136 0.363316
vt 0.727470 0.371018
vt 0.928171 0.832250
vt 0.923519 0.825474
vt 0.922668 0.833246
vt 0.914958 0.816186
vt 0.730103 0.397045
vt 0.542054 0.722079
vt 0.521477 0.723123
vt 0.910594 0.806005
vt 0.903666 0.810149
vt 0.847005 0.660880
vt 0.841360 0.662046
vt 0.851206 0.673890
vt 0.852992 0.666244
vt 0.899820 0.797249
vt 0.907095 0.795900
vt 0.897966 0.805078
vt 0.857999 0.670410
vt 0.741016 0.423083
vt 0.728042 0.430727
vt 0.736539 0.433302
vt 0.742954 0.429657
vt 0.555351 0.724514
vt 0.855869 0.681084
vt 0.861434 0.677386
vt 0.573503 0.723473
vt 0.909295 0.787104
vt 0.912947 0.792775
vt 0.915161 0.783045
vt 0.850143 0.687195
vt 0.842790 0.690135
vt 0.847692 0.694421
vt 0.867121 0.687612
vt 0.871645 0.682546
vt 0.622518 0.811207
vt 0.614922 0.803599
vt 0.901762 0.773564
vt 0.904005 0.778446
vt 0.907167 0.772940
vt 0.731259 0.483181
vt 0.736041 0.488968
vt 0.727540 0.491358
vt 0.716610 0.485251
vt 0.725001 0.485356
vt 0.712614 0.490599
vt 0.860841 0.691524
vt 0.865905 0.695428
vt 0.593979 0.721413
vt 0.733286 0.494043
vt 0.726560 0.500161
vt 0.694836 0.507318
vt 0.693116 0.498455
vt 0.874442 0.694660
vt 0.878127 0.700000
vt 0.881987 0.692904
vt 0.877766 0.690382
vt 0.681138 0.487507
vt 0.695137 0.492247
vt 0.684321 0.498865
vt 0.597971 0.728220
vt 0.895551 0.767703
vt 0.890808 0.754538
vt 0.890336 0.762085
vt 0.686547 0.506525
vt 0.607180 0.715622
vt 0.602040 0.738161
vt 0.580455 0.815670
vt 0.616147 0.715057
vt 0.903603 0.753504
vt 0.904573 0.744094
vt 0.684539 0.523698
vt 0.693830 0.533683
vt 0.561710 0.818276
vt 0.675156 0.532449
vt 0.684390 0.536919
vt 0.561596 0.810056
vt 0.899520 0.323310
vt 0.893552 0.321664
vt 0.894011 0.328622
vt 0.546399 0.825500
vt 0.549703 0.812170
vt 0.891003 0.722912
vt 0.896884 0.720654
vt 0.891511 0.710899
vt 0.900441 0.711459
vt 0.895030 0.309573
vt 0.896140 0.301846
vt 0.888889 0.304585
vt 0.881726 0.312871
vt 0.892399 0.315270
vt 0.534291 0.820281
vt 0.548176 0.803436
vt 0.645725 0.711209
vt 0.895519 0.706566
vt 0.878485 0.296996
vt 0.880560 0.305464
vt 0.884135 0.299356
vt 0.516920 0.815780
vt 0.503407 0.823439
vt 0.454494 0.825595
vt 0.730764 0.721118
vt 0.738126 0.713296
vt 0.731670 0.702027
vt 0.747815 0.699341
vt 0.740471 0.692781
vt 0.025968 0.700480
vt 0.409656 0.843383
vt 0.041989 0.701780
vt 0.048888 0.686327
vt 0.064848 0.680143
vt 0.064117 0.698646
vt 0.367137 0.835390
vt 0.362948 0.846074
vt 0.349684 0.844144
vt 0.356852 0.834434
vt 0.132479 0.701234
vt 0.115183 0.698830
vt 0.145442 0.705166
vt 0.026308 0.601957
vt 0.037092 0.611577
vt 0.032524 0.609266
vt 0.221598 0.701949
vt 0.222310 0.689634
vt 0.239152 0.694813
vt 0.012269 0.586100
vt 0.008713 0.577516
vt 0.278916 0.701742
vt 0.277101 0.687094
vt 0.286523 0.698152
vt 0.292951 0.687173
vt 0.705451 0.163962
vt 0.720538 0.044585
vt 0.720253 0.054965
vt 0.727549 0.028242
vt 0.714694 0.032658
vt 0.731352 0.033992
vt 0.740547 0.030778
vt 0.704887 0.197111
vt 0.710429 0.203253
vt 0.715380 0.199407
vt 0.775151 0.257380
vt 0.770729 0.253132
vt 0.776859 0.248759
vt 0.775841 0.179357
vt 0.782843 0.184753
vt 0.781799 0.176444
vt 0.796667 0.184559
vt 0.806240 0.183343
vt 0.777730 0.261312
vt 0.769071 0.271469
vt 0.765053 0.265625
vt 0.765495 0.277436
vt 0.761532 0.270949
vt 0.823043 0.194449
vt 0.830011 0.190008
vt 0.824010 0.187446
vt 0.709003 0.230067
vt 0.025113 0.959051
vt 0.031849 0.967199
vt 0.791597 0.585190
vt 0.798785 0.586201
vt 0.705858 0.241369
vt 0.875577 0.558485
vt 0.868850 0.556963
vt 0.869013 0.562642
vt 0.810564 0.597008
vt 0.806435 0.586308
vt 0.819940 0.586829
vt 0.838600 0.585818
vt 0.850372 0.581788
vt 0.841964 0.573855
vt 0.851444 0.569760
vt 0.858818 0.576946
vt 0.866203 0.573100
vt 0.862349 0.569389
vt 0.877204 0.566431
vt 0.708227 0.248483
vt 0.886013 0.562598
vt 0.882330 0.558510
vt 0.993234 0.179135
vt 0.999546 0.176775
vt 0.995390 0.171325
vt 0.039322 0.961396
vt 0.046423 0.965976
vt 0.878560 0.573523
vt 0.990459 0.168000
vt 0.989754 0.153850
vt 0.985036 0.162594
vt 0.885455 0.568351
vt 0.985253 0.175463
vt 0.986764 0.184777
vt 0.844011 0.598136
vt 0.848057 0.590153
vt 0.855072 0.586409
vt 0.856099 0.593890
vt 0.861481 0.581999
vt 0.861797 0.590064
vt 0.868436 0.582135
vt 0.866499 0.587030
vt 0.874654 0.577269
vt 0.705554 0.289621
vt 0.705013 0.298022
vt 0.718410 0.305601
vt 0.065620 0.960708
vt 0.053201 0.960442
vt 0.835595 0.618651
vt 0.838391 0.610308
vt 0.844795 0.606661
vt 0.994841 0.118892
vt 0.997023 0.112022
vt 0.991528 0.114239
vt 0.850835 0.597005
vt 0.849550 0.601359
vt 0.843281 0.614796
vt 0.727097 0.336857
vt 0.725818 0.324368
vt 0.717086 0.336887
vt 0.483123 0.720662
vt 0.491323 0.715198
vt 0.078859 0.963610
vt 0.078455 0.971429
vt 0.838501 0.640470
vt 0.844137 0.635327
vt 0.839193 0.632571
vt 0.999546 0.081284
vt 0.993712 0.084824
vt 0.998597 0.090130
vt 0.994590 0.096139
vt 0.992913 0.091462
vt 0.987775 0.094518
vt 0.098450 0.973826
vt 0.097455 0.980748
vt 0.514797 0.711514
vt 0.935251 0.830312
vt 0.929457 0.824313
vt 0.837699 0.649500
vt 0.846148 0.653884
vt 0.843505 0.646332
vt 0.704897 0.379070
vt 0.714824 0.393433
vt 0.931624 0.815592
vt 0.935967 0.822011
vt 0.919298 0.812080
vt 0.722228 0.414851
vt 0.731927 0.421651
vt 0.534627 0.711233
vt 0.545838 0.703507
vt 0.709500 0.457333
vt 0.711993 0.464581
vt 0.706154 0.462315
vt 0.865244 0.671816
vt 0.705151 0.467459
vt 0.696782 0.466750
vt 0.700190 0.472711
vt 0.694260 0.473186
vt 0.731378 0.438388
vt 0.727349 0.441742
vt 0.736668 0.440194
vt 0.569977 0.710703
vt 0.557669 0.712954
vt 0.920740 0.789459
vt 0.926287 0.791630
vt 0.926587 0.786164
vt 0.691026 0.479204
vt 0.689359 0.470810
vt 0.871288 0.675724
vt 0.877100 0.674682
vt 0.677375 0.471698
vt 0.626084 0.816040
vt 0.623664 0.821111
vt 0.613429 0.823353
vt 0.580726 0.715850
vt 0.883173 0.687461
vt 0.881823 0.679543
vt 0.692139 0.487313
vt 0.596228 0.713310
vt 0.586179 0.700984
vt 0.668372 0.491345
vt 0.672858 0.482106
vt 0.655435 0.505216
vt 0.643259 0.502233
vt 0.651951 0.492500
vt 0.606463 0.493540
vt 0.611840 0.500497
vt 0.601968 0.504454
vt 0.674609 0.497364
vt 0.672393 0.502455
vt 0.594564 0.507906
vt 0.597407 0.499526
vt 0.593969 0.821578
vt 0.613651 0.507389
vt 0.601845 0.511196
vt 0.566287 0.828139
vt 0.609433 0.514635
vt 0.604867 0.520897
vt 0.594363 0.515868
vt 0.668770 0.523446
vt 0.676857 0.523024
vt 0.631893 0.705327
vt 0.623963 0.709573
vt 0.915050 0.728330
vt 0.912180 0.740018
vt 0.919093 0.734631
vt 0.921085 0.718403
vt 0.920416 0.728811
vt 0.917722 0.713130
vt 0.895954 0.334587
vt 0.878027 0.341497
vt 0.895503 0.342155
vt 0.889709 0.339994
vt 0.672232 0.539312
vt 0.673320 0.545264
vt 0.665976 0.543597
vt 0.875510 0.324457
vt 0.912919 0.699307
vt 0.871014 0.314678
vt 0.907326 0.695191
vt 0.866721 0.297433
vt 0.863066 0.301126
vt 0.871927 0.307220
vt 0.490461 0.835077
vt 0.515472 0.837964
vt 0.723784 0.700409
vt 0.712526 0.688184
vt 0.715838 0.705265
vt 0.459694 0.834768
vt 0.460263 0.843190
vt 0.013794 0.696484
vt 0.416069 0.847524
vt 0.371300 0.849074
vt 0.088943 0.705107
vt 0.082593 0.693365
vt 0.349840 0.854573
vt 0.338445 0.854548
vt 0.020290 0.612887
vt 0.319867 0.844194
vt 0.324660 0.842971
vt 0.326973 0.853399
vt 0.204155 0.695395
vt 0.334584 0.689401
vt 0.324199 0.700463
vt 0.325152 0.689642
vt 0.337868 0.695531
vt 0.017196 0.594420
vt 0.007720 0.591390
vt 0.299803 0.701278
vt 0.712870 0.103120
vt 0.701815 0.092560
vt 0.687790 0.173166
vt 0.689481 0.178895
vt 0.718468 0.029822
vt 0.784472 0.257795
vt 0.784546 0.249719
vt 0.783358 0.265976
vt 0.784910 0.170831
vt 0.778954 0.166454
vt 0.803765 0.176046
vt 0.791519 0.175730
vt 0.771090 0.277402
vt 0.778166 0.270324
vt 0.854068 0.550254
vt 0.848349 0.548000
vt 0.848693 0.554309
vt 0.030158 0.956591
vt 0.020401 0.954413
vt 0.023375 0.947678
vt 0.838662 0.564082
vt 0.845639 0.562128
vt 0.842108 0.557563
vt 0.856673 0.557073
vt 0.857532 0.551364
vt 0.833606 0.184401
vt 0.836893 0.192948
vt 0.815649 0.581313
vt 0.857957 0.188171
vt 0.870022 0.195707
vt 0.869438 0.189559
vt 0.829722 0.576719
vt 0.830753 0.581463
vt 0.832604 0.572158
vt 0.852389 0.561240
vt 0.862951 0.554926
vt 0.045345 0.959124
vt 0.031935 0.949189
vt 0.823263 0.579733
vt 0.990357 0.173317
vt 0.708150 0.276195
vt 0.703498 0.283336
vt 0.042876 0.951088
vt 0.982207 0.156097
vt 0.987065 0.122547
vt 0.995729 0.123469
vt 0.993029 0.129031
vt 0.985095 0.129539
vt 0.991050 0.135652
vt 0.988714 0.140821
vt 0.989288 0.101831
vt 0.983961 0.107521
vt 0.696986 0.329801
vt 0.704595 0.344592
vt 0.986953 0.088546
vt 0.988565 0.082526
vt 0.983565 0.082912
vt 0.501346 0.709989
vt 0.466885 0.047992
vt 0.462377 0.044436
vt 0.467723 0.040526
vt 0.460713 0.051071
vt 0.727985 0.361321
vt 0.702047 0.366814
vt 0.100051 0.965400
vt 0.091782 0.969940
vt 0.106706 0.972314
vt 0.476917 0.035564
vt 0.465840 0.032519
vt 0.925514 0.809768
vt 0.932975 0.810058
vt 0.931043 0.802950
vt 0.113487 0.976170
vt 0.111800 0.965938
vt 0.119077 0.974674
vt 0.485821 0.030774
vt 0.486346 0.039108
vt 0.716084 0.426214
vt 0.126357 0.976618
vt 0.126616 0.969453
vt 0.140774 0.976008
vt 0.925173 0.797431
vt 0.511841 0.024294
vt 0.510419 0.031665
vt 0.503509 0.024558
vt 0.687392 0.463404
vt 0.646131 0.473210
vt 0.636584 0.476189
vt 0.638407 0.466780
vt 0.629687 0.469636
vt 0.719869 0.440807
vt 0.626524 0.828570
vt 0.622370 0.835236
vt 0.143592 0.982017
vt 0.149345 0.983138
vt 0.137905 0.981894
vt 0.926025 0.780562
vt 0.668863 0.470832
vt 0.662743 0.468064
vt 0.649934 0.481004
vt 0.621824 0.472607
vt 0.621326 0.486449
vt 0.615214 0.483109
vt 0.602452 0.485514
vt 0.614210 0.473215
vt 0.577185 0.700649
vt 0.926162 0.772412
vt 0.919409 0.771695
vt 0.661601 0.488058
vt 0.656670 0.484113
vt 0.642033 0.486161
vt 0.622205 0.494637
vt 0.614053 0.492186
vt 0.170030 0.980024
vt 0.157813 0.983998
vt 0.166199 0.986549
vt 0.172993 0.985804
vt 0.590353 0.502286
vt 0.581306 0.508085
vt 0.592647 0.524998
vt 0.600467 0.531386
vt 0.582554 0.520676
vt 0.583327 0.531846
vt 0.573557 0.528133
vt 0.539598 0.527880
vt 0.527562 0.519101
vt 0.533208 0.515893
vt 0.523698 0.522813
vt 0.525166 0.530020
vt 0.629757 0.527874
vt 0.639495 0.532822
vt 0.627723 0.537807
vt 0.611613 0.531356
vt 0.611519 0.538663
vt 0.594363 0.536634
vt 0.535924 0.532332
vt 0.549189 0.536187
vt 0.640263 0.696057
vt 0.927216 0.720438
vt 0.925862 0.726624
vt 0.666228 0.532288
vt 0.660370 0.541852
vt 0.884276 0.375989
vt 0.889614 0.388445
vt 0.891915 0.373100
vt 0.895458 0.385140
vt 0.894958 0.395130
vt 0.885152 0.391476
vt 0.888964 0.402289
vt 0.896658 0.401233
vt 0.541986 0.540124
vt 0.877301 0.349900
vt 0.871509 0.342543
vt 0.878509 0.360575
vt 0.884800 0.361829
vt 0.885129 0.413570
vt 0.891752 0.416146
vt 0.919837 0.700048
vt 0.911483 0.709227
vt 0.864164 0.308786
vt 0.861893 0.315941
vt 0.920046 0.689165
vt 0.925106 0.697076
vt 0.914865 0.687018
vt 0.902341 0.690302
vt 0.898746 0.695865
vt 0.896480 0.691425
vt 0.853356 0.309640
vt 0.850607 0.286092
vt 0.844719 0.292911
vt 0.853348 0.293977
vt 0.849021 0.299717
vt 0.855854 0.301490
vt 0.747451 0.678091
vt 0.753050 0.684496
vt 0.758197 0.697057
vt 0.758538 0.689332
vt 0.035577 0.719781
vt 0.028638 0.714853
vt 0.067083 0.713938
vt 0.053902 0.712583
vt 0.392353 0.854949
vt 0.399024 0.853192
vt 0.379180 0.855479
vt 0.360074 0.858830
vt 0.119633 0.710587
vt 0.100398 0.715043
vt 0.313932 0.854706
vt 0.308970 0.863353
vt 0.302596 0.853287
vt 0.322337 0.862625
vt 0.200035 0.712083
vt 0.345206 0.695349
vt 0.333877 0.704567
vt 0.348420 0.702547
vt 0.236895 0.716921
vt 0.246475 0.703790
vt 0.258349 0.719529
vt 0.274106 0.708202
vt 0.266388 0.712627
vt 0.255964 0.697282
vt 0.687091 0.156854
vt 0.679049 0.167291
vt 0.696371 0.046411
vt 0.713577 0.061684
vt 0.702178 0.033881
vt 0.678209 0.180089
vt 0.693106 0.190575
vt 0.698620 0.187765
vt 0.685997 0.189684
vt 0.793067 0.258974
vt 0.791323 0.251641
vt 0.793629 0.265987
vt 0.771765 0.156827
vt 0.770121 0.165817
vt 0.795310 0.166117
vt 0.816037 0.178908
vt 0.840986 0.175655
vt 0.821858 0.169566
vt 0.789631 0.272076
vt 0.762091 0.164670
vt 0.759764 0.172794
vt 0.767376 0.170300
vt 0.874176 0.178326
vt 0.876095 0.186436
vt 0.882283 0.181585
vt 0.894572 0.182493
vt 0.887253 0.180839
vt 0.891954 0.189278
vt 0.898728 0.187297
vt 0.858849 0.178925
vt 0.845577 0.183760
vt 0.868670 0.181348
vt 0.875032 0.193250
vt 0.829526 0.566181
vt 0.043252 0.945576
vt 0.058982 0.954853
vt 0.976564 0.138584
vt 0.978217 0.151441
vt 0.973389 0.164829
vt 0.977963 0.172839
vt 0.695532 0.286537
vt 0.695186 0.296693
vt 0.482270 0.705901
vt 0.497583 0.698777
vt 0.923955 0.442085
vt 0.927809 0.435595
vt 0.932203 0.441600
vt 0.925664 0.447702
vt 0.465634 0.056183
vt 0.458947 0.057552
vt 0.095217 0.954001
vt 0.088158 0.960685
vt 0.103675 0.956515
vt 0.533321 0.700528
vt 0.133441 0.959576
vt 0.706433 0.422338
vt 0.496327 0.033126
vt 0.503184 0.040698
vt 0.636824 0.459586
vt 0.629787 0.458671
vt 0.679460 0.465032
vt 0.037522 0.241967
vt 0.039410 0.247810
vt 0.046924 0.243731
vt 0.668325 0.463170
vt 0.661184 0.461680
vt 0.656545 0.468699
vt 0.651921 0.465946
vt 0.033675 0.297758
vt 0.035738 0.288053
vt 0.030112 0.292916
vt 0.619543 0.461446
vt 0.567017 0.693728
vt 0.558767 0.699564
vt 0.655499 0.475837
vt 0.031577 0.304809
vt 0.022930 0.305089
vt 0.025413 0.313210
vt 0.166548 0.973547
vt 0.141463 0.968394
vt 0.589819 0.495141
vt 0.578926 0.485706
vt 0.596342 0.478549
vt 0.585997 0.476880
vt 0.604535 0.841039
vt 0.602374 0.833106
vt 0.581569 0.494156
vt 0.586704 0.832745
vt 0.521891 0.497649
vt 0.524074 0.512399
vt 0.517455 0.504239
vt 0.186275 0.976001
vt 0.183035 0.984310
vt 0.542947 0.509641
vt 0.530540 0.508236
vt 0.209575 0.984245
vt 0.563651 0.524972
vt 0.556611 0.523628
vt 0.560296 0.516980
vt 0.548679 0.520293
vt 0.508751 0.515942
vt 0.516905 0.515157
vt 0.517197 0.525168
vt 0.202382 0.988157
vt 0.204884 0.994573
vt 0.547566 0.528008
vt 0.557352 0.531989
vt 0.220082 0.989135
vt 0.211612 0.994448
vt 0.887600 0.369382
vt 0.586424 0.539838
vt 0.597139 0.544463
vt 0.589830 0.546646
vt 0.556503 0.538558
vt 0.541133 0.544637
vt 0.531490 0.538421
vt 0.533383 0.544982
vt 0.519366 0.537355
vt 0.525744 0.545151
vt 0.219344 0.995268
vt 0.871518 0.370477
vt 0.874784 0.380693
vt 0.874520 0.397322
vt 0.882429 0.403627
vt 0.888718 0.437104
vt 0.881533 0.423846
vt 0.877388 0.429733
vt 0.889698 0.423622
vt 0.555935 0.546290
vt 0.550504 0.551556
vt 0.544351 0.549335
vt 0.900514 0.480144
vt 0.889414 0.487043
vt 0.894223 0.488722
vt 0.891809 0.498022
vt 0.899016 0.494958
vt 0.518440 0.545015
vt 0.513428 0.550817
vt 0.513314 0.542688
vt 0.537762 0.840958
vt 0.859238 0.341680
vt 0.865780 0.352536
vt 0.532620 0.831252
vt 0.667569 0.697715
vt 0.683700 0.687342
vt 0.657942 0.678650
vt 0.853357 0.320797
vt 0.850122 0.331201
vt 0.861286 0.324633
vt 0.918456 0.679556
vt 0.926850 0.679986
vt 0.840000 0.302787
vt 0.845278 0.309518
vt 0.846899 0.319484
vt 0.836719 0.280264
vt 0.835214 0.288732
vt 0.841939 0.287093
vt 0.830762 0.298642
vt 0.708676 0.673448
vt 0.701873 0.693196
vt 0.753934 0.677421
vt 0.408994 0.864603
vt 0.398917 0.862641
vt 0.403479 0.856200
vt 0.390580 0.861090
vt 0.077615 0.721967
vt 0.376822 0.864472
vt 0.359544 0.865348
vt 0.147360 0.721466
vt 0.134456 0.718820
vt 0.327841 0.869660
vt 0.339623 0.861330
vt 0.342551 0.867223
vt 0.157453 0.710057
vt 0.166889 0.711101
vt 0.157944 0.720616
vt 0.331122 0.861037
vt 0.297331 0.865784
vt 0.298441 0.859722
vt 0.317679 0.869874
vt 0.308619 0.871077
vt 0.348598 0.709055
vt 0.334440 0.716711
vt 0.298794 0.871770
vt 0.294546 0.706282
vt 0.308515 0.710877
vt 0.298143 0.717973
vt 0.320482 0.710620
vt 0.321374 0.718437
vt 0.703373 0.140487
vt 0.677895 0.144875
vt 0.696138 0.148011
vt 0.696949 0.038509
vt 0.707314 0.044000
vt 0.677590 0.187378
vt 0.794878 0.245069
vt 0.802811 0.243819
vt 0.802336 0.251370
vt 0.699361 0.027535
vt 0.706396 0.025501
vt 0.701240 0.020846
vt 0.416835 0.695065
vt 0.413439 0.713923
vt 0.420253 0.711036
vt 0.767247 0.158249
vt 0.782075 0.159426
vt 0.811672 0.155822
vt 0.798143 0.154843
vt 0.806826 0.167040
vt 0.802009 0.264861
vt 0.425464 0.703749
vt 0.429170 0.717765
vt 0.827043 0.163324
vt 0.848515 0.167642
vt 0.887707 0.172604
vt 0.881768 0.172178
vt 0.800902 0.268167
vt 0.795175 0.272168
vt 0.438198 0.696102
vt 0.436576 0.710764
vt 0.018278 0.933929
vt 0.021743 0.928381
vt 0.024394 0.940408
vt 0.027340 0.932224
vt 0.031783 0.935701
vt 0.059701 0.937336
vt 0.058316 0.946963
vt 0.039615 0.936452
vt 0.968638 0.136753
vt 0.965172 0.149894
vt 0.965050 0.175136
vt 0.971303 0.180227
vt 0.688763 0.292140
vt 0.979007 0.123081
vt 0.972642 0.117289
vt 0.972200 0.124186
vt 0.685341 0.300531
vt 0.687017 0.316742
vt 0.697278 0.306787
vt 0.944597 0.437982
vt 0.943844 0.449930
vt 0.938249 0.446248
vt 0.928868 0.453766
vt 0.703189 0.321179
vt 0.080008 0.942413
vt 0.071010 0.948756
vt 0.070762 0.940311
vt 0.950334 0.433978
vt 0.943882 0.430538
vt 0.097960 0.947421
vt 0.081650 0.953681
vt 0.471353 0.065416
vt 0.466437 0.069081
vt 0.461291 0.062540
vt 0.936994 0.430775
vt 0.939131 0.424444
vt 0.474734 0.044014
vt 0.471256 0.057362
vt 0.493305 0.052496
vt 0.484671 0.054982
vt 0.492522 0.044444
vt 0.498799 0.045511
vt 0.509986 0.049623
vt 0.502819 0.056603
vt 0.696395 0.416528
vt 0.038290 0.274275
vt 0.044783 0.277904
vt 0.043462 0.267354
vt 0.035589 0.281468
vt 0.042779 0.284742
vt 0.041920 0.291894
vt 0.697188 0.426927
vt 0.545598 0.686816
vt 0.040446 0.258704
vt 0.046672 0.252933
vt 0.050391 0.269659
vt 0.048594 0.260141
vt 0.034118 0.266030
vt 0.041091 0.322857
vt 0.041411 0.298542
vt 0.033583 0.322795
vt 0.714350 0.445669
vt 0.699770 0.444324
vt 0.558660 0.684209
vt 0.507997 0.482016
vt 0.514315 0.485804
vt 0.507881 0.489304
vt 0.572642 0.682791
vt 0.027356 0.332420
vt 0.022393 0.323176
vt 0.577667 0.479423
vt 0.027252 0.341164
vt 0.034385 0.334848
vt 0.569902 0.483986
vt 0.529891 0.496838
vt 0.521727 0.482236
vt 0.536074 0.493571
vt 0.605883 0.854165
vt 0.616565 0.842419
vt 0.586591 0.683232
vt 0.512480 0.494877
vt 0.504500 0.496168
vt 0.509520 0.504275
vt 0.556869 0.496867
vt 0.565550 0.498914
vt 0.563642 0.508849
vt 0.552764 0.514540
vt 0.545374 0.494960
vt 0.612482 0.679972
vt 0.602829 0.683280
vt 0.613639 0.698959
vt 0.622564 0.688353
vt 0.224562 0.980776
vt 0.198737 0.970409
vt 0.510626 0.537051
vt 0.508102 0.546167
vt 0.497882 0.538981
vt 0.507214 0.532192
vt 0.503545 0.542119
vt 0.501496 0.548420
vt 0.553908 0.856179
vt 0.550504 0.844550
vt 0.566879 0.842517
vt 0.867916 0.383006
vt 0.880853 0.436083
vt 0.885562 0.443862
vt 0.885169 0.494360
vt 0.859028 0.367550
vt 0.858085 0.381343
vt 0.867056 0.399874
vt 0.862618 0.389304
vt 0.873747 0.423033
vt 0.876279 0.442788
vt 0.881057 0.490269
vt 0.231260 0.993307
vt 0.235641 0.986140
vt 0.237937 0.992765
vt 0.850976 0.346961
vt 0.857290 0.354419
vt 0.243517 0.990738
vt 0.249236 0.980618
vt 0.250188 0.989140
vt 0.838701 0.318579
vt 0.526400 0.844683
vt 0.527171 0.854560
vt 0.511296 0.850743
vt 0.825495 0.285874
vt 0.832183 0.276889
vt 0.721137 0.673875
vt 0.013743 0.704821
vt 0.022993 0.724471
vt 0.010009 0.724516
vt 0.071379 0.735298
vt 0.055037 0.728404
vt 0.365993 0.870697
vt 0.392375 0.866977
vt 0.154040 0.733734
vt 0.168938 0.726625
vt 0.337281 0.874993
vt 0.328583 0.876664
vt 0.230976 0.729083
vt 0.223977 0.717643
vt 0.343598 0.716727
vt 0.352655 0.721527
vt 0.341598 0.729520
vt 0.331061 0.725407
vt 0.701348 0.083452
vt 0.678486 0.090471
vt 0.668814 0.173661
vt 0.689868 0.030485
vt 0.811005 0.244350
vt 0.766365 0.150707
vt 0.776799 0.151812
vt 0.803289 0.145507
vt 0.809407 0.264614
vt 0.807430 0.257525
vt 0.013020 0.927819
vt 0.839414 0.157382
vt 0.856734 0.159365
vt 0.884788 0.160140
vt 0.878334 0.162687
vt 0.889992 0.165582
vt 0.807174 0.269948
vt 0.866215 0.171384
vt 0.874830 0.170020
vt 0.869263 0.163797
vt 0.040665 0.929275
vt 0.963691 0.130130
vt 0.961791 0.138771
vt 0.962759 0.184112
vt 0.959165 0.168348
vt 0.681078 0.293268
vt 0.069480 0.926970
vt 0.054194 0.931548
vt 0.965793 0.118442
vt 0.971078 0.111400
vt 0.962695 0.109956
vt 0.957074 0.437880
vt 0.964553 0.443055
vt 0.958006 0.444579
vt 0.962343 0.436841
vt 0.951348 0.441937
vt 0.956401 0.451089
vt 0.462307 0.076125
vt 0.455650 0.080778
vt 0.454776 0.075705
vt 0.458796 0.069239
vt 0.102041 0.936704
vt 0.468361 0.077226
vt 0.683025 0.348871
vt 0.695525 0.358834
vt 0.694850 0.351891
vt 0.479352 0.067736
vt 0.478615 0.059740
vt 0.681056 0.368851
vt 0.116814 0.942434
vt 0.488778 0.060476
vt 0.496856 0.061905
vt 0.489838 0.073965
vt 0.688186 0.398458
vt 0.686312 0.410813
vt 0.713787 0.402179
vt 0.048940 0.288898
vt 0.048963 0.281810
vt 0.139991 0.945071
vt 0.123873 0.954810
vt 0.050356 0.294267
vt 0.048945 0.301448
vt 0.046596 0.316556
vt 0.150559 0.950398
vt 0.151284 0.963883
vt 0.054964 0.255417
vt 0.057350 0.263416
vt 0.025551 0.403355
vt 0.033794 0.399611
vt 0.028837 0.394952
vt 0.529951 0.474852
vt 0.525679 0.480150
vt 0.523085 0.475020
vt 0.515581 0.478960
vt 0.036766 0.343640
vt 0.032204 0.348533
vt 0.564775 0.471524
vt 0.569469 0.476381
vt 0.562382 0.481805
vt 0.555673 0.485894
vt 0.552840 0.478887
vt 0.548653 0.484739
vt 0.538835 0.484280
vt 0.543090 0.476804
vt 0.563878 0.489468
vt 0.497310 0.500157
vt 0.500291 0.495261
vt 0.498828 0.508020
vt 0.909160 0.332666
vt 0.906903 0.340814
vt 0.914271 0.330228
vt 0.908095 0.348489
vt 0.914947 0.355538
vt 0.907533 0.356371
vt 0.619421 0.673711
vt 0.500778 0.530270
vt 0.494805 0.528823
vt 0.498177 0.522851
vt 0.488390 0.546368
vt 0.496281 0.545702
vt 0.885709 0.503011
vt 0.877148 0.506067
vt 0.882845 0.511041
vt 0.861740 0.429479
vt 0.863347 0.439627
vt 0.875741 0.450630
vt 0.237567 0.979173
vt 0.842009 0.328342
vt 0.839229 0.341676
vt 0.844195 0.357345
vt 0.511532 0.862069
vt 0.528467 0.863293
vt 0.819472 0.283137
vt 0.825883 0.277993
vt 0.821514 0.291903
vt 0.820630 0.299571
vt 0.827739 0.310719
vt 0.014104 0.739419
vt 0.010977 0.732183
vt 0.424114 0.873794
vt 0.418427 0.869072
vt 0.431721 0.867934
vt 0.040993 0.734013
vt 0.030784 0.738507
vt 0.412674 0.874883
vt 0.404265 0.876353
vt 0.133518 0.731424
vt 0.110351 0.736384
vt 0.115181 0.724473
vt 0.337657 0.881878
vt 0.324847 0.882879
vt 0.180965 0.740815
vt 0.178018 0.719010
vt 0.168939 0.744615
vt 0.317936 0.877815
vt 0.310488 0.885974
vt 0.319621 0.890036
vt 0.354678 0.729209
vt 0.305414 0.725419
vt 0.327571 0.733792
vt 0.284777 0.721340
vt 0.295725 0.730362
vt 0.287430 0.735382
vt 0.325421 0.742092
vt 0.307347 0.739654
vt 0.688184 0.115209
vt 0.691698 0.106393
vt 0.666306 0.112092
vt 0.681479 0.123601
vt 0.664637 0.119810
vt 0.666697 0.134383
vt 0.681131 0.130896
vt 0.665228 0.126865
vt 0.649040 0.161878
vt 0.660946 0.155918
vt 0.675654 0.033753
vt 0.673608 0.040703
vt 0.687193 0.021993
vt 0.820911 0.246019
vt 0.818994 0.251738
vt 0.409440 0.683846
vt 0.402931 0.690788
vt 0.409791 0.695547
vt 0.776941 0.142920
vt 0.768518 0.145732
vt 0.818466 0.266866
vt 0.813624 0.268852
vt 0.815727 0.263040
vt 0.822921 0.257666
vt 0.890786 0.158974
vt 0.895208 0.162951
vt 0.024877 0.918543
vt 0.876310 0.150922
vt 0.880795 0.152335
vt 0.031795 0.919663
vt 0.950511 0.128773
vt 0.947827 0.148765
vt 0.953448 0.144441
vt 0.966218 0.161685
vt 0.941686 0.160750
vt 0.941584 0.171308
vt 0.970083 0.452853
vt 0.968199 0.456091
vt 0.963260 0.448992
vt 0.955294 0.093635
vt 0.949599 0.105912
vt 0.958257 0.098509
vt 0.955922 0.110327
vt 0.951167 0.113565
vt 0.957838 0.122616
vt 0.950762 0.189993
vt 0.940800 0.180810
vt 0.675144 0.291765
vt 0.469544 0.673713
vt 0.459501 0.683169
vt 0.476937 0.688875
vt 0.057393 0.921826
vt 0.960161 0.456313
vt 0.485832 0.674217
vt 0.488568 0.691193
vt 0.077644 0.915813
vt 0.459620 0.088803
vt 0.465530 0.085962
vt 0.116713 0.928074
vt 0.679650 0.377890
vt 0.674860 0.396672
vt 0.507349 0.073180
vt 0.556448 0.668483
vt 0.541077 0.665990
vt 0.509579 0.066175
vt 0.516600 0.061617
vt 0.509017 0.056422
vt 0.057702 0.278951
vt 0.060693 0.286182
vt 0.062372 0.294829
vt 0.067505 0.239734
vt 0.061062 0.239711
vt 0.067787 0.245521
vt 0.063868 0.258153
vt 0.051345 0.336305
vt 0.054213 0.327573
vt 0.042290 0.376204
vt 0.036463 0.382229
vt 0.043065 0.383950
vt 0.030590 0.387899
vt 0.035161 0.390965
vt 0.043116 0.393439
vt 0.045711 0.342190
vt 0.037999 0.352600
vt 0.031930 0.407588
vt 0.032156 0.416818
vt 0.039050 0.412480
vt 0.686547 0.447325
vt 0.679463 0.442771
vt 0.553605 0.471019
vt 0.560011 0.474944
vt 0.920577 0.323259
vt 0.913296 0.321952
vt 0.606349 0.868628
vt 0.616660 0.860405
vt 0.924500 0.329458
vt 0.922112 0.354919
vt 0.919759 0.333697
vt 0.926324 0.370205
vt 0.920076 0.367125
vt 0.631551 0.683511
vt 0.625258 0.671851
vt 0.919577 0.373489
vt 0.920725 0.379965
vt 0.926744 0.377490
vt 0.547655 0.868806
vt 0.567703 0.861449
vt 0.638961 0.672173
vt 0.647985 0.661579
vt 0.876984 0.515973
vt 0.830298 0.397818
vt 0.849918 0.395372
vt 0.854014 0.444403
vt 0.870683 0.512476
vt 0.872529 0.518058
vt 0.230967 0.964716
vt 0.242622 0.964729
vt 0.848945 0.376541
vt 0.853215 0.426380
vt 0.859959 0.459311
vt 0.876876 0.464122
vt 0.862366 0.468832
vt 0.876618 0.473852
vt 0.861962 0.475587
vt 0.874778 0.480615
vt 0.862662 0.482364
vt 0.865145 0.490440
vt 0.823153 0.336598
vt 0.825257 0.326869
vt 0.521207 0.871667
vt 0.812268 0.280965
vt 0.814844 0.287492
vt 0.259976 0.973389
vt 0.266987 0.976583
vt 0.259385 0.980714
vt 0.806886 0.285411
vt 0.800955 0.295835
vt 0.814841 0.294940
vt 0.707708 0.654201
vt 0.698726 0.669765
vt 0.412553 0.881250
vt 0.050692 0.744016
vt 0.097352 0.729680
vt 0.096968 0.744320
vt 0.086684 0.737643
vt 0.331433 0.890156
vt 0.349476 0.888317
vt 0.190430 0.732252
vt 0.199639 0.737291
vt 0.192994 0.746828
vt 0.297884 0.896695
vt 0.301289 0.885316
vt 0.235111 0.742661
vt 0.258906 0.735039
vt 0.263185 0.741686
vt 0.270838 0.729072
vt 0.273589 0.744032
vt 0.339690 0.741266
vt 0.347575 0.734633
vt 0.349947 0.741187
vt 0.658825 0.098983
vt 0.674646 0.102248
vt 0.678725 0.019861
vt 0.832750 0.241330
vt 0.818063 0.241154
vt 0.768657 0.140648
vt 0.773196 0.135244
vt 0.764786 0.135651
vt 0.824179 0.264136
vt 0.888234 0.148401
vt 0.030580 0.910146
vt 0.023022 0.909299
vt 0.943630 0.132830
vt 0.044665 0.916083
vt 0.949432 0.088201
vt 0.949075 0.084509
vt 0.943516 0.087328
vt 0.943437 0.113351
vt 0.948397 0.119584
vt 0.941113 0.120083
vt 0.937721 0.132254
vt 0.450954 0.092887
vt 0.457179 0.094766
vt 0.451639 0.099809
vt 0.462500 0.097988
vt 0.467401 0.092976
vt 0.673162 0.337534
vt 0.670812 0.348938
vt 0.503672 0.682540
vt 0.495435 0.669508
vt 0.674715 0.359801
vt 0.474771 0.088015
vt 0.472847 0.081849
vt 0.479226 0.080445
vt 0.485360 0.083069
vt 0.668776 0.372612
vt 0.127254 0.923306
vt 0.500370 0.079413
vt 0.673372 0.413905
vt 0.514194 0.070950
vt 0.070911 0.283974
vt 0.700282 0.435208
vt 0.684579 0.427378
vt 0.680132 0.433641
vt 0.150678 0.932493
vt 0.078901 0.245639
vt 0.074056 0.241393
vt 0.063724 0.341536
vt 0.053165 0.349571
vt 0.053614 0.358360
vt 0.046288 0.363798
vt 0.051661 0.373171
vt 0.042142 0.357302
vt 0.037573 0.418856
vt 0.043362 0.417254
vt 0.918639 0.312898
vt 0.927963 0.317711
vt 0.937163 0.321302
vt 0.589455 0.867513
vt 0.591948 0.880321
vt 0.615773 0.652989
vt 0.605317 0.659181
vt 0.623926 0.651037
vt 0.219846 0.949234
vt 0.204590 0.957813
vt 0.935487 0.379292
vt 0.932953 0.369841
vt 0.938562 0.386222
vt 0.930711 0.384065
vt 0.535789 0.879921
vt 0.557126 0.877351
vt 0.864837 0.515870
vt 0.834857 0.408706
vt 0.851565 0.411957
vt 0.851187 0.463107
vt 0.857853 0.488802
vt 0.257666 0.967836
vt 0.826488 0.344633
vt 0.826679 0.360650
vt 0.854912 0.476966
vt 0.850973 0.480770
vt 0.265427 0.969727
vt 0.802716 0.299088
vt 0.804555 0.304732
vt 0.813510 0.307782
vt 0.721001 0.648914
vt 0.459818 0.872491
vt 0.458751 0.881068
vt 0.445992 0.874095
vt 0.022458 0.752531
vt 0.012550 0.747696
vt 0.445240 0.883022
vt 0.438605 0.898667
vt 0.435261 0.879140
vt 0.426075 0.880616
vt 0.043255 0.750315
vt 0.030976 0.760659
vt 0.398522 0.890862
vt 0.076005 0.750488
vt 0.064092 0.744511
vt 0.086837 0.753819
vt 0.119265 0.753209
vt 0.364820 0.890962
vt 0.351266 0.882508
vt 0.337711 0.897064
vt 0.323821 0.899392
vt 0.310295 0.901995
vt 0.237502 0.752267
vt 0.311337 0.893160
vt 0.303797 0.901802
vt 0.321946 0.752288
vt 0.641057 0.109291
vt 0.653958 0.083245
vt 0.652674 0.028056
vt 0.653679 0.041749
vt 0.670174 0.018405
vt 0.653415 0.022958
vt 0.841752 0.257672
vt 0.770407 0.131408
vt 0.772886 0.123768
vt 0.778832 0.124090
vt 0.797796 0.139093
vt 0.796621 0.117030
vt 0.788419 0.131847
vt 0.806349 0.117025
vt 0.836420 0.263216
vt 0.831329 0.268477
vt 0.869178 0.153010
vt 0.872783 0.138971
vt 0.879841 0.137148
vt 0.046694 0.901994
vt 0.038823 0.912509
vt 0.937952 0.187210
vt 0.931097 0.183480
vt 0.935116 0.111357
vt 0.655187 0.290118
vt 0.653623 0.297274
vt 0.662452 0.291931
vt 0.665863 0.297706
vt 0.669246 0.316047
vt 0.668014 0.307379
vt 0.658950 0.314453
vt 0.456638 0.102711
vt 0.473480 0.095473
vt 0.478526 0.097578
vt 0.484513 0.091075
vt 0.485290 0.097976
vt 0.110552 0.907432
vt 0.088652 0.921045
vt 0.663934 0.363814
vt 0.490867 0.087818
vt 0.502964 0.085139
vt 0.666969 0.406207
vt 0.078653 0.286347
vt 0.069024 0.290416
vt 0.078334 0.293945
vt 0.670224 0.419461
vt 0.682201 0.420982
vt 0.667417 0.423866
vt 0.510982 0.081984
vt 0.513763 0.076439
vt 0.076204 0.235547
vt 0.085021 0.240805
vt 0.081599 0.234222
vt 0.077117 0.280885
vt 0.060318 0.309169
vt 0.061427 0.319861
vt 0.071004 0.309986
vt 0.075443 0.268548
vt 0.078617 0.263689
vt 0.067672 0.329306
vt 0.065968 0.364559
vt 0.067164 0.357180
vt 0.665677 0.432046
vt 0.047821 0.420889
vt 0.056346 0.412440
vt 0.928807 0.312309
vt 0.939022 0.313607
vt 0.936045 0.308929
vt 0.672398 0.449152
vt 0.677721 0.454667
vt 0.683253 0.453477
vt 0.621808 0.880077
vt 0.605770 0.881054
vt 0.615819 0.874376
vt 0.570418 0.659378
vt 0.582634 0.656296
vt 0.580735 0.645236
vt 0.579881 0.670009
vt 0.179006 0.947849
vt 0.161434 0.940497
vt 0.171254 0.933675
vt 0.933993 0.335096
vt 0.942141 0.326876
vt 0.592644 0.673602
vt 0.592464 0.649323
vt 0.927919 0.351273
vt 0.188178 0.940058
vt 0.201314 0.933882
vt 0.208159 0.943082
vt 0.852853 0.514791
vt 0.858848 0.519891
vt 0.859536 0.513262
vt 0.236908 0.949859
vt 0.858448 0.502072
vt 0.854169 0.506821
vt 0.253273 0.949423
vt 0.830546 0.385707
vt 0.850299 0.491746
vt 0.815054 0.347343
vt 0.267503 0.950721
vt 0.266494 0.963877
vt 0.262398 0.955165
vt 0.792716 0.292009
vt 0.801546 0.290055
vt 0.800243 0.283617
vt 0.796193 0.305034
vt 0.797221 0.313019
vt 0.813354 0.316576
vt 0.716698 0.637014
vt 0.702919 0.642264
vt 0.745357 0.641939
vt 0.736991 0.636214
vt 0.733596 0.643130
vt 0.755455 0.649251
vt 0.752278 0.642045
vt 0.425332 0.899038
vt 0.054577 0.758387
vt 0.387216 0.891436
vt 0.393207 0.899661
vt 0.373026 0.900070
vt 0.352073 0.896552
vt 0.377622 0.906901
vt 0.347459 0.902764
vt 0.338604 0.906663
vt 0.319106 0.907360
vt 0.187274 0.756697
vt 0.199550 0.755085
vt 0.295850 0.906606
vt 0.295878 0.914003
vt 0.337825 0.750328
vt 0.334503 0.757248
vt 0.329307 0.750244
vt 0.342930 0.757980
vt 0.345463 0.750778
vt 0.659039 0.143927
vt 0.628253 0.143745
vt 0.634316 0.151763
vt 0.643557 0.032831
vt 0.661748 0.016869
vt 0.841364 0.241353
vt 0.848368 0.243512
vt 0.844473 0.251623
vt 0.786762 0.115464
vt 0.895125 0.123718
vt 0.892363 0.141641
vt 0.897837 0.129985
vt 0.897956 0.136974
vt 0.923694 0.158448
vt 0.933810 0.159159
vt 0.934011 0.147517
vt 0.932919 0.171617
vt 0.926230 0.164991
vt 0.925193 0.177210
vt 0.923171 0.185294
vt 0.059652 0.889513
vt 0.056858 0.912218
vt 0.929616 0.102985
vt 0.934668 0.097489
vt 0.928197 0.109657
vt 0.929311 0.134259
vt 0.921014 0.145001
vt 0.927627 0.148243
vt 0.955437 0.506968
vt 0.946349 0.506103
vt 0.948321 0.512574
vt 0.935502 0.090811
vt 0.929506 0.091969
vt 0.952884 0.517570
vt 0.947504 0.520734
vt 0.957489 0.528044
vt 0.946263 0.528934
vt 0.950811 0.536933
vt 0.950543 0.555172
vt 0.957552 0.541698
vt 0.958192 0.552884
vt 0.940108 0.511571
vt 0.468786 0.107111
vt 0.461686 0.104494
vt 0.940638 0.519422
vt 0.929770 0.522323
vt 0.654024 0.324050
vt 0.656469 0.338451
vt 0.661929 0.327289
vt 0.664114 0.340895
vt 0.932997 0.510137
vt 0.499947 0.654894
vt 0.483887 0.658414
vt 0.473793 0.102735
vt 0.925599 0.508747
vt 0.926914 0.516587
vt 0.493470 0.094690
vt 0.490935 0.104447
vt 0.495184 0.099878
vt 0.651533 0.370119
vt 0.501575 0.098334
vt 0.508750 0.089933
vt 0.516551 0.088532
vt 0.085075 0.290736
vt 0.083071 0.298354
vt 0.082531 0.300297
vt 0.516126 0.080664
vt 0.094168 0.242912
vt 0.091677 0.248863
vt 0.085826 0.282544
vt 0.069971 0.321102
vt 0.078575 0.316442
vt 0.078477 0.333117
vt 0.071942 0.337073
vt 0.056405 0.401343
vt 0.050821 0.409524
vt 0.068966 0.405784
vt 0.064281 0.411616
vt 0.943536 0.300858
vt 0.935809 0.302296
vt 0.945700 0.307304
vt 0.665140 0.448930
vt 0.661070 0.442522
vt 0.578851 0.636404
vt 0.562746 0.646120
vt 0.158423 0.916136
vt 0.166045 0.912824
vt 0.177769 0.925418
vt 0.621711 0.887752
vt 0.188970 0.926840
vt 0.590757 0.889786
vt 0.575115 0.876614
vt 0.573200 0.887694
vt 0.615075 0.635746
vt 0.605887 0.646890
vt 0.625605 0.633911
vt 0.225124 0.939278
vt 0.946727 0.350016
vt 0.939964 0.367578
vt 0.949959 0.363647
vt 0.949029 0.376983
vt 0.954900 0.375212
vt 0.943402 0.373664
vt 0.240595 0.941261
vt 0.852907 0.521620
vt 0.820426 0.399538
vt 0.822976 0.409108
vt 0.842770 0.493834
vt 0.852454 0.499607
vt 0.846553 0.504153
vt 0.817864 0.366922
vt 0.823081 0.385833
vt 0.824400 0.419316
vt 0.827342 0.435585
vt 0.831125 0.422140
vt 0.835267 0.441267
vt 0.848959 0.455203
vt 0.841935 0.465200
vt 0.849936 0.471448
vt 0.844510 0.476116
vt 0.836101 0.461502
vt 0.839397 0.471784
vt 0.840967 0.479519
vt 0.272516 0.959630
vt 0.275294 0.952146
vt 0.282367 0.959633
vt 0.796575 0.327743
vt 0.805836 0.324414
vt 0.787006 0.293431
vt 0.790064 0.302529
vt 0.723265 0.629554
vt 0.758970 0.631123
vt 0.757889 0.636319
vt 0.413078 0.899891
vt 0.417174 0.887128
vt 0.405900 0.897672
vt 0.090018 0.767986
vt 0.072178 0.770028
vt 0.118964 0.767287
vt 0.100408 0.756416
vt 0.140552 0.759263
vt 0.363709 0.910892
vt 0.339539 0.922827
vt 0.346416 0.915299
vt 0.192995 0.765403
vt 0.206443 0.765029
vt 0.246800 0.756584
vt 0.234817 0.765437
vt 0.243822 0.763037
vt 0.258659 0.765221
vt 0.278725 0.764491
vt 0.288468 0.761354
vt 0.291342 0.765560
vt 0.307250 0.763225
vt 0.317404 0.758338
vt 0.318520 0.765939
vt 0.326400 0.758023
vt 0.330332 0.764558
vt 0.279954 0.754355
vt 0.299158 0.761143
vt 0.289446 0.752841
vt 0.308558 0.756351
vt 0.628161 0.097802
vt 0.626690 0.114768
vt 0.627521 0.126077
vt 0.637054 0.169094
vt 0.628881 0.171852
vt 0.645334 0.172947
vt 0.653594 0.015696
vt 0.792287 0.108737
vt 0.849450 0.258718
vt 0.843601 0.263222
vt 0.873761 0.113441
vt 0.881281 0.123737
vt 0.866060 0.116277
vt 0.445002 0.670454
vt 0.449904 0.660658
vt 0.439822 0.651093
vt 0.916495 0.183493
vt 0.919461 0.171555
vt 0.921916 0.134020
vt 0.917136 0.141257
vt 0.913563 0.149123
vt 0.917627 0.155706
vt 0.911722 0.164333
vt 0.912960 0.170680
vt 0.941606 0.544419
vt 0.958349 0.561459
vt 0.953214 0.565097
vt 0.956621 0.570007
vt 0.946794 0.579915
vt 0.640721 0.309838
vt 0.642652 0.318155
vt 0.651034 0.313837
vt 0.080754 0.892027
vt 0.069926 0.906751
vt 0.944467 0.560056
vt 0.935203 0.562271
vt 0.938450 0.566767
vt 0.641647 0.325222
vt 0.647847 0.334864
vt 0.092895 0.893330
vt 0.919797 0.522454
vt 0.933838 0.532870
vt 0.917800 0.534131
vt 0.928612 0.548435
vt 0.922989 0.538108
vt 0.919069 0.545548
vt 0.932524 0.555122
vt 0.923334 0.563091
vt 0.644565 0.353456
vt 0.646696 0.346983
vt 0.913515 0.528761
vt 0.911881 0.538468
vt 0.913924 0.567997
vt 0.923103 0.609517
vt 0.911417 0.598379
vt 0.917142 0.615213
vt 0.905153 0.530677
vt 0.907077 0.522837
vt 0.910089 0.560930
vt 0.910706 0.584688
vt 0.911739 0.575307
vt 0.903320 0.577838
vt 0.671913 0.384773
vt 0.666212 0.377780
vt 0.653883 0.393060
vt 0.512955 0.094994
vt 0.506987 0.104152
vt 0.896791 0.572933
vt 0.905232 0.571324
vt 0.899179 0.567199
vt 0.903526 0.590177
vt 0.895801 0.589333
vt 0.906062 0.601126
vt 0.898093 0.596329
vt 0.648760 0.399166
vt 0.515220 0.101159
vt 0.520339 0.095676
vt 0.896941 0.580218
vt 0.889896 0.575983
vt 0.897128 0.604776
vt 0.889073 0.597435
vt 0.891142 0.603442
vt 0.889989 0.595761
vt 0.651705 0.420154
vt 0.659033 0.429779
vt 0.523357 0.089601
vt 0.096770 0.253737
vt 0.099010 0.246888
vt 0.088620 0.253478
vt 0.094537 0.260320
vt 0.093974 0.272545
vt 0.086664 0.273345
vt 0.091237 0.279715
vt 0.078560 0.305160
vt 0.084744 0.310177
vt 0.088212 0.315597
vt 0.080497 0.345969
vt 0.086094 0.265725
vt 0.092484 0.267614
vt 0.088029 0.259980
vt 0.557837 0.630120
vt 0.551565 0.643322
vt 0.960912 0.307398
vt 0.949512 0.313833
vt 0.072480 0.412493
vt 0.628452 0.892546
vt 0.632981 0.897634
vt 0.615142 0.892462
vt 0.572283 0.626995
vt 0.180162 0.912651
vt 0.604656 0.896279
vt 0.956155 0.367462
vt 0.959251 0.341117
vt 0.573828 0.901363
vt 0.586043 0.898641
vt 0.234033 0.931903
vt 0.209461 0.925386
vt 0.640950 0.632399
vt 0.630978 0.645564
vt 0.248875 0.936902
vt 0.839414 0.500894
vt 0.262208 0.938099
vt 0.262380 0.946313
vt 0.811411 0.393906
vt 0.815210 0.409570
vt 0.820041 0.433825
vt 0.828486 0.447940
vt 0.270633 0.944418
vt 0.829706 0.465054
vt 0.831923 0.473210
vt 0.834210 0.480340
vt 0.277860 0.944176
vt 0.284177 0.953993
vt 0.775575 0.292299
vt 0.783284 0.299869
vt 0.789396 0.319397
vt 0.479982 0.912291
vt 0.507496 0.895521
vt 0.522630 0.902682
vt 0.784117 0.308855
vt 0.478847 0.892505
vt 0.707215 0.624475
vt 0.758182 0.623785
vt 0.754801 0.618275
vt 0.020400 0.773566
vt 0.019470 0.765862
vt 0.057604 0.773942
vt 0.042504 0.770488
vt 0.391895 0.909547
vt 0.390367 0.918066
vt 0.378245 0.920168
vt 0.155687 0.763443
vt 0.137274 0.778343
vt 0.203526 0.781276
vt 0.194938 0.777674
vt 0.326168 0.924321
vt 0.316112 0.925590
vt 0.314862 0.917512
vt 0.250454 0.775720
vt 0.241226 0.775754
vt 0.008906 0.097231
vt 0.006958 0.089661
vt 0.014096 0.085240
vt 0.003917 0.083206
vt 0.010739 0.073652
vt 0.001658 0.071906
vt 0.005744 0.067785
vt 0.282654 0.771957
vt 0.268724 0.776521
vt 0.297204 0.771808
vt 0.303254 0.775927
vt 0.319806 0.772693
vt 0.312113 0.775268
vt 0.629172 0.157749
vt 0.613290 0.156127
vt 0.647111 0.012889
vt 0.639446 0.020825
vt 0.857066 0.242019
vt 0.857657 0.248698
vt 0.856100 0.254427
vt 0.812765 0.101001
vt 0.804140 0.096651
vt 0.855443 0.261653
vt 0.854580 0.123934
vt 0.852278 0.104313
vt 0.884269 0.113530
vt 0.878817 0.106492
vt 0.887820 0.130227
vt 0.068322 0.886428
vt 0.906932 0.190240
vt 0.913750 0.195420
vt 0.956443 0.578530
vt 0.947419 0.587436
vt 0.942416 0.585256
vt 0.955063 0.586573
vt 0.948155 0.601279
vt 0.953902 0.599225
vt 0.948911 0.610330
vt 0.957148 0.616317
vt 0.957366 0.612115
vt 0.636053 0.316297
vt 0.946362 0.567898
vt 0.940452 0.574908
vt 0.933799 0.588165
vt 0.936201 0.601620
vt 0.938574 0.609966
vt 0.943847 0.604852
vt 0.476831 0.639889
vt 0.473666 0.651226
vt 0.490173 0.642108
vt 0.935721 0.580525
vt 0.928729 0.611483
vt 0.943075 0.613802
vt 0.641981 0.339884
vt 0.636730 0.330150
vt 0.918654 0.596917
vt 0.923555 0.617244
vt 0.931265 0.627264
vt 0.922188 0.623428
vt 0.917753 0.628043
vt 0.639236 0.346255
vt 0.109983 0.894540
vt 0.912103 0.547247
vt 0.639821 0.359269
vt 0.644280 0.368628
vt 0.902829 0.539623
vt 0.903341 0.546396
vt 0.895864 0.562097
vt 0.899631 0.612900
vt 0.913038 0.620573
vt 0.908334 0.626766
vt 0.911083 0.632258
vt 0.122881 0.907966
vt 0.904833 0.618578
vt 0.897936 0.621010
vt 0.900851 0.628326
vt 0.890405 0.567660
vt 0.891659 0.612745
vt 0.903148 0.633021
vt 0.895255 0.633970
vt 0.899921 0.638950
vt 0.891929 0.627554
vt 0.894211 0.640731
vt 0.522618 0.101942
vt 0.526340 0.095211
vt 0.887465 0.546819
vt 0.890027 0.538689
vt 0.884287 0.544004
vt 0.104648 0.262391
vt 0.101627 0.252212
vt 0.097844 0.266561
vt 0.889072 0.634469
vt 0.093006 0.344383
vt 0.090772 0.337318
vt 0.084299 0.339492
vt 0.088735 0.349595
vt 0.080662 0.354423
vt 0.089306 0.364439
vt 0.090045 0.356633
vt 0.080309 0.361303
vt 0.646379 0.426542
vt 0.649502 0.437587
vt 0.147693 0.910512
vt 0.152346 0.903724
vt 0.153633 0.897206
vt 0.166431 0.901712
vt 0.085074 0.378125
vt 0.075886 0.372447
vt 0.078187 0.409294
vt 0.077346 0.403507
vt 0.656723 0.437990
vt 0.623607 0.905672
vt 0.609517 0.906090
vt 0.963437 0.329563
vt 0.963782 0.316024
vt 0.957657 0.320762
vt 0.948582 0.319813
vt 0.952673 0.327771
vt 0.592722 0.907745
vt 0.204358 0.914432
vt 0.194532 0.917128
vt 0.562906 0.909961
vt 0.555314 0.892778
vt 0.836733 0.521304
vt 0.842017 0.518625
vt 0.837807 0.511581
vt 0.828112 0.512673
vt 0.831669 0.518546
vt 0.665734 0.628319
vt 0.657989 0.623452
vt 0.253132 0.927818
vt 0.239342 0.925265
vt 0.265680 0.931443
vt 0.806416 0.408768
vt 0.812378 0.429306
vt 0.820162 0.448948
vt 0.827708 0.456957
vt 0.825062 0.469729
vt 0.826083 0.475823
vt 0.808454 0.360372
vt 0.797284 0.370762
vt 0.805459 0.382027
vt 0.796561 0.380763
vt 0.803266 0.391065
vt 0.686233 0.617248
vt 0.678124 0.620886
vt 0.684760 0.634046
vt 0.273446 0.933807
vt 0.283311 0.939780
vt 0.781365 0.323961
vt 0.497418 0.916647
vt 0.019355 0.788212
vt 0.018451 0.780025
vt 0.029841 0.774718
vt 0.080262 0.783449
vt 0.092389 0.785720
vt 0.027356 0.060611
vt 0.035840 0.052676
vt 0.043531 0.055853
vt 0.023419 0.072426
vt 0.040748 0.066694
vt 0.331104 0.929953
vt 0.324630 0.929402
vt 0.030918 0.090661
vt 0.031417 0.076825
vt 0.019527 0.065953
vt 0.021033 0.058466
vt 0.220399 0.767936
vt 0.229479 0.778071
vt 0.017676 0.115804
vt 0.012340 0.113445
vt 0.295246 0.778623
vt 0.281232 0.780068
vt 0.609018 0.148430
vt 0.606098 0.161707
vt 0.617463 0.172309
vt 0.610502 0.171844
vt 0.393229 0.648300
vt 0.406096 0.653799
vt 0.394990 0.641970
vt 0.401717 0.653958
vt 0.865500 0.256938
vt 0.419314 0.649080
vt 0.406852 0.638064
vt 0.412386 0.650928
vt 0.770912 0.103342
vt 0.778578 0.107488
vt 0.776702 0.098515
vt 0.866294 0.264370
vt 0.421185 0.639906
vt 0.413602 0.638501
vt 0.871970 0.101497
vt 0.891309 0.117536
vt 0.890518 0.108966
vt 0.427516 0.647663
vt 0.428942 0.640108
vt 0.434204 0.648699
vt 0.435199 0.635838
vt 0.442530 0.629040
vt 0.450631 0.647157
vt 0.059299 0.875239
vt 0.049519 0.884991
vt 0.902912 0.195649
vt 0.904030 0.188071
vt 0.634131 0.309655
vt 0.635280 0.323430
vt 0.629098 0.320701
vt 0.949738 0.619114
vt 0.481199 0.631796
vt 0.941255 0.619856
vt 0.936887 0.620100
vt 0.943020 0.625513
vt 0.932161 0.634426
vt 0.933600 0.630352
vt 0.935691 0.635603
vt 0.938467 0.629631
vt 0.559240 0.574769
vt 0.563024 0.572889
vt 0.559383 0.582530
vt 0.925309 0.637003
vt 0.925311 0.639038
vt 0.937182 0.641834
vt 0.633586 0.333906
vt 0.632179 0.340568
vt 0.634791 0.339999
vt 0.631726 0.334028
vt 0.632492 0.346444
vt 0.634753 0.352381
vt 0.919064 0.635131
vt 0.917860 0.639677
vt 0.897229 0.546725
vt 0.895348 0.539958
vt 0.893885 0.555292
vt 0.901042 0.554179
vt 0.640642 0.398918
vt 0.644396 0.407730
vt 0.660239 0.411407
vt 0.133714 0.889967
vt 0.140505 0.898247
vt 0.123367 0.895596
vt 0.887802 0.554074
vt 0.887534 0.561397
vt 0.096680 0.339141
vt 0.103062 0.339650
vt 0.100379 0.333926
vt 0.099846 0.346443
vt 0.097019 0.351793
vt 0.097792 0.361714
vt 0.162941 0.893643
vt 0.092241 0.378553
vt 0.085225 0.403822
vt 0.811480 0.742432
vt 0.809974 0.734667
vt 0.817220 0.736630
vt 0.175960 0.898481
vt 0.580697 0.616679
vt 0.589455 0.623889
vt 0.593390 0.615843
vt 0.189752 0.905749
vt 0.203313 0.904007
vt 0.968305 0.356254
vt 0.970094 0.348435
vt 0.621196 0.617314
vt 0.607772 0.621783
vt 0.620659 0.624518
vt 0.608571 0.613483
vt 0.556207 0.918447
vt 0.579246 0.916028
vt 0.235043 0.918595
vt 0.218139 0.908681
vt 0.240110 0.912091
vt 0.816244 0.519276
vt 0.823918 0.518825
vt 0.983197 0.360982
vt 0.977031 0.366044
vt 0.652531 0.617006
vt 0.637695 0.613940
vt 0.635682 0.623551
vt 0.672437 0.612345
vt 0.257165 0.922312
vt 0.792489 0.389563
vt 0.813130 0.452424
vt 0.820902 0.459264
vt 0.815275 0.471661
vt 0.828284 0.482945
vt 0.819670 0.478232
vt 0.816533 0.482497
vt 0.269484 0.925417
vt 0.275558 0.921320
vt 0.276021 0.926102
vt 0.876393 0.958107
vt 0.882149 0.957017
vt 0.878430 0.962153
vt 0.790905 0.372369
vt 0.532869 0.916285
vt 0.490431 0.929140
vt 0.524943 0.909761
vt 0.281219 0.931408
vt 0.884998 0.964889
vt 0.794938 0.353729
vt 0.786179 0.334016
vt 0.782369 0.351943
vt 0.789914 0.359380
vt 0.776923 0.317214
vt 0.778582 0.303657
vt 0.769602 0.315046
vt 0.447932 0.912360
vt 0.456590 0.926241
vt 0.434680 0.914955
vt 0.753398 0.610524
vt 0.742681 0.614258
vt 0.399095 0.936192
vt 0.391561 0.949454
vt 0.110757 0.780124
vt 0.109295 0.792254
vt 0.123748 0.784546
vt 0.363611 0.946757
vt 0.361954 0.928607
vt 0.372100 0.943522
vt 0.355704 0.931430
vt 0.331752 0.949205
vt 0.336764 0.943056
vt 0.343582 0.946494
vt 0.048176 0.060422
vt 0.168229 0.780025
vt 0.167589 0.799260
vt 0.160892 0.790229
vt 0.263635 0.790304
vt 0.250386 0.794568
vt 0.256237 0.783789
vt 0.035573 0.124721
vt 0.027145 0.115204
vt 0.035215 0.113900
vt 0.021793 0.121128
vt 0.286061 0.787016
vt 0.274073 0.794395
vt 0.602903 0.136796
vt 0.615681 0.132220
vt 0.597441 0.153045
vt 0.638351 0.040177
vt 0.622639 0.040323
vt 0.622058 0.054620
vt 0.629129 0.025352
vt 0.622351 0.030434
vt 0.867586 0.237911
vt 0.875916 0.236910
vt 0.869567 0.243444
vt 0.398859 0.632546
vt 0.881023 0.244321
vt 0.872084 0.251445
vt 0.393118 0.637060
vt 0.811243 0.087775
vt 0.873969 0.258805
vt 0.790254 0.086385
vt 0.782396 0.094213
vt 0.789163 0.095930
vt 0.784816 0.080442
vt 0.832038 0.092523
vt 0.874243 0.265915
vt 0.887444 0.094813
vt 0.893695 0.099968
vt 0.895220 0.107842
vt 0.452454 0.632969
vt 0.066645 0.872586
vt 0.627293 0.313329
vt 0.620372 0.314210
vt 0.624383 0.319022
vt 0.465990 0.631594
vt 0.465876 0.621441
vt 0.092592 0.878719
vt 0.078910 0.882973
vt 0.076651 0.875018
vt 0.732507 0.807020
vt 0.726298 0.804800
vt 0.731041 0.801027
vt 0.734561 0.814608
vt 0.741054 0.809471
vt 0.747952 0.796456
vt 0.729850 0.796098
vt 0.740005 0.794537
vt 0.622633 0.331879
vt 0.629479 0.328493
vt 0.623888 0.326293
vt 0.734520 0.778925
vt 0.742689 0.779389
vt 0.741755 0.786604
vt 0.550863 0.584444
vt 0.624744 0.340855
vt 0.629137 0.334037
vt 0.109464 0.885743
vt 0.101296 0.878712
vt 0.625280 0.348324
vt 0.623165 0.354316
vt 0.756374 0.789129
vt 0.749519 0.787175
vt 0.757147 0.786406
vt 0.749685 0.785552
vt 0.124477 0.880385
vt 0.123006 0.889555
vt 0.112638 0.878724
vt 0.769279 0.789496
vt 0.759708 0.797052
vt 0.759744 0.792293
vt 0.764864 0.785921
vt 0.775460 0.792185
vt 0.772782 0.784118
vt 0.632391 0.391170
vt 0.633740 0.400770
vt 0.155549 0.877898
vt 0.160956 0.880403
vt 0.160492 0.886839
vt 0.780366 0.787459
vt 0.779655 0.781221
vt 0.784384 0.782929
vt 0.104905 0.357171
vt 0.103799 0.362387
vt 0.545816 0.606440
vt 0.554148 0.618851
vt 0.560846 0.613225
vt 0.167246 0.881823
vt 0.099959 0.373204
vt 0.099544 0.366432
vt 0.098586 0.379856
vt 0.815582 0.752036
vt 0.807104 0.747300
vt 0.174615 0.882817
vt 0.971003 0.300890
vt 0.969379 0.311898
vt 0.976081 0.305229
vt 0.176060 0.890011
vt 0.180114 0.882783
vt 0.186715 0.884949
vt 0.188764 0.896398
vt 0.982388 0.309617
vt 0.574349 0.611500
vt 0.567359 0.620249
vt 0.194661 0.888228
vt 0.973570 0.327033
vt 0.628656 0.915688
vt 0.616064 0.923577
vt 0.609507 0.914800
vt 0.982247 0.317922
vt 0.979588 0.325389
vt 0.860277 0.747344
vt 0.846718 0.747942
vt 0.852066 0.741357
vt 0.845765 0.740273
vt 0.971714 0.340005
vt 0.978116 0.337110
vt 0.979777 0.345045
vt 0.980983 0.353016
vt 0.619581 0.608709
vt 0.246749 0.906335
vt 0.230185 0.902638
vt 0.239692 0.901826
vt 0.808572 0.474951
vt 0.673355 0.605374
vt 0.651937 0.610379
vt 0.260375 0.909525
vt 0.266113 0.909358
vt 0.272255 0.913486
vt 0.774867 0.366945
vt 0.780717 0.382978
vt 0.783654 0.369882
vt 0.801991 0.417873
vt 0.797764 0.402450
vt 0.795421 0.417371
vt 0.809022 0.442180
vt 0.807096 0.454236
vt 0.880483 0.949744
vt 0.873030 0.945247
vt 0.881424 0.942935
vt 0.779472 0.341005
vt 0.774231 0.352040
vt 0.761251 0.319367
vt 0.763914 0.312121
vt 0.768677 0.323459
vt 0.693591 0.616594
vt 0.699649 0.604865
vt 0.714135 0.613272
vt 0.710592 0.604972
vt 0.466476 0.938152
vt 0.468633 0.924702
vt 0.730306 0.604732
vt 0.742709 0.602107
vt 0.426771 0.923910
vt 0.452603 0.944135
vt 0.032710 0.789922
vt 0.036370 0.803483
vt 0.025956 0.798279
vt 0.041981 0.787385
vt 0.045361 0.801007
vt 0.051000 0.784351
vt 0.061396 0.795576
vt 0.418634 0.927083
vt 0.429759 0.943404
vt 0.414984 0.934095
vt 0.068046 0.784017
vt 0.090824 0.801847
vt 0.074574 0.798926
vt 0.346556 0.960305
vt 0.334917 0.954163
vt 0.056459 0.082491
vt 0.043909 0.084034
vt 0.047558 0.068340
vt 0.053096 0.070657
vt 0.189966 0.797510
vt 0.181093 0.783541
vt 0.225749 0.805741
vt 0.240687 0.788942
vt 0.253682 0.809160
vt 0.259658 0.798590
vt 0.261289 0.810753
vt 0.275083 0.806392
vt 0.595399 0.147285
vt 0.610426 0.054019
vt 0.612948 0.026385
vt 0.612773 0.041508
vt 0.615368 0.016156
vt 0.627128 0.019668
vt 0.882394 0.238477
vt 0.396176 0.626148
vt 0.402872 0.620972
vt 0.803953 0.079590
vt 0.882515 0.265305
vt 0.023414 0.856772
vt 0.028163 0.859691
vt 0.020561 0.861479
vt 0.843800 0.094957
vt 0.844967 0.088710
vt 0.053016 0.864005
vt 0.062655 0.863602
vt 0.447102 0.618601
vt 0.705701 0.834856
vt 0.707813 0.822526
vt 0.713428 0.829759
vt 0.714604 0.805258
vt 0.708034 0.805276
vt 0.712436 0.799653
vt 0.077158 0.866212
vt 0.482570 0.621039
vt 0.733277 0.847193
vt 0.712383 0.846827
vt 0.717447 0.814726
vt 0.728397 0.811278
vt 0.719537 0.823174
vt 0.718580 0.809227
vt 0.961461 0.858831
vt 0.956715 0.851838
vt 0.953131 0.856327
vt 0.963348 0.851197
vt 0.730481 0.829009
vt 0.618586 0.342048
vt 0.102000 0.872203
vt 0.100179 0.864364
vt 0.115551 0.874048
vt 0.736413 0.881454
vt 0.738264 0.859446
vt 0.746766 0.866959
vt 0.755066 0.805606
vt 0.505057 0.613626
vt 0.504273 0.624721
vt 0.516255 0.619549
vt 0.122155 0.869250
vt 0.128754 0.877772
vt 0.744074 0.884849
vt 0.772515 0.800639
vt 0.628369 0.369385
vt 0.626651 0.379421
vt 0.637332 0.376294
vt 0.623918 0.386333
vt 0.135786 0.876571
vt 0.137490 0.882156
vt 0.751987 0.848981
vt 0.763579 0.857566
vt 0.754435 0.864026
vt 0.761560 0.815840
vt 0.776999 0.825248
vt 0.758883 0.842696
vt 0.621616 0.393285
vt 0.520924 0.611115
vt 0.532916 0.617698
vt 0.533600 0.606450
vt 0.144465 0.877224
vt 0.149783 0.882456
vt 0.739384 0.945186
vt 0.735823 0.941039
vt 0.746751 0.941130
vt 0.747208 0.924270
vt 0.760581 0.921726
vt 0.749558 0.930798
vt 0.765999 0.871248
vt 0.757579 0.883480
vt 0.786287 0.803203
vt 0.775862 0.810448
vt 0.782695 0.795405
vt 0.631581 0.405826
vt 0.541681 0.624783
vt 0.540636 0.614536
vt 0.150386 0.875739
vt 0.756344 0.936665
vt 0.762057 0.929932
vt 0.762096 0.936822
vt 0.750949 0.937063
vt 0.770411 0.890719
vt 0.768511 0.904641
vt 0.794269 0.791211
vt 0.787670 0.788217
vt 0.791224 0.781950
vt 0.623860 0.414335
vt 0.632314 0.418048
vt 0.621365 0.404989
vt 0.556391 0.604715
vt 0.770190 0.927383
vt 0.768281 0.936104
vt 0.797736 0.800283
vt 0.799744 0.779583
vt 0.623308 0.421458
vt 0.622229 0.428247
vt 0.627554 0.431352
vt 0.775376 0.935122
vt 0.822198 0.747555
vt 0.821890 0.758979
vt 0.347048 0.015087
vt 0.350374 0.004214
vt 0.356936 0.007446
vt 0.632283 0.922923
vt 0.626299 0.927858
vt 0.568413 0.599602
vt 0.382423 0.271238
vt 0.376595 0.272919
vt 0.377194 0.265268
vt 0.781016 0.927415
vt 0.780497 0.933895
vt 0.833506 0.751278
vt 0.830133 0.745125
vt 0.343854 0.007485
vt 0.580043 0.605854
vt 0.574059 0.601872
vt 0.370196 0.268859
vt 0.798364 0.930008
vt 0.787143 0.934698
vt 0.786415 0.922458
vt 0.798381 0.917298
vt 0.806900 0.923048
vt 0.838475 0.743666
vt 0.335915 0.010123
vt 0.588328 0.607834
vt 0.585698 0.601676
vt 0.834709 0.790631
vt 0.829072 0.796724
vt 0.823593 0.786115
vt 0.324609 0.006607
vt 0.327388 0.000444
vt 0.332710 0.004914
vt 0.593325 0.600918
vt 0.829549 0.767877
vt 0.846846 0.791394
vt 0.349806 0.267563
vt 0.357372 0.273044
vt 0.347124 0.279961
vt 0.584024 0.931817
vt 0.602355 0.927691
vt 0.592165 0.934856
vt 0.339641 0.282476
vt 0.336326 0.270155
vt 0.873917 0.751343
vt 0.864246 0.757915
vt 0.876597 0.763212
vt 0.869144 0.770108
vt 0.579092 0.924623
vt 0.577483 0.936521
vt 0.568997 0.937437
vt 0.334314 0.278740
vt 0.327240 0.278847
vt 0.234352 0.895159
vt 0.883343 0.758483
vt 0.884008 0.763651
vt 0.629580 0.606207
vt 0.634472 0.600715
vt 0.629532 0.594273
vt 0.838756 0.946467
vt 0.840839 0.937326
vt 0.850170 0.946148
vt 0.882238 0.794123
vt 0.883336 0.781634
vt 0.888413 0.790994
vt 0.888848 0.780407
vt 0.877887 0.776095
vt 0.882896 0.771034
vt 0.889948 0.773189
vt 0.808743 0.498536
vt 0.805849 0.504556
vt 0.814190 0.505529
vt 0.890210 0.767128
vt 0.808426 0.508812
vt 0.560760 0.938554
vt 0.542873 0.930120
vt 0.640283 0.596595
vt 0.646192 0.605746
vt 0.645603 0.597609
vt 0.319117 0.287966
vt 0.312049 0.287665
vt 0.313382 0.282823
vt 0.896912 0.796281
vt 0.894521 0.790162
vt 0.896628 0.782888
vt 0.807331 0.483051
vt 0.801400 0.488024
vt 0.811284 0.489412
vt 0.805493 0.493723
vt 0.667459 0.599713
vt 0.861620 0.942740
vt 0.864164 0.950065
vt 0.858865 0.951502
vt 0.853246 0.952259
vt 0.767437 0.382267
vt 0.770248 0.388427
vt 0.777711 0.396471
vt 0.788265 0.417051
vt 0.788326 0.400297
vt 0.800372 0.444032
vt 0.791144 0.432052
vt 0.803390 0.476949
vt 0.864359 0.936918
vt 0.872784 0.934122
vt 0.877084 0.931789
vt 0.875590 0.923918
vt 0.760680 0.355173
vt 0.762904 0.362921
vt 0.765909 0.348709
vt 0.763447 0.333570
vt 0.758034 0.338620
vt 0.771193 0.339079
vt 0.713003 0.596982
vt 0.735129 0.591373
vt 0.722821 0.599906
vt 0.443892 0.958089
vt 0.756383 0.599396
vt 0.753307 0.594292
vt 0.747155 0.590503
vt 0.756198 0.588951
vt 0.024825 0.804330
vt 0.029628 0.808376
vt 0.379458 0.957933
vt 0.117866 0.803047
vt 0.369068 0.962987
vt 0.128777 0.795510
vt 0.363746 0.967054
vt 0.356863 0.955113
vt 0.135228 0.805349
vt 0.146861 0.793658
vt 0.075010 0.083255
vt 0.064337 0.078982
vt 0.071697 0.078522
vt 0.152223 0.802795
vt 0.201917 0.795421
vt 0.209471 0.804865
vt 0.197187 0.809957
vt 0.260745 0.827966
vt 0.265048 0.814958
vt 0.052087 0.137406
vt 0.047040 0.131971
vt 0.059683 0.135598
vt 0.271319 0.810579
vt 0.045541 0.118275
vt 0.063609 0.119853
vt 0.215716 0.788925
vt 0.238686 0.809061
vt 0.042454 0.128907
vt 0.622226 0.081505
vt 0.614535 0.066349
vt 0.601190 0.086078
vt 0.610690 0.121019
vt 0.592383 0.119974
vt 0.591902 0.129347
vt 0.586424 0.136577
vt 0.588065 0.142907
vt 0.603979 0.035401
vt 0.595390 0.159355
vt 0.589236 0.163913
vt 0.595091 0.169274
vt 0.892432 0.243182
vt 0.412115 0.626241
vt 0.788153 0.074428
vt 0.782235 0.072081
vt 0.811135 0.075552
vt 0.831581 0.086777
vt 0.836888 0.080760
vt 0.890512 0.265225
vt 0.886529 0.257349
vt 0.032173 0.852607
vt 0.039735 0.854275
vt 0.866496 0.083186
vt 0.855682 0.080339
vt 0.855836 0.087704
vt 0.877511 0.090050
vt 0.865075 0.090291
vt 0.875710 0.081142
vt 0.885534 0.084633
vt 0.883280 0.077397
vt 0.895482 0.091998
vt 0.892343 0.085189
vt 0.898316 0.084734
vt 0.043160 0.862271
vt 0.047886 0.854160
vt 0.435454 0.611067
vt 0.055510 0.857388
vt 0.697444 0.844806
vt 0.693778 0.838653
vt 0.700359 0.828452
vt 0.691791 0.831081
vt 0.697996 0.822194
vt 0.692827 0.821279
vt 0.699090 0.814884
vt 0.602300 0.293372
vt 0.604381 0.301287
vt 0.605893 0.297579
vt 0.606128 0.291473
vt 0.612620 0.307206
vt 0.607108 0.306659
vt 0.611681 0.313124
vt 0.713195 0.866392
vt 0.703902 0.851792
vt 0.481334 0.610599
vt 0.464513 0.611202
vt 0.088100 0.862506
vt 0.089823 0.871894
vt 0.699665 0.957436
vt 0.704526 0.950675
vt 0.705435 0.958796
vt 0.722227 0.905768
vt 0.712936 0.898060
vt 0.717368 0.881758
vt 0.727501 0.855605
vt 0.610350 0.332582
vt 0.607785 0.340690
vt 0.613640 0.340985
vt 0.721611 0.942536
vt 0.705814 0.944190
vt 0.715200 0.936833
vt 0.728289 0.870178
vt 0.614540 0.367445
vt 0.620414 0.372103
vt 0.619289 0.358488
vt 0.497943 0.605051
vt 0.515217 0.597148
vt 0.734423 0.934182
vt 0.726334 0.932234
vt 0.728334 0.918464
vt 0.738529 0.911945
vt 0.735725 0.924495
vt 0.615363 0.379820
vt 0.750172 0.913306
vt 0.612605 0.386129
vt 0.775670 0.854908
vt 0.771364 0.838859
vt 0.542506 0.597393
vt 0.764536 0.913572
vt 0.793199 0.822097
vt 0.778065 0.912169
vt 0.773876 0.920116
vt 0.371646 0.019308
vt 0.357524 0.013809
vt 0.364586 0.016156
vt 0.803312 0.814616
vt 0.800596 0.825993
vt 0.803480 0.787449
vt 0.815717 0.814603
vt 0.369810 0.036503
vt 0.353281 0.027008
vt 0.563315 0.596135
vt 0.388007 0.268571
vt 0.395043 0.263935
vt 0.381620 0.256587
vt 0.370480 0.253048
vt 0.798419 0.841227
vt 0.803033 0.876230
vt 0.788308 0.862949
vt 0.809157 0.825697
vt 0.369199 0.262658
vt 0.787170 0.915267
vt 0.327542 0.022424
vt 0.362327 0.266416
vt 0.818409 0.797929
vt 0.844350 0.803220
vt 0.831809 0.816854
vt 0.325897 0.012654
vt 0.316813 0.006209
vt 0.352049 0.254005
vt 0.340373 0.247584
vt 0.824002 0.925133
vt 0.820350 0.918781
vt 0.812417 0.868715
vt 0.831827 0.874370
vt 0.830420 0.894098
vt 0.853914 0.766319
vt 0.861828 0.779155
vt 0.849200 0.771841
vt 0.304588 0.017779
vt 0.327970 0.264715
vt 0.821049 0.904203
vt 0.836124 0.905798
vt 0.838339 0.914570
vt 0.856579 0.853089
vt 0.850062 0.843268
vt 0.860748 0.828635
vt 0.302637 0.006606
vt 0.294384 0.006989
vt 0.319918 0.280129
vt 0.320715 0.269954
vt 0.868418 0.785553
vt 0.876874 0.790854
vt 0.862249 0.805044
vt 0.853709 0.940768
vt 0.848629 0.927199
vt 0.863180 0.854558
vt 0.869933 0.853712
vt 0.865349 0.875495
vt 0.872192 0.818375
vt 0.876371 0.828244
vt 0.280099 0.021718
vt 0.286309 0.007672
vt 0.308258 0.291363
vt 0.301868 0.287702
vt 0.310454 0.273721
vt 0.868868 0.889392
vt 0.860098 0.884138
vt 0.876722 0.860288
vt 0.875785 0.866071
vt 0.880068 0.840059
vt 0.880636 0.833028
vt 0.883637 0.823841
vt 0.884465 0.828539
vt 0.880246 0.810757
vt 0.885565 0.816376
vt 0.887159 0.808712
vt 0.270649 0.010144
vt 0.259054 0.014744
vt 0.552089 0.939323
vt 0.544673 0.941786
vt 0.536848 0.939699
vt 0.292711 0.278518
vt 0.294722 0.289612
vt 0.875083 0.900159
vt 0.867227 0.899638
vt 0.874303 0.894806
vt 0.872088 0.869663
vt 0.875634 0.881746
vt 0.875607 0.874969
vt 0.262435 0.022307
vt 0.876339 0.915480
vt 0.870931 0.914030
vt 0.876430 0.907634
vt 0.532753 0.946783
vt 0.525634 0.945441
vt 0.517584 0.945819
vt 0.505939 0.943452
vt 0.467436 0.949200
vt 0.489469 0.944622
vt 0.479149 0.954326
vt 0.754110 0.581507
vt 0.036708 0.820050
vt 0.427522 0.959597
vt 0.051076 0.814250
vt 0.060287 0.804703
vt 0.074396 0.813726
vt 0.414805 0.964951
vt 0.406447 0.953344
vt 0.397093 0.961278
vt 0.169037 0.812192
vt 0.152993 0.811778
vt 0.186679 0.813156
vt 0.178538 0.804543
vt 0.068013 0.100262
vt 0.052391 0.104942
vt 0.051898 0.095296
vt 0.601652 0.050616
vt 0.592264 0.073063
vt 0.595798 0.081115
vt 0.576382 0.089739
vt 0.578970 0.143625
vt 0.584862 0.151300
vt 0.589235 0.062799
vt 0.894621 0.235805
vt 0.908462 0.236276
vt 0.888370 0.233967
vt 0.899328 0.248659
vt 0.396269 0.619065
vt 0.398538 0.609788
vt 0.391008 0.612643
vt 0.607553 0.016342
vt 0.601027 0.022493
vt 0.404557 0.610190
vt 0.411510 0.611494
vt 0.787016 0.067306
vt 0.628065 0.957561
vt 0.629062 0.950358
vt 0.635369 0.954792
vt 0.794601 0.064927
vt 0.794244 0.077171
vt 0.800982 0.071969
vt 0.802356 0.065776
vt 0.810130 0.066803
vt 0.821983 0.071030
vt 0.897990 0.266279
vt 0.894816 0.258964
vt 0.631693 0.961013
vt 0.836388 0.072198
vt 0.845652 0.076347
vt 0.843516 0.069999
vt 0.890222 0.078450
vt 0.419317 0.610631
vt 0.426088 0.625173
vt 0.428244 0.612649
vt 0.831564 0.065133
vt 0.837954 0.064089
vt 0.650056 0.902971
vt 0.654499 0.909603
vt 0.646995 0.909003
vt 0.862980 0.069949
vt 0.855637 0.067898
vt 0.858179 0.075306
vt 0.868999 0.073608
vt 0.876431 0.074005
vt 0.652509 0.867390
vt 0.655670 0.861711
vt 0.659007 0.868207
vt 0.655087 0.900081
vt 0.656109 0.892858
vt 0.660659 0.895796
vt 0.659439 0.907151
vt 0.661560 0.884418
vt 0.441979 0.603154
vt 0.683745 0.847856
vt 0.683764 0.841316
vt 0.688718 0.843066
vt 0.592852 0.292524
vt 0.598405 0.295264
vt 0.597851 0.290710
vt 0.690073 0.856825
vt 0.680823 0.853680
vt 0.601928 0.285753
vt 0.597706 0.300781
vt 0.452349 0.603047
vt 0.691570 0.884668
vt 0.687320 0.864147
vt 0.702449 0.872774
vt 0.607263 0.315575
vt 0.602383 0.307867
vt 0.081771 0.853699
vt 0.067891 0.856075
vt 0.071708 0.849043
vt 0.698545 0.886131
vt 0.461208 0.598235
vt 0.687021 0.953860
vt 0.683130 0.948554
vt 0.695087 0.947659
vt 0.694332 0.955882
vt 0.093860 0.854688
vt 0.096816 0.859430
vt 0.703300 0.913055
vt 0.720211 0.925830
vt 0.601825 0.362962
vt 0.608808 0.372583
vt 0.610087 0.360142
vt 0.603618 0.369855
vt 0.601851 0.374254
vt 0.602747 0.381063
vt 0.607811 0.384016
vt 0.528084 0.592067
vt 0.433847 0.274078
vt 0.411052 0.270438
vt 0.407126 0.264812
vt 0.389967 0.057687
vt 0.386739 0.059011
vt 0.390294 0.051366
vt 0.381592 0.047589
vt 0.386158 0.042642
vt 0.391269 0.045829
vt 0.373582 0.050822
vt 0.379753 0.037460
vt 0.374965 0.032686
vt 0.400611 0.267599
vt 0.404716 0.258606
vt 0.391085 0.242207
vt 0.380469 0.245127
vt 0.813891 0.844202
vt 0.359726 0.035954
vt 0.339600 0.030117
vt 0.359899 0.252794
vt 0.362769 0.238897
vt 0.818723 0.828076
vt 0.837267 0.819638
vt 0.349214 0.242693
vt 0.348535 0.233640
vt 0.846685 0.827085
vt 0.839218 0.837734
vt 0.307945 0.027675
vt 0.843161 0.854655
vt 0.848188 0.867650
vt 0.846945 0.896287
vt 0.328627 0.247559
vt 0.316557 0.252649
vt 0.849809 0.908887
vt 0.856550 0.869025
vt 0.305158 0.262142
vt 0.281840 0.293005
vt 0.273027 0.298955
vt 0.279478 0.285007
vt 0.697893 0.591598
vt 0.687428 0.584123
vt 0.679912 0.585033
vt 0.510305 0.950785
vt 0.504823 0.956779
vt 0.496729 0.957374
vt 0.237232 0.018406
vt 0.243113 0.025089
vt 0.231874 0.024221
vt 0.223994 0.024757
vt 0.221582 0.030079
vt 0.259385 0.303411
vt 0.252086 0.305984
vt 0.246721 0.302570
vt 0.475298 0.964866
vt 0.456663 0.963338
vt 0.424724 0.973375
vt 0.067485 0.823318
vt 0.411327 0.973743
vt 0.084759 0.824467
vt 0.098926 0.814062
vt 0.108289 0.821862
vt 0.386166 0.978023
vt 0.144728 0.821246
vt 0.130883 0.813568
vt 0.166025 0.820112
vt 0.081405 0.086520
vt 0.087640 0.090411
vt 0.187964 0.821466
vt 0.230433 0.825868
vt 0.239471 0.831537
vt 0.252293 0.841944
vt 0.262546 0.834894
vt 0.081191 0.135443
vt 0.213662 0.817355
vt 0.219425 0.827026
vt 0.065417 0.139928
vt 0.072000 0.137374
vt 0.576803 0.113837
vt 0.593871 0.102751
vt 0.577127 0.106969
vt 0.569566 0.121593
vt 0.579981 0.125915
vt 0.575989 0.079518
vt 0.563736 0.143047
vt 0.580733 0.158845
vt 0.909937 0.246107
vt 0.393124 0.606348
vt 0.586702 0.028366
vt 0.396233 0.600147
vt 0.415277 0.599346
vt 0.634574 0.948015
vt 0.628597 0.943155
vt 0.634350 0.942011
vt 0.630093 0.936065
vt 0.634860 0.935448
vt 0.813066 0.062667
vt 0.903749 0.263733
vt 0.909030 0.256250
vt 0.910865 0.267957
vt 0.819869 0.063633
vt 0.637729 0.929810
vt 0.641733 0.936891
vt 0.643494 0.920521
vt 0.645171 0.928221
vt 0.640134 0.922965
vt 0.897866 0.274010
vt 0.894292 0.270468
vt 0.903265 0.269840
vt 0.427010 0.601693
vt 0.641439 0.964772
vt 0.637247 0.960293
vt 0.645626 0.957303
vt 0.640058 0.950793
vt 0.639995 0.944576
vt 0.647253 0.948026
vt 0.653977 0.919923
vt 0.651107 0.931769
vt 0.648200 0.916611
vt 0.666306 0.870201
vt 0.666667 0.877006
vt 0.660050 0.872876
vt 0.658053 0.851582
vt 0.663167 0.857460
vt 0.666750 0.851391
vt 0.434767 0.601682
vt 0.650440 0.955154
vt 0.658715 0.954259
vt 0.663780 0.917134
vt 0.671293 0.895339
vt 0.666885 0.906160
vt 0.667331 0.844759
vt 0.674798 0.847840
vt 0.671323 0.840418
vt 0.585671 0.267873
vt 0.587913 0.271963
vt 0.591171 0.268589
vt 0.060687 0.844444
vt 0.047553 0.845966
vt 0.054259 0.843111
vt 0.672664 0.914959
vt 0.660142 0.930332
vt 0.672930 0.855396
vt 0.675599 0.862679
vt 0.678250 0.842242
vt 0.590016 0.277250
vt 0.594816 0.278525
vt 0.595159 0.270224
vt 0.590811 0.283093
vt 0.589837 0.287999
vt 0.065606 0.847931
vt 0.058779 0.851579
vt 0.669704 0.956248
vt 0.661919 0.962295
vt 0.664123 0.952815
vt 0.682017 0.873617
vt 0.667341 0.964524
vt 0.673191 0.963180
vt 0.673033 0.944221
vt 0.683051 0.901736
vt 0.688480 0.906777
vt 0.675687 0.925689
vt 0.591803 0.300358
vt 0.592150 0.312933
vt 0.596454 0.316695
vt 0.597914 0.309601
vt 0.692344 0.940877
vt 0.590923 0.319174
vt 0.592703 0.323938
vt 0.598389 0.334978
vt 0.484757 0.591417
vt 0.488068 0.601373
vt 0.492177 0.591365
vt 0.592599 0.334195
vt 0.592147 0.329038
vt 0.500364 0.593474
vt 0.456752 0.286446
vt 0.448252 0.285433
vt 0.447281 0.278206
vt 0.511571 0.589426
vt 0.504007 0.587209
vt 0.439336 0.277482
vt 0.441896 0.271671
vt 0.413633 0.072731
vt 0.417103 0.080555
vt 0.413687 0.084103
vt 0.436086 0.265371
vt 0.410896 0.092101
vt 0.400070 0.071203
vt 0.406366 0.069710
vt 0.400956 0.063838
vt 0.391857 0.074666
vt 0.392861 0.081549
vt 0.389655 0.069054
vt 0.395755 0.062691
vt 0.376159 0.064572
vt 0.423890 0.244533
vt 0.403201 0.247370
vt 0.406305 0.238431
vt 0.379551 0.071776
vt 0.357891 0.046890
vt 0.361852 0.066002
vt 0.346224 0.051011
vt 0.343756 0.037731
vt 0.375628 0.232696
vt 0.369932 0.241345
vt 0.375906 0.223997
vt 0.363454 0.220289
vt 0.374487 0.215242
vt 0.356263 0.228603
vt 0.320426 0.050790
vt 0.318761 0.036796
vt 0.352923 0.214686
vt 0.337393 0.220780
vt 0.285702 0.040412
vt 0.267943 0.031521
vt 0.321642 0.229127
vt 0.320645 0.241377
vt 0.307445 0.233404
vt 0.288494 0.053116
vt 0.297753 0.245529
vt 0.292009 0.254037
vt 0.263516 0.055465
vt 0.283325 0.271487
vt 0.260858 0.040524
vt 0.265595 0.289436
vt 0.218655 0.035555
vt 0.254093 0.290587
vt 0.266047 0.301444
vt 0.239972 0.291677
vt 0.236386 0.299054
vt 0.231100 0.296036
vt 0.473303 0.976371
vt 0.485686 0.968746
vt 0.480633 0.975703
vt 0.467330 0.979851
vt 0.458626 0.974722
vt 0.736795 0.575920
vt 0.744616 0.562089
vt 0.732753 0.567493
vt 0.746562 0.578807
vt 0.753043 0.567412
vt 0.751478 0.558583
vt 0.762555 0.567881
vt 0.759438 0.556637
vt 0.765459 0.561165
vt 0.057752 0.829161
vt 0.044389 0.825206
vt 0.767065 0.553012
vt 0.772770 0.558385
vt 0.775630 0.552994
vt 0.068714 0.834050
vt 0.076103 0.834247
vt 0.097948 0.828521
vt 0.100012 0.836244
vt 0.402745 0.980510
vt 0.392087 0.972458
vt 0.118649 0.833031
vt 0.130180 0.822722
vt 0.092097 0.106256
vt 0.097520 0.090251
vt 0.157120 0.835893
vt 0.170099 0.829612
vt 0.178402 0.832944
vt 0.080352 0.145951
vt 0.076075 0.140472
vt 0.221270 0.838930
vt 0.242579 0.838315
vt 0.563974 0.115558
vt 0.567052 0.108171
vt 0.563032 0.127968
vt 0.578692 0.067788
vt 0.589102 0.040694
vt 0.577405 0.056754
vt 0.589722 0.033377
vt 0.580316 0.040978
vt 0.575758 0.035006
vt 0.573195 0.041455
vt 0.568106 0.166379
vt 0.564305 0.154489
vt 0.562300 0.164033
vt 0.586559 0.019268
vt 0.580349 0.023480
vt 0.917013 0.245184
vt 0.915997 0.254825
vt 0.402543 0.601141
vt 0.401509 0.595054
vt 0.393442 0.593794
vt 0.547595 0.297630
vt 0.542913 0.303718
vt 0.536939 0.295977
vt 0.548952 0.303748
vt 0.536076 0.306039
vt 0.918024 0.272623
vt 0.919193 0.282799
vt 0.912554 0.278522
vt 0.425619 0.594722
vt 0.434069 0.593879
vt 0.660900 0.947715
vt 0.649344 0.939742
vt 0.579830 0.269363
vt 0.583450 0.273338
vt 0.584877 0.284781
vt 0.586294 0.290604
vt 0.667903 0.929177
vt 0.663014 0.941017
vt 0.583530 0.293845
vt 0.587571 0.296017
vt 0.442862 0.587778
vt 0.582325 0.298407
vt 0.459675 0.124383
vt 0.458638 0.114466
vt 0.464610 0.116939
vt 0.587271 0.301488
vt 0.587549 0.306496
vt 0.461622 0.588242
vt 0.474444 0.599491
vt 0.468120 0.584525
vt 0.453057 0.106359
vt 0.448809 0.114498
vt 0.445335 0.104746
vt 0.439060 0.111089
vt 0.445449 0.125060
vt 0.435060 0.098587
vt 0.429736 0.095437
vt 0.425152 0.102905
vt 0.469056 0.286657
vt 0.457200 0.271091
vt 0.461149 0.265577
vt 0.445833 0.256170
vt 0.409549 0.106605
vt 0.417228 0.116185
vt 0.423090 0.093805
vt 0.400619 0.109571
vt 0.385559 0.104184
vt 0.392635 0.099911
vt 0.370428 0.102346
vt 0.372531 0.089448
vt 0.384028 0.083410
vt 0.405919 0.181763
vt 0.393365 0.194283
vt 0.382046 0.185359
vt 0.347702 0.100255
vt 0.338007 0.093210
vt 0.367931 0.183542
vt 0.353761 0.167949
vt 0.369870 0.167884
vt 0.361595 0.206416
vt 0.298711 0.079171
vt 0.316023 0.088176
vt 0.330319 0.206605
vt 0.340154 0.203313
vt 0.326019 0.216537
vt 0.337443 0.062978
vt 0.297366 0.067807
vt 0.278562 0.065605
vt 0.305672 0.218513
vt 0.290230 0.227833
vt 0.286274 0.218868
vt 0.262224 0.074067
vt 0.258020 0.066295
vt 0.276081 0.255304
vt 0.271845 0.265110
vt 0.270656 0.277537
vt 0.257315 0.278806
vt 0.220926 0.068421
vt 0.242324 0.051943
vt 0.239667 0.062035
vt 0.220956 0.057831
vt 0.233482 0.044500
vt 0.218837 0.046302
vt 0.210170 0.055553
vt 0.228171 0.284627
vt 0.243237 0.281379
vt 0.215383 0.295956
vt 0.219506 0.300005
vt 0.207332 0.296741
vt 0.200487 0.294201
vt 0.208733 0.285176
vt 0.191547 0.284441
vt 0.192894 0.293073
vt 0.185595 0.290160
vt 0.180990 0.283959
vt 0.180516 0.275170
vt 0.780227 0.548800
vt 0.771785 0.546080
vt 0.786759 0.544935
vt 0.778412 0.542357
vt 0.174886 0.280588
vt 0.168366 0.275888
vt 0.081758 0.836364
vt 0.086494 0.841520
vt 0.412221 0.994083
vt 0.399197 0.993938
vt 0.100297 0.843283
vt 0.108287 0.843991
vt 0.388144 0.993954
vt 0.379038 0.982309
vt 0.123191 0.840508
vt 0.115609 0.842143
vt 0.134816 0.841590
vt 0.129483 0.844000
vt 0.105228 0.098468
vt 0.114241 0.089171
vt 0.379199 0.992864
vt 0.371350 0.989496
vt 0.138494 0.830412
vt 0.140890 0.840046
vt 0.125046 0.231959
vt 0.109782 0.230264
vt 0.109461 0.222302
vt 0.096430 0.121527
vt 0.087304 0.117009
vt 0.164235 0.840547
vt 0.171344 0.839348
vt 0.192107 0.842135
vt 0.196956 0.833125
vt 0.199165 0.841075
vt 0.089747 0.185777
vt 0.085238 0.179771
vt 0.094119 0.173186
vt 0.091734 0.140550
vt 0.212275 0.833191
vt 0.208309 0.840553
vt 0.229280 0.841274
vt 0.566570 0.092900
vt 0.570893 0.100505
vt 0.559852 0.102493
vt 0.556904 0.132467
vt 0.576682 0.135123
vt 0.569278 0.070471
vt 0.568240 0.082996
vt 0.554407 0.145441
vt 0.555313 0.153337
vt 0.566455 0.060766
vt 0.551597 0.158867
vt 0.555721 0.165139
vt 0.922756 0.241123
vt 0.920287 0.235070
vt 0.576958 0.027850
vt 0.562021 0.276267
vt 0.554249 0.278333
vt 0.560552 0.269041
vt 0.925608 0.248036
vt 0.922644 0.257357
vt 0.546613 0.291447
vt 0.554403 0.293064
vt 0.542773 0.284350
vt 0.928644 0.266278
vt 0.921388 0.264455
vt 0.926847 0.282684
vt 0.924035 0.274801
vt 0.921203 0.287517
vt 0.928010 0.286238
vt 0.515028 0.293872
vt 0.506838 0.296771
vt 0.507171 0.288889
vt 0.452814 0.580719
vt 0.447895 0.584925
vt 0.502165 0.293259
vt 0.476727 0.130596
vt 0.470098 0.134512
vt 0.472293 0.124876
vt 0.466081 0.124252
vt 0.487302 0.293559
vt 0.482133 0.288072
vt 0.490190 0.289281
vt 0.477047 0.284051
vt 0.477046 0.275791
vt 0.488158 0.281764
vt 0.439372 0.129956
vt 0.451942 0.134022
vt 0.461073 0.144405
vt 0.457017 0.129732
vt 0.432379 0.124049
vt 0.427420 0.113460
vt 0.443439 0.226499
vt 0.438943 0.206324
vt 0.448431 0.208465
vt 0.451128 0.239537
vt 0.448979 0.249032
vt 0.437672 0.243200
vt 0.437162 0.235162
vt 0.410026 0.129374
vt 0.397769 0.116075
vt 0.410380 0.230691
vt 0.427216 0.184950
vt 0.413150 0.212091
vt 0.404407 0.202456
vt 0.364397 0.151638
vt 0.321978 0.101379
vt 0.288722 0.091491
vt 0.267418 0.082246
vt 0.284783 0.148990
vt 0.293000 0.168383
vt 0.277936 0.171247
vt 0.272924 0.145243
vt 0.263842 0.091269
vt 0.276174 0.104443
vt 0.260648 0.102403
vt 0.261164 0.258656
vt 0.287315 0.239638
vt 0.271048 0.196450
vt 0.267104 0.159221
vt 0.246357 0.080926
vt 0.236609 0.072222
vt 0.249584 0.267944
vt 0.270334 0.227367
vt 0.251325 0.243176
vt 0.247280 0.231332
vt 0.237840 0.272590
vt 0.229632 0.082135
vt 0.231689 0.263086
vt 0.207670 0.275949
vt 0.224413 0.276153
vt 0.217930 0.267200
vt 0.191316 0.064210
vt 0.184763 0.054437
vt 0.192442 0.052763
vt 0.176363 0.055720
vt 0.176965 0.064362
vt 0.447706 0.988030
vt 0.439206 0.988970
vt 0.456378 0.987403
vt 0.168238 0.057637
vt 0.160744 0.059210
vt 0.166003 0.067123
vt 0.195719 0.266985
vt 0.191551 0.278134
vt 0.181374 0.264873
vt 0.170958 0.266689
vt 0.170372 0.257371
vt 0.149270 0.064209
vt 0.150496 0.058654
vt 0.149941 0.071119
vt 0.162715 0.271807
vt 0.137936 0.070774
vt 0.143788 0.067897
vt 0.155149 0.255379
vt 0.405693 0.995111
vt 0.125728 0.087853
vt 0.113088 0.078935
vt 0.121512 0.076072
vt 0.139787 0.244472
vt 0.141229 0.254622
vt 0.134836 0.250991
vt 0.113845 0.113289
vt 0.117082 0.097678
vt 0.135625 0.225928
vt 0.119913 0.214266
vt 0.104181 0.131571
vt 0.106584 0.119254
vt 0.111980 0.201602
vt 0.103252 0.211174
vt 0.101829 0.203929
vt 0.097280 0.199124
vt 0.097827 0.185062
vt 0.108231 0.187363
vt 0.105350 0.172383
vt 0.550365 0.116173
vt 0.557967 0.122383
vt 0.562588 0.087641
vt 0.556681 0.091591
vt 0.551522 0.103198
vt 0.556087 0.097212
vt 0.549323 0.136494
vt 0.554448 0.138180
vt 0.547382 0.146626
vt 0.547928 0.151827
vt 0.571921 0.250485
vt 0.569073 0.257922
vt 0.564094 0.254611
vt 0.565500 0.242229
vt 0.564095 0.262853
vt 0.930144 0.234090
vt 0.551264 0.270429
vt 0.544309 0.273645
vt 0.550202 0.254235
vt 0.932787 0.254061
vt 0.931067 0.247162
vt 0.530871 0.289699
vt 0.536536 0.281646
vt 0.538715 0.267320
vt 0.935269 0.257909
vt 0.929363 0.257675
vt 0.934651 0.263109
vt 0.527353 0.283998
vt 0.525577 0.278924
vt 0.931189 0.275781
vt 0.515574 0.286289
vt 0.932631 0.288444
vt 0.933924 0.282329
vt 0.477412 0.138473
vt 0.484751 0.140207
vt 0.480573 0.148325
vt 0.497159 0.280222
vt 0.489228 0.274099
vt 0.484464 0.264898
vt 0.499509 0.271998
vt 0.474047 0.265933
vt 0.468359 0.253668
vt 0.484876 0.253111
vt 0.477669 0.244729
vt 0.460392 0.192382
vt 0.455515 0.179059
vt 0.467845 0.181093
vt 0.456532 0.165794
vt 0.469769 0.169769
vt 0.455433 0.229626
vt 0.474113 0.226957
vt 0.466016 0.153109
vt 0.439493 0.145113
vt 0.468122 0.201316
vt 0.442582 0.185411
vt 0.433666 0.172786
vt 0.242624 0.096230
vt 0.249290 0.158783
vt 0.256121 0.188889
vt 0.245784 0.173261
vt 0.249035 0.113345
vt 0.232164 0.107432
vt 0.227538 0.090116
vt 0.235070 0.204572
vt 0.216501 0.096655
vt 0.221876 0.250342
vt 0.241905 0.256606
vt 0.229881 0.228765
vt 0.206320 0.086778
vt 0.206084 0.252864
vt 0.203536 0.242639
vt 0.207415 0.265469
vt 0.193488 0.249233
vt 0.184312 0.251644
vt 0.163295 0.085886
vt 0.160205 0.076707
vt 0.171492 0.076958
vt 0.179461 0.239904
vt 0.171657 0.244811
vt 0.146218 0.079115
vt 0.150615 0.086013
vt 0.156525 0.247522
vt 0.157930 0.239544
vt 0.135139 0.077759
vt 0.136727 0.087788
vt 0.145980 0.241804
vt 0.130318 0.100148
vt 0.140662 0.096535
vt 0.129665 0.212860
vt 0.142666 0.216706
vt 0.129565 0.203430
vt 0.116692 0.121226
vt 0.124241 0.108157
vt 0.123312 0.126608
vt 0.112634 0.136008
vt 0.556420 0.109369
vt 0.547999 0.109512
vt 0.585209 0.224858
vt 0.581895 0.229381
vt 0.578932 0.218213
vt 0.543117 0.126859
vt 0.543599 0.132896
vt 0.549586 0.128687
vt 0.567938 0.230018
vt 0.575148 0.231389
vt 0.569914 0.219011
vt 0.558167 0.225266
vt 0.939527 0.226346
vt 0.933637 0.224973
vt 0.938195 0.218882
vt 0.929039 0.222732
vt 0.930188 0.217685
vt 0.556332 0.239520
vt 0.545295 0.176077
vt 0.540966 0.167760
vt 0.549132 0.170622
vt 0.554173 0.175527
vt 0.548078 0.240470
vt 0.557804 0.251379
vt 0.934851 0.240505
vt 0.522447 0.169707
vt 0.533276 0.167967
vt 0.529306 0.178980
vt 0.529825 0.263399
vt 0.540067 0.252490
vt 0.538262 0.234348
vt 0.522905 0.164280
vt 0.527492 0.162750
vt 0.524580 0.270972
vt 0.529774 0.250106
vt 0.525728 0.241625
vt 0.517765 0.162159
vt 0.510462 0.165907
vt 0.511387 0.159969
vt 0.513679 0.275634
vt 0.518123 0.258324
vt 0.497787 0.168474
vt 0.504844 0.168192
vt 0.516803 0.182153
vt 0.934335 0.269406
vt 0.937246 0.275716
vt 0.495457 0.159182
vt 0.503981 0.160535
vt 0.490590 0.171820
vt 0.498056 0.182966
vt 0.571078 0.272155
vt 0.567493 0.273891
vt 0.572261 0.277819
vt 0.511001 0.257426
vt 0.490022 0.154155
vt 0.481796 0.156640
vt 0.486424 0.146684
vt 0.504723 0.253446
vt 0.496228 0.259230
vt 0.496393 0.237034
vt 0.489281 0.218273
vt 0.495181 0.226650
vt 0.481440 0.199388
vt 0.491911 0.196500
vt 0.487380 0.182838
vt 0.475098 0.162033
vt 0.475451 0.150031
vt 0.225847 0.182132
vt 0.220252 0.198865
vt 0.213703 0.183563
vt 0.222156 0.171112
vt 0.216913 0.150975
vt 0.227023 0.154219
vt 0.194162 0.098593
vt 0.213730 0.209615
vt 0.214856 0.227092
vt 0.204442 0.216468
vt 0.204031 0.188780
vt 0.200740 0.079259
vt 0.192856 0.090459
vt 0.187573 0.083354
vt 0.178913 0.084818
vt 0.182885 0.096697
vt 0.182180 0.075264
vt 0.172974 0.094383
vt 0.184286 0.223884
vt 0.169662 0.217517
vt 0.177973 0.209473
vt 0.152614 0.097808
vt 0.157972 0.212778
vt 0.162747 0.206357
vt 0.146232 0.112947
vt 0.148446 0.204977
vt 0.151379 0.195064
vt 0.138981 0.129980
vt 0.135028 0.108965
vt 0.157464 0.230983
vt 0.145143 0.229634
vt 0.123744 0.141437
vt 0.131425 0.131076
vt 0.124391 0.193180
vt 0.141504 0.190762
vt 0.133714 0.168467
vt 0.127919 0.183498
vt 0.121941 0.166916
vt 0.133118 0.146072
vt 0.128631 0.156653
vt 0.540453 0.113131
vt 0.535406 0.121452
vt 0.542714 0.120941
vt 0.573289 0.208467
vt 0.587193 0.210338
vt 0.585836 0.217451
vt 0.532698 0.128118
vt 0.537565 0.130680
vt 0.562700 0.213526
vt 0.565073 0.184918
vt 0.567553 0.179686
vt 0.574062 0.184310
vt 0.564964 0.191284
vt 0.557373 0.188762
vt 0.548719 0.223045
vt 0.538603 0.189518
vt 0.533860 0.199703
vt 0.552818 0.182973
vt 0.537410 0.176891
vt 0.551401 0.208536
vt 0.525817 0.217117
vt 0.532632 0.207258
vt 0.517600 0.189611
vt 0.522314 0.176872
vt 0.507844 0.213596
vt 0.206818 0.172197
vt 0.210082 0.111681
vt 0.223737 0.131674
vt 0.183937 0.109076
vt 0.170957 0.103263
vt 0.163549 0.117951
vt 0.160734 0.102944
vt 0.171760 0.192678
vt 0.157604 0.185785
vt 0.151916 0.122826
vt 0.143482 0.138087
vt 0.142641 0.172860
vt 0.577690 0.199837
vt 0.565969 0.197190
vt 0.578257 0.194061
vt 0.572602 0.189486
vt 0.561148 0.201778
vt 0.557312 0.194330
vt 0.190378 0.448519
vt 0.191399 0.465651
vt 0.193591 0.480353
vt 0.191847 0.495525
vt 0.170927 0.426415
vt 0.144849 0.508277
vt 0.150878 0.497896
vt 0.137864 0.410754
vt 0.130766 0.511368
vt 0.119800 0.520500
vt 0.109129 0.453599
vt 0.097134 0.461412
vt 0.105381 0.440562
vt 0.224159 0.492371
vt 0.223162 0.452454
vt 0.210840 0.504662
vt 0.236590 0.520032
vt 0.230807 0.530030
vt 0.198357 0.511399
vt 0.103954 0.401739
vt 0.106137 0.408211
vt 0.097919 0.413225
vt 0.095876 0.420636
vt 0.089063 0.424256
vt 0.086325 0.432438
vt 0.081497 0.451321
vt 0.082502 0.444520
vt 0.086191 0.453416
vt 0.086488 0.466710
vt 0.283085 0.470073
vt 0.242076 0.397062
vt 0.112702 0.611852
vt 0.108607 0.616143
vt 0.123948 0.606470
vt 0.210189 0.609641
vt 0.075640 0.473261
vt 0.081110 0.467121
vt 0.077510 0.480026
vt 0.076697 0.499138
vt 0.345214 0.439853
vt 0.332471 0.450515
vt 0.344081 0.473317
vt 0.322063 0.452859
vt 0.214800 0.580111
vt 0.099474 0.620100
vt 0.169856 0.627747
vt 0.274503 0.610313
vt 0.076799 0.512384
vt 0.072834 0.515824
vt 0.395691 0.416791
vt 0.369695 0.423154
vt 0.384645 0.439974
vt 0.363248 0.459409
vt 0.351751 0.411166
vt 0.356511 0.422005
vt 0.324502 0.407410
vt 0.225046 0.328638
vt 0.188770 0.314355
vt 0.174642 0.587766
vt 0.166480 0.587367
vt 0.181155 0.323275
vt 0.416161 0.763378
vt 0.155434 0.582275
vt 0.403852 0.763902
vt 0.790645 0.778739
vt 0.786666 0.774452
vt 0.785796 0.780000
vt 0.110868 0.576539
vt 0.290217 0.618272
vt 0.286299 0.612126
vt 0.435920 0.426566
vt 0.405815 0.440388
vt 0.397426 0.444185
vt 0.407874 0.474149
vt 0.300470 0.592738
vt 0.260541 0.319109
vt 0.268492 0.319139
vt 0.242880 0.601908
vt 0.235595 0.600691
vt 0.486559 0.766101
vt 0.493245 0.769158
vt 0.473923 0.763111
vt 0.479771 0.766068
vt 0.466078 0.763726
vt 0.450147 0.766403
vt 0.030307 0.633384
vt 0.038364 0.632702
vt 0.360208 0.780740
vt 0.366217 0.776356
vt 0.063996 0.531881
vt 0.204127 0.648025
vt 0.233356 0.644315
vt 0.500380 0.419953
vt 0.475081 0.436434
vt 0.478202 0.454980
vt 0.465222 0.448037
vt 0.467347 0.390603
vt 0.451986 0.378753
vt 0.453149 0.447063
vt 0.429954 0.341585
vt 0.414020 0.373305
vt 0.387012 0.517974
vt 0.354238 0.359578
vt 0.325455 0.586060
vt 0.304593 0.584169
vt 0.292189 0.604485
vt 0.284406 0.605063
vt 0.276197 0.603383
vt 0.288233 0.330097
vt 0.282911 0.329467
vt 0.278945 0.323663
vt 0.274515 0.320725
vt 0.676241 0.752140
vt 0.500768 0.769802
vt 0.694820 0.755389
vt 0.353431 0.782508
vt 0.351762 0.790402
vt 0.084597 0.584709
vt 0.524861 0.380458
vt 0.524088 0.386803
vt 0.753282 0.143157
vt 0.758209 0.149892
vt 0.518697 0.392040
vt 0.755363 0.155638
vt 0.520016 0.397636
vt 0.523253 0.401999
vt 0.754439 0.186206
vt 0.506370 0.428394
vt 0.758680 0.199845
vt 0.753837 0.193792
vt 0.757846 0.210760
vt 0.489686 0.313656
vt 0.757077 0.219561
vt 0.744208 0.218003
vt 0.484111 0.317668
vt 0.756926 0.226424
vt 0.752939 0.240439
vt 0.749297 0.243907
vt 0.481544 0.337937
vt 0.773073 0.691334
vt 0.771332 0.696860
vt 0.470206 0.457669
vt 0.754291 0.249102
vt 0.476758 0.460623
vt 0.459278 0.479887
vt 0.767256 0.706413
vt 0.960490 0.592018
vt 0.775099 0.732000
vt 0.431767 0.333294
vt 0.358442 0.346577
vt 0.354066 0.348997
vt 0.335561 0.608759
vt 0.330529 0.345744
vt 0.300546 0.599929
vt 0.320697 0.610613
vt 0.313833 0.611170
vt 0.308009 0.611783
vt 0.302389 0.606218
vt 0.309806 0.340160
vt 0.296268 0.608156
vt 0.551578 0.770871
vt 0.646250 0.755244
vt 0.654465 0.753594
vt 0.659364 0.755162
vt 0.670346 0.751034
vt 0.665264 0.751725
vt 0.478806 0.794074
vt 0.111882 0.662105
vt 0.081233 0.590124
vt 0.075377 0.589637
vt 0.347845 0.795683
vt 0.049258 0.545298
vt 0.521967 0.339145
vt 0.755991 0.098426
vt 0.757400 0.106129
vt 0.526340 0.359206
vt 0.755646 0.123988
vt 0.758129 0.116223
vt 0.514873 0.314848
vt 0.732398 0.201105
vt 0.509497 0.308733
vt 0.496239 0.299791
vt 0.742938 0.252288
vt 0.798718 0.225463
vt 0.786838 0.227111
vt 0.780880 0.221577
vt 0.740495 0.261099
vt 0.785733 0.713022
vt 0.461450 0.299405
vt 0.454290 0.330673
vt 0.752930 0.284946
vt 0.753064 0.291257
vt 0.753884 0.296535
vt 0.752808 0.310338
vt 0.437465 0.310175
vt 0.432685 0.313941
vt 0.428277 0.529161
vt 0.425318 0.535158
vt 0.419165 0.540465
vt 0.754332 0.339911
vt 0.756038 0.347504
vt 0.407512 0.559304
vt 0.519717 0.757818
vt 0.526990 0.759803
vt 0.760750 0.381904
vt 0.381998 0.596615
vt 0.761580 0.411297
vt 0.569074 0.761391
vt 0.596889 0.776692
vt 0.605352 0.746007
vt 0.581265 0.777664
vt 0.590390 0.776682
vt 0.617874 0.755492
vt 0.574084 0.777983
vt 0.531152 0.801249
vt 0.715333 0.723602
vt 0.338598 0.811112
vt 0.058824 0.583892
vt 0.310049 0.659577
vt 0.304609 0.664206
vt 0.742350 0.122294
vt 0.737924 0.107210
vt 0.730721 0.106231
vt 0.758874 0.059177
vt 0.761580 0.050326
vt 0.794278 0.706081
vt 0.794278 0.694070
vt 0.038380 0.992493
vt 0.791291 0.711545
vt 0.792844 0.717861
vt 0.979464 0.592519
vt 0.791146 0.722982
vt 0.985014 0.604000
vt 0.756400 0.420912
vt 0.748383 0.424644
vt 0.404513 0.824215
vt 0.394598 0.825432
vt 0.088828 0.679325
vt 0.369679 0.824361
vt 0.073010 0.596915
vt 0.069031 0.602089
vt 0.202531 0.680595
vt 0.728070 0.095594
vt 0.719304 0.111793
vt 0.728024 0.077012
vt 0.419360 0.742797
vt 0.777376 0.215897
vt 0.776394 0.623157
vt 0.783697 0.624948
vt 0.793881 0.626459
vt 0.735000 0.320156
vt 0.806518 0.654270
vt 0.824086 0.654820
vt 0.823203 0.668452
vt 0.829566 0.667368
vt 0.721426 0.513931
vt 0.721293 0.522021
vt 0.715194 0.529645
vt 0.707715 0.519128
vt 0.722616 0.534834
vt 0.724389 0.541280
vt 0.895601 0.728537
vt 0.695388 0.725475
vt 0.699927 0.712709
vt 0.704422 0.727138
vt 0.340694 0.834721
vt 0.330904 0.832563
vt 0.334382 0.827536
vt 0.180733 0.695100
vt 0.021432 0.557791
vt 0.319512 0.681574
vt 0.720044 0.069959
vt 0.711059 0.124592
vt 0.711355 0.133955
vt 0.789608 0.185117
vt 0.779265 0.601351
vt 0.038688 0.979134
vt 0.043264 0.981146
vt 0.729296 0.292608
vt 0.719961 0.320491
vt 0.474003 0.724484
vt 0.828909 0.625422
vt 0.090270 0.982391
vt 0.927801 0.839685
vt 0.731541 0.348358
vt 0.833491 0.657955
vt 0.841424 0.672333
vt 0.836539 0.675194
vt 0.839242 0.682824
vt 0.853672 0.694073
vt 0.856735 0.686110
vt 0.703878 0.491984
vt 0.886013 0.697958
vt 0.909472 0.762132
vt 0.911696 0.752168
vt 0.673860 0.508438
vt 0.669925 0.515537
vt 0.903658 0.735639
vt 0.893040 0.734480
vt 0.907079 0.729443
vt 0.692253 0.545674
vt 0.691751 0.539580
vt 0.905474 0.719192
vt 0.900545 0.330971
vt 0.722867 0.712963
vt 0.398337 0.837827
vt 0.334462 0.845893
vt 0.329359 0.837386
vt 0.049080 0.607054
vt 0.044686 0.610093
vt 0.316515 0.691102
vt 0.419252 0.728747
vt 0.411008 0.731526
vt 0.765626 0.258645
vt 0.771846 0.188827
vt 0.765783 0.183896
vt 0.768230 0.283300
vt 0.759764 0.282951
vt 0.786335 0.591071
vt 0.764460 0.288444
vt 0.826290 0.590576
vt 0.708244 0.260211
vt 0.995127 0.103808
vt 0.841025 0.622025
vt 0.719481 0.353750
vt 0.845126 0.640637
vt 0.488230 0.026045
vt 0.490708 0.019108
vt 0.476651 0.022289
vt 0.472343 0.027839
vt 0.493612 0.023777
vt 0.499337 0.027049
vt 0.699330 0.462485
vt 0.913896 0.768996
vt 0.660862 0.497323
vt 0.918814 0.758168
vt 0.663749 0.506718
vt 0.657039 0.521212
vt 0.644495 0.515468
vt 0.644569 0.509190
vt 0.644325 0.524920
vt 0.637333 0.521029
vt 0.613578 0.526326
vt 0.679812 0.540498
vt 0.685272 0.543670
vt 0.651645 0.703424
vt 0.873781 0.300316
vt 0.893812 0.701298
vt 0.690690 0.704562
vt 0.750959 0.705388
vt 0.431047 0.838570
vt 0.443877 0.840905
vt 0.013775 0.602934
vt 0.019885 0.606055
vt 0.308626 0.850797
vt 0.010910 0.597876
vt 0.285280 0.712612
vt 0.696384 0.196362
vt 0.413522 0.725812
vt 0.407971 0.719608
vt 0.766365 0.177012
vt 0.783236 0.271831
vt 0.844086 0.551031
vt 0.844413 0.195341
vt 0.855035 0.193690
vt 0.862744 0.195371
vt 0.446113 0.709311
vt 0.455991 0.715814
vt 0.702011 0.275065
vt 0.468443 0.704949
vt 0.985421 0.146426
vt 0.070014 0.955114
vt 0.918840 0.447452
vt 0.986845 0.114355
vt 0.915230 0.454808
vt 0.921836 0.453207
vt 0.980139 0.095905
vt 0.982980 0.100055
vt 0.979448 0.088559
vt 0.459012 0.040888
vt 0.463413 0.037807
vt 0.131840 0.982665
vt 0.714960 0.434330
vt 0.631550 0.486011
vt 0.636477 0.494961
vt 0.576583 0.501538
vt 0.604815 0.702192
vt 0.584138 0.514124
vt 0.187533 0.997872
vt 0.622386 0.537619
vt 0.603419 0.540255
vt 0.890107 0.347444
vt 0.657463 0.532253
vt 0.890636 0.361549
vt 0.896366 0.390313
vt 0.927700 0.713161
vt 0.926686 0.707803
vt 0.906762 0.685762
vt 0.859608 0.296113
vt 0.692277 0.688412
vt 0.482213 0.844713
vt 0.435093 0.850010
vt 0.193276 0.701026
vt 0.235196 0.705516
vt 0.351082 0.694952
vt 0.308751 0.697745
vt 0.699891 0.073702
vt 0.788335 0.244977
vt 0.408894 0.713945
vt 0.032858 0.943226
vt 0.884545 0.191010
vt 0.891492 0.177968
vt 0.458207 0.700557
vt 0.972774 0.151610
vt 0.976251 0.182703
vt 0.972050 0.189933
vt 0.980485 0.189327
vt 0.913261 0.461778
vt 0.921958 0.459677
vt 0.931716 0.432449
vt 0.938513 0.435608
vt 0.933069 0.425383
vt 0.112671 0.953928
vt 0.510178 0.699527
vt 0.481318 0.048320
vt 0.511131 0.038373
vt 0.043936 0.236390
vt 0.037610 0.234513
vt 0.645070 0.459000
vt 0.624910 0.464580
vt 0.612707 0.464798
vt 0.672852 0.463682
vt 0.019528 0.316655
vt 0.603509 0.479287
vt 0.594754 0.704887
vt 0.596967 0.693630
vt 0.572194 0.493016
vt 0.570628 0.506317
vt 0.573532 0.512089
vt 0.570903 0.519430
vt 0.509250 0.523874
vt 0.565653 0.531775
vt 0.566756 0.539398
vt 0.581880 0.543697
vt 0.574250 0.536988
vt 0.576646 0.548216
vt 0.569377 0.544511
vt 0.877535 0.409995
vt 0.893119 0.431540
vt 0.893447 0.443940
vt 0.895616 0.451831
vt 0.894855 0.457879
vt 0.888837 0.455492
vt 0.888097 0.462317
vt 0.900111 0.472491
vt 0.894764 0.470205
vt 0.887982 0.472756
vt 0.900196 0.487740
vt 0.224804 0.997219
vt 0.931226 0.702268
vt 0.932427 0.696149
vt 0.934502 0.690997
vt 0.929182 0.685927
vt 0.732551 0.679226
vt 0.465334 0.851256
vt 0.447846 0.854993
vt 0.045976 0.722043
vt 0.177490 0.705932
vt 0.351127 0.715045
vt 0.272893 0.720120
vt 0.681198 0.062418
vt 0.713321 0.025994
vt 0.760889 0.156978
vt 0.893028 0.171282
vt 0.930632 0.459198
vt 0.935951 0.456067
vt 0.518057 0.690631
vt 0.533453 0.690091
vt 0.513451 0.045624
vt 0.050813 0.239133
vt 0.708400 0.451955
vt 0.521298 0.488469
vt 0.172711 0.967967
vt 0.551662 0.493437
vt 0.582685 0.849074
vt 0.497550 0.515313
vt 0.894248 0.504691
vt 0.889031 0.509469
vt 0.869838 0.362638
vt 0.882081 0.450640
vt 0.881247 0.481491
vt 0.932354 0.680489
vt 0.485503 0.854181
vt 0.466224 0.860977
vt 0.737433 0.667473
vt 0.754981 0.670965
vt 0.008703 0.717574
vt 0.436420 0.860722
vt 0.415476 0.858436
vt 0.348834 0.873807
vt 0.194608 0.721701
vt 0.309122 0.880015
vt 0.247819 0.727904
vt 0.299621 0.878024
vt 0.673784 0.074163
vt 0.424117 0.691736
vt 0.954472 0.457539
vt 0.942628 0.461296
vt 0.678237 0.325807
vt 0.055901 0.242354
vt 0.054649 0.235745
vt 0.061047 0.250556
vt 0.050775 0.248596
vt 0.164685 0.956002
vt 0.536417 0.470843
vt 0.536770 0.477103
vt 0.502153 0.484468
vt 0.026748 0.412048
vt 0.028423 0.418687
vt 0.500678 0.489189
vt 0.908995 0.320717
vt 0.907251 0.326947
vt 0.910101 0.315479
vt 0.182961 0.960125
vt 0.589865 0.856163
vt 0.911329 0.362396
vt 0.492377 0.536330
vt 0.914085 0.370058
vt 0.487284 0.540001
vt 0.648042 0.684190
vt 0.888560 0.515416
vt 0.883064 0.521229
vt 0.872121 0.490721
vt 0.266530 0.984035
vt 0.258909 0.987525
vt 0.484378 0.861312
vt 0.389755 0.874423
vt 0.364647 0.876633
vt 0.668727 0.187262
vt 0.661363 0.183431
vt 0.694749 0.016783
vt 0.012165 0.917973
vt 0.016980 0.914132
vt 0.011353 0.922826
vt 0.831114 0.143078
vt 0.843269 0.147536
vt 0.892940 0.154310
vt 0.424026 0.673109
vt 0.862162 0.151728
vt 0.439261 0.672714
vt 0.448915 0.693820
vt 0.947649 0.095394
vt 0.971701 0.444481
vt 0.522020 0.674112
vt 0.132385 0.936050
vt 0.515106 0.055367
vt 0.055009 0.315051
vt 0.034604 0.357706
vt 0.038683 0.364435
vt 0.037702 0.372069
vt 0.542879 0.466470
vt 0.546202 0.471193
vt 0.041678 0.406610
vt 0.691236 0.453569
vt 0.701103 0.453326
vt 0.616030 0.850128
vt 0.926122 0.385915
vt 0.867074 0.499665
vt 0.870237 0.505434
vt 0.680998 0.652431
vt 0.755494 0.663810
vt 0.757852 0.656876
vt 0.747842 0.657917
vt 0.133365 0.743647
vt 0.296122 0.745678
vt 0.694252 0.055922
vt 0.670506 0.048077
vt 0.655791 0.057278
vt 0.402452 0.682981
vt 0.781795 0.133196
vt 0.783739 0.146251
vt 0.790156 0.152321
vt 0.813127 0.126533
vt 0.813505 0.144596
vt 0.824152 0.134170
vt 0.896155 0.148951
vt 0.940018 0.143847
vt 0.943114 0.187971
vt 0.942660 0.095440
vt 0.940799 0.104919
vt 0.976839 0.449544
vt 0.069196 0.917438
vt 0.521005 0.658229
vt 0.070741 0.277070
vt 0.078928 0.251757
vt 0.060141 0.377634
vt 0.053244 0.394058
vt 0.623780 0.864906
vt 0.617086 0.868535
vt 0.923644 0.309902
vt 0.639769 0.655460
vt 0.573448 0.868226
vt 0.272909 0.966101
vt 0.273096 0.972937
vt 0.693047 0.647903
vt 0.687826 0.659982
vt 0.477428 0.873719
vt 0.476763 0.882253
vt 0.459354 0.891047
vt 0.752002 0.653543
vt 0.151282 0.747290
vt 0.307695 0.749094
vt 0.647035 0.134167
vt 0.644876 0.182319
vt 0.401541 0.675251
vt 0.414210 0.667460
vt 0.018430 0.901691
vt 0.886157 0.138503
vt 0.932448 0.123465
vt 0.652836 0.304168
vt 0.951132 0.502667
vt 0.144795 0.921011
vt 0.055719 0.419090
vt 0.866305 0.523111
vt 0.666167 0.647726
vt 0.840317 0.425330
vt 0.842078 0.439422
vt 0.848780 0.484440
vt 0.510844 0.884046
vt 0.010390 0.755750
vt 0.064842 0.757127
vt 0.164029 0.764171
vt 0.173742 0.756245
vt 0.226283 0.747299
vt 0.306922 0.910582
vt 0.265779 0.750646
vt 0.624901 0.089088
vt 0.636495 0.181384
vt 0.400946 0.667579
vt 0.772736 0.116786
vt 0.013995 0.894597
vt 0.012178 0.901117
vt 0.025915 0.896869
vt 0.032104 0.899991
vt 0.039608 0.899013
vt 0.460862 0.664967
vt 0.924308 0.126047
vt 0.648445 0.293857
vt 0.957741 0.513074
vt 0.960490 0.520692
vt 0.957947 0.535280
vt 0.465009 0.655982
vt 0.920413 0.513534
vt 0.536293 0.646019
vt 0.094013 0.236317
vt 0.086099 0.236013
vt 0.080711 0.273863
vt 0.071986 0.387299
vt 0.938682 0.345119
vt 0.644112 0.641286
vt 0.842675 0.486168
vt 0.810703 0.374921
vt 0.790766 0.311372
vt 0.470963 0.902806
vt 0.453214 0.904569
vt 0.175919 0.767410
vt 0.327747 0.915546
vt 0.226865 0.758013
vt 0.298640 0.921914
vt 0.292916 0.921622
vt 0.309725 0.922756
vt 0.305739 0.921109
vt 0.271717 0.757968
vt 0.337048 0.764102
vt 0.632581 0.134753
vt 0.629371 0.069070
vt 0.628804 0.182444
vt 0.400303 0.660195
vt 0.785314 0.102665
vt 0.850130 0.265582
vt 0.840071 0.105577
vt 0.911419 0.181505
vt 0.645080 0.299821
vt 0.913505 0.520868
vt 0.506930 0.645705
vt 0.135575 0.909228
vt 0.888244 0.581526
vt 0.891403 0.588614
vt 0.098399 0.274964
vt 0.087427 0.323204
vt 0.086732 0.331592
vt 0.951634 0.301870
vt 0.591018 0.634130
vt 0.604572 0.638377
vt 0.947947 0.334042
vt 0.847013 0.521203
vt 0.540558 0.894273
vt 0.543318 0.902817
vt 0.816193 0.382761
vt 0.836722 0.488761
vt 0.791831 0.337310
vt 0.799581 0.345306
vt 0.695921 0.631655
vt 0.775733 0.298986
vt 0.010080 0.062066
vt 0.014191 0.060543
vt 0.000454 0.078326
vt 0.264945 0.770548
vt 0.326015 0.768850
vt 0.648285 0.047142
vt 0.620145 0.178928
vt 0.818889 0.117801
vt 0.831485 0.107455
vt 0.019354 0.882547
vt 0.026697 0.884142
vt 0.018965 0.889741
vt 0.898728 0.118260
vt 0.035692 0.877416
vt 0.909669 0.156506
vt 0.958328 0.593628
vt 0.960490 0.599350
vt 0.907214 0.176090
vt 0.906305 0.183874
vt 0.635641 0.303782
vt 0.956027 0.605165
vt 0.929293 0.581834
vt 0.930223 0.617852
vt 0.924528 0.569306
vt 0.918825 0.581275
vt 0.896510 0.532009
vt 0.527567 0.630380
vt 0.888712 0.607607
vt 0.655705 0.414831
vt 0.544790 0.634092
vt 0.882380 0.538453
vt 0.104905 0.254948
vt 0.102492 0.269246
vt 0.083445 0.390593
vt 0.074646 0.393270
vt 0.957723 0.299458
vt 0.632285 0.905331
vt 0.604229 0.629687
vt 0.829818 0.505353
vt 0.824902 0.496939
vt 0.832227 0.492711
vt 0.729962 0.621060
vt 0.416304 0.914455
vt 0.405516 0.918042
vt 0.344055 0.934347
vt 0.152206 0.783291
vt 0.335556 0.936787
vt 0.030278 0.056124
vt 0.009316 0.105817
vt 0.024347 0.102244
vt 0.861144 0.236653
vt 0.632717 0.018142
vt 0.795774 0.087906
vt 0.015624 0.876258
vt 0.019573 0.869498
vt 0.775736 0.090632
vt 0.861291 0.265733
vt 0.863791 0.100728
vt 0.894210 0.112805
vt 0.954225 0.626897
vt 0.950539 0.624818
vt 0.894187 0.196000
vt 0.936593 0.625815
vt 0.849682 0.971111
vt 0.845536 0.966667
vt 0.843324 0.971111
vt 0.567212 0.584444
vt 0.053545 0.450833
vt 0.058378 0.444208
vt 0.048934 0.440465
vt 0.061300 0.436891
vt 0.496550 0.633345
vt 0.935210 0.643868
vt 0.061308 0.454711
vt 0.905747 0.637821
vt 0.637533 0.385854
vt 0.641174 0.412989
vt 0.149999 0.890246
vt 0.092037 0.399494
vt 0.092218 0.393020
vt 0.644879 0.435499
vt 0.965758 0.295556
vt 0.633668 0.910590
vt 0.217803 0.917767
vt 0.820641 0.504413
vt 0.245474 0.917812
vt 0.824301 0.487889
vt 0.817248 0.494064
vt 0.813399 0.465210
vt 0.768006 0.304493
vt 0.773206 0.306124
vt 0.355523 0.942198
vt 0.037972 0.100041
vt 0.602145 0.168792
vt 0.778708 0.082875
vt 0.026323 0.869252
vt 0.856184 0.096637
vt 0.879966 0.097528
vt 0.049386 0.870644
vt 0.954464 0.844889
vt 0.952316 0.850287
vt 0.734781 0.791922
vt 0.555659 0.573065
vt 0.934377 0.647555
vt 0.923906 0.640409
vt 0.102698 0.350675
vt 0.795035 0.772111
vt 0.800040 0.767365
vt 0.097617 0.387368
vt 0.807358 0.755005
vt 0.816856 0.745025
vt 0.978869 0.297383
vt 0.633494 0.434175
vt 0.639268 0.438873
vt 0.983197 0.301421
vt 0.202191 0.890128
vt 0.202204 0.896491
vt 0.595498 0.919578
vt 0.596536 0.606148
vt 0.210021 0.892250
vt 0.981157 0.331438
vt 0.604614 0.605381
vt 0.219117 0.891470
vt 0.214769 0.899169
vt 0.865952 0.739897
vt 0.857779 0.738132
vt 0.612551 0.605334
vt 0.225202 0.895001
vt 0.874097 0.741621
vt 0.881977 0.744858
vt 0.559916 0.924827
vt 0.811609 0.514056
vt 0.254416 0.909221
vt 0.798450 0.452215
vt 0.522486 0.931144
vt 0.685492 0.607501
vt 0.870902 0.952136
vt 0.775732 0.331194
vt 0.339083 0.967250
vt 0.280366 0.800039
vt 0.622476 0.013396
vt 0.880218 0.251257
vt 0.778821 0.077281
vt 0.720247 0.799959
vt 0.713225 0.797303
vt 0.619478 0.321442
vt 0.616116 0.331959
vt 0.610340 0.324042
vt 0.737979 0.835946
vt 0.744579 0.852785
vt 0.734679 0.950199
vt 0.724280 0.947858
vt 0.745905 0.838755
vt 0.751297 0.896354
vt 0.809268 0.777053
vt 0.816605 0.780721
vt 0.832465 0.758626
vt 0.620264 0.932352
vt 0.580731 0.598131
vt 0.795173 0.936554
vt 0.612606 0.936366
vt 0.365008 0.272879
vt 0.370944 0.276566
vt 0.608490 0.931512
vt 0.820413 0.933158
vt 0.802556 0.937433
vt 0.355130 0.278722
vt 0.309306 0.002550
vt 0.615936 0.599749
vt 0.833404 0.940385
vt 0.622394 0.596692
vt 0.636645 0.593308
vt 0.845700 0.950306
vt 0.785196 0.435858
vt 0.789439 0.439959
vt 0.772236 0.395064
vt 0.770230 0.401189
vt 0.774757 0.403841
vt 0.779082 0.415681
vt 0.777031 0.409351
vt 0.805578 0.463812
vt 0.799864 0.463397
vt 0.804362 0.470690
vt 0.763817 0.370651
vt 0.764790 0.376109
vt 0.882912 0.936014
vt 0.757947 0.346880
vt 0.482585 0.939461
vt 0.345294 0.971079
vt 0.890625 0.251073
vt 0.024183 0.850821
vt 0.847631 0.081972
vt 0.031152 0.868622
vt 0.690388 0.826759
vt 0.705239 0.818986
vt 0.705932 0.813267
vt 0.700981 0.807564
vt 0.610685 0.301492
vt 0.108670 0.864725
vt 0.711663 0.953451
vt 0.717777 0.949441
vt 0.611301 0.352141
vt 0.116113 0.866020
vt 0.612423 0.391607
vt 0.613145 0.399133
vt 0.791128 0.834116
vt 0.614549 0.405221
vt 0.618273 0.409617
vt 0.372989 0.026891
vt 0.551187 0.592526
vt 0.557408 0.590263
vt 0.784857 0.899496
vt 0.810517 0.793397
vt 0.818341 0.894965
vt 0.799666 0.886599
vt 0.852441 0.812735
vt 0.835563 0.923927
vt 0.865385 0.812390
vt 0.855190 0.893185
vt 0.863601 0.905891
vt 0.857326 0.915221
vt 0.853617 0.924211
vt 0.864119 0.928347
vt 0.277910 0.008004
vt 0.866459 0.922126
vt 0.874830 0.888260
vt 0.263129 0.007913
vt 0.662974 0.588270
vt 0.655931 0.588499
vt 0.252162 0.013344
vt 0.673575 0.594007
vt 0.676095 0.588042
vt 0.244335 0.013615
vt 0.686146 0.598950
vt 0.718265 0.588108
vt 0.729098 0.586379
vt 0.030734 0.816243
vt 0.365528 0.989475
vt 0.345150 0.976796
vt 0.265990 0.822772
vt 0.605289 0.110858
vt 0.902368 0.234124
vt 0.029469 0.845959
vt 0.827312 0.066151
vt 0.895965 0.078770
vt 0.895206 0.073856
vt 0.039764 0.846690
vt 0.034506 0.843168
vt 0.850514 0.070895
vt 0.654690 0.886244
vt 0.656297 0.879186
vt 0.888245 0.072043
vt 0.683911 0.830750
vt 0.600046 0.281421
vt 0.687410 0.837469
vt 0.077130 0.846490
vt 0.602485 0.319229
vt 0.085992 0.855415
vt 0.688784 0.961158
vt 0.604637 0.329565
vt 0.709994 0.932137
vt 0.691769 0.931413
vt 0.706627 0.924882
vt 0.602989 0.337939
vt 0.604510 0.348879
vt 0.429173 0.276537
vt 0.422815 0.274056
vt 0.533334 0.592995
vt 0.540279 0.592425
vt 0.417501 0.273169
vt 0.545681 0.588211
vt 0.822141 0.836638
vt 0.336010 0.235922
vt 0.288876 0.293229
vt 0.668866 0.584289
vt 0.246735 0.033590
vt 0.277746 0.299759
vt 0.694480 0.583113
vt 0.702446 0.582676
vt 0.706357 0.577428
vt 0.709365 0.585783
vt 0.714747 0.578583
vt 0.723383 0.575697
vt 0.359439 0.988813
vt 0.348396 0.983089
vt 0.351194 0.989802
vt 0.200038 0.821812
vt 0.579169 0.100122
vt 0.574390 0.163949
vt 0.593850 0.021247
vt 0.648594 0.858726
vt 0.653338 0.854598
vt 0.664348 0.862942
vt 0.665417 0.889592
vt 0.671679 0.884316
vt 0.673721 0.871201
vt 0.655493 0.961943
vt 0.597684 0.273426
vt 0.675608 0.903537
vt 0.678277 0.887703
vt 0.676765 0.958594
vt 0.681572 0.940676
vt 0.682612 0.927712
vt 0.684423 0.962190
vt 0.591280 0.339837
vt 0.597279 0.343308
vt 0.598805 0.349913
vt 0.422870 0.085889
vt 0.603081 0.356150
vt 0.521303 0.592183
vt 0.517891 0.588275
vt 0.420348 0.255617
vt 0.390932 0.231391
vt 0.292527 0.260214
vt 0.213198 0.035799
vt 0.208237 0.042574
vt 0.239463 0.306222
vt 0.715593 0.570556
vt 0.720030 0.566093
vt 0.726295 0.567820
vt 0.736161 0.562541
vt 0.050063 0.829942
vt 0.062766 0.832543
vt 0.359539 0.995111
vt 0.093884 0.085080
vt 0.258716 0.838533
vt 0.913970 0.233820
vt 0.408138 0.599141
vt 0.419859 0.598402
vt 0.906722 0.274205
vt 0.661968 0.845636
vt 0.912182 0.284099
vt 0.579785 0.265382
vt 0.584886 0.263370
vt 0.585673 0.278487
vt 0.577239 0.275249
vt 0.581090 0.282657
vt 0.588559 0.310552
vt 0.454244 0.111506
vt 0.474160 0.582294
vt 0.480730 0.587303
vt 0.440869 0.100529
vt 0.463737 0.289163
vt 0.434065 0.258052
vt 0.421712 0.222689
vt 0.392471 0.222696
vt 0.387362 0.168258
vt 0.349982 0.083383
vt 0.347655 0.184099
vt 0.352087 0.196100
vt 0.337623 0.165887
vt 0.315169 0.209501
vt 0.315536 0.189591
vt 0.201083 0.043229
vt 0.464309 0.986033
vt 0.195278 0.046672
vt 0.442609 0.974035
vt 0.431350 0.989408
vt 0.426390 0.986998
vt 0.421204 0.986737
vt 0.785613 0.537333
vt 0.790645 0.540154
vt 0.163661 0.278310
vt 0.396557 0.991511
vt 0.094941 0.842883
vt 0.104645 0.079664
vt 0.127838 0.242620
vt 0.115784 0.235020
vt 0.149195 0.837613
vt 0.099671 0.082495
vt 0.177871 0.841528
vt 0.084256 0.174872
vt 0.081272 0.161405
vt 0.078653 0.155576
vt 0.092348 0.157371
vt 0.215955 0.838340
vt 0.561224 0.076868
vt 0.563710 0.068605
vt 0.566959 0.046227
vt 0.565684 0.053559
vt 0.559581 0.282389
vt 0.555429 0.287962
vt 0.525986 0.297551
vt 0.531347 0.306222
vt 0.524910 0.303730
vt 0.431114 0.589400
vt 0.518978 0.298827
vt 0.574404 0.269978
vt 0.434928 0.584377
vt 0.580893 0.289071
vt 0.497956 0.288255
vt 0.459991 0.583436
vt 0.464410 0.136774
vt 0.431392 0.136992
vt 0.420516 0.129282
vt 0.418348 0.168541
vt 0.405469 0.166205
vt 0.392922 0.134131
vt 0.364815 0.116214
vt 0.327925 0.182150
vt 0.316256 0.167263
vt 0.297666 0.105001
vt 0.302575 0.201584
vt 0.298826 0.120904
vt 0.276805 0.117737
vt 0.281146 0.131063
vt 0.267399 0.129630
vt 0.289334 0.190939
vt 0.265571 0.115787
vt 0.253192 0.250536
vt 0.195915 0.072348
vt 0.155519 0.057821
vt 0.156947 0.266198
vt 0.153143 0.262907
vt 0.131490 0.071874
vt 0.147671 0.257726
vt 0.128148 0.070601
vt 0.132929 0.244514
vt 0.101396 0.149150
vt 0.550526 0.122239
vt 0.583589 0.236044
vt 0.575418 0.242914
vt 0.924707 0.229234
vt 0.504289 0.279148
vt 0.576229 0.280824
vt 0.463035 0.158969
vt 0.437069 0.160345
vt 0.252990 0.143609
vt 0.248932 0.130347
vt 0.116669 0.178171
vt 0.105244 0.159979
vt 0.113728 0.164337
vt 0.114117 0.149094
vt 0.936708 0.204889
vt 0.943232 0.205219
vt 0.933662 0.212150
vt 0.935878 0.232228
vt 0.534993 0.162593
vt 0.939326 0.283479
vt 0.565409 0.268886
vt 0.198618 0.110269
vt 0.196492 0.224849
vt 0.120686 0.150053
vt 0.535259 0.115688
vt 0.582286 0.203454
vt 0.561947 0.175993
vt 0.552428 0.216236
vt 0.539647 0.220820
vt 0.531552 0.222827
vt 0.516431 0.202350
vt 0.521379 0.230807
vt 0.505596 0.198323
vt 0.513182 0.225095
vt 0.196873 0.199133
vt 0.190626 0.215292
vt 0.184859 0.189584
vt 0.158324 0.132528
vt 0.153554 0.163400
vt 0.140989 0.159020
vt 0.150393 0.141919
vt 0.567642 0.205672
vt 0.344883 0.462296
vt 0.226671 0.337343
vt 0.163679 0.333231
vt 0.438252 0.439539
vt 0.424523 0.431418
vt 0.263161 0.598661
vt 0.500351 0.373042
vt 0.484042 0.430194
vt 0.480815 0.388105
vt 0.459821 0.436239
vt 0.526906 0.770210
vt 0.520184 0.374064
vt 0.766122 0.699326
vt 0.418680 0.321401
vt 0.451825 0.754567
vt 0.033146 0.980636
vt 0.037618 0.984312
vt 0.732284 0.304325
vt 0.739605 0.306754
vt 0.828979 0.673780
vt 0.722178 0.528840
vt 0.835583 0.626821
vt 0.917699 0.800013
vt 0.900971 0.789285
vt 0.906329 0.782972
vt 0.725697 0.477150
vt 0.738874 0.484249
vt 0.698266 0.488445
vt 0.918613 0.749817
vt 0.648365 0.531328
vt 0.981929 0.181383
vt 0.990495 0.145903
vt 0.924900 0.764144
vt 0.640003 0.540070
vt 0.891054 0.353195
vt 0.651946 0.541475
vt 0.561390 0.544075
vt 0.891151 0.464683
vt 0.007728 0.709941
vt 0.408543 0.702306
vt 0.406566 0.708231
vt 0.018115 0.941422
vt 0.402064 0.869653
vt 0.950869 0.461778
vt 0.254983 0.992624
vt 0.957168 0.103920
vt 0.971411 0.434776
vt 0.390596 0.883757
vt 0.370953 0.881291
vt 0.294830 0.890775
vt 0.278375 0.730822
vt 0.667467 0.291503
vt 0.942893 0.080326
vt 0.012529 0.908902
vt 0.937334 0.085068
vt 0.937028 0.079556
vt 0.943764 0.380569
vt 0.926371 0.115472
vt 0.073647 0.299340
vt 0.523993 0.893364
vt 0.801877 0.339122
vt 0.017261 0.760706
vt 0.431920 0.674871
vt 0.921151 0.574929
vt 0.964426 0.370685
vt 0.970467 0.370662
vt 0.292122 0.783632
vt 0.910549 0.641376
vt 0.902964 0.642980
vt 0.282806 0.794321
vt 0.882232 0.752142
vt 0.021661 0.793882
vt 0.753854 0.604695
vt 0.748004 0.823261
vt 0.810062 0.760381
vt 0.814263 0.765996
vt 0.806176 0.765627
vt 0.783071 0.422544
vt 0.612842 0.309281
vt 0.808142 0.912878
vt 0.851398 0.879870
vt 0.877451 0.853794
vt 0.648816 0.590941
vt 0.598953 0.094045
vt 0.649048 0.964889
vt 0.225636 0.299039
vt 0.185349 0.843991
vt 0.084364 0.167066
vt 0.423399 0.143601
vt 0.199020 0.276083
vt 0.418614 0.991929
vt 0.093532 0.193525
vt 0.229235 0.242970
vt 0.544776 0.140571
vt 0.199868 0.125905
vt 0.203628 0.150769
vt 0.231782 0.475491
vt 0.503011 0.384702
vt 0.444308 0.386018
vt 0.432780 0.375027
vt 0.268364 0.603504
vt 0.521388 0.765397
vt 0.297326 0.629941
vt 0.499152 0.437082
vt 0.487686 0.444050
vt 0.468254 0.352322
vt 0.329371 0.609201
vt 0.757513 0.089357
vt 0.967172 0.601758
vt 0.909071 0.845599
vt 0.821175 0.202352
vt 0.629808 0.808839
vt 0.899159 0.783147
vt 0.718980 0.478499
vt 0.698447 0.548002
vt 0.918833 0.742010
vt 0.006812 0.686895
vt 0.926836 0.757931
vt 0.179480 0.996013
vt 0.170969 0.993697
vt 0.195178 0.999501
vt 0.617757 0.539564
vt 0.643924 0.544141
vt 0.605495 0.472833
vt 0.628733 0.694406
vt 0.559701 0.551243
vt 0.964064 0.193568
vt 0.935967 0.684774
vt 0.216873 0.729831
vt 0.956285 0.192841
vt 0.450074 0.865306
vt 0.483485 0.869306
vt 0.503413 0.878077
vt 0.008291 0.743646
vt 0.864991 0.136944
vt 0.673207 0.636695
vt 0.769181 0.110576
vt 0.917703 0.190159
vt 0.643325 0.305677
vt 0.087255 0.305569
vt 0.319563 0.931063
vt 0.892078 0.619794
vt 0.463905 0.912151
vt 0.614432 0.104066
vt 0.044589 0.878981
vt 0.967585 0.846144
vt 0.962587 0.846395
vt 0.814301 0.758615
vt 0.633610 0.929923
vt 0.810184 0.938731
vt 0.600265 0.934388
vt 0.818776 0.937448
vt 0.783847 0.428905
vt 0.788971 0.444683
vt 0.791381 0.451958
vt 0.793449 0.459450
vt 0.893340 0.804226
vt 0.776392 0.879432
vt 0.855619 0.801589
vt 0.880138 0.846429
vt 0.582568 0.165566
vt 0.024524 0.844273
vt 0.883362 0.070900
vt 0.494261 0.962841
vt 0.235927 0.839614
vt 0.411454 0.153125
vt 0.395350 0.151752
vt 0.410489 0.140287
vt 0.377170 0.142361
vt 0.356985 0.127458
vt 0.330143 0.115776
vt 0.338296 0.137906
vt 0.318547 0.137436
vt 0.300707 0.143292
vt 0.193418 0.159732
vt 0.188929 0.127204
vt 0.183666 0.171134
vt 0.182096 0.151308
vt 0.181089 0.125753
vt 0.174793 0.133996
vt 0.170335 0.122302
vt 0.167962 0.167954
vt 0.168498 0.142238
vt 0.159037 0.147831
vt 0.256652 0.600324
vt 0.972711 0.591035
vt 0.774179 0.604024
vt 0.201491 0.999556
vt 0.912958 0.312576
vt 0.960769 0.375616
vt 0.520795 0.107111
vt 0.794810 0.777938
vt 0.761659 0.326457
vt 0.967757 0.853645
vt 0.575560 0.286249
vt 0.104710 0.217442
vt 0.895750 0.409542
vt 0.286558 0.932851
vt 0.806681 0.770271
vt 0.803238 0.761365
vt 0.824716 0.940529
vt 0.738212 0.785397
vt 0.491280 0.968465
vt 0.961145 0.604000
vt 0.037094 0.999556
vt 0.509392 0.301313
vt 0.028582 0.551426
vt 0.048592 0.457333
vt 0.967585 0.864444
s 1
usemtl defaultMat
f 1/1/1 2/2/2 3/3/3
f 27/4/4 1/1/1 4/5/5
f 6/6/6 7/7/7 3/3/3
f 10/8/8 8/9/9 4/5/5
f 4/5/5 11/10/10 38/11/11
f 12/12/12 13/13/13 9/14/14
f 16/15/15 21/16/16 22/17/17
f 75/18/18 20/19/19 22/17/17
f 72/20/20 73/21/21 24/22/22
f 5331/23/23 72/20/20 29/24/24
f 2/2/2 1/1/1 5/25/25
f 27/4/4 5/25/25 1/1/1
f 24/22/22 28/26/26 29/24/24
f 27/4/4 8/9/9 26/27/27
f 8/9/9 27/4/4 4/5/5
f 32/28/28 30/29/29 31/30/30
f 13/13/13 12/12/12 34/31/31
f 9/14/14 13/13/13 40/32/32
f 45/33/33 39/34/34 46/35/35
f 43/36/36 48/37/37 41/38/38
f 43/36/36 44/39/39 48/37/37
f 47/40/40 55/41/41 54/42/42
f 53/43/43 55/41/41 57/44/44
f 56/45/45 53/43/43 57/44/44
f 121/46/46 59/47/47 58/48/48
f 58/48/48 59/47/47 15/49/49
f 15/49/49 59/47/47 60/50/50
f 64/51/51 62/52/52 20/19/19
f 63/53/53 17/54/54 62/52/52
f 70/55/55 71/56/56 73/21/21
f 75/18/18 77/57/57 74/58/58
f 23/59/59 75/18/18 22/17/17
f 77/57/57 75/18/18 23/59/59
f 77/57/57 23/59/59 26/27/27
f 76/60/60 80/61/61 28/26/26
f 80/61/61 86/62/62 85/63/63
f 88/64/64 89/65/65 83/66/66
f 84/67/67 42/68/68 83/66/66
f 84/67/67 41/38/38 42/68/68
f 90/69/69 88/64/64 42/68/68
f 48/37/37 91/70/70 41/38/38
f 93/71/71 94/72/72 95/73/73
f 49/74/74 57/44/44 55/41/41
f 99/75/75 100/76/76 101/77/77
f 103/78/78 102/79/79 50/80/80
f 97/81/81 105/82/82 57/44/44
f 97/81/81 98/83/83 105/82/82
f 101/77/77 106/84/84 107/85/85
f 102/79/79 103/78/78 108/86/86
f 57/44/44 105/82/82 110/87/87
f 104/88/88 57/44/44 110/87/87
f 111/89/89 112/90/90 113/91/91
f 117/92/92 195/93/93 121/46/46
f 120/94/94 119/95/95 124/96/96
f 200/97/97 118/98/98 203/99/99
f 118/98/98 63/53/53 62/52/52
f 124/96/96 61/100/100 122/101/101
f 117/92/92 121/46/46 63/53/53
f 70/55/55 66/102/102 128/103/103
f 69/104/104 133/105/105 64/51/51
f 130/106/106 213/107/107 71/56/56
f 74/58/58 133/105/105 69/104/104
f 213/107/107 135/108/108 71/56/56
f 74/58/58 78/109/109 134/110/110
f 136/111/111 217/112/112 137/113/113
f 139/114/114 217/112/112 136/111/111
f 135/108/108 141/115/115 138/116/116
f 140/117/117 79/118/118 82/119/119
f 82/119/119 81/120/120 139/114/114
f 83/66/66 144/121/121 81/120/120
f 86/62/62 80/61/61 143/122/122
f 146/123/123 145/124/124 144/121/121
f 147/125/125 146/123/123 83/66/66
f 148/126/126 86/62/62 143/122/122
f 147/125/125 83/66/66 149/127/127
f 83/66/66 89/65/65 149/127/127
f 150/128/128 152/129/129 95/73/73
f 150/128/128 151/130/130 152/129/129
f 148/126/126 153/131/131 92/132/132
f 150/128/128 95/73/73 154/133/133
f 49/74/74 92/132/132 97/81/81
f 153/131/131 98/83/83 92/132/132
f 98/83/83 155/134/134 156/135/135
f 154/133/133 95/73/73 157/136/136
f 99/75/75 101/77/77 157/136/136
f 157/136/136 101/77/77 107/85/85
f 160/137/137 161/138/138 159/139/139
f 160/137/137 111/89/89 161/138/138
f 163/140/140 111/89/89 113/91/91
f 165/141/141 163/140/140 166/142/142
f 167/143/143 165/141/141 168/144/144
f 109/145/145 104/88/88 171/146/146
f 172/147/147 109/145/145 171/146/146
f 173/148/148 110/87/87 174/149/149
f 111/89/89 163/140/140 175/150/150
f 167/143/143 176/151/151 169/152/152
f 165/141/141 167/143/143 169/152/152
f 176/151/151 170/153/153 169/152/152
f 179/154/154 180/155/155 272/156/156
f 182/157/157 183/158/158 179/154/154
f 184/159/159 185/160/160 186/161/161
f 187/162/162 188/163/163 182/157/157
f 192/164/164 115/165/165 191/166/166
f 190/167/167 189/168/168 6090/169/169
f 185/160/160 120/94/94 116/170/170
f 118/98/98 194/171/171 195/93/93
f 189/168/168 121/46/46 195/93/93
f 194/171/171 118/98/98 193/172/172
f 118/98/98 195/93/93 117/92/92
f 120/94/94 5352/173/173 119/95/95
f 193/172/172 118/98/98 200/97/97
f 119/95/95 198/174/174 123/175/175
f 205/176/176 201/177/177 206/178/178
f 123/175/175 204/179/179 128/103/103
f 207/180/180 210/181/181 130/106/106
f 206/178/178 211/182/182 209/183/183
f 210/181/181 212/184/184 130/106/106
f 211/182/182 129/185/185 132/186/186
f 213/107/107 130/106/106 212/184/184
f 131/187/187 215/188/188 216/189/189
f 220/190/190 221/191/191 222/192/192
f 219/193/193 223/194/194 218/195/195
f 224/196/196 225/197/197 226/198/198
f 222/192/192 139/114/114 220/190/190
f 220/190/190 139/114/114 142/199/199
f 141/115/115 223/194/194 227/200/200
f 223/194/194 228/201/201 229/202/202
f 142/199/199 230/203/203 231/204/204
f 232/205/205 230/203/203 142/199/199
f 232/205/205 142/199/199 233/206/206
f 330/207/207 234/208/208 235/209/209
f 142/199/199 144/121/121 236/210/210
f 227/200/200 229/202/202 237/211/211
f 229/202/202 238/212/212 237/211/211
f 239/213/213 240/214/214 153/131/131
f 153/131/131 240/214/214 155/134/134
f 243/215/215 241/216/216 244/217/217
f 153/131/131 155/134/134 98/83/83
f 244/217/217 154/133/133 245/218/218
f 98/83/83 156/135/135 158/219/219
f 248/220/220 169/152/152 170/153/153
f 249/221/221 169/152/152 250/222/222
f 249/221/221 251/223/223 252/224/224
f 174/149/149 246/225/225 255/226/226
f 247/227/227 161/138/138 111/89/89
f 257/228/228 256/229/229 165/141/141
f 257/228/228 165/141/141 258/230/230
f 175/150/150 163/140/140 256/229/229
f 266/231/231 267/232/232 268/233/233
f 177/234/234 272/156/156 269/235/235
f 273/236/236 178/237/237 177/234/234
f 274/238/238 279/239/239 275/240/240
f 274/238/238 276/241/241 279/239/239
f 280/242/242 281/243/243 282/244/244
f 181/245/245 283/246/246 279/239/239
f 284/247/247 283/246/246 181/245/245
f 285/248/248 388/249/249 286/250/250
f 188/163/163 187/162/162 386/251/251
f 5352/173/173 185/160/160 285/248/248
f 287/252/252 288/253/253 196/254/254
f 187/162/162 196/254/254 288/253/253
f 286/250/250 292/255/255 289/256/256
f 196/254/254 187/162/162 193/172/172
f 290/257/257 287/252/252 291/258/258
f 287/252/252 199/259/259 291/258/258
f 287/252/252 196/254/254 199/259/259
f 197/260/260 289/256/256 198/174/174
f 291/258/258 199/259/259 202/261/261
f 295/262/262 296/263/263 297/264/264
f 299/265/265 205/176/176 294/266/266
f 300/267/267 298/268/268 293/269/269
f 210/181/181 207/180/180 297/264/264
f 300/267/267 208/270/270 302/271/271
f 303/272/272 304/273/273 305/274/274
f 307/275/275 308/276/276 303/272/272
f 311/277/277 308/276/276 307/275/275
f 310/278/278 312/279/279 313/280/280
f 314/281/281 311/277/277 307/275/275
f 315/282/282 317/283/283 313/280/280
f 318/284/284 316/285/285 319/286/286
f 320/287/287 223/194/194 313/280/280
f 321/288/288 322/289/289 323/290/290
f 325/291/291 321/288/288 326/292/292
f 326/292/292 226/198/198 327/293/293
f 328/294/294 329/295/295 330/207/207
f 329/295/295 331/296/296 330/207/207
f 332/297/297 333/298/298 238/212/212
f 334/299/299 430/300/300 335/301/301
f 337/302/302 335/301/301 338/303/303
f 339/304/304 340/305/305 240/214/214
f 346/306/306 246/225/225 452/307/307
f 255/226/226 346/306/306 350/308/308
f 255/226/226 246/225/225 346/306/306
f 175/150/150 352/309/309 351/310/310
f 175/150/150 256/229/229 354/311/311
f 357/312/312 356/313/313 355/314/314
f 358/315/315 492/316/316 359/317/317
f 359/317/317 360/318/318 357/312/312
f 366/319/319 365/320/320 364/321/321
f 371/322/322 259/323/323 370/324/324
f 371/322/322 260/325/325 259/323/323
f 370/324/324 375/326/326 374/327/327
f 377/328/328 265/329/329 376/330/330
f 377/328/328 274/238/238 265/329/329
f 381/331/331 526/332/332 379/333/333
f 271/334/334 384/335/335 381/331/331
f 385/336/336 383/337/337 381/331/331
f 384/335/335 386/251/251 381/331/331
f 389/338/338 385/336/336 381/331/331
f 390/339/339 385/336/336 389/338/338
f 391/340/340 390/339/339 389/338/338
f 391/340/340 386/251/251 288/253/253
f 396/341/341 394/342/342 395/343/343
f 290/257/257 395/343/343 287/252/252
f 299/265/265 395/343/343 290/257/257
f 400/344/344 401/345/345 398/346/346
f 293/269/269 398/346/346 294/266/266
f 293/269/269 298/268/268 398/346/346
f 298/268/268 400/344/344 398/346/346
f 295/262/262 399/347/347 296/263/263
f 403/348/348 404/349/349 298/268/268
f 296/263/263 405/350/350 406/351/351
f 403/348/348 298/268/268 301/352/352
f 407/353/353 304/273/273 408/354/354
f 409/355/355 410/356/356 411/357/357
f 412/358/358 413/359/359 414/360/360
f 415/361/361 416/362/362 411/357/357
f 411/357/357 417/363/363 415/361/361
f 418/364/364 408/354/354 419/365/365
f 421/366/366 422/367/367 415/361/361
f 423/368/368 424/369/369 415/361/361
f 422/367/367 425/370/370 423/368/368
f 425/370/370 426/371/371 423/368/368
f 427/372/372 313/280/280 317/283/283
f 423/368/368 426/371/371 429/373/373
f 430/300/300 431/374/374 432/375/375
f 433/376/376 431/374/374 430/300/300
f 322/289/289 434/377/377 435/378/378
f 322/289/289 435/378/378 429/373/373
f 322/289/289 321/288/288 434/377/377
f 436/379/379 433/376/376 430/300/300
f 437/380/380 436/379/379 430/300/300
f 443/381/381 438/382/382 439/383/383
f 439/383/383 440/384/384 441/385/385
f 441/385/385 330/207/207 336/386/386
f 335/301/301 430/300/300 442/387/387
f 445/388/388 340/305/305 339/304/304
f 446/389/389 338/303/303 447/390/390
f 444/391/391 341/392/392 448/393/393
f 448/393/393 341/392/392 242/394/394
f 340/305/305 449/395/395 450/396/396
f 342/397/397 451/398/398 343/399/399
f 579/400/400 244/217/217 344/401/401
f 346/306/306 452/307/307 453/402/402
f 345/403/403 348/404/404 454/405/405
f 350/308/308 346/306/306 453/402/402
f 351/310/310 455/406/406 247/227/227
f 252/224/224 456/407/407 353/408/408
f 457/409/409 456/407/407 252/224/224
f 457/409/409 252/224/224 458/410/410
f 350/308/308 453/402/402 460/411/411
f 258/230/230 463/412/412 257/228/228
f 258/230/230 353/408/408 464/413/413
f 465/414/414 466/415/415 467/416/416
f 5404/417/417 468/418/418 469/419/419
f 470/420/420 471/421/421 465/414/414
f 476/422/422 488/423/423 477/424/424
f 356/313/313 474/425/425 355/314/314
f 475/426/426 355/314/314 474/425/425
f 358/315/315 355/314/314 475/426/426
f 478/427/427 479/428/428 480/429/429
f 479/428/428 485/430/430 486/431/431
f 487/432/432 481/433/433 488/423/423
f 360/318/318 492/316/316 493/434/434
f 497/435/435 496/436/436 498/437/437
f 357/312/312 361/438/438 499/439/439
f 502/440/440 497/435/435 498/437/437
f 505/441/441 501/442/442 502/440/440
f 361/438/438 364/321/321 506/443/443
f 681/444/444 507/445/445 508/446/446
f 506/443/443 365/320/320 509/447/447
f 506/443/443 364/321/321 365/320/320
f 504/448/448 368/449/449 367/450/450
f 512/451/451 513/452/452 514/453/453
f 509/447/447 373/454/454 516/455/455
f 373/454/454 509/447/447 374/327/327
f 519/456/456 517/457/457 513/452/452
f 517/457/457 519/456/456 525/458/458
f 521/459/459 519/456/456 522/460/460
f 522/460/460 373/454/454 266/231/231
f 525/458/458 519/456/456 521/459/459
f 522/460/460 526/332/332 521/459/459
f 378/461/461 380/462/462 527/463/463
f 520/464/464 378/461/461 527/463/463
f 528/465/465 529/466/466 530/467/467
f 525/458/458 521/459/459 531/468/468
f 532/469/469 531/468/468 521/459/459
f 526/332/332 381/331/331 532/469/469
f 533/470/470 382/471/471 530/467/467
f 381/331/331 383/337/337 536/472/472
f 533/470/470 534/473/473 387/474/474
f 543/475/475 390/339/339 541/476/476
f 397/477/477 545/478/478 541/476/476
f 390/339/339 394/342/342 541/476/476
f 545/478/478 397/477/477 547/479/479
f 546/480/480 547/479/479 401/345/345
f 547/479/479 396/341/341 398/346/346
f 552/481/481 553/482/482 554/483/483
f 555/484/484 556/485/485 557/486/486
f 556/485/485 558/487/487 557/486/486
f 559/488/488 403/348/348 560/489/489
f 744/490/490 561/491/491 552/481/481
f 563/492/492 416/362/362 415/361/361
f 565/493/493 563/492/492 415/361/361
f 752/494/494 428/495/495 420/496/496
f 752/494/494 420/496/496 564/497/497
f 429/373/373 566/498/498 424/369/369
f 568/499/499 569/500/500 566/498/498
f 570/501/501 438/382/382 571/502/502
f 574/503/503 567/504/504 428/495/495
f 438/382/382 443/381/381 571/502/502
f 574/503/503 575/505/505 576/506/506
f 573/507/507 443/381/381 444/391/391
f 578/508/508 448/393/393 579/400/400
f 580/509/509 582/510/510 577/511/511
f 451/398/398 583/512/512 343/399/399
f 451/398/398 585/513/513 586/514/514
f 588/515/515 344/401/401 589/516/516
f 588/515/515 579/400/400 344/401/401
f 344/401/401 347/517/517 589/516/516
f 347/517/517 345/403/403 591/518/518
f 452/307/307 590/519/519 453/402/402
f 591/518/518 345/403/403 454/405/405
f 460/411/411 453/402/402 592/520/520
f 596/521/521 597/522/522 598/523/523
f 599/524/524 969/525/525 600/526/526
f 601/527/527 602/528/528 603/529/529
f 598/523/523 604/530/530 596/521/521
f 466/415/415 465/414/414 605/531/531
f 606/532/532 608/533/533 607/534/534
f 600/526/526 609/535/535 610/536/536
f 612/537/537 601/527/527 603/529/529
f 613/538/538 614/539/539 603/529/529
f 615/540/540 473/541/541 469/419/419
f 618/542/542 612/537/537 603/529/529
f 614/539/539 619/543/543 5413/544/544
f 619/543/543 614/539/539 470/420/420
f 471/421/421 470/420/420 614/539/539
f 620/545/545 621/546/546 622/547/547
f 477/424/424 619/543/543 470/420/420
f 623/548/548 624/549/549 625/550/550
f 625/550/550 626/551/551 627/552/552
f 633/553/553 634/554/554 632/555/555
f 635/556/556 636/557/557 628/558/558
f 637/559/559 628/558/558 481/433/433
f 626/551/551 638/560/560 639/561/561
f 640/562/562 641/563/563 642/564/564
f 487/432/432 491/565/565 643/566/566
f 644/567/567 645/568/568 646/569/569
f 638/560/560 647/570/570 639/561/561
f 638/560/560 648/571/571 649/572/572
f 496/436/436 643/566/566 491/565/565
f 651/573/573 495/574/574 646/569/569
f 653/575/575 652/576/576 654/577/577
f 655/578/578 656/579/579 657/580/580
f 658/581/581 659/582/582 660/583/583
f 661/584/584 650/585/585 662/586/586
f 663/587/587 662/586/586 501/442/442
f 501/442/442 650/585/585 497/435/435
f 500/588/588 651/573/573 503/589/589
f 664/590/590 665/591/591 666/592/592
f 667/593/593 668/594/594 669/595/595
f 670/596/596 671/597/597 653/575/575
f 672/598/598 673/599/599 674/600/600
f 675/601/601 674/600/600 676/602/602
f 658/581/581 677/603/603 678/604/604
f 679/605/605 680/606/606 501/442/442
f 683/607/607 671/597/597 670/596/596
f 684/608/608 683/607/607 670/596/596
f 673/599/599 685/609/609 676/602/602
f 685/609/609 679/605/605 505/441/441
f 501/442/442 505/441/441 679/605/605
f 681/444/444 508/446/446 504/448/448
f 669/595/595 507/445/445 681/444/444
f 687/610/610 684/608/608 670/596/596
f 507/445/445 695/611/611 510/612/612
f 686/613/613 689/614/614 695/611/611
f 690/615/615 684/608/608 687/610/610
f 691/616/616 690/615/615 687/610/610
f 695/611/611 511/617/617 510/612/612
f 692/618/618 693/619/619 694/620/620
f 689/614/614 696/621/621 695/611/611
f 868/622/622 697/623/623 696/621/621
f 698/624/624 699/625/625 700/626/626
f 698/624/624 517/457/457 699/625/625
f 704/627/627 705/628/628 702/629/629
f 706/630/630 701/631/631 699/625/625
f 518/632/632 699/625/625 517/457/457
f 702/629/629 524/633/633 703/634/634
f 707/635/635 708/636/636 709/637/637
f 710/638/638 711/639/639 518/632/632
f 712/640/640 713/641/641 714/642/642
f 531/468/468 715/643/643 525/458/458
f 716/644/644 717/645/645 529/466/466
f 529/466/466 717/645/645 534/473/473
f 720/646/646 721/647/647 722/648/648
f 720/646/646 722/648/648 531/468/468
f 717/645/645 718/649/649 537/650/650
f 724/651/651 725/652/652 540/653/653
f 728/654/654 726/655/655 538/656/656
f 542/657/657 538/656/656 543/475/475
f 545/478/478 731/658/658 729/659/659
f 733/660/660 734/661/661 735/662/662
f 736/663/663 737/664/664 738/665/665
f 739/666/666 738/665/665 737/664/664
f 741/667/667 546/480/480 742/668/668
f 743/669/669 735/662/662 549/670/670
f 555/484/484 746/671/671 747/672/672
f 748/673/673 746/671/671 562/674/674
f 564/497/497 561/491/491 749/675/675
f 416/362/362 750/676/676 748/673/673
f 563/492/492 750/676/676 416/362/362
f 424/369/369 751/677/677 565/493/493
f 752/494/494 753/678/678 761/679/679
f 756/680/680 757/681/681 758/682/682
f 756/680/680 758/682/682 759/683/683
f 574/503/503 752/494/494 761/679/679
f 571/502/502 572/684/684 758/682/682
f 572/684/684 573/507/507 762/685/685
f 577/511/511 447/390/390 763/686/686
f 580/509/509 577/511/511 766/687/687
f 580/509/509 769/688/688 770/689/689
f 772/690/690 589/516/516 773/691/691
f 453/402/402 590/519/519 774/692/692
f 775/693/693 591/518/518 776/694/694
f 776/694/694 455/406/406 593/695/695
f 777/696/696 456/407/407 457/409/409
f 777/696/696 457/409/409 778/697/697
f 780/698/698 781/699/699 778/697/697
f 1077/700/700 593/695/695 594/701/701
f 783/702/702 784/703/703 785/704/704
f 788/705/705 789/706/706 790/707/707
f 791/708/708 792/709/709 789/706/706
f 794/710/710 785/704/704 784/703/703
f 601/527/527 786/711/711 787/712/712
f 786/711/711 612/537/537 796/713/713
f 604/530/530 602/528/528 798/714/714
f 799/715/715 604/530/530 798/714/714
f 800/716/716 609/535/535 795/717/717
f 801/718/718 611/719/719 800/716/716
f 617/720/720 612/537/537 618/542/542
f 802/721/721 617/720/720 803/722/722
f 806/723/723 807/724/724 808/725/725
f 809/726/726 808/725/725 810/727/727
f 811/728/728 805/729/729 804/730/730
f 812/731/731 811/728/728 804/730/730
f 633/553/553 813/732/732 634/554/554
f 814/733/732 815/734/733 816/735/734
f 633/553/553 635/556/556 813/732/732
f 817/736/735 642/564/564 818/737/736
f 648/571/571 634/554/554 820/738/737
f 814/733/732 816/735/734 821/739/738
f 642/564/564 641/563/563 818/737/736
f 822/740/739 823/741/740 824/742/741
f 825/743/742 826/744/743 827/745/744
f 828/746/745 639/561/561 829/747/746
f 649/572/572 648/571/571 830/748/747
f 831/749/748 659/582/582 832/750/749
f 824/742/741 833/751/750 822/740/739
f 824/742/741 834/752/751 833/751/750
f 834/752/751 835/753/752 836/754/753
f 830/748/747 654/577/577 649/572/572
f 837/755/754 838/756/755 839/757/579
f 842/758/756 843/759/757 844/760/758
f 845/761/759 844/760/758 843/759/757
f 846/762/760 847/763/761 671/597/597
f 848/764/762 849/765/763 656/579/579
f 850/766/764 851/767/765 658/581/581
f 850/766/764 658/581/581 852/768/766
f 668/594/594 682/769/767 669/595/595
f 853/770/768 854/771/769 686/613/613
f 840/772/770 855/773/771 856/774/772
f 845/761/759 859/775/773 844/760/758
f 686/613/613 860/776/774 689/614/614
f 686/613/613 854/771/769 860/776/774
f 855/773/771 861/777/775 862/778/776
f 864/779/777 865/780/778 866/781/779
f 864/779/777 844/760/758 865/780/778
f 860/776/774 868/622/622 689/614/614
f 863/782/780 861/777/775 869/783/781
f 866/781/779 692/618/618 694/620/620
f 868/622/622 871/784/782 697/623/623
f 871/784/782 704/627/627 697/623/623
f 874/785/783 704/627/627 871/784/782
f 873/786/784 872/787/785 875/788/786
f 876/789/787 877/790/788 878/791/789
f 694/620/620 879/792/790 880/793/791
f 881/794/792 705/628/628 704/627/627
f 882/795/793 705/628/628 881/794/792
f 882/795/793 884/796/794 705/628/628
f 878/791/789 885/797/795 886/798/796
f 885/797/795 888/799/797 887/800/798
f 879/792/790 889/801/799 880/793/791
f 883/802/800 890/803/801 705/628/628
f 891/804/802 893/805/803 890/803/801
f 894/806/804 895/807/805 896/808/806
f 709/637/637 713/641/641 707/635/635
f 892/809/807 716/644/644 890/803/801
f 899/810/808 707/635/635 713/641/641
f 900/811/809 899/810/808 713/641/641
f 718/649/649 901/812/810 719/813/811
f 902/814/812 903/815/813 719/813/811
f 900/811/809 904/816/814 905/817/815
f 723/818/816 719/813/811 906/819/817
f 904/816/814 908/820/818 905/817/815
f 909/821/819 910/822/820 911/823/821
f 909/821/819 911/823/821 912/824/822
f 914/825/823 907/826/824 905/817/815
f 908/820/818 915/827/825 905/817/815
f 914/825/823 917/828/826 918/829/827
f 918/829/827 919/830/828 920/831/829
f 921/832/830 920/831/829 737/664/664
f 924/833/831 739/666/666 737/664/664
f 923/834/832 925/835/833 740/836/834
f 926/837/835 927/838/836 928/839/837
f 930/840/838 929/841/839 740/836/834
f 556/485/485 928/839/837 931/842/840
f 745/843/841 747/672/672 932/844/842
f 932/844/842 747/672/672 746/671/671
f 937/845/843 753/678/678 936/846/844
f 754/847/845 755/848/846 939/849/847
f 940/850/848 941/851/849 942/852/850
f 941/851/849 759/683/683 942/852/850
f 758/682/682 944/853/851 943/854/852
f 764/855/853 763/686/686 946/856/854
f 945/857/855 765/858/856 947/859/857
f 580/509/509 766/687/687 769/688/688
f 770/689/689 948/860/858 949/861/859
f 773/691/691 591/518/518 775/693/693
f 951/862/860 952/863/861 953/864/862
f 955/865/863 954/866/864 952/863/861
f 593/695/695 1077/700/700 956/867/865
f 960/868/866 782/869/867 777/696/696
f 778/697/697 961/870/868 950/871/869
f 962/872/870 952/863/861 954/866/864
f 963/873/871 958/874/872 595/875/873
f 463/412/412 782/869/867 959/876/874
f 595/875/873 463/412/412 959/876/874
f 964/877/875 965/878/876 788/705/705
f 783/702/702 966/879/877 784/703/703
f 968/880/878 969/525/525 967/881/879
f 972/882/880 971/883/881 970/884/882
f 964/877/875 973/885/883 971/883/881
f 790/707/707 964/877/875 788/705/705
f 974/886/884 795/717/717 968/880/878
f 975/887/885 800/716/716 974/886/884
f 976/888/886 977/889/887 971/883/881
f 977/889/887 978/890/888 979/891/889
f 982/892/890 984/893/891 985/894/892
f 988/895/893 986/896/894 989/897/895
f 815/734/733 990/898/896 816/735/734
f 993/899/897 821/739/738 816/735/734
f 990/898/896 993/899/897 816/735/734
f 994/900/898 995/901/899 818/737/736
f 834/752/751 996/902/900 998/903/901
f 999/904/902 1000/905/903 1001/906/904
f 1002/907/905 838/756/755 1003/908/906
f 1004/909/907 835/753/752 998/903/901
f 842/758/756 1005/910/908 1001/906/904
f 1001/906/904 1006/911/909 842/758/756
f 1007/912/910 1008/913/911 1009/914/912
f 1004/909/907 840/772/770 835/753/752
f 1007/912/910 1009/914/912 1010/915/913
f 1011/916/914 1012/917/915 1013/918/916
f 1014/919/764 1015/920/917 1016/921/916
f 1012/917/915 1011/916/914 1017/922/918
f 1020/923/919 1005/910/908 844/760/758
f 1021/924/920 861/777/775 857/925/921
f 861/777/775 1022/926/922 1023/927/923
f 1026/928/924 877/790/788 872/787/785
f 1025/929/925 694/620/620 880/793/791
f 1025/929/925 880/793/791 1029/930/926
f 894/806/804 897/931/927 895/807/805
f 1030/932/928 1031/933/929 897/931/927
f 901/812/810 1033/934/930 1034/935/931
f 1035/936/932 1036/937/933 1037/938/934
f 1032/939/935 899/810/808 1038/940/936
f 1039/941/937 1040/942/938 1041/943/939
f 1037/938/934 1036/937/933 1040/942/938
f 900/811/809 905/817/815 907/826/824
f 909/821/819 1041/943/939 1040/942/938
f 1042/944/940 1044/945/941 1040/942/938
f 907/826/824 1045/946/942 1043/947/943
f 1044/945/941 1046/948/944 913/949/945
f 925/835/833 1047/950/946 1048/951/947
f 922/952/948 920/831/829 921/832/830
f 740/836/834 925/835/833 930/840/838
f 928/839/837 1050/953/949 736/663/663
f 932/844/842 926/837/835 745/843/841
f 1414/954/950 926/837/835 932/844/842
f 1052/955/951 936/846/844 933/956/952
f 936/846/844 1052/955/951 1053/957/953
f 937/845/843 936/846/844 1053/957/953
f 1054/958/954 938/959/955 1055/960/956
f 940/850/848 942/852/850 1056/961/957
f 759/683/683 760/962/958 942/852/850
f 946/856/854 763/686/686 1064/963/959
f 771/964/960 1068/965/961 1066/966/962
f 772/690/690 1068/965/961 771/964/960
f 948/860/858 769/688/688 1067/967/963
f 1069/968/964 1070/969/965 1071/970/966
f 1067/967/963 766/687/687 1072/971/967
f 773/691/691 1073/972/968 772/690/690
f 775/693/693 776/694/694 1436/973/969
f 1245/974/970 1075/975/971 955/865/863
f 594/701/701 957/976/972 1079/977/973
f 959/876/874 1081/978/974 1083/979/975
f 972/882/880 1457/980/976 965/878/876
f 968/880/878 1086/981/977 974/886/884
f 1087/982/978 972/882/880 970/884/882
f 1087/982/978 970/884/882 1088/983/979
f 970/884/882 977/889/887 1089/984/980
f 1091/985/981 1092/986/982 979/891/889
f 983/987/983 1094/988/984 982/892/890
f 1097/989/985 987/990/986 1098/991/987
f 985/894/892 986/896/894 1099/992/988
f 1100/993/989 1101/994/990 1102/995/991
f 1103/996/992 987/990/986 1097/989/985
f 986/896/894 988/895/893 1104/997/993
f 1105/998/994 1106/999/995 1107/1000/996
f 1100/993/989 1107/1000/996 1101/994/990
f 1101/994/990 1108/1001/997 1109/1002/998
f 1110/1003/999 996/902/900 992/1004/1000
f 1106/999/995 1112/1005/1001 993/899/897
f 1106/999/995 993/899/897 990/898/896
f 1113/1006/1002 1114/1007/1003 1115/1008/1004
f 1115/1008/1004 1116/1009/1005 1117/1010/1006
f 1113/1006/1002 1117/1010/1006 1118/1011/1007
f 1110/1003/999 1119/1012/1008 996/902/900
f 1117/1010/1006 1120/1013/1009 1121/1014/1010
f 998/903/901 1122/1015/1011 1004/909/907
f 1126/1016/1012 1127/1017/1013 1128/1018/1014
f 1130/1019/1015 1131/1020/1016 1132/1021/1017
f 1008/913/911 1125/1022/1018 1133/1023/1019
f 1134/1024/1020 1130/1019/1015 1132/1021/1017
f 1135/1025/1021 1134/1024/1020 1132/1021/1017
f 1136/1026/1022 1134/1024/1020 1135/1025/1021
f 1137/1027/1023 1136/1026/1022 1135/1025/1021
f 1017/922/918 1011/916/914 1138/1028/1024
f 1005/910/908 1020/923/919 1129/1029/1025
f 1125/1022/1018 1141/1030/1026 1133/1023/1019
f 1128/1018/1014 1143/1031/1027 1144/1032/1028
f 1128/1018/1014 1144/1032/1028 1140/1033/1029
f 1147/1034/1030 1132/1021/1017 1148/1035/1031
f 1149/1036/1032 1150/1037/1033 1147/1034/1030
f 1151/1038/1034 1152/1039/1035 1153/1040/1036
f 1140/1033/1029 1144/1032/1028 1145/1041/1037
f 1144/1032/1028 1154/1042/1038 1156/1043/1039
f 1144/1032/1028 1156/1043/1039 1157/1044/1040
f 1155/1045/1041 1024/1046/1042 1163/1047/1043
f 1158/1048/1044 1159/1049/1045 1160/1050/1046
f 1164/1051/1047 1165/1052/1048 1166/1053/1049
f 1168/1054/1050 1028/1055/1051 1162/1056/1052
f 1028/1055/1051 1168/1054/1050 1027/1057/1053
f 1027/1057/1053 1168/1054/1050 1169/1058/1054
f 1170/1059/1055 1171/1060/1056 1172/1061/1057
f 1174/1062/1058 1173/1063/1059 1027/1057/1053
f 1175/1064/1060 1029/930/926 1032/939/935
f 1182/1065/1061 1042/944/940 1036/937/933
f 1183/1066/1062 1043/947/943 1045/946/942
f 1184/1067/1063 1185/1068/1064 1044/945/941
f 1045/946/942 1186/1069/1065 1183/1066/1062
f 1187/1070/1066 1188/1071/1067 1189/1072/1068
f 1188/1071/1067 1190/1073/1069 1189/1072/1068
f 1191/1074/1070 1192/1075/1071 1187/1070/1066
f 1198/1076/1072 1048/951/947 1195/1077/1073
f 1197/1078/1074 1199/1079/1075 1200/1080/1076
f 1201/1081/1077 922/952/948 921/832/830
f 1202/1082/1078 1203/1083/1079 1204/1084/1080
f 1207/1085/1081 1205/1086/1082 1208/1087/1083
f 1210/1088/1084 1211/1089/1085 1212/1090/1086
f 921/832/830 1210/1088/1084 1212/1090/1086
f 1211/1089/1085 1210/1088/1084 1049/1091/1087
f 1217/1092/1088 1218/1093/1089 1219/1094/1090
f 1220/1095/1091 1217/1092/1088 1221/1096/1092
f 927/838/836 1397/1097/1093 1049/1091/1087
f 1219/1094/1090 1223/1098/1094 1217/1092/1088
f 1224/1099/1095 1225/1100/1096 1226/1101/1097
f 1228/1102/1098 1414/954/950 932/844/842
f 1228/1102/1098 932/844/842 1229/1103/1099
f 1231/1104/1100 938/959/955 1054/958/954
f 1232/1105/1101 1233/1106/1102 942/852/850
f 942/852/850 943/854/852 1232/1105/1101
f 1057/1107/1103 1053/957/953 1234/1108/1104
f 1234/1108/1104 1058/1109/1105 1057/1107/1103
f 1232/1105/1101 943/854/852 1059/1110/1106
f 1057/1107/1103 1058/1109/1105 1235/1111/1107
f 1064/963/959 1238/1112/1108 1237/1113/1109
f 1066/966/962 1239/1114/1110 947/859/857
f 1246/1115/1111 1068/965/961 1073/972/968
f 1436/973/969 1435/1116/1112 775/693/693
f 1249/1117/1113 1250/1118/1114 960/868/866
f 954/866/864 1075/975/971 1252/1119/1115
f 1251/1120/1116 954/866/864 1252/1119/1115
f 1080/1121/1117 963/873/871 1253/1122/1118
f 1448/1123/1119 963/873/871 1254/1124/1120
f 967/881/879 1256/1125/1121 1086/981/977
f 1257/1126/1122 974/886/884 1086/981/977
f 1259/1127/1123 975/887/885 1257/1126/1122
f 1092/986/982 1260/1128/1124 1089/984/980
f 1258/1129/1125 1088/983/979 1089/984/980
f 1261/1130/1126 1090/1131/1127 1259/1127/1123
f 1095/1132/1128 1263/1133/1129 1264/1134/1130
f 1265/1135/1131 1266/1136/1132 1267/1137/1133
f 1097/989/985 1265/1135/1131 1268/1138/1134
f 1944/1139/1135 1096/1140/1136 1099/992/988
f 1102/995/991 1101/994/990 1270/1141/1137
f 1271/1142/1138 1944/1139/1135 1104/997/993
f 1272/1143/1139 1273/1144/1140 1274/1145/1141
f 1105/998/994 1107/1000/996 1269/1146/1142
f 1275/1147/1143 1269/1146/1142 1276/1148/1144
f 1269/1146/1142 1107/1000/996 1100/993/989
f 1101/994/990 1277/1149/1145 1270/1141/1137
f 1280/1150/1146 1281/1151/1147 1103/996/992
f 1282/1152/1148 1103/996/992 1283/1153/1149
f 1282/1152/1148 1283/1153/1149 1110/1003/999
f 1279/1154/1150 1118/1011/1007 1285/1155/1151
f 1281/1151/1147 1286/1156/1152 1283/1153/1149
f 1287/1157/1153 1288/1158/1154 1119/1012/1008
f 1119/1012/1008 1288/1158/1154 1122/1015/1011
f 1111/1159/1155 1123/1160/1156 1289/1161/1157
f 1284/1162/1158 1290/1163/1159 1291/1164/1160
f 1126/1016/1012 1285/1155/1151 1121/1014/1010
f 1293/1165/1161 1294/1166/1162 1288/1158/1154
f 1294/1166/1162 1295/1167/1163 1288/1158/1154
f 1296/1168/1164 1125/1022/1018 1124/1169/1165
f 1139/1170/1166 1297/1171/1167 1126/1016/1012
f 1298/1172/1168 1299/1173/1169 1300/1174/1170
f 1300/1174/1170 1299/1173/1169 1301/1175/1171
f 1139/1170/1166 1140/1033/1029 1304/1176/1172
f 1296/1168/1164 1307/1177/1173 1125/1022/1018
f 1142/1178/1174 1148/1035/1031 1132/1021/1017
f 1311/1179/1175 1308/1180/1176 1307/1177/1173
f 1148/1035/1031 1312/1181/1177 1147/1034/1030
f 1144/1032/1028 1157/1044/1040 1145/1041/1037
f 1314/1182/1178 1315/1183/1179 1313/1184/1180
f 1155/1045/1041 1163/1047/1043 1313/1184/1180
f 1311/1179/1175 1316/1185/1181 1317/1186/1182
f 1318/1187/1183 1319/1188/1184 1148/1035/1031
f 1160/1050/1046 1149/1036/1032 1312/1181/1177
f 1320/1189/1185 1145/1041/1037 1157/1044/1040
f 1321/1190/1186 1145/1041/1037 1320/1189/1185
f 1161/1191/1187 1324/1192/1188 1162/1056/1052
f 1325/1193/1189 1326/1194/1190 1327/1195/1191
f 1158/1048/1044 1328/1196/1192 1170/1059/1055
f 1169/1058/1054 1168/1054/1050 1329/1197/1193
f 1175/1064/1060 1332/1198/1194 1330/1199/1195
f 1170/1059/1055 1333/1200/1196 1178/1201/1197
f 1171/1060/1056 1170/1059/1055 1178/1201/1197
f 1334/1202/1198 1335/1203/1199 1336/1204/1200
f 1334/1202/1198 1336/1204/1200 1337/1205/1201
f 1338/1206/1202 1178/1201/1197 1339/1207/1203
f 1179/1208/1204 1178/1201/1197 1338/1206/1202
f 1337/1205/1201 1336/1204/1200 1340/1209/1205
f 1181/1210/1206 1585/1211/1207 1341/1212/1208
f 1180/1213/1209 1181/1210/1206 1341/1212/1208
f 1032/939/935 1038/940/936 1342/1214/1210
f 1336/1204/1200 1345/1215/1211 1343/1216/1212
f 1038/940/936 1043/947/943 1346/1217/1213
f 1347/1218/1214 1348/1219/1215 1349/1220/1216
f 1339/1207/1203 1348/1219/1215 1347/1218/1214
f 1350/1221/1217 1351/1222/1218 1352/1223/1219
f 1343/1216/1212 1345/1215/1211 1353/1224/1220
f 1343/1216/1212 1353/1224/1220 1354/1225/1221
f 1355/1226/1222 1184/1067/1063 1356/1227/1223
f 1043/947/943 1183/1066/1062 1346/1217/1213
f 1357/1228/1224 1358/1229/1225 1359/1230/1226
f 1360/1231/1227 1361/1232/1228 1362/1233/1229
f 1363/1234/1230 1364/1235/1231 1365/1236/1232
f 1353/1224/1220 1366/1237/1233 1367/1238/1234
f 1368/1239/1235 1183/1066/1062 1186/1069/1065
f 1362/1233/1229 1369/1240/1236 1370/1241/1237
f 1365/1236/1232 1362/1233/1229 1187/1070/1066
f 1187/1070/1066 1189/1072/1068 1365/1236/1232
f 1190/1073/1069 1193/1242/1238 1371/1243/1239
f 1372/1244/1240 1373/1245/1241 1374/1246/1242
f 1372/1244/1240 1374/1246/1242 1375/1247/1243
f 1376/1248/1244 1378/1249/1245 1377/1250/1246
f 1186/1069/1065 1379/1251/1247 1368/1239/1235
f 1380/1252/1248 1357/1228/1224 1381/1253/1249
f 1381/1253/1249 1382/1254/1250 1380/1252/1248
f 1371/1243/1239 1193/1242/1238 1194/1255/1251
f 1377/1250/1246 1371/1243/1239 1194/1255/1251
f 1384/1256/1252 1368/1239/1235 1379/1251/1247
f 1201/1081/1077 1384/1256/1252 1379/1251/1247
f 1379/1251/1247 5488/1257/1253 1201/1081/1077
f 1198/1076/1072 1195/1077/1073 1389/1258/1254
f 1390/1259/1255 1384/1256/1252 1201/1081/1077
f 1203/1083/1079 1202/1082/1078 1381/1253/1249
f 1385/1260/1256 1391/1261/1257 1203/1083/1079
f 1201/1081/1077 921/832/830 1212/1090/1086
f 1209/1262/1258 1199/1079/1075 1213/1263/1259
f 1389/1258/1254 1215/1264/1260 1198/1076/1072
f 1392/1265/1261 1213/1263/1259 1396/1266/1262
f 1198/1076/1072 1215/1264/1260 1214/1267/1263
f 1399/1268/1264 1400/1269/1265 1401/1270/1266
f 1402/1271/1267 1222/1272/1268 1215/1264/1260
f 1224/1099/1095 1404/1273/1269 1405/1274/1270
f 1406/1275/1271 1224/1099/1095 1407/1276/1272
f 1408/1277/1273 1409/1278/1097 1410/1279/1274
f 1408/1277/1273 1410/1279/1274 1411/1280/1275
f 1408/1277/1273 1411/1280/1275 1412/1281/1276
f 1413/1282/1277 1216/1283/1278 1222/1272/1268
f 1403/1284/1279 1397/1097/1093 1414/954/950
f 1407/1276/1272 1415/1285/1280 1406/1275/1271
f 1416/1286/1281 1417/1287/1282 1418/1288/1283
f 1052/955/951 1419/1289/1284 1420/1290/1285
f 1230/1291/1286 1052/955/951 1420/1290/1285
f 1421/1292/1287 1422/1293/1288 1670/1294/1289
f 1423/1295/1290 1424/1296/1291 1422/1293/1288
f 1425/1297/1292 1232/1105/1101 1059/1110/1106
f 5602/1298/1293 1235/1111/1107 1058/1109/1105
f 1898/1299/1294 1059/1110/1106 1426/1300/1295
f 1062/1301/1296 1427/1302/1297 1426/1300/1295
f 946/856/854 1064/963/959 1237/1113/1109
f 1240/1303/1298 1237/1113/1109 1429/1304/1299
f 1430/1305/1300 1241/1306/1301 1240/1303/1298
f 1431/1307/1302 1242/1308/1303 1066/966/962
f 1068/965/961 1431/1307/1302 1066/966/962
f 1068/965/961 1246/1115/1111 1432/1309/1304
f 1438/1310/1305 1075/975/971 1245/974/970
f 1439/1311/1306 1440/1312/1307 1245/974/970
f 1443/1313/1308 1248/1314/1309 1444/1315/1310
f 1079/977/973 1253/1122/1118 1444/1315/1310
f 1251/1120/1116 1252/1119/1115 1441/1316/1311
f 1446/1317/1312 1251/1120/1116 1441/1316/1311
f 1449/1318/1313 1255/1319/1314 1450/1320/1315
f 1450/1320/1315 1083/979/975 1451/1321/1316
f 1086/981/977 1459/1322/1317 1257/1126/1122
f 1258/1129/1125 1460/1323/1318 1461/1324/1319
f 1088/983/979 1258/1129/1125 1461/1324/1319
f 1460/1323/1318 1258/1129/1125 1260/1128/1124
f 1463/1325/1320 1464/1326/1321 1465/1327/1322
f 1466/1328/1323 1465/1327/1322 1092/986/982
f 1467/1329/1324 1262/1330/1325 1093/1331/1326
f 1468/1332/1327 1469/1333/1328 1470/1334/1329
f 1471/1335/1330 1472/1336/1331 1473/1337/1332
f 1474/1338/1333 1102/995/991 1482/1339/1334
f 1475/1340/1335 1476/1341/1336 1477/1342/1337
f 1476/1341/1336 1478/1343/1338 1479/1344/1339
f 1471/1335/1330 1269/1146/1142 1472/1336/1331
f 1276/1148/1144 1269/1146/1142 1471/1335/1330
f 1483/1345/1340 1484/1346/1341 1485/1347/1342
f 1268/1138/1134 1486/1348/1343 1280/1150/1146
f 1272/1143/1139 1487/1349/1344 1488/1350/1345
f 1272/1143/1139 1488/1350/1345 1273/1144/1140
f 1483/1345/1340 1270/1141/1137 1277/1149/1145
f 1489/1351/1346 1279/1154/1150 1490/1352/1347
f 1281/1151/1147 1280/1150/1146 1493/1353/1348
f 1494/1354/1349 1492/1355/1350 1491/1356/1351
f 1292/1357/1352 1497/1358/1353 1285/1155/1151
f 1497/1358/1353 1292/1357/1352 1498/1359/1354
f 1499/1360/1355 1501/1361/1356 1500/1362/1357
f 1502/1363/1358 1501/1361/1356 1503/1364/1359
f 1503/1364/1359 1504/1365/1360 1505/1366/1361
f 1504/1365/1360 1506/1367/1362 1505/1366/1361
f 1494/1354/1349 1491/1356/1351 1506/1367/1362
f 1286/1156/1152 1281/1151/1147 1495/1368/1363
f 1507/1369/1364 1508/1370/1365 1506/1367/1362
f 1509/1371/1366 1510/1372/1367 1511/1373/1368
f 1290/1163/1159 1496/1374/1369 1512/1375/1370
f 1506/1367/1362 1504/1365/1360 1514/1376/1371
f 1515/1377/1372 1516/1378/1373 1517/1379/1374
f 1507/1369/1364 1506/1367/1362 1518/1380/1375
f 1519/1381/1376 1520/1382/1377 1509/1371/1366
f 1300/1174/1170 1301/1175/1171 1523/1383/1378
f 1524/1384/1379 1300/1174/1170 1523/1383/1378
f 1525/1385/1380 1524/1384/1379 1526/1386/1381
f 1527/1387/1382 1525/1385/1380 1528/1388/1383
f 1529/1389/1384 1527/1387/1382 1530/1390/1385
f 1529/1389/1384 1531/1391/1386 1514/1376/1371
f 1294/1166/1162 1532/1392/1387 1295/1167/1163
f 1295/1167/1163 1748/1393/1388 1533/1394/1389
f 1534/1395/1390 1296/1168/1164 1535/1396/1391
f 1301/1175/1171 1310/1397/1392 1536/1398/1393
f 1523/1383/1378 1301/1175/1171 1537/1399/1394
f 1538/1400/1395 1539/1401/1396 1540/1402/1397
f 1541/1403/1398 1523/1383/1378 1542/1404/1399
f 1536/1398/1393 1310/1397/1392 1544/1405/1400
f 1537/1399/1394 1536/1398/1393 1544/1405/1400
f 1146/1406/1401 5499/1407/1402 1545/1408/1403
f 1543/1409/1404 1315/1183/1179 1546/1410/1405
f 1534/1395/1390 1547/1411/1406 1548/1412/1407
f 1549/1413/1408 1550/1414/1409 1551/1415/1410
f 1552/1416/1411 1553/1417/1412 1554/1418/1413
f 1555/1419/1414 1556/1420/1415 1557/1421/1416
f 1316/1185/1181 1559/1422/1417 1560/1423/1418
f 1324/1192/1188 1329/1197/1193 1162/1056/1052
f 1314/1182/1178 1313/1184/1180 1330/1199/1195
f 1561/1424/1419 1314/1182/1178 1330/1199/1195
f 1564/1425/1420 1563/1426/1421 1325/1193/1189
f 1565/1427/1422 1566/1428/1423 1567/1429/1424
f 1324/1192/1188 1979/1430/1425 1984/1431/1426
f 1568/1432/1427 1563/1426/1421 1562/1433/1428
f 1326/1194/1190 1563/1426/1421 1331/1434/1429
f 1572/1435/1430 1573/1436/1431 1174/1062/1058
f 1569/1437/1432 1332/1198/1194 1574/1438/1433
f 1576/1439/1434 1577/1440/1435 1578/1441/1436
f 1340/1209/1205 1343/1216/1212 1344/1442/1437
f 1577/1440/1435 1580/1443/1438 1578/1441/1436
f 1581/1444/1439 1582/1445/1440 1583/1446/1441
f 1584/1447/1442 1585/1211/1207 1586/1448/1443
f 1587/1449/1444 1341/1212/1208 1584/1447/1442
f 1588/1450/1445 1579/1451/1446 1346/1217/1213
f 1589/1452/1447 1591/1453/1448 1590/1454/1449
f 1583/1446/1441 1593/1455/1450 1594/1456/1451
f 1592/1457/1452 1354/1225/1221 1595/1458/1453
f 1596/1459/1454 1593/1455/1450 1376/1248/1244
f 1597/1460/1455 1598/1461/1456 1355/1226/1222
f 1184/1067/1063 1598/1461/1456 1599/1462/1457
f 1346/1217/1213 1183/1066/1062 1600/1463/1458
f 1354/1225/1221 1601/1464/1459 1602/1465/1460
f 1593/1455/1450 1603/1466/1461 1376/1248/1244
f 1600/1463/1458 1606/1467/1462 1605/1468/1463
f 1183/1066/1062 1368/1239/1235 1600/1463/1458
f 1376/1248/1244 1607/1469/1464 1608/1470/1465
f 1609/1471/1466 1610/1472/1467 1611/1473/1468
f 1614/1474/1469 1612/1475/1470 1615/1476/1471
f 1616/1477/1472 1383/1478/1473 1607/1469/1464
f 1615/1476/1471 1617/1479/1474 1618/1480/1475
f 1389/1258/1254 1185/1068/1064 1604/1481/1476
f 1615/1476/1471 1620/1482/1477 1621/1483/1478
f 1389/1258/1254 1604/1481/1476 1622/1484/1479
f 1621/1483/1478 1626/1485/1480 1627/1486/1481
f 1621/1483/1478 1627/1486/1481 1628/1487/1482
f 1631/1488/1483 1630/1489/1484 1392/1265/1261
f 1636/1490/1485 1629/1491/1486 1211/1089/1085
f 1637/1492/1487 1638/1493/1488 1639/1494/1489
f 1397/1097/1093 1403/1284/1279 1636/1490/1485
f 1636/1490/1485 1211/1089/1085 1397/1097/1093
f 1642/1495/1490 1637/1492/1487 1643/1496/1491
f 1873/1497/1492 1637/1492/1487 1642/1495/1490
f 1644/1498/1493 1401/1270/1266 1645/1499/1494
f 1647/1500/1495 1644/1498/1493 1646/1501/1496
f 1640/1502/1497 1648/1503/1498 1649/1504/1499
f 1400/1269/1265 1412/1281/1276 1651/1505/1500
f 1645/1499/1494 1400/1269/1265 1651/1505/1500
f 1415/1285/1280 1407/1276/1272 1653/1506/1501
f 1654/1507/1502 1651/1505/1500 1411/1280/1275
f 1653/1506/1501 1656/1508/1503 1415/1285/1280
f 1661/1509/1504 1662/1510/1505 1657/1511/1506
f 1665/1512/1507 1420/1290/1285 1664/1513/1508
f 1667/1514/1509 1668/1515/1510 5532/1516/1511
f 1666/1517/1512 1665/1512/1507 1669/1518/1513
f 1425/1297/1292 1672/1519/1514 1232/1105/1101
f 5602/1298/1293 1058/1109/1105 1674/1520/1515
f 1427/1302/1297 1898/1299/1294 1426/1300/1295
f 1675/1521/1516 1237/1113/1109 1238/1112/1108
f 1239/1114/1110 1676/1522/1517 1428/1523/1518
f 1675/1521/1516 1429/1304/1299 1237/1113/1109
f 1430/1305/1300 1240/1303/1298 1429/1304/1299
f 1677/1524/1519 1430/1305/1300 1429/1304/1299
f 1430/1305/1300 1677/1524/1519 1678/1525/1520
f 1440/1312/1307 1680/1526/1521 1438/1310/1305
f 1681/1527/1522 1682/1528/1523 1683/1529/1524
f 1247/1530/1525 1248/1314/1309 1443/1313/1308
f 1688/1531/1526 1693/1532/1527 1452/1533/1528
f 1689/1534/1529 1693/1532/1527 1688/1531/1526
f 1441/1316/1311 1442/1535/1530 1690/1536/1531
f 1441/1316/1311 1252/1119/1115 1442/1535/1530
f 1691/1537/1532 1450/1320/1315 1451/1321/1316
f 1453/1538/1533 1457/980/976 1696/1539/1534
f 1698/1540/1535 1261/1130/1126 1257/1126/1122
f 1699/1541/1536 1261/1130/1126 1698/1540/1535
f 1702/1542/1537 1464/1326/1321 1463/1325/1320
f 1468/1332/1327 1703/1543/1538 1475/1340/1335
f 1470/1334/1329 1704/1544/1539 1468/1332/1327
f 1705/1545/1540 1475/1340/1335 1703/1543/1538
f 1706/1546/1541 1707/1547/1542 1473/1337/1332
f 1708/1548/1543 1709/1549/1544 1474/1338/1333
f 1712/1550/1545 1475/1340/1335 1713/1551/1546
f 1714/1552/1547 1715/1553/1548 1716/1554/1549
f 1717/1555/1550 1718/1556/1551 1719/1557/1552
f 1723/1558/1553 1724/1559/1554 1725/1560/1555
f 1714/1552/1547 1716/1554/1549 1726/1561/1556
f 1714/1552/1547 1726/1561/1556 1727/1562/1557
f 1721/1563/1558 1484/1346/1341 1729/1564/1559
f 1497/1358/1353 1498/1359/1354 1730/1565/1560
f 1732/1566/1561 1733/1567/1562 1734/1568/1563
f 1735/1569/1564 1736/1570/1565 1737/1571/1566
f 1738/1572/1567 1724/1559/1554 1502/1363/1358
f 1726/1561/1556 1738/1572/1567 1491/1356/1351
f 1739/1573/1568 1726/1561/1556 1491/1356/1351
f 1740/1574/1569 1717/1555/1550 1728/1575/1570
f 1717/1555/1550 1740/1574/1569 1496/1374/1369
f 1741/1576/1571 1730/1565/1560 1498/1359/1354
f 1736/1570/1565 1741/1576/1571 1498/1359/1354
f 1735/1569/1564 1741/1576/1571 1736/1570/1565
f 1500/1362/1357 1737/1571/1566 1736/1570/1565
f 1738/1572/1567 1505/1366/1361 1491/1356/1351
f 1515/1377/1372 1517/1379/1374 1519/1381/1376
f 1515/1377/1372 1519/1381/1376 1742/1577/1572
f 1294/1166/1162 1521/1578/1573 1743/1579/1574
f 1740/1574/1569 1744/1580/1575 1535/1396/1391
f 1516/1378/1373 1746/1581/1576 1517/1379/1374
f 1538/1400/1395 1540/1402/1397 1750/1582/1577
f 1538/1400/1395 1750/1582/1577 1751/1583/1578
f 1752/1584/1579 1753/1585/1580 1754/1586/1581
f 1754/1586/1581 1753/1585/1580 1755/1587/1582
f 1540/1402/1397 1759/1588/1583 1760/1589/1584
f 1545/1408/1403 2186/1590/1585 1762/1591/1586
f 1765/1592/1587 1766/1593/1588 1767/1594/1589
f 1314/1182/1178 1561/1424/1419 1558/1595/1590
f 1770/1596/1591 1771/1597/1592 1772/1598/1593
f 1771/1597/1592 1770/1596/1591 1773/1599/1594
f 1322/1600/1595 1774/1601/1596 1324/1192/1188
f 1768/1602/1597 1559/1422/1417 1769/1603/1598
f 1775/1604/1599 1559/1422/1417 1768/1602/1597
f 1776/1605/1600 1772/1598/1593 1777/1606/1601
f 1778/1607/1602 1779/1608/1603 1780/1609/1604
f 1781/1610/1605 1782/1611/1606 1783/1612/1607
f 1571/1613/1608 1784/1614/1609 1776/1605/1600
f 1573/1436/1431 1572/1435/1430 2218/1615/1610
f 1786/1616/1611 1785/1617/1612 1787/1618/1613
f 1788/1619/1614 1778/1607/1602 1780/1609/1604
f 1791/1620/1615 1792/1621/1616 1793/1622/1617
f 1795/1623/1618 1594/1456/1451 1596/1459/1454
f 1796/1624/1619 1797/1625/1620 1798/1626/1621
f 1798/1626/1621 1797/1625/1620 1799/1627/1622
f 1801/1628/1623 1586/1448/1443 1585/1211/1207
f 1598/1461/1456 1802/1629/1624 1803/1630/1625
f 1804/1631/1626 1787/1618/1613 1805/1632/1627
f 1790/1633/1628 1787/1618/1613 1804/1631/1626
f 1590/1454/1449 1806/1634/1629 1589/1452/1447
f 1807/1635/1630 1608/1470/1465 1808/1636/1631
f 1809/1637/1632 1797/1625/1620 1796/1624/1619
f 1800/1638/1633 1799/1627/1622 1810/1639/1634
f 1811/1640/1635 1812/1641/1636 1813/1642/1637
f 1814/1643/1638 1588/1450/1445 1600/1463/1458
f 1806/1634/1629 1815/1644/1639 1816/1645/1640
f 1589/1452/1447 1806/1634/1629 1816/1645/1640
f 1808/1636/1631 1817/1646/1641 1818/1647/1642
f 1818/1647/1642 1819/1648/1643 1809/1637/1632
f 1810/1639/1634 1820/1649/1644 1613/1650/1645
f 1812/1641/1636 1811/1640/1635 1614/1474/1469
f 1814/1643/1638 1600/1463/1458 1605/1468/1463
f 1821/1651/1646 1822/1652/1647 1787/1618/1613
f 1823/1653/1648 1822/1652/1647 1821/1651/1646
f 1817/1646/1641 1608/1470/1465 1607/1469/1464
f 1819/1648/1643 1818/1647/1642 1611/1473/1468
f 1614/1474/1469 1615/1476/1471 1618/1480/1475
f 1823/1653/1648 1821/1651/1646 1826/1654/1649
f 1617/1479/1474 1828/1655/1650 1618/1480/1475
f 1617/1479/1474 1829/1656/1651 1828/1655/1650
f 1635/1657/1652 1627/1486/1481 1834/1658/1653
f 1835/1659/1654 1836/1660/1655 1837/1661/1656
f 1839/1662/1657 1831/1663/1658 1830/1664/1659
f 1832/1665/1660 1831/1663/1658 1841/1666/1661
f 1633/1667/1662 1833/1668/1663 1845/1669/1664
f 1834/1658/1653 1846/1670/1665 1847/1671/1666
f 1635/1657/1652 1834/1658/1653 1848/1672/1667
f 1840/1673/1668 1839/1662/1657 1849/1674/1669
f 1851/1675/1670 1636/1490/1485 1403/1284/1279
f 1852/1676/1671 1642/1495/1490 1853/1677/1672
f 1632/1678/1673 1649/1504/1499 1854/1679/1674
f 1855/1680/1675 1856/1681/1676 1857/1682/1677
f 1857/1682/1677 1856/1681/1676 1858/1683/1678
f 1859/1684/1679 1856/1681/1676 1860/1685/1680
f 1861/1686/1681 1862/1687/1682 1859/1684/1679
f 1849/1674/1669 1864/1688/1683 1840/1673/1668
f 1866/1689/1684 1645/1499/1494 1867/1690/1685
f 1866/1689/1684 1868/1691/1686 1869/1692/1687
f 1861/1686/1681 1870/1693/1688 1871/1694/1689
f 1873/1497/1492 1874/1695/1690 1655/1696/1691
f 1653/1506/1501 1655/1696/1691 1874/1695/1690
f 1654/1507/1502 1657/1511/1506 1876/1697/1692
f 1659/1698/1693 1654/1507/1502 1876/1697/1692
f 1651/1505/1500 1654/1507/1502 1659/1698/1693
f 1878/1699/1694 1874/1695/1690 1875/1700/1695
f 1879/1701/1696 1653/1506/1501 1878/1699/1694
f 1653/1506/1501 1879/1701/1696 1656/1508/1503
f 1880/1702/1697 1881/1703/1698 1656/1508/1503
f 1882/1704/1699 1881/1703/1698 1880/1702/1697
f 1883/1705/1700 1659/1698/1693 1876/1697/1692
f 1885/1706/1701 1886/1707/1702 1887/1708/1703
f 1887/1708/1703 1888/1709/1704 1889/1710/1705
f 1886/1707/1702 1888/1709/1704 1887/1708/1703
f 1888/1709/1704 1883/1705/1700 1889/1710/1705
f 1892/1711/1706 1424/1296/1291 1423/1295/1290
f 1893/1712/1707 1892/1711/1706 1423/1295/1290
f 1671/1713/1708 1894/1714/1709 1423/1295/1290
f 1897/1715/1710 1896/1716/1711 1425/1297/1292
f 1900/1717/1712 1899/1718/1713 1427/1302/1297
f 1901/1719/1714 1238/1112/1108 1902/1720/1715
f 1675/1521/1516 1901/1719/1714 1903/1721/1716
f 1904/1722/1717 1675/1521/1516 1903/1721/1716
f 1242/1308/1303 1906/1723/1718 1905/1724/1719
f 1677/1524/1519 1429/1304/1299 1675/1521/1516
f 1687/1725/1720 1912/1726/1721 1685/1727/1722
f 1687/1725/1720 1683/1529/1524 1909/1728/1723
f 1911/1729/1724 1247/1530/1525 1443/1313/1308
f 1913/1730/1725 1919/1731/1726 1689/1534/1529
f 1919/1731/1726 1913/1730/1725 1914/1732/1727
f 1915/1733/1728 1916/1734/1729 2126/1735/1730
f 1917/1736/1731 1918/1737/1732 1447/1738/1733
f 1459/1322/1317 1923/1739/1734 2324/1740/1735
f 1461/1324/1319 2137/1741/1736 1697/1742/1737
f 1460/1323/1318 1464/1326/1321 1926/1743/1738
f 2138/1744/1739 1701/1745/1740 1462/1746/1741
f 1927/1747/1742 1701/1745/1740 2138/1744/1739
f 1928/1748/1743 1703/1543/1538 1929/1749/1744
f 1932/1750/1745 1705/1545/1540 1928/1748/1743
f 1707/1547/1542 1934/1751/1746 1935/1752/1747
f 1930/1753/1748 1709/1549/1544 1708/1548/1543
f 1710/1754/1749 1937/1755/1750 1936/1756/1751
f 1932/1750/1745 1940/1757/1752 1705/1545/1540
f 1945/1758/1753 1946/1759/1754 1947/1760/1755
f 1949/1761/1756 1950/1762/1757 1951/1763/1758
f 1952/1764/1759 1938/1765/1760 1953/1766/1761
f 1952/1764/1759 1953/1766/1761 1954/1767/1762
f 1948/1768/1763 1722/1769/1764 1732/1566/1561
f 1956/1770/1765 1948/1768/1763 1732/1566/1561
f 1734/1568/1563 1956/1770/1765 1732/1566/1561
f 1734/1568/1563 1957/1771/1766 1950/1762/1757
f 1958/1772/1767 1737/1571/1566 1723/1558/1553
f 1744/1580/1575 1959/1773/1768 1745/1774/1769
f 1753/1585/1580 1966/1775/1770 1962/1776/1771
f 1746/1581/1576 1963/1777/1772 1747/1778/1773
f 1532/1392/1387 1964/1779/1774 1965/1780/1775
f 1757/1781/1776 1546/1410/1405 1969/1782/1777
f 1971/1783/1778 1972/1784/1779 1973/1785/1780
f 1973/1785/1780 1968/1786/1781 1971/1783/1778
f 1975/1787/1782 1976/1788/1783 1773/1599/1594
f 1978/1789/1784 1768/1602/1597 1764/1790/1785
f 1782/1611/1606 1768/1602/1597 1981/1791/1786
f 1561/1424/1419 1569/1437/1432 1980/1792/1787
f 2209/1793/1788 1785/1617/1612 1782/1611/1606
f 2218/1615/1610 1572/1435/1430 1986/1794/1789
f 1980/1792/1787 1569/1437/1432 1574/1438/1433
f 1987/1795/1790 1792/1621/1616 1988/1796/1791
f 1990/1797/1792 1799/1627/1622 1991/1798/1793
f 1795/1623/1618 1596/1459/1454 1992/1799/1794
f 1993/1800/1795 1994/1801/1796 1995/1802/1797
f 1996/1803/1798 1808/1636/1631 1997/1804/1799
f 1997/1804/1799 1998/1805/1800 1999/1806/1801
f 1808/1636/1631 1998/1805/1800 1997/1804/1799
f 2000/1807/1802 2001/1808/1803 2002/1809/1804
f 2003/1810/1805 1800/1638/1633 1813/1642/1637
f 1588/1450/1445 2010/1811/1806 1789/1812/1807
f 2012/1813/1808 1796/1624/1619 1998/1805/1800
f 2006/1814/1809 2007/1815/1810 2013/1816/1811
f 2015/1817/1812 1787/1618/1613 2011/1818/1813
f 1827/1819/1814 2016/1820/1815 1812/1641/1636
f 2017/1821/1816 2016/1820/1815 2018/1822/1817
f 2019/1823/1818 1824/1824/1819 1803/1630/1625
f 1827/1819/1814 2020/1825/1820 2016/1820/1815
f 1619/1826/1821 1604/1481/1476 1824/1824/1819
f 2023/1827/1822 2024/1828/1823 2025/1829/1824
f 2027/1830/1825 1821/1651/1646 2015/1817/1812
f 1826/1654/1649 1821/1651/1646 2028/1831/1826
f 2031/1832/1827 1830/1664/1659 2022/1833/1828
f 1830/1664/1659 2024/1828/1823 2022/1833/1828
f 2032/1834/1829 2028/1831/1826 2027/1830/1825
f 2033/1835/1830 2034/1836/1831 2035/1837/1832
f 2030/1838/1833 1830/1664/1659 2031/1832/1827
f 1830/1664/1659 1831/1663/1658 2024/1828/1823
f 2036/1839/1834 2026/1840/1835 2037/1841/1836
f 2040/1842/1837 2028/1831/1826 2032/1834/1829
f 1826/1654/1649 2028/1831/1826 1842/1843/1838
f 2030/1838/1833 2034/1836/1831 1838/1844/1839
f 1838/1844/1839 1839/1662/1657 2030/1838/1833
f 2030/1838/1833 1839/1662/1657 1830/1664/1659
f 1838/1844/1839 2043/1845/1840 1849/1674/1669
f 2045/1846/1841 2040/1842/1837 2032/1834/1829
f 2040/1842/1837 2045/1846/1841 2046/1847/1842
f 1842/1843/1838 2040/1842/1837 2046/1847/1842
f 1855/1680/1675 2047/1848/1843 1869/1692/1687
f 1855/1680/1675 1860/1685/1680 1856/1681/1676
f 1863/1849/1844 2048/1850/1845 2049/1851/1846
f 1849/1674/1669 2050/1852/1847 2052/1853/1848
f 1850/1854/1849 1864/1688/1683 2052/1853/1848
f 2053/1855/1850 1850/1854/1849 2052/1853/1848
f 1865/1856/1851 1850/1854/1849 2054/1857/1852
f 2046/1847/1842 2045/1846/1841 2056/1858/1853
f 1869/1692/1687 2057/1859/1854 1855/1680/1675
f 2058/1860/1855 2059/1861/1856 1860/1685/1680
f 1860/1685/1680 2059/1861/1856 2060/1862/1857
f 2061/1863/1858 2062/1864/1859 2063/1865/1860
f 2062/1864/1859 2061/1863/1858 2064/1866/1861
f 2052/1853/1848 2067/1867/1862 2068/1868/1863
f 2052/1853/1848 2068/1868/1863 2069/1869/1864
f 2070/1870/1865 2071/1871/1866 2072/1872/1867
f 2073/1873/1868 2074/1874/1869 2072/1872/1867
f 2055/1875/1870 2075/1876/1871 2076/1877/1872
f 1402/1271/1267 1622/1484/1479 2077/1878/1873
f 1867/1690/1685 2081/1879/1874 2079/1880/1875
f 1664/1513/1508 1652/1881/1876 2077/1878/1873
f 1660/1882/1877 1884/1883/1878 2431/1884/1879
f 1659/1698/1693 1883/1705/1700 2084/1885/1880
f 2084/1885/1880 2085/1886/1881 1877/1887/1882
f 2086/1888/1883 1878/1699/1694 2087/1889/1884
f 1886/1707/1702 2088/1890/1885 1888/1709/1704
f 1888/1709/1704 2089/1891/1886 1883/1705/1700
f 1883/1705/1700 2090/1892/1887 2084/1885/1880
f 2092/1893/1888 2093/1894/1889 2094/1895/1890
f 2294/1896/1891 2088/1890/1885 1886/1707/1702
f 2095/1897/1892 5561/1898/1893 1668/1515/1510
f 2099/1899/1894 1892/1711/1706 1893/1712/1707
f 2105/1900/1895 2106/1901/1896 2107/1902/1897
f 2106/1901/1896 2108/1903/1898 1902/1720/1715
f 2108/1903/1898 1901/1719/1714 1902/1720/1715
f 1905/1724/1719 2109/1904/1899 1676/1522/1517
f 2110/1905/1900 1903/1721/1716 2108/1903/1898
f 2111/1906/1901 1904/1722/1717 1903/1721/1716
f 1432/1309/1304 2114/1907/1902 2112/1908/1903
f 2116/1909/1904 1907/1910/1905 2113/1911/1906
f 1679/1912/1907 1908/1913/1908 2115/1914/1909
f 2116/1909/1904 2118/1915/1910 1907/1910/1905
f 2124/1916/1911 2125/1917/1912 1912/1726/1721
f 2121/1918/1913 2120/1919/1914 1912/1726/1721
f 1919/1731/1726 2129/1920/1915 2127/1921/1916
f 2124/1916/1911 1912/1726/1721 2130/1922/1917
f 1912/1726/1721 2120/1919/1914 2130/1922/1917
f 1694/1923/1918 1920/1924/1919 2132/1925/1920
f 1920/1924/1919 2133/1926/1921 2134/1927/1922
f 2133/1926/1921 2127/1921/1916 2134/1927/1922
f 1456/1928/1923 2135/1929/1924 1922/1930/1925
f 1922/1930/1925 2135/1929/1924 1923/1739/1734
f 2136/1931/1926 2137/1741/1736 1700/1932/1927
f 2138/1744/1739 1699/1541/1536 1698/1540/1535
f 2139/1933/1928 1927/1747/1742 2138/1744/1739
f 2140/1934/1929 2141/1935/1930 2142/1936/1931
f 1929/1749/1744 2140/1934/1929 2142/1936/1931
f 2143/1937/1932 2144/1938/1933 2145/1939/1934
f 2146/1940/1935 5569/1941/1936 1933/1942/1937
f 1935/1752/1747 1934/1751/1746 2147/1943/1938
f 1707/1547/1542 2148/1944/1939 1934/1751/1746
f 2149/1945/1940 2150/1946/1941 1931/1947/1942
f 2151/1948/1943 1932/1750/1745 1928/1748/1743
f 1942/1949/1944 1933/1942/1937 1943/1950/1945
f 2146/1940/1935 1933/1942/1937 1942/1949/1944
f 2152/1951/1946 1931/1947/1942 1936/1756/1751
f 2153/1952/1947 2152/1951/1946 1936/1756/1751
f 1938/1765/1760 2154/1953/1948 2155/1954/1949
f 2156/1955/1950 2157/1956/1951 1932/1750/1745
f 2151/1948/1943 2156/1955/1950 1932/1750/1745
f 1955/1957/1952 1942/1949/1944 1941/1958/1953
f 2158/1959/1954 2159/1960/1955 2160/1961/1956
f 2153/1952/1947 1936/1756/1751 1937/1755/1750
f 1937/1755/1750 1948/1768/1763 2153/1952/1947
f 1951/1763/1758 2155/1954/1949 1949/1761/1756
f 2155/1954/1949 1951/1763/1758 1938/1765/1760
f 2160/1961/1956 2162/1962/1957 2163/1963/1958
f 2167/1964/1959 1961/1965/1960 2166/1966/1961
f 1966/1775/1770 2169/1967/1962 2170/1968/1963
f 1963/1777/1772 2172/1969/1964 2173/1970/1965
f 1964/1779/1774 2174/1971/1966 1965/1780/1775
f 2175/1972/1967 2176/1973/1968 2177/1974/1969
f 1966/1775/1770 2175/1972/1967 2177/1974/1969
f 2178/1975/1970 2179/1976/1971 2180/1977/1972
f 2182/1978/1973 2183/1979/1974 2184/1980/1975
f 1973/1785/1780 2184/1980/1975 1967/1981/1976
f 2179/1976/1971 2186/1590/1585 1756/1982/1977
f 2187/1983/1978 1970/1984/1979 2181/1985/1980
f 2188/1986/1981 2182/1978/1973 2189/1987/1982
f 1978/1789/1784 2187/1983/1978 2191/1988/1983
f 1978/1789/1784 1974/1989/1984 2187/1983/1978
f 2192/1990/1985 2193/1991/1986 2194/1992/1987
f 2195/1993/1988 2196/1994/1989 2189/1987/1982
f 1975/1787/1782 1982/1995/1990 2198/1996/1991
f 2200/1997/1992 2201/1998/1993 2202/1999/1994
f 2205/2000/1995 2206/2001/1996 2207/2002/1997
f 1572/1435/1430 2554/2003/1998 1986/1794/1789
f 2210/2004/1999 2211/2005/2000 2212/2006/2001
f 2213/2007/2002 2214/2008/2003 2211/2005/2000
f 2215/2009/2004 2214/2008/2003 2001/1808/1803
f 2217/2010/2005 2218/1615/1610 1986/1794/1789
f 2208/2011/2006 1574/1438/1433 1789/1812/1807
f 1994/1801/1796 2220/2012/2007 2219/2013/2008
f 2212/2006/2001 2221/2014/2009 2222/2015/2010
f 2223/2016/2011 2212/2006/2001 2220/2012/2007
f 2389/2017/2012 2216/2018/2013 2006/1814/1809
f 2389/2017/2012 2006/1814/1809 2224/2019/2014
f 2009/2020/2015 1801/1628/1623 2225/2021/2016
f 2010/1811/1806 2226/2022/2017 1789/1812/1807
f 2229/2023/2018 2230/2024/2019 2231/2025/2020
f 2394/2026/2021 2010/1811/1806 1814/1643/1638
f 2232/2027/2022 2013/1816/1811 2233/2028/2023
f 2018/1822/1817 2016/1820/1815 2234/2029/2024
f 2232/2027/2022 2235/2030/2025 2236/2031/2026
f 2234/2029/2024 2016/1820/1815 2237/2032/2027
f 2238/2033/2028 2227/2034/2029 2247/2035/2030
f 2239/2036/2031 2019/1823/1818 2240/2037/2032
f 2241/2038/2033 2394/2026/2021 1605/1468/1463
f 2248/2039/2034 2023/1827/1822 2025/1829/1824
f 2249/2040/2035 2248/2039/2034 2250/2041/2036
f 2025/1829/1824 2026/1840/1835 2250/2041/2036
f 2244/2042/2037 2243/2043/2038 2252/2044/2039
f 2244/2042/2037 2035/1837/1832 2253/2045/2040
f 2253/2045/2040 2031/1832/1827 2246/2046/2041
f 2254/2047/2042 2255/2048/2043 2039/2049/2044
f 2254/2047/2042 2039/2049/2044 2256/2050/2045
f 2259/2051/2046 2032/1834/1829 2257/2052/2047
f 2044/2053/2048 2076/1877/1872 2260/2054/2049
f 2261/2055/2050 2042/2056/2051 2262/2057/2052
f 2262/2057/2052 2260/2054/2049 2263/2058/2053
f 2264/2059/2054 2078/2060/2055 5624/2061/2056
f 2267/2062/2057 2058/1860/1855 2057/1859/1854
f 2059/1861/1856 2058/1860/1855 2267/2062/2057
f 2061/1863/1858 2063/1865/1860 2268/2063/2058
f 2065/2064/2059 2061/1863/1858 2268/2063/2058
f 2073/1873/1868 2072/1872/1867 2269/2065/2060
f 2075/1876/1871 2260/2054/2049 2076/1877/1872
f 2271/2066/2061 2272/2067/2062 2057/1859/1854
f 2267/2062/2057 2273/2068/2063 2059/1861/1856
f 2274/2069/2064 2273/2068/2063 2267/2062/2057
f 2062/1864/1859 2275/2070/2065 2063/1865/1860
f 2063/1865/1860 2276/2071/2066 2268/2063/2058
f 2071/1871/1866 2280/2072/2067 2269/2065/2060
f 2284/2073/2068 2283/2074/2069 2282/2075/2070
f 2081/1879/1874 2285/2076/2071 2270/2077/2072
f 2081/1879/1874 2270/2077/2072 2079/1880/1875
f 2286/2078/2073 2287/2079/2074 2288/2080/2075
f 2290/2081/2076 2089/1891/1886 2088/1890/1885
f 2089/1891/1886 2290/2081/2076 2090/1892/1887
f 2082/2082/2077 2281/2083/2078 2291/2084/2079
f 2292/2085/2080 2092/1893/1888 2293/2086/2081
f 2092/1893/1888 2292/2085/2080 2093/1894/1889
f 2294/1896/1891 2290/2081/2076 2088/1890/1885
f 1668/1515/1510 2096/2087/2082 2095/1897/1892
f 1895/2088/2083 2103/2089/2084 2298/2090/2085
f 1900/1717/1712 2302/2091/2086 2301/2092/2087
f 2303/2093/2088 2110/1905/1900 2304/2094/2089
f 2308/2095/2090 2114/1907/1902 2115/1914/1909
f 2310/2096/2091 2308/2095/2090 2115/1914/1909
f 2307/2097/2092 2309/2098/2093 2116/1909/1904
f 1915/1733/1728 2312/2099/2094 2123/2100/2095
f 2128/2101/2096 2315/2102/2097 2316/2103/2098
f 2134/1927/1922 2127/1921/1916 2320/2104/2099
f 2127/1921/1916 2128/2101/2096 2316/2103/2098
f 1695/2105/2100 2323/2106/2101 1696/1539/1534
f 2325/2107/2102 2138/1744/1739 1698/1540/1535
f 2326/2108/2103 2136/1931/1926 1926/1743/1738
f 2141/1935/1930 2327/2109/2104 2142/1936/1931
f 2147/1943/1938 1934/1751/1746 2330/2110/2105
f 1934/1751/1746 2331/2111/2106 2330/2110/2105
f 2150/1946/1941 2149/1945/1940 2332/2112/2107
f 2333/2113/2108 2151/1948/1943 2334/2114/2109
f 2159/1960/1955 2158/1959/1954 2335/2115/2110
f 2149/1945/1940 1931/1947/1942 2152/1951/1946
f 2152/1951/1946 2153/1952/1947 2336/2116/2111
f 2336/2116/2111 2153/1952/1947 2337/2117/2112
f 2155/1954/1949 2338/2118/2113 2339/2119/2114
f 2155/1954/1949 2154/1953/1948 2340/2120/2115
f 2341/2121/2116 2156/1955/1950 2151/1948/1943
f 2333/2113/2108 2341/2121/2116 2151/1948/1943
f 2343/2122/2117 2161/2123/2118 2344/2124/2119
f 2345/2125/2120 2166/1966/1961 2163/1963/1958
f 2169/1967/1962 2168/2126/2121 2348/2127/2122
f 2347/2128/2123 2172/1969/1964 2346/2129/2124
f 2174/1971/1966 2349/2130/2125 2178/1975/1970
f 2542/2131/2126 2167/1964/1959 2350/2132/2127
f 2351/2133/2128 2352/2134/2129 2353/2135/2130
f 2354/2136/2131 2355/2137/2132 2356/2138/2133
f 2354/2136/2131 2357/2139/2134 2355/2137/2132
f 2358/2140/2135 2359/2141/2136 2183/1979/1974
f 2362/2142/2137 2363/2143/2138 2364/2144/2139
f 2188/1986/1981 2358/2140/2135 2182/1978/1973
f 2362/2142/2137 2364/2144/2139 2365/2145/2140
f 2191/1988/1983 2187/1983/1978 2367/2146/2141
f 2362/2142/2137 2193/1991/1986 2368/2147/2142
f 2362/2142/2137 2365/2145/2140 2193/1991/1986
f 2360/2148/2143 2197/2149/2144 2366/2150/2145
f 2369/2151/2146 2192/1990/1985 2370/2152/2147
f 1774/1601/1596 2550/2153/2148 1979/1430/1425
f 2191/1988/1983 2367/2146/2141 2371/2154/2149
f 2374/2155/2150 2376/2156/2151 2375/2157/2152
f 2201/1998/1993 2200/1997/1992 2374/2155/2150
f 2372/2158/2153 2377/2159/2154 1985/2160/2155
f 2214/2008/2003 2378/2161/2156 2379/2162/2157
f 2380/2163/2158 2209/1793/1788 2204/2164/2159
f 2215/2009/2004 2216/2018/2013 2381/2165/2160
f 2382/2166/2161 2216/2018/2013 2383/2167/2162
f 2209/1793/1788 2380/2163/2158 2385/2168/2163
f 2386/2169/2164 2209/1793/1788 2385/2168/2163
f 2219/2013/2008 2222/2015/2010 2387/2170/2165
f 2388/2171/2166 2222/2015/2010 2221/2014/2009
f 2390/2172/2167 2391/2173/2168 2392/2174/2169
f 2396/2175/2170 2397/2176/2171 2398/2177/2172
f 2399/2178/2173 2230/2024/2019 2229/2023/2018
f 2395/2179/2174 2236/2031/2026 2235/2030/2025
f 2395/2179/2174 2235/2030/2025 2400/2180/2175
f 2401/2181/2176 2402/2182/2177 2403/2183/2178
f 2403/2183/2178 2404/2184/2179 2405/2185/2180
f 2406/2186/2181 2407/2187/2182 2408/2188/2183
f 2410/2189/2184 2403/2183/2178 2237/2032/2027
f 2407/2187/2182 2247/2035/2030 2227/2034/2029
f 2249/2040/2035 2411/2190/2185 2412/2191/2186
f 2413/2192/2187 2411/2190/2185 2249/2040/2035
f 2414/2193/2188 2415/2194/2189 2416/2195/2190
f 2415/2194/2189 2417/2196/2191 2418/2197/2192
f 2417/2196/2191 2421/2198/2193 2418/2197/2192
f 2254/2047/2042 2256/2050/2045 2422/2199/2194
f 2258/2200/2195 2423/2201/2196 2419/2202/2197
f 2426/2203/2198 2261/2055/2050 2427/2204/2199
f 2428/2205/2200 2429/2206/2201 2430/2207/2202
f 2078/2060/2055 2264/2059/2054 2281/2083/2078
f 2275/2070/2065 2434/2208/2203 2063/1865/1860
f 2063/1865/1860 2435/2209/2204 2276/2071/2066
f 2435/2209/2204 2436/2210/2205 2276/2071/2066
f 2283/2074/2069 2432/2211/2206 2287/2079/2074
f 2085/1886/1881 2289/2212/2207 2445/2213/2208
f 2085/1886/1881 2445/2213/2208 2285/2076/2071
f 2442/2214/2209 2285/2076/2071 2445/2213/2208
f 2448/2215/2210 2291/2084/2079 2281/2083/2078
f 2441/2216/2211 2448/2215/2210 2281/2083/2078
f 2449/2217/2212 2292/2085/2080 2450/2218/2213
f 2294/1896/1891 2093/1894/1889 2451/2219/2214
f 2294/1896/1891 2452/2220/2215 2453/2221/2216
f 2294/1896/1891 2453/2221/2216 2290/2081/2076
f 2451/2219/2214 2452/2220/2215 2294/1896/1891
f 2298/2090/2085 2455/2222/2217 2456/2223/2218
f 2457/2224/2219 2299/2225/2220 2458/2226/2221
f 1897/1715/1710 2459/2227/2222 2460/2228/2223
f 2461/2229/2224 2462/2230/2225 2105/1900/1895
f 2306/2231/2226 2465/2232/2227 2467/2233/2228
f 2468/2234/2229 2472/2235/2230 2309/2098/2093
f 2307/2097/2092 2468/2234/2229 2309/2098/2093
f 2469/2236/2231 2310/2096/2091 2117/2237/2232
f 2469/2236/2231 2777/2238/2233 2310/2096/2091
f 2311/2239/2234 2472/2235/2230 2473/2240/2235
f 2472/2235/2230 2474/2241/2236 2473/2240/2235
f 2315/2102/2097 2476/2242/2237 2316/2103/2098
f 2319/2243/2238 2134/1927/1922 2649/2244/2239
f 2479/2245/2240 2480/2246/2241 2481/2247/2242
f 2483/2248/2243 2482/2249/2244 2319/2243/2238
f 2487/2250/2245 2488/2251/2246 2486/2252/2247
f 2489/2253/2248 2487/2250/2245 2484/2254/2249
f 2490/2255/2250 1921/2256/2251 2653/2257/2252
f 2493/2258/2253 2324/1740/1735 2321/2259/2254
f 2136/1931/1926 2494/2260/2255 2495/2261/2256
f 2326/2108/2103 2143/1937/1932 2497/2262/2257
f 2494/2260/2255 2136/1931/1926 2326/2108/2103
f 2327/2109/2104 2498/2263/2258 2499/2264/2259
f 2142/1936/1931 2327/2109/2104 2499/2264/2259
f 2500/2265/2260 2501/2266/2261 2328/2267/2262
f 2500/2265/2260 2328/2267/2262 2146/1940/1935
f 2331/2111/2106 2502/2268/2263 2503/2269/2264
f 2504/2270/2265 2505/2271/2266 2506/2272/2267
f 2506/2272/2267 2505/2271/2266 2333/2113/2108
f 2507/2273/2268 2506/2272/2267 2334/2114/2109
f 2512/2274/2269 2340/2120/2115 2513/2275/2270
f 2159/1960/1955 2514/2276/2271 2162/1962/1957
f 2515/2277/2272 2344/2124/2119 2339/2119/2114
f 2511/2278/2273 2515/2277/2272 2339/2119/2114
f 2163/1963/1958 2162/1962/1957 2516/2279/2274
f 2516/2279/2274 2345/2125/2120 2163/1963/1958
f 2517/2280/2275 2518/2281/2276 2519/2282/2277
f 2171/2283/2278 2519/2282/2277 2346/2129/2124
f 2520/2284/2279 2521/2285/2280 2347/2128/2123
f 2526/2286/2281 2527/2287/2282 2528/2288/2283
f 2529/2289/2284 2530/2290/2285 2531/2291/2286
f 2532/2292/2287 2533/2293/2288 2534/2294/2289
f 2170/1968/1963 2348/2127/2122 2519/2282/2277
f 2523/2295/2290 2347/2128/2123 2522/2296/2291
f 2349/2130/2125 2535/2297/2292 2178/1975/1970
f 2538/2298/2293 2524/2299/2294 2361/2300/2295
f 2525/2301/2296 2542/2131/2126 2350/2132/2127
f 2528/2288/2283 2539/2302/2297 2359/2141/2136
f 2541/2303/2298 2361/2300/2295 2190/2304/2299
f 2543/2305/2300 2181/1985/1980 2542/2131/2126
f 2544/2306/2301 2363/2143/2138 2545/2307/2302
f 2362/2142/2137 2368/2147/2142 2545/2307/2302
f 2553/2308/2303 2371/2154/2149 2367/2146/2141
f 2372/2158/2153 2551/2309/2304 2694/2310/2305
f 2555/2311/2306 2376/2156/2151 2207/2002/1997
f 2208/2011/2006 2556/2312/2307 2557/2313/2308
f 2559/2314/2309 2555/2311/2306 2207/2002/1997
f 2560/2315/2310 2559/2314/2309 2561/2316/2311
f 2221/2014/2009 2379/2162/2157 2563/2317/2312
f 2563/2317/2312 2378/2161/2156 2564/2318/2313
f 2564/2318/2313 2378/2161/2156 2565/2319/2314
f 2568/2320/2315 2569/2321/2316 2570/2322/2317
f 2387/2170/2165 2388/2171/2166 2571/2323/2318
f 2572/2324/2319 2573/2325/2320 2389/2017/2012
f 2574/2326/2321 2575/2327/2322 2576/2328/2323
f 2577/2329/2324 2578/2330/2325 2575/2327/2322
f 2578/2330/2325 2391/2173/2168 2579/2331/2326
f 2226/2022/2017 2394/2026/2021 2556/2312/2307
f 2572/2324/2319 2389/2017/2012 2236/2031/2026
f 2580/2332/2327 2572/2324/2319 2236/2031/2026
f 2581/2333/2328 2580/2332/2327 2395/2179/2174
f 2582/2334/2329 2583/2335/2330 2584/2336/2331
f 2585/2337/2332 2225/2021/2016 2715/2338/2333
f 2405/2185/2180 2586/2339/2334 2587/2340/2335
f 2588/2341/2336 2589/2342/2337 2416/2195/2190
f 2590/2343/2338 2239/2036/2031 2591/2344/2339
f 2588/2341/2336 2416/2195/2190 2592/2345/2340
f 2594/2346/2341 2595/2347/2342 2416/2195/2190
f 2598/2348/2343 2594/2346/2341 2599/2349/2344
f 2265/2350/2345 2597/2351/2346 2422/2199/2194
f 2600/2352/2347 2601/2353/2348 2602/2354/2349
f 2603/2355/2350 2264/2059/2054 6164/2356/2351
f 2424/2357/2352 2431/1884/1879 2604/2358/2353
f 2430/2207/2202 2429/2206/2201 2606/2359/2354
f 2272/2067/2062 2607/2360/2355 2608/2361/2356
f 2435/2209/2204 2610/2362/2357 2436/2210/2205
f 2429/2206/2201 2611/2363/2358 2606/2359/2354
f 2606/2359/2354 2611/2363/2358 2613/2364/2359
f 2264/2059/2054 2603/2355/2350 2441/2216/2211
f 2605/2365/2360 2614/2366/2361 2432/2211/2206
f 2272/2067/2062 2433/2367/2362 2607/2360/2355
f 2731/2368/2363 2435/2209/2204 2434/2208/2203
f 2436/2210/2205 2616/2369/2364 2437/2370/2365
f 2616/2369/2364 2443/2371/2366 2437/2370/2365
f 2438/2372/2367 2437/2370/2365 2443/2371/2366
f 2617/2373/2368 2438/2372/2367 2443/2371/2366
f 2438/2372/2367 2617/2373/2368 2439/2374/2369
f 2439/2374/2369 2618/2375/2370 2619/2376/2371
f 2447/2377/2372 2290/2081/2076 2446/2378/2373
f 2620/2379/2374 2448/2215/2210 2441/2216/2211
f 2622/2380/2375 2623/2381/2376 2449/2217/2212
f 2624/2382/2377 2625/2383/2378 2626/2384/2379
f 2449/2217/2212 2623/2381/2376 2451/2219/2214
f 2622/2380/2375 2627/2385/2380 2623/2381/2376
f 2449/2217/2212 2451/2219/2214 2292/2085/2080
f 2627/2385/2380 2628/2386/2381 2623/2381/2376
f 2451/2219/2214 2629/2387/2382 2452/2220/2215
f 2631/2388/2383 2295/2389/2384 2095/1897/1892
f 2457/2224/2219 2633/2390/2385 2461/2229/2224
f 2632/2391/2386 2459/2227/2222 2301/2092/2087
f 2305/2392/2387 2637/2393/2388 2464/2394/2389
f 2641/2395/2390 2468/2234/2229 2639/2396/2391
f 2308/2095/2090 2310/2096/2091 2777/2238/2233
f 2641/2395/2390 2472/2235/2230 2468/2234/2229
f 2470/2397/2392 2471/2398/2393 2643/2399/2394
f 2473/2240/2235 2645/2400/2395 2646/2401/2396
f 2644/2402/2397 2475/2403/2398 2647/2404/2399
f 2318/2405/2400 2648/2406/2401 2647/2404/2399
f 2650/2407/2402 2316/2103/2098 2478/2408/2403
f 2651/2409/2404 2650/2407/2402 2478/2408/2403
f 2652/2410/2405 2486/2252/2247 2485/2411/2406
f 2326/2108/2103 2497/2262/2257 2655/2412/2407
f 2656/2413/2408 2498/2263/2258 2657/2414/2409
f 2659/2415/2410 2660/2416/2411 2661/2417/2412
f 2502/2268/2263 2660/2416/2411 2659/2415/2410
f 2506/2272/2267 2662/2418/2413 2504/2270/2265
f 2338/2118/2113 2665/2419/2414 2511/2278/2273
f 2666/2420/2415 2514/2276/2271 2667/2421/2416
f 2517/2280/2275 2670/2422/2417 2518/2281/2276
f 2669/2423/2418 2525/2301/2296 2350/2132/2127
f 2673/2424/2419 2674/2425/2420 2675/2426/2421
f 2533/2293/2288 2676/2427/2422 2677/2428/2423
f 2677/2428/2423 2678/2429/2424 2670/2422/2417
f 2670/2422/2417 2678/2429/2424 2671/2430/2425
f 2681/2431/2426 2682/2432/2427 2683/2433/2428
f 2686/2434/2429 2682/2432/2427 2687/2435/2430
f 2360/2148/2143 2685/2436/2431 2688/2437/2432
f 2548/2438/2433 2689/2439/2434 2541/2303/2298
f 2690/2440/2435 2550/2153/2148 2197/2149/2144
f 2691/2441/2436 2547/2442/2437 2549/2443/2438
f 2549/2443/2438 2692/2444/2439 2691/2441/2436
f 2550/2153/2148 3007/2445/2440 2551/2309/2304
f 2371/2154/2149 2553/2308/2303 2695/2446/2441
f 2696/2447/2442 2692/2444/2439 2375/2157/2152
f 2376/2156/2151 2555/2311/2306 2375/2157/2152
f 2554/2003/1998 2377/2159/2154 2697/2448/2443
f 2699/2449/2444 2555/2311/2306 2559/2314/2309
f 2563/2317/2312 2564/2318/2313 2700/2450/2445
f 2393/2451/2446 2384/2452/2447 2701/2453/2448
f 2385/2168/2163 2380/2163/2158 2702/2454/2449
f 2703/2455/2450 2704/2456/2451 2570/2322/2317
f 2705/2457/2452 2572/2324/2319 2706/2458/2453
f 2707/2459/2454 2708/2460/2455 2709/2461/2456
f 2574/2326/2321 2576/2328/2323 2709/2461/2456
f 2712/2462/2457 2707/2459/2454 2581/2333/2328
f 2713/2463/2458 2714/2464/2459 2584/2336/2331
f 2716/2465/2460 2588/2341/2336 2717/2466/2461
f 2719/2467/2462 2588/2341/2336 2592/2345/2340
f 2590/2343/2338 2596/2468/2463 2239/2036/2031
f 2880/2469/2464 2596/2468/2463 2590/2343/2338
f 2721/2470/2465 2720/2471/2466 2422/2199/2194
f 2424/2357/2352 2723/2472/2467 2597/2351/2346
f 2725/2473/2468 2605/2365/2360 2877/2474/2469
f 2726/2475/2470 2722/2476/2471 2602/2354/2349
f 2728/2477/2472 2726/2475/2470 2729/2478/2473
f 2730/2479/2474 2603/2355/2350 2727/2480/2475
f 2733/2481/2476 2613/2364/2359 2611/2363/2358
f 2730/2479/2474 2441/2216/2211 2603/2355/2350
f 2607/2360/2355 2734/2482/2477 2608/2361/2356
f 2734/2482/2477 2731/2368/2363 2609/2483/2478
f 2616/2369/2364 2737/2484/2479 2443/2371/2366
f 2618/2375/2370 2738/2485/2480 2619/2376/2371
f 2614/2366/2361 2741/2486/2481 2432/2211/2206
f 2442/2214/2209 2621/2487/2482 2742/2488/2483
f 2617/2373/2368 2743/2489/2484 2618/2375/2370
f 2618/2375/2370 2744/2490/2485 2738/2485/2480
f 2625/2383/2378 2624/2382/2377 2747/2491/2486
f 2629/2387/2382 2750/2492/2487 2452/2220/2215
f 2452/2220/2215 2751/2493/2488 2630/2494/2489
f 2631/2388/2383 2096/2087/2082 2752/2495/2490
f 2757/2496/2491 2755/2497/2492 2759/2498/2493
f 2761/2499/2494 2762/2500/2495 2455/2222/2217
f 2760/2501/2496 2763/2502/2497 2764/2503/2498
f 2764/2503/2498 2763/2502/2497 2765/2504/2499
f 2460/2228/2223 2766/2505/2500 2767/2506/2501
f 2459/2227/2222 2766/2505/2500 2460/2228/2223
f 2768/2507/2502 2462/2230/2225 2633/2390/2385
f 2769/2508/2503 2634/2509/2504 2302/2091/2086
f 2772/2510/2505 2769/2508/2503 2464/2394/2389
f 2773/2511/2506 2637/2393/2388 2465/2232/2227
f 2774/2512/2507 2639/2396/2391 2640/2513/2508
f 2775/2514/2509 2778/2515/2510 2641/2395/2390
f 2474/2241/2236 2641/2395/2390 2778/2515/2510
f 2778/2515/2510 2780/2516/2511 2474/2241/2236
f 2644/2402/2397 2647/2404/2399 2781/2517/2512
f 2779/2518/2513 2782/2519/2514 2645/2400/2395
f 2482/2249/2244 2483/2248/2243 2785/2520/2515
f 2652/2410/2405 2786/2521/2516 2486/2252/2247
f 2486/2252/2247 2786/2521/2516 2484/2254/2249
f 2323/2106/2101 2787/2522/2517 2652/2410/2405
f 2494/2260/2255 2326/2108/2103 2789/2523/2518
f 2494/2260/2255 2790/2524/2519 2495/2261/2256
f 2326/2108/2103 2792/2525/2520 2793/2526/2521
f 2326/2108/2103 2655/2412/2407 2792/2525/2520
f 2794/2527/2522 2507/2273/2268 2499/2264/2259
f 2661/2417/2412 2660/2416/2411 2795/2528/2523
f 2796/2529/2524 2795/2528/2523 2797/2530/2525
f 2800/2531/2526 2801/2532/2527 2799/2533/2528
f 2954/2534/2529 2801/2532/2527 2800/2531/2526
f 2802/2535/2530 2662/2418/2413 2507/2273/2268
f 2662/2418/2413 2802/2535/2530 2805/2536/2531
f 2806/2537/2532 2515/2277/2272 2807/2538/2533
f 2808/2539/2534 2515/2277/2272 2511/2278/2273
f 2809/2540/2535 2669/2423/2418 2668/2541/2536
f 2812/2542/2537 2522/2296/2291 2813/2543/2538
f 2676/2427/2422 2815/2544/2539 2678/2429/2424
f 2818/2545/2540 2819/2546/2541 2820/2547/2542
f 2819/2546/2541 2679/2548/2543 2820/2547/2542
f 2537/2549/2544 2536/2550/2545 2822/2551/2546
f 2683/2433/2428 2682/2432/2427 2825/2552/2547
f 2687/2435/2430 2827/2553/2548 2686/2434/2429
f 2828/2554/2549 2829/2555/2550 2830/2556/2551
f 2831/2557/2552 2367/2146/2141 2546/2558/2553
f 2998/2559/2554 2550/2153/2148 2690/2440/2435
f 2550/2153/2148 2998/2559/2554 3007/2445/2440
f 2832/2560/2555 2692/2444/2439 2833/2561/2556
f 3011/2562/2557 2377/2159/2154 2694/2310/2305
f 2834/2563/2558 2835/2564/2559 2836/2565/2560
f 2837/2566/2561 2698/2567/2562 2697/2448/2443
f 2698/2567/2562 2837/2566/2561 2838/2568/2563
f 2384/2452/2447 2698/2567/2562 2838/2568/2563
f 2840/2569/2564 2555/2311/2306 2841/2570/2565
f 2842/2571/2566 2843/2572/2567 2844/2573/2568
f 2834/2563/2558 2845/2574/2569 2700/2450/2445
f 2566/2575/2570 2847/2576/2571 2846/2577/2572
f 2571/2323/2318 2848/2578/2573 2849/2579/2574
f 2573/2325/2320 2572/2324/2319 2850/2580/2575
f 2707/2459/2454 2851/2581/2576 2852/2582/2577
f 2707/2459/2454 2709/2461/2456 2851/2581/2576
f 2701/2453/2448 2855/2583/2578 2715/2338/2333
f 2856/2584/2579 2854/2585/2580 2714/2464/2459
f 2857/2586/2581 2858/2587/2582 2859/2588/2583
f 2715/2338/2333 2860/2589/2584 2861/2590/2585
f 2715/2338/2333 2861/2590/2585 2862/2591/2586
f 2858/2587/2582 2857/2586/2581 2717/2466/2461
f 2863/2592/2587 2864/2593/2588 2865/2594/2589
f 2711/2595/2590 2866/2596/2591 2867/2597/2592
f 2868/2598/2593 2866/2596/2591 2711/2595/2590
f 2871/2599/2594 2872/2600/2595 2869/2601/2596
f 2719/2467/2462 2873/2602/2597 2874/2603/2598
f 2719/2467/2462 2592/2345/2340 2873/2602/2597
f 2593/2604/2599 2875/2605/2600 2866/2596/2591
f 2592/2345/2340 2876/2606/2601 2873/2602/2597
f 2590/2343/2338 2864/2593/2588 2880/2469/2464
f 2877/2474/2469 2871/2599/2594 2878/2607/2602
f 2878/2607/2602 2879/2608/2603 2882/2609/2604
f 2886/2610/2605 2887/2611/2606 2888/2612/2607
f 2887/2611/2606 2733/2481/2476 2888/2612/2607
f 2885/2613/2608 2614/2366/2361 2605/2365/2360
f 2611/2363/2358 2739/2614/2609 2890/2615/2610
f 2733/2481/2476 2611/2363/2358 2888/2612/2607
f 2892/2616/2611 2614/2366/2361 2885/2613/2608
f 2433/2367/2362 2615/2617/2612 2607/2360/2355
f 2738/2485/2480 2893/2618/2613 2739/2614/2609
f 2621/2487/2482 2447/2377/2372 2897/2619/2614
f 2621/2487/2482 2897/2619/2614 2742/2488/2483
f 2899/2620/2615 2900/2621/2616 2745/2622/2617
f 2903/2623/2618 2904/2624/2619 2905/2625/2620
f 2906/2626/2621 2907/2627/2622 2751/2493/2488
f 2907/2627/2622 2748/2628/2623 2630/2494/2489
f 2750/2492/2487 2628/2386/2381 2906/2626/2621
f 3088/2629/2624 2901/2630/2625 2631/2388/2383
f 2631/2388/2383 2752/2495/2490 3088/2629/2624
f 2910/2631/2626 2911/2632/2627 2758/2633/2628
f 2912/2634/2629 2913/2635/2630 2910/2631/2626
f 2914/2636/2631 2765/2504/2499 2763/2502/2497
f 2916/2637/2632 2766/2505/2500 2632/2391/2386
f 2771/2638/2633 2768/2507/2502 2919/2639/2634
f 2774/2512/2507 2771/2638/2633 2921/2640/2635
f 2921/2640/2635 2776/2641/2636 2774/2512/2507
f 3097/2642/2637 2922/2643/2638 2921/2640/2635
f 2928/2644/2639 2927/2645/2640 2775/2514/2509
f 2469/2236/2231 2643/2399/2394 2929/2646/2641
f 2643/2399/2394 2930/2647/2642 2929/2646/2641
f 2927/2645/2640 2780/2516/2511 2778/2515/2510
f 2933/2648/2643 2782/2519/2514 2934/2649/2644
f 2936/2650/2645 2937/2651/2646 2938/2652/2647
f 2936/2650/2645 2939/2653/2648 2937/2651/2646
f 2940/2654/2649 2939/2653/2648 2936/2650/2645
f 2654/2655/2650 2943/2656/2651 2944/2657/2652
f 2948/2658/2653 2790/2524/2519 2494/2260/2255
f 2793/2526/2521 2792/2525/2520 2949/2659/2654
f 2950/2660/2655 2498/2263/2258 2656/2413/2408
f 2951/2661/2656 2498/2263/2258 2950/2660/2655
f 2498/2263/2258 2951/2661/2656 2952/2662/2657
f 2499/2264/2259 2498/2263/2258 2952/2662/2657
f 2953/2663/2658 2799/2533/2528 2801/2532/2527
f 2955/2664/2659 2956/2665/2660 2957/2666/2661
f 2960/2667/2662 2957/2666/2661 2956/2665/2660
f 2964/2668/2663 2965/2669/2664 2810/2670/2665
f 2811/2671/2666 2966/2672/2667 2967/2673/2668
f 2811/2671/2666 2967/2673/2668 2813/2543/2538
f 2813/2543/2538 2967/2673/2668 2968/2674/2669
f 2969/2675/2670 2814/2676/2671 2809/2540/2535
f 2970/2677/2672 2815/2544/2539 2971/2678/2673
f 2972/2679/2674 2815/2544/2539 2970/2677/2672
f 2817/2680/2675 2973/2681/2676 2963/2682/2677
f 2976/2683/2678 2977/2684/2679 2978/2685/2680
f 2971/2678/2673 2979/2686/2681 2980/2687/2682
f 2981/2688/2683 2982/2689/2684 2983/2690/2685
f 2986/2691/2686 2984/2692/2687 2983/2690/2685
f 2984/2692/2687 2987/2693/2688 2988/2694/2689
f 2988/2694/2689 2987/2693/2688 2989/2695/2690
f 2990/2696/2691 2978/2685/2680 2977/2684/2679
f 2686/2434/2429 2991/2697/2692 2992/2698/2693
f 2993/2699/2694 2990/2696/2691 2994/2700/2695
f 2982/2689/2684 2978/2685/2680 2993/2699/2694
f 2995/2701/2696 2996/2702/2697 2684/2703/2698
f 2996/2702/2697 2826/2704/2699 2684/2703/2698
f 2990/2696/2691 2997/2705/2700 2994/2700/2695
f 2826/2704/2699 2996/2702/2697 2998/2559/2554
f 2999/2706/2701 3160/2707/2702 2689/2439/2434
f 3000/2708/2703 2827/2553/2548 2828/2554/2549
f 3001/2709/2704 3002/2710/2705 2997/2705/2700
f 2826/2704/2699 2998/2559/2554 2688/2437/2432
f 3003/2711/2706 3004/2712/2707 2830/2556/2551
f 3004/2712/2707 3003/2711/2706 3005/2713/2708
f 3006/2714/2709 3007/2445/2440 2998/2559/2554
f 3005/2713/2708 3003/2711/2706 3009/2715/2710
f 3003/2711/2706 2832/2560/2555 2833/2561/2556
f 2833/2561/2556 3012/2716/2711 3003/2711/2706
f 3011/2562/2557 2837/2566/2561 2697/2448/2443
f 3013/2717/2712 3012/2716/2711 2840/2569/2564
f 2836/2565/2560 3014/2718/2713 2834/2563/2558
f 3015/2719/2714 3014/2718/2713 2836/2565/2560
f 3015/2719/2714 2836/2565/2560 3016/2720/2715
f 3013/2717/2712 2840/2569/2564 3019/2721/2716
f 3020/2722/2717 2843/2572/2567 3021/2723/2718
f 3024/2724/2719 2845/2574/2569 2834/2563/2558
f 3026/2725/2720 2846/2577/2572 2847/2576/2571
f 3027/2726/2721 2850/2580/2575 3028/2727/2722
f 3026/2725/2720 2850/2580/2575 3027/2726/2721
f 2850/2580/2575 3029/2728/2723 3028/2727/2722
f 3021/2723/2718 2843/2572/2567 2703/2455/2450
f 3032/2729/2724 2853/2730/2725 3033/2731/2726
f 2854/2585/2580 3034/2732/2727 2853/2730/2725
f 3037/2733/2728 3038/2734/2729 3039/2735/2730
f 3040/2736/2731 2860/2589/2584 3035/2737/2732
f 3041/2738/2733 3036/2739/2734 2711/2595/2590
f 2869/2601/2596 3042/2740/2735 3043/2741/2736
f 3043/2741/2736 2870/2742/2737 2869/2601/2596
f 2863/2592/2587 3044/2743/2738 2864/2593/2588
f 3041/2738/2733 2711/2595/2590 2867/2597/2592
f 3045/2744/2739 2878/2607/2602 2870/2742/2737
f 3046/2745/2740 2880/2469/2464 2864/2593/2588
f 3048/2746/2741 2880/2469/2464 3049/2747/2742
f 3050/2748/2743 3051/2749/2744 2721/2470/2465
f 3050/2748/2743 2721/2470/2465 3053/2750/2745
f 2882/2609/2604 3054/2751/2746 2725/2473/2468
f 3047/2752/2747 2884/2753/2748 3052/2754/2749
f 3056/2755/2750 3057/2756/2751 2889/2757/2752
f 3059/2758/2753 2885/2613/2608 3054/2751/2746
f 3061/2759/2754 2887/2611/2606 2886/2610/2605
f 2607/2360/2355 3062/2760/2755 3063/2761/2756
f 2893/2618/2613 3064/2762/2757 2894/2763/2758
f 3064/2762/2757 3065/2764/2759 2894/2763/2758
f 2742/2488/2483 2898/2765/2760 2895/2766/2761
f 3067/2767/2762 3068/2768/2763 3069/2769/2764
f 3068/2768/2763 3070/2770/2765 3069/2769/2764
f 2736/2771/2766 3070/2770/2765 3072/2772/2767
f 3073/2773/2768 2737/2484/2479 3072/2772/2767
f 3074/2774/2769 3073/2773/2768 3072/2772/2767
f 2744/2490/2485 3073/2773/2768 3074/2774/2769
f 3077/2775/2770 3078/2776/2771 3072/2772/2767
f 3072/2772/2767 3078/2776/2771 3074/2774/2769
f 3074/2774/2769 3078/2776/2771 3079/2777/2772
f 3080/2778/2773 2899/2620/2615 3081/2779/2774
f 3080/2778/2773 3081/2779/2774 3084/2780/2775
f 2748/2628/2623 3085/2781/2776 2749/2782/2777
f 3086/2783/2778 3087/2784/2779 2903/2623/2618
f 2628/2386/2381 3087/2784/2779 2906/2626/2621
f 2752/2495/2490 2758/2633/2628 3088/2629/2624
f 3088/2629/2624 2758/2633/2628 3090/2785/2780
f 3091/2786/2781 2913/2635/2630 3092/2787/2782
f 2914/2636/2631 3093/2788/2783 2915/2789/2784
f 2917/2790/2785 2919/2639/2634 2768/2507/2502
f 3096/2791/2786 3094/2792/2787 2772/2510/2505
f 3097/2642/2637 2921/2640/2635 2919/2639/2634
f 3098/2793/2788 3096/2791/2786 2920/2794/2789
f 2773/2511/2506 3098/2793/2788 2920/2794/2789
f 2773/2511/2506 2923/2795/2790 3098/2793/2788
f 2922/2643/2638 3099/2796/2791 2928/2644/2639
f 3100/2797/2792 2928/2644/2639 3280/2798/2793
f 3102/2799/2794 2929/2646/2641 2930/2647/2642
f 3103/2800/2795 3102/2799/2794 2930/2647/2642
f 2932/2801/2796 3106/2802/2797 2781/2517/2512
f 3107/2803/2798 3106/2802/2797 2932/2801/2796
f 3108/2804/2799 3107/2803/2798 2932/2801/2796
f 3112/2805/2800 3113/2806/2801 3114/2807/2802
f 3115/2808/2803 3116/2809/2804 3117/2810/2805
f 2935/2811/2806 3117/2810/2805 3116/2809/2804
f 2935/2811/2806 2937/2651/2646 3118/2812/2807
f 2941/2813/2808 3113/2806/2801 3112/2805/2800
f 3119/2814/2809 3113/2806/2801 5740/2815/2810
f 5740/2815/2810 3120/2816/2811 3119/2814/2809
f 3116/2809/2804 3115/2808/2803 3120/2816/2811
f 2652/2410/2405 3121/2817/2812 2786/2521/2516
f 2484/2254/2249 3122/2818/2813 2942/2819/2814
f 2947/2820/2815 3125/2821/2816 2791/2822/2817
f 2793/2526/2521 2949/2659/2654 3126/2823/2818
f 2801/2532/2527 3127/2824/2819 2953/2663/2658
f 3128/2825/2820 2794/2527/2522 2952/2662/2657
f 3128/2825/2820 3129/2826/2821 2794/2527/2522
f 3131/2827/2822 2808/2539/2534 3132/2828/2823
f 2808/2539/2534 3131/2827/2822 3134/2829/2824
f 2961/2830/2825 2962/2831/2826 3135/2832/2827
f 3136/2833/2828 2967/2673/2668 3140/2834/2829
f 2967/2673/2668 3136/2833/2828 2968/2674/2669
f 2973/2681/2676 3137/2835/2830 3138/2836/2831
f 3138/2836/2831 3139/2837/2832 2973/2681/2676
f 2964/2668/2663 2974/2838/2833 3140/2834/2829
f 3141/2839/2834 3142/2840/2835 3140/2834/2829
f 2984/2692/2687 2986/2691/2686 3147/2841/2836
f 3148/2842/2837 2989/2695/2690 2987/2693/2688
f 3148/2842/2837 2987/2693/2688 3149/2843/2838
f 3148/2842/2837 3149/2843/2838 3150/2844/2839
f 3150/2844/2839 3149/2843/2838 3151/2845/2840
f 3152/2846/2841 3153/2847/2842 2975/2848/2843
f 3154/2849/2844 2543/2305/2300 2823/2850/2845
f 3155/2851/2846 3156/2852/2847 3157/2853/2848
f 3158/2854/2849 3159/2855/2850 2995/2701/2696
f 3161/2856/2851 2546/2558/2553 3154/2849/2844
f 3163/2857/2852 2994/2700/2695 3002/2710/2705
f 3164/2858/2853 2994/2700/2695 3165/2859/2854
f 3167/2860/2855 3166/2861/2856 3168/2862/2857
f 3156/2852/2847 3169/2863/2858 3170/2864/2859
f 3171/2865/2860 2998/2559/2554 3162/2866/2861
f 3165/2859/2854 3173/2867/2862 3174/2868/2863
f 3175/2869/2864 3167/2860/2855 3168/2862/2857
f 3179/2870/2865 3177/2871/2866 3180/2872/2867
f 3182/2873/2868 3173/2867/2862 3183/2874/2869
f 3173/2867/2862 3182/2873/2868 3174/2868/2863
f 3168/2862/2857 3176/2875/2870 3175/2869/2864
f 3184/2876/2871 3185/2877/2872 3186/2878/2873
f 3010/2879/2874 3008/2880/2875 3370/2881/2876
f 3190/2882/2877 3191/2883/2878 3009/2715/2710
f 3194/2884/2879 3192/2885/2880 3193/2886/2881
f 3196/2887/2882 3186/2878/2873 3197/2888/2883
f 3187/2889/2884 3196/2887/2882 3198/2890/2885
f 3377/2891/2886 3011/2562/2557 3370/2881/2876
f 3013/2717/2712 3190/2882/2877 3012/2716/2711
f 3200/2892/2887 3190/2882/2877 3201/2893/2888
f 3195/2894/2889 3194/2884/2879 3202/2895/2890
f 3199/2896/2891 3203/2897/2892 3204/2898/2893
f 3203/2897/2892 3199/2896/2891 3205/2899/2894
f 3206/2900/2895 3030/2901/2896 2838/2568/2563
f 3201/2893/2888 3013/2717/2712 3207/2902/2897
f 3209/2903/2898 3210/2904/2899 3021/2723/2718
f 3208/2905/2900 3211/2906/2901 3209/2903/2898
f 3212/2907/2902 3023/2908/2903 3213/2909/2904
f 3025/2910/2905 3027/2726/2721 3214/2911/2906
f 3215/2912/2907 3214/2911/2906 3027/2726/2721
f 3216/2913/2908 3028/2727/2722 3029/2728/2723
f 2838/2568/2563 3030/2901/2896 2855/2583/2578
f 3219/2914/2909 3220/2915/2910 3031/2916/2911
f 3216/2913/2908 3029/2728/2723 2705/2457/2452
f 2855/2583/2578 3030/2901/2896 3035/2737/2732
f 3222/2917/2912 2839/2918/2913 3036/2739/2734
f 3223/2919/2914 3039/2735/2730 3224/2920/2915
f 3225/2921/2916 3033/2731/2726 3034/2732/2727
f 3227/2922/2917 3226/2923/2918 3228/2924/2919
f 3041/2738/2733 3229/2925/2920 3036/2739/2734
f 2870/2742/2737 3043/2741/2736 3230/2926/2921
f 3228/2924/2919 3232/2927/2922 2864/2593/2588
f 3236/2928/2923 3426/2929/2924 3052/2754/2749
f 3237/2930/2925 3049/2747/2742 3233/2931/2926
f 3060/2932/2927 3054/2751/2746 3235/2933/2928
f 3238/2934/2929 3053/2750/2745 2883/2935/2930
f 2892/2616/2611 3059/2758/2753 3243/2936/2931
f 3245/2937/2932 3065/2764/2759 3064/2762/2757
f 3248/2938/2933 3244/2939/2934 3243/2936/2931
f 2895/2766/2761 3249/2940/2935 3062/2760/2755
f 3062/2760/2755 3250/2941/2936 3063/2761/2756
f 3250/2941/2936 3251/2942/2937 3067/2767/2762
f 3252/2943/2938 3070/2770/2765 3068/2768/2763
f 2745/2622/2617 2892/2616/2611 3244/2939/2934
f 2899/2620/2615 3244/2939/2934 3254/2944/2939
f 3256/2945/2940 3257/2946/2941 3078/2776/2771
f 3079/2777/2772 3257/2946/2941 3253/2947/2942
f 3261/2948/2943 3081/2779/2774 3254/2944/2939
f 3262/2949/2944 3081/2779/2774 3261/2948/2943
f 3086/2783/2778 3263/2950/2945 3264/2951/2946
f 2907/2627/2622 3265/2952/2947 3085/2781/2776
f 3266/2953/2948 3083/2954/2949 3258/2955/2950
f 3267/2956/2951 3087/2784/2779 3264/2951/2946
f 3266/2953/2948 2908/2957/2952 3083/2954/2949
f 3090/2785/2780 3268/2958/2953 3088/2629/2624
f 3272/2959/2954 3462/2960/2955 3091/2786/2781
f 3273/2961/2956 3274/2962/2957 2767/2506/2501
f 3277/2963/2958 3278/2964/2959 2916/2637/2632
f 3095/2965/2960 3467/2966/2961 3279/2967/2962
f 3279/2967/2962 3099/2796/2791 3097/2642/2637
f 2923/2795/2790 2924/2968/2963 3282/2969/2964
f 3285/2970/2965 3286/2971/2966 3103/2800/2795
f 3283/2972/2967 3287/2973/2968 3110/2974/2969
f 3292/2975/2970 3289/2976/2971 3107/2803/2798
f 3293/2977/2972 3294/2978/2973 3295/2979/2974
f 3294/2978/2973 3296/2980/2975 3295/2979/2974
f 3295/2979/2974 3296/2980/2975 3290/2981/2976
f 3297/2982/2977 3298/2983/2978 3290/2981/2976
f 3299/2984/2979 3300/2985/2980 3112/2805/2800
f 3114/2807/2802 3301/2986/2981 3299/2984/2979
f 3302/2987/2982 3301/2986/2981 3117/2810/2805
f 3303/2988/2983 3304/2989/2984 3117/2810/2805
f 3301/2986/2981 3114/2807/2802 3119/2814/2809
f 3115/2808/2803 3301/2986/2981 3119/2814/2809
f 2947/2820/2815 3309/2990/2985 3494/2991/2986
f 2793/2526/2521 3311/2992/2987 3312/2993/2988
f 2793/2526/2521 3126/2823/2818 3311/2992/2987
f 2951/2661/2656 3315/2994/2989 3313/2995/2990
f 3313/2995/2990 3314/2996/2991 2952/2662/2657
f 2954/2534/2529 3316/2997/2992 3317/2998/2993
f 2952/2662/2657 3314/2996/2991 3128/2825/2820
f 3128/2825/2820 3314/2996/2991 3318/2999/2994
f 2959/3000/2995 3134/2829/2824 3321/3001/2996
f 3132/2828/2823 3322/3002/2997 3323/3003/2998
f 3132/2828/2823 3133/3004/2999 3322/3002/2997
f 2823/2850/2845 2969/2675/2670 3146/3005/3000
f 3136/2833/2828 3329/3006/3001 3330/3007/3002
f 3333/3008/3003 3150/2844/2839 3151/2845/2840
f 3334/3009/3004 3151/2845/2840 3335/3010/3005
f 3334/3009/3004 3336/3011/3006 3151/2845/2840
f 3334/3009/3004 3337/3012/3007 3338/3013/3008
f 3339/3014/3009 3340/3015/3010 3341/3016/3011
f 3342/3017/3012 3153/2847/2842 3152/2846/2841
f 3151/2845/2840 3332/3018/3013 3343/3019/3014
f 3335/3010/3005 3151/2845/2840 3343/3019/3014
f 3345/3020/3015 3346/3021/3016 3335/3010/3005
f 3346/3021/3016 3347/3022/3017 3348/3023/3018
f 3350/3024/3019 3145/3025/3020 3160/2707/2702
f 3160/2707/2702 3172/3026/3021 3350/3024/3019
f 3343/3019/3014 3157/2853/2848 3344/3027/3022
f 3344/3027/3022 3345/3020/3015 3335/3010/3005
f 3347/3022/3017 3351/3028/3023 3349/3029/3024
f 3352/3030/3025 3159/2855/2850 3353/3031/3026
f 3346/3021/3016 3345/3020/3015 3178/3032/3027
f 3179/2870/2865 3180/2872/2867 3354/3033/3028
f 3355/3034/3029 3356/3035/3030 3357/3036/3031
f 3352/3030/3025 3358/3037/3032 3162/2866/2861
f 3358/3037/3032 3171/2865/2860 3162/2866/2861
f 3359/3038/3033 2831/2557/2552 3161/2856/2851
f 3168/2862/2857 3165/2859/2854 3174/2868/2863
f 3360/3039/3034 3168/2862/2857 3174/2868/2863
f 3178/3032/3027 3179/2870/2865 3351/3028/3023
f 3006/2714/2709 3361/3040/3035 3362/3041/3036
f 3174/2868/2863 3363/3042/3037 3364/3043/3038
f 3176/2875/2870 3168/2862/2857 3360/3039/3034
f 3176/2875/2870 3365/3044/3039 3192/2885/2880
f 3180/2872/2867 3187/2889/2884 3188/3045/3040
f 3357/3036/3031 3366/3046/3041 3367/3047/3042
f 3357/3036/3031 3367/3047/3042 3368/3048/3043
f 3008/2880/2875 3006/2714/2709 3370/2881/2876
f 3359/3038/3033 3189/3049/3044 2831/2557/2552
f 3200/2892/2887 3191/2883/2878 3190/2882/2877
f 3374/3050/3045 3375/3051/3046 3376/3052/3047
f 3365/3044/3039 3384/3053/3048 3193/2886/2881
f 3188/3045/3040 3199/2896/2891 3385/3054/3049
f 3386/3055/3050 3387/3056/3051 3388/3057/3052
f 3375/3051/3046 3389/3058/3053 3376/3052/3047
f 3388/3057/3052 3387/3056/3051 3390/3059/3054
f 3395/3060/3055 3201/2893/2888 3396/3061/3056
f 3383/3062/3057 3397/3063/3058 3398/3064/3059
f 3209/2903/2898 3399/3065/3060 3400/3066/3061
f 3399/3065/3060 3211/2906/2901 3401/3067/3062
f 3211/2906/2901 3220/2915/2910 3401/3067/3062
f 3402/3068/3063 3387/3056/3051 3389/3058/3053
f 3403/3069/3064 3404/3070/3065 3405/3071/3066
f 3406/3072/3067 3405/3071/3066 3216/2913/2908
f 3216/2913/2908 3217/3073/3068 3406/3072/3067
f 3407/3074/3069 3408/3075/3070 3218/3076/3071
f 3030/2901/2896 3409/3077/3072 3410/3078/3073
f 3206/2900/2895 3409/3077/3072 3030/2901/2896
f 3042/2740/2735 3394/3079/3074 3393/3080/3075
f 3411/3081/3076 3412/3082/3077 3393/3080/3075
f 3414/3083/3078 3407/3074/3069 3413/3084/3079
f 3033/2731/2726 3417/3085/3080 3416/3086/3081
f 3030/2901/2896 3410/3078/3073 3221/3087/3082
f 3393/3080/3075 3043/2741/2736 3042/2740/2735
f 3043/2741/2736 3393/3080/3075 3412/3082/3077
f 3226/2923/2918 3419/3088/3083 3228/2924/2919
f 3228/2924/2919 3419/3088/3083 3420/3089/3084
f 3421/3090/3085 3422/3091/3086 3423/3092/3087
f 3424/3093/3088 3425/3094/3089 3423/3092/3087
f 3425/3094/3089 3426/2929/2924 3421/3090/3085
f 3232/2927/2922 3427/3095/3090 3233/2931/2926
f 3232/2927/2922 3233/2931/2926 3046/2745/2740
f 3429/3096/3091 3235/2933/2928 3428/3097/3092
f 3237/2930/2925 3233/2931/2926 3427/3095/3090
f 3434/3098/3093 3055/3099/3094 3237/2930/2925
f 3435/3100/3095 3240/3101/3096 3239/3102/3097
f 3436/3103/3098 3437/3104/3099 3239/3102/3097
f 3238/2934/2929 3246/3105/3100 3438/3106/3101
f 3439/3107/3102 3243/2936/2931 3432/3108/3103
f 3440/3109/3104 3248/2938/2933 3439/3107/3102
f 3249/2940/2935 3441/3110/3105 3250/2941/2936
f 3250/2941/2936 3442/3111/3106 3251/2942/2937
f 3068/2768/2763 3067/2767/2762 3251/2942/2937
f 3252/2943/2938 3443/3112/3107 3444/3113/3108
f 3445/3114/3109 3446/3115/3110 3257/2946/2941
f 3256/2945/2940 3445/3114/3109 3257/2946/2941
f 3253/2947/2942 3257/2946/2941 3446/3115/3110
f 3076/3116/3111 3451/3117/3112 3255/3118/3113
f 3452/3119/3114 3453/3120/3115 3255/3118/3113
f 3455/3121/3116 3448/3122/3117 3260/3123/3118
f 3261/2948/2943 3254/2944/2939 3456/3124/3119
f 3456/3124/3119 3459/3125/3120 3261/2948/2943
f 3265/2952/2947 3267/2956/2951 3460/3126/3121
f 3266/2953/2948 3258/2955/2950 3461/3127/3122
f 3463/3128/3123 3464/3129/3124 3275/3130/3125
f 3273/2961/2956 3275/3130/3125 3464/3129/3124
f 3466/3131/3126 3094/2792/2787 3096/2791/2786
f 3096/2791/2786 3645/3132/3127 3466/3131/3126
f 3474/3133/3128 3475/3134/3129 3476/3135/3130
f 3483/3136/3131 3474/3133/3128 3478/3137/3132
f 3479/3138/3133 3284/3139/3134 3283/2972/2967
f 3481/3140/3135 3483/3136/3131 3482/3141/3136
f 3291/3142/3137 3484/3143/3138 3474/3133/3128
f 3285/2970/2965 3103/2800/2795 3105/3144/3139
f 3288/3145/3140 3285/2970/2965 3105/3144/3139
f 3295/2979/2974 3290/2981/2976 3483/3136/3131
f 3489/3146/3141 3490/3147/3142 3293/2977/2972
f 3301/2986/2981 3492/3148/3143 3487/3149/3144
f 3302/2987/2982 3492/3148/3143 3301/2986/2981
f 3494/2991/2986 2944/2657/2652 3495/3150/3145
f 3497/3151/3146 3310/3152/3147 3125/2821/2816
f 3498/3153/3148 3310/3152/3147 3497/3151/3146
f 3499/3154/3149 3500/3155/3150 3501/3156/3151
f 3499/3154/3149 3502/3157/3152 3500/3155/3150
f 3314/2996/2991 3506/3158/3153 3318/2999/2994
f 3320/3159/3154 3505/3160/3155 3319/3161/3156
f 3507/3162/3157 5768/3163/3158 3508/3164/3159
f 3506/3158/3153 3509/3165/3160 3318/2999/2994
f 3511/3166/3161 3512/3167/3162 3320/3159/3154
f 3134/2829/2824 3131/2827/2822 3513/3168/3163
f 3322/3002/2997 3514/3169/3164 3515/3170/3165
f 3511/3166/3161 3510/3171/3166 3516/3172/3167
f 3320/3159/3154 3510/3171/3166 3511/3166/3161
f 3324/3173/3168 4159/3174/3169 3510/3171/3166
f 3517/3175/3170 3135/2832/2827 3325/3176/3171
f 3519/3177/3172 2969/2675/2670 3326/3178/3173
f 2969/2675/2670 3519/3177/3172 3146/3005/3000
f 3327/3179/3174 3329/3006/3001 3328/3180/3175
f 3522/3181/3176 3342/3017/3012 3152/2846/2841
f 3523/3182/3177 3342/3017/3012 3524/3183/3178
f 3337/3012/3007 3334/3009/3004 3335/3010/3005
f 3348/3023/3018 3337/3012/3007 3335/3010/3005
f 3339/3014/3009 3337/3012/3007 3348/3023/3018
f 3349/3029/3024 3339/3014/3009 3348/3023/3018
f 3339/3014/3009 3349/3029/3024 3526/3184/3179
f 3172/3026/3021 3694/3185/3180 3350/3024/3019
f 3527/3186/3181 3349/3029/3024 3528/3187/3182
f 3529/3188/3183 3527/3186/3181 3528/3187/3182
f 3530/3189/3184 3531/3190/3185 3355/3034/3029
f 3532/3191/3186 3533/3192/3187 3531/3190/3185
f 3534/3193/3188 3535/3194/3189 3536/3195/3190
f 3541/3196/3191 3542/3197/3192 3543/3198/3193
f 3546/3199/3194 3547/3200/3195 3539/3201/3196
f 3548/3202/3197 3547/3200/3195 3546/3199/3194
f 3539/3201/3196 3358/3037/3032 3352/3030/3025
f 3547/3200/3195 3549/3203/3198 3358/3037/3032
f 3361/3040/3035 3171/2865/2860 3550/3204/3199
f 3542/3197/3192 3552/3205/3200 3553/3206/3201
f 3541/3196/3191 3552/3205/3200 3542/3197/3192
f 3368/3048/3043 3552/3205/3200 3357/3036/3031
f 3556/3207/3202 3363/3042/3037 3372/3208/3203
f 3557/3209/3204 3373/3210/3205 3556/3207/3202
f 3377/2891/2886 3558/3211/3206 3391/3212/3207
f 3378/3213/3208 3377/2891/2886 3391/3212/3207
f 3559/3214/3209 3380/3215/3210 3371/3216/3211
f 3382/3217/3212 3556/3207/3202 3372/3208/3203
f 3556/3207/3202 3382/3217/3212 3557/3209/3204
f 3365/3044/3039 3373/3210/3205 3557/3209/3204
f 3560/3218/3213 3557/3209/3204 3382/3217/3212
f 3561/3219/3214 3562/3220/3215 3563/3221/3216
f 3403/3069/3064 3564/3222/3217 3561/3219/3214
f 3393/3080/3075 3380/3215/3210 3411/3081/3076
f 3567/3223/3218 3403/3069/3064 3406/3072/3067
f 3567/3223/3218 3564/3222/3217 3403/3069/3064
f 3406/3072/3067 3408/3075/3070 3567/3223/3218
f 3414/3083/3078 3568/3224/3219 3407/3074/3069
f 3412/3082/3077 3411/3081/3076 3569/3225/3220
f 3570/3226/3221 3568/3224/3219 3414/3083/3078
f 3416/3086/3081 3417/3085/3080 3572/3227/3222
f 3574/3228/3223 3575/3229/3224 3576/3230/3225
f 3230/2926/2921 3412/3082/3077 3582/3231/3226
f 3585/3232/3227 3586/3233/3228 3587/3234/3229
f 3429/3096/3091 3588/3235/3230 3589/3236/3231
f 3426/2929/2924 3433/3237/3232 3590/3238/3233
f 3427/3095/3090 3434/3098/3093 3237/2930/2925
f 3593/3239/3234 3592/3240/3235 3431/3241/3236
f 3592/3240/3235 3593/3239/3234 3591/3242/3237
f 3594/3243/3238 3434/3098/3093 3595/3244/3239
f 3596/3245/3240 3598/3246/3241 3597/3247/3242
f 3599/3248/3243 3600/3249/3244 3436/3103/3098
f 3601/3250/3245 3433/3237/3232 3602/3251/3246
f 3603/3252/3247 3604/3253/3248 3605/3254/3249
f 3609/3255/3250 3603/3252/3247 3438/3106/3101
f 3440/3109/3104 3439/3107/3102 3610/3256/3251
f 3453/3120/3115 3452/3119/3114 3611/3257/3252
f 3443/3112/3107 3612/3258/3253 3613/3259/3254
f 3445/3114/3109 3614/3260/3255 3446/3115/3110
f 3447/3261/3256 3615/3262/3257 3616/3263/3258
f 3448/3122/3117 3438/3106/3101 3246/3105/3100
f 3438/3106/3101 3448/3122/3117 3609/3255/3250
f 3618/3264/3259 3619/3265/3260 3620/3266/3261
f 3621/3267/3262 3622/3268/3263 3623/3269/3264
f 3624/3270/3265 3452/3119/3114 3451/3117/3112
f 3608/3271/3266 3827/3272/3267 3458/3273/3268
f 3456/3124/3119 3620/3266/3261 3457/3274/3269
f 3623/3269/3264 3622/3268/3263 3626/3275/3270
f 3450/3276/3271 5787/3277/3272 3629/3278/3273
f 3629/3278/3273 3449/3279/3274 3450/3276/3271
f 3628/3280/3275 3631/3281/3276 3627/3282/3277
f 3271/3283/3278 3635/3284/3279 3465/3285/3280
f 3462/2960/2955 3638/3286/3281 3636/3287/3282
f 3841/3288/3283 3467/2966/2961 3095/2965/2960
f 4094/3289/3284 3279/2967/2962 3467/2966/2961
f 3646/3290/3285 3647/3291/3286 3645/3132/3127
f 3647/3291/3286 3646/3290/3285 3469/3292/3287
f 3844/3293/3288 3281/3294/3289 3468/3295/3290
f 3844/3293/3288 3471/3296/3291 3281/3294/3289
f 3650/3297/3292 3651/3298/3293 3652/3299/3294
f 3656/3300/3295 3478/3137/3132 3476/3135/3130
f 3473/3301/3296 3657/3302/3297 3852/3303/3298
f 3661/3304/3299 3662/3305/3300 3485/3306/3301
f 3663/3307/3302 3664/3308/3303 3659/3309/3304
f 3663/3307/3302 3665/3310/3305 3664/3308/3303
f 3487/3149/3144 3666/3311/3306 3488/3312/3307
f 3489/3146/3141 3664/3308/3303 3665/3310/3305
f 3664/3308/3303 3489/3146/3141 3293/2977/2972
f 3667/3313/3308 2943/2656/2651 3493/3314/3309
f 2943/2656/2651 3667/3313/3308 3495/3150/3145
f 3494/2991/2986 3495/3150/3145 3668/3315/3310
f 3307/3316/3311 3496/3317/3312 3308/3318/3313
f 2948/2658/2653 3503/3319/3314 3669/3320/3315
f 3669/3320/3315 3496/3317/3312 2948/2658/2653
f 3670/3321/3316 3671/3322/3317 3504/3323/3318
f 3501/3156/3151 3500/3155/3150 3672/3324/3319
f 3671/3322/3317 3673/3325/3320 3504/3323/3318
f 3504/3323/3318 3673/3325/3320 3674/3326/3321
f 3672/3324/3319 3675/3327/3322 3501/3156/3151
f 3316/2997/2992 3676/3328/3323 3317/2998/2993
f 3677/3329/3324 3506/3158/3153 3674/3326/3321
f 3678/3330/3325 3679/3331/3326 3680/3332/3327
f 3678/3330/3325 3681/3333/3328 3679/3331/3326
f 3682/3334/3329 3676/3328/3323 3316/2997/2992
f 3683/3335/3330 3509/3165/3160 3677/3329/3324
f 3322/3002/2997 3515/3170/3165 3686/3336/3331
f 3687/3337/3332 3515/3170/3165 3688/3338/3333
f 3518/3339/3334 3517/3175/3170 3325/3176/3171
f 3146/3005/3000 3519/3177/3172 3690/3340/3335
f 3691/3341/3336 3692/3342/3337 3693/3343/3338
f 3525/3344/3339 3694/3185/3180 3888/3345/3340
f 3350/3024/3019 3694/3185/3180 3525/3344/3339
f 3695/3346/3341 3331/3347/3342 3890/3348/3343
f 3696/3349/3344 3697/3350/3345 3698/3351/3346
f 3331/3347/3342 3695/3346/3341 3161/2856/2851
f 3699/3352/3347 3696/3349/3344 3700/3353/3348
f 3700/3353/3348 3696/3349/3344 3714/3354/3349
f 3698/3351/3346 3701/3355/3350 3702/3356/3351
f 3703/3357/3352 3704/3358/3353 3705/3359/3354
f 3706/3360/3355 3707/3361/3356 3708/3362/3357
f 3534/3193/3188 3536/3195/3190 3709/3363/3358
f 3703/3357/3352 3710/3364/3359 3711/3365/3360
f 3551/3366/3361 3695/3346/3341 3713/3367/3362
f 3548/3202/3197 3711/3365/3360 3547/3200/3195
f 3549/3203/3198 3718/3368/3363 3550/3204/3199
f 3361/3040/3035 3550/3204/3199 3719/3369/3364
f 3722/3370/3365 3714/3354/3349 3708/3362/3357
f 3717/3371/3366 3724/3372/3367 3722/3370/3365
f 3725/3373/3368 3724/3372/3367 3717/3371/3366
f 3555/3374/3369 3554/3375/3370 3721/3376/3371
f 3728/3377/3372 3729/3378/3373 3723/3379/3374
f 3724/3372/3367 3730/3380/3375 3722/3370/3365
f 3729/3378/3373 3728/3377/3372 3731/3381/3376
f 3730/3380/3375 3732/3382/3377 3728/3377/3372
f 3734/3383/3378 3735/3384/3379 3558/3211/3206
f 3740/3385/3380 3741/3386/3381 3742/3387/3382
f 3743/3388/3383 3744/3389/3384 3745/3390/3385
f 3746/3391/3386 3568/3224/3219 3747/3392/3387
f 3749/3393/3388 3750/3394/3389 3760/3395/3390
f 3741/3386/3381 3751/3396/3391 3742/3387/3382
f 3754/3397/3392 3568/3224/3219 3570/3226/3221
f 3755/3398/3393 3568/3224/3219 3754/3397/3392
f 3754/3397/3392 3570/3226/3221 3756/3399/3394
f 3574/3228/3223 3757/3400/3395 3758/3401/3396
f 3742/3387/3382 3751/3396/3391 3761/3402/3397
f 3577/3403/3398 3583/3404/3399 3762/3405/3400
f 3569/3225/3220 3761/3402/3397 3765/3406/3401
f 3766/3407/3402 3767/3408/3403 3769/3409/3404
f 3762/3405/3400 3583/3404/3399 3768/3410/3405
f 3764/3411/3406 3759/3412/3407 3585/3232/3227
f 3767/3408/3403 3770/3413/3408 3769/3409/3404
f 3583/3404/3399 3772/3414/3409 3768/3410/3405
f 3581/3415/3410 3763/3416/3411 3584/3417/3412
f 3771/3418/3413 3768/3410/3405 3773/3419/3414
f 3776/3420/3415 3777/3421/3416 3778/3422/3417
f 3778/3422/3417 3777/3421/3416 3779/3423/3418
f 3772/3414/3409 3780/3424/3419 3781/3425/3420
f 3421/3090/3085 3780/3424/3419 3772/3414/3409
f 3781/3425/3420 3780/3424/3419 3783/3426/3421
f 3783/3426/3421 3590/3238/3233 3784/3427/3422
f 3780/3424/3419 3590/3238/3233 3783/3426/3421
f 3786/3428/3423 3591/3242/3237 3593/3239/3234
f 3791/3429/3424 3597/3247/3242 3787/3430/3425
f 3787/3430/3425 3790/3431/3426 3791/3429/3424
f 3614/3260/3255 3800/3432/3427 3616/3263/3258
f 3801/3433/3428 3796/3434/3429 3603/3252/3247
f 3797/3435/3430 3798/3436/3431 3802/3437/3432
f 3803/3438/3433 3804/3439/3434 3625/3440/3435
f 3807/3441/3436 3805/3442/3437 3808/3443/3438
f 3612/3258/3253 3809/3444/3439 3810/3445/3440
f 3613/3259/3254 3612/3258/3253 3810/3445/3440
f 3621/3267/3262 3813/3446/3441 3622/3268/3263
f 3814/3447/3442 3815/3448/3443 3813/3446/3441
f 3629/3278/3273 3633/3449/3444 3816/3450/3445
f 3817/3451/3446 3627/3282/3277 3818/3452/3447
f 3627/3282/3277 3819/3453/3448 3628/3280/3275
f 3630/3454/3449 3268/2958/2953 3823/3455/3450
f 3823/3455/3450 3825/3456/3451 3826/3457/3452
f 3827/3272/3267 3829/3458/3453 3634/3459/3454
f 3831/3460/3455 3636/3287/3282 3637/3461/3456
f 3639/3462/3457 3635/3284/3279 3832/3463/3458
f 3833/3464/3459 3834/3465/3460 3835/3466/3461
f 3640/3467/3462 3834/3465/3460 3833/3464/3459
f 3837/3468/3463 3641/3469/3464 3838/3470/3465
f 3642/3471/3466 3836/3472/3467 3839/3473/3468
f 3641/3469/3464 3643/3474/3469 3838/3470/3465
f 3466/3131/3126 3843/3475/3470 3842/3476/3471
f 3279/2967/2962 4094/3289/3284 3468/3295/3290
f 3848/3477/3472 3851/3478/3473 3652/3299/3294
f 3849/3479/3474 3653/3480/3475 3654/3481/3476
f 3849/3479/3474 3654/3481/3476 3655/3482/3477
f 3853/3483/3478 3477/3484/3479 3286/2971/2966
f 3853/3483/3478 3286/2971/2966 3285/2970/2965
f 3662/3305/3300 4109/3485/3480 3658/3486/3481
f 4119/3487/3482 3857/3488/3483 4111/3489/3484
f 4111/3489/3484 3488/3312/3307 3858/3490/3485
f 3661/3304/3299 3857/3488/3483 3662/3305/3300
f 3668/3315/3310 3495/3150/3145 3861/3491/3486
f 3863/3492/3487 3308/3318/3313 3496/3317/3312
f 3669/3320/3315 3503/3319/3314 3864/3493/3488
f 3496/3317/3312 3669/3320/3315 3862/3494/3489
f 3865/3495/3490 3503/3319/3314 3866/3496/3491
f 3867/3497/3492 3673/3325/3320 3671/3322/3317
f 3868/3498/3493 3672/3324/3319 3869/3499/3494
f 3317/2998/2993 3676/3328/3323 3870/3500/3495
f 3872/3501/3496 3683/3335/3330 3677/3329/3324
f 3874/3502/3497 3875/3503/3498 3876/3504/3499
f 3682/3334/3329 3877/3505/3500 3878/3506/3501
f 3519/3177/3172 3880/3507/3502 3881/3508/3503
f 3525/3344/3339 3879/3509/3504 3518/3339/3334
f 3690/3340/3335 3519/3177/3172 3881/3508/3503
f 3882/3510/3505 3883/3511/3506 3884/3512/3507
f 3885/3513/3508 3886/3514/3509 3887/3515/3510
f 3889/3516/3511 3890/3348/3343 3690/3340/3335
f 3694/3185/3180 3712/3517/3512 3888/3345/3340
f 3893/3518/3513 4179/3519/3514 3884/3512/3507
f 3894/3520/3515 3895/3521/3516 3896/3522/3517
f 3897/3523/3518 3895/3521/3516 3894/3520/3515
f 3898/3524/3519 3899/3525/3520 3900/3526/3521
f 3895/3521/3516 3897/3523/3518 3697/3350/3345
f 3898/3524/3519 3901/3527/3522 3899/3525/3520
f 3895/3521/3516 3699/3352/3347 3904/3528/3523
f 3699/3352/3347 3895/3521/3516 3696/3349/3344
f 3703/3357/3352 3905/3529/3524 3710/3364/3359
f 3695/3346/3341 3906/3530/3525 3713/3367/3362
f 3907/3531/3526 3908/3532/3527 3906/3530/3525
f 3905/3529/3524 3718/3368/3363 3710/3364/3359
f 3909/3533/3528 3910/3534/3529 3911/3535/3530
f 3729/3378/3373 3912/3536/3531 3714/3354/3349
f 3914/3537/3532 3720/3538/3533 3727/3539/3534
f 3908/3532/3527 3555/3374/3369 3721/3376/3371
f 3915/3540/3535 3916/3541/3536 3555/3374/3369
f 3917/3542/3537 3909/3533/3528 3911/3535/3530
f 3729/3378/3373 3932/3543/3538 3912/3536/3531
f 3726/3544/3539 3918/3545/3540 3369/3546/3541
f 3918/3545/3540 3919/3547/3542 3734/3383/3378
f 3916/3541/3536 3921/3548/3543 3737/3549/3544
f 3927/3550/3545 3926/3551/3546 3925/3552/3547
f 3930/3553/3548 3931/3554/3549 3928/3555/3550
f 4210/3556/3551 3735/3384/3379 3734/3383/3378
f 3920/3557/3552 3736/3558/3553 3933/3559/3554
f 3737/3549/3544 3934/3560/3555 3739/3561/3556
f 3935/3562/3557 3923/3563/3558 3936/3564/3559
f 3938/3565/3560 3939/3566/3561 3937/3567/3562
f 3925/3552/3547 3941/3568/3563 3940/3569/3564
f 3932/3543/3538 3943/3570/3565 3942/3571/3566
f 3731/3381/3376 3944/3572/3567 3932/3543/3538
f 4210/3556/3551 3945/3573/3568 3735/3384/3379
f 3736/3558/3553 3565/3574/3569 3946/3575/3570
f 3736/3558/3553 3946/3575/3570 3933/3559/3554
f 3947/3576/3571 3740/3385/3380 3739/3561/3556
f 3948/3577/3572 3949/3578/3573 3950/3579/3574
f 3951/3580/3575 3937/3567/3562 3948/3577/3572
f 3937/3567/3562 3939/3566/3561 3949/3578/3573
f 3940/3569/3564 3952/3581/3576 3953/3582/3577
f 3952/3581/3576 3940/3569/3564 3941/3568/3563
f 3954/3583/3578 3943/3570/3565 3944/3572/3567
f 3955/3584/3579 3944/3572/3567 3743/3388/3383
f 3955/3584/3579 3956/3585/3580 3954/3583/3578
f 3957/3586/3581 3748/3587/3582 3958/3588/3583
f 3760/3395/3390 3959/3589/3584 3749/3393/3388
f 3960/3590/3585 3961/3591/3586 3949/3578/3573
f 3939/3566/3561 3960/3590/3585 3949/3578/3573
f 3943/3570/3565 3954/3583/3578 3962/3592/3587
f 3752/3593/3588 3954/3583/3578 3956/3585/3580
f 3963/3594/3589 3964/3595/3590 3965/3596/3591
f 3966/3597/3592 3961/3591/3586 3960/3590/3585
f 3970/3598/3593 3971/3599/3594 3757/3400/3395
f 3972/3600/3595 3973/3601/3596 3974/3602/3597
f 3975/3603/3598 3976/3604/3599 3763/3416/3411
f 3760/3395/3390 3764/3411/3406 3977/3605/3600
f 3978/3606/3601 3979/3607/3602 3980/3608/3603
f 3966/3597/3592 3967/3609/3604 3981/3610/3605
f 3970/3598/3593 3985/3611/3606 3971/3599/3594
f 3970/3598/3593 3986/3612/3607 3985/3611/3606
f 3987/3613/3608 3973/3601/3596 3972/3600/3595
f 3988/3614/3609 3989/3615/3610 3764/3411/3406
f 3980/3608/3603 3979/3607/3602 3990/3616/3611
f 3991/3617/3612 3992/3618/3613 3967/3609/3604
f 3993/3619/3614 3994/3620/3615 3995/3621/3616
f 3967/3609/3604 3993/3619/3614 3991/3617/3612
f 3986/3612/3607 3997/3622/3617 3985/3611/3606
f 3998/3623/3618 3987/3613/3608 3972/3600/3595
f 3775/3624/3619 4000/3625/3620 3988/3614/3609
f 4001/3626/3621 3996/3627/3622 3984/3628/3623
f 4004/3629/3624 4005/3630/3625 4006/3631/3626
f 4000/3625/3620 3775/3624/3619 4009/3632/3627
f 4001/3626/3621 4002/3633/3628 4010/3634/3629
f 4012/3635/3630 4013/3636/3631 4014/3637/3632
f 4015/3638/3633 4008/3639/3634 4016/3640/3635
f 4012/3635/3630 4017/3641/3636 4018/3642/3637
f 4012/3635/3630 4014/3637/3632 4017/3641/3636
f 3776/3420/3415 4023/3643/3638 4022/3644/3639
f 4022/3644/3639 4026/3645/3640 4021/3646/3641
f 4026/3645/3640 4022/3644/3639 4023/3643/3638
f 3785/3647/3642 4027/3648/3643 3788/3649/3644
f 4028/3650/3645 4029/3651/3646 4018/3642/3637
f 3790/3431/3426 3787/3430/3425 4030/3652/3647
f 4026/3645/3640 4032/3653/3648 4031/3654/3649
f 3789/3655/3650 3604/3253/3248 4033/3656/3651
f 4034/3657/3652 3789/3655/3650 4033/3656/3651
f 4035/3658/3653 4036/3659/3654 4037/3660/3655
f 4038/3661/3656 4039/3662/3657 4040/3663/3658
f 4040/3663/3658 4039/3662/3657 4041/3664/3659
f 4039/3662/3657 4042/3665/3660 4043/3666/3661
f 4041/3664/3659 4039/3662/3657 4044/3667/3662
f 4045/3668/3663 4046/3669/3664 4047/3670/3665
f 4044/3667/3662 4043/3666/3661 4048/3671/3666
f 4046/3669/3664 4049/3672/3667 4047/3670/3665
f 3788/3649/3644 4050/3673/3668 3795/3674/3669
f 4052/3675/3670 4051/3676/3671 4053/3677/3672
f 4054/3678/3673 4055/3679/3674 4056/3680/3675
f 4057/3681/3676 4040/3663/3658 4058/3682/3677
f 4041/3664/3659 4059/3683/3678 4040/3663/3658
f 4060/3684/3679 4061/3685/3680 3794/3686/3681
f 4062/3687/3682 4045/3668/3663 3794/3686/3681
f 4051/3676/3671 3796/3434/3429 4063/3688/3683
f 4064/3689/3684 4065/3690/3685 4066/3691/3686
f 4067/3692/3687 4037/3660/3655 4066/3691/3686
f 4069/3693/3688 4070/3694/3689 4071/3695/3690
f 4072/3696/3691 3806/3697/3692 4071/3695/3690
f 4073/3698/3693 3808/3443/3438 4074/3699/3694
f 4060/3684/3679 3800/3432/3427 4075/3700/3695
f 3616/3263/3258 3800/3432/3427 4060/3684/3679
f 4060/3684/3679 3794/3686/3681 3616/3263/3258
f 3814/3447/3442 4065/3690/3685 4064/3689/3684
f 4076/3701/3696 4077/3702/3697 3814/3447/3442
f 4078/3703/3698 4077/3702/3697 4079/3704/3699
f 4080/3705/3700 4081/3706/3701 3821/3707/3702
f 3821/3707/3702 4081/3706/3701 3803/3438/3433
f 4069/3693/3688 3804/3439/3434 3803/3438/3433
f 4071/3695/3690 3804/3439/3434 4069/3693/3688
f 3822/3708/3703 4083/3709/3704 3821/3707/3702
f 3816/3450/3445 3820/3710/3705 3821/3707/3702
f 4084/3711/3706 3823/3455/3450 3826/3457/3452
f 3830/3712/3707 4085/3713/3708 3831/3460/3455
f 3836/3472/3467 3832/3463/3458 4086/3714/3709
f 4089/3715/3710 4087/3716/3711 3637/3461/3456
f 4088/3717/3712 4087/3716/3711 4090/3718/3713
f 4091/3719/3714 3835/3466/3461 3834/3465/3460
f 3834/3465/3460 4092/3720/3715 4091/3719/3714
f 3645/3132/3127 3647/3291/3286 3843/3475/3470
f 4095/3721/3716 3468/3295/3290 4094/3289/3284
f 4096/3722/3717 3843/3475/3470 3647/3291/3286
f 4095/3721/3716 4098/3723/3718 3844/3293/3288
f 4096/3722/3717 3647/3291/3286 3845/3724/3719
f 4097/3725/3720 3848/3477/3472 3847/3726/3721
f 4099/3727/3722 3845/3724/3719 3846/3728/3723
f 4100/3729/3724 3850/3730/3725 4101/3731/3726
f 4103/3732/3727 4099/3727/3722 3846/3728/3723
f 4103/3732/3727 3846/3728/3723 3852/3303/3298
f 3657/3302/3297 4103/3732/3727 3852/3303/3298
f 3854/3733/3728 4108/3734/3729 4107/3735/3730
f 4110/3736/3731 4111/3489/3484 4112/3737/3732
f 4113/3738/3733 4114/3739/3734 4115/3740/3735
f 4111/3489/3484 4116/3741/3736 4112/3737/3732
f 4115/3740/3735 4117/3742/3737 4106/3743/3738
f 3480/3744/3739 4108/3734/3729 3854/3733/3728
f 4109/3485/3480 3662/3305/3300 4118/3745/3740
f 3662/3305/3300 3857/3488/3483 4118/3745/3740
f 4117/3742/3737 4114/3739/3734 4120/3746/3741
f 3305/3747/3742 4121/3748/3743 4122/3749/3744
f 3859/3750/3745 4123/3751/3746 3860/3752/3747
f 4124/3753/3748 4125/3754/3749 3667/3313/3308
f 3667/3313/3308 4125/3754/3749 3861/3491/3486
f 3864/3493/3488 4127/3755/3750 3669/3320/3315
f 4128/3756/3751 4129/3757/3752 4130/3758/3753
f 4131/3759/3754 3673/3325/3320 3867/3497/3492
f 4133/3760/3755 3869/3499/3494 3505/3160/3155
f 3681/3333/3328 4134/3761/3756 4135/3762/3757
f 4137/3763/3758 3871/3764/3759 4138/3765/3760
f 4139/3766/3761 3872/3501/3496 4140/3767/3762
f 3875/3503/3498 4141/3768/3763 4142/3769/3764
f 4141/3768/3763 3875/3503/3498 3874/3502/3497
f 4143/3770/3765 4144/3771/3766 4145/3772/3767
f 4146/3773/3768 4143/3770/3765 4147/3774/3769
f 4148/3775/3770 4149/3776/3771 4150/3777/3772
f 3686/3336/3331 4151/3778/3773 4152/3779/3774
f 4153/3780/3775 4152/3779/3774 4151/3778/3773
f 4157/3781/3776 4142/3769/3764 4158/3782/3777
f 4160/3783/3778 3517/3175/3170 3879/3509/3504
f 4158/3782/3777 4161/3784/3779 3880/3507/3502
f 4157/3781/3776 4158/3782/3777 3880/3507/3502
f 4162/3785/3780 4163/3786/3781 4164/3787/3782
f 4163/3786/3781 4165/3788/3783 4164/3787/3782
f 4164/3787/3782 4165/3788/3783 4166/3789/3784
f 4166/3789/3784 4167/3790/3785 4168/3791/3786
f 4169/3792/3787 4170/3793/3788 4171/3794/3789
f 4172/3795/3790 4169/3792/3787 4171/3794/3789
f 3882/3510/3505 4164/3787/3782 3883/3511/3506
f 4173/3796/3791 4174/3797/3792 4175/3798/3793
f 4183/3799/3794 4178/3800/3795 4179/3519/3514
f 3712/3517/3512 4181/3801/3796 4176/3802/3797
f 3889/3516/3511 4177/3803/3798 4182/3804/3799
f 4185/3805/3800 4186/3806/3801 4187/3807/3802
f 4199/3808/3803 4188/3809/3804 4189/3810/3805
f 3903/3811/3806 4179/3519/3514 3893/3518/3513
f 4184/3812/3807 4191/3813/3808 4192/3814/3809
f 4195/3815/3810 4193/3816/3811 4196/3817/3812
f 3910/3534/3529 3903/3811/3806 3893/3518/3513
f 3909/3533/3528 4190/3818/3813 3910/3534/3529
f 4190/3818/3813 3903/3811/3806 3910/3534/3529
f 4202/3819/3814 4203/3820/3815 3913/3821/3816
f 4430/3822/3817 3920/3557/3552 4204/3823/3818
f 3922/3824/3819 3923/3563/3558 4195/3815/3810
f 4195/3815/3810 4201/3825/3820 3922/3824/3819
f 4198/3826/3821 4206/3827/3822 4205/3828/3823
f 4203/3820/3815 4207/3829/3824 3918/3545/3540
f 3922/3824/3819 3938/3565/3560 3937/3567/3562
f 4208/3830/3825 4206/3827/3822 3917/3542/3537
f 4209/3831/3826 4210/3556/3551 4207/3829/3824
f 4212/3832/3827 3941/3568/3563 3926/3551/3546
f 3929/3833/3828 4212/3832/3827 3926/3551/3546
f 3933/3559/3554 3749/3393/3388 4211/3834/3829
f 3953/3582/3577 4213/3835/3830 4208/3830/3825
f 3943/3570/3565 4215/3836/3831 3942/3571/3566
f 4216/3837/3832 4217/3838/3833 4213/3835/3830
f 4220/3839/3834 4221/3840/3835 4222/3841/3836
f 4229/3842/3837 4230/3843/3838 4215/3836/3831
f 3962/3592/3587 3969/3844/3839 4237/3845/3840
f 4218/3846/3841 4231/3847/3842 4221/3840/3835
f 4231/3847/3842 3972/3600/3595 4221/3840/3835
f 4232/3848/3843 3959/3589/3584 3977/3605/3600
f 4225/3849/3844 3978/3606/3601 4224/3850/3845
f 4233/3851/3846 3980/3608/3603 4234/3852/3847
f 4226/3853/3848 4236/3854/3849 4227/3855/3850
f 4237/3845/3840 4238/3856/3851 4229/3842/3837
f 3990/3616/3611 4239/3857/3852 3980/3608/3603
f 3993/3619/3614 4235/3858/3853 3994/3620/3615
f 4241/3859/3854 3972/3600/3595 4231/3847/3842
f 4243/3860/3855 4239/3857/3852 3990/3616/3611
f 3982/3861/3856 4246/3862/3857 4245/3863/3858
f 4006/3631/3626 4242/3864/3859 4004/3629/3624
f 4010/3634/3629 3996/3627/3622 4001/3626/3621
f 4004/3629/3624 4242/3864/3859 4250/3865/3860
f 4251/3866/3861 4012/3635/3630 4252/3867/3862
f 4019/3868/3863 3995/3621/3616 4253/3869/3864
f 4240/3870/3865 4255/3871/3866 4249/3872/3867
f 4011/3873/3868 4256/3874/3869 4003/3875/3870
f 4257/3876/3871 4242/3864/3859 4241/3859/3854
f 4252/3867/3862 4018/3642/3637 4260/3877/3872
f 4248/3878/3873 4258/3879/3874 4254/3880/3875
f 4261/3881/3876 4262/3882/3877 5940/3883/3878
f 4024/3884/3879 4257/3876/3871 4263/3885/3880
f 4029/3651/3646 4264/3886/3881 4265/3887/3882
f 4260/3877/3872 4018/3642/3637 4265/3887/3882
f 4271/3888/3883 4270/3889/3884 4269/3890/3885
f 4272/3891/3886 4036/3659/3654 4273/3892/3887
f 4275/3893/3888 4276/3894/3889 4274/3895/3890
f 4277/3896/3891 4278/3897/3892 4275/3893/3888
f 4038/3661/3656 4270/3889/3884 4039/3662/3657
f 4263/3885/3880 4280/3898/3893 4281/3899/3894
f 4055/3679/3674 4282/3900/3895 4283/3901/3896
f 4284/3902/3897 4056/3680/3675 4283/3901/3896
f 4064/3689/3684 4272/3891/3886 4273/3892/3887
f 4274/3895/3890 4285/3903/3898 4267/3904/3899
f 4287/3905/3900 4288/3906/3901 4276/3894/3889
f 4278/3897/3892 4289/3907/3902 4276/3894/3889
f 4290/3908/3903 4289/3907/3902 4278/3897/3892
f 4291/3909/3904 4292/3910/3905 4278/3897/3892
f 4279/3911/3906 4291/3909/3904 4278/3897/3892
f 4293/3912/3907 4291/3909/3904 4279/3911/3906
f 4294/3913/3908 4293/3912/3907 4279/3911/3906
f 4040/3663/3658 4294/3913/3908 4038/3661/3656
f 4296/3914/3909 4281/3899/3894 4295/3915/3910
f 4297/3916/3911 4298/3917/3912 4299/3918/3913
f 4300/3919/3914 4283/3901/3896 4301/3920/3915
f 4306/3921/3916 4305/3922/3917 4307/3923/3918
f 4286/3924/3919 4309/3925/3920 4285/3903/3898
f 4310/3926/3921 4309/3925/3920 4286/3924/3919
f 4280/3898/3893 4311/3927/3922 4295/3915/3910
f 4313/3928/3923 4079/3704/3699 4304/3929/3924
f 4314/3930/3925 4313/3928/3923 4304/3929/3924
f 4306/3921/3916 4314/3930/3925 4304/3929/3924
f 4299/3918/3913 4316/3931/3926 4317/3932/3927
f 4317/3932/3927 4318/3933/3928 4319/3934/3929
f 4327/3935/3930 4324/3936/3931 4326/3937/3932
f 4088/3717/3712 3830/3712/3707 3637/3461/3456
f 4090/3718/3713 4329/3938/3933 4088/3717/3712
f 3834/3465/3460 4330/3939/3934 4092/3720/3715
f 4093/3940/3935 3836/3472/3467 4086/3714/3709
f 3837/3468/3463 4332/3941/3936 3834/3465/3460
f 4333/3942/3937 4332/3941/3936 3837/3468/3463
f 4333/3942/3937 4334/3943/3938 4332/3941/3936
f 4335/3944/3939 3840/3945/3940 3839/3473/3468
f 4334/3943/3938 4333/3942/3937 3842/3476/3471
f 4094/3289/3284 3840/3945/3940 4336/3946/3941
f 4097/3725/3720 3847/3726/3721 4098/3723/3718
f 4339/3947/3942 4505/3948/3943 3657/3302/3297
f 4341/3949/3944 4339/3947/3942 4105/3950/3945
f 4340/3951/3946 3856/3952/3947 3855/3953/3948
f 3863/3492/3487 4126/3954/3949 4345/3955/3950
f 3863/3492/3487 4345/3955/3950 4347/3956/3951
f 4347/3956/3951 4345/3955/3950 4736/3957/3952
f 4125/3754/3749 4348/3958/3953 4349/3959/3954
f 4126/3954/3949 4346/3960/3955 4345/3955/3950
f 4131/3759/3754 4350/3961/3956 4351/3962/3957
f 4131/3759/3754 4352/3963/3958 4350/3961/3956
f 4351/3962/3957 4353/3964/3959 4131/3759/3754
f 4132/3965/3960 4354/3966/3961 4355/3967/3962
f 3864/3493/3488 4356/3968/3963 4357/3969/3964
f 4127/3755/3750 3864/3493/3488 4357/3969/3964
f 4359/3970/3965 4354/3966/3961 3869/3499/3494
f 4360/3971/3966 3869/3499/3494 4133/3760/3755
f 4134/3761/3756 4361/3972/3967 4135/3762/3757
f 4362/3973/3968 4363/3974/3969 4364/3975/3970
f 4134/3761/3756 4365/3976/3971 4361/3972/3967
f 4365/3976/3971 4366/3977/3972 4136/3978/3973
f 4367/3979/3974 4136/3978/3973 4368/3980/3975
f 4368/3980/3975 4137/3763/3758 4369/3981/3976
f 4370/3982/3977 4139/3766/3761 4371/3983/3978
f 4362/3973/3968 4364/3975/3970 4373/3984/3979
f 4375/3985/3980 4154/3986/3981 4376/3987/3982
f 4149/3776/3771 4377/3988/3983 4150/3777/3772
f 4149/3776/3771 4152/3779/3774 4377/3988/3983
f 4372/3989/3984 4378/3990/3985 4379/3991/3986
f 4380/3992/3987 4375/3985/3980 4381/3993/3988
f 4381/3993/3988 4375/3985/3980 4376/3987/3982
f 4382/3994/3989 4383/3995/3990 4384/3996/3991
f 4385/3997/3992 4386/3998/3993 4156/3999/3994
f 4385/3997/3992 4156/3999/3994 4387/4000/3995
f 4148/3775/3770 4150/3777/3772 4388/4001/3996
f 4389/4002/3997 4390/4003/3998 4391/4004/3999
f 4393/4005/4000 4394/4006/4001 4395/4007/4002
f 4396/4008/4003 4393/4005/4000 4395/4007/4002
f 4394/4006/4001 4397/4009/4004 4395/4007/4002
f 3879/3509/3504 4398/4010/4005 4160/3783/3778
f 4400/4011/4006 4401/4012/4007 4402/4013/4008
f 4404/4014/4009 4406/4015/4010 4403/4016/4011
f 4408/4017/4012 4399/4018/4013 4400/4011/4006
f 4162/3785/3780 4402/4013/4008 4163/3786/3781
f 4169/3792/3787 4405/4019/4014 4403/4016/4011
f 4406/4015/4010 4169/3792/3787 4403/4016/4011
f 4409/4020/4015 4170/3793/3788 4406/4015/4010
f 4398/4010/4005 3879/3509/3504 4410/4021/4016
f 4606/4022/4017 4407/4023/4018 4413/4024/4019
f 3882/3510/3505 4178/3800/3795 4162/3785/3780
f 4180/4025/4020 4174/3797/3792 4414/4026/4021
f 3889/3516/3511 4415/4027/4022 4177/3803/3798
f 4411/4028/4023 4412/4029/4024 4415/4027/4022
f 4416/4030/4025 4606/4022/4017 4413/4024/4019
f 4176/3802/3797 4181/3801/3796 4777/4031/4026
f 4418/4032/4027 4419/4033/4028 4420/4034/4029
f 4421/4035/4030 4418/4032/4027 4420/4034/4029
f 4413/4024/4019 4189/3810/3805 4416/4030/4025
f 4189/3810/3805 4413/4024/4019 4183/3799/3794
f 4427/4036/4031 4428/4037/4032 4177/3803/3798
f 4185/3805/3800 4421/4035/4030 4186/3806/3801
f 4416/4030/4025 4188/3809/3804 4429/4038/4033
f 4199/3808/3803 4200/4039/4034 4429/4038/4033
f 4434/4040/4035 4433/4041/4036 4435/4042/4037
f 4436/4043/4038 4437/4044/4039 4433/4041/4036
f 4438/4045/4040 4439/4046/4041 4433/4041/4036
f 4440/4047/4042 4204/3823/3818 4211/3834/3829
f 4633/4048/4043 4442/4049/4044 4443/4050/4045
f 4444/4051/4046 4644/4052/4047 4445/4053/4048
f 4446/4054/4049 4445/4053/4048 4644/4052/4047
f 4447/4055/4050 4448/4056/4051 4446/4054/4049
f 4450/4057/4052 4218/3846/3841 4446/4054/4049
f 4451/4058/4053 4218/3846/3841 4452/4059/4054
f 4453/4060/4055 4224/3850/3845 4449/4061/4056
f 4454/4062/4057 4449/4061/4056 4455/4063/4058
f 4224/3850/3845 4233/3851/3846 4455/4063/4058
f 4236/3854/3849 4457/4064/4059 4240/3870/3865
f 4231/3847/3842 4456/4065/4060 4459/4066/4061
f 4234/3852/3847 4460/4067/4062 4461/4068/4063
f 4462/4069/4064 4245/3863/3858 4465/4070/4065
f 4461/4068/4063 4463/4071/4066 4464/4072/4067
f 4457/4064/4059 4255/3871/3866 4240/3870/3865
f 4465/4070/4065 4467/4073/4068 4466/4074/4069
f 4241/3859/3854 4468/4075/4070 4257/3876/3871
f 4259/4076/4071 4471/4077/4072 4255/3871/3866
f 4466/4074/4069 4262/3882/3877 4259/4076/4071
f 4249/3872/3867 4470/4078/4073 4258/3879/3874
f 4473/4079/4074 4260/3877/3872 4472/4080/4075
f 4258/3879/3874 4470/4078/4073 4266/4081/4076
f 4261/3881/3876 4474/4082/4077 4471/4077/4072
f 4262/3882/3877 4261/3881/3876 4471/4077/4072
f 4472/4080/4075 4265/3887/3882 4475/4083/4078
f 4475/4083/4078 4284/3902/3897 4300/3919/3914
f 4482/4084/4079 4480/4085/4080 4483/4086/4081
f 4323/4087/4082 4484/4088/4083 4321/4089/4084
f 4322/4090/4085 4487/4091/4086 4325/4092/4087
f 4488/4093/4088 4478/4094/4089 4486/4095/4090
f 4490/4096/4091 4486/4095/4090 4491/4097/4092
f 4489/4098/4093 4492/4099/4094 4493/4100/4095
f 4494/4101/4096 4495/4102/4097 4326/3937/3932
f 4335/3944/3939 4093/3940/3935 4700/4103/4098
f 4499/4104/4099 4332/3941/3936 4334/3943/3938
f 4500/4105/4100 4336/3946/3941 3840/3945/3940
f 4707/4106/4101 4337/4107/4102 4501/4108/4103
f 4712/4109/4104 4098/3723/3718 4095/3721/3716
f 4502/4110/4105 4338/4111/4106 4505/3948/3943
f 4502/4110/4105 4505/3948/3943 4506/4112/4107
f 4507/4113/4108 4508/4114/4109 4100/3729/3724
f 4509/4115/4110 4506/4112/4107 4341/3949/3944
f 4344/4116/4111 4119/3487/3482 4511/4117/4112
f 4730/4118/4113 4110/3736/3731 4512/4119/4114
f 4106/3743/3738 4726/4120/4115 4115/3740/3735
f 4343/4121/4116 4118/3745/3740 4728/4122/4117
f 4513/4123/4118 4115/3740/3735 4342/4124/4119
f 4515/4125/4120 4518/4126/4121 4514/4127/4122
f 4734/4128/4123 4123/3751/3746 4515/4125/4120
f 4123/3751/3746 4734/4128/4123 4519/4129/4124
f 4521/4130/4125 4736/3957/3952 4345/3955/3950
f 4738/4131/4126 4523/4132/4127 4349/3959/3954
f 4525/4133/4128 4353/3964/3959 4351/3962/3957
f 4355/3967/3962 4354/3966/3961 4526/4134/4129
f 4357/3969/3964 4527/4135/4130 4127/3755/3750
f 4526/4134/4129 4354/3966/3961 4529/4136/4131
f 4530/4137/4132 4359/3970/3965 4360/3971/3966
f 4363/3974/3969 4531/4138/4133 4364/3975/3970
f 4532/4139/4134 4531/4138/4133 4363/3974/3969
f 4533/4140/4135 4531/4138/4133 4532/4139/4134
f 4534/4141/4136 4533/4140/4135 4532/4139/4134
f 4535/4142/4137 4533/4140/4135 4534/4141/4136
f 4368/3980/3975 4369/3981/3976 4536/4143/4138
f 4370/3982/3977 4371/3983/3978 4537/4144/4139
f 4538/4145/4140 4539/4146/4141 4537/4144/4139
f 4374/4147/4142 4536/4143/4138 4369/3981/3976
f 4535/4142/4137 4540/4148/4143 4541/4149/4144
f 4542/4150/4145 4543/4151/4146 4544/4152/4147
f 4370/3982/3977 4545/4153/4148 4546/4154/4149
f 4370/3982/3977 4537/4144/4139 4547/4155/4150
f 4537/4144/4139 4539/4146/4141 4547/4155/4150
f 4548/4156/4151 4372/3989/3984 4379/3991/3986
f 4549/4157/4152 4550/4158/4153 4551/4159/4154
f 4364/3975/3970 4552/4160/4155 4551/4159/4154
f 4552/4160/4155 4553/4161/4156 4554/4162/4157
f 4555/4163/4158 4556/4164/4159 4543/4151/4146
f 4383/3995/3990 4555/4163/4158 4557/4165/4160
f 4558/4166/4161 4559/4167/4162 4560/4168/4163
f 4390/4003/3998 4561/4169/4164 4562/4170/4165
f 4561/4169/4164 4563/4171/4166 4562/4170/4165
f 4564/4172/4167 4548/4156/4151 4160/3783/3778
f 4565/4173/4168 4554/4162/4157 4566/4174/4169
f 4396/4008/4003 4567/4175/4170 4555/4163/4158
f 4569/4176/4171 4568/4177/4172 4395/4007/4002
f 4563/4171/4166 4570/4178/4173 4571/4179/4174
f 4571/4179/4174 4570/4178/4173 4572/4180/4175
f 4573/4181/4176 4574/4182/4177 4575/4183/4178
f 4576/4184/4179 4392/4185/4180 4577/4186/4181
f 4579/4187/4182 4578/4188/4183 4567/4175/4170
f 4568/4177/4172 4579/4187/4182 4567/4175/4170
f 4582/4189/4184 4399/4018/4013 4580/4190/4185
f 4399/4018/4013 4571/4179/4174 4400/4011/4006
f 4401/4012/4007 4400/4011/4006 4583/4191/4186
f 4585/4192/4187 4586/4193/4188 4584/4194/4189
f 4586/4193/4188 4587/4195/4190 4403/4016/4011
f 4588/4196/4191 4404/4014/4009 4403/4016/4011
f 4589/4197/4192 4590/4198/4193 4576/4184/4179
f 4566/4174/4169 4591/4199/4194 4592/4200/4195
f 4566/4174/4169 4593/4201/4196 4591/4199/4194
f 4580/4190/4185 4407/4023/4018 4594/4202/4197
f 4597/4203/4198 4591/4199/4194 4598/4204/4199
f 4591/4199/4194 4599/4205/4200 4419/4033/4028
f 4603/4206/4201 4605/4207/4202 4604/4208/4203
f 4594/4202/4197 4606/4022/4017 4603/4206/4201
f 4606/4022/4017 4594/4202/4197 4407/4023/4018
f 4596/4209/4204 4607/4210/4205 4409/4020/4015
f 4416/4030/4025 4429/4038/4033 4606/4022/4017
f 4607/4210/4205 4610/4211/4206 4609/4212/4207
f 4422/4213/4208 4420/4034/4029 4419/4033/4028
f 4613/4214/4209 4614/4215/4210 4610/4211/4206
f 4614/4215/4210 4615/4216/4211 4610/4211/4206
f 4612/4217/4212 4426/4218/4213 4616/4219/4214
f 4618/4220/4215 4615/4216/4211 4619/4221/4216
f 4432/4222/4217 4616/4219/4214 4426/4218/4213
f 4620/4223/4218 4621/4224/4219 4622/4225/4220
f 4626/4226/4221 4627/4227/4222 4432/4222/4217
f 4622/4225/4220 4628/4228/4223 4629/4229/4224
f 4630/4230/4225 4631/4231/4226 4632/4232/4227
f 4626/4226/4221 4432/4222/4217 4204/3823/3818
f 4629/4229/4224 4633/4048/4043 4634/4233/4228
f 4635/4234/4229 4636/4235/4230 4632/4232/4227
f 4637/4236/4231 4636/4235/4230 4638/4237/4232
f 4641/4238/4233 4636/4235/4230 4640/4239/4234
f 4642/4240/4235 4636/4235/4230 4641/4238/4233
f 4643/4241/4236 4638/4237/4232 4636/4235/4230
f 4644/4052/4047 4643/4241/4236 4642/4240/4235
f 4643/4241/4236 4644/4052/4047 4444/4051/4046
f 4634/4233/4228 4443/4050/4045 4449/4061/4056
f 4650/4242/4237 4644/4052/4047 4642/4240/4235
f 4805/4243/4238 4646/4244/4239 4647/4245/4240
f 4648/4246/4241 4650/4242/4237 4642/4240/4235
f 4646/4244/4239 4449/4061/4056 4454/4062/4057
f 4649/4247/4242 4450/4057/4052 4650/4242/4237
f 4653/4248/4243 4649/4247/4242 4650/4242/4237
f 4649/4247/4242 4656/4249/4244 4458/4250/4245
f 4456/4065/4060 4649/4247/4242 4458/4250/4245
f 4461/4068/4063 4652/4251/4246 4657/4252/4247
f 4654/4253/4248 4658/4254/4249 4655/4255/4250
f 4658/4254/4249 4461/4068/4063 4659/4256/4251
f 4461/4068/4063 4464/4072/4067 4659/4256/4251
f 4458/4250/4245 4661/4257/4252 4469/4258/4253
f 4660/4259/4254 4464/4072/4067 4663/4260/4255
f 4468/4075/4070 4664/4261/4256 4476/4262/4257
f 4666/4263/4258 4665/4264/4259 4667/4265/4260
f 4664/4261/4256 4661/4257/4252 4668/4266/4261
f 4665/4264/4259 4472/4080/4075 4669/4267/4262
f 4472/4080/4075 4475/4083/4078 4670/4268/4263
f 4472/4080/4075 4670/4268/4263 4669/4267/4262
f 4671/4269/4264 4664/4261/4256 4668/4266/4261
f 4475/4083/4078 4300/3919/3914 4674/4270/4265
f 4476/4262/4257 4664/4261/4256 4673/4271/4266
f 4483/4086/4081 4674/4270/4265 4300/3919/3914
f 4483/4086/4081 4480/4085/4080 4676/4272/4267
f 4478/4094/4089 4678/4273/4268 4491/4097/4092
f 4679/4274/4269 4676/4272/4267 4485/4275/4270
f 4680/4276/4271 4679/4274/4269 4493/4100/4095
f 4680/4276/4271 4685/4277/4272 4686/4278/4273
f 4687/4279/4274 4688/4280/4275 4689/4281/4276
f 4687/4279/4274 4691/4282/4277 4688/4280/4275
f 4688/4280/4275 4692/4283/4278 4494/4101/4096
f 4495/4102/4097 4494/4101/4096 4692/4283/4278
f 4496/4284/4279 4693/4285/4280 4694/4286/4281
f 4328/4287/4282 4497/4288/4283 4693/4285/4280
f 4693/4285/4280 4497/4288/4283 4695/4289/4284
f 4696/4290/4285 4697/4291/4286 4497/4288/4283
f 4696/4290/4285 4699/4292/4287 4697/4291/4286
f 4701/4293/4288 4498/4294/4289 4499/4104/4099
f 4702/4295/4290 4703/4296/4291 4704/4297/4292
f 4705/4298/4293 4499/4104/4099 4706/4299/4294
f 4499/4104/4099 4707/4106/4101 4706/4299/4294
f 4707/4106/4101 4708/4300/4295 4709/4301/4296
f 4710/4302/4297 4711/4303/4298 4500/4105/4100
f 4710/4302/4297 4712/4109/4104 4711/4303/4298
f 4714/4304/4299 4501/4108/4103 4715/4305/4300
f 4717/4306/4301 4508/4114/4109 4718/4307/4302
f 4720/4308/4303 4506/4112/4107 4721/4309/4304
f 4509/4115/4110 4721/4309/4304 4506/4112/4107
f 4509/4115/4110 4723/4310/4305 4721/4309/4304
f 4724/4311/4306 4725/4312/4307 4726/4120/4115
f 4728/4122/4117 4344/4116/4111 4729/4313/4308
f 4730/4118/4113 4731/4314/4309 4511/4117/4112
f 4726/4120/4115 4725/4312/4307 4342/4124/4119
f 4732/4315/4310 4515/4125/4120 4733/4316/4311
f 4515/4125/4120 4732/4315/4310 4734/4128/4123
f 4735/4317/4312 4519/4129/4124 4734/4128/4123
f 4346/3960/3955 4522/4318/4313 4521/4130/4125
f 4522/4318/4313 4740/4319/4314 4741/4320/4315
f 4740/4319/4314 4524/4321/4316 4743/4322/4317
f 4743/4322/4317 4744/4323/4318 4745/4324/4319
f 4746/4325/4320 4739/4326/4321 4742/4327/4322
f 4527/4135/4130 4747/4328/4323 4748/4329/4324
f 4524/4321/4316 4527/4135/4130 4743/4322/4317
f 4749/4330/4325 4750/4331/4326 4525/4133/4128
f 4354/3966/3961 4359/3970/3965 4751/4332/4327
f 4751/4332/4327 4529/4136/4131 4354/3966/3961
f 4751/4332/4327 4752/4333/4328 4529/4136/4131
f 4752/4333/4328 4753/4334/4329 4529/4136/4131
f 4525/4133/4128 4750/4331/4326 4538/4145/4140
f 4754/4335/4330 4755/4336/4331 4756/4337/4332
f 4757/4338/4333 4755/4336/4331 4754/4335/4330
f 4755/4336/4331 4758/4339/4334 4756/4337/4332
f 4759/4340/4335 4763/4341/4336 4764/4342/4337
f 4765/4343/4338 4564/4172/4167 4766/4344/4339
f 4767/4345/4340 4554/4162/4157 4761/4346/4341
f 4556/4164/4159 4578/4188/4183 4761/4346/4341
f 4556/4164/4159 4567/4175/4170 4578/4188/4183
f 4573/4181/4176 4768/4347/4342 4769/4348/4343
f 4593/4201/4196 4566/4174/4169 4767/4345/4340
f 4587/4195/4190 4772/4349/4344 4588/4196/4191
f 4404/4014/4009 4588/4196/4191 4773/4350/4345
f 4771/4351/4346 4604/4208/4203 4774/4352/4347
f 4773/4350/4345 4775/4353/4348 4776/4354/4349
f 4404/4014/4009 4776/4354/4349 4596/4209/4204
f 4770/4355/4350 4410/4021/4016 4777/4031/4026
f 4775/4353/4348 4779/4356/4351 4776/4354/4349
f 4780/4357/4352 4781/4358/4353 4782/4359/4354
f 4779/4356/4351 4783/4360/4355 4776/4354/4349
f 4596/4209/4204 4784/4361/4356 4607/4210/4205
f 4778/4362/4357 4611/4363/4358 4785/4364/4359
f 4787/4365/4360 4788/4366/4361 4789/4367/4362
f 4611/4363/4358 4612/4217/4212 4785/4364/4359
f 4793/4368/4363 4788/4366/4361 4794/4369/4364
f 4795/4370/4365 4789/4367/4362 4793/4368/4363
f 4797/4371/4366 4795/4370/4365 4798/4372/4367
f 4792/4373/4368 4622/4225/4220 4799/4374/4369
f 4800/4375/4370 4799/4374/4369 4801/4376/4371
f 4804/4377/4372 4798/4372/4367 4803/4378/4373
f 4623/4379/4374 4798/4372/4367 4635/4234/4229
f 4623/4379/4374 4635/4234/4229 4632/4232/4227
f 4635/4234/4229 4640/4239/4234 4636/4235/4230
f 4803/4378/4373 4810/4380/4375 4804/4377/4372
f 4810/4380/4375 4814/4381/4376 4811/4382/4377
f 4641/4238/4233 4648/4246/4241 4642/4240/4235
f 4815/4383/4378 4819/4384/4379 4814/4381/4376
f 4816/4385/4380 4811/4382/4377 4819/4384/4379
f 4993/4386/4381 4812/4387/4382 4818/4388/4383
f 4822/4389/4384 4819/4384/4379 4815/4383/4378
f 4823/4390/4385 4819/4384/4379 4822/4389/4384
f 4821/4391/4386 4824/4392/4387 4820/4393/4388
f 4660/4259/4254 4826/4394/4389 4658/4254/4249
f 4832/4395/4390 4823/4390/4385 4829/4396/4391
f 4663/4260/4255 4830/4397/4392 6021/4398/4393
f 4830/4397/4392 4663/4260/4255 4833/4399/4394
f 4827/4400/4395 4834/4401/4396 4661/4257/4252
f 4665/4264/4259 4669/4267/4262 4667/4265/4260
f 4837/4402/4397 4834/4401/4396 4832/4395/4390
f 4836/4403/4398 4667/4265/4260 4838/4404/4399
f 4836/4403/4398 4838/4404/4399 4839/4405/4400
f 4668/4266/4261 4837/4402/4397 4671/4269/4264
f 4832/4395/4390 4843/4406/4401 4837/4402/4397
f 4840/4407/4402 4837/4402/4397 4843/4406/4401
f 4669/4267/4262 4670/4268/4263 4844/4408/4403
f 4670/4268/4263 4841/4409/4404 4844/4408/4403
f 4845/4410/4405 4676/4272/4267 4847/4411/4406
f 4679/4274/4269 4847/4411/4406 4676/4272/4267
f 5024/4412/4407 4675/4413/4408 4846/4414/4409
f 4851/4415/4410 4675/4413/4408 5024/4412/4407
f 4677/4416/4411 4675/4413/4408 4852/4417/4412
f 4853/4418/4413 4852/4417/4412 4851/4415/4410
f 4686/4278/4273 4854/4419/4414 4680/4276/4271
f 4849/4420/4415 4680/4276/4271 4854/4419/4414
f 4858/4421/4416 4686/4278/4273 4859/4422/4417
f 4862/4423/4418 4863/4424/4419 4860/4425/4420
f 4864/4426/4421 4866/4427/4422 4869/4428/4423
f 4864/4426/4421 4870/4429/4424 4871/4430/4425
f 4872/4431/4426 4873/4432/4427 4704/4297/4292
f 4872/4431/4426 4875/4433/4428 4876/4434/4429
f 4871/4430/4425 4877/4435/4430 4878/4436/4431
f 4879/4437/4432 4706/4299/4294 4707/4106/4101
f 4879/4437/4432 4709/4301/4296 4880/4438/4433
f 4710/4302/4297 4883/4439/4434 4884/4440/4435
f 4886/4441/4436 4709/4301/4296 4887/4442/4437
f 4708/4300/4295 4714/4304/4299 4709/4301/4296
f 4888/4443/4438 4713/4444/4439 4712/4109/4104
f 4714/4304/4299 4893/4445/4440 4894/4446/4441
f 4893/4445/4440 4895/4447/4442 4896/4448/4443
f 4897/4449/4444 4718/4307/4302 4898/4450/4445
f 4890/4451/4446 4716/4452/4447 4713/4444/4439
f 4895/4447/4442 4714/4304/4299 4900/4453/4448
f 4900/4453/4448 4901/4454/4449 4895/4447/4442
f 4904/4455/4450 4905/4456/4451 4906/4457/4452
f 4907/4458/4453 4722/4459/4454 4717/4306/4301
f 4897/4449/4444 4717/4306/4301 4718/4307/4302
f 4908/4460/4455 4721/4309/4304 4909/4461/4456
f 4912/4462/4457 4727/4463/4458 4913/4464/4459
f 4914/4465/4460 4915/4466/4461 4916/4467/4462
f 4917/4468/4463 4726/4120/4115 4722/4459/4454
f 4918/4469/4464 4919/4470/4465 4727/4463/4458
f 4511/4117/4112 4920/4471/4466 4729/4313/4308
f 4736/3957/3952 4925/4472/4467 4737/4473/4468
f 4926/4474/4469 4737/4473/4468 4925/4472/4467
f 4735/4317/4312 4927/4475/4470 4520/4476/4471
f 4929/4477/4472 4930/4478/4473 4521/4130/4125
f 4931/4479/4474 4739/4326/4321 4738/4131/4126
f 4739/4326/4321 4931/4479/4474 4932/4480/4475
f 4741/4320/4315 4933/4481/4476 4929/4477/4472
f 4741/4320/4315 4929/4477/4472 4522/4318/4313
f 4932/4480/4475 4742/4327/4322 4739/4326/4321
f 4742/4327/4322 4935/4482/4477 4936/4483/4478
f 4743/4322/4317 4745/4324/4319 4933/4481/4476
f 4743/4322/4317 4933/4481/4476 4741/4320/4315
f 4938/4484/4479 4749/4330/4325 4939/4485/4480
f 4744/4323/4318 4527/4135/4130 4940/4486/4481
f 4941/4487/4482 4942/4488/4483 4943/4489/4484
f 4749/4330/4325 4944/4490/4485 4945/4491/4486
f 4750/4331/4326 4749/4330/4325 4945/4491/4486
f 4754/4335/4330 4946/4492/4487 4947/4493/4488
f 4946/4492/4487 4756/4337/4332 4948/4494/4489
f 4949/4495/4490 4950/4496/4491 4945/4491/4486
f 4951/4497/4492 4763/4341/4336 4760/4498/4493
f 4951/4497/4492 4952/4499/4494 4763/4341/4336
f 4953/4500/4495 4952/4499/4494 4951/4497/4492
f 4955/4501/4496 4956/4502/4497 4957/4503/4498
f 4959/4504/4499 4960/4505/4500 4778/4362/4357
f 4956/4502/4497 4961/4506/4501 4957/4503/4498
f 4962/4507/4502 4963/4508/4503 4964/4509/4504
f 4966/4510/4505 4963/4508/4503 4780/4357/4352
f 4967/4511/4506 4968/4512/4507 4969/4513/4508
f 4791/4514/4509 4970/4515/4510 4971/4516/4511
f 4974/4517/4512 4975/4518/4513 4976/4519/4514
f 4794/4369/4364 4788/4366/4361 4972/4520/4515
f 4794/4369/4364 4977/4521/4516 4793/4368/4363
f 4793/4368/4363 4977/4521/4516 4796/4522/4517
f 4987/4523/4518 4980/4524/4519 4981/4525/4520
f 5124/4526/4521 4979/4527/4522 4806/4528/4523
f 4987/4523/4518 5124/4526/4521 4988/4529/4524
f 4803/4378/4373 4796/4522/4517 4977/4521/4516
f 4805/4243/4238 4806/4528/4523 4801/4376/4371
f 4803/4378/4373 4990/4530/4525 4991/4531/4526
f 4988/4529/4524 4806/4528/4523 4807/4532/4527
f 4992/4533/4528 4809/4534/4529 4813/4535/4530
f 4810/4380/4375 4803/4378/4373 4991/4531/4526
f 4813/4535/4530 4812/4387/4382 4993/4386/4381
f 4820/4393/4388 4824/4392/4387 4995/4536/4531
f 4823/4390/4385 4822/4389/4384 4997/4537/4532
f 4829/4396/4391 4823/4390/4385 4997/4537/4532
f 4829/4396/4391 4999/4538/4533 4832/4395/4390
f 4832/4395/4390 4999/4538/4533 5001/4539/4534
f 5004/4540/4535 5002/4541/4536 5003/4542/4537
f 4843/4406/4401 4832/4395/4390 5001/4539/4534
f 5003/4542/4537 5010/4543/4538 5004/4540/4535
f 5014/4544/4539 5007/4545/4540 5013/4546/4541
f 4844/4408/4403 4848/4547/4542 4842/4548/4543
f 5009/4549/4544 5015/4550/4545 5003/4542/4537
f 4840/4407/4402 4843/4406/4401 5018/4551/4546
f 4840/4407/4402 5018/4551/4546 5021/4552/4547
f 4840/4407/4402 5021/4552/4547 4846/4414/4409
f 4841/4409/4404 4850/4553/4548 4848/4547/4542
f 5017/4554/4549 5016/4555/4550 5134/4556/4551
f 4846/4414/4409 5021/4552/4547 5024/4412/4407
f 4849/4420/4415 5023/4557/4552 4850/4553/4548
f 5024/4412/4407 5021/4552/4547 5020/4558/4553
f 4850/4553/4548 5023/4557/4552 5025/4559/4554
f 4860/4425/4420 5029/4560/4555 4854/4419/4414
f 5026/4561/4556 5029/4560/4555 5027/4562/4557
f 5028/4563/4558 5030/4564/4559 4855/4565/4560
f 5034/4566/4561 5030/4564/4559 5033/4567/4562
f 4692/4283/4278 5035/4568/4563 4865/4569/4564
f 4692/4283/4278 5031/4570/4565 5035/4568/4563
f 5036/4571/4566 5034/4566/4561 5033/4567/4562
f 5038/4572/4567 5036/4571/4566 5039/4573/4568
f 5037/4574/4569 4867/4575/4570 5040/4576/4571
f 4871/4430/4425 5042/4577/4572 5040/4576/4571
f 5040/4576/4571 5042/4577/4572 5043/4578/4573
f 5044/4579/4574 5045/4580/4575 5041/4581/4576
f 4871/4430/4425 4878/4436/4431 4881/4582/4577
f 5046/4583/4578 5047/4584/4579 5041/4581/4576
f 4881/4582/4577 5048/4585/4580 5042/4577/4572
f 5051/4586/4581 4884/4440/4435 4883/4439/4434
f 5053/4587/4582 4892/4588/4583 4891/4589/4584
f 5056/4590/4585 5057/4591/4586 5058/4592/4587
f 5064/4593/4588 4897/4449/4444 5061/4594/4589
f 5061/4594/4589 4897/4449/4444 4898/4450/4445
f 5060/4595/4590 4904/4455/4450 5063/4596/4591
f 5066/4597/4592 4917/4468/4463 4907/4458/4453
f 5065/4598/4593 4907/4458/4453 4717/4306/4301
f 5067/4599/4594 4906/4457/4452 5068/4600/4595
f 5069/4601/4596 5067/4599/4594 5068/4600/4595
f 5071/4602/4597 5072/4603/4598 5070/4604/4599
f 5072/4603/4598 4916/4467/4462 5073/4605/4600
f 4732/4315/4310 5076/4606/4601 4924/4607/4602
f 5077/4608/4603 5078/4609/4604 4925/4472/4467
f 5079/4610/4605 4926/4474/4469 5080/4611/4606
f 5081/4612/4607 4928/4613/4608 4927/4475/4470
f 4931/4479/4474 5082/4614/4609 5083/4615/4610
f 4932/4480/4475 4931/4479/4474 5083/4615/4610
f 5084/4616/4611 5085/4617/4612 5086/4618/4613
f 5084/4616/4611 5086/4618/4613 5087/4619/4614
f 4932/4480/4475 5083/4615/4610 4935/4482/4477
f 5085/4617/4612 5089/4620/4615 5086/4618/4613
f 4939/4485/4480 5091/4621/4616 4938/4484/4479
f 5086/4618/4613 4942/4488/4483 5093/4622/4617
f 4938/4484/4479 5091/4621/4616 4944/4490/4485
f 4942/4488/4483 4946/4492/4487 4948/4494/4489
f 5093/4622/4617 4942/4488/4483 5096/4623/4618
f 5093/4622/4617 5096/4623/4618 5094/4624/4619
f 5098/4625/4620 4944/4490/4485 5095/4626/4621
f 5100/4627/4622 5099/4628/4623 4948/4494/4489
f 5096/4623/4618 4948/4494/4489 5099/4628/4623
f 5096/4623/4618 5099/4628/4623 5097/4629/4624
f 5098/4625/4620 5102/4630/4625 5103/4631/4626
f 5103/4631/4626 5102/4630/4625 5104/4632/4627
f 5103/4631/4626 5104/4632/4627 4949/4495/4490
f 5099/4628/4623 5105/4633/4628 5101/4634/4629
f 4949/4495/4490 5106/4635/4630 4760/4498/4493
f 5100/4627/4622 5107/4636/4631 5105/4633/4628
f 5105/4633/4628 5107/4636/4631 5101/4634/4629
f 5108/4637/4632 4953/4500/4495 5109/4638/4633
f 5110/4639/4634 5111/4640/4635 5112/4641/4636
f 5114/4642/4637 4971/4516/4511 5115/4643/4638
f 5115/4643/4638 5116/4644/4639 5117/4645/4640
f 5115/4643/4638 4970/4515/4510 4973/4646/4641
f 5116/4644/4639 4978/4647/4642 5118/4648/4643
f 5118/4648/4643 4978/4647/4642 5119/4649/4644
f 5120/4650/4645 5122/4651/4646 5121/4652/4647
f 5122/4651/4646 5123/4653/4648 5233/4654/4649
f 5124/4526/4521 5125/4655/4650 5236/4656/4651
f 4976/4519/4514 5235/4657/4652 4985/4658/4653
f 5126/4659/4654 5236/4656/4651 5125/4655/4650
f 5122/4651/4646 5120/4650/4645 4982/4660/4655
f 5123/4653/4648 5122/4651/4646 5128/4661/4656
f 4987/4523/4518 5125/4655/4650 5124/4526/4521
f 4981/4525/4520 5125/4655/4650 4987/4523/4518
f 5010/4543/4538 5003/4542/4537 5015/4550/4545
f 5129/4662/4657 5014/4544/4539 5013/4546/4541
f 5014/4544/4539 5129/4662/4657 5018/4551/4546
f 5136/4663/4658 5133/4664/4659 5130/4665/4660
f 5129/4662/4657 5131/4666/4661 5132/4667/4662
f 5141/4668/4663 5018/4551/4546 5129/4662/4657
f 5018/4551/4546 5141/4668/4663 5020/4558/4553
f 5130/4665/4660 5133/4664/4659 5135/4669/4664
f 5132/4667/4662 5139/4670/4665 5129/4662/4657
f 5025/4559/4554 5137/4671/4666 5022/4672/4667
f 5135/4669/4664 5134/4556/4551 5138/4673/4668
f 5140/4674/4669 5020/4558/4553 5141/4668/4663
f 5137/4671/4666 5027/4562/4557 5145/4675/4670
f 5137/4671/4666 5145/4675/4670 5146/4676/4671
f 5145/4675/4670 5144/4677/4672 5149/4678/4673
f 5149/4678/4673 5037/4574/4569 5151/4679/4674
f 5258/4680/4675 5152/4681/4676 5150/4682/4677
f 5153/4683/4678 5151/4679/4674 5154/4684/4679
f 5152/4681/4676 5041/4581/4576 5039/4573/4568
f 5151/4679/4674 5040/4576/4571 5154/4684/4679
f 5155/4685/4680 5152/4681/4676 5156/4686/4681
f 5043/4578/4573 5048/4585/4580 5159/4687/4682
f 5043/4578/4573 5159/4687/4682 5157/4688/4683
f 5050/4689/4684 5155/4685/4680 5158/4690/4685
f 5159/4687/4682 5048/4585/4580 5055/4691/4686
f 5159/4687/4682 5055/4691/4686 5157/4688/4683
f 5162/4692/4687 5158/4690/4685 5266/4693/4688
f 5055/4691/4686 5056/4590/4585 5060/4595/4590
f 5060/4595/4590 5163/4694/4689 5164/4695/4690
f 5164/4695/4690 5163/4694/4689 5166/4696/4691
f 5168/4697/4692 5165/4698/4693 5278/4699/4694
f 5166/4696/4691 5063/4596/4591 5067/4599/4594
f 5169/4700/4695 5066/4597/4592 5168/4697/4692
f 5065/4598/4593 5064/4593/4588 5168/4697/4692
f 5171/4701/4696 5172/4702/4697 5076/4606/4601
f 5173/4703/4698 5174/4704/4699 5175/4705/4700
f 5177/4706/4701 5178/4707/4702 5179/4708/4703
f 5182/4709/4704 5175/4705/4700 5180/4710/4705
f 5175/4705/4700 5182/4709/4704 5181/4711/4706
f 5182/4709/4704 5183/4712/4707 5181/4711/4706
f 5184/4713/4708 5185/4714/4709 5186/4715/4710
f 5187/4716/4711 5188/4717/4712 5185/4714/4709
f 5182/4709/4704 5087/4619/4614 5189/4718/4713
f 5182/4709/4704 5189/4718/4713 5183/4712/4707
f 5190/4719/4714 5191/4720/4715 5192/4721/4716
f 5190/4719/4714 5192/4721/4716 5193/4722/4717
f 5195/4723/4718 5090/4724/4719 5094/4624/4619
f 5091/4621/4616 5194/4725/4720 5095/4626/4621
f 5197/4726/4721 5198/4727/4722 5199/4728/4723
f 5099/4628/4623 5101/4634/4629 5201/4729/4724
f 5200/4730/4725 5097/4629/4624 5201/4729/4724
f 5195/4723/4718 5200/4730/4725 5196/4731/4726
f 5202/4732/4727 5203/4733/4728 5197/4726/4721
f 5204/4734/4729 5201/4729/4724 5101/4634/4629
f 5205/4735/4730 5201/4729/4724 5302/4736/4731
f 5206/4737/4732 5197/4726/4721 5207/4738/4733
f 5206/4737/4732 5207/4738/4733 5208/4739/4734
f 5101/4634/4629 5209/4740/4735 5204/4734/4729
f 5201/4729/4724 5204/4734/4729 5210/4741/4736
f 5201/4729/4724 5210/4741/4736 5302/4736/4731
f 5216/4742/4737 5211/4743/4738 5304/4744/4739
f 5106/4635/4630 5212/4745/4740 5213/4746/4741
f 5214/4747/4742 5215/4748/4743 5216/4742/4737
f 5232/4749/4744 5216/4742/4737 5218/4750/4745
f 5219/4751/4746 5220/4752/4747 5221/4753/4748
f 5217/4754/4749 5209/4740/4735 5117/4645/4640
f 5223/4755/4750 5224/4756/4751 5112/4641/4636
f 5225/4757/4752 5223/4755/4750 5112/4641/4636
f 5222/4758/4753 5117/4645/4640 5226/4759/4754
f 5307/4760/4755 5227/4761/4756 5228/4762/4757
f 5227/4761/4756 5229/4763/4758 5230/4764/4759
f 5232/4749/4744 5231/4765/4760 5233/4654/4649
f 5224/4756/4751 5232/4749/4744 5234/4766/4761
f 5235/4657/4652 5113/4767/4762 5224/4756/4751
f 5116/4644/4639 5226/4759/4754 5117/4645/4640
f 5124/4526/4521 5236/4656/4651 5119/4649/4644
f 5237/4768/4763 5238/4769/4764 5243/4770/4765
f 5239/4771/4766 5244/4772/4767 5240/4773/4768
f 5140/4674/4669 5139/4670/4665 5246/4774/4769
f 5247/4775/4770 5243/4770/4765 5238/4769/4764
f 5247/4775/4770 5242/4776/4771 5249/4777/4772
f 5247/4775/4770 5249/4777/4772 5250/4778/4773
f 5147/4779/4774 5251/4780/4775 5252/4781/4776
f 5254/4782/4777 5252/4781/4776 5255/4783/4778
f 5252/4781/4776 5254/4782/4777 5148/4784/4779
f 5149/4678/4673 5146/4676/4671 5145/4675/4670
f 5254/4782/4777 5256/4785/4780 5258/4680/4675
f 5254/4782/4777 5258/4680/4675 5150/4682/4677
f 5257/4786/4781 5259/4787/4782 5260/4788/4783
f 5258/4680/4675 5262/4789/4784 5156/4686/4681
f 5259/4787/4782 5263/4790/4785 5264/4791/4786
f 5265/4792/4787 5266/4693/4688 5262/4789/4784
f 5266/4693/4688 5156/4686/4681 5262/4789/4784
f 5263/4790/4785 5267/4793/4788 5268/4794/4789
f 5271/4795/4790 5269/4796/4791 5265/4792/4787
f 5266/4693/4688 5265/4792/4787 5269/4796/4791
f 5160/4797/4792 5157/4688/4683 5161/4798/4793
f 5277/4799/4794 5278/4699/4694 5272/4800/4795
f 5278/4699/4694 5165/4698/4693 5269/4796/4791
f 5162/4692/4687 5269/4796/4791 5165/4698/4693
f 5166/4696/4691 5167/4801/4796 5270/4802/4797
f 5274/4803/4798 5273/4804/4799 5279/4805/4800
f 5277/4799/4794 5276/4806/4801 5275/4807/4802
f 5076/4606/4601 5172/4702/4697 5281/4808/4803
f 5282/4809/4804 5177/4706/4701 5283/4810/4805
f 5175/4705/4700 5181/4711/4706 5284/4811/4806
f 5285/4812/4807 5176/4813/4808 5175/4705/4700
f 5286/4814/4809 5287/4815/4810 5177/4706/4701
f 5288/4816/4811 5284/4811/4806 5181/4711/4706
f 5289/4817/4812 5290/4818/4813 5291/4819/4814
f 5289/4817/4812 5294/4820/4815 5292/4821/4816
f 5195/4723/4718 5295/4822/4817 5183/4712/4707
f 5299/4823/4818 5292/4821/4816 5300/4824/4819
f 5190/4719/4714 6076/4825/4820 5301/4826/4821
f 5296/4827/4822 6080/4828/4823 5298/4829/4824
f 5301/4826/4821 5299/4823/4818 5199/4728/4723
f 5200/4730/4725 5205/4735/4730 5302/4736/4731
f 5196/4731/4726 5200/4730/4725 5302/4736/4731
f 5299/4823/4818 5300/4824/4819 5303/4830/4825
f 5304/4744/4739 5305/4831/4826 5199/4728/4723
f 5303/4830/4825 5304/4744/4739 5199/4728/4723
f 5305/4831/4826 5304/4744/4739 5211/4743/4738
f 5304/4744/4739 5303/4830/4825 5218/4750/4745
f 5309/4832/4827 5228/4762/4757 5227/4761/4756
f 5310/4833/4828 5239/4771/4766 5243/4770/4765
f 5245/4834/4829 5241/4835/4830 5244/4772/4767
f 5255/4783/4778 5313/4836/4831 5314/4837/4832
f 5255/4783/4778 5314/4837/4832 5256/4785/4780
f 5314/4837/4832 5316/4838/4833 5261/4839/4834
f 5264/4791/4786 5260/4788/4783 5259/4787/4782
f 5317/4840/4835 5260/4788/4783 5264/4791/4786
f 5261/4839/4834 5265/4792/4787 5262/4789/4784
f 5264/4791/4786 5263/4790/4785 5268/4794/4789
f 5320/4841/4836 5264/4791/4786 5268/4794/4789
f 5318/4842/4837 5321/4843/4838 5271/4795/4790
f 5268/4794/4789 5267/4793/4788 5270/4802/4797
f 5274/4803/4798 5323/4844/4839 5270/4802/4797
f 5325/4845/4840 5326/4846/4841 5327/4847/4842
f 5328/4848/4843 5327/4847/4842 5326/4846/4841
f 5329/4849/4844 5298/4829/4824 5300/4824/4819
f 5293/4850/4845 5329/4849/4844 5300/4824/4819
f 3/3/3 2/2/2 6/6/6
f 4/5/5 1/1/1 11/10/10
f 1/1/1 3/3/3 9/14/14
f 3/3/3 12/12/12 9/14/14
f 38/11/11 11/10/10 46/35/35
f 11/10/10 9/14/14 46/35/35
f 16/15/15 22/17/17 20/19/19
f 21/16/16 6088/4851/4846 5/25/25
f 6088/4851/4846 6143/4852/4847 2/2/2
f 6143/4852/4847 5330/4853/4848 2/2/2
f 5330/4853/4848 18/4854/4849 6/6/6
f 22/17/17 21/16/16 25/4855/4850
f 18/4854/4849 5331/23/23 7/7/7
f 22/17/17 25/4855/4850 23/59/59
f 23/59/59 27/4/4 26/27/27
f 27/4/4 25/4855/4850 5/25/25
f 29/24/24 28/26/26 35/4856/4851
f 26/27/27 32/28/28 31/30/30
f 26/27/27 8/9/9 32/28/28
f 12/12/12 7/7/7 33/4857/4852
f 33/4857/4852 29/24/24 35/4856/4851
f 32/28/28 8/9/9 37/4858/4853
f 33/4857/4852 35/4856/4851 34/31/31
f 28/26/26 85/63/63 35/4856/4851
f 35/4856/4851 36/4859/4854 34/31/31
f 85/63/63 36/4859/4854 35/4856/4851
f 37/4858/4853 10/8/8 43/36/36
f 13/13/13 47/40/40 54/42/42
f 87/4860/4855 49/74/74 47/40/40
f 87/4860/4855 47/40/40 36/4859/4854
f 40/32/32 54/42/42 53/43/43
f 49/74/74 55/41/41 47/40/40
f 50/80/80 48/37/37 44/39/39
f 52/4861/4856 45/33/33 5332/4862/4857
f 54/42/42 55/41/41 53/43/43
f 50/80/80 51/4863/4858 103/78/78
f 103/78/78 51/4863/4858 5332/4862/4857
f 5332/4862/4857 53/43/43 56/45/45
f 67/4864/4859 122/101/101 61/100/100
f 58/48/48 15/49/49 14/4865/4860
f 63/53/53 58/48/48 17/54/54
f 62/52/52 17/54/54 20/19/19
f 67/4864/4859 61/100/100 68/4866/4861
f 61/100/100 125/4867/4862 68/4866/4861
f 125/4867/4862 126/4868/4863 19/4869/4864
f 20/19/19 69/104/104 64/51/51
f 66/102/102 70/55/55 72/20/20
f 69/104/104 20/19/19 75/18/18
f 73/21/21 71/56/56 76/60/60
f 73/21/21 76/60/60 24/22/22
f 78/109/109 77/57/57 79/118/118
f 24/22/22 76/60/60 28/26/26
f 140/117/117 78/109/109 79/118/118
f 28/26/26 80/61/61 85/63/63
f 84/67/67 83/66/66 81/120/120
f 36/4859/4854 86/62/62 87/4860/4855
f 83/66/66 42/68/68 88/64/64
f 148/126/126 92/132/132 87/4860/4855
f 148/126/126 87/4860/4855 86/62/62
f 95/73/73 152/129/129 93/71/71
f 41/38/38 91/70/70 90/69/69
f 92/132/132 49/74/74 87/4860/4855
f 94/72/72 99/75/75 95/73/73
f 5333/4870/4865 91/70/70 96/4871/4866
f 49/74/74 97/81/81 57/44/44
f 5334/4872/4867 48/37/37 5335/4873/4868
f 48/37/37 5334/4872/4867 96/4871/4866
f 50/80/80 102/79/79 48/37/37
f 57/44/44 104/88/88 56/45/45
f 5335/4873/4868 102/79/79 5336/4874/4869
f 107/85/85 106/84/84 159/139/139
f 5336/4874/4869 102/79/79 5337/4875/4870
f 5337/4875/4870 102/79/79 108/86/86
f 5338/4876/4871 5339/4877/4872 5340/4878/4873
f 103/78/78 5332/4862/4857 108/86/86
f 5340/4878/4873 5332/4862/4857 5341/4879/4874
f 5341/4879/4874 5332/4862/4857 56/45/45
f 56/45/45 104/88/88 5341/4879/4874
f 114/4880/4875 190/167/167 60/50/50
f 190/167/167 115/165/165 122/101/101
f 115/165/165 124/96/96 122/101/101
f 118/98/98 117/92/92 63/53/53
f 124/96/96 125/4867/4862 61/100/100
f 203/99/99 62/52/52 127/4881/4876
f 119/95/95 123/175/175 126/4868/4863
f 206/178/178 127/4881/4876 129/185/185
f 64/51/51 127/4881/4876 62/52/52
f 129/185/185 64/51/51 133/105/105
f 132/186/186 129/185/185 133/105/105
f 70/55/55 128/103/103 71/56/56
f 128/103/103 130/106/106 71/56/56
f 131/187/187 74/58/58 134/110/110
f 215/188/188 131/187/187 134/110/110
f 137/113/113 215/188/188 134/110/110
f 213/107/107 219/193/193 218/195/195
f 137/113/113 140/117/117 136/111/111
f 218/195/195 141/115/115 135/108/108
f 136/111/111 82/119/119 139/114/114
f 138/116/116 141/115/115 80/61/61
f 139/114/114 81/120/120 142/199/199
f 80/61/61 141/115/115 143/122/122
f 141/115/115 227/200/200 143/122/122
f 144/121/121 142/199/199 81/120/120
f 146/123/123 144/121/121 83/66/66
f 143/122/122 239/213/213 148/126/126
f 150/128/128 5342/4882/4877 151/130/130
f 5342/4882/4877 150/128/128 5343/4883/4878
f 239/213/213 153/131/131 148/126/126
f 152/129/129 151/130/130 5344/4884/4879
f 92/132/132 98/83/83 97/81/81
f 157/136/136 95/73/73 99/75/75
f 105/82/82 98/83/83 158/219/219
f 161/138/138 107/85/85 159/139/139
f 105/82/82 174/149/149 110/87/87
f 158/219/219 174/149/149 105/82/82
f 112/90/90 111/89/89 160/137/137
f 163/140/140 113/91/91 164/4885/4880
f 163/140/140 164/4885/4880 166/142/142
f 165/141/141 166/142/142 168/144/144
f 5345/4886/4881 5346/4887/4882 109/145/145
f 5347/4888/4883 109/145/145 172/147/147
f 171/146/146 110/87/87 5348/4889/4884
f 169/152/152 248/220/220 250/222/222
f 5348/4889/4884 110/87/87 173/148/148
f 177/234/234 178/237/237 5349/4890/4885
f 178/237/237 5350/4891/4886 5349/4890/4885
f 278/4892/4887 279/239/239 283/246/246
f 5349/4890/4885 5350/4891/4886 179/154/154
f 179/154/154 5351/4893/4888 182/157/157
f 188/163/163 183/158/158 182/157/157
f 187/162/162 182/157/157 194/171/171
f 191/166/166 115/165/165 190/167/167
f 199/259/259 196/254/254 193/172/172
f 199/259/259 193/172/172 200/97/97
f 5352/173/173 197/260/260 198/174/174
f 199/259/259 200/97/97 203/99/99
f 198/174/174 204/179/179 123/175/175
f 209/183/183 208/270/270 206/178/178
f 206/178/178 202/261/261 127/4881/4876
f 302/271/271 208/270/270 209/183/183
f 302/271/271 209/183/183 211/182/182
f 206/178/178 129/185/185 211/182/182
f 210/181/181 306/4894/4889 212/184/184
f 213/107/107 212/184/184 219/193/193
f 313/280/280 223/194/194 219/193/193
f 215/188/188 217/112/112 316/285/285
f 218/195/195 223/194/194 141/115/115
f 217/112/112 139/114/114 222/192/192
f 142/199/199 231/204/204 220/190/190
f 223/194/194 229/202/202 227/200/200
f 233/206/206 142/199/199 236/210/210
f 242/394/394 330/207/207 235/209/209
f 145/124/124 236/210/210 144/121/121
f 235/209/209 5354/4895/4890 242/394/394
f 237/211/211 339/304/304 240/214/214
f 150/128/128 241/216/216 242/394/394
f 5343/4883/4878 242/394/394 5354/4895/4890
f 242/394/394 5343/4883/4878 150/128/128
f 154/133/133 241/216/216 150/128/128
f 240/214/214 342/397/397 155/134/134
f 241/216/216 154/133/133 244/217/217
f 342/397/397 156/135/135 155/134/134
f 157/136/136 245/218/218 154/133/133
f 156/135/135 246/225/225 158/219/219
f 245/218/218 157/136/136 345/403/403
f 162/4896/4891 345/403/403 157/136/136
f 107/85/85 161/138/138 162/4896/4891
f 249/221/221 253/4897/4892 251/223/223
f 173/148/148 174/149/149 254/4898/4893
f 174/149/149 5355/4899/4894 254/4898/4893
f 5355/4899/4894 174/149/149 255/226/226
f 175/150/150 351/310/310 111/89/89
f 256/229/229 163/140/140 165/141/141
f 165/141/141 169/152/152 258/230/230
f 258/230/230 169/152/152 353/408/408
f 169/152/152 249/221/221 353/408/408
f 353/408/408 249/221/221 252/224/224
f 263/4900/4895 259/323/323 262/4901/4896
f 264/4902/4897 265/329/329 270/4903/4898
f 177/234/234 269/235/235 273/236/236
f 275/240/240 265/329/329 274/238/238
f 5356/4904/4899 271/334/334 268/233/233
f 268/233/233 277/4905/4900 5356/4904/4899
f 272/156/156 277/4905/4900 262/4901/4896
f 384/335/335 271/334/334 5356/4904/4899
f 5356/4904/4899 277/4905/4900 180/155/155
f 5357/4906/4901 384/335/335 5356/4904/4899
f 272/156/156 180/155/155 277/4905/4900
f 5357/4906/4901 180/155/155 183/158/158
f 184/159/159 284/247/247 280/242/242
f 386/251/251 384/335/335 5357/4906/4901
f 185/160/160 184/159/159 285/248/248
f 285/248/248 286/250/250 197/260/260
f 386/251/251 187/162/162 288/253/253
f 286/250/250 289/256/256 197/260/260
f 299/265/265 290/257/257 201/177/177
f 290/257/257 291/258/258 201/177/177
f 204/179/179 198/174/174 289/256/256
f 202/261/261 201/177/177 291/258/258
f 289/256/256 292/255/255 207/180/180
f 293/269/269 294/266/266 208/270/270
f 294/266/266 205/176/176 208/270/270
f 205/176/176 299/265/265 201/177/177
f 292/255/255 297/264/264 207/180/180
f 300/267/267 293/269/269 208/270/270
f 205/176/176 206/178/178 208/270/270
f 296/263/263 406/351/351 297/264/264
f 301/352/352 298/268/268 300/267/267
f 305/274/274 301/352/352 300/267/267
f 305/274/274 304/273/273 301/352/352
f 302/271/271 309/4907/4902 305/274/274
f 310/278/278 210/181/181 413/359/359
f 413/359/359 412/358/358 310/278/278
f 303/272/272 309/4907/4902 307/275/275
f 309/4907/4902 303/272/272 305/274/274
f 312/279/279 315/282/282 313/280/280
f 314/281/281 316/285/285 318/284/284
f 319/286/286 316/285/285 222/192/192
f 318/284/284 319/286/286 324/4908/4903
f 427/372/372 5358/4909/4904 320/287/287
f 313/280/280 427/372/372 320/287/287
f 5358/4909/4904 5359/4910/4905 320/287/287
f 222/192/192 221/191/191 5360/4911/4906
f 436/379/379 437/380/380 5361/4912/4907
f 326/292/292 321/288/288 226/198/198
f 226/198/198 321/288/288 224/196/196
f 228/201/201 223/194/194 5362/4913/4908
f 440/384/384 328/294/294 441/385/385
f 334/299/299 5363/4914/4909 430/300/300
f 441/385/385 328/294/294 330/207/207
f 5364/4915/4910 5365/4916/4911 5366/4917/4912
f 229/202/202 332/297/297 238/212/212
f 238/212/212 339/304/304 237/211/211
f 341/392/392 336/386/386 330/207/207
f 330/207/207 242/394/394 341/392/392
f 5367/4918/4913 240/214/214 340/305/305
f 242/394/394 241/216/216 243/215/215
f 240/214/214 5367/4918/4913 342/397/397
f 156/135/135 342/397/397 343/399/399
f 344/401/401 244/217/217 245/218/218
f 156/135/135 452/307/307 246/225/225
f 156/135/135 343/399/399 452/307/307
f 345/403/403 347/517/517 245/218/218
f 348/404/404 162/4896/4891 247/227/227
f 162/4896/4891 348/404/404 345/403/403
f 5368/4919/4914 251/223/223 349/4920/4915
f 352/309/309 175/150/150 354/311/311
f 354/311/311 256/229/229 257/228/228
f 360/318/318 361/438/438 357/312/312
f 361/438/438 360/318/318 362/4921/4916
f 370/324/324 365/320/320 366/319/319
f 365/320/320 370/324/324 374/327/327
f 371/322/322 372/4922/4917 260/325/325
f 372/4922/4917 368/449/449 261/4923/4918
f 370/324/324 263/4900/4895 375/326/326
f 261/4923/4918 260/325/325 372/4922/4917
f 369/4924/4919 376/330/330 264/4902/4897
f 266/231/231 373/454/454 374/327/327
f 374/327/327 375/326/326 266/231/231
f 375/326/326 267/232/232 266/231/231
f 264/4902/4897 376/330/330 265/329/329
f 266/231/231 271/334/334 379/333/333
f 377/328/328 380/462/462 274/238/238
f 280/242/242 378/461/461 281/243/243
f 379/333/333 271/334/334 381/331/331
f 280/242/242 276/241/241 378/461/461
f 382/471/471 533/470/470 282/244/244
f 184/159/159 533/470/470 387/474/474
f 381/331/331 386/251/251 389/338/338
f 387/474/474 388/249/249 285/248/248
f 389/338/338 386/251/251 391/340/340
f 394/342/342 390/339/339 391/340/340
f 394/342/342 391/340/340 395/343/343
f 287/252/252 391/340/340 288/253/253
f 393/4925/4920 399/347/347 295/262/262
f 398/346/346 396/341/341 294/266/266
f 395/343/343 299/265/265 294/266/266
f 400/344/344 298/268/268 404/349/349
f 404/349/349 5370/4926/4921 5371/4927/4922
f 403/348/348 5370/4926/4921 404/349/349
f 405/350/350 5372/4928/4923 406/351/351
f 403/348/348 301/352/352 304/273/273
f 406/351/351 5372/4928/4923 5373/4929/4924
f 5373/4929/4924 414/360/360 406/351/351
f 407/353/353 560/489/489 304/273/273
f 561/491/491 5374/4930/4925 5375/4931/4926
f 408/354/354 304/273/273 303/272/272
f 5376/4932/4927 5377/4933/4928 561/491/491
f 417/363/363 421/366/366 415/361/361
f 303/272/272 419/365/365 408/354/354
f 419/365/365 303/272/272 308/276/276
f 5376/4932/4927 561/491/491 5378/4934/4929
f 5378/4934/4929 420/496/496 5379/4935/4930
f 420/496/496 5378/4934/4929 561/491/491
f 422/367/367 423/368/368 415/361/361
f 5379/4935/4930 428/495/495 432/375/375
f 428/495/495 5379/4935/4930 420/496/496
f 426/371/371 322/289/289 429/373/373
f 428/495/495 567/504/504 430/300/300
f 432/375/375 428/495/495 430/300/300
f 438/382/382 570/501/501 5380/4936/4931
f 5380/4936/4931 5381/4937/4932 438/382/382
f 321/288/288 325/291/291 434/377/377
f 439/383/383 438/382/382 5381/4937/4932
f 439/383/383 441/385/385 443/381/381
f 441/385/385 336/386/386 443/381/381
f 443/381/381 336/386/386 444/391/391
f 444/391/391 336/386/386 341/392/392
f 340/305/305 445/388/388 449/395/395
f 577/511/511 446/389/389 447/390/390
f 448/393/393 242/394/394 243/215/215
f 5367/4918/4913 585/513/513 342/397/397
f 580/509/509 581/4938/4933 582/510/510
f 582/510/510 581/4938/4933 5382/4939/4934
f 448/393/393 243/215/215 579/400/400
f 451/398/398 342/397/397 585/513/513
f 454/405/405 247/227/227 455/406/406
f 454/405/405 348/404/404 247/227/227
f 459/4940/4935 350/308/308 460/411/411
f 5368/4919/4914 458/410/410 251/223/223
f 461/4941/4936 352/309/309 354/311/311
f 463/412/412 462/4942/4937 257/228/228
f 463/412/412 258/230/230 464/413/413
f 467/416/416 5404/417/417 474/425/425
f 5404/417/417 472/4943/4938 475/426/426
f 469/419/419 473/541/541 472/4943/4938
f 472/4943/4938 358/315/315 475/426/426
f 476/422/422 477/424/424 470/420/420
f 479/428/428 486/431/431 484/4944/4939
f 485/430/430 5386/4945/4940 486/431/431
f 487/432/432 488/423/423 491/565/565
f 484/4944/4939 486/431/431 490/4946/4941
f 488/423/423 5387/4947/4942 491/565/565
f 491/565/565 6092/4948/4943 496/436/436
f 360/318/318 493/434/434 362/4921/4916
f 5388/4949/4944 500/588/588 504/448/448
f 501/442/442 497/435/435 502/440/440
f 369/4924/4919 507/445/445 510/612/612
f 5389/4950/4945 512/451/451 514/453/453
f 512/451/451 515/4951/4946 513/452/452
f 515/4951/4946 509/447/447 516/455/455
f 374/327/327 509/447/447 365/320/320
f 517/457/457 698/624/624 514/453/453
f 513/452/452 516/455/455 522/460/460
f 516/455/455 373/454/454 522/460/460
f 523/4952/4947 520/464/464 527/463/463
f 281/243/243 703/634/634 524/633/633
f 524/633/633 528/465/465 530/467/467
f 532/469/469 381/331/331 536/472/472
f 536/472/472 383/337/337 535/4953/4948
f 387/474/474 534/473/473 388/249/249
f 534/473/473 537/650/650 388/249/249
f 535/4953/4948 383/337/337 538/656/656
f 385/336/336 543/475/475 383/337/337
f 724/651/651 540/653/653 539/4954/4949
f 541/476/476 542/657/657 543/475/475
f 385/336/336 390/339/339 543/475/475
f 540/653/653 393/4925/4920 392/4955/4950
f 541/476/476 394/342/342 397/477/477
f 396/341/341 397/477/477 394/342/342
f 547/479/479 397/477/477 396/341/341
f 5390/4956/4951 5391/4957/4952 548/4958/4953
f 401/345/345 547/479/479 398/346/346
f 5392/4959/4954 546/480/480 5393/4960/4955
f 546/480/480 401/345/345 5393/4960/4955
f 5393/4960/4955 401/345/345 400/344/344
f 5393/4960/4955 404/349/349 551/4961/4956
f 551/4961/4956 404/349/349 5394/4962/4957
f 556/485/485 5395/4963/4958 558/487/487
f 553/482/482 552/481/481 5396/4964/4959
f 555/484/484 557/486/486 5397/4965/4960
f 5375/4931/4926 5396/4964/4959 561/491/491
f 552/481/481 561/491/491 5396/4964/4959
f 749/675/675 561/491/491 744/490/490
f 5397/4965/4960 409/355/355 555/484/484
f 561/491/491 564/497/497 420/496/496
f 565/493/493 415/361/361 424/369/369
f 752/494/494 574/503/503 428/495/495
f 571/502/502 443/381/381 572/684/684
f 442/387/387 567/504/504 574/503/503
f 573/507/507 572/684/684 443/381/381
f 576/506/506 442/387/387 574/503/503
f 576/506/506 447/390/390 442/387/387
f 578/508/508 444/391/391 448/393/393
f 5398/4966/4961 580/509/509 584/4967/4962
f 587/4968/4963 343/399/399 583/512/512
f 590/519/519 452/307/307 343/399/399
f 589/516/516 347/517/517 591/518/518
f 591/518/518 454/405/405 455/406/406
f 593/695/695 461/4941/4936 594/701/701
f 457/409/409 458/410/410 780/698/698
f 461/4941/4936 354/311/311 957/976/972
f 462/4942/4937 463/412/412 595/875/873
f 464/413/413 353/408/408 456/407/407
f 5399/4969/4964 5400/4970/4965 605/531/531
f 793/4971/4966 785/704/704 5401/4972/4967
f 605/531/531 5400/4970/4965 5402/4973/4968
f 785/704/704 794/710/710 5403/4974/4969
f 468/418/418 5404/417/417 5405/4975/4970
f 794/710/710 969/525/525 599/524/524
f 468/418/418 5406/4976/4971 607/534/534
f 604/530/530 598/523/523 613/538/538
f 5404/417/417 466/415/415 5402/4973/4968
f 607/534/534 469/419/419 468/418/418
f 608/533/533 469/419/419 607/534/534
f 469/419/419 608/533/533 615/540/540
f 610/536/536 609/535/535 5408/4977/4972
f 613/538/538 471/421/421 614/539/539
f 471/421/421 613/538/538 598/523/523
f 615/540/540 616/4978/4973 473/541/541
f 611/719/719 621/546/546 620/545/545
f 5409/4979/4974 5410/4980/4975 620/545/545
f 5410/4980/4975 611/719/719 620/545/545
f 622/547/547 5411/4981/4976 620/545/545
f 803/722/722 617/720/720 618/542/542
f 618/542/542 5413/544/544 5412/4982/4977
f 5413/544/544 619/543/543 627/552/552
f 477/424/424 623/548/548 625/550/550
f 5415/4983/4978 5411/4981/4976 622/547/547
f 5416/4984/4979 809/726/726 622/547/547
f 5412/4982/4977 627/552/552 631/4985/4980
f 624/549/549 623/548/548 636/557/557
f 481/433/433 623/548/548 477/424/424
f 481/433/433 636/557/557 623/548/548
f 809/726/726 5418/4986/4981 5415/4983/4978
f 5418/4986/4981 809/726/726 810/727/727
f 630/4987/4982 810/727/727 629/4988/4983
f 828/746/745 5412/4982/4977 631/4985/4980
f 639/561/561 828/746/745 631/4985/4980
f 631/4985/4980 626/551/551 639/561/561
f 633/553/553 632/555/555 5417/4989/4984
f 5417/4989/4984 636/557/557 635/556/556
f 633/553/553 5417/4989/4984 635/556/556
f 642/564/564 5419/4990/4985 5420/4991/4986
f 5419/4990/4985 642/564/564 817/736/735
f 628/558/558 636/557/557 481/433/433
f 487/432/432 637/559/559 481/433/433
f 486/431/431 5386/4945/4940 494/4992/4987
f 629/4988/4983 5421/4993/4988 630/4987/4982
f 5422/4994/4989 644/567/567 494/4992/4987
f 632/555/555 648/571/571 638/560/560
f 632/555/555 638/560/560 626/551/551
f 494/4992/4987 646/569/569 495/574/574
f 629/4988/4983 823/741/740 5421/4993/4988
f 645/568/568 5423/4995/4990 646/569/569
f 639/561/561 647/570/570 652/576/576
f 638/560/560 649/572/572 647/570/570
f 831/749/748 640/562/562 5424/4996/4991
f 650/585/585 661/584/584 643/566/566
f 496/436/436 650/585/585 643/566/566
f 5423/4995/4990 664/590/590 666/592/592
f 5423/4995/4990 666/592/592 651/573/573
f 649/572/572 654/577/577 647/570/570
f 654/577/577 675/601/601 653/575/575
f 658/581/581 660/583/583 677/603/603
f 660/583/583 659/582/582 831/749/748
f 662/586/586 650/585/585 501/442/442
f 497/435/435 650/585/585 496/436/436
f 666/592/592 667/593/593 669/595/595
f 666/592/592 669/595/595 681/444/444
f 653/575/575 676/602/602 670/596/596
f 656/579/579 5425/4997/4992 657/580/580
f 5425/4997/4992 656/579/579 849/765/763
f 674/600/600 673/599/599 676/602/602
f 852/768/766 678/604/604 5426/4998/4993
f 678/604/604 852/768/766 658/581/581
f 680/606/606 663/587/587 501/442/442
f 503/589/589 681/444/444 504/448/448
f 686/613/613 682/769/767 853/770/768
f 669/595/595 682/769/767 686/613/613
f 676/602/602 685/609/609 670/596/596
f 5389/4950/4945 514/453/453 688/4999/4994
f 520/464/464 696/621/621 703/634/634
f 518/632/632 706/630/630 699/625/625
f 705/628/628 890/803/801 528/465/465
f 705/628/628 528/465/465 702/629/629
f 713/641/641 709/637/637 714/642/642
f 711/639/639 706/630/630 518/632/632
f 525/458/458 518/632/632 517/457/457
f 525/458/458 710/638/638 518/632/632
f 702/629/629 528/465/465 524/633/633
f 890/803/801 716/644/644 529/466/466
f 715/643/643 710/638/638 525/458/458
f 716/644/644 718/649/649 717/645/645
f 722/648/648 715/643/643 531/468/468
f 531/468/468 532/469/469 720/646/646
f 719/813/811 723/818/816 718/649/649
f 5427/5000/4995 721/647/647 720/646/646
f 5428/5001/4996 5427/5000/4995 720/646/646
f 536/472/472 535/4953/4948 720/646/646
f 537/650/650 718/649/649 724/651/651
f 723/818/816 725/652/652 724/651/651
f 535/4953/4948 538/656/656 5428/5001/4996
f 725/652/652 727/5002/4997 540/653/653
f 542/657/657 728/654/654 538/656/656
f 542/657/657 730/5003/4998 728/654/654
f 730/5003/4998 541/476/476 729/659/659
f 730/5003/4998 542/657/657 541/476/476
f 544/5004/4999 5429/5005/5000 5430/5006/5001
f 541/476/476 545/478/478 729/659/659
f 544/5004/4999 5431/5007/5002 732/5008/5003
f 5432/5009/5004 731/658/658 545/478/478
f 734/661/661 740/836/834 735/662/662
f 544/5004/4999 5433/5010/5005 5390/4956/4951
f 5432/5009/5004 547/479/479 741/667/667
f 546/480/480 741/667/667 547/479/479
f 5434/5011/5006 735/662/662 743/669/669
f 742/668/668 546/480/480 5392/4959/4954
f 738/665/665 5435/5012/5007 736/663/663
f 736/663/663 5435/5012/5007 5436/5013/5008
f 929/841/839 549/670/670 740/836/834
f 735/662/662 740/836/834 549/670/670
f 931/842/840 5436/5013/5008 5437/5014/5009
f 552/481/481 549/670/670 929/841/839
f 556/485/485 931/842/840 5438/5015/5010
f 5439/5016/5011 5438/5015/5010 931/842/840
f 931/842/840 5437/5014/5009 5439/5016/5011
f 5395/4963/4958 556/485/485 5438/5015/5010
f 552/481/481 929/841/839 744/490/490
f 745/843/841 556/485/485 747/672/672
f 746/671/671 555/484/484 562/674/674
f 5440/5017/5012 753/678/678 564/497/497
f 754/847/845 566/498/498 755/848/846
f 755/848/846 566/498/498 569/500/500
f 757/681/681 571/502/502 758/682/682
f 758/682/682 760/962/958 759/683/683
f 761/679/679 575/505/505 574/503/503
f 573/507/507 578/508/508 945/857/855
f 444/391/391 578/508/508 573/507/507
f 763/686/686 447/390/390 576/506/506
f 765/858/856 945/857/855 578/508/508
f 764/855/853 577/511/511 763/686/686
f 577/511/511 764/855/853 766/687/687
f 767/5018/5013 578/508/508 579/400/400
f 587/4968/4963 768/5019/5014 5441/5020/5015
f 770/689/689 5442/5021/5016 580/509/509
f 5442/5021/5016 584/4967/4962 580/509/509
f 590/519/519 343/399/399 587/4968/4963
f 772/690/690 588/515/515 589/516/516
f 773/691/691 589/516/516 591/518/518
f 592/520/520 453/402/402 951/862/860
f 591/518/518 455/406/406 776/694/694
f 457/409/409 780/698/698 778/697/697
f 779/5022/5017 592/520/520 953/864/862
f 778/697/697 781/699/699 961/870/868
f 958/874/872 462/4942/4937 595/875/873
f 463/412/412 464/413/413 782/869/867
f 464/413/413 456/407/407 782/869/867
f 782/869/867 456/407/407 777/696/696
f 602/528/528 787/712/712 797/5023/5018
f 964/877/875 790/707/707 5443/5024/5019
f 5443/5024/5019 790/707/707 5444/5025/5020
f 604/530/530 5445/5026/5021 596/521/521
f 5445/5026/5021 604/530/530 799/715/715
f 5447/5027/5022 5448/5028/5023 789/706/706
f 790/707/707 789/706/706 5448/5028/5023
f 791/708/708 789/706/706 783/702/702
f 793/4971/4966 791/708/708 783/702/702
f 785/704/704 793/4971/4966 783/702/702
f 784/703/703 969/525/525 794/710/710
f 969/525/525 795/717/717 600/526/526
f 5449/5029/5024 796/713/713 612/537/537
f 787/712/712 602/528/528 601/527/527
f 612/537/537 786/711/711 601/527/527
f 795/717/717 609/535/535 600/526/526
f 611/719/719 609/535/535 800/716/716
f 981/5030/5025 621/546/546 801/718/718
f 617/720/720 5450/5031/5026 612/537/537
f 5416/4984/4979 622/547/547 621/546/546
f 803/722/722 5451/5032/5027 802/721/721
f 809/726/726 5416/4984/4979 808/725/725
f 807/724/724 629/4988/4983 808/725/725
f 810/727/727 808/725/725 629/4988/4983
f 629/4988/4983 807/724/724 819/5033/5028
f 5412/4982/4977 828/746/745 827/745/744
f 814/733/732 5452/5034/5029 815/734/733
f 812/731/731 827/745/744 826/744/743
f 5453/5035/5030 821/739/738 5454/5036/5031
f 632/555/555 634/554/554 648/571/571
f 821/739/738 5453/5035/5030 814/733/732
f 641/563/563 994/900/898 818/737/736
f 824/742/741 823/741/740 819/5033/5028
f 629/4988/4983 819/5033/5028 823/741/740
f 997/5037/5032 824/742/741 819/5033/5028
f 834/752/751 824/742/741 997/5037/5032
f 829/747/746 825/743/742 827/745/744
f 828/746/745 829/747/746 827/745/744
f 659/582/582 5455/5038/5033 832/750/749
f 836/754/753 833/751/750 834/752/751
f 5456/5039/5034 825/743/742 829/747/746
f 671/597/597 829/747/746 652/576/576
f 829/747/746 671/597/597 847/763/761
f 830/748/747 5457/5040/579 654/577/577
f 838/756/755 1007/912/910 839/757/579
f 659/582/582 658/581/581 851/767/765
f 836/754/753 840/772/770 5458/5041/5035
f 5459/5042/5036 5458/5041/5035 840/772/770
f 836/754/753 835/753/752 840/772/770
f 5459/5042/5036 840/772/770 841/5043/5037
f 856/774/772 841/5043/5037 840/772/770
f 856/774/772 855/773/771 858/5044/5038
f 671/597/597 683/607/607 846/762/760
f 858/5044/5038 855/773/771 862/778/776
f 862/778/776 861/777/775 863/782/780
f 5460/5045/5039 684/608/608 867/5046/5040
f 684/608/608 5460/5045/5039 683/607/607
f 865/780/778 844/760/758 859/775/773
f 5461/5047/5041 868/622/622 860/776/774
f 5461/5047/5041 5462/5048/5042 868/622/622
f 5462/5048/5042 870/5049/5043 868/622/622
f 5463/5050/5044 869/783/781 1023/927/923
f 866/781/779 694/620/620 864/779/777
f 684/608/608 690/615/615 867/5046/5040
f 870/5049/5043 871/784/782 868/622/622
f 5464/5051/5045 872/787/785 873/786/784
f 5465/5052/5046 704/627/627 874/785/783
f 704/627/627 5465/5052/5046 881/794/792
f 5466/5053/5047 5467/5054/5048 879/792/790
f 705/628/628 884/796/794 883/802/800
f 886/798/796 885/797/795 5468/5055/5049
f 5468/5055/5049 885/797/795 887/800/798
f 891/804/802 890/803/801 883/802/800
f 893/805/803 892/809/807 890/803/801
f 896/808/806 888/799/797 894/806/804
f 708/636/636 707/635/635 889/801/799
f 707/635/635 880/793/791 889/801/799
f 892/809/807 5469/5056/5050 716/644/644
f 901/812/810 716/644/644 5469/5056/5050
f 898/5057/5051 895/807/805 897/931/927
f 5470/5058/5052 900/811/809 713/641/641
f 712/640/640 5470/5058/5052 713/641/641
f 716/644/644 901/812/810 718/649/649
f 904/816/814 900/811/809 5470/5058/5052
f 906/819/817 719/813/811 903/815/813
f 909/821/819 912/824/822 1041/943/939
f 905/817/815 917/828/826 914/825/823
f 5471/5059/5053 910/822/820 909/821/819
f 914/825/823 918/829/827 916/5060/5054
f 5472/5061/5055 5473/5062/5056 1047/950/946
f 916/5060/5054 920/831/829 922/952/948
f 920/831/829 916/5060/5054 918/829/827
f 5474/5063/5057 920/831/829 919/830/828
f 734/661/661 5475/5064/5058 923/834/832
f 920/831/829 924/833/831 737/664/664
f 924/833/831 920/831/829 5474/5063/5057
f 734/661/661 923/834/832 740/836/834
f 928/839/837 736/663/663 5436/5013/5008
f 931/842/840 928/839/837 5436/5013/5008
f 1227/5065/5059 929/841/839 930/840/838
f 928/839/837 745/843/841 926/837/835
f 745/843/841 928/839/837 556/485/485
f 935/5066/5060 748/673/673 750/676/676
f 936/846/844 753/678/678 5440/5017/5012
f 754/847/845 939/849/847 1055/960/956
f 754/847/845 1055/960/956 938/959/955
f 760/962/958 758/682/682 943/854/852
f 758/682/682 572/684/684 944/853/851
f 572/684/684 762/685/685 944/853/851
f 763/686/686 576/506/506 575/505/505
f 765/858/856 771/964/960 947/859/857
f 765/858/856 767/5018/5013 771/964/960
f 771/964/960 588/515/515 772/690/690
f 590/519/519 587/4968/4963 5441/5020/5015
f 5441/5020/5015 1071/970/966 590/519/519
f 770/689/689 769/688/688 948/860/858
f 949/861/859 948/860/858 5476/5067/5061
f 774/692/692 590/519/519 1074/5068/5062
f 590/519/519 1071/970/966 1074/5068/5062
f 955/865/863 951/862/860 774/692/692
f 774/692/692 1074/5068/5062 955/865/863
f 952/863/861 951/862/860 955/865/863
f 776/694/694 593/695/695 956/867/865
f 777/696/696 778/697/697 960/868/866
f 778/697/697 950/871/869 5477/5069/5063
f 960/868/866 778/697/697 1082/5070/5064
f 957/976/972 958/874/872 1080/1121/1117
f 1080/1121/1117 958/874/872 963/873/871
f 959/876/874 782/869/867 1081/978/974
f 1081/978/974 782/869/867 960/868/866
f 5446/5071/5065 788/705/705 1084/5072/5066
f 5446/5071/5065 1084/5072/5066 1085/5073/5067
f 966/879/877 967/881/879 784/703/703
f 969/525/525 784/703/703 967/881/879
f 965/878/876 964/877/875 972/882/880
f 971/883/881 972/882/880 964/877/875
f 968/880/878 795/717/717 969/525/525
f 800/716/716 795/717/717 974/886/884
f 976/888/886 980/5074/5068 977/889/887
f 971/883/881 977/889/887 970/884/882
f 975/887/885 801/718/718 800/716/716
f 801/718/718 975/887/885 981/5030/5025
f 977/889/887 5478/5075/5069 978/890/888
f 977/889/887 980/5074/5068 5478/5075/5069
f 984/893/891 982/892/890 1094/988/984
f 987/990/986 806/723/723 1098/991/987
f 807/724/724 987/990/986 992/1004/1000
f 997/5037/5032 992/1004/1000 996/902/900
f 992/1004/1000 997/5037/5032 819/5033/5028
f 5479/5076/5070 995/901/899 994/900/898
f 995/901/899 991/5077/5071 818/737/736
f 996/902/900 834/752/751 997/5037/5032
f 1003/908/906 838/756/755 5480/5078/5072
f 5481/5079/5073 5479/5076/5070 994/900/898
f 5455/5038/5033 5481/5079/5073 994/900/898
f 835/753/752 834/752/751 998/903/901
f 1000/905/903 1006/911/909 1001/906/904
f 5482/5080/5074 5481/5079/5073 5455/5038/5033
f 851/767/765 5482/5080/5074 5455/5038/5033
f 844/760/758 1005/910/908 842/758/756
f 843/759/757 842/758/756 1006/911/909
f 848/764/762 5483/5081/5075 1014/919/764
f 851/767/765 5484/5082/5076 5482/5080/5074
f 5484/5082/5076 851/767/765 850/766/764
f 1016/921/916 1015/920/917 5485/5083/5077
f 857/925/921 861/777/775 855/773/771
f 864/779/777 1024/1046/1042 1020/923/919
f 864/779/777 1020/923/919 844/760/758
f 864/779/777 694/620/620 1024/1046/1042
f 872/787/785 1022/926/922 1026/928/924
f 694/620/620 1025/929/925 1024/1046/1042
f 877/790/788 885/797/795 878/791/789
f 877/790/788 1028/1055/1051 885/797/795
f 885/797/795 1027/1057/1053 888/799/797
f 1027/1057/1053 885/797/795 1028/1055/1051
f 880/793/791 707/635/635 1029/930/926
f 1027/1057/1053 894/806/804 888/799/797
f 894/806/804 1027/1057/1053 1173/1063/1059
f 707/635/635 1032/939/935 1029/930/926
f 894/806/804 1030/932/928 897/931/927
f 894/806/804 1173/1063/1059 1030/932/928
f 1032/939/935 707/635/635 899/810/808
f 1031/933/929 5486/5084/5078 897/931/927
f 1034/935/931 902/814/812 901/812/810
f 5487/5085/5079 1031/933/929 1030/932/928
f 899/810/808 1043/947/943 1038/940/936
f 1043/947/943 899/810/808 900/811/809
f 1037/938/934 1040/942/938 1039/941/937
f 1040/942/938 1036/937/933 1042/944/940
f 900/811/809 907/826/824 1043/947/943
f 1040/942/938 1044/945/941 909/821/819
f 913/949/945 909/821/819 1044/945/941
f 907/826/824 914/825/823 1045/946/942
f 1047/950/946 909/821/819 913/949/945
f 914/825/823 916/5060/5054 5488/1257/1253
f 914/825/823 1186/1069/1065 1045/946/942
f 1186/1069/1065 914/825/823 5488/1257/1253
f 1048/951/947 1216/1283/1278 925/835/833
f 1050/953/949 1210/1088/1084 736/663/663
f 925/835/833 1216/1283/1278 930/840/838
f 1050/953/949 928/839/837 927/838/836
f 1216/1283/1278 1227/5065/5059 930/840/838
f 933/956/952 936/846/844 5440/5017/5012
f 935/5066/5060 750/676/676 1421/1292/1287
f 942/852/850 760/962/958 943/854/852
f 1053/957/953 1057/1107/1103 937/845/843
f 943/854/852 944/853/851 1059/1110/1106
f 575/505/505 761/679/679 1060/5086/5080
f 1061/5087/5081 575/505/505 1060/5086/5080
f 945/857/855 1062/1301/1296 762/685/685
f 1064/963/959 763/686/686 575/505/505
f 1063/5088/5082 945/857/855 947/859/857
f 1065/5089/5083 764/855/853 946/856/854
f 1239/1114/1110 1063/5088/5082 947/859/857
f 766/687/687 764/855/853 1065/5089/5083
f 1065/5089/5083 1241/1306/1301 766/687/687
f 1066/966/962 947/859/857 771/964/960
f 1071/970/966 5489/5090/5084 5490/5091/5085
f 769/688/688 766/687/687 1067/967/963
f 1068/965/961 772/690/690 1073/972/968
f 1073/972/968 773/691/691 775/693/693
f 955/865/863 1075/975/971 954/866/864
f 1074/5068/5062 1245/974/970 955/865/863
f 1076/5092/5086 1077/700/700 594/701/701
f 1079/977/973 957/976/972 1080/1121/1117
f 959/876/874 963/873/871 595/875/873
f 1250/1118/1114 1081/978/974 960/868/866
f 1457/980/976 1458/5093/5087 965/878/876
f 1458/5093/5087 1085/5073/5067 965/878/876
f 5492/5094/5088 966/879/877 1085/5073/5067
f 967/881/879 1086/981/977 968/880/878
f 5493/5095/5089 972/882/880 1087/982/978
f 1089/984/980 977/889/887 1092/986/982
f 981/5030/5025 975/887/885 1090/1131/1127
f 1092/986/982 977/889/887 979/891/889
f 5494/5096/5090 983/987/983 982/892/890
f 5494/5096/5090 982/892/890 1095/1132/1128
f 982/892/890 985/894/892 1095/1132/1128
f 1097/989/985 1098/991/987 1265/1135/1131
f 985/894/892 1099/992/988 1095/1132/1128
f 987/990/986 1103/996/992 1282/1152/1148
f 992/1004/1000 987/990/986 1282/1152/1148
f 986/896/894 1104/997/993 1099/992/988
f 1104/997/993 988/895/893 1111/1159/1155
f 1112/1005/1001 5495/5097/5091 993/899/897
f 1105/998/994 1112/1005/1001 1106/999/995
f 1113/1006/1002 1115/1008/1004 1117/1010/1006
f 1121/1014/1010 1120/1013/1009 1127/1017/1013
f 1123/1160/1156 1001/906/904 1005/910/908
f 1002/907/905 1124/1169/1165 1008/913/911
f 1125/1022/1018 1008/913/911 1124/1169/1165
f 5496/5098/5092 5497/5099/5093 1120/1013/1009
f 5496/5098/5092 1012/917/915 5497/5099/5093
f 1120/1013/1009 5498/5100/5094 1127/1017/1013
f 1127/1017/1013 5498/5100/5094 1128/1018/1014
f 1126/1016/1012 1128/1018/1014 1139/1170/1166
f 1005/910/908 1129/1029/1025 1123/1160/1156
f 1133/1023/1019 1009/914/912 1008/913/911
f 5498/5100/5094 1143/1031/1027 1128/1018/1014
f 1139/1170/1166 1128/1018/1014 1140/1033/1029
f 1138/1028/1024 1152/1039/1035 1143/1031/1027
f 1143/1031/1027 1154/1042/1038 1144/1032/1028
f 1019/5101/5095 1021/924/920 857/925/921
f 1020/923/919 1155/1045/1041 1129/1029/1025
f 1020/923/919 1024/1046/1042 1155/1045/1041
f 1147/1034/1030 1150/1037/1033 1135/1025/1021
f 1151/1038/1034 5500/5102/5096 1154/1042/1038
f 1161/1191/1187 1026/928/924 1022/926/922
f 1163/1047/1043 1024/1046/1042 1025/929/925
f 5500/5102/5096 1166/1053/1049 1165/1052/1048
f 1162/1056/1052 877/790/788 1026/928/924
f 1162/1056/1052 1026/928/924 1161/1191/1187
f 1158/1048/1044 1170/1059/1055 1172/1061/1057
f 1165/1052/1048 1164/1051/1047 1167/5103/5097
f 1162/1056/1052 1028/1055/1051 877/790/788
f 5501/5104/5098 1177/5105/5099 1164/1051/1047
f 1174/1062/1058 1027/1057/1053 1169/1058/1054
f 1573/1436/1431 1030/932/928 1173/1063/1059
f 1342/1214/1210 1175/1064/1060 1032/939/935
f 1180/1213/1209 5487/5085/5079 1181/1210/1206
f 5487/5085/5079 1030/932/928 1181/1210/1206
f 1196/5106/5100 1192/1075/1071 1191/1074/1070
f 1194/1255/1251 1197/1078/1074 1200/1080/1076
f 1194/1255/1251 1193/1242/1238 1197/1078/1074
f 1195/1077/1073 1048/951/947 1046/948/944
f 5503/5107/5101 1192/1075/1071 1196/5106/5100
f 5503/5107/5101 1206/5108/5102 1192/1075/1071
f 1192/1075/1071 1206/5108/5102 5502/5109/5103
f 1197/1078/1074 5502/5109/5103 1207/1085/1081
f 1197/1078/1074 1207/1085/1081 1199/1079/1075
f 1200/1080/1076 1199/1079/1075 1209/1262/1258
f 1199/1079/1075 1207/1085/1081 1208/1087/1083
f 5504/5110/5104 5505/5111/5105 1218/1093/1089
f 1208/1087/1083 1205/1086/1082 1220/1095/1091
f 1208/1087/1083 1213/1263/1259 1199/1079/1075
f 1214/1267/1263 1216/1283/1278 1048/951/947
f 1404/1273/1269 5506/5112/5106 1405/1274/1270
f 1219/1094/1090 1218/1093/1089 5505/5111/5105
f 1218/1093/1089 1217/1092/1088 1220/1095/1091
f 1222/1272/1268 1216/1283/1278 1214/1267/1263
f 1397/1097/1093 927/838/836 1414/954/950
f 1413/1282/1277 1419/1289/1284 1227/5065/5059
f 932/844/842 934/5113/5107 1229/1103/1099
f 1419/1289/1284 1052/955/951 933/956/952
f 5507/5114/5108 1051/5115/5109 935/5066/5060
f 1230/1291/1286 1053/957/953 1052/955/951
f 1233/1106/1102 1056/961/957 942/852/850
f 1426/1300/1295 1059/1110/1106 944/853/851
f 1426/1300/1295 944/853/851 1062/1301/1296
f 1061/5087/5081 1238/1112/1108 1064/963/959
f 1428/1523/1518 1063/5088/5082 1239/1114/1110
f 1243/5116/5110 1433/5117/5111 5508/5118/5112
f 1073/972/968 775/693/693 1435/1116/1112
f 1436/973/969 956/867/865 1437/5119/5113
f 1247/1530/1525 1076/5092/5086 1248/1314/1309
f 1251/1120/1116 5491/5120/5114 962/872/870
f 962/872/870 954/866/864 1251/1120/1116
f 1079/977/973 1080/1121/1117 1253/1122/1118
f 1253/1122/1118 963/873/871 1448/1123/1119
f 963/873/871 959/876/874 1254/1124/1120
f 1083/979/975 1255/1319/1314 1254/1124/1120
f 1451/1321/1316 1083/979/975 1081/978/974
f 1250/1118/1114 1249/1117/1113 5510/5121/5115
f 5493/5095/5089 1087/982/978 5511/5122/5116
f 1458/5093/5087 5492/5094/5088 1085/5073/5067
f 1454/5123/5117 1455/5124/5118 966/879/877
f 1455/5124/5118 1256/1125/1121 967/881/879
f 1257/1126/1122 975/887/885 974/886/884
f 1089/984/980 1260/1128/1124 1258/1129/1125
f 1090/1131/1127 1261/1130/1126 1093/1331/1326
f 1091/985/981 1466/1328/1323 1092/986/982
f 1093/1331/1326 1262/1330/1325 1266/1136/1132
f 1265/1135/1131 1093/1331/1326 1266/1136/1132
f 1264/1134/1130 5494/5096/5090 1095/1132/1128
f 1263/1133/1129 1095/1132/1128 1096/1140/1136
f 1265/1135/1131 1267/1137/1133 1268/1138/1134
f 1100/993/989 1481/5125/5119 1472/1336/1331
f 1481/5125/5119 1100/993/989 1474/1338/1333
f 1100/993/989 1102/995/991 1474/1338/1333
f 1103/996/992 1268/1138/1134 1280/1150/1146
f 1268/1138/1134 1103/996/992 1097/989/985
f 1944/1139/1135 1099/992/988 1104/997/993
f 1105/998/994 1269/1146/1142 1275/1147/1143
f 1283/1153/1149 1103/996/992 1281/1151/1147
f 1290/1163/1159 1284/1162/1158 1488/1350/1345
f 1273/1144/1140 1488/1350/1345 1284/1162/1158
f 5512/5126/5120 1118/1011/1007 1279/1154/1150
f 1118/1011/1007 1121/1014/1010 1285/1155/1151
f 1283/1153/1149 1119/1012/1008 1110/1003/999
f 1286/1156/1152 1287/1157/1153 1283/1153/1149
f 1283/1153/1149 1287/1157/1153 1119/1012/1008
f 1293/1165/1161 1288/1158/1154 1287/1157/1153
f 1290/1163/1159 1512/1375/1370 1291/1164/1160
f 5513/5127/5121 1291/1164/1160 5514/5128/5122
f 1291/1164/1160 5513/5127/5121 1284/1162/1158
f 1285/1155/1151 1297/1171/1167 1292/1357/1352
f 1512/1375/1370 1296/1168/1164 1124/1169/1165
f 1291/1164/1160 1512/1375/1370 1124/1169/1165
f 1302/5129/5123 1533/1394/1389 1305/5130/5124
f 1303/5131/5125 1123/1160/1156 1129/1029/1025
f 1139/1170/1166 1304/1176/1172 1299/1173/1169
f 1301/1175/1171 1304/1176/1172 1310/1397/1392
f 1301/1175/1171 1299/1173/1169 1304/1176/1172
f 1543/1409/1404 1303/5131/5125 1129/1029/1025
f 1307/1177/1173 1308/1180/1176 1141/1030/1026
f 1125/1022/1018 1307/1177/1173 1141/1030/1026
f 1145/1041/1037 1304/1176/1172 1140/1033/1029
f 1309/5132/5126 1310/1397/1392 1304/1176/1172
f 1309/5132/5126 1304/1176/1172 1145/1041/1037
f 1313/1184/1180 1315/1183/1179 1155/1045/1041
f 1316/1185/1181 1311/1179/1175 1548/1412/1407
f 1317/1186/1182 1316/1185/1181 1323/5133/5127
f 5516/5134/5128 1312/1181/1177 1319/1188/1184
f 1148/1035/1031 1319/1188/1184 1312/1181/1177
f 5515/5135/5129 1322/1600/1595 1161/1191/1187
f 1161/1191/1187 1322/1600/1595 1324/1192/1188
f 1560/1423/1418 1323/5133/5127 1316/1185/1181
f 5516/5134/5128 1325/1193/1189 1327/1195/1191
f 1160/1050/1046 1327/1195/1191 1326/1194/1190
f 1167/5103/5097 1320/1189/1185 1157/1044/1040
f 1330/1199/1195 1313/1184/1180 1163/1047/1043
f 1326/1194/1190 1328/1196/1192 1158/1048/1044
f 1326/1194/1190 1158/1048/1044 1160/1050/1046
f 5517/5136/5130 1320/1189/1185 1167/5103/5097
f 1162/1056/1052 1329/1197/1193 1168/1054/1050
f 1175/1064/1060 1330/1199/1195 1163/1047/1043
f 1331/1434/1429 1328/1196/1192 1326/1194/1190
f 1565/1427/1422 1335/1203/1199 1566/1428/1423
f 1573/1436/1431 1173/1063/1059 1174/1062/1058
f 1170/1059/1055 1328/1196/1192 1333/1200/1196
f 5517/5136/5130 5518/5137/5131 1335/1203/1199
f 1335/1203/1199 5518/5137/5131 1336/1204/1200
f 1175/1064/1060 1342/1214/1210 1332/1198/1194
f 5520/5138/5132 5521/5139/5133 5518/5137/5131
f 1585/1211/1207 1181/1210/1206 1573/1436/1431
f 5521/5139/5133 1351/1222/1218 1350/1221/1217
f 1038/940/936 1346/1217/1213 1342/1214/1210
f 1350/1221/1217 5523/5140/5134 5524/5141/5135
f 5524/5141/5135 1366/1237/1233 1353/1224/1220
f 1598/1461/1456 1184/1067/1063 1355/1226/1222
f 1356/1227/1223 1042/944/940 1355/1226/1222
f 1364/1235/1231 1362/1233/1229 1365/1236/1232
f 1354/1225/1221 1353/1224/1220 1601/1464/1459
f 1353/1224/1220 1367/1238/1234 1372/1244/1240
f 1601/1464/1459 1353/1224/1220 1375/1247/1243
f 1362/1233/1229 1370/1241/1237 1187/1070/1066
f 5525/5142/5136 1365/1236/1232 1189/1072/1068
f 1190/1073/1069 5525/5142/5136 1189/1072/1068
f 1374/1246/1242 1373/1245/1241 5526/5143/5137
f 1378/1249/1245 1376/1248/1244 1603/1466/1461
f 1371/1243/1239 1377/1250/1246 1378/1249/1245
f 1357/1228/1224 1385/1260/1256 1381/1253/1249
f 1191/1074/1070 1187/1070/1066 1370/1241/1237
f 1377/1250/1246 1194/1255/1251 1383/1478/1473
f 1385/1260/1256 1386/5144/5138 5527/5145/5139
f 1194/1255/1251 1387/5146/5140 1383/1478/1473
f 1387/5146/5140 1194/1255/1251 1200/1080/1076
f 1387/5146/5140 1200/1080/1076 1388/5147/5141
f 1631/1488/1483 1388/5147/5141 1630/1489/1484
f 1391/1261/1257 1394/5148/5142 1203/1083/1079
f 5528/5149/5143 1204/1084/1080 1203/1083/1079
f 1209/1262/1258 1213/1263/1259 1392/1265/1261
f 1392/1265/1261 1630/1489/1484 1209/1262/1258
f 1394/5148/5142 1393/5150/5144 5506/5112/5106
f 5528/5149/5143 1394/5148/5142 5506/5112/5106
f 5529/5151/5145 1395/5152/5146 1221/1096/1092
f 1396/1266/1262 1213/1263/1259 1395/5152/5146
f 1397/1097/1093 1211/1089/1085 1049/1091/1087
f 5506/5112/5106 1398/5153/5147 1405/1274/1270
f 1398/5153/5147 5506/5112/5106 1393/5150/5144
f 1399/1268/1264 1401/1270/1266 5531/5154/5148
f 1225/1100/1096 1224/1099/1095 1406/1275/1271
f 1417/1287/1282 1410/1279/1274 1418/1288/1283
f 1410/1279/1274 1417/1287/1282 1411/1280/1275
f 1413/1282/1277 1222/1272/1268 1402/1271/1267
f 5533/5155/5149 1670/1294/1289 1667/1514/1509
f 1428/1523/1518 1427/1302/1297 1062/1301/1296
f 1236/5156/5150 1238/1112/1108 1061/5087/5081
f 1240/1303/1298 946/856/854 1237/1113/1109
f 1066/966/962 1242/1308/1303 1239/1114/1110
f 1434/5157/5151 1243/5116/5110 1430/1305/1300
f 1430/1305/1300 1243/5116/5110 1241/1306/1301
f 1432/1309/1304 1431/1307/1302 1068/965/961
f 5534/5158/5152 1243/5116/5110 1434/5157/5151
f 1244/5159/5153 5509/5160/5154 1245/974/970
f 5534/5158/5152 1434/5157/5151 1682/1528/1523
f 1245/974/970 5509/5160/5154 1439/1311/1306
f 1245/974/970 1440/1312/1307 1438/1310/1305
f 1252/1119/1115 1075/975/971 1442/1535/1530
f 1442/1535/1530 1075/975/971 1438/1310/1305
f 1248/1314/1309 1079/977/973 1444/1315/1310
f 1448/1123/1119 1447/1738/1733 1253/1122/1118
f 1445/5161/5155 1250/1118/1114 5510/5121/5115
f 1445/5161/5155 5510/5121/5115 1452/1533/1528
f 1254/1124/1120 1255/1319/1314 1449/1318/1313
f 1255/1319/1314 1083/979/975 1450/1320/1315
f 1453/1538/1533 1458/5093/5087 1457/980/976
f 1461/1324/1319 1697/1742/1737 1087/982/978
f 1261/1130/1126 1259/1127/1123 1257/1126/1122
f 1261/1130/1126 1462/1746/1741 1467/1329/1324
f 1093/1331/1326 1261/1130/1126 1467/1329/1324
f 5535/5162/5156 5536/5163/5157 1264/1134/1130
f 1464/1326/1321 1260/1128/1124 1465/1327/1322
f 1092/986/982 1465/1327/1322 1260/1128/1124
f 5537/5164/5158 1469/1333/1328 1468/1332/1327
f 1472/1336/1331 1481/5125/5119 1473/1337/1332
f 1468/1332/1327 1475/1340/1335 1477/1342/1337
f 1477/1342/1337 1476/1341/1336 1479/1344/1339
f 1476/1341/1336 1712/1550/1545 1478/1343/1338
f 1943/1950/1945 1096/1140/1136 1944/1139/1135
f 1480/5165/5159 1471/1335/1330 5538/5166/5160
f 1276/1148/1144 1471/1335/1330 1480/5165/5159
f 1102/995/991 1270/1141/1137 1482/1339/1334
f 5539/5167/5161 1478/1343/1338 1712/1550/1545
f 1478/1343/1338 5539/5167/5161 5540/5168/5162
f 1487/1349/1344 1717/1555/1550 1488/1350/1345
f 1279/1154/1150 1489/1351/1346 1278/5169/5163
f 1497/1358/1353 1490/1352/1347 1279/1154/1150
f 5541/5170/5164 5540/5168/5162 5539/5167/5161
f 1281/1151/1147 1493/1353/1348 1495/1368/1363
f 1717/1555/1550 1496/1374/1369 1488/1350/1345
f 1488/1350/1345 1496/1374/1369 1290/1163/1159
f 1285/1155/1151 1497/1358/1353 1279/1154/1150
f 1513/5171/5165 1498/1359/1354 1292/1357/1352
f 1508/1370/1365 1494/1354/1349 1506/1367/1362
f 1287/1157/1153 1286/1156/1152 5542/5172/5166
f 1512/1375/1370 1496/1374/1369 1740/1574/1569
f 1499/1360/1355 1524/1384/1379 1501/1361/1356
f 1504/1365/1360 1527/1387/1382 1514/1376/1371
f 1518/1380/1375 1506/1367/1362 1514/1376/1371
f 1515/1377/1372 1742/1577/1572 1511/1373/1368
f 1293/1165/1161 1521/1578/1573 1294/1166/1162
f 1512/1375/1370 1535/1396/1391 1296/1168/1164
f 1535/1396/1391 1512/1375/1370 1740/1574/1569
f 1524/1384/1379 1541/1403/1398 1526/1386/1381
f 1525/1385/1380 1526/1386/1381 1528/1388/1383
f 1530/1390/1385 1527/1387/1382 1528/1388/1383
f 1307/1177/1173 1296/1168/1164 1534/1395/1390
f 1301/1175/1171 1536/1398/1393 1537/1399/1394
f 1542/1404/1399 1523/1383/1378 1537/1399/1394
f 1533/1394/1389 1756/1982/1977 1305/5130/5124
f 1540/1402/1397 5543/5173/5167 1759/1588/1583
f 5543/5173/5167 1540/1402/1397 1539/1401/1396
f 5499/1407/1402 1305/5130/5124 1545/1408/1403
f 1311/1179/1175 1307/1177/1173 1548/1412/1407
f 1759/1588/1583 1555/1419/1414 1557/1421/1416
f 1544/1405/1400 1310/1397/1392 5544/5174/5168
f 1146/1406/1401 1545/1408/1403 1763/5175/5169
f 1315/1183/1179 1314/1182/1178 1546/1410/1405
f 1558/1595/1590 1546/1410/1405 1314/1182/1178
f 1548/1412/1407 1547/1411/1406 1769/1603/1598
f 1316/1185/1181 1548/1412/1407 1769/1603/1598
f 1553/1417/1412 1766/1593/1588 1765/1592/1587
f 1556/1420/1415 1555/1419/1414 1554/1418/1413
f 5515/5135/5129 1763/5175/5169 1322/1600/1595
f 1316/1185/1181 1769/1603/1598 1559/1422/1417
f 1549/1413/1408 5545/5176/5170 1550/1414/1409
f 1564/1425/1420 1562/1433/1428 1563/1426/1421
f 1563/1426/1421 1326/1194/1190 1325/1193/1189
f 1778/1607/1602 1563/1426/1421 1568/1432/1427
f 1563/1426/1421 1778/1607/1602 1331/1434/1429
f 1174/1062/1058 1169/1058/1054 1572/1435/1430
f 1570/5177/5171 1571/1613/1608 1575/5178/5172
f 1575/5178/5172 1571/1613/1608 5546/5179/5173
f 5547/5180/5174 5546/5179/5173 1571/1613/1608
f 1332/1198/1194 1579/1451/1446 1574/1438/1433
f 1579/1451/1446 1332/1198/1194 1342/1214/1210
f 1571/1613/1608 1570/5177/5171 1987/1795/1790
f 1987/1795/1790 5548/5181/5175 1794/5182/5176
f 1570/5177/5171 5548/5181/5175 1987/1795/1790
f 1589/1452/1447 1788/1619/1614 1591/1453/1448
f 1344/1442/1437 1343/1216/1212 1592/1457/1452
f 1581/1444/1439 1580/1443/1438 1582/1445/1440
f 1580/1443/1438 5549/5183/5177 1578/1441/1436
f 5549/5183/5177 1580/1443/1438 1581/1444/1439
f 1584/1447/1442 1341/1212/1208 1585/1211/1207
f 1579/1451/1446 1342/1214/1210 1346/1217/1213
f 1354/1225/1221 1592/1457/1452 1343/1216/1212
f 1595/1458/1453 1354/1225/1221 1602/1465/1460
f 1346/1217/1213 1600/1463/1458 1588/1450/1445
f 5550/5184/5178 1349/1220/1216 1816/1645/1640
f 1816/1645/1640 1349/1220/1216 1589/1452/1447
f 1600/1463/1458 1368/1239/1235 1606/1467/1462
f 1376/1248/1244 1377/1250/1246 1616/1477/1472
f 1376/1248/1244 1616/1477/1472 1607/1469/1464
f 5551/5185/5179 1817/1646/1641 1607/1469/1464
f 1820/1649/1644 1612/1475/1470 1613/1650/1645
f 1613/1650/1645 1612/1475/1470 1614/1474/1469
f 1386/5144/5138 5550/5184/5178 5553/5186/5180
f 5551/5185/5179 5554/5187/5181 1609/1471/1466
f 5554/5187/5181 1388/5147/5141 1609/1471/1466
f 1609/1471/1466 5555/5188/5182 1623/5189/5183
f 5556/5190/5184 1626/1485/1480 1620/1482/1477
f 1617/1479/1474 1621/1483/1478 1628/1487/1482
f 1617/1479/1474 1615/1476/1471 1621/1483/1478
f 1388/5147/5141 1631/1488/1483 5555/5188/5182
f 1623/5189/5183 5555/5188/5182 1624/5191/5185
f 1623/5189/5183 1624/5191/5185 1625/5192/5186
f 1628/1487/1482 1627/1486/1481 1635/1657/1652
f 1631/1488/1483 1392/1265/1261 1632/1678/1673
f 1631/1488/1483 1632/1678/1673 5555/5188/5182
f 1624/5191/5185 1633/1667/1662 1625/5192/5186
f 1633/1667/1662 1634/5193/5187 1625/5192/5186
f 1622/1484/1479 1215/1264/1260 1389/1258/1254
f 1629/1491/1486 1212/1090/1086 1211/1089/1085
f 1637/1492/1487 1639/1494/1489 1643/1496/1491
f 1638/1493/1488 1637/1492/1487 1393/5150/5144
f 1394/5148/5142 1638/1493/1488 1393/5150/5144
f 1392/1265/1261 1396/1266/1262 5558/5194/5188
f 1392/1265/1261 5558/5194/5188 1640/1502/1497
f 1398/5153/5147 1393/5150/5144 1637/1492/1487
f 1873/1497/1492 1398/5153/5147 1637/1492/1487
f 1396/1266/1262 5559/5195/5189 5558/5194/5188
f 1401/1270/1266 1400/1269/1265 1645/1499/1494
f 1646/1501/1496 1644/1498/1493 1645/1499/1494
f 1640/1502/1497 1649/1504/1499 1632/1678/1673
f 1622/1484/1479 1402/1271/1267 1215/1264/1260
f 1398/5153/5147 1655/1696/1691 1407/1276/1272
f 1650/5196/5190 1403/1284/1279 1414/954/950
f 1398/5153/5147 1873/1497/1492 1655/1696/1691
f 1407/1276/1272 1655/1696/1691 1653/1506/1501
f 1417/1287/1282 1416/1286/1281 1658/5197/5191
f 1657/1511/1506 1417/1287/1282 1658/5197/5191
f 1411/1280/1275 1417/1287/1282 1657/1511/1506
f 1654/1507/1502 1411/1280/1275 1657/1511/1506
f 1411/1280/1275 1651/1505/1500 1412/1281/1276
f 1402/1271/1267 1652/1881/1876 1413/1282/1277
f 1414/954/950 1228/1102/1098 1650/5196/5190
f 1881/1703/1698 1415/1285/1280 1656/1508/1503
f 1881/1703/1698 5560/5198/5192 1415/1285/1280
f 1657/1511/1506 1658/5197/5191 1661/1509/1504
f 1652/1881/1876 1420/1290/1285 1419/1289/1284
f 1660/1882/1877 1228/1102/1098 1663/5199/5193
f 1663/5199/5193 5507/5114/5108 5561/1898/1893
f 5561/1898/1893 5507/5114/5108 5532/1516/1511
f 1423/1295/1290 5562/5200/5194 1671/1713/1708
f 1673/5201/5195 1058/1109/1105 1891/5202/5196
f 1058/1109/1105 1673/5201/5195 1674/1520/1515
f 1059/1110/1106 1898/1299/1294 1425/1297/1292
f 1427/1302/1297 1899/1718/1713 1898/1299/1294
f 1683/1529/1524 1434/5157/5151 1678/1525/1520
f 1679/1912/1907 1246/1115/1111 1435/1116/1112
f 1908/1913/1908 1679/1912/1907 1435/1116/1112
f 1681/1527/1522 1683/1529/1524 1687/1725/1720
f 5563/5203/5197 1442/1535/1530 5564/5204/5198
f 5564/5204/5198 1442/1535/1530 1438/1310/1305
f 1686/5205/5199 1687/1725/1720 1685/1727/1722
f 1438/1310/1305 1680/1526/1521 5564/5204/5198
f 1690/1536/1531 1442/1535/1530 5565/5206/5200
f 1445/5161/5155 1452/1533/1528 1693/1532/1527
f 1919/1731/1726 1693/1532/1527 1689/1534/1529
f 1450/1320/1315 1691/1537/1532 1694/1923/1918
f 1449/1318/1313 1450/1320/1315 5566/5207/5201
f 1453/1538/1533 1696/1539/1534 2488/2251/2246
f 1256/1125/1121 1456/1928/1923 1922/1930/1925
f 5493/5095/5089 1695/2105/2100 1457/980/976
f 1459/1322/1317 2324/1740/1735 1257/1126/1122
f 1257/1126/1122 2324/1740/1735 1698/1540/1535
f 1462/1746/1741 1701/1745/1740 5567/5208/5202
f 1467/1329/1324 1462/1746/1741 5567/5208/5202
f 5568/5209/5203 5569/1941/1936 5570/5210/5204
f 1468/1332/1327 1704/1544/1539 1703/1543/1538
f 1933/1942/1937 5568/5209/5203 5535/5162/5156
f 1475/1340/1335 1705/1545/1540 1713/1551/1546
f 1933/1942/1937 5535/5162/5156 1943/1950/1945
f 1720/5211/5205 1471/1335/1330 1947/1760/1755
f 1471/1335/1330 1473/1337/1332 1935/1752/1747
f 1471/1335/1330 1935/1752/1747 1947/1760/1755
f 1709/1549/1544 1706/1546/1541 1473/1337/1332
f 1481/5125/5119 1709/1549/1544 1473/1337/1332
f 1476/1341/1336 1475/1340/1335 1712/1550/1545
f 1713/1551/1546 1705/1545/1540 1711/5212/5206
f 1487/1349/1344 1718/1556/1551 1717/1555/1550
f 1471/1335/1330 1720/5211/5205 5538/5166/5160
f 1710/1754/1749 1482/1339/1334 1485/1347/1342
f 1710/1754/1749 1485/1347/1342 1721/1563/1558
f 1725/1560/1555 1716/1554/1549 5571/5213/5207
f 1725/1560/1555 1724/1559/1554 1716/1554/1549
f 1716/1554/1549 1738/1572/1567 1726/1561/1556
f 1727/1562/1557 1726/1561/1556 1739/1573/1568
f 1722/1769/1764 1721/1563/1558 1729/1564/1559
f 1722/1769/1764 5572/5214/5208 1731/5215/5209
f 1722/1769/1764 1731/5215/5209 1732/1566/1561
f 1732/1566/1561 1731/5215/5209 5573/5216/5210
f 5573/5216/5210 1733/1567/1562 1732/1566/1561
f 1737/1571/1566 1500/1362/1357 1723/1558/1553
f 1724/1559/1554 1500/1362/1357 1502/1363/1358
f 2164/5217/5211 1271/1142/1138 1522/5218/5212
f 1743/1579/1574 1521/1578/1573 5574/5219/5213
f 1303/5131/5125 1749/5220/5214 1522/5218/5212
f 1744/1580/1575 1745/1774/1769 1535/1396/1391
f 1962/1776/1771 1746/1581/1576 5575/5221/5215
f 1517/1379/1374 1747/1778/1773 1519/1381/1376
f 1517/1379/1374 1746/1581/1576 1747/1778/1773
f 1294/1166/1162 1743/1579/1574 1532/1392/1387
f 1749/5220/5214 1303/5131/5125 1757/1781/1776
f 1745/1774/1769 1534/1395/1390 1535/1396/1391
f 1750/1582/1577 1753/1585/1580 1752/1584/1579
f 1962/1776/1771 5575/5221/5215 1753/1585/1580
f 1748/1393/1388 1756/1982/1977 1533/1394/1389
f 1757/1781/1776 1303/5131/5125 1543/1409/1404
f 1534/1395/1390 1745/1774/1769 1758/5222/5216
f 1971/1783/1778 1968/1786/1781 5576/5223/5217
f 1540/1402/1397 1760/1589/1584 1761/5224/5218
f 5577/5225/5219 5576/5223/5217 5578/5226/5220
f 1761/5224/5218 1750/1582/1577 1540/1402/1397
f 2186/1590/1585 1545/1408/1403 1756/1982/1977
f 1758/5222/5216 1547/1411/1406 1534/1395/1390
f 1557/1421/1416 5579/5227/5221 5580/5228/5222
f 1759/1588/1583 1557/1421/1416 5580/5228/5222
f 1759/1588/1583 5580/5228/5222 1760/1589/1584
f 1762/1591/1586 2197/2149/2144 1763/5175/5169
f 1765/1592/1587 1767/1594/1589 5581/5229/5223
f 1765/1592/1587 5579/5227/5221 1557/1421/1416
f 1763/5175/5169 2197/2149/2144 1774/1601/1596
f 1322/1600/1595 1763/5175/5169 1774/1601/1596
f 1769/1603/1598 1764/1790/1785 1768/1602/1597
f 1771/1597/1592 5582/5230/5224 5583/5231/5170
f 1774/1601/1596 1979/1430/1425 1324/1192/1188
f 1784/1614/1609 1982/1995/1990 1776/1605/1600
f 1329/1197/1193 1985/2160/2155 1169/1058/1054
f 1783/1612/1607 1785/1617/1612 1786/1616/1611
f 1779/1608/1603 1778/1607/1602 1568/1432/1427
f 2218/1615/1610 1585/1211/1207 1573/1436/1431
f 1579/1451/1446 1789/1812/1807 1574/1438/1433
f 1787/1618/1613 1790/1633/1628 5584/5232/5225
f 1581/1444/1439 1583/1446/1441 1594/1456/1451
f 1794/5182/5176 1793/1622/1617 1792/1621/1616
f 1801/1628/1623 1585/1211/1207 2008/5233/5226
f 1579/1451/1446 1588/1450/1445 1789/1812/1807
f 1822/1652/1647 1805/1632/1627 1787/1618/1613
f 1817/1646/1641 1808/1636/1631 1608/1470/1465
f 1808/1636/1631 1818/1647/1642 2012/1813/1808
f 1809/1637/1632 2012/1813/1808 1818/1647/1642
f 5585/5234/5227 1797/1625/1620 1819/1648/1643
f 1820/1649/1644 5585/5234/5227 5552/5235/5228
f 1811/1640/1635 1613/1650/1645 1614/1474/1469
f 1827/1819/1814 1812/1641/1636 1618/1480/1475
f 1824/1824/1819 1604/1481/1476 1599/1462/1457
f 1828/1655/1650 1827/1819/1814 1618/1480/1475
f 1827/1819/1814 1828/1655/1650 2029/5236/5229
f 1384/1256/1252 5587/5237/5230 1606/1467/1462
f 1828/1655/1650 1829/1656/1651 2029/5236/5229
f 1617/1479/1474 5589/5238/5231 1829/1656/1651
f 5587/5237/5230 1384/1256/1252 2039/2049/2044
f 5589/5238/5231 1617/1479/1474 1628/1487/1482
f 2039/2049/2044 1390/1259/1255 1629/1491/1486
f 1826/1654/1649 1842/1843/1838 5591/5239/5232
f 1835/1659/1654 1635/1657/1652 1836/1660/1655
f 1839/1662/1657 1840/1673/1668 1831/1663/1658
f 1831/1663/1658 1840/1673/1668 1841/1666/1661
f 1846/1670/1665 1633/1667/1662 5593/5240/5233
f 5594/5241/5234 1834/1658/1653 1847/1671/1666
f 1849/1674/1669 1839/1662/1657 1838/1844/1839
f 1840/1673/1668 1850/1854/1849 1841/1666/1661
f 1853/1677/1672 1642/1495/1490 1643/1496/1491
f 1645/1499/1494 5595/5242/5235 1646/1501/1496
f 5595/5242/5235 1645/1499/1494 1866/1689/1684
f 1632/1678/1673 1854/1679/1674 1641/5243/5236
f 1869/1692/1687 2047/1848/1843 5596/5244/5237
f 1856/1681/1676 1859/1684/1679 5597/5245/5238
f 1859/1684/1679 1860/1685/1680 1861/1686/1681
f 1863/1849/1844 1848/1672/1667 2048/1850/1845
f 1851/1675/1670 1403/1284/1279 1650/5196/5190
f 1642/1495/1490 1852/1676/1671 5598/5246/5239
f 1875/1700/1695 1873/1497/1492 5599/5247/5240
f 1642/1495/1490 5598/5246/5239 5599/5247/5240
f 1874/1695/1690 1873/1497/1492 1875/1700/1695
f 1651/1505/1500 1877/1887/1882 1867/1690/1685
f 1645/1499/1494 1651/1505/1500 1867/1690/1685
f 1877/1887/1882 1651/1505/1500 1659/1698/1693
f 1878/1699/1694 1653/1506/1501 1874/1695/1690
f 5600/5248/5241 1656/1508/1503 1879/1701/1696
f 1662/1510/1505 5601/5249/5242 1889/1710/1705
f 1889/1710/1705 5601/5249/5242 1887/1708/1703
f 1656/1508/1503 5600/5248/5241 1880/1702/1697
f 1876/1697/1692 1662/1510/1505 1889/1710/1705
f 1657/1511/1506 1662/1510/1505 1876/1697/1692
f 1883/1705/1700 1876/1697/1692 1889/1710/1705
f 1884/1883/1878 1660/1882/1877 1663/5199/5193
f 1663/5199/5193 2091/5250/5243 1884/1883/1878
f 1890/5251/5244 1669/1518/1513 1665/1512/1507
f 1666/1517/1512 1669/1518/1513 1891/5202/5196
f 1423/1295/1290 1894/1714/1709 1893/1712/1707
f 1895/2088/2083 1672/1519/1514 1425/1297/1292
f 2101/5252/5245 1674/1520/1515 1673/5201/5195
f 1675/1521/1516 1238/1112/1108 1901/1719/1714
f 1900/1717/1712 1428/1523/1518 1676/1522/1517
f 1242/1308/1303 1905/1724/1719 1676/1522/1517
f 1677/1524/1519 1675/1521/1516 1904/1722/1717
f 1678/1525/1520 1677/1524/1519 1907/1910/1905
f 1432/1309/1304 1246/1115/1111 1679/1912/1907
f 1683/1529/1524 1678/1525/1520 2118/1915/1910
f 2118/1915/1910 1909/1728/1723 1683/1529/1524
f 1911/1729/1724 1910/5253/5246 1247/1530/1525
f 1912/1726/1721 1909/1728/1723 2121/1918/1913
f 1687/1725/1720 1909/1728/1723 1912/1726/1721
f 2123/2100/2095 1443/1313/1308 2122/5254/5247
f 1916/1734/1729 1915/1733/1728 2122/5254/5247
f 1913/1730/1725 5603/5255/5248 1914/1732/1727
f 1685/1727/1722 1912/1726/1721 2125/1917/1912
f 1694/1923/1918 1691/1537/1532 1920/1924/1919
f 1692/5256/5249 1693/1532/1527 2133/1926/1921
f 1692/5256/5249 2133/1926/1921 1920/1924/1919
f 1693/1532/1527 1919/1731/1726 2133/1926/1921
f 5511/5122/5116 1697/1742/1737 1924/5257/5250
f 1461/1324/1319 1700/1932/1927 2137/1741/1736
f 1462/1746/1741 1699/1541/1536 2138/1744/1739
f 1460/1323/1318 1926/1743/1738 1700/1932/1927
f 5604/5258/5251 2140/1934/1929 1929/1749/1744
f 1704/1544/1539 5604/5258/5251 1929/1749/1744
f 5570/5210/5204 5569/1941/1936 5605/5259/5252
f 1929/1749/1744 1703/1543/1538 1704/1544/1539
f 1928/1748/1743 1705/1545/1540 1703/1543/1538
f 1945/1758/1753 1947/1760/1755 1935/1752/1747
f 1931/1947/1942 1930/1753/1748 1708/1548/1543
f 1931/1947/1942 1708/1548/1543 1936/1756/1751
f 1708/1548/1543 1710/1754/1749 1936/1756/1751
f 2157/1956/1951 1940/1757/1752 1932/1750/1745
f 1940/1757/1752 1711/5212/5206 1705/1545/1540
f 5606/5260/5253 1719/1557/1552 2160/1961/1956
f 1946/1759/1754 1720/5211/5205 1947/1760/1755
f 1721/1563/1558 1937/1755/1750 1710/1754/1749
f 1948/1768/1763 1937/1755/1750 1722/1769/1764
f 1956/1770/1765 1950/1762/1757 1949/1761/1756
f 1938/1765/1760 5607/5261/5254 1953/1766/1761
f 1939/5262/5255 1938/1765/1760 1952/1764/1759
f 1951/1763/1758 5607/5261/5254 1938/1765/1760
f 5607/5261/5254 1951/1763/1758 1950/1762/1757
f 5606/5260/5253 1959/1773/1768 1728/1575/1570
f 1960/5263/5256 1522/5218/5212 1749/5220/5214
f 1745/1774/1769 1959/1773/1768 1961/1965/1960
f 1962/1776/1771 1966/1775/1770 5608/5264/5257
f 1962/1776/1771 1963/1777/1772 1746/1581/1576
f 5609/5265/5258 5610/5266/5259 5611/5267/5260
f 2180/1977/1972 1756/1982/1977 1748/1393/1388
f 5612/5268/5261 5577/5225/5219 5613/5269/5262
f 1961/1965/1960 1758/5222/5216 1745/1774/1769
f 5576/5223/5217 1968/1786/1781 5578/5226/5220
f 1967/1981/1976 5613/5269/5262 5578/5226/5220
f 1968/1786/1781 1973/1785/1780 1967/1981/1976
f 1758/5222/5216 1970/1984/1979 1974/1989/1984
f 5614/5270/5263 2195/1993/1988 5615/5271/5264
f 1972/1784/1779 5614/5270/5263 1973/1785/1780
f 1764/1790/1785 1974/1989/1984 1978/1789/1784
f 2195/1993/1988 5614/5270/5263 5616/5272/5265
f 1982/1995/1990 1975/1787/1782 1770/1596/1591
f 1782/1611/1606 1981/1791/1786 2373/5273/5266
f 1768/1602/1597 1978/1789/1784 1981/1791/1786
f 1980/1792/1787 1977/5274/5267 1561/1424/1419
f 1983/5275/5268 1982/1995/1990 1784/1614/1609
f 1988/1796/1791 1792/1621/1616 1989/5276/5269
f 1988/1796/1791 2202/1999/1994 1987/1795/1790
f 2202/1999/1994 1988/1796/1791 2205/2000/1995
f 5617/5277/5270 5618/5278/5271 1993/1800/1795
f 5617/5277/5270 1993/1800/1795 1995/1802/1797
f 1999/1806/1801 1798/1626/1621 5619/5279/5272
f 5619/5279/5272 1798/1626/1621 1990/1797/1792
f 1799/1627/1622 1990/1797/1792 1798/1626/1621
f 1800/1638/1633 2004/5280/5273 1799/1627/1622
f 2004/5280/5273 1800/1638/1633 2003/1810/1805
f 2003/1810/1805 1813/1642/1637 2005/5281/5274
f 5620/5282/5275 1992/1799/1794 1596/1459/1454
f 1807/1635/1630 5620/5282/5275 1596/1459/1454
f 5620/5282/5275 1807/1635/1630 1996/1803/1798
f 2012/1813/1808 1998/1805/1800 1808/1636/1631
f 1796/1624/1619 1798/1626/1621 1999/1806/1801
f 2233/2028/2023 2013/1816/1811 2014/5283/5276
f 2010/1811/1806 1588/1450/1445 1814/1643/1638
f 2017/1821/1816 5586/5284/5277 1812/1641/1636
f 2017/1821/1816 1812/1641/1636 2016/1820/1815
f 1803/1630/1625 1824/1824/1819 1599/1462/1457
f 2015/1817/1812 1821/1651/1646 1787/1618/1613
f 1605/1468/1463 1825/5285/5278 2251/5286/5279
f 1827/1819/1814 2029/5236/5229 2020/1825/1820
f 2020/1825/1820 2029/5236/5229 2021/5287/5280
f 2238/2033/2028 2024/1828/1823 2023/1827/1822
f 2022/1833/1828 2024/1828/1823 2238/2033/2028
f 2251/5286/5279 1825/5285/5278 5587/5237/5230
f 2028/1831/1826 1821/1651/1646 2027/1830/1825
f 5622/5288/5281 5623/5289/5282 2252/2044/2039
f 2024/1828/1823 2026/1840/1835 2025/1829/1824
f 1835/1659/1654 2041/5290/5283 5589/5238/5231
f 2033/1835/1830 2035/1837/1832 2041/5290/5283
f 2034/1836/1831 2030/1838/1833 2253/2045/2040
f 2024/1828/1823 1831/1663/1658 1832/1665/1660
f 2036/1839/1834 2037/1841/1836 2038/5291/5284
f 2026/1840/1835 1832/1665/1660 2037/1841/1836
f 2041/5290/5283 1837/1661/1656 2033/1835/1830
f 2034/1836/1831 2043/1845/1840 1838/1844/1839
f 1841/1666/1661 1865/1856/1851 2037/1841/1836
f 2037/1841/1836 2042/2056/2051 2038/5291/5284
f 5625/5292/5285 5626/5293/5286 2050/1852/1847
f 2043/1845/1840 2050/1852/1847 1849/1674/1669
f 5627/5294/5287 1863/1849/1844 2049/1851/1846
f 1836/1660/1655 5627/5294/5287 5628/5295/5288
f 5628/5295/5288 5629/5296/5289 5630/5297/5290
f 2050/1852/1847 2067/1867/1862 2052/1853/1848
f 1864/1688/1683 1849/1674/1669 2052/1853/1848
f 2054/1857/1852 1850/1854/1849 2053/1855/1850
f 1865/1856/1851 2054/1857/1852 2055/1875/1870
f 2044/2053/2048 1865/1856/1851 2076/1877/1872
f 2055/1875/1870 2076/1877/1872 1865/1856/1851
f 2057/1859/1854 1869/1692/1687 1868/1691/1686
f 1855/1680/1675 2057/1859/1854 2058/1860/1855
f 2058/1860/1855 1860/1685/1680 1855/1680/1675
f 1860/1685/1680 2060/1862/1857 1861/1686/1681
f 2059/1861/1856 5631/5298/5291 2060/1862/1857
f 5631/5298/5291 2062/1864/1859 1870/1693/1688
f 5631/5298/5291 1870/1693/1688 2060/1862/1857
f 2064/1866/1861 1871/1694/1689 1870/1693/1688
f 2062/1864/1859 2064/1866/1861 1870/1693/1688
f 5632/5299/5292 2064/1866/1861 2061/1863/1858
f 2065/2064/2059 2066/5300/5293 2061/1863/1858
f 2066/5300/5293 2065/2064/2059 5633/5301/5294
f 5634/5302/5295 5635/5303/5296 2278/5304/5297
f 2070/1870/1865 5636/5305/5298 5637/5306/5299
f 2071/1871/1866 2070/1870/1865 2279/5307/5300
f 2070/1870/1865 2072/1872/1867 5638/5308/5301
f 2074/1874/1869 5638/5308/5301 2072/1872/1867
f 2045/1846/1841 2284/2073/2068 5639/5309/5302
f 1867/1690/1685 2079/1880/1875 1866/1689/1684
f 2080/5310/5303 2083/5311/5304 1875/1700/1695
f 1867/1690/1685 1877/1887/1882 2081/1879/1874
f 1875/1700/1695 5640/5312/5305 5641/5313/5306
f 1875/1700/1695 2083/5311/5304 5640/5312/5305
f 1659/1698/1693 2084/1885/1880 1877/1887/1882
f 2084/1885/1880 2090/1892/1887 2085/1886/1881
f 1877/1887/1882 2085/1886/1881 2081/1879/1874
f 1879/1701/1696 1878/1699/1694 2086/1888/1883
f 1886/1707/1702 1885/1706/1701 2094/1895/1890
f 2088/1890/1885 2089/1891/1886 1888/1709/1704
f 1883/1705/1700 2089/1891/1886 2090/1892/1887
f 2096/2087/2082 1670/1294/1289 2098/5314/5307
f 2098/5314/5307 1670/1294/1289 1424/1296/1291
f 2097/5315/5308 2102/5316/5309 1669/1518/1513
f 2102/5316/5309 2101/5252/5245 1891/5202/5196
f 2103/2089/2084 1425/1297/1292 1896/1716/1711
f 1897/1715/1710 1898/1299/1294 2104/5317/5310
f 1903/1721/1716 1901/1719/1714 2108/1903/1898
f 1903/1721/1716 2110/1905/1900 2111/1906/1901
f 2467/2233/2228 1905/1724/1719 1906/1723/1718
f 2113/1911/1906 1677/1524/1519 1904/1722/1717
f 2113/1911/1906 1904/1722/1717 2111/1906/1901
f 2113/1911/1906 1907/1910/1905 1677/1524/1519
f 2114/1907/1902 1432/1309/1304 1679/1912/1907
f 2115/1914/1909 1908/1913/1908 2310/2096/2091
f 1684/5318/5311 2117/2237/2232 1908/1913/1908
f 2116/1909/1904 1909/1728/1723 2118/1915/1910
f 2116/1909/1904 2121/1918/1913 1909/1728/1723
f 2127/1921/1916 2129/1920/1915 2128/2101/2096
f 2129/1920/1915 2317/5319/5312 2128/2101/2096
f 2126/1735/1730 1916/1734/1729 1918/1737/1732
f 2126/1735/1730 1918/1737/1732 2131/5320/5313
f 2131/5320/5313 1918/1737/1732 1917/1736/1731
f 2132/1925/1920 1920/1924/1919 2134/1927/1922
f 1919/1731/1726 2127/1921/1916 2133/1926/1921
f 1921/2256/2251 2135/1929/1924 1456/1928/1923
f 1924/5257/5250 1697/1742/1737 2322/5321/5314
f 2136/1931/1926 1700/1932/1927 1926/1743/1738
f 2144/1938/1933 1926/1743/1738 1464/1326/1321
f 2143/1937/1932 1926/1743/1738 2144/1938/1933
f 2144/1938/1933 1464/1326/1321 5642/5322/5315
f 2142/1936/1931 1928/1748/1743 1929/1749/1744
f 1934/1751/1746 2148/1944/1939 2331/2111/2106
f 1931/1947/1942 2150/1946/1941 1930/1753/1748
f 2147/1943/1938 1945/1758/1753 1935/1752/1747
f 2147/1943/1938 5645/5323/5316 1945/1758/1753
f 2154/1953/1948 1938/1765/1760 1939/5262/5255
f 1939/5262/5255 5646/5324/5317 2154/1953/1948
f 2343/2122/2117 1949/1761/1756 2161/2123/2118
f 2155/1954/1949 2161/2123/2118 1949/1761/1756
f 2166/1966/1961 1961/1965/1960 1959/1773/1768
f 2170/1968/1963 2171/2283/2278 5608/5264/5257
f 2171/2283/2278 2172/1969/1964 1963/1777/1772
f 2172/1969/1964 2347/2128/2123 2173/1970/1965
f 2174/1971/1966 2178/1975/1970 1965/1780/1775
f 1961/1965/1960 2167/1964/1959 2181/1985/1980
f 1967/1981/1976 5647/5325/5318 5613/5269/5262
f 5647/5325/5318 1967/1981/1976 2185/5326/5319
f 2351/2133/2128 2176/1973/1968 2352/2134/2129
f 2351/2133/2128 2177/1974/1969 2176/1973/1968
f 2177/1974/1969 2351/2133/2128 2168/2126/2121
f 2169/1967/1962 1966/1775/1770 2177/1974/1969
f 2181/1985/1980 1970/1984/1979 1961/1965/1960
f 2183/1979/1974 2185/5326/5319 2184/1980/1975
f 1967/1981/1976 2184/1980/1975 2185/5326/5319
f 2182/1978/1973 5615/5271/5264 2189/1987/1982
f 2194/1992/1987 1975/1787/1782 2192/1990/1985
f 2197/2149/2144 1762/1591/1586 2366/2150/2145
f 1975/1787/1782 2198/1996/1991 2192/1990/1985
f 2548/2438/2433 1977/5274/5267 2199/5327/5320
f 2191/1988/1983 1981/1791/1786 1978/1789/1784
f 1981/1791/1786 2191/1988/1983 2371/2154/2149
f 1979/1430/1425 2372/2158/2153 1984/1431/1426
f 1984/1431/1426 2372/2158/2153 1985/2160/2155
f 2203/5328/5321 2199/5327/5320 1977/5274/5267
f 1782/1611/1606 2373/5273/5266 2204/2164/2159
f 1169/1058/1054 2377/2159/2154 2554/2003/1998
f 1572/1435/1430 1169/1058/1054 2554/2003/1998
f 2204/2164/2159 2209/1793/1788 1782/1611/1606
f 2207/2002/1997 2200/1997/1992 2205/2000/1995
f 2206/2001/1996 2205/2000/1995 1988/1796/1791
f 5648/5329/5322 1988/1796/1791 1989/5276/5269
f 1988/1796/1791 5648/5329/5322 2206/2001/1996
f 2212/2006/2001 2211/2005/2000 2221/2014/2009
f 2214/2008/2003 2213/2007/2002 2001/1808/1803
f 2215/2009/2004 2000/1807/1802 2216/2018/2013
f 2218/1615/1610 2217/2010/2005 2393/2451/2446
f 2208/2011/2006 1789/1812/1807 2226/2022/2017
f 2011/1818/1813 2209/1793/1788 2386/2169/2164
f 5649/5330/5323 5617/5277/5270 1995/1802/1797
f 2219/2013/2008 2220/2012/2007 2222/2015/2010
f 2212/2006/2001 2222/2015/2010 2220/2012/2007
f 2216/2018/2013 2000/1807/1802 2006/1814/1809
f 2225/2021/2016 1801/1628/1623 2393/2451/2446
f 2224/2019/2014 2006/1814/1809 2013/1816/1811
f 2236/2031/2026 2224/2019/2014 2013/1816/1811
f 2225/2021/2016 5651/5331/5324 2009/2020/2015
f 2227/2034/2029 2238/2033/2028 2228/5332/5325
f 2228/5332/5325 2023/1827/1822 2230/2024/2019
f 2231/2025/2020 2248/2039/2034 2249/2040/2035
f 2240/2037/2032 2019/1823/1818 1803/1630/1625
f 2394/2026/2021 1814/1643/1638 1605/1468/1463
f 2386/2169/2164 2242/5333/5326 2015/1817/1812
f 2248/2039/2034 2025/1829/1824 2250/2041/2036
f 2245/5334/5327 2244/2042/2037 2246/2046/2041
f 2022/1833/1828 2238/2033/2028 2247/2035/2030
f 2250/2041/2036 2026/1840/1835 2036/1839/1834
f 2249/2040/2035 2036/1839/1834 2413/2192/2187
f 2019/1823/1818 5652/5335/5328 1824/1824/1819
f 2242/5333/5326 2027/1830/1825 2015/1817/1812
f 2244/2042/2037 2253/2045/2040 2246/2046/2041
f 2030/1838/1833 2031/1832/1827 2253/2045/2040
f 2031/1832/1827 2022/1833/1828 2247/2035/2030
f 2255/2048/2043 5587/5237/5230 2039/2049/2044
f 2038/5291/5284 2419/2202/2197 2420/5336/5329
f 5652/5335/5328 5624/2061/2056 1619/1826/1821
f 2038/5291/5284 2042/2056/2051 2258/2200/2195
f 2258/2200/2195 2419/2202/2197 2038/5291/5284
f 2258/2200/2195 2042/2056/2051 2261/2055/2050
f 2044/2053/2048 2262/2057/2052 2042/2056/2051
f 2262/2057/2052 2044/2053/2048 2260/2054/2049
f 2261/2055/2050 2262/2057/2052 2427/2204/2199
f 2263/2058/2053 2427/2204/2199 2262/2057/2052
f 2073/1873/1868 2269/2065/2060 2428/2205/2200
f 2073/1873/1868 2428/2205/2200 5654/5337/5330
f 2428/2205/2200 5655/5338/5331 5654/5337/5330
f 2259/2051/2046 2283/2074/2069 2045/1846/1841
f 2271/2066/2061 2266/5339/5332 2079/1880/1875
f 2266/5339/5332 2271/2066/2061 2057/1859/1854
f 2057/1859/1854 2272/2067/2062 2267/2062/2057
f 5631/5298/5291 2273/2068/2063 2275/2070/2065
f 2268/2063/2058 2276/2071/2066 2065/2064/2059
f 2276/2071/2066 2277/5340/5333 2065/2064/2059
f 2065/2064/2059 2277/5340/5333 5635/5303/5296
f 2436/2210/2205 2437/2370/2365 2277/5340/5333
f 2437/2370/2365 2278/5304/5297 2277/5340/5333
f 2437/2370/2365 2279/5307/5300 2278/5304/5297
f 2279/5307/5300 2437/2370/2365 2438/2372/2367
f 2071/1871/1866 2440/5341/5334 2280/2072/2067
f 2281/2083/2078 2082/2082/2077 2077/1878/1873
f 2283/2074/2069 2287/2079/2074 2286/2078/2073
f 2085/1886/1881 2090/1892/1887 2289/2212/2207
f 2081/1879/1874 2085/1886/1881 2285/2076/2071
f 5656/5342/5335 2087/1889/1884 5641/5313/5306
f 2090/1892/1887 2290/2081/2076 2289/2212/2207
f 2295/2389/2384 5561/1898/1893 2095/1897/1892
f 5657/5343/5336 5658/5344/5337 2097/5315/5308
f 5658/5344/5337 2102/5316/5309 2097/5315/5308
f 2296/5345/5338 1424/1296/1291 1892/1711/1706
f 2099/1899/1894 5659/5346/5339 1892/1711/1706
f 2298/2090/2085 2297/5347/5340 1895/2088/2083
f 5660/5348/5341 2300/5349/5342 2101/5252/5245
f 2105/1900/1895 2300/5349/5342 2299/2225/2220
f 2302/2091/2086 1900/1717/1712 2109/1904/1899
f 2304/2094/2089 2110/1905/1900 2108/1903/1898
f 2109/1904/1899 1905/1724/1719 2305/2392/2387
f 2305/2392/2387 1905/1724/1719 2467/2233/2228
f 2110/1905/1900 2303/2093/2088 2111/1906/1901
f 2467/2233/2228 1906/1723/1718 2112/1908/1903
f 2306/2231/2226 2467/2233/2228 2112/1908/1903
f 2303/2093/2088 5661/5350/5343 2111/1906/1901
f 2114/1907/1902 2306/2231/2226 2112/1908/1903
f 1679/1912/1907 2115/1914/1909 2114/1907/1902
f 2307/2097/2092 2116/1909/1904 2113/1911/1906
f 2117/2237/2232 2119/5351/5344 2470/2397/2392
f 2311/2239/2234 2121/1918/1913 2116/1909/1904
f 2309/2098/2093 2311/2239/2234 2116/1909/1904
f 2313/5352/5345 2120/1919/1914 2121/1918/1913
f 2311/2239/2234 2313/5352/5345 2121/1918/1913
f 2314/5353/5346 2312/2099/2094 1915/1733/1728
f 2126/1735/1730 2314/5353/5346 1915/1733/1728
f 2128/2101/2096 2317/5319/5312 2315/2102/2097
f 5663/5354/5347 2130/1922/1917 2120/1919/1914
f 2313/5352/5345 5663/5354/5347 2120/1919/1914
f 2126/1735/1730 2131/5320/5313 2318/2405/2400
f 2127/1921/1916 2316/2103/2098 2320/2104/2099
f 2132/1925/1920 2319/2243/2238 2480/2246/2241
f 2322/5321/5314 2492/5355/5348 1924/5257/5250
f 1698/1540/1535 2324/1740/1735 2325/2107/2102
f 1926/1743/1738 2143/1937/1932 2326/2108/2103
f 2334/2114/2109 2151/1948/1943 1928/1748/1743
f 2330/2110/2105 5645/5323/5316 2147/1943/1938
f 2340/2120/2115 2338/2118/2113 2155/1954/1949
f 2154/1953/1948 5646/5324/5317 2340/2120/2115
f 2342/5356/5349 1942/1949/1944 1955/1957/1952
f 2344/2124/2119 2161/2123/2118 2339/2119/2114
f 2339/2119/2114 2161/2123/2118 2155/1954/1949
f 2345/2125/2120 2350/2132/2127 2167/1964/1959
f 2532/2292/2287 2534/2294/2289 2351/2133/2128
f 2353/2135/2130 2532/2292/2287 2351/2133/2128
f 2351/2133/2128 2534/2294/2289 2168/2126/2121
f 2168/2126/2121 2534/2294/2289 2348/2127/2122
f 2524/2299/2294 1749/5220/5214 2361/2300/2295
f 2539/2302/2297 5664/5357/5350 2359/2141/2136
f 5664/5357/5350 2183/1979/1974 2359/2141/2136
f 2183/1979/1974 5665/5358/5351 2185/5326/5319
f 2356/2138/2133 2358/2140/2135 2354/2136/2131
f 2183/1979/1974 2182/1978/1973 2358/2140/2135
f 2540/5359/5352 2360/2148/2143 2186/1590/1585
f 2188/1986/1981 2354/2136/2131 2358/2140/2135
f 2367/2146/2141 2187/1983/1978 2546/2558/2553
f 2365/2145/2140 2194/1992/1987 2193/1991/1986
f 2368/2147/2142 2192/1990/1985 2369/2151/2146
f 2192/1990/1985 2368/2147/2142 2193/1991/1986
f 2372/2158/2153 1979/1430/1425 2551/2309/2304
f 2207/2002/1997 2376/2156/2151 2200/1997/1992
f 2554/2003/1998 2698/2567/2562 2217/2010/2005
f 1986/1794/1789 2554/2003/1998 2217/2010/2005
f 2207/2002/1997 2206/2001/1996 2561/2316/2311
f 5649/5330/5323 5666/5360/5353 5667/5361/5354
f 2221/2014/2009 2211/2005/2000 2379/2162/2157
f 2214/2008/2003 2379/2162/2157 2211/2005/2000
f 2381/2165/2160 2216/2018/2013 2382/2166/2161
f 2217/2010/2005 2384/2452/2447 2393/2451/2446
f 5668/5362/5355 5650/5363/5356 2387/2170/2165
f 2387/2170/2165 2222/2015/2010 2388/2171/2166
f 2383/2167/2162 2216/2018/2013 2389/2017/2012
f 2577/2329/2324 2392/2174/2169 2578/2330/2325
f 2392/2174/2169 2391/2173/2168 2578/2330/2325
f 2385/2168/2163 5669/5364/5357 2386/2169/2164
f 2389/2017/2012 2224/2019/2014 2236/2031/2026
f 2396/2175/2170 5670/5365/5358 5671/5366/5359
f 2398/2177/2172 2397/2176/2171 2227/2034/2029
f 2229/2023/2018 2231/2025/2020 5672/5367/5360
f 2582/2334/2329 2390/2172/2167 5673/5368/5361
f 5673/5368/5361 2583/2335/2330 2582/2334/2329
f 2583/2335/2330 5673/5368/5361 5674/5369/5362
f 2402/2182/2177 2234/2029/2024 2237/2032/2027
f 2237/2032/2027 2403/2183/2178 2402/2182/2177
f 2403/2183/2178 2405/2185/2180 2587/2340/2335
f 2406/2186/2181 2408/2188/2183 2405/2185/2180
f 2397/2176/2171 2396/2175/2170 2407/2187/2182
f 2231/2025/2020 2249/2040/2035 5675/5370/5363
f 5672/5367/5360 2231/2025/2020 5675/5370/5363
f 2589/2342/2337 5676/5371/5364 5677/5372/5365
f 2589/2342/2337 5678/5373/5366 5676/5371/5364
f 2404/2184/2179 2403/2183/2178 2410/2189/2184
f 2245/5334/5327 2404/2184/2179 2244/2042/2037
f 2406/2186/2181 2404/2184/2179 2245/5334/5327
f 2246/2046/2041 2406/2186/2181 2245/5334/5327
f 2407/2187/2182 2406/2186/2181 2246/2046/2041
f 2247/2035/2030 2407/2187/2182 2246/2046/2041
f 5675/5370/5363 2249/2040/2035 2412/2191/2186
f 5669/5364/5357 5679/5374/5367 2242/5333/5326
f 2019/1823/1818 2239/2036/2031 5680/5375/5368
f 2593/2604/2599 2251/5286/5279 2255/2048/2043
f 2415/2194/2189 2418/2197/2192 2416/2195/2190
f 5679/5374/5367 2257/2052/2047 2027/1830/1825
f 2421/2198/2193 5681/5376/5369 2418/2197/2192
f 2422/2199/2194 2256/2050/2045 2265/2350/2345
f 2258/2200/2195 2261/2055/2050 2425/5377/5370
f 2423/2201/2196 2258/2200/2195 2425/5377/5370
f 5682/5378/5371 2599/2349/2344 5681/5376/5369
f 5683/5379/5372 2261/2055/2050 2426/2203/2198
f 2261/2055/2050 5683/5379/5372 2425/5377/5370
f 2424/2357/2352 2265/2350/2345 1872/5380/5373
f 2428/2205/2200 2430/2207/2202 5655/5338/5331
f 2430/2207/2202 5684/5381/5374 5655/5338/5331
f 5685/5382/5375 5684/5381/5374 2430/2207/2202
f 1660/1882/1877 2431/1884/1879 1872/5380/5373
f 2433/2367/2362 2272/2067/2062 2271/2066/2061
f 2273/2068/2063 2434/2208/2203 2275/2070/2065
f 2434/2208/2203 2435/2209/2204 2063/1865/1860
f 2280/2072/2067 2440/5341/5334 2444/5383/5376
f 2280/2072/2067 2444/5383/5376 2429/2206/2201
f 2264/2059/2054 2441/2216/2211 2281/2083/2078
f 2270/2077/2072 2285/2076/2071 2442/2214/2209
f 2287/2079/2074 2626/2384/2379 2288/2080/2075
f 2290/2081/2076 2447/2377/2372 2289/2212/2207
f 2289/2212/2207 2447/2377/2372 2445/2213/2208
f 5686/5384/5377 5687/5385/5378 2626/2384/2379
f 2290/2081/2076 2453/2221/2216 2446/2378/2373
f 2448/2215/2210 5688/5386/5379 2291/2084/2079
f 2103/2089/2084 1896/1716/1711 1897/1715/1710
f 2460/2228/2223 2103/2089/2084 1897/1715/1710
f 2459/2227/2222 1897/1715/1710 2104/5317/5310
f 2457/2224/2219 2461/2229/2224 2299/2225/2220
f 2461/2229/2224 2105/1900/1895 2299/2225/2220
f 2302/2091/2086 2109/1904/1899 2464/2394/2389
f 2305/2392/2387 2464/2394/2389 2109/1904/1899
f 2636/5387/5380 2466/5388/5381 2303/2093/2088
f 2467/2233/2228 2465/2232/2227 2305/2392/2387
f 2466/5388/5381 5661/5350/5343 2303/2093/2088
f 5661/5350/5343 2468/2234/2229 2307/2097/2092
f 2469/2236/2231 2117/2237/2232 2470/2397/2392
f 2472/2235/2230 2311/2239/2234 2309/2098/2093
f 2311/2239/2234 2473/2240/2235 2313/5352/5345
f 2316/2103/2098 2476/2242/2237 2478/2408/2403
f 2646/2401/2396 5663/5354/5347 2313/5352/5345
f 2473/2240/2235 2646/2401/2396 2313/5352/5345
f 2319/2243/2238 2649/2244/2239 2483/2248/2243
f 2480/2246/2241 2319/2243/2238 2482/2249/2244
f 2486/2252/2247 2488/2251/2246 2485/2411/2406
f 2653/2257/2252 2489/2253/2248 2484/2254/2249
f 2654/2655/2650 2321/2259/2254 1923/1739/1734
f 2324/1740/1735 2493/2258/2253 2325/2107/2102
f 5690/5389/5382 2138/1744/1739 2496/5390/5383
f 2498/2263/2258 2327/2109/2104 2657/2414/2409
f 2497/2262/2257 2143/1937/1932 5691/5391/5384
f 2499/2264/2259 2334/2114/2109 2142/1936/1931
f 2800/2531/2526 2150/1946/1941 2332/2112/2107
f 2663/5392/5385 2664/5393/5386 5692/5394/5387
f 5692/5394/5387 2159/1960/1955 2335/2115/2110
f 2508/5395/5388 2149/1945/1940 2509/5396/5389
f 2509/5396/5389 2336/2116/2111 2337/2117/2112
f 2338/2118/2113 2511/2278/2273 2339/2119/2114
f 2512/2274/2269 5693/5397/5390 2338/2118/2113
f 2512/2274/2269 2338/2118/2113 2340/2120/2115
f 5694/5398/5391 2342/5356/5349 1955/1957/1952
f 2664/5393/5386 2514/2276/2271 2159/1960/1955
f 2510/5399/5392 2337/2117/2112 2344/2124/2119
f 2961/2830/2825 5695/5400/5393 2165/5401/5394
f 2345/2125/2120 2516/2279/2274 2669/2423/2418
f 2961/2830/2825 2165/5401/5394 2524/2299/2294
f 2518/2281/2276 2520/2284/2279 2346/2129/2124
f 2520/2284/2279 2347/2128/2123 2346/2129/2124
f 2522/2296/2291 2347/2128/2123 2521/2285/2280
f 2539/2302/2297 2528/2288/2283 2527/2287/2282
f 2529/2289/2284 2673/2424/2419 5696/5402/5395
f 2530/2290/2285 2533/2293/2288 2532/2292/2287
f 2679/2548/2543 2536/2550/2545 2178/1975/1970
f 5697/5403/5396 2526/2286/2281 2528/2288/2283
f 2179/1976/1971 2537/2549/2544 2540/5359/5352
f 2542/2131/2126 2181/1985/1980 2167/1964/1959
f 2181/1985/1980 2543/2305/2300 2546/2558/2553
f 2363/2143/2138 2362/2142/2137 2545/2307/2302
f 2545/2307/2302 2368/2147/2142 2547/2442/2437
f 2547/2442/2437 2369/2151/2146 2549/2443/2438
f 2549/2443/2438 2369/2151/2146 2375/2157/2152
f 2552/5404/5397 2548/2438/2433 2199/5327/5320
f 2203/5328/5321 2552/5404/5397 2199/5327/5320
f 2558/5405/5398 2380/2163/2158 2204/2164/2159
f 2560/2315/2310 2561/2316/2311 2562/5406/5399
f 2559/2314/2309 2207/2002/1997 2561/2316/2311
f 2565/2319/2314 2381/2165/2160 2566/2575/2570
f 2566/2575/2570 2382/2166/2161 2567/5407/5400
f 2383/2167/2162 2567/5407/5400 2382/2166/2161
f 2570/2322/2317 5666/5360/5353 5668/5362/5355
f 2383/2167/2162 2389/2017/2012 2573/2325/2320
f 2578/2330/2325 2576/2328/2323 2575/2327/2322
f 2580/2332/2327 2236/2031/2026 2395/2179/2174
f 5698/5408/5401 5699/5409/5402 2712/2462/2457
f 5699/5409/5402 5700/5410/5403 2574/2326/2321
f 2408/2188/2183 5671/5366/5359 5670/5365/5358
f 2408/2188/2183 5701/5411/5404 5702/5412/5405
f 5701/5411/5404 2408/2188/2183 5670/5365/5358
f 2584/2336/2331 2583/2335/2330 2713/2463/2458
f 2582/2334/2329 2584/2336/2331 2710/5413/5406
f 2225/2021/2016 2585/2337/2332 5703/5414/5407
f 5704/5415/5408 2225/2021/2016 5703/5414/5407
f 2588/2341/2336 2716/2465/2460 2589/2342/2337
f 2589/2342/2337 2716/2465/2460 5678/5373/5366
f 2591/2344/2339 2239/2036/2031 2409/5416/5409
f 2868/2598/2593 2394/2026/2021 2241/2038/2033
f 2416/2195/2190 2595/2347/2342 2592/2345/2340
f 2868/2598/2593 2241/2038/2033 2593/2604/2599
f 2594/2346/2341 2416/2195/2190 2418/2197/2192
f 2600/2352/2347 2602/2354/2349 2598/2348/2343
f 2606/2359/2354 5685/5382/5375 2430/2207/2202
f 5705/5417/5410 2602/2354/2349 2601/2353/2348
f 2608/2361/2356 2609/2483/2478 2273/2068/2063
f 2732/5418/5411 2612/5419/5412 2429/2206/2201
f 2429/2206/2201 2612/5419/5412 2611/2363/2358
f 2271/2066/2061 2615/2617/2612 2433/2367/2362
f 2617/2373/2368 2618/2375/2370 2439/2374/2369
f 2604/2358/2353 1884/1883/1878 2740/5420/5413
f 2741/2486/2481 2287/2079/2074 2432/2211/2206
f 2442/2214/2209 2742/2488/2483 2271/2066/2061
f 2287/2079/2074 2741/2486/2481 2624/2382/2377
f 2287/2079/2074 2624/2382/2377 2626/2384/2379
f 2447/2377/2372 2621/2487/2482 2445/2213/2208
f 2625/2383/2378 5686/5384/5377 2626/2384/2379
f 2623/2381/2376 2629/2387/2382 2451/2219/2214
f 5706/5421/5414 5707/5422/5415 2454/5423/5416
f 2455/2222/2217 2103/2089/2084 2460/2228/2223
f 2764/2503/2498 2457/2224/2219 2458/2226/2221
f 2465/2232/2227 2637/2393/2388 2305/2392/2387
f 2638/5424/5417 2465/2232/2227 2306/2231/2226
f 5661/5350/5343 2466/5388/5381 2640/2513/2508
f 2469/2236/2231 2470/2397/2392 2643/2399/2394
f 2474/2241/2236 2779/2518/2513 2473/2240/2235
f 2779/2518/2513 2645/2400/2395 2473/2240/2235
f 2318/2405/2400 2647/2404/2399 2475/2403/2398
f 5709/5425/5418 2480/2246/2241 2482/2249/2244
f 1925/5426/5419 2491/5427/5420 2322/5321/5314
f 2946/5428/5421 2492/5355/5348 2322/5321/5314
f 2325/2107/2102 2493/2258/2253 2791/2822/2817
f 2325/2107/2102 2791/2822/2817 2496/5390/5383
f 2658/5429/5422 2501/2266/2261 2500/2265/2260
f 2660/2416/2411 2502/2268/2263 2798/5430/5423
f 2798/5430/5423 5710/5431/5424 2799/2533/2528
f 2799/2533/2528 5644/5432/5425 2800/2531/2526
f 5731/5433/5426 5711/5434/5427 2804/5435/5428
f 2508/5395/5388 2804/5435/5428 5711/5434/5427
f 2662/2418/2413 2506/2272/2267 2507/2273/2268
f 2509/5396/5389 2337/2117/2112 2510/5399/5392
f 2665/2419/2414 2338/2118/2113 5693/5397/5390
f 5712/5436/5429 2665/2419/2414 5693/5397/5390
f 2516/2279/2274 2514/2276/2271 2666/2420/2415
f 2670/2422/2417 2672/5437/5430 2518/2281/2276
f 2672/5437/5430 2520/2284/2279 2518/2281/2276
f 5714/5438/5431 2522/2296/2291 2812/2542/2537
f 2523/2295/2290 2522/2296/2291 5714/5438/5431
f 5715/5439/5432 5716/5440/5433 5696/5402/5395
f 5716/5440/5433 2676/2427/2422 2530/2290/2285
f 2676/2427/2422 2678/2429/2424 2677/2428/2423
f 5717/5441/5434 2526/2286/2281 5697/5403/5396
f 2684/2703/2698 2540/5359/5352 2537/2549/2544
f 2543/2305/2300 2542/2131/2126 2824/5442/5435
f 2684/2703/2698 2685/2436/2431 2540/5359/5352
f 2687/2435/2430 2545/2307/2302 2691/2441/2436
f 2197/2149/2144 2360/2148/2143 2690/2440/2435
f 2693/5443/5436 2548/2438/2433 2552/5404/5397
f 2692/2444/2439 2549/2443/2438 2375/2157/2152
f 3010/2879/2874 2694/2310/2305 2551/2309/2304
f 2695/2446/2441 2558/5405/5398 2371/2154/2149
f 2555/2311/2306 2696/2447/2442 2375/2157/2152
f 2698/2567/2562 2554/2003/1998 2697/2448/2443
f 2560/2315/2310 2699/2449/2444 2559/2314/2309
f 5718/5444/5437 2388/2171/2166 2563/2317/2312
f 2700/2450/2445 2564/2318/2313 2835/2564/2559
f 2380/2163/2158 2558/5405/5398 2702/2454/2449
f 5719/5445/5438 5668/5362/5355 2571/2323/2318
f 5720/5446/5439 2576/2328/2323 2579/2331/2326
f 5721/5447/5440 2391/2173/2168 3032/2729/2724
f 2701/2453/2448 2715/2338/2333 2393/2451/2446
f 2394/2026/2021 2711/2595/2590 2556/2312/2307
f 2702/2454/2449 2872/2600/2595 2385/2168/2163
f 2706/2458/2453 2572/2324/2319 2580/2332/2327
f 2706/2458/2453 2580/2332/2327 2581/2333/2328
f 2707/2459/2454 2706/2458/2453 2581/2333/2328
f 2585/2337/2332 2715/2338/2333 2862/2591/2586
f 2591/2344/2339 5722/5448/5441 2718/5449/5442
f 2711/2595/2590 2394/2026/2021 2868/2598/2593
f 2716/2465/2460 2717/2466/2461 5723/5450/5443
f 2588/2341/2336 2719/2467/2462 2717/2466/2461
f 2718/5449/5442 2590/2343/2338 2591/2344/2339
f 2592/2345/2340 2595/2347/2342 2876/2606/2601
f 2720/2471/2466 2255/2048/2043 2254/2047/2042
f 2876/2606/2601 2594/2346/2341 2598/2348/2343
f 2723/2472/2467 2424/2357/2352 2724/5451/5444
f 2722/2476/2471 2598/2348/2343 2602/2354/2349
f 5724/5452/5445 2603/2355/2350 6164/2356/2351
f 2604/2358/2353 2724/5451/5444 2424/2357/2352
f 2726/2475/2470 2602/2354/2349 2729/2478/2473
f 2732/5418/5411 2739/2614/2609 2611/2363/2358
f 2732/5418/5411 2611/2363/2358 2612/5419/5412
f 2608/2361/2356 2734/2482/2477 2609/2483/2478
f 2731/2368/2363 2610/2362/2357 2435/2209/2204
f 2736/2771/2766 2616/2369/2364 2610/2362/2357
f 2619/2376/2371 2738/2485/2480 2739/2614/2609
f 2730/2479/2474 2620/2379/2374 2441/2216/2211
f 2742/2488/2483 2615/2617/2612 2271/2066/2061
f 2736/2771/2766 2737/2484/2479 2616/2369/2364
f 3073/2773/2768 2743/2489/2484 2617/2373/2368
f 2618/2375/2370 2743/2489/2484 2744/2490/2485
f 2747/2491/2486 2900/2621/2616 5725/5453/5446
f 2625/2383/2378 2747/2491/2486 5726/5454/5447
f 2748/2628/2623 2749/2782/2777 2446/2378/2373
f 2446/2378/2373 2749/2782/2777 2447/2377/2372
f 2902/5455/5448 5689/5456/5449 2295/2389/2384
f 2750/2492/2487 2751/2493/2488 2452/2220/2215
f 2902/5455/5448 2295/2389/2384 2631/2388/2383
f 2754/5457/5450 2753/5458/5451 2757/2496/2491
f 2755/2497/2492 2756/5459/5452 2760/2501/2496
f 2910/2631/2626 2454/5423/5416 5727/5460/5453
f 2761/2499/2494 2455/2222/2217 2460/2228/2223
f 2766/2505/2500 2459/2227/2222 2632/2391/2386
f 2464/2394/2389 2769/2508/2503 2302/2091/2086
f 2638/5424/5417 2773/2511/2506 2465/2232/2227
f 2774/2512/2507 2776/2641/2636 2639/2396/2391
f 2308/2095/2090 2642/5461/5454 2638/5424/5417
f 2775/2514/2509 2641/2395/2390 2639/2396/2391
f 2642/5461/5454 2308/2095/2090 2777/2238/2233
f 2780/2516/2511 2779/2518/2513 2474/2241/2236
f 2780/2516/2511 2782/2519/2514 2779/2518/2513
f 2936/2650/2645 2650/2407/2402 2940/2654/2649
f 2940/2654/2649 2650/2407/2402 2651/2409/2404
f 2784/5462/5455 2482/2249/2244 2785/2520/2515
f 2484/2254/2249 2942/2819/2814 2653/2257/2252
f 2653/2257/2252 2942/2819/2814 2788/5463/5456
f 2490/2255/2250 2653/2257/2252 2788/5463/5456
f 2654/2655/2650 2944/2657/2652 2321/2259/2254
f 2321/2259/2254 2944/2657/2652 2493/2258/2253
f 2491/5427/5420 2495/2261/2256 2790/2524/2519
f 2496/5390/5383 2791/2822/2817 5729/5464/5457
f 5730/5465/5458 2658/5429/5422 2500/2265/2260
f 2802/2535/2530 2507/2273/2268 2794/2527/2522
f 5694/5398/5391 5732/5466/5459 2342/5356/5349
f 2803/5467/5460 2667/2421/2416 2664/5393/5386
f 2508/5395/5388 2509/5396/5389 2959/3000/2995
f 2665/2419/2414 5733/5468/5461 2511/2278/2273
f 5712/5436/5429 2956/2665/2660 2665/2419/2414
f 2665/2419/2414 2956/2665/2660 5733/5468/5461
f 2807/2538/2533 2515/2277/2272 2808/2539/2534
f 2965/2669/2664 2811/2671/2666 2520/2284/2279
f 2811/2671/2666 2813/2543/2538 2522/2296/2291
f 2971/2678/2673 2815/2544/2539 5716/5440/5433
f 2815/2544/2539 2816/5469/5462 2678/2429/2424
f 2810/2670/2665 2671/2430/2425 2817/2680/2675
f 2819/2546/2541 2821/5470/5463 2679/2548/2543
f 5735/5471/5464 2977/2684/2679 2976/2683/2678
f 2822/2551/2546 2684/2703/2698 2537/2549/2544
f 2543/2305/2300 2824/5442/5435 2823/2850/2845
f 2826/2704/2699 2688/2437/2432 2685/2436/2431
f 2541/2303/2298 2689/2439/2434 3160/2707/2702
f 2829/2555/2550 2827/2553/2548 2691/2441/2436
f 2831/2557/2552 2546/2558/2553 3161/2856/2851
f 2829/2555/2550 2691/2441/2436 2692/2444/2439
f 2833/2561/2556 2692/2444/2439 2696/2447/2442
f 2833/2561/2556 2696/2447/2442 2840/2569/2564
f 2840/2569/2564 2696/2447/2442 2555/2311/2306
f 3018/5472/5465 2558/5405/5398 2695/2446/2441
f 2703/2455/2450 2843/2572/2567 2704/2456/2451
f 2700/2450/2445 2835/2564/2559 2834/2563/2558
f 2700/2450/2445 2845/2574/2569 5718/5444/5437
f 2567/5407/5400 2847/2576/2571 2566/2575/2570
f 2384/2452/2447 2838/2568/2563 2701/2453/2448
f 2557/2313/2308 2556/2312/2307 2839/2918/2913
f 3026/2725/2720 2573/2325/2320 2850/2580/2575
f 2850/2580/2575 2572/2324/2319 2705/2457/2452
f 2851/2581/2576 2709/2461/2456 5720/5446/5439
f 2556/2312/2307 2711/2595/2590 3036/2739/2734
f 2584/2336/2331 2854/2585/2580 2853/2730/2725
f 5737/5473/5466 2854/2585/2580 2856/2584/2579
f 2875/2605/2600 2593/2604/2599 2720/2471/2466
f 2880/2469/2464 3048/2746/2741 2596/2468/2463
f 2883/2935/2930 2723/2472/2467 2724/5451/5444
f 2884/2753/2748 2722/2476/2471 2889/2757/2752
f 2605/2365/2360 2725/2473/2468 2885/2613/2608
f 2887/2611/2606 5738/5474/5467 2733/2481/2476
f 2724/5451/5444 2604/2358/2353 2891/5475/5468
f 2888/2612/2607 2890/2615/2610 2886/2610/2605
f 2888/2612/2607 2611/2363/2358 2890/2615/2610
f 2734/2482/2477 2735/5476/5469 2731/2368/2363
f 3071/5477/5470 2610/2362/2357 2731/2368/2363
f 2893/2618/2613 2894/2763/2758 2739/2614/2609
f 2890/2615/2610 2739/2614/2609 2894/2763/2758
f 2742/2488/2483 2895/2766/2761 2615/2617/2612
f 2744/2490/2485 2743/2489/2484 3073/2773/2768
f 2896/5478/5471 2738/2485/2480 2744/2490/2485
f 2896/5478/5471 2893/2618/2613 2738/2485/2480
f 2892/2616/2611 2745/2622/2617 2741/2486/2481
f 2624/2382/2377 2741/2486/2481 2747/2491/2486
f 2742/2488/2483 2897/2619/2614 2898/2765/2760
f 2730/2479/2474 2909/5479/5472 2620/2379/2374
f 2900/2621/2616 2899/2620/2615 3080/2778/2773
f 5725/5453/5446 2900/2621/2616 3080/2778/2773
f 3084/2780/2775 5725/5453/5446 3080/2778/2773
f 2750/2492/2487 2906/2626/2621 2751/2493/2488
f 2901/2630/2625 2902/5455/5448 2631/2388/2383
f 2909/5479/5472 2908/2957/2952 2753/5458/5451
f 2754/5457/5450 2909/5479/5472 2753/5458/5451
f 5739/5480/5473 2762/2500/2495 2761/2499/2494
f 2915/2789/2784 2765/2504/2499 2914/2636/2631
f 2918/5481/5474 2632/2391/2386 2634/2509/2504
f 2918/5481/5474 2916/2637/2632 2632/2391/2386
f 2769/2508/2503 2918/5481/5474 2634/2509/2504
f 2920/2794/2789 2772/2510/2505 2637/2393/2388
f 2773/2511/2506 2920/2794/2789 2637/2393/2388
f 2921/2640/2635 2922/2643/2638 2776/2641/2636
f 2923/2795/2790 2773/2511/2506 2638/5424/5417
f 2642/5461/5454 2923/2795/2790 2638/5424/5417
f 2924/2968/2963 2923/2795/2790 2642/5461/5454
f 2924/2968/2963 2642/5461/5454 2777/2238/2233
f 2926/5482/5475 2924/2968/2963 2777/2238/2233
f 2925/5483/5476 2926/5482/5475 2777/2238/2233
f 2927/2645/2640 2778/2515/2510 2775/2514/2509
f 2925/5483/5476 2777/2238/2233 2929/2646/2641
f 5728/5484/5477 2644/2402/2397 2781/2517/2512
f 2780/2516/2511 2927/2645/2640 3109/5485/5478
f 2783/5486/5479 2932/2801/2796 2781/2517/2512
f 2782/2519/2514 3109/5485/5478 2934/2649/2644
f 3109/5485/5478 2782/2519/2514 2780/2516/2511
f 2785/2520/2515 2938/2652/2647 2935/2811/2806
f 2938/2652/2647 2937/2651/2646 2935/2811/2806
f 5740/2815/2810 2941/2813/2808 2648/2406/2401
f 3120/2816/2811 2784/5462/5455 2785/2520/2515
f 3116/2809/2804 2785/2520/2515 2935/2811/2806
f 3306/5487/5480 2652/2410/2405 2787/2522/2517
f 2947/2820/2815 2791/2822/2817 2493/2258/2253
f 2494/2260/2255 2789/2523/2518 2948/2658/2653
f 5741/5488/5481 5729/5464/5457 2791/2822/2817
f 5742/5489/5482 5730/5465/5458 3500/3155/3150
f 2952/2662/2657 2794/2527/2522 2499/2264/2259
f 5743/5490/5483 2796/2529/2524 2797/2530/2525
f 2799/2533/2528 2953/2663/2658 2797/2530/2525
f 3129/2826/2821 2802/2535/2530 2794/2527/2522
f 2958/5491/5484 2803/5467/5460 5745/5492/5485
f 5733/5468/5461 3132/2828/2823 2808/2539/2534
f 2956/2665/2660 2955/2664/2659 3133/3004/2999
f 5733/5468/5461 2956/2665/2660 3133/3004/2999
f 3130/5493/5486 5747/5494/5487 2667/2421/2416
f 5747/5494/5487 5748/5495/5488 2666/2420/2415
f 5748/5495/5488 2809/2540/2535 2668/2541/2536
f 2811/2671/2666 2965/2669/2664 2966/2672/2667
f 2962/2831/2826 2524/2299/2294 5734/5496/5489
f 2814/2676/2671 2969/2675/2670 2823/2850/2845
f 3137/2835/2830 2817/2680/2675 5750/5497/5490
f 2963/2682/2677 2810/2670/2665 2817/2680/2675
f 2974/2838/2833 2964/2668/2663 2963/2682/2677
f 5751/5498/5491 2819/2546/2541 2818/2545/2540
f 2822/2551/2546 2821/5470/5463 2975/2848/2843
f 2981/2688/2683 5752/5499/2681 2978/2685/2680
f 2982/2689/2684 2981/2688/2683 2978/2685/2680
f 2983/2690/2685 5753/5500/5492 2981/2688/2683
f 2985/5501/5493 2983/2690/2685 2984/2692/2687
f 2984/2692/2687 2988/2694/2689 2985/5501/5493
f 2995/2701/2696 2684/2703/2698 2822/2551/2546
f 3144/5502/5494 2538/2298/2293 2541/2303/2298
f 2993/2699/2694 2978/2685/2680 2990/2696/2691
f 3000/2708/2703 2991/2697/2692 2686/2434/2429
f 2827/2553/2548 3000/2708/2703 2686/2434/2429
f 3002/2710/2705 2994/2700/2695 2997/2705/2700
f 3002/2710/2705 3001/2709/2704 5754/5503/5495
f 3012/2716/2711 3009/2715/2710 3003/2711/2706
f 3012/2716/2711 2833/2561/2556 2840/2569/2564
f 2834/2563/2558 3014/2718/2713 3024/2724/2719
f 2839/2918/2913 3017/5504/5496 2557/2313/2308
f 3020/2722/2717 5756/5505/5497 2843/2572/2567
f 5755/5506/5498 2843/2572/2567 5756/5505/5497
f 3025/2910/2905 2846/2577/2572 3027/2726/2721
f 3026/2725/2720 3027/2726/2721 2846/2577/2572
f 2701/2453/2448 2838/2568/2563 2855/2583/2578
f 3021/2723/2718 2703/2455/2450 3208/2905/2900
f 3208/2905/2900 5719/5445/5438 3031/2916/2911
f 3219/2914/2909 2849/2579/2574 3022/5507/5499
f 2705/2457/2452 3029/2728/2723 2850/2580/2575
f 2705/2457/2452 2706/2458/2453 2852/2582/2577
f 5757/5508/5500 5721/5447/5440 3032/2729/2724
f 3033/2731/2726 2853/2730/2725 3034/2732/2727
f 2715/2338/2333 2855/2583/2578 3035/2737/2732
f 2858/2587/2582 3039/2735/2730 2859/2588/2583
f 3035/2737/2732 2860/2589/2584 2715/2338/2333
f 2864/2593/2588 3044/2743/2738 3228/2924/2919
f 2870/2742/2737 2878/2607/2602 2869/2601/2596
f 3045/2744/2739 2879/2608/2603 2878/2607/2602
f 2880/2469/2464 3046/2745/2740 3049/2747/2742
f 3051/2749/2744 2720/2471/2466 2721/2470/2465
f 2881/5509/5501 2884/2753/2748 3047/2752/2747
f 3053/2750/2745 2721/2470/2465 2723/2472/2467
f 3058/5510/5502 2883/2935/2930 2724/5451/5444
f 3054/2751/2746 2885/2613/2608 2725/2473/2468
f 3058/5510/5502 2724/5451/5444 2891/5475/5468
f 2890/2615/2610 3065/2764/2759 2886/2610/2605
f 3063/2761/2756 3067/2767/2762 2734/2482/2477
f 2735/5476/5469 2734/2482/2477 3069/2769/2764
f 3069/2769/2764 3070/2770/2765 2735/5476/5469
f 3065/2764/2759 2890/2615/2610 2894/2763/2758
f 2615/2617/2612 3062/2760/2755 2607/2360/2355
f 2615/2617/2612 2895/2766/2761 3062/2760/2755
f 2896/5478/5471 3079/2777/2772 5758/5511/5503
f 3064/2762/2757 2893/2618/2613 5758/5511/5503
f 2898/2765/2760 3076/3116/3111 3075/5512/5504
f 3084/2780/2775 3081/2779/2774 3262/2949/2944
f 2906/2626/2621 5759/5513/5505 2907/2627/2622
f 2748/2628/2623 2907/2627/2622 3085/2781/2776
f 3083/2954/2949 2908/2957/2952 2909/5479/5472
f 2903/2623/2618 3087/2784/2779 2628/2386/2381
f 2758/2633/2628 2911/2632/2627 3090/2785/2780
f 3089/5514/5506 3270/5515/5507 2756/5459/5452
f 3270/5515/5507 2763/2502/2497 2760/2501/2496
f 2766/2505/2500 3278/2964/2959 2767/2506/2501
f 3094/2792/2787 2918/5481/5474 2769/2508/2503
f 3094/2792/2787 2769/2508/2503 2772/2510/2505
f 3095/2965/2960 3097/2642/2637 2919/2639/2634
f 3096/2791/2786 2772/2510/2505 2920/2794/2789
f 3097/2642/2637 3099/2796/2791 2922/2643/2638
f 2928/2644/2639 3099/2796/2791 3280/2798/2793
f 2926/5482/5475 2925/5483/5476 3101/5516/5508
f 2928/2644/2639 2931/5517/5509 2927/2645/2640
f 3101/5516/5508 2925/5483/5476 2929/2646/2641
f 2931/5517/5509 3110/2974/2969 2927/2645/2640
f 3105/3144/3139 3104/5518/5510 3106/2802/2797
f 3106/2802/2797 3104/5518/5510 2781/2517/2512
f 3110/2974/2969 3109/5485/5478 2927/2645/2640
f 2934/2649/2644 5761/5519/5511 5762/5520/5512
f 5761/5519/5511 2934/2649/2644 3109/5485/5478
f 3110/2974/2969 5763/5521/5513 5764/5522/5514
f 3108/2804/2799 2932/2801/2796 3111/5523/5515
f 2941/2813/2808 3112/2805/2800 3111/5523/5515
f 3118/2812/2807 2937/2651/2646 5765/5524/5516
f 5765/5524/5516 2937/2651/2646 2939/2653/2648
f 5740/2815/2810 3113/2806/2801 2941/2813/2808
f 3114/2807/2802 3113/2806/2801 3119/2814/2809
f 2788/5463/5456 2942/2819/2814 3124/5525/5517
f 2493/2258/2253 2944/2657/2652 3309/2990/2985
f 3123/5526/5518 2787/2522/2517 2946/5428/5421
f 3309/2990/2985 2947/2820/2815 2493/2258/2253
f 3307/3316/3311 2790/2524/2519 2948/2658/2653
f 3125/2821/2816 5741/5488/5481 2791/2822/2817
f 5741/5488/5481 3125/2821/2816 5766/5527/5519
f 5767/5528/5520 5742/5489/5482 3500/3155/3150
f 5768/3163/3158 2797/2530/2525 2953/2663/2658
f 5769/5529/5521 5768/3163/3158 2953/2663/2658
f 3129/2826/2821 3128/2825/2820 5770/5530/5522
f 3320/3159/3154 5732/5466/5459 5694/5398/5391
f 5771/5531/5523 2508/5395/5388 2959/3000/2995
f 2808/2539/2534 3134/2829/2824 2807/2538/2533
f 2963/2682/2677 2973/2681/2676 2974/2838/2833
f 3139/2837/2832 2974/2838/2833 2973/2681/2676
f 3142/2840/2835 3143/5532/5524 3140/2834/2829
f 2819/2546/2541 5751/5498/5491 5772/5533/5525
f 2987/2693/2688 3155/2851/2846 3149/2843/2838
f 3153/2847/2842 3158/2854/2849 2995/2701/2696
f 3153/2847/2842 2995/2701/2696 2975/2848/2843
f 3154/2849/2844 2823/2850/2845 3146/3005/3000
f 3164/2858/2853 2982/2689/2684 2993/2699/2694
f 3159/2855/2850 2996/2702/2697 2995/2701/2696
f 3154/2849/2844 2546/2558/2553 2543/2305/2300
f 3164/2858/2853 3167/2860/2855 3169/2863/2858
f 3159/2855/2850 3162/2866/2861 2996/2702/2697
f 3160/2707/2702 2999/2706/2701 3172/3026/3021
f 2994/2700/2695 3163/2857/2852 3165/2859/2854
f 3164/2858/2853 3165/2859/2854 3166/2861/2856
f 3169/2863/2858 3167/2860/2855 3170/2864/2859
f 3162/2866/2861 2998/2559/2554 2996/2702/2697
f 3006/2714/2709 2998/2559/2554 3171/2865/2860
f 3165/2859/2854 3168/2862/2857 3166/2861/2856
f 3167/2860/2855 3175/2869/2864 3170/2864/2859
f 3183/2874/2869 3173/2867/2862 5773/5534/5526
f 3184/2876/2871 3196/2887/2882 3177/2871/2866
f 3187/2889/2884 3180/2872/2867 3177/2871/2866
f 3006/2714/2709 3008/2880/2875 3007/2445/2440
f 3181/5535/5527 2999/2706/2701 2693/5443/5436
f 2695/2446/2441 3189/3049/3044 3381/5536/5528
f 3186/2878/2873 3195/2894/2889 3197/2888/2883
f 3187/2889/2884 3198/2890/2885 3199/2896/2891
f 3011/2562/2557 3377/2891/2886 3378/3213/3208
f 2693/5443/5436 3017/5504/5496 3181/5535/5527
f 3190/2882/2877 3013/2717/2712 3201/2893/2888
f 3195/2894/2889 3202/2895/2890 5774/5537/5529
f 3194/2884/2879 3384/3053/3048 3202/2895/2890
f 3197/2888/2883 3195/2894/2889 5774/5537/5529
f 5775/5538/5530 3197/2888/2883 5774/5537/5529
f 3205/2899/2894 3198/2890/2885 3197/2888/2883
f 3199/2896/2891 3198/2890/2885 3205/2899/2894
f 2837/2566/2561 3011/2562/2557 3378/3213/3208
f 3201/2893/2888 3207/2902/2897 3396/3061/3056
f 3021/2723/2718 3208/2905/2900 3209/2903/2898
f 3021/2723/2718 3210/2904/2899 3020/2722/2717
f 3023/2908/2903 3212/2907/2902 3220/2915/2910
f 3213/2909/2904 3023/2908/2903 3024/2724/2719
f 3213/2909/2904 5777/5539/5531 3212/2907/2902
f 3215/2912/2907 3027/2726/2721 5778/5540/5532
f 5778/5540/5532 3028/2727/2722 5779/5541/5533
f 3028/2727/2722 5778/5540/5532 3027/2726/2721
f 5779/5541/5533 3028/2727/2722 3405/3071/3066
f 3028/2727/2722 3216/2913/2908 3405/3071/3066
f 3217/3073/3068 3216/2913/2908 2705/2457/2452
f 2852/2582/2577 3217/3073/3068 2705/2457/2452
f 3218/3076/3071 3217/3073/3068 2852/2582/2577
f 3035/2737/2732 3030/2901/2896 3221/3087/3082
f 3039/2735/2730 2858/2587/2582 3224/2920/2915
f 5780/5542/5534 3037/2733/2728 3039/2735/2730
f 3227/2922/2917 3228/2924/2919 3044/2743/2738
f 3036/2739/2734 3229/2925/2920 3222/2917/2912
f 3224/2920/2915 2719/2467/2462 3424/3093/3088
f 3041/2738/2733 2867/2597/2592 3231/5543/5535
f 3230/2926/2921 3045/2744/2739 2870/2742/2737
f 3231/5543/5535 2875/2605/2600 3234/5544/5536
f 3428/3097/3092 3235/2933/2928 2879/2608/2603
f 3426/2929/2924 5781/5545/5537 3047/2752/2747
f 3233/2931/2926 3049/2747/2742 3046/2745/2740
f 3234/5544/5536 3051/2749/2744 3050/2748/2743
f 3426/2929/2924 3047/2752/2747 3052/2754/2749
f 3235/2933/2928 3054/2751/2746 2879/2608/2603
f 3238/2934/2929 2883/2935/2930 3058/5510/5502
f 3059/2758/2753 3054/2751/2746 3060/2932/2927
f 3240/3101/3096 2886/2610/2605 3239/3102/3097
f 3240/3101/3096 5782/5546/5538 2886/2610/2605
f 3241/5547/5539 3055/3099/3094 3242/5548/5540
f 3060/2932/2927 3243/2936/2931 3059/2758/2753
f 3239/3102/3097 2886/2610/2605 3065/2764/2759
f 3245/2937/2932 3239/3102/3097 3065/2764/2759
f 3241/5547/5539 3242/5548/5540 3258/2955/2950
f 3244/2939/2934 2892/2616/2611 3243/2936/2931
f 3255/3118/3113 3249/2940/2935 3066/5549/5541
f 3062/2760/2755 3249/2940/2935 3250/2941/2936
f 3063/2761/2756 3250/2941/2936 3067/2767/2762
f 3251/2942/2937 3252/2943/2938 3068/2768/2763
f 3253/2947/2942 5783/5550/5542 5758/5511/5503
f 5783/5550/5542 3064/2762/2757 5758/5511/5503
f 2745/2622/2617 3244/2939/2934 2899/2620/2615
f 3244/2939/2934 3248/2938/2933 3254/2944/2939
f 3076/3116/3111 3255/3118/3113 3075/5512/5504
f 3077/2775/2770 3256/2945/2940 3078/2776/2771
f 3079/2777/2772 3078/2776/2771 3257/2946/2941
f 3254/2944/2939 3081/2779/2774 2899/2620/2615
f 5784/5551/5543 3450/3276/3271 5785/5552/5544
f 5785/5552/5544 3450/3276/3271 3076/3116/3111
f 3260/3123/3118 2902/5455/5448 3454/5553/5545
f 5786/5554/5546 3264/2951/2946 3263/2950/2945
f 3085/2781/2776 3265/2952/2947 5787/3277/3272
f 3264/2951/2946 3087/2784/2779 3086/2783/2778
f 3268/2958/2953 2901/2630/2625 3088/2629/2624
f 3266/2953/2948 3089/5514/5506 2908/2957/2952
f 3462/2960/2955 2913/2635/2630 3091/2786/2781
f 2918/5481/5474 3094/2792/2787 2916/2637/2632
f 3095/2965/2960 3279/2967/2962 3097/2642/2637
f 3279/2967/2962 3281/3294/3289 3099/2796/2791
f 3281/3294/3289 3280/2798/2793 3099/2796/2791
f 3282/2969/2964 3098/2793/2788 2923/2795/2790
f 2928/2644/2639 3100/2797/2792 2931/5517/5509
f 3100/2797/2792 3283/2972/2967 2931/5517/5509
f 3103/2800/2795 3286/2971/2966 3102/2799/2794
f 3287/2973/2968 3283/2972/2967 3284/3139/3134
f 3110/2974/2969 2931/5517/5509 3283/2972/2967
f 3105/3144/3139 3106/2802/2797 3288/3145/3140
f 3288/3145/3140 3106/2802/2797 3289/2976/2971
f 3107/2803/2798 3289/2976/2971 3106/2802/2797
f 3290/2981/2976 5788/5555/5547 3291/3142/3137
f 5763/5521/5513 3110/2974/2969 3287/2973/2968
f 5789/5556/5548 3484/3143/3138 3291/3142/3137
f 3292/2975/2970 3107/2803/2798 3108/2804/2799
f 3296/2980/2975 5791/5557/5549 3290/2981/2976
f 5764/5522/5514 5761/5519/5511 3109/5485/5478
f 3290/2981/2976 3298/2983/2978 5788/5555/5547
f 3112/2805/2800 3300/2985/2980 5790/5558/5550
f 3112/2805/2800 3114/2807/2802 3299/2984/2979
f 3299/2984/2979 3301/2986/2981 3487/3149/3144
f 3115/2808/2803 3117/2810/2805 3301/2986/2981
f 3302/2987/2982 3117/2810/2805 3304/2989/2984
f 5792/5559/5551 3303/2988/2983 3117/2810/2805
f 3118/2812/2807 5792/5559/5551 2935/2811/2806
f 3306/5487/5480 2787/2522/2517 3305/3747/3742
f 2943/2656/2651 3124/5525/5517 3493/3314/3309
f 3307/3316/3311 3308/3318/3313 2945/5560/5552
f 3308/3318/3313 3123/5526/5518 2946/5428/5421
f 3494/2991/2986 3125/2821/2816 2947/2820/2815
f 2789/2523/2518 3503/3319/3314 2948/2658/2653
f 3125/2821/2816 3310/3152/3147 5793/5561/5553
f 5766/5527/5519 3125/2821/2816 5793/5561/5553
f 3503/3319/3314 2789/2523/2518 3312/2993/2988
f 2801/2532/2527 2954/2534/2529 3317/2998/2993
f 3316/2997/2992 5744/5562/5554 6172/5563/5555
f 3128/2825/2820 3318/2999/2994 5770/5530/5522
f 5794/5564/5556 5795/5565/5557 5796/5566/5558
f 3131/2827/2822 3132/2828/2823 3323/3003/2998
f 3322/3002/2997 3133/3004/2999 3514/3169/3164
f 3514/3169/3164 3133/3004/2999 2955/2664/2659
f 5797/5567/5559 3514/3169/3164 2955/2664/2659
f 5795/5565/5557 5798/5568/5560 3130/5493/5486
f 3326/3178/3173 2969/2675/2670 2809/2540/2535
f 3141/2839/2834 2974/2838/2833 5799/5569/5561
f 3338/3013/3008 5800/5570/5562 3336/3011/3006
f 3338/3013/3008 5801/5571/5563 5800/5570/5562
f 3143/5532/5524 3142/2840/2835 5802/5572/5564
f 5802/5572/5564 5803/5573/5565 3143/5532/5524
f 5804/5574/5566 3522/3181/3176 3152/2846/2841
f 3151/2845/2840 3149/2843/2838 3332/3018/3013
f 3336/3011/3006 3333/3008/3003 3151/2845/2840
f 3334/3009/3004 3338/3013/3008 3336/3011/3006
f 3338/3013/3008 3339/3014/3009 5805/5575/5567
f 3154/2849/2844 3146/3005/3000 3331/3347/3342
f 3348/3023/3018 3347/3022/3017 3349/3029/3024
f 3353/3031/3026 3158/2854/2849 3523/3182/3177
f 3344/3027/3022 5806/5576/5568 3345/3020/3015
f 3347/3022/3017 3346/3021/3016 3351/3028/3023
f 3349/3029/3024 5807/5577/5569 3528/3187/3182
f 3349/3029/3024 3351/3028/3023 5807/5577/5569
f 5807/5577/5569 3355/3034/3029 3528/3187/3182
f 3175/2869/2864 5808/5578/5570 3170/2864/2859
f 3345/3020/3015 5809/5579/5571 3178/3032/3027
f 5807/5577/5569 3356/3035/3030 3355/3034/3029
f 3356/3035/3030 5807/5577/5569 3354/3033/3028
f 3006/2714/2709 3171/2865/2860 3361/3040/3035
f 3177/2871/2866 3179/2870/2865 3178/3032/3027
f 3356/3035/3030 3366/3046/3041 3357/3036/3031
f 3180/2872/2867 3356/3035/3030 3354/3033/3028
f 3359/3038/3033 3371/3216/3211 3189/3049/3044
f 3174/2868/2863 3182/2873/2868 3363/3042/3037
f 3174/2868/2863 3364/3043/3038 3360/3039/3034
f 3176/2875/2870 3360/3039/3034 3373/3210/3205
f 3373/3210/3205 3360/3039/3034 3364/3043/3038
f 3365/3044/3039 3176/2875/2870 3373/3210/3205
f 3372/3208/3203 3363/3042/3037 3182/2873/2868
f 5810/5580/5572 3372/3208/3203 3182/2873/2868
f 3363/3042/3037 3556/3207/3202 3364/3043/3038
f 3556/3207/3202 3373/3210/3205 3364/3043/3038
f 3193/2886/2881 3192/2885/2880 3365/3044/3039
f 3367/3047/3042 3386/3055/3050 3368/3048/3043
f 3379/5581/5573 3181/5535/5527 3017/5504/5496
f 3380/3215/3210 3381/5536/5528 3371/3216/3211
f 3560/3218/3213 3384/3053/3048 3365/3044/3039
f 3193/2886/2881 3384/3053/3048 3194/2884/2879
f 3199/2896/2891 3204/2898/2893 5811/5582/5574
f 5776/5583/5575 3378/3213/3208 3391/3212/3207
f 3391/3212/3207 3206/2900/2895 5776/5583/5575
f 3392/5584/5576 3379/5581/5573 3017/5504/5496
f 3017/5504/5496 2839/2918/2913 3392/5584/5576
f 3398/3064/3059 3397/3063/3058 5812/5585/5577
f 3209/2903/2898 3400/3066/3061 3210/2904/2899
f 3400/3066/3061 3399/3065/3060 5813/5586/5578
f 3211/2906/2901 3399/3065/3060 3209/2903/2898
f 3401/3067/3062 5814/5587/5579 3399/3065/3060
f 3403/3069/3064 3405/3071/3066 3406/3072/3067
f 3406/3072/3067 3217/3073/3068 3408/3075/3070
f 3218/3076/3071 3408/3075/3070 3217/3073/3068
f 3407/3074/3069 3218/3076/3071 3413/3084/3079
f 3414/3083/3078 5757/5508/5500 3571/5588/5580
f 3571/5588/5580 3415/5589/5581 3416/3086/3081
f 3223/2919/2914 5815/5590/5582 5780/5542/5534
f 3039/2735/2730 3223/2919/2914 5780/5542/5534
f 3226/2923/2918 3418/5591/5583 3419/3088/3083
f 3412/3082/3077 3230/2926/2921 3043/2741/2736
f 3420/3089/3084 3232/2927/2922 3228/2924/2919
f 3232/2927/2922 3420/3089/3084 3427/3095/3090
f 5816/5592/5584 3234/5544/5536 3050/2748/2743
f 3431/3241/3236 3050/2748/2743 3053/2750/2745
f 3431/3241/3236 3053/2750/2745 3605/3254/3249
f 3434/3098/3093 3242/5548/5540 3055/3099/3094
f 3605/3254/3249 3238/2934/2929 3438/3106/3101
f 3432/3108/3103 3243/2936/2931 3060/2932/2927
f 3607/5593/5585 3436/3103/3098 3239/3102/3097
f 5817/5594/5586 3607/5593/5585 3245/2937/2932
f 5818/5595/5587 3245/2937/2932 3064/2762/2757
f 5817/5594/5586 3245/2937/2932 5818/5595/5587
f 3439/3107/3102 3248/2938/2933 3243/2936/2931
f 3453/3120/3115 3441/3110/3105 3249/2940/2935
f 3441/3110/3105 3442/3111/3106 3250/2941/2936
f 3442/3111/3106 3443/3112/3107 3251/2942/2937
f 3443/3112/3107 3613/3259/3254 3444/3113/3108
f 3444/3113/3108 3613/3259/3254 3256/2945/2940
f 3253/2947/2942 3446/3115/3110 3447/3261/3256
f 3253/2947/2942 3447/3261/3256 5783/5550/5542
f 3624/3270/3265 3451/3117/3112 3449/3279/3274
f 3452/3119/3114 3255/3118/3113 3451/3117/3112
f 3260/3123/3118 3454/5553/5545 3455/3121/3116
f 5820/5596/5588 2911/2632/2627 3636/3287/3282
f 3636/3287/3282 2910/2631/2626 3462/2960/2955
f 3276/5597/5589 3465/3285/3280 3639/3462/3457
f 3641/3469/3464 3640/3467/3462 3278/2964/2959
f 3276/5597/5589 3639/3462/3457 3642/3471/3466
f 3644/5598/5590 3841/3288/3283 3095/2965/2960
f 3098/2793/2788 3469/3292/3287 3646/3290/3285
f 3469/3292/3287 3098/2793/2788 3282/2969/2964
f 3100/2797/2792 3471/3296/3291 3470/5599/5591
f 3280/2798/2793 3471/3296/3291 3100/2797/2792
f 2924/2968/2963 3649/5600/5592 3282/2969/2964
f 3473/3301/3296 2924/2968/2963 2926/5482/5475
f 2924/2968/2963 3473/3301/3296 3649/5600/5592
f 3476/3135/3130 3478/3137/3132 3474/3133/3128
f 3472/5601/5593 3479/3138/3133 3470/5599/5591
f 3473/3301/3296 2926/5482/5475 3101/5516/5508
f 3477/3484/3479 3473/3301/3296 3101/5516/5508
f 5821/5602/5594 3475/3134/3129 3474/3133/3128
f 3480/3744/3739 3285/2970/2965 3288/3145/3140
f 3290/2981/2976 3291/3142/3137 3483/3136/3131
f 3299/2984/2979 3487/3149/3144 3300/2985/2980
f 3488/3312/3307 3661/3304/3299 3487/3149/3144
f 3300/2985/2980 3487/3149/3144 3661/3304/3299
f 3490/3147/3142 3491/5603/5595 3293/2977/2972
f 3295/2979/2974 3486/5604/5596 3293/2977/2972
f 2942/2819/2814 3493/3314/3309 3124/5525/5517
f 2943/2656/2651 3495/3150/3145 2944/2657/2652
f 3125/2821/2816 3494/2991/2986 3497/3151/3146
f 3496/3317/3312 3307/3316/3311 2948/2658/2653
f 5823/5605/5597 3670/3321/3316 3504/3323/3318
f 3315/2994/2989 5823/5605/5597 3504/3323/3318
f 3503/3319/3314 3312/2993/2988 5824/5606/5598
f 3504/3323/3318 3313/2995/2990 3315/2994/2989
f 5825/5607/5599 3127/2824/2819 3317/2998/2993
f 3314/2996/2991 3313/2995/2990 3506/3158/3153
f 3505/3160/3155 3500/3155/3150 3319/3161/3156
f 5794/5564/5556 5826/5608/5600 3684/5609/5601
f 3679/3331/3326 5827/5610/5602 3508/3164/3159
f 3318/2999/2994 3509/3165/3160 5828/5611/5603
f 3320/3159/3154 3512/3167/3162 3505/3160/3155
f 5829/5612/5604 3134/2829/2824 3513/3168/3163
f 3513/3168/3163 3131/2827/2822 3323/3003/2998
f 3515/3170/3165 3514/3169/3164 5830/5613/5605
f 3518/3339/3334 3325/3176/3171 3144/5502/5494
f 3525/3344/3339 3518/3339/3334 3144/5502/5494
f 3340/3015/3010 3526/3184/3179 3520/5614/5606
f 3521/5615/5607 3520/5614/5606 3526/3184/3179
f 3328/3180/3175 5831/5616/3336 3327/3179/3174
f 3350/3024/3019 3525/3344/3339 3145/3025/3020
f 3335/3010/3005 3343/3019/3014 3344/3027/3022
f 3349/3029/3024 3527/3186/3181 3526/3184/3179
f 3353/3031/3026 3523/3182/3177 3704/3358/3353
f 3523/3182/3177 3524/3183/3178 3704/3358/3353
f 3331/3347/3342 3161/2856/2851 3154/2849/2844
f 3529/3188/3183 3528/3187/3182 5832/5617/5608
f 3531/3190/3185 3530/3189/3184 3532/3191/3186
f 5833/5618/5609 5834/5619/5610 5835/5620/5611
f 3535/3194/3189 5836/5621/5612 3536/3195/3190
f 3545/5622/5613 3544/5623/5614 3538/5624/5615
f 3352/3030/3025 3353/3031/3026 3539/3201/3196
f 3538/5624/5615 3544/5623/5614 3537/5625/5616
f 3540/5626/5617 3694/3185/3180 3172/3026/3021
f 3161/2856/2851 3695/3346/3341 3551/3366/3361
f 3359/3038/3033 3161/2856/2851 3551/3366/3361
f 3716/5627/5618 3543/3198/3193 3542/3197/3192
f 3544/5623/5614 3545/5622/5613 5837/5628/5619
f 3358/3037/3032 3539/3201/3196 3547/3200/3195
f 3358/3037/3032 3550/3204/3199 3171/2865/2860
f 3552/3205/3200 3541/3196/3191 3357/3036/3031
f 3551/3366/3361 3371/3216/3211 3359/3038/3033
f 3554/3375/3370 3371/3216/3211 3551/3366/3361
f 3552/3205/3200 5838/5629/5620 3553/3206/3201
f 3559/3214/3209 3554/3375/3370 3555/3374/3369
f 3554/3375/3370 3559/3214/3209 3371/3216/3211
f 3370/2881/2876 3733/5630/5621 3377/2891/2886
f 3365/3044/3039 3557/3209/3204 3560/3218/3213
f 3561/3219/3214 3564/3222/3217 3562/3220/3215
f 3738/5631/5622 3206/2900/2895 3391/3212/3207
f 3565/3574/3569 3379/5581/5573 3392/5584/5576
f 3738/5631/5622 3409/3077/3072 3206/2900/2895
f 3411/3081/3076 3566/5632/5623 3569/3225/3220
f 3572/3227/3222 5841/5633/5624 5840/5634/5625
f 3573/5635/5626 3410/3078/3073 3409/3077/3072
f 3222/2917/2912 3759/3412/3407 3750/3394/3389
f 3583/3404/3399 3577/3403/3398 3223/2919/2914
f 3577/3403/3398 5815/5590/5582 3223/2919/2914
f 3577/3403/3398 3578/5636/5627 5815/5590/5582
f 3580/5637/5628 3581/3415/3410 3418/5591/5583
f 3420/3089/3084 3419/3088/3083 3581/3415/3410
f 3582/3231/3226 3769/3409/3404 3588/3235/3230
f 3421/3090/3085 3772/3414/3409 3422/3091/3086
f 3420/3089/3084 3584/3417/3412 3427/3095/3090
f 3586/3233/3228 3592/3240/3235 3587/3234/3229
f 5816/5592/5584 3050/2748/2743 3592/3240/3235
f 3430/5638/5629 3429/3096/3091 3598/3246/3241
f 3427/3095/3090 3595/3244/3239 3434/3098/3093
f 3596/3245/3240 3430/5638/5629 3598/3246/3241
f 3784/3427/3422 3590/3238/3233 3433/3237/3232
f 3605/3254/3249 3593/3239/3234 3431/3241/3236
f 3436/3103/3098 3600/3249/3244 3437/3104/3099
f 3599/3248/3243 3436/3103/3098 3606/5639/5630
f 3436/3103/3098 3607/5593/5585 3606/5639/5630
f 3608/3271/3266 3434/3098/3093 3594/3243/3238
f 3438/3106/3101 3603/3252/3247 3605/3254/3249
f 3792/5640/5631 3439/3107/3102 3432/3108/3103
f 5817/5594/5586 3606/5639/5630 3607/5593/5585
f 3617/5641/5632 3616/3263/3258 3793/5642/5633
f 3617/5641/5632 5817/5594/5586 5818/5595/5587
f 3452/3119/3114 3624/3270/3265 3625/3440/3435
f 3452/3119/3114 3625/3440/3435 3611/3257/3252
f 3805/3442/3437 3807/3441/3436 3441/3110/3105
f 3807/3441/3436 3809/3444/3439 3442/3111/3106
f 3809/3444/3439 3612/3258/3253 3443/3112/3107
f 3811/5643/5634 3614/3260/3255 3445/3114/3109
f 3614/3260/3255 3615/3262/3257 3446/3115/3110
f 3447/3261/3256 3446/3115/3110 3615/3262/3257
f 3620/3266/3261 3456/3124/3119 3618/3264/3259
f 3449/3279/3274 3629/3278/3273 3625/3440/3435
f 3818/3452/3447 3627/3282/3277 5842/5644/5635
f 3454/5553/5545 3630/3454/3449 3455/3121/3116
f 3627/3282/3277 3631/3281/3276 5819/5645/5636
f 3827/3272/3267 3461/3127/3122 3458/3273/3268
f 3638/3286/3281 3637/3461/3456 3636/3287/3282
f 3642/3471/3466 3839/3473/3468 3644/5598/5590
f 3279/2967/2962 3468/3295/3290 3281/3294/3289
f 3844/3293/3288 3648/5646/5637 3471/3296/3291
f 3652/3299/3294 3470/5599/5591 3648/5646/5637
f 3471/3296/3291 3648/5646/5637 3470/5599/5591
f 3282/2969/2964 3649/5600/5592 3846/3728/3723
f 3652/3299/3294 3851/3478/3473 3650/3297/3292
f 3472/5601/5593 3470/5599/5591 3651/3298/3293
f 3651/3298/3293 3470/5599/5591 3652/3299/3294
f 3649/5600/5592 3473/3301/3296 3852/3303/3298
f 3654/3481/3476 3478/3137/3132 3656/3300/3295
f 3660/5647/5638 3481/3140/3135 3653/3480/3475
f 3658/3486/3481 3480/3744/3739 3288/3145/3140
f 3289/2976/2971 3658/3486/3481 3288/3145/3140
f 3658/3486/3481 3485/3306/3301 3662/3305/3300
f 3293/2977/2972 3486/5604/5596 3664/3308/3303
f 3486/5604/5596 3659/3309/3304 3664/3308/3303
f 3859/3750/3745 3860/3752/3747 3493/3314/3309
f 3497/3151/3146 3494/2991/2986 3668/3315/3310
f 3498/3153/3148 3497/3151/3146 5843/5648/5639
f 3503/3319/3314 5824/5606/5598 3866/3496/3491
f 3504/3323/3318 3674/3326/3321 3313/2995/2990
f 3672/3324/3319 3500/3155/3150 3505/3160/3155
f 3674/3326/3321 3506/3158/3153 3313/2995/2990
f 3681/3333/3328 5844/5649/5640 5827/5610/5602
f 5827/5610/5602 3679/3331/3326 3681/3333/3328
f 3677/3329/3324 3509/3165/3160 3506/3158/3153
f 5794/5564/5556 3685/5650/5641 5795/5565/5557
f 3682/3334/3329 5771/5531/5523 3877/3505/3500
f 3877/3505/3500 3321/3001/2996 5845/5651/5642
f 5846/5652/5643 3323/3003/2998 3686/3336/3331
f 3686/3336/3331 3515/3170/3165 3687/3337/3332
f 3689/5653/5644 3519/3177/3172 3326/3178/3173
f 3899/3525/3520 5847/5654/3183 5848/5655/5645
f 3705/3359/3354 3704/3358/3353 3524/3183/3178
f 3696/3349/3344 3698/3351/3346 3714/3354/3349
f 5849/5656/5646 3702/3356/3351 3701/3355/3350
f 3702/3356/3351 3714/3354/3349 3698/3351/3346
f 3534/3193/3188 3709/3363/3358 5850/5657/5647
f 3540/5626/5617 3720/3538/3533 3712/3517/3512
f 3702/3356/3351 3708/3362/3357 3714/3354/3349
f 3716/5627/5618 3542/3197/3192 3715/5658/5648
f 3715/5658/5648 3542/3197/3192 5852/5659/5649
f 3717/3371/3366 3708/3362/3357 3707/3361/3356
f 3710/3364/3359 3547/3200/3195 3711/3365/3360
f 3718/3368/3363 3719/3369/3364 3550/3204/3199
f 3551/3366/3361 3713/3367/3362 3721/3376/3371
f 3729/3378/3373 3722/3370/3365 3723/3379/3374
f 3722/3370/3365 3729/3378/3373 3714/3354/3349
f 3708/3362/3357 3717/3371/3366 3722/3370/3365
f 3913/3821/3816 3361/3040/3035 3719/3369/3364
f 3721/3376/3371 3554/3375/3370 3551/3366/3361
f 3728/3377/3372 3723/3379/3374 3730/3380/3375
f 3555/3374/3369 3916/3541/3536 3737/3549/3544
f 3737/3549/3544 3559/3214/3209 3555/3374/3369
f 3379/5581/5573 3736/3558/3553 3727/3539/3534
f 3566/5632/5623 3559/3214/3209 3737/3549/3544
f 3735/3384/3379 3945/3573/3568 3558/3211/3206
f 3945/3573/3568 3748/3587/3582 3738/5631/5622
f 3738/5631/5622 3391/3212/3207 3945/3573/3568
f 3945/3573/3568 3391/3212/3207 3558/3211/3206
f 3736/3558/3553 3379/5581/5573 3565/3574/3569
f 3739/3561/3556 3742/3387/3382 3566/5632/5623
f 3737/3549/3544 3739/3561/3556 3566/5632/5623
f 3742/3387/3382 3739/3561/3556 3740/3385/3380
f 5853/5660/5650 3567/3223/3218 3746/3391/3386
f 3748/3587/3582 3409/3077/3072 3738/5631/5622
f 3750/3394/3389 3749/3393/3388 3946/3575/3570
f 3565/3574/3569 3750/3394/3389 3946/3575/3570
f 5854/5661/5651 5855/5662/5652 3752/3593/3588
f 3756/3399/3394 3570/3226/3221 5856/5663/5653
f 3757/3400/3395 5857/5664/5654 3758/3401/3396
f 3965/3596/3591 3409/3077/3072 3748/3587/3582
f 3573/5635/5626 3409/3077/3072 3965/3596/3591
f 3742/3387/3382 3761/3402/3397 3569/3225/3220
f 3757/3400/3395 3574/3228/3223 5858/5665/5655
f 3762/3405/3400 5859/5666/5656 3577/3403/3398
f 3576/3230/3225 5858/5665/5655 3574/3228/3223
f 3975/3603/3598 3763/3416/3411 3581/3415/3410
f 3573/5635/5626 5860/5667/5657 3579/5668/5658
f 5860/5667/5657 3573/5635/5626 3965/3596/3591
f 3764/3411/3406 3760/3395/3390 3759/3412/3407
f 3765/3406/3401 3769/3409/3404 3582/3231/3226
f 3569/3225/3220 3765/3406/3401 3582/3231/3226
f 3769/3409/3404 3765/3406/3401 3766/3407/3402
f 3766/3407/3402 3765/3406/3401 3761/3402/3397
f 3768/3410/3405 5861/5669/5659 3762/3405/3400
f 5859/5666/5656 3762/3405/3400 5861/5669/5659
f 3585/3232/3227 3988/3614/3609 3764/3411/3406
f 3988/3614/3609 3585/3232/3227 3775/3624/3619
f 3585/3232/3227 3587/3234/3229 3775/3624/3619
f 3770/3413/3408 5862/5670/5660 5863/5671/5661
f 3769/3409/3404 3770/3413/3408 5863/5671/5661
f 3773/3419/3414 3768/3410/3405 3772/3414/3409
f 3997/3622/3617 3779/3423/3418 3777/3421/3416
f 3763/3416/3411 3774/5672/5662 3584/3417/3412
f 3774/5672/5662 3763/3416/3411 4008/3639/3634
f 3775/3624/3619 3587/3234/3229 5864/5673/5663
f 5862/5670/5660 5865/5674/5664 5863/5671/5661
f 3781/3425/3420 5867/5675/5665 3772/3414/3409
f 3773/3419/3414 3772/3414/3409 5867/5675/5665
f 5864/5673/5663 3591/3242/3237 5868/5676/5666
f 3591/3242/3237 5864/5673/5663 3587/3234/3229
f 5865/5674/5664 5869/5677/5667 3782/5678/5668
f 5870/5679/5669 3776/3420/3415 5866/5680/5670
f 5868/5676/5666 3591/3242/3237 5871/5681/5671
f 5869/5677/5667 5872/5682/5672 3782/5678/5668
f 4023/3643/3638 3776/3420/3415 5870/5679/5669
f 5873/5683/5673 4023/3643/3638 5870/5679/5669
f 3591/3242/3237 3786/3428/3423 5871/5681/5671
f 5874/5684/5674 4023/3643/3638 5873/5683/5673
f 3785/3647/3642 5875/5685/5675 3594/3243/3238
f 3595/3244/3239 3785/3647/3642 3594/3243/3238
f 3593/3239/3234 3604/3253/3248 3789/3655/3650
f 3593/3239/3234 3789/3655/3650 3786/3428/3423
f 4047/3670/3665 4049/3672/3667 5876/5686/5676
f 3599/3248/3243 3606/5639/5630 4047/3670/3665
f 5875/5685/5675 3795/3674/3669 3594/3243/3238
f 4051/3676/3671 3604/3253/3248 3603/3252/3247
f 3610/3256/3251 3792/5640/5631 5877/5687/5677
f 5877/5687/5677 3792/5640/5631 3791/3429/3424
f 3597/3247/3242 3791/3429/3424 3792/5640/5631
f 3617/5641/5632 3793/5642/5633 5817/5594/5586
f 4045/3668/3663 4047/3670/3665 3793/5642/5633
f 4045/3668/3663 3793/5642/5633 3794/3686/3681
f 3606/5639/5630 5817/5594/5586 3793/5642/5633
f 3606/5639/5630 3793/5642/5633 4047/3670/3665
f 3797/3435/3430 3610/3256/3251 5877/5687/5677
f 4073/3698/3693 5878/5688/5678 3810/3445/3440
f 3809/3444/3439 4073/3698/3693 3810/3445/3440
f 3794/3686/3681 3793/5642/5633 3616/3263/3258
f 3795/3674/3669 3812/5689/5679 3608/3271/3266
f 3594/3243/3238 3795/3674/3669 3608/3271/3266
f 3801/3433/3428 3603/3252/3247 3609/3255/3250
f 3619/3265/3260 3618/3264/3259 3802/3437/3432
f 3609/3255/3250 3448/3122/3117 3824/5690/5680
f 4082/5691/5681 3813/3446/3441 3621/3267/3262
f 4082/5691/5681 3814/3447/3442 3813/3446/3441
f 3824/5690/5680 3448/3122/3117 3455/3121/3116
f 3817/3451/3446 3819/3453/3448 3627/3282/3277
f 3819/3453/3448 3822/3708/3703 3632/5692/5682
f 3822/3708/3703 3820/3710/3705 3632/5692/5682
f 3633/3449/3444 3820/3710/3705 3816/3450/3445
f 3823/3455/3450 3824/5690/5680 3630/3454/3449
f 3825/3456/3451 3823/3455/3450 3268/2958/2953
f 3634/3459/3454 3829/3458/3453 3635/3284/3279
f 3639/3462/3457 3832/3463/3458 3836/3472/3467
f 3833/3464/3459 3835/3466/3461 3463/3128/3123
f 3639/3462/3457 3836/3472/3467 3642/3471/3466
f 3640/3467/3462 3837/3468/3463 3834/3465/3460
f 3641/3469/3464 3837/3468/3463 3640/3467/3462
f 3839/3473/3468 3840/3945/3940 3644/5598/5590
f 3643/3474/3469 3842/3476/3471 3838/3470/3465
f 3841/3288/3283 3644/5598/5590 3840/3945/3940
f 3842/3476/3471 3643/3474/3469 3466/3131/3126
f 3467/2966/2961 3841/3288/3283 4094/3289/3284
f 3843/3475/3470 3466/3131/3126 3645/3132/3127
f 3845/3724/3719 3647/3291/3286 3469/3292/3287
f 3844/3293/3288 3847/3726/3721 3648/5646/5637
f 3282/2969/2964 3846/3728/3723 3845/3724/3719
f 3652/3299/3294 3847/3726/3721 3848/3477/3472
f 3847/3726/3721 3652/3299/3294 3648/5646/5637
f 3851/3478/3473 3848/3477/3472 4104/5693/5683
f 3655/3482/3477 3850/3730/3725 3849/3479/3474
f 3855/3953/3948 3653/3480/3475 3849/3479/3474
f 3657/3302/3297 3473/3301/3296 3477/3484/3479
f 4117/3742/3737 3660/5647/5638 3856/3952/3947
f 3660/5647/5638 3855/3953/3948 3856/3952/3947
f 3660/5647/5638 3653/3480/3475 3855/3953/3948
f 3854/3733/3728 3853/3483/3478 3285/2970/2965
f 3857/3488/3483 3488/3312/3307 4111/3489/3484
f 4120/3746/3741 3663/3307/3302 4117/3742/3737
f 3488/3312/3307 5881/5694/5684 3858/3490/3485
f 3663/3307/3302 3659/3309/3304 4117/3742/3737
f 3660/5647/5638 4117/3742/3737 3659/3309/3304
f 3667/3313/3308 3861/3491/3486 3495/3150/3145
f 3863/3492/3487 3496/3317/3312 3862/3494/3489
f 4128/3756/3751 5843/5648/5639 3497/3151/3146
f 5843/5648/5639 4128/3756/3751 4130/3758/3753
f 3865/3495/3490 3864/3493/3488 3503/3319/3314
f 3866/3496/3491 5882/5695/5685 3865/3495/3490
f 3674/3326/3321 3673/3325/3320 5883/5696/5686
f 5883/5696/5686 3677/3329/3324 3674/3326/3321
f 5884/5697/5687 5844/5649/5640 3681/3333/3328
f 3871/3764/3759 3676/3328/3323 3682/3334/3329
f 4133/3760/3755 3512/3167/3162 3511/3166/3161
f 3878/3506/3501 5845/5651/5642 4145/3772/3767
f 4146/3773/3768 3513/3168/3163 5846/5652/5643
f 4146/3773/3768 5846/5652/5643 3686/3336/3331
f 3686/3336/3331 3687/3337/3332 4151/3778/3773
f 3879/3509/3504 3517/3175/3170 3518/3339/3334
f 3897/3523/3518 3885/3513/3508 5885/5698/5688
f 5886/5699/5689 5885/5698/5688 3887/3515/3510
f 3885/3513/3508 3887/3515/3510 5885/5698/5688
f 4175/3798/3793 3891/5700/5690 3692/3342/3337
f 3890/3348/3343 3889/3516/3511 4182/3804/3799
f 3884/3512/3507 3896/3522/3517 3893/3518/3513
f 3896/3522/3517 3895/3521/3516 3904/3528/3523
f 5848/5655/5645 3900/3526/3521 3899/3525/3520
f 3697/3350/3345 3696/3349/3344 3895/3521/3516
f 3697/3350/3345 3897/3523/3518 5885/5698/5688
f 3902/5701/5691 3703/3357/3352 3705/3359/3354
f 3705/3359/3354 3891/5700/5690 3902/5701/5691
f 3892/5702/5692 3902/5701/5691 3891/5700/5690
f 3695/3346/3341 3890/3348/3343 4182/3804/3799
f 3904/3528/3523 3699/3352/3347 5887/5703/5693
f 3703/3357/3352 3902/5701/5691 3905/3529/3524
f 4182/3804/3799 3906/3530/3525 3695/3346/3341
f 3910/3534/3529 3893/3518/3513 5888/5704/5694
f 3720/3538/3533 3914/3537/3532 3712/3517/3512
f 3906/3530/3525 3721/3376/3371 3713/3367/3362
f 3906/3530/3525 3908/3532/3527 3721/3376/3371
f 3714/3354/3349 3912/3536/3531 3700/3353/3348
f 3913/3821/3816 3726/3544/3539 3361/3040/3035
f 3913/3821/3816 4203/3820/3815 3726/3544/3539
f 3908/3532/3527 3915/3540/3535 3555/3374/3369
f 5890/5705/5695 5891/5706/5696 3923/3563/3558
f 3911/3535/3530 5888/5704/5694 3925/3552/3547
f 3927/3550/3545 5892/5707/5697 3928/3555/3550
f 3912/3536/3531 3932/3543/3538 3942/3571/3566
f 5890/5705/5695 3923/3563/3558 3935/3562/3557
f 3923/3563/3558 3922/3824/3819 3937/3567/3562
f 3911/3535/3530 3925/3552/3547 3940/3569/3564
f 3925/3552/3547 3926/3551/3546 3941/3568/3563
f 3927/3550/3545 3928/3555/3550 3926/3551/3546
f 3928/3555/3550 3931/3554/3549 3929/3833/3828
f 3731/3381/3376 3932/3543/3538 3729/3378/3373
f 3918/3545/3540 3734/3383/3378 3733/5630/5621
f 3919/3547/3542 4210/3556/3551 3734/3383/3378
f 3727/3539/3534 3736/3558/3553 3920/3557/3552
f 3934/3560/3555 3947/3576/3571 3739/3561/3556
f 3923/3563/3558 3937/3567/3562 3936/3564/3559
f 3951/3580/3575 3936/3564/3559 3937/3567/3562
f 3924/5708/5698 3940/3569/3564 3953/3582/3577
f 3942/3571/3566 3931/3554/3549 3930/3553/3548
f 3932/3543/3538 3944/3572/3567 3943/3570/3565
f 3731/3381/3376 3743/3388/3383 3944/3572/3567
f 3933/3559/3554 3946/3575/3570 3749/3393/3388
f 3955/3584/3579 3954/3583/3578 3944/3572/3567
f 3961/3591/3586 3950/3579/3574 3949/3578/3573
f 3957/3586/3581 3963/3594/3589 3748/3587/3582
f 3748/3587/3582 3963/3594/3589 3965/3596/3591
f 3960/3590/3585 3967/3609/3604 3966/3597/3592
f 3969/3844/3839 5893/5709/5699 3983/5710/5700
f 3977/3605/3600 3764/3411/3406 3989/3615/3610
f 3959/3589/3584 3760/3395/3390 3977/3605/3600
f 3981/3610/3605 3967/3609/3604 3992/3618/3613
f 4217/3838/3833 4235/3858/3853 3993/3619/3614
f 3971/3599/3594 3985/3611/3606 5895/5711/5701
f 3976/3604/3599 3999/5712/5702 3763/3416/3411
f 3989/3615/3610 3988/3614/3609 5896/5713/5703
f 5897/5714/5704 3992/3618/3613 3991/3617/3612
f 3993/3619/3614 3995/3621/3616 3991/3617/3612
f 4002/3633/3628 5895/5711/5701 4003/3875/3870
f 3999/5712/5702 5898/5715/5705 3763/3416/3411
f 3990/3616/3611 5899/5716/5706 4243/3860/3855
f 5900/5717/5707 5899/5716/5706 3990/3616/3611
f 3984/3628/3623 4002/3633/3628 4001/3626/3621
f 3997/3622/3617 3777/3421/3416 3985/3611/3606
f 4007/5718/5708 4008/3639/3634 3763/3416/3411
f 4006/3631/3626 3998/3623/3618 4242/3864/3859
f 3763/3416/3411 5898/5715/5705 4007/5718/5708
f 4243/3860/3855 4013/3636/3631 4012/3635/3630
f 4013/3636/3631 4243/3860/3855 5899/5716/5706
f 3775/3624/3619 5864/5673/5663 4009/3632/3627
f 4020/5719/5709 5901/5720/5710 3991/3617/3612
f 5902/5721/5711 4014/3637/3632 4013/3636/3631
f 4011/3873/3868 4022/3644/3639 4021/3646/3641
f 4025/5722/5712 4250/3865/3860 4024/3884/3879
f 4008/3639/3634 4015/3638/3633 3785/3647/3642
f 3774/5672/5662 4008/3639/3634 3785/3647/3642
f 4015/3638/3633 4027/3648/3643 3785/3647/3642
f 3786/3428/3423 5904/5723/5713 5871/5681/5671
f 4017/3641/3636 4028/3650/3645 4018/3642/3637
f 4020/5719/5709 4036/3659/3654 5905/5724/5714
f 3789/3655/3650 5906/5725/5715 3786/3428/3423
f 5906/5725/5715 3789/3655/3650 4034/3657/3652
f 4035/3658/3653 5905/5724/5714 4036/3659/3654
f 4042/3665/3660 4021/3646/3641 4026/3645/3640
f 4043/3666/3661 4042/3665/3660 4026/3645/3640
f 4026/3645/3640 4031/3654/3649 4043/3666/3661
f 4023/3643/3638 4032/3653/3648 4026/3645/3640
f 5907/5726/5716 4034/3657/3652 4033/3656/3651
f 4035/3658/3653 4037/3660/3655 5908/5727/5717
f 4036/3659/3654 4272/3891/3886 4037/3660/3655
f 4039/3662/3657 4043/3666/3661 4044/3667/3662
f 4048/3671/3666 4043/3666/3661 4031/3654/3649
f 4050/3673/3668 4297/3916/3911 3795/3674/3669
f 3795/3674/3669 5875/5685/5675 3788/3649/3644
f 4033/3656/3651 4051/3676/3671 4052/3675/3670
f 4051/3676/3671 4033/3656/3651 3604/3253/3248
f 4074/3699/3694 5909/5728/5718 5910/5729/5719
f 4040/3663/3658 4059/3683/3678 4058/3682/3677
f 3794/3686/3681 4061/3685/3680 4062/3687/3682
f 3795/3674/3669 4297/3916/3911 4299/3918/3913
f 4053/3677/3672 4051/3676/3671 4063/3688/3683
f 4037/3660/3655 4272/3891/3886 4066/3691/3686
f 4064/3689/3684 4066/3691/3686 4272/3891/3886
f 4070/3694/3689 5911/5730/5720 4071/3695/3690
f 4071/3695/3690 5912/5731/5721 5913/5732/5722
f 3804/3439/3434 4071/3695/3690 3806/3697/3692
f 5912/5731/5721 4071/3695/3690 5911/5730/5720
f 5914/5733/5723 4072/3696/3691 5915/5734/5724
f 4072/3696/3691 4071/3695/3690 5915/5734/5724
f 3799/5735/5725 5878/5688/5678 5916/5736/5726
f 3800/3432/3427 5917/5737/5727 4075/3700/3695
f 4063/3688/3683 3796/3434/3429 3801/3433/3428
f 4082/5691/5681 4065/3690/3685 3814/3447/3442
f 4081/3706/3701 5918/5738/5728 3803/3438/3433
f 3803/3438/3433 4068/5739/5729 4069/3693/3688
f 4068/5739/5729 3803/3438/3433 5918/5738/5728
f 3795/3674/3669 4299/3918/3913 4317/3932/3927
f 4317/3932/3927 3812/5689/5679 3795/3674/3669
f 3814/3447/3442 4077/3702/3697 3815/3448/3443
f 4078/3703/3698 5919/5740/5730 4077/3702/3697
f 5920/5741/5731 3821/3707/3702 4083/3709/3704
f 4080/3705/3700 3821/3707/3702 5920/5741/5731
f 3812/5689/5679 4317/3932/3927 4319/3934/3929
f 4319/3934/3929 3828/5742/5732 3812/5689/5679
f 3828/5742/5732 4319/3934/3929 4324/3936/3931
f 4084/3711/3706 3826/3457/3452 4085/3713/3708
f 3830/3712/3707 3831/3460/3455 3637/3461/3456
f 4087/3716/3711 4088/3717/3712 3637/3461/3456
f 3838/3470/3465 4333/3942/3937 3837/3468/3463
f 3836/3472/3467 4093/3940/3935 3839/3473/3468
f 3840/3945/3940 4094/3289/3284 3841/3288/3283
f 4334/3943/3938 3842/3476/3471 3843/3475/3470
f 4095/3721/3716 3844/3293/3288 3468/3295/3290
f 4098/3723/3718 3847/3726/3721 3844/3293/3288
f 4099/3727/3722 4096/3722/3717 3845/3724/3719
f 4096/3722/3717 4099/3727/3722 4338/4111/4106
f 3848/3477/3472 4102/5743/5733 4104/5693/5683
f 3849/3479/3474 4340/3951/3946 3855/3953/3948
f 4100/3729/3724 3849/3479/3474 3850/3730/3725
f 4105/3950/3945 3657/3302/3297 3477/3484/3479
f 4105/3950/3945 3477/3484/3479 3853/3483/3478
f 4114/3739/3734 4117/3742/3737 4115/3740/3735
f 4106/3743/3738 4117/3742/3737 3856/3952/3947
f 3658/3486/3481 4108/3734/3729 3480/3744/3739
f 4118/3745/3740 3857/3488/3483 4119/3487/3482
f 3858/3490/3485 4116/3741/3736 4111/3489/3484
f 3667/3313/3308 3860/3752/3747 4124/3753/3748
f 4523/4132/4127 4128/3756/3751 4349/3959/3954
f 4128/3756/3751 4523/4132/4127 4129/3757/3752
f 4127/3755/3750 3862/3494/3489 3669/3320/3315
f 4131/3759/3754 3867/3497/3492 4352/3963/3958
f 4356/3968/3963 3864/3493/3488 3865/3495/3490
f 3673/3325/3320 4131/3759/3754 4358/5744/5734
f 5883/5696/5686 3673/3325/3320 4358/5744/5734
f 3869/3499/3494 4132/3965/3960 3868/3498/3493
f 4358/5744/5734 4140/3767/3762 5883/5696/5686
f 3681/3333/3328 4135/3762/3757 5884/5697/5687
f 4134/3761/3756 3681/3333/3328 3678/3330/3325
f 4140/3767/3762 3872/3501/3496 3677/3329/3324
f 4141/3768/3763 3874/3502/3497 5921/5745/5735
f 4138/3765/3760 3871/3764/3759 3878/3506/3501
f 4144/3771/3766 4155/5746/5736 4145/3772/3767
f 4143/3770/3765 4145/3772/3767 4147/3774/3769
f 4148/3775/3770 4146/3773/3768 4149/3776/3771
f 4142/3769/3764 3873/5747/5737 3875/3503/3498
f 4142/3769/3764 4157/3781/3776 3873/5747/5737
f 4156/3999/3994 4143/3770/3765 4148/3775/3770
f 3517/3175/3170 4160/3783/3778 4379/3991/3986
f 3517/3175/3170 4379/3991/3986 4159/3174/3169
f 3880/3507/3502 3689/5653/5644 4157/3781/3776
f 3881/3508/3503 3880/3507/3502 4161/3784/3779
f 3881/3508/3503 4161/3784/3779 4411/4028/4023
f 4166/3789/3784 5922/5748/5738 4167/3790/3785
f 4164/3787/3782 4166/3789/3784 3883/3511/3506
f 4405/4019/4014 4169/3792/3787 4172/3795/3790
f 4168/3791/3786 5923/5749/5739 4166/3789/3784
f 3888/3345/3340 3879/3509/3504 3525/3344/3339
f 4162/3785/3780 4164/3787/3782 3882/3510/3505
f 3886/3514/3509 5925/5750/5740 5924/5751/5741
f 4174/3797/3792 4173/3796/3791 5926/5752/5742
f 4413/4024/4019 4178/3800/3795 4183/3799/3794
f 3884/3512/3507 4179/3519/3514 3882/3510/3505
f 4180/4025/4020 3892/5702/5692 3891/5700/5690
f 3891/5700/5690 4175/3798/3793 4180/4025/4020
f 3712/3517/3512 4176/3802/3797 3888/3345/3340
f 4177/3803/3798 3907/3531/3526 3906/3530/3525
f 3907/3531/3526 4177/3803/3798 4428/4037/4032
f 4183/3799/3794 3903/3811/3806 4190/3818/3813
f 3903/3811/3806 4183/3799/3794 4179/3519/3514
f 4184/3812/3807 4192/3814/3809 3902/5701/5691
f 3905/3529/3524 3902/5701/5691 4192/3814/3809
f 3907/3531/3526 5927/5753/5743 3908/3532/3527
f 4187/3807/3802 4186/3806/3801 4194/5754/5744
f 5928/5755/5745 4193/3816/3811 4195/3815/3810
f 4194/5754/5744 4186/3806/3801 5928/5755/5745
f 4191/3813/3808 5929/5756/5746 4192/3814/3809
f 3719/3369/3364 4192/3814/3809 5929/5756/5746
f 5889/5757/5747 3908/3532/3527 5927/5753/5743
f 5928/5755/5745 4195/3815/3810 5891/5706/5696
f 4199/3808/3803 3909/3533/3528 4206/3827/3822
f 4435/4042/4037 4202/3819/3814 3913/3821/3816
f 4430/3822/3817 3914/3537/3532 3920/3557/3552
f 3923/3563/3558 5891/5706/5696 4195/3815/3810
f 4206/3827/3822 3909/3533/3528 3917/3542/3537
f 4202/3819/3814 4207/3829/3824 4203/3820/3815
f 3920/3557/3552 3933/3559/3554 4204/3823/3818
f 3922/3824/3819 4205/3828/3823 3938/3565/3560
f 4205/3828/3823 4206/3827/3822 3938/3565/3560
f 4207/3829/3824 3919/3547/3542 3918/3545/3540
f 4207/3829/3824 4210/3556/3551 3919/3547/3542
f 5930/5758/5748 4210/3556/3551 4209/3831/3826
f 3933/3559/3554 4211/3834/3829 4204/3823/3818
f 5930/5758/5748 5931/5759/5749 3958/3588/3583
f 3958/3588/3583 4210/3556/3551 5930/5758/5748
f 4210/3556/3551 3958/3588/3583 3945/3573/3568
f 3929/3833/3828 3931/3554/3549 4228/5760/5750
f 5931/5759/5749 5933/5761/5751 3958/3588/3583
f 3957/3586/3581 3958/3588/3583 5934/5762/5752
f 4219/5763/5753 4452/4059/4054 4218/3846/3841
f 3749/3393/3388 3959/3589/3584 4211/3834/3829
f 4211/3834/3829 3959/3589/3584 4223/5764/5754
f 4212/3832/3827 4228/5760/5750 4226/3853/3848
f 3931/3554/3549 4215/3836/3831 4228/5760/5750
f 4221/3840/3835 4220/3839/3834 4218/3846/3841
f 4219/5763/5753 4218/3846/3841 4220/3839/3834
f 3959/3589/3584 4232/3848/3843 4223/5764/5754
f 5936/5765/5755 4223/5764/5754 4232/3848/3843
f 3953/3582/3577 5935/5766/5756 4216/3837/3832
f 4228/5760/5750 4215/3836/3831 4230/3843/3838
f 4233/3851/3846 3978/3606/3601 3980/3608/3603
f 3978/3606/3601 4233/3851/3846 4224/3850/3845
f 4216/3837/3832 5935/5766/5756 4235/3858/3853
f 3968/5767/5757 3982/3861/3856 4237/3845/3840
f 3980/3608/3603 4239/3857/3852 4234/3852/3847
f 4235/3858/3853 5935/5766/5756 4247/5768/5758
f 4237/3845/3840 3982/3861/3856 4245/3863/3858
f 3972/3600/3595 4241/3859/3854 4242/3864/3859
f 3972/3600/3595 4242/3864/3859 3998/3623/3618
f 4234/3852/3847 4239/3857/3852 4460/4067/4062
f 6187/5769/5759 4236/3854/3849 4247/5768/5758
f 4236/3854/3849 4240/3870/3865 4247/5768/5758
f 4243/3860/3855 4012/3635/3630 4251/3866/3861
f 4247/5768/5758 4240/3870/3865 4249/3872/3867
f 4465/4070/4065 4246/3862/3857 5937/5770/5760
f 4242/3864/3859 4257/3876/3871 4024/3884/3879
f 4250/3865/3860 4242/3864/3859 4024/3884/3879
f 4012/3635/3630 4018/3642/3637 4252/3867/3862
f 5938/5771/5761 4254/3880/3875 4273/3892/3887
f 4467/4073/4068 5939/5772/5762 5940/3883/3878
f 4261/3881/3876 5940/3883/3878 4275/3893/3888
f 5940/3883/3878 5939/5772/5762 4277/3896/3891
f 5939/5772/5762 4270/3889/3884 4277/3896/3891
f 4257/3876/3871 4280/3898/3893 4263/3885/3880
f 4284/3902/3897 4265/3887/3882 4264/3886/3881
f 4264/3886/3881 4056/3680/3675 4284/3902/3897
f 4266/4081/4076 5941/5773/5763 5942/5774/5764
f 4266/4081/4076 5942/5774/5764 5943/5775/5765
f 4275/3893/3888 4278/3897/3892 4276/3894/3889
f 4277/3896/3891 4279/3911/3906 4278/3897/3892
f 4270/3889/3884 4038/3661/3656 4279/3911/3906
f 4055/3679/3674 4283/3901/3896 4056/3680/3675
f 4273/3892/3887 5945/5776/5766 4076/3701/3696
f 5945/5776/5766 5943/5775/5765 4302/5777/5767
f 5942/5774/5764 4285/3903/3898 4305/3922/3917
f 4274/3895/3890 4286/3924/3919 4285/3903/3898
f 4286/3924/3919 4276/3894/3889 4288/3906/3901
f 5944/5778/5768 4281/3899/3894 4296/3914/3909
f 4295/3915/3910 4281/3899/3894 4280/3898/3893
f 4303/5779/5769 5942/5774/5764 4304/3929/3924
f 5942/5774/5764 4305/3922/3917 4304/3929/3924
f 4305/3922/3917 4306/3921/3916 4304/3929/3924
f 4307/3923/3918 4285/3903/3898 4308/5780/5770
f 4307/3923/3918 4305/3922/3917 4285/3903/3898
f 4309/3925/3920 4308/5780/5770 4285/3903/3898
f 4315/5781/5771 4296/3914/3909 4295/3915/3910
f 4053/3677/3672 5947/5782/5772 4312/5783/5773
f 4079/3704/3699 4077/3702/3697 4303/5779/5769
f 4478/4094/4089 4295/3915/3910 4311/3927/3922
f 5948/5784/5774 4295/3915/3910 4478/4094/4089
f 4053/3677/3672 4063/3688/3683 5949/5785/5775
f 4479/5786/5776 5949/5785/5775 4321/4089/4084
f 4488/4093/4088 5950/5787/5777 4478/4094/4089
f 4319/3934/3929 4318/3933/3928 4322/4090/4085
f 4321/4089/4084 4320/5788/5778 4323/4087/4082
f 4319/3934/3929 4322/4090/4085 4325/4092/4087
f 4323/4087/4082 4320/5788/5778 3823/3455/3450
f 4324/3936/3931 4319/3934/3929 4325/4092/4087
f 4324/3936/3931 4325/4092/4087 4326/3937/3932
f 4085/3713/3708 5951/5789/5779 4084/3711/3706
f 3830/3712/3707 5952/5790/5780 4085/3713/3708
f 4088/3717/3712 4329/3938/3933 4328/4287/4282
f 4330/3939/3934 4331/5791/5781 4092/3720/3715
f 3834/3465/3460 4332/3941/3936 4330/3939/3934
f 3839/3473/3468 4093/3940/3935 4335/3944/3939
f 3843/3475/3470 4337/4107/4102 4334/3943/3938
f 4711/4303/4298 4095/3721/3716 4336/3946/3941
f 4095/3721/3716 4094/3289/3284 4336/3946/3941
f 4337/4107/4102 3843/3475/3470 4096/3722/3717
f 4096/3722/3717 4338/4111/4106 4337/4107/4102
f 3848/3477/3472 4097/3725/3720 4503/5792/5782
f 4505/3948/3943 4099/3727/3722 4103/3732/3727
f 4099/3727/3722 4505/3948/3943 4338/4111/4106
f 4102/5743/5733 3848/3477/3472 5953/5793/5783
f 3657/3302/3297 4505/3948/3943 4103/3732/3727
f 4340/3951/3946 3849/3479/3474 4100/3729/3724
f 4339/3947/3942 3657/3302/3297 4105/3950/3945
f 4340/3951/3946 4106/3743/3738 3856/3952/3947
f 4341/3949/3944 4105/3950/3945 3853/3483/3478
f 4341/3949/3944 3853/3483/3478 4107/3735/3730
f 4118/3745/3740 4119/3487/3482 4344/4116/4111
f 4110/3736/3731 4112/3737/3732 5954/5794/5784
f 4518/4126/4121 4515/4125/4120 5955/5795/5785
f 4123/3751/3746 4519/4129/4124 3860/3752/3747
f 3860/3752/3747 4519/4129/4124 4520/4476/4471
f 4350/3961/3956 5956/5796/5786 4351/3962/3957
f 4354/3966/3961 4132/3965/3960 3869/3499/3494
f 4360/3971/3966 4359/3970/3965 3869/3499/3494
f 4134/3761/3756 4366/3977/3972 4365/3976/3971
f 4365/3976/3971 4136/3978/3973 4367/3979/3974
f 4136/3978/3973 4137/3763/3758 4368/3980/3975
f 4372/3989/3984 4360/3971/3966 4133/3760/3755
f 4378/3990/3985 4372/3989/3984 4133/3760/3755
f 5921/5745/5735 5957/5797/5787 4141/3768/3763
f 4374/4147/4142 4369/3981/3976 5958/5798/5788
f 4369/3981/3976 4380/3992/3987 5958/5798/5788
f 4380/3992/3987 4369/3981/3976 4375/3985/3980
f 4377/3988/3983 5959/5799/4149 5960/5800/4148
f 5959/5799/4149 4377/3988/3983 4152/3779/3774
f 5959/5799/4149 4152/3779/3774 4153/3780/3775
f 4370/3982/3977 4546/4154/4149 4139/3766/3761
f 4142/3769/3764 4141/3768/3763 5961/5801/5789
f 5957/5797/5787 5962/5802/5790 4141/3768/3763
f 4557/4165/4160 4384/3996/3991 4383/3995/3990
f 4386/3998/3993 5963/5803/5791 4156/3999/3994
f 4394/4006/4001 5964/5804/5792 4397/4009/4004
f 4156/3999/3994 4148/3775/3770 4387/4000/3995
f 4397/4009/4004 5965/5805/5793 4559/4167/4162
f 4150/3777/3772 4377/3988/3983 5966/5806/5794
f 4158/3782/3777 4142/3769/3764 5961/5801/5789
f 4158/3782/3777 5961/5801/5789 4392/4185/4180
f 4392/4185/4180 4590/4198/4193 4158/3782/3777
f 4165/3788/3783 5968/5807/5795 5922/5748/5738
f 4586/4193/4188 4403/4016/4011 4405/4019/4014
f 5967/5808/5796 4586/4193/4188 4405/4019/4014
f 4402/4013/4008 4162/3785/3780 4400/4011/4006
f 4165/3788/3783 4163/3786/3781 5969/5809/5797
f 4406/4015/4010 4170/3793/3788 4169/3792/3787
f 4410/4021/4016 3879/3509/3504 3888/3345/3340
f 4410/4021/4016 3888/3345/3340 4176/3802/3797
f 4178/3800/3795 4408/4017/4012 4400/4011/4006
f 4609/4212/4207 4414/4026/4021 4409/4020/4015
f 4411/4028/4023 4415/4027/4022 3889/3516/3511
f 4415/4027/4022 4412/4029/4024 4608/5810/5798
f 4413/4024/4019 4407/4023/4018 4408/4017/4012
f 4408/4017/4012 4178/3800/3795 4413/4024/4019
f 4417/5811/5799 4180/4025/4020 4609/4212/4207
f 3892/5702/5692 4180/4025/4020 4417/5811/5799
f 4777/4031/4026 4181/3801/3796 4611/4363/4358
f 5970/5812/5800 4427/4036/4031 4177/3803/3798
f 5971/5813/5801 4418/4032/4027 4421/4035/4030
f 4425/5814/5802 3892/5702/5692 4417/5811/5799
f 4184/3812/3807 3892/5702/5692 4425/5814/5802
f 4421/4035/4030 4420/4034/4029 4186/3806/3801
f 4420/4034/4029 4197/5815/5803 4193/3816/3811
f 4423/5816/5804 4424/5817/5805 4197/5815/5803
f 4617/5818/5806 4184/3812/3807 4425/5814/5802
f 4617/5818/5806 4425/5814/5802 4615/4216/4211
f 4617/5818/5806 4191/3813/3808 4184/3812/3807
f 4196/3817/3812 4193/3816/3811 4197/5815/5803
f 4200/4039/4034 4197/5815/5803 4424/5817/5805
f 4199/3808/3803 4429/4038/4033 4188/3809/3804
f 4191/3813/3808 4617/5818/5806 4431/5819/5807
f 4430/3822/3817 4204/3823/3818 4426/4218/4213
f 4434/4040/4035 4436/4043/4038 4433/4041/4036
f 4433/4041/4036 4202/3819/3814 4435/4042/4037
f 4633/4048/4043 4639/5820/5808 5973/5821/5809
f 4433/4041/4036 4439/4046/4041 4207/3829/3824
f 4437/4044/4039 4438/4045/4040 4433/4041/4036
f 4439/4046/4041 4209/3831/3826 4207/3829/3824
f 4441/5822/5810 4211/3834/3829 5932/5823/5811
f 4440/4047/4042 4211/3834/3829 4441/5822/5810
f 4633/4048/4043 5974/5824/5812 4442/4049/4044
f 5974/5824/5812 4633/4048/4043 5973/5821/5809
f 4446/4054/4049 4448/4056/4051 4445/4053/4048
f 4451/4058/4053 4447/4055/4050 4446/4054/4049
f 5932/5823/5811 4211/3834/3829 5975/5825/5813
f 4218/3846/3841 4451/4058/4053 4446/4054/4049
f 4223/5764/5754 5975/5825/5813 4211/3834/3829
f 4443/4050/4045 4453/4060/4055 4449/4061/4056
f 4449/4061/4056 4224/3850/3845 4455/4063/4058
f 4231/3847/3842 4218/3846/3841 4456/4065/4060
f 4234/3852/3847 4455/4063/4058 4233/3851/3846
f 4226/3853/3848 4457/4064/4059 4236/3854/3849
f 4226/3853/3848 4238/3856/3851 4457/4064/4059
f 4238/3856/3851 4462/4069/4064 5976/5826/5814
f 4231/3847/3842 4459/4066/4061 4241/3859/3854
f 4238/3856/3851 4237/3845/3840 4462/4069/4064
f 4469/4258/4253 4459/4066/4061 4458/4250/4245
f 4469/4258/4253 4241/3859/3854 4459/4066/4061
f 4461/4068/4063 4460/4067/4062 4463/4071/4066
f 4457/4064/4059 5976/5826/5814 4466/4074/4069
f 4662/5827/5815 4463/4071/4066 4252/3867/3862
f 4463/4071/4066 4662/5827/5815 4464/4072/4067
f 4463/4071/4066 4460/4067/4062 4251/3866/3861
f 4255/3871/3866 4457/4064/4059 4259/4076/4071
f 4469/4258/4253 4468/4075/4070 4241/3859/3854
f 4466/4074/4069 4467/4073/4068 4262/3882/3877
f 4252/3867/3862 4260/3877/3872 4473/4079/4074
f 4259/4076/4071 4262/3882/3877 4471/4077/4072
f 4475/4083/4078 4265/3887/3882 4284/3902/3897
f 4265/3887/3882 4472/4080/4075 4260/3877/3872
f 4301/3920/3915 5977/5828/5816 4300/3919/3914
f 5949/5785/5775 5978/5829/5817 5947/5782/5772
f 4482/4084/4079 4483/4086/4081 4300/3919/3914
f 4300/3919/3914 5977/5828/5816 4482/4084/4079
f 4311/3927/3922 4476/4262/4257 4477/5830/5818
f 4482/4084/4079 4481/5831/5819 4480/4085/4080
f 4479/5786/5776 5978/5829/5817 5949/5785/5775
f 4678/4273/4268 4478/4094/4089 4477/5830/5818
f 4486/4095/4090 4478/4094/4089 4491/4097/4092
f 5979/5832/5820 4484/4088/4083 4323/4087/4082
f 5980/5833/5821 5979/5832/5820 4323/4087/4082
f 5982/5834/5822 5981/5835/5823 5983/5836/5824
f 4326/3937/3932 4325/4092/4087 4494/4101/4096
f 5951/5789/5779 4683/5837/5825 5983/5836/5824
f 5952/5790/5780 4683/5837/5825 5951/5789/5779
f 4329/3938/3933 4497/4288/4283 4328/4287/4282
f 4497/4288/4283 4329/3938/3933 4696/4290/4285
f 4332/3941/3936 4498/4294/4289 4330/3939/3934
f 4335/3944/3939 4500/4105/4100 3840/3945/3940
f 4707/4106/4101 4499/4104/4099 4334/3943/3938
f 4711/4303/4298 4336/3946/3941 4500/4105/4100
f 4337/4107/4102 4707/4106/4101 4334/3943/3938
f 4501/4108/4103 4337/4107/4102 4338/4111/4106
f 4098/3723/3718 4712/4109/4104 4713/4444/4439
f 4098/3723/3718 4713/4444/4439 4097/3725/3720
f 4502/4110/4105 4715/4305/4300 4338/4111/4106
f 3848/3477/3472 4503/5792/5782 4504/5838/5826
f 3848/3477/3472 4504/5838/5826 5984/5839/5827
f 4504/5838/5826 5985/5840/5828 5984/5839/5827
f 4717/4306/4301 4340/3951/3946 4508/4114/4109
f 4506/4112/4107 4505/3948/3943 4339/3947/3942
f 4722/4459/4454 4106/3743/3738 4340/3951/3946
f 4506/4112/4107 4339/3947/3942 4341/3949/3944
f 4511/4117/4112 4110/3736/3731 4730/4118/4113
f 4115/3740/3735 4726/4120/4115 4342/4124/4119
f 4343/4121/4116 4510/5841/5829 4107/3735/3730
f 4728/4122/4117 4118/3745/3740 4344/4116/4111
f 4514/4127/4122 4518/4126/4121 4517/5842/5830
f 4346/3960/3955 4521/4130/4125 4345/3955/3950
f 4738/4131/4126 4349/3959/3954 4348/3958/3953
f 4740/4319/4314 4522/4318/4313 4346/3960/3955
f 4527/4135/4130 4524/4321/4316 4127/3755/3750
f 4126/3954/3949 4127/3755/3750 4740/4319/4314
f 4746/4325/4320 5986/5843/5831 4739/4326/4321
f 4528/5844/5832 4747/4328/4323 4527/4135/4130
f 4357/3969/3964 4528/5844/5832 4527/4135/4130
f 4530/4137/4132 4360/3971/3966 4372/3989/3984
f 4364/3975/3970 4550/4158/4153 4373/3984/3979
f 4531/4138/4133 4552/4160/4155 4364/3975/3970
f 4543/4151/4146 4541/4149/4144 4540/4148/4143
f 4540/4148/4143 4544/4152/4147 4543/4151/4146
f 5987/5845/5833 5988/5846/5834 4390/4003/3998
f 4551/4159/4154 4550/4158/4153 4364/3975/3970
f 4552/4160/4155 4554/4162/4157 4551/4159/4154
f 4541/4149/4144 4543/4151/4146 4556/4164/4159
f 4761/4346/4341 4541/4149/4144 4556/4164/4159
f 4555/4163/4158 4543/4151/4146 4542/4150/4145
f 4557/4165/4160 4555/4163/4158 4542/4150/4145
f 4391/4004/3999 5989/5847/5835 4558/4166/4161
f 4390/4003/3998 4562/4170/4165 5989/5847/5835
f 4561/4169/4164 4390/4003/3998 5988/5846/5834
f 4548/4156/4151 4379/3991/3986 4160/3783/3778
f 4567/4175/4170 4556/4164/4159 4555/4163/4158
f 4395/4007/4002 4568/4177/4172 4396/4008/4003
f 4397/4009/4004 5990/5848/5836 4395/4007/4002
f 5991/5849/5837 5990/5848/5836 4559/4167/4162
f 4558/4166/4161 5989/5847/5835 4581/5850/5838
f 5989/5847/5835 4582/4189/4184 4580/4190/4185
f 4563/4171/4166 4571/4179/4174 4582/4189/4184
f 4571/4179/4174 4572/4180/4175 4583/4191/4186
f 5992/5851/5839 4566/4174/4169 4592/4200/4195
f 5991/5849/5837 4581/5850/5838 4594/4202/4197
f 4399/4018/4013 4582/4189/4184 4571/4179/4174
f 4583/4191/4186 4400/4011/4006 4571/4179/4174
f 4574/4182/4177 4584/4194/4189 4575/4183/4178
f 4584/4194/4189 4574/4182/4177 4585/4192/4187
f 4584/4194/4189 4586/4193/4188 5993/5852/5840
f 4585/4192/4187 4587/4195/4190 4586/4193/4188
f 4587/4195/4190 4588/4196/4191 4403/4016/4011
f 4592/4200/4195 4591/4199/4194 4597/4203/4198
f 4771/4351/4346 4578/4188/4183 4579/4187/4182
f 4579/4187/4182 5994/5853/5841 4603/4206/4201
f 5994/5853/5841 4595/5854/5842 4603/4206/4201
f 4407/4023/4018 4399/4018/4013 4408/4017/4012
f 4407/4023/4018 4580/4190/4185 4399/4018/4013
f 4404/4014/4009 4596/4209/4204 4409/4020/4015
f 4404/4014/4009 4409/4020/4015 4406/4015/4010
f 4412/4029/4024 4411/4028/4023 4589/4197/4192
f 4598/4204/4199 4591/4199/4194 4600/5855/5843
f 4419/4033/4028 4599/4205/4200 4601/5856/5844
f 4604/4208/4203 4605/4207/4202 4602/5857/5845
f 4607/4210/4205 4609/4212/4207 4409/4020/4015
f 4777/4031/4026 4410/4021/4016 4176/3802/3797
f 4418/4032/4027 5995/5858/5846 4600/5855/5843
f 4601/5856/5844 4423/5816/5804 4422/4213/4208
f 4429/4038/4033 4605/4207/4202 4606/4022/4017
f 4607/4210/4205 4613/4214/4209 4610/4211/4206
f 4610/4211/4206 4417/5811/5799 4609/4212/4207
f 4429/4038/4033 4423/5816/5804 4602/5857/5845
f 4417/5811/5799 4615/4216/4211 4425/5814/5802
f 4615/4216/4211 4417/5811/5799 4610/4211/4206
f 4612/4217/4212 4611/4363/4358 4426/4218/4213
f 4614/4215/4210 4619/4221/4216 4615/4216/4211
f 4618/4220/4215 5996/5859/5847 4615/4216/4211
f 4431/5819/5807 5997/5860/5848 4625/5861/5849
f 4617/5818/5806 5997/5860/5848 4431/5819/5807
f 5997/5860/5848 4615/4216/4211 5996/5859/5847
f 4615/4216/4211 5997/5860/5848 4617/5818/5806
f 4632/4232/4227 4631/4231/4226 4624/5862/5850
f 4632/4232/4227 4624/5862/5850 4623/4379/4374
f 5998/5863/5851 4431/5819/5807 4625/5861/5849
f 5972/5864/5852 5999/5865/5853 4204/3823/3818
f 4628/4228/4223 4633/4048/4043 4629/4229/4224
f 4637/4236/4231 4632/4232/4227 4636/4235/4230
f 4643/4241/4236 4636/4235/4230 4642/4240/4235
f 4634/4233/4228 4633/4048/4043 4443/4050/4045
f 4634/4233/4228 4449/4061/4056 4645/5866/5854
f 4449/4061/4056 4646/4244/4239 4645/5866/5854
f 4646/4244/4239 4805/4243/4238 4645/5866/5854
f 4450/4057/4052 4446/4054/4049 4644/4052/4047
f 4651/5867/5855 4652/4251/4246 4654/4253/4248
f 4455/4063/4058 4652/4251/4246 4454/4062/4057
f 4654/4253/4248 4652/4251/4246 4658/4254/4249
f 4658/4254/4249 4659/4256/4251 4660/4259/4254
f 4656/4249/4244 4661/4257/4252 4458/4250/4245
f 4659/4256/4251 4464/4072/4067 4660/4259/4254
f 4464/4072/4067 4662/5827/5815 4663/4260/4255
f 4473/4079/4074 4472/4080/4075 4665/4264/4259
f 4670/4268/4263 4475/4083/4078 4672/5868/5856
f 4672/5868/5856 4475/4083/4078 4674/4270/4265
f 4476/4262/4257 4673/4271/4266 4477/5830/5818
f 4477/5830/5818 4677/4416/4411 4678/4273/4268
f 4677/4416/4411 4852/4417/4412 4678/4273/4268
f 4682/5869/5857 4678/4273/4268 4681/5870/5858
f 4680/4276/4271 4493/4100/4095 6000/5871/5859
f 4684/5872/5860 4683/5837/5825 6001/5873/5861
f 6000/5871/5859 4685/4277/4272 4680/4276/4271
f 4684/5872/5860 5983/5836/5824 4683/5837/5825
f 4683/5837/5825 4690/5874/5862 6001/5873/5861
f 4683/5837/5825 4694/4286/4281 4690/5874/5862
f 4496/4284/4279 4328/4287/4282 4693/4285/4280
f 4693/4285/4280 6002/5875/5863 4694/4286/4281
f 4497/4288/4283 4697/4291/4286 4695/4289/4284
f 4698/5876/5864 4498/4294/4289 4701/4293/4288
f 4702/4295/4290 4699/4292/4287 4703/4296/4291
f 4697/4291/4286 4699/4292/4287 4702/4295/4290
f 4499/4104/4099 6003/5877/5865 4701/4293/4288
f 4499/4104/4099 4705/4298/4293 6003/5877/5865
f 4700/4103/4098 4500/4105/4100 4335/3944/3939
f 4707/4106/4101 4501/4108/4103 4708/4300/4295
f 4708/4300/4295 4501/4108/4103 4714/4304/4299
f 4501/4108/4103 4338/4111/4106 4715/4305/4300
f 4715/4305/4300 4900/4453/4448 4714/4304/4299
f 4503/5792/5782 6004/5878/5866 4504/5838/5826
f 4716/4452/4447 4503/5792/5782 4097/3725/3720
f 4900/4453/4448 4715/4305/4300 4502/4110/4105
f 4720/4308/4303 4900/4453/4448 4502/4110/4105
f 4508/4114/4109 4719/5879/5867 4718/4307/4302
f 4502/4110/4105 4506/4112/4107 4720/4308/4303
f 4722/4459/4454 4726/4120/4115 4106/3743/3738
f 4727/4463/4458 4723/4310/4305 4509/4115/4110
f 4510/5841/5829 4727/4463/4458 4509/4115/4110
f 4343/4121/4116 4728/4122/4117 4510/5841/5829
f 4918/4469/4464 4727/4463/4458 4510/5841/5829
f 4728/4122/4117 4729/4313/4308 4918/4469/4464
f 4511/4117/4112 4729/4313/4308 4344/4116/4111
f 4512/4119/4114 6006/5880/5868 4730/4118/4113
f 4514/4127/4122 4737/4473/4468 4733/4316/4311
f 4515/4125/4120 4514/4127/4122 4733/4316/4311
f 4735/4317/4312 4520/4476/4471 4519/4129/4124
f 4348/3958/3953 4520/4476/4471 4738/4131/4126
f 4739/4326/4321 4523/4132/4127 4738/4131/4126
f 4351/3962/3957 6007/5881/5869 4749/4330/4325
f 4527/4135/4130 4744/4323/4318 4743/4322/4317
f 6008/5882/5870 4751/4332/4327 4359/3970/3965
f 4530/4137/4132 6008/5882/5870 4359/3970/3965
f 4538/4145/4140 4750/4331/4326 4539/4146/4141
f 6009/5883/5871 4372/3989/3984 4548/4156/4151
f 4764/4342/4337 6010/5884/5872 4539/4146/4141
f 4764/4342/4337 4539/4146/4141 4759/4340/4335
f 4563/4171/4166 4762/5885/5873 4570/4178/4173
f 4764/4342/4337 4763/4341/4336 6011/5886/5874
f 4564/4172/4167 4765/4343/4338 4548/4156/4151
f 4761/4346/4341 4578/4188/4183 4774/4352/4347
f 6012/5887/5875 4573/4181/4176 6013/5888/5874
f 4573/4181/4176 6012/5887/5875 4768/4347/4342
f 4769/4348/4343 4574/4182/4177 4573/4181/4176
f 4398/4010/4005 4766/4344/4339 4564/4172/4167
f 4398/4010/4005 4770/4355/4350 4766/4344/4339
f 4769/4348/4343 6014/5889/5876 4574/4182/4177
f 4958/5890/5877 6015/5891/5878 6014/5889/5876
f 4772/4349/4344 4773/4350/4345 4588/4196/4191
f 4774/4352/4347 4604/4208/4203 4599/4205/4200
f 4404/4014/4009 4773/4350/4345 4776/4354/4349
f 4777/4031/4026 4778/4362/4357 4770/4355/4350
f 4783/4360/4355 4784/4361/4356 4596/4209/4204
f 4966/4510/4505 4780/4357/4352 4782/4359/4354
f 4783/4360/4355 4596/4209/4204 4776/4354/4349
f 4611/4363/4358 4778/4362/4357 4777/4031/4026
f 4788/4366/4361 4781/4358/4353 4780/4357/4352
f 4786/5892/5879 4607/4210/4205 4784/4361/4356
f 4787/4365/4360 6016/5893/5880 4788/4366/4361
f 4788/4366/4361 6016/5893/5880 4781/4358/4353
f 6017/5894/5881 4612/4217/4212 4790/5895/5882
f 4612/4217/4212 6017/5894/5881 4785/4364/4359
f 6018/5896/5883 4789/4367/4362 4795/4370/4365
f 4789/4367/4362 4788/4366/4361 4793/4368/4363
f 6019/5897/5884 4620/4223/4218 4792/4373/4368
f 4791/4514/4509 4792/4373/4368 4799/4374/4369
f 4793/4368/4363 4796/4522/4517 4798/4372/4367
f 4792/4373/4368 4620/4223/4218 4622/4225/4220
f 4622/4225/4220 4629/4229/4224 4799/4374/4369
f 4634/4233/4228 4799/4374/4369 4629/4229/4224
f 4634/4233/4228 4802/5898/5885 4801/4376/4371
f 4634/4233/4228 4801/4376/4371 4799/4374/4369
f 4634/4233/4228 4645/5866/5854 4802/5898/5885
f 4802/5898/5885 4645/5866/5854 4805/4243/4238
f 4810/4380/4375 4811/4382/4377 4804/4377/4372
f 4805/4243/4238 4647/4245/4240 4807/4532/4527
f 4808/5899/5886 4807/4532/4527 4809/4534/4529
f 4809/4534/4529 4817/5900/5887 4813/4535/4530
f 4816/4385/4380 4819/4384/4379 4648/4246/4241
f 4993/4386/4381 4818/4388/4383 4994/5901/5888
f 4819/4384/4379 4825/5902/5889 4648/4246/4241
f 4655/4255/4250 4651/5867/5855 4654/4253/4248
f 4651/5867/5855 4655/4255/4250 4817/5900/5887
f 4994/5901/5888 4818/4388/4383 4820/4393/4388
f 4648/4246/4241 4827/4400/4395 4653/4248/4243
f 4819/4384/4379 4823/4390/4385 4825/5902/5889
f 4821/4391/4386 4828/5903/5890 4824/4392/4387
f 4826/4394/4389 4660/4259/4254 6020/5904/5891
f 4825/5902/5889 4832/4395/4390 4827/4400/4395
f 4660/4259/4254 6021/4398/4393 6020/5904/5891
f 6020/5904/5891 6021/4398/4393 4828/5903/5890
f 4996/5905/5892 4824/4392/4387 4828/5903/5890
f 4833/4399/4394 6022/5906/5893 4830/4397/4392
f 4830/4397/4392 6022/5906/5893 4835/5907/5894
f 4661/4257/4252 4834/4401/4396 4668/4266/4261
f 4667/4265/4260 4842/4548/4543 4838/4404/4399
f 4837/4402/4397 4840/4407/4402 4671/4269/4264
f 4672/5868/5856 4674/4270/4265 4841/4409/4404
f 4672/5868/5856 4841/4409/4404 4670/4268/4263
f 4842/4548/4543 4669/4267/4262 4844/4408/4403
f 4674/4270/4265 4845/4410/4405 4841/4409/4404
f 4671/4269/4264 4846/4414/4409 4675/4413/4408
f 4844/4408/4403 4841/4409/4404 4848/4547/4542
f 4841/4409/4404 4847/4411/4406 4850/4553/4548
f 4841/4409/4404 4845/4410/4405 4847/4411/4406
f 4851/4415/4410 4852/4417/4412 4675/4413/4408
f 4847/4411/4406 4849/4420/4415 4850/4553/4548
f 4679/4274/4269 4680/4276/4271 4849/4420/4415
f 4855/4565/4560 4852/4417/4412 4853/4418/4413
f 4852/4417/4412 4855/4565/4560 4681/5870/5858
f 4681/5870/5858 4855/4565/4560 6023/5908/5895
f 5031/4570/4565 4692/4283/4278 4691/4282/4277
f 5032/5909/5896 5031/4570/4565 4691/4282/4277
f 4688/4280/4275 4691/4282/4277 4692/4283/4278
f 4857/5910/5897 6023/5908/5895 4855/4565/4560
f 4686/4278/4273 4860/4425/4420 4854/4419/4414
f 4860/4425/4420 4686/4278/4273 4858/4421/4416
f 4858/4421/4416 4862/4423/4418 4860/4425/4420
f 4861/5911/5898 4692/4283/4278 4865/4569/4564
f 4864/4426/4421 4860/4425/4420 4863/4424/4419
f 4866/4427/4422 4864/4426/4421 4863/4424/4419
f 4868/5912/5899 4861/5911/5898 4865/4569/4564
f 4864/4426/4421 4869/4428/4423 4870/4429/4424
f 4868/5912/5899 6024/5913/5900 4700/4103/4098
f 4704/4297/4292 4873/4432/4427 4702/4295/4290
f 4877/4435/4430 4871/4430/4425 4870/4429/4424
f 4873/4432/4427 4872/4431/4426 4876/4434/4429
f 4874/5914/5901 4883/4439/4434 4500/4105/4100
f 4700/4103/4098 4874/5914/5901 4500/4105/4100
f 4875/4433/4428 6025/5915/5902 4876/4434/4429
f 6025/5915/5902 4875/4433/4428 6026/5916/5903
f 4881/4582/4577 4878/4436/4431 6027/5917/5904
f 4500/4105/4100 4883/4439/4434 4710/4302/4297
f 4879/4437/4432 4707/4106/4101 4709/4301/4296
f 4710/4302/4297 4884/4440/4435 4889/5918/5905
f 4709/4301/4296 4886/4441/4436 4885/5919/5906
f 4889/5918/5905 4888/4443/4438 4712/4109/4104
f 4710/4302/4297 4889/5918/5905 4712/4109/4104
f 4894/4446/4441 4709/4301/4296 4714/4304/4299
f 4709/4301/4296 4894/4446/4441 4887/4442/4437
f 4888/4443/4438 4890/4451/4446 4713/4444/4439
f 4714/4304/4299 4895/4447/4442 4893/4445/4440
f 4892/4588/4583 4898/4450/4445 4899/5920/5907
f 4898/4450/4445 4718/4307/4302 4899/5920/5907
f 4904/4455/4450 5062/5921/5908 4903/5922/5909
f 4900/4453/4448 6028/5923/5910 4901/4454/4449
f 4718/4307/4302 4902/5924/5911 4899/5920/5907
f 4900/4453/4448 4720/4308/4303 6028/5923/5910
f 4903/5922/5909 4905/4456/4451 4904/4455/4450
f 4720/4308/4303 4721/4309/4304 4908/4460/4455
f 4909/4461/4456 4723/4310/4305 4910/5925/5912
f 4723/4310/4305 4909/4461/4456 4721/4309/4304
f 4917/4468/4463 4722/4459/4454 4907/4458/4453
f 4727/4463/4458 4919/4470/4465 4913/4464/4459
f 4915/4466/4461 6030/5926/5913 4916/4467/4462
f 4922/5927/5914 4921/5928/5915 6032/5929/5916
f 4724/4311/4306 6032/5929/5916 4921/5928/5915
f 6032/5929/5916 4724/4311/4306 4917/4468/4463
f 4726/4120/4115 4917/4468/4463 4724/4311/4306
f 6033/5930/5917 4919/4470/4465 4918/4469/4464
f 4737/4473/4468 4926/4474/4469 4733/4316/4311
f 4732/4315/4310 4924/4607/4602 4734/4128/4123
f 4735/4317/4312 4734/4128/4123 4924/4607/4602
f 4928/4613/4608 4738/4131/4126 4927/4475/4470
f 4520/4476/4471 4927/4475/4470 4738/4131/4126
f 4522/4318/4313 4929/4477/4472 4521/4130/4125
f 4929/4477/4472 6034/5931/5918 4930/4478/4473
f 4521/4130/4125 4930/4478/4473 4736/3957/3952
f 5077/4608/4603 4930/4478/4473 6034/5931/5918
f 4929/4477/4472 4933/4481/4476 4934/5932/5919
f 4935/4482/4477 4742/4327/4322 4932/4480/4475
f 4933/4481/4476 4745/4324/4319 6035/5933/5920
f 6035/5933/5920 4937/5934/5921 4933/4481/4476
f 4939/4485/4480 4749/4330/4325 6007/5881/5869
f 4527/4135/4130 4748/4329/4324 4940/4486/4481
f 6036/5935/5922 4942/4488/4483 4941/4487/4482
f 4944/4490/4485 4749/4330/4325 4938/4484/4479
f 6037/5936/5923 4947/4493/4488 4946/4492/4487
f 4948/4494/4489 4756/4337/4332 5100/4627/4622
f 4949/4495/4490 4760/4498/4493 4950/4496/4491
f 6038/5937/5924 6039/5938/5925 6040/5939/5926
f 4760/4498/4493 4763/4341/4336 4759/4340/4335
f 4765/4343/4338 4766/4344/4339 4954/5940/5927
f 6038/5937/5924 6040/5939/5926 6041/5941/5928
f 6038/5937/5924 6041/5941/5928 4955/4501/4496
f 4958/5890/5877 4769/4348/4343 4768/4347/4342
f 6042/5942/5929 4958/5890/5877 4768/4347/4342
f 4770/4355/4350 6043/5943/5930 4766/4344/4339
f 4954/5940/5927 4766/4344/4339 6043/5943/5930
f 6044/5944/5931 4773/4350/4345 4772/4349/4344
f 4778/4362/4357 4960/4505/4500 4770/4355/4350
f 4961/4506/4501 6045/5945/5932 4957/4503/4498
f 4963/4508/4503 4962/4507/4502 5110/4639/4634
f 4775/4353/4348 4773/4350/4345 6044/5944/5931
f 4778/4362/4357 6046/5946/5933 4959/4504/4499
f 6045/5945/5932 4969/4513/4508 4971/4516/4511
f 4966/4510/4505 4964/4509/4504 4963/4508/4503
f 4965/5947/5934 4780/4357/4352 4963/4508/4503
f 4968/4512/4507 4971/4516/4511 4969/4513/4508
f 5115/4643/4638 4971/4516/4511 4970/4515/4510
f 4968/4512/4507 4791/4514/4509 4971/4516/4511
f 4965/5947/5934 4972/4520/4515 4780/4357/4352
f 4972/4520/4515 4965/5947/5934 4975/4518/4513
f 4780/4357/4352 4972/4520/4515 4788/4366/4361
f 4970/4515/4510 4800/4375/4370 4973/4646/4641
f 4975/4518/4513 4974/4517/4512 4794/4369/4364
f 4791/4514/4509 4799/4374/4369 4970/4515/4510
f 4970/4515/4510 4799/4374/4369 4800/4375/4370
f 4985/4658/4653 4974/4517/4512 4976/4519/4514
f 4985/4658/4653 4986/5948/5935 4974/4517/4512
f 4973/4646/4641 4801/4376/4371 4978/4647/4642
f 5124/4526/4521 4806/4528/4523 4988/4529/4524
f 4987/4523/4518 4808/5899/5886 4980/4524/4519
f 4980/4524/4519 4809/4534/4529 4982/4660/4655
f 4803/4378/4373 4977/4521/4516 4989/5949/5936
f 4992/4533/4528 4993/4386/4381 6047/5950/5937
f 6047/5950/5937 4993/4386/4381 6048/5951/5938
f 4990/4530/4525 6194/5952/5939 4991/4531/4526
f 4814/4381/4376 4810/4380/4375 4991/4531/4526
f 4991/4531/4526 6050/5953/5940 4814/4381/4376
f 4994/5901/5888 4820/4393/4388 4995/4536/4531
f 4996/5905/5892 4831/5954/5941 4998/5955/5942
f 4997/4537/4532 6054/5956/5943 4829/4396/4391
f 4831/5954/5941 4835/5907/5894 4998/5955/5942
f 4839/4405/4400 5000/5957/5944 4836/4403/4398
f 6197/5958/5945 5005/5959/5946 6054/5956/5943
f 6054/5956/5943 5005/5959/5946 5007/4545/4540
f 4999/4538/4533 5014/4544/4539 5001/4539/4534
f 5006/5960/5947 5011/5961/5948 5005/5959/5946
f 5008/5962/5949 5009/4549/4544 5003/4542/4537
f 5011/5961/5948 5012/5963/5950 5005/5959/5946
f 5012/5963/5950 5013/4546/4541 5007/4545/4540
f 4842/4548/4543 5016/4555/4550 4838/4404/4399
f 4842/4548/4543 5019/5964/5951 5016/4555/4550
f 4848/4547/4542 4850/4553/4548 5022/4672/4667
f 5026/4561/4556 5023/4557/4552 4849/4420/4415
f 4854/4419/4414 5026/4561/4556 4849/4420/4415
f 4851/4415/4410 5024/4412/4407 5143/5965/5952
f 4853/4418/4413 5028/4563/4558 4855/4565/4560
f 5026/4561/4556 5027/4562/4557 5023/4557/4552
f 5029/4560/4555 5026/4561/4556 4854/4419/4414
f 5030/4564/4559 5028/4563/4558 5033/4567/4562
f 5036/4571/4566 5033/4567/4562 5039/4573/4568
f 4864/4426/4421 4871/4430/4425 4867/4575/4570
f 4867/4575/4570 4871/4430/4425 5040/4576/4571
f 5041/4581/4576 5038/4572/4567 5039/4573/4568
f 5038/4572/4567 5041/4581/4576 6056/5966/5953
f 5047/4584/4579 5044/4579/4574 5041/4581/4576
f 4881/4582/4577 5042/4577/4572 4871/4430/4425
f 5046/4583/4578 5041/4581/4576 5050/4689/4684
f 4885/5919/5906 4880/4438/4433 4709/4301/4296
f 4881/4582/4577 4882/5967/5954 5048/4585/4580
f 5042/4577/4572 5048/4585/4580 5043/4578/4573
f 5048/4585/4580 4882/5967/5954 5049/5968/5955
f 5046/4583/4578 5050/4689/4684 5054/5969/5956
f 5049/5968/5955 5052/5970/5957 5048/4585/4580
f 5048/4585/4580 5056/4590/4585 5055/4691/4686
f 5050/4689/4684 5053/4587/4582 4891/4589/4584
f 6058/5971/5958 5050/4689/4684 4891/4589/4584
f 5050/4689/4684 6058/5971/5958 5054/5969/5956
f 5061/4594/4589 4898/4450/4445 5053/4587/4582
f 5053/4587/4582 4898/4450/4445 4892/4588/4583
f 5058/4592/4587 5059/5972/5959 5056/4590/4585
f 5056/4590/4585 4904/4455/4450 5060/4595/4590
f 5059/5972/5959 5062/5921/5908 5056/4590/4585
f 4904/4455/4450 5056/4590/4585 5062/5921/5908
f 4904/4455/4450 4906/4457/4452 5063/4596/4591
f 5065/4598/4593 4717/4306/4301 4897/4449/4444
f 5067/4599/4594 5063/4596/4591 4906/4457/4452
f 5072/4603/4598 5073/4605/4600 5070/4604/4599
f 6032/5929/5916 4917/4468/4463 5074/5973/5960
f 5074/5973/5960 4917/4468/4463 5066/4597/4592
f 4926/4474/4469 5079/4610/4605 5171/4701/4696
f 4733/4316/4311 4926/4474/4469 5171/4701/4696
f 5076/4606/4601 4923/5974/5961 4924/4607/4602
f 4923/5974/5961 5179/4708/4703 4924/4607/4602
f 4925/4472/4467 5078/4609/4604 5080/4611/4606
f 5080/4611/4606 4926/4474/4469 4925/4472/4467
f 5081/4612/4607 4927/4475/4470 5179/4708/4703
f 6059/5975/5962 5088/5976/5963 5180/4710/4705
f 5180/4710/4705 5088/5976/5963 5087/4619/4614
f 6059/5975/5962 5180/4710/4705 5174/4704/4699
f 5087/4619/4614 5088/5976/5963 5084/4616/4611
f 5092/5977/5964 5187/4716/4711 5091/4621/4616
f 5086/4618/4613 5089/4620/4615 4943/4489/4484
f 5090/4724/4719 5087/4619/4614 5086/4618/4613
f 5092/5977/5964 5091/4621/4616 4939/4485/4480
f 4943/4489/4484 4942/4488/4483 5086/4618/4613
f 4944/4490/4485 5091/4621/4616 5095/4626/4621
f 4942/4488/4483 4948/4494/4489 5096/4623/4618
f 5103/4631/4626 4944/4490/4485 5098/4625/4620
f 4945/4491/4486 4944/4490/4485 5103/4631/4626
f 5099/4628/4623 5100/4627/4622 5105/4633/4628
f 4949/4495/4490 5212/4745/4740 5106/4635/4630
f 5107/4636/4631 5100/4627/4622 6038/5937/5924
f 5106/4635/4630 4951/4497/4492 4760/4498/4493
f 4951/4497/4492 5106/4635/4630 5109/4638/4633
f 5107/4636/4631 4955/4501/4496 4957/4503/4498
f 4955/4501/4496 5107/4636/4631 6038/5937/5924
f 5109/4638/4633 4953/4500/4495 4951/4497/4492
f 4958/5890/5877 6042/5942/5929 5219/4751/4746
f 5107/4636/4631 6060/5978/5965 5209/4740/4735
f 5112/4641/4636 5111/4640/4635 5225/4757/4752
f 5221/4753/4748 6061/5979/5966 4958/5890/5877
f 6060/5978/5965 4957/4503/4498 5114/4642/4637
f 5112/4641/4636 5113/4767/4762 5110/4639/4634
f 5110/4639/4634 4965/5947/5934 4963/4508/4503
f 4971/4516/4511 5114/4642/4637 6045/5945/5932
f 5118/4648/4643 5226/4759/4754 5116/4644/4639
f 5115/4643/4638 4973/4646/4641 5116/4644/4639
f 5116/4644/4639 4973/4646/4641 4978/4647/4642
f 5235/4657/4652 5127/5980/5967 4985/4658/4653
f 4978/4647/4642 4979/4527/4522 5119/4649/4644
f 5119/4649/4644 4979/4527/4522 5124/4526/4521
f 4981/4525/4520 5126/4659/4654 5125/4655/4650
f 5120/4650/4645 4981/4525/4520 4982/4660/4655
f 5122/4651/4646 4982/4660/4655 5128/4661/4656
f 5128/4661/4656 4982/4660/4655 4992/4533/4528
f 4983/5981/5968 5123/4653/4648 5128/4661/4656
f 5133/4664/4659 5009/4549/4544 5134/4556/4551
f 6062/5982/5969 5240/4773/4768 6063/5983/5970
f 5133/4664/4659 5134/4556/4551 5135/4669/4664
f 5241/4835/4830 5132/4667/4662 5131/4666/4661
f 5141/4668/4663 5129/4662/4657 5139/4670/4665
f 5024/4412/4407 5147/4779/4774 5143/5965/5952
f 5148/4784/4779 5028/4563/4558 5143/5965/5952
f 5028/4563/4558 5148/4784/4779 5033/4567/4562
f 5144/4677/4672 5037/4574/4569 5149/4678/4673
f 5039/4573/4568 5033/4567/4562 5148/4784/4779
f 5037/4574/4569 5040/4576/4571 5151/4679/4674
f 5148/4784/4779 5150/4682/4677 5039/4573/4568
f 5150/4682/4677 5152/4681/4676 5039/4573/4568
f 5040/4576/4571 5043/4578/4573 5154/4684/4679
f 5156/4686/4681 5152/4681/4676 5258/4680/4675
f 5152/4681/4676 5155/4685/4680 5041/4581/4576
f 5154/4684/4679 5043/4578/4573 5157/4688/4683
f 5158/4690/4685 5155/4685/4680 5156/4686/4681
f 5041/4581/4576 5155/4685/4680 5050/4689/4684
f 5266/4693/4688 5158/4690/4685 5156/4686/4681
f 5157/4688/4683 5055/4691/4686 5161/4798/4793
f 5050/4689/4684 5158/4690/4685 5053/4587/4582
f 5055/4691/4686 5060/4595/4590 5161/4798/4793
f 5060/4595/4590 5164/4695/4690 5161/4798/4793
f 5165/4698/4693 5061/4594/4589 5162/4692/4687
f 5061/4594/4589 5053/4587/4582 5162/4692/4687
f 5168/4697/4692 5064/4593/4588 5165/4698/4693
f 5061/4594/4589 5165/4698/4693 5064/4593/4588
f 5163/4694/4689 5060/4595/4590 5063/4596/4591
f 5063/4596/4591 5166/4696/4691 5163/4694/4689
f 5166/4696/4691 5067/4599/4594 5167/4801/4796
f 5278/4699/4694 5169/4700/4695 5168/4697/4692
f 5065/4598/4593 5168/4697/4692 5066/4597/4592
f 5167/4801/4796 5070/4604/4599 6064/5984/5971
f 5073/4605/4600 6064/5984/5971 5070/4604/4599
f 5170/5985/5972 6065/5986/5973 5073/4605/4600
f 5074/5973/5960 6066/5987/5974 5170/5985/5972
f 5074/5973/5960 5169/4700/4695 6066/5987/5974
f 5066/4597/4592 5169/4700/4695 5074/5973/5960
f 5079/4610/4605 5172/4702/4697 5171/4701/4696
f 5173/4703/4698 5175/4705/4700 5176/4813/4808
f 5178/4707/4702 5081/4612/4607 5179/4708/4703
f 6067/5988/5975 6068/5989/5976 6069/5990/5977
f 5180/4710/4705 5175/4705/4700 5174/4704/4699
f 5188/4717/4712 6069/5990/5977 5186/4715/4710
f 5087/4619/4614 5182/4709/4704 5180/4710/4705
f 5185/4714/4709 5188/4717/4712 5186/4715/4710
f 6070/5991/5978 5185/4714/4709 5184/4713/4708
f 5187/4716/4711 5185/4714/4709 5091/4621/4616
f 5087/4619/4614 5090/4724/4719 5189/4718/4713
f 5183/4712/4707 5189/4718/4713 5195/4723/4718
f 6070/5991/5978 5091/4621/4616 5185/4714/4709
f 5198/4727/4722 5191/4720/4715 5301/4826/4821
f 5094/4624/4619 5096/4623/4618 5097/4629/4624
f 5094/4624/4619 5097/4629/4624 5200/4730/4725
f 5199/4728/4723 5198/4727/4722 5301/4826/4821
f 5198/4727/4722 5197/4726/4721 5203/4733/4728
f 6071/5992/5979 5198/4727/4722 5203/4733/4728
f 5097/4629/4624 5099/4628/4623 5201/4729/4724
f 5305/4831/4826 5197/4726/4721 5199/4728/4723
f 5211/4743/4738 5197/4726/4721 5305/4831/4826
f 5204/4734/4729 5209/4740/4735 5210/4741/4736
f 5215/4748/4743 5208/4739/4734 5207/4738/4733
f 5109/4638/4633 5213/4746/4741 6072/5993/5980
f 5215/4748/4743 5207/4738/4733 5211/4743/4738
f 5219/4751/4746 6073/5994/5981 5220/4752/4747
f 6072/5993/5980 5108/4637/4632 5109/4638/4633
f 5218/4750/4745 5231/4765/4760 5232/4749/4744
f 5226/4759/4754 5118/4648/4643 5307/4760/4755
f 5232/4749/4744 5233/4654/4649 5234/4766/4761
f 5307/4760/4755 5236/4656/4651 5227/4761/4756
f 5126/4659/4654 5229/4763/4758 5236/4656/4651
f 5120/4650/4645 5229/4763/4758 5126/4659/4654
f 5121/4652/4647 5229/4763/4758 5120/4650/4645
f 5240/4773/4768 5244/4772/4767 5241/4835/4830
f 5238/4769/4764 5135/4669/4664 5138/4673/4668
f 5132/4667/4662 5245/4834/4829 5139/4670/4665
f 5248/5995/5982 5246/4774/4769 5245/4834/4829
f 5246/4774/4769 5251/4780/4775 5140/4674/4669
f 5147/4779/4774 5252/4781/4776 5148/4784/4779
f 5143/5965/5952 5147/4779/4774 5148/4784/4779
f 5146/4676/4671 5257/4786/4781 5253/5996/5983
f 5150/4682/4677 5148/4784/4779 5254/4782/4777
f 5259/4787/4782 5153/4683/4678 5154/4684/4679
f 5154/4684/4679 5157/4688/4683 5160/4797/4792
f 5154/4684/4679 5160/4797/4792 5259/4787/4782
f 5259/4787/4782 5160/4797/4792 5263/4790/4785
f 5160/4797/4792 5161/4798/4793 5164/4695/4690
f 5267/4793/4788 5160/4797/4792 5164/4695/4690
f 5271/4795/4790 5272/4800/4795 5269/4796/4791
f 5162/4692/4687 5266/4693/4688 5269/4796/4791
f 5267/4793/4788 5164/4695/4690 5166/4696/4691
f 5270/4802/4797 5273/4804/4799 5274/4803/4798
f 5278/4699/4694 5269/4796/4791 5272/4800/4795
f 5270/4802/4797 5167/4801/4796 5273/4804/4799
f 6064/5984/5971 5273/4804/4799 5167/4801/4796
f 5279/4805/4800 5273/4804/4799 6064/5984/5971
f 6065/5986/5973 5279/4805/4800 6064/5984/5971
f 5280/5997/5984 5279/4805/4800 6065/5986/5973
f 5170/5985/5972 6066/5987/5974 6065/5986/5973
f 5277/4799/4794 5280/5997/5984 6066/5987/5974
f 5169/4700/4695 5277/4799/4794 6066/5987/5974
f 5281/4808/4803 6074/5998/5985 5283/4810/4805
f 5281/4808/4803 5283/4810/4805 5076/4606/4601
f 5285/4812/4807 5175/4705/4700 6075/5999/5986
f 6075/5999/5986 5175/4705/4700 5284/4811/4806
f 5325/4845/4840 6075/5999/5986 5284/4811/4806
f 5287/4815/4810 5178/4707/4702 5177/4706/4701
f 5286/4814/4809 5177/4706/4701 5282/4809/4804
f 5294/4820/4815 5289/4817/4812 5328/4848/4843
f 5291/4819/4814 5328/4848/4843 5289/4817/4812
f 5181/4711/4706 5183/4712/4707 5288/4816/4811
f 5289/4817/4812 6076/4825/4820 5193/4722/4717
f 6077/6000/5987 5289/4817/4812 5193/4722/4717
f 5190/4719/4714 5193/4722/4717 6076/4825/4820
f 5195/4723/4718 5196/4731/4726 5295/4822/4817
f 5297/6001/5988 6078/6002/5989 5296/4827/4822
f 5300/4824/4819 5292/4821/4816 5293/4850/4845
f 6078/6002/5989 6079/6003/5990 6080/4828/4823
f 5300/4824/4819 6082/6004/5991 5303/4830/4825
f 5302/4736/4731 5217/4754/4749 6081/6005/5992
f 6082/6004/5991 5309/4832/4827 5306/6006/5993
f 6082/6004/5991 5306/6006/5993 5303/4830/4825
f 5303/4830/4825 5306/6006/5993 5218/4750/4745
f 5217/4754/4749 5222/4758/4753 6081/6005/5992
f 5308/6007/5994 5228/4762/4757 5309/4832/4827
f 5306/6006/5993 5309/4832/4827 5230/4764/4759
f 5222/4758/4753 5307/4760/4755 5308/6007/5994
f 5309/4832/4827 5227/4761/4756 5230/4764/4759
f 5312/6008/5995 5250/4778/4773 5249/4777/4772
f 5247/4775/4770 5250/4778/4773 5243/4770/4765
f 5315/6009/5996 5257/4786/4781 5260/4788/4783
f 5315/6009/5996 5260/4788/4783 6201/6010/5997
f 5316/4838/4833 5318/4842/4837 5261/4839/4834
f 5319/6011/5998 5321/4843/4838 5318/4842/4837
f 5265/4792/4787 5261/4839/4834 5318/4842/4837
f 5320/4841/4836 5323/4844/4839 6085/6012/5999
f 6085/6012/5999 5324/6013/6000 5322/6014/6001
f 5271/4795/4790 5265/4792/4787 5318/4842/4837
f 5268/4794/4789 5270/4802/4797 5323/4844/4839
f 5324/6013/6000 5323/4844/4839 5274/4803/4798
f 5275/4807/4802 5324/6013/6000 5274/4803/4798
f 5294/4820/4815 5328/4848/4843 5326/4846/4841
f 5296/4827/4822 5329/4849/4844 6087/6015/6002
f 5326/4846/4841 5329/4849/4844 5293/4850/4845
f 5294/4820/4815 5326/4846/4841 5293/4850/4845
f 5298/4829/4824 5329/4849/4844 5296/4827/4822
f 7/7/7 12/12/12 3/3/3
f 10/8/8 4/5/5 38/11/11
f 17/54/54 14/4865/4860 6088/4851/4846
f 8/9/9 10/8/8 37/4858/4853
f 38/11/11 39/34/34 10/8/8
f 10/8/8 44/39/39 43/36/36
f 17/54/54 16/15/15 20/19/19
f 66/102/102 72/20/20 19/4869/4864
f 79/118/118 77/57/57 31/30/30
f 82/119/119 31/30/30 84/67/67
f 84/67/67 81/120/120 82/119/119
f 5332/4862/4857 5340/4878/4873 108/86/86
f 109/145/145 5341/4879/4874 104/88/88
f 132/186/186 74/58/58 131/187/187
f 239/213/213 143/122/122 237/211/211
f 5347/4888/4883 5345/4886/4881 109/145/145
f 104/88/88 110/87/87 171/146/146
f 275/240/240 278/4892/4887 6089/6016/6003
f 206/178/178 201/177/177 202/261/261
f 204/179/179 207/180/180 128/103/103
f 214/6017/6004 302/271/271 211/182/182
f 214/6017/6004 309/4907/4902 302/271/271
f 131/187/187 211/182/182 132/186/186
f 216/189/189 215/188/188 316/285/285
f 215/188/188 137/113/113 217/112/112
f 231/204/204 5353/6018/6005 220/190/190
f 331/296/296 234/208/208 330/207/207
f 239/213/213 237/211/211 240/214/214
f 158/219/219 246/225/225 174/149/149
f 262/4901/4896 259/323/323 269/235/235
f 261/4923/4918 264/4902/4897 260/325/325
f 263/4900/4895 262/4901/4896 267/232/232
f 271/334/334 266/231/231 268/233/233
f 273/236/236 270/4903/4898 178/237/237
f 5350/4891/4886 178/237/237 6089/6016/6003
f 184/159/159 387/474/474 285/248/248
f 5352/173/173 285/248/248 197/260/260
f 297/264/264 292/255/255 295/262/262
f 207/180/180 204/179/179 289/256/256
f 305/274/274 300/267/267 302/271/271
f 319/286/286 222/192/192 5360/4911/4906
f 5365/4916/4911 226/198/198 5366/4917/4912
f 362/4921/4916 363/6019/6006 367/450/450
f 362/4921/4916 367/450/450 6091/6020/6007
f 376/330/330 527/463/463 377/328/328
f 282/244/244 281/243/243 382/471/471
f 392/4955/4950 292/255/255 286/250/250
f 392/4955/4950 393/4925/4920 292/255/255
f 399/347/347 402/6021/6008 296/263/263
f 413/359/359 406/351/351 414/360/360
f 467/416/416 466/415/415 5404/417/417
f 470/420/420 465/414/414 5384/6022/6009
f 469/419/419 472/4943/4938 5404/417/417
f 472/4943/4938 473/541/541 480/429/429
f 359/317/317 355/314/314 358/315/315
f 492/316/316 358/315/315 483/6023/6010
f 483/6023/6010 479/428/428 484/4944/4939
f 356/313/313 5387/4947/4942 482/6024/6011
f 356/313/313 357/312/312 5387/4947/4942
f 498/437/437 496/436/436 6092/4948/4943
f 5388/4949/4944 363/6019/6006 489/6025/6012
f 500/588/588 503/589/589 504/448/448
f 489/6025/6012 363/6019/6006 493/434/434
f 504/448/448 367/450/450 363/6019/6006
f 502/440/440 5389/4950/4945 505/441/441
f 508/446/446 369/4924/4919 368/449/449
f 376/330/330 510/612/612 511/617/617
f 513/452/452 522/460/460 519/456/456
f 511/617/617 527/463/463 376/330/330
f 703/634/634 378/461/461 520/464/464
f 524/633/633 382/471/471 281/243/243
f 543/475/475 538/656/656 383/337/337
f 539/4954/4949 388/249/249 537/650/650
f 537/650/650 724/651/651 539/4954/4949
f 392/4955/4950 539/4954/4949 540/653/653
f 540/653/653 544/5004/4999 393/4925/4920
f 399/347/347 548/4958/4953 402/6021/6008
f 550/6026/6013 549/670/670 552/481/481
f 555/484/484 411/357/357 562/674/674
f 411/357/357 555/484/484 409/355/355
f 568/499/499 429/373/373 435/378/378
f 570/501/501 571/502/502 757/681/681
f 605/531/531 5407/6027/6014 5399/4969/4964
f 5407/6027/6014 598/523/523 597/522/522
f 603/529/529 602/528/528 613/538/538
f 609/535/535 611/719/719 5408/4977/4972
f 598/523/523 465/414/414 471/421/421
f 5424/4996/4991 640/562/562 6094/6028/6015
f 494/4992/4987 495/574/574 490/4946/4941
f 651/573/573 646/569/569 5423/4995/4990
f 654/577/577 652/576/576 647/570/570
f 665/591/591 667/593/593 666/592/592
f 503/589/589 666/592/592 681/444/444
f 671/597/597 652/576/576 653/575/575
f 675/601/601 676/602/602 653/575/575
f 686/613/613 695/611/611 507/445/445
f 868/622/622 696/621/621 689/614/614
f 698/624/624 700/626/626 6095/6029/6016
f 700/626/626 699/625/625 701/631/631
f 697/623/623 703/634/634 696/621/621
f 704/627/627 703/634/634 697/623/623
f 703/634/634 704/627/627 702/629/629
f 528/465/465 890/803/801 529/466/466
f 718/649/649 723/818/816 724/651/651
f 538/656/656 726/655/655 5428/5001/4996
f 5433/5010/5005 544/5004/4999 732/5008/5003
f 555/484/484 747/672/672 556/485/485
f 563/492/492 565/493/493 750/676/676
f 565/493/493 751/677/677 750/676/676
f 754/847/845 751/677/677 424/369/369
f 424/369/369 566/498/498 754/847/845
f 578/508/508 767/5018/5013 765/858/856
f 453/402/402 774/692/692 951/862/860
f 592/520/520 951/862/860 953/864/862
f 958/874/872 957/976/972 354/311/311
f 792/709/709 5447/5027/5022 789/706/706
f 5416/4984/4979 981/5030/5025 806/723/723
f 6096/6030/6017 999/904/902 989/897/895
f 639/561/561 652/576/576 829/747/746
f 832/750/749 641/563/563 640/562/562
f 5464/5051/5045 1023/927/923 872/787/785
f 915/827/825 917/828/826 905/817/815
f 1047/950/946 5471/5059/5053 909/821/819
f 1047/950/946 5473/5062/5056 5471/5059/5053
f 749/675/675 744/490/490 933/956/952
f 934/5113/5107 746/671/671 1051/5115/5109
f 751/677/677 754/847/845 938/959/955
f 965/878/876 1084/5072/5066 788/705/705
f 5446/5071/5065 1085/5073/5067 783/702/702
f 987/990/986 807/724/724 806/723/723
f 821/739/738 993/899/897 5495/5097/5091
f 861/777/775 1023/927/923 869/783/781
f 913/949/945 1046/948/944 1047/950/946
f 1050/953/949 927/838/836 1049/1091/1087
f 926/837/835 1414/954/950 927/838/836
f 1074/5068/5062 1071/970/966 1245/974/970
f 1079/977/973 1076/5092/5086 594/701/701
f 1081/978/974 1250/1118/1114 1451/1321/1316
f 1099/992/988 1096/1140/1136 1095/1132/1128
f 6097/6031/6018 5513/5127/5121 6098/6032/6019
f 1123/1160/1156 1111/1159/1155 1001/906/904
f 1004/909/907 1302/5129/5123 1306/6033/6020
f 5498/5100/5094 1017/922/918 1143/1031/1027
f 1018/6034/6021 1306/6033/6020 1019/5101/5095
f 1131/1020/1016 1142/1178/1174 1132/1021/1017
f 1137/1027/1023 1135/1025/1021 1150/1037/1033
f 1021/924/920 1146/1406/1401 5515/5135/5129
f 1163/1047/1043 1029/930/926 1175/1064/1060
f 1029/930/926 1163/1047/1043 1025/929/925
f 1177/5105/5099 1176/6035/6022 5520/5138/5132
f 1030/932/928 1573/1436/1431 1181/1210/1206
f 1042/944/940 1356/1227/1223 1044/945/941
f 1190/1073/1069 1188/1071/1067 1193/1242/1238
f 922/952/948 1201/1081/1077 5488/1257/1253
f 1214/1267/1263 1048/951/947 1198/1076/1072
f 6099/6036/6023 1206/5108/5102 5503/5107/5101
f 1205/1086/1082 1218/1093/1089 1220/1095/1091
f 1236/5156/5150 1061/5087/5081 1060/5086/5080
f 1065/5089/5083 1240/1303/1298 1241/1306/1301
f 5537/5164/5158 1468/1332/1327 1477/1342/1337
f 1271/1142/1138 1104/997/993 1111/1159/1155
f 1273/1144/1140 5513/5127/5121 6097/6031/6018
f 1126/1016/1012 1297/1171/1167 1285/1155/1151
f 1303/5131/5125 1289/1161/1157 1123/1160/1156
f 1295/1167/1163 1533/1394/1389 1302/5129/5123
f 1306/6033/6020 1305/5130/5124 5499/1407/1402
f 1155/1045/1041 1315/1183/1179 1129/1029/1025
f 1145/1041/1037 1321/1190/1186 1309/5132/5126
f 6101/6037/6024 1309/5132/5126 1321/1190/1186
f 1320/1189/1185 5517/5136/5130 1565/1427/1422
f 1340/1209/1205 1336/1204/1200 1343/1216/1212
f 1348/1219/1215 1339/1207/1203 5519/6038/6025
f 1338/1206/1202 1339/1207/1203 6102/6039/6026
f 1345/1215/1211 1336/1204/1200 1350/1221/1217
f 1355/1226/1222 1042/944/940 1182/1065/1061
f 6103/6040/6027 1347/1218/1214 1349/1220/1216
f 6102/6039/6026 1339/1207/1203 1347/1218/1214
f 1347/1218/1214 6103/6040/6027 6102/6039/6026
f 6104/6041/6028 1360/1231/1227 1364/1235/1231
f 1349/1220/1216 5550/5184/5178 1359/1230/1226
f 1358/1229/1225 6103/6040/6027 1359/1230/1226
f 1349/1220/1216 1359/1230/1226 6103/6040/6027
f 1364/1235/1231 1360/1231/1227 1362/1233/1229
f 1360/1231/1227 6105/6042/6029 1361/1232/1228
f 1362/1233/1229 1361/1232/1228 1369/1240/1236
f 1372/1244/1240 1375/1247/1243 1353/1224/1220
f 1386/5144/5138 1359/1230/1226 5550/5184/5178
f 6106/6043/6030 1378/1249/1245 1603/1466/1461
f 1385/1260/1256 1357/1228/1224 1386/5144/5138
f 1377/1250/1246 1383/1478/1473 1616/1477/1472
f 5527/5145/5139 1391/1261/1257 1385/1260/1256
f 1390/1259/1255 1201/1081/1077 1212/1090/1086
f 1422/1293/1288 1424/1296/1291 1670/1294/1289
f 1422/1293/1288 938/959/955 1423/1295/1290
f 956/867/865 1247/1530/1525 1910/5253/5246
f 1448/1123/1119 1254/1124/1120 1449/1318/1313
f 5492/5094/5088 1458/5093/5087 1453/1538/1533
f 1088/983/979 1461/1324/1319 1087/982/978
f 1260/1128/1124 1464/1326/1321 1460/1323/1318
f 5535/5162/5156 1264/1134/1130 1263/1133/1129
f 1485/1347/1342 1270/1141/1137 1483/1345/1340
f 1492/1355/1350 1739/1573/1568 1491/1356/1351
f 1289/1161/1157 1522/5218/5212 1271/1142/1138
f 1499/1360/1355 1500/1362/1357 1736/1570/1565
f 1503/1364/1359 1505/1366/1361 1502/1363/1358
f 1499/1360/1355 1298/1172/1168 1300/1174/1170
f 1298/1172/1168 1499/1360/1355 1513/5171/5165
f 1527/1387/1382 1504/1365/1360 1503/1364/1359
f 1509/1371/1366 1742/1577/1572 1519/1381/1376
f 1289/1161/1157 1303/5131/5125 1522/5218/5212
f 1532/1392/1387 1748/1393/1388 1295/1167/1163
f 1324/1192/1188 1984/1431/1426 1329/1197/1193
f 5519/6038/6025 1331/1434/1429 1778/1607/1602
f 1589/1452/1447 5519/6038/6025 1788/1619/1614
f 1348/1219/1215 5519/6038/6025 1589/1452/1447
f 1604/1481/1476 1184/1067/1063 1599/1462/1457
f 1609/1471/1466 1611/1473/1468 5551/5185/5179
f 1383/1478/1473 1387/5146/5140 5554/5187/5181
f 1607/1469/1464 1383/1478/1473 5551/5185/5179
f 5527/5145/5139 1386/5144/5138 5553/5186/5180
f 1638/1493/1488 5527/5145/5139 6107/6044/6031
f 1626/1485/1480 1625/5192/5186 1634/5193/5187
f 1629/1491/1486 1390/1259/1255 1212/1090/1086
f 5557/6045/6032 1624/5191/5185 5555/5188/5182
f 1228/1102/1098 1660/1882/1877 1650/5196/5190
f 1891/5202/5196 1234/1108/1104 1230/1291/1286
f 1676/1522/1517 1239/1114/1110 1242/1308/1303
f 1678/1525/1520 1434/5157/5151 1430/1305/1300
f 1437/5119/5113 1684/5318/5311 1436/973/969
f 1684/5318/5311 1437/5119/5113 1910/5253/5246
f 1443/1313/1308 1444/1315/1310 2122/5254/5247
f 5565/5206/5200 1442/1535/1530 5563/5203/5197
f 1917/1736/1731 1448/1123/1119 1449/1318/1313
f 1448/1123/1119 1917/1736/1731 1447/1738/1733
f 1922/1930/1925 1086/981/977 1256/1125/1121
f 1086/981/977 1922/1930/1925 1923/1739/1734
f 5568/5209/5203 1933/1942/1937 5569/1941/1936
f 1474/1338/1333 1482/1339/1334 1708/1548/1543
f 2164/5217/5211 1944/1139/1135 1271/1142/1138
f 1728/1575/1570 1717/1555/1550 1719/1557/1552
f 1505/1366/1361 1738/1572/1567 1502/1363/1358
f 1519/1381/1376 6109/6046/6033 1520/1382/1377
f 6110/6047/6034 5575/5221/5215 1516/1378/1373
f 1751/1583/1578 1750/1582/1577 1752/1584/1579
f 1546/1410/1405 1757/1781/1776 1543/1409/1404
f 1974/1989/1984 1764/1790/1785 1547/1411/1406
f 5581/5229/5223 5579/5227/5221 1765/1592/1587
f 1772/1598/1593 1771/1597/1592 5583/5231/5170
f 5547/5180/5174 1776/1605/1600 1777/1606/1601
f 1776/1605/1600 1982/1995/1990 1772/1598/1593
f 1777/1606/1601 1772/1598/1593 5583/5231/5170
f 1782/1611/1606 1781/1610/1605 1775/1604/1599
f 5547/5180/5174 1571/1613/1608 1776/1605/1600
f 1984/1431/1426 1985/2160/2155 1329/1197/1193
f 1596/1459/1454 1376/1248/1244 1608/1470/1465
f 2012/1813/1808 1809/1637/1632 1796/1624/1619
f 1799/1627/1622 1797/1625/1620 5585/5234/5227
f 1811/1640/1635 1800/1638/1633 1810/1639/1634
f 5586/5284/5277 1813/1642/1637 1812/1641/1636
f 1810/1639/1634 1613/1650/1645 1811/1640/1635
f 1815/1644/1639 6111/6048/6035 1816/1645/1640
f 1611/1473/1468 1818/1647/1642 1817/1646/1641
f 1605/1468/1463 1606/1467/1462 1825/5285/5278
f 1816/1645/1640 6111/6048/6035 5553/5186/5180
f 1633/1667/1662 1624/5191/5185 1833/1668/1663
f 1835/1659/1654 1628/1487/1482 1635/1657/1652
f 1833/1668/1663 5557/6045/6032 1844/6049/6036
f 1845/1669/1664 5593/5240/5233 1633/1667/1662
f 1841/1666/1661 1850/1854/1849 1865/1856/1851
f 5595/5242/5235 1866/1689/1684 6112/6050/6037
f 1869/1692/1687 6112/6050/6037 1866/1689/1684
f 6113/6051/6038 5557/6045/6032 1641/5243/5236
f 1857/1682/1677 2047/1848/1843 1855/1680/1675
f 1858/1683/1678 1856/1681/1676 5597/5245/5238
f 1864/1688/1683 1850/1854/1849 1840/1673/1668
f 1663/5199/5193 5561/1898/1893 2091/5250/5243
f 1428/1523/1518 1900/1717/1712 1427/1302/1297
f 1684/5318/5311 1911/1729/1724 2119/5351/5344
f 1911/1729/1724 1684/5318/5311 1910/5253/5246
f 1919/1731/1726 1914/1732/1727 2129/1920/1915
f 1691/1537/1532 1692/5256/5249 1920/1924/1919
f 1453/1538/1533 2488/2251/2246 2487/2250/2245
f 5511/5122/5116 1924/5257/5250 1695/2105/2100
f 1950/1762/1757 1956/1770/1765 1734/1568/1563
f 1959/1773/1768 1744/1580/1575 1728/1575/1570
f 2173/1970/1965 5610/5266/5259 5609/5265/5258
f 1532/1392/1387 1965/1780/1775 1748/1393/1388
f 1753/1585/1580 2175/1972/1967 1966/1775/1770
f 1970/1984/1979 1758/5222/5216 1961/1965/1960
f 1558/1595/1590 1977/5274/5267 1969/1782/1777
f 1561/1424/1419 1977/5274/5267 1558/1595/1590
f 2202/1999/1994 1983/5275/5268 1784/1614/1609
f 1784/1614/1609 1987/1795/1790 2202/1999/1994
f 1785/1617/1612 2011/1818/1813 1787/1618/1613
f 1799/1627/1622 2004/5280/5273 1991/1798/1793
f 1837/1661/1656 2041/5290/5283 1835/1659/1654
f 1836/1660/1655 5628/5295/5288 1837/1661/1656
f 1863/1849/1844 5627/5294/5287 1836/1660/1655
f 2050/1852/1847 2051/6052/6039 2067/1867/1862
f 1650/5196/5190 1872/5380/5373 1851/1675/1670
f 5637/5306/5299 2279/5307/5300 2070/1870/1865
f 2278/5304/5297 2279/5307/5300 6114/6053/6040
f 2087/1889/1884 1878/1699/1694 5641/5313/5306
f 2093/1894/1889 1886/1707/1702 2094/1895/1890
f 1886/1707/1702 2093/1894/1889 2294/1896/1891
f 2096/2087/2082 1667/1514/1509 1670/1294/1289
f 2100/6054/6041 1895/2088/2083 2297/5347/5340
f 2103/2089/2084 1895/2088/2083 1425/1297/1292
f 1899/1718/1713 2104/5317/5310 1898/1299/1294
f 1676/1522/1517 2109/1904/1899 1900/1717/1712
f 2123/2100/2095 2122/5254/5247 1915/1733/1728
f 5566/5207/5201 2132/1925/1920 2479/2245/2240
f 2329/6055/6042 5643/6056/6043 5569/1941/1936
f 2148/1944/1939 1707/1547/1542 1706/1546/1541
f 2162/1962/1957 2160/1961/1956 2159/1960/1955
f 2158/1959/1954 2160/1961/1956 6115/6057/6044
f 1956/1770/1765 1949/1761/1756 2343/2122/2117
f 2163/1963/1958 5606/5260/5253 2160/1961/1956
f 5608/5264/5257 1966/1775/1770 2170/1968/1963
f 2173/1970/1965 2347/2128/2123 5610/5266/5259
f 2190/2304/2299 1757/1781/1776 1969/1782/1777
f 2184/1980/1975 1973/1785/1780 5615/5271/5264
f 1982/1995/1990 1983/5275/5268 2198/1996/1991
f 2370/2152/2147 2198/1996/1991 1983/5275/5268
f 2213/2007/2002 2211/2005/2000 2210/2004/1999
f 2001/1808/1803 2000/1807/1802 2215/2009/2004
f 2212/2006/2001 2223/2016/2011 2210/2004/1999
f 2230/2024/2019 2248/2039/2034 2231/2025/2020
f 2251/5286/5279 2241/2038/2033 1605/1468/1463
f 2029/5236/5229 5622/5288/5281 2243/2043/2038
f 2250/2041/2036 2036/1839/1834 2249/2040/2035
f 2257/2052/2047 2032/1834/1829 2027/1830/1825
f 2265/2350/2345 1851/1675/1670 1872/5380/5373
f 2072/1872/1867 2071/1871/1866 2269/2065/2060
f 2432/2211/2206 2283/2074/2069 2259/2051/2046
f 2292/2085/2080 2293/2086/2081 2450/2218/2213
f 2091/5250/5243 2295/2389/2384 5689/5456/5449
f 2304/2094/2089 2106/1901/1896 2463/6058/6045
f 2319/2243/2238 2132/1925/1920 2134/1927/1922
f 2492/5355/5348 1695/2105/2100 1924/5257/5250
f 2145/1939/1934 5691/5391/5384 2143/1937/1932
f 2329/6055/6042 5569/1941/1936 2328/2267/2262
f 2146/1940/1935 2328/2267/2262 5569/1941/1936
f 2336/2116/2111 2149/1945/1940 2152/1951/1946
f 2165/5401/5394 1955/1957/1952 2164/5217/5211
f 1749/5220/5214 2524/2299/2294 1960/5263/5256
f 5665/5358/5351 5664/5357/5350 6117/6059/6046
f 2536/2550/2545 2179/1976/1971 2178/1975/1970
f 2359/2141/2136 2358/2140/2135 2356/2138/2133
f 1969/1782/1777 2548/2438/2433 2190/2304/2299
f 2370/2152/2147 2201/1998/1993 2374/2155/2150
f 2563/2317/2312 2379/2162/2157 2378/2161/2156
f 2215/2009/2004 2378/2161/2156 2214/2008/2003
f 2381/2165/2160 2378/2161/2156 2215/2009/2004
f 2582/2334/2329 2391/2173/2168 2390/2172/2167
f 2401/2181/2176 2403/2183/2178 2587/2340/2335
f 2036/1839/1834 2420/5336/5329 2413/2192/2187
f 1872/5380/5373 2431/1884/1879 2424/2357/2352
f 2267/2062/2057 2272/2067/2062 2274/2069/2064
f 2269/2065/2060 2280/2072/2067 2428/2205/2200
f 6116/6060/6047 2288/2080/2075 5687/5385/5378
f 2292/2085/2080 2451/2219/2214 2093/1894/1889
f 5706/5421/5414 1892/1711/1706 5659/5346/5339
f 2298/2090/2085 2103/2089/2084 2455/2222/2217
f 2462/2230/2225 2636/5387/5380 2463/6058/6045
f 2636/5387/5380 2303/2093/2088 2304/2094/2089
f 5661/5350/5343 2640/2513/2508 2468/2234/2229
f 2471/2398/2393 2470/2397/2392 2119/5351/5344
f 2312/2099/2094 2314/5353/5346 2475/2403/2398
f 2126/1735/1730 2318/2405/2400 2475/2403/2398
f 2484/2254/2249 2487/2250/2245 2486/2252/2247
f 2135/1929/1924 2654/2655/2650 1923/1739/1734
f 2136/1931/1926 2495/2261/2256 2137/1741/1736
f 2491/5427/5420 2137/1741/1736 2495/2261/2256
f 2138/1744/1739 2325/2107/2102 2496/5390/5383
f 2507/2273/2268 2334/2114/2109 2499/2264/2259
f 2659/2415/2410 2503/2269/2264 2502/2268/2263
f 2331/2111/2106 2503/2269/2264 2330/2110/2105
f 5711/5434/5427 2149/1945/1940 2508/5395/5388
f 2334/2114/2109 2506/2272/2267 2333/2113/2108
f 2509/5396/5389 2149/1945/1940 2336/2116/2111
f 2345/2125/2120 2669/2423/2418 2350/2132/2127
f 2518/2281/2276 2346/2129/2124 2519/2282/2277
f 2531/2291/2286 2530/2290/2285 6118/6061/6048
f 6118/6061/6048 2532/2292/2287 2353/2135/2130
f 2532/2292/2287 6118/6061/6048 2530/2290/2285
f 2517/2280/2275 2677/2428/2423 2670/2422/2417
f 2517/2280/2275 2348/2127/2122 2534/2294/2289
f 2355/2137/2132 2357/2139/2134 6119/6062/6049
f 2368/2147/2142 2369/2151/2146 2547/2442/2437
f 2550/2153/2148 2551/2309/2304 1979/1430/1425
f 2203/5328/5321 2208/2011/2006 2552/5404/5397
f 2565/2319/2314 2378/2161/2156 2381/2165/2160
f 2710/5413/5406 2391/2173/2168 2582/2334/2329
f 2712/2462/2457 2581/2333/2328 5698/5408/5401
f 2598/2348/2343 2599/2349/2344 2600/2352/2347
f 2729/2478/2473 2602/2354/2349 5705/5417/5410
f 2273/2068/2063 2609/2483/2478 2434/2208/2203
f 2444/5383/5376 2732/5418/5411 2429/2206/2201
f 2439/2374/2369 2619/2376/2371 2444/5383/5376
f 2445/2213/2208 2621/2487/2482 2442/2214/2209
f 2628/2386/2381 2629/2387/2382 2623/2381/2376
f 2095/1897/1892 2096/2087/2082 2631/2388/2383
f 2770/6063/6050 2636/5387/5380 2462/2230/2225
f 2770/6063/6050 2635/6064/6051 2636/5387/5380
f 2306/2231/2226 2308/2095/2090 2638/5424/5417
f 2646/2401/2396 2645/2400/2395 5708/6065/6052
f 2318/2405/2400 2477/6066/6053 2648/2406/2401
f 2146/1940/1935 2342/5356/5349 5732/5466/5459
f 2525/2301/2296 2669/2423/2418 2814/2676/2671
f 5696/5402/5395 2673/2424/2419 2675/2426/2421
f 2535/2297/2292 2680/6067/6054 2679/2548/2543
f 2679/2548/2543 2680/6067/6054 2820/2547/2542
f 2824/5442/5435 2542/2131/2126 2525/2301/2296
f 2675/2426/2421 2674/2425/2420 6120/6068/5434
f 2208/2011/2006 2557/2313/2308 2552/5404/5397
f 2564/2318/2313 2565/2319/2314 2835/2564/2559
f 5719/5445/5438 2570/2322/2317 5668/5362/5355
f 2847/2576/2571 2567/5407/5400 2383/2167/2162
f 2574/2326/2321 2708/2460/2455 5699/5409/5402
f 2721/2470/2465 2422/2199/2194 2597/2351/2346
f 2296/5345/5338 2758/2633/2628 2752/2495/2490
f 2454/5423/5416 2758/2633/2628 2296/5345/5338
f 5727/5460/5453 2912/2634/2629 2910/2631/2626
f 2760/2501/2496 2764/2503/2498 2759/2498/2493
f 2760/2501/2496 2759/2498/2493 2755/2497/2492
f 2768/2507/2502 2633/2390/2385 2917/2790/2785
f 2768/2507/2502 2771/2638/2633 2770/6063/6050
f 2647/2404/2399 2783/5486/5479 2781/2517/2512
f 2645/2400/2395 2782/2519/2514 2933/2648/2643
f 2938/2652/2647 2650/2407/2402 2936/2650/2645
f 2323/2106/2101 2652/2410/2405 2485/2411/2406
f 2490/2255/2250 2788/5463/5456 2654/2655/2650
f 2664/5393/5386 6121/6069/6055 2803/5467/5460
f 2803/5467/5460 6121/6069/6055 5745/5492/5485
f 2660/2416/2411 2797/2530/2525 2795/2528/2523
f 2797/2530/2525 2660/2416/2411 2798/5430/5423
f 5731/5433/5426 2954/2534/2529 2332/2112/2107
f 2668/2541/2536 2516/2279/2274 2666/2420/2415
f 2669/2423/2418 2809/2540/2535 2814/2676/2671
f 5716/5440/5433 5715/5439/5432 2971/2678/2673
f 2678/2429/2424 2816/5469/5462 2671/2430/2425
f 2823/2850/2845 2824/5442/5435 2814/2676/2671
f 6120/6068/5434 6122/6070/6056 2675/2426/2421
f 6122/6070/6056 6120/6068/5434 6123/6071/6057
f 2675/2426/2421 2979/2686/2681 5715/5439/5432
f 2979/2686/2681 2675/2426/2421 6122/6070/6056
f 2686/2434/2429 2825/2552/2547 2682/2432/2427
f 2686/2434/2429 2992/2698/2693 2825/2552/2547
f 2829/2555/2550 2828/2554/2549 2827/2553/2548
f 2548/2438/2433 2693/5443/5436 2689/2439/2434
f 2829/2555/2550 2692/2444/2439 2832/2560/2555
f 3008/2880/2875 2551/2309/2304 3007/2445/2440
f 2841/2570/2565 2555/2311/2306 2699/2449/2444
f 2841/2570/2565 3019/2721/2716 2840/2569/2564
f 2844/2573/2568 2843/2572/2567 5755/5506/5498
f 2848/2578/2573 5718/5444/5437 3022/5507/5499
f 2847/2576/2571 2573/2325/2320 3026/2725/2720
f 2718/5449/5442 2865/2594/2589 2590/2343/2338
f 2884/2753/2748 2881/5509/5501 2722/2476/2471
f 6124/6072/6058 2889/2757/2752 2726/2475/2470
f 3056/2755/2750 2889/2757/2752 6124/6072/6058
f 2904/2624/2619 2627/2385/2380 2905/2625/2620
f 2903/2623/2618 2628/2386/2381 2904/2624/2619
f 2630/2494/2489 2751/2493/2488 2907/2627/2622
f 2908/2957/2952 2755/2497/2492 2753/5458/5451
f 2761/2499/2494 2460/2228/2223 2767/2506/2501
f 2922/2643/2638 2928/2644/2639 2775/2514/2509
f 2654/2655/2650 2788/5463/5456 3124/5525/5517
f 3500/3155/3150 2500/2265/2260 5732/5466/5459
f 2803/5467/5460 3130/5493/5486 2667/2421/2416
f 5733/5468/5461 3133/3004/2999 3132/2828/2823
f 2964/2668/2663 2810/2670/2665 2963/2682/2677
f 5749/6073/6059 2815/2544/2539 2972/2679/2674
f 5752/5499/2681 2976/2683/2678 2978/2685/2680
f 2975/2848/2843 2995/2701/2696 2822/2551/2546
f 2831/2557/2552 3189/3049/3044 2367/2146/2141
f 3018/5472/5465 2695/2446/2441 3381/5536/5528
f 3016/2720/2715 2836/2565/2560 5736/6074/6060
f 2848/2578/2573 3022/5507/5499 2849/2579/2574
f 2702/2454/2449 3042/2740/2735 2872/2600/2595
f 2723/2472/2467 2883/2935/2930 3053/2750/2745
f 3054/2751/2746 2882/2609/2604 2879/2608/2603
f 3048/2746/2741 3049/2747/2742 2727/2480/2475
f 2889/2757/2752 3057/2756/2751 3236/2928/2923
f 3258/2955/2950 3259/6075/6061 3241/5547/5539
f 2897/2619/2614 3076/3116/3111 2898/2765/2760
f 2749/2782/2777 3082/6076/6062 2897/2619/2614
f 3274/2962/2957 5760/6077/6063 2761/2499/2494
f 2761/2499/2494 2767/2506/2501 3274/2962/2957
f 2916/2637/2632 3278/2964/2959 2766/2505/2500
f 2915/2789/2784 3093/2788/2783 2917/2790/2785
f 2652/2410/2405 3306/5487/5480 3121/2817/2812
f 2951/2661/2656 3313/2995/2990 2952/2662/2657
f 5732/5466/5459 3320/3159/3154 3319/3161/3156
f 3130/5493/5486 2803/5467/5460 5796/5566/5558
f 3324/3173/3168 3510/3171/3166 5713/6078/6064
f 3324/3173/3168 2961/2830/2825 3135/2832/2827
f 2961/2830/2825 3324/3173/3168 5695/5400/5393
f 3325/3176/3171 2962/2831/2826 5734/5496/5489
f 5734/5496/5489 3144/5502/5494 3325/3176/3171
f 2964/2668/2663 3140/2834/2829 2966/2672/2667
f 3136/2833/2828 3140/2834/2829 3143/5532/5524
f 2819/2546/2541 5772/5533/5525 2821/5470/5463
f 3164/2858/2853 2993/2699/2694 2994/2700/2695
f 3195/2894/2889 3186/2878/2873 3194/2884/2879
f 3370/2881/2876 3011/2562/2557 2694/2310/2305
f 3018/5472/5465 3381/5536/5528 3394/3079/3074
f 3208/2905/2900 3031/2916/2911 3211/2906/2901
f 3220/2915/2910 3211/2906/2901 3031/2916/2911
f 2849/2579/2574 3219/2914/2909 3031/2916/2911
f 3413/3084/3079 3218/3076/3071 2851/2581/2576
f 3032/2729/2724 3033/2731/2726 3415/5589/5581
f 3224/2920/2915 2858/2587/2582 2719/2467/2462
f 2874/2603/2598 3424/3093/3088 2719/2467/2462
f 2864/2593/2588 3232/2927/2922 3046/2745/2740
f 3444/3113/3108 3256/2945/2940 3077/2775/2770
f 3082/6076/6062 3085/2781/2776 5784/5551/5543
f 3082/6076/6062 5785/5552/5544 3076/3116/3111
f 3278/2964/2959 3275/3130/3125 2767/2506/2501
f 3276/5597/5589 3093/2788/2783 3465/3285/3280
f 2787/2522/2517 3123/5526/5518 3305/3747/3742
f 3510/3171/3166 3320/3159/3154 5694/5398/5391
f 3325/3176/3171 3135/2832/2827 2962/2831/2826
f 3329/3006/3001 5803/5573/5565 3328/3180/3175
f 3339/3014/3009 3341/3016/3011 5805/5575/5567
f 3351/3028/3023 3346/3021/3016 3178/3032/3027
f 2999/2706/2701 3181/5535/5527 3172/3026/3021
f 3175/2869/2864 3185/2877/2872 6125/6079/6065
f 3180/2872/2867 3366/3046/3041 3356/3035/3030
f 3374/3050/3045 3366/3046/3041 3180/2872/2867
f 3397/3063/3058 3383/3062/3057 3382/3217/3212
f 3393/3080/3075 3394/3079/3074 3380/3215/3210
f 3392/5584/5576 2839/2918/2913 3222/2917/2912
f 3424/3093/3088 3423/3092/3087 3224/2920/2915
f 3423/3092/3087 3425/3094/3089 3421/3090/3085
f 3425/3094/3089 5781/5545/5537 3426/2929/2924
f 3433/3237/3232 3426/2929/2924 3236/2928/2923
f 3432/3108/3103 3060/2932/2927 3235/2933/2928
f 6126/6080/6066 6127/6081/6067 3433/3237/3232
f 3437/3104/3099 3435/3100/3095 3239/3102/3097
f 3451/3117/3112 3076/3116/3111 3450/3276/3271
f 5784/5551/5543 5787/3277/3272 3450/3276/3271
f 3642/3471/3466 3644/5598/5590 3276/5597/5589
f 3098/2793/2788 3646/3290/3285 3096/2791/2786
f 3286/2971/2966 3477/3484/3479 3102/2799/2794
f 3485/3306/3301 3658/3486/3481 3292/2975/2970
f 3483/3136/3131 3481/3140/3135 3295/2979/2974
f 5790/5558/5550 3300/2985/2980 3485/3306/3301
f 3661/3304/3299 3485/3306/3301 3300/2985/2980
f 3487/3149/3144 3492/3148/3143 5822/6082/6068
f 3127/2824/2819 5825/5607/5599 3680/3332/3327
f 5769/5529/5521 3680/3332/3327 3679/3331/3326
f 5797/5567/5559 5830/5613/5605 3514/3169/3164
f 5830/5613/5605 3688/3338/3333 3515/3170/3165
f 3517/3175/3170 4159/3174/3169 3135/2832/2827
f 5832/5617/5608 3533/3192/6069 3529/3188/3183
f 3358/3037/3032 3549/3203/3198 3550/3204/3199
f 3552/3205/3200 3368/3048/3043 5838/5629/5620
f 3369/3546/3541 3362/3041/3036 3726/3544/3539
f 5839/6083/6070 5838/5629/5620 6128/6084/6071
f 3733/5630/5621 3734/3383/3378 3558/3211/3206
f 3388/3057/3052 5838/5629/5620 3386/3055/3050
f 3408/3075/3070 3407/3074/3069 3568/3224/3219
f 3392/5584/5576 3222/2917/2912 3565/3574/3569
f 3414/3083/3078 3571/5588/5580 3570/3226/3221
f 3571/5588/5580 3416/3086/3081 5840/5634/5625
f 5840/5634/5625 3416/3086/3081 3572/3227/3222
f 3588/3235/3230 3230/2926/2921 3582/3231/3226
f 3584/3417/3412 3420/3089/3084 3581/3415/3410
f 3587/3234/3229 3592/3240/3235 3591/3242/3237
f 3432/3108/3103 3430/5638/5629 3596/3245/3240
f 3604/3253/3248 3593/3239/3234 3605/3254/3249
f 3434/3098/3093 3608/3271/3266 3242/5548/5540
f 3242/5548/5540 3608/3271/3266 3458/3273/3268
f 3617/5641/5632 5818/5595/5587 3447/3261/3256
f 3632/5692/5682 3633/3449/3444 3460/3126/3121
f 3827/3272/3267 3634/3459/3454 3461/3127/3122
f 3639/3462/3457 3465/3285/3280 3635/3284/3279
f 3275/3130/3125 3278/2964/2959 3640/3467/3462
f 3482/3141/3136 3483/3136/3131 3478/3137/3132
f 3488/3312/3307 3666/3311/3306 6129/6085/6072
f 3493/3314/3309 2942/2819/2814 3859/3750/3745
f 3308/3318/3313 4121/3748/3743 3123/5526/5518
f 5794/5564/5556 3684/5609/5601 3685/5650/5641
f 3684/5609/5601 3876/3504/3499 3685/5650/5641
f 3691/3341/3336 3693/3343/3338 3524/3183/3178
f 3712/3517/3512 3694/3185/3180 3540/5626/5617
f 3549/3203/3198 3710/3364/3359 3718/3368/3363
f 3743/3388/3383 3731/3381/3376 3732/3382/3377
f 5853/5660/5650 3564/3222/3217 3567/3223/3218
f 3955/3584/3579 3743/3388/3383 3745/3390/3385
f 3569/3225/3220 3566/5632/5623 3742/3387/3382
f 3759/3412/3407 3760/3395/3390 3750/3394/3389
f 3589/3236/3231 3769/3409/3404 5863/5671/5661
f 3782/5678/5668 3589/3236/3231 5863/5671/5661
f 3595/3244/3239 3774/5672/5662 3785/3647/3642
f 3427/3095/3090 3774/5672/5662 3595/3244/3239
f 3782/5678/5668 3598/3246/3241 3589/3236/3231
f 3597/3247/3242 3598/3246/3241 3787/3430/3425
f 4023/3643/3638 6130/6086/6073 4032/3653/3648
f 3618/3264/3259 3610/3256/3251 3797/3435/3430
f 3611/3257/3252 3625/3440/3435 3804/3439/3434
f 3808/3443/3438 3805/3442/3437 3806/3697/3692
f 3811/5643/5634 3613/3259/3254 3810/3445/3440
f 3800/3432/3427 3614/3260/3255 5917/5737/5727
f 3615/3262/3257 3614/3260/3255 3616/3263/3258
f 3625/3440/3435 3629/3278/3273 3816/3450/3445
f 3835/3466/3461 5880/6087/6074 3463/3128/3123
f 6131/6088/6075 4089/3715/3710 3637/3461/3456
f 3845/3724/3719 3469/3292/3287 3282/2969/2964
f 3846/3728/3723 3649/5600/5592 3852/3303/3298
f 3488/3312/3307 3857/3488/3483 3661/3304/3299
f 6129/6085/6072 5881/5694/5684 3488/3312/3307
f 4121/3748/3743 3308/3318/3313 3863/3492/3487
f 3668/3315/3310 4128/3756/3751 3497/3151/3146
f 3869/3499/3494 3672/3324/3319 3505/3160/3155
f 3685/5650/5641 3875/3503/3498 3873/5747/5737
f 3876/3504/3499 3875/3503/3498 3685/5650/5641
f 3682/3334/3329 3878/3506/3501 3871/3764/3759
f 3878/3506/3501 3877/3505/3500 5845/5651/5642
f 4177/3803/3798 3906/3530/3525 4182/3804/3799
f 3699/3352/3347 5851/6089/6076 5887/5703/5693
f 3719/3369/3364 3718/3368/3363 4192/3814/3809
f 3700/3353/3348 3912/3536/3531 5851/6089/6076
f 4203/3820/3815 3918/3545/3540 3726/3544/3539
f 3940/3569/3564 3924/5708/5698 3917/3542/3537
f 4208/3830/3825 3924/5708/5698 3953/3582/3577
f 3926/3551/3546 3928/3555/3550 3929/3833/3828
f 3958/3588/3583 3748/3587/3582 3945/3573/3568
f 3969/3844/3839 3962/3592/3587 3954/3583/3578
f 6132/6090/6077 6133/6091/6078 6134/6092/6079
f 3983/5710/5700 3984/3628/3623 3968/5767/5757
f 3777/3421/3416 4022/3644/3639 3985/3611/3606
f 5906/5725/5715 5904/5723/5713 3786/3428/3423
f 4072/3696/3691 5914/5733/5723 6136/6093/6080
f 3803/3438/3433 3816/3450/3445 3821/3707/3702
f 4320/5788/5778 3801/3433/3428 3824/5690/5680
f 3828/5742/5732 3829/3458/3453 3827/3272/3267
f 4327/3935/3930 3829/3458/3453 3828/5742/5732
f 4327/3935/3930 3832/3463/3458 3829/3458/3453
f 4122/3749/3744 4121/3748/3743 4347/3956/3951
f 4349/3959/3954 3861/3491/3486 4125/3754/3749
f 3668/3315/3310 3861/3491/3486 4349/3959/3954
f 3862/3494/3489 4126/3954/3949 3863/3492/3487
f 5825/5607/5599 4366/3977/3972 3678/3330/3325
f 5825/5607/5599 3870/3500/3495 4366/3977/3972
f 4137/3763/3758 3676/3328/3323 3871/3764/3759
f 4375/3985/3980 4138/3765/3760 4154/3986/3981
f 4146/3773/3768 3686/3336/3331 4149/3776/3771
f 4155/5746/5736 4144/3771/3766 4154/3986/3981
f 4156/3999/3994 4154/3986/3981 4144/3771/3766
f 4144/3771/3766 4143/3770/3765 4156/3999/3994
f 4146/3773/3768 4148/3775/3770 4143/3770/3765
f 4159/3174/3169 4379/3991/3986 4378/3990/3985
f 3881/3508/3503 4411/4028/4023 3889/3516/3511
f 4170/3793/3788 5926/5752/5742 4171/3794/3789
f 4175/3798/3793 4174/3797/3792 4180/4025/4020
f 4175/3798/3793 6137/6094/6081 4173/3796/3791
f 3882/3510/3505 4179/3519/3514 4178/3800/3795
f 4201/3825/3820 4197/5815/5803 4200/4039/4034
f 4197/5815/5803 4201/3825/3820 4196/3817/3812
f 5929/5756/5746 4435/4042/4037 3913/3821/3816
f 4198/3826/3821 4205/3828/3823 4201/3825/3820
f 4206/3827/3822 4208/3830/3825 3938/3565/3560
f 4208/3830/3825 3917/3542/3537 3924/5708/5698
f 3938/3565/3560 4208/3830/3825 4213/3835/3830
f 3941/3568/3563 4212/3832/3827 4227/3855/3850
f 4217/3838/3833 3939/3566/3561 4213/3835/3830
f 3969/3844/3839 3968/5767/5757 4237/3845/3840
f 4238/3856/3851 4230/3843/3838 4229/3842/3837
f 3982/3861/3856 3996/3627/3622 4246/3862/3857
f 4248/3878/3873 4254/3880/3875 4244/6095/6082
f 4011/3873/3868 4021/3646/3641 4256/3874/3869
f 4255/3871/3866 4471/4077/4072 4268/6096/6083
f 4262/3882/3877 4467/4073/4068 5940/3883/3878
f 4036/3659/3654 5938/5771/5761 4273/3892/3887
f 4254/3880/3875 4258/3879/3874 4266/4081/4076
f 4021/3646/3641 4042/3665/3660 4271/3888/3883
f 4275/3893/3888 4274/3895/3890 4474/4082/4077
f 4270/3889/3884 4279/3911/3906 4277/3896/3891
f 4064/3689/3684 4273/3892/3887 4076/3701/3696
f 4276/3894/3889 6138/6097/6084 4287/3905/3900
f 5946/6098/6085 4053/3677/3672 4312/5783/5773
f 4320/5788/5778 4321/4089/4084 5949/5785/5775
f 4320/5788/5778 5949/5785/5775 3801/3433/3428
f 4496/4284/4279 4088/3717/3712 4328/4287/4282
f 4125/3754/3749 4124/3753/3748 4348/3958/3953
f 4358/5744/5734 4131/3759/3754 4353/3964/3959
f 4371/3983/3978 4358/5744/5734 4353/3964/3959
f 4393/4005/4000 4383/3995/3990 4382/3994/3989
f 4396/4008/4003 4383/3995/3990 4393/4005/4000
f 4165/3788/3783 5969/5809/5797 5968/5807/5795
f 5969/5809/5797 4402/4013/4008 4401/4012/4007
f 4162/3785/3780 4178/3800/3795 4400/4011/4006
f 4170/3793/3788 4414/4026/4021 4174/3797/3792
f 4180/4025/4020 4414/4026/4021 4609/4212/4207
f 4649/4247/4242 4456/4065/4060 4450/4057/4052
f 4230/3843/3838 4226/3853/3848 4228/5760/5750
f 4230/3843/3838 4238/3856/3851 4226/3853/3848
f 4459/4066/4061 4456/4065/4060 4458/4250/4245
f 4238/3856/3851 5976/5826/5814 4457/4064/4059
f 4249/3872/3867 4258/3879/3874 4248/3878/3873
f 4255/3871/3866 4268/6096/6083 4470/4078/4073
f 4485/4275/4270 4489/4098/4093 4493/4100/4095
f 4341/3949/3944 4510/5841/5829 4509/4115/4110
f 4341/3949/3944 4107/3735/3730 4510/5841/5829
f 4110/3736/3731 4511/4117/4112 4111/3489/3484
f 4516/6099/6086 4517/5842/5830 4518/4126/4121
f 4126/3954/3949 4740/4319/4314 4346/3960/3955
f 4533/4140/4135 4553/4161/4156 4531/4138/4133
f 4541/4149/4144 4553/4161/4156 4533/4140/4135
f 4541/4149/4144 4761/4346/4341 4553/4161/4156
f 4390/4003/3998 5989/5847/5835 4391/4004/3999
f 4551/4159/4154 6141/6100/6087 4549/4157/4152
f 4383/3995/3990 4396/4008/4003 4555/4163/4158
f 4568/4177/4172 4567/4175/4170 4396/4008/4003
f 4590/4198/4193 4392/4185/4180 4576/4184/4179
f 4601/5856/5844 4599/4205/4200 4602/5857/5845
f 4432/4222/4217 4426/4218/4213 4204/3823/3818
f 4630/4230/4225 4632/4232/4227 4637/4236/4231
f 4647/4245/4240 4646/4244/4239 4454/4062/4057
f 4473/4079/4074 4662/5827/5815 4252/3867/3862
f 4677/4416/4411 4477/5830/5818 4675/4413/4408
f 4493/4100/4095 4679/4274/4269 4485/4275/4270
f 4496/4284/4279 4694/4286/4281 4683/5837/5825
f 4340/3951/3946 4717/4306/4301 4722/4459/4454
f 4728/4122/4117 4918/4469/4464 4510/5841/5829
f 4737/4473/4468 4514/4127/4122 4517/5842/5830
f 4525/4133/4128 4351/3962/3957 4749/4330/4325
f 4548/4156/4151 4765/4343/4338 6009/5883/5871
f 4563/4171/4166 4561/4169/4164 4762/5885/5873
f 4578/4188/4183 4771/4351/4346 4774/4352/4347
f 4958/5890/5877 6014/5889/5876 4769/4348/4343
f 4585/4192/4187 6014/5889/5876 4587/4195/4190
f 4591/4199/4194 4593/4201/4196 4599/4205/4200
f 4602/5857/5845 4599/4205/4200 4604/4208/4203
f 4798/4372/4367 4795/4370/4365 4793/4368/4363
f 4623/4379/4374 4797/4371/4366 4798/4372/4367
f 4635/4234/4229 4804/4377/4372 4811/4382/4377
f 4806/4528/4523 4805/4243/4238 4807/4532/4527
f 4640/4239/4234 4635/4234/4229 4816/4385/4380
f 4653/4248/4243 4650/4242/4237 4648/4246/4241
f 4655/4255/4250 4658/4254/4249 4826/4394/4389
f 4827/4400/4395 4656/4249/4244 4653/4248/4243
f 4663/4260/4255 6021/4398/4393 4660/4259/4254
f 4663/4260/4255 4666/4263/4258 4833/4399/4394
f 4833/4399/4394 4666/4263/4258 4836/4403/4398
f 4835/5907/5894 6022/5906/5893 5000/5957/5944
f 5000/5957/5944 6022/5906/5893 4836/4403/4398
f 4667/4265/4260 4669/4267/4262 4842/4548/4543
f 4859/4422/4417 4686/4278/4273 4856/6101/6088
f 4910/5925/5912 4723/4310/4305 4911/6102/6089
f 4916/4467/4462 6030/5926/5913 6031/6103/6090
f 4918/4469/4464 4729/4313/4308 6033/5930/5917
f 4925/4472/4467 4736/3957/3952 4930/4478/4473
f 4931/4479/4474 4738/4131/4126 4928/4613/4608
f 4942/4488/4483 6037/5936/5923 4946/4492/4487
f 4759/4340/4335 4950/4496/4491 4760/4498/4493
f 6015/5891/5878 6044/5944/5931 4772/4349/4344
f 4794/4369/4364 4972/4520/4515 4975/4518/4513
f 4973/4646/4641 4800/4375/4370 4801/4376/4371
f 4986/5948/5935 4985/4658/4653 4984/6104/6091
f 5010/4543/4538 5006/5960/5947 5004/4540/4535
f 4842/4548/4543 4848/4547/4542 5019/5964/5951
f 5022/4672/4667 4850/4553/4548 5025/4559/4554
f 5037/4574/4569 6055/6105/6092 4867/4575/4570
f 4883/4439/4434 4874/5914/5901 6057/6106/6093
f 4916/4467/4462 6032/5929/5916 5170/5985/5972
f 5075/6107/6094 5072/4603/4598 5071/4602/4597
f 4914/4465/4460 5072/4603/4598 5075/6107/6094
f 4733/4316/4311 5171/4701/4696 4732/4315/4310
f 4735/4317/4312 4924/4607/4602 4927/4475/4470
f 5090/4724/4719 5086/4618/4613 5093/4622/4617
f 5101/4634/4629 5107/4636/4631 5209/4740/4735
f 5107/4636/4631 4957/4503/4498 6060/5978/5965
f 5121/4652/4647 5122/4651/4646 5233/4654/4649
f 5126/4659/4654 4981/4525/4520 5120/4650/4645
f 5127/5980/5967 4983/5981/5968 4985/4658/4653
f 5129/4662/4657 5013/4546/4541 5131/4666/4661
f 5019/5964/5951 5022/4672/4667 5016/4555/4550
f 5138/4673/4668 5142/6108/6095 5242/4776/4771
f 5027/4562/4557 5137/4671/4666 5025/4559/4554
f 5067/4599/4594 5071/4602/4597 5070/4604/4599
f 6142/6109/6096 5081/4612/4607 5178/4707/4702
f 5195/4723/4718 5189/4718/4713 5090/4724/4719
f 5191/4720/4715 5198/4727/4722 6071/5992/5979
f 5205/4735/4730 5200/4730/4725 5201/4729/4724
f 5217/4754/4749 5210/4741/4736 5209/4740/4735
f 5304/4744/4739 5218/4750/4745 5216/4742/4737
f 5230/4764/4759 5231/4765/4760 5218/4750/4745
f 5235/4657/4652 5224/4756/4751 5234/4766/4761
f 5112/4641/4636 5224/4756/4751 5113/4767/4762
f 5132/4667/4662 5241/4835/4830 5245/4834/4829
f 5237/4768/4763 5135/4669/4664 5238/4769/4764
f 5139/4670/4665 5245/4834/4829 5246/4774/4769
f 5255/4783/4778 5251/4780/4775 5246/4774/4769
f 5255/4783/4778 5252/4781/4776 5251/4780/4775
f 5315/6009/5996 5253/5996/5983 5257/4786/4781
f 5257/4786/4781 5149/4678/4673 5153/4683/4678
f 5258/4680/4675 5256/4785/4780 5261/4839/4834
f 5153/4683/4678 5259/4787/4782 5257/4786/4781
f 5272/4800/4795 5276/4806/4801 5277/4799/4794
f 5277/4799/4794 5275/4807/4802 5280/5997/5984
f 5284/4811/4806 6087/6015/6002 5325/4845/4840
f 5292/4821/4816 5294/4820/4815 5293/4850/4845
f 5289/4817/4812 5292/4821/4816 6076/4825/4820
f 6080/4828/4823 5296/4827/4822 6078/6002/5989
f 5303/4830/4825 5199/4728/4723 5299/4823/4818
f 5302/4736/4731 5210/4741/4736 5217/4754/4749
f 5243/4770/4765 5239/4771/4766 5237/4768/4763
f 6083/6110/6097 5244/4772/4767 5311/6111/6098
f 5256/4785/4780 5314/4837/4832 5261/4839/4834
f 5321/4843/4838 5276/4806/4801 5271/4795/4790
f 5272/4800/4795 5271/4795/4790 5276/4806/4801
f 1/1/1 9/14/14 11/10/10
f 46/35/35 9/14/14 40/32/32
f 15/49/49 6143/4852/4847 14/4865/4860
f 19/4869/4864 5331/23/23 18/4854/4849
f 6088/4851/4846 2/2/2 5/25/25
f 5330/4853/4848 6/6/6 2/2/2
f 18/4854/4849 7/7/7 6/6/6
f 5331/23/23 33/4857/4852 7/7/7
f 29/24/24 33/4857/4852 5331/23/23
f 31/30/30 77/57/57 26/27/27
f 32/28/28 37/4858/4853 30/29/29
f 30/29/29 84/67/67 31/30/30
f 37/4858/4853 43/36/36 30/29/29
f 30/29/29 43/36/36 41/38/38
f 10/8/8 39/34/34 44/39/39
f 45/33/33 46/35/35 40/32/32
f 39/34/34 51/4863/4858 44/39/39
f 39/34/34 52/4861/4856 51/4863/4858
f 39/34/34 45/33/33 52/4861/4856
f 44/39/39 51/4863/4858 50/80/80
f 52/4861/4856 5332/4862/4857 51/4863/4858
f 60/50/50 122/101/101 65/6112/6099
f 63/53/53 121/46/46 58/48/48
f 60/50/50 65/6112/6099 15/49/49
f 58/48/48 14/4865/4860 17/54/54
f 125/4867/4862 19/4869/4864 68/4866/4861
f 126/4868/4863 66/102/102 19/4869/4864
f 70/55/55 73/21/21 72/20/20
f 74/58/58 69/104/104 75/18/18
f 71/56/56 135/108/108 76/60/60
f 74/58/58 77/57/57 78/109/109
f 138/116/116 76/60/60 135/108/108
f 80/61/61 76/60/60 138/116/116
f 85/63/63 86/62/62 36/4859/4854
f 41/38/38 84/67/67 30/29/29
f 41/38/38 90/69/69 42/68/68
f 102/79/79 5335/4873/4868 48/37/37
f 5340/4878/4873 5339/4877/4872 108/86/86
f 5338/4876/4871 5340/4878/4873 5346/4887/4882
f 5341/4879/4874 5346/4887/4882 5340/4878/4873
f 109/145/145 5346/4887/4882 5341/4879/4874
f 114/4880/4875 59/47/47 121/46/46
f 116/170/170 124/96/96 115/165/165
f 114/4880/4875 60/50/50 59/47/47
f 190/167/167 122/101/101 60/50/50
f 119/95/95 125/4867/4862 124/96/96
f 119/95/95 126/4868/4863 125/4867/4862
f 202/261/261 203/99/99 127/4881/4876
f 126/4868/4863 123/175/175 66/102/102
f 128/103/103 66/102/102 123/175/175
f 134/110/110 78/109/109 137/113/113
f 218/195/195 135/108/108 213/107/107
f 78/109/109 140/117/117 137/113/113
f 140/117/117 82/119/119 136/111/111
f 143/122/122 227/200/200 237/211/211
f 5349/4890/4885 272/156/156 177/234/234
f 272/156/156 5349/4890/4885 179/154/154
f 180/155/155 179/154/154 183/158/158
f 5350/4891/4886 5351/4893/4888 179/154/154
f 6090/169/169 5351/4893/4888 5350/4891/4886
f 192/164/164 283/246/246 284/247/247
f 6090/169/169 189/168/168 5351/4893/4888
f 191/166/166 190/167/167 6090/169/169
f 5351/4893/4888 189/168/168 182/157/157
f 186/161/161 185/160/160 116/170/170
f 192/164/164 116/170/170 115/165/165
f 193/172/172 187/162/162 194/171/171
f 5352/173/173 198/174/174 119/95/95
f 202/261/261 199/259/259 203/99/99
f 128/103/103 207/180/180 130/106/106
f 211/182/182 131/187/187 214/6017/6004
f 214/6017/6004 216/189/189 309/4907/4902
f 216/189/189 214/6017/6004 131/187/187
f 222/192/192 316/285/285 217/112/112
f 259/323/323 260/325/325 269/235/235
f 264/4902/4897 273/236/236 269/235/235
f 264/4902/4897 270/4903/4898 273/236/236
f 270/4903/4898 275/240/240 178/237/237
f 276/241/241 280/242/242 181/245/245
f 284/247/247 181/245/245 280/242/242
f 184/159/159 280/242/242 282/244/244
f 5357/4906/4901 188/163/163 386/251/251
f 406/351/351 413/359/359 210/181/181
f 297/264/264 406/351/351 210/181/181
f 210/181/181 310/278/278 306/4894/4889
f 212/184/184 306/4894/4889 313/280/280
f 313/280/280 306/4894/4889 310/278/278
f 307/275/275 316/285/285 314/281/281
f 437/380/380 430/300/300 5363/4914/4909
f 320/287/287 5362/4913/4908 223/194/194
f 226/198/198 5365/4916/4911 327/293/293
f 229/202/202 228/201/201 332/297/297
f 359/317/317 492/316/316 360/318/318
f 361/438/438 362/4921/4916 364/321/321
f 362/4921/4916 366/319/319 364/321/321
f 362/4921/4916 6091/6020/6007 366/319/319
f 6091/6020/6007 371/322/322 366/319/319
f 367/450/450 372/4922/4917 371/322/322
f 367/450/450 368/449/449 372/4922/4917
f 368/449/449 369/4924/4919 261/4923/4918
f 261/4923/4918 369/4924/4919 264/4902/4897
f 267/232/232 375/326/326 263/4900/4895
f 526/332/332 266/231/231 379/333/333
f 276/241/241 380/462/462 378/461/461
f 184/159/159 282/244/244 533/470/470
f 396/341/341 395/343/343 294/266/266
f 5374/4930/4925 561/491/491 5377/4933/4928
f 430/300/300 567/504/504 442/387/387
f 335/301/301 447/390/390 338/303/303
f 462/4942/4937 354/311/311 257/228/228
f 5385/6113/6100 465/414/414 467/416/416
f 467/416/416 474/425/425 5385/6113/6100
f 5404/417/417 475/426/426 474/425/425
f 474/425/425 356/313/313 5384/6022/6009
f 356/313/313 482/6024/6011 476/422/422
f 481/433/433 477/424/424 488/423/423
f 482/6024/6011 5387/4947/4942 488/423/423
f 484/4944/4939 490/4946/4941 489/6025/6012
f 5387/4947/4942 6092/4948/4943 491/565/565
f 493/434/434 492/316/316 489/6025/6012
f 490/4946/4941 5388/4949/4944 489/6025/6012
f 499/439/439 6144/6114/6101 6092/4948/4943
f 5388/4949/4944 504/448/448 363/6019/6006
f 6144/6114/6101 6145/6115/6102 6092/4948/4943
f 499/439/439 506/443/443 6144/6114/6101
f 685/609/609 5389/4950/4945 688/4999/4994
f 5389/4950/4945 685/609/609 505/441/441
f 6145/6115/6102 515/4951/4946 502/440/440
f 510/612/612 376/330/330 369/4924/4919
f 517/457/457 514/453/453 513/452/452
f 511/617/617 523/4952/4947 527/463/463
f 378/461/461 703/634/634 281/243/243
f 526/332/332 522/460/460 266/231/231
f 524/633/633 530/467/467 382/471/471
f 532/469/469 521/459/459 526/332/332
f 530/467/467 534/473/473 533/470/470
f 544/5004/4999 5390/4956/4951 548/4958/4953
f 544/5004/4999 548/4958/4953 399/347/347
f 6093/6116/6103 402/6021/6008 548/4958/4953
f 6146/6117/6104 550/6026/6013 552/481/481
f 404/349/349 5371/4927/4922 5394/4962/4957
f 5370/4926/4921 403/348/348 559/488/488
f 562/674/674 411/357/357 416/362/362
f 568/499/499 566/498/498 429/373/373
f 593/695/695 351/310/310 461/4941/4936
f 780/698/698 458/410/410 5383/6118/6105
f 5405/4975/4970 5406/4976/4971 468/418/418
f 5402/4973/4968 5405/4975/4970 5404/417/417
f 5403/4974/4969 5401/4972/4967 785/704/704
f 602/528/528 604/530/530 613/538/538
f 605/531/531 598/523/523 5407/6027/6014
f 598/523/523 605/531/531 465/414/414
f 466/415/415 605/531/531 5402/4973/4968
f 5408/4977/4972 611/719/719 5410/4980/4975
f 618/542/542 603/529/529 5413/544/544
f 478/427/427 480/429/429 6147/6119/6106
f 6147/6119/6106 480/429/429 473/541/541
f 5412/4982/4977 803/722/722 618/542/542
f 5413/544/544 627/552/552 5412/4982/4977
f 477/424/424 625/550/550 619/543/543
f 5415/4983/4978 622/547/547 809/726/726
f 5414/6120/6107 479/428/428 478/427/427
f 627/552/552 626/551/551 631/4985/4980
f 625/550/550 624/549/549 626/551/551
f 5417/4989/4984 626/551/551 624/549/549
f 624/549/549 636/557/557 5417/4989/4984
f 5414/6120/6107 485/430/430 479/428/428
f 5417/4989/4984 632/555/555 626/551/551
f 6148/6121/6108 637/559/559 487/432/432
f 646/569/569 494/4992/4987 644/567/567
f 503/589/589 651/573/573 666/592/592
f 685/609/609 673/599/599 679/605/605
f 669/595/595 686/613/613 507/445/445
f 514/453/453 687/610/610 688/4999/4994
f 6095/6029/6016 691/616/616 698/624/624
f 687/610/610 698/624/624 691/616/616
f 514/453/453 698/624/624 687/610/610
f 695/611/611 523/4952/4947 511/617/617
f 720/646/646 532/469/469 536/472/472
f 6149/6122/6109 5429/5005/5000 540/653/653
f 540/653/653 5429/5005/5000 544/5004/4999
f 547/479/479 5432/5009/5004 545/478/478
f 562/674/674 416/362/362 748/673/673
f 564/497/497 753/678/678 752/494/494
f 588/515/515 767/5018/5013 579/400/400
f 767/5018/5013 588/515/515 771/964/960
f 973/885/883 964/877/875 6150/6123/6110
f 602/528/528 797/5023/5018 798/714/714
f 6150/6123/6110 964/877/875 5443/5024/5019
f 5446/5071/5065 789/706/706 788/705/705
f 789/706/706 5446/5071/5065 783/702/702
f 611/719/719 801/718/718 621/546/546
f 5450/5031/5026 617/720/720 802/721/721
f 5416/4984/4979 806/723/723 808/725/725
f 803/722/722 5412/4982/4977 804/730/730
f 804/730/730 5412/4982/4977 827/745/744
f 5455/5038/5033 994/900/898 832/750/749
f 641/563/563 832/750/749 994/900/898
f 847/763/761 5456/5039/5034 829/747/746
f 5455/5038/5033 659/582/582 851/767/765
f 1014/919/764 6151/6124/766 848/764/762
f 5464/5051/5045 5463/5050/5044 1023/927/923
f 901/812/810 902/814/812 719/813/811
f 1047/950/946 925/835/833 923/834/832
f 744/490/490 929/841/839 1227/5065/5059
f 744/490/490 1227/5065/5059 933/956/952
f 932/844/842 746/671/671 934/5113/5107
f 746/671/671 748/673/673 1051/5115/5109
f 749/675/675 933/956/952 5440/5017/5012
f 935/5066/5060 1051/5115/5109 748/673/673
f 1082/5070/5064 778/697/697 5477/5069/5063
f 981/5030/5025 1090/1131/1127 1098/991/987
f 806/723/723 981/5030/5025 1098/991/987
f 819/5033/5028 807/724/724 992/1004/1000
f 999/904/902 988/895/893 989/897/895
f 821/739/738 5495/5097/5091 5454/5036/5031
f 999/904/902 1001/906/904 988/895/893
f 838/756/755 1002/907/905 1007/912/910
f 5483/5081/5075 1015/920/917 1014/919/764
f 1018/6034/6021 857/925/921 855/773/771
f 857/925/921 1018/6034/6021 1019/5101/5095
f 1047/950/946 1046/948/944 1048/951/947
f 922/952/948 5488/1257/1253 916/5060/5054
f 1210/1088/1084 737/664/664 736/663/663
f 1421/1292/1287 750/676/676 751/677/677
f 575/505/505 1061/5087/5081 1064/963/959
f 1076/5092/5086 956/867/865 1077/700/700
f 960/868/866 1082/5070/5064 1249/1117/1113
f 1090/1131/1127 1093/1331/1326 1265/1135/1131
f 1098/991/987 1090/1131/1127 1265/1135/1131
f 1108/1001/997 1101/994/990 990/898/896
f 1111/1159/1155 988/895/893 1001/906/904
f 1002/907/905 1003/908/906 5514/5128/5122
f 1120/1013/1009 1117/1010/1006 1116/1009/1005
f 5496/5098/5092 1120/1013/1009 1116/1009/1005
f 1122/1015/1011 1302/5129/5123 1004/909/907
f 1302/5129/5123 1122/1015/1011 1295/1167/1163
f 5498/5100/5094 1120/1013/1009 5497/5099/5093
f 1017/922/918 5497/5099/5093 1012/917/915
f 5497/5099/5093 1017/922/918 5498/5100/5094
f 1017/922/918 1138/1028/1024 1143/1031/1027
f 1019/5101/5095 1306/6033/6020 5499/1407/1402
f 1143/1031/1027 1152/1039/1035 1151/1038/1034
f 1143/1031/1027 1151/1038/1034 1154/1042/1038
f 1021/924/920 1019/5101/5095 1146/1406/1401
f 1147/1034/1030 1135/1025/1021 1132/1021/1017
f 1021/924/920 1022/926/922 861/777/775
f 1159/1049/1045 6152/6125/6111 1160/1050/1046
f 1149/1036/1032 1160/1050/1046 6152/6125/6111
f 1154/1042/1038 5500/5102/5096 1165/1052/1048
f 1161/1191/1187 1022/926/922 5515/5135/5129
f 1044/945/941 1356/1227/1223 1184/1067/1063
f 1185/1068/1064 1195/1077/1073 1044/945/941
f 1187/1070/1066 1192/1075/1071 1188/1071/1067
f 1188/1071/1067 1192/1075/1071 5502/5109/5103
f 5502/5109/5103 1206/5108/5102 1205/1086/1082
f 1049/1091/1087 1210/1088/1084 1050/953/949
f 1419/1289/1284 933/956/952 1227/5065/5059
f 5507/5114/5108 1229/1103/1099 934/5113/5107
f 1051/5115/5109 5507/5114/5108 934/5113/5107
f 1234/1108/1104 1053/957/953 1230/1291/1286
f 1428/1523/1518 1062/1301/1296 1063/5088/5082
f 1246/1115/1111 1073/972/968 1435/1116/1112
f 1436/973/969 776/694/694 956/867/865
f 1076/5092/5086 1079/977/973 1248/1314/1309
f 1083/979/975 1254/1124/1120 959/876/874
f 5492/5094/5088 1454/5123/5117 966/879/877
f 966/879/877 1455/5124/5118 967/881/879
f 1483/1345/1340 1277/1149/1145 6100/6126/6112
f 1111/1159/1155 1289/1161/1157 1271/1142/1138
f 1284/1162/1158 5513/5127/5121 1273/1144/1140
f 1288/1158/1154 1295/1167/1163 1122/1015/1011
f 1139/1170/1166 1299/1173/1169 1297/1171/1167
f 1306/6033/6020 1302/5129/5123 1305/5130/5124
f 1315/1183/1179 1543/1409/1404 1129/1029/1025
f 1310/1397/1392 1309/5132/5126 6101/6037/6024
f 1320/1189/1185 1565/1427/1422 1549/1413/1408
f 1566/1428/1423 1335/1203/1199 1334/1202/1198
f 1331/1434/1429 1333/1200/1196 1328/1196/1192
f 1177/5105/5099 5518/5137/5131 5517/5136/5130
f 5520/5138/5132 5518/5137/5131 1177/5105/5099
f 1339/1207/1203 1333/1200/1196 5519/6038/6025
f 1333/1200/1196 1331/1434/1429 5519/6038/6025
f 1178/1201/1197 1333/1200/1196 1339/1207/1203
f 5518/5137/5131 5521/5139/5133 1350/1221/1217
f 5518/5137/5131 1350/1221/1217 1336/1204/1200
f 1345/1215/1211 1350/1221/1217 5524/5141/5135
f 5522/6127/6113 1355/1226/1222 1182/1065/1061
f 6153/6128/6114 6102/6039/6026 6103/6040/6027
f 6154/6129/6115 1364/1235/1231 1363/1234/1230
f 1357/1228/1224 1359/1230/1226 1386/5144/5138
f 1185/1068/1064 1389/1258/1254 1195/1077/1073
f 1391/1261/1257 5527/5145/5139 1638/1493/1488
f 1203/1083/1079 1381/1253/1249 1385/1260/1256
f 1630/1489/1484 1388/5147/5141 1200/1080/1076
f 1209/1262/1258 1630/1489/1484 1200/1080/1076
f 1203/1083/1079 1394/5148/5142 5528/5149/5143
f 1213/1263/1259 1221/1096/1092 1395/5152/5146
f 1221/1096/1092 1213/1263/1259 1208/1087/1083
f 1220/1095/1091 1221/1096/1092 1208/1087/1083
f 5529/5151/5145 1221/1096/1092 5530/6130/6116
f 1215/1264/1260 1222/1272/1268 1214/1267/1263
f 1663/5199/5193 1229/1103/1099 5507/5114/5108
f 5532/1516/1511 5507/5114/5108 935/5066/5060
f 5532/1516/1511 5533/5155/5149 1667/1514/1509
f 938/959/955 1231/1104/1100 5562/5200/5194
f 1235/1111/1107 1236/5156/5150 1060/5086/5080
f 1444/1315/1310 1253/1122/1118 1447/1738/1733
f 1451/1321/1316 1250/1118/1114 1692/5256/5249
f 5511/5122/5116 1087/982/978 1697/1742/1737
f 1943/1950/1945 1263/1133/1129 1096/1140/1136
f 1481/5125/5119 1474/1338/1333 1709/1549/1544
f 1270/1141/1137 1485/1347/1342 1482/1339/1334
f 1498/1359/1354 1513/5171/5165 1736/1570/1565
f 1513/5171/5165 1499/1360/1355 1736/1570/1565
f 1505/1366/1361 1506/1367/1362 1491/1356/1351
f 1499/1360/1355 1300/1174/1170 1524/1384/1379
f 1501/1361/1356 1524/1384/1379 1525/1385/1380
f 1527/1387/1382 1529/1389/1384 1514/1376/1371
f 1742/1577/1572 1509/1371/1366 1511/1373/1368
f 1555/1419/1414 1759/1588/1583 5543/5173/5167
f 5515/5135/5129 1146/1406/1401 1763/5175/5169
f 1547/1411/1406 1764/1790/1785 1769/1603/1598
f 1565/1427/1422 1567/1429/1424 1549/1413/1408
f 1549/1413/1408 1567/1429/1424 5545/5176/5170
f 1330/1199/1195 1569/1437/1432 1561/1424/1419
f 1569/1437/1432 1330/1199/1195 1332/1198/1194
f 1788/1619/1614 5519/6038/6025 1778/1607/1602
f 1348/1219/1215 1589/1452/1447 1349/1220/1216
f 1611/1473/1468 5552/5235/5228 1819/1648/1643
f 1820/1649/1644 5552/5235/5228 1612/1475/1470
f 5550/5184/5178 1816/1645/1640 5553/5186/5180
f 1383/1478/1473 5554/5187/5181 5551/5185/5179
f 1610/1472/1467 1609/1471/1466 5556/5190/5184
f 1612/1475/1470 1610/1472/1467 1620/1482/1477
f 1606/1467/1462 1368/1239/1235 1384/1256/1252
f 5527/5145/5139 5553/5186/5180 6107/6044/6031
f 1609/1471/1466 1388/5147/5141 5555/5188/5182
f 5556/5190/5184 1623/5189/5183 1626/1485/1480
f 1604/1481/1476 1619/1826/1821 1622/1484/1479
f 1638/1493/1488 6107/6044/6031 6108/6131/6117
f 1626/1485/1480 1634/5193/5187 1627/1486/1481
f 1638/1493/1488 6108/6131/6117 1639/1494/1489
f 5555/5188/5182 1641/5243/5236 5557/6045/6032
f 1624/5191/5185 5557/6045/6032 1833/1668/1663
f 1634/5193/5187 1633/1667/1662 1846/1670/1665
f 1834/1658/1653 1634/5193/5187 1846/1670/1665
f 1634/5193/5187 1834/1658/1653 1627/1486/1481
f 1632/1678/1673 1392/1265/1261 1640/1502/1497
f 1652/1881/1876 1419/1289/1284 1413/1282/1277
f 1665/1512/1507 1666/1517/1512 1420/1290/1285
f 1666/1517/1512 1891/5202/5196 1230/1291/1286
f 6155/6132/6118 1232/1105/1101 1672/1519/1514
f 1891/5202/5196 1058/1109/1105 1234/1108/1104
f 1673/5201/5195 1891/5202/5196 2101/5252/5245
f 1235/1111/1107 1902/1720/1715 1236/5156/5150
f 1236/5156/5150 1902/1720/1715 1238/1112/1108
f 1908/1913/1908 1435/1116/1112 1684/5318/5311
f 1684/5318/5311 1435/1116/1112 1436/973/969
f 2122/5254/5247 1444/1315/1310 1916/1734/1729
f 1916/1734/1729 1444/1315/1310 1447/1738/1733
f 1692/5256/5249 1445/5161/5155 1693/1532/1527
f 5566/5207/5201 1450/1320/1315 1694/1923/1918
f 5511/5122/5116 1695/2105/2100 5493/5095/5089
f 1460/1323/1318 1700/1932/1927 1461/1324/1319
f 1261/1130/1126 1699/1541/1536 1462/1746/1741
f 1943/1950/1945 5535/5162/5156 1263/1133/1129
f 1473/1337/1332 1707/1547/1542 1935/1752/1747
f 1710/1754/1749 1708/1548/1543 1482/1339/1334
f 1715/1553/1548 5571/5213/5207 1716/1554/1549
f 1724/1559/1554 1738/1572/1567 1716/1554/1549
f 1733/1567/1562 1957/1771/1766 1734/1568/1563
f 1747/1778/1773 5609/5265/5258 6109/6046/6033
f 5611/5267/5260 6109/6046/6033 5609/5265/5258
f 5575/5221/5215 6110/6047/6034 1755/1587/1582
f 5575/5221/5215 1746/1581/1576 1516/1378/1373
f 1755/1587/1582 1753/1585/1580 5575/5221/5215
f 1545/1408/1403 1305/5130/5124 1756/1982/1977
f 1758/5222/5216 1974/1989/1984 1547/1411/1406
f 1763/5175/5169 1545/1408/1403 1762/1591/1586
f 1775/1604/1599 1768/1602/1597 1782/1611/1606
f 1982/1995/1990 1770/1596/1591 1772/1598/1593
f 1786/1616/1611 1787/1618/1613 5584/5232/5225
f 1596/1459/1454 1608/1470/1465 1807/1635/1630
f 1799/1627/1622 5585/5234/5227 1810/1639/1634
f 1803/1630/1625 1599/1462/1457 1598/1461/1456
f 1819/1648/1643 1797/1625/1620 1809/1637/1632
f 1819/1648/1643 5552/5235/5228 5585/5234/5227
f 1810/1639/1634 5585/5234/5227 1820/1649/1644
f 6111/6048/6035 6156/6133/6119 5553/5186/5180
f 1825/5285/5278 1606/1467/1462 5587/5237/5230
f 1826/1654/1649 5590/6134/6120 5588/6135/6121
f 2039/2049/2044 1384/1256/1252 1390/1259/1255
f 1826/1654/1649 5591/5239/5232 5590/6134/6120
f 5589/5238/5231 1628/1487/1482 1835/1659/1654
f 1842/1843/1838 5592/6136/6122 5591/5239/5232
f 6157/6137/6123 1846/1670/1665 5593/5240/5233
f 1635/1657/1652 1848/1672/1667 1836/1660/1655
f 1863/1849/1844 1836/1660/1655 1848/1672/1667
f 1641/5243/5236 1854/1679/1674 6113/6051/6038
f 6158/6138/6124 1844/6049/6036 5557/6045/6032
f 5557/6045/6032 6113/6051/6038 6158/6138/6124
f 6157/6137/6123 1847/1671/1666 1846/1670/1665
f 1650/5196/5190 1660/1882/1877 1872/5380/5373
f 5599/5247/5240 1873/1497/1492 1642/1495/1490
f 1668/1515/1510 5561/1898/1893 5532/1516/1511
f 1898/1299/1294 1897/1715/1710 1425/1297/1292
f 1906/1723/1718 1242/1308/1303 1431/1307/1302
f 2117/2237/2232 1684/5318/5311 2119/5351/5344
f 1918/1737/1732 1916/1734/1729 1447/1738/1733
f 1455/5124/5118 1921/2256/2251 1456/1928/1923
f 1697/1742/1737 2137/1741/1736 1925/5426/5419
f 1702/1542/1537 5642/5322/5315 1464/1326/1321
f 1706/1546/1541 1709/1549/1544 1930/1753/1748
f 2160/1961/1956 1719/1557/1552 6115/6057/6044
f 1941/1958/1953 2164/5217/5211 1955/1957/1952
f 1719/1557/1552 5606/5260/5253 1728/1575/1570
f 1747/1778/1773 1963/1777/1772 2173/1970/1965
f 2173/1970/1965 5609/5265/5258 1747/1778/1773
f 1532/1392/1387 1743/1579/1574 1964/1779/1774
f 2180/1977/1972 1748/1393/1388 1965/1780/1775
f 5578/5226/5220 5613/5269/5262 5577/5225/5219
f 1967/1981/1976 5578/5226/5220 1968/1786/1781
f 5614/5270/5263 5615/5271/5264 1973/1785/1780
f 1785/1617/1612 2209/1793/1788 2011/1818/1813
f 1996/1803/1798 1807/1635/1630 1808/1636/1631
f 1813/1642/1637 5586/5284/5277 5621/6139/6125
f 1829/1656/1651 5589/5238/5231 5623/5289/5282
f 2041/5290/5283 5623/5289/5282 5589/5238/5231
f 2034/1836/1831 2253/2045/2040 2035/1837/1832
f 1832/1665/1660 2026/1840/1835 2024/1828/1823
f 5624/2061/2056 1622/1484/1479 1619/1826/1821
f 2256/2050/2045 2039/2049/2044 5653/6140/6126
f 2033/1835/1830 1837/1661/1656 5625/5292/5285
f 2034/1836/1831 2033/1835/1830 2043/1845/1840
f 1841/1666/1661 2037/1841/1836 1832/1665/1660
f 1865/1856/1851 2044/2053/2048 2037/1841/1836
f 5625/5292/5285 5628/5295/5288 5626/5293/5286
f 2044/2053/2048 2042/2056/2051 2037/1841/1836
f 2078/2060/2055 1622/1484/1479 5624/2061/2056
f 5653/6140/6126 1636/1490/1485 1851/1675/1670
f 5628/5295/5288 5627/5294/5287 5629/5296/5289
f 2051/6052/6039 5626/5293/5286 5630/5297/5290
f 2266/5339/5332 1868/1691/1686 1866/1689/1684
f 1868/1691/1686 2266/5339/5332 2057/1859/1854
f 1870/1693/1688 1861/1686/1681 2060/1862/1857
f 5635/5303/5296 5633/5301/5294 2065/2064/2059
f 2051/6052/6039 6159/6141/6127 2067/1867/1862
f 5634/5302/5295 2278/5304/5297 6114/6053/6040
f 6114/6053/6040 2279/5307/5300 5637/5306/5299
f 5599/5247/5240 2080/5310/5303 1875/1700/1695
f 5639/5309/5302 2056/1858/1853 2045/1846/1841
f 2079/1880/1875 2266/5339/5332 1866/1689/1684
f 1875/1700/1695 5641/5313/5306 1878/1699/1694
f 2291/2084/2079 1664/1513/1508 2082/2082/2077
f 2291/2084/2079 1665/1512/1507 1664/1513/1508
f 1890/5251/5244 1665/1512/1507 2291/2084/2079
f 1667/1514/1509 2096/2087/2082 1668/1515/1510
f 1669/1518/1513 1890/5251/5244 2097/5315/5308
f 2300/5349/5342 1674/1520/1515 2101/5252/5245
f 2107/1902/1897 2300/5349/5342 2105/1900/1895
f 1431/1307/1302 2112/1908/1903 1906/1723/1718
f 2112/1908/1903 1431/1307/1302 1432/1309/1304
f 1908/1913/1908 2117/2237/2232 2310/2096/2091
f 2131/5320/5313 1917/1736/1731 5566/5207/5201
f 1696/1539/1534 2485/2411/2406 2488/2251/2246
f 1454/5123/5117 2489/2253/2248 1921/2256/2251
f 2322/5321/5314 1697/1742/1737 1925/5426/5419
f 5643/6056/6043 5605/5259/5252 5569/1941/1936
f 1959/1773/1768 5606/5260/5253 2166/1966/1961
f 2165/5401/5394 2164/5217/5211 1960/5263/5256
f 1960/5263/5256 2164/5217/5211 1522/5218/5212
f 2169/1967/1962 2348/2127/2122 2170/1968/1963
f 5608/5264/5257 2171/2283/2278 1963/1777/1772
f 2347/2128/2123 6160/6142/6128 5610/5266/5259
f 2180/1977/1972 1965/1780/1775 2178/1975/1970
f 2169/1967/1962 2177/1974/1969 2168/2126/2121
f 2179/1976/1971 1756/1982/1977 2180/1977/1972
f 1757/1781/1776 2361/2300/2295 1749/5220/5214
f 1974/1989/1984 1970/1984/1979 2187/1983/1978
f 5615/5271/5264 2182/1978/1973 2184/1980/1975
f 5615/5271/5264 2195/1993/1988 2189/1987/1982
f 2360/2148/2143 1762/1591/1586 2186/1590/1585
f 2198/1996/1991 2370/2152/2147 2192/1990/1985
f 2371/2154/2149 2373/5273/5266 1981/1791/1786
f 2370/2152/2147 1983/5275/5268 2201/1998/1993
f 2203/5328/5321 1977/5274/5267 1980/1792/1787
f 2013/1816/1811 2232/2027/2022 2236/2031/2026
f 2386/2169/2164 2015/1817/1812 2011/1818/1813
f 2228/5332/5325 2238/2033/2028 2023/1827/1822
f 2230/2024/2019 2023/1827/1822 2248/2039/2034
f 2021/5287/5280 2016/1820/1815 2020/1825/1820
f 2016/1820/1815 2021/5287/5280 2237/2032/2027
f 2021/5287/5280 2410/2189/2184 2237/2032/2027
f 5652/5335/5328 1619/1826/1821 1824/1824/1819
f 2255/2048/2043 2251/5286/5279 5587/5237/5230
f 2031/1832/1827 2247/2035/2030 2246/2046/2041
f 2265/2350/2345 2256/2050/2045 5653/6140/6126
f 2265/2350/2345 5653/6140/6126 1851/1675/1670
f 2259/2051/2046 2045/1846/1841 2032/1834/1829
f 2283/2074/2069 2284/2073/2068 2045/1846/1841
f 2079/1880/1875 2270/2077/2072 2271/2066/2061
f 5631/5298/5291 2059/1861/1856 2273/2068/2063
f 5631/5298/5291 2275/2070/2065 2062/1864/1859
f 2278/5304/5297 5635/5303/5296 2277/5340/5333
f 2281/2083/2078 2077/1878/1873 2078/2060/2055
f 2283/2074/2069 2286/2078/2073 2282/2075/2070
f 6161/6143/6129 5641/5313/5306 5640/5312/5305
f 5641/5313/5306 6161/6143/6129 5656/5342/5335
f 2091/5250/5243 5689/5456/5449 1884/1883/1878
f 2091/5250/5243 5561/1898/1893 2295/2389/2384
f 1899/1718/1713 2301/2092/2087 2104/5317/5310
f 2463/6058/6045 2106/1901/1896 2105/1900/1895
f 1900/1717/1712 2301/2092/2087 1899/1718/1713
f 2106/1901/1896 2304/2094/2089 2108/1903/1898
f 5661/5350/5343 2113/1911/1906 2111/1906/1901
f 5661/5350/5343 2307/2097/2092 2113/1911/1906
f 1911/1729/1724 2123/2100/2095 5662/6144/6130
f 2134/1927/1922 2320/2104/2099 2649/2244/2239
f 2479/2245/2240 2132/1925/1920 2480/2246/2241
f 1696/1539/1534 2323/2106/2101 2485/2411/2406
f 1923/1739/1734 2321/2259/2254 2324/1740/1735
f 1925/5426/5419 2137/1741/1736 2491/5427/5420
f 2139/1933/1928 2138/1744/1739 5690/5389/5382
f 2334/2114/2109 1928/1748/1743 2142/1936/1931
f 5606/5260/5253 2163/1963/1958 2166/1966/1961
f 2171/2283/2278 2170/1968/1963 2519/2282/2277
f 2346/2129/2124 2172/1969/1964 2171/2283/2278
f 2347/2128/2123 6162/6145/6131 6160/6142/6128
f 5665/5358/5351 2183/1979/1974 5664/5357/5350
f 2186/1590/1585 2179/1976/1971 2540/5359/5352
f 2187/1983/1978 2181/1985/1980 2546/2558/2553
f 1977/5274/5267 2548/2438/2433 1969/1782/1777
f 2550/2153/2148 1774/1601/1596 2197/2149/2144
f 2369/2151/2146 2370/2152/2147 2374/2155/2150
f 2374/2155/2150 2200/1997/1992 2376/2156/2151
f 2569/2321/2316 5667/5361/5354 5666/5360/5353
f 2206/2001/1996 2562/5406/5399 2561/2316/2311
f 5666/5360/5353 5649/5330/5323 1995/1802/1797
f 5668/5362/5355 5666/5360/5353 5650/5363/5356
f 5650/5363/5356 2219/2013/2008 2387/2170/2165
f 2407/2187/2182 2396/2175/2170 5671/5366/5359
f 2404/2184/2179 2406/2186/2181 2405/2185/2180
f 2408/2188/2183 2407/2187/2182 5671/5366/5359
f 2407/2187/2182 2227/2034/2029 2397/2176/2171
f 2244/2042/2037 2404/2184/2179 2410/2189/2184
f 2593/2604/2599 2241/2038/2033 2251/5286/5279
f 5680/5375/5368 5652/5335/5328 2019/1823/1818
f 5679/5374/5367 2027/1830/1825 2242/5333/5326
f 2418/2197/2192 5681/5376/5369 2599/2349/2344
f 2264/2059/2054 5624/2061/2056 5652/5335/5328
f 2599/2349/2344 5682/5378/5371 2600/2352/2347
f 2439/2374/2369 2444/5383/5376 2440/5341/5334
f 2428/2205/2200 2280/2072/2067 2429/2206/2201
f 2270/2077/2072 2442/2214/2209 2271/2066/2061
f 2431/1884/1879 1884/1883/1878 2604/2358/2353
f 2288/2080/2075 2626/2384/2379 5687/5385/5378
f 5688/5386/5379 5657/5343/5336 2291/2084/2079
f 6163/6146/6132 2102/5316/5309 5658/5344/5337
f 2458/2226/2221 5660/5348/5341 6163/6146/6132
f 2462/2230/2225 2463/6058/6045 2105/1900/1895
f 2308/2095/2090 2306/2231/2226 2114/1907/1902
f 2475/2403/2398 2314/5353/5346 2126/1735/1730
f 2331/2111/2106 5710/5431/5424 2502/2268/2263
f 1942/1949/1944 2342/5356/5349 2146/1940/1935
f 5692/5394/5387 2664/5393/5386 2159/1960/1955
f 2806/2537/2532 2510/5399/5392 2344/2124/2119
f 2806/2537/2532 2344/2124/2119 2515/2277/2272
f 2516/2279/2274 2162/1962/1957 2514/2276/2271
f 2524/2299/2294 2165/5401/5394 1960/5263/5256
f 2529/2289/2284 5696/5402/5395 2530/2290/2285
f 2533/2293/2288 2677/2428/2423 2534/2294/2289
f 2517/2280/2275 2534/2294/2289 2677/2428/2423
f 2348/2127/2122 2517/2280/2275 2519/2282/2277
f 5697/5403/5396 2528/2288/2283 2355/2137/2132
f 2355/2137/2132 2528/2288/2283 2356/2138/2133
f 2355/2137/2132 6119/6062/6049 5697/5403/5396
f 2548/2438/2433 2541/2303/2298 2190/2304/2299
f 2375/2157/2152 2369/2151/2146 2374/2155/2150
f 2558/5405/5398 2204/2164/2159 2371/2154/2149
f 2217/2010/2005 2698/2567/2562 2384/2452/2447
f 2556/2312/2307 2208/2011/2006 2226/2022/2017
f 2578/2330/2325 2579/2331/2326 2576/2328/2323
f 2225/2021/2016 2393/2451/2446 2715/2338/2333
f 2586/2339/2334 2405/2185/2180 5702/5412/5405
f 2408/2188/2183 5702/5412/5405 2405/2185/2180
f 2239/2036/2031 2596/2468/2463 5680/5375/5368
f 2877/2474/2469 2257/2052/2047 5679/5374/5367
f 6164/2356/2351 5652/5335/5328 5680/5375/5368
f 2594/2346/2341 2418/2197/2192 2599/2349/2344
f 2272/2067/2062 2608/2361/2356 2274/2069/2064
f 2274/2069/2064 2608/2361/2356 2273/2068/2063
f 2609/2483/2478 2731/2368/2363 2434/2208/2203
f 2619/2376/2371 2732/5418/5411 2444/5383/5376
f 1884/1883/1878 5689/5456/5449 2740/5420/5413
f 2453/2221/2216 2452/2220/2215 2630/2494/2489
f 2630/2494/2489 2748/2628/2623 2453/2221/2216
f 2446/2378/2373 2453/2221/2216 2748/2628/2623
f 6165/6147/6133 5688/5386/5379 2448/2215/2210
f 2754/5457/5450 5658/5344/5337 6165/6147/6133
f 2296/5345/5338 2096/2087/2082 2098/5314/5307
f 2757/2496/2491 5658/5344/5337 2754/5457/5450
f 5706/5421/5414 2454/5423/5416 1892/1711/1706
f 2454/5423/5416 5707/5422/5415 5727/5460/5453
f 2764/2503/2498 2458/2226/2221 2759/2498/2493
f 2457/2224/2219 2765/2504/2499 2633/2390/2385
f 2462/2230/2225 2461/2229/2224 2633/2390/2385
f 2635/6064/6051 2640/2513/2508 2466/5388/5381
f 2640/2513/2508 2639/2396/2391 2468/2234/2229
f 2641/2395/2390 2474/2241/2236 2472/2235/2230
f 5662/6144/6130 2312/2099/2094 5728/5484/5477
f 2644/2402/2397 2312/2099/2094 2475/2403/2398
f 2477/6066/6053 2481/2247/2242 2648/2406/2401
f 2481/2247/2242 2480/2246/2241 5709/5425/5418
f 2500/2265/2260 2146/1940/1935 5732/5466/5459
f 2502/2268/2263 5710/5431/5424 2798/5430/5423
f 5710/5431/5424 5644/5432/5425 2799/2533/2528
f 5713/6078/6064 5694/5398/5391 1955/1957/1952
f 2514/2276/2271 2664/5393/5386 2667/2421/2416
f 5695/5400/5393 1955/1957/1952 2165/5401/5394
f 2668/2541/2536 2669/2423/2418 2516/2279/2274
f 2675/2426/2421 5715/5439/5432 5696/5402/5395
f 2530/2290/2285 5696/5402/5395 5716/5440/5433
f 2530/2290/2285 2676/2427/2422 2533/2293/2288
f 2361/2300/2295 2541/2303/2298 2538/2298/2293
f 2682/2432/2427 2681/2431/2426 2544/2306/2301
f 2688/2437/2432 2690/2440/2435 2360/2148/2143
f 5718/5444/5437 2563/2317/2312 2700/2450/2445
f 2702/2454/2449 2558/5405/5398 3018/5472/5465
f 2708/2460/2455 2574/2326/2321 2709/2461/2456
f 2708/2460/2455 2707/2459/2454 2712/2462/2457
f 5699/5409/5402 2708/2460/2455 2712/2462/2457
f 5723/5450/5443 2717/2466/2461 2857/2586/2581
f 2871/2599/2594 5669/5364/5357 2872/2600/2595
f 2876/2606/2601 2595/2347/2342 2594/2346/2341
f 2720/2471/2466 2593/2604/2599 2255/2048/2043
f 2877/2474/2469 5679/5374/5367 2871/2599/2594
f 2422/2199/2194 2720/2471/2466 2254/2047/2042
f 2597/2351/2346 2723/2472/2467 2721/2470/2465
f 2739/2614/2609 2732/5418/5411 2619/2376/2371
f 2737/2484/2479 3073/2773/2768 2443/2371/2366
f 5726/5454/5447 2747/2491/2486 5725/5453/5446
f 2746/6148/6134 2448/2215/2210 2620/2379/2374
f 2629/2387/2382 2628/2386/2381 2750/2492/2487
f 2754/5457/5450 6165/6147/6133 2746/6148/6134
f 2910/2631/2626 2758/2633/2628 2454/5423/5416
f 2762/2500/2495 6166/6149/6135 2455/2222/2217
f 2768/2507/2502 2770/6063/6050 2462/2230/2225
f 2770/6063/6050 2771/2638/2633 2635/6064/6051
f 2464/2394/2389 2637/2393/2388 2772/2510/2505
f 2635/6064/6051 2771/2638/2633 2774/2512/2507
f 2776/2641/2636 2775/2514/2509 2639/2396/2391
f 2648/2406/2401 2783/5486/5479 2647/2404/2399
f 2650/2407/2402 2483/2248/2243 2649/2244/2239
f 2483/2248/2243 2650/2407/2402 2938/2652/2647
f 2481/2247/2242 5709/5425/5418 5740/2815/2810
f 2785/2520/2515 2483/2248/2243 2938/2652/2647
f 2789/2523/2518 2326/2108/2103 2793/2526/2521
f 2954/2534/2529 2800/2531/2526 2332/2112/2107
f 2509/5396/5389 2510/5399/5392 2959/3000/2995
f 2959/3000/2995 2510/5399/5392 5746/6150/6136
f 5733/5468/5461 2808/2539/2534 2511/2278/2273
f 5746/6150/6136 2510/5399/5392 2806/2537/2532
f 2807/2538/2533 5746/6150/6136 2806/2537/2532
f 2520/2284/2279 2811/2671/2666 2521/2285/2280
f 2521/2285/2280 2811/2671/2666 2522/2296/2291
f 5716/5440/5433 2815/2544/2539 2676/2427/2422
f 2679/2548/2543 2821/5470/5463 2536/2550/2545
f 2821/5470/5463 2822/2551/2546 2536/2550/2545
f 2814/2676/2671 2824/5442/5435 2525/2301/2296
f 5715/5439/5432 2979/2686/2681 2971/2678/2673
f 2684/2703/2698 2826/2704/2699 2685/2436/2431
f 2827/2553/2548 2687/2435/2430 2691/2441/2436
f 2829/2555/2550 2832/2560/2555 3003/2711/2706
f 3189/3049/3044 2553/2308/2303 2367/2146/2141
f 3011/2562/2557 2697/2448/2443 2377/2159/2154
f 2552/5404/5397 2557/2313/2308 2693/5443/5436
f 3022/5507/5499 5718/5444/5437 2845/2574/2569
f 5736/6074/6060 2835/2564/2559 2565/2319/2314
f 2565/2319/2314 2566/2575/2570 2846/2577/2572
f 5719/5445/5438 2571/2323/2318 2849/2579/2574
f 2707/2459/2454 2852/2582/2577 2706/2458/2453
f 2556/2312/2307 3036/2739/2734 2839/2918/2913
f 2865/2594/2589 2864/2593/2588 2590/2343/2338
f 2873/2602/2597 2876/2606/2601 2881/5509/5501
f 2727/2480/2475 5724/5452/5445 3048/2746/2741
f 2889/2757/2752 2722/2476/2471 2726/2475/2470
f 2891/5475/5468 2604/2358/2353 2740/5420/5413
f 2892/2616/2611 2741/2486/2481 2614/2366/2361
f 2745/2622/2617 2900/2621/2616 2741/2486/2481
f 2747/2491/2486 2741/2486/2481 2900/2621/2616
f 5689/5456/5449 2902/5455/5448 2740/5420/5413
f 2447/2377/2372 2749/2782/2777 2897/2619/2614
f 2904/2624/2619 2628/2386/2381 2627/2385/2380
f 2908/2957/2952 2756/5459/5452 2755/2497/2492
f 2921/2640/2635 2771/2638/2633 2919/2639/2634
f 2775/2514/2509 2776/2641/2636 2922/2643/2638
f 2929/2646/2641 2777/2238/2233 2469/2236/2231
f 2643/2399/2394 5728/5484/5477 2930/2647/2642
f 2781/2517/2512 3104/5518/5510 5728/5484/5477
f 2932/2801/2796 2783/5486/5479 3111/5523/5515
f 3111/5523/5515 2783/5486/5479 2941/2813/2808
f 2648/2406/2401 2941/2813/2808 2783/5486/5479
f 5709/5425/5418 2784/5462/5455 3120/2816/2811
f 3120/2816/2811 2785/2520/2515 3116/2809/2804
f 3124/5525/5517 2943/2656/2651 2654/2655/2650
f 2799/2533/2528 2797/2530/2525 2798/5430/5423
f 5731/5433/5426 2804/5435/5428 5744/5562/5554
f 5746/6150/6136 3134/2829/2824 2959/3000/2995
f 5747/5494/5487 2666/2420/2415 2667/2421/2416
f 5748/5495/5488 2668/2541/2536 2666/2420/2415
f 2964/2668/2663 2966/2672/2667 2965/2669/2664
f 2967/2673/2668 2966/2672/2667 3140/2834/2829
f 5749/6073/6059 2816/5469/5462 2815/2544/2539
f 5750/5497/5490 2816/5469/5462 5749/6073/6059
f 2986/2691/2686 2983/2690/2685 2982/2689/2684
f 5754/5503/5495 3163/2857/2852 3002/2710/2705
f 2693/5443/5436 2999/2706/2701 2689/2439/2434
f 3003/2711/2706 2830/2556/2551 2829/2555/2550
f 2694/2310/2305 3010/2879/2874 3370/2881/2876
f 2557/2313/2308 3017/5504/5496 2693/5443/5436
f 3208/2905/2900 2703/2455/2450 5719/5445/5438
f 5719/5445/5438 2849/2579/2574 3031/2916/2911
f 3220/2915/2910 3219/2914/2909 3023/2908/2903
f 3022/5507/5499 3023/2908/2903 3219/2914/2909
f 3018/5472/5465 3042/2740/2735 2702/2454/2449
f 3039/2735/2730 3038/2734/2729 2859/2588/2583
f 2719/2467/2462 2858/2587/2582 2717/2466/2461
f 2867/2597/2592 2866/2596/2591 2875/2605/2600
f 5781/5545/5537 2874/2603/2598 2873/2602/2597
f 3051/2749/2744 2875/2605/2600 2720/2471/2466
f 5781/5545/5537 2881/5509/5501 3047/2752/2747
f 2881/5509/5501 5781/5545/5537 2873/2602/2597
f 2884/2753/2748 2889/2757/2752 3052/2754/2749
f 3055/3099/3094 2727/2480/2475 3049/2747/2742
f 5782/5546/5538 3061/2759/2754 2886/2610/2605
f 3241/5547/5539 2730/2479/2474 3055/3099/3094
f 3247/6151/6137 3058/5510/5502 2891/5475/5468
f 2892/2616/2611 2885/2613/2608 3059/2758/2753
f 2607/2360/2355 3063/2761/2756 2734/2482/2477
f 3067/2767/2762 3069/2769/2764 2734/2482/2477
f 2735/5476/5469 3070/2770/2765 3071/5477/5470
f 3259/6075/6061 2730/2479/2474 3241/5547/5539
f 3070/2770/2765 3077/2775/2770 3072/2772/2767
f 2736/2771/2766 3072/2772/2767 2737/2484/2479
f 2896/5478/5471 2744/2490/2485 3079/2777/2772
f 3074/2774/2769 3079/2777/2772 2744/2490/2485
f 3082/6076/6062 2749/2782/2777 3085/2781/2776
f 3076/3116/3111 2897/2619/2614 3082/6076/6062
f 3089/5514/5506 2756/5459/5452 2908/2957/2952
f 3270/5515/5507 2760/2501/2496 2756/5459/5452
f 2761/2499/2494 5760/6077/6063 5739/5480/5473
f 3108/2804/2799 3111/5523/5515 5790/5558/5550
f 3112/2805/2800 5790/5558/5550 3111/5523/5515
f 3119/2814/2809 3120/2816/2811 3115/2808/2803
f 2786/2521/2516 3122/2818/2813 2484/2254/2249
f 3500/3155/3150 5732/5466/5459 3319/3161/3156
f 6167/6152/6138 5743/5490/5483 5768/3163/3158
f 5768/3163/3158 5743/5490/5483 2797/2530/2525
f 2954/2534/2529 5744/5562/5554 3316/2997/2992
f 5796/5566/5558 2803/5467/5460 2958/5491/5484
f 3510/3171/3166 5694/5398/5391 5713/6078/6064
f 3134/2829/2824 5746/6150/6136 2807/2538/2533
f 5695/5400/5393 3324/3173/3168 5713/6078/6064
f 2974/2838/2833 3139/2837/2832 5799/5569/5561
f 3140/2834/2829 2974/2838/2833 3141/2839/2834
f 3136/2833/2828 6168/6153/6139 2968/2674/2669
f 3152/2846/2841 2975/2848/2843 6169/6154/6140
f 3145/3025/3020 3144/5502/5494 3160/2707/2702
f 3147/2841/2836 2986/2691/2686 3164/2858/2853
f 3155/2851/2846 3147/2841/2836 3169/2863/2858
f 3164/2858/2853 3166/2861/2856 3167/2860/2855
f 3163/2857/2852 5773/5534/5526 3173/2867/2862
f 3163/2857/2852 3173/2867/2862 3165/2859/2854
f 3192/2885/2880 3175/2869/2864 3176/2875/2870
f 3177/2871/2866 3196/2887/2882 3187/2889/2884
f 3009/2715/2710 3012/2716/2711 3190/2882/2877
f 3194/2884/2879 3186/2878/2873 3192/2885/2880
f 3196/2887/2882 3197/2888/2883 3198/2890/2885
f 3205/2899/2894 3197/2888/2883 5775/5538/5530
f 5776/5583/5575 2838/2568/2563 3378/3213/3208
f 2837/2566/2561 3378/3213/3208 2838/2568/2563
f 6170/6155/6141 3025/2910/2905 3214/2911/2906
f 3025/2910/2905 6170/6155/6141 3016/2720/2715
f 3218/3076/3071 2852/2582/2577 2851/2581/2576
f 2851/2581/2576 5720/5446/5439 3413/3084/3079
f 5720/5446/5439 5721/5447/5440 3413/3084/3079
f 5757/5508/5500 3032/2729/2724 3415/5589/5581
f 3415/5589/5581 3033/2731/2726 3416/3086/3081
f 3231/5543/5535 2867/2597/2592 2875/2605/2600
f 3234/5544/5536 2875/2605/2600 3051/2749/2744
f 3428/3097/3092 2879/2608/2603 3045/2744/2739
f 3238/2934/2929 3058/5510/5502 3246/3105/3100
f 3247/6151/6137 3246/3105/3100 3058/5510/5502
f 3066/5549/5541 3249/2940/2935 2895/2766/2761
f 3444/3113/3108 3077/2775/2770 3252/2943/2938
f 3252/2943/2938 3077/2775/2770 3070/2770/2765
f 3253/2947/2942 5758/5511/5503 3079/2777/2772
f 3259/6075/6061 3258/2955/2950 3083/2954/2949
f 3082/6076/6062 5784/5551/5543 5785/5552/5544
f 3454/5553/5545 2902/5455/5448 2901/2630/2625
f 3085/2781/2776 5787/3277/3272 5784/5551/5543
f 3462/2960/2955 2910/2631/2626 2913/2635/2630
f 3270/5515/5507 3271/3283/3278 2763/2502/2497
f 3271/3283/3278 3465/3285/3280 2763/2502/2497
f 2763/2502/2497 3465/3285/3280 2914/2636/2631
f 3465/3285/3280 3093/2788/2783 2914/2636/2631
f 3277/2963/2958 3641/3469/3464 3278/2964/2959
f 3094/2792/2787 3277/2963/2958 2916/2637/2632
f 3644/5598/5590 3095/2965/2960 2919/2639/2634
f 3644/5598/5590 2919/2639/2634 2917/2790/2785
f 3477/3484/3479 3101/5516/5508 3102/2799/2794
f 6171/6156/6142 3287/2973/2968 3284/3139/3134
f 5789/5556/5548 3291/3142/3137 5788/5555/5547
f 5790/5558/5550 3292/2975/2970 3108/2804/2799
f 5791/5557/5549 3297/2982/2977 3290/2981/2976
f 2935/2811/2806 5792/5559/5551 3117/2810/2805
f 3309/2990/2985 2944/2657/2652 3494/2991/2986
f 2945/5560/5552 3308/3318/3313 2946/5428/5421
f 2789/2523/2518 2793/2526/2521 3312/2993/2988
f 5768/3163/3158 3507/3162/3157 6167/6152/6138
f 5795/5565/5557 3130/5493/5486 5796/5566/5558
f 5798/5568/5560 5747/5494/5487 3130/5493/5486
f 3326/3178/3173 2809/2540/2535 5748/5495/5488
f 5805/5575/5567 5801/5571/5563 3338/3013/3008
f 3329/3006/3001 3136/2833/2828 5803/5573/5565
f 3143/5532/5524 5803/5573/5565 3136/2833/2828
f 3337/3012/3007 3339/3014/3009 3338/3013/3008
f 3153/2847/2842 3523/3182/3177 3158/2854/2849
f 3523/3182/3177 3153/2847/2842 3342/3017/3012
f 3335/3010/3005 3346/3021/3016 3348/3023/3018
f 3156/2852/2847 5808/5578/5570 3157/2853/2848
f 3170/2864/2859 5808/5578/5570 3156/2852/2847
f 5806/5576/5568 6125/6079/6065 5809/5579/5571
f 3172/3026/3021 3181/5535/5527 3540/5626/5617
f 6125/6079/6065 5808/5578/5570 3175/2869/2864
f 3374/3050/3045 3180/2872/2867 3188/3045/3040
f 3006/2714/2709 3733/5630/5621 3370/2881/2876
f 3189/3049/3044 3371/3216/3211 3381/5536/5528
f 3199/2896/2891 3188/3045/3040 3187/2889/2884
f 3374/3050/3045 3188/3045/3040 3375/3051/3046
f 3397/3063/3058 3382/3217/3212 3372/3208/3203
f 3199/2896/2891 5811/5582/5574 3385/3054/3049
f 3188/3045/3040 3385/3054/3049 3375/3051/3046
f 3375/3051/3046 6173/6157/6143 3389/3058/3053
f 3380/3215/3210 3394/3079/3074 3381/5536/5528
f 3401/3067/3062 5777/5539/5531 5814/5587/5579
f 3413/3084/3079 5757/5508/5500 3414/3083/3078
f 5757/5508/5500 3415/5589/5581 3571/5588/5580
f 3417/3085/3080 3033/2731/2726 3225/2921/2916
f 3419/3088/3083 3418/5591/5583 3581/3415/3410
f 3224/2920/2915 3423/3092/3087 3223/2919/2914
f 3422/3091/3086 3223/2919/2914 3423/3092/3087
f 3428/3097/3092 3045/2744/2739 3230/2926/2921
f 5816/5592/5584 3231/5543/5535 3234/5544/5536
f 3429/3096/3091 3428/3097/3092 3588/3235/3230
f 3430/5638/5629 3432/3108/3103 3235/2933/2928
f 3053/2750/2745 3238/2934/2929 3605/3254/3249
f 3607/5593/5585 3239/3102/3097 3245/2937/2932
f 3064/2762/2757 5783/5550/5542 5818/5595/5587
f 3251/2942/2937 3443/3112/3107 3252/2943/2938
f 3447/3261/3256 5818/5595/5587 5783/5550/5542
f 3440/3109/3104 3254/2944/2939 3248/2938/2933
f 3254/2944/2939 3440/3109/3104 3456/3124/3119
f 3450/3276/3271 3449/3279/3274 3451/3117/3112
f 3631/3281/3276 3628/3280/3275 3267/2956/2951
f 3264/2951/2946 3631/3281/3276 3267/2956/2951
f 3267/2956/2951 3628/3280/3275 3460/3126/3121
f 3634/3459/3454 3269/6158/6144 3266/2953/2948
f 5820/5596/5588 3090/2785/2780 2911/2632/2627
f 3636/3287/3282 2911/2632/2627 2910/2631/2626
f 3094/2792/2787 3643/3474/3469 3277/2963/2958
f 3643/3474/3469 3094/2792/2787 3466/3131/3126
f 3646/3290/3285 3645/3132/3127 3096/2791/2786
f 3281/3294/3289 3471/3296/3291 3280/2798/2793
f 3100/2797/2792 3470/5599/5591 3283/2972/2967
f 3292/2975/2970 3658/3486/3481 3289/2976/2971
f 5790/5558/5550 3485/3306/3301 3292/2975/2970
f 3487/3149/3144 5822/6082/6068 3666/3311/3306
f 2786/2521/2516 6174/6159/6145 3122/2818/2813
f 3127/2824/2819 2801/2532/2527 3317/2998/2993
f 3679/3331/3326 3508/3164/3159 5769/5529/5521
f 5768/3163/3158 5769/5529/5521 3508/3164/3159
f 3510/3171/3166 4159/3174/3169 3516/3172/3167
f 6175/6160/6146 5748/5495/5488 5798/5568/5560
f 4159/3174/3169 3324/3173/3168 3135/2832/2827
f 3525/3344/3339 3144/5502/5494 3145/3025/3020
f 3522/3181/3176 3691/3341/3336 3342/3017/3012
f 5832/5617/5608 3528/3187/3182 3355/3034/3029
f 3531/3190/3185 5832/5617/5608 3355/3034/3029
f 3726/3544/3539 3362/3041/3036 3361/3040/3035
f 3181/5535/5527 3379/5581/5573 3540/5626/5617
f 3720/3538/3533 3540/5626/5617 3379/5581/5573
f 5838/5629/5620 5839/6083/6070 3553/3206/3201
f 3369/3546/3541 3733/5630/5621 3006/2714/2709
f 5838/5629/5620 3368/3048/3043 3386/3055/3050
f 3733/5630/5621 3558/3211/3206 3377/2891/2886
f 3566/5632/5623 3380/3215/3210 3559/3214/3209
f 3411/3081/3076 3380/3215/3210 3566/5632/5623
f 3567/3223/3218 3408/3075/3070 3568/3224/3219
f 3565/3574/3569 3222/2917/2912 3750/3394/3389
f 3570/3226/3221 3571/5588/5580 5840/5634/5625
f 3759/3412/3407 3222/2917/2912 3229/2925/2920
f 3582/3231/3226 3412/3082/3077 3569/3225/3220
f 3229/2925/2920 3585/3232/3227 3759/3412/3407
f 3422/3091/3086 3772/3414/3409 3583/3404/3399
f 3041/2738/2733 3586/3233/3228 3229/2925/2920
f 3589/3236/3231 3588/3235/3230 3769/3409/3404
f 3421/3090/3085 3590/3238/3233 3780/3424/3419
f 3590/3238/3233 3421/3090/3085 3426/2929/2924
f 3598/3246/3241 3429/3096/3091 3589/3236/3231
f 3784/3427/3422 3433/3237/3232 3601/3250/3245
f 6127/6081/6067 3602/3251/3246 3433/3237/3232
f 3792/5640/5631 3432/3108/3103 3596/3245/3240
f 3610/3256/3251 3439/3107/3102 3792/5640/5631
f 3616/3263/3258 3617/5641/5632 3447/3261/3256
f 3453/3120/3115 3805/3442/3437 3441/3110/3105
f 3441/3110/3105 3807/3441/3436 3442/3111/3106
f 3442/3111/3106 3809/3444/3439 3443/3112/3107
f 3613/3259/3254 3811/5643/5634 3445/3114/3109
f 3449/3279/3274 3625/3440/3435 3624/3270/3265
f 3629/3278/3273 5787/3277/3272 3633/3449/3444
f 3632/5692/5682 3628/3280/3275 3819/3453/3448
f 3628/3280/3275 3632/5692/5682 3460/3126/3121
f 3458/3273/3268 3461/3127/3122 3258/2955/2950
f 3266/2953/2948 3461/3127/3122 3634/3459/3454
f 3275/3130/3125 3833/3464/3459 3463/3128/3123
f 3640/3467/3462 3833/3464/3459 3275/3130/3125
f 3277/2963/2958 3643/3474/3469 3641/3469/3464
f 3482/3141/3136 3653/3480/3475 3481/3140/3135
f 3653/3480/3475 3482/3141/3136 3478/3137/3132
f 3854/3733/3728 3285/2970/2965 3480/3744/3739
f 3660/5647/5638 3486/5604/5596 3481/3140/3135
f 3122/2818/2813 5955/5795/5785 3859/3750/3745
f 3493/3314/3309 3860/3752/3747 3667/3313/3308
f 3316/2997/2992 6172/5563/5555 3682/3334/3329
f 5771/5531/5523 3682/3334/3329 6172/5563/5555
f 3685/5650/5641 3873/5747/5737 5795/5565/5557
f 3321/3001/2996 5829/5612/5604 5845/5651/5642
f 3323/3003/2998 3322/3002/2997 3686/3336/3331
f 3689/5653/5644 3326/3178/3173 6175/6160/6146
f 6176/6161/3336 6177/6162/6147 3901/3527/3522
f 3692/3342/3337 3891/5700/5690 3693/3343/3338
f 3899/3525/3520 6177/6162/6147 5847/5654/3183
f 3891/5700/5690 3705/3359/3354 3693/3343/3338
f 3524/3183/3178 3693/3343/3338 3705/3359/3354
f 3710/3364/3359 3549/3203/3198 3547/3200/3195
f 3730/3380/3375 3723/3379/3374 3722/3370/3365
f 3733/5630/5621 3369/3546/3541 3918/3545/3540
f 3743/3388/3383 3732/3382/3377 3744/3389/3384
f 3955/3584/3579 3745/3390/3385 3956/3585/3580
f 3746/3391/3386 3567/3223/3218 3568/3224/3219
f 5856/5663/5653 3570/3226/3221 5840/5634/5625
f 3970/3598/3593 3757/3400/3395 5858/5665/5655
f 3584/3417/3412 3774/5672/5662 3427/3095/3090
f 3776/3420/3415 3778/3422/3417 5866/5680/5670
f 3782/5678/5668 5863/5671/5661 5865/5674/5664
f 3598/3246/3241 3782/5678/5668 3787/3430/3425
f 3782/5678/5668 5872/5682/5672 3787/3430/3425
f 4047/3670/3665 5876/5686/5676 3599/3248/3243
f 3796/3434/3429 4051/3676/3671 3603/3252/3247
f 3808/3443/3438 3806/3697/3692 4072/3696/3691
f 3808/3443/3438 4073/3698/3693 3807/3441/3436
f 3807/3441/3436 4073/3698/3693 3809/3444/3439
f 3810/3445/3440 5878/5688/5678 3799/5735/5725
f 3618/3264/3259 3797/3435/3430 3802/3437/3432
f 3806/3697/3692 3611/3257/3252 3804/3439/3434
f 3799/5735/5725 3811/5643/5634 3810/3445/3440
f 3801/3433/3428 3609/3255/3250 3824/5690/5680
f 3816/3450/3445 3803/3438/3433 3625/3440/3435
f 3633/3449/3444 3632/5692/5682 3820/3710/3705
f 3608/3271/3266 3812/5689/5679 3827/3272/3267
f 3812/5689/5679 3828/5742/5732 3827/3272/3267
f 3638/3286/3281 6131/6088/6075 3637/3461/3456
f 3305/3747/3742 4122/3749/3744 3306/5487/5480
f 3121/2817/2812 4516/6099/6086 6174/6159/6145
f 5825/5607/5599 3317/2998/2993 3870/3500/3495
f 4155/5746/5736 3878/3506/3501 4145/3772/3767
f 4145/3772/3767 5845/5651/5642 4147/3774/3769
f 5829/5612/5604 3513/3168/3163 4147/3774/3769
f 4378/3990/3985 3511/3166/3161 3516/3172/3167
f 4157/3781/3776 5798/5568/5560 3873/5747/5737
f 3689/5653/5644 6175/6160/6146 4157/3781/3776
f 3519/3177/3172 3689/5653/5644 3880/3507/3502
f 3883/3511/3506 5923/5749/5739 5925/5750/5740
f 5925/5750/5740 3886/3514/3509 3885/3513/3508
f 3894/3520/3515 5925/5750/5740 3897/3523/3518
f 3896/3522/3517 3904/3528/3523 3893/3518/3513
f 3904/3528/3523 5887/5703/5693 3893/3518/3513
f 5887/5703/5693 5892/5707/5697 3893/3518/3513
f 3700/3353/3348 5851/6089/6076 3699/3352/3347
f 5892/5707/5697 3927/3550/3545 5888/5704/5694
f 5851/6089/6076 3928/3555/3550 5892/5707/5697
f 5888/5704/5694 3927/3550/3545 3925/3552/3547
f 3912/3536/3531 3942/3571/3566 3930/3553/3548
f 3949/3578/3573 3948/3577/3572 3937/3567/3562
f 3939/3566/3561 4217/3838/3833 3960/3590/3585
f 3954/3583/3578 3752/3593/3588 3969/3844/3839
f 4216/3837/3832 4235/3858/3853 4217/3838/3833
f 3960/3590/3585 4217/3838/3833 3967/3609/3604
f 3969/3844/3839 3983/5710/5700 3968/5767/5757
f 6178/6163/6148 3971/3599/3594 6133/6091/6078
f 6179/6164/6149 3976/3604/3599 3975/3603/3598
f 4221/3840/3835 3972/3600/3595 3974/3602/3597
f 3993/3619/3614 3967/3609/3604 4217/3838/3833
f 3968/5767/5757 3984/3628/3623 3982/3861/3856
f 3971/3599/3594 4002/3633/3628 3983/5710/5700
f 3984/3628/3623 3996/3627/3622 3982/3861/3856
f 5897/5714/5704 3991/3617/3612 5901/5720/5710
f 5895/5711/5701 4011/3873/3868 4003/3875/3870
f 5901/5720/5710 4020/5719/5709 5903/6165/6150
f 3991/3617/3612 3995/3621/3616 4020/5719/5709
f 4002/3633/3628 4003/3875/3870 4010/3634/3629
f 4008/3639/3634 6135/6166/6151 4016/3640/3635
f 5903/6165/6150 4020/5719/5709 6180/6167/6152
f 3785/3647/3642 3788/3649/3644 5875/5685/5675
f 5908/5727/5717 4037/3660/3655 4067/3692/3687
f 6182/6168/6153 5909/5728/5718 4074/3699/3694
f 4072/3696/3691 6182/6168/6153 4074/3699/3694
f 6183/6169/6154 6184/6170/6155 5878/5688/5678
f 5910/5729/5719 6183/6169/6154 5878/5688/5678
f 6184/6170/6155 6185/6171/6156 5878/5688/5678
f 5878/5688/5678 6185/6171/6156 5916/5736/5726
f 4294/3913/3908 4040/3663/3658 4057/3681/3676
f 6186/6172/6157 4294/3913/3908 4057/3681/3676
f 5915/5734/5724 4071/3695/3690 5913/5732/5722
f 3799/5735/5725 5916/5736/5726 5917/5737/5727
f 4076/3701/3696 3814/3447/3442 4064/3689/3684
f 3815/3448/3443 4077/3702/3697 5919/5740/5730
f 3825/3456/3451 4085/3713/3708 3826/3457/3452
f 3832/3463/3458 3635/3284/3279 3829/3458/3453
f 3854/3733/3728 4107/3735/3730 3853/3483/3478
f 3658/3486/3481 4109/3485/3480 4108/3734/3729
f 4347/3956/3951 4516/6099/6086 4122/3749/3744
f 6174/6159/6145 4518/4126/4121 5955/5795/5785
f 3862/3494/3489 4127/3755/3750 4126/3954/3949
f 4128/3756/3751 3668/3315/3310 4349/3959/3954
f 4366/3977/3972 3870/3500/3495 4136/3978/3973
f 4140/3767/3762 3677/3329/3324 5883/5696/5686
f 3678/3330/3325 4366/3977/3972 4134/3761/3756
f 4154/3986/3981 4138/3765/3760 4155/5746/5736
f 3878/3506/3501 4155/5746/5736 4138/3765/3760
f 4152/3779/3774 4149/3776/3771 3686/3336/3331
f 3883/3511/3506 4166/3789/3784 5923/5749/5739
f 4170/3793/3788 4174/3797/3792 5926/5752/5742
f 3889/3516/3511 3690/3340/3335 3881/3508/3503
f 5928/5755/5745 4186/3806/3801 4193/3816/3811
f 4189/3810/3805 3909/3533/3528 4199/3808/3803
f 3719/3369/3364 5929/5756/5746 3913/3821/3816
f 4196/3817/3812 4201/3825/3820 4195/3815/3810
f 4200/4039/4034 4198/3826/3821 4201/3825/3820
f 4199/3808/3803 4206/3827/3822 4198/3826/3821
f 4205/3828/3823 3922/3824/3819 4201/3825/3820
f 3942/3571/3566 4215/3836/3831 3931/3554/3549
f 4213/3835/3830 3953/3582/3577 4216/3837/3832
f 4214/6173/6158 6187/5769/5759 3952/3581/3576
f 4215/3836/3831 3943/3570/3565 4229/3842/3837
f 3994/3620/3615 4235/3858/3853 4244/6095/6082
f 4235/3858/3853 4247/5768/5758 4244/6095/6082
f 6187/5769/5759 4247/5768/5758 5935/5766/5756
f 3995/3621/3616 3994/3620/3615 4244/6095/6082
f 4460/4067/4062 4243/3860/3855 4251/3866/3861
f 4010/3634/3629 4246/3862/3857 3996/3627/3622
f 4244/6095/6082 4254/3880/3875 4253/3869/3864
f 4465/4070/4065 4245/3863/3858 4246/3862/3857
f 4246/3862/3857 6188/6174/6159 5937/5770/5760
f 4010/3634/3629 6188/6174/6159 4246/3862/3857
f 4003/3875/3870 4256/3874/3869 4010/3634/3629
f 4019/3868/3863 4253/3869/3864 5938/5771/5761
f 5937/5770/5760 4467/4073/4068 4465/4070/4065
f 6188/6174/6159 4269/3890/3885 5937/5770/5760
f 4256/3874/3869 4271/3888/3883 6188/6174/6159
f 4474/4082/4077 4261/3881/3876 4275/3893/3888
f 4271/3888/3883 4042/3665/3660 4270/3889/3884
f 5942/5774/5764 5941/5773/5763 4267/3904/3899
f 4279/3911/3906 4038/3661/3656 4294/3913/3908
f 4042/3665/3660 4039/3662/3657 4270/3889/3884
f 5945/5776/5766 4302/5777/5767 4076/3701/3696
f 5943/5775/5765 4303/5779/5769 4302/5777/5767
f 5943/5775/5765 5942/5774/5764 4303/5779/5769
f 4286/3924/3919 4274/3895/3890 4276/3894/3889
f 6139/6175/6160 6138/6097/6084 4276/3894/3889
f 4289/3907/3902 6139/6175/6160 4276/3894/3889
f 4284/3902/3897 4283/3901/3896 4300/3919/3914
f 4302/5777/5767 4077/3702/3697 4076/3701/3696
f 4302/5777/5767 4303/5779/5769 4077/3702/3697
f 4079/3704/3699 4303/5779/5769 4304/3929/3924
f 4053/3677/3672 5949/5785/5775 5947/5782/5772
f 5949/5785/5775 4063/3688/3683 3801/3433/3428
f 4084/3711/3706 4323/4087/4082 3823/3455/3450
f 5951/5789/5779 4323/4087/4082 4084/3711/3706
f 4085/3713/3708 5952/5790/5780 5951/5789/5779
f 4107/3735/3730 4108/3734/3729 4343/4121/4116
f 4109/3485/3480 4118/3745/3740 4343/4121/4116
f 5955/5795/5785 4515/4125/4120 4123/3751/3746
f 4124/3753/3748 3860/3752/3747 4520/4476/4471
f 6189/6176/6161 4523/4132/4127 5986/5843/5831
f 4129/3757/3752 4523/4132/4127 6189/6176/6161
f 5957/5797/5787 5921/5745/5735 6190/6177/6162
f 4369/3981/3976 4137/3763/3758 4138/3765/3760
f 4369/3981/3976 4138/3765/3760 4375/3985/3980
f 4156/3999/3994 5963/5803/5791 4154/3986/3981
f 4376/3987/3982 4154/3986/3981 5963/5803/5791
f 4388/4001/3996 4150/3777/3772 6191/6178/6163
f 4590/4198/4193 4161/3784/3779 4158/3782/3777
f 5969/5809/5797 4163/3786/3781 4402/4013/4008
f 4414/4026/4021 4170/3793/3788 4409/4020/4015
f 5970/5812/5800 4177/3803/3798 4415/4027/4022
f 4416/4030/4025 4189/3810/3805 4188/3809/3804
f 4181/3801/3796 4426/4218/4213 4611/4363/4358
f 4420/4034/4029 4193/3816/3811 4186/3806/3801
f 4200/4039/4034 4424/5817/5805 4429/4038/4033
f 5998/5863/5851 4434/4040/4035 4435/4042/4037
f 5972/5864/5852 4204/3823/3818 4440/4047/4042
f 4456/4065/4060 4218/3846/3841 4450/4057/4052
f 4234/3852/3847 4657/4252/4247 4455/4063/4058
f 4234/3852/3847 4461/4068/4063 4657/4252/4247
f 4237/3845/3840 4245/3863/3858 4462/4069/4064
f 5976/5826/5814 4465/4070/4065 4466/4074/4069
f 4463/4071/4066 4251/3866/3861 4252/3867/3862
f 4249/3872/3867 4248/3878/3873 4247/5768/5758
f 4280/3898/3893 4468/4075/4070 4476/4262/4257
f 4280/3898/3893 4476/4262/4257 4311/3927/3922
f 5981/5835/5823 5980/5833/5821 4323/4087/4082
f 4325/4092/4087 6140/6179/6164 4494/4101/4096
f 5951/5789/5779 5981/5835/5823 4323/4087/4082
f 4326/3937/3932 4495/4102/4097 4327/3935/3930
f 3830/3712/3707 4496/4284/4279 5952/5790/5780
f 4327/3935/3930 4086/3714/3709 3832/3463/3458
f 4086/3714/3709 4327/3935/3930 4495/4102/4097
f 4088/3717/3712 4496/4284/4279 3830/3712/3707
f 4495/4102/4097 4861/5911/5898 4086/3714/3709
f 4861/5911/5898 4093/3940/3935 4086/3714/3709
f 4498/4294/4289 4332/3941/3936 4499/4104/4099
f 4100/3729/3724 4508/4114/4109 4340/3951/3946
f 4111/3489/3484 4511/4117/4112 4119/3487/3482
f 4520/4476/4471 4348/3958/3953 4124/3753/3748
f 4127/3755/3750 4524/4321/4316 4740/4319/4314
f 4353/3964/3959 4538/4145/4140 4371/3983/3978
f 4537/4144/4139 4371/3983/3978 4538/4145/4140
f 4553/4161/4156 4552/4160/4155 4531/4138/4133
f 4535/4142/4137 4541/4149/4144 4533/4140/4135
f 6141/6100/6087 4551/4159/4154 5992/5851/5839
f 4558/4166/4161 4581/5850/5838 4559/4167/4162
f 4564/4172/4167 4160/3783/3778 4398/4010/4005
f 4568/4177/4172 5994/5853/5841 4579/4187/4182
f 5991/5849/5837 4595/5854/5842 4569/4176/4171
f 4604/4208/4203 4771/4351/4346 4579/4187/4182
f 4579/4187/4182 4603/4206/4201 4604/4208/4203
f 4603/4206/4201 4606/4022/4017 4605/4207/4202
f 4601/5856/5844 4422/4213/4208 4419/4033/4028
f 4429/4038/4033 4602/5857/5845 4605/4207/4202
f 4651/5867/5855 4647/4245/4240 4454/4062/4057
f 4651/5867/5855 4454/4062/4057 4652/4251/4246
f 4656/4249/4244 4649/4247/4242 4653/4248/4243
f 4658/4254/4249 4652/4251/4246 4461/4068/4063
f 4469/4258/4253 4661/4257/4252 4664/4261/4256
f 4662/5827/5815 4666/4263/4258 4663/4260/4255
f 4664/4261/4256 4671/4269/4264 4673/4271/4266
f 4483/4086/4081 4845/4410/4405 4674/4270/4265
f 4676/4272/4267 4845/4410/4405 4483/4086/4081
f 4678/4273/4268 4852/4417/4412 4681/5870/5858
f 4700/4103/4098 4093/3940/3935 4861/5911/5898
f 4713/4444/4439 4716/4452/4447 4097/3725/3720
f 4920/4471/4466 4511/4117/4112 6005/6180/6165
f 4736/3957/3952 4737/4473/4468 4517/5842/5830
f 4741/4320/4315 4740/4319/4314 4743/4322/4317
f 4539/4146/4141 4750/4331/4326 4759/4340/4335
f 6009/5883/5871 4530/4137/4132 4372/3989/3984
f 4554/4162/4157 4553/4161/4156 4761/4346/4341
f 4566/4174/4169 4554/4162/4157 4767/4345/4340
f 4599/4205/4200 4767/4345/4340 4774/4352/4347
f 6014/5889/5876 4585/4192/4187 4574/4182/4177
f 6015/5891/5878 4772/4349/4344 6014/5889/5876
f 4587/4195/4190 6014/5889/5876 4772/4349/4344
f 4410/4021/4016 4770/4355/4350 4398/4010/4005
f 4803/4378/4373 4798/4372/4367 4796/4522/4517
f 4798/4372/4367 4804/4377/4372 4635/4234/4229
f 4802/5898/5885 4805/4243/4238 4801/4376/4371
f 4635/4234/4229 4811/4382/4377 4816/4385/4380
f 4641/4238/4233 4640/4239/4234 4816/4385/4380
f 4647/4245/4240 4651/5867/5855 4807/4532/4527
f 4809/4534/4529 4807/4532/4527 4651/5867/5855
f 4811/4382/4377 4814/4381/4376 4819/4384/4379
f 4817/5900/5887 4809/4534/4529 4651/5867/5855
f 4812/4387/4382 4817/5900/5887 4655/4255/4250
f 4818/4388/4383 4655/4255/4250 4821/4391/4386
f 4648/4246/4241 4825/5902/5889 4827/4400/4395
f 4821/4391/4386 4655/4255/4250 4826/4394/4389
f 4821/4391/4386 4826/4394/4389 6020/5904/5891
f 4825/5902/5889 4823/4390/4385 4832/4395/4390
f 6021/4398/4393 4830/4397/4392 4835/5907/5894
f 6021/4398/4393 4835/5907/5894 4831/5954/5941
f 4666/4263/4258 4667/4265/4260 4836/4403/4398
f 4833/4399/4394 4836/4403/4398 6022/5906/5893
f 4868/5912/5899 4700/4103/4098 4861/5911/5898
f 5077/4608/4603 4925/4472/4467 4930/4478/4473
f 6037/5936/5923 4942/4488/4483 6036/5935/5922
f 4756/4337/4332 4946/4492/4487 4754/4335/4330
f 4756/4337/4332 4758/4339/4334 6039/5938/5925
f 6061/5979/5966 6015/5891/5878 4958/5890/5877
f 4974/4517/4512 4986/5948/5935 4977/4521/4516
f 4978/4647/4642 4801/4376/4371 4979/4527/4522
f 4981/4525/4520 4980/4524/4519 4982/4660/4655
f 4977/4521/4516 4986/5948/5935 4989/5949/5936
f 4980/4524/4519 4808/5899/5886 4809/4534/4529
f 4982/4660/4655 4809/4534/4529 4992/4533/4528
f 4984/6104/6091 4983/5981/5968 6192/6181/6166
f 4989/5949/5936 4984/6104/6091 4990/4530/4525
f 4803/4378/4373 4989/5949/5936 4990/4530/4525
f 4992/4533/4528 4813/4535/4530 4993/4386/4381
f 6192/6181/6166 6048/5951/5938 6049/6182/6167
f 6193/6183/6168 6192/6181/6166 6194/5952/5939
f 4990/4530/4525 6193/6183/6168 6194/5952/5939
f 6048/5951/5938 4993/4386/4381 4994/5901/5888
f 6049/6182/6167 6048/5951/5938 4994/5901/5888
f 6194/5952/5939 6049/6182/6167 6051/6184/6169
f 6194/5952/5939 6051/6184/6169 6195/6185/6170
f 6050/5953/5940 6194/5952/5939 6195/6185/6170
f 4814/4381/4376 6050/5953/5940 4815/4383/4378
f 4815/4383/4378 6052/6186/6171 4822/4389/4384
f 4995/4536/4531 4824/4392/4387 6053/6187/6172
f 6195/6185/6170 4995/4536/4531 6053/6187/6172
f 6050/5953/5940 6195/6185/6170 6052/6186/6171
f 4822/4389/4384 6052/6186/6171 4997/4537/4532
f 6053/6187/6172 4996/5905/5892 6196/6188/6173
f 6052/6186/6171 6196/6188/6173 6197/5958/5945
f 4997/4537/4532 6052/6186/6171 6054/5956/5943
f 6196/6188/6173 4998/5955/5942 6198/6189/6174
f 4829/4396/4391 6054/5956/5943 4999/4538/4533
f 4998/5955/5942 4835/5907/5894 5002/4541/4536
f 5002/4541/4536 4835/5907/5894 5008/5962/5949
f 6197/5958/5945 5006/5960/5947 5005/5959/5946
f 5011/5961/5948 5006/5960/5947 5010/4543/4538
f 4999/4538/4533 5007/4545/4540 5014/4544/4539
f 4839/4405/4400 4838/4404/4399 5017/4554/4549
f 4839/4405/4400 5017/4554/4549 5009/4549/4544
f 5008/5962/5949 4839/4405/4400 5009/4549/4544
f 5012/5963/5950 5007/4545/4540 5005/5959/5946
f 4838/4404/4399 5016/4555/4550 5017/4554/4549
f 4843/4406/4401 5001/4539/4534 5018/4551/4546
f 5009/4549/4544 5017/4554/4549 5134/4556/4551
f 5018/4551/4546 5020/4558/4553 5021/4552/4547
f 5019/5964/5951 4848/4547/4542 5022/4672/4667
f 4853/4418/4413 5143/5965/5952 5028/4563/4558
f 5143/5965/5952 4853/4418/4413 4851/4415/4410
f 5023/4557/4552 5027/4562/4557 5025/4559/4554
f 5052/5970/5957 5056/4590/4585 5048/4585/4580
f 5052/5970/5957 5057/4591/4586 5056/4590/4585
f 5065/4598/4593 4897/4449/4444 5064/4593/4588
f 5066/4597/4592 4907/4458/4453 5065/4598/4593
f 5067/4599/4594 5069/4601/4596 5071/4602/4597
f 4916/4467/4462 5170/5985/5972 5073/4605/4600
f 5074/5973/5960 5170/5985/5972 6032/5929/5916
f 4916/4467/4462 5072/4603/4598 4914/4465/4460
f 5171/4701/4696 5076/4606/4601 4732/4315/4310
f 4924/4607/4602 5179/4708/4703 4927/4475/4470
f 5082/4614/4609 4931/4479/4474 5081/4612/4607
f 5103/4631/4626 4949/4495/4490 4945/4491/4486
f 5219/4751/4746 5221/4753/4748 4958/5890/5877
f 4957/4503/4498 6045/5945/5932 5114/4642/4637
f 5115/4643/4638 5117/4645/4640 5114/4642/4637
f 5110/4639/4634 5113/4767/4762 4965/5947/5934
f 4975/4518/4513 4965/5947/5934 4976/4519/4514
f 5010/4543/4538 5015/4550/4545 6062/5982/5969
f 5011/5961/5948 5010/4543/4538 6063/5983/5970
f 5012/5963/5950 5011/5961/5948 5131/4666/4661
f 5016/4555/4550 5022/4672/4667 5142/6108/6095
f 5016/4555/4550 5142/6108/6095 5138/4673/4668
f 5020/4558/4553 5140/4674/4669 5024/4412/4407
f 5147/4779/4774 5024/4412/4407 5140/4674/4669
f 5022/4672/4667 5137/4671/4666 5142/6108/6095
f 5027/4562/4557 5144/4677/4672 5145/4675/4670
f 5162/4692/4687 5053/4587/4582 5158/4690/4685
f 5067/4599/4594 5070/4604/4599 5167/4801/4796
f 4923/5974/5961 5076/4606/4601 5283/4810/4805
f 5283/4810/4805 5177/4706/4701 4923/5974/5961
f 5179/4708/4703 4923/5974/5961 5177/4706/4701
f 6069/5990/5977 6068/5989/5976 5186/4715/4710
f 5093/4622/4617 5094/4624/4619 5090/4724/4719
f 5191/4720/4715 5190/4719/4714 5301/4826/4821
f 5195/4723/4718 5094/4624/4619 5200/4730/4725
f 5202/4732/4727 5197/4726/4721 5206/4737/4732
f 5197/4726/4721 5211/4743/4738 5207/4738/4733
f 5215/4748/4743 5211/4743/4738 5216/4742/4737
f 5216/4742/4737 5232/4749/4744 5224/4756/4751
f 5209/4740/4735 6060/5978/5965 5117/4645/4640
f 5217/4754/4749 5117/4645/4640 5222/4758/4753
f 5117/4645/4640 6060/5978/5965 5114/4642/4637
f 5231/4765/4760 5121/4652/4647 5233/4654/4649
f 5307/4760/4755 5119/4649/4644 5236/4656/4651
f 5235/4657/4652 5234/4766/4761 5127/5980/5967
f 5233/4654/4649 5127/5980/5967 5234/4766/4761
f 5136/4663/4658 5237/4768/4763 5239/4771/4766
f 5136/4663/4658 5239/4771/4766 5240/4773/4768
f 5138/4673/4668 5242/4776/4771 5247/4775/4770
f 5238/4769/4764 5138/4673/4668 5247/4775/4770
f 5147/4779/4774 5140/4674/4669 5251/4780/4775
f 5242/4776/4771 5137/4671/4666 5253/5996/5983
f 5254/4782/4777 5255/4783/4778 5256/4785/4780
f 5146/4676/4671 5149/4678/4673 5257/4786/4781
f 5253/5996/5983 5315/6009/5996 5249/4777/4772
f 5149/4678/4673 5151/4679/4674 5153/4683/4678
f 5261/4839/4834 5262/4789/4784 5258/4680/4675
f 5160/4797/4792 5267/4793/4788 5263/4790/4785
f 5267/4793/4788 5166/4696/4691 5270/4802/4797
f 5290/4818/4813 5289/4817/4812 6077/6000/5987
f 5288/4816/4811 5183/4712/4707 5297/6001/5988
f 6087/6015/6002 5288/4816/4811 5296/4827/4822
f 6076/4825/4820 5292/4821/4816 5299/4823/4818
f 5295/4822/4817 5196/4731/4726 6078/6002/5989
f 5297/6001/5988 5295/4822/4817 6078/6002/5989
f 6078/6002/5989 5196/4731/4726 6079/6003/5990
f 6079/6003/5990 5302/4736/4731 6081/6005/5992
f 6080/4828/4823 6081/6005/5992 5308/6007/5994
f 5298/4829/4824 6080/4828/4823 5309/4832/4827
f 6081/6005/5992 5222/4758/4753 5308/6007/5994
f 5308/6007/5994 5307/4760/4755 5228/4762/4757
f 5230/4764/4759 5218/4750/4745 5306/6006/5993
f 5311/6111/6098 5310/4833/4828 6199/6190/6175
f 6083/6110/6097 5311/6111/6098 6200/6191/6176
f 5248/5995/5982 6083/6110/6097 6200/6191/6176
f 5246/4774/4769 5248/5995/5982 5313/4836/4831
f 5250/4778/4773 5312/6008/5995 6201/6010/5997
f 6199/6190/6175 5250/4778/4773 6202/6192/6177
f 6200/6191/6176 6199/6190/6175 6203/6193/6178
f 5315/6009/5996 5312/6008/5995 5249/4777/4772
f 6204/6194/6179 6203/6193/6178 6205/6195/6180
f 5313/4836/4831 6204/6194/6179 6084/6196/6181
f 6202/6192/6177 6201/6010/5997 6206/6197/6182
f 6203/6193/6178 6202/6192/6177 6206/6197/6182
f 6205/6195/6180 6203/6193/6178 6207/6198/6183
f 6207/6198/6183 6206/6197/6182 6086/6199/6184
f 6084/6196/6181 6207/6198/6183 5319/6011/5998
f 5317/4840/4835 5264/4791/4786 5320/4841/4836
f 6206/6197/6182 5317/4840/4835 5320/4841/4836
f 5319/6011/5998 6086/6199/6184 5322/6014/6001
f 5320/4841/4836 5268/4794/4789 5323/4844/4839
f 6085/6012/5999 5323/4844/4839 5324/6013/6000
f 5322/6014/6001 5324/6013/6000 5321/4843/4838
f 5276/4806/4801 5324/6013/6000 5275/4807/4802
f 6087/6015/6002 5326/4846/4841 5325/4845/4840
f 46/35/35 39/34/34 38/11/11
f 45/33/33 53/43/43 5332/4862/4857
f 79/118/118 31/30/30 82/119/119
f 186/161/161 284/247/247 184/159/159
f 157/136/136 107/85/85 162/4896/4891
f 262/4901/4896 277/4905/4900 268/233/233
f 279/239/239 278/4892/4887 275/240/240
f 183/158/158 188/163/163 5357/4906/4901
f 493/434/434 363/6019/6006 362/4921/4916
f 370/324/324 259/323/323 263/4900/4895
f 377/328/328 527/463/463 380/462/462
f 539/4954/4949 392/4955/4950 286/250/250
f 393/4925/4920 295/262/262 292/255/255
f 458/410/410 252/224/224 251/223/223
f 5384/6022/6009 465/414/414 5385/6113/6100
f 484/4944/4939 492/316/316 483/6023/6010
f 5388/4949/4944 490/4946/4941 500/588/588
f 490/4946/4941 495/574/574 500/588/588
f 5393/4960/4955 400/344/344 404/349/349
f 5369/6200/6185 405/350/350 296/263/263
f 402/6021/6008 5369/6200/6185 296/263/263
f 560/489/489 403/348/348 304/273/273
f 593/695/695 455/406/406 351/310/310
f 354/311/311 462/4942/4937 958/874/872
f 486/431/431 494/4992/4987 490/4946/4941
f 642/564/564 5420/4991/4986 640/562/562
f 685/609/609 688/4999/4994 670/596/596
f 5466/5053/5047 694/620/620 693/619/619
f 720/646/646 535/4953/4948 5428/5001/4996
f 761/679/679 753/678/678 937/845/843
f 804/730/730 805/729/729 5451/5032/5027
f 848/764/762 656/579/579 6208/6201/6186
f 5466/5053/5047 879/792/790 694/620/620
f 875/788/786 872/787/785 877/790/788
f 1047/950/946 5475/5064/5058 5472/5061/5055
f 1062/1301/1296 945/857/855 1063/5088/5082
f 1018/6034/6021 855/773/771 840/772/770
f 751/677/677 938/959/955 1421/1292/1287
f 1060/5086/5080 761/679/679 1057/1107/1103
f 944/853/851 762/685/685 1062/1301/1296
f 1071/970/966 1070/969/965 1245/974/970
f 1089/984/980 1088/983/979 970/884/882
f 6209/6202/6187 1113/1006/1002 1118/1011/1007
f 1118/1011/1007 1117/1010/1006 1121/1014/1010
f 996/902/900 1119/1012/1008 1122/1015/1011
f 998/903/901 996/902/900 1122/1015/1011
f 1121/1014/1010 1127/1017/1013 1126/1016/1012
f 1156/1043/1039 1165/1052/1048 1167/5103/5097
f 1164/1051/1047 1177/5105/5099 1167/5103/5097
f 1176/6035/6022 1177/5105/5099 5501/5104/5098
f 1379/1251/1247 1186/1069/1065 5488/1257/1253
f 1259/1127/1123 1090/1131/1127 975/887/885
f 5512/5126/5120 6209/6202/6187 1118/1011/1007
f 1298/1172/1168 1297/1171/1167 1299/1173/1169
f 1149/1036/1032 1147/1034/1030 1312/1181/1177
f 1312/1181/1177 1327/1195/1191 1160/1050/1046
f 1345/1215/1211 5524/5141/5135 1353/1224/1220
f 1407/1276/1272 1405/1274/1270 1398/5153/5147
f 1232/1105/1101 6155/6132/6118 1233/1106/1102
f 1433/5117/5111 1243/5116/5110 5534/5158/5152
f 1256/1125/1121 1455/5124/5118 1456/1928/1923
f 5568/5209/5203 5536/5163/5157 5535/5162/5156
f 1500/1362/1357 1501/1361/1356 1502/1363/1358
f 1298/1172/1168 1513/5171/5165 1292/1357/1352
f 1525/1385/1380 1503/1364/1359 1501/1361/1356
f 1524/1384/1379 1523/1383/1378 1541/1403/1398
f 1534/1395/1390 1548/1412/1407 1307/1177/1173
f 1556/1420/1415 1765/1592/1587 1557/1421/1416
f 1594/1456/1451 1593/1455/1450 1596/1459/1454
f 1615/1476/1471 1612/1475/1470 1620/1482/1477
f 1621/1483/1478 1620/1482/1477 1626/1485/1480
f 1626/1485/1480 1623/5189/5183 1625/5192/5186
f 1420/1290/1285 1666/1517/1512 1230/1291/1286
f 1695/2105/2100 1696/1539/1534 1457/980/976
f 1812/1641/1636 1614/1474/1469 1618/1480/1475
f 1842/1843/1838 1843/6203/6188 5592/6136/6122
f 1944/1139/1135 1941/1958/1953 1943/1950/1945
f 1962/1776/1771 5608/5264/5257 1963/1777/1772
f 1813/1642/1637 1800/1638/1633 1811/1640/1635
f 1842/1843/1838 2028/1831/1826 2040/1842/1837
f 2050/1852/1847 5626/5293/5286 2051/6052/6039
f 2077/1878/1873 1622/1484/1479 2078/2060/2055
f 2077/1878/1873 1652/1881/1876 1402/1271/1267
f 1664/1513/1508 2077/1878/1873 2082/2082/2077
f 2107/1902/1897 1902/1720/1715 5602/1298/1293
f 2106/1901/1896 1902/1720/1715 2107/1902/1897
f 1678/1525/1520 1907/1910/1905 2118/1915/1910
f 1706/1546/1541 1930/1753/1748 5644/5432/5425
f 1948/1768/1763 1956/1770/1765 2343/2122/2117
f 2366/2150/2145 1762/1591/1586 2360/2148/2143
f 2202/1999/1994 2201/1998/1993 1983/5275/5268
f 1995/1802/1797 2219/2013/2008 5650/5363/5356
f 2219/2013/2008 1995/1802/1797 1994/1801/1796
f 2021/5287/5280 2243/2043/2038 2410/2189/2184
f 2244/2042/2037 2252/2044/2039 2035/1837/1832
f 2276/2071/2066 2436/2210/2205 2277/5340/5333
f 2479/2245/2240 2131/5320/5313 5566/5207/5201
f 2492/5355/5348 2323/2106/2101 1695/2105/2100
f 2204/2164/2159 2373/5273/5266 2371/2154/2149
f 2395/2179/2174 2400/2180/2175 2581/2333/2328
f 2439/2374/2369 2440/5341/5334 2438/2372/2367
f 2454/5423/5416 2296/5345/5338 1892/1711/1706
f 2301/2092/2087 2459/2227/2222 2104/5317/5310
f 2477/6066/6053 2318/2405/2400 2479/2245/2240
f 2332/2112/2107 2149/1945/1940 5711/5434/5427
f 2535/2297/2292 2679/2548/2543 2178/1975/1970
f 2221/2014/2009 2563/2317/2312 2388/2171/2166
f 2569/2321/2316 5666/5360/5353 2570/2322/2317
f 6210/6204/6189 5678/5373/5366 2716/2465/2460
f 2432/2211/2206 2259/2051/2046 2605/2365/2360
f 2765/2504/2499 2457/2224/2219 2764/2503/2498
f 2301/2092/2087 2634/2509/2504 2632/2391/2386
f 2568/2320/2315 2704/2456/2451 2842/2571/2566
f 2704/2456/2451 2568/2320/2315 2570/2322/2317
f 2383/2167/2162 2573/2325/2320 2847/2576/2571
f 2709/2461/2456 2576/2328/2323 5720/5446/5439
f 2391/2173/2168 2710/5413/5406 3032/2729/2724
f 2868/2598/2593 2593/2604/2599 2866/2596/2591
f 2722/2476/2471 2876/2606/2601 2598/2348/2343
f 2727/2480/2475 2603/2355/2350 5724/5452/5445
f 2443/2371/2366 3073/2773/2768 2617/2373/2368
f 2917/2790/2785 2633/2390/2385 2915/2789/2784
f 2671/2430/2425 2672/5437/5430 2670/2422/2417
f 2810/2670/2665 2672/5437/5430 2671/2430/2425
f 2871/2599/2594 2869/2601/2596 2878/2607/2602
f 2725/2473/2468 2877/2474/2469 2882/2609/2604
f 2491/5427/5420 2790/2524/2519 2945/5560/5552
f 3160/2707/2702 3144/5502/5494 2541/2303/2298
f 3247/6151/6137 2740/5420/5413 3260/3123/3118
f 2790/2524/2519 3307/3316/3311 2945/5560/5552
f 2987/2693/2688 2984/2692/2687 3147/2841/2836
f 3164/2858/2853 2986/2691/2686 2982/2689/2684
f 3155/2851/2846 3157/2853/2848 3332/3018/3013
f 3184/2876/2871 3177/2871/2866 3178/3032/3027
f 3175/2869/2864 3192/2885/2880 3185/2877/2872
f 3049/2747/2742 3237/2930/2925 3055/3099/3094
f 6126/6080/6066 3236/2928/2923 6211/6205/6190
f 6211/6205/6190 3236/2928/2923 3057/2756/2751
f 3066/5549/5541 3075/5512/5504 3255/3118/3113
f 3268/2958/2953 3454/5553/5545 2901/2630/2625
f 3087/2784/2779 3267/2956/2951 5759/5513/5505
f 3275/3130/3125 3273/2961/2956 2767/2506/2501
f 5764/5522/5514 3109/5485/5478 3110/2974/2969
f 3122/2818/2813 3859/3750/3745 2942/2819/2814
f 6169/6154/6140 5804/5574/5566 3152/2846/2841
f 3332/3018/3013 3157/2853/2848 3343/3019/3014
f 3159/2855/2850 3158/2854/2849 3353/3031/3026
f 3157/2853/2848 5808/5578/5570 3344/3027/3022
f 3351/3028/3023 3179/2870/2865 3354/3033/3028
f 3367/3047/3042 3376/3052/3047 3386/3055/3050
f 3376/3052/3047 3367/3047/3042 3374/3050/3045
f 3395/3060/3055 6212/6206/6191 3200/2892/2887
f 3376/3052/3047 3389/3058/3053 3387/3056/3051
f 3445/3114/3109 3256/2945/2940 3613/3259/3254
f 3448/3122/3117 3246/3105/3100 3247/6151/6137
f 3456/3124/3119 3457/3274/3269 3459/3125/3120
f 3486/5604/5596 3295/2979/2974 3481/3140/3135
f 3321/3001/2996 3134/2829/2824 5829/5612/5604
f 5816/5592/5584 3586/3233/3228 3231/5543/5535
f 3592/3240/3235 3586/3233/3228 5816/5592/5584
f 3596/3245/3240 3597/3247/3242 3792/5640/5631
f 3659/3309/3304 3486/5604/5596 3660/5647/5638
f 3956/3585/3580 3753/6207/6192 3752/3593/3588
f 3755/3398/3393 3747/3392/3387 3568/3224/3219
f 3753/6207/6192 5854/5661/5651 3752/3593/3588
f 3806/3697/3692 3805/3442/3437 3611/3257/3252
f 3817/3451/3446 5879/6208/6193 3819/3453/3448
f 3636/3287/3282 3831/3460/3455 5820/5596/5588
f 3898/3524/3519 6213/6209/6194 3901/3527/3522
f 3901/3527/3522 6177/6162/6147 3899/3525/3520
f 3727/3539/3534 3920/3557/3552 3914/3537/3532
f 3752/3593/3588 5893/5709/5699 3969/3844/3839
f 3777/3421/3416 3776/3420/3415 4022/3644/3639
f 4018/3642/3637 4029/3651/3646 4265/3887/3882
f 4074/3699/3694 3808/3443/3438 4072/3696/3691
f 4121/3748/3743 3863/3492/3487 4347/3956/3951
f 4136/3978/3973 3870/3500/3495 4137/3763/3758
f 4200/4039/4034 4199/3808/3803 4198/3826/3821
f 4181/3801/3796 3914/3537/3532 4430/3822/3817
f 3929/3833/3828 4228/5760/5750 4212/3832/3827
f 4227/3855/3850 4236/3854/3849 6187/5769/5759
f 4249/3872/3867 4255/3871/3866 4470/4078/4073
f 4020/5719/5709 4019/3868/3863 4036/3659/3654
f 4036/3659/3654 4019/3868/3863 5938/5771/5761
f 4256/3874/3869 4021/3646/3641 4271/3888/3883
f 4267/3904/3899 4268/6096/6083 4474/4082/4077
f 4275/3893/3888 5940/3883/3878 4277/3896/3891
f 4269/3890/3885 4270/3889/3884 5939/5772/5762
f 4474/4082/4077 4274/3895/3890 4267/3904/3899
f 4267/3904/3899 4285/3903/3898 5942/5774/5764
f 4292/3910/3905 4290/3908/3903 4278/3897/3892
f 3828/5742/5732 4324/3936/3931 4327/3935/3930
f 3848/3477/3472 5984/5839/5827 5953/5793/5783
f 4387/4000/3995 4148/3775/3770 4388/4001/3996
f 4431/5819/5807 5929/5756/5746 4191/3813/3808
f 4267/3904/3899 5941/5773/5763 4268/6096/6083
f 4538/4145/4140 4353/3964/3959 4525/4133/4128
f 4558/4166/4161 4560/4168/4163 4391/4004/3999
f 4563/4171/4166 4582/4189/4184 4562/4170/4165
f 5989/5847/5835 4562/4170/4165 4582/4189/4184
f 4565/4173/4168 4566/4174/4169 5992/5851/5839
f 4569/4176/4171 5994/5853/5841 4568/4177/4172
f 4581/5850/5838 4580/4190/4185 4594/4202/4197
f 4411/4028/4023 4590/4198/4193 4589/4197/4192
f 4595/5854/5842 4594/4202/4197 4603/4206/4201
f 4602/5857/5845 4423/5816/5804 4601/5856/5844
f 5995/5858/5846 4418/4032/4027 5971/5813/5801
f 4422/4213/4208 4197/5815/5803 4420/4034/4029
f 4450/4057/4052 4644/4052/4047 4650/4242/4237
f 4665/4264/4259 4662/5827/5815 4473/4079/4074
f 4675/4413/4408 4673/4271/4266 4671/4269/4264
f 4485/4275/4270 4676/4272/4267 4480/4085/4080
f 4648/4246/4241 4641/4238/4233 4816/4385/4380
f 4828/5903/5890 6021/4398/4393 4831/5954/5941
f 4828/5903/5890 4831/5954/5941 4996/5905/5892
f 4846/4414/4409 4671/4269/4264 4840/4407/4402
f 4679/4274/4269 4849/4420/4415 4847/4411/4406
f 4723/4310/4305 4912/4462/4457 4911/6102/6089
f 6031/6103/6090 4922/5927/5914 6032/5929/5916
f 6214/6210/6195 6044/5944/5931 6015/5891/5878
f 4977/4521/4516 4794/4369/4364 4974/4517/4512
f 4983/5981/5968 4984/6104/6091 4985/4658/4653
f 5002/4541/4536 5008/5962/5949 5003/4542/4537
f 4906/4457/4452 6029/6211/6196 5068/4600/4595
f 4949/4495/4490 5104/4632/4627 5212/4745/4740
f 5013/4546/4541 5012/5963/5950 5131/4666/4661
f 5131/4666/4661 6063/5983/5970 5241/4835/4830
f 5029/4560/4555 5144/4677/4672 5027/4562/4557
f 5106/4635/4630 5213/4746/4741 5109/4638/4633
f 5223/4755/4750 5214/4747/4742 5224/4756/4751
f 5231/4765/4760 5229/4763/4758 5121/4652/4647
f 5307/4760/4755 5118/4648/4643 5119/4649/4644
f 5236/4656/4651 5229/4763/4758 5227/4761/4756
f 5141/4668/4663 5139/4670/4665 5140/4674/4669
f 6076/4825/4820 5299/4823/4818 5301/4826/4821
f 5310/4833/4828 5243/4770/4765 5250/4778/4773
f 5321/4843/4838 5324/6013/6000 5276/4806/4801
f 5330/4853/4848 15/49/49 65/6112/6099
f 5330/4853/4848 65/6112/6099 67/4864/4859
f 16/15/15 17/54/54 6088/4851/4846
f 18/4854/4849 67/4864/4859 68/4866/4861
f 5331/23/23 19/4869/4864 72/20/20
f 21/16/16 5/25/25 25/4855/4850
f 47/40/40 13/13/13 34/31/31
f 34/31/31 36/4859/4854 47/40/40
f 40/32/32 13/13/13 54/42/42
f 122/101/101 67/4864/4859 65/6112/6099
f 96/4871/4866 91/70/70 48/37/37
f 114/4880/4875 189/168/168 190/167/167
f 6089/6016/6003 278/4892/4887 6090/169/169
f 278/4892/4887 283/246/246 191/166/166
f 284/247/247 186/161/161 116/170/170
f 185/160/160 5352/173/173 120/94/94
f 212/184/184 313/280/280 219/193/193
f 161/138/138 247/227/227 162/4896/4891
f 267/232/232 262/4901/4896 268/233/233
f 275/240/240 270/4903/4898 265/329/329
f 5356/4904/4899 180/155/155 5357/4906/4901
f 216/189/189 307/275/275 309/4907/4902
f 307/275/275 216/189/189 316/285/285
f 351/310/310 247/227/227 111/89/89
f 6091/6020/6007 367/450/450 371/322/322
f 276/241/241 274/238/238 380/462/462
f 424/369/369 423/368/368 429/373/373
f 335/301/301 442/387/387 447/390/390
f 340/305/305 450/396/396 5367/4918/4913
f 579/400/400 243/215/215 244/217/217
f 347/517/517 344/401/401 245/218/218
f 470/420/420 5384/6022/6009 476/422/422
f 472/4943/4938 480/429/429 483/6023/6010
f 498/437/437 6092/4948/4943 6145/6115/6102
f 506/443/443 499/439/439 361/438/438
f 502/440/440 512/451/451 5389/4950/4945
f 520/464/464 695/611/611 696/621/621
f 523/4952/4947 695/611/611 520/464/464
f 529/466/466 534/473/473 530/467/467
f 393/4925/4920 544/5004/4999 399/347/347
f 554/483/483 6146/6117/6104 552/481/481
f 594/701/701 461/4941/4936 957/976/972
f 603/529/529 614/539/539 5413/544/544
f 5386/4945/4940 5422/4994/4989 494/4992/4987
f 500/588/588 495/574/574 651/573/573
f 670/596/596 688/4999/4994 687/610/610
f 540/653/653 727/5002/4997 6149/6122/6109
f 544/5004/4999 5430/5006/5001 5431/5007/5002
f 749/675/675 5440/5017/5012 564/497/497
f 945/857/855 762/685/685 573/507/507
f 981/5030/5025 5416/4984/4979 621/546/546
f 804/730/730 5451/5032/5027 803/722/722
f 804/730/730 827/745/744 812/731/731
f 875/788/786 877/790/788 876/789/787
f 5475/5064/5058 1047/950/946 923/834/832
f 5450/5031/5026 5449/5029/5024 612/537/537
f 1018/6034/6021 840/772/770 1004/909/907
f 1023/927/923 1022/926/922 872/787/785
f 1210/1088/1084 921/832/830 737/664/664
f 1069/968/964 1071/970/966 5490/5091/5085
f 972/882/880 5493/5095/5089 1457/980/976
f 1101/994/990 1107/1000/996 1106/999/995
f 1110/1003/999 992/1004/1000 1282/1152/1148
f 1002/907/905 5514/5128/5122 1124/1169/1165
f 1018/6034/6021 1004/909/907 1306/6033/6020
f 5515/5135/5129 1022/926/922 1021/924/920
f 1154/1042/1038 1165/1052/1048 1156/1043/1039
f 1195/1077/1073 1046/948/944 1044/945/941
f 1188/1071/1067 5502/5109/5103 1193/1242/1238
f 5502/5109/5103 1205/1086/1082 1207/1085/1081
f 1206/5108/5102 1218/1093/1089 1205/1086/1082
f 938/959/955 1422/1293/1288 1421/1292/1287
f 1235/1111/1107 1060/5086/5080 1057/1107/1103
f 1240/1303/1298 1065/5089/5083 946/856/854
f 766/687/687 1241/1306/1301 1243/5116/5110
f 1243/5116/5110 5508/5118/5112 1072/971/967
f 956/867/865 1076/5092/5086 1247/1530/1525
f 1100/993/989 1472/1336/1331 1269/1146/1142
f 1101/994/990 1109/1002/998 1277/1149/1145
f 5514/5128/5122 1291/1164/1160 1124/1169/1165
f 5499/1407/1402 1146/1406/1401 1019/5101/5095
f 1321/1190/1186 1320/1189/1185 1549/1413/1408
f 1327/1195/1191 1312/1181/1177 5516/5134/5128
f 1167/5103/5097 1157/1044/1040 1156/1043/1039
f 1177/5105/5099 5517/5136/5130 1167/5103/5097
f 1224/1099/1095 1405/1274/1270 1407/1276/1272
f 5562/5200/5194 1423/1295/1290 938/959/955
f 1910/5253/5246 1437/5119/5113 956/867/865
f 1297/1171/1167 1298/1172/1168 1292/1357/1352
f 1503/1364/1359 1525/1385/1380 1527/1387/1382
f 6101/6037/6024 5544/5174/5168 1310/1397/1392
f 1551/1415/1410 1321/1190/1186 1549/1413/1408
f 1765/1592/1587 1556/1420/1415 1553/1417/1412
f 1553/1417/1412 1556/1420/1415 1554/1418/1413
f 1184/1067/1063 1604/1481/1476 1185/1068/1064
f 1609/1471/1466 1623/5189/5183 5556/5190/5184
f 5555/5188/5182 1632/1678/1673 1641/5243/5236
f 1902/1720/1715 1235/1111/1107 5602/1298/1293
f 1434/5157/5151 1683/1529/1524 1682/1528/1523
f 1484/1346/1341 1721/1563/1558 1485/1347/1342
f 5572/5214/5208 1722/1769/1764 1729/1564/1559
f 1723/1558/1553 1500/1362/1357 1724/1559/1554
f 1740/1574/1569 1728/1575/1570 1744/1580/1575
f 1519/1381/1376 1747/1778/1773 6109/6046/6033
f 1783/1612/1607 1782/1611/1606 1785/1617/1612
f 1571/1613/1608 1987/1795/1790 1784/1614/1609
f 1585/1211/1207 2218/1615/1610 2008/5233/5226
f 1987/1795/1790 1794/5182/5176 1792/1621/1616
f 1834/1658/1653 5594/5241/5234 1848/1672/1667
f 6215/6212/6197 1862/1687/1682 1861/1686/1681
f 6215/6212/6197 1861/1686/1681 1871/1694/1689
f 1911/1729/1724 1443/1313/1308 2123/2100/2095
f 1942/1949/1944 1943/1950/1945 1941/1958/1953
f 1937/1755/1750 1721/1563/1558 1722/1769/1764
f 1969/1782/1777 1546/1410/1405 1558/1595/1590
f 1770/1596/1591 1975/1787/1782 1773/1599/1594
f 1796/1624/1619 1999/1806/1801 1998/1805/1800
f 1829/1656/1651 5622/5288/5281 2029/5236/5229
f 5622/5288/5281 1829/1656/1651 5623/5289/5282
f 2041/5290/5283 2252/2044/2039 5623/5289/5282
f 2035/1837/1832 2252/2044/2039 2041/5290/5283
f 1636/1490/1485 5653/6140/6126 1629/1491/1486
f 1837/1661/1656 5628/5295/5288 5625/5292/5285
f 5625/5292/5285 2050/1852/1847 2043/1845/1840
f 5628/5295/5288 5630/5297/5290 5626/5293/5286
f 2107/1902/1897 5602/1298/1293 2300/5349/5342
f 2153/1952/1947 1948/1768/1763 2343/2122/2117
f 1985/2160/2155 2377/2159/2154 1169/1058/1054
f 2200/1997/1992 2202/1999/1994 2205/2000/1995
f 2203/5328/5321 1980/1792/1787 1574/1438/1433
f 2208/2011/2006 2203/5328/5321 1574/1438/1433
f 1801/1628/1623 2008/5233/5226 2393/2451/2446
f 2230/2024/2019 2227/2034/2029 2228/5332/5325
f 2399/2178/2173 2227/2034/2029 2230/2024/2019
f 2420/5336/5329 2036/1839/1834 2038/5291/5284
f 2279/5307/5300 2438/2372/2367 2440/5341/5334
f 2440/5341/5334 2071/1871/1866 2279/5307/5300
f 5657/5343/5336 2097/5315/5308 1890/5251/5244
f 5662/6144/6130 2123/2100/2095 2312/2099/2094
f 2479/2245/2240 2318/2405/2400 2131/5320/5313
f 5710/5431/5424 2148/1944/1939 5644/5432/5425
f 2344/2124/2119 2337/2117/2112 2343/2122/2117
f 2345/2125/2120 2167/1964/1959 2166/1966/1961
f 2190/2304/2299 2361/2300/2295 1757/1781/1776
f 2398/2177/2172 2227/2034/2029 2399/2178/2173
f 2409/5416/5409 2239/2036/2031 2240/2037/2032
f 5669/5364/5357 2242/5333/5326 2386/2169/2164
f 2414/2193/2188 2416/2195/2190 5677/5372/5365
f 2589/2342/2337 5677/5372/5365 2416/2195/2190
f 2300/5349/5342 2458/2226/2221 2299/2225/2220
f 2304/2094/2089 2463/6058/6045 2636/5387/5380
f 2471/2398/2393 2119/5351/5344 5662/6144/6130
f 2649/2244/2239 2320/2104/2099 2316/2103/2098
f 2481/2247/2242 2477/6066/6053 2479/2245/2240
f 2653/2257/2252 1921/2256/2251 2489/2253/2248
f 2490/2255/2250 2654/2655/2650 2135/1929/1924
f 2381/2165/2160 2382/2166/2161 2566/2575/2570
f 2605/2365/2360 2259/2051/2046 2877/2474/2469
f 2610/2362/2357 2616/2369/2364 2436/2210/2205
f 2302/2091/2086 2634/2509/2504 2301/2092/2087
f 2635/6064/6051 2466/5388/5381 2636/5387/5380
f 5728/5484/5477 2312/2099/2094 2644/2402/2397
f 2323/2106/2101 2492/5355/5348 2787/2522/2517
f 2691/2441/2436 2545/2307/2302 2547/2442/2437
f 2377/2159/2154 2372/2158/2153 2694/2310/2305
f 3032/2729/2724 2710/5413/5406 2853/2730/2725
f 2584/2336/2331 2853/2730/2725 2710/5413/5406
f 2854/2585/2580 2584/2336/2331 2714/2464/2459
f 2753/5458/5451 2755/2497/2492 2757/2496/2491
f 2915/2789/2784 2633/2390/2385 2765/2504/2499
f 2774/2512/2507 2640/2513/2508 2635/6064/6051
f 2946/5428/5421 2787/2522/2517 2492/5355/5348
f 2704/2456/2451 2843/2572/2567 2842/2571/2566
f 5736/6074/6060 2565/2319/2314 2846/2577/2572
f 2882/2609/2604 2877/2474/2469 2878/2607/2602
f 2735/5476/5469 3071/5477/5470 2731/2368/2363
f 3071/5477/5470 2736/2771/2766 2610/2362/2357
f 3120/2816/2811 5740/2815/2810 5709/5425/5418
f 3500/3155/3150 5730/5465/5458 2500/2265/2260
f 2817/2680/2675 2816/5469/5462 5750/5497/5490
f 3144/5502/5494 5734/5496/5489 2538/2298/2293
f 2869/2601/2596 2872/2600/2595 3042/2740/2735
f 2898/2765/2760 3075/5512/5504 3066/5549/5541
f 2898/2765/2760 3066/5549/5541 2895/2766/2761
f 2896/5478/5471 5758/5511/5503 2893/2618/2613
f 2906/2626/2621 3087/2784/2779 5759/5513/5505
f 3103/2800/2795 2930/2647/2642 3104/5518/5510
f 6172/5563/5555 2508/5395/5388 5771/5531/5523
f 2508/5395/5388 6172/5563/5555 2804/5435/5428
f 3136/2833/2828 3330/3007/3002 6168/6153/6139
f 3155/2851/2846 2987/2693/2688 3147/2841/2836
f 3332/3018/3013 3149/2843/2838 3155/2851/2846
f 3206/2900/2895 2838/2568/2563 5776/5583/5575
f 3258/2955/2950 3242/5548/5540 3458/3273/3268
f 5759/5513/5505 3267/2956/2951 3265/2952/2947
f 2907/2627/2622 5759/5513/5505 3265/2952/2947
f 3276/5597/5589 2917/2790/2785 3093/2788/2783
f 3502/3157/3152 5767/5528/5520 3500/3155/3150
f 5771/5531/5523 2959/3000/2995 3321/3001/2996
f 3352/3030/3025 3162/2866/2861 3159/2855/2850
f 3351/3028/3023 3354/3033/3028 5807/5577/5569
f 3185/2877/2872 5809/5579/5571 6125/6079/6065
f 3178/3032/3027 5809/5579/5571 3184/2876/2871
f 3006/2714/2709 3362/3041/3036 3369/3546/3541
f 3366/3046/3041 3374/3050/3045 3367/3047/3042
f 3201/2893/2888 3395/3060/3055 3200/2892/2887
f 3387/3056/3051 3386/3055/3050 3376/3052/3047
f 3430/5638/5629 3235/2933/2928 3429/3096/3091
f 3236/2928/2923 6126/6080/6066 3433/3237/3232
f 3260/3123/3118 3448/3122/3117 3247/6151/6137
f 3264/2951/2946 5786/5554/5546 3631/3281/3276
f 5786/5554/5546 5819/5645/5636 3631/3281/3276
f 6216/6213/6198 3459/3125/3120 3457/3274/3269
f 5787/3277/3272 3265/2952/2947 3460/3126/3121
f 3630/3454/3449 3454/5553/5545 3268/2958/2953
f 3127/2824/2819 3680/3332/3327 5769/5529/5521
f 3422/3091/3086 3583/3404/3399 3223/2919/2914
f 3231/5543/5535 3586/3233/3228 3041/2738/2733
f 3431/3241/3236 3592/3240/3235 3050/2748/2743
f 3440/3109/3104 3618/3264/3259 3456/3124/3119
f 3627/3282/3277 5819/5645/5636 5842/5644/5635
f 3653/3480/3475 3478/3137/3132 3654/3481/3476
f 3305/3747/3742 3123/5526/5518 4121/3748/3743
f 3690/3340/3335 3331/3347/3342 3146/3005/3000
f 3331/3347/3342 3690/3340/3335 3890/3348/3343
f 3720/3538/3533 3379/5581/5573 3727/3539/3534
f 5894/6214/6199 3752/3593/3588 5855/5662/5652
f 5857/5664/5654 6132/6090/6077 6217/6215/6200
f 6217/6215/6200 6134/6092/6079 5855/5662/5652
f 5894/6214/6199 5855/5662/5652 6134/6092/6079
f 4023/3643/3638 5874/5684/5674 6130/6086/6073
f 3822/3708/3703 3819/3453/3448 5879/6208/6193
f 3821/3707/3702 3820/3710/3705 3822/3708/3703
f 3824/5690/5680 3455/3121/3116 3630/3454/3449
f 3825/3456/3451 5820/5596/5588 3831/3460/3455
f 3896/3522/3517 3883/3511/3506 3894/3520/3515
f 5851/6089/6076 3912/3536/3531 3930/3553/3548
f 3908/3532/3527 5889/5757/5747 3915/3540/3535
f 3917/3542/3537 3911/3535/3530 3940/3569/3564
f 3934/3560/3555 3737/3549/3544 3921/3548/3543
f 5894/6214/6199 6133/6091/6078 5893/5709/5699
f 5893/5709/5699 6133/6091/6078 3971/3599/3594
f 3757/3400/3395 3971/3599/3594 6178/6163/6148
f 5895/5711/5701 3985/3611/3606 4011/3873/3868
f 3995/3621/3616 4019/3868/3863 4020/5719/5709
f 6180/6167/6152 4020/5719/5709 6181/6216/6201
f 5910/5729/5719 4073/3698/3693 4074/3699/3694
f 3838/3470/3465 3842/3476/3471 4333/3942/3937
f 4137/3763/3758 3870/3500/3495 3676/3328/3323
f 4133/3760/3755 3511/3166/3161 4378/3990/3985
f 4165/3788/3783 5922/5748/5738 4166/3789/3784
f 5925/5750/5740 5923/5749/5739 4168/3791/3786
f 5924/5751/5741 5925/5750/5740 4168/3791/3786
f 3902/5701/5691 3892/5702/5692 4184/3812/3807
f 4189/3810/3805 4183/3799/3794 4190/3818/3813
f 4189/3810/3805 4190/3818/3813 3909/3533/3528
f 3914/3537/3532 4181/3801/3796 3712/3517/3512
f 4214/6173/6158 3952/3581/3576 3941/3568/3563
f 5933/5761/5751 5934/5762/5752 3958/3588/3583
f 3962/3592/3587 4229/3842/3837 3943/3570/3565
f 4460/4067/4062 4239/3857/3852 4243/3860/3855
f 4244/6095/6082 4247/5768/5758 4248/3878/3873
f 4253/3869/3864 4254/3880/3875 5938/5771/5761
f 5939/5772/5762 4467/4073/4068 5937/5770/5760
f 5943/5775/5765 5945/5776/5766 4266/4081/4076
f 5950/5787/5777 5948/5784/5774 4478/4094/4089
f 3823/3455/3450 4320/5788/5778 3824/5690/5680
f 4347/3956/3951 4736/3957/3952 4517/5842/5830
f 4371/3983/3978 4139/3766/3761 4140/3767/3762
f 5961/5801/5789 4141/3768/3763 5962/5802/5790
f 5965/5805/5793 4397/4009/4004 5964/5804/5792
f 4559/4167/4162 5965/5805/5793 4560/4168/4163
f 4426/4218/4213 4181/3801/3796 4430/3822/3817
f 4435/4042/4037 5929/5756/5746 5998/5863/5851
f 5998/5863/5851 5929/5756/5746 4431/5819/5807
f 4433/4041/4036 4207/3829/3824 4202/3819/3814
f 4462/4069/4064 4465/4070/4065 5976/5826/5814
f 4457/4064/4059 4466/4074/4069 4259/4076/4071
f 4257/3876/3871 4468/4075/4070 4280/3898/3893
f 4266/4081/4076 4470/4078/4073 5941/5773/5763
f 4470/4078/4073 4268/6096/6083 5941/5773/5763
f 4474/4082/4077 4268/6096/6083 4471/4077/4072
f 4477/5830/5818 4478/4094/4089 4311/3927/3922
f 5981/5835/5823 5982/5834/5822 5980/5833/5821
f 5951/5789/5779 5983/5836/5824 5981/5835/5823
f 4683/5837/5825 5952/5790/5780 4496/4284/4279
f 4711/4303/4298 4712/4109/4104 4095/3721/3716
f 4523/4132/4127 4739/4326/4321 5986/5843/5831
f 4551/4159/4154 4554/4162/4157 4565/4173/4168
f 5990/5848/5836 4569/4176/4171 4395/4007/4002
f 4569/4176/4171 5990/5848/5836 5991/5849/5837
f 4397/4009/4004 4559/4167/4162 5990/5848/5836
f 4600/5855/5843 4419/4033/4028 4418/4032/4027
f 5999/5865/5853 4626/4226/4221 4204/3823/3818
f 4657/4252/4247 4652/4251/4246 4455/4063/4058
f 4656/4249/4244 4827/4400/4395 4661/4257/4252
f 4662/5827/5815 4665/4264/4259 4666/4263/4258
f 4477/5830/5818 4673/4271/4266 4675/4413/4408
f 4495/4102/4097 4692/4283/4278 4861/5911/5898
f 4731/4314/4309 6005/6180/6165 4511/4117/4112
f 4593/4201/4196 4767/4345/4340 4599/4205/4200
f 4808/5899/5886 4988/4529/4524 4807/4532/4527
f 6024/5913/5900 4874/5914/5901 4700/4103/4098
f 4723/4310/4305 4727/4463/4458 4912/4462/4457
f 6031/6103/6090 6032/5929/5916 4916/4467/4462
f 4945/4491/4486 4950/4496/4491 4750/4331/4326
f 6038/5937/5924 5100/4627/4622 4756/4337/4332
f 6038/5937/5924 4756/4337/4332 6039/5938/5925
f 4979/4527/4522 4801/4376/4371 4806/4528/4523
f 4987/4523/4518 4988/4529/4524 4808/5899/5886
f 4824/4392/4387 4996/5905/5892 6053/6187/6172
f 6055/6105/6092 5029/4560/4555 4860/4425/4420
f 4864/4426/4421 6055/6105/6092 4860/4425/4420
f 6056/5966/5953 5041/4581/4576 5045/4580/4575
f 5081/4612/4607 4931/4479/4474 4928/4613/4608
f 6034/5931/5918 4929/4477/4472 4934/5932/5919
f 5113/4767/4762 4976/4519/4514 4965/5947/5934
f 5015/4550/4545 5009/4549/4544 5133/4664/4659
f 6062/5982/5969 5136/4663/4658 5240/4773/4768
f 5138/4673/4668 5134/4556/4551 5016/4555/4550
f 5029/4560/4555 5037/4574/4569 5144/4677/4672
f 6065/5986/5973 6064/5984/5971 5073/4605/4600
f 5091/4621/4616 6070/5991/5978 5194/4725/4720
f 5222/4758/4753 5226/4759/4754 5307/4760/4755
f 5136/4663/4658 5130/4665/4660 5237/4768/4763
f 5241/4835/4830 6063/5983/5970 5240/4773/4768
f 5242/4776/4771 5253/5996/5983 5249/4777/4772
f 5274/4803/4798 5279/4805/4800 5275/4807/4802
f 5169/4700/4695 5278/4699/4694 5277/4799/4794
f 6066/5987/5974 5280/5997/5984 6065/5986/5973
f 6074/5998/5985 5282/4809/4804 5283/4810/4805
f 6087/6015/6002 5284/4811/4806 5288/4816/4811
f 5183/4712/4707 5295/4822/4817 5297/6001/5988
f 5196/4731/4726 5302/4736/4731 6079/6003/5990
f 5244/4772/4767 5239/4771/4766 5310/4833/4828
f 5311/6111/6098 5244/4772/4767 5310/4833/4828
f 6083/6110/6097 5248/5995/5982 5245/4834/4829
f 5312/6008/5995 5315/6009/5996 6201/6010/5997
f 6084/6196/6181 5316/4838/4833 5314/4837/4832
f 18/4854/4849 5330/4853/4848 67/4864/4859
f 19/4869/4864 18/4854/4849 68/4866/4861
f 29/24/24 72/20/20 24/22/22
f 33/4857/4852 34/31/31 12/12/12
f 121/46/46 189/168/168 114/4880/4875
f 116/170/170 120/94/94 124/96/96
f 203/99/99 118/98/98 62/52/52
f 6089/6016/6003 6090/169/169 5350/4891/4886
f 6089/6016/6003 178/237/237 275/240/240
f 357/312/312 355/314/314 359/317/317
f 388/249/249 539/4954/4949 286/250/250
f 484/4944/4939 489/6025/6012 492/316/316
f 504/448/448 508/446/446 368/449/449
f 508/446/446 507/445/445 369/4924/4919
f 534/473/473 717/645/645 537/650/650
f 640/562/562 831/749/748 832/750/749
f 1057/1107/1103 761/679/679 937/845/843
f 783/702/702 1085/5073/5067 966/879/877
f 1413/1282/1277 1227/5065/5059 1216/1283/1278
f 1072/971/967 766/687/687 1243/5116/5110
f 1565/1427/1422 5517/5136/5130 1335/1203/1199
f 1394/5148/5142 1391/1261/1257 1638/1493/1488
f 5551/5185/5179 1611/1473/1468 1817/1646/1641
f 1610/1472/1467 5552/5235/5228 1611/1473/1468
f 1388/5147/5141 5554/5187/5181 1387/5146/5140
f 1086/981/977 1923/1739/1734 1459/1322/1317
f 1845/1669/1664 1833/1668/1663 1844/6049/6036
f 2243/2043/2038 2244/2042/2037 2410/2189/2184
f 2029/5236/5229 2243/2043/2038 2021/5287/5280
f 2458/2226/2221 2300/5349/5342 5660/5348/5341
f 5662/6144/6130 2119/5351/5344 1911/1729/1724
f 2537/2549/2544 2179/1976/1971 2536/2550/2545
f 2010/1811/1806 2394/2026/2021 2226/2022/2017
f 2544/2306/2301 2545/2307/2302 2687/2435/2430
f 2265/2350/2345 2424/2357/2352 2597/2351/2346
f 2682/2432/2427 2544/2306/2301 2687/2435/2430
f 2388/2171/2166 5718/5444/5437 2848/2578/2573
f 2579/2331/2326 2391/2173/2168 5721/5447/5440
f 5740/2815/2810 2648/2406/2401 2481/2247/2242
f 2817/2680/2675 2671/2430/2425 2816/5469/5462
f 2538/2298/2293 5734/5496/5489 2524/2299/2294
f 2998/2559/2554 2690/2440/2435 2688/2437/2432
f 2695/2446/2441 2553/2308/2303 3189/3049/3044
f 2881/5509/5501 2876/2606/2601 2722/2476/2471
f 3024/2724/2719 3023/2908/2903 3022/5507/5499
f 5736/6074/6060 2836/2565/2560 2835/2564/2559
f 2889/2757/2752 3236/2928/2923 3052/2754/2749
f 2909/5479/5472 3259/6075/6061 3083/2954/2949
f 3260/3123/3118 2740/5420/5413 2902/5455/5448
f 2953/2663/2658 3127/2824/2819 5769/5529/5521
f 3042/2740/2735 3018/5472/5465 3394/3079/3074
f 2874/2603/2598 3425/3094/3089 3424/3093/3088
f 3269/6158/6144 3271/3283/3278 3270/5515/5507
f 3344/3027/3022 5808/5578/5570 5806/5576/5568
f 6125/6079/6065 5806/5576/5568 5808/5578/5570
f 3212/2907/2902 5777/5539/5531 3401/3067/3062
f 3588/3235/3230 3428/3097/3092 3230/2926/2921
f 3266/2953/2948 3269/6158/6144 3089/5514/5506
f 3276/5597/5589 3644/5598/5590 2917/2790/2785
f 3340/3015/3010 3339/3014/3009 3526/3184/3179
f 3526/3184/3179 3527/3186/3181 3529/3188/3183
f 3610/3256/3251 3618/3264/3259 3440/3109/3104
f 3680/3332/3327 5825/5607/5599 3678/3330/3325
f 6218/6217/6202 3708/3362/3357 3702/3356/3351
f 3614/3260/3255 3799/5735/5725 5917/5737/5727
f 3799/5735/5725 3614/3260/3255 3811/5643/5634
f 4147/3774/3769 5845/5651/5642 5829/5612/5604
f 3884/3512/3507 3883/3511/3506 3896/3522/3517
f 4192/3814/3809 3718/3368/3363 3905/3529/3524
f 5894/6214/6199 5893/5709/5699 3752/3593/3588
f 6217/6215/6200 6132/6090/6077 6134/6092/6079
f 6132/6090/6077 6178/6163/6148 6133/6091/6078
f 6134/6092/6079 6133/6091/6078 5894/6214/6199
f 3985/3611/3606 4022/3644/3639 4011/3873/3868
f 5878/5688/5678 4073/3698/3693 5910/5729/5719
f 3938/3565/3560 4213/3835/3830 3939/3566/3561
f 3962/3592/3587 4237/3845/3840 4229/3842/3837
f 4253/3869/3864 3995/3621/3616 4244/6095/6082
f 4358/5744/5734 4371/3983/3978 4140/3767/3762
f 4590/4198/4193 4411/4028/4023 4161/3784/3779
f 4547/4155/4150 4539/4146/4141 6010/5884/5872
f 4429/4038/4033 4424/5817/5805 4423/5816/5804
f 4468/4075/4070 4469/4258/4253 4664/4261/4256
f 4688/4280/4275 4494/4101/4096 6219/6218/6203
f 4494/4101/4096 6140/6179/6164 6219/6218/6203
f 4820/4393/4388 4818/4388/4383 4821/4391/4386
f 4950/4496/4491 4759/4340/4335 4750/4331/4326
f 6214/6210/6195 6015/5891/5878 6061/5979/5966
f 4835/5907/5894 5000/5957/5944 5008/5962/5949
f 4867/4575/4570 6055/6105/6092 4864/4426/4421
f 5229/4763/4758 5231/4765/4760 5230/4764/4759
f 5280/5997/5984 5275/4807/4802 5279/4805/4800
f 6082/6004/5991 5300/4824/4819 5298/4829/4824
f 5245/4834/4829 5244/4772/4767 6083/6110/6097
f 5246/4774/4769 5313/4836/4831 5255/4783/4778
f 6143/4852/4847 15/49/49 5330/4853/4848
f 21/16/16 16/15/15 6088/4851/4846
f 14/4865/4860 6143/4852/4847 6088/4851/4846
f 25/4855/4850 27/4/4 23/59/59
f 40/32/32 53/43/43 45/33/33
f 127/4881/4876 64/51/51 129/185/185
f 133/105/105 74/58/58 132/186/186
f 278/4892/4887 191/166/166 6090/169/169
f 191/166/166 283/246/246 192/164/164
f 284/247/247 116/170/170 192/164/164
f 182/157/157 195/93/93 194/171/171
f 182/157/157 189/168/168 195/93/93
f 269/235/235 260/325/325 264/4902/4897
f 262/4901/4896 269/235/235 272/156/156
f 276/241/241 181/245/245 279/239/239
f 366/319/319 371/322/322 370/324/324
f 391/340/340 287/252/252 395/343/343
f 351/310/310 352/309/309 461/4941/4936
f 5385/6113/6100 474/425/425 5384/6022/6009
f 5384/6022/6009 356/313/313 476/422/422
f 472/4943/4938 483/6023/6010 358/315/315
f 476/422/422 482/6024/6011 488/423/423
f 480/429/429 479/428/428 483/6023/6010
f 5387/4947/4942 499/439/439 6092/4948/4943
f 5387/4947/4942 357/312/312 499/439/439
f 6144/6114/6101 506/443/443 6145/6115/6102
f 498/437/437 6145/6115/6102 502/440/440
f 506/443/443 509/447/447 6145/6115/6102
f 502/440/440 515/4951/4946 512/451/451
f 6145/6115/6102 509/447/447 515/4951/4946
f 515/4951/4946 516/455/455 513/452/452
f 619/543/543 625/550/550 627/552/552
f 849/765/763 6151/6124/766 6220/6219/6204
f 673/599/599 672/598/598 679/605/605
f 5480/5078/5072 838/756/755 837/755/754
f 6221/6220/6205 5480/5078/5072 837/755/754
f 848/764/762 6151/6124/766 849/765/763
f 6222/6221/6206 5450/5031/5026 802/721/721
f 1007/912/910 1002/907/905 1008/913/911
f 5491/5120/5114 1078/6222/6207 962/872/870
f 965/878/876 1085/5073/5067 1084/5072/5066
f 990/898/896 1101/994/990 1106/999/995
f 6098/6032/6019 5514/5128/5122 1003/908/906
f 5514/5128/5122 6098/6032/6019 5513/5127/5121
f 1193/1242/1238 5502/5109/5103 1197/1078/1074
f 1206/5108/5102 5504/5110/5104 1218/1093/1089
f 5504/5110/5104 1206/5108/5102 6099/6036/6023
f 5533/5155/5149 935/5066/5060 1421/1292/1287
f 1245/974/970 1070/969/965 1244/5159/5153
f 1663/5199/5193 1228/1102/1098 1229/1103/1099
f 5532/1516/1511 935/5066/5060 5533/5155/5149
f 1670/1294/1289 5533/5155/5149 1421/1292/1287
f 1692/5256/5249 1250/1118/1114 1445/5161/5155
f 1692/5256/5249 1691/1537/1532 1451/1321/1316
f 5552/5235/5228 1610/1472/1467 1612/1475/1470
f 1610/1472/1467 5556/5190/5184 1620/1482/1477
f 1453/1538/1533 2487/2250/2245 5492/5094/5088
f 1454/5123/5117 5492/5094/5088 2487/2250/2245
f 5596/5244/5237 6112/6050/6037 1869/1692/1687
f 1848/1672/1667 5594/5241/5234 2048/1850/1845
f 1664/1513/1508 1420/1290/1285 1652/1881/1876
f 5566/5207/5201 1917/1736/1731 1449/1318/1313
f 1454/5123/5117 1921/2256/2251 1455/5124/5118
f 2164/5217/5211 1941/1958/1953 1944/1139/1135
f 2008/5233/5226 2218/1615/1610 2393/2451/2446
f 5653/6140/6126 2039/2049/2044 1629/1491/1486
f 2033/1835/1830 5625/5292/5285 2043/1845/1840
f 2102/5316/5309 1891/5202/5196 1669/1518/1513
f 2300/5349/5342 5602/1298/1293 1674/1520/1515
f 1694/1923/1918 2132/1925/1920 5566/5207/5201
f 2487/2250/2245 2489/2253/2248 1454/5123/5117
f 2148/1944/1939 1706/1546/1541 5644/5432/5425
f 5622/5288/5281 2252/2044/2039 2243/2043/2038
f 5657/5343/5336 1890/5251/5244 2291/2084/2079
f 2296/5345/5338 2098/5314/5307 1424/1296/1291
f 5660/5348/5341 2101/5252/5245 2102/5316/5309
f 2331/2111/2106 2148/1944/1939 5710/5431/5424
f 5644/5432/5425 1930/1753/1748 2150/1946/1941
f 2337/2117/2112 2153/1952/1947 2343/2122/2117
f 5666/5360/5353 1995/1802/1797 5650/5363/5356
f 2225/2021/2016 5704/5415/5408 5651/5331/5324
f 5688/5386/5379 5658/5344/5337 5657/5343/5336
f 6163/6146/6132 5660/5348/5341 2102/5316/5309
f 1921/2256/2251 2490/2255/2250 2135/1929/1924
f 5644/5432/5425 2150/1946/1941 2800/2531/2526
f 2523/2295/2290 6162/6145/6131 2347/2128/2123
f 2528/2288/2283 2359/2141/2136 2356/2138/2133
f 2685/2436/2431 2360/2148/2143 2540/5359/5352
f 5668/5362/5355 2387/2170/2165 2571/2323/2318
f 6164/2356/2351 2264/2059/2054 5652/5335/5328
f 2877/2474/2469 2259/2051/2046 2257/2052/2047
f 6165/6147/6133 5658/5344/5337 5688/5386/5379
f 2757/2496/2491 6163/6146/6132 5658/5344/5337
f 2757/2496/2491 2759/2498/2493 6163/6146/6132
f 6163/6146/6132 2759/2498/2493 2458/2226/2221
f 2471/2398/2393 5662/6144/6130 5728/5484/5477
f 2649/2244/2239 2316/2103/2098 2650/2407/2402
f 2322/5321/5314 2491/5427/5420 2946/5428/5421
f 2332/2112/2107 5711/5434/5427 5731/5433/5426
f 2703/2455/2450 2570/2322/2317 5719/5445/5438
f 2571/2323/2318 2388/2171/2166 2848/2578/2573
f 2872/2600/2595 5669/5364/5357 2385/2168/2163
f 2871/2599/2594 5679/5374/5367 5669/5364/5357
f 2596/2468/2463 5724/5452/5445 5680/5375/5368
f 5680/5375/5368 5724/5452/5445 6164/2356/2351
f 2746/6148/6134 6165/6147/6133 2448/2215/2210
f 2752/2495/2490 2096/2087/2082 2296/5345/5338
f 2643/2399/2394 2471/2398/2393 5728/5484/5477
f 5709/5425/5418 2482/2249/2244 2784/5462/5455
f 2491/5427/5420 2945/5560/5552 2946/5428/5421
f 5695/5400/5393 5713/6078/6064 1955/1957/1952
f 2672/5437/5430 2810/2670/2665 2520/2284/2279
f 2965/2669/2664 2520/2284/2279 2810/2670/2665
f 3008/2880/2875 3010/2879/2874 2551/2309/2304
f 5720/5446/5439 2579/2331/2326 5721/5447/5440
f 2596/2468/2463 3048/2746/2741 5724/5452/5445
f 2909/5479/5472 2746/6148/6134 2620/2379/2374
f 2909/5479/5472 2754/5457/5450 2746/6148/6134
f 2930/2647/2642 5728/5484/5477 3104/5518/5510
f 2962/2831/2826 2961/2830/2825 2524/2299/2294
f 2817/2680/2675 3137/2835/2830 2973/2681/2676
f 3024/2724/2719 3022/5507/5499 2845/2574/2569
f 3016/2720/2715 5736/6074/6060 3025/2910/2905
f 5736/6074/6060 2846/2577/2572 3025/2910/2905
f 3055/3099/3094 2730/2479/2474 2727/2480/2475
f 3071/5477/5470 3070/2770/2765 2736/2771/2766
f 2730/2479/2474 3259/6075/6061 2909/5479/5472
f 3247/6151/6137 2891/5475/5468 2740/5420/5413
f 3102/2799/2794 3101/5516/5508 2929/2646/2641
f 3105/3144/3139 3103/2800/2795 3104/5518/5510
f 5744/5562/5554 2954/2534/2529 5731/5433/5426
f 5772/5533/5525 6169/6154/6140 2821/5470/5463
f 6169/6154/6140 2975/2848/2843 2821/5470/5463
f 3147/2841/2836 3164/2858/2853 3169/2863/2858
f 3155/2851/2846 3169/2863/2858 3156/2852/2847
f 3185/2877/2872 3192/2885/2880 3186/2878/2873
f 3184/2876/2871 3186/2878/2873 3196/2887/2882
f 3413/3084/3079 5721/5447/5440 5757/5508/5500
f 3425/3094/3089 2874/2603/2598 5781/5545/5537
f 3269/6158/6144 3270/5515/5507 3089/5514/5506
f 6172/5563/5555 5744/5562/5554 2804/5435/5428
f 5798/5568/5560 5748/5495/5488 5747/5494/5487
f 3345/3020/3015 5806/5576/5568 5809/5579/5571
f 5809/5579/5571 3185/2877/2872 3184/2876/2871
f 3375/3051/3046 3385/3054/3049 6173/6157/6143
f 3212/2907/2902 3401/3067/3062 3220/2915/2910
f 3255/3118/3113 3453/3120/3115 3249/2940/2935
f 3635/3284/3279 3271/3283/3278 3634/3459/3454
f 3269/6158/6144 3634/3459/3454 3271/3283/3278
f 3283/2972/2967 3470/5599/5591 3479/3138/3133
f 3291/3142/3137 3474/3133/3128 3483/3136/3131
f 3121/2817/2812 6174/6159/6145 2786/2521/2516
f 6175/6160/6146 3326/3178/3173 5748/5495/5488
f 3691/3341/3336 3524/3183/3178 3342/3017/3012
f 3526/3184/3179 3529/3188/3183 3521/5615/5607
f 5837/5628/5619 3545/5622/5613 6223/6223/6208
f 3357/3036/3031 3541/3196/3191 3355/3034/3029
f 3229/2925/2920 3586/3233/3228 3585/3232/3227
f 3611/3257/3252 3805/3442/3437 3453/3120/3115
f 3633/3449/3444 5787/3277/3272 3460/3126/3121
f 3825/3456/3451 3268/2958/2953 3090/2785/2780
f 3825/3456/3451 3090/2785/2780 5820/5596/5588
f 6174/6159/6145 5955/5795/5785 3122/2818/2813
f 5771/5531/5523 3321/3001/2996 3877/3505/3500
f 3513/3168/3163 3323/3003/2998 5846/5652/5643
f 3873/5747/5737 5798/5568/5560 5795/5565/5557
f 6176/6161/3336 3901/3527/3522 6213/6209/6194
f 6218/6217/6202 3702/3356/3351 5849/5656/5646
f 3728/3377/3372 3732/3382/3377 3731/3381/3376
f 3831/3460/3455 4085/3713/3708 3825/3456/3451
f 4122/3749/3744 4516/6099/6086 3306/5487/5480
f 3121/2817/2812 3306/5487/5480 4516/6099/6086
f 5955/5795/5785 4123/3751/3746 3859/3750/3745
f 4133/3760/3755 3505/3160/3155 3512/3167/3162
f 4147/3774/3769 3513/3168/3163 4146/3773/3768
f 4157/3781/3776 6175/6160/6146 5798/5568/5560
f 5925/5750/5740 3894/3520/3515 3883/3511/3506
f 3897/3523/3518 5925/5750/5740 3885/3513/3508
f 6137/6094/6081 4175/3798/3793 3692/3342/3337
f 3898/3524/3519 6224/6224/5689 6213/6209/6194
f 3893/3518/3513 5892/5707/5697 5888/5704/5694
f 5887/5703/5693 5851/6089/6076 5892/5707/5697
f 3911/3535/3530 3910/3534/3529 5888/5704/5694
f 5851/6089/6076 3930/3553/3548 3928/3555/3550
f 3983/5710/5700 5893/5709/5699 3971/3599/3594
f 3757/3400/3395 6178/6163/6148 5857/5664/5654
f 6132/6090/6077 5857/5664/5654 6178/6163/6148
f 3983/5710/5700 4002/3633/3628 3984/3628/3623
f 3971/3599/3594 5895/5711/5701 4002/3633/3628
f 3787/3430/3425 5872/5682/5672 4030/3652/3647
f 4020/5719/5709 5905/5724/5714 6181/6216/6201
f 6136/6093/6080 6182/6168/6153 4072/3696/3691
f 4516/6099/6086 4518/4126/4121 6174/6159/6145
f 4159/3174/3169 4378/3990/3985 3516/3172/3167
f 3941/3568/3563 4227/3855/3850 4214/6173/6158
f 3953/3582/3577 3952/3581/3576 5935/5766/5756
f 3952/3581/3576 6187/5769/5759 5935/5766/5756
f 4214/6173/6158 4227/3855/3850 6187/5769/5759
f 4212/3832/3827 4226/3853/3848 4227/3855/3850
f 4010/3634/3629 4256/3874/3869 6188/6174/6159
f 5937/5770/5760 4269/3890/3885 5939/5772/5762
f 6188/6174/6159 4271/3888/3883 4269/3890/3885
f 4254/3880/3875 5945/5776/5766 4273/3892/3887
f 5945/5776/5766 4254/3880/3875 4266/4081/4076
f 4109/3485/3480 4343/4121/4116 4108/3734/3729
f 4347/3956/3951 4517/5842/5830 4516/6099/6086
f 6191/6178/6163 4150/3777/3772 5966/5806/5794
f 4551/4159/4154 4565/4173/4168 5992/5851/5839
f 4559/4167/4162 4581/5850/5838 5991/5849/5837
f 5989/5847/5835 4580/4190/4185 4581/5850/5838
f 4569/4176/4171 4595/5854/5842 5994/5853/5841
f 5991/5849/5837 4594/4202/4197 4595/5854/5842
f 4591/4199/4194 4419/4033/4028 4600/5855/5843
f 4197/5815/5803 4422/4213/4208 4423/5816/5804
f 4761/4346/4341 4774/4352/4347 4767/4345/4340
f 4813/4535/4530 4817/5900/5887 4812/4387/4382
f 4812/4387/4382 4655/4255/4250 4818/4388/4383
f 4821/4391/4386 6020/5904/5891 4828/5903/5890
f 4827/4400/4395 4832/4395/4390 4834/4401/4396
f 4668/4266/4261 4834/4401/4396 4837/4402/4397
f 4986/5948/5935 4984/6104/6091 4989/5949/5936
f 5128/4661/4656 4992/4533/4528 6047/5950/5937
f 4983/5981/5968 5128/4661/4656 6047/5950/5937
f 4983/5981/5968 6047/5950/5937 6192/6181/6166
f 4984/6104/6091 6192/6181/6166 6193/6183/6168
f 4984/6104/6091 6193/6183/6168 4990/4530/4525
f 6047/5950/5937 6048/5951/5938 6192/6181/6166
f 6192/6181/6166 6049/6182/6167 6194/5952/5939
f 4991/4531/4526 6194/5952/5939 6050/5953/5940
f 6049/6182/6167 4994/5901/5888 6051/6184/6169
f 4994/5901/5888 4995/4536/4531 6051/6184/6169
f 6051/6184/6169 4995/4536/4531 6195/6185/6170
f 4815/4383/4378 6050/5953/5940 6052/6186/6171
f 6195/6185/6170 6053/6187/6172 6052/6186/6171
f 6053/6187/6172 6196/6188/6173 6052/6186/6171
f 4996/5905/5892 4998/5955/5942 6196/6188/6173
f 6052/6186/6171 6197/5958/5945 6054/5956/5943
f 6196/6188/6173 6198/6189/6174 6197/5958/5945
f 4998/5955/5942 5002/4541/4536 6198/6189/6174
f 6198/6189/6174 5002/4541/4536 5004/4540/4535
f 6198/6189/6174 5004/4540/4535 5006/5960/5947
f 6198/6189/6174 5006/5960/5947 6197/5958/5945
f 6054/5956/5943 5007/4545/4540 4999/4538/4533
f 5000/5957/5944 4839/4405/4400 5008/5962/5949
f 5001/4539/4534 5014/4544/4539 5018/4551/4546
f 5029/4560/4555 6055/6105/6092 5037/4574/4569
f 5082/4614/4609 5081/4612/4607 6142/6109/6096
f 5235/4657/4652 4976/4519/4514 5113/4767/4762
f 5233/4654/4649 5123/4653/4648 5127/5980/5967
f 5123/4653/4648 4983/5981/5968 5127/5980/5967
f 5015/4550/4545 5133/4664/4659 5136/4663/4658
f 5015/4550/4545 5136/4663/4658 6062/5982/5969
f 5010/4543/4538 6062/5982/5969 6063/5983/5970
f 5011/5961/5948 6063/5983/5970 5131/4666/4661
f 5214/4747/4742 5216/4742/4737 5224/4756/4751
f 5130/4665/4660 5135/4669/4664 5237/4768/4763
f 5242/4776/4771 5142/6108/6095 5137/4671/4666
f 5137/4671/4666 5146/4676/4671 5253/5996/5983
f 5288/4816/4811 5297/6001/5988 5296/4827/4822
f 6079/6003/5990 6081/6005/5992 6080/4828/4823
f 6080/4828/4823 5308/6007/5994 5309/4832/4827
f 5298/4829/4824 5309/4832/4827 6082/6004/5991
f 5310/4833/4828 5250/4778/4773 6199/6190/6175
f 5311/6111/6098 6199/6190/6175 6200/6191/6176
f 5248/5995/5982 6200/6191/6176 5313/4836/4831
f 5250/4778/4773 6201/6010/5997 6202/6192/6177
f 6199/6190/6175 6202/6192/6177 6203/6193/6178
f 6200/6191/6176 6203/6193/6178 6204/6194/6179
f 6200/6191/6176 6204/6194/6179 5313/4836/4831
f 6204/6194/6179 6205/6195/6180 6084/6196/6181
f 5313/4836/4831 6084/6196/6181 5314/4837/4832
f 6201/6010/5997 5260/4788/4783 5317/4840/4835
f 6201/6010/5997 5317/4840/4835 6206/6197/6182
f 6203/6193/6178 6206/6197/6182 6207/6198/6183
f 6205/6195/6180 6207/6198/6183 6084/6196/6181
f 6207/6198/6183 6086/6199/6184 5319/6011/5998
f 6084/6196/6181 5319/6011/5998 5316/4838/4833
f 6206/6197/6182 5320/4841/4836 6085/6012/5999
f 6206/6197/6182 6085/6012/5999 6086/6199/6184
f 5316/4838/4833 5319/6011/5998 5318/4842/4837
f 6086/6199/6184 6085/6012/5999 5322/6014/6001
f 5319/6011/5998 5322/6014/6001 5321/4843/4838
f 6087/6015/6002 5329/4849/4844 5326/4846/4841
