# Blender 5.2.1 LTS
# www.blender.org
mtllib duke_fishron.mtl
o Object_7
v 0.051243 1.311895 -6.734516
v 0.051308 1.193732 -6.736986
v 0.184155 0.752837 3.068073
v 0.170781 0.340080 3.100235
v 0.141475 1.226041 -5.714652
v 0.177981 1.056638 -4.951209
v 0.165083 0.784021 -4.085730
v 0.193586 0.544097 -3.172379
v 0.297453 0.603408 -2.291569
v 0.414422 0.925596 -1.241673
v 0.516123 1.103694 -0.415054
v 0.596010 1.246825 0.423562
v 0.519548 0.985948 1.444272
v 0.350291 0.881888 2.317410
v 0.365462 0.356398 2.274711
v 0.416964 0.246846 1.403010
v 0.575937 0.292802 0.428495
v 0.516123 0.465007 -0.415053
v 0.448878 0.324248 -1.289656
v 0.448878 0.324248 -1.289656
v 0.297453 0.232972 -2.291569
v 0.193586 0.263581 -3.172379
v 0.165284 0.565940 -4.086453
v 0.178879 0.913631 -4.954782
v 0.141988 1.104259 -5.725667
v 0.268596 0.738076 2.764263
v 0.268596 0.328670 2.791893
v 0.413648 0.983158 1.871114
v 0.337011 0.200435 1.855322
v 0.576106 1.165998 0.980579
v 0.576106 1.165998 0.980579
v 0.576106 1.165998 0.980579
v 0.510972 0.260693 0.940133
v 0.000000 1.165250 -6.804008
v 0.000000 0.766635 3.099892
v 0.000000 0.314402 3.152216
v 0.000000 1.344130 -6.804698
v 0.000000 0.460188 -3.973603
v 0.000000 0.193452 -3.172380
v 0.000000 0.142007 -2.298965
v 0.000000 0.232659 -1.231506
v 0.000000 0.216463 -0.427485
v -0.000000 0.069187 0.411117
v 0.000000 -0.009930 1.402328
v 0.000000 0.241122 2.317411
v 0.000000 1.882699 -5.859372
v 0.088724 1.812453 -5.668482
v 0.000000 0.805227 -3.970446
v 0.000000 0.614226 -3.172380
v 0.000000 0.697662 -2.298966
v 0.000000 1.036439 -1.231507
v 0.000000 1.285283 -0.427485
v -0.000000 1.334774 0.411116
v -0.000000 1.165639 1.402328
v 0.000000 0.996504 2.317411
v 0.000000 0.241836 2.763264
v 0.000000 0.829506 2.763768
v 0.000000 1.082199 1.859928
v 0.000000 0.119510 1.859927
v -0.000000 1.250271 0.944497
v 0.000000 -0.037367 0.944497
v 0.469884 0.545105 1.888885
v 0.521699 0.716371 1.694757
v 0.769350 0.430103 0.425875
v 0.756548 0.256471 0.415281
v 0.781953 0.227341 0.125167
v 0.792271 0.300391 0.138002
v 0.757578 0.206007 0.629650
v 0.774470 0.284689 0.633128
v 1.677041 -0.911361 -0.491107
v 1.674787 -0.996568 -0.497624
v 1.665787 -0.954685 -0.684516
v 1.666219 -0.895528 -0.670373
v 1.605929 -0.897960 -0.238593
v 1.616572 -0.839381 -0.234318
v 1.404753 -0.632730 0.132312
v 1.394404 -0.738814 -0.187257
v 1.445084 -0.652174 -0.175600
v 1.361175 -0.686919 0.125172
v 1.444017 -0.648558 -0.457196
v 1.417854 -0.703103 -0.481201
v 1.084826 -0.248061 0.143361
v 0.999980 -0.320131 0.438215
v 1.095993 -0.336396 -0.343522
v 1.045024 -0.310095 -0.216642
v 1.046482 -0.251819 0.444713
v 1.028863 -0.351718 0.132727
v 0.368557 0.793585 -1.653750
v 0.407454 0.256695 -1.656157
v 0.407454 0.256695 -1.656157
v 0.000000 0.885168 -1.661147
v 0.000000 0.236825 -1.661146
v 0.473517 0.438495 -1.607240
v 0.473517 0.438495 -1.607240
v 0.503675 0.488981 -1.370788
v 0.503675 0.488981 -1.370788
v 0.589707 0.115020 -1.747701
v 0.724863 -0.056718 -2.069257
v 0.869118 -0.228457 -2.408866
v 0.999375 -0.339671 -2.659372
v 0.992537 -0.316041 -2.381129
v 0.881841 -0.196447 -1.952451
v 0.744866 -0.024708 -1.737341
v 0.609710 0.147030 -1.555270
v 0.992537 -0.236402 -2.381129
v 0.881841 -0.090765 -1.952451
v 0.744866 0.080973 -1.737341
v 0.609710 0.252712 -1.555270
v 0.589707 0.223729 -1.747701
v 0.724863 0.051990 -2.069257
v 0.869118 -0.119748 -2.408866
v 0.999375 -0.258517 -2.659372
v 0.692105 1.240476 0.769652
v 0.692105 1.240476 0.769652
v 0.687518 0.975380 0.893996
v 0.687518 0.975380 0.893996
v 0.722994 1.081534 0.566682
v 0.722994 1.081534 0.566682
v 0.718310 0.957282 0.684435
v 0.718310 0.957282 0.684435
v 4.243201 1.592517 0.456212
v 0.893568 1.225745 0.939636
v 0.910317 1.216572 0.791961
v 0.891001 1.007028 0.907707
v 1.168489 1.249420 0.888741
v 1.479852 1.286481 0.847918
v 1.791214 1.323544 0.804212
v 2.102576 1.360606 0.764808
v 2.725301 1.434730 0.691317
v 3.036663 1.471792 0.644973
v 3.348025 1.508854 0.617035
v 3.659387 1.545916 0.573304
v 3.944802 1.579890 0.528833
v 1.165922 1.042515 0.914656
v 1.477284 1.079577 0.893185
v 1.788647 1.116640 0.857305
v 2.102146 1.153929 0.790207
v 2.720713 1.227558 0.720315
v 3.036126 1.265242 0.670467
v 3.346112 1.300184 0.585472
v 3.655614 1.338981 0.596319
v 3.942234 1.372986 0.563764
v 3.961551 1.579577 0.445018
v 3.674373 1.545557 0.477746
v 3.364827 1.511389 0.466377
v 3.054959 1.471826 0.552323
v 2.739575 1.434132 0.601412
v 2.121029 1.360505 0.671621
v 1.807962 1.323231 0.738558
v 1.496601 1.286168 0.774440
v 1.185239 1.249106 0.795910
v 0.759100 1.009391 0.591933
v 0.906386 1.066735 0.716791
v 1.180318 1.102223 0.726832
v 1.489433 1.139285 0.700932
v 1.797937 1.176346 0.657224
v 2.100645 1.212850 0.574971
v 2.726418 1.288123 0.467476
v 3.029290 1.324093 0.402998
v 3.678143 1.400023 0.324681
v 3.995384 1.432693 0.291601
v 0.728085 1.073578 0.518988
v 0.728085 1.073578 0.518988
v 0.912336 1.168535 0.677370
v 1.186268 1.204022 0.687411
v 1.495383 1.241084 0.661511
v 1.804029 1.278147 0.617799
v 2.104592 1.314376 0.536794
v 2.730298 1.389633 0.427421
v 3.033150 1.425594 0.365451
v 3.681564 1.501472 0.284561
v 4.002187 1.534493 0.252154
v 3.468222 1.383768 0.218178
v 3.229606 1.456812 0.206629
v 3.354056 1.486535 0.254348
v 3.461543 1.484420 0.177743
v 3.234539 1.355952 0.236766
v 3.349628 1.343663 0.302685
v 2.511796 1.269017 0.404928
v 2.298639 1.344721 0.403640
v 2.505940 1.369846 0.363186
v 2.303482 1.243832 0.437943
v 4.174675 1.448597 0.172272
v 4.182733 1.563917 0.126888
v 4.584535 1.729455 -1.184716
v 4.568944 1.533017 -1.103708
v 0.955209 1.263907 0.225611
v 0.958319 1.214067 0.243812
v 1.219247 1.299394 0.151965
v 1.222357 1.249554 0.170167
v 1.505887 1.336457 0.033390
v 1.508996 1.286616 0.051591
v 1.767206 1.373519 -0.097955
v 1.769320 1.323678 -0.079724
v 1.944568 1.409077 -0.249103
v 1.945537 1.359497 -0.232585
v 2.492196 1.485651 -0.732344
v 2.492877 1.436084 -0.714396
v 2.789107 1.520117 -0.993589
v 2.788705 1.470569 -0.976506
v 3.078695 1.576796 -1.313280
v 3.079213 1.516662 -1.292651
v 3.535170 1.597475 -1.115178
v 3.535132 1.547970 -1.095949
v 4.185093 1.629865 -1.149437
v 4.182232 1.580024 -1.131056
v 3.204789 1.517087 -1.171278
v 3.019847 1.495073 -1.158665
v 2.244945 1.402403 -0.528723
v 2.108394 1.383655 -0.430400
v 0.853198 1.191981 0.289520
v 4.457386 1.591288 -1.236289
v 0.851079 1.229362 0.275862
v 3.117874 1.597414 -1.159433
v 3.196015 1.581274 -1.198254
v 3.012733 1.559457 -1.175858
v 2.228843 1.466811 -0.551241
v 2.095656 1.448120 -0.446577
v 4.462456 1.667574 -1.265794
v 3.116092 1.475587 -1.120848
v 3.659214 1.475273 -0.393988
v 3.379757 1.530786 -0.459068
v 4.382328 1.613345 -0.514187
v 3.659271 1.549530 -0.422831
v 4.166653 1.582004 -0.456879
v 4.375524 1.511545 -0.474740
v 4.162362 1.507244 -0.429307
v 2.948621 1.472183 -0.323612
v 3.167675 1.505541 -0.431820
v 2.050531 1.361152 0.121888
v 2.239528 1.393806 -0.005064
v 0.800574 1.124672 0.405166
v 4.543414 1.683115 -0.559036
v 0.933428 1.141286 0.470696
v 0.800158 1.162329 0.391356
v 1.202413 1.176772 0.438895
v 0.932602 1.216046 0.443278
v 1.500290 1.213835 0.366657
v 1.201587 1.251534 0.411477
v 3.276383 1.411865 -0.416690
v 3.176830 1.418629 -0.408665
v 2.050928 1.286781 0.147229
v 1.790526 1.250897 0.276081
v 2.410406 1.415948 -0.086131
v 1.499464 1.288596 0.339238
v 1.790553 1.325658 0.248638
v 2.251794 1.306806 0.019796
v 3.391093 1.444134 -0.423041
v 2.948020 1.397862 -0.297987
v 4.526567 1.473157 -0.472090
v 2.649824 1.437723 -0.175326
v 2.425358 1.329022 -0.052403
v 2.650040 1.363371 -0.147742
v 3.278015 1.541314 -0.457073
v 0.116899 1.175213 -5.041812
v 0.000000 1.391040 -6.149059
v 0.097875 1.347886 -5.636223
v 0.000000 1.052347 -4.442414
v 0.093796 1.109538 -4.725762
v 0.000000 2.247587 -5.741093
v 0.000000 1.754420 -5.249155
v 0.000000 2.391840 -5.871027
v 0.091586 1.745386 -5.278848
v 0.074922 2.175465 -5.722557
v 0.099380 1.423120 -4.932662
v 0.107359 1.491913 -5.191152
v 0.104114 1.281018 -4.856772
v 0.121791 0.857262 -5.045984
v 0.000000 1.028826 -5.958534
v 0.100501 0.988285 -5.640388
v 0.000000 0.575883 -4.296598
v 0.094091 0.714778 -4.693336
v 0.077591 0.169930 -5.714688
v 0.000000 0.075330 -5.748390
v 0.095745 0.287739 -5.269631
v 0.000000 0.239723 -5.231170
v 0.000000 -0.016559 -5.991758
v 0.101603 0.385689 -4.990723
v 0.000000 0.574298 -5.820497
v 0.091894 0.593334 -5.635026
v 0.000000 0.477089 -4.547933
v 0.097059 0.552507 -4.825184
v 0.113349 0.596631 -5.183017
v 0.029408 1.318843 -7.432046
v 0.029408 1.218781 -7.432046
v 0.000000 1.193766 -7.432046
v 0.000000 1.343858 -7.432046
v 0.023897 1.299511 -7.733871
v 0.023897 1.238113 -7.733871
v 0.000000 1.229123 -7.761426
v 0.000000 1.308501 -7.761426
v 0.057850 1.253470 -6.739406
v 0.193200 0.653349 3.096510
v 0.224069 0.710787 2.958220
v 0.111035 0.318999 3.147463
v 0.031339 1.337177 -6.739656
v 0.171195 1.154186 -5.316737
v 0.169454 0.929656 -4.535006
v 0.169998 0.638714 -3.629660
v 0.241814 0.541450 -2.719168
v 0.388218 0.863493 -1.462254
v 0.459112 1.013020 -0.891150
v 0.564906 1.146392 0.069405
v 0.541211 1.055575 1.171809
v 0.381093 0.931204 2.090067
v 0.313588 0.362229 2.566284
v 0.368316 0.219317 1.638415
v 0.554268 0.278654 0.698047
v 0.562397 0.393269 0.069376
v 0.462804 0.440083 -0.895420
v 0.344979 0.269518 -1.922797
v 0.241814 0.217140 -2.719167
v 0.170023 0.389968 -3.629752
v 0.170044 0.751284 -4.536991
v 0.172016 1.028226 -5.324967
v 0.151026 1.165806 -5.723813
v 0.193843 0.985462 -4.953937
v 0.189570 0.675308 -4.087033
v 0.222624 0.403839 -3.172380
v 0.343051 0.416135 -2.282324
v 0.511317 0.439203 -1.271142
v 0.511317 0.439203 -1.271142
v 0.511317 0.439203 -1.271142
v 0.594127 0.756954 -0.399514
v 0.692936 0.434615 0.448843
v 0.692936 0.434615 0.448843
v 0.531392 0.606617 1.404495
v 0.405966 0.645433 2.313492
v 0.117489 1.262566 -5.691169
v 0.117489 1.262566 -5.691169
v 0.140278 1.098934 -4.964244
v 0.140278 1.098934 -4.964244
v 0.095440 0.825581 -4.064426
v 0.111312 0.605460 -3.172380
v 0.170635 0.685880 -2.298042
v 0.239035 1.022583 -1.232777
v 0.296532 1.262584 -0.425932
v 0.353459 1.322988 0.415931
v 0.298071 1.146733 1.405964
v 0.201417 0.982178 2.317410
v 0.312027 0.840297 2.544823
v 0.224069 0.322266 2.997823
v 0.323731 0.623174 2.765250
v 0.154443 0.818077 2.763830
v 0.457855 1.022950 1.665088
v 0.338539 0.229804 2.060877
v 0.239492 1.069819 1.861326
v 0.430654 0.360028 1.856559
v 0.617269 1.235048 0.849799
v 0.617269 1.235048 0.849799
v 0.466811 0.266591 1.167045
v 0.347527 1.238174 0.955438
v 0.634455 0.624181 0.916336
v 0.031476 1.166817 -6.742123
v 0.111035 0.808567 3.094452
v 0.000000 0.849563 -5.810403
v 0.090106 0.350978 -5.680489
v 0.095866 0.509162 -4.066492
v 0.111312 0.202218 -3.172380
v 0.170635 0.153378 -2.298041
v 0.242622 0.307878 -1.237912
v 0.296532 0.344472 -0.425931
v 0.328265 0.194080 0.414377
v 0.227163 0.089063 1.403502
v 0.194031 0.252986 2.313492
v 0.154443 0.252691 2.766842
v 0.184632 0.129625 1.859352
v 0.285237 0.096831 0.948304
v 0.000000 0.002206 0.706356
v -0.000000 1.298317 0.706356
v -0.000000 1.298317 0.706356
v -0.000000 1.298317 0.706356
v 0.000000 0.037376 1.631172
v 0.000000 1.124151 1.631171
v 0.000000 0.948294 2.544762
v 0.000000 0.258296 2.535033
v 0.000000 1.040429 2.088669
v -0.000000 1.206349 1.173369
v -0.000000 1.338753 0.020452
v 0.000000 1.165172 -0.871101
v 0.000000 0.953002 -1.461908
v 0.000000 0.622733 -2.720091
v 0.000000 0.696736 -3.615251
v 0.000000 0.890001 -4.197202
v 0.000000 0.890001 -4.197202
v 0.098500 1.205545 -4.808946
v 0.000000 0.178277 2.088669
v 0.000000 -0.032871 1.173370
v 0.000000 0.154222 0.020453
v 0.000000 0.221760 -0.871100
v 0.000000 0.274706 -1.461908
v 0.000000 0.136268 -2.720091
v 0.000000 0.321378 -3.615645
v 0.000000 0.547169 -4.186476
v 0.000000 0.547169 -4.186476
v 0.000000 0.257321 2.982092
v 0.000000 0.661229 3.157873
v 0.000000 0.778471 2.961098
v 0.477792 0.779840 1.890118
v 0.438679 0.456394 2.065072
v 0.502412 0.645735 1.752676
v 0.529494 0.781768 1.638550
v 0.714351 0.735867 0.483220
v 0.714351 0.735867 0.483220
v 1.540207 -0.755450 -0.076342
v 0.760692 0.283776 0.241731
v 0.771778 0.399351 0.254387
v 0.765247 0.331843 0.129783
v 0.765247 0.331843 0.129783
v 0.747420 0.268033 0.566955
v 0.744524 0.310660 0.666039
v 0.744524 0.310660 0.666039
v 0.763541 0.388857 0.571836
v 1.711850 -0.992337 -0.543997
v 1.711850 -0.992337 -0.543997
v 1.684082 -0.995235 -0.628015
v 1.683006 -0.915117 -0.615341
v 1.682190 -0.940995 -0.712117
v 1.682190 -0.940995 -0.712117
v 1.644735 -0.956151 -0.356041
v 1.622364 -0.876434 -0.247207
v 1.622364 -0.876434 -0.247207
v 1.652035 -0.876507 -0.351460
v 0.903835 0.083723 0.304812
v 1.559950 -0.896384 -0.361129
v 0.843034 -0.036492 0.565353
v 0.898480 0.062633 -0.001134
v 0.878188 -0.018208 -0.020196
v 1.584092 -0.793438 -0.350841
v 1.514986 -0.819989 -0.082595
v 1.587128 -0.797265 -0.592216
v 1.577142 -0.862586 -0.613196
v 1.407952 -0.730338 -0.360654
v 1.431335 -0.670114 -0.511244
v 1.431335 -0.670114 -0.511244
v 1.376167 -0.651707 0.176388
v 1.376167 -0.651707 0.176388
v 1.449524 -0.649104 -0.337619
v 1.429559 -0.640056 -0.001181
v 1.372749 -0.720979 -0.009460
v 1.233052 -0.477109 0.303168
v 1.210513 -0.569237 -0.025319
v 1.272840 -0.484655 -0.013702
v 1.181559 -0.530792 0.296055
v 1.267133 -0.477581 -0.336336
v 1.232826 -0.530172 -0.360308
v 0.874308 0.050776 0.570674
v 0.868809 -0.054462 0.295338
v 1.009901 -0.345209 0.312781
v 1.071067 -0.245773 0.320262
v 1.086102 -0.242680 -0.044822
v 1.016705 -0.282087 0.484971
v 1.016705 -0.282087 0.484971
v 1.079342 -0.363589 -0.408210
v 1.079342 -0.363589 -0.408210
v 1.038050 -0.338884 -0.066132
v 0.340966 0.693323 -1.921811
v 0.413567 0.254448 -1.489936
v 0.413567 0.254448 -1.489936
v 0.000000 0.795308 -1.938453
v 0.000000 0.185120 -1.938452
v 0.211520 0.873720 -1.660222
v 0.215637 0.239546 -1.660342
v 0.457735 0.349599 -1.687378
v 0.457735 0.349599 -1.687378
v 0.457735 0.349599 -1.687378
v 0.438496 0.614315 -1.634068
v 0.484898 0.706967 -1.276874
v 0.487459 0.486241 -1.493169
v 0.487459 0.486241 -1.493169
v 0.540080 0.233720 -1.458270
v 0.545773 0.346648 -1.465525
v 0.517667 0.197812 -1.647982
v 0.657285 0.029151 -1.898844
v 0.793578 -0.142587 -2.236608
v 0.949494 -0.305874 -2.578536
v 0.949201 -0.275310 -2.181414
v 0.812671 -0.110578 -1.817608
v 0.677288 0.061161 -1.649632
v 0.949201 -0.174079 -2.181413
v 0.812671 -0.004896 -1.817609
v 0.677288 0.166843 -1.649632
v 0.524500 0.314976 -1.643787
v 0.657285 0.137859 -1.898844
v 0.793578 -0.033879 -2.236608
v 0.949494 -0.201896 -2.578536
v 0.599709 0.258319 -1.651486
v 0.734864 0.086581 -1.903298
v 0.875480 -0.085157 -2.180659
v 1.005155 -0.248059 -2.548775
v 0.585957 0.163656 -1.783782
v 0.585957 0.163656 -1.783782
v 0.721112 -0.008082 -2.131491
v 0.721112 -0.008082 -2.131491
v 0.888199 -0.181412 -2.492798
v 0.888199 -0.181412 -2.492798
v 1.010445 -0.311009 -2.712227
v 1.010445 -0.311009 -2.712227
v 0.613461 0.205589 -1.519189
v 0.613461 0.205589 -1.519189
v 0.748616 0.033850 -1.675106
v 0.748616 0.033850 -1.675106
v 0.884226 -0.137888 -1.866874
v 0.884226 -0.137888 -1.866874
v 0.999866 -0.283124 -2.385324
v 0.999866 -0.283124 -2.385324
v 0.599709 0.110926 -1.651486
v 0.734864 -0.060813 -1.903299
v 0.875479 -0.232551 -2.180659
v 1.005155 -0.346073 -2.548775
v 0.627503 1.281316 0.649469
v 0.697485 1.102147 0.474744
v 0.704262 0.916069 0.761892
v 0.704262 0.916069 0.761892
v 0.723042 1.011943 0.573026
v 0.723042 1.011943 0.573026
v 0.723042 1.011943 0.573026
v 4.251839 1.451215 0.481256
v 4.199329 1.606294 0.474879
v 0.898842 1.028879 0.809638
v 0.879557 1.018014 1.025696
v 2.258257 1.379137 0.757224
v 2.569619 1.416199 0.722189
v 3.192344 1.490324 0.631174
v 3.503706 1.527385 0.596916
v 2.260197 1.172099 0.744570
v 2.562725 1.208109 0.713779
v 3.194152 1.283689 0.618407
v 3.498635 1.319932 0.584221
v 3.516749 1.527647 0.465659
v 3.212420 1.491422 0.500756
v 2.581070 1.415810 0.594181
v 2.278587 1.379805 0.625644
v 1.173639 1.064366 0.825569
v 1.484720 1.101429 0.807173
v 1.795725 1.138491 0.771780
v 2.110135 1.175916 0.696808
v 2.725269 1.249234 0.623288
v 3.043278 1.287375 0.570249
v 3.663541 1.361043 0.495834
v 3.954795 1.394837 0.465825
v 1.154478 1.053132 1.009348
v 1.465840 1.090194 0.978201
v 1.777202 1.127256 0.938406
v 2.088832 1.164347 0.885501
v 2.711036 1.238410 0.813645
v 3.022904 1.275550 0.765840
v 3.334095 1.312346 0.708274
v 3.645224 1.349625 0.692669
v 3.930790 1.383603 0.653948
v 0.717411 0.936196 0.619519
v 3.597582 1.511505 -0.795452
v 3.432789 1.498205 -0.065662
v 4.432456 1.647405 -0.920853
v 3.683883 1.516378 -0.020689
v 4.192245 1.615131 -0.857168
v 4.269519 1.476159 -0.079562
v 4.188130 1.543485 -0.830745
v 3.002010 1.439215 0.068079
v 3.084617 1.539540 -0.837672
v 2.084229 1.328160 0.353278
v 2.163227 1.427852 -0.246372
v 0.838365 1.164526 0.362737
v 0.659221 1.031616 0.977093
v 0.659221 1.031616 0.977093
v 0.880159 1.154167 1.043550
v 0.880159 1.154167 1.043550
v 1.155081 1.181164 0.987435
v 1.155081 1.181164 0.987435
v 1.466442 1.218226 0.942982
v 1.466442 1.218226 0.942982
v 1.777805 1.255289 0.897810
v 1.777805 1.255289 0.897810
v 2.089167 1.292351 0.863426
v 2.089167 1.292351 0.863426
v 2.711891 1.366476 0.789342
v 2.711891 1.366476 0.789342
v 3.023254 1.403538 0.743509
v 3.023254 1.403538 0.743509
v 3.334615 1.440600 0.726819
v 3.334615 1.440600 0.726819
v 3.645977 1.477662 0.672437
v 3.645977 1.477662 0.672437
v 3.931393 1.511635 0.625836
v 3.931393 1.511635 0.625836
v 0.701882 1.151123 0.863497
v 0.701882 1.151123 0.863497
v 4.243386 1.539564 0.516228
v 4.243386 1.539564 0.516228
v 0.910868 1.184706 0.742845
v 1.185666 1.219824 0.758401
v 1.496747 1.256886 0.740005
v 1.807770 1.293949 0.704612
v 2.120853 1.331292 0.630195
v 2.735928 1.404603 0.555669
v 3.053862 1.442763 0.504674
v 4.588559 1.715656 -0.950561
v 3.673893 1.516403 0.428893
v 3.966929 1.550295 0.398654
v 0.948186 1.177528 0.342282
v 0.767746 1.137879 0.452457
v 1.214326 1.213015 0.286421
v 0.920341 1.182963 0.572536
v 1.505742 1.250077 0.187539
v 1.192171 1.218450 0.564793
v 3.281920 1.470591 0.254276
v 3.422091 1.360901 0.283653
v 3.421307 1.487182 0.236715
v 3.281515 1.344168 0.294194
v 3.327808 1.376196 -0.013049
v 3.093592 1.455011 -0.815159
v 2.083555 1.250396 0.380506
v 1.779844 1.287139 0.072929
v 2.472941 1.245577 0.463748
v 2.348254 1.356928 0.431533
v 2.348455 1.230637 0.478782
v 2.324310 1.449645 -0.351537
v 2.472133 1.371828 0.411403
v 1.496510 1.255512 0.519199
v 1.778004 1.358785 0.046684
v 4.162137 1.422832 0.267522
v 4.174383 1.581025 0.200842
v 4.593245 1.714131 -1.266884
v 4.529772 1.527672 -1.118640
v 4.581761 1.563119 -1.205606
v 0.960326 1.248034 0.201370
v 0.960326 1.248034 0.201370
v 1.223622 1.283522 0.121448
v 1.223622 1.283522 0.121448
v 1.508576 1.320584 -0.004079
v 1.508576 1.320584 -0.004079
v 1.764325 1.357647 -0.141213
v 1.764325 1.357647 -0.141213
v 1.926219 1.393335 -0.295620
v 1.926219 1.393335 -0.295620
v 2.465238 1.469915 -0.806111
v 2.465238 1.469915 -0.806111
v 2.760864 1.504391 -1.085878
v 2.760864 1.504391 -1.085878
v 3.079042 1.546348 -1.307160
v 3.079042 1.546348 -1.307160
v 3.511679 1.581770 -1.210137
v 3.511679 1.581770 -1.210137
v 4.179203 1.613992 -1.244820
v 4.179203 1.613992 -1.244820
v 3.046106 1.511552 -1.274273
v 2.122413 1.399835 -0.522939
v 0.848968 1.213125 0.270523
v 0.848968 1.213125 0.270523
v 4.589502 1.641829 -1.297347
v 4.589502 1.641829 -1.297347
v 3.084318 1.597335 -1.290924
v 3.043402 1.571217 -1.292112
v 2.111681 1.459514 -0.540616
v 3.122468 1.520641 -1.278150
v 3.118879 1.580201 -1.301212
v 3.082856 1.495065 -1.257394
v 3.077615 1.585075 -1.157859
v 3.156425 1.487660 -1.129912
v 3.152881 1.594034 -1.168200
v 3.079853 1.478546 -1.127275
v 3.190482 1.557112 -1.265486
v 3.190482 1.557112 -1.265486
v 2.983065 1.532423 -1.245345
v 2.983065 1.532423 -1.245345
v 2.173168 1.406894 -0.556202
v 2.160536 1.466542 -0.577231
v 2.215168 1.371974 -0.457082
v 2.146670 1.471304 -0.461470
v 2.163327 1.364908 -0.426739
v 2.225939 1.443100 -0.603448
v 2.225939 1.443100 -0.603448
v 2.195893 1.478325 -0.496816
v 2.072450 1.421620 -0.478036
v 2.072450 1.421620 -0.478036
v 4.546188 1.732998 -1.203552
v 4.460091 1.636734 -1.340935
v 4.460091 1.636734 -1.340935
v 4.479726 1.551128 -1.149724
v 4.491207 1.702595 -1.211112
v 2.296073 1.271459 0.269734
v 3.304952 1.480170 -0.829348
v 2.864630 1.434094 -0.686827
v 4.571928 1.508014 -0.864632
v 2.705088 1.404567 0.163416
v 2.480133 1.294194 0.223267
v 2.567146 1.399605 -0.474633
v 3.194524 1.575470 -0.858587
v 3.683405 1.438723 0.009564
v 3.293846 1.564444 -0.864437
v 4.276536 1.580275 -0.120026
v 3.597636 1.582667 -0.823094
v 4.086143 1.548921 -0.054531
v 4.425836 1.548264 -0.882444
v 4.081537 1.470780 -0.025474
v 2.865206 1.505319 -0.711384
v 3.217237 1.472548 -0.038127
v 1.995432 1.394287 -0.096344
v 2.286687 1.360746 0.242268
v 0.766768 1.098520 0.467053
v 4.435809 1.648041 -0.154268
v 0.918401 1.104822 0.601511
v 0.836390 1.212232 0.345284
v 1.190230 1.140309 0.593769
v 0.945156 1.249173 0.316074
v 1.494569 1.177371 0.548175
v 1.211296 1.284660 0.260213
v 3.192873 1.446975 -0.818429
v 3.225666 1.383337 -0.013823
v 1.996429 1.323015 -0.072388
v 1.796502 1.214434 0.483936
v 2.469047 1.383410 0.186972
v 1.502711 1.321723 0.161330
v 1.798887 1.292575 0.454946
v 2.177426 1.343235 -0.223645
v 3.443324 1.409246 -0.028935
v 3.001001 1.361496 0.095195
v 4.418921 1.440530 -0.065550
v 2.566470 1.470858 -0.500682
v 2.342087 1.365101 -0.320433
v 2.704389 1.326820 0.192890
v 3.329790 1.507322 -0.054427
v 3.319881 1.537807 -0.462698
v 3.324444 1.424566 -0.422022
v 2.306062 1.299962 0.004730
v 3.232455 1.527401 -0.450609
v 2.295277 1.413227 -0.034065
v 4.410976 1.642053 -0.505823
v 2.371148 1.308286 -0.018096
v 4.473804 1.456308 -0.423486
v 2.358516 1.421502 -0.062988
v 3.235518 1.413981 -0.418783
v 4.492534 1.686546 -0.519337
v 4.563325 1.658640 -0.595690
v 0.791838 1.140893 0.399485
v 0.791838 1.140893 0.399485
v 4.617359 1.584597 -0.615587
v 4.617359 1.584597 -0.615587
v 4.551680 1.505877 -0.533643
v 4.399152 1.486174 -0.442627
v 0.089868 1.553679 -5.632757
v 0.000000 1.331901 -6.436316
v 0.000000 1.331901 -6.436316
v 0.000000 2.191287 -5.888856
v 0.105387 1.651968 -5.251327
v 0.067886 1.090834 -4.617637
v 0.106370 1.098700 -4.798422
v 0.116981 1.271734 -5.333861
v 0.000000 2.041600 -5.537590
v 0.000000 2.309253 -5.785767
v 0.055948 1.751888 -5.262541
v 0.044608 2.228253 -5.724586
v 0.000000 1.379863 -4.835603
v 0.096803 1.503704 -5.016649
v 0.087356 1.987522 -5.525871
v 0.108551 1.317172 -5.121907
v 0.000000 1.588952 -5.861292
v 0.086999 2.033514 -5.703959
v 0.099851 1.357745 -4.879519
v 0.108080 1.342012 -4.968833
v 0.104362 1.670446 -5.438493
v 0.143047 0.881253 -4.970005
v 0.143047 0.881253 -4.970005
v 0.000000 1.123924 -6.432008
v 0.000000 1.123924 -6.432008
v 0.119038 1.065105 -5.705099
v 0.119038 1.065105 -5.705099
v 0.121141 0.934173 -5.338292
v 0.110100 0.770490 -4.802287
v 0.046185 0.099402 -5.720788
v 0.057050 0.245975 -5.256346
v 0.000000 0.158806 -5.506786
v 0.000000 0.051152 -5.865567
v 0.091430 0.232897 -5.494557
v 0.099349 0.351627 -5.058811
v 0.000000 0.357740 -4.870859
v 0.095560 0.663807 -4.748801
v 0.114404 0.758102 -5.120235
v 0.000000 0.230394 -5.938597
v 0.092970 0.822493 -5.614206
v 0.000000 0.552468 -4.380322
v 0.099686 0.432200 -4.931846
v 0.111148 0.418554 -5.240112
v 0.109371 0.598782 -5.411498
v 0.112219 0.582353 -4.984045
v 0.033819 1.268812 -7.432046
v 0.016910 1.340731 -7.432046
v 0.016910 1.196892 -7.432045
v 0.033336 1.322297 -7.140113
v 0.000000 1.350377 -7.148887
v 0.033344 1.211327 -7.140423
v 0.000000 1.183716 -7.148800
v 0.025426 1.268812 -7.751985
v 0.000000 1.306987 -7.756706
v 0.000000 1.230637 -7.756706
v 0.000000 1.268812 -7.802758
v 0.000000 1.205624 -7.637588
v 0.027190 1.226547 -7.634015
v 0.027190 1.311077 -7.634015
v 0.000000 1.332000 -7.637588
v 0.129703 0.265412 2.983469
v 0.256406 0.637752 2.963019
v 0.019402 1.346501 -7.140756
v 0.182164 1.091329 -5.321427
v 0.192274 0.841207 -4.538116
v 0.195463 0.514382 -3.629823
v 0.278209 0.379038 -2.718011
v 0.525819 0.684960 -0.965407
v 0.690612 0.657569 0.223727
v 0.690612 0.657569 0.223727
v 0.690612 0.657569 0.223727
v 0.597146 0.714238 1.130145
v 0.412364 0.315861 2.004164
v 0.062123 1.117540 -6.196607
v 0.062123 1.117540 -6.196607
v 0.097867 0.334421 -3.627257
v 0.138993 0.146377 -2.719976
v 0.226837 0.272887 -1.465267
v 0.266316 0.345654 -0.874748
v 0.321023 0.281043 0.026703
v 0.256270 0.086480 1.175707
v 0.188003 0.185142 2.085631
v 0.359282 0.622660 2.544098
v 0.178901 0.271145 2.538444
v 0.200020 0.100725 1.632213
v 0.482224 0.506808 1.662488
v 0.313145 0.133703 0.708446
v 0.694986 0.644815 0.648195
v 0.694986 0.644815 0.648195
v 0.694986 0.644815 0.648195
v 0.412423 1.289145 0.727662
v 0.267760 1.111108 1.634950
v 0.179416 0.934794 2.544768
v 0.219334 1.026776 2.088843
v 0.319441 1.187543 1.174387
v 0.324173 1.314609 0.026978
v 0.265536 1.146153 -0.873607
v 0.223268 0.941813 -1.461951
v 0.138993 0.612573 -2.719976
v 0.097813 0.692359 -3.626998
v 0.100972 0.979030 -4.529540
v 0.100972 0.979030 -4.529540
v 0.142920 1.192387 -5.316179
v 0.142920 1.192387 -5.316179
v 0.061527 1.311508 -6.189620
v 0.061527 1.311508 -6.189620
v 0.106440 0.660239 3.150164
v 0.129703 0.770085 2.960208
v 0.444592 0.707507 2.089477
v 0.512927 0.832793 1.733217
v 1.718486 -0.993760 -0.666597
v 1.718486 -0.993760 -0.666597
v 1.534674 -0.867175 -0.203060
v 1.565185 -0.770774 -0.195766
v 1.681489 -0.949128 -0.406636
v 1.681489 -0.949128 -0.406636
v 1.590350 -0.795556 -0.492453
v 1.521572 -0.777841 -0.041360
v 1.521572 -0.777841 -0.041360
v 1.584220 -0.826678 -0.640324
v 1.584220 -0.826678 -0.640324
v 1.573271 -0.892648 -0.512731
v 1.222564 -0.557643 -0.219104
v 1.249921 -0.498113 -0.398127
v 1.249921 -0.498113 -0.398127
v 1.200847 -0.498198 0.346995
v 1.200847 -0.498198 0.346995
v 1.275551 -0.478932 -0.196111
v 1.258533 -0.478497 0.169074
v 0.852605 -0.051817 0.457654
v 0.892229 0.076494 0.463876
v 0.904373 0.082559 0.132747
v 0.850553 0.014664 0.607646
v 0.850553 0.014664 0.607646
v 0.884406 0.032057 -0.055017
v 0.884406 0.032057 -0.055017
v 0.874339 -0.039923 0.114384
v 0.195154 0.782560 -1.936373
v 0.196066 0.195459 -1.936258
v 0.405752 0.472866 -1.869357
v 0.458693 0.682662 -1.466768
v 0.534994 0.351212 -1.555175
v 0.667287 0.172450 -1.774238
v 0.803124 0.000712 -2.027108
v 0.950255 -0.169623 -2.382786
v 0.518889 0.251314 -1.681236
v 0.518889 0.251314 -1.681236
v 0.653535 0.077787 -1.945571
v 0.653535 0.077787 -1.945571
v 0.789998 -0.093951 -2.315171
v 0.789998 -0.093951 -2.315171
v 0.950700 -0.260302 -2.654679
v 0.950700 -0.260302 -2.654679
v 0.549534 0.299080 -1.425579
v 0.549534 0.299080 -1.425579
v 0.681038 0.119720 -1.602905
v 0.681038 0.119720 -1.602905
v 0.816250 -0.052019 -1.739046
v 0.816250 -0.052019 -1.739046
v 0.949809 -0.220134 -2.110894
v 0.949809 -0.220134 -2.110894
v 1.024461 -0.316811 -2.608637
v 1.024461 -0.316811 -2.608637
v 0.526217 0.193651 -1.554410
v 0.667287 0.025057 -1.774238
v 0.803124 -0.146682 -2.027107
v 0.950255 -0.310813 -2.382786
v 1.190508 -0.558163 0.160833
v 4.193501 1.417631 0.549345
v 4.187420 1.540946 0.576971
v 4.187420 1.540946 0.576971
v 4.449818 1.521628 -0.844754
v 2.287461 1.351301 0.562997
v 4.596077 1.540224 -0.930779
v 3.220367 1.463680 0.430271
v 2.244809 1.182833 0.858961
v 2.555067 1.219764 0.825698
v 3.178879 1.294070 0.733198
v 3.489381 1.331030 0.698418
v 3.497245 1.342896 0.460799
v 3.212839 1.309059 0.490733
v 2.555572 1.229643 0.598135
v 2.279622 1.196741 0.627231
v 4.347195 1.526390 0.347286
v 4.347195 1.526390 0.347286
v 2.244848 1.310882 0.862941
v 2.244848 1.310882 0.862941
v 2.556210 1.347944 0.827285
v 2.556210 1.347944 0.827285
v 3.178935 1.422069 0.736741
v 3.178935 1.422069 0.736741
v 3.490297 1.459131 0.702749
v 3.490297 1.459131 0.702749
v 0.678990 1.163446 0.898960
v 0.678990 1.163446 0.898960
v 4.661624 1.618895 -1.014526
v 4.661624 1.618895 -1.014526
v 0.826843 1.185457 0.355165
v 0.826843 1.185457 0.355165
v 4.607683 1.692550 -0.992634
v 4.539873 1.719356 -0.917057
v 3.504152 1.497444 0.396671
v 3.152409 1.449309 -0.821620
v 2.275014 1.455722 -0.315561
v 2.563195 1.384181 0.531209
v 4.543356 1.717342 -1.338254
v 2.158062 1.481969 -0.562448
v 3.111751 1.596623 -1.285393
v 4.531800 1.565470 -1.276612
v 3.123741 1.551211 -1.299437
v 3.123741 1.551211 -1.299437
v 2.166756 1.437963 -0.576952
v 2.166756 1.437963 -0.576952
v 4.534695 1.645511 -1.383184
v 4.534695 1.645511 -1.383184
v 3.059275 1.590377 -1.278229
v 3.113459 1.500545 -1.250893
v 3.060053 1.494188 -1.249216
v 3.038428 1.541056 -1.292059
v 3.038428 1.541056 -1.292059
v 2.175326 1.385914 -0.527173
v 2.125015 1.477169 -0.537735
v 2.140295 1.381083 -0.505985
v 2.110254 1.429967 -0.536273
v 2.110254 1.429967 -0.536273
v 4.521434 1.492249 -0.822580
v 2.292341 1.343514 -0.272485
v 4.461565 1.676534 -0.907546
v 2.215850 1.447600 -0.279567
v 3.149436 1.561718 -0.853240
v 2.230700 1.335341 -0.242292
v 3.239891 1.459722 -0.824786
v 3.235442 1.571955 -0.865116
v 3.374685 1.504463 -0.062281
v 3.378730 1.389448 -0.020790
v 2.350839 1.264154 0.265520
v 3.280981 1.493309 -0.049539
v 2.344746 1.379190 0.224650
v 4.301164 1.607484 -0.103831
v 2.424994 1.273285 0.250072
v 4.365079 1.422565 -0.014999
v 2.417741 1.388272 0.203087
v 3.283568 1.378121 -0.016644
v 4.384084 1.652355 -0.114400
v 4.456541 1.622296 -0.192049
v 0.758268 1.108086 0.461574
v 0.758268 1.108086 0.461574
v 4.511663 1.550712 -0.213651
v 4.511663 1.550712 -0.213651
v 4.445211 1.474401 -0.131436
v 4.289247 1.451009 -0.039929
v 0.102236 1.862198 -5.491728
v 0.072456 1.362553 -4.876782
v 0.050832 2.033375 -5.535560
v 0.107521 1.214754 -4.910019
v 0.106320 1.458384 -5.010419
v 0.105939 1.449255 -5.379487
v 0.053018 0.169630 -5.504880
v 0.145392 0.992809 -5.327075
v 0.145392 0.992809 -5.327075
v 0.102417 0.701201 -4.529356
v 0.102417 0.701201 -4.529356
v 0.110820 0.438391 -5.042801
v 0.107129 0.390568 -5.459574
v 0.110842 0.795431 -5.367866
v 0.111861 0.712571 -4.916174
v 0.015786 1.208222 -7.636695
v 0.038201 1.266894 -7.140725
v 0.019419 1.186918 -7.141065
v 0.000000 1.268812 -7.796380
v 0.031149 1.268812 -7.635801
v 0.015786 1.329402 -7.636695
v 0.066662 0.369821 -4.949944
v 0.165001 0.734417 3.086567
v 0.169158 0.688688 3.099638
v 0.131392 0.760033 3.098692
v 0.129280 0.691855 3.124300
v 0.133934 0.717326 3.037879
v 0.138092 0.671598 3.050950
v 0.100326 0.742942 3.050004
v 0.098213 0.674765 3.075612
v 0.110586 0.329911 3.147297
v 0.000000 0.580477 3.127192
v 0.240006 0.361695 2.991753
v 0.441787 0.588403 2.077902
v 0.187564 0.594634 3.084717
v 0.388216 0.518765 2.296496
v 0.315540 0.427275 2.660756
v 0.351612 0.521542 2.765800
v 0.248785 0.385034 2.791278
v 0.335426 0.506586 2.542836
v 0.175259 0.350702 3.092253
v 0.238937 0.563219 2.963279
v 0.000000 0.325890 3.152635
v 0.109518 0.582590 3.120852
v 0.249136 0.885112 2.544796
v 0.249136 0.885112 2.544796
v 0.219703 0.906086 2.544785
v 0.219703 0.906086 2.544785
v 0.279458 0.903911 2.411321
v 0.279458 0.903911 2.411321
v 0.276141 0.913361 2.384950
v 0.276141 0.913361 2.384950
v 0.276141 0.913361 2.384950
v 0.255600 0.919090 2.414584
v 0.255600 0.919090 2.414584
v 0.215487 0.889732 2.576312
v 0.215487 0.889732 2.576312
v 0.215487 0.889732 2.576312
v 0.350357 0.993289 2.514037
v 0.327417 1.009636 2.514028
v 0.373989 1.007941 2.410008
v 0.371404 1.015306 2.389455
v 0.371404 1.015306 2.389455
v 0.355395 1.019772 2.412551
v 0.324131 0.996890 2.538599
v 0.324131 0.996890 2.538599
v 0.409754 1.095739 2.461990
v 0.393932 1.107014 2.461983
v 0.426054 1.105844 2.390238
v 0.424271 1.110924 2.376062
v 0.424271 1.110924 2.376062
v 0.413229 1.114004 2.391993
v 0.391665 1.098222 2.478932
v 0.391665 1.098222 2.478932
v 0.468396 1.202315 2.327496
v 0.462649 1.206410 2.327493
v 0.462649 1.206410 2.327493
v 0.474316 1.205985 2.301434
v 0.473669 1.207830 2.296285
v 0.473669 1.207830 2.296285
v 0.469658 1.208949 2.302071
v 0.469658 1.208949 2.302071
v 0.461826 1.203217 2.333649
v 0.461826 1.203217 2.333649
v 0.285121 0.535755 2.833146
v 0.307028 0.530801 2.809670
v 0.302527 0.516642 2.692742
v 0.335045 0.600751 2.765372
v 0.324785 0.570392 2.710006
v 0.302362 0.592827 2.816577
v 0.240278 0.492546 2.791006
v 0.240278 0.492546 2.791006
v 0.246789 0.590801 2.783105
v 0.246789 0.590801 2.783105
v 0.246789 0.590801 2.783105
v 0.240278 0.492546 2.730001
v 0.246789 0.590801 2.729561
v 0.246789 0.590801 2.729561
v 0.310180 0.492546 2.791006
v 0.303669 0.590801 2.783105
v 0.310180 0.492546 2.730001
v 0.303669 0.590801 2.729561
v 0.281688 0.314175 2.727808
v 0.281688 0.314175 2.769175
v 0.281688 0.314175 2.769175
v 0.325277 0.314175 2.727810
v 0.325277 0.314175 2.769175
v 0.289595 0.136102 2.697779
v 0.289595 0.136102 2.723495
v 0.289595 0.136102 2.723495
v 0.315311 0.136102 2.697779
v 0.315311 0.136102 2.723495
v 0.272663 0.038280 2.668325
v 0.272663 0.038280 2.668325
v 0.272663 0.038280 2.681839
v 0.272663 0.038280 2.681839
v 0.272663 0.038280 2.681839
v 0.286177 0.038280 2.668325
v 0.286177 0.038280 2.681839
v 0.227172 0.492546 2.760504
v 0.239304 0.557145 2.791382
v 0.239304 0.557145 2.791382
v 0.240557 0.597033 2.755785
v 0.240557 0.597033 2.755785
v 0.239304 0.557145 2.726088
v 0.275229 0.492546 2.718563
v 0.275229 0.492546 2.718563
v 0.275229 0.597033 2.722804
v 0.275229 0.597033 2.722804
v 0.275229 0.597033 2.722804
v 0.275229 0.597033 2.722804
v 0.311154 0.557145 2.726088
v 0.323287 0.492546 2.760503
v 0.309902 0.597033 2.755785
v 0.311154 0.557145 2.791382
v 0.275229 0.492546 2.802444
v 0.275229 0.492546 2.802444
v 0.275229 0.597034 2.788766
v 0.275229 0.597034 2.788766
v 0.275229 0.597034 2.788766
v 0.275229 0.597034 2.788766
v 0.273515 0.314175 2.748493
v 0.303483 0.314175 2.720053
v 0.303483 0.314175 2.720053
v 0.333451 0.314175 2.748493
v 0.303483 0.314175 2.776931
v 0.303483 0.314175 2.776931
v 0.260390 0.408187 2.783406
v 0.260390 0.408187 2.783406
v 0.318094 0.408187 2.783406
v 0.318094 0.408187 2.732097
v 0.260390 0.408187 2.732097
v 0.284773 0.136102 2.710637
v 0.302453 0.136102 2.692957
v 0.302453 0.136102 2.692957
v 0.320132 0.136102 2.710637
v 0.302453 0.136102 2.728316
v 0.302453 0.136102 2.728316
v 0.292222 0.220248 2.715602
v 0.292222 0.220248 2.748392
v 0.292222 0.220248 2.748392
v 0.325290 0.220248 2.748392
v 0.325290 0.220248 2.715602
v 0.272419 0.032082 2.672400
v 0.272419 0.032082 2.672400
v 0.280393 0.032082 2.664427
v 0.280393 0.032082 2.664427
v 0.280393 0.032082 2.664427
v 0.280393 0.032082 2.664427
v 0.288367 0.032082 2.672400
v 0.280393 0.032082 2.680375
v 0.280393 0.032082 2.680375
v 0.280393 0.032082 2.680375
v 0.280393 0.032082 2.680375
v 0.280620 0.071762 2.698497
v 0.280620 0.071762 2.698497
v 0.300172 0.071762 2.698497
v 0.300172 0.071763 2.678945
v 0.280620 0.071762 2.678945
v 0.225794 0.557760 2.758681
v 0.275229 0.557760 2.713682
v 0.275229 0.557760 2.713682
v 0.324665 0.557760 2.758681
v 0.275229 0.557760 2.803680
v 0.275229 0.557760 2.803680
v 0.289242 0.408187 2.793027
v 0.289242 0.408187 2.793027
v 0.275229 0.610112 2.754634
v 0.275229 0.610112 2.754634
v 0.286021 0.220248 2.731997
v 0.289242 0.408187 2.722476
v 0.289242 0.408187 2.722476
v 0.249571 0.408187 2.757751
v 0.328914 0.408187 2.757751
v 0.290492 0.071151 2.701851
v 0.290492 0.071151 2.701851
v 0.308756 0.220248 2.754540
v 0.308756 0.220248 2.754540
v 0.308756 0.220248 2.709454
v 0.308756 0.220248 2.709454
v 0.331490 0.220248 2.731997
v 0.282436 0.019076 2.666774
v 0.282436 0.019076 2.666774
v 0.290492 0.071151 2.675062
v 0.290492 0.071151 2.675062
v 0.303887 0.071151 2.688457
v 0.277097 0.071151 2.688457
v 0.284520 0.775556 2.683803
v 0.209174 0.817685 2.744152
v 0.252808 0.818601 2.744421
v 0.274501 0.797713 2.720390
v 0.201358 0.836574 2.693160
v 0.257980 0.828584 2.667944
v 0.229287 0.836912 2.685555
v 0.270291 0.777525 2.708448
v 0.270291 0.777525 2.708448
v 0.261486 0.756802 2.752936
v 0.261486 0.756802 2.752936
v 0.198370 0.801035 2.752697
v 0.198370 0.801035 2.752697
v 0.228632 0.800818 2.749464
v 0.228632 0.800818 2.749464
v 0.252757 0.801140 2.749403
v 0.252757 0.801140 2.749403
v 0.275130 0.789976 2.737346
v 0.275130 0.789976 2.737346
v 0.279709 0.782704 2.716619
v 0.279709 0.782704 2.716619
v 0.000000 0.325928 3.152584
v 0.217105 0.563219 2.963279
v 0.211797 0.361695 2.991753
v 0.156349 0.594634 3.084717
v 0.217280 0.385034 2.791277
v 0.289919 0.508299 2.548080
v 0.141703 0.350702 3.092254
v 0.277275 0.530801 2.809669
v 0.000000 0.586274 3.109798
v 0.262333 0.427275 2.660755
v 0.000000 0.338673 3.135666
v 0.259516 0.516642 2.692743
v 0.327635 0.521542 2.765800
v 0.263201 0.535755 2.833146
v 0.336156 0.462386 2.589517
v 0.106849 0.340542 3.133183
v 0.105238 0.586885 3.107965
v 0.310486 0.519277 2.732027
v 0.259516 0.521344 2.692065
v 0.259516 0.521344 2.692065
v 0.000000 0.521344 2.692066
v 0.263201 0.542641 2.832468
v 0.263201 0.542641 2.832468
v 0.000000 0.542641 2.832468
v 0.211797 0.348691 2.991076
v 0.211797 0.348691 2.991076
v 0.283484 0.510139 2.542160
v 0.283484 0.510139 2.542160
v 0.000000 0.510138 2.542160
v 0.277275 0.537121 2.808992
v 0.277275 0.537121 2.808992
v 0.000000 0.537121 2.808993
v 0.283288 0.437965 2.610568
v 0.283288 0.437965 2.610568
v 0.000000 0.437965 2.610568
v 0.000000 0.437965 2.610568
v 0.327635 0.526805 2.765123
v 0.327635 0.526805 2.765123
v 0.000000 0.526805 2.765124
v 0.217105 0.573244 2.962603
v 0.217105 0.573244 2.962603
v 0.000000 0.573244 2.962603
v 0.217280 0.374696 2.790602
v 0.217280 0.374696 2.790602
v 0.141703 0.336684 3.091577
v 0.141703 0.336684 3.091577
v 0.000000 0.338810 3.116197
v 0.000000 0.323037 3.134989
v 0.000000 0.323037 3.134989
v 0.156349 0.608249 3.084040
v 0.156349 0.608249 3.084040
v 0.000000 0.608249 3.084040
v 0.000000 0.598934 3.109121
v 0.000000 0.598934 3.109121
v 0.106849 0.325120 3.132507
v 0.106849 0.325120 3.132507
v 0.105238 0.599615 3.107288
v 0.105238 0.599615 3.107288
v 0.310486 0.524280 2.731349
v 0.310486 0.524280 2.731349
v 0.072041 0.348691 2.991076
v 0.072041 0.348691 2.991076
v 0.118551 0.437965 2.610568
v 0.118551 0.437965 2.610568
v 0.095997 0.374696 2.790601
v 0.095997 0.374696 2.790601
v 0.000000 0.343503 3.056772
v 0.000000 0.343503 3.056772
v 0.053062 0.369866 2.994867
v 0.000000 0.369317 2.994867
v 0.091138 0.446118 2.614358
v 0.000000 0.458592 2.614358
v 0.077018 0.395872 2.794393
v 0.000000 0.395323 2.794393
v 0.000000 0.357921 3.039211
v 0.748932 0.991540 0.598661
v 0.748932 0.991540 0.598661
v 0.758072 0.956968 0.662127
v 0.758072 0.956968 0.662127
v 0.087437 1.331858 0.412307
v 0.087437 1.331858 0.412307
v 0.064159 1.333975 0.021743
v 0.064159 1.333975 0.021743
v -0.000000 1.287142 0.761745
v -0.000000 1.287142 0.761745
v -0.000000 1.287142 0.761745
v 0.085809 1.296409 0.710788
v 0.085809 1.296409 0.710788
v 0.085809 1.296409 0.710788
v -0.000000 1.331191 -0.042899
v -0.000000 1.331191 -0.042899
v -0.000000 1.331191 -0.042899
v -0.000000 1.797254 0.155588
v -0.000000 1.797254 0.155588
v -0.000000 1.728920 0.277160
v -0.000000 1.728920 0.277160
v -0.000000 1.876251 -0.073609
v -0.000000 1.876251 -0.073609
v -0.000000 1.837457 0.046399
v -0.000000 1.837457 0.046399
v -0.000000 1.794338 0.156779
v -0.000000 1.832679 0.047692
v -0.000000 1.727012 0.281593
v -0.000000 1.727012 0.281593
v -0.000000 1.727012 0.281593
v 0.114379 0.568819 3.089488
v 0.114379 0.568819 3.089488
v 0.116538 0.601394 3.086868
v 0.116538 0.601394 3.086868
v 0.116538 0.601394 3.086868
v 0.114379 0.568819 3.069262
v 0.116538 0.601394 3.069116
v 0.116538 0.601394 3.069116
v 0.137554 0.568819 3.089488
v 0.135396 0.601394 3.086868
v 0.137554 0.568819 3.069262
v 0.135396 0.601394 3.069116
v 0.159545 0.506167 3.015951
v 0.166910 0.506167 3.015951
v 0.166910 0.506167 3.023316
v 0.159545 0.506167 3.023316
v 0.159545 0.506167 3.023316
v 0.143983 0.584856 3.021863
v 0.144455 0.599881 3.033050
v 0.144455 0.599881 3.033050
v 0.143983 0.584856 3.046457
v 0.143983 0.584856 3.046457
v 0.139414 0.560524 3.034826
v 0.125116 0.509873 3.059239
v 0.125116 0.509873 3.059239
v 0.125116 0.509873 3.063720
v 0.125116 0.509873 3.063720
v 0.125116 0.509873 3.063720
v 0.129596 0.509873 3.059239
v 0.129596 0.509873 3.063720
v 0.110034 0.568819 3.079375
v 0.114056 0.590236 3.089612
v 0.114056 0.590236 3.089612
v 0.114472 0.603460 3.077811
v 0.114472 0.603460 3.077811
v 0.114056 0.590236 3.067965
v 0.125967 0.568819 3.065469
v 0.125967 0.568819 3.065469
v 0.125967 0.603460 3.066876
v 0.125967 0.603460 3.066876
v 0.125967 0.603460 3.066876
v 0.125967 0.603460 3.066876
v 0.137877 0.590236 3.067965
v 0.141900 0.568819 3.079375
v 0.137462 0.603460 3.077811
v 0.137877 0.590236 3.089612
v 0.125967 0.568819 3.093280
v 0.125967 0.568819 3.093280
v 0.125967 0.603460 3.088745
v 0.125967 0.603460 3.088745
v 0.125967 0.603460 3.088745
v 0.125967 0.603460 3.088745
v 0.159460 0.491220 3.016490
v 0.159460 0.491220 3.016490
v 0.159460 0.491220 3.016490
v 0.159460 0.491220 3.016490
v 0.162464 0.491220 3.013487
v 0.159460 0.491220 3.010483
v 0.159460 0.491220 3.010483
v 0.159460 0.491220 3.010483
v 0.159460 0.491220 3.010483
v 0.156457 0.491220 3.013487
v 0.156457 0.491220 3.013487
v 0.157515 0.599881 3.045472
v 0.157515 0.599881 3.045472
v 0.157515 0.599881 3.045472
v 0.157515 0.599881 3.045472
v 0.157515 0.560524 3.050624
v 0.157515 0.560524 3.050624
v 0.171047 0.584856 3.046457
v 0.170575 0.599881 3.033050
v 0.161639 0.493555 3.017041
v 0.161639 0.493555 3.011951
v 0.156548 0.493555 3.017041
v 0.156548 0.493555 3.017041
v 0.156548 0.493555 3.017041
v 0.156548 0.493555 3.011951
v 0.156548 0.493555 3.011951
v 0.168227 0.597533 3.023171
v 0.170680 0.560524 3.023337
v 0.168227 0.597533 3.043340
v 0.170680 0.560524 3.046316
v 0.125035 0.507818 3.060591
v 0.125035 0.507818 3.060591
v 0.127679 0.507818 3.057948
v 0.127679 0.507818 3.057948
v 0.127679 0.507818 3.057948
v 0.127679 0.507818 3.057948
v 0.130323 0.507818 3.060591
v 0.127679 0.507818 3.063235
v 0.127679 0.507818 3.063235
v 0.127679 0.507818 3.063235
v 0.127679 0.507818 3.063235
v 0.127754 0.520973 3.069243
v 0.127754 0.520973 3.069243
v 0.134236 0.520973 3.069243
v 0.134236 0.520973 3.062761
v 0.127754 0.520973 3.062761
v 0.109577 0.590440 3.078771
v 0.125967 0.590440 3.063851
v 0.125967 0.590440 3.063851
v 0.142357 0.590440 3.078771
v 0.125967 0.590439 3.093689
v 0.125967 0.590439 3.093689
v 0.175616 0.560524 3.034826
v 0.125967 0.607797 3.077429
v 0.125967 0.607797 3.077429
v 0.146803 0.597533 3.023171
v 0.146803 0.597533 3.023171
v 0.171047 0.584856 3.021863
v 0.157515 0.599881 3.020627
v 0.157515 0.599881 3.020627
v 0.157515 0.599881 3.020627
v 0.157515 0.599881 3.020627
v 0.157515 0.560524 3.019029
v 0.157515 0.560524 3.019029
v 0.131027 0.520771 3.070355
v 0.131027 0.520771 3.070355
v 0.144350 0.560524 3.023337
v 0.146803 0.597533 3.043340
v 0.146803 0.597533 3.043340
v 0.146803 0.597533 3.043340
v 0.144350 0.560524 3.046316
v 0.144350 0.560524 3.046316
v 0.128356 0.503506 3.058726
v 0.128356 0.503506 3.058726
v 0.131027 0.520771 3.061474
v 0.131027 0.520771 3.061474
v 0.135468 0.520771 3.065914
v 0.126586 0.520771 3.065914
v 0.138894 0.585088 3.034140
v 0.157515 0.585088 3.017190
v 0.157515 0.585088 3.017190
v 0.176136 0.585088 3.034140
v 0.157515 0.585088 3.051089
v 0.157515 0.585088 3.051089
v 0.157515 0.604807 3.032616
v 0.157515 0.604807 3.032616
v 0.163264 0.505936 3.024579
v 0.163264 0.505936 3.024579
v 0.160229 0.486321 3.011367
v 0.160229 0.486321 3.011367
v 0.163264 0.505936 3.014488
v 0.163264 0.505936 3.014488
v 0.168309 0.505936 3.019534
v 0.158219 0.505936 3.019534
v 0.185298 0.519044 2.975807
v 0.190448 0.519044 2.975807
v 0.190448 0.519044 2.980957
v 0.185298 0.519044 2.980957
v 0.185298 0.519044 2.980957
v 0.174416 0.574069 2.979941
v 0.174746 0.584575 2.987763
v 0.174746 0.584575 2.987763
v 0.174416 0.574069 2.997139
v 0.174416 0.574069 2.997139
v 0.171221 0.557054 2.989006
v 0.185239 0.508593 2.976183
v 0.185239 0.508593 2.976183
v 0.185239 0.508593 2.976183
v 0.185239 0.508593 2.976183
v 0.187339 0.508593 2.974083
v 0.185239 0.508593 2.971983
v 0.185239 0.508593 2.971983
v 0.185239 0.508593 2.971983
v 0.185239 0.508593 2.971983
v 0.183138 0.508593 2.974083
v 0.183138 0.508593 2.974083
v 0.183879 0.584575 2.996449
v 0.183879 0.584575 2.996449
v 0.183879 0.584575 2.996449
v 0.183879 0.584575 2.996449
v 0.183879 0.557054 3.000052
v 0.183879 0.557054 3.000052
v 0.193341 0.574069 2.997139
v 0.193011 0.584575 2.987763
v 0.186762 0.510225 2.976570
v 0.186762 0.510225 2.973010
v 0.183203 0.510225 2.976570
v 0.183203 0.510225 2.976570
v 0.183203 0.510225 2.976570
v 0.183203 0.510225 2.973010
v 0.183203 0.510225 2.973010
v 0.191369 0.582933 2.980855
v 0.193084 0.557054 2.980971
v 0.191369 0.582933 2.994959
v 0.193084 0.557054 2.997039
v 0.196536 0.557054 2.989006
v 0.176388 0.582933 2.980855
v 0.176388 0.582933 2.980855
v 0.193341 0.574069 2.979941
v 0.183879 0.584575 2.979076
v 0.183879 0.584575 2.979076
v 0.183879 0.584575 2.979076
v 0.183879 0.584575 2.979076
v 0.183879 0.557054 2.977959
v 0.183879 0.557054 2.977959
v 0.174673 0.557054 2.980971
v 0.176388 0.582933 2.994959
v 0.176388 0.582933 2.994959
v 0.176388 0.582933 2.994959
v 0.174673 0.557054 2.997039
v 0.174673 0.557054 2.997039
v 0.170858 0.574231 2.988526
v 0.183879 0.574231 2.976674
v 0.183879 0.574231 2.976674
v 0.196899 0.574231 2.988526
v 0.183879 0.574231 3.000378
v 0.183879 0.574231 3.000378
v 0.183879 0.588019 2.987460
v 0.183879 0.588019 2.987460
v 0.187899 0.518883 2.981840
v 0.187899 0.518883 2.981840
v 0.185777 0.505167 2.972602
v 0.185777 0.505167 2.972602
v 0.187899 0.518883 2.974783
v 0.187899 0.518883 2.974783
v 0.191427 0.518883 2.978312
v 0.184371 0.518883 2.978312
v 0.197309 0.512114 2.931673
v 0.202251 0.512114 2.931673
v 0.202251 0.512114 2.936615
v 0.197309 0.512114 2.936615
v 0.197309 0.512114 2.936615
v 0.186866 0.564918 2.935640
v 0.187183 0.575000 2.943146
v 0.187183 0.575000 2.943146
v 0.186866 0.564918 2.952144
v 0.186866 0.564918 2.952144
v 0.183800 0.548590 2.944339
v 0.197251 0.502084 2.932034
v 0.197251 0.502084 2.932034
v 0.197251 0.502084 2.932034
v 0.197251 0.502084 2.932034
v 0.199267 0.502084 2.930019
v 0.197251 0.502084 2.928003
v 0.197251 0.502084 2.928003
v 0.197251 0.502084 2.928003
v 0.197251 0.502084 2.928003
v 0.195236 0.502084 2.930019
v 0.195236 0.502084 2.930019
v 0.195946 0.575000 2.951482
v 0.195946 0.575000 2.951482
v 0.195946 0.575000 2.951482
v 0.195946 0.575000 2.951482
v 0.195946 0.548590 2.954940
v 0.195946 0.548590 2.954940
v 0.205027 0.564918 2.952144
v 0.204710 0.575000 2.943146
v 0.198713 0.503651 2.932405
v 0.198713 0.503651 2.928988
v 0.195298 0.503651 2.932405
v 0.195298 0.503651 2.932405
v 0.195298 0.503651 2.932405
v 0.195298 0.503651 2.928988
v 0.195298 0.503651 2.928988
v 0.203135 0.573424 2.936518
v 0.204780 0.548590 2.936629
v 0.203135 0.573424 2.950052
v 0.204780 0.548590 2.952048
v 0.208093 0.548590 2.944339
v 0.188758 0.573424 2.936518
v 0.188758 0.573424 2.936518
v 0.205027 0.564918 2.935640
v 0.195946 0.575000 2.934810
v 0.195946 0.575000 2.934810
v 0.195946 0.575000 2.934810
v 0.195946 0.575000 2.934810
v 0.195946 0.548590 2.933738
v 0.195946 0.548590 2.933738
v 0.187112 0.548590 2.936629
v 0.188758 0.573424 2.950052
v 0.188758 0.573424 2.950052
v 0.188758 0.573424 2.950052
v 0.187112 0.548590 2.952048
v 0.187112 0.548590 2.952048
v 0.183451 0.565073 2.943878
v 0.195946 0.565073 2.932504
v 0.195946 0.565073 2.932504
v 0.208441 0.565073 2.943878
v 0.195946 0.565073 2.955251
v 0.195946 0.565073 2.955251
v 0.195946 0.578305 2.942855
v 0.195946 0.578305 2.942855
v 0.199804 0.511959 2.937462
v 0.199804 0.511959 2.937462
v 0.197768 0.498797 2.928597
v 0.197768 0.498797 2.928597
v 0.199804 0.511959 2.930692
v 0.199804 0.511959 2.930692
v 0.203190 0.511959 2.934077
v 0.196418 0.511959 2.934077
v 0.197199 0.516062 2.885603
v 0.200645 0.516062 2.885603
v 0.200645 0.516062 2.889050
v 0.197199 0.516062 2.889050
v 0.197199 0.516062 2.889050
v 0.189918 0.552880 2.888371
v 0.190139 0.559909 2.893604
v 0.190139 0.559909 2.893604
v 0.189918 0.552880 2.899878
v 0.189918 0.552880 2.899878
v 0.187780 0.541495 2.894435
v 0.197159 0.509069 2.885856
v 0.197159 0.509069 2.885856
v 0.197159 0.509069 2.885856
v 0.197159 0.509069 2.885856
v 0.198565 0.509069 2.884450
v 0.197159 0.509069 2.883046
v 0.197159 0.509069 2.883046
v 0.197159 0.509069 2.883046
v 0.197159 0.509069 2.883046
v 0.195754 0.509069 2.884450
v 0.195754 0.509069 2.884450
v 0.196249 0.559909 2.899416
v 0.196249 0.559909 2.899416
v 0.196249 0.559909 2.899416
v 0.196249 0.559909 2.899416
v 0.196249 0.541495 2.901827
v 0.196249 0.541495 2.901827
v 0.202581 0.552880 2.899878
v 0.202360 0.559909 2.893604
v 0.198179 0.510162 2.886114
v 0.198179 0.510162 2.883732
v 0.195797 0.510162 2.886114
v 0.195797 0.510162 2.886114
v 0.195797 0.510162 2.886114
v 0.195797 0.510162 2.883732
v 0.195797 0.510162 2.883732
v 0.201261 0.558811 2.888982
v 0.202409 0.541495 2.889060
v 0.201261 0.558811 2.898418
v 0.202409 0.541495 2.899811
v 0.204719 0.541495 2.894435
v 0.191237 0.558811 2.888982
v 0.191237 0.558811 2.888982
v 0.202581 0.552880 2.888371
v 0.196249 0.559909 2.887791
v 0.196249 0.559909 2.887791
v 0.196249 0.559909 2.887791
v 0.196249 0.559909 2.887791
v 0.196249 0.541495 2.887044
v 0.196249 0.541495 2.887044
v 0.190090 0.541495 2.889060
v 0.191237 0.558811 2.898418
v 0.191237 0.558811 2.898418
v 0.191237 0.558811 2.898418
v 0.190090 0.541495 2.899811
v 0.190090 0.541495 2.899811
v 0.187537 0.552988 2.894114
v 0.196249 0.552988 2.886184
v 0.196249 0.552988 2.886184
v 0.204962 0.552988 2.894114
v 0.196249 0.552988 2.902044
v 0.196249 0.552988 2.902044
v 0.196249 0.562214 2.893401
v 0.196249 0.562214 2.893401
v 0.198939 0.515955 2.889641
v 0.198939 0.515955 2.889641
v 0.197519 0.506777 2.883459
v 0.197519 0.506777 2.883459
v 0.198939 0.515955 2.884919
v 0.198939 0.515955 2.884919
v 0.201300 0.515955 2.887280
v 0.196579 0.515955 2.887280
v 0.197133 0.511021 2.833159
v 0.199668 0.511021 2.833159
v 0.199668 0.511021 2.835695
v 0.197133 0.511021 2.835695
v 0.197133 0.511021 2.835695
v 0.191775 0.538113 2.835195
v 0.191937 0.543286 2.839046
v 0.191937 0.543286 2.839046
v 0.191775 0.538113 2.843662
v 0.191775 0.538113 2.843662
v 0.190202 0.529736 2.839657
v 0.197103 0.505876 2.833344
v 0.197103 0.505876 2.833344
v 0.197103 0.505876 2.833344
v 0.197103 0.505876 2.833344
v 0.198137 0.505876 2.832310
v 0.197103 0.505876 2.831276
v 0.197103 0.505876 2.831276
v 0.197103 0.505876 2.831276
v 0.197103 0.505876 2.831276
v 0.196069 0.505876 2.832310
v 0.196069 0.505876 2.832310
v 0.196434 0.543286 2.843322
v 0.196434 0.543286 2.843322
v 0.196434 0.543286 2.843322
v 0.196434 0.543286 2.843322
v 0.196434 0.529736 2.845097
v 0.196434 0.529736 2.845097
v 0.201093 0.538113 2.843662
v 0.200930 0.543286 2.839046
v 0.197853 0.506679 2.833534
v 0.197853 0.506679 2.831781
v 0.196101 0.506679 2.833534
v 0.196101 0.506679 2.833534
v 0.196101 0.506679 2.833534
v 0.196101 0.506679 2.831781
v 0.196101 0.506679 2.831781
v 0.200122 0.542478 2.835645
v 0.200966 0.529736 2.835702
v 0.200122 0.542478 2.842588
v 0.200966 0.529736 2.843613
v 0.202666 0.529736 2.839657
v 0.192746 0.542478 2.835645
v 0.192746 0.542478 2.835645
v 0.201093 0.538113 2.835195
v 0.196434 0.543286 2.834768
v 0.196434 0.543286 2.834768
v 0.196434 0.543286 2.834768
v 0.196434 0.543286 2.834768
v 0.196434 0.529736 2.834218
v 0.196434 0.529736 2.834218
v 0.191901 0.529736 2.835702
v 0.192746 0.542478 2.842588
v 0.192746 0.542478 2.842588
v 0.192746 0.542478 2.842588
v 0.191901 0.529736 2.843613
v 0.191901 0.529736 2.843613
v 0.190023 0.538193 2.839421
v 0.196434 0.538193 2.833585
v 0.196434 0.538193 2.833585
v 0.202845 0.538193 2.839421
v 0.196434 0.538193 2.845257
v 0.196434 0.538193 2.845257
v 0.196434 0.544982 2.838896
v 0.196434 0.544982 2.838896
v 0.198413 0.510942 2.836130
v 0.198413 0.510942 2.836130
v 0.197368 0.504189 2.831580
v 0.197368 0.504189 2.831580
v 0.198413 0.510942 2.832654
v 0.198413 0.510942 2.832654
v 0.200150 0.510942 2.834393
v 0.196676 0.510942 2.834393
v 0.075437 0.571162 3.086618
v 0.075437 0.571162 3.086618
v 0.077596 0.603737 3.083999
v 0.077596 0.603737 3.083999
v 0.077596 0.603737 3.083999
v 0.075437 0.571162 3.066393
v 0.077596 0.603737 3.066247
v 0.077596 0.603737 3.066247
v 0.098612 0.571162 3.086618
v 0.096454 0.603737 3.083999
v 0.098612 0.571162 3.066393
v 0.096454 0.603737 3.066247
v 0.086174 0.512216 3.056370
v 0.086174 0.512216 3.056370
v 0.086174 0.512216 3.060851
v 0.086174 0.512216 3.060851
v 0.086174 0.512216 3.060851
v 0.090654 0.512216 3.056370
v 0.090654 0.512216 3.060851
v 0.071092 0.571162 3.076506
v 0.075114 0.592579 3.086743
v 0.075114 0.592579 3.086743
v 0.075530 0.605804 3.074942
v 0.075530 0.605804 3.074942
v 0.075114 0.592579 3.065096
v 0.087025 0.571162 3.062600
v 0.087025 0.571162 3.062600
v 0.087025 0.605804 3.064007
v 0.087025 0.605804 3.064007
v 0.087025 0.605804 3.064007
v 0.087025 0.605804 3.064007
v 0.098935 0.592579 3.065096
v 0.102958 0.571162 3.076506
v 0.098520 0.605804 3.074942
v 0.098935 0.592579 3.086743
v 0.087025 0.571162 3.090411
v 0.087025 0.571162 3.090411
v 0.087025 0.605803 3.085876
v 0.087025 0.605803 3.085876
v 0.087025 0.605803 3.085876
v 0.087025 0.605803 3.085876
v 0.086093 0.510161 3.057722
v 0.086093 0.510161 3.057722
v 0.088737 0.510161 3.055079
v 0.088737 0.510161 3.055079
v 0.088737 0.510161 3.055079
v 0.088737 0.510161 3.055079
v 0.091381 0.510161 3.057722
v 0.088737 0.510161 3.060366
v 0.088737 0.510161 3.060366
v 0.088737 0.510161 3.060366
v 0.088737 0.510161 3.060366
v 0.088812 0.523317 3.066374
v 0.088812 0.523317 3.066374
v 0.095294 0.523317 3.066374
v 0.095294 0.523317 3.059892
v 0.088812 0.523317 3.059892
v 0.070635 0.592783 3.075902
v 0.087025 0.592783 3.060982
v 0.087025 0.592783 3.060982
v 0.103415 0.592783 3.075902
v 0.087025 0.592783 3.090820
v 0.087025 0.592783 3.090820
v 0.087025 0.610140 3.074560
v 0.087025 0.610140 3.074560
v 0.092085 0.523114 3.067486
v 0.092085 0.523114 3.067486
v 0.089414 0.505849 3.055857
v 0.089414 0.505849 3.055857
v 0.092085 0.523114 3.058605
v 0.092085 0.523114 3.058605
v 0.096526 0.523114 3.063045
v 0.087644 0.523114 3.063045
v 0.029988 0.575936 3.083538
v 0.029988 0.575936 3.083538
v 0.032146 0.608512 3.080918
v 0.032146 0.608512 3.080918
v 0.032146 0.608512 3.080918
v 0.029988 0.575936 3.063313
v 0.032146 0.608512 3.063167
v 0.032146 0.608512 3.063167
v 0.053163 0.575936 3.083538
v 0.051005 0.608512 3.080918
v 0.053163 0.575936 3.063313
v 0.051005 0.608512 3.063167
v 0.040725 0.516990 3.053290
v 0.040725 0.516990 3.053290
v 0.040725 0.516990 3.057771
v 0.040725 0.516990 3.057771
v 0.040725 0.516990 3.057771
v 0.045205 0.516990 3.053290
v 0.045205 0.516990 3.057771
v 0.025643 0.575936 3.073425
v 0.029665 0.597354 3.083663
v 0.029665 0.597354 3.083663
v 0.030080 0.610578 3.071861
v 0.030080 0.610578 3.071861
v 0.029665 0.597354 3.062015
v 0.041576 0.575936 3.059520
v 0.041576 0.575936 3.059520
v 0.041576 0.610578 3.060926
v 0.041576 0.610578 3.060926
v 0.041576 0.610578 3.060926
v 0.041576 0.610578 3.060926
v 0.053486 0.597354 3.062015
v 0.057508 0.575936 3.073425
v 0.053071 0.610578 3.071861
v 0.053486 0.597354 3.083663
v 0.041576 0.575936 3.087330
v 0.041576 0.575936 3.087330
v 0.041576 0.610578 3.082795
v 0.041576 0.610578 3.082795
v 0.041576 0.610578 3.082795
v 0.041576 0.610578 3.082795
v 0.040644 0.514936 3.054641
v 0.040644 0.514936 3.054641
v 0.043288 0.514936 3.051998
v 0.043288 0.514936 3.051998
v 0.043288 0.514936 3.051998
v 0.043288 0.514936 3.051998
v 0.045931 0.514936 3.054641
v 0.043288 0.514936 3.057285
v 0.043288 0.514936 3.057285
v 0.043288 0.514936 3.057285
v 0.043288 0.514936 3.057285
v 0.043363 0.528091 3.063294
v 0.043363 0.528091 3.063294
v 0.049845 0.528091 3.063294
v 0.049845 0.528091 3.056811
v 0.043363 0.528091 3.056811
v 0.025186 0.597557 3.072821
v 0.041576 0.597557 3.057902
v 0.041576 0.597557 3.057902
v 0.057965 0.597557 3.072821
v 0.041576 0.597557 3.087739
v 0.041576 0.597557 3.087739
v 0.041576 0.614915 3.071479
v 0.041576 0.614915 3.071479
v 0.046636 0.527889 3.064405
v 0.046636 0.527889 3.064405
v 0.043965 0.510624 3.052776
v 0.043965 0.510624 3.052776
v 0.046636 0.527889 3.055524
v 0.046636 0.527889 3.055524
v 0.051077 0.527889 3.059965
v 0.042195 0.527889 3.059965
v 0.088331 0.356042 3.120172
v 0.088331 0.356042 3.120172
v 0.090489 0.323466 3.117553
v 0.090489 0.323466 3.117553
v 0.090489 0.323466 3.117553
v 0.088331 0.356042 3.099946
v 0.090489 0.323466 3.099801
v 0.090489 0.323466 3.099801
v 0.111506 0.356042 3.120172
v 0.109347 0.323466 3.117553
v 0.111506 0.356042 3.099946
v 0.109347 0.323466 3.099801
v 0.139823 0.419417 3.037847
v 0.147188 0.419417 3.037847
v 0.147188 0.419417 3.045211
v 0.139823 0.419417 3.045211
v 0.139823 0.419417 3.045211
v 0.124261 0.340727 3.043759
v 0.124733 0.325703 3.054945
v 0.124733 0.325703 3.054945
v 0.124261 0.340728 3.068354
v 0.124261 0.340728 3.068354
v 0.119691 0.365060 3.056723
v 0.099067 0.414988 3.089924
v 0.099067 0.414988 3.089924
v 0.099067 0.414988 3.094405
v 0.099067 0.414988 3.094405
v 0.099067 0.414988 3.094405
v 0.103548 0.414988 3.089924
v 0.103548 0.414988 3.094405
v 0.083985 0.356042 3.110059
v 0.088007 0.334625 3.120296
v 0.088007 0.334625 3.120296
v 0.088423 0.321400 3.108495
v 0.088423 0.321400 3.108495
v 0.088007 0.334625 3.098649
v 0.099918 0.356042 3.096154
v 0.099918 0.356042 3.096154
v 0.099918 0.321400 3.097560
v 0.099918 0.321400 3.097560
v 0.099918 0.321400 3.097560
v 0.099918 0.321400 3.097560
v 0.111829 0.334625 3.098649
v 0.115851 0.356042 3.110059
v 0.111413 0.321400 3.108495
v 0.111829 0.334625 3.120296
v 0.099918 0.356042 3.123964
v 0.099918 0.356042 3.123964
v 0.099918 0.321400 3.119429
v 0.099918 0.321400 3.119429
v 0.099918 0.321400 3.119429
v 0.099918 0.321400 3.119429
v 0.139738 0.434364 3.038385
v 0.139738 0.434364 3.038385
v 0.139738 0.434364 3.038385
v 0.139738 0.434364 3.038385
v 0.142741 0.434364 3.035382
v 0.139738 0.434364 3.032378
v 0.139738 0.434364 3.032378
v 0.139738 0.434364 3.032378
v 0.139738 0.434364 3.032378
v 0.136734 0.434364 3.035381
v 0.136734 0.434364 3.035381
v 0.137793 0.325703 3.067368
v 0.137793 0.325703 3.067368
v 0.137793 0.325703 3.067368
v 0.137793 0.325703 3.067368
v 0.137793 0.365060 3.072520
v 0.137793 0.365060 3.072520
v 0.151325 0.340728 3.068353
v 0.150853 0.325703 3.054945
v 0.141916 0.432029 3.038937
v 0.141916 0.432029 3.033846
v 0.136826 0.432029 3.038937
v 0.136826 0.432029 3.038937
v 0.136826 0.432029 3.038937
v 0.136826 0.432029 3.033846
v 0.136826 0.432029 3.033846
v 0.148505 0.328050 3.045067
v 0.150958 0.365060 3.045233
v 0.148505 0.328050 3.065236
v 0.150958 0.365060 3.068212
v 0.098986 0.417043 3.091275
v 0.098986 0.417043 3.091275
v 0.101630 0.417043 3.088632
v 0.101630 0.417043 3.088632
v 0.101630 0.417043 3.088632
v 0.101630 0.417043 3.088632
v 0.104274 0.417043 3.091275
v 0.101630 0.417043 3.093919
v 0.101630 0.417043 3.093919
v 0.101630 0.417043 3.093919
v 0.101630 0.417043 3.093919
v 0.101705 0.403887 3.099927
v 0.101705 0.403887 3.099927
v 0.108188 0.403887 3.099927
v 0.108188 0.403887 3.093445
v 0.101705 0.403887 3.093445
v 0.083528 0.334421 3.109455
v 0.099918 0.334421 3.094536
v 0.099918 0.334421 3.094536
v 0.116308 0.334421 3.109455
v 0.099918 0.334421 3.124374
v 0.099918 0.334421 3.124374
v 0.155894 0.365060 3.056722
v 0.099918 0.317064 3.108113
v 0.099918 0.317064 3.108113
v 0.127080 0.328050 3.045068
v 0.127080 0.328050 3.045068
v 0.151325 0.340728 3.043760
v 0.137793 0.325703 3.042522
v 0.137793 0.325703 3.042522
v 0.137793 0.325703 3.042522
v 0.137793 0.325703 3.042522
v 0.137793 0.365060 3.040925
v 0.137793 0.365060 3.040925
v 0.104978 0.404090 3.101039
v 0.104978 0.404090 3.101039
v 0.124628 0.365060 3.045233
v 0.127080 0.328050 3.065236
v 0.127080 0.328050 3.065236
v 0.127080 0.328050 3.065236
v 0.124628 0.365060 3.068212
v 0.124628 0.365060 3.068212
v 0.102307 0.421355 3.089410
v 0.102307 0.421355 3.089410
v 0.104978 0.404090 3.092157
v 0.104978 0.404090 3.092157
v 0.109419 0.404090 3.096599
v 0.100537 0.404090 3.096599
v 0.119172 0.340496 3.056036
v 0.137793 0.340496 3.039086
v 0.137793 0.340496 3.039086
v 0.156414 0.340496 3.056036
v 0.137793 0.340496 3.072985
v 0.137793 0.340496 3.072985
v 0.137793 0.320777 3.054512
v 0.137793 0.320777 3.054512
v 0.143542 0.419648 3.046475
v 0.143542 0.419648 3.046475
v 0.140507 0.439263 3.033263
v 0.140507 0.439263 3.033263
v 0.143542 0.419648 3.036384
v 0.143542 0.419648 3.036384
v 0.148587 0.419648 3.041430
v 0.138496 0.419648 3.041430
v 0.182055 0.394313 2.991581
v 0.187205 0.394313 2.991581
v 0.187205 0.394313 2.996731
v 0.182055 0.394313 2.996730
v 0.182055 0.394313 2.996730
v 0.171173 0.339288 2.995715
v 0.171503 0.328782 3.003537
v 0.171503 0.328782 3.003537
v 0.171173 0.339288 3.012913
v 0.171173 0.339288 3.012913
v 0.167978 0.356303 3.004779
v 0.181995 0.404764 2.991957
v 0.181995 0.404764 2.991957
v 0.181995 0.404764 2.991957
v 0.181995 0.404764 2.991957
v 0.184096 0.404764 2.989857
v 0.181995 0.404764 2.987756
v 0.181995 0.404764 2.987756
v 0.181995 0.404764 2.987756
v 0.181995 0.404764 2.987756
v 0.179895 0.404764 2.989856
v 0.179895 0.404764 2.989856
v 0.180635 0.328782 3.012224
v 0.180635 0.328782 3.012224
v 0.180635 0.328782 3.012224
v 0.180635 0.328782 3.012224
v 0.180635 0.356303 3.015826
v 0.180635 0.356303 3.015826
v 0.190097 0.339288 3.012913
v 0.189768 0.328782 3.003537
v 0.183519 0.403132 2.992343
v 0.183519 0.403132 2.988783
v 0.179959 0.403132 2.992342
v 0.179959 0.403132 2.992342
v 0.179959 0.403132 2.992342
v 0.179959 0.403132 2.988783
v 0.179959 0.403132 2.988783
v 0.188126 0.330424 2.996629
v 0.189841 0.356303 2.996745
v 0.188126 0.330424 3.010732
v 0.189841 0.356303 3.012813
v 0.193293 0.356303 3.004779
v 0.173145 0.330424 2.996629
v 0.173145 0.330424 2.996629
v 0.190097 0.339288 2.995714
v 0.180635 0.328782 2.994850
v 0.180635 0.328782 2.994850
v 0.180635 0.328782 2.994850
v 0.180635 0.328782 2.994850
v 0.180635 0.356303 2.993733
v 0.180635 0.356303 2.993733
v 0.171430 0.356303 2.996746
v 0.173145 0.330424 3.010732
v 0.173145 0.330424 3.010732
v 0.173145 0.330424 3.010732
v 0.171430 0.356303 3.012813
v 0.171430 0.356303 3.012813
v 0.167615 0.339126 3.004299
v 0.180635 0.339126 2.992447
v 0.180635 0.339126 2.992447
v 0.193656 0.339126 3.004299
v 0.180635 0.339126 3.016151
v 0.180635 0.339126 3.016151
v 0.180635 0.325338 3.003234
v 0.180635 0.325338 3.003234
v 0.184655 0.394474 2.997614
v 0.184655 0.394474 2.997614
v 0.182533 0.408190 2.988375
v 0.182533 0.408190 2.988375
v 0.184655 0.394474 2.990558
v 0.184655 0.394474 2.990558
v 0.188183 0.394474 2.994087
v 0.181127 0.394474 2.994086
v 0.194512 0.401400 2.945941
v 0.199454 0.401400 2.945942
v 0.199454 0.401400 2.950883
v 0.194512 0.401400 2.950883
v 0.194512 0.401400 2.950883
v 0.184069 0.348597 2.949909
v 0.184386 0.338515 2.957415
v 0.184386 0.338515 2.957415
v 0.184069 0.348597 2.966412
v 0.184069 0.348597 2.966412
v 0.181003 0.364924 2.958607
v 0.194455 0.411430 2.946302
v 0.194455 0.411430 2.946302
v 0.194455 0.411430 2.946302
v 0.194455 0.411430 2.946302
v 0.196470 0.411430 2.944287
v 0.194455 0.411430 2.942272
v 0.194455 0.411430 2.942272
v 0.194455 0.411430 2.942272
v 0.194455 0.411430 2.942272
v 0.192439 0.411430 2.944287
v 0.192439 0.411430 2.944287
v 0.193150 0.338515 2.965751
v 0.193150 0.338515 2.965751
v 0.193150 0.338515 2.965751
v 0.193150 0.338515 2.965751
v 0.193150 0.364924 2.969208
v 0.193150 0.364924 2.969208
v 0.202230 0.348597 2.966413
v 0.201913 0.338515 2.957415
v 0.195917 0.409863 2.946672
v 0.195917 0.409863 2.943257
v 0.192501 0.409863 2.946673
v 0.192501 0.409863 2.946673
v 0.192501 0.409863 2.946673
v 0.192501 0.409863 2.943257
v 0.192501 0.409863 2.943257
v 0.200338 0.340090 2.950786
v 0.201984 0.364924 2.950898
v 0.200338 0.340090 2.964320
v 0.201984 0.364924 2.966317
v 0.205297 0.364924 2.958607
v 0.185961 0.340090 2.950786
v 0.185961 0.340090 2.950786
v 0.202230 0.348597 2.949909
v 0.193150 0.338515 2.949079
v 0.193150 0.338515 2.949079
v 0.193150 0.338515 2.949079
v 0.193150 0.338515 2.949079
v 0.193150 0.364924 2.948006
v 0.193150 0.364924 2.948006
v 0.184316 0.364924 2.950897
v 0.185961 0.340090 2.964320
v 0.185961 0.340090 2.964320
v 0.185961 0.340090 2.964320
v 0.184316 0.364924 2.966316
v 0.184316 0.364924 2.966316
v 0.180655 0.348441 2.958147
v 0.193150 0.348441 2.946773
v 0.193150 0.348441 2.946773
v 0.205645 0.348441 2.958147
v 0.193150 0.348441 2.969521
v 0.193150 0.348441 2.969521
v 0.193150 0.335209 2.957124
v 0.193150 0.335209 2.957124
v 0.197008 0.401555 2.951731
v 0.197008 0.401555 2.951731
v 0.194971 0.414717 2.942865
v 0.194971 0.414717 2.942865
v 0.197008 0.401555 2.944960
v 0.197008 0.401555 2.944960
v 0.200393 0.401555 2.948346
v 0.193622 0.401555 2.948346
v 0.197227 0.394685 2.902364
v 0.200673 0.394685 2.902364
v 0.200673 0.394685 2.905810
v 0.197227 0.394685 2.905810
v 0.197227 0.394685 2.905810
v 0.189946 0.357867 2.905130
v 0.190166 0.350838 2.910364
v 0.190166 0.350838 2.910364
v 0.189946 0.357867 2.916638
v 0.189946 0.357867 2.916638
v 0.187808 0.369252 2.911196
v 0.197187 0.401678 2.902617
v 0.197187 0.401678 2.902617
v 0.197187 0.401678 2.902617
v 0.197187 0.401678 2.902617
v 0.198592 0.401678 2.901210
v 0.197187 0.401678 2.899805
v 0.197187 0.401678 2.899805
v 0.197187 0.401678 2.899805
v 0.197187 0.401678 2.899805
v 0.195782 0.401678 2.901210
v 0.195782 0.401678 2.901210
v 0.196277 0.350838 2.916176
v 0.196277 0.350838 2.916176
v 0.196277 0.350838 2.916176
v 0.196277 0.350838 2.916176
v 0.196277 0.369252 2.918587
v 0.196277 0.369252 2.918587
v 0.202608 0.357867 2.916638
v 0.202387 0.350838 2.910364
v 0.198206 0.400585 2.902874
v 0.198206 0.400585 2.900492
v 0.195825 0.400585 2.902875
v 0.195825 0.400585 2.902875
v 0.195825 0.400585 2.902875
v 0.195825 0.400585 2.900492
v 0.195825 0.400585 2.900492
v 0.201289 0.351936 2.905742
v 0.202436 0.369252 2.905820
v 0.201289 0.351936 2.915178
v 0.202436 0.369252 2.916571
v 0.204746 0.369252 2.911196
v 0.191265 0.351936 2.905742
v 0.191265 0.351936 2.905742
v 0.202608 0.357867 2.905131
v 0.196277 0.350838 2.904551
v 0.196277 0.350838 2.904551
v 0.196277 0.350838 2.904551
v 0.196277 0.350838 2.904551
v 0.196277 0.369252 2.903804
v 0.196277 0.369252 2.903804
v 0.190117 0.369252 2.905821
v 0.191265 0.351936 2.915179
v 0.191265 0.351936 2.915179
v 0.191265 0.351936 2.915179
v 0.190117 0.369252 2.916571
v 0.190117 0.369252 2.916571
v 0.187565 0.357759 2.910874
v 0.196277 0.357759 2.902944
v 0.196277 0.357759 2.902944
v 0.204989 0.357759 2.910874
v 0.196277 0.357759 2.918805
v 0.196277 0.357759 2.918805
v 0.196277 0.348533 2.910161
v 0.196277 0.348533 2.910161
v 0.198967 0.394792 2.906401
v 0.198967 0.394792 2.906401
v 0.197547 0.403970 2.900219
v 0.197547 0.403970 2.900219
v 0.198967 0.394792 2.901679
v 0.198967 0.394792 2.901679
v 0.201327 0.394792 2.904040
v 0.196606 0.394792 2.904041
v 0.202397 0.395640 2.851200
v 0.204933 0.395640 2.851200
v 0.204933 0.395640 2.853735
v 0.202397 0.395640 2.853735
v 0.202397 0.395640 2.853735
v 0.197040 0.368548 2.853236
v 0.197202 0.363375 2.857087
v 0.197202 0.363375 2.857087
v 0.197040 0.368548 2.861703
v 0.197040 0.368548 2.861703
v 0.195466 0.376925 2.857699
v 0.202368 0.400786 2.851385
v 0.202368 0.400786 2.851385
v 0.202368 0.400786 2.851385
v 0.202368 0.400786 2.851385
v 0.203402 0.400786 2.850351
v 0.202368 0.400786 2.849318
v 0.202368 0.400786 2.849318
v 0.202368 0.400786 2.849318
v 0.202368 0.400786 2.849318
v 0.201334 0.400786 2.850351
v 0.201334 0.400786 2.850351
v 0.201698 0.363375 2.861364
v 0.201698 0.363375 2.861364
v 0.201698 0.363375 2.861364
v 0.201698 0.363375 2.861364
v 0.201698 0.376925 2.863137
v 0.201698 0.376925 2.863137
v 0.206357 0.368548 2.861703
v 0.206195 0.363375 2.857087
v 0.203118 0.399982 2.851575
v 0.203118 0.399982 2.849823
v 0.201366 0.399982 2.851575
v 0.201366 0.399982 2.851575
v 0.201366 0.399982 2.851575
v 0.201366 0.399982 2.849823
v 0.201366 0.399982 2.849823
v 0.205387 0.364183 2.853686
v 0.206231 0.376925 2.853743
v 0.205387 0.364183 2.860630
v 0.206231 0.376925 2.861654
v 0.207931 0.376925 2.857699
v 0.198010 0.364183 2.853686
v 0.198010 0.364183 2.853686
v 0.206357 0.368548 2.853236
v 0.201698 0.363375 2.852810
v 0.201698 0.363375 2.852810
v 0.201698 0.363375 2.852810
v 0.201698 0.363375 2.852810
v 0.201698 0.376925 2.852260
v 0.201698 0.376925 2.852260
v 0.197166 0.376925 2.853743
v 0.198010 0.364183 2.860630
v 0.198010 0.364183 2.860630
v 0.198010 0.364183 2.860630
v 0.197166 0.376925 2.861654
v 0.197166 0.376925 2.861654
v 0.195288 0.368468 2.857462
v 0.201698 0.368468 2.851627
v 0.201698 0.368468 2.851627
v 0.208109 0.368468 2.857462
v 0.201698 0.368468 2.863297
v 0.201698 0.368468 2.863297
v 0.201698 0.361679 2.856937
v 0.201698 0.361679 2.856937
v 0.203678 0.395719 2.854170
v 0.203678 0.395719 2.854170
v 0.202633 0.402472 2.849622
v 0.202633 0.402472 2.849622
v 0.203678 0.395719 2.850697
v 0.203678 0.395719 2.850697
v 0.205415 0.395719 2.852433
v 0.201941 0.395719 2.852433
v 0.021860 0.348514 3.122079
v 0.021860 0.348514 3.122079
v 0.024018 0.315939 3.119460
v 0.024018 0.315939 3.119460
v 0.024018 0.315939 3.119460
v 0.021860 0.348514 3.101853
v 0.024018 0.315939 3.101707
v 0.024018 0.315939 3.101707
v 0.045035 0.348514 3.122079
v 0.042876 0.315939 3.119460
v 0.045035 0.348514 3.101853
v 0.042876 0.315939 3.101707
v 0.032597 0.407460 3.091831
v 0.032597 0.407460 3.091831
v 0.032597 0.407460 3.096312
v 0.032597 0.407460 3.096312
v 0.032597 0.407460 3.096312
v 0.037077 0.407460 3.091831
v 0.037077 0.407460 3.096312
v 0.017515 0.348514 3.111966
v 0.021537 0.327097 3.122204
v 0.021537 0.327097 3.122204
v 0.021952 0.313872 3.110402
v 0.021952 0.313872 3.110402
v 0.021537 0.327097 3.100556
v 0.033447 0.348514 3.098061
v 0.033447 0.348514 3.098061
v 0.033447 0.313872 3.099467
v 0.033447 0.313872 3.099467
v 0.033447 0.313872 3.099467
v 0.033447 0.313872 3.099467
v 0.045358 0.327097 3.100556
v 0.049380 0.348514 3.111966
v 0.044943 0.313872 3.110402
v 0.045358 0.327097 3.122204
v 0.033447 0.348514 3.125871
v 0.033447 0.348514 3.125871
v 0.033447 0.313872 3.121336
v 0.033447 0.313872 3.121336
v 0.033447 0.313872 3.121336
v 0.033447 0.313872 3.121336
v 0.032516 0.409515 3.093183
v 0.032516 0.409515 3.093183
v 0.035159 0.409515 3.090539
v 0.035159 0.409515 3.090539
v 0.035159 0.409515 3.090539
v 0.035159 0.409515 3.090539
v 0.037803 0.409515 3.093183
v 0.035159 0.409515 3.095826
v 0.035159 0.409515 3.095826
v 0.035159 0.409515 3.095826
v 0.035159 0.409515 3.095826
v 0.035235 0.396359 3.101834
v 0.035235 0.396359 3.101834
v 0.041717 0.396359 3.101834
v 0.041717 0.396359 3.095352
v 0.035235 0.396359 3.095352
v 0.017058 0.326893 3.111362
v 0.033447 0.326893 3.096443
v 0.033447 0.326893 3.096443
v 0.049837 0.326893 3.111362
v 0.033447 0.326893 3.126281
v 0.033447 0.326893 3.126281
v 0.033447 0.309536 3.110021
v 0.033447 0.309536 3.110021
v 0.038508 0.396562 3.102946
v 0.038508 0.396562 3.102946
v 0.035837 0.413827 3.091317
v 0.035837 0.413827 3.091317
v 0.038508 0.396562 3.094065
v 0.038508 0.396562 3.094065
v 0.042949 0.396562 3.098505
v 0.034067 0.396562 3.098505
v -0.051243 1.311895 -6.734516
v -0.051308 1.193732 -6.736986
v -0.184155 0.752837 3.068073
v -0.170781 0.340080 3.100235
v -0.141475 1.226041 -5.714652
v -0.177981 1.056638 -4.951209
v -0.165083 0.784021 -4.085730
v -0.193586 0.544097 -3.172379
v -0.297453 0.603408 -2.291569
v -0.414422 0.925596 -1.241673
v -0.516123 1.103694 -0.415054
v -0.596010 1.246825 0.423561
v -0.519548 0.985948 1.444272
v -0.350291 0.881888 2.317410
v -0.365462 0.356398 2.274711
v -0.416964 0.246846 1.403010
v -0.575937 0.292802 0.428495
v -0.516123 0.465007 -0.415053
v -0.448878 0.324248 -1.289656
v -0.448878 0.324248 -1.289656
v -0.297453 0.232972 -2.291569
v -0.193586 0.263581 -3.172379
v -0.165284 0.565940 -4.086453
v -0.178879 0.913631 -4.954782
v -0.141988 1.104259 -5.725667
v -0.268596 0.738076 2.764262
v -0.268596 0.328670 2.791893
v -0.413648 0.983158 1.871114
v -0.337011 0.200435 1.855322
v -0.576107 1.165998 0.980578
v -0.576107 1.165998 0.980578
v -0.576107 1.165998 0.980578
v -0.510972 0.260693 0.940133
v -0.088724 1.812453 -5.668482
v -0.469884 0.545105 1.888885
v -0.521699 0.716371 1.694757
v -0.769349 0.430103 0.425875
v -0.756548 0.256471 0.415282
v -0.781953 0.227341 0.125168
v -0.792271 0.300391 0.138002
v -0.757578 0.206007 0.629650
v -0.774470 0.284689 0.633128
v -1.677042 -0.911361 -0.491109
v -1.674788 -0.996568 -0.497627
v -1.665788 -0.954685 -0.684518
v -1.666219 -0.895529 -0.670374
v -1.605929 -0.897960 -0.238594
v -1.616572 -0.839381 -0.234319
v -1.404753 -0.632730 0.132311
v -1.394405 -0.738814 -0.187259
v -1.445084 -0.652175 -0.175601
v -1.361175 -0.686920 0.125171
v -1.444018 -0.648558 -0.457198
v -1.417854 -0.703103 -0.481203
v -1.084826 -0.248061 0.143362
v -0.999980 -0.320131 0.438215
v -1.095993 -0.336397 -0.343523
v -1.045024 -0.310095 -0.216643
v -1.046482 -0.251819 0.444713
v -1.028863 -0.351718 0.132727
v -0.368557 0.793585 -1.653750
v -0.407454 0.256695 -1.656156
v -0.407454 0.256695 -1.656156
v -0.473517 0.438495 -1.607239
v -0.473517 0.438495 -1.607239
v -0.503675 0.488981 -1.370787
v -0.503675 0.488981 -1.370787
v -0.589707 0.115020 -1.747701
v -0.724863 -0.056719 -2.069257
v -0.869119 -0.228457 -2.408867
v -0.999376 -0.339671 -2.659372
v -0.992537 -0.316042 -2.381130
v -0.881841 -0.196447 -1.952452
v -0.744865 -0.024708 -1.737339
v -0.609710 0.147031 -1.555270
v -0.992537 -0.236402 -2.381130
v -0.881841 -0.090765 -1.952453
v -0.744865 0.080974 -1.737340
v -0.609710 0.252712 -1.555270
v -0.589707 0.223729 -1.747701
v -0.724863 0.051990 -2.069258
v -0.869118 -0.119748 -2.408868
v -0.999376 -0.258518 -2.659372
v -0.692105 1.240476 0.769652
v -0.692105 1.240476 0.769652
v -0.687519 0.975380 0.893996
v -0.687519 0.975380 0.893996
v -0.722994 1.081534 0.566682
v -0.722994 1.081534 0.566682
v -0.718310 0.957282 0.684436
v -0.718310 0.957282 0.684436
v -4.243200 1.592516 0.456212
v -0.893568 1.225744 0.939637
v -0.910317 1.216572 0.791962
v -0.891001 1.007028 0.907707
v -1.168490 1.249419 0.888742
v -1.479852 1.286481 0.847918
v -1.791214 1.323543 0.804211
v -2.102576 1.360605 0.764808
v -2.725300 1.434730 0.691316
v -3.036662 1.471792 0.644973
v -3.348024 1.508854 0.617035
v -3.659386 1.545916 0.573305
v -3.944802 1.579890 0.528834
v -1.165922 1.042515 0.914656
v -1.477284 1.079577 0.893185
v -1.788647 1.116639 0.857304
v -2.102146 1.153928 0.790206
v -2.720712 1.227557 0.720315
v -3.036125 1.265242 0.670467
v -3.346111 1.300184 0.585471
v -3.655613 1.338981 0.596320
v -3.942234 1.372986 0.563766
v -3.961550 1.579576 0.445019
v -3.674373 1.545556 0.477747
v -3.364825 1.511389 0.466376
v -3.054958 1.471826 0.552323
v -2.739574 1.434131 0.601411
v -2.121028 1.360505 0.671620
v -1.807962 1.323230 0.738558
v -1.496601 1.286168 0.774439
v -1.185239 1.249106 0.795910
v -0.759100 1.009392 0.591934
v -0.906386 1.066734 0.716791
v -1.180318 1.102222 0.726832
v -1.489433 1.139284 0.700932
v -1.797937 1.176346 0.657224
v -2.100644 1.212850 0.574972
v -2.726418 1.288123 0.467475
v -3.029289 1.324093 0.402997
v -3.678142 1.400023 0.324683
v -3.995384 1.432693 0.291602
v -0.728085 1.073578 0.518988
v -0.728085 1.073578 0.518988
v -0.912337 1.168535 0.677370
v -1.186269 1.204022 0.687411
v -1.495383 1.241084 0.661510
v -1.804029 1.278146 0.617799
v -2.104592 1.314375 0.536795
v -2.730297 1.389633 0.427421
v -3.033149 1.425593 0.365450
v -3.681563 1.501472 0.284561
v -4.002186 1.534493 0.252155
v -3.468221 1.383768 0.218178
v -3.229604 1.456813 0.206628
v -3.354055 1.486536 0.254347
v -3.461541 1.484421 0.177742
v -3.234537 1.355952 0.236766
v -3.349627 1.343663 0.302685
v -2.511796 1.269017 0.404929
v -2.298638 1.344720 0.403640
v -2.505939 1.369846 0.363186
v -2.303481 1.243832 0.437943
v -4.174673 1.448597 0.172272
v -4.182731 1.563917 0.126887
v -4.584534 1.729455 -1.184717
v -4.568943 1.533017 -1.103709
v -0.955210 1.263907 0.225610
v -0.958319 1.214066 0.243812
v -1.219247 1.299394 0.151965
v -1.222357 1.249553 0.170167
v -1.505887 1.336457 0.033389
v -1.508996 1.286616 0.051591
v -1.767206 1.373519 -0.097955
v -1.769320 1.323678 -0.079724
v -1.944568 1.409077 -0.249102
v -1.945537 1.359497 -0.232584
v -2.492196 1.485652 -0.732344
v -2.492876 1.436084 -0.714396
v -2.789105 1.520118 -0.993590
v -2.788704 1.470570 -0.976507
v -3.078693 1.576797 -1.313282
v -3.079211 1.516663 -1.292653
v -3.535169 1.597476 -1.115178
v -3.535131 1.547971 -1.095949
v -4.185091 1.629865 -1.149437
v -4.182230 1.580024 -1.131057
v -3.204788 1.517089 -1.171279
v -3.019845 1.495075 -1.158666
v -2.244944 1.402404 -0.528723
v -2.108394 1.383655 -0.430399
v -0.853198 1.191981 0.289520
v -4.457385 1.591288 -1.236290
v -0.851079 1.229361 0.275862
v -3.117872 1.597415 -1.159434
v -3.196014 1.581275 -1.198255
v -3.012731 1.559459 -1.175859
v -2.228843 1.466812 -0.551241
v -2.095656 1.448120 -0.446577
v -4.462454 1.667575 -1.265795
v -3.116091 1.475588 -1.120849
v -3.659213 1.475274 -0.393989
v -3.379756 1.530786 -0.459069
v -4.382326 1.613345 -0.514189
v -3.659269 1.549531 -0.422832
v -4.166652 1.582004 -0.456880
v -4.375522 1.511545 -0.474742
v -4.162360 1.507243 -0.429308
v -2.948620 1.472184 -0.323612
v -3.167675 1.505541 -0.431821
v -2.050531 1.361151 0.121888
v -2.239528 1.393806 -0.005063
v -0.800574 1.124672 0.405167
v -4.543413 1.683115 -0.559037
v -0.933428 1.141285 0.470697
v -0.800158 1.162328 0.391356
v -1.202413 1.176772 0.438895
v -0.932602 1.216046 0.443278
v -1.500289 1.213834 0.366657
v -1.201587 1.251533 0.411477
v -3.276381 1.411866 -0.416691
v -3.176828 1.418630 -0.408666
v -2.050928 1.286781 0.147230
v -1.790526 1.250897 0.276082
v -2.410406 1.415948 -0.086131
v -1.499464 1.288595 0.339239
v -1.790553 1.325658 0.248639
v -2.251794 1.306806 0.019797
v -3.391092 1.444135 -0.423041
v -2.948019 1.397862 -0.297987
v -4.526566 1.473157 -0.472092
v -2.649823 1.437723 -0.175326
v -2.425357 1.329022 -0.052402
v -2.650039 1.363371 -0.147742
v -3.278014 1.541315 -0.457074
v -0.116899 1.175213 -5.041812
v -0.097875 1.347886 -5.636223
v -0.093796 1.109538 -4.725762
v -0.091586 1.745386 -5.278848
v -0.074922 2.175465 -5.722557
v -0.099380 1.423120 -4.932662
v -0.107359 1.491913 -5.191152
v -0.104114 1.281018 -4.856772
v -0.121791 0.857262 -5.045984
v -0.100501 0.988285 -5.640388
v -0.094091 0.714778 -4.693336
v -0.077591 0.169930 -5.714688
v -0.095745 0.287739 -5.269631
v -0.101603 0.385689 -4.990723
v -0.091894 0.593334 -5.635026
v -0.097059 0.552507 -4.825184
v -0.113349 0.596631 -5.183017
v -0.029408 1.318843 -7.432046
v -0.029408 1.218781 -7.432046
v -0.023897 1.299511 -7.733871
v -0.023897 1.238113 -7.733871
v -0.057850 1.253470 -6.739406
v -0.193200 0.653349 3.096510
v -0.224069 0.710787 2.958220
v -0.111035 0.318999 3.147463
v -0.031339 1.337177 -6.739656
v -0.171195 1.154186 -5.316737
v -0.169454 0.929656 -4.535006
v -0.169998 0.638714 -3.629660
v -0.241814 0.541450 -2.719168
v -0.388218 0.863493 -1.462254
v -0.459112 1.013020 -0.891150
v -0.564906 1.146392 0.069405
v -0.541211 1.055575 1.171809
v -0.381093 0.931204 2.090067
v -0.313588 0.362229 2.566284
v -0.368316 0.219317 1.638415
v -0.554269 0.278654 0.698047
v -0.562397 0.393269 0.069376
v -0.462804 0.440083 -0.895420
v -0.344979 0.269518 -1.922797
v -0.241814 0.217140 -2.719167
v -0.170023 0.389968 -3.629752
v -0.170044 0.751284 -4.536991
v -0.172016 1.028226 -5.324967
v -0.151026 1.165806 -5.723813
v -0.193843 0.985462 -4.953937
v -0.189570 0.675308 -4.087033
v -0.222624 0.403839 -3.172380
v -0.343051 0.416135 -2.282324
v -0.511317 0.439203 -1.271142
v -0.511317 0.439203 -1.271142
v -0.511317 0.439203 -1.271142
v -0.594127 0.756954 -0.399514
v -0.692936 0.434615 0.448843
v -0.692936 0.434615 0.448843
v -0.531392 0.606617 1.404495
v -0.405966 0.645434 2.313491
v -0.117489 1.262566 -5.691169
v -0.117489 1.262566 -5.691169
v -0.140278 1.098934 -4.964244
v -0.140278 1.098934 -4.964244
v -0.095440 0.825581 -4.064426
v -0.111312 0.605460 -3.172380
v -0.170635 0.685880 -2.298042
v -0.239035 1.022583 -1.232777
v -0.296532 1.262584 -0.425932
v -0.353459 1.322988 0.415930
v -0.298071 1.146733 1.405964
v -0.201417 0.982178 2.317410
v -0.312027 0.840297 2.544823
v -0.224069 0.322266 2.997823
v -0.323731 0.623174 2.765251
v -0.154443 0.818077 2.763830
v -0.457855 1.022950 1.665088
v -0.338539 0.229804 2.060876
v -0.239492 1.069819 1.861326
v -0.430654 0.360028 1.856558
v -0.617269 1.235047 0.849799
v -0.617269 1.235047 0.849799
v -0.466811 0.266591 1.167045
v -0.347527 1.238174 0.955438
v -0.634455 0.624182 0.916336
v -0.031476 1.166817 -6.742123
v -0.111035 0.808567 3.094452
v -0.090106 0.350978 -5.680489
v -0.095866 0.509162 -4.066492
v -0.111312 0.202218 -3.172380
v -0.170635 0.153378 -2.298041
v -0.242622 0.307878 -1.237912
v -0.296532 0.344472 -0.425931
v -0.328265 0.194080 0.414377
v -0.227163 0.089063 1.403502
v -0.194030 0.252986 2.313491
v -0.154443 0.252691 2.766842
v -0.184632 0.129625 1.859351
v -0.285237 0.096831 0.948304
v -0.098500 1.205545 -4.808946
v -0.477792 0.779840 1.890118
v -0.438678 0.456394 2.065073
v -0.502412 0.645735 1.752676
v -0.529494 0.781768 1.638550
v -0.714352 0.735867 0.483221
v -0.714352 0.735867 0.483221
v -1.540208 -0.755450 -0.076344
v -0.760692 0.283776 0.241732
v -0.771778 0.399351 0.254388
v -0.765247 0.331843 0.129784
v -0.765247 0.331843 0.129784
v -0.747420 0.268033 0.566956
v -0.744524 0.310660 0.666039
v -0.744524 0.310660 0.666039
v -0.763540 0.388858 0.571836
v -1.711851 -0.992337 -0.544000
v -1.711851 -0.992337 -0.544000
v -1.684083 -0.995235 -0.628017
v -1.683007 -0.915118 -0.615343
v -1.682191 -0.940995 -0.712119
v -1.682191 -0.940995 -0.712119
v -1.644735 -0.956151 -0.356043
v -1.622365 -0.876434 -0.247209
v -1.622365 -0.876434 -0.247209
v -1.652035 -0.876508 -0.351462
v -0.903835 0.083723 0.304812
v -1.559951 -0.896384 -0.361131
v -0.843033 -0.036491 0.565353
v -0.898480 0.062634 -0.001134
v -0.878187 -0.018208 -0.020197
v -1.584093 -0.793438 -0.350843
v -1.514987 -0.819989 -0.082597
v -1.587128 -0.797266 -0.592218
v -1.577142 -0.862587 -0.613198
v -1.407952 -0.730338 -0.360656
v -1.431335 -0.670115 -0.511246
v -1.431335 -0.670115 -0.511246
v -1.376167 -0.651708 0.176386
v -1.376167 -0.651708 0.176386
v -1.449525 -0.649104 -0.337620
v -1.429560 -0.640056 -0.001182
v -1.372749 -0.720980 -0.009461
v -1.233052 -0.477109 0.303167
v -1.210513 -0.569237 -0.025320
v -1.272841 -0.484655 -0.013703
v -1.181559 -0.530792 0.296054
v -1.267133 -0.477581 -0.336337
v -1.232826 -0.530172 -0.360309
v -0.874308 0.050776 0.570674
v -0.868809 -0.054462 0.295338
v -1.009901 -0.345209 0.312782
v -1.071067 -0.245772 0.320263
v -1.086102 -0.242680 -0.044822
v -1.016705 -0.282087 0.484971
v -1.016705 -0.282087 0.484971
v -1.079342 -0.363589 -0.408211
v -1.079342 -0.363589 -0.408211
v -1.038050 -0.338884 -0.066133
v -0.340966 0.693324 -1.921811
v -0.413567 0.254448 -1.489936
v -0.413567 0.254448 -1.489936
v -0.211520 0.873720 -1.660222
v -0.215637 0.239546 -1.660342
v -0.457735 0.349599 -1.687378
v -0.457735 0.349599 -1.687378
v -0.457735 0.349599 -1.687378
v -0.438496 0.614315 -1.634068
v -0.484898 0.706967 -1.276874
v -0.487458 0.486241 -1.493168
v -0.487458 0.486241 -1.493168
v -0.540080 0.233720 -1.458270
v -0.545772 0.346648 -1.465525
v -0.517667 0.197813 -1.647981
v -0.657285 0.029151 -1.898843
v -0.793578 -0.142588 -2.236610
v -0.949494 -0.305875 -2.578536
v -0.949202 -0.275311 -2.181415
v -0.812671 -0.110578 -1.817608
v -0.677288 0.061161 -1.649631
v -0.949202 -0.174080 -2.181415
v -0.812671 -0.004896 -1.817608
v -0.677288 0.166843 -1.649631
v -0.524500 0.314977 -1.643786
v -0.657285 0.137860 -1.898844
v -0.793578 -0.033879 -2.236610
v -0.949494 -0.201897 -2.578536
v -0.599709 0.258320 -1.651485
v -0.734864 0.086581 -1.903298
v -0.875480 -0.085158 -2.180660
v -1.005156 -0.248060 -2.548776
v -0.585957 0.163656 -1.783782
v -0.585957 0.163656 -1.783782
v -0.721112 -0.008083 -2.131492
v -0.721112 -0.008083 -2.131492
v -0.888199 -0.181413 -2.492800
v -0.888199 -0.181413 -2.492800
v -1.010445 -0.311009 -2.712227
v -1.010445 -0.311009 -2.712227
v -0.613461 0.205589 -1.519189
v -0.613461 0.205589 -1.519189
v -0.748616 0.033851 -1.675106
v -0.748616 0.033851 -1.675106
v -0.884226 -0.137888 -1.866874
v -0.884226 -0.137888 -1.866874
v -0.999867 -0.283125 -2.385325
v -0.999867 -0.283125 -2.385325
v -0.599709 0.110926 -1.651485
v -0.734864 -0.060812 -1.903298
v -0.875480 -0.232551 -2.180660
v -1.005156 -0.346074 -2.548776
v -0.627503 1.281316 0.649468
v -0.697485 1.102147 0.474745
v -0.704262 0.916069 0.761893
v -0.704262 0.916069 0.761893
v -0.723043 1.011943 0.573027
v -0.723043 1.011943 0.573027
v -0.723043 1.011943 0.573027
v -4.251838 1.451215 0.481257
v -4.199328 1.606293 0.474880
v -0.898842 1.028879 0.809638
v -0.879557 1.018014 1.025697
v -2.258257 1.379137 0.757223
v -2.569619 1.416199 0.722188
v -3.192343 1.490323 0.631174
v -3.503705 1.527385 0.596918
v -2.260197 1.172098 0.744570
v -2.562724 1.208108 0.713779
v -3.194151 1.283689 0.618407
v -3.498634 1.319932 0.584222
v -3.516748 1.527647 0.465659
v -3.212419 1.491422 0.500756
v -2.581069 1.415810 0.594180
v -2.278587 1.379805 0.625644
v -1.173640 1.064366 0.825569
v -1.484720 1.101428 0.807173
v -1.795725 1.138490 0.771780
v -2.110135 1.175915 0.696807
v -2.725269 1.249234 0.623287
v -3.043277 1.287374 0.570249
v -3.663540 1.361043 0.495835
v -3.954795 1.394836 0.465827
v -1.154478 1.053132 1.009348
v -1.465840 1.090194 0.978201
v -1.777202 1.127255 0.938406
v -2.088832 1.164347 0.885500
v -2.711036 1.238410 0.813644
v -3.022904 1.275549 0.765840
v -3.334094 1.312346 0.708273
v -3.645224 1.349625 0.692669
v -3.930789 1.383603 0.653949
v -0.717411 0.936196 0.619520
v -3.597580 1.511506 -0.795453
v -3.432787 1.498205 -0.065663
v -4.432455 1.647405 -0.920853
v -3.683881 1.516379 -0.020688
v -4.192244 1.615131 -0.857168
v -4.269517 1.476159 -0.079563
v -4.188128 1.543485 -0.830745
v -3.002009 1.439215 0.068079
v -3.084615 1.539541 -0.837673
v -2.084229 1.328160 0.353278
v -2.163227 1.427852 -0.246371
v -0.838365 1.164526 0.362737
v -0.659221 1.031616 0.977093
v -0.659221 1.031616 0.977093
v -0.880159 1.154166 1.043550
v -0.880159 1.154166 1.043550
v -1.155081 1.181164 0.987435
v -1.155081 1.181164 0.987435
v -1.466442 1.218226 0.942982
v -1.466442 1.218226 0.942982
v -1.777805 1.255288 0.897809
v -1.777805 1.255288 0.897809
v -2.089167 1.292351 0.863426
v -2.089167 1.292351 0.863426
v -2.711891 1.366475 0.789342
v -2.711891 1.366475 0.789342
v -3.023253 1.403537 0.743509
v -3.023253 1.403537 0.743509
v -3.334614 1.440599 0.726819
v -3.334614 1.440599 0.726819
v -3.645977 1.477661 0.672438
v -3.645977 1.477661 0.672438
v -3.931392 1.511635 0.625837
v -3.931392 1.511635 0.625837
v -0.701882 1.151123 0.863497
v -0.701882 1.151123 0.863497
v -4.243385 1.539563 0.516229
v -4.243385 1.539563 0.516229
v -0.910869 1.184706 0.742845
v -1.185666 1.219823 0.758401
v -1.496747 1.256886 0.740004
v -1.807770 1.293948 0.704612
v -2.120853 1.331292 0.630195
v -2.735927 1.404603 0.555668
v -3.053861 1.442763 0.504675
v -4.588557 1.715656 -0.950561
v -3.673892 1.516403 0.428894
v -3.966928 1.550295 0.398655
v -0.948186 1.177527 0.342283
v -0.767746 1.137878 0.452458
v -1.214326 1.213014 0.286420
v -0.920341 1.182963 0.572536
v -1.505742 1.250077 0.187539
v -1.192171 1.218450 0.564794
v -3.281919 1.470591 0.254275
v -3.422090 1.360901 0.283653
v -3.421306 1.487182 0.236714
v -3.281513 1.344168 0.294194
v -3.327807 1.376197 -0.013049
v -3.093590 1.455013 -0.815160
v -2.083555 1.250396 0.380507
v -1.779844 1.287139 0.072930
v -2.472940 1.245577 0.463748
v -2.348254 1.356928 0.431533
v -2.348454 1.230637 0.478782
v -2.324309 1.449646 -0.351536
v -2.472133 1.371827 0.411403
v -1.496510 1.255512 0.519199
v -1.778004 1.358785 0.046685
v -4.162136 1.422832 0.267523
v -4.174381 1.581025 0.200842
v -4.593244 1.714131 -1.266885
v -4.529770 1.527673 -1.118641
v -4.581760 1.563120 -1.205606
v -0.960327 1.248034 0.201370
v -0.960327 1.248034 0.201370
v -1.223622 1.283522 0.121449
v -1.223622 1.283522 0.121449
v -1.508577 1.320584 -0.004079
v -1.508577 1.320584 -0.004079
v -1.764325 1.357647 -0.141213
v -1.764325 1.357647 -0.141213
v -1.926219 1.393335 -0.295620
v -1.926219 1.393335 -0.295620
v -2.465237 1.469916 -0.806111
v -2.465237 1.469916 -0.806111
v -2.760862 1.504393 -1.085879
v -2.760862 1.504393 -1.085879
v -3.079040 1.546349 -1.307162
v -3.079040 1.546349 -1.307162
v -3.511678 1.581772 -1.210137
v -3.511678 1.581772 -1.210137
v -4.179202 1.613993 -1.244821
v -4.179202 1.613993 -1.244821
v -3.046105 1.511554 -1.274274
v -2.122413 1.399835 -0.522939
v -0.848968 1.213124 0.270524
v -0.848968 1.213124 0.270524
v -4.589500 1.641830 -1.297348
v -4.589500 1.641830 -1.297348
v -3.084316 1.597336 -1.290926
v -3.043401 1.571218 -1.292113
v -2.111681 1.459514 -0.540615
v -3.122466 1.520643 -1.278152
v -3.118878 1.580202 -1.301214
v -3.082854 1.495066 -1.257396
v -3.077613 1.585077 -1.157860
v -3.156423 1.487662 -1.129913
v -3.152879 1.594035 -1.168201
v -3.079851 1.478547 -1.127276
v -3.190480 1.557114 -1.265488
v -3.190480 1.557114 -1.265488
v -2.983064 1.532425 -1.245345
v -2.983064 1.532425 -1.245345
v -2.173168 1.406894 -0.556201
v -2.160536 1.466542 -0.577231
v -2.215168 1.371974 -0.457081
v -2.146670 1.471304 -0.461469
v -2.163327 1.364908 -0.426738
v -2.225938 1.443101 -0.603447
v -2.225938 1.443101 -0.603447
v -2.195893 1.478326 -0.496815
v -2.072450 1.421621 -0.478035
v -2.072450 1.421621 -0.478035
v -4.546186 1.732999 -1.203552
v -4.460089 1.636734 -1.340936
v -4.460089 1.636734 -1.340936
v -4.479724 1.551129 -1.149724
v -4.491205 1.702595 -1.211113
v -2.296073 1.271459 0.269734
v -3.304950 1.480171 -0.829349
v -2.864628 1.434095 -0.686828
v -4.571926 1.508015 -0.864633
v -2.705087 1.404567 0.163416
v -2.480132 1.294194 0.223267
v -2.567146 1.399605 -0.474633
v -3.194522 1.575472 -0.858588
v -3.683404 1.438723 0.009565
v -3.293844 1.564445 -0.864438
v -4.276535 1.580275 -0.120026
v -3.597634 1.582668 -0.823094
v -4.086142 1.548921 -0.054531
v -4.425834 1.548265 -0.882445
v -4.081535 1.470780 -0.025475
v -2.865205 1.505320 -0.711385
v -3.217236 1.472548 -0.038128
v -1.995432 1.394287 -0.096343
v -2.286687 1.360746 0.242269
v -0.766768 1.098520 0.467053
v -4.435807 1.648041 -0.154269
v -0.918401 1.104822 0.601511
v -0.836390 1.212231 0.345284
v -1.190230 1.140309 0.593770
v -0.945156 1.249173 0.316074
v -1.494568 1.177371 0.548175
v -1.211296 1.284660 0.260213
v -3.192871 1.446976 -0.818430
v -3.225665 1.383338 -0.013823
v -1.996429 1.323015 -0.072387
v -1.796502 1.214434 0.483936
v -2.469046 1.383410 0.186972
v -1.502711 1.321723 0.161330
v -1.798887 1.292574 0.454947
v -2.177426 1.343235 -0.223644
v -3.443323 1.409247 -0.028935
v -3.001000 1.361496 0.095195
v -4.418919 1.440529 -0.065551
v -2.566470 1.470859 -0.500682
v -2.342087 1.365101 -0.320433
v -2.704389 1.326820 0.192890
v -3.329788 1.507323 -0.054427
v -3.319880 1.537808 -0.462699
v -3.324442 1.424567 -0.422023
v -2.306062 1.299962 0.004730
v -3.232454 1.527402 -0.450610
v -2.295277 1.413228 -0.034064
v -4.410975 1.642053 -0.505824
v -2.371148 1.308286 -0.018096
v -4.473802 1.456308 -0.423487
v -2.358516 1.421502 -0.062988
v -3.235517 1.413982 -0.418784
v -4.492533 1.686545 -0.519338
v -4.563323 1.658640 -0.595692
v -0.791839 1.140893 0.399485
v -0.791839 1.140893 0.399485
v -4.617357 1.584597 -0.615588
v -4.617357 1.584597 -0.615588
v -4.551678 1.505877 -0.533644
v -4.399150 1.486174 -0.442628
v -0.089868 1.553679 -5.632757
v -0.105387 1.651968 -5.251327
v -0.067886 1.090834 -4.617637
v -0.106370 1.098700 -4.798422
v -0.116981 1.271734 -5.333861
v -0.055948 1.751888 -5.262541
v -0.044608 2.228253 -5.724586
v -0.096803 1.503704 -5.016649
v -0.087356 1.987522 -5.525871
v -0.108551 1.317172 -5.121907
v -0.086999 2.033514 -5.703959
v -0.099851 1.357745 -4.879519
v -0.108080 1.342012 -4.968833
v -0.104362 1.670446 -5.438493
v -0.143047 0.881253 -4.970005
v -0.143047 0.881253 -4.970005
v -0.119038 1.065105 -5.705099
v -0.119038 1.065105 -5.705099
v -0.121141 0.934173 -5.338292
v -0.110100 0.770490 -4.802287
v -0.046185 0.099402 -5.720788
v -0.057050 0.245975 -5.256346
v -0.091430 0.232897 -5.494557
v -0.099349 0.351627 -5.058811
v -0.095560 0.663807 -4.748801
v -0.114404 0.758102 -5.120235
v -0.092970 0.822493 -5.614206
v -0.099686 0.432200 -4.931846
v -0.111148 0.418554 -5.240112
v -0.109371 0.598782 -5.411498
v -0.112219 0.582353 -4.984045
v -0.033819 1.268812 -7.432046
v -0.016910 1.340731 -7.432046
v -0.016910 1.196892 -7.432045
v -0.033336 1.322297 -7.140113
v -0.033344 1.211327 -7.140423
v -0.025426 1.268812 -7.751985
v -0.027190 1.226547 -7.634015
v -0.027190 1.311077 -7.634015
v -0.129703 0.265412 2.983469
v -0.256406 0.637752 2.963019
v -0.019402 1.346501 -7.140756
v -0.182164 1.091329 -5.321427
v -0.192274 0.841207 -4.538116
v -0.195463 0.514382 -3.629823
v -0.278209 0.379038 -2.718011
v -0.525819 0.684960 -0.965407
v -0.690612 0.657569 0.223728
v -0.690612 0.657569 0.223728
v -0.690612 0.657569 0.223728
v -0.597146 0.714238 1.130145
v -0.412364 0.315861 2.004164
v -0.062123 1.117540 -6.196607
v -0.062123 1.117540 -6.196607
v -0.097867 0.334421 -3.627257
v -0.138993 0.146377 -2.719976
v -0.226837 0.272888 -1.465267
v -0.266316 0.345654 -0.874747
v -0.321023 0.281043 0.026703
v -0.256271 0.086480 1.175707
v -0.188003 0.185142 2.085631
v -0.359282 0.622660 2.544097
v -0.178901 0.271145 2.538443
v -0.200020 0.100725 1.632213
v -0.482224 0.506808 1.662488
v -0.313145 0.133703 0.708446
v -0.694986 0.644815 0.648196
v -0.694986 0.644815 0.648196
v -0.694986 0.644815 0.648196
v -0.412424 1.289145 0.727662
v -0.267760 1.111108 1.634950
v -0.179416 0.934794 2.544768
v -0.219334 1.026776 2.088843
v -0.319441 1.187543 1.174387
v -0.324173 1.314609 0.026978
v -0.265536 1.146153 -0.873607
v -0.223268 0.941813 -1.461951
v -0.138993 0.612573 -2.719976
v -0.097813 0.692359 -3.626998
v -0.100972 0.979030 -4.529540
v -0.100972 0.979030 -4.529540
v -0.142920 1.192387 -5.316179
v -0.142920 1.192387 -5.316179
v -0.061527 1.311508 -6.189620
v -0.061527 1.311508 -6.189620
v -0.106440 0.660239 3.150164
v -0.129703 0.770085 2.960208
v -0.444592 0.707507 2.089477
v -0.512927 0.832793 1.733217
v -1.718487 -0.993760 -0.666599
v -1.718487 -0.993760 -0.666599
v -1.534674 -0.867176 -0.203062
v -1.565185 -0.770774 -0.195768
v -1.681489 -0.949128 -0.406638
v -1.681489 -0.949128 -0.406638
v -1.590350 -0.795557 -0.492455
v -1.521573 -0.777841 -0.041362
v -1.521573 -0.777841 -0.041362
v -1.584221 -0.826678 -0.640326
v -1.584221 -0.826678 -0.640326
v -1.573271 -0.892648 -0.512733
v -1.222564 -0.557643 -0.219105
v -1.249921 -0.498113 -0.398128
v -1.249921 -0.498113 -0.398128
v -1.200847 -0.498198 0.346994
v -1.200847 -0.498198 0.346994
v -1.275551 -0.478932 -0.196113
v -1.258533 -0.478497 0.169073
v -0.852605 -0.051817 0.457654
v -0.892228 0.076494 0.463876
v -0.904373 0.082559 0.132747
v -0.850553 0.014664 0.607646
v -0.850553 0.014664 0.607646
v -0.884406 0.032057 -0.055017
v -0.884406 0.032057 -0.055017
v -0.874339 -0.039923 0.114384
v -0.195154 0.782560 -1.936373
v -0.196066 0.195459 -1.936258
v -0.405752 0.472866 -1.869357
v -0.458692 0.682662 -1.466768
v -0.534994 0.351212 -1.555175
v -0.667286 0.172450 -1.774237
v -0.803124 0.000711 -2.027109
v -0.950255 -0.169623 -2.382788
v -0.518888 0.251314 -1.681235
v -0.518888 0.251314 -1.681235
v -0.653534 0.077787 -1.945570
v -0.653534 0.077787 -1.945570
v -0.789998 -0.093952 -2.315172
v -0.789998 -0.093952 -2.315172
v -0.950700 -0.260302 -2.654679
v -0.950700 -0.260302 -2.654679
v -0.549534 0.299080 -1.425578
v -0.549534 0.299080 -1.425578
v -0.681038 0.119720 -1.602904
v -0.681038 0.119720 -1.602904
v -0.816250 -0.052018 -1.739045
v -0.816250 -0.052018 -1.739045
v -0.949809 -0.220134 -2.110895
v -0.949809 -0.220134 -2.110895
v -1.024461 -0.316812 -2.608638
v -1.024461 -0.316812 -2.608638
v -0.526217 0.193651 -1.554410
v -0.667286 0.025057 -1.774237
v -0.803125 -0.146682 -2.027109
v -0.950255 -0.310813 -2.382788
v -1.190508 -0.558163 0.160832
v -4.193501 1.417631 0.549347
v -4.187419 1.540946 0.576973
v -4.187419 1.540946 0.576973
v -4.449817 1.521629 -0.844754
v -2.287461 1.351300 0.562996
v -4.596076 1.540224 -0.930780
v -3.220367 1.463680 0.430271
v -2.244809 1.182832 0.858960
v -2.555067 1.219763 0.825698
v -3.178879 1.294069 0.733198
v -3.489380 1.331029 0.698417
v -3.497243 1.342897 0.460799
v -3.212838 1.309059 0.490732
v -2.555572 1.229642 0.598135
v -2.279622 1.196741 0.627230
v -4.347193 1.526390 0.347286
v -4.347193 1.526390 0.347286
v -2.244848 1.310881 0.862940
v -2.244848 1.310881 0.862940
v -2.556210 1.347944 0.827285
v -2.556210 1.347944 0.827285
v -3.178933 1.422068 0.736741
v -3.178933 1.422068 0.736741
v -3.490296 1.459130 0.702749
v -3.490296 1.459130 0.702749
v -0.678990 1.163446 0.898960
v -0.678990 1.163446 0.898960
v -4.661622 1.618896 -1.014527
v -4.661622 1.618896 -1.014527
v -0.826843 1.185456 0.355165
v -0.826843 1.185456 0.355165
v -4.607681 1.692550 -0.992634
v -4.539872 1.719357 -0.917058
v -3.504151 1.497444 0.396670
v -3.152407 1.449310 -0.821620
v -2.275014 1.455723 -0.315560
v -2.563194 1.384181 0.531209
v -4.543355 1.717342 -1.338255
v -2.158062 1.481969 -0.562448
v -3.111749 1.596624 -1.285395
v -4.531798 1.565471 -1.276613
v -3.123739 1.551212 -1.299439
v -3.123739 1.551212 -1.299439
v -2.166756 1.437963 -0.576952
v -2.166756 1.437963 -0.576952
v -4.534694 1.645512 -1.383185
v -4.534694 1.645512 -1.383185
v -3.059274 1.590378 -1.278231
v -3.113457 1.500546 -1.250895
v -3.060052 1.494190 -1.249217
v -3.038427 1.541057 -1.292060
v -3.038427 1.541057 -1.292060
v -2.175326 1.385914 -0.527172
v -2.125015 1.477170 -0.537734
v -2.140294 1.381083 -0.505985
v -2.110253 1.429967 -0.536273
v -2.110253 1.429967 -0.536273
v -4.521433 1.492249 -0.822581
v -2.292341 1.343514 -0.272485
v -4.461563 1.676535 -0.907546
v -2.215850 1.447600 -0.279567
v -3.149434 1.561719 -0.853241
v -2.230700 1.335341 -0.242291
v -3.239890 1.459723 -0.824787
v -3.235441 1.571956 -0.865117
v -3.374683 1.504463 -0.062282
v -3.378728 1.389449 -0.020790
v -2.350839 1.264154 0.265520
v -3.280979 1.493309 -0.049539
v -2.344746 1.379190 0.224650
v -4.301162 1.607484 -0.103832
v -2.424994 1.273285 0.250072
v -4.365077 1.422565 -0.015000
v -2.417741 1.388272 0.203088
v -3.283567 1.378122 -0.016644
v -4.384083 1.652355 -0.114402
v -4.456540 1.622296 -0.192050
v -0.758268 1.108086 0.461574
v -0.758268 1.108086 0.461574
v -4.511662 1.550713 -0.213653
v -4.511662 1.550713 -0.213653
v -4.445210 1.474401 -0.131437
v -4.289246 1.451009 -0.039930
v -0.102236 1.862198 -5.491728
v -0.072456 1.362553 -4.876782
v -0.050832 2.033375 -5.535560
v -0.107521 1.214754 -4.910019
v -0.106320 1.458384 -5.010419
v -0.105939 1.449255 -5.379487
v -0.053018 0.169630 -5.504880
v -0.145392 0.992809 -5.327075
v -0.145392 0.992809 -5.327075
v -0.102417 0.701201 -4.529356
v -0.102417 0.701201 -4.529356
v -0.110820 0.438391 -5.042801
v -0.107129 0.390568 -5.459574
v -0.110842 0.795431 -5.367866
v -0.111861 0.712571 -4.916174
v -0.015786 1.208222 -7.636695
v -0.038201 1.266894 -7.140725
v -0.019419 1.186918 -7.141065
v -0.031149 1.268812 -7.635801
v -0.015786 1.329402 -7.636695
v -0.066662 0.369821 -4.949944
v -0.165001 0.734417 3.086567
v -0.169158 0.688688 3.099638
v -0.131392 0.760033 3.098692
v -0.129280 0.691855 3.124300
v -0.133934 0.717326 3.037879
v -0.138092 0.671598 3.050950
v -0.100326 0.742942 3.050004
v -0.098213 0.674765 3.075612
v -0.110586 0.329911 3.147297
v -0.240006 0.361695 2.991753
v -0.441787 0.588403 2.077902
v -0.187564 0.594634 3.084717
v -0.388216 0.518765 2.296495
v -0.315540 0.427275 2.660756
v -0.351612 0.521542 2.765800
v -0.248784 0.385034 2.791278
v -0.335426 0.506586 2.542836
v -0.175259 0.350702 3.092254
v -0.238937 0.563219 2.963279
v -0.109518 0.582590 3.120852
v -0.249136 0.885112 2.544796
v -0.249136 0.885112 2.544796
v -0.219703 0.906086 2.544785
v -0.219703 0.906086 2.544785
v -0.279458 0.903911 2.411322
v -0.279458 0.903911 2.411322
v -0.276141 0.913361 2.384950
v -0.276141 0.913361 2.384950
v -0.276141 0.913361 2.384950
v -0.255600 0.919090 2.414584
v -0.255600 0.919090 2.414584
v -0.215487 0.889732 2.576312
v -0.215487 0.889732 2.576312
v -0.215487 0.889732 2.576312
v -0.350357 0.993289 2.514037
v -0.327417 1.009636 2.514028
v -0.373989 1.007941 2.410008
v -0.371404 1.015306 2.389455
v -0.371404 1.015306 2.389455
v -0.355395 1.019772 2.412550
v -0.324131 0.996890 2.538599
v -0.324131 0.996890 2.538599
v -0.409754 1.095739 2.461990
v -0.393932 1.107013 2.461983
v -0.426054 1.105844 2.390237
v -0.424271 1.110924 2.376062
v -0.424271 1.110924 2.376062
v -0.413229 1.114004 2.391993
v -0.391665 1.098222 2.478932
v -0.391665 1.098222 2.478932
v -0.468396 1.202315 2.327496
v -0.462649 1.206410 2.327494
v -0.462649 1.206410 2.327494
v -0.474316 1.205985 2.301434
v -0.473669 1.207830 2.296285
v -0.473669 1.207830 2.296285
v -0.469658 1.208949 2.302071
v -0.469658 1.208949 2.302071
v -0.461826 1.203217 2.333649
v -0.461826 1.203217 2.333649
v -0.285121 0.535755 2.833145
v -0.307028 0.530801 2.809669
v -0.302526 0.516642 2.692743
v -0.335044 0.600752 2.765372
v -0.324784 0.570392 2.710007
v -0.302362 0.592827 2.816577
v -0.240278 0.492546 2.791007
v -0.240278 0.492546 2.791007
v -0.246789 0.590801 2.783106
v -0.246789 0.590801 2.783106
v -0.246789 0.590801 2.783106
v -0.240278 0.492546 2.730001
v -0.246789 0.590801 2.729561
v -0.246789 0.590801 2.729561
v -0.310180 0.492546 2.791006
v -0.303669 0.590801 2.783106
v -0.310180 0.492546 2.730001
v -0.303669 0.590801 2.729561
v -0.281687 0.314175 2.727808
v -0.281687 0.314175 2.769176
v -0.281687 0.314175 2.769176
v -0.325277 0.314175 2.727810
v -0.325277 0.314174 2.769175
v -0.289595 0.136102 2.697779
v -0.289595 0.136102 2.723495
v -0.289595 0.136102 2.723495
v -0.315310 0.136102 2.697779
v -0.315310 0.136102 2.723495
v -0.272662 0.038280 2.668325
v -0.272662 0.038280 2.668325
v -0.272662 0.038280 2.681839
v -0.272662 0.038280 2.681839
v -0.272662 0.038280 2.681839
v -0.286177 0.038280 2.668325
v -0.286177 0.038280 2.681839
v -0.227172 0.492546 2.760505
v -0.239304 0.557145 2.791383
v -0.239304 0.557145 2.791383
v -0.240557 0.597033 2.755785
v -0.240557 0.597033 2.755785
v -0.239304 0.557145 2.726088
v -0.275229 0.492546 2.718563
v -0.275229 0.492546 2.718563
v -0.275229 0.597034 2.722804
v -0.275229 0.597034 2.722804
v -0.275229 0.597034 2.722804
v -0.275229 0.597034 2.722804
v -0.311154 0.557145 2.726088
v -0.323286 0.492546 2.760504
v -0.309902 0.597034 2.755785
v -0.311154 0.557145 2.791383
v -0.275229 0.492546 2.802444
v -0.275229 0.492546 2.802444
v -0.275229 0.597034 2.788766
v -0.275229 0.597034 2.788766
v -0.275229 0.597034 2.788766
v -0.275229 0.597034 2.788766
v -0.273514 0.314175 2.748493
v -0.303482 0.314175 2.720053
v -0.303482 0.314175 2.720053
v -0.333450 0.314175 2.748493
v -0.303482 0.314175 2.776931
v -0.303482 0.314175 2.776931
v -0.260390 0.408187 2.783407
v -0.260390 0.408187 2.783407
v -0.318094 0.408187 2.783407
v -0.318094 0.408187 2.732097
v -0.260390 0.408187 2.732097
v -0.284773 0.136102 2.710637
v -0.302453 0.136102 2.692957
v -0.302453 0.136102 2.692957
v -0.320132 0.136102 2.710637
v -0.302453 0.136102 2.728317
v -0.302453 0.136102 2.728317
v -0.292221 0.220248 2.715602
v -0.292221 0.220248 2.748392
v -0.292221 0.220248 2.748392
v -0.325290 0.220248 2.748392
v -0.325290 0.220248 2.715602
v -0.272419 0.032082 2.672400
v -0.272419 0.032082 2.672400
v -0.280393 0.032082 2.664427
v -0.280393 0.032082 2.664427
v -0.280393 0.032082 2.664427
v -0.280393 0.032082 2.664427
v -0.288367 0.032082 2.672400
v -0.280393 0.032082 2.680375
v -0.280393 0.032082 2.680375
v -0.280393 0.032082 2.680375
v -0.280393 0.032082 2.680375
v -0.280620 0.071762 2.698497
v -0.280620 0.071762 2.698497
v -0.300172 0.071762 2.698497
v -0.300172 0.071763 2.678945
v -0.280620 0.071762 2.678945
v -0.225793 0.557760 2.758681
v -0.275229 0.557760 2.713682
v -0.275229 0.557760 2.713682
v -0.324665 0.557759 2.758681
v -0.275229 0.557760 2.803680
v -0.275229 0.557760 2.803680
v -0.289242 0.408187 2.793027
v -0.289242 0.408187 2.793027
v -0.275229 0.610113 2.754634
v -0.275229 0.610113 2.754634
v -0.286021 0.220248 2.731997
v -0.289242 0.408187 2.722476
v -0.289242 0.408187 2.722476
v -0.249571 0.408187 2.757751
v -0.328913 0.408187 2.757751
v -0.290492 0.071151 2.701851
v -0.290492 0.071151 2.701851
v -0.308756 0.220248 2.754540
v -0.308756 0.220248 2.754540
v -0.308756 0.220248 2.709454
v -0.308756 0.220248 2.709454
v -0.331490 0.220248 2.731997
v -0.282436 0.019076 2.666775
v -0.282436 0.019076 2.666775
v -0.290492 0.071151 2.675062
v -0.290492 0.071151 2.675062
v -0.303887 0.071151 2.688457
v -0.277097 0.071151 2.688457
v -0.284520 0.775556 2.683803
v -0.209174 0.817685 2.744152
v -0.252808 0.818601 2.744421
v -0.274501 0.797713 2.720390
v -0.201358 0.836574 2.693160
v -0.257980 0.828584 2.667944
v -0.229287 0.836912 2.685555
v -0.270291 0.777525 2.708448
v -0.270291 0.777525 2.708448
v -0.261486 0.756802 2.752936
v -0.261486 0.756802 2.752936
v -0.198370 0.801035 2.752697
v -0.198370 0.801035 2.752697
v -0.228632 0.800818 2.749464
v -0.228632 0.800818 2.749464
v -0.252757 0.801140 2.749403
v -0.252757 0.801140 2.749403
v -0.275130 0.789976 2.737346
v -0.275130 0.789976 2.737346
v -0.279709 0.782704 2.716619
v -0.279709 0.782704 2.716619
v -0.217105 0.563219 2.963279
v -0.211797 0.361695 2.991753
v -0.156349 0.594634 3.084717
v -0.217280 0.385034 2.791277
v -0.289919 0.508299 2.548080
v -0.141703 0.350702 3.092254
v -0.277275 0.530801 2.809669
v -0.262333 0.427275 2.660755
v -0.259516 0.516642 2.692744
v -0.327635 0.521542 2.765800
v -0.263201 0.535755 2.833146
v -0.336155 0.462386 2.589517
v -0.106849 0.340542 3.133183
v -0.105238 0.586885 3.107965
v -0.310486 0.519277 2.732027
v -0.259516 0.521344 2.692065
v -0.259516 0.521344 2.692065
v -0.263201 0.542641 2.832469
v -0.263201 0.542641 2.832469
v -0.211797 0.348690 2.991076
v -0.211797 0.348690 2.991076
v -0.283484 0.510139 2.542160
v -0.283484 0.510139 2.542160
v -0.277275 0.537121 2.808993
v -0.277275 0.537121 2.808993
v -0.283288 0.437965 2.610568
v -0.283288 0.437965 2.610568
v -0.327635 0.526805 2.765124
v -0.327635 0.526805 2.765124
v -0.217105 0.573244 2.962603
v -0.217105 0.573244 2.962603
v -0.217280 0.374696 2.790602
v -0.217280 0.374696 2.790602
v -0.141703 0.336684 3.091577
v -0.141703 0.336684 3.091577
v -0.156349 0.608249 3.084040
v -0.156349 0.608249 3.084040
v -0.106849 0.325120 3.132507
v -0.106849 0.325120 3.132507
v -0.105238 0.599615 3.107288
v -0.105238 0.599615 3.107288
v -0.310486 0.524280 2.731349
v -0.310486 0.524280 2.731349
v -0.072041 0.348691 2.991076
v -0.072041 0.348691 2.991076
v -0.118551 0.437965 2.610568
v -0.118551 0.437965 2.610568
v -0.095997 0.374696 2.790601
v -0.095997 0.374696 2.790601
v -0.053062 0.369866 2.994867
v -0.091138 0.446118 2.614358
v -0.077018 0.395872 2.794393
v -0.748932 0.991539 0.598662
v -0.748932 0.991539 0.598662
v -0.758073 0.956968 0.662128
v -0.758073 0.956968 0.662128
v -0.087437 1.331858 0.412307
v -0.087437 1.331858 0.412307
v -0.064159 1.333975 0.021743
v -0.064159 1.333975 0.021743
v -0.085809 1.296408 0.710788
v -0.085809 1.296408 0.710788
v -0.085809 1.296408 0.710788
v -0.114379 0.568819 3.089488
v -0.114379 0.568819 3.089488
v -0.116538 0.601394 3.086868
v -0.116538 0.601394 3.086868
v -0.116538 0.601394 3.086868
v -0.114379 0.568819 3.069262
v -0.116538 0.601394 3.069116
v -0.116538 0.601394 3.069116
v -0.137554 0.568819 3.089488
v -0.135396 0.601394 3.086868
v -0.137554 0.568819 3.069262
v -0.135396 0.601394 3.069116
v -0.159545 0.506167 3.015951
v -0.166910 0.506167 3.015951
v -0.166910 0.506167 3.023316
v -0.159545 0.506167 3.023316
v -0.159545 0.506167 3.023316
v -0.143983 0.584856 3.021863
v -0.144455 0.599881 3.033050
v -0.144455 0.599881 3.033050
v -0.143983 0.584856 3.046457
v -0.143983 0.584856 3.046457
v -0.139414 0.560524 3.034826
v -0.125116 0.509873 3.059239
v -0.125116 0.509873 3.059239
v -0.125116 0.509873 3.063720
v -0.125116 0.509873 3.063720
v -0.125116 0.509873 3.063720
v -0.129596 0.509873 3.059239
v -0.129596 0.509873 3.063720
v -0.110034 0.568819 3.079375
v -0.114056 0.590236 3.089612
v -0.114056 0.590236 3.089612
v -0.114472 0.603460 3.077811
v -0.114472 0.603460 3.077811
v -0.114056 0.590236 3.067965
v -0.125967 0.568819 3.065469
v -0.125967 0.568819 3.065469
v -0.125967 0.603460 3.066876
v -0.125967 0.603460 3.066876
v -0.125967 0.603460 3.066876
v -0.125967 0.603460 3.066876
v -0.137877 0.590236 3.067965
v -0.141900 0.568819 3.079375
v -0.137462 0.603460 3.077811
v -0.137877 0.590236 3.089612
v -0.125967 0.568819 3.093280
v -0.125967 0.568819 3.093280
v -0.125967 0.603460 3.088745
v -0.125967 0.603460 3.088745
v -0.125967 0.603460 3.088745
v -0.125967 0.603460 3.088745
v -0.159460 0.491220 3.016490
v -0.159460 0.491220 3.016490
v -0.159460 0.491220 3.016490
v -0.159460 0.491220 3.016490
v -0.162464 0.491220 3.013487
v -0.159460 0.491220 3.010483
v -0.159460 0.491220 3.010483
v -0.159460 0.491220 3.010483
v -0.159460 0.491220 3.010483
v -0.156457 0.491220 3.013487
v -0.156457 0.491220 3.013487
v -0.157515 0.599881 3.045472
v -0.157515 0.599881 3.045472
v -0.157515 0.599881 3.045472
v -0.157515 0.599881 3.045472
v -0.157515 0.560524 3.050624
v -0.157515 0.560524 3.050624
v -0.171047 0.584856 3.046457
v -0.170575 0.599881 3.033050
v -0.161639 0.493555 3.017041
v -0.161639 0.493555 3.011951
v -0.156548 0.493555 3.017041
v -0.156548 0.493555 3.017041
v -0.156548 0.493555 3.017041
v -0.156548 0.493555 3.011951
v -0.156548 0.493555 3.011951
v -0.168227 0.597533 3.023171
v -0.170680 0.560524 3.023337
v -0.168227 0.597533 3.043340
v -0.170680 0.560524 3.046316
v -0.125035 0.507818 3.060591
v -0.125035 0.507818 3.060591
v -0.127679 0.507818 3.057948
v -0.127679 0.507818 3.057948
v -0.127679 0.507818 3.057948
v -0.127679 0.507818 3.057948
v -0.130323 0.507818 3.060591
v -0.127679 0.507818 3.063235
v -0.127679 0.507818 3.063235
v -0.127679 0.507818 3.063235
v -0.127679 0.507818 3.063235
v -0.127754 0.520973 3.069243
v -0.127754 0.520973 3.069243
v -0.134236 0.520973 3.069243
v -0.134236 0.520973 3.062761
v -0.127754 0.520973 3.062761
v -0.109577 0.590440 3.078771
v -0.125967 0.590440 3.063851
v -0.125967 0.590440 3.063851
v -0.142357 0.590440 3.078771
v -0.125967 0.590439 3.093689
v -0.125967 0.590439 3.093689
v -0.175616 0.560524 3.034826
v -0.125967 0.607797 3.077429
v -0.125967 0.607797 3.077429
v -0.146803 0.597533 3.023171
v -0.146803 0.597533 3.023171
v -0.171047 0.584856 3.021863
v -0.157515 0.599881 3.020627
v -0.157515 0.599881 3.020627
v -0.157515 0.599881 3.020627
v -0.157515 0.599881 3.020627
v -0.157515 0.560524 3.019029
v -0.157515 0.560524 3.019029
v -0.131027 0.520771 3.070355
v -0.131027 0.520771 3.070355
v -0.144350 0.560524 3.023337
v -0.146803 0.597533 3.043340
v -0.146803 0.597533 3.043340
v -0.146803 0.597533 3.043340
v -0.144350 0.560524 3.046316
v -0.144350 0.560524 3.046316
v -0.128356 0.503506 3.058726
v -0.128356 0.503506 3.058726
v -0.131027 0.520771 3.061474
v -0.131027 0.520771 3.061474
v -0.135468 0.520771 3.065914
v -0.126586 0.520771 3.065914
v -0.138894 0.585088 3.034140
v -0.157515 0.585088 3.017190
v -0.157515 0.585088 3.017190
v -0.176136 0.585088 3.034140
v -0.157515 0.585088 3.051089
v -0.157515 0.585088 3.051089
v -0.157515 0.604807 3.032616
v -0.157515 0.604807 3.032616
v -0.163264 0.505936 3.024579
v -0.163264 0.505936 3.024579
v -0.160229 0.486321 3.011367
v -0.160229 0.486321 3.011367
v -0.163264 0.505936 3.014488
v -0.163264 0.505936 3.014488
v -0.168309 0.505936 3.019534
v -0.158219 0.505936 3.019534
v -0.185298 0.519044 2.975807
v -0.190448 0.519044 2.975807
v -0.190448 0.519044 2.980957
v -0.185298 0.519044 2.980957
v -0.185298 0.519044 2.980957
v -0.174416 0.574069 2.979941
v -0.174746 0.584575 2.987763
v -0.174746 0.584575 2.987763
v -0.174416 0.574069 2.997139
v -0.174416 0.574069 2.997139
v -0.171221 0.557054 2.989006
v -0.185239 0.508593 2.976183
v -0.185239 0.508593 2.976183
v -0.185239 0.508593 2.976183
v -0.185239 0.508593 2.976183
v -0.187339 0.508593 2.974083
v -0.185239 0.508593 2.971983
v -0.185239 0.508593 2.971983
v -0.185239 0.508593 2.971983
v -0.185239 0.508593 2.971983
v -0.183138 0.508593 2.974083
v -0.183138 0.508593 2.974083
v -0.183879 0.584575 2.996449
v -0.183879 0.584575 2.996449
v -0.183879 0.584575 2.996449
v -0.183879 0.584575 2.996449
v -0.183879 0.557054 3.000052
v -0.183879 0.557054 3.000052
v -0.193341 0.574069 2.997139
v -0.193011 0.584575 2.987763
v -0.186762 0.510225 2.976570
v -0.186762 0.510225 2.973010
v -0.183203 0.510225 2.976570
v -0.183203 0.510225 2.976570
v -0.183203 0.510225 2.976570
v -0.183203 0.510225 2.973010
v -0.183203 0.510225 2.973010
v -0.191369 0.582933 2.980855
v -0.193084 0.557054 2.980971
v -0.191369 0.582933 2.994959
v -0.193084 0.557054 2.997039
v -0.196536 0.557054 2.989006
v -0.176388 0.582933 2.980855
v -0.176388 0.582933 2.980855
v -0.193341 0.574069 2.979941
v -0.183879 0.584575 2.979076
v -0.183879 0.584575 2.979076
v -0.183879 0.584575 2.979076
v -0.183879 0.584575 2.979076
v -0.183879 0.557054 2.977959
v -0.183879 0.557054 2.977959
v -0.174673 0.557054 2.980971
v -0.176388 0.582933 2.994959
v -0.176388 0.582933 2.994959
v -0.176388 0.582933 2.994959
v -0.174673 0.557054 2.997039
v -0.174673 0.557054 2.997039
v -0.170858 0.574231 2.988526
v -0.183879 0.574231 2.976674
v -0.183879 0.574231 2.976674
v -0.196899 0.574231 2.988526
v -0.183879 0.574231 3.000378
v -0.183879 0.574231 3.000378
v -0.183879 0.588019 2.987460
v -0.183879 0.588019 2.987460
v -0.187899 0.518883 2.981840
v -0.187899 0.518883 2.981840
v -0.185777 0.505167 2.972602
v -0.185777 0.505167 2.972602
v -0.187899 0.518883 2.974783
v -0.187899 0.518883 2.974783
v -0.191427 0.518883 2.978312
v -0.184371 0.518883 2.978312
v -0.197309 0.512114 2.931673
v -0.202251 0.512114 2.931673
v -0.202251 0.512114 2.936615
v -0.197309 0.512114 2.936615
v -0.197309 0.512114 2.936615
v -0.186866 0.564918 2.935640
v -0.187183 0.575000 2.943146
v -0.187183 0.575000 2.943146
v -0.186866 0.564918 2.952144
v -0.186866 0.564918 2.952144
v -0.183800 0.548590 2.944339
v -0.197251 0.502084 2.932034
v -0.197251 0.502084 2.932034
v -0.197251 0.502084 2.932034
v -0.197251 0.502084 2.932034
v -0.199267 0.502084 2.930019
v -0.197251 0.502084 2.928003
v -0.197251 0.502084 2.928003
v -0.197251 0.502084 2.928003
v -0.197251 0.502084 2.928003
v -0.195236 0.502084 2.930019
v -0.195236 0.502084 2.930019
v -0.195946 0.575000 2.951482
v -0.195946 0.575000 2.951482
v -0.195946 0.575000 2.951482
v -0.195946 0.575000 2.951482
v -0.195946 0.548590 2.954940
v -0.195946 0.548590 2.954940
v -0.205027 0.564918 2.952144
v -0.204710 0.575000 2.943146
v -0.198713 0.503651 2.932405
v -0.198713 0.503651 2.928988
v -0.195298 0.503651 2.932405
v -0.195298 0.503651 2.932405
v -0.195298 0.503651 2.932405
v -0.195298 0.503651 2.928988
v -0.195298 0.503651 2.928988
v -0.203135 0.573424 2.936518
v -0.204780 0.548590 2.936629
v -0.203135 0.573424 2.950052
v -0.204780 0.548590 2.952048
v -0.208093 0.548590 2.944339
v -0.188758 0.573424 2.936518
v -0.188758 0.573424 2.936518
v -0.205027 0.564918 2.935640
v -0.195946 0.575000 2.934810
v -0.195946 0.575000 2.934810
v -0.195946 0.575000 2.934810
v -0.195946 0.575000 2.934810
v -0.195946 0.548590 2.933738
v -0.195946 0.548590 2.933738
v -0.187112 0.548590 2.936629
v -0.188758 0.573424 2.950052
v -0.188758 0.573424 2.950052
v -0.188758 0.573424 2.950052
v -0.187112 0.548590 2.952048
v -0.187112 0.548590 2.952048
v -0.183451 0.565073 2.943878
v -0.195946 0.565073 2.932504
v -0.195946 0.565073 2.932504
v -0.208441 0.565073 2.943878
v -0.195946 0.565073 2.955251
v -0.195946 0.565073 2.955251
v -0.195946 0.578305 2.942855
v -0.195946 0.578305 2.942855
v -0.199804 0.511959 2.937462
v -0.199804 0.511959 2.937462
v -0.197768 0.498797 2.928597
v -0.197768 0.498797 2.928597
v -0.199804 0.511959 2.930692
v -0.199804 0.511959 2.930692
v -0.203190 0.511959 2.934077
v -0.196418 0.511959 2.934077
v -0.197199 0.516062 2.885603
v -0.200645 0.516062 2.885603
v -0.200645 0.516062 2.889050
v -0.197199 0.516062 2.889050
v -0.197199 0.516062 2.889050
v -0.189918 0.552880 2.888371
v -0.190139 0.559909 2.893604
v -0.190139 0.559909 2.893604
v -0.189918 0.552880 2.899878
v -0.189918 0.552880 2.899878
v -0.187780 0.541495 2.894435
v -0.197159 0.509069 2.885856
v -0.197159 0.509069 2.885856
v -0.197159 0.509069 2.885856
v -0.197159 0.509069 2.885856
v -0.198565 0.509069 2.884450
v -0.197159 0.509069 2.883046
v -0.197159 0.509069 2.883046
v -0.197159 0.509069 2.883046
v -0.197159 0.509069 2.883046
v -0.195754 0.509069 2.884450
v -0.195754 0.509069 2.884450
v -0.196249 0.559909 2.899416
v -0.196249 0.559909 2.899416
v -0.196249 0.559909 2.899416
v -0.196249 0.559909 2.899416
v -0.196249 0.541495 2.901827
v -0.196249 0.541495 2.901827
v -0.202581 0.552880 2.899878
v -0.202360 0.559909 2.893604
v -0.198179 0.510162 2.886114
v -0.198179 0.510162 2.883732
v -0.195797 0.510162 2.886114
v -0.195797 0.510162 2.886114
v -0.195797 0.510162 2.886114
v -0.195797 0.510162 2.883732
v -0.195797 0.510162 2.883732
v -0.201261 0.558811 2.888982
v -0.202409 0.541495 2.889060
v -0.201261 0.558811 2.898418
v -0.202409 0.541495 2.899811
v -0.204719 0.541495 2.894435
v -0.191237 0.558811 2.888982
v -0.191237 0.558811 2.888982
v -0.202581 0.552880 2.888371
v -0.196249 0.559909 2.887791
v -0.196249 0.559909 2.887791
v -0.196249 0.559909 2.887791
v -0.196249 0.559909 2.887791
v -0.196249 0.541495 2.887044
v -0.196249 0.541495 2.887044
v -0.190090 0.541495 2.889060
v -0.191237 0.558811 2.898418
v -0.191237 0.558811 2.898418
v -0.191237 0.558811 2.898418
v -0.190090 0.541495 2.899811
v -0.190090 0.541495 2.899811
v -0.187537 0.552988 2.894114
v -0.196249 0.552988 2.886184
v -0.196249 0.552988 2.886184
v -0.204962 0.552988 2.894114
v -0.196249 0.552988 2.902044
v -0.196249 0.552988 2.902044
v -0.196249 0.562214 2.893401
v -0.196249 0.562214 2.893401
v -0.198939 0.515955 2.889641
v -0.198939 0.515955 2.889641
v -0.197519 0.506777 2.883459
v -0.197519 0.506777 2.883459
v -0.198939 0.515955 2.884919
v -0.198939 0.515955 2.884919
v -0.201300 0.515955 2.887280
v -0.196579 0.515955 2.887280
v -0.197133 0.511021 2.833159
v -0.199668 0.511021 2.833159
v -0.199668 0.511021 2.835695
v -0.197133 0.511021 2.835695
v -0.197133 0.511021 2.835695
v -0.191775 0.538113 2.835195
v -0.191937 0.543286 2.839046
v -0.191937 0.543286 2.839046
v -0.191775 0.538113 2.843662
v -0.191775 0.538113 2.843662
v -0.190202 0.529736 2.839657
v -0.197103 0.505876 2.833344
v -0.197103 0.505876 2.833344
v -0.197103 0.505876 2.833344
v -0.197103 0.505876 2.833344
v -0.198137 0.505876 2.832310
v -0.197103 0.505876 2.831276
v -0.197103 0.505876 2.831276
v -0.197103 0.505876 2.831276
v -0.197103 0.505876 2.831276
v -0.196069 0.505876 2.832310
v -0.196069 0.505876 2.832310
v -0.196434 0.543286 2.843322
v -0.196434 0.543286 2.843322
v -0.196434 0.543286 2.843322
v -0.196434 0.543286 2.843322
v -0.196434 0.529736 2.845097
v -0.196434 0.529736 2.845097
v -0.201093 0.538113 2.843662
v -0.200930 0.543286 2.839046
v -0.197853 0.506679 2.833534
v -0.197853 0.506679 2.831781
v -0.196101 0.506679 2.833534
v -0.196101 0.506679 2.833534
v -0.196101 0.506679 2.833534
v -0.196101 0.506679 2.831781
v -0.196101 0.506679 2.831781
v -0.200122 0.542478 2.835645
v -0.200966 0.529736 2.835702
v -0.200122 0.542478 2.842588
v -0.200966 0.529736 2.843613
v -0.202666 0.529736 2.839657
v -0.192746 0.542478 2.835645
v -0.192746 0.542478 2.835645
v -0.201093 0.538113 2.835195
v -0.196434 0.543286 2.834768
v -0.196434 0.543286 2.834768
v -0.196434 0.543286 2.834768
v -0.196434 0.543286 2.834768
v -0.196434 0.529736 2.834218
v -0.196434 0.529736 2.834218
v -0.191901 0.529736 2.835702
v -0.192746 0.542478 2.842588
v -0.192746 0.542478 2.842588
v -0.192746 0.542478 2.842588
v -0.191901 0.529736 2.843613
v -0.191901 0.529736 2.843613
v -0.190023 0.538193 2.839421
v -0.196434 0.538193 2.833585
v -0.196434 0.538193 2.833585
v -0.202845 0.538193 2.839421
v -0.196434 0.538193 2.845257
v -0.196434 0.538193 2.845257
v -0.196434 0.544982 2.838896
v -0.196434 0.544982 2.838896
v -0.198413 0.510942 2.836130
v -0.198413 0.510942 2.836130
v -0.197368 0.504189 2.831580
v -0.197368 0.504189 2.831580
v -0.198413 0.510942 2.832654
v -0.198413 0.510942 2.832654
v -0.200150 0.510942 2.834393
v -0.196676 0.510942 2.834393
v -0.075437 0.571162 3.086618
v -0.075437 0.571162 3.086618
v -0.077596 0.603737 3.083999
v -0.077596 0.603737 3.083999
v -0.077596 0.603737 3.083999
v -0.075437 0.571162 3.066393
v -0.077596 0.603737 3.066247
v -0.077596 0.603737 3.066247
v -0.098612 0.571162 3.086618
v -0.096454 0.603737 3.083999
v -0.098612 0.571162 3.066393
v -0.096454 0.603737 3.066247
v -0.086174 0.512216 3.056370
v -0.086174 0.512216 3.056370
v -0.086174 0.512216 3.060851
v -0.086174 0.512216 3.060851
v -0.086174 0.512216 3.060851
v -0.090654 0.512216 3.056370
v -0.090654 0.512216 3.060851
v -0.071092 0.571162 3.076506
v -0.075114 0.592579 3.086743
v -0.075114 0.592579 3.086743
v -0.075530 0.605804 3.074942
v -0.075530 0.605804 3.074942
v -0.075114 0.592579 3.065096
v -0.087025 0.571162 3.062600
v -0.087025 0.571162 3.062600
v -0.087025 0.605804 3.064007
v -0.087025 0.605804 3.064007
v -0.087025 0.605804 3.064007
v -0.087025 0.605804 3.064007
v -0.098935 0.592579 3.065096
v -0.102958 0.571162 3.076506
v -0.098520 0.605804 3.074942
v -0.098935 0.592579 3.086743
v -0.087025 0.571162 3.090411
v -0.087025 0.571162 3.090411
v -0.087025 0.605803 3.085876
v -0.087025 0.605803 3.085876
v -0.087025 0.605803 3.085876
v -0.087025 0.605803 3.085876
v -0.086093 0.510161 3.057722
v -0.086093 0.510161 3.057722
v -0.088737 0.510161 3.055079
v -0.088737 0.510161 3.055079
v -0.088737 0.510161 3.055079
v -0.088737 0.510161 3.055079
v -0.091381 0.510161 3.057722
v -0.088737 0.510161 3.060366
v -0.088737 0.510161 3.060366
v -0.088737 0.510161 3.060366
v -0.088737 0.510161 3.060366
v -0.088812 0.523317 3.066374
v -0.088812 0.523317 3.066374
v -0.095294 0.523317 3.066374
v -0.095294 0.523317 3.059892
v -0.088812 0.523317 3.059892
v -0.070635 0.592783 3.075902
v -0.087025 0.592783 3.060982
v -0.087025 0.592783 3.060982
v -0.103415 0.592783 3.075902
v -0.087025 0.592783 3.090820
v -0.087025 0.592783 3.090820
v -0.087025 0.610140 3.074560
v -0.087025 0.610140 3.074560
v -0.092085 0.523114 3.067486
v -0.092085 0.523114 3.067486
v -0.089414 0.505849 3.055857
v -0.089414 0.505849 3.055857
v -0.092085 0.523114 3.058605
v -0.092085 0.523114 3.058605
v -0.096526 0.523114 3.063045
v -0.087644 0.523114 3.063045
v -0.029988 0.575936 3.083538
v -0.029988 0.575936 3.083538
v -0.032146 0.608512 3.080918
v -0.032146 0.608512 3.080918
v -0.032146 0.608512 3.080918
v -0.029988 0.575936 3.063313
v -0.032146 0.608512 3.063167
v -0.032146 0.608512 3.063167
v -0.053163 0.575936 3.083538
v -0.051005 0.608512 3.080918
v -0.053163 0.575936 3.063313
v -0.051005 0.608512 3.063167
v -0.040725 0.516990 3.053290
v -0.040725 0.516990 3.053290
v -0.040725 0.516990 3.057771
v -0.040725 0.516990 3.057771
v -0.040725 0.516990 3.057771
v -0.045205 0.516990 3.053290
v -0.045205 0.516990 3.057771
v -0.025643 0.575936 3.073425
v -0.029665 0.597354 3.083663
v -0.029665 0.597354 3.083663
v -0.030080 0.610578 3.071861
v -0.030080 0.610578 3.071861
v -0.029665 0.597354 3.062015
v -0.041576 0.575936 3.059520
v -0.041576 0.575936 3.059520
v -0.041576 0.610578 3.060926
v -0.041576 0.610578 3.060926
v -0.041576 0.610578 3.060926
v -0.041576 0.610578 3.060926
v -0.053486 0.597354 3.062015
v -0.057508 0.575936 3.073425
v -0.053071 0.610578 3.071861
v -0.053486 0.597354 3.083663
v -0.041576 0.575936 3.087330
v -0.041576 0.575936 3.087330
v -0.041576 0.610578 3.082795
v -0.041576 0.610578 3.082795
v -0.041576 0.610578 3.082795
v -0.041576 0.610578 3.082795
v -0.040644 0.514936 3.054641
v -0.040644 0.514936 3.054641
v -0.043288 0.514936 3.051998
v -0.043288 0.514936 3.051998
v -0.043288 0.514936 3.051998
v -0.043288 0.514936 3.051998
v -0.045931 0.514936 3.054641
v -0.043288 0.514936 3.057285
v -0.043288 0.514936 3.057285
v -0.043288 0.514936 3.057285
v -0.043288 0.514936 3.057285
v -0.043363 0.528091 3.063294
v -0.043363 0.528091 3.063294
v -0.049845 0.528091 3.063294
v -0.049845 0.528091 3.056811
v -0.043363 0.528091 3.056811
v -0.025186 0.597557 3.072821
v -0.041576 0.597557 3.057902
v -0.041576 0.597557 3.057902
v -0.057965 0.597557 3.072821
v -0.041576 0.597557 3.087739
v -0.041576 0.597557 3.087739
v -0.041576 0.614915 3.071479
v -0.041576 0.614915 3.071479
v -0.046636 0.527889 3.064405
v -0.046636 0.527889 3.064405
v -0.043965 0.510624 3.052776
v -0.043965 0.510624 3.052776
v -0.046636 0.527889 3.055524
v -0.046636 0.527889 3.055524
v -0.051077 0.527889 3.059965
v -0.042195 0.527889 3.059965
v -0.088331 0.356042 3.120172
v -0.088331 0.356042 3.120172
v -0.090489 0.323466 3.117553
v -0.090489 0.323466 3.117553
v -0.090489 0.323466 3.117553
v -0.088331 0.356042 3.099946
v -0.090489 0.323466 3.099801
v -0.090489 0.323466 3.099801
v -0.111506 0.356042 3.120172
v -0.109347 0.323466 3.117553
v -0.111506 0.356042 3.099946
v -0.109347 0.323466 3.099801
v -0.139823 0.419417 3.037847
v -0.147188 0.419417 3.037847
v -0.147188 0.419417 3.045211
v -0.139823 0.419417 3.045211
v -0.139823 0.419417 3.045211
v -0.124261 0.340727 3.043759
v -0.124733 0.325703 3.054945
v -0.124733 0.325703 3.054945
v -0.124261 0.340728 3.068354
v -0.124261 0.340728 3.068354
v -0.119691 0.365060 3.056723
v -0.099067 0.414988 3.089924
v -0.099067 0.414988 3.089924
v -0.099067 0.414988 3.094405
v -0.099067 0.414988 3.094405
v -0.099067 0.414988 3.094405
v -0.103548 0.414988 3.089924
v -0.103548 0.414988 3.094405
v -0.083985 0.356042 3.110059
v -0.088007 0.334625 3.120296
v -0.088007 0.334625 3.120296
v -0.088423 0.321400 3.108495
v -0.088423 0.321400 3.108495
v -0.088007 0.334625 3.098649
v -0.099918 0.356042 3.096154
v -0.099918 0.356042 3.096154
v -0.099918 0.321400 3.097560
v -0.099918 0.321400 3.097560
v -0.099918 0.321400 3.097560
v -0.099918 0.321400 3.097560
v -0.111829 0.334625 3.098649
v -0.115851 0.356042 3.110059
v -0.111413 0.321400 3.108495
v -0.111829 0.334625 3.120296
v -0.099918 0.356042 3.123964
v -0.099918 0.356042 3.123964
v -0.099918 0.321400 3.119429
v -0.099918 0.321400 3.119429
v -0.099918 0.321400 3.119429
v -0.099918 0.321400 3.119429
v -0.139738 0.434364 3.038385
v -0.139738 0.434364 3.038385
v -0.139738 0.434364 3.038385
v -0.139738 0.434364 3.038385
v -0.142741 0.434364 3.035382
v -0.139738 0.434364 3.032378
v -0.139738 0.434364 3.032378
v -0.139738 0.434364 3.032378
v -0.139738 0.434364 3.032378
v -0.136734 0.434364 3.035381
v -0.136734 0.434364 3.035381
v -0.137793 0.325703 3.067368
v -0.137793 0.325703 3.067368
v -0.137793 0.325703 3.067368
v -0.137793 0.325703 3.067368
v -0.137793 0.365060 3.072520
v -0.137793 0.365060 3.072520
v -0.151325 0.340728 3.068353
v -0.150853 0.325703 3.054945
v -0.141916 0.432029 3.038937
v -0.141916 0.432029 3.033846
v -0.136826 0.432029 3.038937
v -0.136826 0.432029 3.038937
v -0.136826 0.432029 3.038937
v -0.136826 0.432029 3.033846
v -0.136826 0.432029 3.033846
v -0.148505 0.328050 3.045067
v -0.150958 0.365060 3.045233
v -0.148505 0.328050 3.065236
v -0.150958 0.365060 3.068212
v -0.098986 0.417043 3.091275
v -0.098986 0.417043 3.091275
v -0.101630 0.417043 3.088632
v -0.101630 0.417043 3.088632
v -0.101630 0.417043 3.088632
v -0.101630 0.417043 3.088632
v -0.104274 0.417043 3.091275
v -0.101630 0.417043 3.093919
v -0.101630 0.417043 3.093919
v -0.101630 0.417043 3.093919
v -0.101630 0.417043 3.093919
v -0.101705 0.403887 3.099927
v -0.101705 0.403887 3.099927
v -0.108188 0.403887 3.099927
v -0.108188 0.403887 3.093445
v -0.101705 0.403887 3.093445
v -0.083528 0.334421 3.109455
v -0.099918 0.334421 3.094536
v -0.099918 0.334421 3.094536
v -0.116308 0.334421 3.109455
v -0.099918 0.334421 3.124374
v -0.099918 0.334421 3.124374
v -0.155894 0.365060 3.056722
v -0.099918 0.317064 3.108113
v -0.099918 0.317064 3.108113
v -0.127080 0.328050 3.045068
v -0.127080 0.328050 3.045068
v -0.151325 0.340728 3.043760
v -0.137793 0.325703 3.042522
v -0.137793 0.325703 3.042522
v -0.137793 0.325703 3.042522
v -0.137793 0.325703 3.042522
v -0.137793 0.365060 3.040925
v -0.137793 0.365060 3.040925
v -0.104978 0.404090 3.101039
v -0.104978 0.404090 3.101039
v -0.124628 0.365060 3.045233
v -0.127080 0.328050 3.065236
v -0.127080 0.328050 3.065236
v -0.127080 0.328050 3.065236
v -0.124628 0.365060 3.068212
v -0.124628 0.365060 3.068212
v -0.102307 0.421355 3.089410
v -0.102307 0.421355 3.089410
v -0.104978 0.404090 3.092157
v -0.104978 0.404090 3.092157
v -0.109419 0.404090 3.096599
v -0.100537 0.404090 3.096599
v -0.119172 0.340496 3.056036
v -0.137793 0.340496 3.039086
v -0.137793 0.340496 3.039086
v -0.156414 0.340496 3.056036
v -0.137793 0.340496 3.072985
v -0.137793 0.340496 3.072985
v -0.137793 0.320777 3.054512
v -0.137793 0.320777 3.054512
v -0.143542 0.419648 3.046475
v -0.143542 0.419648 3.046475
v -0.140507 0.439263 3.033263
v -0.140507 0.439263 3.033263
v -0.143542 0.419648 3.036384
v -0.143542 0.419648 3.036384
v -0.148587 0.419648 3.041430
v -0.138496 0.419648 3.041430
v -0.182055 0.394313 2.991581
v -0.187205 0.394313 2.991581
v -0.187205 0.394313 2.996731
v -0.182055 0.394313 2.996730
v -0.182055 0.394313 2.996730
v -0.171173 0.339288 2.995715
v -0.171503 0.328782 3.003537
v -0.171503 0.328782 3.003537
v -0.171173 0.339288 3.012913
v -0.171173 0.339288 3.012913
v -0.167978 0.356303 3.004779
v -0.181995 0.404764 2.991957
v -0.181995 0.404764 2.991957
v -0.181995 0.404764 2.991957
v -0.181995 0.404764 2.991957
v -0.184096 0.404764 2.989857
v -0.181995 0.404764 2.987756
v -0.181995 0.404764 2.987756
v -0.181995 0.404764 2.987756
v -0.181995 0.404764 2.987756
v -0.179895 0.404764 2.989856
v -0.179895 0.404764 2.989856
v -0.180635 0.328782 3.012224
v -0.180635 0.328782 3.012224
v -0.180635 0.328782 3.012224
v -0.180635 0.328782 3.012224
v -0.180635 0.356303 3.015826
v -0.180635 0.356303 3.015826
v -0.190097 0.339288 3.012913
v -0.189768 0.328782 3.003537
v -0.183519 0.403132 2.992343
v -0.183519 0.403132 2.988783
v -0.179959 0.403132 2.992342
v -0.179959 0.403132 2.992342
v -0.179959 0.403132 2.992342
v -0.179959 0.403132 2.988783
v -0.179959 0.403132 2.988783
v -0.188126 0.330424 2.996629
v -0.189841 0.356303 2.996745
v -0.188126 0.330424 3.010732
v -0.189841 0.356303 3.012813
v -0.193293 0.356303 3.004779
v -0.173145 0.330424 2.996629
v -0.173145 0.330424 2.996629
v -0.190097 0.339288 2.995714
v -0.180635 0.328782 2.994850
v -0.180635 0.328782 2.994850
v -0.180635 0.328782 2.994850
v -0.180635 0.328782 2.994850
v -0.180635 0.356303 2.993733
v -0.180635 0.356303 2.993733
v -0.171430 0.356303 2.996746
v -0.173145 0.330424 3.010732
v -0.173145 0.330424 3.010732
v -0.173145 0.330424 3.010732
v -0.171430 0.356303 3.012813
v -0.171430 0.356303 3.012813
v -0.167615 0.339126 3.004299
v -0.180635 0.339126 2.992447
v -0.180635 0.339126 2.992447
v -0.193656 0.339126 3.004299
v -0.180635 0.339126 3.016151
v -0.180635 0.339126 3.016151
v -0.180635 0.325338 3.003234
v -0.180635 0.325338 3.003234
v -0.184655 0.394474 2.997614
v -0.184655 0.394474 2.997614
v -0.182533 0.408190 2.988375
v -0.182533 0.408190 2.988375
v -0.184655 0.394474 2.990558
v -0.184655 0.394474 2.990558
v -0.188183 0.394474 2.994087
v -0.181127 0.394474 2.994086
v -0.194512 0.401400 2.945941
v -0.199454 0.401400 2.945942
v -0.199454 0.401400 2.950883
v -0.194512 0.401400 2.950883
v -0.194512 0.401400 2.950883
v -0.184069 0.348597 2.949909
v -0.184386 0.338515 2.957415
v -0.184386 0.338515 2.957415
v -0.184069 0.348597 2.966412
v -0.184069 0.348597 2.966412
v -0.181003 0.364924 2.958607
v -0.194455 0.411430 2.946302
v -0.194455 0.411430 2.946302
v -0.194455 0.411430 2.946302
v -0.194455 0.411430 2.946302
v -0.196470 0.411430 2.944287
v -0.194455 0.411430 2.942272
v -0.194455 0.411430 2.942272
v -0.194455 0.411430 2.942272
v -0.194455 0.411430 2.942272
v -0.192439 0.411430 2.944287
v -0.192439 0.411430 2.944287
v -0.193150 0.338515 2.965751
v -0.193150 0.338515 2.965751
v -0.193150 0.338515 2.965751
v -0.193150 0.338515 2.965751
v -0.193150 0.364924 2.969208
v -0.193150 0.364924 2.969208
v -0.202230 0.348597 2.966413
v -0.201913 0.338515 2.957415
v -0.195917 0.409863 2.946672
v -0.195917 0.409863 2.943257
v -0.192501 0.409863 2.946673
v -0.192501 0.409863 2.946673
v -0.192501 0.409863 2.946673
v -0.192501 0.409863 2.943257
v -0.192501 0.409863 2.943257
v -0.200338 0.340090 2.950786
v -0.201984 0.364924 2.950898
v -0.200338 0.340090 2.964320
v -0.201984 0.364924 2.966317
v -0.205297 0.364924 2.958607
v -0.185961 0.340090 2.950786
v -0.185961 0.340090 2.950786
v -0.202230 0.348597 2.949909
v -0.193150 0.338515 2.949079
v -0.193150 0.338515 2.949079
v -0.193150 0.338515 2.949079
v -0.193150 0.338515 2.949079
v -0.193150 0.364924 2.948006
v -0.193150 0.364924 2.948006
v -0.184316 0.364924 2.950897
v -0.185961 0.340090 2.964320
v -0.185961 0.340090 2.964320
v -0.185961 0.340090 2.964320
v -0.184316 0.364924 2.966316
v -0.184316 0.364924 2.966316
v -0.180655 0.348441 2.958147
v -0.193150 0.348441 2.946773
v -0.193150 0.348441 2.946773
v -0.205645 0.348441 2.958147
v -0.193150 0.348441 2.969521
v -0.193150 0.348441 2.969521
v -0.193150 0.335209 2.957124
v -0.193150 0.335209 2.957124
v -0.197008 0.401555 2.951731
v -0.197008 0.401555 2.951731
v -0.194971 0.414717 2.942865
v -0.194971 0.414717 2.942865
v -0.197008 0.401555 2.944960
v -0.197008 0.401555 2.944960
v -0.200393 0.401555 2.948346
v -0.193622 0.401555 2.948346
v -0.197227 0.394685 2.902364
v -0.200673 0.394685 2.902364
v -0.200673 0.394685 2.905810
v -0.197227 0.394685 2.905810
v -0.197227 0.394685 2.905810
v -0.189946 0.357867 2.905130
v -0.190166 0.350838 2.910364
v -0.190166 0.350838 2.910364
v -0.189946 0.357867 2.916638
v -0.189946 0.357867 2.916638
v -0.187808 0.369252 2.911196
v -0.197187 0.401678 2.902617
v -0.197187 0.401678 2.902617
v -0.197187 0.401678 2.902617
v -0.197187 0.401678 2.902617
v -0.198592 0.401678 2.901210
v -0.197187 0.401678 2.899805
v -0.197187 0.401678 2.899805
v -0.197187 0.401678 2.899805
v -0.197187 0.401678 2.899805
v -0.195782 0.401678 2.901210
v -0.195782 0.401678 2.901210
v -0.196277 0.350838 2.916176
v -0.196277 0.350838 2.916176
v -0.196277 0.350838 2.916176
v -0.196277 0.350838 2.916176
v -0.196277 0.369252 2.918587
v -0.196277 0.369252 2.918587
v -0.202608 0.357867 2.916638
v -0.202387 0.350838 2.910364
v -0.198206 0.400585 2.902874
v -0.198206 0.400585 2.900492
v -0.195825 0.400585 2.902875
v -0.195825 0.400585 2.902875
v -0.195825 0.400585 2.902875
v -0.195825 0.400585 2.900492
v -0.195825 0.400585 2.900492
v -0.201289 0.351936 2.905742
v -0.202436 0.369252 2.905820
v -0.201289 0.351936 2.915178
v -0.202436 0.369252 2.916571
v -0.204746 0.369252 2.911196
v -0.191265 0.351936 2.905742
v -0.191265 0.351936 2.905742
v -0.202608 0.357867 2.905131
v -0.196277 0.350838 2.904551
v -0.196277 0.350838 2.904551
v -0.196277 0.350838 2.904551
v -0.196277 0.350838 2.904551
v -0.196277 0.369252 2.903804
v -0.196277 0.369252 2.903804
v -0.190117 0.369252 2.905821
v -0.191265 0.351936 2.915179
v -0.191265 0.351936 2.915179
v -0.191265 0.351936 2.915179
v -0.190117 0.369252 2.916571
v -0.190117 0.369252 2.916571
v -0.187565 0.357759 2.910874
v -0.196277 0.357759 2.902944
v -0.196277 0.357759 2.902944
v -0.204989 0.357759 2.910874
v -0.196277 0.357759 2.918805
v -0.196277 0.357759 2.918805
v -0.196277 0.348533 2.910161
v -0.196277 0.348533 2.910161
v -0.198967 0.394792 2.906401
v -0.198967 0.394792 2.906401
v -0.197547 0.403970 2.900219
v -0.197547 0.403970 2.900219
v -0.198967 0.394792 2.901679
v -0.198967 0.394792 2.901679
v -0.201327 0.394792 2.904040
v -0.196606 0.394792 2.904041
v -0.202397 0.395640 2.851200
v -0.204933 0.395640 2.851200
v -0.204933 0.395640 2.853735
v -0.202397 0.395640 2.853735
v -0.202397 0.395640 2.853735
v -0.197040 0.368548 2.853236
v -0.197202 0.363375 2.857087
v -0.197202 0.363375 2.857087
v -0.197040 0.368548 2.861703
v -0.197040 0.368548 2.861703
v -0.195466 0.376925 2.857699
v -0.202368 0.400786 2.851385
v -0.202368 0.400786 2.851385
v -0.202368 0.400786 2.851385
v -0.202368 0.400786 2.851385
v -0.203402 0.400786 2.850351
v -0.202368 0.400786 2.849318
v -0.202368 0.400786 2.849318
v -0.202368 0.400786 2.849318
v -0.202368 0.400786 2.849318
v -0.201334 0.400786 2.850351
v -0.201334 0.400786 2.850351
v -0.201698 0.363375 2.861364
v -0.201698 0.363375 2.861364
v -0.201698 0.363375 2.861364
v -0.201698 0.363375 2.861364
v -0.201698 0.376925 2.863137
v -0.201698 0.376925 2.863137
v -0.206357 0.368548 2.861703
v -0.206195 0.363375 2.857087
v -0.203118 0.399982 2.851575
v -0.203118 0.399982 2.849823
v -0.201366 0.399982 2.851575
v -0.201366 0.399982 2.851575
v -0.201366 0.399982 2.851575
v -0.201366 0.399982 2.849823
v -0.201366 0.399982 2.849823
v -0.205387 0.364183 2.853686
v -0.206231 0.376925 2.853743
v -0.205387 0.364183 2.860630
v -0.206231 0.376925 2.861654
v -0.207931 0.376925 2.857699
v -0.198010 0.364183 2.853686
v -0.198010 0.364183 2.853686
v -0.206357 0.368548 2.853236
v -0.201698 0.363375 2.852810
v -0.201698 0.363375 2.852810
v -0.201698 0.363375 2.852810
v -0.201698 0.363375 2.852810
v -0.201698 0.376925 2.852260
v -0.201698 0.376925 2.852260
v -0.197166 0.376925 2.853743
v -0.198010 0.364183 2.860630
v -0.198010 0.364183 2.860630
v -0.198010 0.364183 2.860630
v -0.197166 0.376925 2.861654
v -0.197166 0.376925 2.861654
v -0.195288 0.368468 2.857462
v -0.201698 0.368468 2.851627
v -0.201698 0.368468 2.851627
v -0.208109 0.368468 2.857462
v -0.201698 0.368468 2.863297
v -0.201698 0.368468 2.863297
v -0.201698 0.361679 2.856937
v -0.201698 0.361679 2.856937
v -0.203678 0.395719 2.854170
v -0.203678 0.395719 2.854170
v -0.202633 0.402472 2.849622
v -0.202633 0.402472 2.849622
v -0.203678 0.395719 2.850697
v -0.203678 0.395719 2.850697
v -0.205415 0.395719 2.852433
v -0.201941 0.395719 2.852433
v -0.021860 0.348514 3.122079
v -0.021860 0.348514 3.122079
v -0.024018 0.315939 3.119460
v -0.024018 0.315939 3.119460
v -0.024018 0.315939 3.119460
v -0.021860 0.348514 3.101853
v -0.024018 0.315939 3.101707
v -0.024018 0.315939 3.101707
v -0.045035 0.348514 3.122079
v -0.042876 0.315939 3.119460
v -0.045035 0.348514 3.101853
v -0.042876 0.315939 3.101707
v -0.032597 0.407460 3.091831
v -0.032597 0.407460 3.091831
v -0.032597 0.407460 3.096312
v -0.032597 0.407460 3.096312
v -0.032597 0.407460 3.096312
v -0.037077 0.407460 3.091831
v -0.037077 0.407460 3.096312
v -0.017515 0.348514 3.111966
v -0.021537 0.327097 3.122204
v -0.021537 0.327097 3.122204
v -0.021952 0.313872 3.110402
v -0.021952 0.313872 3.110402
v -0.021537 0.327097 3.100556
v -0.033447 0.348514 3.098061
v -0.033447 0.348514 3.098061
v -0.033447 0.313872 3.099467
v -0.033447 0.313872 3.099467
v -0.033447 0.313872 3.099467
v -0.033447 0.313872 3.099467
v -0.045358 0.327097 3.100556
v -0.049380 0.348514 3.111966
v -0.044943 0.313872 3.110402
v -0.045358 0.327097 3.122204
v -0.033447 0.348514 3.125871
v -0.033447 0.348514 3.125871
v -0.033447 0.313872 3.121336
v -0.033447 0.313872 3.121336
v -0.033447 0.313872 3.121336
v -0.033447 0.313872 3.121336
v -0.032516 0.409515 3.093183
v -0.032516 0.409515 3.093183
v -0.035159 0.409515 3.090539
v -0.035159 0.409515 3.090539
v -0.035159 0.409515 3.090539
v -0.035159 0.409515 3.090539
v -0.037803 0.409515 3.093183
v -0.035159 0.409515 3.095826
v -0.035159 0.409515 3.095826
v -0.035159 0.409515 3.095826
v -0.035159 0.409515 3.095826
v -0.035235 0.396359 3.101834
v -0.035235 0.396359 3.101834
v -0.041717 0.396359 3.101834
v -0.041717 0.396359 3.095352
v -0.035235 0.396359 3.095352
v -0.017058 0.326893 3.111362
v -0.033447 0.326893 3.096443
v -0.033447 0.326893 3.096443
v -0.049837 0.326893 3.111362
v -0.033447 0.326893 3.126281
v -0.033447 0.326893 3.126281
v -0.033447 0.309536 3.110021
v -0.033447 0.309536 3.110021
v -0.038508 0.396562 3.102946
v -0.038508 0.396562 3.102946
v -0.035837 0.413827 3.091317
v -0.035837 0.413827 3.091317
v -0.038508 0.396562 3.094065
v -0.038508 0.396562 3.094065
v -0.042949 0.396562 3.098505
v -0.034067 0.396562 3.098505
v 0.267939 0.798521 2.690251
v -0.267939 0.798521 2.690251
vn 0.6556 0.7324 -0.1841
vn 0.4994 0.8656 -0.0370
vn 0.9349 0.2808 -0.2171
vn 0.9342 -0.3421 -0.1013
vn 0.5123 -0.8482 -0.1344
vn 0.7118 -0.6972 0.0847
vn 0.7661 -0.4873 0.4190
vn 0.9379 0.0598 0.3417
vn 0.7630 0.2819 0.5816
vn 0.4939 0.6977 0.5189
vn 0.8842 0.1103 0.4540
vn 0.7026 0.4632 0.5402
vn 0.8852 -0.4084 0.2228
vn 0.9650 0.0042 0.2623
vn -0.2587 0.9346 -0.2441
vn -0.3298 0.9325 -0.1470
vn -0.3204 0.8714 -0.3716
vn 0.0029 -0.9759 -0.2182
vn -0.0504 -0.9882 -0.1443
vn 0.0647 -0.9957 -0.0659
vn -0.6081 0.7894 -0.0840
vn -0.1566 0.9864 -0.0494
vn 0.1151 0.8109 -0.5738
vn -0.0507 -0.9830 -0.1762
vn -0.4865 -0.8508 -0.1984
vn 0.1101 -0.8787 -0.4644
vn -0.8685 0.1064 -0.4841
vn -0.7728 0.6291 -0.0843
vn -0.7564 -0.2824 -0.5900
vn 0.8439 0.4640 0.2694
vn 0.9379 0.0597 0.3417
vn -0.0000 0.6262 0.7797
vn 0.4188 0.6599 0.6239
vn -0.0000 0.7612 0.6486
vn -0.0000 -0.9712 0.2384
vn -0.0000 -0.9715 0.2372
vn 0.5638 -0.7961 0.2199
vn 0.8487 -0.5178 0.1079
vn 0.7434 -0.5655 0.3571
vn 0.9779 0.0358 0.2060
vn -0.2984 0.9438 0.1422
vn 0.1312 0.8011 0.5840
vn 0.8831 0.3101 0.3522
vn 0.5358 -0.6165 0.5769
vn 0.2003 0.8782 0.4343
vn 0.3127 0.8814 0.3540
vn 0.3124 0.8946 0.3195
vn 0.6828 0.6985 0.2143
vn -0.0000 0.7649 0.6441
vn 0.4027 0.8318 0.3819
vn -0.0000 0.9819 0.1892
vn 0.6895 -0.5939 -0.4145
vn 0.7025 0.4633 0.5402
vn 0.3106 0.8694 0.3843
vn -0.8924 -0.4067 -0.1955
vn -0.9772 0.1740 0.1215
vn -0.7042 -0.4593 0.5414
vn 0.9141 0.1726 -0.3670
vn -0.8426 0.0957 -0.5300
vn -0.0000 0.9997 0.0252
vn -0.6556 0.7324 -0.1841
vn -0.9349 0.2808 -0.2171
vn -0.4994 0.8656 -0.0371
vn -0.9342 -0.3421 -0.1013
vn -0.7118 -0.6972 0.0847
vn -0.5123 -0.8482 -0.1344
vn -0.7661 -0.4874 0.4189
vn -0.7631 0.2819 0.5816
vn -0.9379 0.0598 0.3417
vn -0.4939 0.6977 0.5189
vn -0.7026 0.4632 0.5402
vn -0.8842 0.1103 0.4540
vn -0.9650 0.0042 0.2623
vn -0.8852 -0.4084 0.2228
vn 0.2587 0.9346 -0.2441
vn 0.3204 0.8714 -0.3716
vn 0.3298 0.9325 -0.1470
vn -0.0029 -0.9759 -0.2182
vn -0.0647 -0.9957 -0.0659
vn 0.0504 -0.9882 -0.1443
vn 0.6081 0.7894 -0.0840
vn -0.1151 0.8109 -0.5738
vn 0.1566 0.9864 -0.0493
vn 0.0507 -0.9830 -0.1762
vn -0.1101 -0.8787 -0.4644
vn 0.4865 -0.8508 -0.1984
vn 0.8685 0.1064 -0.4841
vn 0.7564 -0.2824 -0.5900
vn 0.7728 0.6291 -0.0843
vn -0.8439 0.4640 0.2694
vn -0.9650 0.0042 0.2624
vn -0.9379 0.0597 0.3417
vn -0.4188 0.6599 0.6239
vn -0.5638 -0.7961 0.2199
vn -0.8487 -0.5178 0.1079
vn -0.9779 0.0358 0.2060
vn -0.7434 -0.5655 0.3571
vn 0.2984 0.9438 0.1422
vn -0.8831 0.3101 0.3522
vn -0.1312 0.8011 0.5840
vn -0.5358 -0.6165 0.5769
vn -0.2003 0.8782 0.4343
vn -0.3124 0.8946 0.3195
vn -0.3127 0.8814 0.3540
vn -0.6828 0.6985 0.2143
vn -0.4027 0.8318 0.3819
vn -0.6895 -0.5940 -0.4145
vn -0.7025 0.4633 0.5402
vn -0.3106 0.8694 0.3843
vn 0.8924 -0.4067 -0.1956
vn 0.7042 -0.4593 0.5415
vn 0.9772 0.1740 0.1215
vn -0.0000 -1.0000 -0.0031
vn 0.3128 -0.9497 0.0181
vn 0.2864 -0.9358 0.2056
vn -0.0000 -0.9813 0.1926
vn 0.8561 -0.4975 0.1400
vn 0.7968 -0.5181 0.3109
vn 0.6815 -0.3463 0.6447
vn 0.3240 -0.4986 0.8040
vn -0.0000 -0.5907 0.8069
vn 0.6398 0.7044 0.3073
vn 0.7196 0.6320 0.2875
vn 0.9534 0.1211 0.2764
vn 0.7818 0.5251 0.3363
vn 0.7844 0.5796 0.2209
vn 0.9316 0.0858 0.3533
vn 0.7267 0.5788 0.3700
vn 0.7403 0.0291 0.6717
vn 0.5871 0.5793 0.5655
vn -0.0000 0.9998 0.0201
vn 0.5267 0.8500 0.0082
vn 0.5607 0.8280 -0.0076
vn -0.0000 1.0000 -0.0073
vn 0.9254 0.3770 -0.0402
vn 0.9455 0.3249 -0.0235
vn 0.9521 0.3052 -0.0197
vn 0.5736 0.8184 -0.0347
vn -0.0000 0.9992 -0.0396
vn 0.9977 0.0070 -0.0673
vn 0.9966 0.0144 -0.0812
vn 0.9047 -0.4069 -0.1262
vn 0.9183 -0.3856 -0.0900
vn 0.9988 0.0164 -0.0469
vn 0.9114 -0.3874 -0.1388
vn 0.9186 0.3943 -0.0272
vn 0.9104 0.4101 0.0536
vn 0.8641 0.4822 0.1442
vn 0.9999 0.0130 -0.0049
vn 0.8706 -0.4655 -0.1590
vn 1.0000 0.0044 0.0073
vn 0.8302 -0.5237 -0.1913
vn 0.8281 0.5299 0.1831
vn 0.8237 0.5392 0.1755
vn 1.0000 -0.0015 -0.0071
vn 0.8171 -0.5351 -0.2143
vn 0.9991 -0.0065 -0.0412
vn 0.8216 -0.5320 -0.2049
vn 0.8413 0.5287 0.1123
vn 0.8483 0.5294 -0.0129
vn 0.9956 -0.0112 -0.0926
vn 0.8190 -0.5485 -0.1683
vn 0.9913 -0.0109 -0.1313
vn 0.8135 -0.5708 -0.1110
vn 0.8294 0.5416 -0.1370
vn 0.8094 0.5492 -0.2078
vn 0.9897 -0.0097 -0.1431
vn 0.7990 -0.5988 -0.0553
vn 0.4677 -0.8055 0.3639
vn 0.9867 -0.1113 0.1182
vn 0.9966 0.0094 -0.0822
vn 0.7536 -0.6556 0.0478
vn 0.9790 0.1907 -0.0724
vn 0.9644 0.2201 -0.1466
vn 0.7499 0.6118 -0.2517
vn 0.7934 0.5663 -0.2233
vn 0.8185 0.5497 -0.1670
vn 0.9907 -0.0108 -0.1353
vn 0.7794 -0.6147 -0.1212
vn 0.9710 -0.0229 -0.2381
vn 0.7319 -0.6462 -0.2160
vn 0.8067 0.5615 -0.1843
vn 0.8136 0.4075 -0.4147
vn 0.9968 0.0777 -0.0180
vn 0.9609 0.2751 0.0307
vn 0.9347 0.3327 -0.1253
vn 0.9710 -0.0229 -0.2380
vn 0.8290 0.4788 -0.2891
vn -0.2978 0.3826 -0.8746
vn -0.9536 -0.2238 -0.2015
vn -0.9630 -0.2493 -0.1027
vn -0.2978 0.3827 -0.8745
vn -0.9610 -0.2726 -0.0460
vn -0.2309 -0.9729 -0.0125
vn 0.6979 -0.7097 -0.0960
vn -0.2308 -0.9729 -0.0124
vn 0.7971 -0.5913 0.1224
vn 0.9520 -0.2199 0.2129
vn 0.9665 -0.0886 0.2410
vn 0.8279 -0.5422 0.1438
vn 0.7600 -0.1844 0.6233
vn 0.8841 0.1103 0.4540
vn 0.7660 0.5269 0.3683
vn 0.8673 0.4681 0.1692
vn 0.9810 -0.1540 0.1177
vn 0.8200 -0.5630 0.1031
vn 0.6681 -0.7401 0.0761
vn 0.9315 -0.3615 0.0401
vn 0.9039 -0.4162 0.0989
vn 0.6493 -0.7315 0.2081
vn 0.9839 -0.1294 0.1233
vn 0.9656 -0.1950 0.1723
vn 0.8244 -0.5168 0.2308
vn -0.0000 -0.9980 -0.0625
vn 0.5486 -0.8303 -0.0982
vn 0.6588 -0.7349 -0.1610
vn -0.0000 -0.9928 -0.1198
vn -0.0000 -0.9292 -0.3697
vn 0.3395 -0.8722 -0.3523
vn 0.3407 -0.8881 -0.3086
vn -0.0000 -0.9478 -0.3188
vn 0.3355 -0.9200 -0.2025
vn -0.0000 -0.9793 -0.2026
vn 0.3244 -0.9431 -0.0731
vn -0.0000 -0.9984 -0.0568
vn 0.2984 -0.9538 0.0357
vn -0.0000 -0.9980 0.0633
vn -0.0000 -0.9848 0.1736
vn 0.0776 -0.9907 0.1121
vn 0.0517 -0.9914 0.1202
vn -0.0000 -0.9969 0.0785
vn 0.0943 -0.9437 -0.3170
vn -0.1541 -0.9668 0.2038
vn 0.2243 -0.9690 0.1037
vn -0.0000 -1.0000 0.0019
vn 0.3833 -0.9227 0.0399
vn -0.0000 -1.0000 0.0008
vn 0.4283 -0.8997 -0.0840
vn -0.0000 -0.9962 -0.0874
vn 0.4031 -0.8966 -0.1832
vn -0.0000 -0.9827 -0.1855
vn 0.3954 -0.9011 -0.1779
vn -0.0000 -0.9777 -0.2100
vn -0.0000 -0.9983 -0.0576
vn 0.5043 -0.8635 -0.0076
vn 0.5285 -0.8464 0.0654
vn -0.0000 -0.9987 0.0500
vn 0.5082 -0.8562 0.0928
vn -0.0000 -0.9932 0.1161
vn -0.0000 -0.9700 0.2429
vn 0.2760 -0.9427 0.1874
vn 0.2321 -0.9365 0.2630
vn -0.0000 -0.9659 0.2590
vn 0.2967 -0.9330 0.2037
vn -0.0000 -0.9839 0.1785
vn 0.9711 -0.1398 0.1933
vn 0.8442 0.0822 0.5297
vn 0.8382 -0.5287 0.1340
vn 0.9799 0.0351 0.1963
vn 0.7993 0.5542 0.2321
vn 0.7855 0.5460 0.2914
vn 0.9791 0.0149 0.2030
vn 0.3257 -0.9449 0.0323
vn -0.0000 -1.0000 0.0057
vn 0.4173 -0.8989 0.1338
vn -0.0000 -0.9808 0.1949
vn 0.7722 -0.6319 0.0663
vn 0.9651 -0.2536 0.0658
vn 0.9922 0.0374 0.1189
vn 0.9881 -0.0954 0.1207
vn 0.9851 -0.1200 0.1232
vn 0.4470 -0.8887 -0.1019
vn -0.0000 -0.9861 -0.1661
vn 0.7534 -0.6534 0.0736
vn 0.9695 -0.1432 0.1989
vn -0.9737 -0.2265 0.0226
vn -0.8758 -0.3381 0.3444
vn -0.2546 0.0170 0.9669
vn 0.8734 0.2215 0.4337
vn 0.9435 0.2384 0.2300
vn 0.9692 -0.1431 0.2003
vn -0.2544 0.0170 0.9669
vn 0.8408 -0.1894 -0.5072
vn 0.8692 -0.4578 0.1869
vn 0.1831 0.9828 -0.0224
vn 0.0991 0.9807 0.1686
vn 0.3105 0.8695 0.3842
vn 0.1403 0.9464 0.2909
vn 0.2810 0.9573 0.0682
vn 0.2975 0.9384 0.1759
vn 0.2579 0.9505 0.1733
vn 0.7256 0.6583 0.2004
vn -0.0000 0.9849 0.1733
vn -0.0000 0.9844 0.1760
vn -0.0000 0.9829 0.1839
vn 0.2422 0.9465 0.2132
vn 0.7158 0.6455 0.2664
vn 0.3127 0.9239 0.2206
vn -0.0000 0.9798 0.2001
vn -0.0000 0.9388 0.3444
vn -0.0000 0.9302 0.3670
vn 0.2665 0.8667 0.4217
vn 0.8407 0.5248 0.1337
vn 0.7267 0.2125 0.6533
vn 0.8522 0.2768 0.4439
vn 0.2803 0.9355 0.2152
vn 0.7664 0.5950 0.2422
vn -0.0000 0.9820 0.1887
vn 0.2529 0.9328 0.2569
vn -0.0000 0.9777 0.2099
vn -0.0000 0.9812 0.1932
vn 0.3320 0.9240 -0.1899
vn 0.3032 0.9470 -0.1066
vn 0.6084 0.7780 -0.1569
vn 0.6478 0.7602 0.0492
vn 0.2642 0.9080 -0.3253
vn 0.3050 0.9085 -0.2856
vn -0.0000 0.9421 -0.3353
vn -0.0000 0.9554 -0.2954
vn -0.0000 0.9821 -0.1884
vn 0.7318 0.6105 -0.3028
vn 0.2574 0.9079 -0.3309
vn 0.2419 0.9117 -0.3322
vn 0.7120 0.6420 -0.2844
vn -0.0000 0.9479 -0.3187
vn -0.0000 0.9435 -0.3315
vn 0.3491 0.9349 0.0649
vn 0.3348 0.9354 -0.1138
vn -0.0000 0.9965 0.0834
vn -0.0000 0.9952 -0.0982
vn -0.0000 0.9756 -0.2198
vn 0.3169 0.9207 -0.2280
vn 0.3701 0.8827 0.2896
vn 0.3423 0.9124 0.2243
vn -0.0000 0.9539 0.3002
vn -0.0000 0.9721 0.2346
vn 0.8138 0.5500 0.1877
vn 0.6790 0.6667 0.3073
vn 0.9713 0.2219 0.0852
vn 0.9507 0.2679 0.1564
vn 0.8139 0.5499 0.1877
vn 0.9315 0.2797 0.2326
vn 0.8129 0.4556 0.3629
vn -0.0000 0.8064 0.5913
vn -0.0000 0.9365 0.3507
vn 0.8607 0.5087 -0.0233
vn 0.8798 0.4677 0.0842
vn 0.8607 0.5086 -0.0233
vn 0.9686 0.2326 -0.0879
vn 0.9835 0.1801 0.0170
vn 0.8799 0.4677 0.0842
vn -0.0000 0.8390 -0.5441
vn 0.9465 0.3173 0.0588
vn -0.0000 0.9998 0.0212
vn 0.8063 0.5888 -0.0565
vn 0.2413 0.4757 0.8459
vn 0.2325 0.8650 0.4446
vn 0.2594 0.0275 0.9654
vn 0.7033 0.4853 0.5195
vn 0.6227 -0.0088 0.7824
vn -0.0000 0.8182 0.5749
vn -0.0000 0.0318 0.9995
vn -0.0000 0.4636 0.8861
vn 0.2908 0.9545 0.0655
vn -0.0000 0.9973 0.0729
vn 0.9813 -0.0716 0.1785
vn 0.9767 0.0961 0.1917
vn 0.9647 0.1398 0.2230
vn 0.9559 0.1854 0.2276
vn -0.0952 -0.9816 0.1656
vn -0.3865 -0.9068 -0.1685
vn 0.6745 -0.5540 -0.4879
vn 0.8524 -0.5135 0.0985
vn -0.6590 -0.5931 -0.4626
vn 0.2253 -0.0150 -0.9742
vn 0.6746 -0.5540 -0.4879
vn 0.2254 -0.0151 -0.9741
vn 0.6778 0.6638 -0.3161
vn 0.8614 0.5075 -0.0218
vn 0.8524 -0.5136 0.0984
vn 0.8816 0.4691 0.0517
vn -0.2381 -0.8745 0.4226
vn -0.5960 -0.7973 0.0958
vn -0.4724 -0.8615 0.1861
vn 0.0559 -0.8652 0.4982
vn -0.6993 -0.7136 -0.0419
vn -0.6665 -0.7455 -0.0057
vn 0.1398 -0.9094 0.3917
vn 0.2970 -0.8004 0.5207
vn 0.7102 0.7038 0.0175
vn 0.7256 0.6857 0.0581
vn 0.7652 0.6424 0.0416
vn 0.7552 0.6555 0.0098
vn 0.8434 0.3879 0.3718
vn 0.8876 0.3428 0.3076
vn 0.9185 0.2933 0.2654
vn 0.9028 0.4109 0.1266
vn 0.9215 -0.2478 0.2990
vn 0.8720 -0.2000 0.4467
vn 0.5986 0.7687 -0.2253
vn 0.7098 0.7044 0.0002
vn 0.7549 0.6558 -0.0026
vn 0.6063 0.7501 -0.2641
vn 0.4771 -0.4238 0.7699
vn 0.6567 -0.4021 0.6381
vn 0.6566 -0.4021 0.6381
vn -0.7746 -0.4761 -0.4163
vn -0.2438 0.4197 -0.8743
vn -0.2693 0.3826 -0.8838
vn -0.7933 -0.4510 -0.4091
vn -0.2694 0.3826 -0.8837
vn -0.7412 -0.6564 -0.1405
vn -0.7470 -0.6505 -0.1373
vn -0.7408 -0.6694 -0.0559
vn -0.7621 -0.6346 -0.1282
vn -0.8418 -0.5356 -0.0671
vn -0.8475 -0.5207 -0.1025
vn -0.8636 -0.4833 -0.1435
vn -0.7626 -0.5888 -0.2681
vn -0.1859 0.3183 -0.9296
vn 0.6349 0.7383 -0.2277
vn -0.3762 0.0993 -0.9212
vn -0.3761 0.0992 -0.9212
vn 0.6345 0.6929 -0.3426
vn 0.3032 -0.3916 0.8687
vn -0.4719 -0.7959 0.3792
vn 0.8129 0.3942 0.4288
vn 0.3031 -0.3917 0.8687
vn 0.8292 0.3224 0.4566
vn 0.1821 -0.3229 0.9288
vn 0.1822 -0.3228 0.9288
vn -0.6574 -0.6558 0.3712
vn 0.7164 0.6967 -0.0366
vn 0.7491 0.6618 0.0297
vn 0.8145 0.5773 -0.0581
vn 0.8393 0.5424 0.0371
vn 0.7653 0.6376 0.0887
vn 0.8522 0.5073 0.1281
vn -0.9199 -0.3897 -0.0438
vn -0.7894 -0.4939 0.3647
vn -0.9227 -0.3792 -0.0697
vn -0.8232 -0.5678 -0.0027
vn 0.9126 0.3718 0.1701
vn 0.9091 0.4147 0.0381
vn 0.8512 0.2539 0.4593
vn 0.8830 0.4631 -0.0770
vn 0.7734 0.5593 -0.2984
vn 0.0950 -0.2036 0.9744
vn 0.0951 -0.2036 0.9744
vn -0.3833 0.4491 -0.8071
vn -0.9274 -0.3351 -0.1662
vn -0.9214 -0.3823 -0.0697
vn 0.2931 0.9086 -0.2975
vn 0.7836 0.5613 -0.2663
vn -0.0000 0.9578 -0.2875
vn 0.2183 -0.9717 0.0905
vn -0.0000 -0.9899 0.1420
vn 0.7330 -0.6736 -0.0947
vn 0.9742 0.0203 -0.2247
vn 0.9476 0.2280 -0.2236
vn 0.9172 0.2718 -0.2913
vn 0.8080 0.0081 -0.5891
vn 0.9499 0.2627 -0.1692
vn 0.9465 0.2602 -0.1910
vn 0.9499 0.2627 -0.1693
vn 0.8323 0.5229 -0.1839
vn 0.5845 0.6054 -0.5403
vn 0.9790 0.1907 -0.0723
vn 0.9337 0.3554 0.0448
vn 0.8625 0.4866 0.1387
vn 0.6673 0.7197 -0.1914
vn -0.0405 0.7896 -0.6123
vn 0.6329 0.7568 -0.1634
vn -0.1333 0.8430 -0.5212
vn 0.8382 0.5273 0.1390
vn 0.8279 0.5467 0.1249
vn 0.6660 0.7356 -0.1240
vn -0.0568 0.8819 -0.4680
vn 0.6917 0.7165 -0.0902
vn 0.0411 0.9023 -0.4292
vn 0.8390 0.5319 0.1145
vn 0.8681 0.4879 0.0914
vn 0.6887 0.7217 -0.0696
vn 0.0597 0.9041 -0.4232
vn 0.7141 0.6974 -0.0604
vn 0.0873 0.8923 -0.4428
vn 0.8989 0.4305 0.0814
vn 0.9329 0.3528 0.0722
vn 0.8748 0.4832 -0.0349
vn 0.5310 0.7180 -0.4500
vn 0.8080 0.0081 -0.5892
vn -0.4413 0.0609 -0.8953
vn -0.7045 -0.6575 -0.2670
vn -0.8743 0.0661 -0.4809
vn -0.8537 -0.5047 -0.1287
vn -0.9074 0.1027 -0.4074
vn -0.8660 -0.4904 -0.0975
vn -0.9074 0.1028 -0.4075
vn -0.8842 0.1797 -0.4313
vn -0.8842 0.1797 -0.4312
vn -0.8637 -0.4961 -0.0894
vn -0.8407 0.2126 -0.4980
vn -0.8504 -0.5154 -0.1053
vn -0.8408 0.2125 -0.4979
vn -0.8493 0.2132 -0.4829
vn -0.8493 0.2133 -0.4829
vn -0.8401 -0.5231 -0.1433
vn -0.6990 0.2377 -0.6745
vn -0.7881 -0.5927 -0.1661
vn -0.6990 0.2377 -0.6744
vn 0.2618 -0.2329 -0.9366
vn -0.0483 -0.9486 -0.3128
vn 0.9868 -0.1112 0.1181
vn 0.8804 -0.1069 0.4620
vn 0.1283 -0.7700 0.6250
vn -0.0765 -0.7652 0.6392
vn 0.7675 -0.0916 0.6345
vn 0.7172 -0.1264 0.6853
vn -0.2650 -0.7873 0.5567
vn 0.7172 -0.1263 0.6853
vn -0.4404 -0.7774 0.4492
vn 0.6217 -0.1979 0.7578
vn 0.6217 -0.1980 0.7578
vn 0.5677 -0.2997 0.7667
vn -0.3221 -0.8445 0.4278
vn 0.5677 -0.2997 0.7668
vn 0.0587 -0.9183 0.3916
vn 0.7642 -0.3313 0.5534
vn 0.7642 -0.3314 0.5534
vn 0.9433 -0.1501 0.2959
vn 0.3338 -0.8886 0.3146
vn 0.9433 -0.1502 0.2960
vn 0.5493 -0.8025 0.2329
vn 0.9875 -0.0475 0.1501
vn 0.9875 -0.0475 0.1500
vn 0.3263 -0.9423 0.0751
vn 0.9834 -0.1695 -0.0640
vn -0.4747 -0.8523 0.2197
vn -0.6253 -0.7566 0.1914
vn -0.6753 -0.7230 0.1458
vn -0.7073 -0.6986 0.1087
vn -0.6965 -0.7117 0.0909
vn -0.6310 -0.7712 0.0842
vn -0.4479 -0.8897 0.0879
vn -0.6918 -0.7207 0.0433
vn 0.2101 -0.9773 0.0267
vn -0.3347 -0.9237 -0.1863
vn -0.4543 -0.8739 -0.1731
vn 0.0013 -0.9970 -0.0776
vn -0.1698 0.9338 0.3150
vn 0.0615 0.9037 -0.4238
vn 0.8136 0.4075 -0.4148
vn 0.6474 -0.7474 0.1495
vn 0.2116 -0.6101 0.7636
vn 0.4522 -0.6804 0.5767
vn 0.4109 0.4120 0.8133
vn 0.1205 0.5061 0.8540
vn 0.1231 0.9439 0.3064
vn 0.5559 0.7668 0.3209
vn -0.1772 0.9532 -0.2448
vn -0.2034 0.9329 -0.2972
vn -0.1143 0.9404 -0.3204
vn -0.1254 0.9587 -0.2552
vn -0.3323 -0.9330 -0.1381
vn -0.3577 -0.9240 -0.1350
vn -0.4966 -0.8572 -0.1364
vn -0.2510 -0.9076 -0.3365
vn -0.0464 -0.9938 -0.1006
vn 0.7118 -0.6973 0.0847
vn 0.3022 -0.9518 -0.0516
vn -0.1076 -0.6257 0.7726
vn 0.0857 0.8162 -0.5714
vn -0.4194 0.9026 0.0972
vn -0.0583 0.9595 0.2758
vn -0.1159 0.9371 -0.3291
vn 0.1680 -0.6079 0.7760
vn 0.0672 0.5197 0.8517
vn -0.2460 0.3133 0.9172
vn -0.1158 0.8981 -0.4243
vn -0.1420 0.9268 -0.3477
vn -0.1456 0.8909 -0.4302
vn -0.1221 0.9907 -0.0595
vn -0.1661 0.9273 -0.3353
vn -0.1782 0.8919 -0.4156
vn -0.1220 0.9913 -0.0493
vn -0.1917 0.9374 -0.2909
vn -0.2189 0.9118 -0.3473
vn -0.1264 0.9910 -0.0444
vn -0.1406 0.9898 -0.0237
vn 0.1255 -0.9911 -0.0451
vn -0.1785 0.9503 -0.2552
vn -0.1865 0.9520 -0.2427
vn -0.1037 0.9649 -0.2412
vn -0.0697 0.9976 0.0042
vn -0.1618 0.9867 0.0174
vn -0.1705 0.9762 0.1342
vn 0.0190 0.9950 0.0979
vn 0.0455 0.9922 0.1160
vn -0.1463 0.9746 0.1694
vn 0.9951 -0.0717 -0.0688
vn 0.7741 -0.6315 -0.0439
vn 0.5949 -0.7647 -0.2477
vn 0.8853 -0.1731 -0.4315
vn 0.8406 -0.5307 0.1084
vn 0.6853 -0.7224 0.0920
vn 0.5689 -0.8217 -0.0343
vn 0.4843 -0.8649 -0.1317
vn 0.8458 0.4991 0.1887
vn 0.9872 -0.0311 0.1565
vn 0.9950 -0.0717 -0.0689
vn 0.8576 0.5133 0.0314
vn -0.1404 0.9899 -0.0182
vn -0.1028 0.9944 -0.0238
vn 0.0498 -0.9934 -0.1038
vn 0.0249 -0.9927 -0.1184
vn -0.0563 -0.9943 -0.0907
vn -0.0282 -0.9960 -0.0852
vn -0.2024 0.9647 -0.1686
vn -0.2359 0.9578 -0.1642
vn -0.0641 -0.9754 -0.2111
vn -0.1987 -0.9599 -0.1979
vn -0.0942 0.9454 -0.3120
vn -0.1133 0.9622 -0.2478
vn 0.1228 -0.9919 -0.0312
vn 0.1079 -0.9935 -0.0353
vn 0.1847 -0.5945 0.7826
vn 0.1871 -0.5947 0.7818
vn -0.1886 0.9779 -0.0898
vn -0.0886 0.9954 -0.0364
vn 0.1154 -0.9922 -0.0461
vn 0.1674 -0.5447 0.8218
vn 0.0613 0.5272 0.8475
vn 0.1675 -0.5991 0.7830
vn 0.1114 -0.9928 -0.0434
vn 0.1789 -0.5338 0.8265
vn 0.1012 -0.9938 -0.0461
vn 0.1690 -0.5863 0.7923
vn 0.0417 0.5690 0.8213
vn -0.0722 0.9539 0.2914
vn 0.0438 0.5713 0.8196
vn 0.0197 0.5380 0.8427
vn 0.0981 -0.9937 -0.0537
vn 0.1558 -0.6520 0.7420
vn 0.0191 0.4804 0.8768
vn -0.1100 0.9615 -0.2520
vn -0.0613 0.9555 0.2886
vn -0.0628 0.9573 0.2822
vn 0.1715 -0.6490 0.7412
vn 0.1218 -0.9914 -0.0470
vn 0.0680 0.4853 0.8717
vn 0.1232 -0.9919 -0.0297
vn 0.0787 0.5325 0.8428
vn 0.0463 0.5283 0.8478
vn 0.0888 -0.9951 -0.0429
vn 0.1730 -0.6607 0.7305
vn 0.1111 -0.9931 -0.0366
vn 0.1607 -0.7001 0.6958
vn 0.0332 0.4738 0.8800
vn 0.0446 0.4409 0.8964
vn 0.1355 -0.9901 -0.0375
vn 0.1561 -0.6691 0.7266
vn 0.0555 0.4743 0.8786
vn -0.0876 0.9571 0.2761
vn -0.0968 0.9566 0.2750
vn -0.0769 0.9546 0.2879
vn -0.0977 0.9570 0.2732
vn -0.0935 0.9554 0.2802
vn -0.0824 0.9570 0.2782
vn -0.1274 0.9884 -0.0826
vn -0.0656 0.9569 0.2830
vn -0.0698 0.9822 -0.1741
vn -0.0648 0.9558 0.2868
vn -0.0878 0.9557 0.2808
vn 0.1191 -0.9795 -0.1628
vn 0.0066 -0.9835 -0.1809
vn 0.1212 -0.9726 -0.1983
vn 0.1550 -0.9716 -0.1788
vn 0.0512 -0.9766 -0.2090
vn 0.0292 -0.9831 -0.1805
vn 0.1095 -0.9747 -0.1950
vn 0.0481 -0.9835 -0.1745
vn 0.1115 -0.9696 -0.2178
vn 0.2016 -0.9722 -0.1189
vn 0.2127 -0.9660 -0.1471
vn 0.0848 -0.9895 -0.1170
vn 0.0916 -0.9911 -0.0968
vn 0.0446 -0.9750 -0.2177
vn 0.1273 -0.9704 -0.2054
vn 0.0331 -0.9676 -0.2504
vn 0.0599 -0.9622 -0.2656
vn 0.0208 -0.9706 -0.2398
vn 0.0655 -0.9597 -0.2731
vn 0.0810 -0.9547 -0.2864
vn 0.0871 -0.9549 -0.2839
vn 0.1090 -0.9447 -0.3094
vn 0.1151 -0.9516 -0.2851
vn 0.3718 -0.8590 -0.3520
vn 0.3147 -0.9254 -0.2114
vn 0.2807 -0.9152 -0.2893
vn 0.0861 -0.9718 -0.2195
vn 0.9872 -0.0311 0.1566
vn 0.1638 0.5233 0.8363
vn 0.0672 0.5198 0.8516
vn 0.0417 0.5691 0.8212
vn 0.0437 0.5714 0.8195
vn 0.0274 -0.9866 -0.1611
vn -0.0036 -0.9825 -0.1860
vn -0.1253 -0.9833 -0.1318
vn -0.0808 -0.9887 -0.1265
vn 0.0196 0.5380 0.8427
vn 0.0787 0.5326 0.8427
vn 0.0462 0.5283 0.8478
vn 0.0332 0.4737 0.8800
vn 0.0447 0.4409 0.8964
vn 0.0613 0.5273 0.8475
vn 0.0222 -0.9941 -0.1063
vn 0.0282 -0.9956 -0.0894
vn 0.1205 0.5062 0.8540
vn 0.1638 0.5232 0.8363
vn -0.1427 -0.9400 -0.3100
vn -0.3404 -0.9090 -0.2406
vn -0.1547 0.9727 0.1729
vn -0.1657 0.9706 0.1749
vn -0.0721 0.9872 0.1424
vn -0.0631 0.9856 0.1566
vn 0.8854 -0.1731 -0.4315
vn 0.6962 0.6774 -0.2374
vn 0.0040 -0.9779 -0.2092
vn -0.0692 0.9938 0.0868
vn -0.0612 0.9952 0.0768
vn 0.0385 0.9976 0.0579
vn 0.0159 0.9967 0.0792
vn -0.0504 0.9974 -0.0506
vn 0.1680 0.9718 -0.1653
vn -0.4462 0.8949 -0.0094
vn -0.4487 0.8935 0.0184
vn -0.0856 0.9941 0.0661
vn -0.0962 0.9929 0.0694
vn -0.1530 -0.8307 -0.5353
vn -0.7283 -0.2269 -0.6466
vn -0.8316 -0.1765 -0.5265
vn -0.1882 -0.8167 -0.5456
vn -0.7888 0.5742 -0.2193
vn -0.6909 0.7192 0.0732
vn -0.8316 -0.1765 -0.5266
vn -0.6440 0.7308 -0.2261
vn -0.7435 -0.1598 -0.6493
vn -0.7436 -0.1598 -0.6493
vn -0.3807 -0.7990 -0.4654
vn -0.4499 0.8606 -0.2388
vn -0.1026 0.9929 -0.0597
vn -0.1964 0.9738 0.1146
vn -0.2106 0.9707 0.1156
vn -0.0786 0.9928 0.0902
vn -0.0814 0.9915 0.1015
vn -0.3669 0.9298 -0.0286
vn -0.1642 0.9861 -0.0270
vn 0.6142 0.7632 0.2009
vn 0.5523 0.8276 0.1001
vn 0.5007 0.8656 -0.0053
vn -0.4636 0.8860 -0.0072
vn -0.2505 0.9673 -0.0384
vn 0.0866 -0.9468 -0.3099
vn 0.1601 -0.9512 -0.2638
vn -0.0410 -0.8662 -0.4980
vn 0.0556 -0.9637 -0.2612
vn 0.0851 -0.9710 -0.2236
vn -0.1516 0.9865 0.0615
vn -0.1753 0.9828 0.0580
vn -0.5907 0.8052 -0.0522
vn -0.6034 0.7974 -0.0009
vn -0.0276 -0.8992 -0.4366
vn -0.2498 0.9400 0.2325
vn -0.1987 0.9589 0.2024
vn -0.3301 0.9050 -0.2685
vn 0.0409 -0.9723 -0.2301
vn 0.0692 -0.9780 -0.1969
vn -0.2517 -0.9432 -0.2167
vn -0.0316 0.9824 -0.1843
vn -0.0524 -0.9180 -0.3931
vn -0.0885 0.9744 0.2069
vn -0.0842 0.9819 0.1697
vn -0.1879 0.9659 -0.1779
vn 0.0348 -0.9775 -0.2080
vn 0.0602 -0.9822 -0.1780
vn -0.0684 -0.9344 -0.3496
vn -0.0735 0.9806 0.1819
vn -0.0748 0.9860 0.1492
vn -0.1980 0.9696 -0.1436
vn 0.1017 -0.9893 -0.1046
vn -0.0698 -0.9946 -0.0763
vn -0.0926 -0.9930 -0.0733
vn 0.0979 -0.9888 -0.1130
vn -0.1329 -0.9863 -0.0981
vn 0.0933 -0.9864 -0.1353
vn 0.1401 -0.9716 -0.1906
vn 0.0305 -0.9805 -0.1942
vn -0.0212 -0.9895 -0.1429
vn 0.1813 -0.9696 -0.1645
vn 0.0477 0.9936 0.1024
vn 0.0778 0.9944 0.0714
vn 0.0713 0.9928 0.0964
vn 0.0300 0.9765 -0.2135
vn 0.0879 0.9960 0.0164
vn -0.1545 0.9715 0.1796
vn -0.0655 0.9841 0.1649
vn -0.0723 0.9873 0.1414
vn -0.2111 0.9740 -0.0826
vn -0.8929 -0.0978 -0.4395
vn -0.7615 0.0177 -0.6479
vn -0.4347 0.8909 -0.1315
vn -0.2826 0.0323 -0.9587
vn 0.1293 0.0852 -0.9879
vn 0.0415 -0.0661 -0.9970
vn 0.0045 -0.9075 -0.4200
vn -0.2486 -0.9230 -0.2938
vn -0.4634 -0.7467 -0.4772
vn -0.1375 -0.7701 -0.6229
vn -0.7362 0.4879 -0.4691
vn -0.4331 0.8817 -0.1869
vn -0.1489 0.9270 -0.3442
vn -0.2820 0.6039 -0.7455
vn -0.1462 0.3455 -0.9270
vn -0.1327 0.9161 -0.3784
vn 0.2053 0.9360 -0.2860
vn 0.3490 0.5902 -0.7279
vn -0.0973 0.9931 0.0658
vn 0.1768 0.9838 -0.0286
vn 0.0416 -0.0660 -0.9970
vn -0.8218 -0.0689 -0.5656
vn -0.6514 0.0149 -0.7586
vn -0.0013 -0.6698 -0.7425
vn -0.0650 -0.2974 -0.9525
vn 0.4532 -0.1661 -0.8758
vn 0.3684 -0.7391 -0.5640
vn -0.0650 -0.2973 -0.9526
vn 0.4532 -0.1660 -0.8758
vn 0.5993 -0.0079 -0.8005
vn -0.1420 0.9887 -0.0487
vn -0.6393 0.0338 -0.7682
vn -0.7032 -0.0726 -0.7072
vn -0.6394 0.0338 -0.7681
vn -0.0751 -0.9677 -0.2405
vn -0.2388 0.9603 0.1444
vn -0.7564 -0.2152 -0.6177
vn -0.3094 -0.2190 -0.9254
vn -0.3094 -0.2189 -0.9254
vn -0.3010 -0.0236 -0.9533
vn -0.3010 -0.0237 -0.9533
vn 0.0554 -0.9353 -0.3495
vn -0.5997 0.0156 -0.8001
vn -0.7616 0.0176 -0.6478
vn -0.8929 -0.0978 -0.4394
vn -0.4370 0.0228 -0.8992
vn -0.5998 0.0155 -0.8000
vn -0.3497 0.0214 -0.9366
vn -0.4371 0.0228 -0.8991
vn -0.3670 -0.0138 -0.9301
vn -0.3498 0.0214 -0.9366
vn -0.3669 -0.0137 -0.9301
vn -0.3399 0.9348 0.1034
vn -0.4285 0.8916 -0.1466
vn -0.5943 0.5977 -0.5381
vn 0.3008 -0.9328 -0.1984
vn 0.3075 -0.8945 -0.3245
vn 0.0643 -0.9255 -0.3733
vn -0.1977 -0.9500 -0.2418
vn -0.3258 -0.8054 -0.4951
vn -0.0403 0.9946 0.0955
vn -0.0544 0.9924 0.1106
vn -0.6249 -0.1515 -0.7659
vn -0.6249 -0.1514 -0.7659
vn 0.1276 -0.9607 -0.2465
vn -0.0365 -0.9910 -0.1291
vn -0.0755 -0.9888 -0.1286
vn 0.1426 -0.9704 -0.1950
vn 0.1644 -0.9716 -0.1702
vn -0.1475 -0.9779 -0.1484
vn 0.0743 -0.9896 -0.1233
vn 0.0357 -0.9895 -0.1398
vn 0.1659 -0.9726 -0.1631
vn 0.1362 -0.9714 -0.1945
vn 0.0962 -0.9864 -0.1332
vn 0.0607 -0.9915 -0.1150
vn -0.2784 0.9520 0.1271
vn -0.2959 0.9451 0.1389
vn -0.0882 0.9913 0.0982
vn -0.0885 0.9912 0.0981
vn 0.2601 -0.9569 -0.1290
vn 0.2766 -0.9483 -0.1554
vn -0.0832 0.9892 0.1207
vn -0.0858 0.9884 0.1256
vn 0.1027 0.9926 0.0653
vn 0.1313 0.9905 0.0412
vn -0.1191 0.9916 -0.0513
vn 0.0023 0.9988 -0.0480
vn 0.0864 0.9944 0.0602
vn -0.0967 0.9920 0.0818
vn -0.0027 0.9999 0.0163
vn 0.0133 0.9978 0.0654
vn 0.1945 -0.9625 -0.1889
vn 0.1939 -0.9678 -0.1605
vn 0.2020 -0.9690 -0.1422
vn 0.1903 -0.9692 -0.1563
vn 0.2528 -0.9600 -0.1208
vn 0.2064 -0.9715 -0.1163
vn 0.1014 -0.9848 -0.1413
vn 0.1037 -0.9888 -0.1074
vn -0.0112 0.9997 0.0198
vn -0.0840 0.9926 0.0878
vn 0.0244 0.9960 0.0858
vn -0.0536 -0.9798 -0.1929
vn -0.0692 -0.9869 -0.1460
vn -0.2063 0.9779 0.0340
vn -0.2378 0.9708 -0.0311
vn -0.2736 0.9570 0.0964
vn -0.2059 0.9745 0.0893
vn -0.0984 0.9919 0.0797
vn -0.1913 0.9806 0.0428
vn -0.1786 0.9747 0.1343
vn -0.0934 0.9858 0.1398
vn -0.5265 0.8413 -0.1225
vn -0.4464 0.8919 -0.0724
vn 0.0664 -0.9784 -0.1958
vn 0.0359 -0.9840 -0.1747
vn -0.1083 0.9817 0.1568
vn 0.0005 -0.9884 -0.1521
vn -0.0618 -0.9938 -0.0928
vn -0.0228 -0.9909 -0.1326
vn -0.0276 -0.9948 -0.0983
vn 0.0797 -0.9728 -0.2176
vn -0.3144 0.9299 0.1908
vn 0.1002 -0.9643 -0.2451
vn 0.2717 -0.9134 -0.3030
vn 0.3495 -0.7858 -0.5103
vn 0.0260 -0.8487 -0.5283
vn -0.0738 0.9958 0.0545
vn 0.5388 0.8093 0.2339
vn 0.0360 -0.9943 -0.1001
vn -0.2927 -0.9395 -0.1778
vn -0.1143 0.9927 0.0393
vn -0.0823 0.9946 0.0632
vn 0.1026 -0.9893 -0.1037
vn -0.0000 0.9641 -0.2654
vn -0.0000 0.3026 -0.9531
vn 0.9829 0.0507 -0.1770
vn -0.0000 -0.0943 -0.9955
vn 0.9689 -0.0202 -0.2468
vn -0.0000 0.0192 -0.9998
vn 0.9739 0.0240 -0.2258
vn 1.0000 0.0097 -0.0001
vn 0.9993 0.0006 -0.0379
vn 0.9966 0.0774 0.0296
vn 0.9916 0.1030 0.0778
vn 0.8539 0.3906 0.3439
vn 0.7623 0.4696 0.4454
vn 0.9679 0.0338 -0.2492
vn 0.9743 0.0234 -0.2242
vn -0.0000 0.1661 -0.9861
vn -0.0000 0.1744 -0.9847
vn 0.8608 0.2042 0.4663
vn 0.7212 0.3877 0.5741
vn 0.4148 0.5978 0.6859
vn 0.9600 0.1647 0.2265
vn 0.6048 0.5520 0.5741
vn 0.6774 0.5360 0.5039
vn 0.2941 0.6832 0.6684
vn -0.0000 0.7159 0.6982
vn -0.0000 0.7302 0.6832
vn 0.3949 0.6545 0.6448
vn -0.0000 0.7015 0.7127
vn 0.9976 0.0399 0.0574
vn 0.9992 0.0367 0.0150
vn 0.9989 0.0256 0.0395
vn 0.9902 0.1037 0.0939
vn 0.9993 0.0254 -0.0272
vn 0.5814 -0.7825 0.2227
vn -0.0000 -0.9535 0.3014
vn 0.9638 -0.2547 -0.0789
vn 0.9462 -0.3199 0.0486
vn 0.9069 -0.4072 0.1082
vn 0.5206 -0.8151 0.2542
vn -0.0000 -0.9488 0.3159
vn 0.9708 -0.2336 -0.0545
vn 0.9714 -0.2211 -0.0868
vn 0.8535 -0.4971 -0.1560
vn 0.8097 -0.5622 -0.1682
vn 0.9267 -0.3156 -0.2042
vn 0.7464 -0.6436 -0.1695
vn 0.8535 -0.4972 -0.1560
vn 0.8097 -0.5623 -0.1683
vn -0.0000 -0.9924 -0.1231
vn -0.0000 -0.8493 0.5279
vn 0.9778 -0.1632 0.1311
vn 0.8817 -0.4718 0.0036
vn 0.6211 -0.7517 -0.2219
vn 0.9629 -0.2693 -0.0180
vn 0.6210 -0.7517 -0.2219
vn -0.0000 -0.9305 -0.3663
vn -0.0000 -0.5548 -0.8320
vn 0.9709 -0.0531 -0.2336
vn -0.0000 -0.2810 -0.9597
vn -0.0000 -0.9366 -0.3503
vn 1.0000 -0.0069 -0.0056
vn 0.9985 -0.0278 0.0462
vn 0.9968 -0.0695 0.0406
vn 0.9980 -0.0635 0.0008
vn 0.9550 -0.2352 0.1809
vn 0.9267 -0.3107 0.2117
vn 0.8985 -0.3718 0.2335
vn 0.8765 -0.4531 0.1627
vn 0.9989 0.0007 -0.0464
vn 0.9983 -0.0453 -0.0374
vn 0.9984 -0.0302 -0.0477
vn 0.9994 -0.0334 -0.0054
vn 0.9981 -0.0462 0.0415
vn -0.0000 -0.8103 0.5860
vn 0.9525 -0.3037 -0.0218
vn 0.5717 -0.8195 -0.0404
vn 0.5303 -0.8394 -0.1190
vn 0.9238 -0.3770 -0.0673
vn -0.0000 -0.9989 -0.0467
vn -0.0000 -0.9913 -0.1319
vn 0.9093 -0.4072 -0.0856
vn 0.1279 -0.9158 -0.3807
vn 0.8646 -0.4521 -0.2194
vn 0.9995 0.0017 -0.0309
vn 0.9485 -0.3143 -0.0380
vn 0.9999 -0.0000 -0.0144
vn 0.5610 -0.8264 -0.0480
vn -0.0000 -0.9991 -0.0433
vn 0.9092 -0.4075 -0.0856
vn 1.0000 -0.0000 -0.0000
vn 0.9357 -0.0000 -0.3528
vn 0.1278 -0.9158 -0.3807
vn 0.9092 0.4075 -0.0855
vn 0.1278 0.9158 -0.3807
vn 0.8646 0.4520 -0.2194
vn 0.9238 -0.0000 -0.3828
vn 0.9995 -0.0000 -0.0305
vn 0.9238 0.3770 -0.0673
vn 0.5303 0.8394 -0.1190
vn -0.0000 0.9912 -0.1320
vn -0.0000 0.9913 -0.1319
vn 0.6425 -0.6916 0.3299
vn -0.0000 -0.8917 0.4525
vn 0.1815 0.5650 0.8049
vn -0.2456 0.7551 0.6079
vn 0.7724 0.6351 -0.0120
vn 0.0341 0.0168 0.9993
vn -0.2427 -0.1357 0.9606
vn 0.6477 -0.5880 0.4845
vn 0.5229 -0.6543 0.5464
vn 0.5714 -0.7250 0.3846
vn -0.0000 -0.8948 0.4464
vn 0.2059 -0.8612 0.4646
vn 0.9791 -0.0774 0.1880
vn 0.9744 0.0724 0.2130
vn -0.7545 0.5455 -0.3650
vn -0.7473 0.6612 0.0660
vn -0.7242 0.6809 0.1094
vn -0.8687 0.3190 -0.3790
vn 0.6476 0.6617 0.3779
vn 0.8441 0.2121 0.4924
vn 0.7946 -0.3972 0.4593
vn 0.0382 0.3653 0.9301
vn 0.9963 0.0209 0.0835
vn 0.3646 0.4296 -0.8261
vn 0.1565 -0.1742 -0.9722
vn 0.8147 -0.5736 -0.0850
vn 0.0029 0.6021 0.7984
vn 0.3645 0.4296 -0.8262
vn -0.1323 0.9890 -0.0668
vn 0.0009 0.9671 0.2544
vn -0.0172 -0.4936 -0.8695
vn -0.3726 0.8789 -0.2980
vn 0.3321 0.3275 -0.8846
vn 0.0028 0.6021 0.7984
vn 0.8726 -0.0284 0.4875
vn -0.0171 -0.4936 -0.8695
vn 0.8985 -0.4378 -0.0308
vn 0.9935 0.1138 -0.0029
vn 0.1311 0.8011 0.5839
vn -0.2983 0.9438 0.1423
vn 0.3321 0.3275 -0.8845
vn 0.9837 -0.1783 0.0220
vn -0.6824 -0.1172 0.7215
vn -0.6755 0.1613 0.7195
vn -0.9894 0.1454 0.0025
vn -0.9905 -0.1372 0.0069
vn -0.5619 0.5828 0.5870
vn -0.7088 0.7053 -0.0110
vn -0.5749 0.5298 -0.6235
vn -0.6863 0.0987 -0.7206
vn -0.6901 -0.1170 -0.7142
vn -0.0001 0.0659 -0.9978
vn -0.0160 -0.0615 -0.9980
vn -0.0000 0.6536 -0.7569
vn -0.0000 0.0659 -0.9978
vn -0.0000 0.6535 -0.7569
vn 0.5749 0.5298 -0.6235
vn 0.6863 0.0987 -0.7206
vn -0.0159 -0.0616 -0.9980
vn 0.6730 -0.0058 -0.7396
vn 0.9894 0.1454 0.0025
vn 0.9997 0.0216 0.0075
vn 0.7088 0.7054 -0.0109
vn 0.5619 0.5828 0.5871
vn 0.6755 0.1612 0.7195
vn 0.6652 -0.0109 0.7466
vn -0.0000 0.1568 0.9876
vn -0.0155 -0.0655 0.9977
vn -0.0000 0.7103 0.7039
vn -0.0001 0.1568 0.9876
vn -0.6755 0.1612 0.7195
vn -0.0156 -0.0655 0.9977
vn 0.0034 -0.1402 0.9901
vn 0.6789 -0.0309 0.7336
vn -0.6544 -0.2369 0.7180
vn 0.0033 -0.1403 0.9901
vn -0.6594 -0.2443 0.7110
vn 0.0114 -0.1990 0.9799
vn 0.0115 -0.1990 0.9799
vn 0.6915 -0.1050 0.7147
vn -0.0000 0.9999 -0.0153
vn -0.5750 0.5298 -0.6235
vn -0.7088 0.7054 -0.0109
vn -0.0001 0.9999 -0.0154
vn -0.5619 0.5828 0.5871
vn -0.6594 -0.2443 0.7109
vn -0.9814 -0.1917 0.0052
vn -0.9980 -0.0621 0.0067
vn -0.6760 -0.2134 0.7053
vn -0.6885 -0.0532 -0.7233
vn -0.6968 0.0958 -0.7108
vn -0.6891 0.2346 -0.6856
vn -0.9980 0.0625 0.0097
vn -0.6888 -0.1871 0.7004
vn 0.0010 -0.0121 -0.9999
vn -0.6740 -0.1515 -0.7231
vn 0.6855 0.0663 -0.7251
vn 0.0011 -0.0121 -0.9999
vn 0.7013 0.0879 -0.7074
vn 0.0090 0.0692 -0.9976
vn 0.0088 0.0692 -0.9976
vn -0.9680 -0.2507 0.0052
vn -0.6545 -0.2370 0.7180
vn 0.9983 0.0584 0.0082
vn 0.9999 0.0135 0.0082
vn 0.6708 -0.3365 0.6609
vn 0.0066 -0.3366 0.9416
vn 0.0198 -0.4302 0.9025
vn 0.6241 -0.4583 0.6328
vn 0.0065 -0.3366 0.9416
vn -0.7012 -0.1968 0.6852
vn 0.0196 -0.4302 0.9025
vn -0.7644 -0.2743 0.5835
vn -0.0027 -0.6698 0.7425
vn 0.5619 -0.5401 0.6265
vn 0.0131 -0.2639 0.9645
vn 0.6929 -0.2139 0.6885
vn -0.6759 -0.2135 0.7054
vn 0.0131 -0.2638 0.9645
vn 0.0144 0.1524 -0.9882
vn 0.7151 0.0728 -0.6952
vn 0.0145 0.1524 -0.9882
vn 0.7182 0.0435 -0.6945
vn 0.0164 0.2270 -0.9737
vn 0.0164 0.2271 -0.9737
vn 0.9969 -0.0785 0.0053
vn 0.9819 -0.1894 0.0010
vn -0.7462 0.1688 -0.6439
vn -0.0335 -0.0868 -0.9957
vn 0.1129 -0.9453 -0.3059
vn -0.9094 -0.4130 -0.0482
vn 0.6546 -0.0190 -0.7558
vn 0.9003 -0.4325 -0.0496
vn 0.1130 -0.9453 -0.3059
vn -0.0026 -0.6698 0.7425
vn -0.7644 -0.2743 0.5836
vn 0.0481 0.2515 -0.9667
vn -0.6978 0.3085 -0.6465
vn 0.6950 0.0023 -0.7190
vn -0.0334 -0.0868 -0.9957
vn -0.7463 0.1688 -0.6439
vn 0.9488 -0.3159 -0.0056
vn -0.9889 0.1478 -0.0139
vn -0.9095 -0.4130 -0.0482
vn -0.7643 -0.2742 0.5836
vn 0.3759 0.7134 0.5914
vn 0.4762 0.2108 0.8537
vn 0.1998 0.6833 0.7023
vn 0.3541 0.4080 0.8415
vn 0.2810 0.1253 0.9515
vn 0.5989 0.4380 0.6704
vn -0.2596 -0.9373 -0.2325
vn 0.7396 0.4919 0.4594
vn 0.8441 0.2120 0.4924
vn 0.6476 0.6617 0.3777
vn 0.0008 0.9671 0.2544
vn -0.5837 -0.7369 -0.3410
vn -0.4690 -0.8824 0.0374
vn 0.5326 -0.7332 0.4228
vn -0.6740 -0.7187 -0.1708
vn -0.6589 -0.7461 -0.0961
vn -0.4310 -0.7128 -0.5533
vn -0.7831 0.6207 -0.0376
vn -0.6073 0.7875 -0.1046
vn -0.6104 0.7793 -0.1416
vn -0.5960 -0.6058 0.5270
vn -0.5851 -0.6076 0.5371
vn -0.3515 -0.9049 0.2400
vn -0.1295 -0.5858 -0.8001
vn -0.1486 -0.5449 -0.8253
vn -0.5294 -0.7279 -0.4358
vn -0.8041 -0.5895 -0.0770
vn -0.7700 0.5830 0.2591
vn -0.6692 0.7399 0.0683
vn -0.7246 0.6678 -0.1702
vn -0.5947 0.7296 -0.3376
vn -0.7140 -0.5629 0.4163
vn -0.6693 0.7399 0.0683
vn 0.1342 0.8503 0.5089
vn 0.3374 0.9082 0.2479
vn -0.6908 -0.7134 -0.1178
vn -0.6420 -0.7574 -0.1188
vn -0.6909 -0.7133 -0.1178
vn -0.5294 -0.7278 -0.4359
vn -0.0000 -0.9993 -0.0375
vn -0.0000 -0.9675 0.2530
vn -0.5432 -0.7986 -0.2593
vn -0.0000 -0.9734 0.2289
vn -0.0000 -0.9884 0.1522
vn -0.0001 0.8563 -0.5164
vn -0.3546 0.7712 -0.5286
vn -0.5948 0.7295 -0.3377
vn -0.0000 0.9565 0.2917
vn -0.1486 -0.5448 -0.8253
vn -0.0000 -0.5882 -0.8087
vn -0.6421 -0.7573 -0.1188
vn -0.7141 -0.5629 0.4163
vn -0.3513 -0.9050 0.2400
vn -0.0000 -0.9972 0.0745
vn -0.0000 -0.3605 0.9328
vn -0.7247 0.6677 -0.1703
vn 0.3072 0.9217 0.2367
vn -0.0000 -0.6105 -0.7920
vn -0.5431 -0.7986 -0.2593
vn -0.0000 0.8874 -0.4610
vn -0.4470 0.7308 -0.5159
vn -0.3546 0.7713 -0.5285
vn -0.0000 0.8563 -0.5165
vn 0.3737 0.8948 0.2444
vn -0.0000 0.9763 0.2163
vn 0.3073 0.9217 0.2367
vn 0.3375 0.9081 0.2479
vn 0.2572 0.8576 -0.4454
vn -0.0000 0.8937 -0.4488
vn 0.1342 0.8504 0.5088
vn -0.0000 0.9706 -0.2407
vn -0.0000 0.9530 0.3031
vn -1.0000 -0.0000 -0.0000
vn 0.2174 0.7197 0.6593
vn 0.0131 0.7985 0.6018
vn 0.9577 0.2864 -0.0266
vn 0.1121 0.9353 0.3357
vn 0.6477 0.7603 0.0492
vn 0.9577 0.2865 -0.0266
vn 0.0132 0.7985 0.6019
vn 0.1121 0.9353 0.3355
vn 0.6083 0.7780 -0.1570
vn -0.2842 0.9131 -0.2923
vn 0.9141 0.1726 -0.3669
vn -0.6576 -0.2248 0.7190
vn -0.9839 -0.1763 0.0291
vn -0.7073 -0.0828 -0.7021
vn -0.0000 0.0658 -0.9978
vn -0.0110 0.0035 -0.9999
vn -0.0109 0.0036 -0.9999
vn 0.6978 -0.0038 -0.7163
vn 0.9958 -0.0855 0.0341
vn 0.7088 0.7053 -0.0109
vn 0.6524 -0.1752 0.7373
vn 0.0001 0.1568 0.9876
vn -0.0074 -0.2206 0.9753
vn -0.0075 -0.2206 0.9753
vn -0.6575 -0.2249 0.7191
vn 0.0720 0.1640 -0.9838
vn -0.6932 0.1242 -0.7100
vn 0.7021 -0.0063 -0.7121
vn -0.9839 -0.1764 0.0291
vn -0.9975 -0.0682 -0.0173
vn -0.6224 -0.3738 0.6877
vn 0.0500 -0.4600 0.8865
vn 0.6405 -0.4162 0.6455
vn -0.5749 0.5299 -0.6235
vn -0.7087 0.7054 -0.0109
vn -0.0000 0.9999 -0.0154
vn -0.0110 0.0036 -0.9999
vn -0.6224 -0.3737 0.6877
vn 0.9647 -0.2634 -0.0005
vn 0.0501 -0.4600 0.8865
vn -0.6222 -0.3738 0.6878
vn 0.0502 -0.4600 0.8865
vn 0.9003 -0.4325 -0.0494
vn 0.5620 -0.5402 0.6263
vn -0.0025 -0.6699 0.7425
vn 0.6546 -0.0191 -0.7557
vn 0.9894 0.1455 0.0025
vn 0.9958 -0.0851 0.0338
vn 0.7021 -0.0064 -0.7120
vn 0.9647 -0.2634 -0.0004
vn -0.7644 -0.2742 0.5835
vn -0.0028 -0.6698 0.7426
vn -0.0025 -0.6700 0.7424
vn 0.5621 -0.5402 0.6263
vn -0.6576 -0.2249 0.7191
vn 0.0502 -0.4601 0.8865
vn -0.7463 0.1689 -0.6438
vn 0.1129 -0.9454 -0.3059
vn -0.9094 -0.4130 -0.0481
vn -0.6933 0.1242 -0.7099
vn -0.0027 -0.6697 0.7426
vn -0.7462 0.1689 -0.6440
vn -0.0332 -0.0866 -0.9957
vn 0.1128 -0.9453 -0.3060
vn -0.0336 -0.0867 -0.9957
vn 0.6544 -0.0190 -0.7559
vn 0.9003 -0.4324 -0.0495
vn 0.1130 -0.9453 -0.3060
vn -0.0028 -0.6698 0.7425
vn 0.0001 0.1567 0.9876
vn -0.0338 -0.0867 -0.9957
vn -0.0333 -0.0868 -0.9957
vn -0.7644 -0.2742 0.5836
vn -0.0335 -0.0869 -0.9957
vn -0.9975 -0.0682 -0.0172
vn -0.6223 -0.3737 0.6878
vn 0.5750 0.5298 -0.6234
vn 0.0001 0.0659 -0.9978
vn 0.0500 -0.4601 0.8865
vn 0.6404 -0.4162 0.6455
vn 0.9003 -0.4324 -0.0497
vn 0.5618 -0.5402 0.6266
vn -0.0029 -0.6699 0.7424
vn -0.0337 -0.0868 -0.9957
vn 0.6545 -0.0190 -0.7558
vn 0.9958 -0.0852 0.0339
vn -0.9894 0.1455 0.0025
vn 0.7021 -0.0063 -0.7120
vn 0.9647 -0.2635 -0.0003
vn -0.6222 -0.3739 0.6878
vn 0.0503 -0.4601 0.8864
vn -0.0029 -0.6698 0.7426
vn -0.7462 0.1687 -0.6440
vn -0.0334 -0.0869 -0.9957
vn 0.1130 -0.9454 -0.3058
vn -0.9094 -0.4131 -0.0482
vn -0.7088 0.7053 -0.0109
vn -0.7642 -0.2743 0.5837
vn -0.0025 -0.6698 0.7425
vn -0.0000 0.6536 -0.7568
vn -0.0000 0.7104 0.7038
vn -0.0027 -0.6699 0.7425
vn -0.7643 -0.2743 0.5836
vn -0.7463 0.1688 -0.6438
vn -0.9839 -0.1763 0.0292
vn -0.0108 0.0036 -0.9999
vn 0.6404 -0.4162 0.6454
vn 0.6524 -0.1752 0.7374
vn 0.5619 -0.5402 0.6265
vn -0.0026 -0.6699 0.7424
vn 0.6545 -0.0189 -0.7558
vn 0.9958 -0.0855 0.0342
vn 0.7020 -0.0063 -0.7121
vn 0.0719 0.1640 -0.9838
vn -0.6222 -0.3738 0.6879
vn 0.0503 -0.4601 0.8865
vn 0.6755 0.1613 0.7195
vn -0.7462 0.1689 -0.6439
vn -0.0332 -0.0868 -0.9957
vn 0.1129 -0.9453 -0.3060
vn -0.9095 -0.4130 -0.0481
vn -0.6932 0.1241 -0.7100
vn 0.0722 0.1639 -0.9838
vn -0.0339 -0.0866 -0.9957
vn -0.0332 -0.0869 -0.9957
vn -0.7462 0.1688 -0.6440
vn -0.9095 -0.4130 -0.0480
vn -0.6223 -0.3739 0.6878
vn 0.0001 0.7103 0.7039
vn 0.5619 0.5828 0.5870
vn 0.5750 0.5298 -0.6235
vn -0.7073 -0.0828 -0.7020
vn -0.0001 0.0658 -0.9978
vn 0.1128 -0.9453 -0.3062
vn 0.9003 -0.4324 -0.0496
vn 0.5622 -0.5401 0.6262
vn -0.0024 -0.6699 0.7424
vn -0.0337 -0.0866 -0.9957
vn 0.6544 -0.0189 -0.7559
vn 0.9894 0.1454 0.0026
vn 0.6754 0.1613 0.7196
vn -0.0021 -0.6699 0.7424
vn -0.7461 0.1690 -0.6440
vn -0.0330 -0.0863 -0.9957
vn 0.1130 -0.9452 -0.3062
vn -0.9094 -0.4130 -0.0483
vn -0.7645 -0.2742 0.5834
vn -0.0000 0.6535 -0.7570
vn -0.0001 0.7103 0.7039
vn -0.6754 0.1613 0.7196
vn -0.7646 -0.2740 0.5834
vn -0.0340 -0.0868 -0.9956
vn -0.9095 -0.4129 -0.0482
vn -0.7644 -0.2741 0.5835
vn -0.6223 -0.3738 0.6878
vn -0.6576 -0.2249 0.7190
vn 0.0001 0.9999 -0.0154
vn 0.5619 0.5827 0.5871
vn 0.0001 0.0658 -0.9978
vn -0.6863 0.0986 -0.7206
vn -0.0111 0.0036 -0.9999
vn -0.0073 -0.2206 0.9753
vn 0.0501 -0.4601 0.8864
vn 0.9003 -0.4326 -0.0493
vn 0.5619 -0.5401 0.6266
vn -0.0025 -0.6699 0.7424
vn -0.0333 -0.0866 -0.9957
vn 0.7022 -0.0064 -0.7120
vn 0.0724 0.1640 -0.9838
vn 0.9647 -0.2635 -0.0005
vn -0.0001 0.6536 -0.7568
vn -0.0076 -0.2207 0.9753
vn -0.7462 0.1685 -0.6441
vn -0.0329 -0.0862 -0.9957
vn 0.1131 -0.9453 -0.3061
vn -0.9093 -0.4134 -0.0478
vn -0.6934 0.1240 -0.7098
vn -0.5618 0.5829 0.5870
vn 0.0715 0.1638 -0.9839
vn -0.0001 0.6536 -0.7569
vn -0.5750 0.5299 -0.6234
vn -0.0024 -0.6698 0.7425
vn -0.7641 -0.2747 0.5837
vn -0.0341 -0.0862 -0.9957
vn -0.0332 -0.0865 -0.9957
vn -0.7460 0.1691 -0.6442
vn -0.5750 0.5297 -0.6235
vn -0.6932 0.1242 -0.7099
vn 0.0720 0.1641 -0.9838
vn 0.0001 0.6535 -0.7569
vn -0.0025 -0.6700 0.7423
vn 0.5621 -0.5403 0.6262
vn 0.6545 -0.0190 -0.7559
vn 0.1131 -0.9453 -0.3060
vn -0.0338 -0.0868 -0.9957
vn -0.0000 0.1567 0.9876
vn -0.6755 0.1612 0.7196
vn 0.7021 -0.0064 -0.7121
vn 0.0721 0.1640 -0.9838
vn -0.6222 -0.3737 0.6879
vn -0.7643 -0.2744 0.5836
vn -0.0028 -0.6697 0.7426
vn 0.5618 -0.5401 0.6266
vn -0.7462 0.1690 -0.6439
vn -0.9095 -0.4129 -0.0483
vn -0.0028 -0.6699 0.7425
vn -0.0026 -0.6699 0.7425
vn 0.6576 -0.2248 -0.7190
vn 0.6755 0.1613 -0.7195
vn 0.9894 0.1454 -0.0025
vn 0.9839 -0.1763 -0.0291
vn 0.5619 0.5828 -0.5871
vn 0.7088 0.7053 0.0110
vn 0.5750 0.5298 0.6235
vn 0.6863 0.0987 0.7206
vn 0.7073 -0.0828 0.7021
vn 0.0001 0.0659 0.9978
vn 0.0110 0.0036 0.9999
vn -0.0000 0.6536 0.7569
vn -0.0000 0.0659 0.9978
vn -0.5749 0.5298 0.6235
vn -0.6863 0.0987 0.7206
vn 0.0109 0.0036 0.9999
vn -0.6978 -0.0038 0.7163
vn -0.9894 0.1454 -0.0025
vn -0.9958 -0.0850 -0.0338
vn -0.7088 0.7054 0.0109
vn -0.5619 0.5828 -0.5871
vn -0.6755 0.1612 -0.7195
vn -0.6524 -0.1752 -0.7373
vn -0.0001 0.1568 -0.9876
vn 0.0074 -0.2206 -0.9753
vn -0.0000 0.7103 -0.7039
vn 0.0001 0.1568 -0.9876
vn 0.6755 0.1612 -0.7195
vn 0.0075 -0.2206 -0.9753
vn 0.6576 -0.2249 -0.7191
vn -0.0720 0.1640 0.9838
vn 0.6932 0.1242 0.7099
vn -0.7021 -0.0063 0.7121
vn -0.0721 0.1640 0.9838
vn 0.9975 -0.0682 0.0172
vn 0.6223 -0.3737 -0.6878
vn -0.0502 -0.4601 -0.8864
vn -0.6405 -0.4162 -0.6454
vn -0.0000 0.6535 0.7569
vn -0.0000 0.9999 0.0153
vn 0.7088 0.7054 0.0109
vn -0.5750 0.5298 0.6235
vn 0.7073 -0.0828 0.7020
vn -0.0000 0.0658 0.9978
vn 0.6224 -0.3737 -0.6877
vn -0.9647 -0.2634 0.0004
vn -0.0000 0.9999 0.0154
vn -0.0502 -0.4600 -0.8865
vn 0.6223 -0.3738 -0.6878
vn -0.0501 -0.4601 -0.8865
vn -0.1130 -0.9454 0.3059
vn -0.9003 -0.4325 0.0495
vn -0.5619 -0.5402 -0.6265
vn 0.0026 -0.6698 -0.7425
vn 0.0334 -0.0869 0.9957
vn -0.6546 -0.0190 0.7557
vn -0.9958 -0.0855 -0.0341
vn -0.7021 -0.0064 0.7121
vn 0.7644 -0.2742 -0.5836
vn 0.0027 -0.6698 -0.7425
vn -0.5619 -0.5401 -0.6265
vn 0.6575 -0.2249 -0.7191
vn -0.0500 -0.4601 -0.8865
vn -0.6755 0.1613 -0.7195
vn 0.0026 -0.6699 -0.7425
vn 0.7463 0.1687 0.6439
vn 0.0337 -0.0869 0.9956
vn -0.1130 -0.9454 0.3058
vn 0.9094 -0.4131 0.0482
vn 0.7644 -0.2743 -0.5835
vn 0.7462 0.1688 0.6439
vn 0.0334 -0.0870 0.9957
vn -0.1129 -0.9453 0.3059
vn 0.9095 -0.4130 0.0482
vn 0.0335 -0.0868 0.9957
vn -0.6546 -0.0191 0.7558
vn 0.0026 -0.6699 -0.7424
vn 0.7643 -0.2743 -0.5835
vn -0.0000 0.1568 -0.9876
vn 0.7463 0.1688 0.6439
vn 0.7643 -0.2742 -0.5836
vn 0.7643 -0.2743 -0.5836
vn 0.0336 -0.0868 0.9957
vn 0.7463 0.1688 0.6438
vn 0.9094 -0.4130 0.0481
vn 0.9839 -0.1763 -0.0292
vn -0.7088 0.7053 0.0109
vn -0.0001 0.9999 0.0154
vn -0.5619 0.5828 -0.5870
vn -0.0503 -0.4601 -0.8864
vn -0.1129 -0.9454 0.3058
vn -0.5618 -0.5401 -0.6267
vn 0.0029 -0.6699 -0.7424
vn 0.0335 -0.0869 0.9957
vn -0.9958 -0.0855 -0.0342
vn 0.9894 0.1455 -0.0025
vn -0.7021 -0.0064 0.7120
vn -0.9647 -0.2635 0.0004
vn 0.5749 0.5298 0.6235
vn 0.6225 -0.3738 -0.6876
vn -0.0499 -0.4601 -0.8865
vn 0.0028 -0.6697 -0.7426
vn 0.0334 -0.0870 0.9956
vn 0.9094 -0.4131 0.0481
vn 0.7088 0.7053 0.0109
vn 0.6576 -0.2248 -0.7191
vn -0.7088 0.7053 0.0110
vn -0.0502 -0.4601 -0.8865
vn -0.6524 -0.1752 -0.7374
vn -0.1130 -0.9453 0.3059
vn -0.9003 -0.4324 0.0494
vn -0.5619 -0.5401 -0.6266
vn 0.0027 -0.6699 -0.7425
vn -0.6547 -0.0190 0.7557
vn -0.9894 0.1454 -0.0026
vn -0.9958 -0.0852 -0.0339
vn -0.7022 -0.0063 0.7120
vn -0.0723 0.1640 0.9838
vn -0.9647 -0.2634 0.0005
vn -0.0000 0.6536 0.7568
vn 0.6576 -0.2249 -0.7190
vn -0.0501 -0.4600 -0.8865
vn 0.0076 -0.2206 -0.9753
vn 0.0026 -0.6698 -0.7426
vn 0.0334 -0.0867 0.9957
vn 0.6933 0.1241 0.7099
vn 0.7642 -0.2743 -0.5837
vn 0.0024 -0.6698 -0.7425
vn -0.0000 0.1567 -0.9876
vn 0.5619 0.5828 -0.5870
vn 0.7643 -0.2744 -0.5836
vn 0.0335 -0.0867 0.9957
vn 0.7642 -0.2744 -0.5837
vn 0.9839 -0.1764 -0.0291
vn -0.0001 0.0658 0.9978
vn 0.0111 0.0035 0.9999
vn -0.5619 -0.5400 -0.6266
vn -0.6546 -0.0192 0.7558
vn -0.9958 -0.0851 -0.0338
vn -0.7021 -0.0063 0.7120
vn 0.6223 -0.3738 -0.6877
vn 0.0027 -0.6697 -0.7426
vn 0.0335 -0.0865 0.9957
vn 0.9094 -0.4132 0.0482
vn 0.6933 0.1242 0.7099
vn 0.0024 -0.6699 -0.7425
vn -0.0000 0.7104 -0.7038
vn 0.0001 0.1567 -0.9876
vn -0.0001 0.7103 -0.7039
vn 0.7643 -0.2743 -0.5837
vn -0.7089 0.7053 0.0110
vn -0.0001 0.9999 0.0153
vn -0.0001 0.0659 0.9978
vn 0.6863 0.0988 0.7206
vn -0.6405 -0.4162 -0.6455
vn -0.1130 -0.9453 0.3060
vn -0.9003 -0.4325 0.0496
vn 0.0025 -0.6699 -0.7425
vn 0.0334 -0.0865 0.9957
vn -0.6545 -0.0189 0.7558
vn -0.9958 -0.0851 -0.0339
vn 0.5749 0.5299 0.6234
vn 0.7462 0.1690 0.6439
vn 0.9094 -0.4130 0.0484
vn 0.6932 0.1241 0.7100
vn 0.0026 -0.6700 -0.7424
vn 0.0335 -0.0866 0.9957
vn 0.7462 0.1689 0.6439
vn 0.9095 -0.4130 0.0483
vn 0.0110 0.0035 0.9999
vn 0.6932 0.1241 0.7099
vn 0.7644 -0.2742 -0.5835
vn -0.6546 -0.0190 0.7558
vn 0.0334 -0.0868 0.9957
vn 0.7463 0.1689 0.6439
vn 0.9094 -0.4130 0.0482
vn -0.2864 -0.9358 0.2056
vn -0.3129 -0.9496 0.0181
vn -0.7968 -0.5181 0.3109
vn -0.8561 -0.4975 0.1400
vn -0.3240 -0.4986 0.8040
vn -0.6815 -0.3463 0.6447
vn -0.7196 0.6320 0.2875
vn -0.6398 0.7044 0.3073
vn -0.9534 0.1211 0.2764
vn -0.9316 0.0858 0.3533
vn -0.7844 0.5796 0.2209
vn -0.7817 0.5251 0.3363
vn -0.7403 0.0291 0.6717
vn -0.7267 0.5788 0.3700
vn -0.5871 0.5793 0.5655
vn -0.5607 0.8280 -0.0076
vn -0.5267 0.8500 0.0082
vn -0.9455 0.3249 -0.0235
vn -0.9253 0.3770 -0.0402
vn -0.5736 0.8184 -0.0347
vn -0.9521 0.3052 -0.0197
vn -0.9977 0.0070 -0.0673
vn -0.9183 -0.3856 -0.0900
vn -0.9047 -0.4069 -0.1262
vn -0.9966 0.0144 -0.0812
vn -0.9114 -0.3874 -0.1388
vn -0.9988 0.0164 -0.0469
vn -0.9104 0.4101 0.0536
vn -0.9186 0.3943 -0.0272
vn -0.9999 0.0130 -0.0049
vn -0.8641 0.4822 0.1442
vn -0.8707 -0.4655 -0.1590
vn -0.8302 -0.5237 -0.1913
vn -1.0000 0.0043 0.0070
vn -0.8281 0.5299 0.1831
vn -1.0000 -0.0020 -0.0072
vn -0.8236 0.5393 0.1756
vn -0.8171 -0.5351 -0.2143
vn -0.8216 -0.5320 -0.2049
vn -0.9991 -0.0065 -0.0412
vn -0.8413 0.5287 0.1123
vn -0.9956 -0.0112 -0.0926
vn -0.8483 0.5294 -0.0129
vn -0.8191 -0.5485 -0.1683
vn -0.8135 -0.5708 -0.1110
vn -0.9913 -0.0109 -0.1313
vn -0.8294 0.5416 -0.1371
vn -0.9897 -0.0097 -0.1431
vn -0.8095 0.5492 -0.2078
vn -0.7990 -0.5988 -0.0553
vn -0.4677 -0.8055 0.3639
vn -0.7536 -0.6556 0.0478
vn -0.9966 0.0094 -0.0822
vn -0.9867 -0.1113 0.1182
vn -0.9790 0.1907 -0.0724
vn -0.9644 0.2201 -0.1466
vn -0.7499 0.6118 -0.2517
vn -0.7934 0.5663 -0.2233
vn -0.8185 0.5497 -0.1670
vn -0.9907 -0.0108 -0.1353
vn -0.7794 -0.6147 -0.1212
vn -0.7319 -0.6462 -0.2160
vn -0.9710 -0.0229 -0.2381
vn -0.8067 0.5615 -0.1843
vn -0.8136 0.4075 -0.4147
vn -0.9968 0.0777 -0.0180
vn -0.9609 0.2751 0.0307
vn -0.9347 0.3327 -0.1253
vn -0.8290 0.4788 -0.2891
vn 0.2978 0.3826 -0.8746
vn 0.9536 -0.2238 -0.2015
vn 0.2978 0.3827 -0.8746
vn 0.9630 -0.2493 -0.1027
vn 0.9610 -0.2726 -0.0460
vn 0.2309 -0.9729 -0.0124
vn -0.6979 -0.7097 -0.0960
vn 0.2308 -0.9729 -0.0124
vn -0.7971 -0.5913 0.1224
vn -0.8279 -0.5421 0.1438
vn -0.9665 -0.0886 0.2410
vn -0.9520 -0.2199 0.2129
vn -0.7600 -0.1844 0.6233
vn -0.8841 0.1103 0.4540
vn -0.7660 0.5269 0.3683
vn -0.8673 0.4681 0.1692
vn -0.9810 -0.1540 0.1177
vn -0.8200 -0.5630 0.1031
vn -0.6681 -0.7401 0.0761
vn -0.6493 -0.7315 0.2082
vn -0.9039 -0.4162 0.0989
vn -0.9315 -0.3615 0.0401
vn -0.9839 -0.1295 0.1230
vn -0.9656 -0.1950 0.1723
vn -0.8244 -0.5168 0.2308
vn -0.6588 -0.7349 -0.1610
vn -0.5486 -0.8303 -0.0982
vn -0.3407 -0.8881 -0.3086
vn -0.3395 -0.8722 -0.3523
vn -0.3355 -0.9200 -0.2025
vn -0.3244 -0.9431 -0.0731
vn -0.2984 -0.9538 0.0357
vn -0.0517 -0.9914 0.1202
vn -0.0776 -0.9907 0.1121
vn 0.1541 -0.9668 0.2038
vn -0.0943 -0.9437 -0.3170
vn -0.2243 -0.9690 0.1037
vn -0.3833 -0.9227 0.0399
vn -0.4283 -0.8997 -0.0840
vn -0.4031 -0.8966 -0.1832
vn -0.3954 -0.9011 -0.1779
vn -0.5285 -0.8464 0.0654
vn -0.5043 -0.8635 -0.0076
vn -0.5082 -0.8562 0.0928
vn -0.2321 -0.9365 0.2630
vn -0.2760 -0.9427 0.1874
vn -0.2967 -0.9330 0.2037
vn -0.8382 -0.5287 0.1340
vn -0.8442 0.0822 0.5297
vn -0.9711 -0.1398 0.1933
vn -0.9799 0.0351 0.1963
vn -0.9791 0.0149 0.2030
vn -0.7855 0.5460 0.2913
vn -0.7993 0.5542 0.2321
vn -0.3257 -0.9449 0.0322
vn -0.4173 -0.8989 0.1338
vn -0.7722 -0.6319 0.0662
vn -0.9651 -0.2536 0.0658
vn -0.9922 0.0374 0.1189
vn -0.9881 -0.0954 0.1207
vn -0.9851 -0.1200 0.1232
vn -0.4470 -0.8887 -0.1019
vn -0.7534 -0.6534 0.0736
vn -0.9695 -0.1432 0.1989
vn 0.9737 -0.2265 0.0226
vn 0.8758 -0.3381 0.3444
vn 0.2546 0.0170 0.9669
vn -0.8734 0.2215 0.4337
vn 0.2545 0.0170 0.9669
vn -0.9695 -0.1431 0.1989
vn -0.9435 0.2384 0.2300
vn -0.8408 -0.1893 -0.5072
vn -0.8692 -0.4578 0.1869
vn -0.0991 0.9807 0.1686
vn -0.1831 0.9828 -0.0224
vn -0.1403 0.9464 0.2909
vn -0.3105 0.8695 0.3842
vn -0.2810 0.9573 0.0682
vn -0.7256 0.6583 0.2004
vn -0.2579 0.9505 0.1733
vn -0.2975 0.9384 0.1759
vn -0.2422 0.9465 0.2132
vn -0.7158 0.6454 0.2664
vn -0.3124 0.9240 0.2204
vn -0.2665 0.8667 0.4217
vn -0.8407 0.5248 0.1337
vn -0.8522 0.2769 0.4439
vn -0.7267 0.2125 0.6533
vn -0.7664 0.5950 0.2422
vn -0.2803 0.9355 0.2152
vn -0.2529 0.9328 0.2568
vn -0.3032 0.9470 -0.1066
vn -0.3320 0.9240 -0.1899
vn -0.6478 0.7602 0.0492
vn -0.6084 0.7780 -0.1569
vn -0.3049 0.9085 -0.2856
vn -0.2642 0.9080 -0.3253
vn -0.7318 0.6105 -0.3028
vn -0.7120 0.6420 -0.2844
vn -0.2418 0.9117 -0.3322
vn -0.2574 0.9079 -0.3310
vn -0.3348 0.9354 -0.1138
vn -0.3491 0.9349 0.0649
vn -0.3169 0.9207 -0.2280
vn -0.3423 0.9124 0.2243
vn -0.3701 0.8827 0.2896
vn -0.6790 0.6667 0.3073
vn -0.8138 0.5500 0.1877
vn -0.9713 0.2219 0.0852
vn -0.8139 0.5499 0.1877
vn -0.9507 0.2679 0.1563
vn -0.9315 0.2797 0.2326
vn -0.8129 0.4556 0.3629
vn -0.8798 0.4677 0.0842
vn -0.8606 0.5087 -0.0233
vn -0.8607 0.5086 -0.0233
vn -0.8799 0.4677 0.0842
vn -0.9835 0.1801 0.0170
vn -0.9686 0.2326 -0.0879
vn -0.9465 0.3173 0.0588
vn -0.8063 0.5888 -0.0565
vn -0.2413 0.4757 0.8459
vn -0.2325 0.8650 0.4446
vn -0.6227 -0.0088 0.7824
vn -0.7033 0.4853 0.5195
vn -0.2594 0.0275 0.9654
vn -0.2908 0.9545 0.0655
vn -0.9813 -0.0716 0.1785
vn -0.9767 0.0961 0.1917
vn -0.9647 0.1398 0.2230
vn -0.9559 0.1854 0.2276
vn 0.0952 -0.9816 0.1656
vn -0.8524 -0.5135 0.0985
vn -0.6745 -0.5541 -0.4878
vn 0.3865 -0.9068 -0.1685
vn -0.2254 -0.0151 -0.9742
vn 0.6590 -0.5931 -0.4626
vn -0.6746 -0.5540 -0.4879
vn -0.8614 0.5075 -0.0218
vn -0.6778 0.6638 -0.3161
vn -0.8524 -0.5136 0.0985
vn -0.8816 0.4691 0.0517
vn 0.2381 -0.8745 0.4226
vn -0.0559 -0.8652 0.4982
vn 0.4724 -0.8615 0.1861
vn 0.5960 -0.7973 0.0958
vn 0.6665 -0.7455 -0.0057
vn 0.6993 -0.7136 -0.0419
vn -0.1398 -0.9094 0.3917
vn -0.2970 -0.8004 0.5207
vn -0.7102 0.7038 0.0175
vn -0.7552 0.6555 0.0098
vn -0.7653 0.6423 0.0416
vn -0.7256 0.6856 0.0581
vn -0.8876 0.3429 0.3076
vn -0.8434 0.3879 0.3718
vn -0.9028 0.4109 0.1266
vn -0.9185 0.2933 0.2654
vn -0.9215 -0.2478 0.2990
vn -0.8720 -0.2000 0.4467
vn -0.5985 0.7687 -0.2254
vn -0.6063 0.7501 -0.2641
vn -0.7549 0.6558 -0.0025
vn -0.7098 0.7044 0.0002
vn -0.6566 -0.4021 0.6381
vn -0.4770 -0.4239 0.7699
vn -0.4772 -0.4238 0.7699
vn 0.7746 -0.4761 -0.4163
vn 0.7933 -0.4510 -0.4091
vn 0.2694 0.3827 -0.8837
vn 0.2438 0.4197 -0.8743
vn 0.2439 0.4197 -0.8743
vn 0.2694 0.3825 -0.8838
vn 0.7470 -0.6505 -0.1373
vn 0.7412 -0.6564 -0.1405
vn 0.7621 -0.6346 -0.1282
vn 0.7408 -0.6694 -0.0559
vn 0.8475 -0.5207 -0.1025
vn 0.8418 -0.5356 -0.0671
vn 0.7626 -0.5888 -0.2680
vn 0.8636 -0.4833 -0.1435
vn -0.6349 0.7383 -0.2277
vn 0.1859 0.3183 -0.9296
vn 0.3761 0.0992 -0.9213
vn -0.6345 0.6929 -0.3426
vn 0.3762 0.0993 -0.9212
vn 0.4720 -0.7959 0.3792
vn -0.3032 -0.3916 0.8687
vn -0.3031 -0.3917 0.8687
vn -0.8129 0.3942 0.4287
vn -0.1821 -0.3228 0.9288
vn -0.8292 0.3224 0.4566
vn 0.6574 -0.6558 0.3712
vn -0.1822 -0.3227 0.9288
vn -0.7491 0.6618 0.0298
vn -0.7164 0.6967 -0.0366
vn -0.8145 0.5773 -0.0581
vn -0.8393 0.5424 0.0371
vn -0.7653 0.6376 0.0887
vn -0.8522 0.5073 0.1281
vn 0.7894 -0.4939 0.3647
vn 0.9199 -0.3897 -0.0438
vn 0.9227 -0.3792 -0.0697
vn 0.8232 -0.5678 -0.0027
vn -0.9091 0.4147 0.0381
vn -0.9126 0.3718 0.1701
vn -0.8513 0.2539 0.4592
vn -0.7734 0.5593 -0.2984
vn -0.8830 0.4631 -0.0770
vn -0.0950 -0.2036 0.9744
vn -0.0951 -0.2036 0.9744
vn 0.9274 -0.3351 -0.1662
vn 0.3833 0.4491 -0.8071
vn 0.9214 -0.3823 -0.0697
vn -0.7836 0.5613 -0.2663
vn -0.2931 0.9086 -0.2975
vn -0.2183 -0.9717 0.0905
vn -0.7330 -0.6736 -0.0947
vn -0.9742 0.0203 -0.2247
vn -0.9476 0.2280 -0.2236
vn -0.9172 0.2718 -0.2912
vn -0.8080 0.0081 -0.5891
vn -0.9465 0.2602 -0.1909
vn -0.9499 0.2627 -0.1692
vn -0.9172 0.2718 -0.2913
vn -0.5845 0.6054 -0.5403
vn -0.8323 0.5229 -0.1838
vn -0.9499 0.2627 -0.1693
vn -0.9337 0.3554 0.0448
vn -0.9790 0.1907 -0.0723
vn -0.6675 0.7196 -0.1914
vn -0.8625 0.4866 0.1387
vn 0.0405 0.7896 -0.6123
vn 0.1333 0.8430 -0.5212
vn -0.6329 0.7568 -0.1634
vn -0.8382 0.5273 0.1390
vn -0.6659 0.7356 -0.1241
vn -0.8279 0.5467 0.1249
vn 0.0568 0.8819 -0.4680
vn -0.0411 0.9023 -0.4292
vn -0.6917 0.7165 -0.0902
vn -0.8390 0.5319 0.1146
vn -0.6887 0.7217 -0.0697
vn -0.8681 0.4879 0.0914
vn -0.0597 0.9041 -0.4232
vn -0.0873 0.8923 -0.4428
vn -0.7143 0.6973 -0.0599
vn -0.8989 0.4305 0.0814
vn -0.8748 0.4832 -0.0349
vn -0.9329 0.3528 0.0722
vn -0.5310 0.7180 -0.4500
vn 0.7045 -0.6575 -0.2670
vn 0.4413 0.0609 -0.8953
vn -0.8080 0.0081 -0.5892
vn 0.8743 0.0661 -0.4809
vn 0.8536 -0.5047 -0.1287
vn 0.8660 -0.4905 -0.0975
vn 0.9074 0.1027 -0.4074
vn 0.9074 0.1028 -0.4075
vn 0.8842 0.1797 -0.4313
vn 0.8637 -0.4961 -0.0894
vn 0.8842 0.1797 -0.4312
vn 0.8504 -0.5154 -0.1053
vn 0.8407 0.2126 -0.4980
vn 0.8407 0.2125 -0.4980
vn 0.8493 0.2133 -0.4829
vn 0.8401 -0.5232 -0.1433
vn 0.8493 0.2132 -0.4829
vn 0.7882 -0.5926 -0.1662
vn 0.6990 0.2378 -0.6744
vn 0.6990 0.2377 -0.6744
vn -0.2617 -0.2329 -0.9366
vn 0.0483 -0.9486 -0.3128
vn -0.8804 -0.1069 0.4620
vn -0.9868 -0.1112 0.1181
vn -0.1283 -0.7700 0.6250
vn -0.7675 -0.0915 0.6345
vn 0.0765 -0.7652 0.6392
vn -0.7675 -0.0916 0.6345
vn -0.7172 -0.1264 0.6853
vn -0.7173 -0.1263 0.6853
vn 0.2650 -0.7873 0.5567
vn -0.6217 -0.1979 0.7578
vn 0.4404 -0.7774 0.4492
vn -0.6217 -0.1980 0.7578
vn -0.5677 -0.2997 0.7668
vn 0.3221 -0.8445 0.4278
vn -0.7642 -0.3313 0.5533
vn -0.0587 -0.9183 0.3916
vn -0.7641 -0.3314 0.5534
vn -0.9433 -0.1501 0.2960
vn -0.9433 -0.1502 0.2960
vn -0.3337 -0.8886 0.3146
vn -0.9875 -0.0475 0.1501
vn -0.5494 -0.8024 0.2329
vn -0.9834 -0.1695 -0.0640
vn -0.3263 -0.9423 0.0751
vn 0.4747 -0.8523 0.2197
vn 0.6253 -0.7566 0.1914
vn 0.6753 -0.7230 0.1458
vn 0.7073 -0.6986 0.1087
vn 0.6965 -0.7117 0.0909
vn 0.6310 -0.7712 0.0842
vn 0.4479 -0.8897 0.0879
vn 0.6918 -0.7207 0.0433
vn -0.2101 -0.9773 0.0267
vn -0.0013 -0.9970 -0.0776
vn 0.4543 -0.8739 -0.1731
vn 0.3347 -0.9237 -0.1863
vn 0.1698 0.9338 0.3150
vn -0.8136 0.4075 -0.4148
vn -0.0615 0.9037 -0.4238
vn -0.6473 -0.7474 0.1495
vn -0.2116 -0.6101 0.7636
vn -0.1205 0.5061 0.8540
vn -0.4108 0.4120 0.8133
vn -0.4522 -0.6804 0.5767
vn -0.1231 0.9439 0.3064
vn -0.5559 0.7668 0.3209
vn -0.7630 0.2819 0.5816
vn -0.4109 0.4120 0.8133
vn 0.1772 0.9532 -0.2448
vn 0.1254 0.9587 -0.2552
vn 0.1143 0.9404 -0.3204
vn 0.2034 0.9329 -0.2972
vn 0.4966 -0.8572 -0.1364
vn 0.3577 -0.9240 -0.1350
vn 0.3323 -0.9330 -0.1381
vn 0.2510 -0.9076 -0.3365
vn 0.0464 -0.9938 -0.1006
vn -0.7118 -0.6973 0.0847
vn 0.1076 -0.6257 0.7726
vn -0.3022 -0.9518 -0.0516
vn -0.8408 -0.1894 -0.5072
vn 0.4194 0.9026 0.0972
vn -0.0857 0.8162 -0.5714
vn 0.0583 0.9595 0.2758
vn 0.1159 0.9371 -0.3291
vn -0.1680 -0.6079 0.7760
vn 0.2460 0.3133 0.9172
vn -0.0672 0.5197 0.8517
vn 0.1158 0.8981 -0.4243
vn 0.1420 0.9268 -0.3477
vn 0.1456 0.8909 -0.4302
vn 0.1221 0.9907 -0.0595
vn 0.1661 0.9274 -0.3353
vn 0.1782 0.8919 -0.4156
vn 0.1220 0.9913 -0.0493
vn 0.1917 0.9374 -0.2909
vn 0.2189 0.9118 -0.3473
vn 0.1263 0.9910 -0.0444
vn 0.1406 0.9898 -0.0237
vn -0.1255 -0.9911 -0.0452
vn 0.1865 0.9520 -0.2427
vn 0.1785 0.9503 -0.2552
vn 0.1617 0.9867 0.0174
vn 0.0697 0.9976 0.0042
vn 0.1037 0.9649 -0.2412
vn 0.1705 0.9762 0.1342
vn 0.1463 0.9746 0.1694
vn -0.0456 0.9922 0.1160
vn -0.0190 0.9950 0.0979
vn -0.9950 -0.0717 -0.0689
vn -0.8853 -0.1731 -0.4315
vn -0.5949 -0.7647 -0.2477
vn -0.7741 -0.6315 -0.0439
vn -0.8406 -0.5307 0.1084
vn -0.5689 -0.8217 -0.0343
vn -0.6853 -0.7224 0.0920
vn -0.4843 -0.8649 -0.1317
vn -0.8458 0.4990 0.1887
vn -0.8576 0.5133 0.0314
vn -0.9950 -0.0717 -0.0688
vn -0.9872 -0.0312 0.1566
vn 0.1028 0.9944 -0.0238
vn 0.1404 0.9899 -0.0181
vn -0.0498 -0.9934 -0.1037
vn 0.0281 -0.9960 -0.0852
vn 0.0563 -0.9943 -0.0907
vn -0.0248 -0.9926 -0.1185
vn 0.2359 0.9578 -0.1642
vn 0.2024 0.9647 -0.1686
vn 0.1987 -0.9599 -0.1979
vn 0.0641 -0.9754 -0.2111
vn 0.1133 0.9622 -0.2478
vn 0.0942 0.9454 -0.3120
vn -0.1227 -0.9920 -0.0312
vn -0.1871 -0.5947 0.7818
vn -0.1848 -0.5944 0.7826
vn -0.1079 -0.9935 -0.0354
vn 0.0886 0.9954 -0.0364
vn 0.1886 0.9779 -0.0898
vn -0.1674 -0.5447 0.8218
vn -0.1154 -0.9922 -0.0461
vn -0.1675 -0.5991 0.7829
vn -0.0613 0.5272 0.8475
vn -0.1789 -0.5338 0.8265
vn -0.1114 -0.9928 -0.0434
vn -0.1690 -0.5863 0.7923
vn -0.1012 -0.9938 -0.0461
vn -0.0417 0.5690 0.8213
vn 0.0722 0.9539 0.2914
vn -0.0438 0.5713 0.8196
vn -0.0197 0.5380 0.8427
vn -0.1558 -0.6520 0.7420
vn -0.0981 -0.9937 -0.0537
vn -0.0191 0.4804 0.8768
vn 0.1100 0.9615 -0.2520
vn 0.0628 0.9573 0.2822
vn 0.0613 0.9555 0.2886
vn -0.1715 -0.6490 0.7412
vn -0.1218 -0.9914 -0.0470
vn -0.0680 0.4853 0.8717
vn -0.1233 -0.9919 -0.0297
vn -0.0787 0.5325 0.8428
vn -0.0463 0.5283 0.8478
vn -0.1730 -0.6607 0.7305
vn -0.0888 -0.9951 -0.0429
vn -0.1607 -0.7001 0.6958
vn -0.1111 -0.9931 -0.0366
vn -0.0332 0.4738 0.8800
vn -0.0446 0.4409 0.8964
vn -0.1561 -0.6691 0.7266
vn -0.1355 -0.9901 -0.0375
vn -0.0555 0.4743 0.8786
vn 0.0876 0.9571 0.2761
vn 0.0968 0.9566 0.2750
vn 0.0769 0.9546 0.2879
vn 0.0977 0.9570 0.2732
vn 0.0935 0.9554 0.2802
vn 0.1274 0.9884 -0.0826
vn 0.0824 0.9570 0.2782
vn 0.0698 0.9822 -0.1741
vn 0.0656 0.9569 0.2830
vn 0.0648 0.9558 0.2868
vn 0.0878 0.9557 0.2808
vn -0.1191 -0.9794 -0.1628
vn -0.1212 -0.9726 -0.1983
vn -0.0066 -0.9835 -0.1809
vn -0.1550 -0.9716 -0.1788
vn -0.0292 -0.9831 -0.1805
vn -0.0512 -0.9766 -0.2090
vn -0.1095 -0.9746 -0.1951
vn -0.1115 -0.9696 -0.2178
vn -0.0481 -0.9835 -0.1745
vn -0.2015 -0.9723 -0.1188
vn -0.0917 -0.9911 -0.0968
vn -0.0848 -0.9895 -0.1170
vn -0.2127 -0.9660 -0.1471
vn -0.1273 -0.9704 -0.2054
vn -0.0446 -0.9750 -0.2177
vn -0.0331 -0.9676 -0.2504
vn -0.0599 -0.9622 -0.2656
vn -0.0655 -0.9597 -0.2731
vn -0.0208 -0.9706 -0.2398
vn -0.0810 -0.9547 -0.2864
vn -0.0871 -0.9549 -0.2839
vn -0.1090 -0.9447 -0.3094
vn -0.1151 -0.9516 -0.2851
vn -0.3718 -0.8590 -0.3520
vn -0.3147 -0.9254 -0.2114
vn -0.0861 -0.9718 -0.2195
vn -0.2807 -0.9152 -0.2893
vn -0.9872 -0.0311 0.1565
vn -0.1638 0.5232 0.8363
vn -0.0672 0.5198 0.8516
vn -0.0417 0.5691 0.8212
vn -0.0437 0.5714 0.8195
vn -0.0274 -0.9865 -0.1612
vn 0.0808 -0.9887 -0.1265
vn 0.1253 -0.9833 -0.1318
vn 0.0036 -0.9825 -0.1860
vn -0.0196 0.5380 0.8427
vn -0.0787 0.5326 0.8427
vn -0.0332 0.4737 0.8800
vn -0.0447 0.4409 0.8964
vn -0.0613 0.5273 0.8475
vn -0.0282 -0.9956 -0.0894
vn -0.0222 -0.9941 -0.1062
vn -0.1205 0.5062 0.8540
vn -0.7599 -0.1844 0.6233
vn 0.3404 -0.9090 -0.2406
vn 0.1427 -0.9400 -0.3100
vn 0.1547 0.9727 0.1729
vn 0.0631 0.9856 0.1566
vn 0.0721 0.9872 0.1424
vn 0.1657 0.9706 0.1749
vn -0.6962 0.6774 -0.2374
vn -0.8854 -0.1731 -0.4315
vn -0.0040 -0.9779 -0.2092
vn 0.0692 0.9938 0.0868
vn -0.0159 0.9967 0.0792
vn -0.0385 0.9976 0.0579
vn 0.0611 0.9952 0.0768
vn -0.1680 0.9718 -0.1653
vn 0.0504 0.9974 -0.0506
vn 0.4462 0.8949 -0.0095
vn 0.0962 0.9929 0.0694
vn 0.0856 0.9941 0.0661
vn 0.4487 0.8935 0.0184
vn 0.1530 -0.8307 -0.5353
vn 0.1882 -0.8167 -0.5456
vn 0.8316 -0.1765 -0.5266
vn 0.7283 -0.2269 -0.6466
vn 0.8316 -0.1764 -0.5266
vn 0.6909 0.7192 0.0731
vn 0.7888 0.5742 -0.2193
vn 0.7435 -0.1599 -0.6493
vn 0.6440 0.7308 -0.2261
vn 0.3807 -0.7990 -0.4654
vn 0.7436 -0.1598 -0.6493
vn 0.1026 0.9929 -0.0597
vn 0.4499 0.8606 -0.2388
vn 0.1965 0.9738 0.1146
vn 0.0815 0.9915 0.1015
vn 0.0786 0.9928 0.0902
vn 0.2107 0.9707 0.1156
vn 0.1642 0.9861 -0.0270
vn 0.3669 0.9298 -0.0286
vn -0.6142 0.7631 0.2009
vn -0.5523 0.8276 0.1001
vn -0.5007 0.8656 -0.0053
vn 0.2505 0.9674 -0.0384
vn 0.4636 0.8860 -0.0072
vn -0.1601 -0.9512 -0.2638
vn -0.0866 -0.9468 -0.3099
vn 0.0410 -0.8662 -0.4980
vn -0.0851 -0.9710 -0.2236
vn -0.0556 -0.9637 -0.2612
vn 0.1515 0.9865 0.0615
vn 0.1752 0.9828 0.0580
vn 0.5908 0.8051 -0.0522
vn 0.6034 0.7974 -0.0009
vn 0.0276 -0.8993 -0.4365
vn 0.2498 0.9400 0.2325
vn 0.1987 0.9589 0.2024
vn 0.3301 0.9050 -0.2685
vn -0.0692 -0.9780 -0.1969
vn -0.0409 -0.9723 -0.2301
vn 0.2516 -0.9432 -0.2167
vn 0.0316 0.9824 -0.1843
vn 0.0523 -0.9180 -0.3930
vn 0.0885 0.9743 0.2069
vn 0.0842 0.9819 0.1696
vn 0.1879 0.9659 -0.1779
vn -0.0602 -0.9822 -0.1780
vn -0.0347 -0.9775 -0.2080
vn 0.0684 -0.9344 -0.3496
vn 0.0735 0.9806 0.1819
vn 0.0748 0.9860 0.1492
vn 0.1980 0.9696 -0.1436
vn -0.1016 -0.9893 -0.1046
vn -0.0979 -0.9888 -0.1130
vn 0.0926 -0.9930 -0.0733
vn 0.0698 -0.9946 -0.0763
vn 0.1329 -0.9863 -0.0981
vn -0.0933 -0.9864 -0.1353
vn -0.1401 -0.9716 -0.1906
vn -0.1813 -0.9696 -0.1645
vn 0.0212 -0.9895 -0.1429
vn -0.0305 -0.9805 -0.1942
vn -0.0713 0.9928 0.0964
vn -0.0778 0.9944 0.0714
vn -0.0477 0.9936 0.1024
vn -0.0879 0.9960 0.0164
vn -0.0300 0.9765 -0.2135
vn 0.1545 0.9715 0.1796
vn 0.0656 0.9841 0.1649
vn 0.0723 0.9873 0.1414
vn 0.2110 0.9740 -0.0826
vn 0.7616 0.0177 -0.6478
vn 0.8929 -0.0978 -0.4395
vn 0.4347 0.8909 -0.1315
vn -0.1292 0.0852 -0.9880
vn 0.2826 0.0323 -0.9587
vn -0.0416 -0.0661 -0.9969
vn -0.0045 -0.9075 -0.4200
vn 0.1375 -0.7701 -0.6229
vn 0.4634 -0.7467 -0.4772
vn 0.2486 -0.9230 -0.2938
vn 0.7362 0.4879 -0.4691
vn 0.2819 0.6039 -0.7455
vn 0.1489 0.9270 -0.3442
vn 0.4331 0.8817 -0.1869
vn 0.1462 0.3455 -0.9270
vn -0.3489 0.5903 -0.7279
vn -0.2053 0.9360 -0.2860
vn 0.1327 0.9161 -0.3784
vn 0.0972 0.9931 0.0658
vn -0.1769 0.9838 -0.0286
vn -0.0416 -0.0660 -0.9970
vn 0.6513 0.0149 -0.7587
vn 0.8218 -0.0689 -0.5656
vn -0.1293 0.0852 -0.9879
vn 0.0013 -0.6698 -0.7425
vn -0.3684 -0.7391 -0.5640
vn -0.4532 -0.1661 -0.8758
vn 0.0650 -0.2974 -0.9525
vn 0.0650 -0.2973 -0.9526
vn -0.4532 -0.1660 -0.8758
vn -0.5993 -0.0079 -0.8005
vn -0.5992 -0.0079 -0.8005
vn 0.1420 0.9887 -0.0487
vn 0.6394 0.0338 -0.7681
vn 0.6514 0.0149 -0.7586
vn 0.7032 -0.0726 -0.7073
vn 0.0751 -0.9677 -0.2405
vn 0.2388 0.9603 0.1444
vn 0.3094 -0.2190 -0.9254
vn 0.7564 -0.2152 -0.6177
vn 0.3094 -0.2189 -0.9254
vn 0.3010 -0.0236 -0.9533
vn -0.0554 -0.9353 -0.3495
vn 0.3010 -0.0237 -0.9533
vn 0.5997 0.0156 -0.8000
vn 0.7616 0.0176 -0.6479
vn 0.8930 -0.0978 -0.4394
vn 0.4371 0.0229 -0.8991
vn 0.5997 0.0155 -0.8001
vn 0.3498 0.0213 -0.9366
vn 0.4371 0.0228 -0.8991
vn 0.3669 -0.0138 -0.9301
vn 0.3497 0.0214 -0.9366
vn 0.3670 -0.0137 -0.9301
vn 0.5934 0.5977 -0.5391
vn 0.4285 0.8916 -0.1466
vn 0.3399 0.9348 0.1034
vn -0.3075 -0.8945 -0.3244
vn -0.3008 -0.9328 -0.1984
vn -0.0643 -0.9255 -0.3733
vn 0.1977 -0.9500 -0.2418
vn 0.3259 -0.8055 -0.4950
vn 0.0544 0.9924 0.1106
vn 0.0403 0.9946 0.0955
vn 0.6249 -0.1515 -0.7659
vn -0.1276 -0.9607 -0.2465
vn 0.0365 -0.9910 -0.1291
vn -0.1644 -0.9716 -0.1703
vn -0.1426 -0.9704 -0.1950
vn 0.0755 -0.9888 -0.1286
vn 0.1475 -0.9779 -0.1483
vn -0.0743 -0.9896 -0.1233
vn -0.0357 -0.9895 -0.1399
vn -0.1659 -0.9726 -0.1631
vn -0.1362 -0.9714 -0.1945
vn -0.0607 -0.9915 -0.1150
vn -0.0962 -0.9864 -0.1332
vn 0.2959 0.9451 0.1389
vn 0.2784 0.9520 0.1271
vn 0.0885 0.9912 0.0981
vn 0.0882 0.9913 0.0982
vn -0.2766 -0.9483 -0.1554
vn -0.2600 -0.9570 -0.1290
vn 0.0858 0.9884 0.1256
vn 0.0832 0.9892 0.1207
vn -0.1313 0.9905 0.0412
vn -0.1027 0.9926 0.0653
vn 0.1191 0.9916 -0.0513
vn 0.0967 0.9919 0.0818
vn -0.0864 0.9944 0.0602
vn -0.0023 0.9988 -0.0480
vn -0.0133 0.9978 0.0653
vn 0.0027 0.9999 0.0163
vn -0.1945 -0.9625 -0.1889
vn -0.1939 -0.9678 -0.1605
vn -0.2020 -0.9690 -0.1422
vn -0.2064 -0.9715 -0.1163
vn -0.2529 -0.9599 -0.1208
vn -0.1903 -0.9692 -0.1563
vn -0.1037 -0.9888 -0.1074
vn -0.1014 -0.9847 -0.1414
vn 0.0112 0.9997 0.0198
vn -0.0244 0.9960 0.0858
vn 0.0840 0.9926 0.0877
vn 0.0692 -0.9869 -0.1460
vn 0.0536 -0.9798 -0.1929
vn 0.2063 0.9779 0.0341
vn 0.2059 0.9745 0.0893
vn 0.2736 0.9570 0.0964
vn 0.2378 0.9708 -0.0311
vn 0.0984 0.9919 0.0797
vn 0.1913 0.9806 0.0428
vn 0.1786 0.9747 0.1343
vn 0.0934 0.9858 0.1398
vn 0.4464 0.8919 -0.0724
vn 0.5265 0.8413 -0.1225
vn -0.0359 -0.9840 -0.1747
vn -0.0664 -0.9784 -0.1958
vn 0.1083 0.9817 0.1568
vn 0.0619 -0.9938 -0.0928
vn -0.0005 -0.9884 -0.1521
vn 0.0277 -0.9948 -0.0983
vn 0.0228 -0.9909 -0.1326
vn -0.0797 -0.9728 -0.2176
vn 0.3144 0.9299 0.1908
vn -0.1002 -0.9643 -0.2451
vn -0.2717 -0.9134 -0.3030
vn -0.3495 -0.7858 -0.5103
vn -0.0260 -0.8487 -0.5283
vn 0.0738 0.9958 0.0545
vn -0.5388 0.8093 0.2338
vn 0.2924 -0.9396 -0.1777
vn -0.0360 -0.9943 -0.1001
vn 0.0823 0.9946 0.0632
vn 0.1143 0.9927 0.0393
vn -0.1026 -0.9893 -0.1037
vn -0.9829 0.0507 -0.1771
vn -0.9689 -0.0202 -0.2468
vn -0.9739 0.0240 -0.2258
vn -1.0000 0.0097 -0.0001
vn -0.9916 0.1030 0.0778
vn -0.9966 0.0774 0.0296
vn -0.9993 0.0006 -0.0379
vn -0.8539 0.3906 0.3439
vn -0.7623 0.4696 0.4454
vn -0.9679 0.0338 -0.2492
vn -0.9743 0.0234 -0.2242
vn -0.8608 0.2042 0.4663
vn -0.9600 0.1647 0.2265
vn -0.4148 0.5979 0.6859
vn -0.7212 0.3877 0.5741
vn -0.6048 0.5520 0.5741
vn -0.6774 0.5360 0.5038
vn -0.2941 0.6832 0.6684
vn -0.3949 0.6545 0.6448
vn -0.9976 0.0399 0.0574
vn -0.9992 0.0367 0.0150
vn -0.9989 0.0256 0.0395
vn -0.9902 0.1037 0.0939
vn -0.9993 0.0254 -0.0272
vn -0.5814 -0.7825 0.2227
vn -0.9462 -0.3199 0.0486
vn -0.9638 -0.2547 -0.0790
vn -0.5206 -0.8151 0.2542
vn -0.9069 -0.4072 0.1082
vn -0.9708 -0.2336 -0.0545
vn -0.8097 -0.5622 -0.1682
vn -0.8535 -0.4971 -0.1560
vn -0.9714 -0.2210 -0.0867
vn -0.7464 -0.6436 -0.1695
vn -0.9267 -0.3156 -0.2042
vn -0.8535 -0.4972 -0.1560
vn -0.7464 -0.6435 -0.1695
vn -0.8097 -0.5623 -0.1682
vn -0.8817 -0.4718 0.0036
vn -0.9778 -0.1632 0.1311
vn -0.9629 -0.2693 -0.0180
vn -0.6211 -0.7517 -0.2219
vn -0.6210 -0.7517 -0.2219
vn -0.9709 -0.0531 -0.2336
vn -1.0000 -0.0069 -0.0056
vn -0.9980 -0.0635 0.0008
vn -0.9968 -0.0695 0.0406
vn -0.9985 -0.0278 0.0462
vn -0.9267 -0.3107 0.2117
vn -0.9550 -0.2352 0.1809
vn -0.8765 -0.4531 0.1628
vn -0.8985 -0.3718 0.2335
vn -0.9983 -0.0454 -0.0375
vn -0.9989 0.0007 -0.0464
vn -0.9984 -0.0302 -0.0477
vn -0.9994 -0.0334 -0.0054
vn -0.9981 -0.0462 0.0415
vn -0.9525 -0.3037 -0.0218
vn -0.9238 -0.3770 -0.0673
vn -0.5303 -0.8394 -0.1190
vn -0.5717 -0.8195 -0.0404
vn -0.8646 -0.4521 -0.2194
vn -0.9995 0.0017 -0.0309
vn -0.9485 -0.3143 -0.0380
vn -0.9999 -0.0000 -0.0144
vn -0.5610 -0.8264 -0.0480
vn 0.9357 -0.0001 -0.3529
vn -0.9238 -0.0000 -0.3828
vn -0.8646 0.4520 -0.2194
vn 0.1279 0.9158 -0.3807
vn -0.9238 0.3770 -0.0673
vn -0.9995 -0.0001 -0.0304
vn -0.5303 0.8394 -0.1190
vn -0.6425 -0.6916 0.3299
vn -0.7724 0.6350 -0.0120
vn 0.2456 0.7551 0.6079
vn -0.1815 0.5650 0.8049
vn -0.0341 0.0168 0.9993
vn -0.6477 -0.5880 0.4845
vn 0.2427 -0.1357 0.9606
vn -0.5229 -0.6542 0.5464
vn -0.5714 -0.7250 0.3846
vn -0.2059 -0.8612 0.4648
vn -0.9791 -0.0774 0.1880
vn -0.9744 0.0724 0.2130
vn 0.7545 0.5455 -0.3650
vn 0.8687 0.3190 -0.3790
vn 0.7242 0.6809 0.1094
vn 0.7473 0.6612 0.0660
vn -0.6476 0.6617 0.3779
vn -0.0382 0.3653 0.9301
vn -0.7946 -0.3972 0.4593
vn -0.8441 0.2121 0.4924
vn -0.9963 0.0209 0.0835
vn -0.8147 -0.5736 -0.0850
vn -0.1565 -0.1742 -0.9722
vn -0.3645 0.4295 -0.8262
vn -0.0029 0.6021 0.7984
vn -0.0382 0.3652 0.9301
vn -0.3645 0.4296 -0.8262
vn 0.1323 0.9890 -0.0668
vn -0.0009 0.9671 0.2544
vn 0.0172 -0.4936 -0.8695
vn -0.3321 0.3275 -0.8846
vn 0.3726 0.8789 -0.2980
vn -0.8727 -0.0284 0.4875
vn -0.8985 -0.4378 -0.0308
vn 0.0171 -0.4936 -0.8695
vn -0.9935 0.1137 -0.0029
vn 0.2984 0.9438 0.1423
vn -0.3322 0.3274 -0.8846
vn -0.9837 -0.1783 0.0220
vn 0.6824 -0.1172 0.7215
vn 0.9905 -0.1372 0.0069
vn 0.6901 -0.1170 -0.7142
vn 0.0160 -0.0616 -0.9980
vn 0.0159 -0.0616 -0.9980
vn -0.6730 -0.0058 -0.7396
vn -0.9997 0.0216 0.0075
vn -0.7089 0.7052 -0.0110
vn -0.6652 -0.0109 0.7466
vn 0.0155 -0.0655 0.9977
vn 0.6755 0.1613 0.7196
vn -0.6789 -0.0309 0.7335
vn -0.0034 -0.1402 0.9901
vn -0.0033 -0.1403 0.9901
vn 0.6544 -0.2370 0.7180
vn -0.0114 -0.1991 0.9799
vn 0.6594 -0.2444 0.7110
vn -0.6915 -0.1050 0.7147
vn -0.0115 -0.1990 0.9799
vn 0.0001 0.9999 -0.0153
vn 0.7088 0.7054 -0.0110
vn 0.6594 -0.2444 0.7109
vn 0.6760 -0.2135 0.7053
vn 0.9980 -0.0621 0.0068
vn 0.9814 -0.1917 0.0052
vn 0.6968 0.0958 -0.7108
vn 0.6885 -0.0531 -0.7233
vn 0.9980 0.0625 0.0096
vn 0.6891 0.2346 -0.6856
vn 0.6888 -0.1871 0.7004
vn 0.6740 -0.1515 -0.7231
vn -0.0010 -0.0121 -0.9999
vn -0.0011 -0.0121 -0.9999
vn -0.6854 0.0663 -0.7251
vn -0.0090 0.0693 -0.9976
vn -0.7013 0.0878 -0.7075
vn -0.0088 0.0692 -0.9976
vn 0.6545 -0.2370 0.7180
vn 0.9680 -0.2507 0.0052
vn -0.9983 0.0584 0.0082
vn -0.9999 0.0135 0.0083
vn -0.6708 -0.3365 0.6609
vn -0.6241 -0.4583 0.6328
vn -0.0198 -0.4303 0.9025
vn -0.0066 -0.3366 0.9416
vn -0.0065 -0.3366 0.9416
vn -0.0196 -0.4302 0.9025
vn 0.7012 -0.1968 0.6852
vn 0.0027 -0.6699 0.7425
vn 0.7643 -0.2743 0.5836
vn -0.5619 -0.5401 0.6265
vn 0.0027 -0.6698 0.7425
vn -0.6930 -0.2139 0.6885
vn -0.0131 -0.2639 0.9645
vn -0.0130 -0.2639 0.9645
vn -0.0144 0.1525 -0.9882
vn -0.0145 0.1525 -0.9882
vn -0.7151 0.0728 -0.6952
vn -0.0164 0.2271 -0.9737
vn -0.7182 0.0435 -0.6945
vn -0.9969 -0.0783 0.0052
vn -0.9819 -0.1894 0.0010
vn 0.7463 0.1688 -0.6439
vn 0.9094 -0.4130 -0.0482
vn -0.1129 -0.9453 -0.3060
vn 0.0334 -0.0868 -0.9957
vn 0.0335 -0.0868 -0.9957
vn -0.1130 -0.9453 -0.3059
vn -0.9003 -0.4325 -0.0495
vn -0.6545 -0.0190 -0.7558
vn 0.7644 -0.2743 0.5835
vn 0.0026 -0.6699 0.7425
vn 0.6978 0.3085 -0.6465
vn -0.0481 0.2515 -0.9667
vn -0.6950 0.0023 -0.7190
vn -0.9488 -0.3159 -0.0056
vn 0.7012 -0.1969 0.6852
vn 0.9889 0.1478 -0.0139
vn 0.7643 -0.2742 0.5836
vn -0.4762 0.2108 0.8537
vn -0.3759 0.7134 0.5914
vn -0.1998 0.6831 0.7025
vn -0.2810 0.1253 0.9515
vn -0.3541 0.4080 0.8415
vn -0.5989 0.4380 0.6705
vn -0.7396 0.4919 0.4594
vn 0.5999 -0.6291 -0.4944
vn -0.8441 0.2120 0.4925
vn -0.0008 0.9671 0.2544
vn -0.6477 0.6616 0.3778
vn 0.4690 -0.8824 0.0374
vn 0.5838 -0.7368 -0.3410
vn 0.6740 -0.7187 -0.1709
vn -0.5326 -0.7332 0.4228
vn 0.6589 -0.7461 -0.0961
vn 0.4310 -0.7129 -0.5532
vn 0.6070 0.7878 -0.1046
vn 0.7831 0.6208 -0.0376
vn 0.6104 0.7793 -0.1416
vn 0.3514 -0.9049 0.2401
vn 0.5851 -0.6076 0.5371
vn 0.5960 -0.6058 0.5270
vn 0.5294 -0.7279 -0.4358
vn 0.1486 -0.5449 -0.8252
vn 0.1295 -0.5858 -0.8001
vn 0.8041 -0.5896 -0.0769
vn 0.6692 0.7399 0.0684
vn 0.7700 0.5830 0.2591
vn 0.5947 0.7296 -0.3376
vn 0.7247 0.6677 -0.1702
vn 0.7140 -0.5629 0.4163
vn 0.6693 0.7399 0.0684
vn -0.3374 0.9082 0.2478
vn -0.1342 0.8503 0.5088
vn 0.7700 0.5831 0.2591
vn 0.6421 -0.7574 -0.1188
vn 0.6908 -0.7134 -0.1178
vn 0.6909 -0.7133 -0.1178
vn 0.5294 -0.7278 -0.4359
vn 0.8041 -0.5895 -0.0770
vn 0.5432 -0.7986 -0.2593
vn 0.5947 0.7296 -0.3377
vn 0.3547 0.7712 -0.5286
vn 0.1486 -0.5448 -0.8253
vn 0.6421 -0.7573 -0.1188
vn 0.3513 -0.9050 0.2401
vn -0.3072 0.9217 0.2367
vn 0.3546 0.7713 -0.5285
vn 0.4470 0.7308 -0.5159
vn -0.3737 0.8948 0.2444
vn -0.3073 0.9217 0.2367
vn -0.3375 0.9081 0.2478
vn -0.2572 0.8575 -0.4455
vn -0.1121 0.9353 0.3356
vn 0.0131 0.7985 0.6019
vn -0.6477 0.7603 0.0493
vn -0.6083 0.7780 -0.1570
vn 0.9141 0.1725 -0.3670
vn 0.6576 -0.2249 0.7190
vn 0.9839 -0.1763 0.0292
vn 0.7073 -0.0828 -0.7021
vn 0.0110 0.0035 -0.9999
vn 0.0109 0.0036 -0.9999
vn -0.6978 -0.0038 -0.7163
vn -0.9958 -0.0852 0.0339
vn -0.6524 -0.1752 0.7373
vn 0.0074 -0.2206 0.9753
vn 0.0075 -0.2206 0.9753
vn 0.6575 -0.2249 0.7191
vn 0.6932 0.1242 -0.7100
vn -0.0720 0.1640 -0.9838
vn -0.7021 -0.0064 -0.7121
vn 0.9839 -0.1764 0.0291
vn 0.6224 -0.3738 0.6877
vn 0.9975 -0.0682 -0.0173
vn -0.6405 -0.4162 0.6455
vn -0.0500 -0.4601 0.8865
vn 0.7087 0.7054 -0.0109
vn 0.5750 0.5299 -0.6234
vn -0.9647 -0.2634 -0.0005
vn -0.0501 -0.4601 0.8865
vn -0.0502 -0.4600 0.8865
vn 0.6222 -0.3738 0.6878
vn 0.0025 -0.6698 0.7425
vn -0.5620 -0.5402 0.6263
vn -0.9003 -0.4325 -0.0494
vn 0.0334 -0.0869 -0.9957
vn -0.6546 -0.0191 -0.7557
vn -0.9958 -0.0851 0.0338
vn -0.7021 -0.0064 -0.7120
vn -0.9647 -0.2634 -0.0004
vn 0.0028 -0.6698 0.7426
vn 0.7644 -0.2742 0.5835
vn -0.5621 -0.5402 0.6263
vn 0.0025 -0.6700 0.7424
vn 0.6576 -0.2248 0.7191
vn -0.0502 -0.4601 0.8865
vn 0.7463 0.1689 -0.6438
vn 0.9095 -0.4130 -0.0481
vn 0.6933 0.1242 -0.7099
vn 0.7462 0.1689 -0.6440
vn 0.9095 -0.4130 -0.0482
vn -0.1128 -0.9453 -0.3061
vn 0.0332 -0.0865 -0.9957
vn 0.0336 -0.0867 -0.9957
vn -0.1130 -0.9453 -0.3061
vn -0.6545 -0.0190 -0.7559
vn 0.0338 -0.0868 -0.9957
vn 0.0333 -0.0868 -0.9957
vn 0.7644 -0.2742 0.5836
vn 0.0026 -0.6698 0.7425
vn 0.7462 0.1688 -0.6439
vn 0.9094 -0.4130 -0.0481
vn 0.6223 -0.3738 0.6877
vn 0.9975 -0.0682 -0.0172
vn 0.0109 0.0035 -0.9999
vn 0.7087 0.7054 -0.0110
vn -0.6404 -0.4162 0.6455
vn -0.1129 -0.9454 -0.3058
vn 0.0029 -0.6699 0.7425
vn -0.5618 -0.5402 0.6266
vn -0.9003 -0.4324 -0.0497
vn 0.0337 -0.0868 -0.9957
vn -0.9958 -0.0855 0.0342
vn -0.9647 -0.2635 -0.0004
vn 0.6575 -0.2248 0.7191
vn -0.0503 -0.4601 0.8864
vn 0.6222 -0.3739 0.6878
vn 0.0029 -0.6698 0.7426
vn 0.7462 0.1687 -0.6440
vn 0.9094 -0.4131 -0.0482
vn -0.1130 -0.9454 -0.3058
vn 0.7642 -0.2743 0.5837
vn 0.0026 -0.6699 0.7424
vn 0.7463 0.1688 -0.6438
vn 0.0335 -0.0869 -0.9957
vn 0.6576 -0.2248 0.7190
vn 0.0108 0.0035 -0.9999
vn 0.7073 -0.0828 -0.7020
vn 0.0110 0.0036 -0.9999
vn -0.6524 -0.1752 0.7374
vn -0.0500 -0.4600 0.8865
vn -0.5619 -0.5402 0.6265
vn -0.9003 -0.4324 -0.0495
vn -0.6545 -0.0189 -0.7558
vn -0.9958 -0.0852 0.0340
vn -0.0719 0.1640 -0.9838
vn -0.7020 -0.0063 -0.7121
vn -0.0503 -0.4601 0.8865
vn 0.6222 -0.3739 0.6879
vn 0.7463 0.1689 -0.6439
vn -0.1129 -0.9453 -0.3059
vn 0.0332 -0.0868 -0.9957
vn 0.6932 0.1241 -0.7100
vn -0.0722 0.1640 -0.9838
vn 0.0338 -0.0866 -0.9957
vn 0.7462 0.1688 -0.6440
vn 0.0332 -0.0869 -0.9957
vn 0.0024 -0.6699 0.7425
vn -0.5622 -0.5401 0.6262
vn -0.9003 -0.4324 -0.0496
vn 0.0337 -0.0867 -0.9957
vn -0.6544 -0.0189 -0.7559
vn -0.9894 0.1454 0.0026
vn -0.9647 -0.2635 -0.0003
vn 0.6223 -0.3737 0.6878
vn -0.6754 0.1612 0.7196
vn 0.0022 -0.6699 0.7424
vn 0.7461 0.1690 -0.6440
vn 0.9094 -0.4130 -0.0483
vn 0.0330 -0.0862 -0.9957
vn 0.7088 0.7053 -0.0110
vn 0.6933 0.1241 -0.7099
vn 0.7645 -0.2742 0.5834
vn 0.5618 0.5828 0.5871
vn 0.7645 -0.2740 0.5834
vn 0.0340 -0.0868 -0.9956
vn 0.7461 0.1688 -0.6440
vn 0.9095 -0.4129 -0.0482
vn 0.7644 -0.2741 0.5835
vn 0.9975 -0.0683 -0.0172
vn -0.5619 0.5827 0.5871
vn -0.5750 0.5298 -0.6234
vn 0.0111 0.0036 -0.9999
vn 0.6863 0.0986 -0.7206
vn 0.0073 -0.2206 0.9753
vn -0.0501 -0.4602 0.8864
vn -0.1130 -0.9452 -0.3062
vn 0.0025 -0.6699 0.7425
vn -0.5619 -0.5400 0.6266
vn -0.9002 -0.4326 -0.0492
vn 0.0333 -0.0867 -0.9957
vn -0.9958 -0.0850 0.0337
vn -0.0724 0.1640 -0.9838
vn -0.7022 -0.0064 -0.7120
vn -0.9647 -0.2635 -0.0005
vn 0.0076 -0.2207 0.9753
vn 0.6223 -0.3738 0.6878
vn 0.0025 -0.6699 0.7424
vn 0.7462 0.1685 -0.6440
vn 0.9093 -0.4135 -0.0478
vn -0.1131 -0.9453 -0.3061
vn 0.0329 -0.0862 -0.9957
vn 0.6934 0.1240 -0.7098
vn 0.5619 0.5829 0.5870
vn -0.0716 0.1639 -0.9839
vn 0.5749 0.5299 -0.6235
vn 0.7641 -0.2747 0.5836
vn 0.0024 -0.6698 0.7425
vn 0.0340 -0.0863 -0.9957
vn 0.7460 0.1691 -0.6442
vn 0.7644 -0.2741 0.5836
vn 0.5750 0.5297 -0.6235
vn -0.9958 -0.0855 0.0341
vn 0.6932 0.1242 -0.7099
vn -0.0720 0.1641 -0.9838
vn -0.7021 -0.0063 -0.7121
vn 0.0028 -0.6698 0.7425
vn -0.5621 -0.5403 0.6262
vn 0.0025 -0.6700 0.7423
vn 0.0336 -0.0868 -0.9957
vn 0.0027 -0.6699 0.7424
vn 0.9839 -0.1763 0.0291
vn -0.0721 0.1640 -0.9838
vn 0.6224 -0.3737 0.6877
vn 0.6222 -0.3738 0.6879
vn -0.5618 -0.5401 0.6266
vn 0.0028 -0.6697 0.7426
vn 0.0334 -0.0867 -0.9957
vn 0.7463 0.1687 -0.6439
vn -0.6576 -0.2249 -0.7190
vn -0.9839 -0.1763 -0.0291
vn -0.7073 -0.0828 0.7020
vn -0.0110 0.0035 0.9999
vn -0.0109 0.0036 0.9999
vn 0.6978 -0.0038 0.7163
vn 0.9958 -0.0851 -0.0338
vn 0.6524 -0.1752 -0.7373
vn -0.0074 -0.2206 -0.9753
vn -0.0001 0.1567 -0.9876
vn -0.0075 -0.2206 -0.9753
vn -0.6576 -0.2248 -0.7191
vn -0.6932 0.1242 0.7099
vn 0.0720 0.1640 0.9838
vn 0.0721 0.1640 0.9838
vn 0.7021 -0.0063 0.7121
vn -0.6223 -0.3738 -0.6878
vn -0.9975 -0.0682 0.0172
vn 0.6405 -0.4162 -0.6454
vn 0.0502 -0.4601 -0.8864
vn 0.0001 0.9999 0.0154
vn -0.0109 0.0035 0.9999
vn -0.0110 0.0036 0.9999
vn -0.6224 -0.3737 -0.6877
vn 0.9647 -0.2634 0.0004
vn -0.7088 0.7054 0.0110
vn 0.6524 -0.1752 -0.7374
vn 0.0502 -0.4601 -0.8865
vn 0.0501 -0.4601 -0.8865
vn 0.1130 -0.9454 0.3058
vn -0.0026 -0.6698 -0.7425
vn 0.5619 -0.5402 -0.6265
vn 0.9003 -0.4325 0.0495
vn -0.0334 -0.0869 0.9957
vn 0.6546 -0.0190 0.7557
vn 0.9958 -0.0852 -0.0339
vn -0.5750 0.5298 0.6234
vn -0.0027 -0.6698 -0.7425
vn -0.7644 -0.2742 -0.5836
vn 0.5619 -0.5401 -0.6266
vn -0.6575 -0.2249 -0.7191
vn 0.0500 -0.4601 -0.8865
vn -0.0026 -0.6699 -0.7425
vn -0.7463 0.1687 0.6438
vn -0.9094 -0.4131 0.0481
vn 0.1129 -0.9454 0.3058
vn -0.0337 -0.0869 0.9956
vn -0.7644 -0.2743 -0.5836
vn -0.7463 0.1688 0.6439
vn -0.9095 -0.4130 0.0482
vn 0.1129 -0.9453 0.3059
vn -0.0335 -0.0868 0.9957
vn 0.1129 -0.9454 0.3059
vn 0.6546 -0.0191 0.7558
vn -0.7643 -0.2743 -0.5835
vn -0.0334 -0.0870 0.9957
vn -0.9094 -0.4130 0.0482
vn -0.7643 -0.2742 -0.5836
vn -0.7643 -0.2743 -0.5836
vn -0.0335 -0.0869 0.9957
vn -0.7463 0.1688 0.6438
vn -0.0336 -0.0868 0.9957
vn -0.9839 -0.1763 -0.0292
vn -0.7073 -0.0828 0.7021
vn 0.0503 -0.4601 -0.8864
vn -0.0029 -0.6699 -0.7425
vn 0.5618 -0.5400 -0.6267
vn 0.9003 -0.4324 0.0495
vn -0.0335 -0.0869 0.9956
vn -0.9894 0.1455 -0.0025
vn 0.7021 -0.0064 0.7120
vn 0.9647 -0.2635 0.0003
vn -0.6576 -0.2249 -0.7191
vn 0.0499 -0.4601 -0.8865
vn -0.6225 -0.3738 -0.6876
vn -0.0028 -0.6697 -0.7426
vn -0.7463 0.1687 0.6439
vn -0.7644 -0.2742 -0.5835
vn -0.9839 -0.1764 -0.0291
vn -0.6223 -0.3737 -0.6878
vn 0.1130 -0.9453 0.3059
vn -0.0027 -0.6699 -0.7425
vn 0.9003 -0.4324 0.0494
vn 0.9894 0.1454 -0.0026
vn 0.0723 0.1640 0.9838
vn 0.7022 -0.0063 0.7120
vn 0.9647 -0.2634 0.0005
vn -0.0076 -0.2206 -0.9753
vn -0.0026 -0.6697 -0.7426
vn -0.0334 -0.0867 0.9957
vn -0.6933 0.1241 0.7099
vn -0.0024 -0.6698 -0.7425
vn -0.7642 -0.2743 -0.5837
vn -0.0001 0.6536 0.7568
vn -0.7643 -0.2744 -0.5836
vn -0.0026 -0.6699 -0.7424
vn -0.0335 -0.0867 0.9957
vn -0.7642 -0.2744 -0.5837
vn -0.9975 -0.0682 0.0173
vn 0.0001 0.0658 0.9978
vn -0.0111 0.0035 0.9999
vn 0.0501 -0.4601 -0.8864
vn 0.5619 -0.5400 -0.6266
vn 0.6546 -0.0192 0.7558
vn 0.9958 -0.0852 -0.0340
vn 0.7021 -0.0063 0.7120
vn -0.6575 -0.2248 -0.7191
vn -0.6223 -0.3738 -0.6877
vn -0.0027 -0.6697 -0.7426
vn -0.7462 0.1688 0.6439
vn -0.9094 -0.4132 0.0482
vn -0.0335 -0.0865 0.9957
vn -0.0024 -0.6699 -0.7425
vn -0.7642 -0.2743 -0.5838
vn 0.0001 0.7103 -0.7039
vn -0.0025 -0.6699 -0.7424
vn -0.0335 -0.0870 0.9956
vn 0.7089 0.7053 0.0110
vn 0.0001 0.9999 0.0153
vn -0.6863 0.0988 0.7206
vn 0.6405 -0.4162 -0.6455
vn 0.0501 -0.4600 -0.8865
vn 0.1130 -0.9453 0.3060
vn -0.0025 -0.6699 -0.7425
vn 0.9003 -0.4325 0.0496
vn -0.0334 -0.0865 0.9957
vn 0.6545 -0.0189 0.7558
vn -0.5749 0.5299 0.6234
vn -0.7462 0.1690 0.6439
vn -0.9094 -0.4130 0.0484
vn -0.6932 0.1241 0.7100
vn -0.0026 -0.6700 -0.7424
vn -0.7462 0.1689 0.6439
vn -0.0335 -0.0866 0.9957
vn -0.9095 -0.4130 0.0483
vn 0.9958 -0.0850 -0.0338
vn -0.6932 0.1241 0.7099
vn 0.7021 -0.0064 0.7121
vn -0.6224 -0.3738 -0.6877
vn 0.9647 -0.2635 0.0004
vn -0.0027 -0.6698 -0.7426
vn 0.5619 -0.5401 -0.6265
vn -0.9094 -0.4131 0.0482
vn 0.1129 -0.9453 0.3060
vn 0.6545 -0.0190 0.7558
vn -0.7463 0.1689 0.6439
vn 0.8062 0.5889 -0.0565
vn -0.0000 0.9998 0.0211
vn -0.8685 0.1063 -0.4841
vn 0.8408 -0.1893 -0.5072
vn 0.6895 -0.5940 -0.4145
vn -0.0380 0.7369 0.6750
vn -0.0380 0.7368 0.6750
vn -0.0000 0.9274 0.3741
vn 0.3646 0.4296 -0.8262
vn -0.1324 0.9889 -0.0668
vn 0.9963 0.0208 0.0835
vn -0.2841 0.9132 -0.2923
vn 0.8783 -0.0487 0.4757
vn -0.3725 0.8789 -0.2980
vn 0.5989 0.4379 0.6705
vn 0.3541 0.4081 0.8415
vn 0.4762 0.2107 0.8537
vn 0.7267 0.2125 0.6532
vn 0.8522 0.2769 0.4440
vn 0.8442 0.2120 0.4924
vn 0.7724 0.4936 0.3998
vn 0.8522 0.2768 0.4440
vn 0.7723 0.4936 0.3999
vn -0.0000 0.8475 0.5309
vn -0.0000 0.9706 -0.2406
vn -0.0000 0.9530 0.3030
vn -0.5852 -0.6076 0.5370
vn -0.8062 0.5889 -0.0565
vn 0.8685 0.1063 -0.4841
vn -0.8408 -0.1894 -0.5071
vn -0.6895 -0.5939 -0.4145
vn 0.0380 0.7368 0.6750
vn 0.0380 0.7369 0.6750
vn -0.9963 0.0207 0.0835
vn 0.1324 0.9889 -0.0668
vn -0.8783 -0.0487 0.4757
vn 0.3725 0.8789 -0.2980
vn -0.7267 0.2124 0.6532
vn -0.8522 0.2769 0.4440
vn -0.4762 0.2107 0.8537
vn -0.5989 0.4379 0.6705
vn -0.3542 0.4081 0.8415
vn -0.8442 0.2120 0.4923
vn -0.7724 0.4935 0.3998
vn -0.7395 0.4920 0.4595
vn -0.7723 0.4936 0.3999
vn 0.5852 -0.6076 0.5371
vt 0.050895 0.740227
vt 0.050209 0.756398
vt 0.063665 0.744769
vt 0.074913 0.756602
vt 0.071282 0.758535
vt 0.072385 0.761292
vt 0.350732 0.934986
vt 0.343031 0.947955
vt 0.357868 0.939006
vt 0.366026 0.586550
vt 0.354950 0.597342
vt 0.370001 0.598772
vt 0.304948 0.961011
vt 0.300710 0.970873
vt 0.543932 0.678271
vt 0.525446 0.657337
vt 0.539158 0.677902
vt 0.345384 0.910728
vt 0.331614 0.929793
vt 0.353289 0.908646
vt 0.413536 0.605783
vt 0.415704 0.601311
vt 0.406871 0.598474
vt 0.225884 0.986674
vt 0.221836 0.983381
vt 0.213306 0.991004
vt 0.502120 0.975252
vt 0.497832 0.967563
vt 0.497839 0.970340
vt 0.497891 0.624912
vt 0.542932 0.641649
vt 0.498957 0.617007
vt 0.358183 0.478709
vt 0.356736 0.482946
vt 0.364958 0.477625
vt 0.492836 0.445266
vt 0.491684 0.434587
vt 0.488741 0.448353
vt 0.060337 0.970682
vt 0.072087 0.969419
vt 0.056479 0.965791
vt 0.318191 0.474029
vt 0.318450 0.473446
vt 0.317723 0.473666
vt 0.056343 0.973953
vt 0.033633 0.944572
vt 0.036345 0.943814
vt 0.030913 0.927347
vt 0.039623 0.942753
vt 0.358003 0.473379
vt 0.361724 0.468629
vt 0.357228 0.469256
vt 0.071222 0.755386
vt 0.550756 0.987973
vt 0.541905 0.992908
vt 0.554776 0.999803
vt 0.069159 0.987951
vt 0.094592 0.988477
vt 0.072943 0.977385
vt 0.249032 0.429493
vt 0.260030 0.424251
vt 0.249020 0.428841
vt 0.160364 0.955951
vt 0.145657 0.965069
vt 0.160589 0.981528
vt 0.173107 0.975994
vt 0.132886 0.978435
vt 0.153024 0.989118
vt 0.161592 0.994247
vt 0.168150 0.994840
vt 0.177968 0.995419
vt 0.128985 0.985491
vt 0.150395 0.992172
vt 0.054634 0.963791
vt 0.042790 0.955925
vt 0.033902 0.972871
vt 0.039485 0.976624
vt 0.026998 0.978813
vt 0.031075 0.983885
vt 0.160558 0.994895
vt 0.142709 0.083701
vt 0.144031 0.090247
vt 0.151767 0.054741
vt 0.150218 0.053599
vt 0.146758 0.091484
vt 0.154195 0.055387
vt 0.160126 0.029939
vt 0.157940 0.029427
vt 0.156453 0.029029
vt 0.152118 0.092362
vt 0.136955 0.185066
vt 0.142482 0.186247
vt 0.157466 0.093825
vt 0.134149 0.222072
vt 0.139809 0.223202
vt 0.131378 0.184419
vt 0.128482 0.220951
vt 0.128158 0.254988
vt 0.134557 0.256494
vt 0.140962 0.258145
vt 0.136787 0.296162
vt 0.144848 0.298511
vt 0.128733 0.294233
vt 0.129980 0.337195
vt 0.139787 0.339824
vt 0.149616 0.342599
vt 0.142563 0.384290
vt 0.153866 0.387054
vt 0.131243 0.381311
vt 0.129811 0.425313
vt 0.142905 0.428010
vt 0.155850 0.430186
vt 0.138861 0.470197
vt 0.153918 0.471428
vt 0.123621 0.467892
vt 0.114773 0.507353
vt 0.132159 0.509999
vt 0.149128 0.509780
vt 0.136473 0.597104
vt 0.125576 0.599260
vt 0.105140 0.626038
vt 0.128189 0.632622
vt 0.121626 0.590845
vt 0.103009 0.598446
vt 0.083045 0.600469
vt 0.075274 0.631064
vt 0.065856 0.671857
vt 0.096227 0.676080
vt 0.122908 0.676592
vt 0.098357 0.729384
vt 0.123392 0.719162
vt 0.058732 0.712191
vt 0.065030 0.751503
vt 0.090254 0.748670
vt 0.591977 0.408018
vt 0.604889 0.417368
vt 0.617950 0.396439
vt 0.599828 0.380539
vt 0.610572 0.430200
vt 0.613061 0.427306
vt 0.503420 0.432832
vt 0.510866 0.423176
vt 0.494261 0.390938
vt 0.499335 0.423794
vt 0.526753 0.418966
vt 0.522998 0.401022
vt 0.125829 0.748577
vt 0.112216 0.748475
vt 0.125196 0.789352
vt 0.094802 0.783064
vt 0.084994 0.799683
vt 0.123661 0.808688
vt 0.068352 0.776354
vt 0.062840 0.781702
vt 0.051083 0.780508
vt 0.055024 0.798700
vt 0.057203 0.823788
vt 0.091141 0.824972
vt 0.123971 0.829583
vt 0.125172 0.870526
vt 0.108677 0.868562
vt 0.111581 0.882127
vt 0.120853 0.888745
vt 0.091172 0.869413
vt 0.098038 0.887245
vt 0.108323 0.910200
vt 0.164176 0.088568
vt 0.160589 0.093912
vt 0.153646 0.144193
vt 0.161224 0.123417
vt 0.167296 0.353933
vt 0.157506 0.345414
vt 0.162089 0.388082
vt 0.171115 0.388526
vt 0.165167 0.430635
vt 0.175175 0.430003
vt 0.165099 0.471404
vt 0.177615 0.470992
vt 0.162583 0.508968
vt 0.177968 0.508895
vt 0.176924 0.566769
vt 0.157935 0.566542
vt 0.156644 0.583745
vt 0.176443 0.584658
vt 0.141748 0.567334
vt 0.141467 0.580439
vt 0.153393 0.603380
vt 0.175599 0.605116
vt 0.148111 0.635387
vt 0.174244 0.636721
vt 0.145092 0.675731
vt 0.173668 0.675813
vt 0.145667 0.715714
vt 0.175658 0.715694
vt 0.147036 0.748924
vt 0.176845 0.750862
vt 0.174364 0.798372
vt 0.147749 0.794293
vt 0.146790 0.813708
vt 0.170705 0.817875
vt 0.145155 0.833398
vt 0.166236 0.837238
vt 0.155364 0.876914
vt 0.139697 0.873333
vt 0.134484 0.893326
vt 0.150789 0.896739
vt 0.129032 0.915699
vt 0.147347 0.916858
vt 0.090383 0.911863
vt 0.096570 0.972523
vt 0.106342 0.949351
vt 0.075658 0.911294
vt 0.050327 0.906664
vt 0.046888 0.930304
vt 0.071506 0.940504
vt 0.130300 0.940803
vt 0.149541 0.935338
vt 0.143094 0.853442
vt 0.161126 0.856745
vt 0.125005 0.850966
vt 0.097278 0.849273
vt 0.073078 0.843330
vt 0.077676 0.849353
vt 0.083517 0.855370
vt 0.147467 0.773848
vt 0.176163 0.777403
vt 0.125029 0.769560
vt 0.095650 0.761511
vt 0.539412 0.412666
vt 0.535385 0.375159
vt 0.546700 0.416169
vt 0.547449 0.405924
vt 0.569098 0.410998
vt 0.578428 0.405177
vt 0.583016 0.380694
vt 0.567347 0.406743
vt 0.069724 0.752596
vt 0.074362 0.767404
vt 0.031791 0.736280
vt 0.034851 0.761164
vt 0.050587 0.769556
vt 0.031598 0.780427
vt 0.054589 0.763863
vt 0.032805 0.820616
vt 0.032343 0.841321
vt 0.050767 0.843213
vt 0.006423 0.823013
vt 0.008703 0.843466
vt 0.010938 0.863980
vt 0.032351 0.862058
vt 0.050101 0.862259
vt 0.032800 0.905234
vt 0.013889 0.905668
vt 0.014018 0.927152
vt 0.013862 0.951009
vt 0.028838 0.952222
vt 0.040080 0.948227
vt 0.039927 0.949212
vt 0.041453 0.949019
vt 0.032852 0.883331
vt 0.050612 0.883536
vt 0.012803 0.884656
vt 0.032147 0.799860
vt 0.001672 0.782242
vt 0.004064 0.802657
vt 0.043440 0.666385
vt 0.035293 0.704226
vt 0.013335 0.698809
vt 0.009211 0.733402
vt 0.065895 0.596932
vt 0.055010 0.628259
vt 0.046342 0.588963
vt 0.033080 0.620215
vt 0.018717 0.658489
vt 0.094837 0.564653
vt 0.080115 0.559689
vt 0.073307 0.576911
vt 0.088591 0.581289
vt 0.062965 0.552056
vt 0.055184 0.569078
vt 0.120408 0.423298
vt 0.112391 0.465137
vt 0.110127 0.421469
vt 0.100180 0.461490
vt 0.087072 0.497748
vt 0.101505 0.503325
vt 0.122403 0.338100
vt 0.123039 0.380066
vt 0.113863 0.347013
vt 0.114050 0.380625
vt 0.123376 0.252814
vt 0.121096 0.293613
vt 0.258531 0.535016
vt 0.235604 0.529175
vt 0.208340 0.525938
vt 0.248822 0.537811
vt 0.230338 0.524515
vt 0.220583 0.520299
vt 0.204492 0.512936
vt 0.178363 0.514891
vt 0.113055 0.325050
vt 0.126971 0.185393
vt 0.124314 0.219946
vt 0.313093 0.558192
vt 0.312885 0.548844
vt 0.285551 0.541148
vt 0.280400 0.546845
vt 0.375411 0.475774
vt 0.354511 0.487640
vt 0.133756 0.116682
vt 0.133292 0.139983
vt 0.167964 0.995769
vt 0.021657 0.979350
vt 0.025326 0.987639
vt 0.025672 0.984752
vt 0.023937 0.980905
vt 0.014210 0.983076
vt 0.019046 0.992133
vt 0.177729 0.996578
vt 0.024595 0.970336
vt 0.012783 0.970254
vt 0.084930 0.887273
vt 0.073056 0.886792
vt 0.069423 0.866404
vt 0.067209 0.851285
vt 0.515370 0.579326
vt 0.506931 0.585876
vt 0.505410 0.590152
vt 0.514218 0.584092
vt 0.500995 0.586052
vt 0.498541 0.588010
vt 0.608863 0.590152
vt 0.614873 0.586714
vt 0.613070 0.581576
vt 0.607961 0.581557
vt 0.599284 0.585160
vt 0.598777 0.576204
vt 0.545810 0.521799
vt 0.536100 0.529455
vt 0.529330 0.553974
vt 0.537248 0.545985
vt 0.523084 0.538518
vt 0.518694 0.562980
vt 0.523267 0.570220
vt 0.530045 0.561304
vt 0.588838 0.536939
vt 0.576114 0.528639
vt 0.583693 0.550623
vt 0.594249 0.559085
vt 0.566464 0.521836
vt 0.575716 0.543871
vt 0.583130 0.558613
vt 0.589934 0.567232
vt 0.590736 0.575490
vt 0.582205 0.561896
vt 0.522783 0.575388
vt 0.531962 0.562922
vt 0.610576 0.548106
vt 0.601257 0.543525
vt 0.604714 0.565252
vt 0.612257 0.569187
vt 0.561956 0.519993
vt 0.571830 0.543233
vt 0.550896 0.519212
vt 0.541823 0.543516
vt 0.498921 0.549944
vt 0.494675 0.550224
vt 0.495130 0.573491
vt 0.499276 0.573545
vt 0.614989 0.550828
vt 0.615665 0.572636
vt 0.509349 0.545757
vt 0.507771 0.570031
vt 0.526280 0.512411
vt 0.510744 0.519889
vt 0.528035 0.483939
vt 0.511945 0.491098
vt 0.498916 0.495387
vt 0.498575 0.524427
vt 0.616706 0.526912
vt 0.611470 0.524059
vt 0.493851 0.525016
vt 0.493563 0.495237
vt 0.617950 0.497956
vt 0.612619 0.494244
vt 0.554931 0.493804
vt 0.549943 0.496429
vt 0.561020 0.496951
vt 0.556213 0.494938
vt 0.560530 0.467515
vt 0.555325 0.466530
vt 0.554931 0.465962
vt 0.550671 0.469437
vt 0.600163 0.518829
vt 0.585585 0.511726
vt 0.600376 0.488349
vt 0.584837 0.481021
vt 0.571430 0.503516
vt 0.570637 0.473164
vt 0.541301 0.444416
vt 0.549438 0.439383
vt 0.528450 0.450848
vt 0.541698 0.476010
vt 0.573754 0.437115
vt 0.586912 0.443422
vt 0.564104 0.434053
vt 0.601019 0.450507
vt 0.611543 0.457272
vt 0.559001 0.434166
vt 0.552486 0.434334
vt 0.496332 0.458182
vt 0.501524 0.460386
vt 0.615850 0.461154
vt 0.513315 0.456672
vt 0.089904 0.535497
vt 0.104447 0.540899
vt 0.073841 0.528463
vt 0.159610 0.541672
vt 0.177309 0.541599
vt 0.144454 0.543632
vt 0.124690 0.547624
vt 0.111276 0.567801
vt 0.126122 0.571070
vt 0.133365 0.564537
vt 0.121975 0.580510
vt 0.105194 0.582096
vt 0.594542 0.712184
vt 0.587870 0.703539
vt 0.585029 0.717715
vt 0.591208 0.725283
vt 0.579066 0.697130
vt 0.577636 0.713203
vt 0.577447 0.726901
vt 0.585018 0.732494
vt 0.590717 0.740842
vt 0.585196 0.748393
vt 0.591479 0.758612
vt 0.576658 0.740416
vt 0.574594 0.753025
vt 0.584858 0.763933
vt 0.592839 0.776809
vt 0.583967 0.778679
vt 0.594175 0.794472
vt 0.571716 0.764759
vt 0.571542 0.780070
vt 0.584388 0.795458
vt 0.595118 0.812511
vt 0.587046 0.815378
vt 0.595317 0.829649
vt 0.576362 0.801654
vt 0.581554 0.819379
vt 0.589145 0.831314
vt 0.594560 0.838401
vt 0.571102 0.877169
vt 0.563863 0.884358
vt 0.574188 0.887300
vt 0.580447 0.885595
vt 0.599180 0.721799
vt 0.594804 0.731817
vt 0.594811 0.746349
vt 0.577760 0.901154
vt 0.583342 0.900623
vt 0.576549 0.919017
vt 0.582608 0.917944
vt 0.595635 0.764214
vt 0.596910 0.783301
vt 0.574432 0.938469
vt 0.581090 0.935993
vt 0.574054 0.957876
vt 0.581060 0.953589
vt 0.598344 0.802124
vt 0.599180 0.820569
vt 0.576116 0.976960
vt 0.582751 0.971371
vt 0.581176 0.994178
vt 0.585910 0.987791
vt 0.598368 0.836991
vt 0.595146 0.844611
vt 0.588279 0.999803
vt 0.588883 0.994862
vt 0.569148 0.695117
vt 0.572019 0.714119
vt 0.605256 0.845006
vt 0.593307 0.849161
vt 0.594325 0.870070
vt 0.599280 0.864406
vt 0.595381 0.885203
vt 0.598814 0.879280
vt 0.571980 0.727425
vt 0.570603 0.739794
vt 0.597074 0.899270
vt 0.600087 0.892702
vt 0.599232 0.912260
vt 0.602191 0.904956
vt 0.567897 0.751093
vt 0.564315 0.761586
vt 0.601504 0.924042
vt 0.605011 0.916251
vt 0.601248 0.938415
vt 0.605256 0.930933
vt 0.563863 0.776296
vt 0.569565 0.798865
vt 0.598345 0.958264
vt 0.602485 0.952332
vt 0.595893 0.974824
vt 0.598741 0.975431
vt 0.578438 0.822080
vt 0.591797 0.987295
vt 0.593050 0.992657
vt 0.587819 0.839184
vt 0.581935 0.865946
vt 0.587868 0.878989
vt 0.589849 0.893888
vt 0.590471 0.909615
vt 0.590662 0.924866
vt 0.591521 0.938996
vt 0.592268 0.954846
vt 0.592550 0.973591
vt 0.540190 0.503574
vt 0.312167 0.950625
vt 0.308606 0.944700
vt 0.277749 0.960650
vt 0.281123 0.966672
vt 0.551629 0.963185
vt 0.536778 0.961476
vt 0.512540 0.983413
vt 0.536809 0.983795
vt 0.309084 0.956003
vt 0.360708 0.907355
vt 0.354274 0.928612
vt 0.363181 0.933666
vt 0.371269 0.911836
vt 0.548555 0.658448
vt 0.558925 0.660003
vt 0.554753 0.653856
vt 0.547932 0.654376
vt 0.542812 0.760242
vt 0.537767 0.760121
vt 0.538126 0.789297
vt 0.543051 0.789344
vt 0.274234 0.958799
vt 0.241658 0.971589
vt 0.245777 0.973278
vt 0.213253 0.983184
vt 0.249605 0.979007
vt 0.331612 0.609866
vt 0.352281 0.627404
vt 0.362858 0.626641
vt 0.339395 0.607078
vt 0.506557 0.981069
vt 0.530779 0.961947
vt 0.523635 0.960878
vt 0.548782 0.936707
vt 0.540212 0.934140
vt 0.363710 0.651216
vt 0.375585 0.652660
vt 0.375184 0.626633
vt 0.535674 0.933873
vt 0.542179 0.904717
vt 0.538011 0.904530
vt 0.528845 0.933059
vt 0.543021 0.875725
vt 0.538920 0.875624
vt 0.530638 0.903775
vt 0.541137 0.846334
vt 0.536509 0.846208
vt 0.530874 0.874953
vt 0.527778 0.846562
vt 0.355095 0.652990
vt 0.539059 0.831422
vt 0.532858 0.830128
vt 0.533736 0.804586
vt 0.521644 0.811250
vt 0.521749 0.822815
vt 0.503010 0.820014
vt 0.502097 0.813125
vt 0.477263 0.814334
vt 0.478931 0.820434
vt 0.237045 0.999088
vt 0.242489 0.988809
vt 0.220122 0.993354
vt 0.211461 0.999803
vt 0.274150 0.976713
vt 0.278194 0.972061
vt 0.247229 0.984276
vt 0.227914 0.989453
vt 0.465399 0.609776
vt 0.466433 0.601806
vt 0.433397 0.591091
vt 0.433152 0.599267
vt 0.525052 0.760302
vt 0.526532 0.788255
vt 0.267006 0.832878
vt 0.231002 0.831448
vt 0.223130 0.853897
vt 0.260512 0.854804
vt 0.540180 0.745413
vt 0.533427 0.744239
vt 0.203714 0.829359
vt 0.191232 0.852968
vt 0.538798 0.703523
vt 0.543750 0.703820
vt 0.356073 0.797968
vt 0.355492 0.827096
vt 0.363946 0.824782
vt 0.364432 0.796157
vt 0.527230 0.673360
vt 0.526195 0.701297
vt 0.356398 0.681857
vt 0.364092 0.680003
vt 0.374571 0.885509
vt 0.363011 0.883131
vt 0.356856 0.710654
vt 0.364118 0.708723
vt 0.355004 0.740200
vt 0.363585 0.737801
vt 0.376144 0.681760
vt 0.548687 0.907159
vt 0.376174 0.710808
vt 0.375341 0.739669
vt 0.352961 0.755385
vt 0.363396 0.752629
vt 0.375193 0.753981
vt 0.540294 0.803567
vt 0.551618 0.806303
vt 0.550955 0.791804
vt 0.363976 0.781825
vt 0.353737 0.783628
vt 0.375760 0.783055
vt 0.354495 0.884384
vt 0.376174 0.797934
vt 0.375553 0.826882
vt 0.352810 0.842197
vt 0.363254 0.839511
vt 0.351446 0.856486
vt 0.362776 0.854395
vt 0.374995 0.841251
vt 0.374841 0.855758
vt 0.352545 0.870439
vt 0.362970 0.869020
vt 0.374809 0.870547
vt 0.550877 0.763032
vt 0.551581 0.748794
vt 0.548749 0.878090
vt 0.549318 0.849199
vt 0.550638 0.834953
vt 0.552196 0.734590
vt 0.538910 0.731237
vt 0.552295 0.720375
vt 0.540837 0.717643
vt 0.552015 0.706196
vt 0.551072 0.680522
vt 0.330919 0.889020
vt 0.331364 0.915969
vt 0.345720 0.885909
vt 0.341381 0.871547
vt 0.346371 0.829199
vt 0.341246 0.845587
vt 0.332848 0.802167
vt 0.330825 0.830308
vt 0.347221 0.799746
vt 0.262336 0.874279
vt 0.225084 0.873302
vt 0.232787 0.898732
vt 0.268840 0.897262
vt 0.342282 0.758899
vt 0.342990 0.784575
vt 0.346390 0.742379
vt 0.338139 0.714639
vt 0.334676 0.743427
vt 0.349004 0.712600
vt 0.338296 0.685827
vt 0.348461 0.683738
vt 0.337129 0.656919
vt 0.346793 0.654797
vt 0.333383 0.631056
vt 0.342808 0.628789
vt 0.192835 0.870262
vt 0.204936 0.898836
vt 0.269531 0.986766
vt 0.549163 0.984106
vt 0.563468 0.965034
vt 0.559781 0.939336
vt 0.559049 0.910227
vt 0.558931 0.881258
vt 0.294586 0.745294
vt 0.273581 0.743704
vt 0.262644 0.762448
vt 0.285938 0.765372
vt 0.559829 0.852503
vt 0.561632 0.838348
vt 0.562576 0.809626
vt 0.561419 0.794985
vt 0.561335 0.766233
vt 0.562534 0.752069
vt 0.563468 0.737868
vt 0.563252 0.723520
vt 0.562451 0.709134
vt 0.240897 0.950514
vt 0.274077 0.940432
vt 0.561279 0.683112
vt 0.353674 0.607462
vt 0.370613 0.603031
vt 0.257876 0.741614
vt 0.242696 0.759612
vt 0.480861 0.826057
vt 0.458004 0.828951
vt 0.468855 0.846474
vt 0.489510 0.845056
vt 0.408383 0.590546
vt 0.412303 0.596276
vt 0.214783 0.956630
vt 0.464405 0.693140
vt 0.428358 0.691962
vt 0.419889 0.718072
vt 0.456997 0.717046
vt 0.401517 0.692470
vt 0.388748 0.721174
vt 0.468087 0.629629
vt 0.434882 0.618110
vt 0.435767 0.639799
vt 0.469486 0.648935
vt 0.302017 0.625717
vt 0.300450 0.624946
vt 0.294879 0.629103
vt 0.297064 0.630236
vt 0.493403 0.965414
vt 0.493238 0.963222
vt 0.490194 0.957136
vt 0.490335 0.959704
vt 0.485380 0.953774
vt 0.484256 0.954761
vt 0.288025 0.633763
vt 0.290609 0.633874
vt 0.407622 0.607706
vt 0.410172 0.634709
vt 0.456271 0.736628
vt 0.419038 0.737446
vt 0.426861 0.759162
vt 0.462692 0.757789
vt 0.387926 0.738286
vt 0.400347 0.761509
vt 0.467368 0.613398
vt 0.435768 0.602697
vt 0.417794 0.598925
vt 0.439162 0.831641
vt 0.454288 0.848558
vt 0.297336 0.641153
vt 0.309492 0.637440
vt 0.287863 0.644009
vt 0.295791 0.666740
vt 0.310021 0.663243
vt 0.469766 0.618335
vt 0.437545 0.607352
vt 0.469466 0.626356
vt 0.436744 0.614931
vt 0.284764 0.669406
vt 0.501053 0.951760
vt 0.490249 0.947143
vt 0.482609 0.944681
vt 0.290668 0.695003
vt 0.307241 0.691780
vt 0.323733 0.931936
vt 0.534055 0.718097
vt 0.277929 0.697454
vt 0.503270 0.926622
vt 0.489517 0.922987
vt 0.479815 0.920540
vt 0.283882 0.721763
vt 0.302794 0.719667
vt 0.269451 0.723194
vt 0.501151 0.898326
vt 0.484887 0.895123
vt 0.473358 0.892853
vt 0.261375 0.863705
vt 0.260553 0.860143
vt 0.223557 0.859229
vt 0.224511 0.862758
vt 0.195291 0.857877
vt 0.196474 0.860945
vt 0.329594 0.778966
vt 0.329394 0.767360
vt 0.309885 0.770692
vt 0.309462 0.777648
vt 0.476076 0.809316
vt 0.451068 0.812784
vt 0.453431 0.817770
vt 0.431673 0.818546
vt 0.436715 0.821921
vt 0.455727 0.823596
vt 0.497133 0.870504
vt 0.478509 0.868399
vt 0.465214 0.867089
vt 0.435502 0.833819
vt 0.449730 0.849821
vt 0.518973 0.656226
vt 0.401570 0.633260
vt 0.392661 0.692997
vt 0.400202 0.596483
vt 0.235897 0.767243
vt 0.237270 0.764153
vt 0.235094 0.762748
vt 0.232838 0.767430
vt 0.432441 0.827809
vt 0.433163 0.826327
vt 0.432094 0.824174
vt 0.430761 0.824153
vt 0.379275 0.729873
vt 0.381152 0.729614
vt 0.381659 0.727844
vt 0.380038 0.727018
vt 0.391264 0.728778
vt 0.390988 0.725629
vt 0.202020 0.995808
vt 0.380772 0.739923
vt 0.391552 0.762784
vt 0.193915 0.899165
vt 0.204326 0.959195
vt 0.181177 0.860601
vt 0.178363 0.861142
vt 0.179491 0.865300
vt 0.182673 0.864150
vt 0.376568 0.729943
vt 0.378013 0.725717
vt 0.382360 0.720759
vt 0.183408 0.871031
vt 0.419323 0.792353
vt 0.412170 0.793821
vt 0.193045 0.828660
vt 0.182269 0.851278
vt 0.400108 0.605252
vt 0.213449 0.797507
vt 0.222670 0.798584
vt 0.438869 0.826602
vt 0.232378 0.761301
vt 0.229533 0.766937
vt 0.428336 0.824243
vt 0.426531 0.818588
vt 0.228080 0.772685
vt 0.235994 0.773494
vt 0.460993 0.867063
vt 0.251155 0.740731
vt 0.236866 0.756882
vt 0.469678 0.892358
vt 0.262993 0.723661
vt 0.476752 0.919983
vt 0.271991 0.698318
vt 0.480142 0.944362
vt 0.279364 0.670404
vt 0.282987 0.645050
vt 0.203120 0.987152
vt 0.390790 0.732366
vt 0.381449 0.731563
vt 0.379595 0.732775
vt 0.196180 0.864782
vt 0.185295 0.862738
vt 0.184496 0.860290
vt 0.184793 0.858353
vt 0.182121 0.857561
vt 0.441160 0.789087
vt 0.471580 0.786622
vt 0.178996 0.857065
vt 0.377440 0.734232
vt 0.242445 0.769652
vt 0.285494 0.770535
vt 0.261930 0.767593
vt 0.260108 0.773611
vt 0.284333 0.776760
vt 0.244340 0.764631
vt 0.430987 0.829659
vt 0.276267 0.804045
vt 0.245587 0.801537
vt 0.281823 0.782365
vt 0.256309 0.778984
vt 0.307698 0.804030
vt 0.302808 0.831951
vt 0.455469 0.730340
vt 0.418566 0.731155
vt 0.455510 0.726046
vt 0.418728 0.726907
vt 0.261548 0.868156
vt 0.224604 0.867172
vt 0.510973 0.845663
vt 0.516066 0.873007
vt 0.455696 0.722268
vt 0.418840 0.723191
vt 0.519555 0.729763
vt 0.518839 0.723532
vt 0.491806 0.723529
vt 0.491826 0.727596
vt 0.514152 0.719187
vt 0.492387 0.718347
vt 0.324556 0.783524
vt 0.307602 0.783261
vt 0.319521 0.871986
vt 0.324864 0.866912
vt 0.297569 0.867023
vt 0.297597 0.873037
vt 0.325846 0.860133
vt 0.297647 0.862314
vt 0.517785 0.807527
vt 0.502650 0.786783
vt 0.501464 0.808267
vt 0.324879 0.763865
vt 0.309362 0.765648
vt 0.513638 0.740551
vt 0.518575 0.736351
vt 0.491629 0.732134
vt 0.491821 0.738208
vt 0.498268 0.758901
vt 0.518567 0.827056
vt 0.503874 0.825715
vt 0.517651 0.901537
vt 0.501718 0.641942
vt 0.499663 0.644705
vt 0.322041 0.717123
vt 0.316457 0.744781
vt 0.517422 0.930433
vt 0.324245 0.854205
vt 0.296706 0.858482
vt 0.318445 0.850793
vt 0.296105 0.853337
vt 0.324039 0.688565
vt 0.513140 0.956960
vt 0.324508 0.659791
vt 0.322077 0.633885
vt 0.321213 0.615866
vt 0.307213 0.621116
vt 0.502292 0.633876
vt 0.499807 0.628811
vt 0.306234 0.927092
vt 0.304642 0.943309
vt 0.502387 0.662006
vt 0.499752 0.697049
vt 0.306029 0.620466
vt 0.303924 0.893369
vt 0.356050 0.568197
vt 0.342769 0.539926
vt 0.321771 0.532287
vt 0.355113 0.516669
vt 0.335595 0.513338
vt 0.369534 0.493138
vt 0.347381 0.497698
vt 0.284396 0.517761
vt 0.311507 0.514547
vt 0.323899 0.501937
vt 0.296143 0.507795
vt 0.331828 0.493715
vt 0.302335 0.501557
vt 0.447648 0.466325
vt 0.467624 0.457128
vt 0.472482 0.431054
vt 0.444599 0.447856
vt 0.249664 0.517801
vt 0.255656 0.513673
vt 0.254836 0.511129
vt 0.241885 0.521028
vt 0.262302 0.511557
vt 0.271766 0.509075
vt 0.300883 0.498334
vt 0.299052 0.493723
vt 0.251470 0.504274
vt 0.334211 0.489088
vt 0.333727 0.484577
vt 0.250299 0.525602
vt 0.271297 0.527968
vt 0.261059 0.519109
vt 0.269303 0.512503
vt 0.297120 0.529373
vt 0.487921 0.467972
vt 0.492714 0.467572
vt 0.482326 0.450297
vt 0.481811 0.470383
vt 0.482171 0.490563
vt 0.487260 0.490697
vt 0.492270 0.492813
vt 0.439473 0.524006
vt 0.425110 0.500645
vt 0.419981 0.503414
vt 0.438998 0.531475
vt 0.412438 0.475276
vt 0.403664 0.472008
vt 0.143778 0.223759
vt 0.146175 0.188870
vt 0.145488 0.257521
vt 0.488269 0.581030
vt 0.487685 0.573203
vt 0.464857 0.544636
vt 0.462127 0.551149
vt 0.467594 0.565607
vt 0.453819 0.543000
vt 0.152320 0.300184
vt 0.165060 0.333130
vt 0.493168 0.421983
vt 0.427892 0.473396
vt 0.420779 0.454869
vt 0.401793 0.446667
vt 0.458185 0.505340
vt 0.464747 0.521789
vt 0.474909 0.512864
vt 0.471765 0.496093
vt 0.472223 0.534469
vt 0.478674 0.521655
vt 0.480589 0.515593
vt 0.481582 0.509333
vt 0.452375 0.485865
vt 0.469100 0.476914
vt 0.436446 0.494477
vt 0.446067 0.514944
vt 0.455607 0.531344
vt 0.488914 0.556550
vt 0.168889 0.031851
vt 0.171088 0.032293
vt 0.173715 0.014484
vt 0.171837 0.014423
vt 0.172608 0.032543
vt 0.175133 0.014490
vt 0.174459 0.003826
vt 0.173293 0.004630
vt 0.172213 0.006341
vt 0.159085 0.056444
vt 0.163986 0.057548
vt 0.164502 0.030915
vt 0.166480 0.057989
vt 0.168345 0.057579
vt 0.171172 0.000197
vt 0.170880 0.001539
vt 0.166675 0.002136
vt 0.167403 0.003351
vt 0.167676 0.005355
vt 0.170220 0.004578
vt 0.168269 0.013564
vt 0.164666 0.012867
vt 0.162931 0.012142
vt 0.161638 0.011560
vt 0.484214 0.518642
vt 0.490242 0.525536
vt 0.028540 0.983057
vt 0.025998 0.982364
vt 0.026022 0.982386
vt 0.026680 0.980551
vt 0.025968 0.982356
vt 0.025987 0.982378
vt 0.034299 0.986831
vt 0.043559 0.981545
vt 0.023876 0.997347
vt 0.029486 0.991739
vt 0.087334 0.947252
vt 0.088694 0.956901
vt 0.344419 0.455557
vt 0.353022 0.459939
vt 0.351077 0.448423
vt 0.345254 0.445280
vt 0.326531 0.431837
vt 0.323095 0.434396
vt 0.323840 0.448107
vt 0.326531 0.446371
vt 0.311764 0.441234
vt 0.309471 0.442543
vt 0.314316 0.454451
vt 0.315971 0.453361
vt 0.354969 0.461521
vt 0.352381 0.449545
vt 0.339290 0.466533
vt 0.342105 0.467999
vt 0.342108 0.454489
vt 0.352458 0.473473
vt 0.354969 0.475380
vt 0.343568 0.444694
vt 0.340502 0.433471
vt 0.339896 0.433284
vt 0.325315 0.458282
vt 0.323330 0.459177
vt 0.317144 0.464021
vt 0.318193 0.463148
vt 0.315995 0.475017
vt 0.343201 0.435156
vt 0.342532 0.434586
vt 0.315643 0.475360
vt 0.063548 0.964285
vt 0.330256 0.465047
vt 0.330602 0.469898
vt 0.333056 0.469741
vt 0.332883 0.465092
vt 0.331302 0.472256
vt 0.333180 0.472365
vt 0.334981 0.472291
vt 0.335461 0.469976
vt 0.335565 0.464995
vt 0.338513 0.470981
vt 0.338896 0.464784
vt 0.336440 0.474230
vt 0.563894 0.689807
vt 0.565666 0.693241
vt 0.567328 0.691452
vt 0.567085 0.689051
vt 0.563863 0.683490
vt 0.567370 0.683626
vt 0.569583 0.689070
vt 0.570391 0.683929
vt 0.569131 0.691733
vt 0.571025 0.691856
vt 0.572056 0.689576
vt 0.573338 0.684497
vt 0.574880 0.691147
vt 0.576695 0.685293
vt 0.572133 0.693988
vt 0.327601 0.470995
vt 0.329923 0.474218
vt 0.326925 0.464900
vt 0.576695 0.677100
vt 0.573882 0.676633
vt 0.330399 0.457493
vt 0.327634 0.456841
vt 0.331284 0.448293
vt 0.329122 0.447829
vt 0.576212 0.668055
vt 0.574074 0.667836
vt 0.568694 0.694722
vt 0.333262 0.475380
vt 0.333434 0.448333
vt 0.334373 0.438889
vt 0.332663 0.438979
vt 0.335573 0.448087
vt 0.336078 0.438730
vt 0.336951 0.430314
vt 0.335624 0.430413
vt 0.334302 0.430572
vt 0.338318 0.456737
vt 0.335539 0.457343
vt 0.568742 0.675787
vt 0.565889 0.675541
vt 0.570037 0.667070
vt 0.567895 0.666826
vt 0.337761 0.447750
vt 0.332975 0.457619
vt 0.571331 0.676154
vt 0.572057 0.667446
vt 0.573545 0.651059
vt 0.574821 0.650906
vt 0.573783 0.644389
vt 0.572884 0.644689
vt 0.332982 0.430529
vt 0.335959 0.424089
vt 0.334964 0.424001
vt 0.337099 0.421129
vt 0.336696 0.420259
vt 0.572576 0.640256
vt 0.572355 0.641044
vt 0.575587 0.659078
vt 0.573957 0.659073
vt 0.330965 0.438775
vt 0.337780 0.438707
vt 0.570820 0.658400
vt 0.569219 0.658113
vt 0.571098 0.650484
vt 0.569871 0.650157
vt 0.338274 0.430467
vt 0.572377 0.658781
vt 0.572300 0.650854
vt 0.338125 0.421003
vt 0.338818 0.420303
vt 0.338259 0.418931
vt 0.337759 0.420548
vt 0.570530 0.639915
vt 0.570872 0.640735
vt 0.571505 0.640372
vt 0.571345 0.638913
vt 0.338896 0.423963
vt 0.337896 0.423864
vt 0.571033 0.644237
vt 0.570152 0.643839
vt 0.571925 0.644504
vt 0.336942 0.423888
vt 0.037814 0.949177
vt 0.038479 0.950276
vt 0.034424 0.949918
vt 0.033912 0.951966
vt 0.036613 0.951057
vt 0.041536 0.953867
vt 0.044690 0.946322
vt 0.042633 0.948588
vt 0.039161 0.929021
vt 0.035320 0.931850
vt 0.035528 0.928306
vt 0.056025 0.976284
vt 0.060819 0.972455
vt 0.053973 0.975560
vt 0.054114 0.977517
vt 0.043845 0.983366
vt 0.033668 0.989382
vt 0.129109 0.989631
vt 0.150612 0.994914
vt 0.162085 0.997352
vt 0.065228 0.972160
vt 0.065071 0.972789
vt 0.072348 0.977704
vt 0.030120 0.992471
vt 0.030806 0.993077
vt 0.034326 0.990328
vt 0.061003 0.972968
vt 0.076770 0.990572
vt 0.129154 0.990808
vt 0.150392 0.996221
vt 0.162085 0.998627
vt 0.068409 0.988342
vt 0.609652 0.766619
vt 0.603668 0.783686
vt 0.618423 0.783748
vt 0.620515 0.766665
vt 0.044134 0.984097
vt 0.054358 0.978037
vt 0.609398 0.830813
vt 0.614792 0.842155
vt 0.629244 0.842216
vt 0.628843 0.830895
vt 0.599574 0.812601
vt 0.604068 0.816656
vt 0.628902 0.816761
vt 0.628919 0.812725
vt 0.629198 0.735159
vt 0.619636 0.735649
vt 0.616536 0.739476
vt 0.629244 0.737356
vt 0.619360 0.844396
vt 0.628969 0.844611
vt 0.605319 0.818822
vt 0.628893 0.818921
vt 0.603613 0.792592
vt 0.605703 0.806065
vt 0.628947 0.806163
vt 0.629004 0.792699
vt 0.610220 0.748515
vt 0.622737 0.748568
vt 0.024770 0.998314
vt 0.025438 0.998918
vt 0.056309 0.976757
vt 0.177567 0.998337
vt 0.167399 0.997272
vt 0.167448 0.998787
vt 0.177445 0.999803
vt 0.363549 0.450867
vt 0.356416 0.451238
vt 0.364226 0.468856
vt 0.366134 0.450879
vt 0.363578 0.433991
vt 0.355364 0.433965
vt 0.366134 0.433537
vt 0.355627 0.432077
vt 0.358584 0.475380
vt 0.329187 0.613341
vt 0.239089 0.433951
vt 0.229124 0.441527
vt 0.227335 0.443184
vt 0.239009 0.434257
vt 0.186080 0.470130
vt 0.215617 0.473595
vt 0.309076 0.470492
vt 0.308151 0.464853
vt 0.263425 0.464489
vt 0.260425 0.475380
vt 0.007447 0.760301
vt 0.306973 0.429880
vt 0.266594 0.454561
vt 0.251673 0.475380
vt 0.260030 0.474789
vt 0.309076 0.403319
vt 0.272231 0.443414
vt 0.376568 0.411274
vt 0.383270 0.432143
vt 0.354038 0.577750
vt 0.375411 0.586155
vt 0.311387 0.615843
vt 0.318545 0.612890
vt 0.322361 0.614084
vt 0.183219 0.462574
vt 0.178363 0.464725
vt 0.000197 0.765601
vt 0.041784 0.912821
vt 0.039506 0.915581
vt 0.042306 0.915570
vt 0.009103 0.691930
vt 0.493168 0.590152
vt 0.052177 0.970053
vt 0.316321 0.475380
vt 0.366528 0.471860
vt 0.369651 0.468046
vt 0.368976 0.465405
vt 0.370204 0.470136
vt 0.369950 0.472609
vt 0.369277 0.475380
vt 0.370204 0.474602
vt 0.041354 0.946019
vt 0.177816 0.996596
vt 0.629041 0.783793
vt 0.629217 0.742695
vt 0.601123 0.809574
s 1
usemtl duketextura
f 12/1/1 511/2/2 512/3/3
f 551/4/4 1297/5/5 119/6/6
f 518/7/7 924/8/8 588/9/9
f 31/10/10 565/11/11 934/12/12
f 924/8/8 990/13/13 988/14/14
f 143/15/15 622/16/16 599/17/17
f 541/18/18 621/19/19 142/20/20
f 680/21/21 676/22/22 946/23/23
f 624/24/24 679/25/25 949/26/26
f 163/27/27 601/28/28 987/29/29
f 985/30/30 925/31/31 989/32/14
f 260/33/32 752/34/33 750/35/34
f 274/36/35 773/37/36 770/38/37
f 1029/39/38 1078/40/39 1079/41/40
f 1067/42/41 1074/43/42 1066/44/43
f 1079/41/40 1077/45/44 1029/39/38
f 1203/46/45 1205/47/46 833/48/47
f 1205/47/46 1204/49/48 833/48/47
f 1294/50/49 1288/51/50 1289/52/51
f 1295/53/52 1297/5/5 551/4/4
f 935/54/53 350/55/54 32/56/10
f 1225/57/55 1229/58/56 1231/59/57
f 1321/60/58 1317/61/59 1319/62/60
f 2431/1/61 2854/3/62 2853/2/63
f 2893/4/64 2509/6/65 3592/5/66
f 2860/7/67 2930/9/68 3245/8/69
f 2450/10/70 3255/12/71 2907/11/72
f 3245/8/69 3309/14/73 3311/13/74
f 2533/15/75 2941/17/76 2964/16/77
f 2883/18/78 2532/20/79 2963/19/80
f 3022/21/81 3267/23/82 3018/22/83
f 2966/24/84 3270/26/85 3021/25/86
f 2553/27/87 3308/29/88 2943/28/89
f 3306/30/90 3310/32/91 3246/31/92
f 260/33/32 750/35/34 3089/34/93
f 274/36/35 3103/38/94 773/37/36
f 3348/39/95 3397/41/96 3396/40/97
f 3385/42/98 3384/44/99 3392/43/100
f 3397/41/96 3348/39/95 3395/45/101
f 3521/46/102 3154/48/103 3523/47/104
f 3523/47/104 3154/48/103 3522/49/105
f 1294/50/49 1289/52/51 3587/51/106
f 3590/53/107 2893/4/64 3592/5/66
f 3256/54/108 2451/56/70 2724/55/109
f 3542/57/110 3546/59/111 3545/58/112
f 56/63/113 366/64/114 801/65/115
f 56/63/113 801/65/115 396/66/116
f 366/64/114 27/67/117 342/68/118
f 366/64/114 342/68/118 801/65/115
f 801/65/115 342/68/118 4/69/119
f 801/65/115 4/69/119 295/70/120
f 396/66/116 801/65/115 295/70/120
f 396/66/116 295/70/120 36/71/121
f 27/67/117 1030/72/122 1024/73/123
f 27/67/117 1024/73/123 342/68/118
f 343/74/124 26/75/125 294/76/126
f 343/74/124 294/76/126 802/77/127
f 802/77/127 294/76/126 3/78/128
f 802/77/127 3/78/128 293/79/129
f 342/68/118 1024/73/123 1032/80/130
f 342/68/118 1032/80/130 4/69/119
f 37/81/131 296/82/132 803/83/133
f 37/81/131 803/83/133 790/84/134
f 296/82/132 1/85/135 789/86/136
f 296/82/132 789/86/136 803/83/133
f 803/83/133 789/86/136 284/87/137
f 803/83/133 284/87/137 787/88/138
f 790/84/134 803/83/133 787/88/138
f 790/84/134 787/88/138 287/89/139
f 292/90/140 316/91/141 25/92/142
f 292/90/140 25/92/142 2/93/143
f 25/92/142 316/91/141 804/94/144
f 25/92/142 804/94/144 315/95/145
f 316/91/141 5/96/146 297/97/147
f 316/91/141 297/97/147 804/94/144
f 804/94/144 297/97/147 6/98/148
f 804/94/144 6/98/148 317/99/149
f 315/95/145 804/94/144 317/99/149
f 315/95/145 317/99/149 24/100/150
f 24/100/150 317/99/149 805/101/151
f 24/100/150 805/101/151 314/102/152
f 317/99/149 6/98/148 298/103/153
f 317/99/149 298/103/153 805/101/151
f 805/101/151 298/103/153 7/104/154
f 805/101/151 7/104/154 318/105/155
f 314/102/152 805/101/151 318/105/155
f 314/102/152 318/105/155 23/106/156
f 23/106/156 318/105/155 806/107/157
f 23/106/156 806/107/157 313/108/158
f 318/105/155 7/104/154 299/109/159
f 318/105/155 299/109/159 806/107/157
f 806/107/157 299/109/159 8/110/160
f 806/107/157 8/110/160 319/111/161
f 313/108/158 806/107/157 319/111/161
f 313/108/158 319/111/161 22/112/162
f 22/112/162 319/111/161 807/113/163
f 22/112/162 807/113/163 312/114/164
f 319/111/161 8/110/160 300/115/165
f 319/111/161 300/115/165 807/113/163
f 807/113/163 300/115/165 9/116/166
f 807/113/163 9/116/166 320/117/167
f 312/114/164 807/113/163 320/117/167
f 312/114/164 320/117/167 21/118/168
f 19/119/169 321/120/170 808/121/171
f 19/119/169 808/121/171 310/122/172
f 95/123/173 468/124/174 808/121/171
f 95/123/173 808/121/171 321/120/170
f 10/125/175 302/126/176 808/121/171
f 10/125/175 808/121/171 468/124/174
f 11/127/177 324/128/178 808/121/171
f 11/127/177 808/121/171 302/126/176
f 18/129/179 310/122/172 808/121/171
f 18/129/179 808/121/171 324/128/178
f 18/129/179 324/128/178 809/130/180
f 18/129/179 809/130/180 309/131/181
f 11/127/177 303/132/182 809/130/180
f 11/127/177 809/130/180 324/128/178
f 12/1/1 512/3/3 809/130/180
f 12/1/1 809/130/180 303/132/182
f 117/133/183 403/134/184 809/130/180
f 117/133/183 809/130/180 512/3/3
f 64/135/185 407/136/186 811/137/187
f 64/135/185 811/137/187 404/138/184
f 67/139/188 409/140/189 811/137/187
f 67/139/188 811/137/187 407/136/186
f 66/141/190 406/142/191 810/143/180
f 66/141/190 810/143/180 408/144/192
f 65/145/193 326/146/194 810/143/180
f 65/145/193 810/143/180 406/142/191
f 17/147/195 309/131/181 809/130/180
f 17/147/195 809/130/180 325/148/196
f 33/149/197 353/150/198 812/151/199
f 33/149/197 812/151/199 351/152/200
f 115/153/201 564/154/202 812/151/199
f 115/153/201 812/151/199 353/150/198
f 30/155/10 304/156/203 812/151/199
f 30/155/10 812/151/199 564/154/202
f 13/157/204 327/158/205 812/151/199
f 13/157/204 812/151/199 304/156/203
f 16/159/206 351/152/200 812/151/199
f 16/159/206 812/151/199 327/158/205
f 29/160/207 348/161/208 813/162/209
f 29/160/207 813/162/209 346/163/210
f 62/164/211 400/165/212 813/162/209
f 62/164/211 813/162/209 348/161/208
f 15/166/213 346/163/210 813/162/209
f 15/166/213 813/162/209 400/165/212
f 34/167/214 354/168/215 814/169/216
f 34/167/214 814/169/216 764/170/217
f 38/171/218 358/172/219 816/173/220
f 38/171/218 816/173/220 393/174/221
f 358/172/219 23/106/156 313/108/158
f 358/172/219 313/108/158 816/173/220
f 816/173/220 313/108/158 22/112/162
f 816/173/220 22/112/162 359/175/222
f 393/174/221 816/173/220 359/175/222
f 393/174/221 359/175/222 39/176/223
f 39/176/223 359/175/222 817/177/224
f 39/176/223 817/177/224 392/178/225
f 359/175/222 22/112/162 312/114/164
f 359/175/222 312/114/164 817/177/224
f 817/177/224 312/114/164 21/118/168
f 817/177/224 21/118/168 360/179/226
f 392/178/225 817/177/224 360/179/226
f 392/178/225 360/179/226 40/180/227
f 92/181/228 463/182/229 818/183/230
f 92/181/228 818/183/230 391/184/231
f 463/182/229 89/185/232 458/186/233
f 463/182/229 458/186/233 818/183/230
f 818/183/230 458/186/233 19/119/169
f 818/183/230 19/119/169 361/187/234
f 391/184/231 818/183/230 361/187/234
f 391/184/231 361/187/234 41/188/235
f 41/188/235 361/187/234 819/189/236
f 41/188/235 819/189/236 390/190/237
f 361/187/234 19/119/169 310/122/172
f 361/187/234 310/122/172 819/189/236
f 819/189/236 310/122/172 18/129/179
f 819/189/236 18/129/179 362/191/238
f 390/190/237 819/189/236 362/191/238
f 390/190/237 362/191/238 42/192/239
f 42/192/239 362/191/238 820/193/240
f 42/192/239 820/193/240 389/194/241
f 362/191/238 18/129/179 309/131/181
f 362/191/238 309/131/181 820/193/240
f 820/193/240 309/131/181 17/147/195
f 820/193/240 17/147/195 363/195/242
f 389/194/241 820/193/240 363/195/242
f 389/194/241 363/195/242 43/196/243
f 61/197/244 368/198/245 821/199/246
f 61/197/244 821/199/246 388/200/247
f 368/198/245 33/149/197 351/152/200
f 368/198/245 351/152/200 821/199/246
f 821/199/246 351/152/200 16/159/206
f 821/199/246 16/159/206 364/201/248
f 388/200/247 821/199/246 364/201/248
f 388/200/247 364/201/248 44/202/249
f 59/203/250 367/204/251 822/205/252
f 59/203/250 822/205/252 387/206/253
f 367/204/251 29/160/207 346/163/210
f 367/204/251 346/163/210 822/205/252
f 822/205/252 346/163/210 15/166/213
f 822/205/252 15/166/213 365/207/254
f 387/206/253 822/205/252 365/207/254
f 387/206/253 365/207/254 45/208/255
f 15/166/213 1027/209/256 1028/210/257
f 15/166/213 1028/210/257 306/211/258
f 328/212/259 14/213/260 341/214/261
f 328/212/259 341/214/261 823/215/262
f 306/211/258 1028/210/257 1030/72/122
f 306/211/258 1030/72/122 27/67/117
f 45/208/255 365/207/254 824/216/263
f 45/208/255 824/216/263 376/217/264
f 365/207/254 15/166/213 306/211/258
f 365/207/254 306/211/258 824/216/263
f 824/216/263 306/211/258 27/67/117
f 824/216/263 27/67/117 366/64/114
f 376/217/264 824/216/263 366/64/114
f 376/217/264 366/64/114 56/63/113
f 44/202/249 364/201/248 825/218/265
f 44/202/249 825/218/265 373/219/266
f 364/201/248 16/159/206 307/220/267
f 364/201/248 307/220/267 825/218/265
f 825/218/265 307/220/267 29/160/207
f 825/218/265 29/160/207 367/204/251
f 373/219/266 825/218/265 367/204/251
f 373/219/266 367/204/251 59/203/250
f 16/159/206 327/158/205 826/221/268
f 16/159/206 826/221/268 307/220/267
f 13/157/204 402/222/269 826/221/268
f 13/157/204 826/221/268 327/158/205
f 63/223/270 401/224/271 826/221/268
f 63/223/270 826/221/268 402/222/269
f 62/164/211 348/161/208 826/221/268
f 62/164/211 826/221/268 401/224/271
f 29/160/207 307/220/267 826/221/268
f 29/160/207 826/221/268 348/161/208
f 43/196/243 363/195/242 827/225/272
f 43/196/243 827/225/272 369/226/273
f 363/195/242 17/147/195 308/227/274
f 363/195/242 308/227/274 827/225/272
f 827/225/272 308/227/274 33/149/197
f 827/225/272 33/149/197 368/198/245
f 369/226/273 827/225/272 368/198/245
f 369/226/273 368/198/245 61/197/244
f 17/147/195 325/148/196 828/228/275
f 17/147/195 828/228/275 308/227/274
f 65/145/193 410/229/276 829/230/275
f 65/145/193 829/230/275 326/146/194
f 68/231/277 411/232/278 829/230/275
f 68/231/277 829/230/275 410/229/276
f 69/233/279 413/234/280 830/235/281
f 69/233/279 830/235/281 412/236/282
f 64/135/185 404/138/184 830/235/281
f 64/135/185 830/235/281 413/234/280
f 117/133/183 515/237/283 828/228/275
f 117/133/183 828/228/275 403/134/184
f 119/6/6 513/238/284 828/228/275
f 119/6/6 828/228/275 551/4/4
f 115/153/201 353/150/198 828/228/275
f 115/153/201 828/228/275 513/238/284
f 33/149/197 308/227/274 828/228/275
f 33/149/197 828/228/275 353/150/198
f 12/1/1 338/239/285 831/240/286
f 12/1/1 831/240/286 511/2/2
f 30/155/10 349/241/287 831/240/286
f 30/155/10 831/240/286 352/242/288
f 113/243/289 511/2/2 831/240/286
f 113/243/289 831/240/286 349/241/287
f 13/157/204 339/244/290 832/245/291
f 13/157/204 832/245/291 345/246/292
f 339/244/290 54/247/293 374/248/294
f 339/244/290 374/248/294 832/245/291
f 832/245/291 374/248/294 58/249/295
f 832/245/291 58/249/295 347/250/296
f 345/246/292 832/245/291 347/250/296
f 345/246/292 347/250/296 28/251/297
f 340/252/298 55/253/299 375/254/300
f 340/252/298 375/254/300 833/48/47
f 833/48/47 375/254/300 57/255/301
f 833/48/47 57/255/301 344/256/302
f 1202/257/303 1216/258/304 1218/259/305
f 1202/257/303 1218/259/305 1204/49/48
f 28/251/297 347/250/296 834/260/306
f 28/251/297 834/260/306 305/261/307
f 347/250/296 58/249/295 377/262/308
f 347/250/296 377/262/308 834/260/306
f 834/260/306 377/262/308 55/253/299
f 834/260/306 55/253/299 340/252/298
f 305/261/307 834/260/306 340/252/298
f 305/261/307 340/252/298 14/213/260
f 30/155/10 352/242/288 835/263/309
f 30/155/10 835/263/309 304/156/203
f 352/242/288 60/264/310 378/265/311
f 352/242/288 378/265/311 835/263/309
f 835/263/309 378/265/311 54/247/293
f 835/263/309 54/247/293 339/244/290
f 304/156/203 835/263/309 339/244/290
f 304/156/203 339/244/290 13/157/204
f 11/127/177 337/266/312 836/267/313
f 11/127/177 836/267/313 303/132/182
f 836/267/313 1301/268/314 1299/269/315
f 836/267/313 1299/269/315 338/239/285
f 303/132/182 836/267/313 338/239/285
f 303/132/182 338/239/285 12/1/1
f 10/125/175 336/270/316 837/271/317
f 10/125/175 837/271/317 302/126/176
f 336/270/316 51/272/318 380/273/319
f 336/270/316 380/273/319 837/271/317
f 837/271/317 380/273/319 52/274/320
f 837/271/317 52/274/320 337/266/312
f 302/126/176 837/271/317 337/266/312
f 302/126/176 337/266/312 11/127/177
f 88/275/321 462/276/322 838/277/323
f 88/275/321 838/277/323 301/278/324
f 462/276/322 91/279/325 381/280/326
f 462/276/322 381/280/326 838/277/323
f 838/277/323 381/280/326 51/272/318
f 838/277/323 51/272/318 336/270/316
f 301/278/324 838/277/323 336/270/316
f 301/278/324 336/270/316 10/125/175
f 8/110/160 334/281/327 839/282/328
f 8/110/160 839/282/328 300/115/165
f 334/281/327 49/283/329 382/284/330
f 334/281/327 382/284/330 839/282/328
f 839/282/328 382/284/330 50/285/331
f 839/282/328 50/285/331 335/286/332
f 300/115/165 839/282/328 335/286/332
f 300/115/165 335/286/332 9/116/166
f 7/104/154 333/287/333 840/288/334
f 7/104/154 840/288/334 299/109/159
f 333/287/333 48/289/335 383/290/336
f 333/287/333 383/290/336 840/288/334
f 840/288/334 383/290/336 49/283/329
f 840/288/334 49/283/329 334/281/327
f 299/109/159 840/288/334 334/281/327
f 299/109/159 334/281/327 8/110/160
f 6/98/148 331/291/337 841/292/338
f 6/98/148 841/292/338 298/103/153
f 255/293/339 747/294/340 842/295/338
f 255/293/339 842/295/338 332/296/341
f 259/297/342 746/298/343 842/295/338
f 259/297/342 842/295/338 747/294/340
f 258/299/344 385/300/345 842/295/338
f 258/299/344 842/295/338 746/298/343
f 48/289/335 333/287/333 841/292/338
f 48/289/335 841/292/338 384/301/345
f 7/104/154 298/103/153 841/292/338
f 7/104/154 841/292/338 333/287/333
f 5/96/146 329/302/346 843/303/347
f 5/96/146 843/303/347 297/97/147
f 330/304/348 257/305/349 748/306/350
f 330/304/348 748/306/350 844/307/351
f 844/307/351 748/306/350 255/293/339
f 844/307/351 255/293/339 332/296/341
f 297/97/147 843/303/347 331/291/337
f 297/97/147 331/291/337 6/98/148
f 262/308/352 750/35/34 752/34/33
f 262/308/352 752/34/33 264/309/353
f 37/81/131 742/310/354 845/311/355
f 37/81/131 845/311/355 296/82/132
f 4/69/119 1032/80/130 1022/312/356
f 4/69/119 1022/312/356 295/70/120
f 355/313/357 847/314/358 1017/315/359
f 355/313/357 1017/315/359 1016/316/360
f 847/314/358 355/313/357 35/317/361
f 847/314/358 35/317/361 397/318/362
f 295/70/120 1022/312/356 1034/319/363
f 295/70/120 1034/319/363 36/71/121
f 26/75/125 344/256/302 848/320/364
f 26/75/125 848/320/364 294/76/126
f 344/256/302 57/255/301 398/321/365
f 344/256/302 398/321/365 848/320/364
f 848/320/364 398/321/365 35/317/361
f 848/320/364 35/317/361 355/313/357
f 294/76/126 848/320/364 355/313/357
f 294/76/126 355/313/357 3/78/128
f 15/166/213 400/165/212 1025/322/366
f 15/166/213 1025/322/366 1027/209/256
f 849/323/367 399/324/368 28/251/297
f 849/323/367 28/251/297 305/261/307
f 328/212/259 849/323/367 305/261/307
f 328/212/259 305/261/307 14/213/260
f 62/164/211 401/224/271 850/325/369
f 62/164/211 850/325/369 399/324/368
f 401/224/271 63/223/270 402/222/269
f 401/224/271 402/222/269 850/325/369
f 850/325/369 402/222/269 13/157/204
f 850/325/369 13/157/204 345/246/292
f 399/324/368 850/325/369 345/246/292
f 399/324/368 345/246/292 28/251/297
f 71/326/370 416/327/371 851/328/372
f 71/326/370 851/328/372 414/329/373
f 416/327/371 72/330/374 418/331/375
f 416/327/371 418/331/375 851/328/372
f 852/332/376 419/333/377 73/334/378
f 852/332/376 73/334/378 417/335/379
f 415/336/380 852/332/376 417/335/379
f 415/336/380 417/335/379 70/337/381
f 79/338/382 440/339/383 853/340/384
f 79/338/382 853/340/384 430/341/385
f 440/339/383 77/342/386 425/343/387
f 440/339/383 425/343/387 853/340/384
f 853/340/384 425/343/387 71/326/370
f 853/340/384 71/326/370 420/344/388
f 430/341/385 853/340/384 420/344/388
f 430/341/385 420/344/388 74/345/389
f 78/346/390 439/347/391 854/348/392
f 78/346/390 854/348/392 429/349/393
f 439/347/391 76/350/394 405/351/395
f 439/347/391 405/351/395 854/348/392
f 854/348/392 405/351/395 75/352/396
f 854/348/392 75/352/396 423/353/397
f 429/349/393 854/348/392 423/353/397
f 429/349/393 423/353/397 70/337/381
f 70/337/381 423/353/397 856/354/398
f 70/337/381 856/354/398 415/336/380
f 423/353/397 75/352/396 422/355/399
f 423/353/397 422/355/399 856/354/398
f 855/356/398 421/357/399 74/345/389
f 855/356/398 74/345/389 420/344/388
f 414/329/373 855/356/398 420/344/388
f 414/329/373 420/344/388 71/326/370
f 80/358/400 438/359/401 857/360/402
f 80/358/400 857/360/402 431/361/403
f 438/359/401 78/346/390 429/349/393
f 438/359/401 429/349/393 857/360/402
f 857/360/402 429/349/393 70/337/381
f 857/360/402 70/337/381 417/335/379
f 431/361/403 857/360/402 417/335/379
f 431/361/403 417/335/379 73/334/378
f 76/350/394 437/362/404 859/363/405
f 76/350/394 859/363/405 405/351/395
f 436/364/404 79/338/382 430/341/385
f 436/364/404 430/341/385 858/365/406
f 858/365/406 430/341/385 74/345/389
f 858/365/406 74/345/389 421/357/399
f 405/351/395 859/363/405 422/355/399
f 405/351/395 422/355/399 75/352/396
f 81/366/407 434/367/408 860/368/409
f 81/366/407 860/368/409 432/369/410
f 435/370/408 80/358/400 431/361/403
f 435/370/408 431/361/403 861/371/411
f 861/371/411 431/361/403 73/334/378
f 861/371/411 73/334/378 419/333/377
f 432/369/410 860/368/409 418/331/375
f 432/369/410 418/331/375 72/330/374
f 77/342/386 433/372/412 862/373/413
f 77/342/386 862/373/413 425/343/387
f 433/372/412 81/366/407 432/369/410
f 433/372/412 432/369/410 862/373/413
f 862/373/413 432/369/410 72/330/374
f 862/373/413 72/330/374 416/327/371
f 425/343/387 862/373/413 416/327/371
f 425/343/387 416/327/371 71/326/370
f 77/342/386 442/374/414 863/375/415
f 77/342/386 863/375/415 433/372/412
f 442/374/414 87/376/416 456/377/417
f 442/374/414 456/377/417 863/375/415
f 863/375/415 456/377/417 85/378/418
f 863/375/415 85/378/418 446/379/419
f 433/372/412 863/375/415 446/379/419
f 433/372/412 446/379/419 81/366/407
f 80/358/400 435/370/408 865/380/420
f 80/358/400 865/380/420 445/381/421
f 434/367/408 81/366/407 446/379/419
f 434/367/408 446/379/419 864/382/420
f 864/382/420 446/379/419 85/378/418
f 864/382/420 85/378/418 454/383/422
f 445/381/421 865/380/420 455/384/423
f 445/381/421 455/384/423 84/385/424
f 79/338/382 436/364/404 866/386/425
f 79/338/382 866/386/425 444/387/426
f 437/362/404 76/350/394 441/388/427
f 437/362/404 441/388/427 867/389/428
f 867/389/428 441/388/427 86/390/429
f 867/389/428 86/390/429 453/391/430
f 444/387/426 866/386/425 452/392/431
f 444/387/426 452/392/431 83/393/432
f 78/346/390 438/359/401 868/394/433
f 78/346/390 868/394/433 443/395/434
f 438/359/401 80/358/400 445/381/421
f 438/359/401 445/381/421 868/394/433
f 868/394/433 445/381/421 84/385/424
f 868/394/433 84/385/424 451/396/435
f 443/395/434 868/394/433 451/396/435
f 443/395/434 451/396/435 82/397/436
f 76/350/394 439/347/391 869/398/437
f 76/350/394 869/398/437 441/388/427
f 439/347/391 78/346/390 443/395/434
f 439/347/391 443/395/434 869/398/437
f 869/398/437 443/395/434 82/397/436
f 869/398/437 82/397/436 450/399/438
f 441/388/427 869/398/437 450/399/438
f 441/388/427 450/399/438 86/390/429
f 68/231/277 410/229/276 870/400/439
f 68/231/277 870/400/439 426/401/440
f 410/229/276 65/145/193 448/402/441
f 410/229/276 448/402/441 870/400/439
f 870/400/439 448/402/441 87/376/416
f 870/400/439 87/376/416 449/403/442
f 426/401/440 870/400/439 449/403/442
f 426/401/440 449/403/442 83/393/432
f 64/135/185 413/234/280 871/404/443
f 64/135/185 871/404/443 424/405/444
f 413/234/280 69/233/279 447/406/445
f 413/234/280 447/406/445 871/404/443
f 871/404/443 447/406/445 86/390/429
f 871/404/443 86/390/429 450/399/438
f 424/405/444 871/404/443 450/399/438
f 424/405/444 450/399/438 82/397/436
f 67/139/188 407/136/186 872/407/446
f 67/139/188 872/407/446 427/408/447
f 407/136/186 64/135/185 424/405/444
f 407/136/186 424/405/444 872/407/446
f 872/407/446 424/405/444 82/397/436
f 872/407/446 82/397/436 451/396/435
f 427/408/447 872/407/446 451/396/435
f 427/408/447 451/396/435 84/385/424
f 69/233/279 412/236/282 874/409/448
f 69/233/279 874/409/448 447/406/445
f 411/232/278 68/231/277 426/401/440
f 411/232/278 426/401/440 873/410/449
f 873/410/449 426/401/440 83/393/432
f 873/410/449 83/393/432 452/392/431
f 447/406/445 874/409/448 453/391/430
f 447/406/445 453/391/430 86/390/429
f 66/141/190 408/144/192 875/411/450
f 66/141/190 875/411/450 428/412/451
f 409/140/189 67/139/188 427/408/447
f 409/140/189 427/408/447 876/413/450
f 876/413/450 427/408/447 84/385/424
f 876/413/450 84/385/424 455/384/423
f 428/412/451 875/411/450 454/383/422
f 428/412/451 454/383/422 85/378/418
f 65/145/193 406/142/191 877/414/452
f 65/145/193 877/414/452 448/402/441
f 406/142/191 66/141/190 428/412/451
f 406/142/191 428/412/451 877/414/452
f 877/414/452 428/412/451 85/378/418
f 877/414/452 85/378/418 456/377/417
f 448/402/441 877/414/452 456/377/417
f 448/402/441 456/377/417 87/376/416
f 9/116/166 335/286/332 878/415/453
f 9/116/166 878/415/453 457/416/454
f 335/286/332 50/285/331 460/417/455
f 335/286/332 460/417/455 878/415/453
f 878/415/453 460/417/455 91/279/325
f 878/415/453 91/279/325 462/276/322
f 457/416/454 878/415/453 462/276/322
f 457/416/454 462/276/322 88/275/321
f 40/180/227 360/179/226 879/418/456
f 40/180/227 879/418/456 461/419/457
f 360/179/226 21/118/168 311/420/458
f 360/179/226 311/420/458 879/418/456
f 879/418/456 311/420/458 89/185/232
f 879/418/456 89/185/232 463/182/229
f 461/419/457 879/418/456 463/182/229
f 461/419/457 463/182/229 92/181/228
f 21/118/168 320/117/167 880/421/459
f 21/118/168 880/421/459 311/420/458
f 9/116/166 457/416/454 880/421/459
f 9/116/166 880/421/459 320/117/167
f 88/275/321 467/422/460 880/421/459
f 88/275/321 880/421/459 457/416/454
f 93/423/461 464/424/462 880/421/459
f 93/423/461 880/421/459 467/422/460
f 89/185/232 311/420/458 880/421/459
f 89/185/232 880/421/459 464/424/462
f 95/123/173 469/425/463 881/426/464
f 95/123/173 881/426/464 468/124/174
f 469/425/463 93/423/461 467/422/460
f 469/425/463 467/422/460 881/426/464
f 881/426/464 467/422/460 88/275/321
f 881/426/464 88/275/321 301/278/324
f 468/124/174 881/426/464 301/278/324
f 468/124/174 301/278/324 10/125/175
f 94/427/461 470/428/465 882/429/466
f 94/427/461 882/429/466 483/430/467
f 470/428/465 96/431/468 472/432/469
f 470/428/465 472/432/469 882/429/466
f 882/429/466 472/432/469 108/433/470
f 882/429/466 108/433/470 487/434/471
f 483/430/467 882/429/466 487/434/471
f 483/430/467 487/434/471 109/435/472
f 109/435/472 487/434/471 883/436/473
f 109/435/472 883/436/473 484/437/474
f 487/434/471 108/433/470 482/438/475
f 487/434/471 482/438/475 883/436/473
f 883/436/473 482/438/475 107/439/476
f 883/436/473 107/439/476 488/440/477
f 484/437/474 883/436/473 488/440/477
f 484/437/474 488/440/477 110/441/478
f 110/441/478 488/440/477 884/442/479
f 110/441/478 884/442/479 485/443/480
f 488/440/477 107/439/476 481/444/481
f 488/440/477 481/444/481 884/442/479
f 884/442/479 481/444/481 106/445/482
f 884/442/479 106/445/482 489/446/483
f 485/443/480 884/442/479 489/446/483
f 485/443/480 489/446/483 111/447/484
f 111/447/484 489/446/483 885/448/485
f 111/447/484 885/448/485 486/449/486
f 489/446/483 106/445/482 480/450/487
f 489/446/483 480/450/487 885/448/485
f 885/448/485 480/450/487 105/451/488
f 885/448/485 105/451/488 490/452/489
f 486/449/486 885/448/485 490/452/489
f 486/449/486 490/452/489 112/453/490
f 90/454/232 465/455/491 886/456/492
f 90/454/232 886/456/492 473/457/493
f 466/458/462 94/427/461 483/430/467
f 466/458/462 483/430/467 887/459/492
f 887/459/492 483/430/467 109/435/472
f 887/459/492 109/435/472 492/460/494
f 473/457/493 886/456/492 491/461/494
f 473/457/493 491/461/494 97/462/495
f 97/462/495 491/461/494 888/463/496
f 97/462/495 888/463/496 474/464/497
f 492/460/494 109/435/472 484/437/474
f 492/460/494 484/437/474 889/465/498
f 889/465/498 484/437/474 110/441/478
f 889/465/498 110/441/478 494/466/499
f 474/464/497 888/463/496 493/467/500
f 474/464/497 493/467/500 98/468/501
f 98/468/501 493/467/500 890/469/502
f 98/468/501 890/469/502 475/470/503
f 494/466/499 110/441/478 485/443/480
f 494/466/499 485/443/480 891/471/504
f 891/471/504 485/443/480 111/447/484
f 891/471/504 111/447/484 496/472/505
f 475/470/503 890/469/502 495/473/506
f 475/470/503 495/473/506 99/474/507
f 99/474/507 495/473/506 892/475/508
f 99/474/507 892/475/508 476/476/509
f 496/472/505 111/447/484 486/449/486
f 496/472/505 486/449/486 893/477/510
f 893/477/510 486/449/486 112/453/490
f 893/477/510 112/453/490 498/478/511
f 476/476/509 892/475/508 497/479/511
f 476/476/509 497/479/511 100/480/512
f 96/431/468 322/481/513 894/482/514
f 96/431/468 894/482/514 472/432/469
f 323/483/513 20/484/169 471/485/515
f 323/483/513 471/485/515 895/486/514
f 895/486/514 471/485/515 104/487/516
f 895/486/514 104/487/516 500/488/517
f 472/432/469 894/482/514 499/489/517
f 472/432/469 499/489/517 108/433/470
f 108/433/470 499/489/517 896/490/518
f 108/433/470 896/490/518 482/438/475
f 500/488/517 104/487/516 479/491/519
f 500/488/517 479/491/519 897/492/520
f 897/492/520 479/491/519 103/493/521
f 897/492/520 103/493/521 502/494/522
f 482/438/475 896/490/518 501/495/523
f 482/438/475 501/495/523 107/439/476
f 107/439/476 501/495/523 898/496/524
f 107/439/476 898/496/524 481/444/481
f 502/494/522 103/493/521 478/497/525
f 502/494/522 478/497/525 899/498/526
f 899/498/526 478/497/525 102/499/527
f 899/498/526 102/499/527 504/500/528
f 481/444/481 898/496/524 503/501/529
f 481/444/481 503/501/529 106/445/482
f 106/445/482 503/501/529 900/502/530
f 106/445/482 900/502/530 480/450/487
f 504/500/528 102/499/527 477/503/531
f 504/500/528 477/503/531 901/504/532
f 901/504/532 477/503/531 101/505/533
f 901/504/532 101/505/533 506/506/534
f 480/450/487 900/502/530 505/507/535
f 480/450/487 505/507/535 105/451/488
f 101/505/533 510/508/536 903/509/537
f 101/505/533 903/509/537 506/506/534
f 510/508/536 100/480/512 497/479/511
f 510/508/536 497/479/511 903/509/537
f 902/510/537 498/478/511 112/453/490
f 902/510/537 112/453/490 490/452/489
f 505/507/535 902/510/537 490/452/489
f 505/507/535 490/452/489 105/451/488
f 20/484/169 459/511/233 904/512/538
f 20/484/169 904/512/538 471/485/515
f 459/511/233 90/454/232 473/457/493
f 459/511/233 473/457/493 904/512/538
f 904/512/538 473/457/493 97/462/495
f 904/512/538 97/462/495 507/513/539
f 471/485/515 904/512/538 507/513/539
f 471/485/515 507/513/539 104/487/516
f 104/487/516 507/513/539 905/514/540
f 104/487/516 905/514/540 479/491/519
f 507/513/539 97/462/495 474/464/497
f 507/513/539 474/464/497 905/514/540
f 905/514/540 474/464/497 98/468/501
f 905/514/540 98/468/501 508/515/541
f 479/491/519 905/514/540 508/515/541
f 479/491/519 508/515/541 103/493/521
f 103/493/521 508/515/541 906/516/542
f 103/493/521 906/516/542 478/497/525
f 508/515/541 98/468/501 475/470/503
f 508/515/541 475/470/503 906/516/542
f 906/516/542 475/470/503 99/474/507
f 906/516/542 99/474/507 509/517/543
f 478/497/525 906/516/542 509/517/543
f 478/497/525 509/517/543 102/499/527
f 102/499/527 509/517/543 907/518/544
f 102/499/527 907/518/544 477/503/531
f 509/517/543 99/474/507 476/476/509
f 509/517/543 476/476/509 907/518/544
f 907/518/544 476/476/509 100/480/512
f 907/518/544 100/480/512 510/508/536
f 477/503/531 907/518/544 510/508/536
f 477/503/531 510/508/536 101/505/533
f 77/342/386 440/339/383 908/519/545
f 77/342/386 908/519/545 442/374/414
f 440/339/383 79/338/382 444/387/426
f 440/339/383 444/387/426 908/519/545
f 908/519/545 444/387/426 83/393/432
f 908/519/545 83/393/432 449/403/442
f 442/374/414 908/519/545 449/403/442
f 442/374/414 449/403/442 87/376/416
f 981/520/546 991/521/547 740/522/548
f 981/520/546 740/522/548 730/523/549
f 117/133/183 512/3/3 511/2/2
f 117/133/183 511/2/2 113/243/289
f 122/524/550 123/525/551 118/526/552
f 122/524/550 118/526/552 114/527/289
f 518/7/7 718/528/553 990/13/13
f 518/7/7 990/13/13 924/8/8
f 550/529/554 909/530/555 910/531/556
f 550/529/554 910/531/556 584/532/557
f 519/533/558 911/534/556 589/535/9
f 519/533/558 589/535/9 121/536/559
f 146/537/560 596/538/561 595/539/562
f 146/537/560 595/539/562 147/540/563
f 740/522/548 226/541/564 694/542/565
f 740/522/548 694/542/565 912/543/566
f 912/543/566 694/542/565 212/544/567
f 912/543/566 212/544/567 679/25/25
f 730/523/549 740/522/548 912/543/566
f 730/523/549 912/543/566 966/545/568
f 120/546/569 124/547/570 521/548/571
f 120/546/569 521/548/571 514/549/284
f 517/550/283 590/551/572 164/552/573
f 517/550/283 164/552/573 163/27/27
f 125/553/574 151/554/575 123/525/551
f 125/553/574 123/525/551 122/524/550
f 542/555/576 568/556/577 566/557/578
f 542/555/576 566/557/578 521/548/571
f 151/554/575 591/558/579 590/551/572
f 151/554/575 590/551/572 123/525/551
f 150/559/580 592/560/581 591/558/579
f 150/559/580 591/558/579 151/554/575
f 590/551/572 591/558/579 165/561/582
f 590/551/572 165/561/582 164/552/573
f 149/562/583 593/563/584 592/560/581
f 149/562/583 592/560/581 150/559/580
f 591/558/579 592/560/581 166/564/585
f 591/558/579 166/564/585 165/561/582
f 148/565/586 594/566/587 593/563/584
f 148/565/586 593/563/584 149/562/583
f 592/560/581 593/563/584 167/567/588
f 592/560/581 167/567/588 166/564/585
f 593/563/584 594/566/587 168/568/589
f 593/563/584 168/568/589 167/567/588
f 124/547/570 134/569/590 542/555/576
f 124/547/570 542/555/576 521/548/571
f 148/565/586 533/570/591 913/571/592
f 148/565/586 913/571/592 594/566/587
f 913/571/592 945/572/593 618/573/594
f 913/571/592 618/573/594 615/574/595
f 978/575/596 982/576/597 731/577/598
f 978/575/596 731/577/598 727/578/599
f 936/579/600 914/580/601 625/581/602
f 936/579/600 625/581/602 650/582/603
f 739/583/604 250/584/605 684/585/606
f 739/583/604 684/585/606 914/580/601
f 914/580/601 684/585/606 186/586/607
f 914/580/601 186/586/607 625/581/602
f 734/587/608 738/588/609 937/589/610
f 734/587/608 937/589/610 940/590/611
f 595/539/562 596/538/561 170/591/612
f 595/539/562 170/591/612 169/592/613
f 249/593/614 683/594/615 611/595/616
f 249/593/614 611/595/616 241/596/617
f 146/537/560 531/597/618 915/598/619
f 146/537/560 915/598/619 596/538/561
f 611/595/616 683/594/615 200/599/620
f 611/595/616 200/599/620 208/600/621
f 143/15/15 599/17/17 598/601/622
f 143/15/15 598/601/622 144/602/623
f 138/603/624 139/604/625 547/605/626
f 138/603/624 547/605/626 546/606/627
f 598/601/622 599/17/17 172/607/628
f 598/601/622 172/607/628 171/608/629
f 134/569/590 135/609/630 543/610/631
f 134/569/590 543/610/631 542/555/576
f 550/529/554 584/532/557 582/611/632
f 550/529/554 582/611/632 549/612/633
f 135/609/630 136/613/634 544/614/635
f 135/609/630 544/614/635 543/610/631
f 910/531/556 909/530/555 518/7/7
f 910/531/556 518/7/7 588/9/9
f 136/613/634 137/615/636 545/616/637
f 136/613/634 545/616/637 544/614/635
f 543/610/631 570/617/638 568/556/577
f 543/610/631 568/556/577 542/555/576
f 126/618/639 150/559/580 151/554/575
f 126/618/639 151/554/575 125/553/574
f 544/614/635 572/619/640 570/617/638
f 544/614/635 570/617/638 543/610/631
f 545/616/637 574/620/641 572/619/640
f 545/616/637 572/619/640 544/614/635
f 545/616/637 137/615/636 526/621/642
f 545/616/637 526/621/642 916/622/643
f 574/620/641 545/616/637 916/622/643
f 574/620/641 916/622/643 926/623/644
f 532/624/645 523/625/646 129/626/647
f 532/624/645 129/626/647 147/540/563
f 917/627/648 527/628/649 138/603/624
f 917/627/648 138/603/624 546/606/627
f 917/627/648 928/629/650 926/623/644
f 917/627/648 926/623/644 916/622/643
f 141/630/651 142/20/20 550/529/554
f 141/630/651 550/529/554 549/612/633
f 928/629/650 917/627/648 546/606/627
f 928/629/650 546/606/627 576/631/652
f 547/605/626 578/632/653 576/631/652
f 547/605/626 576/631/652 546/606/627
f 547/605/626 139/604/625 528/633/654
f 547/605/626 528/633/654 918/634/655
f 918/634/655 528/633/654 140/635/656
f 918/634/655 140/635/656 548/636/657
f 578/632/653 547/605/626 918/634/655
f 578/632/653 918/634/655 930/637/658
f 930/637/658 918/634/655 548/636/657
f 930/637/658 548/636/657 580/638/659
f 548/636/657 140/635/656 529/639/660
f 548/636/657 529/639/660 919/640/661
f 919/640/661 529/639/660 141/630/651
f 919/640/661 141/630/651 549/612/633
f 580/638/659 548/636/657 919/640/661
f 580/638/659 919/640/661 932/641/662
f 130/642/663 524/643/664 531/597/618
f 130/642/663 531/597/618 146/537/560
f 932/641/662 919/640/661 549/612/633
f 932/641/662 549/612/633 582/611/632
f 127/644/665 149/562/583 150/559/580
f 127/644/665 150/559/580 126/618/639
f 128/645/666 148/565/586 149/562/583
f 128/645/666 149/562/583 127/644/665
f 128/645/666 522/646/667 533/570/591
f 128/645/666 533/570/591 148/565/586
f 523/625/646 532/624/645 533/570/591
f 523/625/646 533/570/591 522/646/667
f 130/642/663 146/537/560 147/540/563
f 130/642/663 147/540/563 129/626/647
f 531/597/618 524/643/664 131/647/668
f 531/597/618 131/647/668 145/648/669
f 131/647/668 525/649/670 530/650/671
f 131/647/668 530/650/671 145/648/669
f 530/650/671 525/649/670 132/651/672
f 530/650/671 132/651/672 144/602/623
f 133/652/673 143/15/15 144/602/623
f 133/652/673 144/602/623 132/651/672
f 160/653/674 161/654/675 541/18/18
f 160/653/674 541/18/18 540/655/676
f 540/655/676 541/18/18 142/20/20
f 540/655/676 142/20/20 141/630/651
f 141/630/651 529/639/660 920/656/677
f 141/630/651 920/656/677 540/655/676
f 139/604/625 539/657/678 921/658/679
f 139/604/625 921/658/679 528/633/654
f 158/659/680 159/660/681 539/657/678
f 158/659/680 539/657/678 538/661/682
f 248/662/683 682/663/684 552/664/685
f 248/662/683 552/664/685 221/665/686
f 538/661/682 539/657/678 139/604/625
f 538/661/682 139/604/625 138/603/624
f 526/621/642 527/628/649 917/627/648
f 526/621/642 917/627/648 916/622/643
f 526/621/642 923/666/687 922/667/688
f 526/621/642 922/667/688 527/628/649
f 138/603/624 527/628/649 922/667/688
f 138/603/624 922/667/688 538/661/682
f 137/615/636 537/668/689 923/666/687
f 137/615/636 923/666/687 526/621/642
f 156/669/690 157/670/691 537/668/689
f 156/669/690 537/668/689 536/671/692
f 155/672/693 156/669/690 536/671/692
f 155/672/693 536/671/692 535/673/694
f 536/671/692 537/668/689 137/615/636
f 536/671/692 137/615/636 136/613/634
f 154/674/695 155/672/693 535/673/694
f 154/674/695 535/673/694 534/675/696
f 535/673/694 536/671/692 136/613/634
f 535/673/694 136/613/634 135/609/630
f 153/676/697 154/674/695 534/675/696
f 153/676/697 534/675/696 520/677/698
f 534/675/696 535/673/694 135/609/630
f 534/675/696 135/609/630 134/569/590
f 520/677/698 534/675/696 134/569/590
f 520/677/698 134/569/590 124/547/570
f 552/664/685 682/663/684 207/678/699
f 552/664/685 207/678/699 204/679/700
f 737/680/701 739/583/604 914/580/601
f 737/680/701 914/580/601 936/579/600
f 587/681/702 567/682/578 122/524/550
f 587/681/702 122/524/550 114/527/289
f 567/682/578 569/683/703 125/553/574
f 567/682/578 125/553/574 122/524/550
f 569/683/703 571/684/704 126/618/639
f 569/683/703 126/618/639 125/553/574
f 571/684/704 573/685/705 127/644/665
f 571/684/704 127/644/665 126/618/639
f 242/686/706 710/687/707 715/688/708
f 242/686/706 715/688/708 247/689/709
f 573/685/705 575/690/710 128/645/666
f 573/685/705 128/645/666 127/644/665
f 128/645/666 575/690/710 927/691/644
f 128/645/666 927/691/644 522/646/667
f 927/691/644 929/692/650 523/625/646
f 927/691/644 523/625/646 522/646/667
f 532/624/645 945/572/593 913/571/592
f 532/624/645 913/571/592 533/570/591
f 523/625/646 929/692/650 577/693/711
f 523/625/646 577/693/711 129/626/647
f 577/693/711 579/694/712 130/642/663
f 577/693/711 130/642/663 129/626/647
f 130/642/663 579/694/712 931/695/713
f 130/642/663 931/695/713 524/643/664
f 524/643/664 931/695/713 581/696/714
f 524/643/664 581/696/714 131/647/668
f 131/647/668 581/696/714 933/697/662
f 131/647/668 933/697/662 525/649/670
f 525/649/670 933/697/662 583/698/715
f 525/649/670 583/698/715 132/651/672
f 221/665/686 552/664/685 558/699/716
f 221/665/686 558/699/716 227/700/717
f 583/698/715 585/701/718 133/652/673
f 583/698/715 133/652/673 132/651/672
f 114/527/289 350/55/54 935/54/53
f 114/527/289 935/54/53 587/681/702
f 116/702/201 586/703/719 934/12/12
f 116/702/201 934/12/12 565/11/11
f 715/688/708 710/687/707 196/704/720
f 715/688/708 196/704/720 210/705/721
f 231/706/722 562/707/723 698/708/724
f 231/706/722 698/708/724 230/709/725
f 940/590/611 937/589/610 651/710/726
f 940/590/611 651/710/726 623/711/727
f 558/699/716 552/664/685 204/679/700
f 558/699/716 204/679/700 206/712/728
f 224/713/729 692/714/730 690/715/731
f 224/713/729 690/715/731 222/716/732
f 690/715/731 692/714/730 203/717/733
f 690/715/731 203/717/733 215/718/734
f 223/719/735 554/720/736 556/721/737
f 223/719/735 556/721/737 225/722/738
f 232/723/739 735/724/740 938/725/741
f 232/723/739 938/725/741 563/726/742
f 736/727/740 235/728/743 703/729/744
f 736/727/740 703/729/744 939/730/745
f 939/730/745 703/729/744 213/731/746
f 939/730/745 213/731/746 649/732/747
f 563/726/742 938/725/741 648/733/748
f 563/726/742 648/733/748 211/734/749
f 556/721/737 554/720/736 219/735/750
f 556/721/737 219/735/750 205/736/751
f 225/722/738 556/721/737 692/714/730
f 225/722/738 692/714/730 224/713/729
f 692/714/730 556/721/737 205/736/751
f 692/714/730 205/736/751 203/717/733
f 227/700/717 558/699/716 694/542/565
f 227/700/717 694/542/565 226/541/564
f 694/542/565 558/699/716 206/712/728
f 694/542/565 206/712/728 212/544/567
f 229/737/752 560/738/753 696/739/754
f 229/737/752 696/739/754 228/740/755
f 696/739/754 560/738/753 216/741/756
f 696/739/754 216/741/756 199/742/757
f 233/743/758 734/587/608 940/590/611
f 233/743/758 940/590/611 597/744/759
f 597/744/759 940/590/611 623/711/727
f 597/744/759 623/711/727 185/745/760
f 698/708/724 562/707/723 218/746/761
f 698/708/724 218/746/761 195/747/762
f 232/723/739 563/726/742 600/748/763
f 232/723/739 600/748/763 234/749/764
f 600/748/763 563/726/742 211/734/749
f 600/748/763 211/734/749 188/750/765
f 234/749/764 600/748/763 602/751/766
f 234/749/764 602/751/766 236/752/767
f 966/545/568 912/543/566 679/25/25
f 966/545/568 679/25/25 624/24/24
f 733/753/768 233/743/758 597/744/759
f 733/753/768 597/744/759 941/754/769
f 941/754/769 597/744/759 185/745/760
f 941/754/769 185/745/760 676/22/22
f 728/755/770 733/753/768 941/754/769
f 728/755/770 941/754/769 968/756/771
f 602/751/766 600/748/763 188/750/765
f 602/751/766 188/750/765 190/757/772
f 237/758/773 705/759/774 703/729/744
f 237/758/773 703/729/744 235/728/743
f 703/729/744 705/759/774 187/760/775
f 703/729/744 187/760/775 213/731/746
f 236/752/767 602/751/766 604/761/776
f 236/752/767 604/761/776 238/762/777
f 161/654/675 183/763/778 621/19/19
f 161/654/675 621/19/19 541/18/18
f 144/602/623 598/601/622 942/764/779
f 144/602/623 942/764/779 530/650/671
f 604/761/776 602/751/766 190/757/772
f 604/761/776 190/757/772 192/765/780
f 239/766/781 707/767/782 705/759/774
f 239/766/781 705/759/774 237/758/773
f 705/759/774 707/767/782 189/768/783
f 705/759/774 189/768/783 187/760/775
f 238/762/777 604/761/776 613/769/784
f 238/762/777 613/769/784 243/770/785
f 613/769/784 604/761/776 192/765/780
f 613/769/784 192/765/780 194/771/786
f 245/772/787 713/773/788 707/767/782
f 245/772/787 707/767/782 239/766/781
f 707/767/782 713/773/788 191/774/789
f 707/767/782 191/774/789 189/768/783
f 243/770/785 613/769/784 710/687/707
f 243/770/785 710/687/707 242/686/706
f 240/775/790 732/776/791 943/777/792
f 240/775/790 943/777/792 708/778/793
f 732/776/791 241/596/617 611/595/616
f 732/776/791 611/595/616 943/777/792
f 943/777/792 611/595/616 208/600/621
f 943/777/792 208/600/621 661/779/794
f 708/778/793 943/777/792 661/779/794
f 708/778/793 661/779/794 220/780/795
f 710/687/707 613/769/784 194/771/786
f 710/687/707 194/771/786 196/704/720
f 614/781/796 616/782/797 976/783/798
f 614/781/796 976/783/798 980/784/799
f 731/577/598 244/785/800 617/786/801
f 731/577/598 617/786/801 944/787/802
f 944/787/802 617/786/801 217/788/803
f 944/787/802 217/788/803 673/789/804
f 727/578/599 731/577/598 944/787/802
f 727/578/599 944/787/802 969/790/805
f 246/791/806 620/792/807 713/773/788
f 246/791/806 713/773/788 245/772/787
f 147/540/563 595/539/562 945/572/593
f 147/540/563 945/572/593 532/624/645
f 713/773/788 620/792/807 193/793/808
f 713/773/788 193/793/808 191/774/789
f 195/747/762 218/746/761 675/794/809
f 195/747/762 675/794/809 635/795/810
f 599/17/17 622/16/16 184/796/811
f 599/17/17 184/796/811 172/607/628
f 909/530/555 981/520/546 718/528/553
f 909/530/555 718/528/553 518/7/7
f 585/701/718 911/534/556 519/533/558
f 585/701/718 519/533/558 133/652/673
f 203/717/733 205/736/751 645/797/812
f 203/717/733 645/797/812 643/798/813
f 955/799/814 946/23/23 623/711/727
f 955/799/814 623/711/727 651/710/726
f 946/23/23 676/22/22 185/745/760
f 946/23/23 185/745/760 623/711/727
f 988/14/14 990/13/13 739/583/604
f 988/14/14 739/583/604 737/680/701
f 961/800/815 963/801/816 647/802/817
f 961/800/815 647/802/817 666/803/818
f 654/804/819 962/805/820 947/806/821
f 654/804/819 947/806/821 667/807/822
f 217/788/803 667/807/822 947/806/821
f 217/788/803 947/806/821 673/789/804
f 201/808/823 652/809/824 948/810/825
f 201/808/823 948/810/825 656/811/826
f 214/812/827 660/813/828 948/810/825
f 214/812/827 948/810/825 652/809/824
f 215/718/734 656/811/826 948/810/825
f 215/718/734 948/810/825 660/813/828
f 949/26/26 954/814/829 650/582/603
f 949/26/26 650/582/603 625/581/602
f 624/24/24 949/26/26 625/581/602
f 624/24/24 625/581/602 186/586/607
f 199/742/757 216/741/756 665/815/830
f 199/742/757 665/815/830 639/816/831
f 642/817/813 644/818/812 206/712/728
f 642/817/813 206/712/728 204/679/700
f 202/819/832 640/820/833 950/821/834
f 202/819/832 950/821/834 655/822/835
f 641/823/836 201/808/823 656/811/826
f 641/823/836 656/811/826 951/824/837
f 951/824/837 656/811/826 215/718/734
f 951/824/837 215/718/734 663/825/838
f 655/822/835 950/821/834 662/826/838
f 655/822/835 662/826/838 207/678/699
f 197/827/839 199/742/757 639/816/831
f 197/827/839 639/816/831 637/828/840
f 638/829/831 664/830/830 208/600/621
f 638/829/831 208/600/621 200/599/620
f 205/736/751 219/735/750 678/831/841
f 205/736/751 678/831/841 645/797/812
f 636/832/842 638/829/831 200/599/620
f 636/832/842 200/599/620 198/833/843
f 947/806/821 962/805/820 669/834/844
f 947/806/821 669/834/844 673/789/804
f 647/802/817 964/835/845 952/836/846
f 647/802/817 952/836/846 666/803/818
f 953/837/847 667/807/822 217/788/803
f 953/837/847 217/788/803 672/838/848
f 666/803/818 952/836/846 671/839/849
f 666/803/818 671/839/849 209/840/850
f 193/793/808 195/747/762 635/795/810
f 193/793/808 635/795/810 633/841/851
f 634/842/852 674/843/853 210/705/721
f 634/842/852 210/705/721 196/704/720
f 191/774/789 193/793/808 633/841/851
f 191/774/789 633/841/851 631/844/854
f 632/845/855 634/842/852 196/704/720
f 632/845/855 196/704/720 194/771/786
f 189/768/783 191/774/789 631/844/854
f 189/768/783 631/844/854 629/846/856
f 630/847/857 632/845/855 194/771/786
f 630/847/857 194/771/786 192/765/780
f 187/760/775 189/768/783 629/846/856
f 187/760/775 629/846/856 627/848/858
f 628/849/859 630/847/857 192/765/780
f 628/849/859 192/765/780 190/757/772
f 213/731/746 187/760/775 627/848/858
f 213/731/746 627/848/858 649/732/747
f 626/850/860 628/849/859 190/757/772
f 626/850/860 190/757/772 188/750/765
f 217/788/803 197/827/839 637/828/840
f 217/788/803 637/828/840 672/838/848
f 648/733/748 626/850/860 188/750/765
f 648/733/748 188/750/765 211/734/749
f 215/718/734 203/717/733 643/798/813
f 215/718/734 643/798/813 663/825/838
f 644/818/812 677/851/841 212/544/567
f 644/818/812 212/544/567 206/712/728
f 216/741/756 658/852/861 956/853/862
f 216/741/756 956/853/862 653/854/863
f 214/812/827 652/809/824 956/853/862
f 214/812/827 956/853/862 658/852/861
f 201/808/823 653/854/863 956/853/862
f 201/808/823 956/853/862 652/809/824
f 207/678/699 659/855/864 957/856/865
f 207/678/699 957/856/865 655/822/835
f 220/780/795 657/857/866 957/856/865
f 220/780/795 957/856/865 659/855/864
f 202/819/832 655/822/835 957/856/865
f 202/819/832 957/856/865 657/857/866
f 220/780/795 661/779/794 958/858/867
f 220/780/795 958/858/867 657/857/866
f 208/600/621 646/859/868 958/858/867
f 208/600/621 958/858/867 661/779/794
f 202/819/832 657/857/866 958/858/867
f 202/819/832 958/858/867 646/859/868
f 228/740/755 696/739/754 719/860/869
f 228/740/755 719/860/869 251/861/870
f 662/826/838 642/817/813 204/679/700
f 662/826/838 204/679/700 207/678/699
f 208/600/621 664/830/830 959/862/871
f 208/600/621 959/862/871 646/859/868
f 665/815/830 216/741/756 653/854/863
f 665/815/830 653/854/863 960/863/872
f 960/863/872 653/854/863 201/808/823
f 960/863/872 201/808/823 641/823/836
f 646/859/868 959/862/871 640/820/833
f 646/859/868 640/820/833 202/819/832
f 209/840/850 668/864/873 961/800/815
f 209/840/850 961/800/815 666/803/818
f 725/865/874 971/866/875 967/867/876
f 725/865/874 967/867/876 729/868/877
f 668/864/873 670/869/878 963/801/816
f 668/864/873 963/801/816 961/800/815
f 218/746/761 669/834/844 962/805/820
f 218/746/761 962/805/820 654/804/819
f 210/705/721 647/802/817 963/801/816
f 210/705/721 963/801/816 670/869/878
f 251/861/870 719/860/869 617/786/801
f 251/861/870 617/786/801 244/785/800
f 671/839/849 636/832/842 198/833/843
f 671/839/849 198/833/843 209/840/850
f 210/705/721 674/843/853 964/835/845
f 210/705/721 964/835/845 647/802/817
f 675/794/809 218/746/761 654/804/819
f 675/794/809 654/804/819 965/870/845
f 250/584/605 730/523/549 966/545/568
f 250/584/605 966/545/568 684/585/606
f 684/585/606 966/545/568 624/24/24
f 684/585/606 624/24/24 186/586/607
f 719/860/869 696/739/754 199/742/757
f 719/860/869 199/742/757 197/827/839
f 253/871/879 687/872/880 683/594/615
f 253/871/879 683/594/615 249/593/614
f 252/873/881 729/868/877 967/867/876
f 252/873/881 967/867/876 720/874/882
f 967/867/876 971/866/875 670/869/878
f 967/867/876 670/869/878 668/864/873
f 969/790/805 944/787/802 673/789/804
f 969/790/805 673/789/804 669/834/844
f 720/874/882 967/867/876 668/864/873
f 720/874/882 668/864/873 209/840/850
f 223/719/735 728/755/770 968/756/771
f 223/719/735 968/756/771 554/720/736
f 554/720/736 968/756/771 680/21/21
f 554/720/736 680/21/21 219/735/750
f 617/786/801 719/860/869 197/827/839
f 617/786/801 197/827/839 217/788/803
f 252/873/881 720/874/882 687/872/880
f 252/873/881 687/872/880 253/871/879
f 231/706/722 727/578/599 969/790/805
f 231/706/722 969/790/805 562/707/723
f 562/707/723 969/790/805 669/834/844
f 562/707/723 669/834/844 218/746/761
f 683/594/615 687/872/880 198/833/843
f 683/594/615 198/833/843 200/599/620
f 158/659/680 721/875/883 717/876/884
f 158/659/680 717/876/884 159/660/681
f 229/737/752 726/877/885 970/878/886
f 229/737/752 970/878/886 560/738/753
f 726/877/885 254/879/887 688/880/888
f 726/877/885 688/880/888 970/878/886
f 970/878/886 688/880/888 214/812/827
f 970/878/886 214/812/827 658/852/861
f 560/738/753 970/878/886 658/852/861
f 560/738/753 658/852/861 216/741/756
f 725/865/874 247/689/709 715/688/708
f 725/865/874 715/688/708 971/866/875
f 971/866/875 715/688/708 210/705/721
f 971/866/875 210/705/721 670/869/878
f 687/872/880 720/874/882 209/840/850
f 687/872/880 209/840/850 198/833/843
f 230/709/725 698/708/724 620/792/807
f 230/709/725 620/792/807 246/791/806
f 248/662/683 724/881/889 972/882/890
f 248/662/683 972/882/890 682/663/684
f 724/881/889 240/775/790 708/778/793
f 724/881/889 708/778/793 972/882/890
f 972/882/890 708/778/793 220/780/795
f 972/882/890 220/780/795 659/855/864
f 682/663/684 972/882/890 659/855/864
f 682/663/684 659/855/864 207/678/699
f 620/792/807 698/708/724 195/747/762
f 620/792/807 195/747/762 193/793/808
f 167/567/588 168/568/589 561/883/891
f 167/567/588 561/883/891 714/884/892
f 254/879/887 723/885/893 973/886/894
f 254/879/887 973/886/894 688/880/888
f 723/885/893 222/716/732 690/715/731
f 723/885/893 690/715/731 973/886/894
f 973/886/894 690/715/731 215/718/734
f 973/886/894 215/718/734 660/813/828
f 688/880/888 973/886/894 660/813/828
f 688/880/888 660/813/828 214/812/827
f 175/887/895 608/888/896 974/889/897
f 175/887/895 974/889/897 722/890/898
f 608/888/896 176/891/899 553/892/900
f 608/888/896 553/892/900 974/889/897
f 974/889/897 553/892/900 222/716/732
f 974/889/897 222/716/732 723/885/893
f 722/890/898 974/889/897 723/885/893
f 722/890/898 723/885/893 254/879/887
f 714/884/892 561/883/891 230/709/725
f 714/884/892 230/709/725 246/791/806
f 179/893/901 686/894/902 721/875/883
f 179/893/901 721/875/883 158/659/680
f 173/895/903 607/896/904 975/897/905
f 173/895/903 975/897/905 716/898/906
f 607/896/904 178/899/907 610/900/908
f 607/896/904 610/900/908 975/897/905
f 975/897/905 610/900/908 240/775/790
f 975/897/905 240/775/790 724/881/889
f 716/898/906 975/897/905 724/881/889
f 716/898/906 724/881/889 248/662/683
f 721/875/883 686/894/902 252/873/881
f 721/875/883 252/873/881 253/871/879
f 181/901/909 169/592/613 685/902/910
f 181/901/909 685/902/910 712/903/911
f 980/784/799 976/783/798 725/865/874
f 980/784/799 725/865/874 729/868/877
f 616/782/797 182/904/912 681/905/913
f 616/782/797 681/905/913 976/783/798
f 976/783/798 681/905/913 247/689/709
f 976/783/798 247/689/709 725/865/874
f 123/525/551 590/551/572 517/550/283
f 123/525/551 517/550/283 118/526/552
f 174/906/914 606/907/915 977/908/916
f 174/906/914 977/908/916 697/909/917
f 606/907/915 175/887/895 722/890/898
f 606/907/915 722/890/898 977/908/916
f 977/908/916 722/890/898 254/879/887
f 977/908/916 254/879/887 726/877/885
f 697/909/917 977/908/916 726/877/885
f 697/909/917 726/877/885 229/737/752
f 717/876/884 721/875/883 253/871/879
f 717/876/884 253/871/879 249/593/614
f 169/592/613 170/591/612 559/910/918
f 169/592/613 559/910/918 685/902/910
f 180/911/919 615/574/595 978/575/596
f 180/911/919 978/575/596 699/912/920
f 965/870/845 654/804/819 667/807/822
f 965/870/845 667/807/822 953/837/847
f 615/574/595 618/573/594 982/576/597
f 615/574/595 982/576/597 978/575/596
f 699/912/920 978/575/596 727/578/599
f 699/912/920 727/578/599 231/706/722
f 712/903/911 685/902/910 251/861/870
f 712/903/911 251/861/870 244/785/800
f 166/564/585 167/567/588 714/884/892
f 166/564/585 714/884/892 619/913/921
f 184/796/811 622/16/16 979/914/922
f 184/796/811 979/914/922 691/915/923
f 691/915/923 979/914/922 728/755/770
f 691/915/923 728/755/770 223/719/735
f 179/893/901 614/781/796 980/784/799
f 179/893/901 980/784/799 686/894/902
f 686/894/902 980/784/799 729/868/877
f 686/894/902 729/868/877 252/873/881
f 685/902/910 559/910/918 228/740/755
f 685/902/910 228/740/755 251/861/870
f 170/591/612 174/906/914 697/909/917
f 170/591/612 697/909/917 559/910/918
f 968/756/771 941/754/769 676/22/22
f 968/756/771 676/22/22 680/21/21
f 718/528/553 981/520/546 730/523/549
f 718/528/553 730/523/549 250/584/605
f 619/913/921 714/884/892 246/791/806
f 619/913/921 246/791/806 245/772/787
f 156/669/690 711/916/924 612/917/925
f 156/669/690 612/917/925 157/670/691
f 618/573/594 181/901/909 712/903/911
f 618/573/594 712/903/911 982/576/597
f 982/576/597 712/903/911 244/785/800
f 982/576/597 244/785/800 731/577/598
f 612/917/925 711/916/924 243/770/785
f 612/917/925 243/770/785 242/686/706
f 165/561/582 166/564/585 619/913/921
f 165/561/582 619/913/921 605/918/926
f 178/899/907 609/919/927 983/920/928
f 178/899/907 983/920/928 610/900/908
f 609/919/927 177/921/929 709/922/930
f 609/919/927 709/922/930 983/920/928
f 983/920/928 709/922/930 241/596/617
f 983/920/928 241/596/617 732/776/791
f 610/900/908 983/920/928 732/776/791
f 610/900/908 732/776/791 240/775/790
f 605/918/926 619/913/921 245/772/787
f 605/918/926 245/772/787 239/766/781
f 155/672/693 706/923/931 711/916/924
f 155/672/693 711/916/924 156/669/690
f 711/916/924 706/923/931 238/762/777
f 711/916/924 238/762/777 243/770/785
f 164/552/573 165/561/582 605/918/926
f 164/552/573 605/918/926 603/924/932
f 603/924/932 605/918/926 239/766/781
f 603/924/932 239/766/781 237/758/773
f 154/674/695 704/925/933 706/923/931
f 154/674/695 706/923/931 155/672/693
f 706/923/931 704/925/933 236/752/767
f 706/923/931 236/752/767 238/762/777
f 163/27/27 164/552/573 603/924/932
f 163/27/27 603/924/932 601/28/28
f 601/28/28 603/924/932 237/758/773
f 601/28/28 237/758/773 235/728/743
f 153/676/697 702/926/934 704/925/933
f 153/676/697 704/925/933 154/674/695
f 704/925/933 702/926/934 234/749/764
f 704/925/933 234/749/764 236/752/767
f 152/927/935 700/928/936 702/926/934
f 152/927/935 702/926/934 153/676/697
f 984/929/937 701/930/938 233/743/758
f 984/929/937 233/743/758 733/753/768
f 702/926/934 700/928/936 232/723/739
f 702/926/934 232/723/739 234/749/764
f 168/568/589 180/911/919 699/912/920
f 168/568/589 699/912/920 561/883/891
f 561/883/891 699/912/920 231/706/722
f 561/883/891 231/706/722 230/709/725
f 157/670/691 612/917/925 681/905/913
f 157/670/691 681/905/913 182/904/912
f 701/930/938 985/30/30 734/587/608
f 701/930/938 734/587/608 233/743/758
f 559/910/918 697/909/917 229/737/752
f 559/910/918 229/737/752 228/740/755
f 161/654/675 695/931/939 557/932/940
f 161/654/675 557/932/940 183/763/778
f 557/932/940 695/931/939 227/700/717
f 557/932/940 227/700/717 226/541/564
f 171/608/629 172/607/628 693/933/941
f 171/608/629 693/933/941 555/934/942
f 555/934/942 693/933/941 225/722/738
f 555/934/942 225/722/738 224/713/729
f 172/607/628 184/796/811 691/915/923
f 172/607/628 691/915/923 693/933/941
f 693/933/941 691/915/923 223/719/735
f 693/933/941 223/719/735 225/722/738
f 176/891/899 171/608/629 555/934/942
f 176/891/899 555/934/942 553/892/900
f 987/29/29 601/28/28 235/728/743
f 987/29/29 235/728/743 736/727/740
f 700/928/936 986/935/29 735/724/740
f 700/928/936 735/724/740 232/723/739
f 553/892/900 555/934/942 224/713/729
f 553/892/900 224/713/729 222/716/732
f 160/653/674 689/936/943 695/931/939
f 160/653/674 695/931/939 161/654/675
f 695/931/939 689/936/943 221/665/686
f 695/931/939 221/665/686 227/700/717
f 173/895/903 716/898/906 689/936/943
f 173/895/903 689/936/943 160/653/674
f 985/30/30 989/32/14 738/588/609
f 985/30/30 738/588/609 734/587/608
f 681/905/913 612/917/925 242/686/706
f 681/905/913 242/686/706 247/689/709
f 979/914/922 984/929/937 733/753/768
f 979/914/922 733/753/768 728/755/770
f 689/936/943 716/898/906 248/662/683
f 689/936/943 248/662/683 221/665/686
f 159/660/681 717/876/884 709/922/930
f 159/660/681 709/922/930 177/921/929
f 709/922/930 717/876/884 249/593/614
f 709/922/930 249/593/614 241/596/617
f 990/13/13 718/528/553 250/584/605
f 990/13/13 250/584/605 739/583/604
f 621/19/19 183/763/778 557/932/940
f 621/19/19 557/932/940 991/521/547
f 991/521/547 557/932/940 226/541/564
f 991/521/547 226/541/564 740/522/548
f 257/305/349 256/937/944 757/938/945
f 257/305/349 757/938/945 741/939/946
f 741/939/946 757/938/945 46/940/947
f 741/939/946 46/940/947 47/941/948
f 46/940/947 744/942/949 758/943/950
f 46/940/947 758/943/950 47/941/948
f 266/944/951 761/945/952 992/946/953
f 266/944/951 992/946/953 745/947/954
f 761/945/952 47/941/948 758/943/950
f 761/945/952 758/943/950 992/946/953
f 992/946/953 758/943/950 264/309/353
f 992/946/953 264/309/353 755/948/955
f 745/947/954 992/946/953 755/948/955
f 745/947/954 755/948/955 263/949/956
f 758/943/950 744/942/949 262/308/352
f 758/943/950 262/308/352 264/309/353
f 280/950/957 357/951/958 779/952/959
f 280/950/957 779/952/959 279/953/960
f 267/954/961 759/955/962 993/956/963
f 267/954/961 993/956/963 386/957/964
f 265/958/965 754/959/966 993/956/963
f 265/958/965 993/956/963 759/955/962
f 263/949/956 751/960/967 993/956/963
f 263/949/956 993/956/963 754/959/966
f 261/961/968 753/962/969 993/956/963
f 261/961/968 993/956/963 751/960/967
f 258/299/344 746/298/343 993/956/963
f 258/299/344 993/956/963 753/962/969
f 259/297/342 386/957/964 993/956/963
f 259/297/342 993/956/963 746/298/343
f 263/949/956 755/948/955 994/963/970
f 263/949/956 994/963/970 751/960/967
f 755/948/955 264/309/353 752/34/33
f 755/948/955 752/34/33 994/963/970
f 994/963/970 752/34/33 260/33/32
f 994/963/970 260/33/32 749/964/971
f 751/960/967 994/963/970 749/964/971
f 751/960/967 749/964/971 261/961/968
f 259/297/342 747/294/340 995/965/972
f 259/297/342 995/965/972 386/957/964
f 747/294/340 255/293/339 756/966/973
f 747/294/340 756/966/973 995/965/972
f 995/965/972 756/966/973 266/944/951
f 995/965/972 266/944/951 760/967/974
f 386/957/964 995/965/972 760/967/974
f 386/957/964 760/967/974 267/954/961
f 267/954/961 760/967/974 996/968/975
f 267/954/961 996/968/975 759/955/962
f 760/967/974 266/944/951 745/947/954
f 760/967/974 745/947/954 996/968/975
f 996/968/975 745/947/954 263/949/956
f 996/968/975 263/949/956 754/959/966
f 759/955/962 996/968/975 754/959/966
f 759/955/962 754/959/966 265/958/965
f 255/293/339 748/306/350 997/969/976
f 255/293/339 997/969/976 756/966/973
f 748/306/350 257/305/349 741/939/946
f 748/306/350 741/939/946 997/969/976
f 997/969/976 741/939/946 47/941/948
f 997/969/976 47/941/948 761/945/952
f 756/966/973 997/969/976 761/945/952
f 756/966/973 761/945/952 266/944/951
f 274/36/35 770/38/37 998/970/977
f 274/36/35 998/970/977 772/971/978
f 770/38/37 273/972/979 774/973/980
f 770/38/37 774/973/980 998/970/977
f 998/970/977 774/973/980 275/974/981
f 998/970/977 275/974/981 771/975/982
f 772/971/978 998/970/977 771/975/982
f 772/971/978 771/975/982 276/976/983
f 268/977/984 768/978/985 1000/979/986
f 268/977/984 1000/979/986 763/980/987
f 768/978/985 270/981/988 767/982/989
f 768/978/985 767/982/989 1000/979/986
f 999/983/990 766/984/989 25/92/142
f 999/983/990 25/92/142 315/95/145
f 762/985/991 999/983/990 315/95/145
f 762/985/991 315/95/145 24/100/150
f 271/986/992 781/987/993 777/988/994
f 271/986/992 777/988/994 272/989/995
f 268/977/984 763/980/987 1002/990/996
f 268/977/984 1002/990/996 769/991/997
f 24/100/150 314/102/152 1001/992/998
f 24/100/150 1001/992/998 762/985/991
f 23/106/156 358/172/219 1001/992/998
f 23/106/156 1001/992/998 314/102/152
f 38/171/218 394/993/999 1001/992/998
f 38/171/218 1001/992/998 358/172/219
f 779/952/959 357/951/958 273/972/979
f 779/952/959 273/972/979 277/994/1000
f 273/972/979 770/38/37 773/37/36
f 273/972/979 773/37/36 277/994/1000
f 270/981/988 780/995/1001 356/996/1002
f 270/981/988 356/996/1002 269/997/1003
f 283/998/1004 785/999/1005 1003/1000/1006
f 283/998/1004 1003/1000/1006 783/1001/1007
f 785/999/1005 282/1002/1008 782/1003/1009
f 785/999/1005 782/1003/1009 1003/1000/1006
f 1003/1000/1006 782/1003/1009 278/1004/1010
f 1003/1000/1006 278/1004/1010 775/1005/1011
f 783/1001/1007 1003/1000/1006 775/1005/1011
f 783/1001/1007 775/1005/1011 275/974/981
f 280/950/957 784/1006/1012 1004/1007/1013
f 280/950/957 1004/1007/1013 357/951/958
f 784/1006/1012 283/998/1004 783/1001/1007
f 784/1006/1012 783/1001/1007 1004/1007/1013
f 1004/1007/1013 783/1001/1007 275/974/981
f 1004/1007/1013 275/974/981 774/973/980
f 357/951/958 1004/1007/1013 774/973/980
f 357/951/958 774/973/980 273/972/979
f 270/981/988 768/978/985 1005/1008/1014
f 270/981/988 1005/1008/1014 780/995/1001
f 768/978/985 268/977/984 778/1009/1015
f 768/978/985 778/1009/1015 1005/1008/1014
f 1005/1008/1014 778/1009/1015 283/998/1004
f 1005/1008/1014 283/998/1004 784/1006/1012
f 780/995/1001 1005/1008/1014 784/1006/1012
f 780/995/1001 784/1006/1012 280/950/957
f 268/977/984 769/991/997 1006/1010/1016
f 268/977/984 1006/1010/1016 778/1009/1015
f 769/991/997 272/989/995 777/988/994
f 769/991/997 777/988/994 1006/1010/1016
f 1006/1010/1016 777/988/994 282/1002/1008
f 1006/1010/1016 282/1002/1008 785/999/1005
f 778/1009/1015 1006/1010/1016 785/999/1005
f 778/1009/1015 785/999/1005 283/998/1004
f 356/996/1002 780/995/1001 280/950/957
f 356/996/1002 280/950/957 279/953/960
f 777/988/994 781/987/993 281/1011/1017
f 777/988/994 281/1011/1017 282/1002/1008
f 285/1012/1018 788/1013/1019 1007/1014/1020
f 285/1012/1018 1007/1014/1020 798/1015/1021
f 788/1013/1019 286/1016/1022 797/1017/1023
f 788/1013/1019 797/1017/1023 1007/1014/1020
f 1007/1014/1020 797/1017/1023 290/1018/1024
f 1007/1014/1020 290/1018/1024 795/1019/1025
f 798/1015/1021 1007/1014/1020 795/1019/1025
f 798/1015/1021 795/1019/1025 289/1020/1026
f 1/85/135 292/90/140 1008/1021/1027
f 1/85/135 1008/1021/1027 789/86/136
f 292/90/140 2/93/143 791/1022/1028
f 292/90/140 791/1022/1028 1008/1021/1027
f 1008/1021/1027 791/1022/1028 285/1012/1018
f 1008/1021/1027 285/1012/1018 786/1023/1029
f 789/86/136 1008/1021/1027 786/1023/1029
f 789/86/136 786/1023/1029 284/87/137
f 2/93/143 354/168/215 1009/1024/1030
f 2/93/143 1009/1024/1030 791/1022/1028
f 354/168/215 34/167/214 792/1025/1031
f 354/168/215 792/1025/1031 1009/1024/1030
f 1009/1024/1030 792/1025/1031 286/1016/1022
f 1009/1024/1030 286/1016/1022 788/1013/1019
f 791/1022/1028 1009/1024/1030 788/1013/1019
f 791/1022/1028 788/1013/1019 285/1012/1018
f 290/1018/1032 796/1026/1033 1010/1027/1034
f 290/1018/1032 1010/1027/1034 795/1019/1035
f 796/1026/1033 291/1028/1036 794/1029/1037
f 796/1026/1033 794/1029/1037 1010/1027/1034
f 1010/1027/1034 794/1029/1037 288/1030/1038
f 1010/1027/1034 288/1030/1038 793/1031/1039
f 795/1019/1025 1010/1027/1034 793/1031/1039
f 795/1019/1025 793/1031/1039 289/1020/1026
f 284/87/137 786/1023/1029 1011/1032/1040
f 284/87/137 1011/1032/1040 799/1033/1041
f 786/1023/1029 285/1012/1018 798/1015/1021
f 786/1023/1029 798/1015/1021 1011/1032/1040
f 1011/1032/1040 798/1015/1021 289/1020/1026
f 1011/1032/1040 289/1020/1026 793/1031/1039
f 799/1033/1041 1011/1032/1040 793/1031/1039
f 799/1033/1041 793/1031/1039 288/1030/1038
f 287/89/139 787/88/138 1012/1034/1042
f 287/89/139 1012/1034/1042 800/1035/1043
f 787/88/138 284/87/137 799/1033/1041
f 787/88/138 799/1033/1041 1012/1034/1042
f 1012/1034/1042 799/1033/1041 288/1030/1038
f 1012/1034/1042 288/1030/1038 794/1029/1037
f 800/1035/1043 1012/1034/1042 794/1029/1037
f 800/1035/1044 794/1029/1037 291/1028/1036
f 276/976/983 771/975/982 1013/1036/1045
f 276/976/983 1013/1036/1045 776/1037/1046
f 275/974/981 775/1005/1011 1013/1036/1045
f 275/974/981 1013/1036/1045 771/975/982
f 278/1004/1010 782/1003/1009 1013/1036/1045
f 278/1004/1010 1013/1036/1045 775/1005/1011
f 1017/315/359 1015/1038/1047 1019/1039/1048
f 1017/315/359 1019/1039/1048 1021/1040/1049
f 3/78/128 355/313/357 1016/316/360
f 3/78/128 1016/316/360 1014/1041/1050
f 847/314/358 293/79/129 1015/1038/1047
f 847/314/358 1015/1038/1047 1017/315/359
f 293/79/129 3/78/128 1014/1041/1050
f 293/79/129 1014/1041/1050 1015/1038/1047
f 1019/1039/1048 1018/1042/1051 1020/1043/1052
f 1019/1039/1048 1020/1043/1052 1021/1040/1049
f 1015/1038/1047 1014/1041/1050 1018/1042/1051
f 1015/1038/1047 1018/1042/1051 1019/1039/1048
f 1016/316/360 1017/315/359 1021/1040/1049
f 1016/316/360 1021/1040/1049 1020/1043/1052
f 1014/1041/1050 1016/316/360 1020/1043/1052
f 1014/1041/1050 1020/1043/1052 1018/1042/1051
f 1027/209/256 1025/322/366 849/323/367
f 1027/209/256 849/323/367 328/212/259
f 1026/1044/1053 1033/1045/1054 802/77/127
f 1026/1044/1053 802/77/127 293/79/129
f 1023/1046/1055 1035/1047/1056 847/314/358
f 1023/1046/1055 847/314/358 397/318/362
f 1035/1047/1056 1026/1044/1053 293/79/129
f 1035/1047/1056 293/79/129 847/314/358
f 1031/1048/1057 1027/209/256 328/212/259
f 1031/1048/1057 328/212/259 823/215/262
f 1027/209/256 1031/1048/1057 1234/1049/1058
f 1027/209/256 1234/1049/1058 1028/210/257
f 1055/1050/1059 1051/1051/1060 1059/1052/1061
f 1055/1050/1059 1059/1052/1061 1063/1053/1062
f 1048/1054/1063 1037/1055/1064 1050/1056/1065
f 1048/1054/1063 1050/1056/1065 1056/1057/1066
f 1041/1058/1067 1043/1059/1068 1053/1060/1069
f 1041/1058/1067 1053/1060/1069 1052/1061/1070
f 1051/1051/1060 1057/1062/1066 1065/1063/1071
f 1051/1051/1060 1065/1063/1071 1059/1052/1061
f 1044/1064/1072 1046/1065/1073 1055/1050/1059
f 1044/1064/1072 1055/1050/1059 1054/1066/1069
f 1037/1055/1064 1041/1058/1067 1052/1061/1070
f 1037/1055/1064 1052/1061/1070 1050/1056/1065
f 1039/1067/1074 1049/1068/1063 1057/1062/1066
f 1039/1067/1074 1057/1062/1066 1051/1051/1060
f 1046/1065/1073 1039/1067/1074 1051/1051/1060
f 1046/1065/1073 1051/1051/1060 1055/1050/1059
f 1062/1069/1075 1063/1053/1062 1073/1070/1076
f 1062/1069/1075 1073/1070/1076 1071/1071/1077
f 1064/1072/1078 1058/1073/1079 1066/44/43
f 1064/1072/1078 1066/44/43 1074/43/42
f 1052/1061/1070 1053/1060/1069 1061/1074/1080
f 1052/1061/1070 1061/1074/1080 1060/1075/1081
f 1056/1057/1066 1050/1056/1065 1058/1073/1079
f 1056/1057/1066 1058/1073/1079 1064/1072/1078
f 1054/1066/1069 1055/1050/1059 1063/1053/1062
f 1054/1066/1069 1063/1053/1062 1062/1069/1075
f 1050/1056/1065 1052/1061/1070 1060/1075/1081
f 1050/1056/1065 1060/1075/1081 1058/1073/1079
f 1058/1073/1079 1060/1075/1081 1069/1076/1082
f 1058/1073/1079 1069/1076/1082 1066/44/43
f 1059/1052/1061 1065/1063/1071 1075/1077/1083
f 1059/1052/1061 1075/1077/1083 1068/1078/1084
f 1063/1053/1062 1059/1052/1061 1068/1078/1084
f 1063/1053/1062 1068/1078/1084 1073/1070/1076
f 1060/1075/1081 1061/1074/1080 1070/1079/1085
f 1060/1075/1081 1070/1079/1085 1069/1076/1082
f 1079/41/40 1078/40/39 1080/1080/1086
f 1079/41/40 1080/1080/1086 343/74/124
f 1082/1081/1087 1112/1082/1088 1171/1083/1089
f 1082/1081/1087 1171/1083/1089 1111/1084/1090
f 1112/1082/1088 1084/1085/1091 1114/1086/1092
f 1112/1082/1088 1114/1086/1092 1171/1083/1089
f 1171/1083/1089 1114/1086/1092 1088/1087/1093
f 1171/1083/1089 1088/1087/1093 1116/1088/1094
f 1111/1084/1090 1171/1083/1089 1116/1088/1094
f 1111/1084/1090 1116/1088/1094 1087/1089/1095
f 1087/1089/1095 1116/1088/1094 1172/1090/1096
f 1087/1089/1095 1172/1090/1096 1117/1091/1097
f 1116/1088/1094 1088/1087/1093 1119/1092/1098
f 1116/1088/1094 1119/1092/1098 1172/1090/1096
f 1173/1093/1099 1121/1094/1100 1093/1095/1101
f 1173/1093/1099 1093/1095/1101 1123/1096/1102
f 1118/1097/1103 1173/1093/1099 1123/1096/1102
f 1118/1097/1103 1123/1096/1102 1092/1098/1104
f 1092/1098/1104 1123/1096/1102 1174/1099/1105
f 1092/1098/1104 1174/1099/1105 1124/1100/1106
f 1123/1096/1102 1093/1095/1101 1125/1101/1107
f 1123/1096/1102 1125/1101/1107 1174/1099/1105
f 1174/1099/1105 1125/1101/1107 1091/1102/1108
f 1174/1099/1105 1091/1102/1108 1126/1103/1109
f 1124/1100/1106 1174/1099/1105 1126/1103/1109
f 1124/1100/1106 1126/1103/1109 1090/1104/1110
f 1090/1104/1110 1126/1103/1109 1176/1105/1111
f 1090/1104/1110 1176/1105/1111 1128/1106/1112
f 1126/1103/1109 1091/1102/1108 1131/1107/1113
f 1126/1103/1109 1131/1107/1113 1176/1105/1111
f 1175/1108/1114 1129/1109/1113 1085/1085/1091
f 1175/1108/1114 1085/1085/1091 1113/1082/1115
f 1127/1110/1116 1175/1108/1114 1113/1082/1115
f 1127/1110/1116 1113/1082/1115 1083/1081/1087
f 1090/1104/1110 1128/1106/1112 1178/1111/1117
f 1090/1104/1110 1178/1111/1117 1141/1112/1118
f 1127/1110/1116 1083/1081/1087 1140/1113/1119
f 1127/1110/1116 1140/1113/1119 1177/1114/1120
f 1177/1114/1120 1140/1113/1119 1096/1115/1121
f 1177/1114/1120 1096/1115/1121 1137/1116/1122
f 1141/1112/1118 1178/1111/1117 1138/1117/1123
f 1141/1112/1118 1138/1117/1123 1098/1118/1124
f 1093/1095/1101 1122/1094/1100 1180/1119/1125
f 1093/1095/1101 1180/1119/1125 1125/1101/1107
f 1120/1092/1100 1089/1087/1126 1115/1086/1127
f 1120/1092/1100 1115/1086/1127 1179/1120/1128
f 1179/1120/1128 1115/1086/1127 1086/1085/1129
f 1179/1120/1128 1086/1085/1129 1130/1109/1113
f 1125/1101/1107 1180/1119/1125 1132/1107/1113
f 1125/1101/1107 1132/1107/1113 1091/1102/1108
f 1095/1115/1130 1133/1121/1131 1181/1122/1132
f 1095/1115/1130 1181/1122/1132 1151/1123/1133
f 1133/1121/1131 1094/1124/1134 1150/1125/1135
f 1133/1121/1131 1150/1125/1135 1181/1122/1132
f 1181/1122/1132 1150/1125/1135 1099/1126/1136
f 1181/1122/1132 1099/1126/1136 1144/1127/1137
f 1151/1123/1133 1181/1122/1132 1144/1127/1137
f 1151/1123/1133 1144/1127/1137 1100/1128/1138
f 1087/1089/1095 1117/1091/1097 1182/1129/1139
f 1087/1089/1095 1182/1129/1139 1143/1130/1140
f 1118/1097/1103 1092/1098/1104 1142/1131/1141
f 1118/1097/1103 1142/1131/1141 1183/1132/1142
f 1183/1132/1142 1142/1131/1141 1097/1133/1143
f 1183/1132/1142 1097/1133/1143 1135/1134/1144
f 1143/1130/1140 1182/1129/1139 1134/1135/1145
f 1143/1130/1140 1134/1135/1145 1094/1124/1134
f 1082/1081/1087 1111/1084/1090 1184/1136/1146
f 1082/1081/1087 1184/1136/1146 1139/1113/1147
f 1111/1084/1090 1087/1089/1095 1143/1130/1140
f 1111/1084/1090 1143/1130/1140 1184/1136/1146
f 1184/1136/1146 1143/1130/1140 1094/1124/1134
f 1184/1136/1146 1094/1124/1134 1133/1121/1131
f 1139/1113/1147 1184/1136/1146 1133/1121/1131
f 1139/1113/1147 1133/1121/1131 1095/1115/1130
f 1092/1098/1104 1124/1100/1106 1185/1137/1148
f 1092/1098/1104 1185/1137/1148 1142/1131/1141
f 1124/1100/1106 1090/1104/1110 1141/1112/1118
f 1124/1100/1106 1141/1112/1118 1185/1137/1148
f 1185/1137/1148 1141/1112/1118 1098/1118/1124
f 1185/1137/1148 1098/1118/1124 1136/1138/1149
f 1142/1131/1141 1185/1137/1148 1136/1138/1149
f 1142/1131/1141 1136/1138/1149 1097/1133/1143
f 1103/1139/1150 1149/1140/1151 1187/1141/1152
f 1103/1139/1150 1187/1141/1152 1168/1142/1153
f 1148/1143/1154 1101/1128/1138 1167/1144/1155
f 1148/1143/1154 1167/1144/1155 1186/1145/1156
f 1186/1145/1156 1167/1144/1155 1108/1146/1157
f 1186/1145/1156 1108/1146/1157 1163/1147/1158
f 1168/1142/1153 1187/1141/1152 1165/1148/1158
f 1168/1142/1153 1165/1148/1158 1110/1149/1159
f 1098/1118/1124 1138/1117/1123 1189/1150/1160
f 1098/1118/1124 1189/1150/1160 1153/1151/1161
f 1137/1116/1122 1096/1115/1121 1152/1123/1162
f 1137/1116/1122 1152/1123/1162 1188/1152/1163
f 1188/1152/1163 1152/1123/1162 1101/1128/1138
f 1188/1152/1163 1101/1128/1138 1148/1143/1154
f 1153/1151/1161 1189/1150/1160 1149/1140/1151
f 1153/1151/1161 1149/1140/1151 1103/1139/1150
f 1094/1124/1134 1134/1135/1145 1190/1153/1164
f 1094/1124/1134 1190/1153/1164 1150/1125/1135
f 1135/1134/1144 1097/1133/1143 1154/1154/1165
f 1135/1134/1144 1154/1154/1165 1191/1155/1166
f 1191/1155/1166 1154/1154/1165 1102/1156/1167
f 1191/1155/1166 1102/1156/1167 1146/1157/1168
f 1150/1125/1135 1190/1153/1164 1145/1158/1169
f 1150/1125/1135 1145/1158/1169 1099/1126/1136
f 1097/1133/1143 1136/1138/1149 1192/1159/1170
f 1097/1133/1143 1192/1159/1170 1154/1154/1165
f 1136/1138/1149 1098/1118/1124 1153/1151/1161
f 1136/1138/1149 1153/1151/1161 1192/1159/1170
f 1192/1159/1170 1153/1151/1161 1103/1139/1150
f 1192/1159/1170 1103/1139/1150 1147/1160/1171
f 1154/1154/1165 1192/1159/1170 1147/1160/1171
f 1154/1154/1165 1147/1160/1171 1102/1156/1167
f 1104/1161/1172 1157/1162/1173 1193/1163/1174
f 1104/1161/1172 1193/1163/1174 1155/1164/1175
f 1159/1165/1173 1109/1166/1176 1161/1167/1177
f 1159/1165/1173 1161/1167/1177 1194/1168/1178
f 1194/1168/1178 1161/1167/1177 1110/1149/1159
f 1194/1168/1178 1110/1149/1159 1164/1148/1179
f 1155/1164/1175 1193/1163/1174 1162/1147/1179
f 1155/1164/1175 1162/1147/1179 1106/1146/1180
f 1099/1126/1136 1145/1158/1169 1195/1169/1181
f 1099/1126/1136 1195/1169/1181 1170/1170/1182
f 1146/1157/1168 1102/1156/1167 1169/1171/1183
f 1146/1157/1168 1169/1171/1183 1196/1172/1181
f 1196/1172/1181 1169/1171/1183 1109/1166/1176
f 1196/1172/1181 1109/1166/1176 1160/1165/1173
f 1170/1170/1182 1195/1169/1181 1158/1162/1184
f 1170/1170/1182 1158/1162/1184 1105/1161/1185
f 1102/1156/1167 1147/1160/1171 1197/1173/1186
f 1102/1156/1167 1197/1173/1186 1169/1171/1183
f 1147/1160/1171 1103/1139/1150 1168/1142/1153
f 1147/1160/1171 1168/1142/1153 1197/1173/1186
f 1197/1173/1186 1168/1142/1153 1110/1149/1159
f 1197/1173/1186 1110/1149/1159 1161/1167/1177
f 1169/1171/1183 1197/1173/1186 1161/1167/1177
f 1169/1171/1183 1161/1167/1177 1109/1166/1176
f 1100/1128/1138 1144/1127/1137 1198/1174/1187
f 1100/1128/1138 1198/1174/1187 1166/1144/1155
f 1144/1127/1137 1099/1126/1136 1170/1170/1182
f 1144/1127/1137 1170/1170/1182 1198/1174/1187
f 1198/1174/1187 1170/1170/1182 1105/1161/1185
f 1198/1174/1187 1105/1161/1185 1156/1164/1188
f 1166/1144/1155 1198/1174/1187 1156/1164/1188
f 1166/1144/1155 1156/1164/1188 1107/1146/1189
f 922/667/688 923/666/687 616/782/797
f 922/667/688 616/782/797 614/781/796
f 1202/257/303 1201/1175/1190 1214/1176/1191
f 1202/257/303 1214/1176/1191 1216/258/304
f 1202/257/303 1204/49/48 1205/47/46
f 1202/257/303 1205/47/46 1201/1175/1190
f 1201/1175/1190 1205/47/46 1203/46/45
f 1201/1175/1190 1203/46/45 1200/1177/1192
f 1200/1177/1192 1203/46/45 833/48/47
f 1200/1177/1192 833/48/47 344/256/302
f 1200/1177/1192 344/256/302 1210/1178/1193
f 1200/1177/1192 1210/1178/1193 1212/1179/1194
f 344/256/302 26/75/125 1208/1180/1195
f 344/256/302 1208/1180/1195 1210/1178/1193
f 1201/1175/1190 1200/1177/1192 1212/1179/1194
f 1201/1175/1190 1212/1179/1194 1214/1176/1191
f 26/75/125 1199/1181/1196 1206/1182/1197
f 26/75/125 1206/1182/1197 1208/1180/1195
f 1036/1183/1198 1206/1182/1197 1199/1181/1196
f 1036/1183/1198 1199/1181/1196 341/214/261
f 1204/49/48 1047/1184/1199 1038/1185/1200
f 1204/49/48 1038/1185/1200 833/48/47
f 1078/40/39 1231/59/57 1229/58/56
f 1078/40/39 1229/58/56 1028/210/257
f 1029/39/38 1077/45/44 1227/1186/1201
f 1029/39/38 1227/1186/1201 1232/1187/1202
f 1077/45/44 1076/1188/1203 1233/1189/1204
f 1077/45/44 1233/1189/1204 1227/1186/1201
f 1076/1188/1203 1033/1045/1054 1221/1190/1205
f 1076/1188/1203 1221/1190/1205 1233/1189/1204
f 1033/1045/1054 1026/1044/1053 1223/1191/1206
f 1033/1045/1054 1223/1191/1206 1221/1190/1205
f 1030/72/122 1224/1192/1207 1222/1193/1208
f 1030/72/122 1222/1193/1208 1024/73/123
f 1024/73/123 1222/1193/1208 1226/1194/1209
f 1024/73/123 1226/1194/1209 1032/80/130
f 1231/59/57 1237/1195/1210 1278/1196/1211
f 1231/59/57 1278/1196/1211 1238/1197/1212
f 1223/1191/1206 1236/1198/1213 1276/1199/1214
f 1223/1191/1206 1276/1199/1214 1269/1200/1215
f 1031/1048/1057 1078/40/39 1028/210/257
f 1031/1048/1057 1028/210/257 1234/1049/1058
f 1237/1195/1210 1232/1187/1202 1256/1201/1216
f 1237/1195/1210 1256/1201/1216 1278/1196/1211
f 1224/1192/1207 1229/58/56 1252/1202/1217
f 1224/1192/1207 1252/1202/1217 1262/1203/1218
f 1226/1194/1209 1222/1193/1208 1244/1204/1219
f 1226/1194/1209 1244/1204/1219 1264/1205/1220
f 1229/58/56 1225/57/55 1246/1206/1221
f 1229/58/56 1246/1206/1221 1252/1202/1217
f 1263/1207/1222 1253/1208/1217 1283/1209/1223
f 1263/1207/1222 1283/1209/1223 1285/1210/1224
f 1233/1189/1204 1221/1190/1205 1259/1211/1225
f 1233/1189/1204 1259/1211/1225 1241/1212/1226
f 1260/1213/1227 1270/1214/1228 1271/1215/1229
f 1260/1213/1227 1271/1215/1229 1261/1216/1230
f 1257/1217/1216 1250/1218/1231 1251/1219/1232
f 1257/1217/1216 1251/1219/1232 1258/1220/1233
f 1268/1221/1234 1275/1222/1235 1265/1223/1236
f 1268/1221/1234 1265/1223/1236 1266/1224/1237
f 1270/1214/1228 1277/1225/1238 1273/1226/1239
f 1270/1214/1228 1273/1226/1239 1271/1215/1229
f 1250/1218/1231 1242/1227/1240 1243/1228/1232
f 1250/1218/1231 1243/1228/1232 1251/1219/1232
f 1247/1229/1241 1239/1230/1242 1240/1231/1243
f 1247/1229/1241 1240/1231/1243 1248/1232/1244
f 1245/1233/1245 1263/1207/1222 1285/1210/1224
f 1245/1233/1245 1285/1210/1224 1281/1234/1246
f 1242/1227/1240 1260/1213/1227 1261/1216/1230
f 1242/1227/1240 1261/1216/1230 1243/1228/1232
f 1236/1198/1213 1228/1235/1247 1272/1236/1239
f 1236/1198/1213 1272/1236/1239 1276/1199/1214
f 1221/1190/1205 1223/1191/1206 1269/1200/1215
f 1221/1190/1205 1269/1200/1215 1259/1211/1225
f 1227/1186/1201 1233/1189/1204 1241/1212/1226
f 1227/1186/1201 1241/1212/1226 1249/1237/1248
f 1232/1187/1202 1227/1186/1201 1249/1237/1248
f 1232/1187/1202 1249/1237/1248 1256/1201/1216
f 1225/57/55 1231/59/57 1238/1197/1212
f 1225/57/55 1238/1197/1212 1246/1206/1221
f 1230/1238/1249 1235/1239/1250 1274/1240/1251
f 1230/1238/1249 1274/1240/1251 1267/1241/1252
f 1222/1193/1208 1224/1192/1207 1262/1203/1218
f 1222/1193/1208 1262/1203/1218 1244/1204/1219
f 1235/1239/1250 1226/1194/1209 1264/1205/1220
f 1235/1239/1250 1264/1205/1220 1274/1240/1251
f 1288/51/50 1292/1242/1253 1293/1243/1254
f 1288/51/50 1293/1243/1254 1289/52/51
f 1280/1244/1255 1284/1245/1256 1292/1242/1253
f 1280/1244/1255 1292/1242/1253 1288/51/50
f 1292/1242/1253 1290/1246/1257 1291/1247/1258
f 1292/1242/1253 1291/1247/1258 1293/1243/1254
f 1284/1245/1256 1282/1248/1259 1290/1246/1257
f 1284/1245/1256 1290/1246/1257 1292/1242/1253
f 1282/1248/1259 1254/1249/1260 1291/1247/1258
f 1282/1248/1259 1291/1247/1258 1290/1246/1257
f 1286/1250/1261 1280/1244/1255 1288/51/50
f 1286/1250/1261 1288/51/50 1294/50/49
f 120/546/569 1298/1251/5 520/677/698
f 120/546/569 520/677/698 124/547/570
f 515/237/283 1295/53/52 551/4/4
f 515/237/283 551/4/4 828/228/275
f 1229/58/56 1224/1192/1207 1030/72/122
f 1229/58/56 1030/72/122 1028/210/257
f 1/85/135 5/96/146 316/91/141
f 1/85/135 316/91/141 292/90/140
f 121/536/559 701/930/938 984/929/937
f 121/536/559 984/929/937 519/533/558
f 1312/1252/1262 1315/1253/1263 1323/1254/1264
f 1312/1252/1262 1323/1254/1264 1320/1255/1265
f 1308/1256/1266 1300/1257/1267 1320/1255/1268
f 1308/1256/1266 1320/1255/1268 1323/1254/1269
s 0
f 1309/1258/1262 379/1259/1262 1318/1260/1262
f 1309/1258/1262 1318/1260/1262 1316/1261/1262
s 1
f 1299/269/315 1307/1262/1270 831/240/286
f 1299/269/315 831/240/286 338/239/285
f 1320/1255/1265 1321/60/58 1319/62/60
f 1320/1255/1265 1319/62/60 1312/1252/1262
s 0
f 379/1259/1262 53/1263/1262 1313/1264/1262
f 379/1259/1262 1313/1264/1262 1318/1260/1262
s 1
f 1302/1265/1271 1311/1266/1272 1317/61/59
f 1302/1265/1271 1317/61/59 1321/60/1273
f 1300/1257/1267 1302/1265/1271 1321/60/1273
f 1300/1257/1267 1321/60/1273 1320/1255/1268
s 0
f 53/1263/1262 370/1267/1262 1314/1268/1262
f 53/1263/1262 1314/1268/1262 1313/1264/1262
s 1
f 1325/1081/1274 1356/1082/1088 1423/1083/1089
f 1325/1081/1274 1423/1083/1089 1355/1084/1275
f 1356/1082/1088 1327/1085/1091 1358/1086/1092
f 1356/1082/1088 1358/1086/1092 1423/1083/1089
f 1423/1083/1089 1358/1086/1092 1331/1087/1126
f 1423/1083/1089 1331/1087/1126 1360/1088/1094
f 1355/1084/1275 1423/1083/1089 1360/1088/1094
f 1355/1084/1275 1360/1088/1094 1330/1089/1276
f 1330/1089/1276 1360/1088/1094 1424/1090/1277
f 1330/1089/1276 1424/1090/1277 1361/1091/1278
f 1360/1088/1094 1331/1087/1126 1363/1092/1100
f 1360/1088/1094 1363/1092/1100 1424/1090/1277
f 1425/1093/1099 1365/1094/1100 1336/1095/1101
f 1425/1093/1099 1336/1095/1101 1367/1096/1102
f 1362/1097/1279 1425/1093/1099 1367/1096/1102
f 1362/1097/1279 1367/1096/1102 1335/1098/1280
f 1335/1098/1280 1367/1096/1102 1426/1099/1105
f 1335/1098/1280 1426/1099/1105 1368/1100/1281
f 1367/1096/1102 1336/1095/1101 1369/1101/1282
f 1367/1096/1102 1369/1101/1282 1426/1099/1105
f 1426/1099/1105 1369/1101/1282 1334/1102/1108
f 1426/1099/1105 1334/1102/1108 1370/1103/1109
f 1368/1100/1281 1426/1099/1105 1370/1103/1109
f 1368/1100/1281 1370/1103/1109 1333/1104/1283
f 1333/1104/1283 1370/1103/1109 1428/1105/1284
f 1333/1104/1283 1428/1105/1284 1372/1106/1285
f 1370/1103/1109 1334/1102/1108 1375/1107/1113
f 1370/1103/1109 1375/1107/1113 1428/1105/1284
f 1427/1108/1111 1373/1109/1113 1328/1085/1091
f 1427/1108/1111 1328/1085/1091 1357/1082/1115
f 1371/1110/1286 1427/1108/1111 1357/1082/1115
f 1371/1110/1286 1357/1082/1115 1326/1081/1287
f 1361/1091/1278 1451/1169/1288 1422/1170/1289
f 1361/1091/1278 1422/1170/1289 1330/1089/1276
f 1335/1098/1280 1421/1171/1290 1452/1172/1288
f 1335/1098/1280 1452/1172/1288 1362/1097/1279
f 1347/1084/1291 1470/1174/1292 1340/1144/1293
f 1347/1084/1291 1340/1144/1293 1447/1081/1274
f 1372/1106/1285 1442/1141/1294 1420/1142/1295
f 1372/1106/1285 1420/1142/1295 1333/1104/1283
f 1336/1095/1101 1366/1094/1100 1431/1119/1125
f 1336/1095/1101 1431/1119/1125 1369/1101/1282
f 1364/1092/1100 1332/1087/1296 1359/1086/1297
f 1364/1092/1100 1359/1086/1297 1430/1120/1298
f 1430/1120/1298 1359/1086/1297 1329/1085/1129
f 1430/1120/1298 1329/1085/1129 1374/1109/1113
f 1369/1101/1282 1431/1119/1125 1376/1107/1113
f 1369/1101/1282 1376/1107/1113 1334/1102/1108
f 1395/1101/1282 1462/1119/1298 1391/1107/1113
f 1395/1101/1282 1391/1107/1113 1405/1102/1108
f 1403/1095/1101 1438/1094/1100 1462/1119/1298
f 1403/1095/1101 1462/1119/1298 1395/1101/1282
f 1440/1097/1279 1457/1093/1099 1434/1096/1102
f 1440/1097/1279 1434/1096/1102 1404/1098/1280
f 1443/1089/1276 1342/1088/1094 1456/1090/1099
f 1443/1089/1276 1456/1090/1099 1439/1091/1299
f 1355/1084/1275 1454/1174/1292 1418/1144/1300
f 1355/1084/1275 1418/1144/1300 1325/1081/1274
f 1333/1104/1283 1420/1142/1295 1453/1173/1301
f 1333/1104/1283 1453/1173/1301 1368/1100/1281
f 1461/1120/1298 1344/1086/1127 1446/1085/1129
f 1461/1120/1298 1446/1085/1129 1389/1109/1113
f 1393/1106/1285 1464/1141/1302 1339/1142/1295
f 1393/1106/1285 1339/1142/1295 1406/1104/1283
f 1368/1100/1281 1453/1173/1301 1421/1171/1290
f 1368/1100/1281 1421/1171/1290 1335/1098/1280
f 1326/1081/1287 1419/1144/1303 1441/1145/1304
f 1326/1081/1287 1441/1145/1304 1371/1110/1286
f 1466/1168/1178 1381/1167/1305 1396/1149/1306
f 1466/1168/1178 1396/1149/1306 1379/1148/1307
f 1384/1165/1184 1397/1166/1308 1381/1167/1305
f 1384/1165/1184 1381/1167/1305 1466/1168/1178
f 1404/1098/1280 1434/1096/1102 1458/1099/1309
f 1404/1098/1280 1458/1099/1309 1429/1100/1310
f 1447/1081/1274 1345/1082/1088 1455/1083/1089
f 1447/1081/1274 1455/1083/1089 1347/1084/1291
f 1404/1098/1280 1338/1171/1311 1468/1172/1288
f 1404/1098/1280 1468/1172/1288 1440/1097/1279
f 1406/1104/1283 1339/1142/1295 1469/1173/1312
f 1406/1104/1283 1469/1173/1312 1429/1100/1310
f 1330/1089/1276 1422/1170/1289 1454/1174/1292
f 1330/1089/1276 1454/1174/1292 1355/1084/1275
f 1342/1088/1094 1432/1087/1126 1435/1092/1098
f 1342/1088/1094 1435/1092/1098 1456/1090/1099
f 1441/1145/1304 1419/1144/1303 1352/1146/1313
f 1441/1145/1304 1352/1146/1313 1415/1147/1314
f 1420/1142/1295 1442/1141/1294 1417/1148/1315
f 1420/1142/1295 1417/1148/1315 1354/1149/1316
f 1429/1100/1310 1469/1173/1312 1338/1171/1311
f 1429/1100/1310 1338/1171/1311 1404/1098/1280
f 1448/1081/1317 1341/1144/1303 1463/1145/1318
f 1448/1081/1317 1463/1145/1318 1392/1110/1286
f 1458/1099/1309 1395/1101/1282 1405/1102/1108
f 1458/1099/1309 1405/1102/1108 1394/1103/1109
f 1434/1096/1102 1403/1095/1101 1395/1101/1282
f 1434/1096/1102 1395/1101/1282 1458/1099/1309
f 1339/1142/1295 1464/1141/1302 1380/1148/1315
f 1339/1142/1295 1380/1148/1315 1396/1149/1306
f 1401/1161/1319 1382/1162/1184 1465/1163/1320
f 1401/1161/1319 1465/1163/1320 1386/1164/1321
f 1347/1084/1291 1455/1083/1089 1342/1088/1094
f 1347/1084/1291 1342/1088/1094 1443/1089/1276
f 1455/1083/1089 1343/1086/1092 1432/1087/1126
f 1455/1083/1089 1432/1087/1126 1342/1088/1094
f 1443/1089/1276 1337/1170/1322 1470/1174/1292
f 1443/1089/1276 1470/1174/1292 1347/1084/1291
f 1463/1145/1318 1341/1144/1303 1400/1146/1313
f 1463/1145/1318 1400/1146/1313 1378/1147/1323
f 1345/1082/1088 1444/1085/1129 1343/1086/1092
f 1345/1082/1088 1343/1086/1092 1455/1083/1089
f 1457/1093/1099 1437/1094/1098 1403/1095/1101
f 1457/1093/1099 1403/1095/1101 1434/1096/1102
f 1348/1161/1324 1409/1162/1325 1449/1163/1326
f 1348/1161/1324 1449/1163/1326 1407/1164/1188
f 1411/1165/1327 1353/1166/1328 1413/1167/1329
f 1411/1165/1327 1413/1167/1329 1450/1168/1330
f 1450/1168/1330 1413/1167/1329 1354/1149/1316
f 1450/1168/1330 1354/1149/1316 1416/1148/1307
f 1407/1164/1188 1449/1163/1326 1414/1147/1331
f 1407/1164/1188 1414/1147/1331 1350/1146/1157
f 1394/1103/1109 1405/1102/1108 1390/1107/1113
f 1394/1103/1109 1390/1107/1113 1460/1105/1332
f 1459/1108/1114 1388/1109/1113 1445/1085/1091
f 1459/1108/1114 1445/1085/1091 1346/1082/1115
f 1452/1172/1288 1421/1171/1290 1353/1166/1328
f 1452/1172/1288 1353/1166/1328 1412/1165/1333
f 1422/1170/1289 1451/1169/1288 1410/1162/1334
f 1422/1170/1289 1410/1162/1334 1349/1161/1324
f 1429/1100/1310 1458/1099/1309 1394/1103/1109
f 1429/1100/1310 1394/1103/1109 1406/1104/1283
f 1406/1104/1283 1394/1103/1109 1460/1105/1332
f 1406/1104/1283 1460/1105/1332 1393/1106/1285
f 1453/1173/1301 1420/1142/1295 1354/1149/1316
f 1453/1173/1301 1354/1149/1316 1413/1167/1329
f 1421/1171/1290 1453/1173/1301 1413/1167/1329
f 1421/1171/1290 1413/1167/1329 1353/1166/1328
f 1392/1110/1286 1459/1108/1114 1346/1082/1115
f 1392/1110/1286 1346/1082/1115 1448/1081/1317
f 1439/1091/1299 1467/1169/1288 1337/1170/1322
f 1439/1091/1299 1337/1170/1322 1443/1089/1276
f 1454/1174/1292 1422/1170/1289 1349/1161/1324
f 1454/1174/1292 1349/1161/1324 1408/1164/1188
f 1418/1144/1300 1454/1174/1292 1408/1164/1188
f 1418/1144/1300 1408/1164/1188 1351/1146/1335
f 1436/1092/1100 1433/1087/1093 1344/1086/1127
f 1436/1092/1100 1344/1086/1127 1461/1120/1298
f 1386/1164/1321 1465/1163/1320 1377/1147/1179
f 1386/1164/1321 1377/1147/1179 1398/1146/1313
f 1468/1172/1288 1338/1171/1311 1397/1166/1308
f 1468/1172/1288 1397/1166/1308 1385/1165/1173
f 1337/1170/1322 1467/1169/1288 1383/1162/1336
f 1337/1170/1322 1383/1162/1336 1402/1161/1185
f 1469/1173/1312 1339/1142/1295 1396/1149/1306
f 1469/1173/1312 1396/1149/1306 1381/1167/1305
f 1338/1171/1311 1469/1173/1312 1381/1167/1305
f 1338/1171/1311 1381/1167/1305 1397/1166/1308
f 1470/1174/1292 1337/1170/1322 1402/1161/1185
f 1470/1174/1292 1402/1161/1185 1387/1164/1321
f 1340/1144/1293 1470/1174/1292 1387/1164/1321
f 1340/1144/1293 1387/1164/1321 1399/1146/1335
f 1481/1084/1275 1543/1174/1337 1474/1144/1338
f 1481/1084/1275 1474/1144/1338 1526/1081/1274
f 1500/1101/1282 1535/1119/1298 1496/1107/1113
f 1500/1101/1282 1496/1107/1113 1510/1102/1108
f 1508/1095/1339 1519/1094/1100 1535/1119/1298
f 1508/1095/1339 1535/1119/1298 1500/1101/1282
f 1521/1097/1279 1530/1093/1340 1515/1096/1102
f 1521/1097/1279 1515/1096/1102 1509/1098/1280
f 1522/1089/1276 1476/1088/1094 1529/1090/1096
f 1522/1089/1276 1529/1090/1096 1520/1091/1299
f 1534/1120/1128 1478/1086/1297 1525/1085/1129
f 1534/1120/1128 1525/1085/1129 1494/1109/1113
f 1498/1106/1285 1537/1141/1341 1473/1142/1342
f 1498/1106/1285 1473/1142/1342 1511/1104/1283
f 1539/1168/1174 1486/1167/1343 1501/1149/1344
f 1539/1168/1174 1501/1149/1344 1484/1148/1345
f 1489/1165/1346 1502/1166/1347 1486/1167/1343
f 1489/1165/1346 1486/1167/1343 1539/1168/1174
f 1509/1098/1280 1515/1096/1102 1531/1099/1309
f 1509/1098/1280 1531/1099/1309 1512/1100/1348
f 1526/1081/1274 1479/1082/1088 1528/1083/1349
f 1526/1081/1274 1528/1083/1349 1481/1084/1275
f 1509/1098/1280 1472/1171/1350 1541/1172/1288
f 1509/1098/1280 1541/1172/1288 1521/1097/1279
f 1511/1104/1283 1473/1142/1342 1542/1173/1351
f 1511/1104/1283 1542/1173/1351 1512/1100/1348
f 1476/1088/1094 1513/1087/1093 1516/1092/1098
f 1476/1088/1094 1516/1092/1098 1529/1090/1096
f 1512/1100/1348 1542/1173/1351 1472/1171/1350
f 1512/1100/1348 1472/1171/1350 1509/1098/1280
f 1527/1081/1287 1475/1144/1352 1536/1145/1353
f 1527/1081/1287 1536/1145/1353 1497/1110/1286
f 1531/1099/1309 1500/1101/1282 1510/1102/1108
f 1531/1099/1309 1510/1102/1108 1499/1103/1109
f 1515/1096/1102 1508/1095/1339 1500/1101/1282
f 1515/1096/1102 1500/1101/1282 1531/1099/1309
f 1473/1142/1342 1537/1141/1341 1485/1148/1354
f 1473/1142/1342 1485/1148/1354 1501/1149/1344
f 1506/1161/1355 1487/1162/1356 1538/1163/1357
f 1506/1161/1355 1538/1163/1357 1491/1164/1358
f 1481/1084/1275 1528/1083/1349 1476/1088/1094
f 1481/1084/1275 1476/1088/1094 1522/1089/1276
f 1528/1083/1349 1477/1086/1359 1513/1087/1093
f 1528/1083/1349 1513/1087/1093 1476/1088/1094
f 1522/1089/1276 1471/1170/1322 1543/1174/1337
f 1522/1089/1276 1543/1174/1337 1481/1084/1275
f 1536/1145/1353 1475/1144/1352 1505/1146/1360
f 1536/1145/1353 1505/1146/1360 1483/1147/1361
f 1479/1082/1088 1523/1085/1091 1477/1086/1359
f 1479/1082/1088 1477/1086/1359 1528/1083/1349
f 1530/1093/1340 1518/1094/1362 1508/1095/1339
f 1530/1093/1340 1508/1095/1339 1515/1096/1102
f 1499/1103/1109 1510/1102/1108 1495/1107/1113
f 1499/1103/1109 1495/1107/1113 1533/1105/1111
f 1532/1108/1114 1493/1109/1363 1524/1085/1091
f 1532/1108/1114 1524/1085/1091 1480/1082/1115
f 1512/1100/1348 1531/1099/1309 1499/1103/1109
f 1512/1100/1348 1499/1103/1109 1511/1104/1283
f 1511/1104/1283 1499/1103/1109 1533/1105/1111
f 1511/1104/1283 1533/1105/1111 1498/1106/1285
f 1497/1110/1286 1532/1108/1114 1480/1082/1115
f 1497/1110/1286 1480/1082/1115 1527/1081/1287
f 1520/1091/1299 1540/1169/1288 1471/1170/1322
f 1520/1091/1299 1471/1170/1322 1522/1089/1276
f 1517/1092/1098 1514/1087/1093 1478/1086/1297
f 1517/1092/1098 1478/1086/1297 1534/1120/1128
f 1491/1164/1358 1538/1163/1357 1482/1147/1364
f 1491/1164/1358 1482/1147/1364 1503/1146/1365
f 1541/1172/1288 1472/1171/1350 1502/1166/1347
f 1541/1172/1288 1502/1166/1347 1490/1165/1356
f 1471/1170/1322 1540/1169/1288 1488/1162/1336
f 1471/1170/1322 1488/1162/1336 1507/1161/1366
f 1542/1173/1351 1473/1142/1342 1501/1149/1344
f 1542/1173/1351 1501/1149/1344 1486/1167/1343
f 1472/1171/1350 1542/1173/1351 1486/1167/1343
f 1472/1171/1350 1486/1167/1343 1502/1166/1347
f 1543/1174/1337 1471/1170/1322 1507/1161/1366
f 1543/1174/1337 1507/1161/1366 1492/1164/1358
f 1474/1144/1338 1543/1174/1337 1492/1164/1358
f 1474/1144/1338 1492/1164/1358 1504/1146/1365
f 1554/1084/1367 1616/1174/1292 1547/1144/1300
f 1554/1084/1367 1547/1144/1300 1599/1081/1274
f 1573/1101/1282 1608/1119/1298 1569/1107/1113
f 1573/1101/1282 1569/1107/1113 1583/1102/1108
f 1581/1095/1101 1592/1094/1098 1608/1119/1298
f 1581/1095/1101 1608/1119/1298 1573/1101/1282
f 1594/1097/1368 1603/1093/1099 1588/1096/1102
f 1594/1097/1368 1588/1096/1102 1582/1098/1280
f 1595/1089/1276 1549/1088/1094 1602/1090/1096
f 1595/1089/1276 1602/1090/1096 1593/1091/1299
f 1607/1120/1298 1551/1086/1297 1598/1085/1129
f 1607/1120/1298 1598/1085/1129 1567/1109/1113
f 1571/1106/1285 1610/1141/1294 1546/1142/1369
f 1571/1106/1285 1546/1142/1369 1584/1104/1370
f 1612/1168/1178 1559/1167/1329 1574/1149/1371
f 1612/1168/1178 1574/1149/1371 1557/1148/1372
f 1562/1165/1173 1575/1166/1373 1559/1167/1329
f 1562/1165/1173 1559/1167/1329 1612/1168/1178
f 1582/1098/1280 1588/1096/1102 1604/1099/1105
f 1582/1098/1280 1604/1099/1105 1585/1100/1374
f 1599/1081/1274 1552/1082/1088 1601/1083/1089
f 1599/1081/1274 1601/1083/1089 1554/1084/1367
f 1582/1098/1280 1545/1171/1375 1614/1172/1376
f 1582/1098/1280 1614/1172/1376 1594/1097/1368
f 1584/1104/1370 1546/1142/1369 1615/1173/1301
f 1584/1104/1370 1615/1173/1301 1585/1100/1374
f 1549/1088/1094 1586/1087/1093 1589/1092/1098
f 1549/1088/1094 1589/1092/1098 1602/1090/1096
f 1585/1100/1374 1615/1173/1301 1545/1171/1375
f 1585/1100/1374 1545/1171/1375 1582/1098/1280
f 1600/1081/1287 1548/1144/1377 1609/1145/1378
f 1600/1081/1287 1609/1145/1378 1570/1110/1286
f 1604/1099/1105 1573/1101/1282 1583/1102/1108
f 1604/1099/1105 1583/1102/1108 1572/1103/1379
f 1588/1096/1102 1581/1095/1101 1573/1101/1282
f 1588/1096/1102 1573/1101/1282 1604/1099/1105
f 1546/1142/1369 1610/1141/1294 1558/1148/1364
f 1546/1142/1369 1558/1148/1364 1574/1149/1371
f 1579/1161/1380 1560/1162/1381 1611/1163/1382
f 1579/1161/1380 1611/1163/1382 1564/1164/1383
f 1554/1084/1367 1601/1083/1089 1549/1088/1094
f 1554/1084/1367 1549/1088/1094 1595/1089/1276
f 1601/1083/1089 1550/1086/1092 1586/1087/1093
f 1601/1083/1089 1586/1087/1093 1549/1088/1094
f 1595/1089/1276 1544/1170/1384 1616/1174/1292
f 1595/1089/1276 1616/1174/1292 1554/1084/1367
f 1609/1145/1378 1548/1144/1377 1578/1146/1365
f 1609/1145/1378 1578/1146/1365 1556/1147/1158
f 1552/1082/1088 1596/1085/1091 1550/1086/1092
f 1552/1082/1088 1550/1086/1092 1601/1083/1089
f 1603/1093/1099 1591/1094/1098 1581/1095/1101
f 1603/1093/1099 1581/1095/1101 1588/1096/1102
f 1572/1103/1379 1583/1102/1108 1568/1107/1113
f 1572/1103/1379 1568/1107/1113 1606/1105/1284
f 1605/1108/1114 1566/1109/1113 1597/1085/1129
f 1605/1108/1114 1597/1085/1129 1553/1082/1088
f 1585/1100/1374 1604/1099/1105 1572/1103/1379
f 1585/1100/1374 1572/1103/1379 1584/1104/1370
f 1584/1104/1370 1572/1103/1379 1606/1105/1284
f 1584/1104/1370 1606/1105/1284 1571/1106/1285
f 1570/1110/1286 1605/1108/1114 1553/1082/1088
f 1570/1110/1286 1553/1082/1088 1600/1081/1287
f 1593/1091/1299 1613/1169/1385 1544/1170/1384
f 1593/1091/1299 1544/1170/1384 1595/1089/1276
f 1590/1092/1100 1587/1087/1093 1551/1086/1297
f 1590/1092/1100 1551/1086/1297 1607/1120/1298
f 1564/1164/1383 1611/1163/1382 1555/1147/1158
f 1564/1164/1383 1555/1147/1158 1576/1146/1189
f 1614/1172/1376 1545/1171/1375 1575/1166/1373
f 1614/1172/1376 1575/1166/1373 1563/1165/1386
f 1544/1170/1384 1613/1169/1385 1561/1162/1387
f 1544/1170/1384 1561/1162/1387 1580/1161/1388
f 1615/1173/1301 1546/1142/1369 1574/1149/1371
f 1615/1173/1301 1574/1149/1371 1559/1167/1329
f 1545/1171/1375 1615/1173/1301 1559/1167/1329
f 1545/1171/1375 1559/1167/1329 1575/1166/1373
f 1616/1174/1292 1544/1170/1384 1580/1161/1388
f 1616/1174/1292 1580/1161/1388 1565/1164/1389
f 1547/1144/1300 1616/1174/1292 1565/1164/1389
f 1547/1144/1300 1565/1164/1389 1577/1146/1189
f 1627/1084/1275 1689/1174/1337 1620/1144/1390
f 1627/1084/1275 1620/1144/1390 1672/1081/1274
f 1646/1101/1282 1681/1119/1298 1642/1107/1391
f 1646/1101/1282 1642/1107/1391 1656/1102/1392
f 1654/1095/1393 1665/1094/1100 1681/1119/1298
f 1654/1095/1393 1681/1119/1298 1646/1101/1282
f 1667/1097/1279 1676/1093/1340 1661/1096/1102
f 1667/1097/1279 1661/1096/1102 1655/1098/1280
f 1668/1089/1394 1622/1088/1094 1675/1090/1395
f 1668/1089/1394 1675/1090/1395 1666/1091/1299
f 1680/1120/1128 1624/1086/1359 1671/1085/1091
f 1680/1120/1128 1671/1085/1091 1640/1109/1113
f 1644/1106/1285 1683/1141/1304 1619/1142/1342
f 1644/1106/1285 1619/1142/1342 1657/1104/1370
f 1685/1168/1396 1632/1167/1397 1647/1149/1398
f 1685/1168/1396 1647/1149/1398 1630/1148/1399
f 1635/1165/1400 1648/1166/1401 1632/1167/1397
f 1635/1165/1400 1632/1167/1397 1685/1168/1396
f 1655/1098/1280 1661/1096/1102 1677/1099/1402
f 1655/1098/1280 1677/1099/1402 1658/1100/1348
f 1672/1081/1274 1625/1082/1088 1674/1083/1349
f 1672/1081/1274 1674/1083/1349 1627/1084/1275
f 1655/1098/1280 1618/1171/1311 1687/1172/1288
f 1655/1098/1280 1687/1172/1288 1667/1097/1279
f 1657/1104/1370 1619/1142/1342 1688/1173/1351
f 1657/1104/1370 1688/1173/1351 1658/1100/1348
f 1622/1088/1094 1659/1087/1126 1662/1092/1100
f 1622/1088/1094 1662/1092/1100 1675/1090/1395
f 1658/1100/1348 1688/1173/1351 1618/1171/1311
f 1658/1100/1348 1618/1171/1311 1655/1098/1280
f 1673/1081/1287 1621/1144/1338 1682/1145/1294
f 1673/1081/1287 1682/1145/1294 1643/1110/1286
f 1677/1099/1402 1646/1101/1282 1656/1102/1392
f 1677/1099/1402 1656/1102/1392 1645/1103/1403
f 1661/1096/1102 1654/1095/1393 1646/1101/1282
f 1661/1096/1102 1646/1101/1282 1677/1099/1402
f 1619/1142/1342 1683/1141/1304 1631/1148/1404
f 1619/1142/1342 1631/1148/1404 1647/1149/1398
f 1652/1161/1405 1633/1162/1406 1684/1163/1407
f 1652/1161/1405 1684/1163/1407 1637/1164/1408
f 1627/1084/1275 1674/1083/1349 1622/1088/1094
f 1627/1084/1275 1622/1088/1094 1668/1089/1394
f 1674/1083/1349 1623/1086/1092 1659/1087/1126
f 1674/1083/1349 1659/1087/1126 1622/1088/1094
f 1668/1089/1394 1617/1170/1322 1689/1174/1337
f 1668/1089/1394 1689/1174/1337 1627/1084/1275
f 1682/1145/1294 1621/1144/1338 1651/1146/1409
f 1682/1145/1294 1651/1146/1409 1629/1147/1354
f 1625/1082/1088 1669/1085/1091 1623/1086/1092
f 1625/1082/1088 1623/1086/1092 1674/1083/1349
f 1676/1093/1340 1664/1094/1410 1654/1095/1393
f 1676/1093/1340 1654/1095/1393 1661/1096/1102
f 1645/1103/1403 1656/1102/1392 1641/1107/1411
f 1645/1103/1403 1641/1107/1411 1679/1105/1111
f 1678/1108/1111 1639/1109/1113 1670/1085/1129
f 1678/1108/1111 1670/1085/1129 1626/1082/1412
f 1658/1100/1348 1677/1099/1402 1645/1103/1403
f 1658/1100/1348 1645/1103/1403 1657/1104/1370
f 1657/1104/1370 1645/1103/1403 1679/1105/1111
f 1657/1104/1370 1679/1105/1111 1644/1106/1285
f 1643/1110/1286 1678/1108/1111 1626/1082/1412
f 1643/1110/1286 1626/1082/1412 1673/1081/1287
f 1666/1091/1299 1686/1169/1288 1617/1170/1322
f 1666/1091/1299 1617/1170/1322 1668/1089/1394
f 1663/1092/1100 1660/1087/1093 1624/1086/1359
f 1663/1092/1100 1624/1086/1359 1680/1120/1128
f 1637/1164/1408 1684/1163/1407 1628/1147/1364
f 1637/1164/1408 1628/1147/1364 1649/1146/1413
f 1687/1172/1288 1618/1171/1311 1648/1166/1401
f 1687/1172/1288 1648/1166/1401 1636/1165/1414
f 1617/1170/1322 1686/1169/1288 1634/1162/1334
f 1617/1170/1322 1634/1162/1334 1653/1161/1324
f 1688/1173/1351 1619/1142/1342 1647/1149/1398
f 1688/1173/1351 1647/1149/1398 1632/1167/1397
f 1618/1171/1311 1688/1173/1351 1632/1167/1397
f 1618/1171/1311 1632/1167/1397 1648/1166/1401
f 1689/1174/1337 1617/1170/1322 1653/1161/1324
f 1689/1174/1337 1653/1161/1324 1638/1164/1415
f 1620/1144/1390 1689/1174/1337 1638/1164/1415
f 1620/1144/1390 1638/1164/1415 1650/1146/1416
f 1700/1084/1367 1762/1174/1337 1693/1144/1417
f 1700/1084/1367 1693/1144/1417 1745/1081/1418
f 1719/1101/1282 1754/1119/1419 1715/1107/1113
f 1719/1101/1282 1715/1107/1113 1729/1102/1420
f 1727/1095/1393 1738/1094/1100 1754/1119/1419
f 1727/1095/1393 1754/1119/1419 1719/1101/1282
f 1740/1097/1368 1749/1093/1421 1734/1096/1102
f 1740/1097/1368 1734/1096/1102 1728/1098/1280
f 1741/1089/1394 1695/1088/1422 1748/1090/1096
f 1741/1089/1394 1748/1090/1096 1739/1091/1423
f 1753/1120/1298 1697/1086/1359 1744/1085/1129
f 1753/1120/1298 1744/1085/1129 1713/1109/1391
f 1717/1106/1424 1756/1141/1425 1692/1142/1342
f 1717/1106/1424 1692/1142/1342 1730/1104/1283
f 1758/1168/1407 1705/1167/1426 1720/1149/1427
f 1758/1168/1407 1720/1149/1427 1703/1148/1428
f 1708/1165/1429 1721/1166/1401 1705/1167/1426
f 1708/1165/1429 1705/1167/1426 1758/1168/1407
f 1728/1098/1280 1734/1096/1102 1750/1099/1105
f 1728/1098/1280 1750/1099/1105 1731/1100/1310
f 1745/1081/1418 1698/1082/1115 1747/1083/1089
f 1745/1081/1418 1747/1083/1089 1700/1084/1367
f 1728/1098/1280 1691/1171/1430 1760/1172/1431
f 1728/1098/1280 1760/1172/1431 1740/1097/1368
f 1730/1104/1283 1692/1142/1342 1761/1173/1432
f 1730/1104/1283 1761/1173/1432 1731/1100/1310
f 1695/1088/1422 1732/1087/1093 1735/1092/1433
f 1695/1088/1422 1735/1092/1433 1748/1090/1096
f 1731/1100/1310 1761/1173/1432 1691/1171/1430
f 1731/1100/1310 1691/1171/1430 1728/1098/1280
f 1746/1081/1418 1694/1144/1417 1755/1145/1294
f 1746/1081/1418 1755/1145/1294 1716/1110/1434
f 1750/1099/1105 1719/1101/1282 1729/1102/1420
f 1750/1099/1105 1729/1102/1420 1718/1103/1109
f 1734/1096/1102 1727/1095/1393 1719/1101/1282
f 1734/1096/1102 1719/1101/1282 1750/1099/1105
f 1692/1142/1342 1756/1141/1425 1704/1148/1428
f 1692/1142/1342 1704/1148/1428 1720/1149/1427
f 1725/1161/1435 1706/1162/1436 1757/1163/1437
f 1725/1161/1435 1757/1163/1437 1710/1164/1438
f 1700/1084/1367 1747/1083/1089 1695/1088/1422
f 1700/1084/1367 1695/1088/1422 1741/1089/1394
f 1747/1083/1089 1696/1086/1127 1732/1087/1093
f 1747/1083/1089 1732/1087/1093 1695/1088/1422
f 1741/1089/1394 1690/1170/1439 1762/1174/1337
f 1741/1089/1394 1762/1174/1337 1700/1084/1367
f 1755/1145/1294 1694/1144/1417 1724/1146/1365
f 1755/1145/1294 1724/1146/1365 1702/1147/1364
f 1698/1082/1115 1742/1085/1440 1696/1086/1127
f 1698/1082/1115 1696/1086/1127 1747/1083/1089
f 1749/1093/1421 1737/1094/1100 1727/1095/1393
f 1749/1093/1421 1727/1095/1393 1734/1096/1102
f 1718/1103/1109 1729/1102/1420 1714/1107/1113
f 1718/1103/1109 1714/1107/1113 1752/1105/1111
f 1751/1108/1111 1712/1109/1363 1743/1085/1091
f 1751/1108/1111 1743/1085/1091 1699/1082/1088
f 1731/1100/1310 1750/1099/1105 1718/1103/1109
f 1731/1100/1310 1718/1103/1109 1730/1104/1283
f 1730/1104/1283 1718/1103/1109 1752/1105/1111
f 1730/1104/1283 1752/1105/1111 1717/1106/1424
f 1716/1110/1434 1751/1108/1111 1699/1082/1088
f 1716/1110/1434 1699/1082/1088 1746/1081/1418
f 1739/1091/1423 1759/1169/1441 1690/1170/1439
f 1739/1091/1423 1690/1170/1439 1741/1089/1394
f 1736/1092/1442 1733/1087/1443 1697/1086/1359
f 1736/1092/1442 1697/1086/1359 1753/1120/1298
f 1710/1164/1438 1757/1163/1437 1701/1147/1444
f 1710/1164/1438 1701/1147/1444 1722/1146/1445
f 1760/1172/1431 1691/1171/1430 1721/1166/1401
f 1760/1172/1431 1721/1166/1401 1709/1165/1446
f 1690/1170/1439 1759/1169/1441 1707/1162/1447
f 1690/1170/1439 1707/1162/1447 1726/1161/1448
f 1761/1173/1432 1692/1142/1342 1720/1149/1427
f 1761/1173/1432 1720/1149/1427 1705/1167/1426
f 1691/1171/1430 1761/1173/1432 1705/1167/1426
f 1691/1171/1430 1705/1167/1426 1721/1166/1401
f 1762/1174/1337 1690/1170/1439 1726/1161/1448
f 1762/1174/1337 1726/1161/1448 1711/1164/1383
f 1693/1144/1417 1762/1174/1337 1711/1164/1383
f 1693/1144/1417 1711/1164/1383 1723/1146/1313
f 1763/1081/1274 1783/1082/1088 1820/1083/1349
f 1763/1081/1274 1820/1083/1349 1782/1084/1275
f 1783/1082/1088 1765/1085/1091 1785/1086/1092
f 1783/1082/1088 1785/1086/1092 1820/1083/1349
f 1820/1083/1349 1785/1086/1092 1769/1087/1449
f 1820/1083/1349 1769/1087/1449 1787/1088/1094
f 1782/1084/1275 1820/1083/1349 1787/1088/1094
f 1782/1084/1275 1787/1088/1094 1768/1089/1276
f 1768/1089/1276 1787/1088/1094 1821/1090/1099
f 1768/1089/1276 1821/1090/1099 1788/1091/1299
f 1787/1088/1094 1769/1087/1449 1790/1092/1100
f 1787/1088/1094 1790/1092/1100 1821/1090/1099
f 1822/1093/1099 1792/1094/1100 1774/1095/1101
f 1822/1093/1099 1774/1095/1101 1794/1096/1102
f 1789/1097/1279 1822/1093/1099 1794/1096/1102
f 1789/1097/1279 1794/1096/1102 1773/1098/1280
f 1773/1098/1280 1794/1096/1102 1823/1099/1105
f 1773/1098/1280 1823/1099/1105 1795/1100/1310
f 1794/1096/1102 1774/1095/1101 1796/1101/1282
f 1794/1096/1102 1796/1101/1282 1823/1099/1105
f 1823/1099/1105 1796/1101/1282 1772/1102/1108
f 1823/1099/1105 1772/1102/1108 1797/1103/1109
f 1795/1100/1310 1823/1099/1105 1797/1103/1109
f 1795/1100/1310 1797/1103/1109 1771/1104/1283
f 1771/1104/1283 1797/1103/1109 1825/1105/1284
f 1771/1104/1283 1825/1105/1284 1799/1106/1285
f 1797/1103/1109 1772/1102/1108 1802/1107/1113
f 1797/1103/1109 1802/1107/1113 1825/1105/1284
f 1824/1108/1111 1800/1109/1113 1766/1085/1129
f 1824/1108/1111 1766/1085/1129 1784/1082/1115
f 1798/1110/1286 1824/1108/1111 1784/1082/1115
f 1798/1110/1286 1784/1082/1115 1764/1081/1287
f 1788/1091/1299 1832/1169/1288 1819/1170/1450
f 1788/1091/1299 1819/1170/1450 1768/1089/1276
f 1773/1098/1280 1818/1171/1290 1833/1172/1451
f 1773/1098/1280 1833/1172/1451 1789/1097/1279
f 1799/1106/1285 1829/1141/1294 1817/1142/1295
f 1799/1106/1285 1817/1142/1295 1771/1104/1283
f 1774/1095/1101 1793/1094/1452 1827/1119/1125
f 1774/1095/1101 1827/1119/1125 1796/1101/1282
f 1791/1092/1100 1770/1087/1093 1786/1086/1297
f 1791/1092/1100 1786/1086/1297 1826/1120/1128
f 1826/1120/1128 1786/1086/1297 1767/1085/1129
f 1826/1120/1128 1767/1085/1129 1801/1109/1113
f 1796/1101/1282 1827/1119/1125 1803/1107/1113
f 1796/1101/1282 1803/1107/1113 1772/1102/1108
f 1782/1084/1275 1835/1174/1292 1815/1144/1300
f 1782/1084/1275 1815/1144/1300 1763/1081/1274
f 1771/1104/1283 1817/1142/1295 1834/1173/1301
f 1771/1104/1283 1834/1173/1301 1795/1100/1310
f 1795/1100/1310 1834/1173/1301 1818/1171/1290
f 1795/1100/1310 1818/1171/1290 1773/1098/1280
f 1764/1081/1287 1816/1144/1303 1828/1145/1318
f 1764/1081/1287 1828/1145/1318 1798/1110/1286
f 1768/1089/1276 1819/1170/1450 1835/1174/1292
f 1768/1089/1276 1835/1174/1292 1782/1084/1275
f 1828/1145/1318 1816/1144/1303 1779/1146/1313
f 1828/1145/1318 1779/1146/1313 1812/1147/1331
f 1817/1142/1295 1829/1141/1294 1814/1148/1453
f 1817/1142/1295 1814/1148/1453 1781/1149/1454
f 1775/1161/1324 1806/1162/1447 1830/1163/1330
f 1775/1161/1324 1830/1163/1330 1804/1164/1358
f 1808/1165/1327 1780/1166/1455 1810/1167/1397
f 1808/1165/1327 1810/1167/1397 1831/1168/1456
f 1831/1168/1456 1810/1167/1397 1781/1149/1454
f 1831/1168/1456 1781/1149/1454 1813/1148/1307
f 1804/1164/1358 1830/1163/1330 1811/1147/1364
f 1804/1164/1358 1811/1147/1364 1777/1146/1157
f 1833/1172/1451 1818/1171/1290 1780/1166/1455
f 1833/1172/1451 1780/1166/1455 1809/1165/1457
f 1819/1170/1450 1832/1169/1288 1807/1162/1334
f 1819/1170/1450 1807/1162/1334 1776/1161/1388
f 1834/1173/1301 1817/1142/1295 1781/1149/1454
f 1834/1173/1301 1781/1149/1454 1810/1167/1397
f 1818/1171/1290 1834/1173/1301 1810/1167/1397
f 1818/1171/1290 1810/1167/1397 1780/1166/1455
f 1835/1174/1292 1819/1170/1450 1776/1161/1388
f 1835/1174/1292 1776/1161/1388 1805/1164/1188
f 1815/1144/1300 1835/1174/1292 1805/1164/1188
f 1815/1144/1300 1805/1164/1188 1778/1146/1365
f 1836/1081/1274 1856/1082/1088 1893/1083/1349
f 1836/1081/1274 1893/1083/1349 1855/1084/1275
f 1856/1082/1088 1838/1085/1091 1858/1086/1092
f 1856/1082/1088 1858/1086/1092 1893/1083/1349
f 1893/1083/1349 1858/1086/1092 1842/1087/1093
f 1893/1083/1349 1842/1087/1093 1860/1088/1094
f 1855/1084/1275 1893/1083/1349 1860/1088/1094
f 1855/1084/1275 1860/1088/1094 1841/1089/1276
f 1841/1089/1276 1860/1088/1094 1894/1090/1099
f 1841/1089/1276 1894/1090/1099 1861/1091/1278
f 1860/1088/1094 1842/1087/1093 1863/1092/1098
f 1860/1088/1094 1863/1092/1098 1894/1090/1099
f 1895/1093/1340 1865/1094/1100 1847/1095/1393
f 1895/1093/1340 1847/1095/1393 1867/1096/1102
f 1862/1097/1279 1895/1093/1340 1867/1096/1102
f 1862/1097/1279 1867/1096/1102 1846/1098/1280
f 1846/1098/1280 1867/1096/1102 1896/1099/1105
f 1846/1098/1280 1896/1099/1105 1868/1100/1310
f 1867/1096/1102 1847/1095/1393 1869/1101/1282
f 1867/1096/1102 1869/1101/1282 1896/1099/1105
f 1896/1099/1105 1869/1101/1282 1845/1102/1108
f 1896/1099/1105 1845/1102/1108 1870/1103/1109
f 1868/1100/1310 1896/1099/1105 1870/1103/1109
f 1868/1100/1310 1870/1103/1109 1844/1104/1283
f 1844/1104/1283 1870/1103/1109 1898/1105/1458
f 1844/1104/1283 1898/1105/1458 1872/1106/1285
f 1870/1103/1109 1845/1102/1108 1875/1107/1113
f 1870/1103/1109 1875/1107/1113 1898/1105/1458
f 1897/1108/1111 1873/1109/1113 1839/1085/1091
f 1897/1108/1111 1839/1085/1091 1857/1082/1459
f 1871/1110/1286 1897/1108/1111 1857/1082/1459
f 1871/1110/1286 1857/1082/1459 1837/1081/1287
f 1861/1091/1278 1905/1169/1288 1892/1170/1450
f 1861/1091/1278 1892/1170/1450 1841/1089/1276
f 1846/1098/1280 1891/1171/1460 1906/1172/1461
f 1846/1098/1280 1906/1172/1461 1862/1097/1279
f 1872/1106/1285 1902/1141/1302 1890/1142/1342
f 1872/1106/1285 1890/1142/1342 1844/1104/1283
f 1847/1095/1393 1866/1094/1098 1900/1119/1125
f 1847/1095/1393 1900/1119/1125 1869/1101/1282
f 1864/1092/1098 1843/1087/1093 1859/1086/1127
f 1864/1092/1098 1859/1086/1127 1899/1120/1128
f 1899/1120/1128 1859/1086/1127 1840/1085/1129
f 1899/1120/1128 1840/1085/1129 1874/1109/1113
f 1869/1101/1282 1900/1119/1125 1876/1107/1113
f 1869/1101/1282 1876/1107/1113 1845/1102/1108
f 1855/1084/1275 1908/1174/1337 1888/1144/1300
f 1855/1084/1275 1888/1144/1300 1836/1081/1274
f 1844/1104/1283 1890/1142/1342 1907/1173/1432
f 1844/1104/1283 1907/1173/1432 1868/1100/1310
f 1868/1100/1310 1907/1173/1432 1891/1171/1460
f 1868/1100/1310 1891/1171/1460 1846/1098/1280
f 1837/1081/1287 1889/1144/1462 1901/1145/1304
f 1837/1081/1287 1901/1145/1304 1871/1110/1286
f 1841/1089/1276 1892/1170/1450 1908/1174/1337
f 1841/1089/1276 1908/1174/1337 1855/1084/1275
f 1901/1145/1304 1889/1144/1462 1852/1146/1463
f 1901/1145/1304 1852/1146/1463 1885/1147/1428
f 1890/1142/1342 1902/1141/1302 1887/1148/1464
f 1890/1142/1342 1887/1148/1464 1854/1149/1465
f 1848/1161/1466 1879/1162/1184 1903/1163/1382
f 1848/1161/1466 1903/1163/1382 1877/1164/1467
f 1881/1165/1327 1853/1166/1373 1883/1167/1343
f 1881/1165/1327 1883/1167/1343 1904/1168/1174
f 1904/1168/1174 1883/1167/1343 1854/1149/1465
f 1904/1168/1174 1854/1149/1465 1886/1148/1468
f 1877/1164/1467 1903/1163/1382 1884/1147/1469
f 1877/1164/1467 1884/1147/1469 1850/1146/1189
f 1906/1172/1461 1891/1171/1460 1853/1166/1373
f 1906/1172/1461 1853/1166/1373 1882/1165/1173
f 1892/1170/1450 1905/1169/1288 1880/1162/1173
f 1892/1170/1450 1880/1162/1173 1849/1161/1366
f 1907/1173/1432 1890/1142/1342 1854/1149/1465
f 1907/1173/1432 1854/1149/1465 1883/1167/1343
f 1891/1171/1460 1907/1173/1432 1883/1167/1343
f 1891/1171/1460 1883/1167/1343 1853/1166/1373
f 1908/1174/1337 1892/1170/1450 1849/1161/1366
f 1908/1174/1337 1849/1161/1366 1878/1164/1175
f 1888/1144/1300 1908/1174/1337 1878/1164/1175
f 1888/1144/1300 1878/1164/1175 1851/1146/1463
f 1909/1081/1470 1940/1082/1471 2007/1083/1472
f 1909/1081/1470 2007/1083/1472 1939/1084/1473
f 1940/1082/1471 1911/1085/1474 1942/1086/1475
f 1940/1082/1471 1942/1086/1475 2007/1083/1472
f 2007/1083/1472 1942/1086/1475 1915/1087/1476
f 2007/1083/1472 1915/1087/1476 1944/1088/1477
f 1939/1084/1473 2007/1083/1472 1944/1088/1477
f 1939/1084/1473 1944/1088/1477 1914/1089/1478
f 1914/1089/1478 1944/1088/1477 2008/1090/1479
f 1914/1089/1478 2008/1090/1479 1945/1091/1480
f 1944/1088/1477 1915/1087/1476 1947/1092/1481
f 1944/1088/1477 1947/1092/1481 2008/1090/1479
f 2009/1093/1482 1949/1094/1481 1920/1095/1483
f 2009/1093/1482 1920/1095/1483 1951/1096/1484
f 1946/1097/1485 2009/1093/1482 1951/1096/1484
f 1946/1097/1485 1951/1096/1484 1919/1098/1486
f 1919/1098/1486 1951/1096/1484 2010/1099/1487
f 1919/1098/1486 2010/1099/1487 1952/1100/1488
f 1951/1096/1484 1920/1095/1483 1953/1101/1489
f 1951/1096/1484 1953/1101/1489 2010/1099/1487
f 2010/1099/1487 1953/1101/1489 1918/1102/1490
f 2010/1099/1487 1918/1102/1490 1954/1103/1491
f 1952/1100/1488 2010/1099/1487 1954/1103/1491
f 1952/1100/1488 1954/1103/1491 1917/1104/1492
f 1917/1104/1492 1954/1103/1491 2012/1105/1493
f 1917/1104/1492 2012/1105/1493 1956/1106/1494
f 1954/1103/1491 1918/1102/1490 1959/1107/1495
f 1954/1103/1491 1959/1107/1495 2012/1105/1493
f 2011/1108/1496 1957/1109/1495 1912/1085/1474
f 2011/1108/1496 1912/1085/1474 1941/1082/1497
f 1955/1110/1498 2011/1108/1496 1941/1082/1497
f 1955/1110/1498 1941/1082/1497 1910/1081/1499
f 1945/1091/1480 2035/1169/1500 2006/1170/1501
f 1945/1091/1480 2006/1170/1501 1914/1089/1478
f 1919/1098/1486 2005/1171/1502 2036/1172/1503
f 1919/1098/1486 2036/1172/1503 1946/1097/1485
f 1931/1084/1473 2054/1174/1504 1924/1144/1505
f 1931/1084/1473 1924/1144/1505 2031/1081/1470
f 1956/1106/1494 2026/1141/1506 2004/1142/1507
f 1956/1106/1494 2004/1142/1507 1917/1104/1492
f 1920/1095/1483 1950/1094/1508 2015/1119/1509
f 1920/1095/1483 2015/1119/1509 1953/1101/1489
f 1948/1092/1508 1916/1087/1476 1943/1086/1510
f 1948/1092/1508 1943/1086/1510 2014/1120/1509
f 2014/1120/1509 1943/1086/1510 1913/1085/1474
f 2014/1120/1509 1913/1085/1474 1958/1109/1495
f 1953/1101/1489 2015/1119/1509 1960/1107/1495
f 1953/1101/1489 1960/1107/1495 1918/1102/1490
f 1979/1101/1489 2046/1119/1509 1975/1107/1495
f 1979/1101/1489 1975/1107/1495 1989/1102/1490
f 1987/1095/1511 2022/1094/1508 2046/1119/1509
f 1987/1095/1511 2046/1119/1509 1979/1101/1489
f 2024/1097/1485 2041/1093/1482 2018/1096/1484
f 2024/1097/1485 2018/1096/1484 1988/1098/1486
f 2027/1089/1512 1926/1088/1477 2040/1090/1513
f 2027/1089/1512 2040/1090/1513 2023/1091/1480
f 1939/1084/1473 2038/1174/1504 2002/1144/1514
f 1939/1084/1473 2002/1144/1514 1909/1081/1470
f 1917/1104/1492 2004/1142/1507 2037/1173/1515
f 1917/1104/1492 2037/1173/1515 1952/1100/1488
f 2045/1120/1516 1928/1086/1510 2030/1085/1474
f 2045/1120/1516 2030/1085/1474 1973/1109/1495
f 1977/1106/1494 2048/1141/1517 1923/1142/1507
f 1977/1106/1494 1923/1142/1507 1990/1104/1492
f 1952/1100/1488 2037/1173/1515 2005/1171/1502
f 1952/1100/1488 2005/1171/1502 1919/1098/1486
f 1910/1081/1499 2003/1144/1518 2025/1145/1519
f 1910/1081/1499 2025/1145/1519 1955/1110/1498
f 2050/1168/1520 1965/1167/1521 1980/1149/1522
f 2050/1168/1520 1980/1149/1522 1963/1148/1523
f 1968/1165/1524 1981/1166/1525 1965/1167/1521
f 1968/1165/1524 1965/1167/1521 2050/1168/1520
f 1988/1098/1486 2018/1096/1484 2042/1099/1487
f 1988/1098/1486 2042/1099/1487 2013/1100/1526
f 2031/1081/1470 1929/1082/1471 2039/1083/1472
f 2031/1081/1470 2039/1083/1472 1931/1084/1473
f 1988/1098/1486 1922/1171/1527 2052/1172/1503
f 1988/1098/1486 2052/1172/1503 2024/1097/1485
f 1990/1104/1492 1923/1142/1507 2053/1173/1515
f 1990/1104/1492 2053/1173/1515 2013/1100/1526
f 1914/1089/1478 2006/1170/1501 2038/1174/1504
f 1914/1089/1478 2038/1174/1504 1939/1084/1473
f 1926/1088/1477 2016/1087/1476 2019/1092/1481
f 1926/1088/1477 2019/1092/1481 2040/1090/1513
f 2025/1145/1519 2003/1144/1518 1936/1146/1528
f 2025/1145/1519 1936/1146/1528 1999/1147/1529
f 2004/1142/1507 2026/1141/1506 2001/1148/1529
f 2004/1142/1507 2001/1148/1529 1938/1149/1530
f 2013/1100/1526 2053/1173/1515 1922/1171/1527
f 2013/1100/1526 1922/1171/1527 1988/1098/1486
f 2032/1081/1531 1925/1144/1514 2047/1145/1532
f 2032/1081/1531 2047/1145/1532 1976/1110/1498
f 2042/1099/1487 1979/1101/1489 1989/1102/1490
f 2042/1099/1487 1989/1102/1490 1978/1103/1533
f 2018/1096/1484 1987/1095/1511 1979/1101/1489
f 2018/1096/1484 1979/1101/1489 2042/1099/1487
f 1923/1142/1507 2048/1141/1517 1964/1148/1534
f 1923/1142/1507 1964/1148/1534 1980/1149/1522
f 1985/1161/1535 1966/1162/1536 2049/1163/1537
f 1985/1161/1535 2049/1163/1537 1970/1164/1538
f 1931/1084/1473 2039/1083/1472 1926/1088/1477
f 1931/1084/1473 1926/1088/1477 2027/1089/1512
f 2039/1083/1472 1927/1086/1475 2016/1087/1476
f 2039/1083/1472 2016/1087/1476 1926/1088/1477
f 2027/1089/1512 1921/1170/1501 2054/1174/1504
f 2027/1089/1512 2054/1174/1504 1931/1084/1473
f 2047/1145/1532 1925/1144/1514 1984/1146/1539
f 2047/1145/1532 1984/1146/1539 1962/1147/1529
f 1929/1082/1471 2028/1085/1474 1927/1086/1475
f 1929/1082/1471 1927/1086/1475 2039/1083/1472
f 2041/1093/1482 2021/1094/1481 1987/1095/1511
f 2041/1093/1482 1987/1095/1511 2018/1096/1484
f 1932/1161/1540 1993/1162/1541 2033/1163/1542
f 1932/1161/1540 2033/1163/1542 1991/1164/1543
f 1995/1165/1544 1937/1166/1545 1997/1167/1521
f 1995/1165/1544 1997/1167/1521 2034/1168/1542
f 2034/1168/1542 1997/1167/1521 1938/1149/1530
f 2034/1168/1542 1938/1149/1530 2000/1148/1546
f 1991/1164/1543 2033/1163/1542 1998/1147/1534
f 1991/1164/1543 1998/1147/1534 1934/1146/1547
f 1978/1103/1533 1989/1102/1490 1974/1107/1495
f 1978/1103/1533 1974/1107/1495 2044/1105/1548
f 2043/1108/1548 1972/1109/1495 2029/1085/1474
f 2043/1108/1548 2029/1085/1474 1930/1082/1497
f 2036/1172/1503 2005/1171/1502 1937/1166/1545
f 2036/1172/1503 1937/1166/1545 1996/1165/1541
f 2006/1170/1501 2035/1169/1500 1994/1162/1544
f 2006/1170/1501 1994/1162/1544 1933/1161/1549
f 2013/1100/1526 2042/1099/1487 1978/1103/1533
f 2013/1100/1526 1978/1103/1533 1990/1104/1492
f 1990/1104/1492 1978/1103/1533 2044/1105/1548
f 1990/1104/1492 2044/1105/1548 1977/1106/1494
f 2037/1173/1515 2004/1142/1507 1938/1149/1530
f 2037/1173/1515 1938/1149/1530 1997/1167/1521
f 2005/1171/1502 2037/1173/1515 1997/1167/1521
f 2005/1171/1502 1997/1167/1521 1937/1166/1545
f 1976/1110/1498 2043/1108/1548 1930/1082/1497
f 1976/1110/1498 1930/1082/1497 2032/1081/1531
f 2023/1091/1480 2051/1169/1500 1921/1170/1501
f 2023/1091/1480 1921/1170/1501 2027/1089/1512
f 2038/1174/1504 2006/1170/1501 1933/1161/1549
f 2038/1174/1504 1933/1161/1549 1992/1164/1543
f 2002/1144/1514 2038/1174/1504 1992/1164/1543
f 2002/1144/1514 1992/1164/1543 1935/1146/1550
f 2020/1092/1508 2017/1087/1476 1928/1086/1510
f 2020/1092/1508 1928/1086/1510 2045/1120/1516
f 1970/1164/1538 2049/1163/1537 1961/1147/1523
f 1970/1164/1538 1961/1147/1523 1982/1146/1551
f 2052/1172/1503 1922/1171/1527 1981/1166/1525
f 2052/1172/1503 1981/1166/1525 1969/1165/1544
f 1921/1170/1501 2051/1169/1500 1967/1162/1552
f 1921/1170/1501 1967/1162/1552 1986/1161/1553
f 2053/1173/1515 1923/1142/1507 1980/1149/1522
f 2053/1173/1515 1980/1149/1522 1965/1167/1521
f 1922/1171/1527 2053/1173/1515 1965/1167/1521
f 1922/1171/1527 1965/1167/1521 1981/1166/1525
f 2054/1174/1504 1921/1170/1501 1986/1161/1553
f 2054/1174/1504 1986/1161/1553 1971/1164/1554
f 1924/1144/1505 2054/1174/1504 1971/1164/1554
f 1924/1144/1505 1971/1164/1554 1983/1146/1551
f 2065/1084/1555 2127/1174/1504 2058/1144/1514
f 2065/1084/1555 2058/1144/1514 2110/1081/1470
f 2084/1101/1556 2119/1119/1557 2080/1107/1495
f 2084/1101/1556 2080/1107/1495 2094/1102/1558
f 2092/1095/1483 2103/1094/1508 2119/1119/1557
f 2092/1095/1483 2119/1119/1557 2084/1101/1556
f 2105/1097/1485 2114/1093/1482 2099/1096/1484
f 2105/1097/1485 2099/1096/1484 2093/1098/1486
f 2106/1089/1512 2060/1088/1477 2113/1090/1513
f 2106/1089/1512 2113/1090/1513 2104/1091/1480
f 2118/1120/1516 2062/1086/1510 2109/1085/1474
f 2118/1120/1516 2109/1085/1474 2078/1109/1495
f 2082/1106/1494 2121/1141/1559 2057/1142/1507
f 2082/1106/1494 2057/1142/1507 2095/1104/1492
f 2123/1168/1560 2070/1167/1521 2085/1149/1561
f 2123/1168/1560 2085/1149/1561 2068/1148/1562
f 2073/1165/1563 2086/1166/1525 2070/1167/1521
f 2073/1165/1563 2070/1167/1521 2123/1168/1560
f 2093/1098/1486 2099/1096/1484 2115/1099/1487
f 2093/1098/1486 2115/1099/1487 2096/1100/1564
f 2110/1081/1470 2063/1082/1471 2112/1083/1565
f 2110/1081/1470 2112/1083/1565 2065/1084/1555
f 2093/1098/1486 2056/1171/1566 2125/1172/1503
f 2093/1098/1486 2125/1172/1503 2105/1097/1485
f 2095/1104/1492 2057/1142/1507 2126/1173/1567
f 2095/1104/1492 2126/1173/1567 2096/1100/1564
f 2060/1088/1477 2097/1087/1568 2100/1092/1508
f 2060/1088/1477 2100/1092/1508 2113/1090/1513
f 2096/1100/1564 2126/1173/1567 2056/1171/1566
f 2096/1100/1564 2056/1171/1566 2093/1098/1486
f 2111/1081/1499 2059/1144/1569 2120/1145/1570
f 2111/1081/1499 2120/1145/1570 2081/1110/1498
f 2115/1099/1487 2084/1101/1556 2094/1102/1558
f 2115/1099/1487 2094/1102/1558 2083/1103/1491
f 2099/1096/1484 2092/1095/1483 2084/1101/1556
f 2099/1096/1484 2084/1101/1556 2115/1099/1487
f 2057/1142/1507 2121/1141/1559 2069/1148/1571
f 2057/1142/1507 2069/1148/1571 2085/1149/1561
f 2090/1161/1535 2071/1162/1572 2122/1163/1560
f 2090/1161/1535 2122/1163/1560 2075/1164/1573
f 2065/1084/1555 2112/1083/1565 2060/1088/1477
f 2065/1084/1555 2060/1088/1477 2106/1089/1512
f 2112/1083/1565 2061/1086/1574 2097/1087/1568
f 2112/1083/1565 2097/1087/1568 2060/1088/1477
f 2106/1089/1512 2055/1170/1501 2127/1174/1504
f 2106/1089/1512 2127/1174/1504 2065/1084/1555
f 2120/1145/1570 2059/1144/1569 2089/1146/1539
f 2120/1145/1570 2089/1146/1539 2067/1147/1529
f 2063/1082/1471 2107/1085/1474 2061/1086/1574
f 2063/1082/1471 2061/1086/1574 2112/1083/1565
f 2114/1093/1482 2102/1094/1508 2092/1095/1483
f 2114/1093/1482 2092/1095/1483 2099/1096/1484
f 2083/1103/1491 2094/1102/1558 2079/1107/1495
f 2083/1103/1491 2079/1107/1495 2117/1105/1548
f 2116/1108/1548 2077/1109/1495 2108/1085/1474
f 2116/1108/1548 2108/1085/1474 2064/1082/1471
f 2096/1100/1564 2115/1099/1487 2083/1103/1491
f 2096/1100/1564 2083/1103/1491 2095/1104/1492
f 2095/1104/1492 2083/1103/1491 2117/1105/1548
f 2095/1104/1492 2117/1105/1548 2082/1106/1494
f 2081/1110/1498 2116/1108/1548 2064/1082/1471
f 2081/1110/1498 2064/1082/1471 2111/1081/1499
f 2104/1091/1480 2124/1169/1500 2055/1170/1501
f 2104/1091/1480 2055/1170/1501 2106/1089/1512
f 2101/1092/1508 2098/1087/1476 2062/1086/1510
f 2101/1092/1508 2062/1086/1510 2118/1120/1516
f 2075/1164/1573 2122/1163/1560 2066/1147/1529
f 2075/1164/1573 2066/1147/1529 2087/1146/1550
f 2125/1172/1503 2056/1171/1566 2086/1166/1525
f 2125/1172/1503 2086/1166/1525 2074/1165/1563
f 2055/1170/1501 2124/1169/1500 2072/1162/1563
f 2055/1170/1501 2072/1162/1563 2091/1161/1549
f 2126/1173/1567 2057/1142/1507 2085/1149/1561
f 2126/1173/1567 2085/1149/1561 2070/1167/1521
f 2056/1171/1566 2126/1173/1567 2070/1167/1521
f 2056/1171/1566 2070/1167/1521 2086/1166/1525
f 2127/1174/1504 2055/1170/1501 2091/1161/1549
f 2127/1174/1504 2091/1161/1549 2076/1164/1573
f 2058/1144/1514 2127/1174/1504 2076/1164/1573
f 2058/1144/1514 2076/1164/1573 2088/1146/1551
f 2138/1084/1473 2200/1174/1504 2131/1144/1505
f 2138/1084/1473 2131/1144/1505 2183/1081/1575
f 2157/1101/1576 2192/1119/1509 2153/1107/1495
f 2157/1101/1576 2153/1107/1495 2167/1102/1558
f 2165/1095/1483 2176/1094/1481 2192/1119/1509
f 2165/1095/1483 2192/1119/1509 2157/1101/1576
f 2178/1097/1485 2187/1093/1482 2172/1096/1484
f 2178/1097/1485 2172/1096/1484 2166/1098/1486
f 2179/1089/1512 2133/1088/1477 2186/1090/1482
f 2179/1089/1512 2186/1090/1482 2177/1091/1480
f 2191/1120/1516 2135/1086/1510 2182/1085/1474
f 2191/1120/1516 2182/1085/1474 2151/1109/1495
f 2155/1106/1494 2194/1141/1577 2130/1142/1507
f 2155/1106/1494 2130/1142/1507 2168/1104/1578
f 2196/1168/1579 2143/1167/1580 2158/1149/1581
f 2196/1168/1579 2158/1149/1581 2141/1148/1582
f 2146/1165/1544 2159/1166/1583 2143/1167/1580
f 2146/1165/1544 2143/1167/1580 2196/1168/1579
f 2166/1098/1486 2172/1096/1484 2188/1099/1584
f 2166/1098/1486 2188/1099/1584 2169/1100/1585
f 2183/1081/1575 2136/1082/1471 2185/1083/1472
f 2183/1081/1575 2185/1083/1472 2138/1084/1473
f 2166/1098/1486 2129/1171/1586 2198/1172/1587
f 2166/1098/1486 2198/1172/1587 2178/1097/1485
f 2168/1104/1578 2130/1142/1507 2199/1173/1588
f 2168/1104/1578 2199/1173/1588 2169/1100/1585
f 2133/1088/1477 2170/1087/1568 2173/1092/1589
f 2133/1088/1477 2173/1092/1589 2186/1090/1482
f 2169/1100/1585 2199/1173/1588 2129/1171/1586
f 2169/1100/1585 2129/1171/1586 2166/1098/1486
f 2184/1081/1590 2132/1144/1518 2193/1145/1591
f 2184/1081/1590 2193/1145/1591 2154/1110/1592
f 2188/1099/1584 2157/1101/1576 2167/1102/1558
f 2188/1099/1584 2167/1102/1558 2156/1103/1491
f 2172/1096/1484 2165/1095/1483 2157/1101/1576
f 2172/1096/1484 2157/1101/1576 2188/1099/1584
f 2130/1142/1507 2194/1141/1577 2142/1148/1593
f 2130/1142/1507 2142/1148/1593 2158/1149/1581
f 2163/1161/1549 2144/1162/1594 2195/1163/1542
f 2163/1161/1549 2195/1163/1542 2148/1164/1573
f 2138/1084/1473 2185/1083/1472 2133/1088/1477
f 2138/1084/1473 2133/1088/1477 2179/1089/1512
f 2185/1083/1472 2134/1086/1475 2170/1087/1568
f 2185/1083/1472 2170/1087/1568 2133/1088/1477
f 2179/1089/1512 2128/1170/1595 2200/1174/1504
f 2179/1089/1512 2200/1174/1504 2138/1084/1473
f 2193/1145/1591 2132/1144/1518 2162/1146/1596
f 2193/1145/1591 2162/1146/1596 2140/1147/1597
f 2136/1082/1471 2180/1085/1474 2134/1086/1475
f 2136/1082/1471 2134/1086/1475 2185/1083/1472
f 2187/1093/1482 2175/1094/1589 2165/1095/1483
f 2187/1093/1482 2165/1095/1483 2172/1096/1484
f 2156/1103/1491 2167/1102/1558 2152/1107/1495
f 2156/1103/1491 2152/1107/1495 2190/1105/1598
f 2189/1108/1496 2150/1109/1495 2181/1085/1599
f 2189/1108/1496 2181/1085/1599 2137/1082/1471
f 2169/1100/1585 2188/1099/1584 2156/1103/1491
f 2169/1100/1585 2156/1103/1491 2168/1104/1578
f 2168/1104/1578 2156/1103/1491 2190/1105/1598
f 2168/1104/1578 2190/1105/1598 2155/1106/1494
f 2154/1110/1592 2189/1108/1496 2137/1082/1471
f 2154/1110/1592 2137/1082/1471 2184/1081/1590
f 2177/1091/1480 2197/1169/1500 2128/1170/1595
f 2177/1091/1480 2128/1170/1595 2179/1089/1512
f 2174/1092/1508 2171/1087/1568 2135/1086/1510
f 2174/1092/1508 2135/1086/1510 2191/1120/1516
f 2148/1164/1573 2195/1163/1542 2139/1147/1546
f 2148/1164/1573 2139/1147/1546 2160/1146/1600
f 2198/1172/1587 2129/1171/1586 2159/1166/1583
f 2198/1172/1587 2159/1166/1583 2147/1165/1601
f 2128/1170/1595 2197/1169/1500 2145/1162/1544
f 2128/1170/1595 2145/1162/1544 2164/1161/1553
f 2199/1173/1588 2130/1142/1507 2158/1149/1581
f 2199/1173/1588 2158/1149/1581 2143/1167/1580
f 2129/1171/1586 2199/1173/1588 2143/1167/1580
f 2129/1171/1586 2143/1167/1580 2159/1166/1583
f 2200/1174/1504 2128/1170/1595 2164/1161/1553
f 2200/1174/1504 2164/1161/1553 2149/1164/1554
f 2131/1144/1505 2200/1174/1504 2149/1164/1554
f 2131/1144/1505 2149/1164/1554 2161/1146/1602
f 2211/1084/1603 2273/1174/1504 2204/1144/1514
f 2211/1084/1603 2204/1144/1514 2256/1081/1590
f 2230/1101/1556 2265/1119/1516 2226/1107/1495
f 2230/1101/1556 2226/1107/1495 2240/1102/1558
f 2238/1095/1511 2249/1094/1508 2265/1119/1516
f 2238/1095/1511 2265/1119/1516 2230/1101/1556
f 2251/1097/1485 2260/1093/1604 2245/1096/1484
f 2251/1097/1485 2245/1096/1484 2239/1098/1486
f 2252/1089/1512 2206/1088/1477 2259/1090/1513
f 2252/1089/1512 2259/1090/1513 2250/1091/1605
f 2264/1120/1516 2208/1086/1510 2255/1085/1599
f 2264/1120/1516 2255/1085/1599 2224/1109/1495
f 2228/1106/1494 2267/1141/1506 2203/1142/1507
f 2228/1106/1494 2203/1142/1507 2241/1104/1578
f 2269/1168/1579 2216/1167/1521 2231/1149/1606
f 2269/1168/1579 2231/1149/1606 2214/1148/1534
f 2219/1165/1563 2232/1166/1607 2216/1167/1521
f 2219/1165/1563 2216/1167/1521 2269/1168/1579
f 2239/1098/1486 2245/1096/1484 2261/1099/1487
f 2239/1098/1486 2261/1099/1487 2242/1100/1608
f 2256/1081/1590 2209/1082/1471 2258/1083/1565
f 2256/1081/1590 2258/1083/1565 2211/1084/1603
f 2239/1098/1486 2202/1171/1609 2271/1172/1503
f 2239/1098/1486 2271/1172/1503 2251/1097/1485
f 2241/1104/1578 2203/1142/1507 2272/1173/1515
f 2241/1104/1578 2272/1173/1515 2242/1100/1608
f 2206/1088/1477 2243/1087/1476 2246/1092/1481
f 2206/1088/1477 2246/1092/1481 2259/1090/1513
f 2242/1100/1608 2272/1173/1515 2202/1171/1609
f 2242/1100/1608 2202/1171/1609 2239/1098/1486
f 2257/1081/1531 2205/1144/1610 2266/1145/1519
f 2257/1081/1531 2266/1145/1519 2227/1110/1498
f 2261/1099/1487 2230/1101/1556 2240/1102/1558
f 2261/1099/1487 2240/1102/1558 2229/1103/1533
f 2245/1096/1484 2238/1095/1511 2230/1101/1556
f 2245/1096/1484 2230/1101/1556 2261/1099/1487
f 2203/1142/1507 2267/1141/1506 2215/1148/1611
f 2203/1142/1507 2215/1148/1611 2231/1149/1606
f 2236/1161/1540 2217/1162/1612 2268/1163/1542
f 2236/1161/1540 2268/1163/1542 2221/1164/1613
f 2211/1084/1603 2258/1083/1565 2206/1088/1477
f 2211/1084/1603 2206/1088/1477 2252/1089/1512
f 2258/1083/1565 2207/1086/1475 2243/1087/1476
f 2258/1083/1565 2243/1087/1476 2206/1088/1477
f 2252/1089/1512 2201/1170/1614 2273/1174/1504
f 2252/1089/1512 2273/1174/1504 2211/1084/1603
f 2266/1145/1519 2205/1144/1610 2235/1146/1596
f 2266/1145/1519 2235/1146/1596 2213/1147/1615
f 2209/1082/1471 2253/1085/1599 2207/1086/1475
f 2209/1082/1471 2207/1086/1475 2258/1083/1565
f 2260/1093/1604 2248/1094/1481 2238/1095/1511
f 2260/1093/1604 2238/1095/1511 2245/1096/1484
f 2229/1103/1533 2240/1102/1558 2225/1107/1616
f 2229/1103/1533 2225/1107/1616 2263/1105/1493
f 2262/1108/1617 2223/1109/1618 2254/1085/1474
f 2262/1108/1617 2254/1085/1474 2210/1082/1497
f 2242/1100/1608 2261/1099/1487 2229/1103/1533
f 2242/1100/1608 2229/1103/1533 2241/1104/1578
f 2241/1104/1578 2229/1103/1533 2263/1105/1493
f 2241/1104/1578 2263/1105/1493 2228/1106/1494
f 2227/1110/1498 2262/1108/1617 2210/1082/1497
f 2227/1110/1498 2210/1082/1497 2257/1081/1531
f 2250/1091/1605 2270/1169/1500 2201/1170/1614
f 2250/1091/1605 2201/1170/1614 2252/1089/1512
f 2247/1092/1508 2244/1087/1476 2208/1086/1510
f 2247/1092/1508 2208/1086/1510 2264/1120/1516
f 2221/1164/1613 2268/1163/1542 2212/1147/1546
f 2221/1164/1613 2212/1147/1546 2233/1146/1619
f 2271/1172/1503 2202/1171/1609 2232/1166/1607
f 2271/1172/1503 2232/1166/1607 2220/1165/1563
f 2201/1170/1614 2270/1169/1500 2218/1162/1544
f 2201/1170/1614 2218/1162/1544 2237/1161/1549
f 2272/1173/1515 2203/1142/1507 2231/1149/1606
f 2272/1173/1515 2231/1149/1606 2216/1167/1521
f 2202/1171/1609 2272/1173/1515 2216/1167/1521
f 2202/1171/1609 2216/1167/1521 2232/1166/1607
f 2273/1174/1504 2201/1170/1614 2237/1161/1549
f 2273/1174/1504 2237/1161/1549 2222/1164/1543
f 2204/1144/1514 2273/1174/1504 2222/1164/1543
f 2204/1144/1514 2222/1164/1543 2234/1146/1551
f 2284/1084/1555 2346/1174/1504 2277/1144/1505
f 2284/1084/1555 2277/1144/1505 2329/1081/1575
f 2303/1101/1620 2338/1119/1621 2299/1107/1495
f 2303/1101/1620 2299/1107/1495 2313/1102/1558
f 2311/1095/1511 2322/1094/1508 2338/1119/1621
f 2311/1095/1511 2338/1119/1621 2303/1101/1620
f 2324/1097/1485 2333/1093/1622 2318/1096/1484
f 2324/1097/1485 2318/1096/1484 2312/1098/1486
f 2325/1089/1478 2279/1088/1623 2332/1090/1482
f 2325/1089/1478 2332/1090/1482 2323/1091/1480
f 2337/1120/1516 2281/1086/1574 2328/1085/1599
f 2337/1120/1516 2328/1085/1599 2297/1109/1495
f 2301/1106/1494 2340/1141/1591 2276/1142/1624
f 2301/1106/1494 2276/1142/1624 2314/1104/1578
f 2342/1168/1625 2289/1167/1626 2304/1149/1522
f 2342/1168/1625 2304/1149/1522 2287/1148/1627
f 2292/1165/1628 2305/1166/1629 2289/1167/1626
f 2292/1165/1628 2289/1167/1626 2342/1168/1625
f 2312/1098/1486 2318/1096/1484 2334/1099/1487
f 2312/1098/1486 2334/1099/1487 2315/1100/1630
f 2329/1081/1575 2282/1082/1471 2331/1083/1472
f 2329/1081/1575 2331/1083/1472 2284/1084/1555
f 2312/1098/1486 2275/1171/1502 2344/1172/1500
f 2312/1098/1486 2344/1172/1500 2324/1097/1485
f 2314/1104/1578 2276/1142/1624 2345/1173/1515
f 2314/1104/1578 2345/1173/1515 2315/1100/1630
f 2279/1088/1623 2316/1087/1631 2319/1092/1589
f 2279/1088/1623 2319/1092/1589 2332/1090/1482
f 2315/1100/1630 2345/1173/1515 2275/1171/1502
f 2315/1100/1630 2275/1171/1502 2312/1098/1486
f 2330/1081/1531 2278/1144/1518 2339/1145/1519
f 2330/1081/1531 2339/1145/1519 2300/1110/1498
f 2334/1099/1487 2303/1101/1620 2313/1102/1558
f 2334/1099/1487 2313/1102/1558 2302/1103/1533
f 2318/1096/1484 2311/1095/1511 2303/1101/1620
f 2318/1096/1484 2303/1101/1620 2334/1099/1487
f 2276/1142/1624 2340/1141/1591 2288/1148/1627
f 2276/1142/1624 2288/1148/1627 2304/1149/1522
f 2309/1161/1632 2290/1162/1612 2341/1163/1625
f 2309/1161/1632 2341/1163/1625 2294/1164/1633
f 2284/1084/1555 2331/1083/1472 2279/1088/1623
f 2284/1084/1555 2279/1088/1623 2325/1089/1478
f 2331/1083/1472 2280/1086/1475 2316/1087/1631
f 2331/1083/1472 2316/1087/1631 2279/1088/1623
f 2325/1089/1478 2274/1170/1634 2346/1174/1504
f 2325/1089/1478 2346/1174/1504 2284/1084/1555
f 2339/1145/1519 2278/1144/1518 2308/1146/1551
f 2339/1145/1519 2308/1146/1551 2286/1147/1529
f 2282/1082/1471 2326/1085/1599 2280/1086/1475
f 2282/1082/1471 2280/1086/1475 2331/1083/1472
f 2333/1093/1622 2321/1094/1589 2311/1095/1511
f 2333/1093/1622 2311/1095/1511 2318/1096/1484
f 2302/1103/1533 2313/1102/1558 2298/1107/1495
f 2302/1103/1533 2298/1107/1495 2336/1105/1493
f 2335/1108/1548 2296/1109/1495 2327/1085/1474
f 2335/1108/1548 2327/1085/1474 2283/1082/1471
f 2315/1100/1630 2334/1099/1487 2302/1103/1533
f 2315/1100/1630 2302/1103/1533 2314/1104/1578
f 2314/1104/1578 2302/1103/1533 2336/1105/1493
f 2314/1104/1578 2336/1105/1493 2301/1106/1494
f 2300/1110/1498 2335/1108/1548 2283/1082/1471
f 2300/1110/1498 2283/1082/1471 2330/1081/1531
f 2323/1091/1480 2343/1169/1500 2274/1170/1634
f 2323/1091/1480 2274/1170/1634 2325/1089/1478
f 2320/1092/1508 2317/1087/1568 2281/1086/1574
f 2320/1092/1508 2281/1086/1574 2337/1120/1516
f 2294/1164/1633 2341/1163/1625 2285/1147/1635
f 2294/1164/1633 2285/1147/1635 2306/1146/1551
f 2344/1172/1500 2275/1171/1502 2305/1166/1629
f 2344/1172/1500 2305/1166/1629 2293/1165/1612
f 2274/1170/1634 2343/1169/1500 2291/1162/1636
f 2274/1170/1634 2291/1162/1636 2310/1161/1637
f 2345/1173/1515 2276/1142/1624 2304/1149/1522
f 2345/1173/1515 2304/1149/1522 2289/1167/1626
f 2275/1171/1502 2345/1173/1515 2289/1167/1626
f 2275/1171/1502 2289/1167/1626 2305/1166/1629
f 2346/1174/1504 2274/1170/1634 2310/1161/1637
f 2346/1174/1504 2310/1161/1637 2295/1164/1638
f 2277/1144/1505 2346/1174/1504 2295/1164/1638
f 2277/1144/1505 2295/1164/1638 2307/1146/1550
f 2347/1081/1470 2367/1082/1471 2404/1083/1472
f 2347/1081/1470 2404/1083/1472 2366/1084/1473
f 2367/1082/1471 2349/1085/1474 2369/1086/1475
f 2367/1082/1471 2369/1086/1475 2404/1083/1472
f 2404/1083/1472 2369/1086/1475 2353/1087/1476
f 2404/1083/1472 2353/1087/1476 2371/1088/1477
f 2366/1084/1473 2404/1083/1472 2371/1088/1477
f 2366/1084/1473 2371/1088/1477 2352/1089/1512
f 2352/1089/1512 2371/1088/1477 2405/1090/1479
f 2352/1089/1512 2405/1090/1479 2372/1091/1639
f 2371/1088/1477 2353/1087/1476 2374/1092/1481
f 2371/1088/1477 2374/1092/1481 2405/1090/1479
f 2406/1093/1482 2376/1094/1481 2358/1095/1483
f 2406/1093/1482 2358/1095/1483 2378/1096/1484
f 2373/1097/1485 2406/1093/1482 2378/1096/1484
f 2373/1097/1485 2378/1096/1484 2357/1098/1486
f 2357/1098/1486 2378/1096/1484 2407/1099/1487
f 2357/1098/1486 2407/1099/1487 2379/1100/1608
f 2378/1096/1484 2358/1095/1483 2380/1101/1556
f 2378/1096/1484 2380/1101/1556 2407/1099/1487
f 2407/1099/1487 2380/1101/1556 2356/1102/1490
f 2407/1099/1487 2356/1102/1490 2381/1103/1533
f 2379/1100/1608 2407/1099/1487 2381/1103/1533
f 2379/1100/1608 2381/1103/1533 2355/1104/1578
f 2355/1104/1578 2381/1103/1533 2409/1105/1493
f 2355/1104/1578 2409/1105/1493 2383/1106/1494
f 2381/1103/1533 2356/1102/1490 2386/1107/1495
f 2381/1103/1533 2386/1107/1495 2409/1105/1493
f 2408/1108/1548 2384/1109/1495 2350/1085/1599
f 2408/1108/1548 2350/1085/1599 2368/1082/1497
f 2382/1110/1498 2408/1108/1548 2368/1082/1497
f 2382/1110/1498 2368/1082/1497 2348/1081/1531
f 2372/1091/1639 2416/1169/1500 2403/1170/1640
f 2372/1091/1639 2403/1170/1640 2352/1089/1512
f 2357/1098/1486 2402/1171/1527 2417/1172/1503
f 2357/1098/1486 2417/1172/1503 2373/1097/1485
f 2383/1106/1494 2413/1141/1517 2401/1142/1507
f 2383/1106/1494 2401/1142/1507 2355/1104/1578
f 2358/1095/1483 2377/1094/1508 2411/1119/1516
f 2358/1095/1483 2411/1119/1516 2380/1101/1556
f 2375/1092/1508 2354/1087/1476 2370/1086/1510
f 2375/1092/1508 2370/1086/1510 2410/1120/1516
f 2410/1120/1516 2370/1086/1510 2351/1085/1474
f 2410/1120/1516 2351/1085/1474 2385/1109/1495
f 2380/1101/1556 2411/1119/1516 2387/1107/1495
f 2380/1101/1556 2387/1107/1495 2356/1102/1490
f 2366/1084/1473 2419/1174/1504 2399/1144/1514
f 2366/1084/1473 2399/1144/1514 2347/1081/1470
f 2355/1104/1578 2401/1142/1507 2418/1173/1588
f 2355/1104/1578 2418/1173/1588 2379/1100/1608
f 2379/1100/1608 2418/1173/1588 2402/1171/1527
f 2379/1100/1608 2402/1171/1527 2357/1098/1486
f 2348/1081/1531 2400/1144/1610 2412/1145/1519
f 2348/1081/1531 2412/1145/1519 2382/1110/1498
f 2352/1089/1512 2403/1170/1640 2419/1174/1504
f 2352/1089/1512 2419/1174/1504 2366/1084/1473
f 2412/1145/1519 2400/1144/1610 2363/1146/1641
f 2412/1145/1519 2363/1146/1641 2396/1147/1523
f 2401/1142/1507 2413/1141/1517 2398/1148/1546
f 2401/1142/1507 2398/1148/1546 2365/1149/1522
f 2359/1161/1540 2390/1162/1636 2414/1163/1542
f 2359/1161/1540 2414/1163/1542 2388/1164/1538
f 2392/1165/1544 2364/1166/1642 2394/1167/1521
f 2392/1165/1544 2394/1167/1521 2415/1168/1579
f 2415/1168/1579 2394/1167/1521 2365/1149/1522
f 2415/1168/1579 2365/1149/1522 2397/1148/1546
f 2388/1164/1538 2414/1163/1542 2395/1147/1534
f 2388/1164/1538 2395/1147/1534 2361/1146/1551
f 2417/1172/1503 2402/1171/1527 2364/1166/1642
f 2417/1172/1503 2364/1166/1642 2393/1165/1601
f 2403/1170/1640 2416/1169/1500 2391/1162/1643
f 2403/1170/1640 2391/1162/1643 2360/1161/1644
f 2418/1173/1588 2401/1142/1507 2365/1149/1522
f 2418/1173/1588 2365/1149/1522 2394/1167/1521
f 2402/1171/1527 2418/1173/1588 2394/1167/1521
f 2402/1171/1527 2394/1167/1521 2364/1166/1642
f 2419/1174/1504 2403/1170/1640 2360/1161/1644
f 2419/1174/1504 2360/1161/1644 2389/1164/1645
f 2399/1144/1514 2419/1174/1504 2389/1164/1645
f 2399/1144/1514 2389/1164/1645 2362/1146/1551
f 56/63/113 396/66/116 3122/65/1646
f 56/63/113 3122/65/1646 2739/64/1647
f 2739/64/1647 3122/65/1646 2716/68/1648
f 2739/64/1647 2716/68/1648 2446/67/1649
f 3122/65/1646 2669/70/1650 2423/69/1651
f 3122/65/1646 2423/69/1651 2716/68/1648
f 396/66/116 36/71/121 2669/70/1650
f 396/66/116 2669/70/1650 3122/65/1646
f 2446/67/1649 2716/68/1648 3343/73/1652
f 2446/67/1649 3343/73/1652 3349/72/1653
f 2717/74/1654 3123/77/1655 2668/76/1656
f 2717/74/1654 2668/76/1656 2445/75/1657
f 3123/77/1655 2667/79/1658 2422/78/1659
f 3123/77/1655 2422/78/1659 2668/76/1656
f 2716/68/1648 2423/69/1651 3351/80/1660
f 2716/68/1648 3351/80/1660 3343/73/1652
f 37/81/131 790/84/134 3124/83/1661
f 37/81/131 3124/83/1661 2670/82/1662
f 2670/82/1662 3124/83/1661 3117/86/1663
f 2670/82/1662 3117/86/1663 2420/85/1664
f 3124/83/1661 3115/88/1665 2662/87/1666
f 3124/83/1661 2662/87/1666 3117/86/1663
f 790/84/134 287/89/139 3115/88/1665
f 790/84/134 3115/88/1665 3124/83/1661
f 2666/90/1667 2421/93/1668 2444/92/1669
f 2666/90/1667 2444/92/1669 2690/91/1670
f 2444/92/1669 2689/95/1671 3125/94/1672
f 2444/92/1669 3125/94/1672 2690/91/1670
f 2690/91/1670 3125/94/1672 2671/97/1673
f 2690/91/1670 2671/97/1673 2424/96/1674
f 3125/94/1672 2691/99/1675 2425/98/1676
f 3125/94/1672 2425/98/1676 2671/97/1673
f 2689/95/1671 2443/100/1677 2691/99/1675
f 2689/95/1671 2691/99/1675 3125/94/1672
f 2443/100/1677 2688/102/1678 3126/101/1679
f 2443/100/1677 3126/101/1679 2691/99/1675
f 2691/99/1675 3126/101/1679 2672/103/1680
f 2691/99/1675 2672/103/1680 2425/98/1676
f 3126/101/1679 2692/105/1681 2426/104/1682
f 3126/101/1679 2426/104/1682 2672/103/1680
f 2688/102/1678 2442/106/1683 2692/105/1681
f 2688/102/1678 2692/105/1681 3126/101/1679
f 2442/106/1683 2687/108/1684 3127/107/1685
f 2442/106/1683 3127/107/1685 2692/105/1681
f 2692/105/1681 3127/107/1685 2673/109/1686
f 2692/105/1681 2673/109/1686 2426/104/1682
f 3127/107/1685 2693/111/1687 2427/110/1688
f 3127/107/1685 2427/110/1688 2673/109/1686
f 2687/108/1684 2441/112/1689 2693/111/1687
f 2687/108/1684 2693/111/1687 3127/107/1685
f 2441/112/1689 2686/114/1690 3128/113/1691
f 2441/112/1689 3128/113/1691 2693/111/1687
f 2693/111/1687 3128/113/1691 2674/115/1692
f 2693/111/1687 2674/115/1692 2427/110/1688
f 3128/113/1691 2694/117/1693 2428/116/1694
f 3128/113/1691 2428/116/1694 2674/115/1692
f 2686/114/1690 2440/118/1695 2694/117/1693
f 2686/114/1690 2694/117/1693 3128/113/1691
f 2438/119/1696 2684/122/1697 3129/121/1698
f 2438/119/1696 3129/121/1698 2695/120/1699
f 2485/123/1700 2695/120/1699 3129/121/1698
f 2485/123/1700 3129/121/1698 2810/124/1701
f 2429/125/1702 2810/124/1701 3129/121/1698
f 2429/125/1702 3129/121/1698 2676/126/1703
f 2430/127/1704 2676/126/1703 3129/121/1698
f 2430/127/1704 3129/121/1698 2698/128/1705
f 2437/129/1706 2698/128/1705 3129/121/1698
f 2437/129/1706 3129/121/1698 2684/122/1697
f 2437/129/1706 2683/131/1707 3130/130/1708
f 2437/129/1706 3130/130/1708 2698/128/1705
f 2430/127/1704 2698/128/1705 3130/130/1708
f 2430/127/1704 3130/130/1708 2677/132/1709
f 2431/1/61 2677/132/1709 3130/130/1708
f 2431/1/61 3130/130/1708 2854/3/62
f 2507/133/1710 2854/3/62 3130/130/1708
f 2507/133/1710 3130/130/1708 2747/134/1711
f 2456/135/1712 2748/138/1711 3132/137/1708
f 2456/135/1712 3132/137/1708 2751/136/1713
f 2459/139/1714 2751/136/1713 3132/137/1708
f 2459/139/1714 3132/137/1708 2753/140/1715
f 2458/141/1716 2752/144/1717 3131/143/1708
f 2458/141/1716 3131/143/1708 2750/142/1718
f 2457/145/1719 2750/142/1718 3131/143/1708
f 2457/145/1719 3131/143/1708 2700/146/1720
f 2436/147/1721 2699/148/1722 3130/130/1708
f 2436/147/1721 3130/130/1708 2683/131/1707
f 2452/149/1723 2725/152/1724 3133/151/1725
f 2452/149/1723 3133/151/1725 2727/150/1726
f 2505/153/1727 2727/150/1726 3133/151/1725
f 2505/153/1727 3133/151/1725 2906/154/1728
f 2449/155/70 2906/154/1728 3133/151/1725
f 2449/155/70 3133/151/1725 2678/156/1729
f 2432/157/1730 2678/156/1729 3133/151/1725
f 2432/157/1730 3133/151/1725 2701/158/1731
f 2435/159/1732 2701/158/1731 3133/151/1725
f 2435/159/1732 3133/151/1725 2725/152/1724
f 2448/160/1733 2720/163/1734 3134/162/1735
f 2448/160/1733 3134/162/1735 2722/161/1736
f 2454/164/1737 2722/161/1736 3134/162/1735
f 2454/164/1737 3134/162/1735 2744/165/1738
f 2434/166/1739 2744/165/1738 3134/162/1735
f 2434/166/1739 3134/162/1735 2720/163/1734
f 34/167/214 764/170/217 3135/169/1740
f 34/167/214 3135/169/1740 2728/168/1741
f 38/171/218 393/174/221 3137/173/1742
f 38/171/218 3137/173/1742 2731/172/1743
f 2731/172/1743 3137/173/1742 2687/108/1684
f 2731/172/1743 2687/108/1684 2442/106/1683
f 3137/173/1742 2732/175/1744 2441/112/1689
f 3137/173/1742 2441/112/1689 2687/108/1684
f 393/174/221 39/176/223 2732/175/1744
f 393/174/221 2732/175/1744 3137/173/1742
f 39/176/223 392/178/225 3138/177/1745
f 39/176/223 3138/177/1745 2732/175/1744
f 2732/175/1744 3138/177/1745 2686/114/1690
f 2732/175/1744 2686/114/1690 2441/112/1689
f 3138/177/1745 2733/179/1746 2440/118/1695
f 3138/177/1745 2440/118/1695 2686/114/1690
f 392/178/225 40/180/227 2733/179/1746
f 392/178/225 2733/179/1746 3138/177/1745
f 92/181/228 391/184/231 3139/183/1747
f 92/181/228 3139/183/1747 2805/182/1748
f 2805/182/1748 3139/183/1747 2802/186/1749
f 2805/182/1748 2802/186/1749 2481/185/1750
f 3139/183/1747 2734/187/1751 2438/119/1696
f 3139/183/1747 2438/119/1696 2802/186/1749
f 391/184/231 41/188/235 2734/187/1751
f 391/184/231 2734/187/1751 3139/183/1747
f 41/188/235 390/190/237 3140/189/1752
f 41/188/235 3140/189/1752 2734/187/1751
f 2734/187/1751 3140/189/1752 2684/122/1697
f 2734/187/1751 2684/122/1697 2438/119/1696
f 3140/189/1752 2735/191/1753 2437/129/1706
f 3140/189/1752 2437/129/1706 2684/122/1697
f 390/190/237 42/192/239 2735/191/1753
f 390/190/237 2735/191/1753 3140/189/1752
f 42/192/239 389/194/241 3141/193/1754
f 42/192/239 3141/193/1754 2735/191/1753
f 2735/191/1753 3141/193/1754 2683/131/1707
f 2735/191/1753 2683/131/1707 2437/129/1706
f 3141/193/1754 2736/195/1755 2436/147/1721
f 3141/193/1754 2436/147/1721 2683/131/1707
f 389/194/241 43/196/243 2736/195/1755
f 389/194/241 2736/195/1755 3141/193/1754
f 61/197/244 388/200/247 3142/199/1756
f 61/197/244 3142/199/1756 2741/198/1757
f 2741/198/1757 3142/199/1756 2725/152/1724
f 2741/198/1757 2725/152/1724 2452/149/1723
f 3142/199/1756 2737/201/1758 2435/159/1732
f 3142/199/1756 2435/159/1732 2725/152/1724
f 388/200/247 44/202/249 2737/201/1758
f 388/200/247 2737/201/1758 3142/199/1756
f 59/203/250 387/206/253 3143/205/1759
f 59/203/250 3143/205/1759 2740/204/1760
f 2740/204/1760 3143/205/1759 2720/163/1734
f 2740/204/1760 2720/163/1734 2448/160/1733
f 3143/205/1759 2738/207/1761 2434/166/1739
f 3143/205/1759 2434/166/1739 2720/163/1734
f 387/206/253 45/208/255 2738/207/1761
f 387/206/253 2738/207/1761 3143/205/1759
f 2434/166/1739 2680/211/1762 3347/210/1763
f 2434/166/1739 3347/210/1763 3346/209/1764
f 2702/212/1765 3144/215/1766 2715/214/1767
f 2702/212/1765 2715/214/1767 2433/213/1768
f 2680/211/1762 2446/67/1649 3349/72/1653
f 2680/211/1762 3349/72/1653 3347/210/1763
f 45/208/255 376/217/264 3145/216/1769
f 45/208/255 3145/216/1769 2738/207/1761
f 2738/207/1761 3145/216/1769 2680/211/1762
f 2738/207/1761 2680/211/1762 2434/166/1739
f 3145/216/1769 2739/64/1647 2446/67/1649
f 3145/216/1769 2446/67/1649 2680/211/1762
f 376/217/264 56/63/113 2739/64/1647
f 376/217/264 2739/64/1647 3145/216/1769
f 44/202/249 373/219/266 3146/218/1770
f 44/202/249 3146/218/1770 2737/201/1758
f 2737/201/1758 3146/218/1770 2681/220/1771
f 2737/201/1758 2681/220/1771 2435/159/1732
f 3146/218/1770 2740/204/1760 2448/160/1733
f 3146/218/1770 2448/160/1733 2681/220/1771
f 373/219/266 59/203/250 2740/204/1760
f 373/219/266 2740/204/1760 3146/218/1770
f 2435/159/1732 2681/220/1771 3147/221/1772
f 2435/159/1732 3147/221/1772 2701/158/1731
f 2432/157/1730 2701/158/1731 3147/221/1772
f 2432/157/1730 3147/221/1772 2746/222/1773
f 2455/223/1774 2746/222/1773 3147/221/1772
f 2455/223/1774 3147/221/1772 2745/224/1775
f 2454/164/1737 2745/224/1775 3147/221/1772
f 2454/164/1737 3147/221/1772 2722/161/1736
f 2448/160/1733 2722/161/1736 3147/221/1772
f 2448/160/1733 3147/221/1772 2681/220/1771
f 43/196/243 369/226/273 3148/225/1776
f 43/196/243 3148/225/1776 2736/195/1755
f 2736/195/1755 3148/225/1776 2682/227/1777
f 2736/195/1755 2682/227/1777 2436/147/1721
f 3148/225/1776 2741/198/1757 2452/149/1723
f 3148/225/1776 2452/149/1723 2682/227/1777
f 369/226/273 61/197/244 2741/198/1757
f 369/226/273 2741/198/1757 3148/225/1776
f 2436/147/1721 2682/227/1777 3149/228/1778
f 2436/147/1721 3149/228/1778 2699/148/1722
f 2457/145/1719 2700/146/1720 3150/230/1778
f 2457/145/1719 3150/230/1778 2754/229/1779
f 2460/231/1780 2754/229/1779 3150/230/1778
f 2460/231/1780 3150/230/1778 2755/232/1781
f 2461/233/1782 2756/236/1783 3151/235/1784
f 2461/233/1782 3151/235/1784 2757/234/1785
f 2456/135/1712 2757/234/1785 3151/235/1784
f 2456/135/1712 3151/235/1784 2748/138/1711
f 2507/133/1710 2747/134/1711 3149/228/1778
f 2507/133/1710 3149/228/1778 2857/237/1786
f 2509/6/65 2893/4/64 3149/228/1778
f 2509/6/65 3149/228/1778 2855/238/1787
f 2505/153/1727 2855/238/1787 3149/228/1778
f 2505/153/1727 3149/228/1778 2727/150/1726
f 2452/149/1723 2727/150/1726 3149/228/1778
f 2452/149/1723 3149/228/1778 2682/227/1777
f 2431/1/61 2853/2/63 3152/240/1788
f 2431/1/61 3152/240/1788 2712/239/1789
f 2449/155/70 2726/242/1790 3152/240/1788
f 2449/155/70 3152/240/1788 2723/241/1791
f 2503/243/1792 2723/241/1791 3152/240/1788
f 2503/243/1792 3152/240/1788 2853/2/63
f 2432/157/1730 2719/246/1793 3153/245/1794
f 2432/157/1730 3153/245/1794 2713/244/1795
f 2713/244/1795 3153/245/1794 374/248/294
f 2713/244/1795 374/248/294 54/247/293
f 3153/245/1794 2721/250/1796 58/249/295
f 3153/245/1794 58/249/295 374/248/294
f 2719/246/1793 2447/251/1797 2721/250/1796
f 2719/246/1793 2721/250/1796 3153/245/1794
f 2714/252/1798 3154/48/103 375/254/300
f 2714/252/1798 375/254/300 55/253/299
f 3154/48/103 2718/256/1799 57/255/301
f 3154/48/103 57/255/301 375/254/300
f 3520/257/1800 3522/49/105 3536/259/1801
f 3520/257/1800 3536/259/1801 3534/258/1802
f 2447/251/1797 2679/261/1803 3155/260/1804
f 2447/251/1797 3155/260/1804 2721/250/1796
f 2721/250/1796 3155/260/1804 377/262/308
f 2721/250/1796 377/262/308 58/249/295
f 3155/260/1804 2714/252/1798 55/253/299
f 3155/260/1804 55/253/299 377/262/308
f 2679/261/1803 2433/213/1768 2714/252/1798
f 2679/261/1803 2714/252/1798 3155/260/1804
f 2449/155/70 2678/156/1729 3156/263/1805
f 2449/155/70 3156/263/1805 2726/242/1790
f 2726/242/1790 3156/263/1805 378/265/311
f 2726/242/1790 378/265/311 60/264/310
f 3156/263/1805 2713/244/1795 54/247/293
f 3156/263/1805 54/247/293 378/265/311
f 2678/156/1729 2432/157/1730 2713/244/1795
f 2678/156/1729 2713/244/1795 3156/263/1805
f 2430/127/1704 2677/132/1709 3157/267/1806
f 2430/127/1704 3157/267/1806 2711/266/1807
f 3157/267/1806 2712/239/1789 3594/269/1808
f 3157/267/1806 3594/269/1808 3596/268/1809
f 2677/132/1709 2431/1/61 2712/239/1789
f 2677/132/1709 2712/239/1789 3157/267/1806
f 2429/125/1702 2676/126/1703 3158/271/1810
f 2429/125/1702 3158/271/1810 2710/270/1811
f 2710/270/1811 3158/271/1810 380/273/319
f 2710/270/1811 380/273/319 51/272/318
f 3158/271/1810 2711/266/1807 52/274/320
f 3158/271/1810 52/274/320 380/273/319
f 2676/126/1703 2430/127/1704 2711/266/1807
f 2676/126/1703 2711/266/1807 3158/271/1810
f 2480/275/1812 2675/278/1813 3159/277/1814
f 2480/275/1812 3159/277/1814 2804/276/1815
f 2804/276/1815 3159/277/1814 381/280/326
f 2804/276/1815 381/280/326 91/279/325
f 3159/277/1814 2710/270/1811 51/272/318
f 3159/277/1814 51/272/318 381/280/326
f 2675/278/1813 2429/125/1702 2710/270/1811
f 2675/278/1813 2710/270/1811 3159/277/1814
f 2427/110/1688 2674/115/1692 3160/282/1816
f 2427/110/1688 3160/282/1816 2708/281/1817
f 2708/281/1817 3160/282/1816 382/284/330
f 2708/281/1817 382/284/330 49/283/329
f 3160/282/1816 2709/286/1818 50/285/331
f 3160/282/1816 50/285/331 382/284/330
f 2674/115/1692 2428/116/1694 2709/286/1818
f 2674/115/1692 2709/286/1818 3160/282/1816
f 2426/104/1682 2673/109/1686 3161/288/1819
f 2426/104/1682 3161/288/1819 2707/287/1820
f 2707/287/1820 3161/288/1819 383/290/336
f 2707/287/1820 383/290/336 48/289/335
f 3161/288/1819 2708/281/1817 49/283/329
f 3161/288/1819 49/283/329 383/290/336
f 2673/109/1686 2427/110/1688 2708/281/1817
f 2673/109/1686 2708/281/1817 3161/288/1819
f 2425/98/1676 2672/103/1680 3162/292/1821
f 2425/98/1676 3162/292/1821 2705/291/1822
f 2645/293/1823 2706/296/1824 3163/295/1821
f 2645/293/1823 3163/295/1821 3086/294/1825
f 2647/297/1826 3086/294/1825 3163/295/1821
f 2647/297/1826 3163/295/1821 3085/298/1827
f 258/299/344 3085/298/1827 3163/295/1821
f 258/299/344 3163/295/1821 385/300/345
f 48/289/335 384/301/345 3162/292/1821
f 48/289/335 3162/292/1821 2707/287/1820
f 2426/104/1682 2707/287/1820 3162/292/1821
f 2426/104/1682 3162/292/1821 2672/103/1680
f 2424/96/1674 2671/97/1673 3164/303/1828
f 2424/96/1674 3164/303/1828 2703/302/1829
f 2704/304/1830 3165/307/1831 3087/306/1832
f 2704/304/1830 3087/306/1832 2646/305/1833
f 3165/307/1831 2706/296/1824 2645/293/1823
f 3165/307/1831 2645/293/1823 3087/306/1832
f 2671/97/1673 2425/98/1676 2705/291/1822
f 2671/97/1673 2705/291/1822 3164/303/1828
f 262/308/352 2649/309/1834 3089/34/93
f 262/308/352 3089/34/93 750/35/34
f 37/81/131 2670/82/1662 3166/311/1835
f 37/81/131 3166/311/1835 742/310/354
f 2423/69/1651 2669/70/1650 3342/312/1836
f 2423/69/1651 3342/312/1836 3351/80/1660
f 2729/313/1837 3336/316/1838 3337/315/1839
f 2729/313/1837 3337/315/1839 3168/314/1840
f 3168/314/1840 397/318/362 35/317/361
f 3168/314/1840 35/317/361 2729/313/1837
f 2669/70/1650 36/71/121 1034/319/363
f 2669/70/1650 1034/319/363 3342/312/1836
f 2445/75/1657 2668/76/1656 3169/320/1841
f 2445/75/1657 3169/320/1841 2718/256/1799
f 2718/256/1799 3169/320/1841 398/321/365
f 2718/256/1799 398/321/365 57/255/301
f 3169/320/1841 2729/313/1837 35/317/361
f 3169/320/1841 35/317/361 398/321/365
f 2668/76/1656 2422/78/1659 2729/313/1837
f 2668/76/1656 2729/313/1837 3169/320/1841
f 2434/166/1739 3346/209/1764 3344/322/1842
f 2434/166/1739 3344/322/1842 2744/165/1738
f 3170/323/1843 2679/261/1803 2447/251/1797
f 3170/323/1843 2447/251/1797 2743/324/1844
f 2702/212/1765 2433/213/1768 2679/261/1803
f 2702/212/1765 2679/261/1803 3170/323/1843
f 2454/164/1737 2743/324/1844 3171/325/1845
f 2454/164/1737 3171/325/1845 2745/224/1775
f 2745/224/1775 3171/325/1845 2746/222/1773
f 2745/224/1775 2746/222/1773 2455/223/1774
f 3171/325/1845 2719/246/1793 2432/157/1730
f 3171/325/1845 2432/157/1730 2746/222/1773
f 2743/324/1844 2447/251/1797 2719/246/1793
f 2743/324/1844 2719/246/1793 3171/325/1845
f 2463/326/1846 2758/329/1847 3172/328/1848
f 2463/326/1846 3172/328/1848 2760/327/1849
f 2760/327/1849 3172/328/1848 2762/331/1850
f 2760/327/1849 2762/331/1850 2464/330/1851
f 3173/332/1852 2761/335/1853 2465/334/1854
f 3173/332/1852 2465/334/1854 2763/333/1850
f 2759/336/1855 2462/337/1856 2761/335/1853
f 2759/336/1855 2761/335/1853 3173/332/1852
f 2471/338/1857 2774/341/1858 3174/340/1859
f 2471/338/1857 3174/340/1859 2784/339/1860
f 2784/339/1860 3174/340/1859 2769/343/1861
f 2784/339/1860 2769/343/1861 2469/342/1862
f 3174/340/1859 2764/344/1863 2463/326/1846
f 3174/340/1859 2463/326/1846 2769/343/1861
f 2774/341/1858 2466/345/1864 2764/344/1863
f 2774/341/1858 2764/344/1863 3174/340/1859
f 2470/346/1865 2773/349/1866 3175/348/1867
f 2470/346/1865 3175/348/1867 2783/347/1868
f 2783/347/1868 3175/348/1867 2749/351/1869
f 2783/347/1868 2749/351/1869 2468/350/1870
f 3175/348/1867 2767/353/1871 2467/352/1872
f 3175/348/1867 2467/352/1872 2749/351/1869
f 2773/349/1866 2462/337/1856 2767/353/1871
f 2773/349/1866 2767/353/1871 3175/348/1867
f 2462/337/1856 2759/336/1855 3177/354/1873
f 2462/337/1856 3177/354/1873 2767/353/1871
f 2767/353/1871 3177/354/1873 2766/355/1874
f 2767/353/1871 2766/355/1874 2467/352/1872
f 3176/356/1873 2764/344/1863 2466/345/1864
f 3176/356/1873 2466/345/1864 2765/357/1874
f 2758/329/1847 2463/326/1846 2764/344/1863
f 2758/329/1847 2764/344/1863 3176/356/1873
f 2472/358/1875 2775/361/1876 3178/360/1877
f 2472/358/1875 3178/360/1877 2782/359/1878
f 2782/359/1878 3178/360/1877 2773/349/1866
f 2782/359/1878 2773/349/1866 2470/346/1865
f 3178/360/1877 2761/335/1853 2462/337/1856
f 3178/360/1877 2462/337/1856 2773/349/1866
f 2775/361/1876 2465/334/1854 2761/335/1853
f 2775/361/1876 2761/335/1853 3178/360/1877
f 2468/350/1870 2749/351/1869 3180/363/1879
f 2468/350/1870 3180/363/1879 2781/362/1880
f 2780/364/1881 3179/365/1879 2774/341/1858
f 2780/364/1881 2774/341/1858 2471/338/1857
f 3179/365/1879 2765/357/1874 2466/345/1864
f 3179/365/1879 2466/345/1864 2774/341/1858
f 2749/351/1869 2467/352/1872 2766/355/1874
f 2749/351/1869 2766/355/1874 3180/363/1879
f 2473/366/1882 2776/369/1883 3181/368/1884
f 2473/366/1882 3181/368/1884 2778/367/1885
f 2779/370/1886 3182/371/1887 2775/361/1876
f 2779/370/1886 2775/361/1876 2472/358/1875
f 3182/371/1887 2763/333/1850 2465/334/1854
f 3182/371/1887 2465/334/1854 2775/361/1876
f 2776/369/1883 2464/330/1851 2762/331/1850
f 2776/369/1883 2762/331/1850 3181/368/1884
f 2469/342/1862 2769/343/1861 3183/373/1888
f 2469/342/1862 3183/373/1888 2777/372/1889
f 2777/372/1889 3183/373/1888 2776/369/1883
f 2777/372/1889 2776/369/1883 2473/366/1882
f 3183/373/1888 2760/327/1849 2464/330/1851
f 3183/373/1888 2464/330/1851 2776/369/1883
f 2769/343/1861 2463/326/1846 2760/327/1849
f 2769/343/1861 2760/327/1849 3183/373/1888
f 2469/342/1862 2777/372/1889 3184/375/1890
f 2469/342/1862 3184/375/1890 2786/374/1891
f 2786/374/1891 3184/375/1890 2800/377/1892
f 2786/374/1891 2800/377/1892 2479/376/1893
f 3184/375/1890 2790/379/1894 2477/378/1895
f 3184/375/1890 2477/378/1895 2800/377/1892
f 2777/372/1889 2473/366/1882 2790/379/1894
f 2777/372/1889 2790/379/1894 3184/375/1890
f 2472/358/1875 2789/381/1896 3186/380/1897
f 2472/358/1875 3186/380/1897 2779/370/1886
f 2778/367/1885 3185/382/1897 2790/379/1894
f 2778/367/1885 2790/379/1894 2473/366/1882
f 3185/382/1897 2798/383/1898 2477/378/1895
f 3185/382/1897 2477/378/1895 2790/379/1894
f 2789/381/1896 2476/385/1899 2799/384/1900
f 2789/381/1896 2799/384/1900 3186/380/1897
f 2471/338/1857 2788/387/1901 3187/386/1902
f 2471/338/1857 3187/386/1902 2780/364/1881
f 2781/362/1880 3188/389/1903 2785/388/1904
f 2781/362/1880 2785/388/1904 2468/350/1870
f 3188/389/1903 2797/391/1905 2478/390/1906
f 3188/389/1903 2478/390/1906 2785/388/1904
f 2788/387/1901 2475/393/1907 2796/392/1908
f 2788/387/1901 2796/392/1908 3187/386/1902
f 2470/346/1865 2787/395/1909 3189/394/1910
f 2470/346/1865 3189/394/1910 2782/359/1878
f 2782/359/1878 3189/394/1910 2789/381/1896
f 2782/359/1878 2789/381/1896 2472/358/1875
f 3189/394/1910 2795/396/1911 2476/385/1899
f 3189/394/1910 2476/385/1899 2789/381/1896
f 2787/395/1909 2474/397/1912 2795/396/1911
f 2787/395/1909 2795/396/1911 3189/394/1910
f 2468/350/1870 2785/388/1904 3190/398/1913
f 2468/350/1870 3190/398/1913 2783/347/1868
f 2783/347/1868 3190/398/1913 2787/395/1909
f 2783/347/1868 2787/395/1909 2470/346/1865
f 3190/398/1913 2794/399/1914 2474/397/1912
f 3190/398/1913 2474/397/1912 2787/395/1909
f 2785/388/1904 2478/390/1906 2794/399/1914
f 2785/388/1904 2794/399/1914 3190/398/1913
f 2460/231/1780 2770/401/1915 3191/400/1916
f 2460/231/1780 3191/400/1916 2754/229/1779
f 2754/229/1779 3191/400/1916 2792/402/1917
f 2754/229/1779 2792/402/1917 2457/145/1719
f 3191/400/1916 2793/403/1918 2479/376/1893
f 3191/400/1916 2479/376/1893 2792/402/1917
f 2770/401/1915 2475/393/1907 2793/403/1918
f 2770/401/1915 2793/403/1918 3191/400/1916
f 2456/135/1712 2768/405/1919 3192/404/1920
f 2456/135/1712 3192/404/1920 2757/234/1785
f 2757/234/1785 3192/404/1920 2791/406/1921
f 2757/234/1785 2791/406/1921 2461/233/1782
f 3192/404/1920 2794/399/1914 2478/390/1906
f 3192/404/1920 2478/390/1906 2791/406/1921
f 2768/405/1919 2474/397/1912 2794/399/1914
f 2768/405/1919 2794/399/1914 3192/404/1920
f 2459/139/1714 2771/408/1922 3193/407/1923
f 2459/139/1714 3193/407/1923 2751/136/1713
f 2751/136/1713 3193/407/1923 2768/405/1919
f 2751/136/1713 2768/405/1919 2456/135/1712
f 3193/407/1923 2795/396/1911 2474/397/1912
f 3193/407/1923 2474/397/1912 2768/405/1919
f 2771/408/1922 2476/385/1899 2795/396/1911
f 2771/408/1922 2795/396/1911 3193/407/1923
f 2461/233/1782 2791/406/1921 3195/409/1924
f 2461/233/1782 3195/409/1924 2756/236/1783
f 2755/232/1781 3194/410/1925 2770/401/1915
f 2755/232/1781 2770/401/1915 2460/231/1780
f 3194/410/1925 2796/392/1908 2475/393/1907
f 3194/410/1925 2475/393/1907 2770/401/1915
f 2791/406/1921 2478/390/1906 2797/391/1905
f 2791/406/1921 2797/391/1905 3195/409/1924
f 2458/141/1716 2772/412/1926 3196/411/1927
f 2458/141/1716 3196/411/1927 2752/144/1717
f 2753/140/1715 3197/413/1927 2771/408/1922
f 2753/140/1715 2771/408/1922 2459/139/1714
f 3197/413/1927 2799/384/1900 2476/385/1899
f 3197/413/1927 2476/385/1899 2771/408/1922
f 2772/412/1926 2477/378/1895 2798/383/1898
f 2772/412/1926 2798/383/1898 3196/411/1927
f 2457/145/1719 2792/402/1917 3198/414/1928
f 2457/145/1719 3198/414/1928 2750/142/1718
f 2750/142/1718 3198/414/1928 2772/412/1926
f 2750/142/1718 2772/412/1926 2458/141/1716
f 3198/414/1928 2800/377/1892 2477/378/1895
f 3198/414/1928 2477/378/1895 2772/412/1926
f 2792/402/1917 2479/376/1893 2800/377/1892
f 2792/402/1917 2800/377/1892 3198/414/1928
f 2428/116/1694 2801/416/1929 3199/415/1930
f 2428/116/1694 3199/415/1930 2709/286/1818
f 2709/286/1818 3199/415/1930 460/417/455
f 2709/286/1818 460/417/455 50/285/331
f 3199/415/1930 2804/276/1815 91/279/325
f 3199/415/1930 91/279/325 460/417/455
f 2801/416/1929 2480/275/1812 2804/276/1815
f 2801/416/1929 2804/276/1815 3199/415/1930
f 40/180/227 461/419/457 3200/418/1931
f 40/180/227 3200/418/1931 2733/179/1746
f 2733/179/1746 3200/418/1931 2685/420/1932
f 2733/179/1746 2685/420/1932 2440/118/1695
f 3200/418/1931 2805/182/1748 2481/185/1750
f 3200/418/1931 2481/185/1750 2685/420/1932
f 461/419/457 92/181/228 2805/182/1748
f 461/419/457 2805/182/1748 3200/418/1931
f 2440/118/1695 2685/420/1932 3201/421/1933
f 2440/118/1695 3201/421/1933 2694/117/1693
f 2428/116/1694 2694/117/1693 3201/421/1933
f 2428/116/1694 3201/421/1933 2801/416/1929
f 2480/275/1812 2801/416/1929 3201/421/1933
f 2480/275/1812 3201/421/1933 2809/422/1934
f 2483/423/1935 2809/422/1934 3201/421/1933
f 2483/423/1935 3201/421/1933 2806/424/1936
f 2481/185/1750 2806/424/1936 3201/421/1933
f 2481/185/1750 3201/421/1933 2685/420/1932
f 2485/123/1700 2810/124/1701 3202/426/1937
f 2485/123/1700 3202/426/1937 2811/425/1938
f 2811/425/1938 3202/426/1937 2809/422/1934
f 2811/425/1938 2809/422/1934 2483/423/1935
f 3202/426/1937 2675/278/1813 2480/275/1812
f 3202/426/1937 2480/275/1812 2809/422/1934
f 2810/124/1701 2429/125/1702 2675/278/1813
f 2810/124/1701 2675/278/1813 3202/426/1937
f 2484/427/1939 2825/430/1940 3203/429/1941
f 2484/427/1939 3203/429/1941 2812/428/1942
f 2812/428/1942 3203/429/1941 2814/432/1943
f 2812/428/1942 2814/432/1943 2486/431/1944
f 3203/429/1941 2829/434/1945 2498/433/1946
f 3203/429/1941 2498/433/1946 2814/432/1943
f 2825/430/1940 2499/435/1947 2829/434/1945
f 2825/430/1940 2829/434/1945 3203/429/1941
f 2499/435/1947 2826/437/1948 3204/436/1949
f 2499/435/1947 3204/436/1949 2829/434/1945
f 2829/434/1945 3204/436/1949 2824/438/1950
f 2829/434/1945 2824/438/1950 2498/433/1946
f 3204/436/1949 2830/440/1951 2497/439/1952
f 3204/436/1949 2497/439/1952 2824/438/1950
f 2826/437/1948 2500/441/1953 2830/440/1951
f 2826/437/1948 2830/440/1951 3204/436/1949
f 2500/441/1953 2827/443/1954 3205/442/1955
f 2500/441/1953 3205/442/1955 2830/440/1951
f 2830/440/1951 3205/442/1955 2823/444/1956
f 2830/440/1951 2823/444/1956 2497/439/1952
f 3205/442/1955 2831/446/1957 2496/445/1958
f 3205/442/1955 2496/445/1958 2823/444/1956
f 2827/443/1954 2501/447/1959 2831/446/1957
f 2827/443/1954 2831/446/1957 3205/442/1955
f 2501/447/1959 2828/449/1960 3206/448/1961
f 2501/447/1959 3206/448/1961 2831/446/1957
f 2831/446/1957 3206/448/1961 2822/450/1962
f 2831/446/1957 2822/450/1962 2496/445/1958
f 3206/448/1961 2832/452/1963 2495/451/1964
f 3206/448/1961 2495/451/1964 2822/450/1962
f 2828/449/1960 2502/453/1965 2832/452/1963
f 2828/449/1960 2832/452/1963 3206/448/1961
f 2482/454/1750 2815/457/1966 3207/456/1967
f 2482/454/1750 3207/456/1967 2807/455/1968
f 2808/458/1936 3208/459/1967 2825/430/1940
f 2808/458/1936 2825/430/1940 2484/427/1939
f 3208/459/1967 2834/460/1969 2499/435/1947
f 3208/459/1967 2499/435/1947 2825/430/1940
f 2815/457/1966 2487/462/1970 2833/461/1969
f 2815/457/1966 2833/461/1969 3207/456/1967
f 2487/462/1970 2816/464/1971 3209/463/1972
f 2487/462/1970 3209/463/1972 2833/461/1969
f 2834/460/1969 3210/465/1973 2826/437/1948
f 2834/460/1969 2826/437/1948 2499/435/1947
f 3210/465/1973 2836/466/1974 2500/441/1953
f 3210/465/1973 2500/441/1953 2826/437/1948
f 2816/464/1971 2488/468/1975 2835/467/1976
f 2816/464/1971 2835/467/1976 3209/463/1972
f 2488/468/1975 2817/470/1977 3211/469/1978
f 2488/468/1975 3211/469/1978 2835/467/1976
f 2836/466/1974 3212/471/1979 2827/443/1954
f 2836/466/1974 2827/443/1954 2500/441/1953
f 3212/471/1979 2838/472/1980 2501/447/1959
f 3212/471/1979 2501/447/1959 2827/443/1954
f 2817/470/1977 2489/474/1981 2837/473/1982
f 2817/470/1977 2837/473/1982 3211/469/1978
f 2489/474/1981 2818/476/1983 3213/475/1984
f 2489/474/1981 3213/475/1984 2837/473/1982
f 2838/472/1980 3214/477/1985 2828/449/1960
f 2838/472/1980 2828/449/1960 2501/447/1959
f 3214/477/1985 2840/478/1986 2502/453/1965
f 3214/477/1985 2502/453/1965 2828/449/1960
f 2818/476/1983 2490/480/1987 2839/479/1986
f 2818/476/1983 2839/479/1986 3213/475/1984
f 2486/431/1944 2814/432/1943 3215/482/1988
f 2486/431/1944 3215/482/1988 2696/481/1989
f 2697/483/1989 3216/486/1988 2813/485/1990
f 2697/483/1989 2813/485/1990 2439/484/1696
f 3216/486/1988 2842/488/1991 2494/487/1992
f 3216/486/1988 2494/487/1992 2813/485/1990
f 2814/432/1943 2498/433/1946 2841/489/1993
f 2814/432/1943 2841/489/1993 3215/482/1988
f 2498/433/1946 2824/438/1950 3217/490/1994
f 2498/433/1946 3217/490/1994 2841/489/1993
f 2842/488/1991 3218/492/1995 2821/491/1996
f 2842/488/1991 2821/491/1996 2494/487/1992
f 3218/492/1995 2844/494/1997 2493/493/1998
f 3218/492/1995 2493/493/1998 2821/491/1996
f 2824/438/1950 2497/439/1952 2843/495/1999
f 2824/438/1950 2843/495/1999 3217/490/1994
f 2497/439/1952 2823/444/1956 3219/496/2000
f 2497/439/1952 3219/496/2000 2843/495/1999
f 2844/494/1997 3220/498/2000 2820/497/2001
f 2844/494/1997 2820/497/2001 2493/493/1998
f 3220/498/2000 2846/500/2002 2492/499/2003
f 3220/498/2000 2492/499/2003 2820/497/2001
f 2823/444/1956 2496/445/1958 2845/501/2004
f 2823/444/1956 2845/501/2004 3219/496/2000
f 2496/445/1958 2822/450/1962 3221/502/2005
f 2496/445/1958 3221/502/2005 2845/501/2004
f 2846/500/2002 3222/504/2006 2819/503/2007
f 2846/500/2002 2819/503/2007 2492/499/2003
f 3222/504/2006 2848/506/2008 2491/505/2009
f 3222/504/2006 2491/505/2009 2819/503/2007
f 2822/450/1962 2495/451/1964 2847/507/2008
f 2822/450/1962 2847/507/2008 3221/502/2005
f 2491/505/2009 2848/506/2008 3224/509/2010
f 2491/505/2009 3224/509/2010 2852/508/2011
f 2852/508/2011 3224/509/2010 2839/479/1986
f 2852/508/2011 2839/479/1986 2490/480/1987
f 3223/510/2010 2832/452/1963 2502/453/1965
f 3223/510/2010 2502/453/1965 2840/478/1986
f 2847/507/2008 2495/451/1964 2832/452/1963
f 2847/507/2008 2832/452/1963 3223/510/2010
f 2439/484/1696 2813/485/1990 3225/512/2012
f 2439/484/1696 3225/512/2012 2803/511/1749
f 2803/511/1749 3225/512/2012 2815/457/1966
f 2803/511/1749 2815/457/1966 2482/454/1750
f 3225/512/2012 2849/513/2013 2487/462/1970
f 3225/512/2012 2487/462/1970 2815/457/1966
f 2813/485/1990 2494/487/1992 2849/513/2013
f 2813/485/1990 2849/513/2013 3225/512/2012
f 2494/487/1992 2821/491/1996 3226/514/2014
f 2494/487/1992 3226/514/2014 2849/513/2013
f 2849/513/2013 3226/514/2014 2816/464/1971
f 2849/513/2013 2816/464/1971 2487/462/1970
f 3226/514/2014 2850/515/2015 2488/468/1975
f 3226/514/2014 2488/468/1975 2816/464/1971
f 2821/491/1996 2493/493/1998 2850/515/2015
f 2821/491/1996 2850/515/2015 3226/514/2014
f 2493/493/1998 2820/497/2001 3227/516/2016
f 2493/493/1998 3227/516/2016 2850/515/2015
f 2850/515/2015 3227/516/2016 2817/470/1977
f 2850/515/2015 2817/470/1977 2488/468/1975
f 3227/516/2016 2851/517/2017 2489/474/1981
f 3227/516/2016 2489/474/1981 2817/470/1977
f 2820/497/2001 2492/499/2003 2851/517/2017
f 2820/497/2001 2851/517/2017 3227/516/2016
f 2492/499/2003 2819/503/2007 3228/518/2018
f 2492/499/2003 3228/518/2018 2851/517/2017
f 2851/517/2017 3228/518/2018 2818/476/1983
f 2851/517/2017 2818/476/1983 2489/474/1981
f 3228/518/2018 2852/508/2011 2490/480/1987
f 3228/518/2018 2490/480/1987 2818/476/1983
f 2819/503/2007 2491/505/2009 2852/508/2011
f 2819/503/2007 2852/508/2011 3228/518/2018
f 2469/342/1862 2786/374/1891 3229/519/2019
f 2469/342/1862 3229/519/2019 2784/339/1860
f 2784/339/1860 3229/519/2019 2788/387/1901
f 2784/339/1860 2788/387/1901 2471/338/1857
f 3229/519/2019 2793/403/1918 2475/393/1907
f 3229/519/2019 2475/393/1907 2788/387/1901
f 2786/374/1891 2479/376/1893 2793/403/1918
f 2786/374/1891 2793/403/1918 3229/519/2019
f 3302/520/2020 3072/523/2021 3082/522/2022
f 3302/520/2020 3082/522/2022 3312/521/2023
f 2507/133/1710 2503/243/1792 2853/2/63
f 2507/133/1710 2853/2/63 2854/3/62
f 2512/524/2024 2504/527/1792 2508/526/2025
f 2512/524/2024 2508/526/2025 2513/525/2026
f 2860/7/67 3245/8/69 3311/13/74
f 2860/7/67 3311/13/74 3060/528/2027
f 2892/529/2028 2926/532/2029 3231/531/2030
f 2892/529/2028 3231/531/2030 3230/530/2031
f 2861/533/2032 2511/536/2033 2931/535/2034
f 2861/533/2032 2931/535/2034 3232/534/2035
f 2536/537/2036 2537/540/2037 2937/539/2038
f 2536/537/2036 2937/539/2038 2938/538/2039
f 3082/522/2022 3233/543/2040 3036/542/2041
f 3082/522/2022 3036/542/2041 2616/541/2042
f 3233/543/2040 3021/25/86 2602/544/2043
f 3233/543/2040 2602/544/2043 3036/542/2041
f 3072/523/2021 3287/545/2044 3233/543/2040
f 3072/523/2021 3233/543/2040 3082/522/2022
f 2510/546/2045 2856/549/1787 2863/548/2046
f 2510/546/2045 2863/548/2046 2514/547/2047
f 2859/550/2048 2553/27/87 2554/552/2049
f 2859/550/2048 2554/552/2049 2932/551/2050
f 2515/553/2051 2512/524/2024 2513/525/2026
f 2515/553/2051 2513/525/2026 2541/554/2052
f 2884/555/2053 2863/548/2046 2908/557/2054
f 2884/555/2053 2908/557/2054 2910/556/2055
f 2541/554/2052 2513/525/2026 2932/551/2050
f 2541/554/2052 2932/551/2050 2933/558/2056
f 2540/559/2057 2541/554/2052 2933/558/2056
f 2540/559/2057 2933/558/2056 2934/560/2058
f 2932/551/2050 2554/552/2049 2555/561/2059
f 2932/551/2050 2555/561/2059 2933/558/2056
f 2539/562/2060 2540/559/2057 2934/560/2058
f 2539/562/2060 2934/560/2058 2935/563/2061
f 2933/558/2056 2555/561/2059 2556/564/2062
f 2933/558/2056 2556/564/2062 2934/560/2058
f 2538/565/2063 2539/562/2060 2935/563/2061
f 2538/565/2063 2935/563/2061 2936/566/2064
f 2934/560/2058 2556/564/2062 2557/567/2065
f 2934/560/2058 2557/567/2065 2935/563/2061
f 2935/563/2061 2557/567/2065 2558/568/2066
f 2935/563/2061 2558/568/2066 2936/566/2064
f 2514/547/2047 2863/548/2046 2884/555/2053
f 2514/547/2047 2884/555/2053 2524/569/2067
f 2538/565/2063 2936/566/2064 3234/571/2068
f 2538/565/2063 3234/571/2068 2875/570/2069
f 3234/571/2068 2957/574/2070 2960/573/2071
f 3234/571/2068 2960/573/2071 3266/572/2072
f 3299/575/2073 3069/578/2074 3073/577/2075
f 3299/575/2073 3073/577/2075 3303/576/2076
f 3257/579/2077 2992/582/2078 2967/581/2079
f 3257/579/2077 2967/581/2079 3235/580/2080
f 3081/583/2081 3235/580/2080 3026/585/2082
f 3081/583/2081 3026/585/2082 2640/584/2083
f 3235/580/2080 2967/581/2079 2576/586/2084
f 3235/580/2080 2576/586/2084 3026/585/2082
f 3076/587/2085 3261/590/2086 3258/589/2087
f 3076/587/2085 3258/589/2087 3080/588/2088
f 2937/539/2038 2559/592/2089 2560/591/2090
f 2937/539/2038 2560/591/2090 2938/538/2039
f 2639/593/2091 2631/596/2092 2953/595/2093
f 2639/593/2091 2953/595/2093 3025/594/2094
f 2536/537/2036 2938/538/2039 3236/598/2095
f 2536/537/2036 3236/598/2095 2873/597/2096
f 2953/595/2093 2598/600/2097 2590/599/2098
f 2953/595/2093 2590/599/2098 3025/594/2094
f 2533/15/75 2534/602/2099 2940/601/2100
f 2533/15/75 2940/601/2100 2941/17/76
f 2528/603/2101 2888/606/2102 2889/605/2103
f 2528/603/2101 2889/605/2103 2529/604/2104
f 2940/601/2100 2561/608/2105 2562/607/2106
f 2940/601/2100 2562/607/2106 2941/17/76
f 2524/569/2067 2884/555/2053 2885/610/2107
f 2524/569/2067 2885/610/2107 2525/609/2108
f 2892/529/2028 2891/612/2109 2924/611/2110
f 2892/529/2028 2924/611/2110 2926/532/2029
f 2525/609/2108 2885/610/2107 2886/614/2111
f 2525/609/2108 2886/614/2111 2526/613/2112
f 3231/531/2030 2930/9/68 2860/7/67
f 3231/531/2030 2860/7/67 3230/530/2031
f 2526/613/2112 2886/614/2111 2887/616/2113
f 2526/613/2112 2887/616/2113 2527/615/2114
f 2885/610/2107 2884/555/2053 2910/556/2055
f 2885/610/2107 2910/556/2055 2912/617/2115
f 2516/618/2116 2515/553/2051 2541/554/2052
f 2516/618/2116 2541/554/2052 2540/559/2057
f 2886/614/2111 2885/610/2107 2912/617/2115
f 2886/614/2111 2912/617/2115 2914/619/2117
f 2887/616/2113 2886/614/2111 2914/619/2117
f 2887/616/2113 2914/619/2117 2916/620/2118
f 2887/616/2113 3237/622/2119 2868/621/2120
f 2887/616/2113 2868/621/2120 2527/615/2114
f 2916/620/2118 3247/623/2121 3237/622/2119
f 2916/620/2118 3237/622/2119 2887/616/2113
f 2874/624/2122 2537/540/2037 2519/626/2123
f 2874/624/2122 2519/626/2123 2865/625/2124
f 3238/627/2125 2888/606/2102 2528/603/2101
f 3238/627/2125 2528/603/2101 2869/628/2126
f 3238/627/2125 3237/622/2119 3247/623/2121
f 3238/627/2125 3247/623/2121 3249/629/2127
f 2531/630/2128 2891/612/2109 2892/529/2028
f 2531/630/2128 2892/529/2028 2532/20/79
f 3249/629/2127 2918/631/2129 2888/606/2102
f 3249/629/2127 2888/606/2102 3238/627/2125
f 2889/605/2103 2888/606/2102 2918/631/2129
f 2889/605/2103 2918/631/2129 2920/632/2130
f 2889/605/2103 3239/634/2131 2870/633/2132
f 2889/605/2103 2870/633/2132 2529/604/2104
f 3239/634/2131 2890/636/2133 2530/635/2134
f 3239/634/2131 2530/635/2134 2870/633/2132
f 2920/632/2130 3251/637/2135 3239/634/2131
f 2920/632/2130 3239/634/2131 2889/605/2103
f 3251/637/2135 2922/638/2136 2890/636/2133
f 3251/637/2135 2890/636/2133 3239/634/2131
f 2890/636/2133 3240/640/2137 2871/639/2138
f 2890/636/2133 2871/639/2138 2530/635/2134
f 3240/640/2137 2891/612/2109 2531/630/2128
f 3240/640/2137 2531/630/2128 2871/639/2138
f 2922/638/2136 3253/641/2139 3240/640/2137
f 2922/638/2136 3240/640/2137 2890/636/2133
f 2520/642/2140 2536/537/2036 2873/597/2096
f 2520/642/2140 2873/597/2096 2866/643/2141
f 3253/641/2139 2924/611/2110 2891/612/2109
f 3253/641/2139 2891/612/2109 3240/640/2137
f 2517/644/2142 2516/618/2116 2540/559/2057
f 2517/644/2142 2540/559/2057 2539/562/2060
f 2518/645/2143 2517/644/2142 2539/562/2060
f 2518/645/2143 2539/562/2060 2538/565/2063
f 2518/645/2143 2538/565/2063 2875/570/2069
f 2518/645/2143 2875/570/2069 2864/646/2144
f 2865/625/2124 2864/646/2144 2875/570/2069
f 2865/625/2124 2875/570/2069 2874/624/2122
f 2520/642/2140 2519/626/2123 2537/540/2037
f 2520/642/2140 2537/540/2037 2536/537/2036
f 2873/597/2096 2535/648/2145 2521/647/2146
f 2873/597/2096 2521/647/2146 2866/643/2141
f 2521/647/2146 2535/648/2145 2872/650/2147
f 2521/647/2146 2872/650/2147 2867/649/2148
f 2872/650/2147 2534/602/2099 2522/651/2149
f 2872/650/2147 2522/651/2149 2867/649/2148
f 2523/652/2150 2522/651/2149 2534/602/2099
f 2523/652/2150 2534/602/2099 2533/15/75
f 2550/653/2151 2882/655/2152 2883/18/78
f 2550/653/2151 2883/18/78 2551/654/2153
f 2882/655/2152 2531/630/2128 2532/20/79
f 2882/655/2152 2532/20/79 2883/18/78
f 2531/630/2128 2882/655/2152 3241/656/2154
f 2531/630/2128 3241/656/2154 2871/639/2138
f 2529/604/2104 2870/633/2132 3242/658/2155
f 2529/604/2104 3242/658/2155 2881/657/2156
f 2548/659/2157 2880/661/2158 2881/657/2156
f 2548/659/2157 2881/657/2156 2549/660/2159
f 2638/662/2160 2611/665/2161 2894/664/2162
f 2638/662/2160 2894/664/2162 3024/663/2163
f 2880/661/2158 2528/603/2101 2529/604/2104
f 2880/661/2158 2529/604/2104 2881/657/2156
f 2868/621/2120 3237/622/2119 3238/627/2125
f 2868/621/2120 3238/627/2125 2869/628/2126
f 2868/621/2120 2869/628/2126 3243/667/2164
f 2868/621/2120 3243/667/2164 3244/666/2165
f 2528/603/2101 2880/661/2158 3243/667/2164
f 2528/603/2101 3243/667/2164 2869/628/2126
f 2527/615/2114 2868/621/2120 3244/666/2165
f 2527/615/2114 3244/666/2165 2879/668/2166
f 2546/669/2167 2878/671/2168 2879/668/2166
f 2546/669/2167 2879/668/2166 2547/670/2169
f 2545/672/2170 2877/673/2171 2878/671/2168
f 2545/672/2170 2878/671/2168 2546/669/2167
f 2878/671/2168 2526/613/2112 2527/615/2114
f 2878/671/2168 2527/615/2114 2879/668/2166
f 2544/674/2172 2876/675/2173 2877/673/2171
f 2544/674/2172 2877/673/2171 2545/672/2170
f 2877/673/2171 2525/609/2108 2526/613/2112
f 2877/673/2171 2526/613/2112 2878/671/2168
f 2543/676/2174 2862/677/2175 2876/675/2173
f 2543/676/2174 2876/675/2173 2544/674/2172
f 2876/675/2173 2524/569/2067 2525/609/2108
f 2876/675/2173 2525/609/2108 2877/673/2171
f 2862/677/2175 2514/547/2047 2524/569/2067
f 2862/677/2175 2524/569/2067 2876/675/2173
f 2894/664/2162 2594/679/2176 2597/678/2177
f 2894/664/2162 2597/678/2177 3024/663/2163
f 3079/680/2178 3257/579/2077 3235/580/2080
f 3079/680/2178 3235/580/2080 3081/583/2081
f 2929/681/2179 2504/527/1792 2512/524/2024
f 2929/681/2179 2512/524/2024 2909/682/2054
f 2909/682/2054 2512/524/2024 2515/553/2051
f 2909/682/2054 2515/553/2051 2911/683/2180
f 2911/683/2180 2515/553/2051 2516/618/2116
f 2911/683/2180 2516/618/2116 2913/684/2181
f 2913/684/2181 2516/618/2116 2517/644/2142
f 2913/684/2181 2517/644/2142 2915/685/2182
f 2632/686/2183 2637/689/2184 3057/688/2185
f 2632/686/2183 3057/688/2185 3052/687/2186
f 2915/685/2182 2517/644/2142 2518/645/2143
f 2915/685/2182 2518/645/2143 2917/690/2187
f 2518/645/2143 2864/646/2144 3248/691/2121
f 2518/645/2143 3248/691/2121 2917/690/2187
f 3248/691/2121 2864/646/2144 2865/625/2124
f 3248/691/2121 2865/625/2124 3250/692/2127
f 2874/624/2122 2875/570/2069 3234/571/2068
f 2874/624/2122 3234/571/2068 3266/572/2072
f 2865/625/2124 2519/626/2123 2919/693/2188
f 2865/625/2124 2919/693/2188 3250/692/2127
f 2919/693/2188 2519/626/2123 2520/642/2140
f 2919/693/2188 2520/642/2140 2921/694/2130
f 2520/642/2140 2866/643/2141 3252/695/2189
f 2520/642/2140 3252/695/2189 2921/694/2130
f 2866/643/2141 2521/647/2146 2923/696/2190
f 2866/643/2141 2923/696/2190 3252/695/2189
f 2521/647/2146 2867/649/2148 3254/697/2139
f 2521/647/2146 3254/697/2139 2923/696/2190
f 2867/649/2148 2522/651/2149 2925/698/2191
f 2867/649/2148 2925/698/2191 3254/697/2139
f 2611/665/2161 2617/700/2192 2900/699/2193
f 2611/665/2161 2900/699/2193 2894/664/2162
f 2925/698/2191 2522/651/2149 2523/652/2150
f 2925/698/2191 2523/652/2150 2927/701/2194
f 2504/527/1792 2929/681/2179 3256/54/108
f 2504/527/1792 3256/54/108 2724/55/109
f 2506/702/2195 2907/11/72 3255/12/71
f 2506/702/2195 3255/12/71 2928/703/2179
f 3057/688/2185 2600/705/2196 2586/704/2197
f 3057/688/2185 2586/704/2197 3052/687/2186
f 2621/706/2198 2620/709/2199 3040/708/2200
f 2621/706/2198 3040/708/2200 2904/707/2201
f 3261/590/2086 2965/711/2202 2993/710/2203
f 3261/590/2086 2993/710/2203 3258/589/2087
f 2900/699/2193 2596/712/2204 2594/679/2176
f 2900/699/2193 2594/679/2176 2894/664/2162
f 2614/713/2205 2612/716/2206 3032/715/2207
f 2614/713/2205 3032/715/2207 3034/714/2208
f 3032/715/2207 2605/718/2209 2593/717/2210
f 3032/715/2207 2593/717/2210 3034/714/2208
f 2613/719/2211 2615/722/2212 2898/721/2213
f 2613/719/2211 2898/721/2213 2896/720/2214
f 2622/723/2215 2905/726/2216 3259/725/2217
f 2622/723/2215 3259/725/2217 3077/724/2218
f 3078/727/2218 3260/730/2219 3045/729/2220
f 3078/727/2218 3045/729/2220 2625/728/2221
f 3260/730/2219 2991/732/2222 2603/731/2223
f 3260/730/2219 2603/731/2223 3045/729/2220
f 2905/726/2216 2601/734/2224 2990/733/2225
f 2905/726/2216 2990/733/2225 3259/725/2217
f 2898/721/2213 2595/736/2226 2609/735/2227
f 2898/721/2213 2609/735/2227 2896/720/2214
f 2615/722/2212 2614/713/2205 3034/714/2208
f 2615/722/2212 3034/714/2208 2898/721/2213
f 3034/714/2208 2593/717/2210 2595/736/2226
f 3034/714/2208 2595/736/2226 2898/721/2213
f 2617/700/2192 2616/541/2042 3036/542/2041
f 2617/700/2192 3036/542/2041 2900/699/2193
f 3036/542/2041 2602/544/2043 2596/712/2204
f 3036/542/2041 2596/712/2204 2900/699/2193
f 2619/737/2228 2618/740/2229 3038/739/2230
f 2619/737/2228 3038/739/2230 2902/738/2231
f 3038/739/2230 2589/742/2232 2606/741/2233
f 3038/739/2230 2606/741/2233 2902/738/2231
f 2623/743/2234 2939/744/2235 3261/590/2086
f 2623/743/2234 3261/590/2086 3076/587/2085
f 2939/744/2235 2575/745/2236 2965/711/2202
f 2939/744/2235 2965/711/2202 3261/590/2086
f 3040/708/2200 2585/747/2237 2608/746/2238
f 3040/708/2200 2608/746/2238 2904/707/2201
f 2622/723/2215 2624/749/2239 2942/748/2240
f 2622/723/2215 2942/748/2240 2905/726/2216
f 2942/748/2240 2578/750/2241 2601/734/2224
f 2942/748/2240 2601/734/2224 2905/726/2216
f 2624/749/2239 2626/752/2242 2944/751/2243
f 2624/749/2239 2944/751/2243 2942/748/2240
f 3287/545/2044 2966/24/84 3021/25/86
f 3287/545/2044 3021/25/86 3233/543/2040
f 3075/753/2244 3262/754/2245 2939/744/2235
f 3075/753/2244 2939/744/2235 2623/743/2234
f 3262/754/2245 3018/22/83 2575/745/2236
f 3262/754/2245 2575/745/2236 2939/744/2235
f 3070/755/2246 3289/756/2247 3262/754/2245
f 3070/755/2246 3262/754/2245 3075/753/2244
f 2944/751/2243 2580/757/2248 2578/750/2241
f 2944/751/2243 2578/750/2241 2942/748/2240
f 2627/758/2249 2625/728/2221 3045/729/2220
f 2627/758/2249 3045/729/2220 3047/759/2250
f 3045/729/2220 2603/731/2223 2577/760/2251
f 3045/729/2220 2577/760/2251 3047/759/2250
f 2626/752/2242 2628/762/2252 2946/761/2253
f 2626/752/2242 2946/761/2253 2944/751/2243
f 2551/654/2153 2883/18/78 2963/19/80
f 2551/654/2153 2963/19/80 2573/763/2254
f 2534/602/2099 2872/650/2147 3263/764/2255
f 2534/602/2099 3263/764/2255 2940/601/2100
f 2946/761/2253 2582/765/2256 2580/757/2248
f 2946/761/2253 2580/757/2248 2944/751/2243
f 2629/766/2257 2627/758/2249 3047/759/2250
f 2629/766/2257 3047/759/2250 3049/767/2258
f 3047/759/2250 2577/760/2251 2579/768/2259
f 3047/759/2250 2579/768/2259 3049/767/2258
f 2628/762/2252 2633/770/2260 2955/769/2261
f 2628/762/2252 2955/769/2261 2946/761/2253
f 2955/769/2261 2584/771/2262 2582/765/2256
f 2955/769/2261 2582/765/2256 2946/761/2253
f 2635/772/2263 2629/766/2257 3049/767/2258
f 2635/772/2263 3049/767/2258 3055/773/2264
f 3049/767/2258 2579/768/2259 2581/774/2265
f 3049/767/2258 2581/774/2265 3055/773/2264
f 2633/770/2260 2632/686/2183 3052/687/2186
f 2633/770/2260 3052/687/2186 2955/769/2261
f 2630/775/2266 3050/778/2267 3264/777/2268
f 2630/775/2266 3264/777/2268 3074/776/2269
f 3074/776/2269 3264/777/2268 2953/595/2093
f 3074/776/2269 2953/595/2093 2631/596/2092
f 3264/777/2268 3003/779/2270 2598/600/2097
f 3264/777/2268 2598/600/2097 2953/595/2093
f 3050/778/2267 2610/780/2271 3003/779/2270
f 3050/778/2267 3003/779/2270 3264/777/2268
f 3052/687/2186 2586/704/2197 2584/771/2262
f 3052/687/2186 2584/771/2262 2955/769/2261
f 2956/781/2272 3301/784/2273 3297/783/2274
f 2956/781/2272 3297/783/2274 2958/782/2275
f 3073/577/2075 3265/787/2276 2959/786/2277
f 3073/577/2075 2959/786/2277 2634/785/2278
f 3265/787/2276 3015/789/2279 2607/788/2280
f 3265/787/2276 2607/788/2280 2959/786/2277
f 3069/578/2074 3290/790/2281 3265/787/2276
f 3069/578/2074 3265/787/2276 3073/577/2075
f 2636/791/2282 2635/772/2263 3055/773/2264
f 2636/791/2282 3055/773/2264 2962/792/2283
f 2537/540/2037 2874/624/2122 3266/572/2072
f 2537/540/2037 3266/572/2072 2937/539/2038
f 3055/773/2264 2581/774/2265 2583/793/2284
f 3055/773/2264 2583/793/2284 2962/792/2283
f 2585/747/2237 2977/795/2285 3017/794/2286
f 2585/747/2237 3017/794/2286 2608/746/2238
f 2941/17/76 2562/607/2106 2574/796/2287
f 2941/17/76 2574/796/2287 2964/16/77
f 3230/530/2031 2860/7/67 3060/528/2027
f 3230/530/2031 3060/528/2027 3302/520/2020
f 2927/701/2194 2523/652/2150 2861/533/2032
f 2927/701/2194 2861/533/2032 3232/534/2035
f 2593/717/2210 2985/798/2288 2987/797/2289
f 2593/717/2210 2987/797/2289 2595/736/2226
f 3276/799/2290 2993/710/2203 2965/711/2202
f 3276/799/2290 2965/711/2202 3267/23/82
f 3267/23/82 2965/711/2202 2575/745/2236
f 3267/23/82 2575/745/2236 3018/22/83
f 3309/14/73 3079/680/2178 3081/583/2081
f 3309/14/73 3081/583/2081 3311/13/74
f 3282/800/2291 3008/803/2292 2989/802/2293
f 3282/800/2291 2989/802/2293 3284/801/2294
f 2996/804/2295 3009/807/2296 3268/806/2297
f 2996/804/2295 3268/806/2297 3283/805/2298
f 2607/788/2280 3015/789/2279 3268/806/2297
f 2607/788/2280 3268/806/2297 3009/807/2296
f 2591/808/2299 2998/811/2300 3269/810/2301
f 2591/808/2299 3269/810/2301 2994/809/2302
f 2604/812/2303 2994/809/2302 3269/810/2301
f 2604/812/2303 3269/810/2301 3002/813/2304
f 2605/718/2209 3002/813/2304 3269/810/2301
f 2605/718/2209 3269/810/2301 2998/811/2300
f 3270/26/85 2967/581/2079 2992/582/2078
f 3270/26/85 2992/582/2078 3275/814/2305
f 2966/24/84 2576/586/2084 2967/581/2079
f 2966/24/84 2967/581/2079 3270/26/85
f 2589/742/2232 2981/816/2306 3007/815/2307
f 2589/742/2232 3007/815/2307 2606/741/2233
f 2984/817/2308 2594/679/2176 2596/712/2204
f 2984/817/2308 2596/712/2204 2986/818/2289
f 2592/819/2309 2997/822/2310 3271/821/2311
f 2592/819/2309 3271/821/2311 2982/820/2312
f 2983/823/2313 3272/824/2314 2998/811/2300
f 2983/823/2313 2998/811/2300 2591/808/2299
f 3272/824/2314 3005/825/2315 2605/718/2209
f 3272/824/2314 2605/718/2209 2998/811/2300
f 2997/822/2310 2597/678/2177 3004/826/2316
f 2997/822/2310 3004/826/2316 3271/821/2311
f 2587/827/2317 2979/828/2318 2981/816/2306
f 2587/827/2317 2981/816/2306 2589/742/2232
f 2980/829/2319 2590/599/2098 2598/600/2097
f 2980/829/2319 2598/600/2097 3006/830/2307
f 2595/736/2226 2987/797/2289 3020/831/2320
f 2595/736/2226 3020/831/2320 2609/735/2227
f 2978/832/2318 2588/833/2321 2590/599/2098
f 2978/832/2318 2590/599/2098 2980/829/2319
f 3268/806/2297 3015/789/2279 3011/834/2322
f 3268/806/2297 3011/834/2322 3283/805/2298
f 2989/802/2293 3008/803/2292 3273/836/2323
f 2989/802/2293 3273/836/2323 3285/835/2324
f 3274/837/2325 3014/838/2326 2607/788/2280
f 3274/837/2325 2607/788/2280 3009/807/2296
f 3008/803/2292 2599/840/2327 3013/839/2328
f 3008/803/2292 3013/839/2328 3273/836/2323
f 2583/793/2284 2975/841/2329 2977/795/2285
f 2583/793/2284 2977/795/2285 2585/747/2237
f 2976/842/2330 2586/704/2197 2600/705/2196
f 2976/842/2330 2600/705/2196 3016/843/2331
f 2581/774/2265 2973/844/2332 2975/841/2329
f 2581/774/2265 2975/841/2329 2583/793/2284
f 2974/845/2333 2584/771/2262 2586/704/2197
f 2974/845/2333 2586/704/2197 2976/842/2330
f 2579/768/2259 2971/846/2334 2973/844/2332
f 2579/768/2259 2973/844/2332 2581/774/2265
f 2972/847/2335 2582/765/2256 2584/771/2262
f 2972/847/2335 2584/771/2262 2974/845/2333
f 2577/760/2251 2969/848/2336 2971/846/2334
f 2577/760/2251 2971/846/2334 2579/768/2259
f 2970/849/2337 2580/757/2248 2582/765/2256
f 2970/849/2337 2582/765/2256 2972/847/2335
f 2603/731/2223 2991/732/2222 2969/848/2336
f 2603/731/2223 2969/848/2336 2577/760/2251
f 2968/850/2338 2578/750/2241 2580/757/2248
f 2968/850/2338 2580/757/2248 2970/849/2337
f 2607/788/2280 3014/838/2326 2979/828/2318
f 2607/788/2280 2979/828/2318 2587/827/2317
f 2990/733/2225 2601/734/2224 2578/750/2241
f 2990/733/2225 2578/750/2241 2968/850/2338
f 2605/718/2209 3005/825/2315 2985/798/2288
f 2605/718/2209 2985/798/2288 2593/717/2210
f 2986/818/2289 2596/712/2204 2602/544/2043
f 2986/818/2289 2602/544/2043 3019/851/2320
f 2606/741/2233 2995/854/2339 3277/853/2340
f 2606/741/2233 3277/853/2340 3000/852/2341
f 2604/812/2303 3000/852/2341 3277/853/2340
f 2604/812/2303 3277/853/2340 2994/809/2302
f 2591/808/2299 2994/809/2302 3277/853/2340
f 2591/808/2299 3277/853/2340 2995/854/2339
f 2597/678/2177 2997/822/2310 3278/856/2342
f 2597/678/2177 3278/856/2342 3001/855/2343
f 2610/780/2271 3001/855/2343 3278/856/2342
f 2610/780/2271 3278/856/2342 2999/857/2344
f 2592/819/2309 2999/857/2344 3278/856/2342
f 2592/819/2309 3278/856/2342 2997/822/2310
f 2610/780/2271 2999/857/2344 3279/858/2345
f 2610/780/2271 3279/858/2345 3003/779/2270
f 2598/600/2097 3003/779/2270 3279/858/2345
f 2598/600/2097 3279/858/2345 2988/859/2346
f 2592/819/2309 2988/859/2346 3279/858/2345
f 2592/819/2309 3279/858/2345 2999/857/2344
f 2618/740/2229 2641/861/2347 3061/860/2348
f 2618/740/2229 3061/860/2348 3038/739/2230
f 3004/826/2316 2597/678/2177 2594/679/2176
f 3004/826/2316 2594/679/2176 2984/817/2308
f 2598/600/2097 2988/859/2346 3280/862/2349
f 2598/600/2097 3280/862/2349 3006/830/2307
f 3007/815/2307 3281/863/2349 2995/854/2339
f 3007/815/2307 2995/854/2339 2606/741/2233
f 3281/863/2349 2983/823/2313 2591/808/2299
f 3281/863/2349 2591/808/2299 2995/854/2339
f 2988/859/2346 2592/819/2309 2982/820/2312
f 2988/859/2346 2982/820/2312 3280/862/2349
f 2599/840/2327 3008/803/2292 3282/800/2291
f 2599/840/2327 3282/800/2291 3010/864/2350
f 3067/865/2351 3071/868/2352 3288/867/2353
f 3067/865/2351 3288/867/2353 3292/866/2354
f 3010/864/2350 3282/800/2291 3284/801/2294
f 3010/864/2350 3284/801/2294 3012/869/2355
f 2608/746/2238 2996/804/2295 3283/805/2298
f 2608/746/2238 3283/805/2298 3011/834/2322
f 2600/705/2196 3012/869/2355 3284/801/2294
f 2600/705/2196 3284/801/2294 2989/802/2293
f 2641/861/2347 2634/785/2278 2959/786/2277
f 2641/861/2347 2959/786/2277 3061/860/2348
f 3013/839/2328 2599/840/2327 2588/833/2321
f 3013/839/2328 2588/833/2321 2978/832/2318
f 2600/705/2196 2989/802/2293 3285/835/2324
f 2600/705/2196 3285/835/2324 3016/843/2331
f 3017/794/2286 3286/870/2324 2996/804/2295
f 3017/794/2286 2996/804/2295 2608/746/2238
f 2640/584/2083 3026/585/2082 3287/545/2044
f 2640/584/2083 3287/545/2044 3072/523/2021
f 3026/585/2082 2576/586/2084 2966/24/84
f 3026/585/2082 2966/24/84 3287/545/2044
f 3061/860/2348 2587/827/2317 2589/742/2232
f 3061/860/2348 2589/742/2232 3038/739/2230
f 2643/871/2356 2639/593/2091 3025/594/2094
f 2643/871/2356 3025/594/2094 3029/872/2357
f 2642/873/2358 3062/874/2359 3288/867/2353
f 2642/873/2358 3288/867/2353 3071/868/2352
f 3288/867/2353 3010/864/2350 3012/869/2355
f 3288/867/2353 3012/869/2355 3292/866/2354
f 3290/790/2281 3011/834/2322 3015/789/2279
f 3290/790/2281 3015/789/2279 3265/787/2276
f 3062/874/2359 2599/840/2327 3010/864/2350
f 3062/874/2359 3010/864/2350 3288/867/2353
f 2613/719/2211 2896/720/2214 3289/756/2247
f 2613/719/2211 3289/756/2247 3070/755/2246
f 2896/720/2214 2609/735/2227 3022/21/81
f 2896/720/2214 3022/21/81 3289/756/2247
f 2959/786/2277 2607/788/2280 2587/827/2317
f 2959/786/2277 2587/827/2317 3061/860/2348
f 2642/873/2358 2643/871/2356 3029/872/2357
f 2642/873/2358 3029/872/2357 3062/874/2359
f 2621/706/2198 2904/707/2201 3290/790/2281
f 2621/706/2198 3290/790/2281 3069/578/2074
f 2904/707/2201 2608/746/2238 3011/834/2322
f 2904/707/2201 3011/834/2322 3290/790/2281
f 3025/594/2094 2590/599/2098 2588/833/2321
f 3025/594/2094 2588/833/2321 3029/872/2357
f 2548/659/2157 2549/660/2159 3059/876/2360
f 2548/659/2157 3059/876/2360 3063/875/2361
f 2619/737/2228 2902/738/2231 3291/878/2362
f 2619/737/2228 3291/878/2362 3068/877/2363
f 3068/877/2363 3291/878/2362 3030/880/2364
f 3068/877/2363 3030/880/2364 2644/879/2365
f 3291/878/2362 3000/852/2341 2604/812/2303
f 3291/878/2362 2604/812/2303 3030/880/2364
f 2902/738/2231 2606/741/2233 3000/852/2341
f 2902/738/2231 3000/852/2341 3291/878/2362
f 3067/865/2351 3292/866/2354 3057/688/2185
f 3067/865/2351 3057/688/2185 2637/689/2184
f 3292/866/2354 3012/869/2355 2600/705/2196
f 3292/866/2354 2600/705/2196 3057/688/2185
f 3029/872/2357 2588/833/2321 2599/840/2327
f 3029/872/2357 2599/840/2327 3062/874/2359
f 2620/709/2199 2636/791/2282 2962/792/2283
f 2620/709/2199 2962/792/2283 3040/708/2200
f 2638/662/2160 3024/663/2163 3293/882/2366
f 2638/662/2160 3293/882/2366 3066/881/2367
f 3066/881/2367 3293/882/2366 3050/778/2267
f 3066/881/2367 3050/778/2267 2630/775/2266
f 3293/882/2366 3001/855/2343 2610/780/2271
f 3293/882/2366 2610/780/2271 3050/778/2267
f 3024/663/2163 2597/678/2177 3001/855/2343
f 3024/663/2163 3001/855/2343 3293/882/2366
f 2962/792/2283 2583/793/2284 2585/747/2237
f 2962/792/2283 2585/747/2237 3040/708/2200
f 2557/567/2065 3056/884/2368 2903/883/2369
f 2557/567/2065 2903/883/2369 2558/568/2066
f 2644/879/2365 3030/880/2364 3294/886/2370
f 2644/879/2365 3294/886/2370 3065/885/2371
f 3065/885/2371 3294/886/2370 3032/715/2207
f 3065/885/2371 3032/715/2207 2612/716/2206
f 3294/886/2370 3002/813/2304 2605/718/2209
f 3294/886/2370 2605/718/2209 3032/715/2207
f 3030/880/2364 2604/812/2303 3002/813/2304
f 3030/880/2364 3002/813/2304 3294/886/2370
f 2565/887/2372 3064/890/2373 3295/889/2374
f 2565/887/2372 3295/889/2374 2950/888/2375
f 2950/888/2375 3295/889/2374 2895/892/2376
f 2950/888/2375 2895/892/2376 2566/891/2377
f 3295/889/2374 3065/885/2371 2612/716/2206
f 3295/889/2374 2612/716/2206 2895/892/2376
f 3064/890/2373 2644/879/2365 3065/885/2371
f 3064/890/2373 3065/885/2371 3295/889/2374
f 3056/884/2368 2636/791/2282 2620/709/2199
f 3056/884/2368 2620/709/2199 2903/883/2369
f 2569/893/2378 2548/659/2157 3063/875/2361
f 2569/893/2378 3063/875/2361 3028/894/2379
f 2563/895/2380 3058/898/2381 3296/897/2382
f 2563/895/2380 3296/897/2382 2949/896/2383
f 2949/896/2383 3296/897/2382 2952/900/2384
f 2949/896/2383 2952/900/2384 2568/899/2385
f 3296/897/2382 3066/881/2367 2630/775/2266
f 3296/897/2382 2630/775/2266 2952/900/2384
f 3058/898/2381 2638/662/2160 3066/881/2367
f 3058/898/2381 3066/881/2367 3296/897/2382
f 3063/875/2361 2643/871/2356 2642/873/2358
f 3063/875/2361 2642/873/2358 3028/894/2379
f 2571/901/2386 3054/903/2387 3027/902/2388
f 2571/901/2386 3027/902/2388 2559/592/2089
f 3301/784/2273 3071/868/2352 3067/865/2351
f 3301/784/2273 3067/865/2351 3297/783/2274
f 2958/782/2275 3297/783/2274 3023/905/2389
f 2958/782/2275 3023/905/2389 2572/904/2390
f 3297/783/2274 3067/865/2351 2637/689/2184
f 3297/783/2274 2637/689/2184 3023/905/2389
f 2513/525/2026 2508/526/2025 2859/550/2048
f 2513/525/2026 2859/550/2048 2932/551/2050
f 2564/906/2391 3039/909/2392 3298/908/2393
f 2564/906/2391 3298/908/2393 2948/907/2394
f 2948/907/2394 3298/908/2393 3064/890/2373
f 2948/907/2394 3064/890/2373 2565/887/2372
f 3298/908/2393 3068/877/2363 2644/879/2365
f 3298/908/2393 2644/879/2365 3064/890/2373
f 3039/909/2392 2619/737/2228 3068/877/2363
f 3039/909/2392 3068/877/2363 3298/908/2393
f 3059/876/2360 2639/593/2091 2643/871/2356
f 3059/876/2360 2643/871/2356 3063/875/2361
f 2559/592/2089 3027/902/2388 2901/910/2395
f 2559/592/2089 2901/910/2395 2560/591/2090
f 2570/911/2396 3041/912/2397 3299/575/2073
f 2570/911/2396 3299/575/2073 2957/574/2070
f 3286/870/2324 3274/837/2325 3009/807/2296
f 3286/870/2324 3009/807/2296 2996/804/2295
f 2957/574/2070 3299/575/2073 3303/576/2076
f 2957/574/2070 3303/576/2076 2960/573/2071
f 3041/912/2397 2621/706/2198 3069/578/2074
f 3041/912/2397 3069/578/2074 3299/575/2073
f 3054/903/2387 2634/785/2278 2641/861/2347
f 3054/903/2387 2641/861/2347 3027/902/2388
f 2556/564/2062 2961/913/2398 3056/884/2368
f 2556/564/2062 3056/884/2368 2557/567/2065
f 2574/796/2287 3033/915/2399 3300/914/2400
f 2574/796/2287 3300/914/2400 2964/16/77
f 3033/915/2399 2613/719/2211 3070/755/2246
f 3033/915/2399 3070/755/2246 3300/914/2400
f 2569/893/2378 3028/894/2379 3301/784/2273
f 2569/893/2378 3301/784/2273 2956/781/2272
f 3028/894/2379 2642/873/2358 3071/868/2352
f 3028/894/2379 3071/868/2352 3301/784/2273
f 3027/902/2388 2641/861/2347 2618/740/2229
f 3027/902/2388 2618/740/2229 2901/910/2395
f 2560/591/2090 2901/910/2395 3039/909/2392
f 2560/591/2090 3039/909/2392 2564/906/2391
f 3289/756/2247 3022/21/81 3018/22/83
f 3289/756/2247 3018/22/83 3262/754/2245
f 3060/528/2027 2640/584/2083 3072/523/2021
f 3060/528/2027 3072/523/2021 3302/520/2020
f 2961/913/2398 2635/772/2263 2636/791/2282
f 2961/913/2398 2636/791/2282 3056/884/2368
f 2546/669/2167 2547/670/2169 2954/917/2401
f 2546/669/2167 2954/917/2401 3053/916/2402
f 2960/573/2071 3303/576/2076 3054/903/2387
f 2960/573/2071 3054/903/2387 2571/901/2386
f 3303/576/2076 3073/577/2075 2634/785/2278
f 3303/576/2076 2634/785/2278 3054/903/2387
f 2954/917/2401 2632/686/2183 2633/770/2260
f 2954/917/2401 2633/770/2260 3053/916/2402
f 2555/561/2059 2947/918/2403 2961/913/2398
f 2555/561/2059 2961/913/2398 2556/564/2062
f 2568/899/2385 2952/900/2384 3304/920/2404
f 2568/899/2385 3304/920/2404 2951/919/2405
f 2951/919/2405 3304/920/2404 3051/922/2406
f 2951/919/2405 3051/922/2406 2567/921/2407
f 3304/920/2404 3074/776/2269 2631/596/2092
f 3304/920/2404 2631/596/2092 3051/922/2406
f 2952/900/2384 2630/775/2266 3074/776/2269
f 2952/900/2384 3074/776/2269 3304/920/2404
f 2947/918/2403 2629/766/2257 2635/772/2263
f 2947/918/2403 2635/772/2263 2961/913/2398
f 2545/672/2170 2546/669/2167 3053/916/2402
f 2545/672/2170 3053/916/2402 3048/923/2408
f 3053/916/2402 2633/770/2260 2628/762/2252
f 3053/916/2402 2628/762/2252 3048/923/2408
f 2554/552/2049 2945/924/2409 2947/918/2403
f 2554/552/2049 2947/918/2403 2555/561/2059
f 2945/924/2409 2627/758/2249 2629/766/2257
f 2945/924/2409 2629/766/2257 2947/918/2403
f 2544/674/2172 2545/672/2170 3048/923/2408
f 2544/674/2172 3048/923/2408 3046/925/2410
f 3048/923/2408 2628/762/2252 2626/752/2242
f 3048/923/2408 2626/752/2242 3046/925/2410
f 2553/27/87 2943/28/89 2945/924/2409
f 2553/27/87 2945/924/2409 2554/552/2049
f 2943/28/89 2625/728/2221 2627/758/2249
f 2943/28/89 2627/758/2249 2945/924/2409
f 2543/676/2174 2544/674/2172 3046/925/2410
f 2543/676/2174 3046/925/2410 3044/926/2411
f 3046/925/2410 2626/752/2242 2624/749/2239
f 3046/925/2410 2624/749/2239 3044/926/2411
f 2542/927/2412 2543/676/2174 3044/926/2411
f 2542/927/2412 3044/926/2411 3042/928/2413
f 3305/929/2414 3075/753/2244 2623/743/2234
f 3305/929/2414 2623/743/2234 3043/930/2415
f 3044/926/2411 2624/749/2239 2622/723/2215
f 3044/926/2411 2622/723/2215 3042/928/2413
f 2558/568/2066 2903/883/2369 3041/912/2397
f 2558/568/2066 3041/912/2397 2570/911/2396
f 2903/883/2369 2620/709/2199 2621/706/2198
f 2903/883/2369 2621/706/2198 3041/912/2397
f 2547/670/2169 2572/904/2390 3023/905/2389
f 2547/670/2169 3023/905/2389 2954/917/2401
f 3043/930/2415 2623/743/2234 3076/587/2085
f 3043/930/2415 3076/587/2085 3306/30/90
f 2901/910/2395 2618/740/2229 2619/737/2228
f 2901/910/2395 2619/737/2228 3039/909/2392
f 2551/654/2153 2573/763/2254 2899/932/2416
f 2551/654/2153 2899/932/2416 3037/931/2417
f 2899/932/2416 2616/541/2042 2617/700/2192
f 2899/932/2416 2617/700/2192 3037/931/2417
f 2561/608/2105 2897/934/2418 3035/933/2419
f 2561/608/2105 3035/933/2419 2562/607/2106
f 2897/934/2418 2614/713/2205 2615/722/2212
f 2897/934/2418 2615/722/2212 3035/933/2419
f 2562/607/2106 3035/933/2419 3033/915/2399
f 2562/607/2106 3033/915/2399 2574/796/2287
f 3035/933/2419 2615/722/2212 2613/719/2211
f 3035/933/2419 2613/719/2211 3033/915/2399
f 2566/891/2377 2895/892/2376 2897/934/2418
f 2566/891/2377 2897/934/2418 2561/608/2105
f 3308/29/88 3078/727/2218 2625/728/2221
f 3308/29/88 2625/728/2221 2943/28/89
f 3042/928/2413 2622/723/2215 3077/724/2218
f 3042/928/2413 3077/724/2218 3307/935/88
f 2895/892/2376 2612/716/2206 2614/713/2205
f 2895/892/2376 2614/713/2205 2897/934/2418
f 2550/653/2151 2551/654/2153 3037/931/2417
f 2550/653/2151 3037/931/2417 3031/936/2420
f 3037/931/2417 2617/700/2192 2611/665/2161
f 3037/931/2417 2611/665/2161 3031/936/2420
f 2563/895/2380 2550/653/2151 3031/936/2420
f 2563/895/2380 3031/936/2420 3058/898/2381
f 3306/30/90 3076/587/2085 3080/588/2088
f 3306/30/90 3080/588/2088 3310/32/91
f 3023/905/2389 2637/689/2184 2632/686/2183
f 3023/905/2389 2632/686/2183 2954/917/2401
f 3300/914/2400 3070/755/2246 3075/753/2244
f 3300/914/2400 3075/753/2244 3305/929/2414
f 3031/936/2420 2611/665/2161 2638/662/2160
f 3031/936/2420 2638/662/2160 3058/898/2381
f 2549/660/2159 2567/921/2407 3051/922/2406
f 2549/660/2159 3051/922/2406 3059/876/2360
f 3051/922/2406 2631/596/2092 2639/593/2091
f 3051/922/2406 2639/593/2091 3059/876/2360
f 3311/13/74 3081/583/2081 2640/584/2083
f 3311/13/74 2640/584/2083 3060/528/2027
f 2963/19/80 3312/521/2023 2899/932/2416
f 2963/19/80 2899/932/2416 2573/763/2254
f 3312/521/2023 3082/522/2022 2616/541/2042
f 3312/521/2023 2616/541/2042 2899/932/2416
f 2646/305/1833 3083/939/2421 757/938/945
f 2646/305/1833 757/938/945 256/937/944
f 3083/939/2421 2453/941/2422 46/940/947
f 3083/939/2421 46/940/947 757/938/945
f 46/940/947 2453/941/2422 3093/943/2423
f 46/940/947 3093/943/2423 744/942/949
f 2651/944/2424 3084/947/2425 3313/946/2426
f 2651/944/2424 3313/946/2426 3096/945/2427
f 3096/945/2427 3313/946/2426 3093/943/2423
f 3096/945/2427 3093/943/2423 2453/941/2422
f 3313/946/2426 3091/948/2428 2649/309/1834
f 3313/946/2426 2649/309/1834 3093/943/2423
f 3084/947/2425 2648/949/2429 3091/948/2428
f 3084/947/2425 3091/948/2428 3313/946/2426
f 3093/943/2423 2649/309/1834 262/308/352
f 3093/943/2423 262/308/352 744/942/949
f 2659/950/2430 279/953/960 779/952/959
f 2659/950/2430 779/952/959 2730/951/2431
f 2652/954/2432 2742/957/2433 3314/956/2434
f 2652/954/2432 3314/956/2434 3094/955/2435
f 2650/958/2436 3094/955/2435 3314/956/2434
f 2650/958/2436 3314/956/2434 3090/959/2437
f 2648/949/2429 3090/959/2437 3314/956/2434
f 2648/949/2429 3314/956/2434 3088/960/2438
f 261/961/968 3088/960/2438 3314/956/2434
f 261/961/968 3314/956/2434 753/962/969
f 258/299/344 753/962/969 3314/956/2434
f 258/299/344 3314/956/2434 3085/298/1827
f 2647/297/1826 3085/298/1827 3314/956/2434
f 2647/297/1826 3314/956/2434 2742/957/2433
f 2648/949/2429 3088/960/2438 3315/963/2439
f 2648/949/2429 3315/963/2439 3091/948/2428
f 3091/948/2428 3315/963/2439 3089/34/93
f 3091/948/2428 3089/34/93 2649/309/1834
f 3315/963/2439 749/964/971 260/33/32
f 3315/963/2439 260/33/32 3089/34/93
f 3088/960/2438 261/961/968 749/964/971
f 3088/960/2438 749/964/971 3315/963/2439
f 2647/297/1826 2742/957/2433 3316/965/2440
f 2647/297/1826 3316/965/2440 3086/294/1825
f 3086/294/1825 3316/965/2440 3092/966/2441
f 3086/294/1825 3092/966/2441 2645/293/1823
f 3316/965/2440 3095/967/2442 2651/944/2424
f 3316/965/2440 2651/944/2424 3092/966/2441
f 2742/957/2433 2652/954/2432 3095/967/2442
f 2742/957/2433 3095/967/2442 3316/965/2440
f 2652/954/2432 3094/955/2435 3317/968/2443
f 2652/954/2432 3317/968/2443 3095/967/2442
f 3095/967/2442 3317/968/2443 3084/947/2425
f 3095/967/2442 3084/947/2425 2651/944/2424
f 3317/968/2443 3090/959/2437 2648/949/2429
f 3317/968/2443 2648/949/2429 3084/947/2425
f 3094/955/2435 2650/958/2436 3090/959/2437
f 3094/955/2435 3090/959/2437 3317/968/2443
f 2645/293/1823 3092/966/2441 3318/969/2444
f 2645/293/1823 3318/969/2444 3087/306/1832
f 3087/306/1832 3318/969/2444 3083/939/2421
f 3087/306/1832 3083/939/2421 2646/305/1833
f 3318/969/2444 3096/945/2427 2453/941/2422
f 3318/969/2444 2453/941/2422 3083/939/2421
f 3092/966/2441 2651/944/2424 3096/945/2427
f 3092/966/2441 3096/945/2427 3318/969/2444
f 274/36/35 772/971/978 3319/970/2445
f 274/36/35 3319/970/2445 3103/38/94
f 3103/38/94 3319/970/2445 3105/973/2446
f 3103/38/94 3105/973/2446 2656/972/2447
f 3319/970/2445 3104/975/2448 2657/974/2449
f 3319/970/2445 2657/974/2449 3105/973/2446
f 772/971/978 276/976/983 3104/975/2448
f 772/971/978 3104/975/2448 3319/970/2445
f 2653/977/2450 3098/980/2451 3321/979/2452
f 2653/977/2450 3321/979/2452 3101/978/2453
f 3101/978/2453 3321/979/2452 3100/982/2454
f 3101/978/2453 3100/982/2454 2654/981/2455
f 3320/983/2456 2689/95/1671 2444/92/1669
f 3320/983/2456 2444/92/1669 3099/984/2457
f 3097/985/2458 2443/100/1677 2689/95/1671
f 3097/985/2458 2689/95/1671 3320/983/2456
f 271/986/992 2655/989/2459 3107/988/2460
f 271/986/992 3107/988/2460 781/987/993
f 2653/977/2450 3102/991/2461 3323/990/2462
f 2653/977/2450 3323/990/2462 3098/980/2451
f 2443/100/1677 3097/985/2458 3322/992/2463
f 2443/100/1677 3322/992/2463 2688/102/1678
f 2442/106/1683 2688/102/1678 3322/992/2463
f 2442/106/1683 3322/992/2463 2731/172/1743
f 38/171/218 2731/172/1743 3322/992/2463
f 38/171/218 3322/992/2463 394/993/999
f 779/952/959 277/994/1000 2656/972/2447
f 779/952/959 2656/972/2447 2730/951/2431
f 2656/972/2447 277/994/1000 773/37/36
f 2656/972/2447 773/37/36 3103/38/94
f 2654/981/2455 269/997/1003 356/996/1002
f 2654/981/2455 356/996/1002 3109/995/2464
f 2661/998/2465 3111/1001/2466 3324/1000/2467
f 2661/998/2465 3324/1000/2467 3113/999/2468
f 3113/999/2468 3324/1000/2467 3110/1003/2469
f 3113/999/2468 3110/1003/2469 2660/1002/2470
f 3324/1000/2467 3106/1005/2471 2658/1004/2472
f 3324/1000/2467 2658/1004/2472 3110/1003/2469
f 3111/1001/2466 2657/974/2449 3106/1005/2471
f 3111/1001/2466 3106/1005/2471 3324/1000/2467
f 2659/950/2430 2730/951/2431 3325/1007/2473
f 2659/950/2430 3325/1007/2473 3112/1006/2474
f 3112/1006/2474 3325/1007/2473 3111/1001/2466
f 3112/1006/2474 3111/1001/2466 2661/998/2465
f 3325/1007/2473 3105/973/2446 2657/974/2449
f 3325/1007/2473 2657/974/2449 3111/1001/2466
f 2730/951/2431 2656/972/2447 3105/973/2446
f 2730/951/2431 3105/973/2446 3325/1007/2473
f 2654/981/2455 3109/995/2464 3326/1008/2475
f 2654/981/2455 3326/1008/2475 3101/978/2453
f 3101/978/2453 3326/1008/2475 3108/1009/2476
f 3101/978/2453 3108/1009/2476 2653/977/2450
f 3326/1008/2475 3112/1006/2474 2661/998/2465
f 3326/1008/2475 2661/998/2465 3108/1009/2476
f 3109/995/2464 2659/950/2430 3112/1006/2474
f 3109/995/2464 3112/1006/2474 3326/1008/2475
f 2653/977/2450 3108/1009/2476 3327/1010/2477
f 2653/977/2450 3327/1010/2477 3102/991/2461
f 3102/991/2461 3327/1010/2477 3107/988/2460
f 3102/991/2461 3107/988/2460 2655/989/2459
f 3327/1010/2477 3113/999/2468 2660/1002/2470
f 3327/1010/2477 2660/1002/2470 3107/988/2460
f 3108/1009/2476 2661/998/2465 3113/999/2468
f 3108/1009/2476 3113/999/2468 3327/1010/2477
f 356/996/1002 279/953/960 2659/950/2430
f 356/996/1002 2659/950/2430 3109/995/2464
f 3107/988/2460 2660/1002/2470 281/1011/1017
f 3107/988/2460 281/1011/1017 781/987/993
f 2663/1012/2478 3120/1015/2479 3328/1014/2480
f 2663/1012/2478 3328/1014/2480 3116/1013/2481
f 3116/1013/2481 3328/1014/2480 797/1017/1023
f 3116/1013/2481 797/1017/1023 286/1016/1022
f 3328/1014/2480 795/1019/1035 290/1018/1024
f 3328/1014/2480 290/1018/1024 797/1017/1023
f 3120/1015/2479 2665/1020/2482 795/1019/1035
f 3120/1015/2479 795/1019/1035 3328/1014/2480
f 2420/85/1664 3117/86/1663 3329/1021/2483
f 2420/85/1664 3329/1021/2483 2666/90/1667
f 2666/90/1667 3329/1021/2483 3118/1022/2484
f 2666/90/1667 3118/1022/2484 2421/93/1668
f 3329/1021/2483 3114/1023/2485 2663/1012/2478
f 3329/1021/2483 2663/1012/2478 3118/1022/2484
f 3117/86/1663 2662/87/1666 3114/1023/2485
f 3117/86/1663 3114/1023/2485 3329/1021/2483
f 2421/93/1668 3118/1022/2484 3330/1024/2486
f 2421/93/1668 3330/1024/2486 2728/168/1741
f 2728/168/1741 3330/1024/2486 792/1025/1031
f 2728/168/1741 792/1025/1031 34/167/214
f 3330/1024/2486 3116/1013/2481 286/1016/1022
f 3330/1024/2486 286/1016/1022 792/1025/1031
f 3118/1022/2484 2663/1012/2478 3116/1013/2481
f 3118/1022/2484 3116/1013/2481 3330/1024/2486
f 1010/1027/2487 3119/1031/2488 2664/1030/2489
f 1010/1027/2487 2664/1030/2489 794/1029/2490
f 795/1019/1035 2665/1020/2482 3119/1031/2488
f 795/1019/1035 3119/1031/2488 1010/1027/2487
f 2662/87/1666 3121/1033/2491 3331/1032/2492
f 2662/87/1666 3331/1032/2492 3114/1023/2485
f 3114/1023/2485 3331/1032/2492 3120/1015/2479
f 3114/1023/2485 3120/1015/2479 2663/1012/2478
f 3331/1032/2492 3119/1031/2488 2665/1020/2482
f 3331/1032/2492 2665/1020/2482 3120/1015/2479
f 3121/1033/2491 2664/1030/2489 3119/1031/2488
f 3121/1033/2491 3119/1031/2488 3331/1032/2492
f 287/89/139 800/1035/1043 3332/1034/2493
f 287/89/139 3332/1034/2493 3115/88/1665
f 3115/88/1665 3332/1034/2493 3121/1033/2491
f 3115/88/1665 3121/1033/2491 2662/87/1666
f 3332/1034/2493 794/1029/2490 2664/1030/2489
f 3332/1034/2493 2664/1030/2489 3121/1033/2491
f 800/1035/1043 794/1029/2490 3332/1034/2493
f 276/976/983 776/1037/1046 3333/1036/2494
f 276/976/983 3333/1036/2494 3104/975/2448
f 2657/974/2449 3104/975/2448 3333/1036/2494
f 2657/974/2449 3333/1036/2494 3106/1005/2471
f 2658/1004/2472 3106/1005/2471 3333/1036/2494
f 2658/1004/2472 3333/1036/2494 3110/1003/2469
f 3337/315/1839 3341/1040/2495 3339/1039/2496
f 3337/315/1839 3339/1039/2496 3335/1038/2497
f 2422/78/1659 3334/1041/2498 3336/316/1838
f 2422/78/1659 3336/316/1838 2729/313/1837
f 3168/314/1840 3337/315/1839 3335/1038/2497
f 3168/314/1840 3335/1038/2497 2667/79/1658
f 2667/79/1658 3335/1038/2497 3334/1041/2498
f 2667/79/1658 3334/1041/2498 2422/78/1659
f 3339/1039/2496 3341/1040/2495 3340/1043/2499
f 3339/1039/2496 3340/1043/2499 3338/1042/2500
f 3335/1038/2497 3339/1039/2496 3338/1042/2500
f 3335/1038/2497 3338/1042/2500 3334/1041/2498
f 3336/316/1838 3340/1043/2499 3341/1040/2495
f 3336/316/1838 3341/1040/2495 3337/315/1839
f 3334/1041/2498 3338/1042/2500 3340/1043/2499
f 3334/1041/2498 3340/1043/2499 3336/316/1838
f 3346/209/1764 2702/212/1765 3170/323/1843
f 3346/209/1764 3170/323/1843 3344/322/1842
f 3345/1044/2501 2667/79/1658 3123/77/1655
f 3345/1044/2501 3123/77/1655 3352/1045/2502
f 1023/1046/1055 397/318/362 3168/314/1840
f 1023/1046/1055 3168/314/1840 3353/1047/2503
f 3353/1047/2503 3168/314/1840 2667/79/1658
f 3353/1047/2503 2667/79/1658 3345/1044/2501
f 3350/1048/2504 3144/215/1766 2702/212/1765
f 3350/1048/2504 2702/212/1765 3346/209/1764
f 3346/209/1764 3347/210/1763 3549/1049/2505
f 3346/209/1764 3549/1049/2505 3350/1048/2504
f 3373/1050/2506 3381/1053/2507 3377/1052/2508
f 3373/1050/2506 3377/1052/2508 3369/1051/2509
f 3366/1054/2510 3374/1057/2511 3368/1056/2512
f 3366/1054/2510 3368/1056/2512 3355/1055/2513
f 3359/1058/2514 3370/1061/2515 3371/1060/2516
f 3359/1058/2514 3371/1060/2516 3361/1059/2517
f 3369/1051/2509 3377/1052/2508 3383/1063/2518
f 3369/1051/2509 3383/1063/2518 3375/1062/2519
f 3362/1064/2520 3372/1066/2516 3373/1050/2506
f 3362/1064/2520 3373/1050/2506 3364/1065/2521
f 3355/1055/2513 3368/1056/2512 3370/1061/2515
f 3355/1055/2513 3370/1061/2515 3359/1058/2514
f 3357/1067/2522 3369/1051/2509 3375/1062/2519
f 3357/1067/2522 3375/1062/2519 3367/1068/2510
f 3364/1065/2521 3373/1050/2506 3369/1051/2509
f 3364/1065/2521 3369/1051/2509 3357/1067/2522
f 3380/1069/2523 3389/1071/2524 3391/1070/2525
f 3380/1069/2523 3391/1070/2525 3381/1053/2507
f 3382/1072/2518 3392/43/100 3384/44/99
f 3382/1072/2518 3384/44/99 3376/1073/2526
f 3370/1061/2515 3378/1075/2527 3379/1074/2528
f 3370/1061/2515 3379/1074/2528 3371/1060/2516
f 3374/1057/2511 3382/1072/2518 3376/1073/2526
f 3374/1057/2511 3376/1073/2526 3368/1056/2512
f 3372/1066/2516 3380/1069/2523 3381/1053/2507
f 3372/1066/2516 3381/1053/2507 3373/1050/2506
f 3368/1056/2512 3376/1073/2526 3378/1075/2527
f 3368/1056/2512 3378/1075/2527 3370/1061/2515
f 3376/1073/2526 3384/44/99 3387/1076/2529
f 3376/1073/2526 3387/1076/2529 3378/1075/2527
f 3377/1052/2508 3386/1078/2530 3393/1077/100
f 3377/1052/2508 3393/1077/100 3383/1063/2518
f 3381/1053/2507 3391/1070/2525 3386/1078/2530
f 3381/1053/2507 3386/1078/2530 3377/1052/2508
f 3378/1075/2527 3387/1076/2529 3388/1079/2531
f 3378/1075/2527 3388/1079/2531 3379/1074/2528
f 3397/41/96 2717/74/1654 3398/1080/2532
f 3397/41/96 3398/1080/2532 3396/40/97
f 3400/1081/2533 3429/1084/2534 3489/1083/1105
f 3400/1081/2533 3489/1083/1105 3430/1082/1379
f 3430/1082/1379 3489/1083/1105 3432/1086/1282
f 3430/1082/1379 3432/1086/1282 3402/1085/1108
f 3489/1083/1105 3434/1088/1102 3406/1087/1393
f 3489/1083/1105 3406/1087/1393 3432/1086/1282
f 3429/1084/2534 3405/1089/2535 3434/1088/1102
f 3429/1084/2534 3434/1088/1102 3489/1083/1105
f 3405/1089/2535 3435/1091/2536 3490/1090/1340
f 3405/1089/2535 3490/1090/1340 3434/1088/1102
f 3434/1088/1102 3490/1090/1340 3437/1092/1098
f 3434/1088/1102 3437/1092/1098 3406/1087/1393
f 3491/1093/1277 3441/1096/1094 3411/1095/1093
f 3491/1093/1277 3411/1095/1093 3439/1094/1098
f 3436/1097/2537 3410/1098/2538 3441/1096/1094
f 3436/1097/2537 3441/1096/1094 3491/1093/1277
f 3410/1098/2538 3442/1100/2539 3492/1099/1089
f 3410/1098/2538 3492/1099/1089 3441/1096/1094
f 3441/1096/1094 3492/1099/1089 3443/1101/2540
f 3441/1096/1094 3443/1101/2540 3411/1095/1093
f 3492/1099/1089 3444/1103/1115 3409/1102/1129
f 3492/1099/1089 3409/1102/1129 3443/1101/2540
f 3442/1100/2539 3408/1104/2541 3444/1103/1115
f 3442/1100/2539 3444/1103/1115 3492/1099/1089
f 3408/1104/2541 3446/1106/2542 3494/1105/1111
f 3408/1104/2541 3494/1105/1111 3444/1103/1115
f 3444/1103/1115 3494/1105/1111 3449/1107/1113
f 3444/1103/1115 3449/1107/1113 3409/1102/1129
f 3493/1108/1111 3431/1082/2543 3403/1085/1392
f 3493/1108/1111 3403/1085/1392 3447/1109/1113
f 3445/1110/2542 3401/1081/2533 3431/1082/2543
f 3445/1110/2542 3431/1082/2543 3493/1108/1111
f 3408/1104/2541 3459/1112/2544 3496/1111/2545
f 3408/1104/2541 3496/1111/2545 3446/1106/2542
f 3445/1110/2542 3495/1114/2546 3458/1113/2547
f 3445/1110/2542 3458/1113/2547 3401/1081/2533
f 3495/1114/2546 3455/1116/2548 3414/1115/2549
f 3495/1114/2546 3414/1115/2549 3458/1113/2547
f 3459/1112/2544 3416/1118/2550 3456/1117/2551
f 3459/1112/2544 3456/1117/2551 3496/1111/2545
f 3411/1095/1093 3443/1101/2540 3498/1119/1128
f 3411/1095/1093 3498/1119/1128 3440/1094/1100
f 3438/1092/1100 3497/1120/2552 3433/1086/2553
f 3438/1092/1100 3433/1086/2553 3407/1087/1101
f 3497/1120/2552 3448/1109/1113 3404/1085/1392
f 3497/1120/2552 3404/1085/1392 3433/1086/2553
f 3443/1101/2540 3409/1102/1129 3450/1107/1113
f 3443/1101/2540 3450/1107/1113 3498/1119/1128
f 3413/1115/2554 3469/1123/2555 3499/1122/2556
f 3413/1115/2554 3499/1122/2556 3451/1121/2557
f 3451/1121/2557 3499/1122/2556 3468/1125/2558
f 3451/1121/2557 3468/1125/2558 3412/1124/2559
f 3499/1122/2556 3462/1127/2560 3417/1126/2561
f 3499/1122/2556 3417/1126/2561 3468/1125/2558
f 3469/1123/2555 3418/1128/2562 3462/1127/2560
f 3469/1123/2555 3462/1127/2560 3499/1122/2556
f 3405/1089/2535 3461/1130/2563 3500/1129/2564
f 3405/1089/2535 3500/1129/2564 3435/1091/2536
f 3436/1097/2537 3501/1132/2565 3460/1131/2566
f 3436/1097/2537 3460/1131/2566 3410/1098/2538
f 3501/1132/2565 3453/1134/2567 3415/1133/2568
f 3501/1132/2565 3415/1133/2568 3460/1131/2566
f 3461/1130/2563 3412/1124/2559 3452/1135/2569
f 3461/1130/2563 3452/1135/2569 3500/1129/2564
f 3400/1081/2533 3457/1113/2570 3502/1136/2571
f 3400/1081/2533 3502/1136/2571 3429/1084/2534
f 3429/1084/2534 3502/1136/2571 3461/1130/2563
f 3429/1084/2534 3461/1130/2563 3405/1089/2535
f 3502/1136/2571 3451/1121/2557 3412/1124/2559
f 3502/1136/2571 3412/1124/2559 3461/1130/2563
f 3457/1113/2570 3413/1115/2554 3451/1121/2557
f 3457/1113/2570 3451/1121/2557 3502/1136/2571
f 3410/1098/2538 3460/1131/2566 3503/1137/2572
f 3410/1098/2538 3503/1137/2572 3442/1100/2539
f 3442/1100/2539 3503/1137/2572 3459/1112/2544
f 3442/1100/2539 3459/1112/2544 3408/1104/2541
f 3503/1137/2572 3454/1138/2573 3416/1118/2550
f 3503/1137/2572 3416/1118/2550 3459/1112/2544
f 3460/1131/2566 3415/1133/2568 3454/1138/2573
f 3460/1131/2566 3454/1138/2573 3503/1137/2572
f 3421/1139/2574 3486/1142/2575 3505/1141/2576
f 3421/1139/2574 3505/1141/2576 3467/1140/2577
f 3466/1143/2578 3504/1145/2579 3485/1144/2580
f 3466/1143/2578 3485/1144/2580 3419/1128/2562
f 3504/1145/2579 3481/1147/2581 3426/1146/2582
f 3504/1145/2579 3426/1146/2582 3485/1144/2580
f 3486/1142/2575 3428/1149/2583 3483/1148/2584
f 3486/1142/2575 3483/1148/2584 3505/1141/2576
f 3416/1118/2550 3471/1151/2585 3507/1150/2586
f 3416/1118/2550 3507/1150/2586 3456/1117/2551
f 3455/1116/2548 3506/1152/2587 3470/1123/2555
f 3455/1116/2548 3470/1123/2555 3414/1115/2549
f 3506/1152/2587 3466/1143/2578 3419/1128/2562
f 3506/1152/2587 3419/1128/2562 3470/1123/2555
f 3471/1151/2585 3421/1139/2574 3467/1140/2577
f 3471/1151/2585 3467/1140/2577 3507/1150/2586
f 3412/1124/2559 3468/1125/2558 3508/1153/2588
f 3412/1124/2559 3508/1153/2588 3452/1135/2569
f 3453/1134/2567 3509/1155/2589 3472/1154/2590
f 3453/1134/2567 3472/1154/2590 3415/1133/2568
f 3509/1155/2589 3464/1157/2591 3420/1156/2592
f 3509/1155/2589 3420/1156/2592 3472/1154/2590
f 3468/1125/2558 3417/1126/2561 3463/1158/2591
f 3468/1125/2558 3463/1158/2591 3508/1153/2588
f 3415/1133/2568 3472/1154/2590 3510/1159/2593
f 3415/1133/2568 3510/1159/2593 3454/1138/2573
f 3454/1138/2573 3510/1159/2593 3471/1151/2585
f 3454/1138/2573 3471/1151/2585 3416/1118/2550
f 3510/1159/2593 3465/1160/2594 3421/1139/2574
f 3510/1159/2593 3421/1139/2574 3471/1151/2585
f 3472/1154/2590 3420/1156/2592 3465/1160/2594
f 3472/1154/2590 3465/1160/2594 3510/1159/2593
f 3422/1161/2595 3473/1164/2596 3511/1163/2597
f 3422/1161/2595 3511/1163/2597 3475/1162/2598
f 3477/1165/2599 3512/1168/2600 3479/1167/2601
f 3477/1165/2599 3479/1167/2601 3427/1166/2602
f 3512/1168/2600 3482/1148/2584 3428/1149/2583
f 3512/1168/2600 3428/1149/2583 3479/1167/2601
f 3473/1164/2596 3424/1146/2603 3480/1147/2604
f 3473/1164/2596 3480/1147/2604 3511/1163/2597
f 3417/1126/2561 3488/1170/2605 3513/1169/2606
f 3417/1126/2561 3513/1169/2606 3463/1158/2591
f 3464/1157/2591 3514/1172/2606 3487/1171/2607
f 3464/1157/2591 3487/1171/2607 3420/1156/2592
f 3514/1172/2606 3478/1165/2599 3427/1166/2602
f 3514/1172/2606 3427/1166/2602 3487/1171/2607
f 3488/1170/2605 3423/1161/2595 3476/1162/2598
f 3488/1170/2605 3476/1162/2598 3513/1169/2606
f 3420/1156/2592 3487/1171/2607 3515/1173/2608
f 3420/1156/2592 3515/1173/2608 3465/1160/2594
f 3465/1160/2594 3515/1173/2608 3486/1142/2575
f 3465/1160/2594 3486/1142/2575 3421/1139/2574
f 3515/1173/2608 3479/1167/2601 3428/1149/2583
f 3515/1173/2608 3428/1149/2583 3486/1142/2575
f 3487/1171/2607 3427/1166/2602 3479/1167/2601
f 3487/1171/2607 3479/1167/2601 3515/1173/2608
f 3418/1128/2562 3484/1144/2609 3516/1174/2610
f 3418/1128/2562 3516/1174/2610 3462/1127/2560
f 3462/1127/2560 3516/1174/2610 3488/1170/2605
f 3462/1127/2560 3488/1170/2605 3417/1126/2561
f 3516/1174/2610 3474/1164/2596 3423/1161/2595
f 3516/1174/2610 3423/1161/2595 3488/1170/2605
f 3484/1144/2609 3425/1146/2611 3474/1164/2596
f 3484/1144/2609 3474/1164/2596 3516/1174/2610
f 3243/667/2164 2956/781/2272 2958/782/2275
f 3243/667/2164 2958/782/2275 3244/666/2165
f 3520/257/1800 3534/258/1802 3532/1176/2612
f 3520/257/1800 3532/1176/2612 3519/1175/2613
f 3520/257/1800 3519/1175/2613 3523/47/104
f 3520/257/1800 3523/47/104 3522/49/105
f 3519/1175/2613 3518/1177/2614 3521/46/102
f 3519/1175/2613 3521/46/102 3523/47/104
f 3518/1177/2614 2718/256/1799 3154/48/103
f 3518/1177/2614 3154/48/103 3521/46/102
f 3518/1177/2614 3530/1179/2615 3528/1178/2616
f 3518/1177/2614 3528/1178/2616 2718/256/1799
f 2718/256/1799 3528/1178/2616 3526/1180/2617
f 2718/256/1799 3526/1180/2617 2445/75/1657
f 3519/1175/2613 3532/1176/2612 3530/1179/2615
f 3519/1175/2613 3530/1179/2615 3518/1177/2614
f 2445/75/1657 3526/1180/2617 3524/1182/2618
f 2445/75/1657 3524/1182/2618 3517/1181/2619
f 3354/1183/2620 2715/214/1767 3517/1181/2619
f 3354/1183/2620 3517/1181/2619 3524/1182/2618
f 3522/49/105 3154/48/103 3356/1185/2621
f 3522/49/105 3356/1185/2621 3365/1184/2622
f 3396/40/97 3347/210/1763 3545/58/112
f 3396/40/97 3545/58/112 3546/59/111
f 3348/39/95 3547/1187/2623 3544/1186/2624
f 3348/39/95 3544/1186/2624 3395/45/101
f 3395/45/101 3544/1186/2624 3548/1189/2625
f 3395/45/101 3548/1189/2625 3394/1188/2626
f 3394/1188/2626 3548/1189/2625 3538/1190/2627
f 3394/1188/2626 3538/1190/2627 3352/1045/2502
f 3352/1045/2502 3538/1190/2627 3540/1191/2628
f 3352/1045/2502 3540/1191/2628 3345/1044/2501
f 3349/72/1653 3343/73/1652 3539/1193/2629
f 3349/72/1653 3539/1193/2629 3541/1192/2630
f 3343/73/1652 3351/80/1660 3543/1194/2631
f 3343/73/1652 3543/1194/2631 3539/1193/2629
f 3546/59/111 3553/1197/2632 3579/1196/2633
f 3546/59/111 3579/1196/2633 3552/1195/2634
f 3540/1191/2628 3573/1200/2635 3577/1199/2636
f 3540/1191/2628 3577/1199/2636 3551/1198/2637
f 3350/1048/2504 3549/1049/2505 3347/210/1763
f 3350/1048/2504 3347/210/1763 3396/40/97
f 3552/1195/2634 3579/1196/2633 3565/1201/2638
f 3552/1195/2634 3565/1201/2638 3547/1187/2623
f 3541/1192/2630 3569/1203/2639 3563/1202/2640
f 3541/1192/2630 3563/1202/2640 3545/58/112
f 3543/1194/2631 3571/1205/2641 3557/1204/2642
f 3543/1194/2631 3557/1204/2642 3539/1193/2629
f 3545/58/112 3563/1202/2640 3559/1206/2643
f 3545/58/112 3559/1206/2643 3542/57/110
f 3570/1207/2644 3586/1210/2645 3584/1209/2646
f 3570/1207/2644 3584/1209/2646 3564/1208/2647
f 3548/1189/2625 3555/1212/2648 3567/1211/2649
f 3548/1189/2625 3567/1211/2649 3538/1190/2627
f 3568/1213/2650 1261/1216/1230 1271/1215/1229
f 3568/1213/2650 1271/1215/1229 3574/1214/2651
f 3566/1217/2652 1258/1220/1233 1251/1219/1232
f 3566/1217/2652 1251/1219/1232 3562/1218/2653
f 1268/1221/1234 1266/1224/1237 3572/1223/2654
f 1268/1221/1234 3572/1223/2654 3576/1222/2655
f 3574/1214/2651 1271/1215/1229 1273/1226/1239
f 3574/1214/2651 1273/1226/1239 3578/1225/2656
f 3562/1218/2653 1251/1219/1232 1243/1228/1232
f 3562/1218/2653 1243/1228/1232 3556/1227/2657
f 3560/1229/2643 1248/1232/1244 1240/1231/1243
f 3560/1229/2643 1240/1231/1243 3554/1230/2658
f 3558/1233/2642 3582/1234/2659 3586/1210/2645
f 3558/1233/2642 3586/1210/2645 3570/1207/2644
f 3556/1227/2657 1243/1228/1232 1261/1216/1230
f 3556/1227/2657 1261/1216/1230 3568/1213/2650
f 3551/1198/2637 3577/1199/2636 1272/1236/1239
f 3551/1198/2637 1272/1236/1239 1228/1235/1247
f 3538/1190/2627 3567/1211/2649 3573/1200/2635
f 3538/1190/2627 3573/1200/2635 3540/1191/2628
f 3544/1186/2624 3561/1237/2653 3555/1212/2648
f 3544/1186/2624 3555/1212/2648 3548/1189/2625
f 3547/1187/2623 3565/1201/2638 3561/1237/2653
f 3547/1187/2623 3561/1237/2653 3544/1186/2624
f 3542/57/110 3559/1206/2643 3553/1197/2632
f 3542/57/110 3553/1197/2632 3546/59/111
f 1230/1238/1249 1267/1241/1252 3575/1240/2660
f 1230/1238/1249 3575/1240/2660 3550/1239/2661
f 3539/1193/2629 3557/1204/2642 3569/1203/2639
f 3539/1193/2629 3569/1203/2639 3541/1192/2630
f 3550/1239/2661 3575/1240/2660 3571/1205/2641
f 3550/1239/2661 3571/1205/2641 3543/1194/2631
f 3587/51/106 1289/52/51 1293/1243/1254
f 3587/51/106 1293/1243/1254 3589/1242/2662
f 3581/1244/2663 3587/51/106 3589/1242/2662
f 3581/1244/2663 3589/1242/2662 3585/1245/2664
f 3589/1242/2662 1293/1243/1254 1291/1247/1258
f 3589/1242/2662 1291/1247/1258 3588/1246/2665
f 3585/1245/2664 3589/1242/2662 3588/1246/2665
f 3585/1245/2664 3588/1246/2665 3583/1248/2646
f 3583/1248/2646 3588/1246/2665 1291/1247/1258
f 3583/1248/2646 1291/1247/1258 1254/1249/1260
f 1286/1250/1261 1294/50/49 3587/51/106
f 1286/1250/1261 3587/51/106 3581/1244/2663
f 2510/546/2045 2514/547/2047 2862/677/2175
f 2510/546/2045 2862/677/2175 3593/1251/66
f 2857/237/1786 3149/228/1778 2893/4/64
f 2857/237/1786 2893/4/64 3590/53/107
f 3545/58/112 3347/210/1763 3349/72/1653
f 3545/58/112 3349/72/1653 3541/1192/2630
f 2420/85/1664 2666/90/1667 2690/91/1670
f 2420/85/1664 2690/91/1670 2424/96/1674
f 2511/536/2033 2861/533/2032 3305/929/2414
f 2511/536/2033 3305/929/2414 3043/930/2415
f 3599/1256/2666 1323/1254/2667 1320/1255/1268
f 3599/1256/2666 1320/1255/1268 3595/1257/2668
f 3594/269/1808 2712/239/1789 3152/240/1788
f 3594/269/1808 3152/240/1788 3598/1262/2666
f 3597/1265/2669 1321/60/2670 1317/61/59
f 3597/1265/2669 1317/61/59 1311/1266/1272
f 3595/1257/2668 1320/1255/1268 1321/60/2670
f 3595/1257/2668 1321/60/2670 3597/1265/2669
f 3601/1081/2671 3631/1084/2672 3699/1083/1105
f 3601/1081/2671 3699/1083/1105 3632/1082/1109
f 3632/1082/1109 3699/1083/1105 3634/1086/1282
f 3632/1082/1109 3634/1086/1282 3603/1085/1108
f 3699/1083/1105 3636/1088/1102 3607/1087/1393
f 3699/1083/1105 3607/1087/1393 3634/1086/1282
f 3631/1084/2672 3606/1089/2673 3636/1088/1102
f 3631/1084/2672 3636/1088/1102 3699/1083/1105
f 3606/1089/2673 3637/1091/2674 3700/1090/1099
f 3606/1089/2673 3700/1090/1099 3636/1088/1102
f 3636/1088/1102 3700/1090/1099 3639/1092/1100
f 3636/1088/1102 3639/1092/1100 3607/1087/1393
f 3701/1093/1277 3643/1096/1094 3612/1095/1093
f 3701/1093/1277 3612/1095/1093 3641/1094/1100
f 3638/1097/2675 3611/1098/2676 3643/1096/1094
f 3638/1097/2675 3643/1096/1094 3701/1093/1277
f 3611/1098/2676 3644/1100/2677 3702/1099/1089
f 3611/1098/2676 3702/1099/1089 3643/1096/1094
f 3643/1096/1094 3702/1099/1089 3645/1101/1359
f 3643/1096/1094 3645/1101/1359 3612/1095/1093
f 3702/1099/1089 3646/1103/1115 3610/1102/1129
f 3702/1099/1089 3610/1102/1129 3645/1101/1359
f 3644/1100/2677 3609/1104/2678 3646/1103/1115
f 3644/1100/2677 3646/1103/1115 3702/1099/1089
f 3609/1104/2678 3648/1106/2679 3704/1105/1114
f 3609/1104/2678 3704/1105/1114 3646/1103/1115
f 3646/1103/1115 3704/1105/1114 3651/1107/1113
f 3646/1103/1115 3651/1107/1113 3610/1102/1129
f 3703/1108/1111 3633/1082/1379 3604/1085/1392
f 3703/1108/1111 3604/1085/1392 3649/1109/1113
f 3647/1110/2680 3602/1081/2681 3633/1082/1379
f 3647/1110/2680 3633/1082/1379 3703/1108/1111
f 3637/1091/2674 3606/1089/2673 3698/1170/2682
f 3637/1091/2674 3698/1170/2682 3727/1169/2683
f 3611/1098/2676 3638/1097/2675 3728/1172/2683
f 3611/1098/2676 3728/1172/2683 3697/1171/2684
f 3623/1084/2685 3723/1081/2671 3616/1144/2686
f 3623/1084/2685 3616/1144/2686 3746/1174/2687
f 3648/1106/2679 3609/1104/2678 3696/1142/2688
f 3648/1106/2679 3696/1142/2688 3718/1141/2689
f 3612/1095/1093 3645/1101/1359 3707/1119/1298
f 3612/1095/1093 3707/1119/1298 3642/1094/1100
f 3640/1092/1100 3706/1120/2552 3635/1086/2690
f 3640/1092/1100 3635/1086/2690 3608/1087/2691
f 3706/1120/2552 3650/1109/1113 3605/1085/1108
f 3706/1120/2552 3605/1085/1108 3635/1086/2690
f 3645/1101/1359 3610/1102/1129 3652/1107/1113
f 3645/1101/1359 3652/1107/1113 3707/1119/1298
f 3671/1101/1359 3681/1102/1129 3667/1107/1113
f 3671/1101/1359 3667/1107/1113 3738/1119/1298
f 3679/1095/1093 3671/1101/1359 3738/1119/1298
f 3679/1095/1093 3738/1119/1298 3714/1094/1100
f 3716/1097/2675 3680/1098/2676 3710/1096/1094
f 3716/1097/2675 3710/1096/1094 3733/1093/1099
f 3719/1089/2673 3715/1091/2674 3732/1090/1099
f 3719/1089/2673 3732/1090/1099 3618/1088/1102
f 3631/1084/2672 3601/1081/2671 3694/1144/2686
f 3631/1084/2672 3694/1144/2686 3730/1174/2687
f 3609/1104/2678 3644/1100/2677 3729/1173/2692
f 3609/1104/2678 3729/1173/2692 3696/1142/2688
f 3737/1120/1125 3665/1109/1113 3722/1085/1392
f 3737/1120/1125 3722/1085/1392 3620/1086/1107
f 3669/1106/2679 3682/1104/2678 3615/1142/2688
f 3669/1106/2679 3615/1142/2688 3740/1141/2693
f 3644/1100/2677 3611/1098/2676 3697/1171/2684
f 3644/1100/2677 3697/1171/2684 3729/1173/2692
f 3602/1081/2681 3647/1110/2680 3717/1145/2694
f 3602/1081/2681 3717/1145/2694 3695/1144/2695
f 3742/1168/2600 3655/1148/2696 3672/1149/2697
f 3742/1168/2600 3672/1149/2697 3657/1167/2698
f 3660/1165/2699 3742/1168/2600 3657/1167/2698
f 3660/1165/2699 3657/1167/2698 3673/1166/2700
f 3680/1098/2676 3705/1100/2701 3734/1099/1349
f 3680/1098/2676 3734/1099/1349 3710/1096/1094
f 3723/1081/2671 3623/1084/2685 3731/1083/1105
f 3723/1081/2671 3731/1083/1105 3621/1082/1109
f 3680/1098/2676 3716/1097/2675 3744/1172/2683
f 3680/1098/2676 3744/1172/2683 3614/1171/2702
f 3682/1104/2678 3705/1100/2701 3745/1173/2703
f 3682/1104/2678 3745/1173/2703 3615/1142/2688
f 3606/1089/2673 3631/1084/2672 3730/1174/2687
f 3606/1089/2673 3730/1174/2687 3698/1170/2682
f 3618/1088/1102 3732/1090/1099 3711/1092/1098
f 3618/1088/1102 3711/1092/1098 3708/1087/1393
f 3717/1145/2694 3691/1147/2704 3628/1146/2705
f 3717/1145/2694 3628/1146/2705 3695/1144/2695
f 3696/1142/2688 3630/1149/2706 3693/1148/2707
f 3696/1142/2688 3693/1148/2707 3718/1141/2689
f 3705/1100/2701 3680/1098/2676 3614/1171/2702
f 3705/1100/2701 3614/1171/2702 3745/1173/2703
f 3724/1081/2708 3668/1110/2680 3739/1145/2709
f 3724/1081/2708 3739/1145/2709 3617/1144/2695
f 3734/1099/1349 3670/1103/1115 3681/1102/1129
f 3734/1099/1349 3681/1102/1129 3671/1101/1359
f 3710/1096/1094 3734/1099/1349 3671/1101/1359
f 3710/1096/1094 3671/1101/1359 3679/1095/1093
f 3615/1142/2688 3672/1149/2697 3656/1148/2707
f 3615/1142/2688 3656/1148/2707 3740/1141/2693
f 3677/1161/2710 3662/1164/2711 3741/1163/2597
f 3677/1161/2710 3741/1163/2597 3658/1162/2599
f 3623/1084/2685 3719/1089/2673 3618/1088/1102
f 3623/1084/2685 3618/1088/1102 3731/1083/1105
f 3731/1083/1105 3618/1088/1102 3708/1087/1393
f 3731/1083/1105 3708/1087/1393 3619/1086/1282
f 3719/1089/2673 3623/1084/2685 3746/1174/2687
f 3719/1089/2673 3746/1174/2687 3613/1170/2712
f 3739/1145/2709 3654/1147/2704 3676/1146/2705
f 3739/1145/2709 3676/1146/2705 3617/1144/2695
f 3621/1082/1109 3731/1083/1105 3619/1086/1282
f 3621/1082/1109 3619/1086/1282 3720/1085/1108
f 3733/1093/1099 3710/1096/1094 3679/1095/1093
f 3733/1093/1099 3679/1095/1093 3713/1094/1098
f 3624/1161/2713 3683/1164/2714 3725/1163/2715
f 3624/1161/2713 3725/1163/2715 3685/1162/2716
f 3687/1165/2717 3726/1168/2718 3689/1167/2601
f 3687/1165/2717 3689/1167/2601 3629/1166/2719
f 3726/1168/2718 3692/1148/2696 3630/1149/2706
f 3726/1168/2718 3630/1149/2706 3689/1167/2601
f 3683/1164/2714 3626/1146/2603 3690/1147/2581
f 3683/1164/2714 3690/1147/2581 3725/1163/2715
f 3670/1103/1115 3736/1105/1114 3666/1107/1113
f 3670/1103/1115 3666/1107/1113 3681/1102/1129
f 3735/1108/1332 3622/1082/1109 3721/1085/1108
f 3735/1108/1332 3721/1085/1108 3664/1109/1113
f 3728/1172/2683 3688/1165/2720 3629/1166/2719
f 3728/1172/2683 3629/1166/2719 3697/1171/2684
f 3698/1170/2682 3625/1161/2713 3686/1162/2721
f 3698/1170/2682 3686/1162/2721 3727/1169/2683
f 3705/1100/2701 3682/1104/2678 3670/1103/1115
f 3705/1100/2701 3670/1103/1115 3734/1099/1349
f 3682/1104/2678 3669/1106/2679 3736/1105/1114
f 3682/1104/2678 3736/1105/1114 3670/1103/1115
f 3729/1173/2692 3689/1167/2601 3630/1149/2706
f 3729/1173/2692 3630/1149/2706 3696/1142/2688
f 3697/1171/2684 3629/1166/2719 3689/1167/2601
f 3697/1171/2684 3689/1167/2601 3729/1173/2692
f 3668/1110/2680 3724/1081/2708 3622/1082/1109
f 3668/1110/2680 3622/1082/1109 3735/1108/1332
f 3715/1091/2674 3719/1089/2673 3613/1170/2712
f 3715/1091/2674 3613/1170/2712 3743/1169/2683
f 3730/1174/2687 3684/1164/2714 3625/1161/2713
f 3730/1174/2687 3625/1161/2713 3698/1170/2682
f 3694/1144/2686 3627/1146/2722 3684/1164/2714
f 3694/1144/2686 3684/1164/2714 3730/1174/2687
f 3712/1092/1100 3737/1120/1125 3620/1086/1107
f 3712/1092/1100 3620/1086/1107 3709/1087/1101
f 3662/1164/2711 3674/1146/2722 3653/1147/2723
f 3662/1164/2711 3653/1147/2723 3741/1163/2597
f 3744/1172/2683 3661/1165/2599 3673/1166/2700
f 3744/1172/2683 3673/1166/2700 3614/1171/2702
f 3613/1170/2712 3678/1161/2724 3659/1162/2699
f 3613/1170/2712 3659/1162/2699 3743/1169/2683
f 3745/1173/2703 3657/1167/2698 3672/1149/2697
f 3745/1173/2703 3672/1149/2697 3615/1142/2688
f 3614/1171/2702 3673/1166/2700 3657/1167/2698
f 3614/1171/2702 3657/1167/2698 3745/1173/2703
f 3746/1174/2687 3663/1164/2725 3678/1161/2724
f 3746/1174/2687 3678/1161/2724 3613/1170/2712
f 3616/1144/2686 3675/1146/2722 3663/1164/2725
f 3616/1144/2686 3663/1164/2725 3746/1174/2687
f 3757/1084/2685 3802/1081/2671 3750/1144/2726
f 3757/1084/2685 3750/1144/2726 3819/1174/2727
f 3776/1101/1359 3786/1102/1129 3772/1107/1113
f 3776/1101/1359 3772/1107/1113 3811/1119/1298
f 3784/1095/1093 3776/1101/1359 3811/1119/1298
f 3784/1095/1093 3811/1119/1298 3795/1094/1100
f 3797/1097/2728 3785/1098/2676 3791/1096/1094
f 3797/1097/2728 3791/1096/1094 3806/1093/1096
f 3798/1089/2673 3796/1091/2674 3805/1090/1340
f 3798/1089/2673 3805/1090/1340 3752/1088/1102
f 3810/1120/1419 3770/1109/1113 3801/1085/1108
f 3810/1120/1419 3801/1085/1108 3754/1086/2729
f 3774/1106/2679 3787/1104/2678 3749/1142/2730
f 3774/1106/2679 3749/1142/2730 3813/1141/2689
f 3815/1168/2731 3760/1148/2732 3777/1149/2733
f 3815/1168/2731 3777/1149/2733 3762/1167/2734
f 3765/1165/2735 3815/1168/2731 3762/1167/2734
f 3765/1165/2735 3762/1167/2734 3778/1166/2602
f 3785/1098/2676 3788/1100/2736 3807/1099/1349
f 3785/1098/2676 3807/1099/1349 3791/1096/1094
f 3802/1081/2671 3757/1084/2685 3804/1083/1309
f 3802/1081/2671 3804/1083/1309 3755/1082/1109
f 3785/1098/2676 3797/1097/2728 3817/1172/2683
f 3785/1098/2676 3817/1172/2683 3748/1171/2702
f 3787/1104/2678 3788/1100/2736 3818/1173/2737
f 3787/1104/2678 3818/1173/2737 3749/1142/2730
f 3752/1088/1102 3805/1090/1340 3792/1092/1098
f 3752/1088/1102 3792/1092/1098 3789/1087/1101
f 3788/1100/2736 3785/1098/2676 3748/1171/2702
f 3788/1100/2736 3748/1171/2702 3818/1173/2737
f 3803/1081/2738 3773/1110/2680 3812/1145/2739
f 3803/1081/2738 3812/1145/2739 3751/1144/2740
f 3807/1099/1349 3775/1103/1115 3786/1102/1129
f 3807/1099/1349 3786/1102/1129 3776/1101/1359
f 3791/1096/1094 3807/1099/1349 3776/1101/1359
f 3791/1096/1094 3776/1101/1359 3784/1095/1093
f 3749/1142/2730 3777/1149/2733 3761/1148/2741
f 3749/1142/2730 3761/1148/2741 3813/1141/2689
f 3782/1161/2742 3767/1164/2743 3814/1163/2744
f 3782/1161/2742 3814/1163/2744 3763/1162/2699
f 3757/1084/2685 3798/1089/2673 3752/1088/1102
f 3757/1084/2685 3752/1088/1102 3804/1083/1309
f 3804/1083/1309 3752/1088/1102 3789/1087/1101
f 3804/1083/1309 3789/1087/1101 3753/1086/1282
f 3798/1089/2673 3757/1084/2685 3819/1174/2727
f 3798/1089/2673 3819/1174/2727 3747/1170/2712
f 3812/1145/2739 3759/1147/2696 3781/1146/2745
f 3812/1145/2739 3781/1146/2745 3751/1144/2740
f 3755/1082/1109 3804/1083/1309 3753/1086/1282
f 3755/1082/1109 3753/1086/1282 3799/1085/1108
f 3806/1093/1096 3791/1096/1094 3784/1095/1093
f 3806/1093/1096 3784/1095/1093 3794/1094/1098
f 3775/1103/1115 3809/1105/1111 3771/1107/1113
f 3775/1103/1115 3771/1107/1113 3786/1102/1129
f 3808/1108/1284 3756/1082/1379 3800/1085/1392
f 3808/1108/1284 3800/1085/1392 3769/1109/1113
f 3788/1100/2736 3787/1104/2678 3775/1103/1115
f 3788/1100/2736 3775/1103/1115 3807/1099/1349
f 3787/1104/2678 3774/1106/2679 3809/1105/1111
f 3787/1104/2678 3809/1105/1111 3775/1103/1115
f 3773/1110/2680 3803/1081/2738 3756/1082/1379
f 3773/1110/2680 3756/1082/1379 3808/1108/1284
f 3796/1091/2674 3798/1089/2673 3747/1170/2712
f 3796/1091/2674 3747/1170/2712 3816/1169/2683
f 3793/1092/1100 3810/1120/1419 3754/1086/2729
f 3793/1092/1100 3754/1086/2729 3790/1087/1393
f 3767/1164/2743 3779/1146/2582 3758/1147/2746
f 3767/1164/2743 3758/1147/2746 3814/1163/2744
f 3817/1172/2683 3766/1165/2699 3778/1166/2602
f 3817/1172/2683 3778/1166/2602 3748/1171/2702
f 3747/1170/2712 3783/1161/2747 3764/1162/2748
f 3747/1170/2712 3764/1162/2748 3816/1169/2683
f 3818/1173/2737 3762/1167/2734 3777/1149/2733
f 3818/1173/2737 3777/1149/2733 3749/1142/2730
f 3748/1171/2702 3778/1166/2602 3762/1167/2734
f 3748/1171/2702 3762/1167/2734 3818/1173/2737
f 3819/1174/2727 3768/1164/2743 3783/1161/2747
f 3819/1174/2727 3783/1161/2747 3747/1170/2712
f 3750/1144/2726 3780/1146/2582 3768/1164/2743
f 3750/1144/2726 3768/1164/2743 3819/1174/2727
f 3830/1084/2672 3875/1081/2749 3823/1144/2686
f 3830/1084/2672 3823/1144/2686 3892/1174/2687
f 3849/1101/1092 3859/1102/1129 3845/1107/1113
f 3849/1101/1092 3845/1107/1113 3884/1119/1298
f 3857/1095/1093 3849/1101/1092 3884/1119/1298
f 3857/1095/1093 3884/1119/1298 3868/1094/1098
f 3870/1097/2750 3858/1098/2676 3864/1096/1094
f 3870/1097/2750 3864/1096/1094 3879/1093/1277
f 3871/1089/2751 3869/1091/2752 3878/1090/1340
f 3871/1089/2751 3878/1090/1340 3825/1088/1102
f 3883/1120/1125 3843/1109/1113 3874/1085/1108
f 3883/1120/1125 3874/1085/1108 3827/1086/2729
f 3847/1106/2679 3860/1104/2753 3822/1142/2688
f 3847/1106/2679 3822/1142/2688 3886/1141/2754
f 3888/1168/2600 3833/1148/2604 3850/1149/2755
f 3888/1168/2600 3850/1149/2755 3835/1167/2756
f 3838/1165/2748 3888/1168/2600 3835/1167/2756
f 3838/1165/2748 3835/1167/2756 3851/1166/2757
f 3858/1098/2676 3861/1100/2758 3880/1099/1089
f 3858/1098/2676 3880/1099/1089 3864/1096/1094
f 3875/1081/2749 3830/1084/2672 3877/1083/1105
f 3875/1081/2749 3877/1083/1105 3828/1082/1379
f 3858/1098/2676 3870/1097/2750 3890/1172/2759
f 3858/1098/2676 3890/1172/2759 3821/1171/2760
f 3860/1104/2753 3861/1100/2758 3891/1173/2692
f 3860/1104/2753 3891/1173/2692 3822/1142/2688
f 3825/1088/1102 3878/1090/1340 3865/1092/1098
f 3825/1088/1102 3865/1092/1098 3862/1087/1393
f 3861/1100/2758 3858/1098/2676 3821/1171/2760
f 3861/1100/2758 3821/1171/2760 3891/1173/2692
f 3876/1081/2738 3846/1110/2680 3885/1145/2761
f 3876/1081/2738 3885/1145/2761 3824/1144/2762
f 3880/1099/1089 3848/1103/1088 3859/1102/1129
f 3880/1099/1089 3859/1102/1129 3849/1101/1092
f 3864/1096/1094 3880/1099/1089 3849/1101/1092
f 3864/1096/1094 3849/1101/1092 3857/1095/1093
f 3822/1142/2688 3850/1149/2755 3834/1148/2581
f 3822/1142/2688 3834/1148/2581 3886/1141/2754
f 3855/1161/2763 3840/1164/2711 3887/1163/2764
f 3855/1161/2763 3887/1163/2764 3836/1162/2765
f 3830/1084/2672 3871/1089/2751 3825/1088/1102
f 3830/1084/2672 3825/1088/1102 3877/1083/1105
f 3877/1083/1105 3825/1088/1102 3862/1087/1393
f 3877/1083/1105 3862/1087/1393 3826/1086/1282
f 3871/1089/2751 3830/1084/2672 3892/1174/2687
f 3871/1089/2751 3892/1174/2687 3820/1170/2766
f 3885/1145/2761 3832/1147/2584 3854/1146/2582
f 3885/1145/2761 3854/1146/2582 3824/1144/2762
f 3828/1082/1379 3877/1083/1105 3826/1086/1282
f 3828/1082/1379 3826/1086/1282 3872/1085/1108
f 3879/1093/1277 3864/1096/1094 3857/1095/1093
f 3879/1093/1277 3857/1095/1093 3867/1094/1098
f 3848/1103/1088 3882/1105/1114 3844/1107/1113
f 3848/1103/1088 3844/1107/1113 3859/1102/1129
f 3881/1108/1332 3829/1082/1379 3873/1085/1108
f 3881/1108/1332 3873/1085/1108 3842/1109/1113
f 3861/1100/2758 3860/1104/2753 3848/1103/1088
f 3861/1100/2758 3848/1103/1088 3880/1099/1089
f 3860/1104/2753 3847/1106/2679 3882/1105/1114
f 3860/1104/2753 3882/1105/1114 3848/1103/1088
f 3846/1110/2680 3876/1081/2738 3829/1082/1379
f 3846/1110/2680 3829/1082/1379 3881/1108/1332
f 3869/1091/2752 3871/1089/2751 3820/1170/2766
f 3869/1091/2752 3820/1170/2766 3889/1169/2767
f 3866/1092/1100 3883/1120/1125 3827/1086/2729
f 3866/1092/1100 3827/1086/2729 3863/1087/1101
f 3840/1164/2711 3852/1146/2582 3831/1147/2604
f 3840/1164/2711 3831/1147/2604 3887/1163/2764
f 3890/1172/2759 3839/1165/2768 3851/1166/2757
f 3890/1172/2759 3851/1166/2757 3821/1171/2760
f 3820/1170/2766 3856/1161/2769 3837/1162/2770
f 3820/1170/2766 3837/1162/2770 3889/1169/2767
f 3891/1173/2692 3835/1167/2756 3850/1149/2755
f 3891/1173/2692 3850/1149/2755 3822/1142/2688
f 3821/1171/2760 3851/1166/2757 3835/1167/2756
f 3821/1171/2760 3835/1167/2756 3891/1173/2692
f 3892/1174/2687 3841/1164/2711 3856/1161/2769
f 3892/1174/2687 3856/1161/2769 3820/1170/2766
f 3823/1144/2686 3853/1146/2611 3841/1164/2711
f 3823/1144/2686 3841/1164/2711 3892/1174/2687
f 3903/1084/2672 3948/1081/2671 3896/1144/2740
f 3903/1084/2672 3896/1144/2740 3965/1174/2727
f 3922/1101/1359 3932/1102/1091 3918/1107/1113
f 3922/1101/1359 3918/1107/1113 3957/1119/1298
f 3930/1095/1126 3922/1101/1359 3957/1119/1298
f 3930/1095/1126 3957/1119/1298 3941/1094/1098
f 3943/1097/2675 3931/1098/2676 3937/1096/1094
f 3943/1097/2675 3937/1096/1094 3952/1093/1395
f 3944/1089/2751 3942/1091/2752 3951/1090/1421
f 3944/1089/2751 3951/1090/1421 3898/1088/1102
f 3956/1120/2552 3916/1109/1113 3947/1085/1392
f 3956/1120/2552 3947/1085/1392 3900/1086/1282
f 3920/1106/2679 3933/1104/2753 3895/1142/2730
f 3920/1106/2679 3895/1142/2730 3959/1141/2709
f 3961/1168/2715 3906/1148/2771 3923/1149/2772
f 3961/1168/2715 3923/1149/2772 3908/1167/2773
f 3911/1165/2774 3961/1168/2715 3908/1167/2773
f 3911/1165/2774 3908/1167/2773 3924/1166/2775
f 3931/1098/2676 3934/1100/2677 3953/1099/2776
f 3931/1098/2676 3953/1099/2776 3937/1096/1094
f 3948/1081/2671 3903/1084/2672 3950/1083/1309
f 3948/1081/2671 3950/1083/1309 3901/1082/1379
f 3931/1098/2676 3943/1097/2675 3963/1172/2683
f 3931/1098/2676 3963/1172/2683 3894/1171/2702
f 3933/1104/2753 3934/1100/2677 3964/1173/2777
f 3933/1104/2753 3964/1173/2777 3895/1142/2730
f 3898/1088/1102 3951/1090/1421 3938/1092/1100
f 3898/1088/1102 3938/1092/1100 3935/1087/1393
f 3934/1100/2677 3931/1098/2676 3894/1171/2702
f 3934/1100/2677 3894/1171/2702 3964/1173/2777
f 3949/1081/2681 3919/1110/2680 3958/1145/2754
f 3949/1081/2681 3958/1145/2754 3897/1144/2778
f 3953/1099/2776 3921/1103/2779 3932/1102/1091
f 3953/1099/2776 3932/1102/1091 3922/1101/1359
f 3937/1096/1094 3953/1099/2776 3922/1101/1359
f 3937/1096/1094 3922/1101/1359 3930/1095/1126
f 3895/1142/2730 3923/1149/2772 3907/1148/2780
f 3895/1142/2730 3907/1148/2780 3959/1141/2709
f 3928/1161/2781 3913/1164/2782 3960/1163/2718
f 3928/1161/2781 3960/1163/2718 3909/1162/2783
f 3903/1084/2672 3944/1089/2751 3898/1088/1102
f 3903/1084/2672 3898/1088/1102 3950/1083/1309
f 3950/1083/1309 3898/1088/1102 3935/1087/1393
f 3950/1083/1309 3935/1087/1393 3899/1086/2784
f 3944/1089/2751 3903/1084/2672 3965/1174/2727
f 3944/1089/2751 3965/1174/2727 3893/1170/2785
f 3958/1145/2754 3905/1147/2741 3927/1146/2786
f 3958/1145/2754 3927/1146/2786 3897/1144/2778
f 3901/1082/1379 3950/1083/1309 3899/1086/2784
f 3901/1082/1379 3899/1086/2784 3945/1085/1108
f 3952/1093/1395 3937/1096/1094 3930/1095/1126
f 3952/1093/1395 3930/1095/1126 3940/1094/1410
f 3921/1103/2779 3955/1105/1111 3917/1107/1391
f 3921/1103/2779 3917/1107/1391 3932/1102/1091
f 3954/1108/1111 3902/1082/1403 3946/1085/2787
f 3954/1108/1111 3946/1085/2787 3915/1109/1113
f 3934/1100/2677 3933/1104/2753 3921/1103/2779
f 3934/1100/2677 3921/1103/2779 3953/1099/2776
f 3933/1104/2753 3920/1106/2679 3955/1105/1111
f 3933/1104/2753 3955/1105/1111 3921/1103/2779
f 3919/1110/2680 3949/1081/2681 3902/1082/1403
f 3919/1110/2680 3902/1082/1403 3954/1108/1111
f 3942/1091/2752 3944/1089/2751 3893/1170/2785
f 3942/1091/2752 3893/1170/2785 3962/1169/2683
f 3939/1092/1100 3956/1120/2552 3900/1086/1282
f 3939/1092/1100 3900/1086/1282 3936/1087/1393
f 3913/1164/2782 3925/1146/2788 3904/1147/2581
f 3913/1164/2782 3904/1147/2581 3960/1163/2718
f 3963/1172/2683 3912/1165/2789 3924/1166/2775
f 3963/1172/2683 3924/1166/2775 3894/1171/2702
f 3893/1170/2785 3929/1161/2790 3910/1162/2765
f 3893/1170/2785 3910/1162/2765 3962/1169/2683
f 3964/1173/2777 3908/1167/2773 3923/1149/2772
f 3964/1173/2777 3923/1149/2772 3895/1142/2730
f 3894/1171/2702 3924/1166/2775 3908/1167/2773
f 3894/1171/2702 3908/1167/2773 3964/1173/2777
f 3965/1174/2727 3914/1164/2791 3929/1161/2790
f 3965/1174/2727 3929/1161/2790 3893/1170/2785
f 3896/1144/2740 3926/1146/2792 3914/1164/2791
f 3896/1144/2740 3914/1164/2791 3965/1174/2727
f 3976/1084/2672 4021/1081/2671 3969/1144/2726
f 3976/1084/2672 3969/1144/2726 4038/1174/2793
f 3995/1101/1359 4005/1102/2794 3991/1107/1113
f 3995/1101/1359 3991/1107/1113 4030/1119/1128
f 4003/1095/2795 3995/1101/1359 4030/1119/1128
f 4003/1095/2795 4030/1119/1128 4014/1094/1100
f 4016/1097/2750 4004/1098/2676 4010/1096/1094
f 4016/1097/2750 4010/1096/1094 4025/1093/1395
f 4017/1089/2673 4015/1091/2796 4024/1090/1340
f 4017/1089/2673 4024/1090/1340 3971/1088/2797
f 4029/1120/1125 3989/1109/1113 4020/1085/1108
f 4029/1120/1125 4020/1085/1108 3973/1086/1282
f 3993/1106/2798 4006/1104/2678 3968/1142/2730
f 3993/1106/2798 3968/1142/2730 4032/1141/2799
f 4034/1168/2800 3979/1148/2801 3996/1149/2802
f 4034/1168/2800 3996/1149/2802 3981/1167/2803
f 3984/1165/2804 4034/1168/2800 3981/1167/2803
f 3984/1165/2804 3981/1167/2803 3997/1166/2775
f 4004/1098/2676 4007/1100/2805 4026/1099/1089
f 4004/1098/2676 4026/1099/1089 4010/1096/1094
f 4021/1081/2671 3976/1084/2672 4023/1083/1105
f 4021/1081/2671 4023/1083/1105 3974/1082/1109
f 4004/1098/2676 4016/1097/2750 4036/1172/2806
f 4004/1098/2676 4036/1172/2806 3967/1171/2807
f 4006/1104/2678 4007/1100/2805 4037/1173/2808
f 4006/1104/2678 4037/1173/2808 3968/1142/2730
f 3971/1088/2797 4024/1090/1340 4011/1092/1098
f 3971/1088/2797 4011/1092/1098 4008/1087/1101
f 4007/1100/2805 4004/1098/2676 3967/1171/2807
f 4007/1100/2805 3967/1171/2807 4037/1173/2808
f 4022/1081/2671 3992/1110/2809 4031/1145/2754
f 4022/1081/2671 4031/1145/2754 3970/1144/2810
f 4026/1099/1089 3994/1103/1115 4005/1102/2794
f 4026/1099/1089 4005/1102/2794 3995/1101/1359
f 4010/1096/1094 4026/1099/1089 3995/1101/1359
f 4010/1096/1094 3995/1101/1359 4003/1095/2795
f 3968/1142/2730 3996/1149/2802 3980/1148/2811
f 3968/1142/2730 3980/1148/2811 4032/1141/2799
f 4001/1161/2812 3986/1164/2813 4033/1163/2814
f 4001/1161/2812 4033/1163/2814 3982/1162/2815
f 3976/1084/2672 4017/1089/2673 3971/1088/2797
f 3976/1084/2672 3971/1088/2797 4023/1083/1105
f 4023/1083/1105 3971/1088/2797 4008/1087/1101
f 4023/1083/1105 4008/1087/1101 3972/1086/1107
f 4017/1089/2673 3976/1084/2672 4038/1174/2793
f 4017/1089/2673 4038/1174/2793 3966/1170/2816
f 4031/1145/2754 3978/1147/2604 4000/1146/2582
f 4031/1145/2754 4000/1146/2582 3970/1144/2810
f 3974/1082/1109 4023/1083/1105 3972/1086/1107
f 3974/1082/1109 3972/1086/1107 4018/1085/2787
f 4025/1093/1395 4010/1096/1094 4003/1095/2795
f 4025/1093/1395 4003/1095/2795 4013/1094/1100
f 3994/1103/1115 4028/1105/1111 3990/1107/1113
f 3994/1103/1115 3990/1107/1113 4005/1102/2794
f 4027/1108/1111 3975/1082/1379 4019/1085/2817
f 4027/1108/1111 4019/1085/2817 3988/1109/1363
f 4007/1100/2805 4006/1104/2678 3994/1103/1115
f 4007/1100/2805 3994/1103/1115 4026/1099/1089
f 4006/1104/2678 3993/1106/2798 4028/1105/1111
f 4006/1104/2678 4028/1105/1111 3994/1103/1115
f 3992/1110/2809 4022/1081/2671 3975/1082/1379
f 3992/1110/2809 3975/1082/1379 4027/1108/1111
f 4015/1091/2796 4017/1089/2673 3966/1170/2816
f 4015/1091/2796 3966/1170/2816 4035/1169/2818
f 4012/1092/1098 4029/1120/1125 3973/1086/1282
f 4012/1092/1098 3973/1086/1282 4009/1087/2819
f 3986/1164/2813 3998/1146/2820 3977/1147/2821
f 3986/1164/2813 3977/1147/2821 4033/1163/2814
f 4036/1172/2806 3985/1165/2822 3997/1166/2775
f 4036/1172/2806 3997/1166/2775 3967/1171/2807
f 3966/1170/2816 4002/1161/2823 3983/1162/2716
f 3966/1170/2816 3983/1162/2716 4035/1169/2818
f 4037/1173/2808 3981/1167/2803 3996/1149/2802
f 4037/1173/2808 3996/1149/2802 3968/1142/2730
f 3967/1171/2807 3997/1166/2775 3981/1167/2803
f 3967/1171/2807 3981/1167/2803 4037/1173/2808
f 4038/1174/2793 3987/1164/2711 4002/1161/2823
f 4038/1174/2793 4002/1161/2823 3966/1170/2816
f 3969/1144/2726 3999/1146/2824 3987/1164/2711
f 3969/1144/2726 3987/1164/2711 4038/1174/2793
f 4039/1081/2671 4058/1084/2685 4096/1083/1309
f 4039/1081/2671 4096/1083/1309 4059/1082/1109
f 4059/1082/1109 4096/1083/1309 4061/1086/1282
f 4059/1082/1109 4061/1086/1282 4041/1085/1108
f 4096/1083/1309 4063/1088/1102 4045/1087/2825
f 4096/1083/1309 4045/1087/2825 4061/1086/1282
f 4058/1084/2685 4044/1089/2673 4063/1088/1102
f 4058/1084/2685 4063/1088/1102 4096/1083/1309
f 4044/1089/2673 4064/1091/2674 4097/1090/1099
f 4044/1089/2673 4097/1090/1099 4063/1088/1102
f 4063/1088/1102 4097/1090/1099 4066/1092/1100
f 4063/1088/1102 4066/1092/1100 4045/1087/2825
f 4098/1093/1099 4070/1096/1094 4050/1095/1093
f 4098/1093/1099 4050/1095/1093 4068/1094/1100
f 4065/1097/2675 4049/1098/2676 4070/1096/1094
f 4065/1097/2675 4070/1096/1094 4098/1093/1099
f 4049/1098/2676 4071/1100/2826 4099/1099/1089
f 4049/1098/2676 4099/1099/1089 4070/1096/1094
f 4070/1096/1094 4099/1099/1089 4072/1101/1127
f 4070/1096/1094 4072/1101/1127 4050/1095/1093
f 4099/1099/1089 4073/1103/1115 4048/1102/1129
f 4099/1099/1089 4048/1102/1129 4072/1101/1127
f 4071/1100/2826 4047/1104/2678 4073/1103/1115
f 4071/1100/2826 4073/1103/1115 4099/1099/1089
f 4047/1104/2678 4075/1106/2679 4101/1105/1114
f 4047/1104/2678 4101/1105/1114 4073/1103/1115
f 4073/1103/1115 4101/1105/1114 4078/1107/1113
f 4073/1103/1115 4078/1107/1113 4048/1102/1129
f 4100/1108/1111 4060/1082/1379 4042/1085/1420
f 4100/1108/1111 4042/1085/1420 4076/1109/1113
f 4074/1110/2680 4040/1081/2681 4060/1082/1379
f 4074/1110/2680 4060/1082/1379 4100/1108/1111
f 4064/1091/2674 4044/1089/2673 4095/1170/2827
f 4064/1091/2674 4095/1170/2827 4108/1169/2828
f 4049/1098/2676 4065/1097/2675 4109/1172/2828
f 4049/1098/2676 4109/1172/2828 4094/1171/2829
f 4075/1106/2679 4047/1104/2678 4093/1142/2688
f 4075/1106/2679 4093/1142/2688 4105/1141/2754
f 4050/1095/1093 4072/1101/1127 4103/1119/1298
f 4050/1095/1093 4103/1119/1298 4069/1094/1098
f 4067/1092/1100 4102/1120/2552 4062/1086/2690
f 4067/1092/1100 4062/1086/2690 4046/1087/1101
f 4102/1120/2552 4077/1109/1113 4043/1085/1108
f 4102/1120/2552 4043/1085/1108 4062/1086/2690
f 4072/1101/1127 4048/1102/1129 4079/1107/1113
f 4072/1101/1127 4079/1107/1113 4103/1119/1298
f 4058/1084/2685 4039/1081/2671 4091/1144/2686
f 4058/1084/2685 4091/1144/2686 4111/1174/2687
f 4047/1104/2678 4071/1100/2826 4110/1173/2692
f 4047/1104/2678 4110/1173/2692 4093/1142/2688
f 4071/1100/2826 4049/1098/2676 4094/1171/2829
f 4071/1100/2826 4094/1171/2829 4110/1173/2692
f 4040/1081/2681 4074/1110/2680 4104/1145/2709
f 4040/1081/2681 4104/1145/2709 4092/1144/2695
f 4044/1089/2673 4058/1084/2685 4111/1174/2687
f 4044/1089/2673 4111/1174/2687 4095/1170/2827
f 4104/1145/2709 4088/1147/2830 4055/1146/2705
f 4104/1145/2709 4055/1146/2705 4092/1144/2695
f 4093/1142/2688 4057/1149/2831 4090/1148/2832
f 4093/1142/2688 4090/1148/2832 4105/1141/2754
f 4051/1161/2713 4080/1164/2743 4106/1163/2718
f 4051/1161/2713 4106/1163/2718 4082/1162/2716
f 4084/1165/2833 4107/1168/2718 4086/1167/2773
f 4084/1165/2833 4086/1167/2773 4056/1166/2719
f 4107/1168/2718 4089/1148/2801 4057/1149/2831
f 4107/1168/2718 4057/1149/2831 4086/1167/2773
f 4080/1164/2743 4053/1146/2603 4087/1147/2834
f 4080/1164/2743 4087/1147/2834 4106/1163/2718
f 4109/1172/2828 4085/1165/2720 4056/1166/2719
f 4109/1172/2828 4056/1166/2719 4094/1171/2829
f 4095/1170/2827 4052/1161/2713 4083/1162/2721
f 4095/1170/2827 4083/1162/2721 4108/1169/2828
f 4110/1173/2692 4086/1167/2773 4057/1149/2831
f 4110/1173/2692 4057/1149/2831 4093/1142/2688
f 4094/1171/2829 4056/1166/2719 4086/1167/2773
f 4094/1171/2829 4086/1167/2773 4110/1173/2692
f 4111/1174/2687 4081/1164/2714 4052/1161/2713
f 4111/1174/2687 4052/1161/2713 4095/1170/2827
f 4091/1144/2686 4054/1146/2582 4081/1164/2714
f 4091/1144/2686 4081/1164/2714 4111/1174/2687
f 4112/1081/2671 4131/1084/2835 4169/1083/1309
f 4112/1081/2671 4169/1083/1309 4132/1082/1379
f 4132/1082/1379 4169/1083/1309 4134/1086/1282
f 4132/1082/1379 4134/1086/1282 4114/1085/1108
f 4169/1083/1309 4136/1088/1102 4118/1087/1393
f 4169/1083/1309 4118/1087/1393 4134/1086/1282
f 4131/1084/2835 4117/1089/2751 4136/1088/1102
f 4131/1084/2835 4136/1088/1102 4169/1083/1309
f 4117/1089/2751 4137/1091/2674 4170/1090/1099
f 4117/1089/2751 4170/1090/1099 4136/1088/1102
f 4136/1088/1102 4170/1090/1099 4139/1092/1098
f 4136/1088/1102 4139/1092/1098 4118/1087/1393
f 4171/1093/1096 4143/1096/1094 4123/1095/1126
f 4171/1093/1096 4123/1095/1126 4141/1094/1100
f 4138/1097/2675 4122/1098/2676 4143/1096/1094
f 4138/1097/2675 4143/1096/1094 4171/1093/1096
f 4122/1098/2676 4144/1100/2701 4172/1099/1089
f 4122/1098/2676 4172/1099/1089 4143/1096/1094
f 4143/1096/1094 4172/1099/1089 4145/1101/1359
f 4143/1096/1094 4145/1101/1359 4123/1095/1126
f 4172/1099/1089 4146/1103/1115 4121/1102/1129
f 4172/1099/1089 4121/1102/1129 4145/1101/1359
f 4144/1100/2701 4120/1104/2678 4146/1103/1115
f 4144/1100/2701 4146/1103/1115 4172/1099/1089
f 4120/1104/2678 4148/1106/2679 4174/1105/1111
f 4120/1104/2678 4174/1105/1111 4146/1103/1115
f 4146/1103/1115 4174/1105/1111 4151/1107/1113
f 4146/1103/1115 4151/1107/1113 4121/1102/1129
f 4173/1108/1458 4133/1082/1379 4115/1085/1392
f 4173/1108/1458 4115/1085/1392 4149/1109/1113
f 4147/1110/2680 4113/1081/2681 4133/1082/1379
f 4147/1110/2680 4133/1082/1379 4173/1108/1458
f 4137/1091/2674 4117/1089/2751 4168/1170/2827
f 4137/1091/2674 4168/1170/2827 4181/1169/2683
f 4122/1098/2676 4138/1097/2675 4182/1172/2836
f 4122/1098/2676 4182/1172/2836 4167/1171/2684
f 4148/1106/2679 4120/1104/2678 4166/1142/2730
f 4148/1106/2679 4166/1142/2730 4178/1141/2693
f 4123/1095/1126 4145/1101/1359 4176/1119/1298
f 4123/1095/1126 4176/1119/1298 4142/1094/1098
f 4140/1092/1100 4175/1120/1419 4135/1086/2553
f 4140/1092/1100 4135/1086/2553 4119/1087/1339
f 4175/1120/1419 4150/1109/1113 4116/1085/1392
f 4175/1120/1419 4116/1085/1392 4135/1086/2553
f 4145/1101/1359 4121/1102/1129 4152/1107/1113
f 4145/1101/1359 4152/1107/1113 4176/1119/1298
f 4131/1084/2835 4112/1081/2671 4164/1144/2837
f 4131/1084/2835 4164/1144/2837 4184/1174/2727
f 4120/1104/2678 4144/1100/2701 4183/1173/2808
f 4120/1104/2678 4183/1173/2808 4166/1142/2730
f 4144/1100/2701 4122/1098/2676 4167/1171/2684
f 4144/1100/2701 4167/1171/2684 4183/1173/2808
f 4113/1081/2681 4147/1110/2680 4177/1145/2694
f 4113/1081/2681 4177/1145/2694 4165/1144/2838
f 4117/1089/2751 4131/1084/2835 4184/1174/2727
f 4117/1089/2751 4184/1174/2727 4168/1170/2827
f 4177/1145/2694 4161/1147/2811 4128/1146/2582
f 4177/1145/2694 4128/1146/2582 4165/1144/2838
f 4166/1142/2730 4130/1149/2839 4163/1148/2840
f 4166/1142/2730 4163/1148/2840 4178/1141/2693
f 4124/1161/2713 4153/1164/2791 4179/1163/2597
f 4124/1161/2713 4179/1163/2597 4155/1162/2841
f 4157/1165/2717 4180/1168/2764 4159/1167/2734
f 4157/1165/2717 4159/1167/2734 4129/1166/2757
f 4180/1168/2764 4162/1148/2830 4130/1149/2839
f 4180/1168/2764 4130/1149/2839 4159/1167/2734
f 4153/1164/2791 4126/1146/2611 4160/1147/2746
f 4153/1164/2791 4160/1147/2746 4179/1163/2597
f 4182/1172/2836 4158/1165/2699 4129/1166/2757
f 4182/1172/2836 4129/1166/2757 4167/1171/2684
f 4168/1170/2827 4125/1161/2842 4156/1162/2598
f 4168/1170/2827 4156/1162/2598 4181/1169/2683
f 4183/1173/2808 4159/1167/2734 4130/1149/2839
f 4183/1173/2808 4130/1149/2839 4166/1142/2730
f 4167/1171/2684 4129/1166/2757 4159/1167/2734
f 4167/1171/2684 4159/1167/2734 4183/1173/2808
f 4184/1174/2727 4154/1164/2782 4125/1161/2842
f 4184/1174/2727 4125/1161/2842 4168/1170/2827
f 4164/1144/2837 4127/1146/2582 4154/1164/2782
f 4164/1144/2837 4154/1164/2782 4184/1174/2727
f 4185/1081/2843 4215/1084/2844 4283/1083/1487
f 4185/1081/2843 4283/1083/1487 4216/1082/1491
f 4216/1082/1491 4283/1083/1487 4218/1086/1556
f 4216/1082/1491 4218/1086/1556 4187/1085/1558
f 4283/1083/1487 4220/1088/1484 4191/1087/1511
f 4283/1083/1487 4191/1087/1511 4218/1086/1556
f 4215/1084/2844 4190/1089/2845 4220/1088/1484
f 4215/1084/2844 4220/1088/1484 4283/1083/1487
f 4190/1089/2845 4221/1091/2846 4284/1090/1622
f 4190/1089/2845 4284/1090/1622 4220/1088/1484
f 4220/1088/1484 4284/1090/1622 4223/1092/1481
f 4220/1088/1484 4223/1092/1481 4191/1087/1511
f 4285/1093/1482 4227/1096/1477 4196/1095/1476
f 4285/1093/1482 4196/1095/1476 4225/1094/1481
f 4222/1097/2847 4195/1098/2848 4227/1096/1477
f 4222/1097/2847 4227/1096/1477 4285/1093/1482
f 4195/1098/2848 4228/1100/2849 4286/1099/1472
f 4195/1098/2848 4286/1099/1472 4227/1096/1477
f 4227/1096/1477 4286/1099/1472 4229/1101/1574
f 4227/1096/1477 4229/1101/1574 4196/1095/1476
f 4286/1099/1472 4230/1103/1471 4194/1102/1474
f 4286/1099/1472 4194/1102/1474 4229/1101/1574
f 4228/1100/2849 4193/1104/2850 4230/1103/1471
f 4228/1100/2849 4230/1103/1471 4286/1099/1472
f 4193/1104/2850 4232/1106/2851 4288/1105/1496
f 4193/1104/2850 4288/1105/1496 4230/1103/1471
f 4230/1103/1471 4288/1105/1496 4235/1107/1495
f 4230/1103/1471 4235/1107/1495 4194/1102/1474
f 4287/1108/2852 4217/1082/1533 4188/1085/1490
f 4287/1108/2852 4188/1085/1490 4233/1109/1495
f 4231/1110/2853 4186/1081/2854 4217/1082/1533
f 4231/1110/2853 4217/1082/1533 4287/1108/2852
f 4221/1091/2846 4190/1089/2845 4282/1170/2855
f 4221/1091/2846 4282/1170/2855 4311/1169/2856
f 4195/1098/2848 4222/1097/2847 4312/1172/2857
f 4195/1098/2848 4312/1172/2857 4281/1171/2858
f 4207/1084/2844 4307/1081/2843 4200/1144/2859
f 4207/1084/2844 4200/1144/2859 4330/1174/2860
f 4232/1106/2851 4193/1104/2850 4280/1142/2861
f 4232/1106/2851 4280/1142/2861 4302/1141/2862
f 4196/1095/1476 4229/1101/1574 4291/1119/1516
f 4196/1095/1476 4291/1119/1516 4226/1094/1508
f 4224/1092/1508 4290/1120/1509 4219/1086/1576
f 4224/1092/1508 4219/1086/1576 4192/1087/1511
f 4290/1120/1509 4234/1109/1495 4189/1085/1490
f 4290/1120/1509 4189/1085/1490 4219/1086/1576
f 4229/1101/1574 4194/1102/1474 4236/1107/1495
f 4229/1101/1574 4236/1107/1495 4291/1119/1516
f 4255/1101/1574 4265/1102/1474 4251/1107/1495
f 4255/1101/1574 4251/1107/1495 4322/1119/2863
f 4263/1095/1476 4255/1101/1574 4322/1119/2863
f 4263/1095/1476 4322/1119/2863 4298/1094/1508
f 4300/1097/2864 4264/1098/2848 4294/1096/1477
f 4300/1097/2864 4294/1096/1477 4317/1093/1513
f 4303/1089/2845 4299/1091/2865 4316/1090/1482
f 4303/1089/2845 4316/1090/1482 4202/1088/1484
f 4215/1084/2844 4185/1081/2843 4278/1144/2866
f 4215/1084/2844 4278/1144/2866 4314/1174/2860
f 4193/1104/2850 4228/1100/2849 4313/1173/2867
f 4193/1104/2850 4313/1173/2867 4280/1142/2861
f 4321/1120/1509 4249/1109/1495 4306/1085/1490
f 4321/1120/1509 4306/1085/1490 4204/1086/2868
f 4253/1106/2851 4266/1104/2869 4199/1142/2861
f 4253/1106/2851 4199/1142/2861 4324/1141/2870
f 4228/1100/2849 4195/1098/2848 4281/1171/2858
f 4228/1100/2849 4281/1171/2858 4313/1173/2867
f 4186/1081/2854 4231/1110/2853 4301/1145/2871
f 4186/1081/2854 4301/1145/2871 4279/1144/2859
f 4326/1168/2872 4239/1148/2873 4256/1149/2874
f 4326/1168/2872 4256/1149/2874 4241/1167/2875
f 4244/1165/2876 4326/1168/2872 4241/1167/2875
f 4244/1165/2876 4241/1167/2875 4257/1166/2877
f 4264/1098/2848 4289/1100/2878 4318/1099/1472
f 4264/1098/2848 4318/1099/1472 4294/1096/1477
f 4307/1081/2843 4207/1084/2844 4315/1083/1487
f 4307/1081/2843 4315/1083/1487 4205/1082/1491
f 4264/1098/2848 4300/1097/2864 4328/1172/2857
f 4264/1098/2848 4328/1172/2857 4198/1171/2858
f 4266/1104/2869 4289/1100/2878 4329/1173/2867
f 4266/1104/2869 4329/1173/2867 4199/1142/2861
f 4190/1089/2845 4215/1084/2844 4314/1174/2860
f 4190/1089/2845 4314/1174/2860 4282/1170/2855
f 4202/1088/1484 4316/1090/1482 4295/1092/1481
f 4202/1088/1484 4295/1092/1481 4292/1087/2879
f 4301/1145/2871 4275/1147/2880 4212/1146/2881
f 4301/1145/2871 4212/1146/2881 4279/1144/2859
f 4280/1142/2861 4214/1149/2882 4277/1148/2880
f 4280/1142/2861 4277/1148/2880 4302/1141/2862
f 4289/1100/2878 4264/1098/2848 4198/1171/2858
f 4289/1100/2878 4198/1171/2858 4329/1173/2867
f 4308/1081/2883 4252/1110/2853 4323/1145/2884
f 4308/1081/2883 4323/1145/2884 4201/1144/2866
f 4318/1099/1472 4254/1103/1471 4265/1102/1474
f 4318/1099/1472 4265/1102/1474 4255/1101/1574
f 4294/1096/1477 4318/1099/1472 4255/1101/1574
f 4294/1096/1477 4255/1101/1574 4263/1095/1476
f 4199/1142/2861 4256/1149/2874 4240/1148/2885
f 4199/1142/2861 4240/1148/2885 4324/1141/2870
f 4261/1161/2886 4246/1164/2887 4325/1163/2888
f 4261/1161/2886 4325/1163/2888 4242/1162/2889
f 4207/1084/2844 4303/1089/2845 4202/1088/1484
f 4207/1084/2844 4202/1088/1484 4315/1083/1487
f 4315/1083/1487 4202/1088/1484 4292/1087/2879
f 4315/1083/1487 4292/1087/2879 4203/1086/1556
f 4303/1089/2845 4207/1084/2844 4330/1174/2860
f 4303/1089/2845 4330/1174/2860 4197/1170/2855
f 4323/1145/2884 4238/1147/2880 4260/1146/2890
f 4323/1145/2884 4260/1146/2890 4201/1144/2866
f 4205/1082/1491 4315/1083/1487 4203/1086/1556
f 4205/1082/1491 4203/1086/1556 4304/1085/1490
f 4317/1093/1513 4294/1096/1477 4263/1095/1476
f 4317/1093/1513 4263/1095/1476 4297/1094/1481
f 4208/1161/2891 4267/1164/2892 4309/1163/2893
f 4208/1161/2891 4309/1163/2893 4269/1162/2876
f 4271/1165/2894 4310/1168/2895 4273/1167/2875
f 4271/1165/2894 4273/1167/2875 4213/1166/2896
f 4310/1168/2895 4276/1148/2885 4214/1149/2882
f 4310/1168/2895 4214/1149/2882 4273/1167/2875
f 4267/1164/2892 4210/1146/2897 4274/1147/2885
f 4267/1164/2892 4274/1147/2885 4309/1163/2893
f 4254/1103/1471 4320/1105/1548 4250/1107/1495
f 4254/1103/1471 4250/1107/1495 4265/1102/1474
f 4319/1108/1548 4206/1082/1533 4305/1085/1490
f 4319/1108/1548 4305/1085/1490 4248/1109/1495
f 4312/1172/2857 4272/1165/2898 4213/1166/2896
f 4312/1172/2857 4213/1166/2896 4281/1171/2858
f 4282/1170/2855 4209/1161/2891 4270/1162/2894
f 4282/1170/2855 4270/1162/2894 4311/1169/2856
f 4289/1100/2878 4266/1104/2869 4254/1103/1471
f 4289/1100/2878 4254/1103/1471 4318/1099/1472
f 4266/1104/2869 4253/1106/2851 4320/1105/1548
f 4266/1104/2869 4320/1105/1548 4254/1103/1471
f 4313/1173/2867 4273/1167/2875 4214/1149/2882
f 4313/1173/2867 4214/1149/2882 4280/1142/2861
f 4281/1171/2858 4213/1166/2896 4273/1167/2875
f 4281/1171/2858 4273/1167/2875 4313/1173/2867
f 4252/1110/2853 4308/1081/2883 4206/1082/1533
f 4252/1110/2853 4206/1082/1533 4319/1108/1548
f 4299/1091/2865 4303/1089/2845 4197/1170/2855
f 4299/1091/2865 4197/1170/2855 4327/1169/2856
f 4314/1174/2860 4268/1164/2899 4209/1161/2891
f 4314/1174/2860 4209/1161/2891 4282/1170/2855
f 4278/1144/2866 4211/1146/2900 4268/1164/2899
f 4278/1144/2866 4268/1164/2899 4314/1174/2860
f 4296/1092/1508 4321/1120/1509 4204/1086/2868
f 4296/1092/1508 4204/1086/2868 4293/1087/1511
f 4246/1164/2887 4258/1146/2901 4237/1147/2885
f 4246/1164/2887 4237/1147/2885 4325/1163/2888
f 4328/1172/2857 4245/1165/2902 4257/1166/2877
f 4328/1172/2857 4257/1166/2877 4198/1171/2858
f 4197/1170/2855 4262/1161/2903 4243/1162/2904
f 4197/1170/2855 4243/1162/2904 4327/1169/2856
f 4329/1173/2867 4241/1167/2875 4256/1149/2874
f 4329/1173/2867 4256/1149/2874 4199/1142/2861
f 4198/1171/2858 4257/1166/2877 4241/1167/2875
f 4198/1171/2858 4241/1167/2875 4329/1173/2867
f 4330/1174/2860 4247/1164/2899 4262/1161/2903
f 4330/1174/2860 4262/1161/2903 4197/1170/2855
f 4200/1144/2859 4259/1146/2900 4247/1164/2899
f 4200/1144/2859 4247/1164/2899 4330/1174/2860
f 4341/1084/2905 4386/1081/2843 4334/1144/2866
f 4341/1084/2905 4334/1144/2866 4403/1174/2860
f 4360/1101/1510 4370/1102/1599 4356/1107/1495
f 4360/1101/1510 4356/1107/1495 4395/1119/2863
f 4368/1095/1568 4360/1101/1510 4395/1119/2863
f 4368/1095/1568 4395/1119/2863 4379/1094/1508
f 4381/1097/2847 4369/1098/2848 4375/1096/1477
f 4381/1097/2847 4375/1096/1477 4390/1093/1482
f 4382/1089/2906 4380/1091/2846 4389/1090/1482
f 4382/1089/2906 4389/1090/1482 4336/1088/1484
f 4394/1120/1516 4354/1109/1495 4385/1085/1558
f 4394/1120/1516 4385/1085/1558 4338/1086/2868
f 4358/1106/2851 4371/1104/2850 4333/1142/2861
f 4358/1106/2851 4333/1142/2861 4397/1141/2907
f 4399/1168/2888 4344/1148/2908 4361/1149/2909
f 4399/1168/2888 4361/1149/2909 4346/1167/2910
f 4349/1165/2911 4399/1168/2888 4346/1167/2910
f 4349/1165/2911 4346/1167/2910 4362/1166/2877
f 4369/1098/2848 4372/1100/2849 4391/1099/1472
f 4369/1098/2848 4391/1099/1472 4375/1096/1477
f 4386/1081/2843 4341/1084/2905 4388/1083/2912
f 4386/1081/2843 4388/1083/2912 4339/1082/1491
f 4369/1098/2848 4381/1097/2847 4401/1172/2857
f 4369/1098/2848 4401/1172/2857 4332/1171/2913
f 4371/1104/2850 4372/1100/2849 4402/1173/2914
f 4371/1104/2850 4402/1173/2914 4333/1142/2861
f 4336/1088/1484 4389/1090/1482 4376/1092/1508
f 4336/1088/1484 4376/1092/1508 4373/1087/1511
f 4372/1100/2849 4369/1098/2848 4332/1171/2913
f 4372/1100/2849 4332/1171/2913 4402/1173/2914
f 4387/1081/2915 4357/1110/2853 4396/1145/2916
f 4387/1081/2915 4396/1145/2916 4335/1144/2917
f 4391/1099/1472 4359/1103/1497 4370/1102/1599
f 4391/1099/1472 4370/1102/1599 4360/1101/1510
f 4375/1096/1477 4391/1099/1472 4360/1101/1510
f 4375/1096/1477 4360/1101/1510 4368/1095/1568
f 4333/1142/2861 4361/1149/2909 4345/1148/2918
f 4333/1142/2861 4345/1148/2918 4397/1141/2907
f 4366/1161/2919 4351/1164/2887 4398/1163/2895
f 4366/1161/2919 4398/1163/2895 4347/1162/2876
f 4341/1084/2905 4382/1089/2906 4336/1088/1484
f 4341/1084/2905 4336/1088/1484 4388/1083/2912
f 4388/1083/2912 4336/1088/1484 4373/1087/1511
f 4388/1083/2912 4373/1087/1511 4337/1086/1556
f 4382/1089/2906 4341/1084/2905 4403/1174/2860
f 4382/1089/2906 4403/1174/2860 4331/1170/2855
f 4396/1145/2916 4343/1147/2880 4365/1146/2920
f 4396/1145/2916 4365/1146/2920 4335/1144/2917
f 4339/1082/1491 4388/1083/2912 4337/1086/1556
f 4339/1082/1491 4337/1086/1556 4383/1085/1490
f 4390/1093/1482 4375/1096/1477 4368/1095/1568
f 4390/1093/1482 4368/1095/1568 4378/1094/1508
f 4359/1103/1497 4393/1105/1548 4355/1107/1495
f 4359/1103/1497 4355/1107/1495 4370/1102/1599
f 4392/1108/1598 4340/1082/1533 4384/1085/1490
f 4392/1108/1598 4384/1085/1490 4353/1109/1495
f 4372/1100/2849 4371/1104/2850 4359/1103/1497
f 4372/1100/2849 4359/1103/1497 4391/1099/1472
f 4371/1104/2850 4358/1106/2851 4393/1105/1548
f 4371/1104/2850 4393/1105/1548 4359/1103/1497
f 4357/1110/2853 4387/1081/2915 4340/1082/1533
f 4357/1110/2853 4340/1082/1533 4392/1108/1598
f 4380/1091/2846 4382/1089/2906 4331/1170/2855
f 4380/1091/2846 4331/1170/2855 4400/1169/2856
f 4377/1092/1508 4394/1120/1516 4338/1086/2868
f 4377/1092/1508 4338/1086/2868 4374/1087/1511
f 4351/1164/2887 4363/1146/2900 4342/1147/2873
f 4351/1164/2887 4342/1147/2873 4398/1163/2895
f 4401/1172/2857 4350/1165/2898 4362/1166/2877
f 4401/1172/2857 4362/1166/2877 4332/1171/2913
f 4331/1170/2855 4367/1161/2891 4348/1162/2876
f 4331/1170/2855 4348/1162/2876 4400/1169/2856
f 4402/1173/2914 4346/1167/2910 4361/1149/2909
f 4402/1173/2914 4361/1149/2909 4333/1142/2861
f 4332/1171/2913 4362/1166/2877 4346/1167/2910
f 4332/1171/2913 4346/1167/2910 4402/1173/2914
f 4403/1174/2860 4352/1164/2887 4367/1161/2891
f 4403/1174/2860 4367/1161/2891 4331/1170/2855
f 4334/1144/2866 4364/1146/2901 4352/1164/2887
f 4334/1144/2866 4352/1164/2887 4403/1174/2860
f 4414/1084/2921 4459/1081/2915 4407/1144/2922
f 4414/1084/2921 4407/1144/2922 4476/1174/2860
f 4433/1101/1475 4443/1102/1599 4429/1107/1495
f 4433/1101/1475 4429/1107/1495 4468/1119/2863
f 4441/1095/1568 4433/1101/1475 4468/1119/2863
f 4441/1095/1568 4468/1119/2863 4452/1094/1481
f 4454/1097/2864 4442/1098/2848 4448/1096/1477
f 4454/1097/2864 4448/1096/1477 4463/1093/1482
f 4455/1089/2845 4453/1091/2846 4462/1090/1482
f 4455/1089/2845 4462/1090/1482 4409/1088/1484
f 4467/1120/1509 4427/1109/1495 4458/1085/1490
f 4467/1120/1509 4458/1085/1490 4411/1086/2868
f 4431/1106/2851 4444/1104/2869 4406/1142/2861
f 4431/1106/2851 4406/1142/2861 4470/1141/2870
f 4472/1168/2923 4417/1148/2924 4434/1149/2882
f 4472/1168/2923 4434/1149/2882 4419/1167/2925
f 4422/1165/2894 4472/1168/2923 4419/1167/2925
f 4422/1165/2894 4419/1167/2925 4435/1166/2877
f 4442/1098/2848 4445/1100/2849 4464/1099/2926
f 4442/1098/2848 4464/1099/2926 4448/1096/1477
f 4459/1081/2915 4414/1084/2921 4461/1083/1487
f 4459/1081/2915 4461/1083/1487 4412/1082/1491
f 4442/1098/2848 4454/1097/2864 4474/1172/2927
f 4442/1098/2848 4474/1172/2927 4405/1171/2928
f 4444/1104/2869 4445/1100/2849 4475/1173/2929
f 4444/1104/2869 4475/1173/2929 4406/1142/2861
f 4409/1088/1484 4462/1090/1482 4449/1092/1589
f 4409/1088/1484 4449/1092/1589 4446/1087/1483
f 4445/1100/2849 4442/1098/2848 4405/1171/2928
f 4445/1100/2849 4405/1171/2928 4475/1173/2929
f 4460/1081/2843 4430/1110/2930 4469/1145/2871
f 4460/1081/2843 4469/1145/2871 4408/1144/2859
f 4464/1099/2926 4432/1103/1497 4443/1102/1599
f 4464/1099/2926 4443/1102/1599 4433/1101/1475
f 4448/1096/1477 4464/1099/2926 4433/1101/1475
f 4448/1096/1477 4433/1101/1475 4441/1095/1568
f 4406/1142/2861 4434/1149/2882 4418/1148/2931
f 4406/1142/2861 4418/1148/2931 4470/1141/2870
f 4439/1161/2891 4424/1164/2887 4471/1163/2893
f 4439/1161/2891 4471/1163/2893 4420/1162/2932
f 4414/1084/2921 4455/1089/2845 4409/1088/1484
f 4414/1084/2921 4409/1088/1484 4461/1083/1487
f 4461/1083/1487 4409/1088/1484 4446/1087/1483
f 4461/1083/1487 4446/1087/1483 4410/1086/1556
f 4455/1089/2845 4414/1084/2921 4476/1174/2860
f 4455/1089/2845 4476/1174/2860 4404/1170/2933
f 4469/1145/2871 4416/1147/2934 4438/1146/2935
f 4469/1145/2871 4438/1146/2935 4408/1144/2859
f 4412/1082/1491 4461/1083/1487 4410/1086/1556
f 4412/1082/1491 4410/1086/1556 4456/1085/1490
f 4463/1093/1482 4448/1096/1477 4441/1095/1568
f 4463/1093/1482 4441/1095/1568 4451/1094/2936
f 4432/1103/1497 4466/1105/1548 4428/1107/1495
f 4432/1103/1497 4428/1107/1495 4443/1102/1599
f 4465/1108/1493 4413/1082/1533 4457/1085/1558
f 4465/1108/1493 4457/1085/1558 4426/1109/1495
f 4445/1100/2849 4444/1104/2869 4432/1103/1497
f 4445/1100/2849 4432/1103/1497 4464/1099/2926
f 4444/1104/2869 4431/1106/2851 4466/1105/1548
f 4444/1104/2869 4466/1105/1548 4432/1103/1497
f 4430/1110/2930 4460/1081/2843 4413/1082/1533
f 4430/1110/2930 4413/1082/1533 4465/1108/1493
f 4453/1091/2846 4455/1089/2845 4404/1170/2933
f 4453/1091/2846 4404/1170/2933 4473/1169/2856
f 4450/1092/1508 4467/1120/1509 4411/1086/2868
f 4450/1092/1508 4411/1086/2868 4447/1087/1483
f 4424/1164/2887 4436/1146/2937 4415/1147/2938
f 4424/1164/2887 4415/1147/2938 4471/1163/2893
f 4474/1172/2927 4423/1165/2939 4435/1166/2877
f 4474/1172/2927 4435/1166/2877 4405/1171/2928
f 4404/1170/2933 4440/1161/2891 4421/1162/2894
f 4404/1170/2933 4421/1162/2894 4473/1169/2856
f 4475/1173/2929 4419/1167/2925 4434/1149/2882
f 4475/1173/2929 4434/1149/2882 4406/1142/2861
f 4405/1171/2928 4435/1166/2877 4419/1167/2925
f 4405/1171/2928 4419/1167/2925 4475/1173/2929
f 4476/1174/2860 4425/1164/2899 4440/1161/2891
f 4476/1174/2860 4440/1161/2891 4404/1170/2933
f 4407/1144/2922 4437/1146/2940 4425/1164/2899
f 4407/1144/2922 4425/1164/2899 4476/1174/2860
f 4487/1084/2921 4532/1081/2843 4480/1144/2866
f 4487/1084/2921 4480/1144/2866 4549/1174/2941
f 4506/1101/1574 4516/1102/1599 4502/1107/1495
f 4506/1101/1574 4502/1107/1495 4541/1119/1516
f 4514/1095/1476 4506/1101/1574 4541/1119/1516
f 4514/1095/1476 4541/1119/1516 4525/1094/1508
f 4527/1097/2864 4515/1098/2848 4521/1096/1477
f 4527/1097/2864 4521/1096/1477 4536/1093/2942
f 4528/1089/2845 4526/1091/2943 4535/1090/1482
f 4528/1089/2845 4535/1090/1482 4482/1088/1484
f 4540/1120/1516 4500/1109/1495 4531/1085/1490
f 4540/1120/1516 4531/1085/1490 4484/1086/2868
f 4504/1106/2851 4517/1104/2850 4479/1142/2861
f 4504/1106/2851 4479/1142/2861 4543/1141/2944
f 4545/1168/2923 4490/1148/2873 4507/1149/2945
f 4545/1168/2923 4507/1149/2945 4492/1167/2875
f 4495/1165/2902 4545/1168/2923 4492/1167/2875
f 4495/1165/2902 4492/1167/2875 4508/1166/2946
f 4515/1098/2848 4518/1100/2947 4537/1099/1472
f 4515/1098/2848 4537/1099/1472 4521/1096/1477
f 4532/1081/2843 4487/1084/2921 4534/1083/2912
f 4532/1081/2843 4534/1083/2912 4485/1082/1491
f 4515/1098/2848 4527/1097/2864 4547/1172/2856
f 4515/1098/2848 4547/1172/2856 4478/1171/2948
f 4517/1104/2850 4518/1100/2947 4548/1173/2867
f 4517/1104/2850 4548/1173/2867 4479/1142/2861
f 4482/1088/1484 4535/1090/1482 4522/1092/1481
f 4482/1088/1484 4522/1092/1481 4519/1087/1511
f 4518/1100/2947 4515/1098/2848 4478/1171/2948
f 4518/1100/2947 4478/1171/2948 4548/1173/2867
f 4533/1081/2949 4503/1110/2853 4542/1145/2871
f 4533/1081/2949 4542/1145/2871 4481/1144/2950
f 4537/1099/1472 4505/1103/1471 4516/1102/1599
f 4537/1099/1472 4516/1102/1599 4506/1101/1574
f 4521/1096/1477 4537/1099/1472 4506/1101/1574
f 4521/1096/1477 4506/1101/1574 4514/1095/1476
f 4479/1142/2861 4507/1149/2945 4491/1148/2951
f 4479/1142/2861 4491/1148/2951 4543/1141/2944
f 4512/1161/2952 4497/1164/2953 4544/1163/2893
f 4512/1161/2952 4544/1163/2893 4493/1162/2954
f 4487/1084/2921 4528/1089/2845 4482/1088/1484
f 4487/1084/2921 4482/1088/1484 4534/1083/2912
f 4534/1083/2912 4482/1088/1484 4519/1087/1511
f 4534/1083/2912 4519/1087/1511 4483/1086/1556
f 4528/1089/2845 4487/1084/2921 4549/1174/2941
f 4528/1089/2845 4549/1174/2941 4477/1170/2855
f 4542/1145/2871 4489/1147/2955 4511/1146/2956
f 4542/1145/2871 4511/1146/2956 4481/1144/2950
f 4485/1082/1491 4534/1083/2912 4483/1086/1556
f 4485/1082/1491 4483/1086/1556 4529/1085/1490
f 4536/1093/2942 4521/1096/1477 4514/1095/1476
f 4536/1093/2942 4514/1095/1476 4524/1094/1481
f 4505/1103/1471 4539/1105/1496 4501/1107/1616
f 4505/1103/1471 4501/1107/1616 4516/1102/1599
f 4538/1108/2852 4486/1082/1491 4530/1085/1490
f 4538/1108/2852 4530/1085/1490 4499/1109/2957
f 4518/1100/2947 4517/1104/2850 4505/1103/1471
f 4518/1100/2947 4505/1103/1471 4537/1099/1472
f 4517/1104/2850 4504/1106/2851 4539/1105/1496
f 4517/1104/2850 4539/1105/1496 4505/1103/1471
f 4503/1110/2853 4533/1081/2949 4486/1082/1491
f 4503/1110/2853 4486/1082/1491 4538/1108/2852
f 4526/1091/2943 4528/1089/2845 4477/1170/2855
f 4526/1091/2943 4477/1170/2855 4546/1169/2856
f 4523/1092/1508 4540/1120/1516 4484/1086/2868
f 4523/1092/1508 4484/1086/2868 4520/1087/2879
f 4497/1164/2953 4509/1146/2901 4488/1147/2958
f 4497/1164/2953 4488/1147/2958 4544/1163/2893
f 4547/1172/2856 4496/1165/2959 4508/1166/2946
f 4547/1172/2856 4508/1166/2946 4478/1171/2948
f 4477/1170/2855 4513/1161/2891 4494/1162/2902
f 4477/1170/2855 4494/1162/2902 4546/1169/2856
f 4548/1173/2867 4492/1167/2875 4507/1149/2945
f 4548/1173/2867 4507/1149/2945 4479/1142/2861
f 4478/1171/2948 4508/1166/2946 4492/1167/2875
f 4478/1171/2948 4492/1167/2875 4548/1173/2867
f 4549/1174/2941 4498/1164/2892 4513/1161/2891
f 4549/1174/2941 4513/1161/2891 4477/1170/2855
f 4480/1144/2866 4510/1146/2901 4498/1164/2892
f 4480/1144/2866 4498/1164/2892 4549/1174/2941
f 4560/1084/2905 4605/1081/2843 4553/1144/2922
f 4560/1084/2905 4553/1144/2922 4622/1174/2860
f 4579/1101/2960 4589/1102/1599 4575/1107/1495
f 4579/1101/2960 4575/1107/1495 4614/1119/2961
f 4587/1095/1476 4579/1101/2960 4614/1119/2961
f 4587/1095/1476 4614/1119/2961 4598/1094/1508
f 4600/1097/2847 4588/1098/2848 4594/1096/1477
f 4600/1097/2847 4594/1096/1477 4609/1093/1479
f 4601/1089/2906 4599/1091/2865 4608/1090/1482
f 4601/1089/2906 4608/1090/1482 4555/1088/2962
f 4613/1120/1509 4573/1109/1495 4604/1085/1558
f 4613/1120/1509 4604/1085/1558 4557/1086/1576
f 4577/1106/2851 4590/1104/2850 4552/1142/2963
f 4577/1106/2851 4552/1142/2963 4616/1141/2964
f 4618/1168/2965 4563/1148/2966 4580/1149/2874
f 4618/1168/2965 4580/1149/2874 4565/1167/2967
f 4568/1165/2968 4618/1168/2965 4565/1167/2967
f 4568/1165/2968 4565/1167/2967 4581/1166/2969
f 4588/1098/2848 4591/1100/2947 4610/1099/1472
f 4588/1098/2848 4610/1099/1472 4594/1096/1477
f 4605/1081/2843 4560/1084/2905 4607/1083/1487
f 4605/1081/2843 4607/1083/1487 4558/1082/1533
f 4588/1098/2848 4600/1097/2847 4620/1172/2856
f 4588/1098/2848 4620/1172/2856 4551/1171/2858
f 4590/1104/2850 4591/1100/2947 4621/1173/2929
f 4590/1104/2850 4621/1173/2929 4552/1142/2963
f 4555/1088/2962 4608/1090/1482 4595/1092/1589
f 4555/1088/2962 4595/1092/1589 4592/1087/2970
f 4591/1100/2947 4588/1098/2848 4551/1171/2858
f 4591/1100/2947 4551/1171/2858 4621/1173/2929
f 4606/1081/2915 4576/1110/2853 4615/1145/2884
f 4606/1081/2915 4615/1145/2884 4554/1144/2859
f 4610/1099/1472 4578/1103/1471 4589/1102/1599
f 4610/1099/1472 4589/1102/1599 4579/1101/2960
f 4594/1096/1477 4610/1099/1472 4579/1101/2960
f 4594/1096/1477 4579/1101/2960 4587/1095/1476
f 4552/1142/2963 4580/1149/2874 4564/1148/2966
f 4552/1142/2963 4564/1148/2966 4616/1141/2964
f 4585/1161/2971 4570/1164/2972 4617/1163/2965
f 4585/1161/2971 4617/1163/2965 4566/1162/2954
f 4560/1084/2905 4601/1089/2906 4555/1088/2962
f 4560/1084/2905 4555/1088/2962 4607/1083/1487
f 4607/1083/1487 4555/1088/2962 4592/1087/2970
f 4607/1083/1487 4592/1087/2970 4556/1086/1556
f 4601/1089/2906 4560/1084/2905 4622/1174/2860
f 4601/1089/2906 4622/1174/2860 4550/1170/2973
f 4615/1145/2884 4562/1147/2885 4584/1146/2901
f 4615/1145/2884 4584/1146/2901 4554/1144/2859
f 4558/1082/1533 4607/1083/1487 4556/1086/1556
f 4558/1082/1533 4556/1086/1556 4602/1085/1490
f 4609/1093/1479 4594/1096/1477 4587/1095/1476
f 4609/1093/1479 4587/1095/1476 4597/1094/1589
f 4578/1103/1471 4612/1105/1496 4574/1107/1495
f 4578/1103/1471 4574/1107/1495 4589/1102/1599
f 4611/1108/1548 4559/1082/1533 4603/1085/1490
f 4611/1108/1548 4603/1085/1490 4572/1109/1495
f 4591/1100/2947 4590/1104/2850 4578/1103/1471
f 4591/1100/2947 4578/1103/1471 4610/1099/1472
f 4590/1104/2850 4577/1106/2851 4612/1105/1496
f 4590/1104/2850 4612/1105/1496 4578/1103/1471
f 4576/1110/2853 4606/1081/2915 4559/1082/1533
f 4576/1110/2853 4559/1082/1533 4611/1108/1548
f 4599/1091/2865 4601/1089/2906 4550/1170/2973
f 4599/1091/2865 4550/1170/2973 4619/1169/2856
f 4596/1092/1481 4613/1120/1509 4557/1086/1576
f 4596/1092/1481 4557/1086/1576 4593/1087/1483
f 4570/1164/2972 4582/1146/2937 4561/1147/2974
f 4570/1164/2972 4561/1147/2974 4617/1163/2965
f 4620/1172/2856 4569/1165/2954 4581/1166/2969
f 4620/1172/2856 4581/1166/2969 4551/1171/2858
f 4550/1170/2973 4586/1161/2975 4567/1162/2976
f 4550/1170/2973 4567/1162/2976 4619/1169/2856
f 4621/1173/2929 4565/1167/2967 4580/1149/2874
f 4621/1173/2929 4580/1149/2874 4552/1142/2963
f 4551/1171/2858 4581/1166/2969 4565/1167/2967
f 4551/1171/2858 4565/1167/2967 4621/1173/2929
f 4622/1174/2860 4571/1164/2977 4586/1161/2975
f 4622/1174/2860 4586/1161/2975 4550/1170/2973
f 4553/1144/2922 4583/1146/2900 4571/1164/2977
f 4553/1144/2922 4571/1164/2977 4622/1174/2860
f 4623/1081/2843 4642/1084/2844 4680/1083/1487
f 4623/1081/2843 4680/1083/1487 4643/1082/1491
f 4643/1082/1491 4680/1083/1487 4645/1086/1556
f 4643/1082/1491 4645/1086/1556 4625/1085/1490
f 4680/1083/1487 4647/1088/1484 4629/1087/1511
f 4680/1083/1487 4629/1087/1511 4645/1086/1556
f 4642/1084/2844 4628/1089/2845 4647/1088/1484
f 4642/1084/2844 4647/1088/1484 4680/1083/1487
f 4628/1089/2845 4648/1091/2846 4681/1090/1622
f 4628/1089/2845 4681/1090/1622 4647/1088/1484
f 4647/1088/1484 4681/1090/1622 4650/1092/1481
f 4647/1088/1484 4650/1092/1481 4629/1087/1511
f 4682/1093/1482 4654/1096/1477 4634/1095/1568
f 4682/1093/1482 4634/1095/1568 4652/1094/1481
f 4649/1097/2864 4633/1098/2848 4654/1096/1477
f 4649/1097/2864 4654/1096/1477 4682/1093/1482
f 4633/1098/2848 4655/1100/2978 4683/1099/1472
f 4633/1098/2848 4683/1099/1472 4654/1096/1477
f 4654/1096/1477 4683/1099/1472 4656/1101/1574
f 4654/1096/1477 4656/1101/1574 4634/1095/1568
f 4683/1099/1472 4657/1103/1471 4632/1102/1474
f 4683/1099/1472 4632/1102/1474 4656/1101/1574
f 4655/1100/2978 4631/1104/2850 4657/1103/1471
f 4655/1100/2978 4657/1103/1471 4683/1099/1472
f 4631/1104/2850 4659/1106/2851 4685/1105/1496
f 4631/1104/2850 4685/1105/1496 4657/1103/1471
f 4657/1103/1471 4685/1105/1496 4662/1107/1495
f 4657/1103/1471 4662/1107/1495 4632/1102/1474
f 4684/1108/1548 4644/1082/1533 4626/1085/1558
f 4684/1108/1548 4626/1085/1558 4660/1109/1495
f 4658/1110/2853 4624/1081/2883 4644/1082/1533
f 4658/1110/2853 4644/1082/1533 4684/1108/1548
f 4648/1091/2846 4628/1089/2845 4679/1170/2979
f 4648/1091/2846 4679/1170/2979 4692/1169/2856
f 4633/1098/2848 4649/1097/2864 4693/1172/2857
f 4633/1098/2848 4693/1172/2857 4678/1171/2980
f 4659/1106/2851 4631/1104/2850 4677/1142/2861
f 4659/1106/2851 4677/1142/2861 4689/1141/2870
f 4634/1095/1568 4656/1101/1574 4687/1119/1516
f 4634/1095/1568 4687/1119/1516 4653/1094/1508
f 4651/1092/1508 4686/1120/1516 4646/1086/2868
f 4651/1092/1508 4646/1086/2868 4630/1087/1511
f 4686/1120/1516 4661/1109/1495 4627/1085/1490
f 4686/1120/1516 4627/1085/1490 4646/1086/2868
f 4656/1101/1574 4632/1102/1474 4663/1107/1495
f 4656/1101/1574 4663/1107/1495 4687/1119/1516
f 4642/1084/2844 4623/1081/2843 4675/1144/2981
f 4642/1084/2844 4675/1144/2981 4695/1174/2860
f 4631/1104/2850 4655/1100/2978 4694/1173/2982
f 4631/1104/2850 4694/1173/2982 4677/1142/2861
f 4655/1100/2978 4633/1098/2848 4678/1171/2980
f 4655/1100/2978 4678/1171/2980 4694/1173/2982
f 4624/1081/2883 4658/1110/2853 4688/1145/2871
f 4624/1081/2883 4688/1145/2871 4676/1144/2950
f 4628/1089/2845 4642/1084/2844 4695/1174/2860
f 4628/1089/2845 4695/1174/2860 4679/1170/2979
f 4688/1145/2871 4672/1147/2983 4639/1146/2881
f 4688/1145/2871 4639/1146/2881 4676/1144/2950
f 4677/1142/2861 4641/1149/2984 4674/1148/2873
f 4677/1142/2861 4674/1148/2873 4689/1141/2870
f 4635/1161/2952 4664/1164/2985 4690/1163/2986
f 4635/1161/2952 4690/1163/2986 4666/1162/2976
f 4668/1165/2894 4691/1168/2923 4670/1167/2875
f 4668/1165/2894 4670/1167/2875 4640/1166/2987
f 4691/1168/2923 4673/1148/2885 4641/1149/2984
f 4691/1168/2923 4641/1149/2984 4670/1167/2875
f 4664/1164/2985 4637/1146/2901 4671/1147/2885
f 4664/1164/2985 4671/1147/2885 4690/1163/2986
f 4693/1172/2857 4669/1165/2976 4640/1166/2987
f 4693/1172/2857 4640/1166/2987 4678/1171/2980
f 4679/1170/2979 4636/1161/2988 4667/1162/2939
f 4679/1170/2979 4667/1162/2939 4692/1169/2856
f 4694/1173/2982 4670/1167/2875 4641/1149/2984
f 4694/1173/2982 4641/1149/2984 4677/1142/2861
f 4678/1171/2980 4640/1166/2987 4670/1167/2875
f 4678/1171/2980 4670/1167/2875 4694/1173/2982
f 4695/1174/2860 4665/1164/2892 4636/1161/2988
f 4695/1174/2860 4636/1161/2988 4679/1170/2979
f 4675/1144/2981 4638/1146/2900 4665/1164/2892
f 4675/1144/2981 4665/1164/2892 4695/1174/2860
f 814/169/216 25/92/142 766/984/989
f 25/92/142 814/169/216 2/93/143
f 2/93/143 814/169/216 354/168/215
f 269/997/1003 767/982/989 270/981/988
f 767/982/989 269/997/1003 765/1269/217
f 767/982/989 765/1269/217 815/1270/216
f 846/1271/2989 257/305/349 330/304/348
f 257/305/349 846/1271/2989 743/1272/2990
f 257/305/349 743/1272/2990 256/937/944
f 341/214/261 343/74/124 823/215/262
f 343/74/124 341/214/261 26/75/125
f 26/75/125 341/214/261 1199/1181/1196
f 700/928/936 162/1273/2991 986/935/29
f 162/1273/2991 700/928/936 152/927/935
f 162/1273/2991 152/927/935 516/1274/2992
f 516/1274/2992 152/927/935 1296/1275/2993
f 371/1276/2994 1306/1256/2995 1322/1254/2995
f 1306/1256/2995 371/1276/2994 1303/1277/2995
f 1304/1278/2996 831/240/286 1307/1262/1270
f 831/240/286 1304/1278/2996 352/242/288
f 352/242/288 1304/1278/2996 60/264/310
f 340/252/298 1042/1279/2997 14/213/260
f 1042/1279/2997 340/252/298 1045/1280/2998
f 1045/1280/2998 340/252/298 833/48/47
f 1045/1280/2998 833/48/47 1038/1185/1200
f 1042/1279/2997 341/214/261 14/213/260
f 341/214/261 1042/1279/2997 1040/1281/2999
f 341/214/261 1040/1281/2999 1036/1183/1198
f 1310/1282/3000 337/266/312 52/274/320
f 337/266/312 1310/1282/3000 836/267/313
f 836/267/313 1310/1282/3000 1301/268/314
f 1/85/135 329/302/346 5/96/146
f 329/302/346 1/85/135 845/311/355
f 845/311/355 1/85/135 296/82/132
f 62/164/211 1025/322/366 400/165/212
f 1025/322/366 62/164/211 399/324/368
f 1025/322/366 399/324/368 849/323/367
f 1002/990/996 272/989/995 769/991/997
f 272/989/995 1002/990/996 271/986/992
f 271/986/992 1002/990/996 395/1283/999
f 168/568/589 615/574/595 180/911/919
f 615/574/595 168/568/589 913/571/592
f 913/571/592 168/568/589 594/566/587
f 915/598/619 175/887/895 606/907/915
f 175/887/895 915/598/619 145/648/669
f 145/648/669 915/598/619 531/597/618
f 170/591/612 606/907/915 174/906/914
f 606/907/915 170/591/612 915/598/619
f 915/598/619 170/591/612 596/538/561
f 158/659/680 614/781/796 179/893/901
f 614/781/796 158/659/680 922/667/688
f 922/667/688 158/659/680 538/661/682
f 701/930/938 925/31/31 985/30/30
f 925/31/31 701/930/938 121/536/559
f 925/31/31 121/536/559 589/535/9
f 920/656/677 178/899/907 607/896/904
f 178/899/907 920/656/677 140/635/656
f 140/635/656 920/656/677 529/639/660
f 160/653/674 607/896/904 173/895/903
f 607/896/904 160/653/674 920/656/677
f 920/656/677 160/653/674 540/655/676
f 609/919/927 159/660/681 177/921/929
f 159/660/681 609/919/927 921/658/679
f 159/660/681 921/658/679 539/657/678
f 178/899/907 921/658/679 609/919/927
f 921/658/679 178/899/907 140/635/656
f 921/658/679 140/635/656 528/633/654
f 616/782/797 157/670/691 182/904/912
f 157/670/691 616/782/797 923/666/687
f 157/670/691 923/666/687 537/668/689
f 153/676/697 1296/1275/2993 152/927/935
f 1296/1275/2993 153/676/697 1298/1251/5
f 1298/1251/5 153/676/697 520/677/698
f 979/914/922 519/533/558 984/929/937
f 519/533/558 979/914/922 622/16/16
f 519/533/558 622/16/16 143/15/15
f 519/533/558 143/15/15 133/652/673
f 981/520/546 621/19/19 991/521/547
f 621/19/19 981/520/546 909/530/555
f 621/19/19 909/530/555 142/20/20
f 142/20/20 909/530/555 550/529/554
f 175/887/895 942/764/779 608/888/896
f 942/764/779 175/887/895 145/648/669
f 942/764/779 145/648/669 530/650/671
f 608/888/896 171/608/629 176/891/899
f 171/608/629 608/888/896 942/764/779
f 171/608/629 942/764/779 598/601/622
f 618/573/594 169/592/613 181/901/909
f 169/592/613 618/573/594 945/572/593
f 169/592/613 945/572/593 595/539/562
f 949/26/26 677/851/841 954/814/829
f 677/851/841 949/26/26 212/544/567
f 212/544/567 949/26/26 679/25/25
f 678/831/841 946/23/23 955/799/814
f 946/23/23 678/831/841 219/735/750
f 946/23/23 219/735/750 680/21/21
f 1013/1036/1045 281/1011/1017 776/1037/1046
f 281/1011/1017 1013/1036/1045 782/1003/1009
f 281/1011/1017 782/1003/1009 282/1002/1008
f 1081/1284/3001 1033/1045/1054 1076/1188/1203
f 1033/1045/1054 1081/1284/3001 802/77/127
f 802/77/127 1081/1284/3001 343/74/124
f 1072/1285/3002 1069/1076/1082 1070/1079/1085
f 1069/1076/1082 1072/1285/3002 1066/44/43
f 1066/44/43 1072/1285/3002 1067/42/41
f 823/215/262 1078/40/39 1031/1048/1057
f 1078/40/39 823/215/262 1080/1080/1086
f 1080/1080/1086 823/215/262 343/74/124
f 1079/41/40 1076/1188/1203 1077/45/44
f 1076/1188/1203 1079/41/40 1081/1284/3001
f 1081/1284/3001 1079/41/40 343/74/124
f 521/548/571 116/702/201 514/549/284
f 116/702/201 521/548/571 586/703/719
f 586/703/719 521/548/571 566/557/578
f 1209/1286/3003 1213/1287/1194 1211/1288/3004
f 1213/1287/1194 1209/1286/3003 1215/1289/3005
f 1215/1289/3005 1209/1286/3003 1217/1290/3006
f 1217/1290/3006 1209/1286/3003 1207/1291/1197
f 1217/1290/3006 1207/1291/1197 1219/1292/3007
f 1036/1183/3008 1204/49/48 4696/1293/3009
f 1204/49/48 1036/1183/3008 1047/1184/1199
f 1218/259/3010 4696/1293/3011 1206/1182/1197
f 1078/40/39 1237/1195/1210 1231/59/57
f 1237/1195/1210 1078/40/39 1029/39/38
f 1237/1195/1210 1029/39/38 1232/1187/1202
f 1035/1047/1056 1223/1191/1206 1026/1044/1053
f 1223/1191/1206 1035/1047/1056 1236/1198/1213
f 1236/1198/1213 1035/1047/1056 1228/1235/1247
f 1228/1235/1247 1035/1047/1056 1023/1046/1055
f 1235/1239/1250 1032/80/130 1226/1194/1209
f 1032/80/130 1235/1239/1250 1022/312/356
f 1022/312/356 1235/1239/1250 1230/1238/1249
f 1022/312/356 1230/1238/1249 1220/1294/3012
f 1022/312/356 1220/1294/3012 1034/319/363
f 1283/1209/1223 1248/1232/1244 1255/1295/3013
f 1248/1232/1244 1283/1209/1223 1247/1229/1241
f 1247/1229/1241 1283/1209/1223 1253/1208/1217
f 1287/1296/3014 1245/1233/1245 1281/1234/1246
f 1245/1233/1245 1287/1296/3014 1265/1223/1236
f 1265/1223/1236 1287/1296/3014 1266/1224/1237
f 1279/1297/3015 1240/1231/1243 1239/1230/1242
f 1240/1231/1243 1279/1297/3015 1258/1220/1233
f 1258/1220/1233 1279/1297/3015 1257/1217/1216
f 2444/92/1669 3135/169/1740 3099/984/2457
f 3135/169/1740 2444/92/1669 2421/93/1668
f 3135/169/1740 2421/93/1668 2728/168/1741
f 3100/982/2454 269/997/1003 2654/981/2455
f 269/997/1003 3100/982/2454 765/1269/217
f 765/1269/217 3100/982/2454 3136/1270/1740
f 2646/305/1833 3167/1271/3016 2704/304/1830
f 3167/1271/3016 2646/305/1833 743/1272/2990
f 743/1272/2990 2646/305/1833 256/937/944
f 2717/74/1654 2715/214/1767 3144/215/1766
f 2715/214/1767 2717/74/1654 2445/75/1657
f 2715/214/1767 2445/75/1657 3517/1181/2619
f 2552/1273/3017 3042/928/2413 3307/935/88
f 3042/928/2413 2552/1273/3017 2542/927/2412
f 2542/927/2412 2552/1273/3017 2858/1274/3018
f 2542/927/2412 2858/1274/3018 3591/1275/3019
f 3600/1256/3020 372/1276/3021 1324/1254/3020
f 372/1276/3021 3600/1256/3020 1305/1277/3020
f 3152/240/1788 1304/1278/2996 3598/1262/2666
f 1304/1278/2996 3152/240/1788 2726/242/1790
f 1304/1278/2996 2726/242/1790 60/264/310
f 2433/213/1768 3360/1279/2520 2714/252/1798
f 3360/1279/2520 2433/213/1768 2715/214/1767
f 3360/1279/2520 2715/214/1767 3358/1281/3022
f 3358/1281/3022 2715/214/1767 3354/1183/2620
f 2714/252/1798 3363/1280/3023 3154/48/103
f 3363/1280/3023 2714/252/1798 3360/1279/2520
f 3154/48/103 3363/1280/3023 3356/1185/2621
f 2711/266/1807 1310/1282/3000 52/274/320
f 1310/1282/3000 2711/266/1807 3157/267/1806
f 1310/1282/3000 3157/267/1806 3596/268/1809
f 2703/302/1829 2420/85/1664 2424/96/1674
f 2420/85/1664 2703/302/1829 3166/311/1835
f 2420/85/1664 3166/311/1835 2670/82/1662
f 3344/322/1842 2454/164/1737 2744/165/1738
f 2454/164/1737 3344/322/1842 2743/324/1844
f 2743/324/1844 3344/322/1842 3170/323/1843
f 2655/989/2459 3323/990/2462 3102/991/2461
f 3323/990/2462 2655/989/2459 271/986/992
f 3323/990/2462 271/986/992 395/1283/999
f 2957/574/2070 2558/568/2066 2570/911/2396
f 2558/568/2066 2957/574/2070 3234/571/2068
f 2558/568/2066 3234/571/2068 2936/566/2064
f 2565/887/2372 3236/598/2095 2948/907/2394
f 3236/598/2095 2565/887/2372 2535/648/2145
f 3236/598/2095 2535/648/2145 2873/597/2096
f 2948/907/2394 2560/591/2090 2564/906/2391
f 2560/591/2090 2948/907/2394 3236/598/2095
f 2560/591/2090 3236/598/2095 2938/538/2039
f 2956/781/2272 2548/659/2157 2569/893/2378
f 2548/659/2157 2956/781/2272 3243/667/2164
f 2548/659/2157 3243/667/2164 2880/661/2158
f 3246/31/92 3043/930/2415 3306/30/90
f 3043/930/2415 3246/31/92 2511/536/2033
f 2511/536/2033 3246/31/92 2931/535/2034
f 2568/899/2385 3241/656/2154 2949/896/2383
f 3241/656/2154 2568/899/2385 2530/635/2134
f 3241/656/2154 2530/635/2134 2871/639/2138
f 2949/896/2383 2550/653/2151 2563/895/2380
f 2550/653/2151 2949/896/2383 3241/656/2154
f 2550/653/2151 3241/656/2154 2882/655/2152
f 2549/660/2159 2951/919/2405 2567/921/2407
f 2951/919/2405 2549/660/2159 3242/658/2155
f 3242/658/2155 2549/660/2159 2881/657/2156
f 3242/658/2155 2568/899/2385 2951/919/2405
f 2568/899/2385 3242/658/2155 2530/635/2134
f 2530/635/2134 3242/658/2155 2870/633/2132
f 2547/670/2169 2958/782/2275 2572/904/2390
f 2958/782/2275 2547/670/2169 3244/666/2165
f 3244/666/2165 2547/670/2169 2879/668/2166
f 3591/1275/3019 2543/676/2174 2542/927/2412
f 2543/676/2174 3591/1275/3019 3593/1251/66
f 2543/676/2174 3593/1251/66 2862/677/2175
f 2861/533/2032 3300/914/2400 3305/929/2414
f 3300/914/2400 2861/533/2032 2964/16/77
f 2964/16/77 2861/533/2032 2533/15/75
f 2533/15/75 2861/533/2032 2523/652/2150
f 2963/19/80 3302/520/2020 3312/521/2023
f 3302/520/2020 2963/19/80 3230/530/2031
f 3230/530/2031 2963/19/80 2532/20/79
f 3230/530/2031 2532/20/79 2892/529/2028
f 3263/764/2255 2565/887/2372 2950/888/2375
f 2565/887/2372 3263/764/2255 2535/648/2145
f 2535/648/2145 3263/764/2255 2872/650/2147
f 2561/608/2105 2950/888/2375 2566/891/2377
f 2950/888/2375 2561/608/2105 3263/764/2255
f 3263/764/2255 2561/608/2105 2940/601/2100
f 2559/592/2089 2960/573/2071 2571/901/2386
f 2960/573/2071 2559/592/2089 3266/572/2072
f 3266/572/2072 2559/592/2089 2937/539/2038
f 3019/851/2320 3270/26/85 3275/814/2305
f 3270/26/85 3019/851/2320 2602/544/2043
f 3270/26/85 2602/544/2043 3021/25/86
f 3267/23/82 3020/831/2320 3276/799/2290
f 3020/831/2320 3267/23/82 2609/735/2227
f 2609/735/2227 3267/23/82 3022/21/81
f 281/1011/1017 3333/1036/2494 776/1037/1046
f 3333/1036/2494 281/1011/1017 3110/1003/2469
f 3110/1003/2469 281/1011/1017 2660/1002/2470
f 3352/1045/2502 3399/1284/3024 3394/1188/2626
f 3399/1284/3024 3352/1045/2502 3123/77/1655
f 3399/1284/3024 3123/77/1655 2717/74/1654
f 3387/1076/2529 3390/1285/3025 3388/1079/2531
f 3390/1285/3025 3387/1076/2529 3384/44/99
f 3390/1285/3025 3384/44/99 3385/42/98
f 3396/40/97 3144/215/1766 3350/1048/2504
f 3144/215/1766 3396/40/97 3398/1080/2532
f 3144/215/1766 3398/1080/2532 2717/74/1654
f 3394/1188/2626 3397/41/96 3395/45/101
f 3397/41/96 3394/1188/2626 3399/1284/3024
f 3397/41/96 3399/1284/3024 2717/74/1654
f 2506/702/2195 2863/548/2046 2856/549/1787
f 2863/548/2046 2506/702/2195 2928/703/2179
f 2863/548/2046 2928/703/2179 2908/557/2054
f 3525/1291/2618 3535/1290/3026 3537/1292/3027
f 3535/1290/3026 3525/1291/2618 3533/1289/3028
f 3533/1289/3028 3525/1291/2618 3527/1286/3029
f 3533/1289/3028 3527/1286/3029 3531/1287/2615
f 3531/1287/2615 3527/1286/3029 3529/1288/3030
f 3354/1183/3031 3522/49/105 3365/1184/2622
f 3522/49/105 3354/1183/3031 4697/1293/3032
f 3536/259/1801 3524/1182/3033 4697/1293/3034
f 3552/1195/2634 3396/40/97 3546/59/111
f 3396/40/97 3552/1195/2634 3348/39/95
f 3348/39/95 3552/1195/2634 3547/1187/2623
f 3551/1198/2637 3345/1044/2501 3540/1191/2628
f 3345/1044/2501 3551/1198/2637 3353/1047/2503
f 3353/1047/2503 3551/1198/2637 1228/1235/1247
f 3353/1047/2503 1228/1235/1247 1023/1046/1055
f 3342/312/1836 3543/1194/2631 3351/80/1660
f 3543/1194/2631 3342/312/1836 3550/1239/2661
f 3550/1239/2661 3342/312/1836 1230/1238/1249
f 1230/1238/1249 3342/312/1836 1220/1294/3012
f 1220/1294/3012 3342/312/1836 1034/319/363
f 3564/1208/2647 1248/1232/1244 3560/1229/2643
f 1248/1232/1244 3564/1208/2647 3584/1209/2646
f 1248/1232/1244 3584/1209/2646 1255/1295/3013
f 3572/1223/2654 3582/1234/2659 3558/1233/2642
f 3582/1234/2659 3572/1223/2654 1287/1296/3014
f 1287/1296/3014 3572/1223/2654 1266/1224/1237
f 1258/1220/1233 3554/1230/2658 1240/1231/1243
f 3554/1230/2658 1258/1220/1233 3580/1297/3035
f 3580/1297/3035 1258/1220/1233 3566/1217/2652
