# Blender 5.2.1 LTS
# www.blender.org
mtllib celebration_mk2.mtl
o Object_10
v -0.463009 -0.005146 -0.042415
v -0.463009 -0.005146 -0.042415
v -0.409039 -0.003541 -0.042496
v -0.409039 -0.003541 -0.042496
v -0.462990 -0.005145 -0.033165
v -0.462990 -0.005145 -0.033165
v -0.397907 -0.003210 -0.033149
v -0.397907 -0.003210 -0.033149
v -0.462991 -0.005145 -0.029500
v -0.462991 -0.005145 -0.029500
v -0.397908 -0.003210 -0.029484
v -0.397908 -0.003210 -0.029484
v -0.324356 -0.001023 0.182462
v -0.316733 -0.000796 0.181001
v -0.329913 -0.001188 0.134115
v -0.306421 -0.000490 0.154441
v -0.314109 -0.000718 0.165357
v -0.327135 -0.001105 0.158289
v -0.304429 -0.000430 0.090398
v -0.310577 -0.000613 0.136084
v -0.295409 -0.000162 0.096142
v -0.273886 0.000478 0.085336
v -0.297859 -0.000235 0.109584
v -0.299968 -0.000298 0.093368
v -0.305062 -0.000449 0.122130
v -0.302247 -0.000365 0.091981
v -0.283851 0.000182 0.085964
v -0.276162 0.000410 0.079966
v -0.303657 -0.000407 0.029605
v -0.303553 -0.000404 0.024995
v -0.280848 0.000271 0.037906
v -0.279737 0.000304 0.017098
v -0.295231 -0.000157 0.037842
v -0.295771 -0.000173 0.017078
v -0.300284 -0.000307 0.018435
v -0.299964 -0.000298 0.033712
v -0.297270 -0.000217 0.034012
v -0.298197 -0.000245 0.017134
v -0.268097 0.000650 0.050528
v -0.268358 0.000642 0.020150
v -0.238685 -0.015702 0.050279
v -0.238685 -0.015702 0.050279
v -0.239197 0.001509 0.050279
v -0.239197 0.001509 0.050279
v -0.239197 0.001509 0.050279
v -0.239458 0.001501 0.019901
v -0.303629 -0.000407 0.028341
v -0.280544 0.000280 0.032200
v -0.295379 -0.000161 0.032148
v -0.300052 -0.000300 0.029522
v -0.297524 -0.000225 0.029384
v -0.268169 0.000648 0.042197
v -0.239269 0.001507 0.041949
v -0.239269 0.001507 0.041949
v -0.239269 0.001507 0.041949
v -0.238757 -0.015704 0.041949
v -0.238757 -0.015704 0.041949
v -0.228075 0.001840 0.019796
v -0.228075 0.001840 0.019796
v -0.228075 0.001840 0.019796
v -0.223367 0.001980 0.027574
v -0.223367 0.001980 0.027574
v -0.223367 0.001980 0.027574
v -0.223367 0.001980 0.027574
v -0.222855 -0.015231 0.027574
v -0.218052 0.002138 0.013722
v -0.218052 0.002138 0.013722
v -0.212721 0.002296 0.018728
v -0.212721 0.002296 0.018728
v -0.228599 0.001824 0.015615
v -0.228599 0.001824 0.015615
v -0.221515 0.002035 0.011238
v -0.221515 0.002035 0.011238
v -0.181587 0.003222 0.027574
v -0.181587 0.003222 0.027574
v -0.188637 0.003013 0.018728
v -0.188637 0.003013 0.018728
v -0.268029 0.000652 0.055365
v -0.239302 -0.015720 0.066580
v -0.239302 -0.015720 0.066580
v -0.239814 0.001491 0.066580
v -0.239814 0.001491 0.066580
v -0.239814 0.001491 0.066580
v -0.269999 0.000593 0.055401
v -0.239333 -0.015721 0.069039
v -0.239333 -0.015721 0.069039
v -0.239845 0.001490 0.069039
v -0.239845 0.001490 0.069039
v -0.239845 0.001490 0.069039
v -0.269999 0.000593 0.073265
v -0.235286 -0.015600 0.073616
v -0.235286 -0.015600 0.073616
v -0.235798 0.001610 0.073616
v -0.235798 0.001610 0.073616
v -0.235798 0.001610 0.073616
v -0.263633 -0.016443 0.083946
v -0.264145 0.000767 0.083946
v -0.264145 0.000767 0.083946
v -0.241206 -0.015776 0.083863
v -0.241206 -0.015776 0.083863
v -0.241718 0.001434 0.083863
v -0.241718 0.001434 0.083863
v -0.241718 0.001434 0.083863
v -0.273150 0.000500 0.076199
v -0.271348 0.000553 0.080658
v -0.308499 -0.000551 0.145262
v -0.317464 -0.000818 0.108641
v -0.217938 0.002141 0.008451
v -0.217938 0.002141 0.008451
v -0.193326 0.002873 -0.015465
v -0.193326 0.002873 -0.015465
v -0.212348 0.002308 0.014771
v -0.212348 0.002308 0.014771
v -0.187678 0.003041 -0.009565
v -0.187678 0.003041 -0.009565
v -0.187388 0.003050 0.014743
v -0.187388 0.003050 0.014743
v -0.172321 0.003498 0.006143
v -0.172321 0.003498 0.006143
v -0.166454 0.003672 0.036681
v -0.166454 0.003672 0.036681
v -0.142983 0.004370 0.033748
v -0.142983 0.004370 0.033748
v -0.162442 0.003791 0.036582
v -0.162442 0.003791 0.036582
v -0.143145 0.004365 0.038377
v -0.143145 0.004365 0.038377
v -0.162578 0.003787 0.038312
v -0.162578 0.003787 0.038312
v -0.152780 0.004079 0.038438
v -0.152780 0.004079 0.038438
v -0.194559 0.002837 -0.132330
v -0.192166 0.002908 -0.132338
v -0.194646 0.002834 -0.162601
v -0.192254 0.002905 -0.162609
v -0.192177 0.002907 -0.135975
v -0.194569 0.002836 -0.135967
v -0.195971 0.002795 -0.132326
v -0.195982 0.002794 -0.135963
v -0.192170 0.002908 -0.133790
v -0.194563 0.002836 -0.133783
v -0.195976 0.002794 -0.133779
v -0.190243 0.002965 -0.132343
v -0.190248 0.002965 -0.133796
v -0.176889 0.003362 -0.114255
v -0.174497 0.003433 -0.114263
v -0.172574 0.003490 -0.114268
v -0.163892 0.003748 -0.111253
v -0.163892 0.003748 -0.111253
v -0.064350 0.006708 -0.013586
v -0.064350 0.006708 -0.013586
v -0.041511 0.007387 -0.037090
v -0.041511 0.007387 -0.037090
v -0.120253 0.005046 -0.069311
v -0.120253 0.005046 -0.069311
v -0.096600 0.005749 -0.093060
v -0.096600 0.005749 -0.093060
v -0.041756 0.007380 -0.109328
v -0.041756 0.007380 -0.109328
v -0.041756 0.007380 -0.109328
v -0.076793 0.006338 -0.092904
v -0.076793 0.006338 -0.092904
v -0.076793 0.006338 -0.092904
v -0.051550 0.007089 -0.118544
v -0.163965 0.003746 -0.114201
v -0.163965 0.003746 -0.114201
v -0.170454 0.003553 -0.114118
v -0.170454 0.003553 -0.114118
v -0.185098 0.003118 -0.162436
v -0.185098 0.003118 -0.162436
v -0.189942 0.002974 -0.134662
v -0.189942 0.002974 -0.134662
v -0.073311 0.006442 -0.139871
v -0.095172 0.005792 -0.162550
v -0.131798 0.004703 -0.080408
v -0.107948 0.005412 -0.104372
v -0.107948 0.005412 -0.104372
v -0.131997 0.011399 -0.080408
v -0.131997 0.011399 -0.080408
v -0.164091 0.010445 -0.111253
v -0.164091 0.010445 -0.111253
v -0.164091 0.010445 -0.111253
v -0.108147 0.012108 -0.104372
v -0.108147 0.012108 -0.104372
v -0.108147 0.012108 -0.104372
v -0.139692 0.011170 -0.135817
v -0.041710 0.014084 -0.037090
v -0.041710 0.014084 -0.037090
v -0.041710 0.014084 -0.037090
v -0.064549 0.013405 -0.013586
v -0.064549 0.013405 -0.013586
v -0.064549 0.013405 -0.013586
v -0.120452 0.011742 -0.069311
v -0.120452 0.011742 -0.069311
v -0.120452 0.011742 -0.069311
v -0.096799 0.012446 -0.093060
v -0.096799 0.012446 -0.093060
v -0.096799 0.012446 -0.093060
v -0.041955 0.014076 -0.109328
v -0.041955 0.014076 -0.109328
v -0.041955 0.014076 -0.109328
v -0.076992 0.013035 -0.092904
v -0.076992 0.013035 -0.092904
v -0.076992 0.013035 -0.092904
v -0.164164 0.010443 -0.114201
v -0.164164 0.010443 -0.114201
v -0.164164 0.010443 -0.114201
v -0.170653 0.010250 -0.114118
v -0.170653 0.010250 -0.114118
v -0.170653 0.010250 -0.114118
v -0.190141 0.009670 -0.134662
v -0.190141 0.009670 -0.134662
v -0.190141 0.009670 -0.134662
v -0.185297 0.009814 -0.162436
v -0.185297 0.009814 -0.162436
v -0.185297 0.009814 -0.162436
v -0.095371 0.012488 -0.162550
v -0.095371 0.012488 -0.162550
v -0.073510 0.013138 -0.139871
v -0.073510 0.013138 -0.139871
v -0.228313 0.009820 0.019796
v -0.228313 0.009820 0.019796
v -0.228313 0.009820 0.019796
v -0.223604 0.009960 0.027574
v -0.223604 0.009960 0.027574
v -0.223604 0.009960 0.027574
v -0.218289 0.010118 0.013722
v -0.218289 0.010118 0.013722
v -0.218289 0.010118 0.013722
v -0.212958 0.010277 0.018728
v -0.212958 0.010277 0.018728
v -0.212958 0.010277 0.018728
v -0.228836 0.009805 0.015615
v -0.228836 0.009805 0.015615
v -0.228836 0.009805 0.015615
v -0.221752 0.010015 0.011238
v -0.221752 0.010015 0.011238
v -0.221752 0.010015 0.011238
v -0.181824 0.011203 0.027574
v -0.181824 0.011203 0.027574
v -0.181824 0.011203 0.027574
v -0.188874 0.010993 0.018728
v -0.188874 0.010993 0.018728
v -0.188874 0.010993 0.018728
v -0.218175 0.010122 0.008451
v -0.218175 0.010122 0.008451
v -0.218175 0.010122 0.008451
v -0.193563 0.010854 -0.015465
v -0.193563 0.010854 -0.015465
v -0.193563 0.010854 -0.015465
v -0.212586 0.010288 0.014771
v -0.212586 0.010288 0.014771
v -0.212586 0.010288 0.014771
v -0.187915 0.011022 -0.009565
v -0.187915 0.011022 -0.009565
v -0.187915 0.011022 -0.009565
v -0.187625 0.011030 0.014743
v -0.187625 0.011030 0.014743
v -0.187625 0.011030 0.014743
v -0.172558 0.011478 0.006143
v -0.172558 0.011478 0.006143
v -0.172558 0.011478 0.006143
v -0.166691 0.011653 0.036681
v -0.166691 0.011653 0.036681
v -0.143220 0.012350 0.033748
v -0.143220 0.012350 0.033748
v -0.463054 -0.003603 -0.042415
v -0.463054 -0.003603 -0.042415
v -0.463054 -0.003603 -0.042415
v -0.409085 -0.001998 -0.042496
v -0.409085 -0.001998 -0.042496
v -0.409085 -0.001998 -0.042496
v -0.463036 -0.003602 -0.033165
v -0.463036 -0.003602 -0.033165
v -0.463036 -0.003602 -0.033165
v -0.397953 -0.001667 -0.033149
v -0.397953 -0.001667 -0.033149
v -0.397953 -0.001667 -0.033149
v -0.463037 -0.003602 -0.029500
v -0.463037 -0.003602 -0.029500
v -0.463037 -0.003602 -0.029500
v -0.397954 -0.001667 -0.029484
v -0.397954 -0.001667 -0.029484
v -0.397954 -0.001667 -0.029484
v -0.166690 0.011609 0.036681
v -0.166690 0.011609 0.036681
v -0.143219 0.012307 0.033748
v -0.143219 0.012307 0.033748
v -0.162678 0.011729 0.036582
v -0.162678 0.011729 0.036582
v -0.162678 0.011729 0.036582
v -0.143381 0.012302 0.038377
v -0.143381 0.012302 0.038377
v -0.143381 0.012302 0.038377
v -0.162814 0.011725 0.038312
v -0.162814 0.011725 0.038312
v -0.162814 0.011725 0.038312
v -0.153016 0.012016 0.038438
v -0.153016 0.012016 0.038438
v -0.153016 0.012016 0.038438
v -0.461985 -0.039567 -0.042415
v -0.461985 -0.039567 -0.042415
v -0.408016 -0.037962 -0.042496
v -0.408016 -0.037962 -0.042496
v -0.461967 -0.039567 -0.033165
v -0.461967 -0.039567 -0.033165
v -0.396884 -0.037631 -0.033149
v -0.396884 -0.037631 -0.033149
v -0.461967 -0.039567 -0.029500
v -0.461967 -0.039567 -0.029500
v -0.396885 -0.037631 -0.029484
v -0.396885 -0.037631 -0.029484
v -0.323333 -0.035444 0.182462
v -0.315709 -0.035218 0.181001
v -0.328890 -0.035610 0.134115
v -0.305398 -0.034911 0.154441
v -0.313086 -0.035140 0.165357
v -0.326111 -0.035527 0.158289
v -0.303405 -0.034852 0.090398
v -0.309554 -0.035035 0.136084
v -0.294385 -0.034584 0.096142
v -0.272863 -0.033944 0.085336
v -0.296835 -0.034657 0.109584
v -0.298944 -0.034719 0.093368
v -0.304039 -0.034871 0.122130
v -0.301224 -0.034787 0.091981
v -0.282827 -0.034240 0.085964
v -0.275138 -0.034011 0.079966
v -0.302634 -0.034829 0.029605
v -0.302529 -0.034826 0.024995
v -0.279825 -0.034151 0.037906
v -0.278714 -0.034118 0.017098
v -0.294207 -0.034578 0.037842
v -0.294747 -0.034594 0.017078
v -0.299260 -0.034729 0.018435
v -0.298941 -0.034719 0.033712
v -0.296246 -0.034639 0.034012
v -0.297173 -0.034667 0.017134
v -0.267073 -0.033772 0.050528
v -0.267335 -0.033779 0.020150
v -0.238174 -0.032912 0.050279
v -0.238174 -0.032912 0.050279
v -0.238174 -0.032912 0.050279
v -0.238435 -0.032920 0.019901
v -0.302605 -0.034828 0.028341
v -0.279520 -0.034142 0.032200
v -0.294355 -0.034583 0.032148
v -0.299028 -0.034722 0.029522
v -0.296500 -0.034647 0.029384
v -0.267145 -0.033774 0.042197
v -0.238245 -0.032914 0.041949
v -0.238245 -0.032914 0.041949
v -0.238245 -0.032914 0.041949
v -0.227052 -0.032582 0.019796
v -0.227052 -0.032582 0.019796
v -0.227052 -0.032582 0.019796
v -0.222343 -0.032442 0.027574
v -0.222343 -0.032442 0.027574
v -0.222343 -0.032442 0.027574
v -0.222343 -0.032442 0.027574
v -0.217028 -0.032284 0.013722
v -0.217028 -0.032284 0.013722
v -0.211697 -0.032125 0.018728
v -0.211697 -0.032125 0.018728
v -0.227576 -0.032597 0.015614
v -0.227576 -0.032597 0.015614
v -0.220492 -0.032387 0.011238
v -0.220492 -0.032387 0.011238
v -0.180564 -0.031199 0.027574
v -0.180564 -0.031199 0.027574
v -0.187613 -0.031409 0.018728
v -0.187613 -0.031409 0.018728
v -0.267005 -0.033770 0.055365
v -0.238791 -0.032931 0.066580
v -0.238791 -0.032931 0.066580
v -0.238791 -0.032931 0.066580
v -0.268975 -0.033828 0.055401
v -0.238821 -0.032932 0.069039
v -0.238821 -0.032932 0.069039
v -0.238821 -0.032932 0.069039
v -0.268975 -0.033828 0.073265
v -0.234774 -0.032811 0.073616
v -0.234774 -0.032811 0.073616
v -0.234774 -0.032811 0.073616
v -0.263122 -0.033654 0.083946
v -0.263122 -0.033654 0.083946
v -0.240694 -0.032987 0.083863
v -0.240694 -0.032987 0.083863
v -0.240694 -0.032987 0.083863
v -0.272127 -0.033922 0.076199
v -0.270325 -0.033868 0.080658
v -0.307476 -0.034973 0.145262
v -0.316441 -0.035240 0.108640
v -0.216914 -0.032280 0.008451
v -0.216914 -0.032280 0.008451
v -0.192303 -0.031548 -0.015465
v -0.192303 -0.031548 -0.015465
v -0.211325 -0.032114 0.014771
v -0.211325 -0.032114 0.014771
v -0.186655 -0.031380 -0.009565
v -0.186655 -0.031380 -0.009565
v -0.186365 -0.031372 0.014743
v -0.186365 -0.031372 0.014743
v -0.171298 -0.030924 0.006143
v -0.171298 -0.030924 0.006143
v -0.165431 -0.030749 0.036681
v -0.165431 -0.030749 0.036681
v -0.141959 -0.030052 0.033748
v -0.141959 -0.030052 0.033748
v -0.161419 -0.030630 0.036582
v -0.161419 -0.030630 0.036582
v -0.142122 -0.030056 0.038377
v -0.142122 -0.030056 0.038377
v -0.161554 -0.030634 0.038312
v -0.161554 -0.030634 0.038312
v -0.151756 -0.030343 0.038438
v -0.151756 -0.030343 0.038438
v -0.193535 -0.031585 -0.132330
v -0.191143 -0.031514 -0.132338
v -0.193623 -0.031588 -0.162601
v -0.191230 -0.031516 -0.162609
v -0.191153 -0.031514 -0.135975
v -0.193546 -0.031585 -0.135967
v -0.194948 -0.031627 -0.132326
v -0.194958 -0.031627 -0.135963
v -0.191147 -0.031514 -0.133790
v -0.193539 -0.031585 -0.133783
v -0.194952 -0.031627 -0.133779
v -0.189220 -0.031457 -0.132343
v -0.189224 -0.031457 -0.133796
v -0.175866 -0.031060 -0.114255
v -0.173473 -0.030989 -0.114263
v -0.171551 -0.030931 -0.114268
v -0.162868 -0.030673 -0.111253
v -0.162868 -0.030673 -0.111253
v -0.063326 -0.027713 -0.013586
v -0.063326 -0.027713 -0.013586
v -0.040488 -0.027034 -0.037090
v -0.040488 -0.027034 -0.037090
v -0.119229 -0.029376 -0.069311
v -0.119229 -0.029376 -0.069311
v -0.095576 -0.028672 -0.093060
v -0.095576 -0.028672 -0.093060
v -0.040732 -0.027042 -0.109328
v -0.040732 -0.027042 -0.109328
v -0.040732 -0.027042 -0.109328
v -0.075770 -0.028083 -0.092904
v -0.075770 -0.028083 -0.092904
v -0.075770 -0.028083 -0.092904
v -0.050527 -0.027333 -0.118544
v -0.162942 -0.030675 -0.114201
v -0.162942 -0.030675 -0.114201
v -0.169430 -0.030868 -0.114118
v -0.169430 -0.030868 -0.114118
v -0.184074 -0.031304 -0.162436
v -0.184074 -0.031304 -0.162436
v -0.188919 -0.031448 -0.134662
v -0.188919 -0.031448 -0.134662
v -0.072288 -0.027980 -0.139871
v -0.094149 -0.028630 -0.162550
v -0.130774 -0.029719 -0.080408
v -0.106924 -0.029010 -0.104372
v -0.106924 -0.029010 -0.104372
v -0.130575 -0.036415 -0.080408
v -0.130575 -0.036415 -0.080408
v -0.162669 -0.037370 -0.111253
v -0.162669 -0.037370 -0.111253
v -0.162669 -0.037370 -0.111253
v -0.106725 -0.035706 -0.104372
v -0.106725 -0.035706 -0.104372
v -0.106725 -0.035706 -0.104372
v -0.138270 -0.036644 -0.135817
v -0.040289 -0.033731 -0.037090
v -0.040289 -0.033731 -0.037090
v -0.040289 -0.033731 -0.037090
v -0.063127 -0.034410 -0.013586
v -0.063127 -0.034410 -0.013586
v -0.063127 -0.034410 -0.013586
v -0.119030 -0.036072 -0.069311
v -0.119030 -0.036072 -0.069311
v -0.119030 -0.036072 -0.069311
v -0.095377 -0.035369 -0.093060
v -0.095377 -0.035369 -0.093060
v -0.095377 -0.035369 -0.093060
v -0.040533 -0.033738 -0.109328
v -0.040533 -0.033738 -0.109328
v -0.040533 -0.033738 -0.109328
v -0.075571 -0.034780 -0.092904
v -0.075571 -0.034780 -0.092904
v -0.075571 -0.034780 -0.092904
v -0.162742 -0.037372 -0.114201
v -0.162742 -0.037372 -0.114201
v -0.162742 -0.037372 -0.114201
v -0.169231 -0.037565 -0.114118
v -0.169231 -0.037565 -0.114118
v -0.169231 -0.037565 -0.114118
v -0.188719 -0.038144 -0.134662
v -0.188719 -0.038144 -0.134662
v -0.188719 -0.038144 -0.134662
v -0.183875 -0.038000 -0.162436
v -0.183875 -0.038000 -0.162436
v -0.183875 -0.038000 -0.162436
v -0.093949 -0.035326 -0.162550
v -0.093949 -0.035326 -0.162550
v -0.072089 -0.034676 -0.139871
v -0.072089 -0.034676 -0.139871
v -0.226814 -0.040562 0.019796
v -0.226814 -0.040562 0.019796
v -0.226814 -0.040562 0.019796
v -0.222106 -0.040422 0.027574
v -0.222106 -0.040422 0.027574
v -0.222106 -0.040422 0.027574
v -0.216791 -0.040264 0.013722
v -0.216791 -0.040264 0.013722
v -0.216791 -0.040264 0.013722
v -0.211460 -0.040105 0.018728
v -0.211460 -0.040105 0.018728
v -0.211460 -0.040105 0.018728
v -0.227338 -0.040578 0.015615
v -0.227338 -0.040578 0.015615
v -0.227338 -0.040578 0.015615
v -0.220254 -0.040367 0.011238
v -0.220254 -0.040367 0.011238
v -0.220254 -0.040367 0.011238
v -0.180326 -0.039180 0.027574
v -0.180326 -0.039180 0.027574
v -0.180326 -0.039180 0.027574
v -0.187376 -0.039389 0.018728
v -0.187376 -0.039389 0.018728
v -0.187376 -0.039389 0.018728
v -0.216677 -0.040261 0.008451
v -0.216677 -0.040261 0.008451
v -0.216677 -0.040261 0.008451
v -0.192065 -0.039529 -0.015465
v -0.192065 -0.039529 -0.015465
v -0.192065 -0.039529 -0.015465
v -0.211087 -0.040094 0.014771
v -0.211087 -0.040094 0.014771
v -0.211087 -0.040094 0.014771
v -0.186417 -0.039361 -0.009565
v -0.186417 -0.039361 -0.009565
v -0.186417 -0.039361 -0.009565
v -0.186127 -0.039352 0.014743
v -0.186127 -0.039352 0.014743
v -0.186127 -0.039352 0.014743
v -0.171060 -0.038904 0.006143
v -0.171060 -0.038904 0.006143
v -0.171060 -0.038904 0.006143
v -0.165193 -0.038730 0.036681
v -0.165193 -0.038730 0.036681
v -0.141722 -0.038032 0.033748
v -0.141722 -0.038032 0.033748
v -0.461939 -0.041110 -0.042415
v -0.461939 -0.041110 -0.042415
v -0.461939 -0.041110 -0.042415
v -0.407970 -0.039505 -0.042496
v -0.407970 -0.039505 -0.042496
v -0.407970 -0.039505 -0.042496
v -0.461921 -0.041110 -0.033165
v -0.461921 -0.041110 -0.033165
v -0.461921 -0.041110 -0.033165
v -0.396838 -0.039174 -0.033149
v -0.396838 -0.039174 -0.033149
v -0.396838 -0.039174 -0.033149
v -0.461922 -0.041110 -0.029500
v -0.461922 -0.041110 -0.029500
v -0.461922 -0.041110 -0.029500
v -0.396839 -0.039174 -0.029484
v -0.396839 -0.039174 -0.029484
v -0.396839 -0.039174 -0.029484
v -0.165195 -0.038687 0.036681
v -0.165195 -0.038687 0.036681
v -0.141723 -0.037989 0.033748
v -0.141723 -0.037989 0.033748
v -0.161183 -0.038567 0.036582
v -0.161183 -0.038567 0.036582
v -0.161183 -0.038567 0.036582
v -0.141886 -0.037994 0.038377
v -0.141886 -0.037994 0.038377
v -0.141886 -0.037994 0.038377
v -0.161318 -0.038571 0.038312
v -0.161318 -0.038571 0.038312
v -0.161318 -0.038571 0.038312
v -0.151520 -0.038280 0.038438
v -0.151520 -0.038280 0.038438
v -0.151520 -0.038280 0.038438
v -0.598773 -0.026408 0.028712
v -0.576294 -0.025740 0.028861
v -0.576806 -0.008529 0.028861
v -0.599285 -0.009198 0.028712
v -0.599285 -0.009198 0.028712
v -0.544830 -0.024804 -0.152750
v -0.570996 -0.025582 -0.175678
v -0.433199 -0.021485 -0.175678
v -0.429297 -0.021369 -0.153591
v -0.575899 -0.008502 -0.120763
v -0.575388 -0.025713 -0.120763
v -0.544830 -0.024804 -0.152750
v -0.545342 -0.007594 -0.152750
v -0.575388 -0.025713 -0.120763
v -0.599425 -0.026428 -0.145233
v -0.429809 -0.004158 -0.153591
v -0.429297 -0.021369 -0.153591
v -0.401993 -0.020557 -0.153591
v -0.402505 -0.003347 -0.153591
v -0.545342 -0.007594 -0.152750
v -0.544830 -0.024804 -0.152750
v -0.429297 -0.021369 -0.153591
v -0.429809 -0.004158 -0.153591
v -0.332567 -0.018493 -0.153462
v -0.341824 -0.018768 -0.164708
v -0.195866 -0.014428 -0.163911
v -0.213456 -0.014951 -0.153241
v -0.426899 -0.021298 -0.165172
v -0.401993 -0.020557 -0.153591
v -0.333078 -0.001282 -0.153462
v -0.332567 -0.018493 -0.153462
v -0.213456 -0.014951 -0.153241
v -0.213968 0.002259 -0.153241
v -0.341824 -0.018768 -0.164708
v -0.342335 -0.001557 -0.164708
v -0.196378 0.002782 -0.163911
v -0.195866 -0.014428 -0.163911
v -0.195841 -0.014428 -0.142305
v -0.198846 -0.014517 -0.136498
v -0.199358 0.002694 -0.136498
v -0.198846 -0.014517 -0.136498
v -0.195841 -0.014428 -0.142305
v -0.196352 0.002783 -0.142305
v -0.213968 0.002259 -0.153241
v -0.213456 -0.014951 -0.153241
v -0.198846 -0.014517 -0.136498
v -0.199358 0.002694 -0.136498
v -0.195866 -0.014428 -0.163911
v -0.196378 0.002782 -0.163911
v -0.196352 0.002783 -0.142305
v -0.195841 -0.014428 -0.142305
v -0.575899 -0.008502 -0.120763
v -0.576806 -0.008529 0.028861
v -0.576206 -0.028692 0.028861
v -0.575300 -0.028665 -0.120763
v -0.575732 -0.008497 0.029002
v -0.570988 -0.025582 0.029029
v -0.571500 -0.008371 0.029029
v -0.570988 -0.025582 0.029029
v -0.571500 -0.008371 0.029029
v -0.570641 -0.008346 -0.101322
v -0.570129 -0.025557 -0.101322
v -0.575732 -0.008497 0.029002
v -0.575220 -0.025708 0.029002
v -0.574361 -0.025682 -0.119995
v -0.574873 -0.008472 -0.119995
v -0.575220 -0.025708 0.029002
v -0.570988 -0.025582 0.029029
v -0.570129 -0.025557 -0.101322
v -0.574361 -0.025682 -0.119995
v -0.544931 -0.007581 -0.150314
v -0.544420 -0.024792 -0.150314
v -0.538295 -0.024610 -0.150375
v -0.538806 -0.007399 -0.150375
v -0.570129 -0.025557 -0.101322
v -0.570641 -0.008346 -0.101322
v -0.539686 -0.007425 -0.132249
v -0.539175 -0.024636 -0.132249
v -0.574873 -0.008472 -0.119995
v -0.574361 -0.025682 -0.119995
v -0.544420 -0.024792 -0.150314
v -0.544931 -0.007581 -0.150314
v -0.539175 -0.024636 -0.132249
v -0.544420 -0.024792 -0.150314
v -0.537911 -0.024599 -0.146902
v -0.538423 -0.007388 -0.146902
v -0.216538 0.002183 -0.146892
v -0.216026 -0.015028 -0.146892
v -0.537911 -0.024599 -0.146902
v -0.538295 -0.024610 -0.150375
v -0.539175 -0.024636 -0.132249
v -0.539686 -0.007425 -0.132249
v -0.538423 -0.007388 -0.146902
v -0.537911 -0.024599 -0.146902
v -0.189829 0.002977 -0.123352
v -0.189318 -0.014234 -0.123352
v -0.180394 -0.013968 -0.114106
v -0.180906 0.003242 -0.114106
v -0.538806 -0.007399 -0.150375
v -0.538295 -0.024610 -0.150375
v -0.216087 -0.015030 -0.150386
v -0.216599 0.002181 -0.150386
v -0.216026 -0.015028 -0.146892
v -0.216087 -0.015030 -0.150386
v -0.180394 -0.013968 -0.114106
v -0.187484 -0.014179 -0.114013
v -0.187996 0.003032 -0.114013
v -0.180906 0.003242 -0.114106
v -0.189318 -0.014234 -0.123352
v -0.187820 -0.014189 -0.117688
v -0.180394 -0.013968 -0.114106
v -0.187484 -0.014179 -0.114013
v -0.187820 -0.014189 -0.117688
v -0.188332 0.003022 -0.117688
v -0.187996 0.003032 -0.114013
v -0.187484 -0.014179 -0.114013
v -0.216026 -0.015028 -0.146892
v -0.216538 0.002183 -0.146892
v -0.216100 0.002196 -0.143764
v -0.215589 -0.015015 -0.143764
v -0.215589 -0.015015 -0.143764
v -0.198241 -0.014499 -0.132363
v -0.216599 0.002181 -0.150386
v -0.216087 -0.015030 -0.150386
v -0.198241 -0.014499 -0.132363
v -0.198752 0.002712 -0.132363
v -0.215589 -0.015015 -0.143764
v -0.216100 0.002196 -0.143764
v -0.188332 0.003022 -0.117688
v -0.187820 -0.014189 -0.117688
v -0.189318 -0.014234 -0.123352
v -0.189829 0.002977 -0.123352
v -0.569113 -0.008300 0.029002
v -0.542949 -0.007522 0.029029
v -0.542438 -0.024733 0.029029
v -0.568978 -0.008296 -0.100830
v -0.569113 -0.008300 0.029002
v -0.542438 -0.024733 0.029029
v -0.542010 -0.024721 -0.078890
v -0.555641 -0.016513 -0.089811
v -0.542438 -0.024733 0.029029
v -0.542949 -0.007522 0.029029
v -0.542522 -0.007510 -0.078890
v -0.542010 -0.024721 -0.078890
v -0.568601 -0.025511 0.029002
v -0.569113 -0.008300 0.029002
v -0.568978 -0.008296 -0.100830
v -0.568467 -0.025507 -0.100830
v -0.542438 -0.024733 0.029029
v -0.568601 -0.025511 0.029002
v -0.568467 -0.025507 -0.100830
v -0.542010 -0.024721 -0.078890
v -0.553168 -0.007826 -0.116016
v -0.552656 -0.025037 -0.116016
v -0.536845 -0.024567 -0.131202
v -0.537357 -0.007356 -0.131202
v -0.552656 -0.025037 -0.116016
v -0.543768 -0.024773 -0.083043
v -0.513636 -0.023877 -0.113386
v -0.536845 -0.024567 -0.131202
v -0.543768 -0.024773 -0.083043
v -0.544280 -0.007562 -0.083043
v -0.514148 -0.006666 -0.113386
v -0.513636 -0.023877 -0.113386
v -0.542010 -0.024721 -0.078890
v -0.542522 -0.007510 -0.078890
v -0.544280 -0.007562 -0.083043
v -0.543768 -0.024773 -0.083043
v -0.568467 -0.025507 -0.100830
v -0.542010 -0.024721 -0.078890
v -0.568978 -0.008296 -0.100830
v -0.568467 -0.025507 -0.100830
v -0.439069 -0.021660 -0.145625
v -0.358614 -0.019267 -0.113691
v -0.190244 -0.014261 -0.114362
v -0.220215 -0.015152 -0.145490
v -0.513636 -0.023877 -0.113386
v -0.514148 -0.006666 -0.113386
v -0.433839 -0.004278 -0.113393
v -0.433327 -0.021489 -0.113393
v -0.537357 -0.007356 -0.131202
v -0.536845 -0.024567 -0.131202
v -0.536184 -0.024547 -0.145686
v -0.536696 -0.007336 -0.145686
v -0.433327 -0.021489 -0.113393
v -0.536184 -0.024547 -0.145686
v -0.190244 -0.014261 -0.114362
v -0.190756 0.002950 -0.114362
v -0.220726 0.002058 -0.145490
v -0.220215 -0.015152 -0.145490
v -0.358614 -0.019267 -0.113691
v -0.359126 -0.002057 -0.113691
v -0.190756 0.002950 -0.114362
v -0.190244 -0.014261 -0.114362
v -0.439581 -0.004449 -0.145625
v -0.439069 -0.021660 -0.145625
v -0.220215 -0.015152 -0.145490
v -0.220726 0.002058 -0.145490
v -0.536696 -0.007336 -0.145686
v -0.536184 -0.024547 -0.145686
v -0.359126 -0.002057 -0.113691
v -0.358614 -0.019267 -0.113691
v -0.365343 -0.019468 -0.107099
v -0.365855 -0.002257 -0.107099
v -0.426546 -0.021287 -0.106801
v -0.427057 -0.004077 -0.106801
v -0.365855 -0.002257 -0.107099
v -0.365343 -0.019468 -0.107099
v -0.433327 -0.021489 -0.113393
v -0.433839 -0.004278 -0.113393
v -0.427057 -0.004077 -0.106801
v -0.426546 -0.021287 -0.106801
v -0.426546 -0.021287 -0.106801
v -0.365343 -0.019468 -0.107099
v -0.575220 -0.025708 0.029002
v -0.575732 -0.008497 0.029002
v -0.570988 -0.025582 0.029029
v -0.542438 -0.024733 0.029029
v -0.569113 -0.008300 0.029002
v -0.568601 -0.025511 0.029002
v -0.537026 -0.007346 -0.081133
v -0.536486 -0.024556 -0.085513
v -0.536998 -0.007345 -0.085513
v -0.536486 -0.024556 -0.085513
v -0.536514 -0.024557 -0.081133
v -0.537026 -0.007346 -0.081133
v -0.513690 -0.006652 -0.103712
v -0.513662 -0.006652 -0.108092
v -0.513151 -0.023862 -0.108092
v -0.513151 -0.023862 -0.108092
v -0.513690 -0.006652 -0.103712
v -0.513178 -0.023863 -0.103712
v -0.537026 -0.007346 -0.081133
v -0.536514 -0.024557 -0.081133
v -0.513178 -0.023863 -0.103712
v -0.513690 -0.006652 -0.103712
v -0.536514 -0.024557 -0.081133
v -0.536486 -0.024556 -0.085513
v -0.513151 -0.023862 -0.108092
v -0.513178 -0.023863 -0.103712
v -0.536998 -0.007345 -0.085513
v -0.536486 -0.024556 -0.085513
v -0.513151 -0.023862 -0.108092
v -0.513662 -0.006652 -0.108092
v -0.536473 -0.024556 0.035704
v -0.536363 -0.024553 0.067224
v -0.521066 -0.024098 0.067170
v -0.521176 -0.024101 0.035651
v -0.507795 -0.023703 -0.105661
v -0.536597 -0.024560 -0.077066
v -0.521687 -0.006890 0.035651
v -0.521066 -0.024098 0.067170
v -0.483354 -0.022976 0.029732
v -0.483975 -0.005769 -0.010092
v -0.521687 -0.006890 0.035651
v -0.521176 -0.024101 0.035651
v -0.483464 -0.022980 -0.010092
v -0.483975 -0.005769 -0.010092
v -0.542933 -0.007522 0.035725
v -0.542312 -0.024730 0.067245
v -0.521066 -0.024098 0.067170
v -0.521687 -0.006890 0.035651
v -0.536363 -0.024553 0.067224
v -0.536985 -0.007345 0.035704
v -0.521687 -0.006890 0.035651
v -0.521066 -0.024098 0.067170
v -0.521066 -0.024098 0.067170
v -0.521687 -0.006890 0.035651
v -0.483975 -0.005769 -0.010092
v -0.483354 -0.022976 0.029732
v -0.483354 -0.022976 0.029732
v -0.483464 -0.022980 -0.010092
v -0.542312 -0.024730 0.067245
v -0.542933 -0.007522 0.035725
v -0.542933 -0.007522 0.035725
v -0.542422 -0.024733 0.035725
v -0.536473 -0.024556 0.035704
v -0.536985 -0.007345 0.035704
v -0.542422 -0.024733 0.035725
v -0.542312 -0.024730 0.067245
v -0.537109 -0.007349 -0.077066
v -0.536597 -0.024560 -0.077066
v -0.507795 -0.023703 -0.105661
v -0.508307 -0.006492 -0.105661
v -0.536985 -0.007345 0.035704
v -0.536473 -0.024556 0.035704
v -0.536597 -0.024560 -0.077066
v -0.537109 -0.007349 -0.077066
v -0.521176 -0.024101 0.035651
v -0.521687 -0.006890 0.035651
v -0.508307 -0.006492 -0.105661
v -0.507795 -0.023703 -0.105661
v -0.542422 -0.024733 0.035725
v -0.542933 -0.007522 0.035725
v -0.591551 -0.008968 0.035994
v -0.591040 -0.026178 0.035994
v -0.591040 -0.026178 0.035994
v -0.561354 -0.025296 0.067311
v -0.507795 -0.023703 -0.105661
v -0.508307 -0.006492 -0.105661
v -0.468008 -0.005294 -0.105776
v -0.467497 -0.022505 -0.105776
v -0.483464 -0.022980 -0.010092
v -0.507795 -0.023703 -0.105661
v -0.467497 -0.022505 -0.105776
v -0.466056 -0.022462 -0.028649
v -0.466338 -0.022470 -0.050014
v -0.435205 -0.021545 -0.106379
v -0.466568 -0.005251 -0.028649
v -0.466056 -0.022462 -0.028649
v -0.466338 -0.022470 -0.050014
v -0.466849 -0.005260 -0.050014
v -0.467497 -0.022505 -0.105776
v -0.468008 -0.005294 -0.105776
v -0.435716 -0.004334 -0.106379
v -0.435205 -0.021545 -0.106379
v -0.435205 -0.021545 -0.106379
v -0.435716 -0.004334 -0.106379
v -0.381408 -0.002719 -0.047848
v -0.380896 -0.019930 -0.047848
v -0.404394 -0.020629 -0.050096
v -0.380896 -0.019930 -0.047848
v -0.466849 -0.005260 -0.050014
v -0.466338 -0.022470 -0.050014
v -0.404394 -0.020629 -0.050096
v -0.404906 -0.003418 -0.050096
v -0.392243 -0.020267 -0.037043
v -0.388721 -0.020163 -0.040002
v -0.389233 -0.002952 -0.040002
v -0.392755 -0.003057 -0.037043
v -0.388721 -0.020163 -0.040002
v -0.392243 -0.020267 -0.037043
v -0.404906 -0.003418 -0.050096
v -0.404394 -0.020629 -0.050096
v -0.392243 -0.020267 -0.037043
v -0.392755 -0.003057 -0.037043
v -0.380896 -0.019930 -0.047848
v -0.381408 -0.002719 -0.047848
v -0.389233 -0.002952 -0.040002
v -0.388721 -0.020163 -0.040002
v -0.433039 -0.004254 -0.104575
v -0.420344 -0.003877 -0.090817
v -0.419833 -0.021088 -0.090817
v -0.432527 -0.021465 -0.104575
v -0.430841 -0.004189 -0.106599
v -0.430330 -0.021400 -0.106599
v -0.417635 -0.021022 -0.092842
v -0.418147 -0.003812 -0.092842
v -0.433039 -0.004254 -0.104575
v -0.432527 -0.021465 -0.104575
v -0.430330 -0.021400 -0.106599
v -0.430841 -0.004189 -0.106599
v -0.432527 -0.021465 -0.104575
v -0.419833 -0.021088 -0.090817
v -0.417635 -0.021022 -0.092842
v -0.430330 -0.021400 -0.106599
v -0.419833 -0.021088 -0.090817
v -0.420344 -0.003877 -0.090817
v -0.418147 -0.003812 -0.092842
v -0.417635 -0.021022 -0.092842
v -0.424870 -0.004012 -0.101846
v -0.424747 -0.004008 -0.104832
v -0.424235 -0.021219 -0.104832
v -0.424358 -0.021222 -0.101846
v -0.369157 -0.002355 -0.101552
v -0.368645 -0.019566 -0.101552
v -0.368700 -0.019567 -0.104541
v -0.369211 -0.002357 -0.104541
v -0.369795 -0.019600 -0.101558
v -0.369846 -0.019601 -0.104547
v -0.368700 -0.019567 -0.104541
v -0.368645 -0.019566 -0.101552
v -0.369846 -0.019601 -0.104547
v -0.370358 -0.002391 -0.104547
v -0.369211 -0.002357 -0.104541
v -0.368700 -0.019567 -0.104541
v -0.370307 -0.002389 -0.101558
v -0.369795 -0.019600 -0.101558
v -0.368645 -0.019566 -0.101552
v -0.369157 -0.002355 -0.101552
v -0.424870 -0.004012 -0.101846
v -0.424358 -0.021222 -0.101846
v -0.423115 -0.021185 -0.101839
v -0.423626 -0.003975 -0.101839
v -0.424235 -0.021219 -0.104832
v -0.424747 -0.004008 -0.104832
v -0.423508 -0.003971 -0.104826
v -0.422996 -0.021182 -0.104826
v -0.424358 -0.021222 -0.101846
v -0.424235 -0.021219 -0.104832
v -0.422996 -0.021182 -0.104826
v -0.423115 -0.021185 -0.101839
v -0.423626 -0.003975 -0.101839
v -0.423115 -0.021185 -0.101839
v -0.423124 -0.021186 -0.100126
v -0.423635 -0.003975 -0.100126
v -0.423635 -0.003975 -0.100126
v -0.423124 -0.021186 -0.100126
v -0.369804 -0.019600 -0.099846
v -0.370316 -0.002389 -0.099846
v -0.369804 -0.019600 -0.099846
v -0.423124 -0.021186 -0.100126
v -0.369795 -0.019600 -0.101558
v -0.370307 -0.002389 -0.101558
v -0.370316 -0.002389 -0.099846
v -0.369804 -0.019600 -0.099846
v -0.378152 -0.002622 -0.097602
v -0.375898 -0.002555 -0.097598
v -0.375386 -0.019766 -0.097598
v -0.377641 -0.019833 -0.097602
v -0.377888 -0.002615 -0.093780
v -0.377376 -0.019825 -0.093780
v -0.375325 -0.019764 -0.093765
v -0.375836 -0.002554 -0.093765
v -0.377641 -0.019833 -0.097602
v -0.375386 -0.019766 -0.097598
v -0.375325 -0.019764 -0.093765
v -0.377376 -0.019825 -0.093780
v -0.375386 -0.019766 -0.097598
v -0.375898 -0.002555 -0.097598
v -0.375836 -0.002554 -0.093765
v -0.375325 -0.019764 -0.093765
v -0.419226 -0.003844 -0.097683
v -0.418714 -0.021054 -0.097683
v -0.414746 -0.020936 -0.094046
v -0.415257 -0.003726 -0.094046
v -0.379252 -0.019881 -0.097605
v -0.378842 -0.019869 -0.093790
v -0.377395 -0.019826 -0.090936
v -0.378754 -0.019866 -0.090962
v -0.379764 -0.002670 -0.097605
v -0.379252 -0.019881 -0.097605
v -0.379266 -0.002656 -0.090962
v -0.378754 -0.019866 -0.090962
v -0.377395 -0.019826 -0.090936
v -0.377907 -0.002615 -0.090935
v -0.377376 -0.019825 -0.093780
v -0.377888 -0.002615 -0.093780
v -0.377907 -0.002615 -0.090935
v -0.377395 -0.019826 -0.090936
v -0.415257 -0.003726 -0.094046
v -0.414746 -0.020936 -0.094046
v -0.412029 -0.020856 -0.091601
v -0.412541 -0.003645 -0.091601
v -0.378754 -0.019866 -0.090962
v -0.379266 -0.002656 -0.090962
v -0.379358 -0.002658 -0.061534
v -0.378847 -0.019869 -0.061534
v -0.419226 -0.003844 -0.097683
v -0.418714 -0.021054 -0.097683
v -0.414746 -0.020936 -0.094046
v -0.412029 -0.020856 -0.091601
v -0.418714 -0.021054 -0.097683
v -0.379366 -0.002658 -0.058297
v -0.378854 -0.019869 -0.058297
v -0.378847 -0.019869 -0.061534
v -0.379358 -0.002658 -0.061534
v -0.378847 -0.019869 -0.061534
v -0.378854 -0.019869 -0.058297
v -0.412541 -0.003645 -0.091601
v -0.412029 -0.020856 -0.091601
v -0.378854 -0.019869 -0.058297
v -0.379366 -0.002658 -0.058297
v -0.463009 -0.005146 -0.042415
v -0.409039 -0.003541 -0.042496
v -0.408528 -0.020752 -0.042496
v -0.462497 -0.022356 -0.042415
v -0.462478 -0.022356 -0.033165
v -0.397396 -0.020421 -0.033149
v -0.397397 -0.020421 -0.029484
v -0.462479 -0.022356 -0.029500
v -0.462497 -0.022356 -0.042415
v -0.408528 -0.020752 -0.042496
v -0.408528 -0.020752 -0.042496
v -0.409039 -0.003541 -0.042496
v -0.397907 -0.003210 -0.033149
v -0.397396 -0.020421 -0.033149
v -0.463009 -0.005146 -0.042415
v -0.462497 -0.022356 -0.042415
v -0.462478 -0.022356 -0.033165
v -0.462990 -0.005145 -0.033165
v -0.462991 -0.005145 -0.029500
v -0.462479 -0.022356 -0.029500
v -0.397397 -0.020421 -0.029484
v -0.397908 -0.003210 -0.029484
v -0.397396 -0.020421 -0.033149
v -0.397907 -0.003210 -0.033149
v -0.397908 -0.003210 -0.029484
v -0.397397 -0.020421 -0.029484
v -0.462990 -0.005145 -0.033165
v -0.462478 -0.022356 -0.033165
v -0.462479 -0.022356 -0.029500
v -0.462991 -0.005145 -0.029500
v -0.462698 -0.005136 -0.029402
v -0.462479 -0.022356 -0.029500
v -0.397397 -0.020421 -0.029484
v -0.397615 -0.003201 -0.029386
v -0.455795 -0.004931 -0.027447
v -0.410054 -0.003571 -0.027431
v -0.409836 -0.020790 -0.027529
v -0.455576 -0.022151 -0.027545
v -0.456090 -0.004940 -0.020541
v -0.438115 -0.004405 -0.016436
v -0.389965 -0.002974 -0.016424
v -0.402090 -0.003334 -0.020716
v -0.456089 -0.004940 -0.024043
v -0.455577 -0.022151 -0.024043
v -0.455578 -0.022151 -0.020541
v -0.456090 -0.004940 -0.020541
v -0.455795 -0.004931 -0.027447
v -0.455576 -0.022151 -0.027545
v -0.455577 -0.022151 -0.024043
v -0.456089 -0.004940 -0.024043
v -0.409836 -0.020790 -0.027529
v -0.410054 -0.003571 -0.027431
v -0.410349 -0.003580 -0.024027
v -0.409837 -0.020791 -0.024027
v -0.455576 -0.022151 -0.027545
v -0.409836 -0.020790 -0.027529
v -0.409837 -0.020791 -0.024027
v -0.455577 -0.022151 -0.024043
v -0.405359 -0.020657 -0.024025
v -0.405871 -0.003447 -0.024025
v -0.405872 -0.003447 -0.020523
v -0.405360 -0.020657 -0.020523
v -0.409838 -0.020791 -0.020525
v -0.405359 -0.020657 -0.024025
v -0.405360 -0.020657 -0.020523
v -0.409837 -0.020791 -0.024027
v -0.410349 -0.003580 -0.024027
v -0.405871 -0.003447 -0.024025
v -0.405359 -0.020657 -0.024025
v -0.410350 -0.003580 -0.020525
v -0.409838 -0.020791 -0.020525
v -0.405360 -0.020657 -0.020523
v -0.405872 -0.003447 -0.020523
v -0.389965 -0.002974 -0.016424
v -0.370003 -0.002380 -0.016420
v -0.369491 -0.019591 -0.016420
v -0.389453 -0.020184 -0.016424
v -0.385915 -0.020079 -0.009535
v -0.369494 -0.019591 -0.005295
v -0.380472 -0.019917 -0.004501
v -0.369497 -0.019591 0.006255
v -0.389453 -0.020184 -0.016424
v -0.369491 -0.019591 -0.016420
v -0.369492 -0.019591 -0.012803
v -0.389454 -0.020184 -0.012808
v -0.365488 -0.019472 -0.004165
v -0.365492 -0.019472 0.010361
v -0.438115 -0.004405 -0.016436
v -0.437603 -0.021616 -0.016436
v -0.437604 -0.021616 -0.012819
v -0.438115 -0.004405 -0.012819
v -0.365486 -0.019472 -0.019644
v -0.365997 -0.002261 -0.019644
v -0.365998 -0.002261 -0.012803
v -0.365486 -0.019472 -0.012803
v -0.369491 -0.019591 -0.016420
v -0.370003 -0.002380 -0.016420
v -0.365997 -0.002261 -0.019644
v -0.365486 -0.019472 -0.019644
v -0.365486 -0.019472 -0.019644
v -0.365486 -0.019472 -0.012803
v -0.437603 -0.021616 -0.016436
v -0.437604 -0.021616 -0.012819
v -0.438115 -0.004405 -0.012819
v -0.437604 -0.021616 -0.012819
v -0.389454 -0.020184 -0.012808
v -0.389966 -0.002974 -0.012808
v -0.438115 -0.004405 -0.016436
v -0.437603 -0.021616 -0.016436
v -0.380983 -0.002707 -0.004501
v -0.380472 -0.019917 -0.004501
v -0.369497 -0.019591 0.006255
v -0.370009 -0.002380 0.006255
v -0.370009 -0.002380 0.006255
v -0.369497 -0.019591 0.006255
v -0.365492 -0.019472 0.010361
v -0.366003 -0.002261 0.010361
v -0.386427 -0.002868 -0.009535
v -0.385915 -0.020079 -0.009535
v -0.380472 -0.019917 -0.004501
v -0.380983 -0.002707 -0.004501
v -0.348488 -0.018966 0.012846
v -0.348492 -0.018966 0.028838
v -0.365486 -0.019472 -0.012803
v -0.365998 -0.002261 -0.012803
v -0.366000 -0.002261 -0.004165
v -0.365488 -0.019472 -0.004165
v -0.389966 -0.002974 -0.012808
v -0.389454 -0.020184 -0.012808
v -0.349003 -0.001756 0.028838
v -0.348492 -0.018966 0.028838
v -0.336182 -0.018600 0.028841
v -0.336694 -0.001390 0.028841
v -0.366003 -0.002261 0.010361
v -0.365492 -0.019472 0.010361
v -0.348492 -0.018966 0.028838
v -0.349003 -0.001756 0.028838
v -0.365488 -0.019472 -0.004165
v -0.366000 -0.002261 -0.004165
v -0.349000 -0.001756 0.012846
v -0.348488 -0.018966 0.012846
v -0.336179 -0.018600 0.024381
v -0.336182 -0.018600 0.028841
v -0.348488 -0.018966 0.012846
v -0.349000 -0.001756 0.012846
v -0.336691 -0.001390 0.024381
v -0.336179 -0.018600 0.024381
v -0.334714 -0.018557 0.024382
v -0.335225 -0.001346 0.024382
v -0.335228 -0.001346 0.028842
v -0.334717 -0.018557 0.028842
v -0.334714 -0.018557 0.024382
v -0.334717 -0.018557 0.028842
v -0.336179 -0.018600 0.024381
v -0.336691 -0.001390 0.024381
v -0.335225 -0.001346 0.024382
v -0.334714 -0.018557 0.024382
v -0.336694 -0.001390 0.028841
v -0.336182 -0.018600 0.028841
v -0.334717 -0.018557 0.028842
v -0.335228 -0.001346 0.028842
v -0.391272 -0.020239 -0.008932
v -0.431462 -0.021434 -0.008935
v -0.431973 -0.004223 -0.008935
v -0.391784 -0.003028 -0.008932
v -0.419224 -0.021070 0.003725
v -0.388882 -0.020167 0.003735
v -0.386491 -0.020096 0.016401
v -0.406986 -0.020706 0.016384
v -0.391272 -0.020239 -0.008932
v -0.391784 -0.003028 -0.008932
v -0.366086 -0.002264 0.017156
v -0.365574 -0.019474 0.017156
v -0.391272 -0.020239 -0.008932
v -0.365574 -0.019474 0.017156
v -0.371952 -0.019664 0.021143
v -0.362839 -0.019393 0.029482
v -0.350658 -0.019031 0.031769
v -0.364514 -0.019443 0.037351
v -0.368020 -0.019547 0.033363
v -0.365574 -0.019474 0.017156
v -0.366086 -0.002264 0.017156
v -0.351169 -0.001820 0.031769
v -0.350658 -0.019031 0.031769
v -0.350658 -0.019031 0.031769
v -0.351169 -0.001820 0.031769
v -0.344673 -0.001627 0.031772
v -0.344161 -0.018838 0.031772
v -0.354149 -0.019135 0.056354
v -0.344161 -0.018838 0.031772
v -0.343193 -0.018809 0.043826
v -0.338645 -0.018674 0.055038
v -0.378331 -0.019854 0.025131
v -0.375021 -0.019755 0.027194
v -0.373168 -0.019700 0.030548
v -0.431462 -0.021434 -0.008935
v -0.343193 -0.018809 0.043826
v -0.343705 -0.001598 0.043826
v -0.339156 -0.001463 0.055038
v -0.338645 -0.018674 0.055038
v -0.344161 -0.018838 0.031772
v -0.344673 -0.001627 0.031772
v -0.343705 -0.001598 0.043826
v -0.343193 -0.018809 0.043826
v -0.372589 -0.002457 0.076341
v -0.372077 -0.019668 0.076341
v -0.370654 -0.019625 0.105896
v -0.371166 -0.002415 0.105896
v -0.366678 -0.019507 0.087124
v -0.372077 -0.019668 0.076341
v -0.338645 -0.018674 0.055038
v -0.339156 -0.001463 0.055038
v -0.367190 -0.002296 0.087124
v -0.366678 -0.019507 0.087124
v -0.371166 -0.002415 0.105896
v -0.370654 -0.019625 0.105896
v -0.368918 -0.019574 0.106987
v -0.369430 -0.002363 0.106987
v -0.366678 -0.019507 0.087124
v -0.367190 -0.002296 0.087124
v -0.369430 -0.002363 0.106987
v -0.368918 -0.019574 0.106987
v -0.368918 -0.019574 0.106987
v -0.370654 -0.019625 0.105896
v -0.373952 -0.019724 0.080563
v -0.374464 -0.002513 0.080563
v -0.374841 -0.002524 0.107030
v -0.374329 -0.019735 0.107030
v -0.378414 -0.019856 0.080191
v -0.373952 -0.019724 0.080563
v -0.404986 -0.020646 0.174291
v -0.407759 -0.020729 0.170036
v -0.374329 -0.019735 0.107030
v -0.395740 -0.020371 0.168670
v -0.405497 -0.003436 0.174291
v -0.404986 -0.020646 0.174291
v -0.395740 -0.020371 0.168670
v -0.396252 -0.003161 0.168670
v -0.371650 -0.019655 0.117330
v -0.372162 -0.002444 0.117330
v -0.371796 -0.002433 0.121548
v -0.371284 -0.019644 0.121548
v -0.374329 -0.019735 0.107030
v -0.374841 -0.002524 0.107030
v -0.372162 -0.002444 0.117330
v -0.371650 -0.019655 0.117330
v -0.371650 -0.019655 0.117330
v -0.371284 -0.019644 0.121548
v -0.396252 -0.003161 0.168670
v -0.395740 -0.020371 0.168670
v -0.371284 -0.019644 0.121548
v -0.371796 -0.002433 0.121548
v -0.337024 -0.018626 0.062739
v -0.362221 -0.019375 0.089354
v -0.362733 -0.002164 0.089354
v -0.337536 -0.001415 0.062739
v -0.308638 -0.017782 0.086064
v -0.309150 -0.000571 0.086064
v -0.333132 -0.001284 0.134161
v -0.332620 -0.018495 0.134161
v -0.362733 -0.002164 0.089354
v -0.362221 -0.019375 0.089354
v -0.364148 -0.019432 0.119148
v -0.364660 -0.002221 0.119148
v -0.322831 -0.018204 0.074402
v -0.323343 -0.000993 0.074402
v -0.309150 -0.000571 0.086064
v -0.308638 -0.017782 0.086064
v -0.347420 -0.018935 0.111757
v -0.322831 -0.018204 0.074402
v -0.308638 -0.017782 0.086064
v -0.332620 -0.018495 0.134161
v -0.364660 -0.002221 0.119148
v -0.364148 -0.019432 0.119148
v -0.365864 -0.019483 0.128177
v -0.366376 -0.002272 0.128177
v -0.327558 -0.018344 0.185945
v -0.345853 -0.018888 0.152547
v -0.332620 -0.018495 0.134161
v -0.333132 -0.001284 0.134161
v -0.328069 -0.001133 0.185945
v -0.327558 -0.018344 0.185945
v -0.327558 -0.018344 0.185945
v -0.328069 -0.001133 0.185945
v -0.335388 -0.001351 0.196818
v -0.334876 -0.018562 0.196818
v -0.334876 -0.018562 0.196818
v -0.350370 -0.019022 0.162498
v -0.357881 -0.019246 0.179772
v -0.334777 -0.018559 0.205171
v -0.369187 -0.019582 0.197946
v -0.371531 -0.019652 0.175886
v -0.334876 -0.018562 0.196818
v -0.335388 -0.001351 0.196818
v -0.335289 -0.001348 0.205171
v -0.334777 -0.018559 0.205171
v -0.366376 -0.002272 0.128177
v -0.365864 -0.019483 0.128177
v -0.380984 -0.019933 0.154372
v -0.381496 -0.002722 0.154372
v -0.372043 -0.002441 0.175886
v -0.371531 -0.019652 0.175886
v -0.369187 -0.019582 0.197946
v -0.369699 -0.002371 0.197946
v -0.381496 -0.002722 0.154372
v -0.380984 -0.019933 0.154372
v -0.385761 -0.020075 0.165147
v -0.386273 -0.002864 0.165147
v -0.334777 -0.018559 0.205171
v -0.335289 -0.001348 0.205171
v -0.369699 -0.002371 0.197946
v -0.369187 -0.019582 0.197946
v -0.377774 -0.002611 0.168317
v -0.377262 -0.019822 0.168317
v -0.371531 -0.019652 0.175886
v -0.372043 -0.002441 0.175886
v -0.358117 -0.019253 0.145338
v -0.369433 -0.019589 0.167072
v -0.377262 -0.019822 0.168317
v -0.355000 -0.019160 0.135847
v -0.354821 -0.019155 0.100555
v -0.329928 -0.018415 0.068571
v -0.329928 -0.018415 0.068571
v -0.330439 -0.001204 0.068571
v -0.333476 -0.018520 0.065655
v -0.333988 -0.001309 0.065655
v -0.358521 -0.019265 0.094954
v -0.333476 -0.018520 0.065655
v -0.359574 -0.019296 0.127498
v -0.361990 -0.019368 0.136758
v -0.375208 -0.019761 0.160722
v -0.380698 -0.019924 0.165511
v -0.381209 -0.002713 0.165511
v -0.380698 -0.019924 0.165511
v -0.377262 -0.019822 0.168317
v -0.377774 -0.002611 0.168317
v -0.386273 -0.002864 0.165147
v -0.385761 -0.020075 0.165147
v -0.380698 -0.019924 0.165511
v -0.381209 -0.002713 0.165511
v -0.365864 -0.019483 0.128177
v -0.380984 -0.019933 0.154372
v -0.385761 -0.020075 0.165147
v -0.364148 -0.019432 0.119148
v -0.362221 -0.019375 0.089354
v -0.337024 -0.018626 0.062739
v -0.337024 -0.018626 0.062739
v -0.337536 -0.001415 0.062739
v -0.337682 -0.018645 0.208859
v -0.338194 -0.001434 0.208859
v -0.388098 -0.002918 0.197412
v -0.387586 -0.020129 0.197412
v -0.341011 -0.018744 0.215473
v -0.341523 -0.001533 0.215473
v -0.338194 -0.001434 0.208859
v -0.337682 -0.018645 0.208859
v -0.394952 -0.020348 0.201492
v -0.387586 -0.020129 0.197412
v -0.399067 -0.020470 0.178413
v -0.404773 -0.020640 0.181516
v -0.341011 -0.018744 0.215473
v -0.337682 -0.018645 0.208859
v -0.405285 -0.003429 0.181516
v -0.404773 -0.020640 0.181516
v -0.399067 -0.020470 0.178413
v -0.399579 -0.003260 0.178413
v -0.387586 -0.020129 0.197412
v -0.388098 -0.002918 0.197412
v -0.399579 -0.003260 0.178413
v -0.399067 -0.020470 0.178413
v -0.393613 -0.020308 0.180300
v -0.394124 -0.003097 0.180300
v -0.395855 -0.003149 0.177039
v -0.395343 -0.020360 0.177039
v -0.384648 -0.020042 0.176038
v -0.386369 -0.020093 0.169769
v -0.379336 -0.019884 0.172305
v -0.378115 -0.019847 0.174078
v -0.390856 -0.020226 0.173404
v -0.391368 -0.003015 0.173404
v -0.386881 -0.002882 0.169769
v -0.386369 -0.020093 0.169769
v -0.388029 -0.020142 0.176965
v -0.390856 -0.020226 0.173404
v -0.380626 -0.002696 0.194715
v -0.380115 -0.019907 0.194715
v -0.373185 -0.019701 0.196749
v -0.373697 -0.002490 0.196749
v -0.378115 -0.019847 0.174078
v -0.379336 -0.019884 0.172305
v -0.379847 -0.002673 0.172305
v -0.378626 -0.002637 0.174078
v -0.373697 -0.002490 0.196749
v -0.373185 -0.019701 0.196749
v -0.373479 -0.019709 0.180812
v -0.373991 -0.002499 0.180812
v -0.386369 -0.020093 0.169769
v -0.386881 -0.002882 0.169769
v -0.379847 -0.002673 0.172305
v -0.379336 -0.019884 0.172305
v -0.376956 -0.019813 0.175762
v -0.377467 -0.002602 0.175762
v -0.386710 -0.020103 0.185282
v -0.387222 -0.002892 0.185282
v -0.385773 -0.002849 0.186973
v -0.385261 -0.020060 0.186973
v -0.379723 -0.019895 0.177207
v -0.376956 -0.019813 0.175762
v -0.391971 -0.020259 0.183395
v -0.392482 -0.003049 0.183395
v -0.391971 -0.020259 0.183395
v -0.393613 -0.020308 0.180300
v -0.388160 -0.020146 0.183592
v -0.387556 -0.002902 0.192681
v -0.387044 -0.020113 0.192681
v -0.395343 -0.020360 0.177039
v -0.395343 -0.020360 0.177039
v -0.395855 -0.003149 0.177039
v -0.387044 -0.020113 0.192681
v -0.390328 -0.020210 0.186490
v -0.385261 -0.020060 0.186973
v -0.380115 -0.019907 0.194715
v -0.387044 -0.020113 0.192681
v -0.387556 -0.002902 0.192681
v -0.390840 -0.003000 0.186490
v -0.390328 -0.020210 0.186490
v -0.373185 -0.019701 0.196749
v -0.379379 -0.019885 0.185868
v -0.375797 -0.019778 0.177445
v -0.373479 -0.019709 0.180812
v -0.373479 -0.019709 0.180812
v -0.375797 -0.019778 0.177445
v -0.376309 -0.002568 0.177445
v -0.373991 -0.002499 0.180812
v -0.378497 -0.019859 0.181816
v -0.379009 -0.002648 0.181816
v -0.380235 -0.002684 0.177207
v -0.379723 -0.019895 0.177207
v -0.379009 -0.002648 0.181816
v -0.378497 -0.019859 0.181816
v -0.379379 -0.019885 0.185868
v -0.379891 -0.002674 0.185868
v -0.391149 -0.020235 0.184943
v -0.386710 -0.020103 0.185282
v -0.391149 -0.020235 0.184943
v -0.391661 -0.003024 0.184943
v -0.378497 -0.019859 0.181816
v -0.376376 -0.019796 0.176603
v -0.387222 -0.002892 0.185282
v -0.386710 -0.020103 0.185282
v -0.388160 -0.020146 0.183592
v -0.388672 -0.002935 0.183592
v -0.376376 -0.019796 0.176603
v -0.376888 -0.002585 0.176603
v -0.388672 -0.002935 0.183592
v -0.388160 -0.020146 0.183592
v -0.388029 -0.020142 0.176965
v -0.388541 -0.002931 0.176965
v -0.379379 -0.019885 0.185868
v -0.385261 -0.020060 0.186973
v -0.385773 -0.002849 0.186973
v -0.379891 -0.002674 0.185868
v -0.379723 -0.019895 0.177207
v -0.380235 -0.002684 0.177207
v -0.385160 -0.002831 0.176038
v -0.384648 -0.020042 0.176038
v -0.384648 -0.020042 0.176038
v -0.385160 -0.002831 0.176038
v -0.388541 -0.002931 0.176965
v -0.388029 -0.020142 0.176965
v -0.385780 -0.016360 0.182998
v -0.386181 -0.002867 0.182998
v -0.384571 -0.002819 0.184510
v -0.384170 -0.016312 0.184510
v -0.380442 -0.016201 0.181774
v -0.380843 -0.002708 0.181774
v -0.381344 -0.002723 0.178878
v -0.380943 -0.016216 0.178878
v -0.380843 -0.002708 0.181774
v -0.380442 -0.016201 0.181774
v -0.380904 -0.016215 0.184078
v -0.381306 -0.002722 0.184078
v -0.386181 -0.002867 0.182998
v -0.385780 -0.016360 0.182998
v -0.386172 -0.016371 0.181408
v -0.386573 -0.002879 0.181408
v -0.386573 -0.002879 0.181408
v -0.386172 -0.016371 0.181408
v -0.386137 -0.016370 0.178976
v -0.386538 -0.002878 0.178976
v -0.380904 -0.016215 0.184078
v -0.384170 -0.016312 0.184510
v -0.384571 -0.002819 0.184510
v -0.381306 -0.002722 0.184078
v -0.380943 -0.016216 0.178878
v -0.381344 -0.002723 0.178878
v -0.384144 -0.002806 0.178527
v -0.383743 -0.016299 0.178527
v -0.383743 -0.016299 0.178527
v -0.384144 -0.002806 0.178527
v -0.386538 -0.002878 0.178976
v -0.386137 -0.016370 0.178976
v -0.380442 -0.016201 0.181774
v -0.380943 -0.016216 0.178878
v -0.383743 -0.016299 0.178527
v -0.386137 -0.016370 0.178976
v -0.386172 -0.016371 0.181408
v -0.385780 -0.016360 0.182998
v -0.384170 -0.016312 0.184510
v -0.380904 -0.016215 0.184078
v -0.332688 -0.018497 0.199170
v -0.327014 -0.018328 0.189742
v -0.327526 -0.001117 0.189742
v -0.333200 -0.001286 0.199170
v -0.323795 -0.018232 0.189789
v -0.332516 -0.018492 0.208013
v -0.319729 -0.018111 0.216723
v -0.338532 -0.018670 0.216300
v -0.332688 -0.018497 0.199170
v -0.333200 -0.001286 0.199170
v -0.333028 -0.001281 0.208013
v -0.332516 -0.018492 0.208013
v -0.327014 -0.018328 0.189742
v -0.332688 -0.018497 0.199170
v -0.327526 -0.001117 0.189742
v -0.327014 -0.018328 0.189742
v -0.323795 -0.018232 0.189789
v -0.324306 -0.001021 0.189789
v -0.324306 -0.001021 0.189789
v -0.323795 -0.018232 0.189789
v -0.319729 -0.018111 0.216723
v -0.320241 -0.000901 0.216723
v -0.332516 -0.018492 0.208013
v -0.333028 -0.001281 0.208013
v -0.339044 -0.001460 0.216300
v -0.338532 -0.018670 0.216300
v -0.335403 -0.018577 0.223282
v -0.310386 -0.017833 0.226989
v -0.320241 -0.000901 0.216723
v -0.319729 -0.018111 0.216723
v -0.310386 -0.017833 0.226989
v -0.310898 -0.000623 0.226989
v -0.315113 -0.017974 0.228678
v -0.310495 -0.017837 0.228632
v -0.323112 -0.018212 0.186101
v -0.312639 -0.017900 0.186024
v -0.313151 -0.000690 0.186024
v -0.323623 -0.001001 0.186101
v -0.306350 -0.017713 0.206111
v -0.317382 -0.018042 0.213992
v -0.312894 -0.017908 0.218923
v -0.303710 -0.017635 0.212195
v -0.317382 -0.018042 0.213992
v -0.317894 -0.000831 0.213992
v -0.313406 -0.000697 0.218923
v -0.312894 -0.017908 0.218923
v -0.323112 -0.018212 0.186101
v -0.323623 -0.001001 0.186101
v -0.320211 -0.000900 0.203089
v -0.319699 -0.018110 0.203089
v -0.312639 -0.017900 0.186024
v -0.323112 -0.018212 0.186101
v -0.319699 -0.018110 0.203089
v -0.308989 -0.017792 0.200026
v -0.319699 -0.018110 0.203089
v -0.320211 -0.000900 0.203089
v -0.317894 -0.000831 0.213992
v -0.317382 -0.018042 0.213992
v -0.312894 -0.017908 0.218923
v -0.313406 -0.000697 0.218923
v -0.309750 -0.000589 0.219390
v -0.309238 -0.017799 0.219390
v -0.309238 -0.017799 0.219390
v -0.303718 -0.017635 0.215988
v -0.323844 -0.018234 0.182462
v -0.324356 -0.001023 0.182462
v -0.316733 -0.000796 0.181001
v -0.316221 -0.018007 0.181001
v -0.326623 -0.018316 0.158289
v -0.313598 -0.017929 0.165357
v -0.305910 -0.017700 0.154441
v -0.329401 -0.018399 0.134115
v -0.327135 -0.001105 0.158289
v -0.326623 -0.018316 0.158289
v -0.329401 -0.018399 0.134115
v -0.329913 -0.001188 0.134115
v -0.324356 -0.001023 0.182462
v -0.323844 -0.018234 0.182462
v -0.323844 -0.018234 0.182462
v -0.316221 -0.018007 0.181001
v -0.299456 -0.017508 0.093368
v -0.297347 -0.017446 0.109584
v -0.294897 -0.017373 0.096142
v -0.273375 -0.016733 0.085336
v -0.317464 -0.000818 0.108641
v -0.316952 -0.018029 0.108640
v -0.303917 -0.017641 0.090398
v -0.304429 -0.000430 0.090398
v -0.316952 -0.018029 0.108640
v -0.307987 -0.017762 0.145262
v -0.310065 -0.017824 0.136084
v -0.303917 -0.017641 0.090398
v -0.295409 -0.000162 0.096142
v -0.294897 -0.017373 0.096142
v -0.283339 -0.017029 0.085964
v -0.283851 0.000182 0.085964
v -0.299968 -0.000298 0.093368
v -0.299456 -0.017508 0.093368
v -0.294897 -0.017373 0.096142
v -0.295409 -0.000162 0.096142
v -0.302247 -0.000365 0.091981
v -0.301735 -0.017576 0.091981
v -0.301735 -0.017576 0.091981
v -0.304550 -0.017660 0.122130
v -0.304429 -0.000430 0.090398
v -0.303917 -0.017641 0.090398
v -0.301735 -0.017576 0.091981
v -0.302247 -0.000365 0.091981
v -0.283339 -0.017029 0.085964
v -0.275650 -0.016801 0.079966
v -0.276162 0.000410 0.079966
v -0.283851 0.000182 0.085964
v -0.275650 -0.016801 0.079966
v -0.283339 -0.017029 0.085964
v -0.273375 -0.016733 0.085336
v -0.273886 0.000478 0.085336
v -0.276162 0.000410 0.079966
v -0.275650 -0.016801 0.079966
v -0.326591 -0.018315 0.062026
v -0.335157 -0.018570 0.055196
v -0.335668 -0.001359 0.055196
v -0.327103 -0.001105 0.062027
v -0.303239 -0.017621 0.044211
v -0.277880 -0.016867 0.069662
v -0.274122 -0.016755 0.069667
v -0.299248 -0.017502 0.042143
v -0.335668 -0.001359 0.055196
v -0.335157 -0.018570 0.055196
v -0.338441 -0.018668 0.043729
v -0.338953 -0.001457 0.043729
v -0.319469 -0.018104 0.067706
v -0.297008 -0.017436 0.085617
v -0.297008 -0.017436 0.085617
v -0.297520 -0.000225 0.085617
v -0.278392 0.000344 0.069662
v -0.277880 -0.016867 0.069662
v -0.338953 -0.001457 0.043729
v -0.338441 -0.018668 0.043729
v -0.327967 -0.018356 0.032653
v -0.328479 -0.001145 0.032653
v -0.335157 -0.018570 0.055196
v -0.321929 -0.018177 0.025863
v -0.327967 -0.018356 0.032653
v -0.338441 -0.018668 0.043729
v -0.321929 -0.018177 0.025863
v -0.322440 -0.000966 0.025863
v -0.328479 -0.001145 0.032653
v -0.327967 -0.018356 0.032653
v -0.277880 -0.016867 0.069662
v -0.278392 0.000344 0.069662
v -0.277788 0.000362 0.073409
v -0.277277 -0.016849 0.073409
v -0.322440 -0.000966 0.025863
v -0.321929 -0.018177 0.025863
v -0.318405 -0.018072 0.022349
v -0.318917 -0.000861 0.022349
v -0.277277 -0.016849 0.073409
v -0.277788 0.000362 0.073409
v -0.275244 0.000437 0.073412
v -0.274732 -0.016773 0.073412
v -0.277277 -0.016849 0.073409
v -0.274732 -0.016773 0.073412
v -0.274633 0.000456 0.069667
v -0.274122 -0.016755 0.069667
v -0.274732 -0.016773 0.073412
v -0.275244 0.000437 0.073412
v -0.299248 -0.017502 0.042143
v -0.299760 -0.000292 0.042143
v -0.307728 -0.000528 0.033415
v -0.307216 -0.017739 0.033415
v -0.326591 -0.018315 0.062026
v -0.311281 -0.017860 0.036139
v -0.307216 -0.017739 0.033415
v -0.318405 -0.018072 0.022349
v -0.319469 -0.018104 0.067706
v -0.319980 -0.000893 0.067706
v -0.309264 -0.000574 0.012303
v -0.308752 -0.017785 0.012303
v -0.299099 -0.017498 0.002257
v -0.299611 -0.000287 0.002257
v -0.298214 -0.017472 0.013514
v -0.298726 -0.000261 0.013514
v -0.278327 0.000346 0.013649
v -0.277815 -0.016865 0.013649
v -0.308752 -0.017785 0.012303
v -0.298214 -0.017472 0.013514
v -0.277815 -0.016865 0.013649
v -0.299099 -0.017498 0.002257
v -0.281433 -0.016973 0.007142
v -0.281944 0.000238 0.007142
v -0.285155 0.000143 0.002429
v -0.284643 -0.017068 0.002429
v -0.299611 -0.000287 0.002257
v -0.299099 -0.017498 0.002257
v -0.284643 -0.017068 0.002429
v -0.285155 0.000143 0.002429
v -0.277815 -0.016865 0.013649
v -0.278327 0.000346 0.013649
v -0.281944 0.000238 0.007142
v -0.281433 -0.016973 0.007142
v -0.281433 -0.016973 0.007142
v -0.284643 -0.017068 0.002429
v -0.311165 -0.017857 0.014815
v -0.304780 -0.017667 0.017186
v -0.304780 -0.017667 0.017186
v -0.305291 -0.000456 0.017186
v -0.298726 -0.000261 0.013514
v -0.298214 -0.017472 0.013514
v -0.311677 -0.000646 0.014815
v -0.311165 -0.017857 0.014815
v -0.318917 -0.000861 0.022349
v -0.318405 -0.018072 0.022349
v -0.313578 -0.017928 0.017326
v -0.314090 -0.000718 0.017326
v -0.307216 -0.017739 0.033415
v -0.307728 -0.000528 0.033415
v -0.307623 -0.000525 0.021184
v -0.307111 -0.017736 0.021184
v -0.307111 -0.017736 0.021184
v -0.313578 -0.017928 0.017326
v -0.307111 -0.017736 0.021184
v -0.307623 -0.000525 0.021184
v -0.305291 -0.000456 0.017186
v -0.304780 -0.017667 0.017186
v -0.297008 -0.017436 0.085617
v -0.297520 -0.000225 0.085617
v -0.274579 -0.016769 0.048615
v -0.281713 -0.016981 0.041779
v -0.274579 -0.016769 0.048615
v -0.275090 0.000442 0.048615
v -0.282225 0.000230 0.041779
v -0.281713 -0.016981 0.041779
v -0.274122 -0.016755 0.069667
v -0.274633 0.000456 0.069667
v -0.275090 0.000442 0.048615
v -0.274579 -0.016769 0.048615
v -0.299760 -0.000292 0.042143
v -0.299248 -0.017502 0.042143
v -0.281713 -0.016981 0.041779
v -0.282225 0.000230 0.041779
v -0.303117 -0.017617 0.028341
v -0.303041 -0.017615 0.024995
v -0.303553 -0.000404 0.024995
v -0.303629 -0.000407 0.028341
v -0.280032 -0.016931 0.032200
v -0.280337 -0.016940 0.037906
v -0.267585 -0.016561 0.050528
v -0.267657 -0.016563 0.042197
v -0.294867 -0.017372 0.032148
v -0.294719 -0.017368 0.037842
v -0.294719 -0.017368 0.037842
v -0.295231 -0.000157 0.037842
v -0.280848 0.000271 0.037906
v -0.280337 -0.016940 0.037906
v -0.295771 -0.000173 0.017078
v -0.295259 -0.017384 0.017078
v -0.279226 -0.016907 0.017098
v -0.279737 0.000304 0.017098
v -0.298197 -0.000245 0.017134
v -0.297685 -0.017456 0.017134
v -0.295259 -0.017384 0.017078
v -0.295771 -0.000173 0.017078
v -0.296758 -0.017428 0.034012
v -0.297270 -0.000217 0.034012
v -0.295231 -0.000157 0.037842
v -0.294719 -0.017368 0.037842
v -0.297012 -0.017436 0.029384
v -0.296758 -0.017428 0.034012
v -0.303117 -0.017617 0.028341
v -0.303146 -0.017618 0.029605
v -0.299452 -0.017508 0.033712
v -0.299540 -0.017511 0.029522
v -0.303146 -0.017618 0.029605
v -0.303657 -0.000407 0.029605
v -0.299964 -0.000298 0.033712
v -0.299452 -0.017508 0.033712
v -0.303553 -0.000404 0.024995
v -0.303041 -0.017615 0.024995
v -0.299772 -0.017518 0.018435
v -0.300284 -0.000307 0.018435
v -0.299452 -0.017508 0.033712
v -0.299964 -0.000298 0.033712
v -0.297270 -0.000217 0.034012
v -0.296758 -0.017428 0.034012
v -0.300284 -0.000307 0.018435
v -0.299772 -0.017518 0.018435
v -0.297685 -0.017456 0.017134
v -0.298197 -0.000245 0.017134
v -0.268358 0.000642 0.020150
v -0.267846 -0.016569 0.020150
v -0.238946 -0.015709 0.019901
v -0.239458 0.001501 0.019901
v -0.280337 -0.016940 0.037906
v -0.280848 0.000271 0.037906
v -0.268097 0.000650 0.050528
v -0.267585 -0.016561 0.050528
v -0.279737 0.000304 0.017098
v -0.279226 -0.016907 0.017098
v -0.267846 -0.016569 0.020150
v -0.268358 0.000642 0.020150
v -0.238946 -0.015709 0.019901
v -0.238757 -0.015704 0.041949
v -0.222855 -0.015231 0.027574
v -0.227564 -0.015371 0.019796
v -0.238685 -0.015702 0.050279
v -0.267846 -0.016569 0.020150
v -0.299772 -0.017518 0.018435
v -0.297685 -0.017456 0.017134
v -0.303041 -0.017615 0.024995
v -0.295259 -0.017384 0.017078
v -0.279226 -0.016907 0.017098
v -0.303146 -0.017618 0.029605
v -0.303657 -0.000407 0.029605
v -0.222855 -0.015231 0.027574
v -0.223367 0.001980 0.027574
v -0.181587 0.003222 0.027574
v -0.181075 -0.013989 0.027574
v -0.239458 0.001501 0.019901
v -0.238946 -0.015709 0.019901
v -0.227564 -0.015371 0.019796
v -0.228075 0.001840 0.019796
v -0.212209 -0.014914 0.018728
v -0.212721 0.002296 0.018728
v -0.218052 0.002138 0.013722
v -0.217540 -0.015073 0.013722
v -0.212209 -0.014914 0.018728
v -0.217540 -0.015073 0.013722
v -0.228599 0.001824 0.015615
v -0.228087 -0.015386 0.015615
v -0.221003 -0.015176 0.011238
v -0.221515 0.002035 0.011238
v -0.217540 -0.015073 0.013722
v -0.218052 0.002138 0.013722
v -0.221515 0.002035 0.011238
v -0.221003 -0.015176 0.011238
v -0.221003 -0.015176 0.011238
v -0.228087 -0.015386 0.015615
v -0.228075 0.001840 0.019796
v -0.227564 -0.015371 0.019796
v -0.228087 -0.015386 0.015615
v -0.228599 0.001824 0.015615
v -0.181075 -0.013989 0.027574
v -0.181587 0.003222 0.027574
v -0.188637 0.003013 0.018728
v -0.188125 -0.014198 0.018728
v -0.181075 -0.013989 0.027574
v -0.188125 -0.014198 0.018728
v -0.212721 0.002296 0.018728
v -0.212209 -0.014914 0.018728
v -0.188125 -0.014198 0.018728
v -0.188637 0.003013 0.018728
v -0.267517 -0.016559 0.055365
v -0.239302 -0.015720 0.066580
v -0.267585 -0.016561 0.050528
v -0.268097 0.000650 0.050528
v -0.268029 0.000652 0.055365
v -0.267517 -0.016559 0.055365
v -0.239333 -0.015721 0.069039
v -0.269487 -0.016617 0.055401
v -0.269487 -0.016617 0.073265
v -0.235286 -0.015600 0.073616
v -0.267517 -0.016559 0.055365
v -0.268029 0.000652 0.055365
v -0.269999 0.000593 0.055401
v -0.269487 -0.016617 0.055401
v -0.269487 -0.016617 0.055401
v -0.269999 0.000593 0.055401
v -0.269999 0.000593 0.073265
v -0.269487 -0.016617 0.073265
v -0.264145 0.000767 0.083946
v -0.263633 -0.016443 0.083946
v -0.270836 -0.016658 0.080658
v -0.271348 0.000553 0.080658
v -0.263633 -0.016443 0.083946
v -0.241206 -0.015776 0.083863
v -0.272638 -0.016711 0.076199
v -0.273150 0.000500 0.076199
v -0.271348 0.000553 0.080658
v -0.270836 -0.016658 0.080658
v -0.269487 -0.016617 0.073265
v -0.269999 0.000593 0.073265
v -0.273150 0.000500 0.076199
v -0.272638 -0.016711 0.076199
v -0.272638 -0.016711 0.076199
v -0.270836 -0.016658 0.080658
v -0.329913 -0.001188 0.134115
v -0.329401 -0.018399 0.134115
v -0.316952 -0.018029 0.108640
v -0.317464 -0.000818 0.108641
v -0.215378 -0.015009 0.030924
v -0.215890 0.002202 0.030924
v -0.207601 0.002449 0.030924
v -0.207089 -0.014762 0.030924
v -0.211234 -0.014885 0.030924
v -0.211952 -0.014907 0.064644
v -0.203626 -0.014659 0.064644
v -0.206581 -0.014747 0.070460
v -0.210979 -0.014878 0.070519
v -0.216326 -0.015037 0.064644
v -0.215378 -0.015009 0.070577
v -0.218077 -0.015089 0.070484
v -0.224893 -0.015291 0.066134
v -0.214442 -0.014981 0.040808
v -0.207561 -0.014776 0.040808
v -0.207448 -0.014773 0.050692
v -0.214287 -0.014976 0.050692
v -0.212739 -0.014930 0.035866
v -0.208390 -0.014801 0.035866
v -0.212029 -0.014909 0.032943
v -0.206742 -0.020747 0.032943
v -0.208390 -0.014801 0.035866
v -0.212739 -0.014930 0.035866
v -0.211234 -0.014885 0.030924
v -0.207089 -0.014762 0.030924
v -0.206742 -0.020747 0.032943
v -0.212029 -0.014909 0.032943
v -0.218293 -0.015095 0.058424
v -0.224718 -0.015286 0.065029
v -0.213436 -0.014951 0.058622
v -0.206053 -0.014731 0.058820
v -0.202920 -0.014638 0.066800
v -0.202375 -0.014622 0.070127
v -0.228744 -0.015406 0.069099
v -0.218021 -0.015087 0.071193
v -0.217965 -0.015085 0.071901
v -0.232595 -0.015520 0.072064
v -0.232595 -0.015520 0.072064
v -0.232964 -0.003125 0.072064
v -0.232918 -0.003515 0.070696
v -0.232561 -0.015519 0.070696
v -0.232561 -0.015519 0.070696
v -0.233964 -0.015561 0.068460
v -0.224893 -0.015291 0.066134
v -0.228744 -0.015406 0.069099
v -0.233964 -0.015561 0.068460
v -0.235761 -0.015739 0.066225
v -0.234696 -0.003238 0.069016
v -0.234329 -0.015572 0.069016
v -0.234276 -0.015570 0.070605
v -0.234632 -0.003566 0.070605
v -0.234255 -0.005777 0.068460
v -0.233964 -0.015561 0.068460
v -0.234329 -0.015572 0.069016
v -0.234696 -0.003238 0.069016
v -0.234276 -0.015570 0.070605
v -0.234329 -0.015572 0.069016
v -0.235761 -0.015739 0.066225
v -0.233964 -0.015561 0.068460
v -0.234329 -0.015572 0.069016
v -0.235713 -0.015613 0.069035
v -0.346975 -0.018921 0.007335
v -0.331995 -0.018476 0.022212
v -0.332507 -0.001265 0.022212
v -0.347487 -0.001711 0.007335
v -0.350276 -0.019020 -0.023905
v -0.350788 -0.001809 -0.023905
v -0.325020 -0.001043 -0.023909
v -0.324508 -0.018253 -0.023909
v -0.350788 -0.001809 -0.023905
v -0.350276 -0.019020 -0.023905
v -0.354235 -0.019137 -0.020035
v -0.354746 -0.001926 -0.020035
v -0.354809 0.000195 -0.020035
v -0.350851 0.000312 -0.023905
v -0.332507 -0.001265 0.022212
v -0.331995 -0.018476 0.022212
v -0.310196 -0.017828 0.002061
v -0.310708 -0.000617 0.002061
v -0.361957 -0.019367 -0.011875
v -0.362468 -0.002156 -0.011875
v -0.354746 -0.001926 -0.020035
v -0.354235 -0.019137 -0.020035
v -0.361956 -0.019367 -0.007543
v -0.362467 -0.002156 -0.007543
v -0.362468 -0.002156 -0.011875
v -0.361957 -0.019367 -0.011875
v -0.362467 -0.002156 -0.007543
v -0.347550 0.000410 0.007335
v -0.362531 -0.000035 -0.007543
v -0.315622 -0.017989 -0.015134
v -0.316134 -0.000778 -0.015134
v -0.310866 -0.000622 -0.004889
v -0.310354 -0.017833 -0.004889
v -0.316134 -0.000778 -0.015134
v -0.325020 -0.001043 -0.023909
v -0.325083 0.001078 -0.023909
v -0.316197 0.001343 -0.015134
v -0.310708 -0.000617 0.002061
v -0.310196 -0.017828 0.002061
v -0.310354 -0.017833 -0.004889
v -0.310866 -0.000622 -0.004889
v -0.316197 0.001343 -0.015134
v -0.310929 0.001499 -0.004889
v -0.324508 -0.018253 -0.023909
v -0.315622 -0.017989 -0.015134
v -0.310929 0.001499 -0.004889
v -0.310771 0.001504 0.002061
v -0.361956 -0.019367 -0.007543
v -0.310605 -0.017840 -0.028502
v -0.307216 -0.017739 -0.028503
v -0.307728 -0.000528 -0.028503
v -0.311117 -0.000629 -0.028502
v -0.293501 -0.017331 -0.001912
v -0.294013 -0.000121 -0.001912
v -0.288921 0.000031 -0.001950
v -0.288409 -0.017180 -0.001950
v -0.317384 -0.018042 -0.028500
v -0.320773 -0.018142 -0.028499
v -0.303737 -0.017636 -0.000264
v -0.299398 -0.017507 -0.000383
v -0.307728 -0.000528 -0.028503
v -0.307216 -0.017739 -0.028503
v -0.288409 -0.017180 -0.001950
v -0.288921 0.000031 -0.001950
v -0.320773 -0.018142 -0.028499
v -0.321285 -0.000932 -0.028499
v -0.304249 -0.000425 -0.000264
v -0.303737 -0.017636 -0.000264
v -0.312300 -0.017890 -0.028501
v -0.313995 -0.017941 -0.028501
v -0.297365 -0.017446 -0.004168
v -0.295569 -0.017393 -0.003990
v -0.299060 -0.017497 -0.003429
v -0.299572 -0.000286 -0.003429
v -0.297877 -0.000236 -0.004168
v -0.297365 -0.017446 -0.004168
v -0.315689 -0.017991 -0.028500
v -0.313995 -0.017941 -0.028501
v -0.314506 -0.000730 -0.028501
v -0.316201 -0.000780 -0.028500
v -0.320773 -0.018142 -0.028499
v -0.317384 -0.018042 -0.028500
v -0.317895 -0.000831 -0.028500
v -0.321285 -0.000932 -0.028499
v -0.303737 -0.017636 -0.000264
v -0.304249 -0.000425 -0.000264
v -0.299910 -0.000296 -0.000383
v -0.299398 -0.017507 -0.000383
v -0.315689 -0.017991 -0.028500
v -0.299060 -0.017497 -0.003429
v -0.299398 -0.017507 -0.000383
v -0.299910 -0.000296 -0.000383
v -0.299572 -0.000286 -0.003429
v -0.299060 -0.017497 -0.003429
v -0.307216 -0.017739 -0.028503
v -0.310605 -0.017840 -0.028502
v -0.293501 -0.017331 -0.001912
v -0.288409 -0.017180 -0.001950
v -0.295569 -0.017393 -0.003990
v -0.296081 -0.000182 -0.003990
v -0.294013 -0.000121 -0.001912
v -0.293501 -0.017331 -0.001912
v -0.312300 -0.017890 -0.028501
v -0.312812 -0.000680 -0.028501
v -0.297365 -0.017446 -0.004168
v -0.297877 -0.000236 -0.004168
v -0.296081 -0.000182 -0.003990
v -0.295569 -0.017393 -0.003990
v -0.217938 0.002141 0.008451
v -0.193326 0.002873 -0.015465
v -0.192814 -0.014338 -0.015465
v -0.217426 -0.015069 0.008451
v -0.217426 -0.015069 0.008451
v -0.192814 -0.014338 -0.015465
v -0.187166 -0.014170 -0.009565
v -0.211837 -0.014903 0.014771
v -0.192814 -0.014338 -0.015465
v -0.193326 0.002873 -0.015465
v -0.187678 0.003041 -0.009565
v -0.187166 -0.014170 -0.009565
v -0.217938 0.002141 0.008451
v -0.217426 -0.015069 0.008451
v -0.211837 -0.014903 0.014771
v -0.212348 0.002308 0.014771
v -0.212348 0.002308 0.014771
v -0.211837 -0.014903 0.014771
v -0.186876 -0.014161 0.014743
v -0.187388 0.003050 0.014743
v -0.171809 -0.013713 0.006143
v -0.186876 -0.014161 0.014743
v -0.187166 -0.014170 -0.009565
v -0.187678 0.003041 -0.009565
v -0.172321 0.003498 0.006143
v -0.171809 -0.013713 0.006143
v -0.165942 -0.013539 0.036681
v -0.142471 -0.012841 0.033748
v -0.161931 -0.013419 0.036582
v -0.142634 -0.012846 0.038377
v -0.187388 0.003050 0.014743
v -0.186876 -0.014161 0.014743
v -0.165942 -0.013539 0.036681
v -0.166454 0.003672 0.036681
v -0.171809 -0.013713 0.006143
v -0.172321 0.003498 0.006143
v -0.142983 0.004370 0.033748
v -0.142471 -0.012841 0.033748
v -0.142471 -0.012841 0.033748
v -0.142983 0.004370 0.033748
v -0.143145 0.004365 0.038377
v -0.142634 -0.012846 0.038377
v -0.166454 0.003672 0.036681
v -0.165942 -0.013539 0.036681
v -0.161931 -0.013419 0.036582
v -0.162442 0.003791 0.036582
v -0.162578 0.003787 0.038312
v -0.162066 -0.013423 0.038312
v -0.152268 -0.013132 0.038438
v -0.152780 0.004079 0.038438
v -0.162442 0.003791 0.036582
v -0.161931 -0.013419 0.036582
v -0.162066 -0.013423 0.038312
v -0.162578 0.003787 0.038312
v -0.152268 -0.013132 0.038438
v -0.162066 -0.013423 0.038312
v -0.142634 -0.012846 0.038377
v -0.143145 0.004365 0.038377
v -0.152780 0.004079 0.038438
v -0.152268 -0.013132 0.038438
v -0.156892 -0.013270 -0.034721
v -0.180135 -0.013961 -0.011928
v -0.180647 0.003250 -0.011928
v -0.157404 0.003941 -0.034721
v -0.097682 -0.011509 0.025711
v -0.098194 0.005702 0.025711
v -0.121437 0.005011 0.048504
v -0.120925 -0.012200 0.048504
v -0.114752 -0.012017 0.008289
v -0.115264 0.005194 0.008289
v -0.098194 0.005702 0.025711
v -0.097682 -0.011509 0.025711
v -0.139167 -0.012742 0.031082
v -0.114752 -0.012017 0.008289
v -0.097682 -0.011509 0.025711
v -0.120925 -0.012200 0.048504
v -0.130717 0.004735 0.057605
v -0.130206 -0.012476 0.057605
v -0.180647 0.003250 -0.011928
v -0.180135 -0.013961 -0.011928
v -0.139167 -0.012742 0.031082
v -0.139679 0.004468 0.031082
v -0.180135 -0.013961 -0.011928
v -0.156892 -0.013270 -0.034721
v -0.156892 -0.013270 -0.034721
v -0.157404 0.003941 -0.034721
v -0.139065 0.004487 0.049191
v -0.138553 -0.012724 0.049191
v -0.130206 -0.012476 0.057605
v -0.130717 0.004735 0.057605
v -0.139679 0.004468 0.031082
v -0.139167 -0.012742 0.031082
v -0.138553 -0.012724 0.049191
v -0.139065 0.004487 0.049191
v -0.130206 -0.012476 0.057605
v -0.138553 -0.012724 0.049191
v -0.153505 -0.013169 -0.038401
v -0.098237 -0.011525 0.017333
v -0.098749 0.005685 0.017333
v -0.154017 0.004042 -0.038401
v -0.150261 -0.013072 -0.041621
v -0.150773 0.004138 -0.041621
v -0.095505 0.005782 0.014114
v -0.094993 -0.011429 0.014114
v -0.152567 -0.013141 -0.040695
v -0.153078 0.004070 -0.040695
v -0.150773 0.004138 -0.041621
v -0.150261 -0.013072 -0.041621
v -0.095931 -0.011457 0.017092
v -0.152567 -0.013141 -0.040695
v -0.150261 -0.013072 -0.041621
v -0.094993 -0.011429 0.014114
v -0.096443 0.005754 0.017092
v -0.095931 -0.011457 0.017092
v -0.094993 -0.011429 0.014114
v -0.095505 0.005782 0.014114
v -0.098749 0.005685 0.017333
v -0.098237 -0.011525 0.017333
v -0.095931 -0.011457 0.017092
v -0.096443 0.005754 0.017092
v -0.098237 -0.011525 0.017333
v -0.153505 -0.013169 -0.038401
v -0.153505 -0.013169 -0.038401
v -0.154017 0.004042 -0.038401
v -0.153078 0.004070 -0.040695
v -0.152567 -0.013141 -0.040695
v -0.146885 -0.012972 -0.045168
v -0.093839 -0.011395 0.009075
v -0.094351 0.005816 0.009075
v -0.147396 0.004239 -0.045168
v -0.128800 -0.012434 -0.063054
v -0.129312 0.004777 -0.063054
v -0.069486 0.006555 -0.003097
v -0.068974 -0.010655 -0.003097
v -0.134492 -0.012603 -0.057424
v -0.135004 0.004607 -0.057424
v -0.135518 0.004592 -0.063163
v -0.135007 -0.012619 -0.063163
v -0.076800 -0.010888 0.000734
v -0.134492 -0.012603 -0.057424
v -0.128800 -0.012434 -0.063054
v -0.068974 -0.010655 -0.003097
v -0.071297 0.006502 0.005364
v -0.070786 -0.010709 0.005364
v -0.069508 -0.010671 0.003881
v -0.070020 0.006540 0.003881
v -0.068974 -0.010655 -0.003097
v -0.069486 0.006555 -0.003097
v -0.070020 0.006540 0.003881
v -0.069508 -0.010671 0.003881
v -0.094351 0.005816 0.009075
v -0.093839 -0.011395 0.009075
v -0.073567 -0.010792 0.008594
v -0.074079 0.006419 0.008594
v -0.069508 -0.010671 0.003881
v -0.070786 -0.010709 0.005364
v -0.093839 -0.011395 0.009075
v -0.073567 -0.010792 0.008594
v -0.074079 0.006419 0.008594
v -0.073567 -0.010792 0.008594
v -0.146885 -0.012972 -0.045168
v -0.146885 -0.012972 -0.045168
v -0.147396 0.004239 -0.045168
v -0.135004 0.004607 -0.057424
v -0.134492 -0.012603 -0.057424
v -0.135007 -0.012619 -0.063163
v -0.135518 0.004592 -0.063163
v -0.135860 0.004582 -0.069503
v -0.135349 -0.012629 -0.069503
v -0.135007 -0.012619 -0.063163
v -0.135349 -0.012629 -0.069503
v -0.129312 0.004777 -0.063054
v -0.128800 -0.012434 -0.063054
v -0.135349 -0.012629 -0.069503
v -0.135860 0.004582 -0.069503
v -0.062446 0.006765 -0.005345
v -0.061934 -0.010446 -0.005345
v -0.037958 -0.009733 -0.029202
v -0.038469 0.007478 -0.029202
v -0.134568 -0.012606 -0.074735
v -0.135079 0.004605 -0.074735
v -0.133245 0.004660 -0.076561
v -0.132733 -0.012551 -0.076561
v -0.066159 -0.010572 -0.005923
v -0.134568 -0.012606 -0.074735
v -0.132733 -0.012551 -0.076561
v -0.064324 -0.010517 -0.007749
v -0.064281 0.006710 -0.003519
v -0.063769 -0.010501 -0.003519
v -0.063769 -0.010501 -0.003519
v -0.061934 -0.010446 -0.005345
v -0.132733 -0.012551 -0.076561
v -0.133245 0.004660 -0.076561
v -0.064836 0.006694 -0.007749
v -0.064324 -0.010517 -0.007749
v -0.134568 -0.012606 -0.074735
v -0.066159 -0.010572 -0.005923
v -0.066671 0.006639 -0.005923
v -0.135079 0.004605 -0.074735
v -0.040348 -0.009804 -0.031606
v -0.040859 0.007407 -0.031606
v -0.040859 0.007407 -0.102815
v -0.040348 -0.009804 -0.102815
v -0.040348 -0.009804 -0.031606
v -0.037958 -0.009733 -0.029202
v -0.064324 -0.010517 -0.007749
v -0.064836 0.006694 -0.007749
v -0.040859 0.007407 -0.031606
v -0.040348 -0.009804 -0.031606
v -0.040348 -0.009804 -0.102815
v -0.040859 0.007407 -0.102815
v -0.038469 0.007478 -0.102707
v -0.037958 -0.009733 -0.102707
v -0.040348 -0.009804 -0.102815
v -0.037958 -0.009733 -0.102707
v -0.038469 0.007478 -0.029202
v -0.037958 -0.009733 -0.029202
v -0.037958 -0.009733 -0.102707
v -0.038469 0.007478 -0.102707
v -0.194134 -0.014377 -0.162601
v -0.194646 0.002834 -0.162601
v -0.192254 0.002905 -0.162609
v -0.191742 -0.014306 -0.162609
v -0.192177 0.002907 -0.135975
v -0.191665 -0.014303 -0.135975
v -0.191742 -0.014306 -0.162609
v -0.192254 0.002905 -0.162609
v -0.191665 -0.014303 -0.135975
v -0.194057 -0.014375 -0.135967
v -0.194134 -0.014377 -0.162601
v -0.191742 -0.014306 -0.162609
v -0.194057 -0.014375 -0.135967
v -0.194569 0.002836 -0.135967
v -0.194646 0.002834 -0.162601
v -0.194134 -0.014377 -0.162601
v -0.194047 -0.014374 -0.132330
v -0.194559 0.002837 -0.132330
v -0.195971 0.002795 -0.132326
v -0.195460 -0.014416 -0.132326
v -0.191658 -0.014303 -0.133790
v -0.194051 -0.014374 -0.133783
v -0.192170 0.002908 -0.133790
v -0.191658 -0.014303 -0.133790
v -0.195464 -0.014416 -0.133779
v -0.195976 0.002794 -0.133779
v -0.195982 0.002794 -0.135963
v -0.195470 -0.014417 -0.135963
v -0.194569 0.002836 -0.135967
v -0.194057 -0.014375 -0.135967
v -0.195470 -0.014417 -0.135963
v -0.195982 0.002794 -0.135963
v -0.194047 -0.014374 -0.132330
v -0.195460 -0.014416 -0.132326
v -0.195464 -0.014416 -0.133779
v -0.195470 -0.014417 -0.135963
v -0.195460 -0.014416 -0.132326
v -0.195971 0.002795 -0.132326
v -0.191658 -0.014303 -0.133790
v -0.192170 0.002908 -0.133790
v -0.190248 0.002965 -0.133796
v -0.189736 -0.014246 -0.133796
v -0.191654 -0.014303 -0.132338
v -0.190243 0.002965 -0.132343
v -0.189732 -0.014246 -0.132343
v -0.189736 -0.014246 -0.133796
v -0.190248 0.002965 -0.133796
v -0.189736 -0.014246 -0.133796
v -0.189732 -0.014246 -0.132343
v -0.176377 -0.013849 -0.114255
v -0.173985 -0.013778 -0.114263
v -0.174497 0.003433 -0.114263
v -0.176889 0.003362 -0.114255
v -0.174497 0.003433 -0.114263
v -0.173985 -0.013778 -0.114263
v -0.172062 -0.013721 -0.114268
v -0.172574 0.003490 -0.114268
v -0.194559 0.002837 -0.132330
v -0.194047 -0.014374 -0.132330
v -0.176377 -0.013849 -0.114255
v -0.176889 0.003362 -0.114255
v -0.189732 -0.014246 -0.132343
v -0.190243 0.002965 -0.132343
v -0.172574 0.003490 -0.114268
v -0.172062 -0.013721 -0.114268
v -0.172062 -0.013721 -0.114268
v -0.173985 -0.013778 -0.114263
v -0.176377 -0.013849 -0.114255
v -0.243338 0.001386 0.017314
v -0.242826 -0.015825 0.017314
v -0.228941 -0.015412 0.014779
v -0.229453 0.001799 0.014779
v -0.273606 -0.016740 0.014783
v -0.274118 0.000471 0.014783
v -0.310861 -0.000622 -0.041773
v -0.310349 -0.017832 -0.041773
v -0.256711 -0.016237 0.014782
v -0.273606 -0.016740 0.014783
v -0.310349 -0.017832 -0.041773
v -0.265955 -0.016512 -0.034333
v -0.229453 0.001799 0.014779
v -0.228941 -0.015412 0.014779
v -0.192988 -0.014343 -0.022106
v -0.193500 0.002868 -0.022106
v -0.234367 0.001653 -0.048754
v -0.205908 0.002499 -0.049248
v -0.205396 -0.014712 -0.049248
v -0.233856 -0.015558 -0.048754
v -0.310349 -0.017832 -0.041773
v -0.310861 -0.000622 -0.041773
v -0.297457 -0.000223 -0.055806
v -0.296945 -0.017434 -0.055806
v -0.296945 -0.017434 -0.055806
v -0.262315 -0.016404 -0.053326
v -0.193500 0.002868 -0.022106
v -0.192988 -0.014343 -0.022106
v -0.188170 -0.014200 -0.017688
v -0.188682 0.003011 -0.017688
v -0.256835 -0.016241 -0.032172
v -0.255200 -0.016193 -0.048636
v -0.296815 -0.017430 -0.057627
v -0.264717 -0.016476 -0.057820
v -0.253240 -0.016134 0.015415
v -0.274118 0.000471 0.014783
v -0.273606 -0.016740 0.014783
v -0.256711 -0.016237 0.014782
v -0.257223 0.000973 0.014782
v -0.297326 -0.000219 -0.057627
v -0.265229 0.000735 -0.057820
v -0.264717 -0.016476 -0.057820
v -0.296815 -0.017430 -0.057627
v -0.262827 0.000807 -0.053326
v -0.262315 -0.016404 -0.053326
v -0.264717 -0.016476 -0.057820
v -0.265229 0.000735 -0.057820
v -0.296945 -0.017434 -0.055806
v -0.297457 -0.000223 -0.055806
v -0.297326 -0.000219 -0.057627
v -0.296815 -0.017430 -0.057627
v -0.228941 -0.015412 0.014779
v -0.242826 -0.015825 0.017314
v -0.229472 -0.015428 -0.025686
v -0.192988 -0.014343 -0.022106
v -0.233856 -0.015558 -0.048754
v -0.205396 -0.014712 -0.049248
v -0.248597 0.001230 -0.047324
v -0.234367 0.001653 -0.048754
v -0.233856 -0.015558 -0.048754
v -0.248085 -0.015981 -0.047324
v -0.250280 0.001180 0.016048
v -0.249769 -0.016031 0.016048
v -0.242826 -0.015825 0.017314
v -0.243338 0.001386 0.017314
v -0.253752 0.001077 0.015415
v -0.253240 -0.016134 0.015415
v -0.255712 0.001018 -0.048636
v -0.248597 0.001230 -0.047324
v -0.248085 -0.015981 -0.047324
v -0.255200 -0.016193 -0.048636
v -0.249769 -0.016031 0.016048
v -0.247714 -0.015970 -0.030010
v -0.248085 -0.015981 -0.047324
v -0.262827 0.000807 -0.053326
v -0.255712 0.001018 -0.048636
v -0.255200 -0.016193 -0.048636
v -0.262315 -0.016404 -0.053326
v -0.257223 0.000973 0.014782
v -0.256711 -0.016237 0.014782
v -0.155516 -0.013229 -0.098664
v -0.188170 -0.014200 -0.017688
v -0.205396 -0.014712 -0.049248
v -0.205908 0.002499 -0.049248
v -0.156027 0.003982 -0.098664
v -0.155516 -0.013229 -0.098664
v -0.140628 0.004440 -0.064907
v -0.140117 -0.012771 -0.064907
v -0.139349 -0.012748 -0.083839
v -0.139861 0.004463 -0.083839
v -0.188682 0.003011 -0.017688
v -0.188170 -0.014200 -0.017688
v -0.140117 -0.012771 -0.064907
v -0.140628 0.004440 -0.064907
v -0.139349 -0.012748 -0.083839
v -0.140117 -0.012771 -0.064907
v -0.155516 -0.013229 -0.098664
v -0.156027 0.003982 -0.098664
v -0.139861 0.004463 -0.083839
v -0.139349 -0.012748 -0.083839
v -0.206954 -0.014758 -0.054378
v -0.159184 -0.013338 -0.101330
v -0.159695 0.003873 -0.101330
v -0.207466 0.002453 -0.054378
v -0.162573 -0.013438 -0.107349
v -0.223681 -0.015255 -0.070749
v -0.224939 -0.015293 -0.080132
v -0.162514 -0.013437 -0.108671
v -0.159184 -0.013338 -0.101330
v -0.206954 -0.014758 -0.054378
v -0.228114 -0.015387 -0.054305
v -0.162641 -0.013440 -0.105831
v -0.159695 0.003873 -0.101330
v -0.159184 -0.013338 -0.101330
v -0.162641 -0.013440 -0.105831
v -0.163153 0.003770 -0.105831
v -0.206954 -0.014758 -0.054378
v -0.207466 0.002453 -0.054378
v -0.228626 0.001824 -0.054305
v -0.228114 -0.015387 -0.054305
v -0.163085 0.003772 -0.107349
v -0.162573 -0.013438 -0.107349
v -0.162514 -0.013437 -0.108671
v -0.163026 0.003774 -0.108671
v -0.223681 -0.015255 -0.070749
v -0.224193 0.001955 -0.070749
v -0.225450 0.001918 -0.080132
v -0.224939 -0.015293 -0.080132
v -0.196898 -0.014459 -0.108542
v -0.197410 0.002752 -0.108542
v -0.190202 0.002966 -0.108581
v -0.189690 -0.014245 -0.108581
v -0.224939 -0.015293 -0.080132
v -0.225450 0.001918 -0.080132
v -0.197410 0.002752 -0.108542
v -0.196898 -0.014459 -0.108542
v -0.196898 -0.014459 -0.108542
v -0.189690 -0.014245 -0.108581
v -0.163026 0.003774 -0.108671
v -0.162514 -0.013437 -0.108671
v -0.189690 -0.014245 -0.108581
v -0.190202 0.002966 -0.108581
v -0.225067 -0.015297 -0.061012
v -0.225579 0.001914 -0.061012
v -0.224193 0.001955 -0.070749
v -0.223681 -0.015255 -0.070749
v -0.163119 0.003771 -0.106590
v -0.162607 -0.013439 -0.106590
v -0.162573 -0.013438 -0.107349
v -0.163085 0.003772 -0.107349
v -0.162607 -0.013439 -0.106590
v -0.225067 -0.015297 -0.061012
v -0.163153 0.003770 -0.105831
v -0.162641 -0.013440 -0.105831
v -0.228114 -0.015387 -0.054305
v -0.228626 0.001824 -0.054305
v -0.225579 0.001914 -0.061012
v -0.225067 -0.015297 -0.061012
v -0.401578 -0.020545 -0.020716
v -0.368893 -0.019573 -0.020720
v -0.369405 -0.002362 -0.020720
v -0.402090 -0.003334 -0.020716
v -0.310318 -0.017831 -0.049260
v -0.299183 -0.017500 -0.093600
v -0.297819 -0.017460 -0.060880
v -0.279299 -0.016909 -0.071959
v -0.345882 -0.018889 -0.043341
v -0.379961 -0.019902 -0.043337
v -0.374304 -0.019734 -0.049257
v -0.339860 -0.018710 -0.049260
v -0.316339 -0.018010 -0.043341
v -0.379961 -0.019902 -0.043337
v -0.380472 -0.002691 -0.043337
v -0.374815 -0.002523 -0.049257
v -0.374304 -0.019734 -0.049257
v -0.401578 -0.020545 -0.020716
v -0.402090 -0.003334 -0.020716
v -0.390164 -0.002980 -0.033195
v -0.389653 -0.020190 -0.033195
v -0.369405 -0.002362 -0.020720
v -0.368893 -0.019573 -0.020720
v -0.356199 -0.019196 -0.033199
v -0.356710 -0.001985 -0.033199
v -0.368893 -0.019573 -0.020720
v -0.401578 -0.020545 -0.020716
v -0.389653 -0.020190 -0.033195
v -0.356199 -0.019196 -0.033199
v -0.316851 -0.000800 -0.043341
v -0.316339 -0.018010 -0.043341
v -0.310318 -0.017831 -0.049260
v -0.310829 -0.000621 -0.049260
v -0.356710 -0.001985 -0.033199
v -0.356199 -0.019196 -0.033199
v -0.326656 -0.018317 -0.033199
v -0.327168 -0.001106 -0.033199
v -0.358854 -0.019275 -0.105446
v -0.316339 -0.018010 -0.043341
v -0.316851 -0.000800 -0.043341
v -0.309468 -0.000580 -0.031057
v -0.308957 -0.017791 -0.031057
v -0.326656 -0.018317 -0.033199
v -0.327190 -0.001107 -0.030953
v -0.326678 -0.018318 -0.030953
v -0.308957 -0.017791 -0.031057
v -0.309468 -0.000580 -0.031057
v -0.327168 -0.001106 -0.033199
v -0.326656 -0.018317 -0.033199
v -0.326678 -0.018318 -0.030953
v -0.327190 -0.001107 -0.030953
v -0.308957 -0.017791 -0.031057
v -0.326678 -0.018318 -0.030953
v -0.374306 -0.019734 -0.090195
v -0.374818 -0.002523 -0.090195
v -0.359366 -0.002064 -0.105446
v -0.358854 -0.019275 -0.105446
v -0.348137 -0.018956 -0.105360
v -0.299016 -0.017495 -0.105478
v -0.374306 -0.019734 -0.090195
v -0.374304 -0.019734 -0.049257
v -0.374815 -0.002523 -0.049257
v -0.374818 -0.002523 -0.090195
v -0.374306 -0.019734 -0.090195
v -0.348137 -0.018956 -0.105360
v -0.348648 -0.001745 -0.105360
v -0.299528 -0.000285 -0.105477
v -0.299016 -0.017495 -0.105478
v -0.358854 -0.019275 -0.105446
v -0.359366 -0.002064 -0.105446
v -0.348648 -0.001745 -0.105360
v -0.348137 -0.018956 -0.105360
v -0.299694 -0.000290 -0.093600
v -0.299183 -0.017500 -0.093600
v -0.299016 -0.017495 -0.105478
v -0.299528 -0.000285 -0.105477
v -0.298331 -0.000249 -0.060880
v -0.297819 -0.017460 -0.060880
v -0.267861 -0.016569 -0.060981
v -0.268373 0.000642 -0.060981
v -0.310829 -0.000621 -0.049260
v -0.310318 -0.017831 -0.049260
v -0.297819 -0.017460 -0.060880
v -0.298331 -0.000249 -0.060880
v -0.299183 -0.017500 -0.093600
v -0.299694 -0.000290 -0.093600
v -0.279810 0.000302 -0.071959
v -0.279299 -0.016909 -0.071959
v -0.268373 0.000642 -0.060981
v -0.267861 -0.016569 -0.060981
v -0.267824 -0.016568 -0.071895
v -0.268336 0.000643 -0.071895
v -0.279299 -0.016909 -0.071959
v -0.279810 0.000302 -0.071959
v -0.268336 0.000643 -0.071895
v -0.267824 -0.016568 -0.071895
v -0.267824 -0.016568 -0.071895
v -0.267861 -0.016569 -0.060981
v -0.267882 0.000656 -0.074422
v -0.278791 0.000332 -0.074459
v -0.278280 -0.016879 -0.074459
v -0.267371 -0.016554 -0.074422
v -0.207592 0.002449 -0.108326
v -0.207080 -0.014762 -0.108326
v -0.297311 -0.017445 -0.109050
v -0.297823 -0.000234 -0.109050
v -0.217698 -0.015077 -0.104691
v -0.297224 -0.017442 -0.106487
v -0.297311 -0.017445 -0.109050
v -0.207080 -0.014762 -0.108326
v -0.209717 -0.014840 -0.104814
v -0.229222 -0.015420 -0.086485
v -0.297224 -0.017442 -0.106487
v -0.297735 -0.000231 -0.106487
v -0.297823 -0.000234 -0.109050
v -0.297311 -0.017445 -0.109050
v -0.278280 -0.016879 -0.074459
v -0.278791 0.000332 -0.074459
v -0.297262 -0.000217 -0.092569
v -0.296750 -0.017428 -0.092569
v -0.267882 0.000656 -0.074422
v -0.267371 -0.016554 -0.074422
v -0.260970 -0.016364 -0.088659
v -0.261482 0.000847 -0.088659
v -0.267371 -0.016554 -0.074422
v -0.278280 -0.016879 -0.074459
v -0.296750 -0.017428 -0.092569
v -0.260970 -0.016364 -0.088659
v -0.297040 -0.017437 -0.101086
v -0.297552 -0.000226 -0.101086
v -0.297648 -0.000229 -0.103925
v -0.297137 -0.017439 -0.103925
v -0.243945 0.001368 -0.094326
v -0.243433 -0.015843 -0.094326
v -0.228316 -0.015393 -0.101056
v -0.228827 0.001818 -0.101056
v -0.243433 -0.015843 -0.094326
v -0.297040 -0.017437 -0.101086
v -0.297137 -0.017439 -0.103925
v -0.228316 -0.015393 -0.101056
v -0.296944 -0.017434 -0.098247
v -0.256108 -0.016220 -0.092618
v -0.261482 0.000847 -0.088659
v -0.260970 -0.016364 -0.088659
v -0.256108 -0.016220 -0.092618
v -0.256620 0.000991 -0.092618
v -0.296750 -0.017428 -0.092569
v -0.297262 -0.000217 -0.092569
v -0.297455 -0.000223 -0.098247
v -0.296944 -0.017434 -0.098247
v -0.256620 0.000991 -0.092618
v -0.256108 -0.016220 -0.092618
v -0.243433 -0.015843 -0.094326
v -0.243945 0.001368 -0.094326
v -0.229734 0.001791 -0.086485
v -0.229222 -0.015420 -0.086485
v -0.209717 -0.014840 -0.104814
v -0.210229 0.002371 -0.104814
v -0.207080 -0.014762 -0.108326
v -0.207592 0.002449 -0.108326
v -0.210229 0.002371 -0.104814
v -0.209717 -0.014840 -0.104814
v -0.228827 0.001818 -0.101056
v -0.228316 -0.015393 -0.101056
v -0.234616 -0.015581 -0.091911
v -0.235128 0.001630 -0.091911
v -0.243433 -0.015843 -0.094326
v -0.243945 0.001368 -0.094326
v -0.235128 0.001630 -0.091911
v -0.234616 -0.015581 -0.091911
v -0.234616 -0.015581 -0.091911
v -0.228316 -0.015393 -0.101056
v -0.243433 -0.015843 -0.094326
v -0.235128 0.001630 -0.091911
v -0.234616 -0.015581 -0.091911
v -0.229222 -0.015420 -0.086485
v -0.229734 0.001791 -0.086485
v -0.234616 -0.015581 -0.091911
v -0.249620 -0.016027 -0.090426
v -0.240478 -0.015755 -0.090377
v -0.240990 0.001456 -0.090377
v -0.250132 0.001184 -0.090426
v -0.249741 -0.016030 -0.052798
v -0.250253 0.001181 -0.052798
v -0.241112 0.001452 -0.052748
v -0.240600 -0.015758 -0.052748
v -0.232817 -0.015527 -0.057452
v -0.258389 -0.016287 -0.057501
v -0.249741 -0.016030 -0.052798
v -0.240600 -0.015758 -0.052748
v -0.258389 -0.016287 -0.057501
v -0.258901 0.000923 -0.057501
v -0.250253 0.001181 -0.052798
v -0.249741 -0.016030 -0.052798
v -0.233329 0.001684 -0.057452
v -0.232817 -0.015527 -0.057452
v -0.240600 -0.015758 -0.052748
v -0.241112 0.001452 -0.052748
v -0.228954 0.001814 -0.080969
v -0.228442 -0.015397 -0.080970
v -0.225149 -0.015299 -0.071562
v -0.225661 0.001912 -0.071562
v -0.261717 -0.016386 -0.081019
v -0.262229 0.000824 -0.081019
v -0.265583 0.000725 -0.071612
v -0.265071 -0.016486 -0.071612
v -0.228442 -0.015397 -0.080970
v -0.261717 -0.016386 -0.081019
v -0.265071 -0.016486 -0.071612
v -0.225149 -0.015299 -0.071562
v -0.225661 0.001912 -0.071562
v -0.225149 -0.015299 -0.071562
v -0.229666 -0.015433 -0.062155
v -0.230178 0.001777 -0.062155
v -0.265071 -0.016486 -0.071612
v -0.265583 0.000725 -0.071612
v -0.262917 0.000804 -0.062205
v -0.262405 -0.016407 -0.062205
v -0.262405 -0.016407 -0.062205
v -0.229666 -0.015433 -0.062155
v -0.231699 -0.015494 -0.085673
v -0.258429 -0.016289 -0.085723
v -0.258429 -0.016289 -0.085723
v -0.258941 0.000922 -0.085723
v -0.262229 0.000824 -0.081019
v -0.261717 -0.016386 -0.081019
v -0.232211 0.001717 -0.085673
v -0.231699 -0.015494 -0.085673
v -0.228442 -0.015397 -0.080970
v -0.228954 0.001814 -0.080969
v -0.240990 0.001456 -0.090377
v -0.240478 -0.015755 -0.090377
v -0.231699 -0.015494 -0.085673
v -0.232211 0.001717 -0.085673
v -0.249620 -0.016027 -0.090426
v -0.250132 0.001184 -0.090426
v -0.258941 0.000922 -0.085723
v -0.258429 -0.016289 -0.085723
v -0.240478 -0.015755 -0.090377
v -0.249620 -0.016027 -0.090426
v -0.230178 0.001777 -0.062155
v -0.229666 -0.015433 -0.062155
v -0.232817 -0.015527 -0.057452
v -0.233329 0.001684 -0.057452
v -0.262405 -0.016407 -0.062205
v -0.262917 0.000804 -0.062205
v -0.258901 0.000923 -0.057501
v -0.258389 -0.016287 -0.057501
v -0.119741 -0.012165 -0.069311
v -0.063838 -0.010503 -0.013586
v -0.064350 0.006708 -0.013586
v -0.120253 0.005046 -0.069311
v -0.064350 0.006708 -0.013586
v -0.063838 -0.010503 -0.013586
v -0.041000 -0.009824 -0.037090
v -0.041511 0.007387 -0.037090
v -0.131286 -0.012508 -0.080408
v -0.163380 -0.013462 -0.111253
v -0.138981 -0.012737 -0.135817
v -0.107436 -0.011799 -0.104372
v -0.163453 -0.013465 -0.114201
v -0.169942 -0.013658 -0.114118
v -0.063838 -0.010503 -0.013586
v -0.119741 -0.012165 -0.069311
v -0.096088 -0.011462 -0.093060
v -0.041000 -0.009824 -0.037090
v -0.107436 -0.011799 -0.104372
v -0.107948 0.005412 -0.104372
v -0.096600 0.005749 -0.093060
v -0.096088 -0.011462 -0.093060
v -0.131286 -0.012508 -0.080408
v -0.119741 -0.012165 -0.069311
v -0.120253 0.005046 -0.069311
v -0.131798 0.004703 -0.080408
v -0.076281 -0.010873 -0.092904
v -0.076793 0.006338 -0.092904
v -0.051550 0.007089 -0.118544
v -0.051039 -0.010122 -0.118544
v -0.076281 -0.010873 -0.092904
v -0.041244 -0.009831 -0.109328
v -0.041511 0.007387 -0.037090
v -0.041000 -0.009824 -0.037090
v -0.041244 -0.009831 -0.109328
v -0.041756 0.007380 -0.109328
v -0.096088 -0.011462 -0.093060
v -0.096600 0.005749 -0.093060
v -0.076793 0.006338 -0.092904
v -0.076281 -0.010873 -0.092904
v -0.163453 -0.013465 -0.114201
v -0.163965 0.003746 -0.114201
v -0.170454 0.003553 -0.114118
v -0.169942 -0.013658 -0.114118
v -0.051039 -0.010122 -0.118544
v -0.041756 0.007380 -0.109328
v -0.041244 -0.009831 -0.109328
v -0.051039 -0.010122 -0.118544
v -0.051550 0.007089 -0.118544
v -0.184586 -0.014093 -0.162436
v -0.185098 0.003118 -0.162436
v -0.095172 0.005792 -0.162550
v -0.094660 -0.011419 -0.162550
v -0.163380 -0.013462 -0.111253
v -0.163892 0.003748 -0.111253
v -0.163965 0.003746 -0.114201
v -0.163453 -0.013465 -0.114201
v -0.184586 -0.014093 -0.162436
v -0.189430 -0.014237 -0.134662
v -0.189393 -0.014236 -0.141155
v -0.189189 -0.014230 -0.157511
v -0.169942 -0.013658 -0.114118
v -0.170454 0.003553 -0.114118
v -0.189942 0.002974 -0.134662
v -0.189430 -0.014237 -0.134662
v -0.189701 0.002981 -0.157511
v -0.189189 -0.014230 -0.157511
v -0.189393 -0.014236 -0.141155
v -0.189905 0.002975 -0.141155
v -0.185098 0.003118 -0.162436
v -0.184586 -0.014093 -0.162436
v -0.189189 -0.014230 -0.157511
v -0.189701 0.002981 -0.157511
v -0.189430 -0.014237 -0.134662
v -0.189942 0.002974 -0.134662
v -0.189905 0.002975 -0.141155
v -0.189393 -0.014236 -0.141155
v -0.073311 0.006442 -0.139871
v -0.072799 -0.010769 -0.139871
v -0.094660 -0.011419 -0.162550
v -0.095172 0.005792 -0.162550
v -0.139492 0.004474 -0.135817
v -0.138981 -0.012737 -0.135817
v -0.072799 -0.010769 -0.139871
v -0.073311 0.006442 -0.139871
v -0.095371 0.012488 -0.162550
v -0.073510 0.013138 -0.139871
v -0.094660 -0.011419 -0.162550
v -0.072799 -0.010769 -0.139871
v -0.163380 -0.013462 -0.111253
v -0.163892 0.003748 -0.111253
v -0.101453 -0.011621 -0.105967
v -0.091629 -0.011329 -0.096297
v -0.092140 0.005882 -0.096297
v -0.101964 0.005590 -0.105967
v -0.107948 0.005412 -0.104372
v -0.107436 -0.011799 -0.104372
v -0.072799 -0.010769 -0.139871
v -0.073311 0.006442 -0.139871
v -0.091629 -0.011329 -0.096297
v -0.053629 -0.010199 -0.125859
v -0.079761 -0.010976 -0.096708
v -0.101453 -0.011621 -0.105967
v -0.101964 0.005590 -0.105967
v -0.068185 0.006594 -0.140314
v -0.067673 -0.010617 -0.140314
v -0.101453 -0.011621 -0.105967
v -0.067673 -0.010617 -0.140314
v -0.079270 -0.010961 -0.162064
v -0.079782 0.006249 -0.162064
v -0.038165 0.007487 -0.120305
v -0.037653 -0.009724 -0.120305
v -0.092140 0.005882 -0.096297
v -0.091629 -0.011329 -0.096297
v -0.079761 -0.010976 -0.096708
v -0.080273 0.006235 -0.096708
v -0.053629 -0.010199 -0.125859
v -0.054141 0.007012 -0.125859
v -0.080273 0.006235 -0.096708
v -0.079761 -0.010976 -0.096708
v -0.079270 -0.010961 -0.162064
v -0.037653 -0.009724 -0.120305
v -0.079782 0.006249 -0.162064
v -0.079270 -0.010961 -0.162064
v -0.083164 -0.011077 -0.162443
v -0.083675 0.006134 -0.162443
v -0.088022 -0.011222 -0.162778
v -0.088533 0.005989 -0.162778
v -0.083675 0.006134 -0.162443
v -0.083164 -0.011077 -0.162443
v -0.088022 -0.011222 -0.162778
v -0.083164 -0.011077 -0.162443
v -0.067673 -0.010617 -0.140314
v -0.068185 0.006594 -0.140314
v -0.088533 0.005989 -0.162778
v -0.088022 -0.011222 -0.162778
v -0.048082 0.007192 -0.120716
v -0.047571 -0.010019 -0.120716
v -0.037359 -0.009715 -0.110862
v -0.037871 0.007495 -0.110862
v -0.047571 -0.010019 -0.120716
v -0.037359 -0.009715 -0.110862
v -0.054141 0.007012 -0.125859
v -0.053629 -0.010199 -0.125859
v -0.047571 -0.010019 -0.120716
v -0.048082 0.007192 -0.120716
v -0.037653 -0.009724 -0.120305
v -0.038165 0.007487 -0.120305
v -0.037871 0.007495 -0.110862
v -0.037359 -0.009715 -0.110862
v -0.066671 0.006639 -0.005923
v -0.066159 -0.010572 -0.005923
v -0.066328 -0.010577 -0.003317
v -0.066839 0.006634 -0.003317
v -0.066328 -0.010577 -0.003317
v -0.063769 -0.010501 -0.003519
v -0.064281 0.006710 -0.003519
v -0.066839 0.006634 -0.003317
v -0.066328 -0.010577 -0.003317
v -0.088587 0.005987 0.014185
v -0.070074 0.006538 0.013996
v -0.069562 -0.010673 0.013996
v -0.088075 -0.011223 0.014185
v -0.088562 0.005988 0.016632
v -0.088051 -0.011223 0.016632
v -0.069537 -0.010672 0.016444
v -0.070049 0.006539 0.016444
v -0.088587 0.005987 0.014185
v -0.088075 -0.011223 0.014185
v -0.088051 -0.011223 0.016632
v -0.088562 0.005988 0.016632
v -0.088075 -0.011223 0.014185
v -0.069562 -0.010673 0.013996
v -0.069537 -0.010672 0.016444
v -0.088051 -0.011223 0.016632
v -0.069562 -0.010673 0.013996
v -0.070074 0.006538 0.013996
v -0.070049 0.006539 0.016444
v -0.069537 -0.010672 0.016444
v -0.089323 -0.011260 0.023860
v -0.137613 -0.012696 0.072857
v -0.138125 0.004515 0.072857
v -0.089835 0.005950 0.023860
v -0.107706 -0.011807 0.103116
v -0.070009 -0.010686 0.052581
v -0.063687 -0.010498 0.060080
v -0.087739 -0.011213 0.085142
v -0.089323 -0.011260 0.023860
v -0.089835 0.005950 0.023860
v -0.079898 0.006246 0.023862
v -0.079386 -0.010965 0.023862
v -0.137613 -0.012696 0.072857
v -0.089323 -0.011260 0.023860
v -0.138125 0.004515 0.072857
v -0.137613 -0.012696 0.072857
v -0.107706 -0.011807 0.103116
v -0.108218 0.005404 0.103116
v -0.063687 -0.010498 0.060080
v -0.064199 0.006713 0.060080
v -0.088251 0.005997 0.085142
v -0.087739 -0.011213 0.085142
v -0.108218 0.005404 0.103116
v -0.107706 -0.011807 0.103116
v -0.087739 -0.011213 0.085142
v -0.088251 0.005997 0.085142
v -0.070009 -0.010686 0.052581
v -0.070520 0.006525 0.052581
v -0.064199 0.006713 0.060080
v -0.063687 -0.010498 0.060080
v -0.079386 -0.010965 0.023862
v -0.079898 0.006246 0.023862
v -0.070328 0.006530 0.023836
v -0.069816 -0.010680 0.023836
v -0.079386 -0.010965 0.023862
v -0.069816 -0.010680 0.023836
v -0.070520 0.006525 0.052581
v -0.070009 -0.010686 0.052581
v -0.069816 -0.010680 0.023836
v -0.070328 0.006530 0.023836
v -0.108444 -0.011829 0.108505
v -0.134449 -0.012602 0.167219
v -0.134432 -0.012602 0.170308
v -0.060972 -0.010417 0.062898
v -0.142014 0.004399 0.076262
v -0.141503 -0.012812 0.076262
v -0.108444 -0.011829 0.108505
v -0.108956 0.005382 0.108505
v -0.141503 -0.012812 0.076262
v -0.141739 -0.012819 0.160511
v -0.108956 0.005382 0.108505
v -0.108444 -0.011829 0.108505
v -0.060972 -0.010417 0.062898
v -0.061483 0.006793 0.062898
v -0.104664 0.005509 0.163465
v -0.104153 -0.011701 0.163465
v -0.104188 -0.011702 0.169951
v -0.104700 0.005508 0.169951
v -0.061483 0.006793 0.062898
v -0.060972 -0.010417 0.062898
v -0.046044 -0.009974 0.078283
v -0.046556 0.007237 0.078283
v -0.104153 -0.011701 0.163465
v -0.104188 -0.011702 0.169951
v -0.038264 -0.009742 0.099275
v -0.038775 0.007469 0.099275
v -0.038871 0.007466 0.080196
v -0.038359 -0.009745 0.080196
v -0.038264 -0.009742 0.099275
v -0.046044 -0.009974 0.078283
v -0.104153 -0.011701 0.163465
v -0.104664 0.005509 0.163465
v -0.038775 0.007469 0.099275
v -0.038264 -0.009742 0.099275
v -0.044808 0.007289 0.080079
v -0.044296 -0.009922 0.080079
v -0.038359 -0.009745 0.080196
v -0.038871 0.007466 0.080196
v -0.046556 0.007237 0.078283
v -0.046044 -0.009974 0.078283
v -0.044296 -0.009922 0.080079
v -0.044808 0.007289 0.080079
v -0.044296 -0.009922 0.080079
v -0.038359 -0.009745 0.080196
v -0.063312 0.006739 0.054031
v -0.046134 0.007250 0.071281
v -0.045622 -0.009961 0.071281
v -0.062800 -0.010472 0.054031
v -0.063074 -0.010480 -0.000560
v -0.033151 -0.009590 0.022243
v -0.033480 -0.009600 -0.026789
v -0.037824 -0.009729 -0.026875
v -0.045622 -0.009961 0.071281
v -0.046134 0.007250 0.071281
v -0.025842 0.007853 0.071456
v -0.025330 -0.009358 0.071456
v -0.062800 -0.010472 0.054031
v -0.045622 -0.009961 0.071281
v -0.063312 0.006739 0.054031
v -0.062800 -0.010472 0.054031
v -0.063074 -0.010480 -0.000560
v -0.063586 0.006731 -0.000560
v -0.025330 -0.009358 0.071456
v -0.025842 0.007853 0.071456
v -0.004953 0.008474 0.050892
v -0.004441 -0.008737 0.050892
v -0.025330 -0.009358 0.071456
v -0.004441 -0.008737 0.050892
v -0.033663 0.007621 0.022243
v -0.033151 -0.009590 0.022243
v -0.004441 -0.008737 0.050892
v -0.004953 0.008474 0.050892
v -0.038335 0.007482 -0.026875
v -0.037824 -0.009729 -0.026875
v -0.033480 -0.009600 -0.026789
v -0.033992 0.007611 -0.026789
v -0.063586 0.006731 -0.000560
v -0.063074 -0.010480 -0.000560
v -0.037824 -0.009729 -0.026875
v -0.038335 0.007482 -0.026875
v 0.004525 0.008756 0.028835
v -0.008768 0.008361 0.041434
v -0.008907 0.013027 0.041434
v 0.004386 0.013422 0.028835
v -0.033151 -0.009590 0.022243
v -0.033663 0.007621 0.022243
v -0.033992 0.007611 -0.026789
v -0.033480 -0.009600 -0.026789
v -0.030050 0.007728 0.020723
v -0.008768 0.008361 0.041434
v -0.008257 -0.008850 0.041434
v -0.029538 -0.009483 0.020723
v -0.008257 -0.008850 0.041434
v 0.005037 -0.008455 0.028835
v -0.029538 -0.009483 0.020723
v -0.008257 -0.008850 0.041434
v 0.005037 -0.008455 0.028835
v -0.030843 -0.009522 -0.029501
v -0.030050 0.007728 0.020723
v -0.029538 -0.009483 0.020723
v -0.030843 -0.009522 -0.029501
v -0.031354 0.007689 -0.029501
v -0.034831 0.007586 -0.078143
v -0.034319 -0.009625 -0.078143
v 0.005506 -0.008441 -0.037984
v 0.004994 0.008770 -0.037984
v 0.005037 -0.008455 0.028835
v 0.004525 0.008756 0.028835
v 0.004994 0.008770 -0.037984
v 0.005506 -0.008441 -0.037984
v 0.005506 -0.008441 -0.037984
v -0.034319 -0.009625 -0.078143
v -0.034671 0.007591 -0.029616
v -0.034159 -0.009620 -0.029616
v -0.034243 -0.009623 -0.071381
v -0.034755 0.007588 -0.071381
v -0.034319 -0.009625 -0.078143
v -0.034831 0.007586 -0.078143
v -0.034755 0.007588 -0.071381
v -0.034243 -0.009623 -0.071381
v -0.034243 -0.009623 -0.071381
v -0.034159 -0.009620 -0.029616
v -0.031354 0.007689 -0.029501
v -0.030843 -0.009522 -0.029501
v -0.034159 -0.009620 -0.029616
v -0.034671 0.007591 -0.029616
v -0.402505 -0.003347 -0.153591
v -0.401993 -0.020557 -0.153591
v -0.183926 -0.014073 -0.166528
v -0.101161 -0.011612 -0.166309
v -0.101673 0.005598 -0.166309
v -0.184438 0.003137 -0.166528
v -0.178805 -0.013921 -0.172626
v -0.179317 0.003290 -0.172626
v -0.096552 0.005751 -0.172407
v -0.096040 -0.011460 -0.172407
v -0.101161 -0.011612 -0.166309
v -0.101673 0.005598 -0.166309
v -0.096552 0.005751 -0.172407
v -0.096040 -0.011460 -0.172407
v -0.101673 0.005598 -0.166309
v -0.101161 -0.011612 -0.166309
v -0.096040 -0.011460 -0.172407
v -0.096552 0.005751 -0.172407
v -0.190854 -0.014279 -0.166546
v -0.338954 -0.018683 -0.166937
v -0.333833 -0.018531 -0.173035
v -0.185733 -0.014127 -0.172644
v -0.183926 -0.014073 -0.166528
v -0.178805 -0.013921 -0.172626
v -0.333833 -0.018531 -0.173035
v -0.334344 -0.001320 -0.173035
v -0.186245 0.003084 -0.172644
v -0.185733 -0.014127 -0.172644
v -0.338954 -0.018683 -0.166937
v -0.190854 -0.014279 -0.166546
v -0.191366 0.002931 -0.166546
v -0.339465 -0.001472 -0.166937
v -0.101161 -0.011612 -0.166309
v -0.096040 -0.011460 -0.172407
v -0.187804 -0.014189 -0.162053
v -0.190866 -0.014280 -0.161977
v -0.190866 -0.014280 -0.161977
v -0.187804 -0.014189 -0.162053
v -0.188316 0.003022 -0.162053
v -0.191377 0.002931 -0.161977
v -0.183926 -0.014073 -0.166528
v -0.184438 0.003137 -0.166528
v -0.188316 0.003022 -0.162053
v -0.187804 -0.014189 -0.162053
v -0.191366 0.002931 -0.166546
v -0.190854 -0.014279 -0.166546
v -0.190866 -0.014280 -0.161977
v -0.191377 0.002931 -0.161977
v -0.174429 -0.013791 -0.177222
v -0.091664 -0.011330 -0.177004
v -0.092176 0.005881 -0.177004
v -0.174941 0.003420 -0.177222
v -0.312684 -0.017902 -0.177631
v -0.181357 -0.013997 -0.177240
v -0.181869 0.003214 -0.177240
v -0.313195 -0.000691 -0.177631
v -0.181357 -0.013997 -0.177240
v -0.181869 0.003214 -0.177240
v -0.174417 -0.013791 -0.181606
v -0.174929 0.003420 -0.181606
v -0.092164 0.005881 -0.181387
v -0.091652 -0.011330 -0.181387
v -0.181345 -0.013997 -0.181624
v -0.181857 0.003214 -0.181624
v -0.312684 -0.017902 -0.177631
v -0.313195 -0.000691 -0.177631
v -0.309099 -0.000569 -0.182015
v -0.308588 -0.017780 -0.182015
v -0.091664 -0.011330 -0.177004
v -0.174429 -0.013791 -0.177222
v -0.174417 -0.013791 -0.181606
v -0.091652 -0.011330 -0.181387
v -0.181357 -0.013997 -0.177240
v -0.181345 -0.013997 -0.181624
v -0.312684 -0.017902 -0.177631
v -0.308588 -0.017780 -0.182015
v -0.173445 -0.013762 -0.188902
v -0.033474 -0.009600 -0.189035
v -0.033986 0.007611 -0.189035
v -0.173957 0.003449 -0.188902
v -0.308344 -0.017773 -0.189311
v -0.180373 -0.013968 -0.188920
v -0.180885 0.003243 -0.188920
v -0.308856 -0.000562 -0.189311
v -0.180373 -0.013968 -0.188920
v -0.173445 -0.013762 -0.188902
v -0.173957 0.003449 -0.188902
v -0.180885 0.003243 -0.188920
v -0.163378 -0.013462 -0.207752
v -0.163890 0.003748 -0.207752
v -0.061442 0.006795 -0.207393
v -0.060930 -0.010416 -0.207393
v -0.262756 -0.016417 -0.208161
v -0.263268 0.000794 -0.208161
v -0.168257 0.003619 -0.207770
v -0.167745 -0.013592 -0.207770
v -0.163890 0.003748 -0.207752
v -0.163378 -0.013462 -0.207752
v -0.033986 0.007611 -0.189035
v -0.033474 -0.009600 -0.189035
v -0.060930 -0.010416 -0.207393
v -0.061442 0.006795 -0.207393
v -0.033474 -0.009600 -0.189035
v -0.173445 -0.013762 -0.188902
v -0.163378 -0.013462 -0.207752
v -0.060930 -0.010416 -0.207393
v -0.180373 -0.013968 -0.188920
v -0.167745 -0.013592 -0.207770
v -0.065832 -0.010562 -0.209407
v -0.060930 -0.010416 -0.209390
v -0.061442 0.006795 -0.209390
v -0.066344 0.006649 -0.209407
v -0.262756 -0.016417 -0.210158
v -0.167745 -0.013592 -0.209768
v -0.168257 0.003619 -0.209768
v -0.263268 0.000794 -0.210158
v -0.163378 -0.013462 -0.209749
v -0.163890 0.003748 -0.209749
v -0.065832 -0.010562 -0.209407
v -0.163378 -0.013462 -0.209749
v -0.163315 -0.013460 -0.226895
v -0.065444 -0.010550 -0.226580
v -0.167745 -0.013592 -0.209768
v -0.167682 -0.013590 -0.226913
v -0.262756 -0.016417 -0.210158
v -0.262693 -0.016415 -0.227304
v -0.262756 -0.016417 -0.210158
v -0.263268 0.000794 -0.210158
v -0.296318 -0.000189 -0.201943
v -0.295806 -0.017400 -0.201943
v -0.163378 -0.013462 -0.209749
v -0.163890 0.003748 -0.209749
v -0.163890 0.003748 -0.207752
v -0.061442 0.006795 -0.207393
v -0.066344 0.006649 -0.209407
v -0.163890 0.003748 -0.209749
v -0.030089 -0.009499 -0.192089
v -0.030149 -0.007492 -0.192089
v -0.028726 -0.007449 -0.192057
v -0.028832 -0.009653 -0.192070
v -0.031231 -0.009533 -0.192139
v -0.031291 -0.007525 -0.192139
v -0.030149 -0.007492 -0.192089
v -0.030089 -0.009499 -0.192089
v -0.295806 -0.017400 -0.201943
v -0.288006 -0.017168 -0.227392
v -0.300010 -0.017525 -0.200395
v -0.294319 -0.017356 -0.224859
v -0.294363 -0.015872 -0.224859
v -0.300521 -0.000314 -0.200395
v -0.323431 -0.018221 -0.189344
v -0.323943 -0.001011 -0.189344
v -0.351379 -0.017568 -0.189319
v -0.351335 -0.019051 -0.189319
v -0.300010 -0.017525 -0.200395
v -0.300521 -0.000314 -0.200395
v -0.323943 -0.001011 -0.189344
v -0.323431 -0.018221 -0.189344
v 0.008531 -0.008351 0.007345
v 0.008681 -0.008346 -0.017550
v 0.008169 0.008864 -0.017550
v 0.008019 0.008860 0.007345
v 0.497532 0.006189 -0.017086
v 0.495924 0.006141 0.007808
v 0.506624 0.006459 0.007873
v 0.506774 0.006464 -0.007780
v 0.008531 -0.008351 0.007345
v 0.008019 0.008860 0.007345
v 0.495412 0.023352 0.007808
v 0.495924 0.006141 0.007808
v 0.008681 -0.008346 -0.017550
v 0.008531 -0.008351 0.007345
v 0.008169 0.008864 -0.017550
v 0.008681 -0.008346 -0.017550
v 0.497532 0.006189 -0.017086
v 0.497020 0.023400 -0.017086
v 0.506624 0.006459 0.007873
v 0.506112 0.023670 0.007873
v 0.506262 0.023675 -0.007780
v 0.506774 0.006464 -0.007780
v 0.497020 0.023400 -0.017086
v 0.497532 0.006189 -0.017086
v 0.506774 0.006464 -0.007780
v 0.506262 0.023675 -0.007780
v 0.495924 0.006141 0.007808
v 0.495412 0.023352 0.007808
v 0.506112 0.023670 0.007873
v 0.506624 0.006459 0.007873
v 0.053586 0.010215 -0.025912
v 0.500903 0.023515 -0.025491
v 0.501415 0.006304 -0.025491
v 0.054098 -0.006996 -0.025912
v 0.053583 0.010215 -0.022537
v 0.054094 -0.006996 -0.022537
v 0.501412 0.006304 -0.023358
v 0.500900 0.023515 -0.023358
v 0.054098 -0.006996 -0.025912
v 0.501415 0.006304 -0.025491
v 0.501412 0.006304 -0.023358
v 0.054094 -0.006996 -0.022537
v 0.501415 0.006304 -0.025491
v 0.500903 0.023515 -0.025491
v 0.500900 0.023515 -0.023358
v 0.501412 0.006304 -0.023358
v 0.008169 0.008864 -0.025955
v 0.008681 -0.008346 -0.025955
v 0.008678 -0.008346 -0.022454
v 0.008166 0.008864 -0.022454
v 0.053583 0.010215 -0.022537
v 0.053586 0.010215 -0.025912
v 0.054098 -0.006996 -0.025912
v 0.054094 -0.006996 -0.022537
v 0.008681 -0.008346 -0.025955
v 0.051771 -0.007065 -0.025914
v 0.051767 -0.007065 -0.022533
v 0.008678 -0.008346 -0.022454
v 0.008166 0.008864 -0.022454
v 0.008678 -0.008346 -0.022454
v 0.051767 -0.007065 -0.022533
v 0.051256 0.010146 -0.022533
v 0.008169 0.008864 -0.025955
v 0.051259 0.010146 -0.025914
v 0.051771 -0.007065 -0.025914
v 0.008681 -0.008346 -0.025955
v 0.008174 0.008865 0.016743
v 0.008686 -0.008346 0.016743
v 0.051072 -0.007086 0.016664
v 0.050560 0.010125 0.016664
v 0.051256 0.010146 -0.022533
v 0.051767 -0.007065 -0.022533
v 0.051771 -0.007065 -0.025914
v 0.051259 0.010146 -0.025914
v 0.008166 0.008864 0.012405
v 0.050552 0.010125 0.012326
v 0.051064 -0.007086 0.012326
v 0.008678 -0.008346 0.012405
v 0.051064 -0.007086 0.012326
v 0.050552 0.010125 0.012326
v 0.050560 0.010125 0.016664
v 0.051072 -0.007086 0.016664
v 0.008678 -0.008346 0.012405
v 0.051064 -0.007086 0.012326
v 0.051072 -0.007086 0.016664
v 0.008686 -0.008346 0.016743
v 0.008166 0.008864 0.012405
v 0.008678 -0.008346 0.012405
v 0.008686 -0.008346 0.016743
v 0.008174 0.008865 0.016743
v 0.054815 -0.006975 0.012326
v 0.054823 -0.006974 0.016664
v 0.054312 0.010236 0.016664
v 0.054304 0.010236 0.012326
v 0.503455 0.006365 0.011503
v 0.502943 0.023576 0.011503
v 0.502951 0.023576 0.015841
v 0.503463 0.006365 0.015841
v 0.054823 -0.006974 0.016664
v 0.054815 -0.006975 0.012326
v 0.503455 0.006365 0.011503
v 0.503463 0.006365 0.015841
v 0.054312 0.010236 0.016664
v 0.054823 -0.006974 0.016664
v 0.503463 0.006365 0.015841
v 0.502951 0.023576 0.015841
v 0.502744 0.030547 0.015841
v 0.054104 0.017208 0.016664
v 0.054815 -0.006975 0.012326
v 0.054304 0.010236 0.012326
v 0.502943 0.023576 0.011503
v 0.503455 0.006365 0.011503
v 0.510238 0.006567 0.006602
v 0.510388 0.006571 -0.011396
v 0.509877 0.023782 -0.011396
v 0.509727 0.023778 0.006602
v 0.514517 0.006694 0.004974
v 0.514005 0.023905 0.004974
v 0.514155 0.023909 -0.011363
v 0.514667 0.006699 -0.011363
v 0.510388 0.006571 -0.011396
v 0.510238 0.006567 0.006602
v 0.514517 0.006694 0.004974
v 0.514667 0.006699 -0.011363
v 0.501614 0.006310 -0.022916
v 0.501639 0.006311 -0.018945
v 0.510238 0.006567 0.006602
v 0.509727 0.023778 0.006602
v 0.514005 0.023905 0.004974
v 0.514517 0.006694 0.004974
v 0.501127 0.023522 -0.018945
v 0.501639 0.006311 -0.018945
v 0.501614 0.006310 -0.022916
v 0.501102 0.023521 -0.022916
v 0.514667 0.006699 -0.011363
v 0.514155 0.023909 -0.011363
v 0.501102 0.023521 -0.022916
v 0.501614 0.006310 -0.022916
v 0.509877 0.023782 -0.011396
v 0.510388 0.006571 -0.011396
v 0.501639 0.006311 -0.018945
v 0.501127 0.023522 -0.018945
v 0.046254 0.009997 -0.030211
v 0.046766 -0.007214 -0.030211
v 0.051349 -0.007078 -0.030170
v 0.050837 0.010133 -0.030170
v 0.050837 0.010133 -0.030170
v 0.051349 -0.007078 -0.030170
v 0.051688 -0.007068 -0.089765
v 0.051176 0.010143 -0.089765
v 0.051349 -0.007078 -0.030170
v 0.046766 -0.007214 -0.030211
v 0.047217 -0.007201 -0.086006
v 0.051688 -0.007068 -0.089765
v 0.046766 -0.007214 -0.030211
v 0.046254 0.009997 -0.030211
v 0.046706 0.010010 -0.086006
v 0.047217 -0.007201 -0.086006
v 0.047217 -0.007201 -0.086006
v 0.046706 0.010010 -0.086006
v 0.033026 0.009604 -0.098956
v 0.033538 -0.007607 -0.098956
v 0.051176 0.010143 -0.089765
v 0.051688 -0.007068 -0.089765
v 0.036054 -0.007532 -0.104279
v 0.035542 0.009678 -0.104279
v 0.033538 -0.007607 -0.098956
v 0.036054 -0.007532 -0.104279
v -0.012833 -0.008986 -0.101563
v -0.013345 0.008225 -0.101563
v -0.034970 0.007582 -0.101563
v -0.034458 -0.009629 -0.101563
v 0.033538 -0.007607 -0.098956
v 0.033026 0.009604 -0.098956
v 0.032928 0.009601 -0.101563
v 0.033439 -0.007610 -0.101563
v 0.035542 0.009678 -0.104279
v 0.036054 -0.007532 -0.104279
v 0.035800 -0.007540 -0.105807
v 0.035288 0.009671 -0.105807
v 0.033439 -0.007610 -0.101563
v 0.035800 -0.007540 -0.105807
v -0.010984 0.008295 -0.105807
v -0.010472 -0.008916 -0.105807
v -0.032097 -0.009559 -0.105807
v -0.032609 0.007652 -0.105807
v -0.010472 -0.008916 -0.105807
v -0.012833 -0.008986 -0.101563
v -0.034458 -0.009629 -0.101563
v -0.032097 -0.009559 -0.105807
v -0.034970 0.007582 -0.116172
v -0.032177 0.007665 -0.118491
v -0.031666 -0.009546 -0.118491
v -0.034458 -0.009629 -0.116172
v -0.034458 -0.009629 -0.101563
v -0.034970 0.007582 -0.101563
v -0.034970 0.007582 -0.116172
v -0.034458 -0.009629 -0.116172
v -0.034458 -0.009629 -0.116172
v -0.031666 -0.009546 -0.118491
v 0.035288 0.009671 -0.105807
v 0.035800 -0.007540 -0.105807
v 0.033439 -0.007610 -0.101563
v 0.032928 0.009601 -0.101563
v -0.010984 0.008295 -0.105807
v -0.010472 -0.008916 -0.105807
v -0.033954 -0.009614 -0.130193
v -0.034466 0.007597 -0.130193
v -0.033954 -0.009614 -0.130193
v -0.039877 -0.009790 -0.127951
v -0.040389 0.007421 -0.127951
v -0.040472 0.007418 -0.130151
v -0.039961 -0.009793 -0.130151
v -0.034466 0.007597 -0.130193
v -0.033954 -0.009614 -0.130193
v -0.039961 -0.009793 -0.130151
v -0.040472 0.007418 -0.130151
v -0.031666 -0.009546 -0.118491
v -0.032177 0.007665 -0.118491
v -0.040389 0.007421 -0.127951
v -0.039877 -0.009790 -0.127951
v -0.039877 -0.009790 -0.127951
v -0.039961 -0.009793 -0.130151
v 0.042686 -0.007335 -0.030211
v 0.043138 -0.007322 -0.086006
v 0.042626 0.009889 -0.086006
v 0.042174 0.009876 -0.030211
v 0.031473 -0.007669 -0.097822
v 0.008653 -0.008347 -0.030486
v 0.008572 -0.008350 -0.039645
v -0.034153 -0.009620 -0.097833
v 0.043138 -0.007322 -0.086006
v 0.042686 -0.007335 -0.030211
v 0.042686 -0.007335 -0.030211
v 0.042174 0.009876 -0.030211
v 0.008141 0.008864 -0.030486
v 0.008653 -0.008347 -0.030486
v 0.042626 0.009889 -0.086006
v 0.043138 -0.007322 -0.086006
v 0.031473 -0.007669 -0.097822
v 0.030961 0.009542 -0.097822
v 0.008653 -0.008347 -0.030486
v 0.008141 0.008864 -0.030486
v 0.008060 0.008861 -0.039645
v 0.008572 -0.008350 -0.039645
v 0.030961 0.009542 -0.097822
v 0.031473 -0.007669 -0.097822
v -0.034153 -0.009620 -0.097833
v -0.034664 0.007591 -0.097833
v -0.034460 -0.009629 -0.082831
v -0.034972 0.007582 -0.082831
v -0.034712 0.007589 -0.095034
v -0.034200 -0.009621 -0.095034
v -0.034664 0.007591 -0.097833
v -0.034153 -0.009620 -0.097833
v -0.034200 -0.009621 -0.095034
v -0.034712 0.007589 -0.095034
v -0.034200 -0.009621 -0.095034
v -0.034460 -0.009629 -0.082831
v 0.008572 -0.008350 -0.039645
v 0.008060 0.008861 -0.039645
v -0.034972 0.007582 -0.082831
v -0.034460 -0.009629 -0.082831
v 0.008174 0.008865 0.020144
v 0.040400 0.009823 0.020288
v 0.040911 -0.007388 0.020288
v 0.008686 -0.008346 0.020144
v 0.035697 0.009683 0.083462
v 0.036209 -0.007528 0.083462
v 0.041022 -0.007385 0.078563
v 0.040510 0.009826 0.078563
v 0.008686 -0.008346 0.020144
v 0.040911 -0.007388 0.020288
v 0.041022 -0.007385 0.078563
v 0.036209 -0.007528 0.083462
v 0.040911 -0.007388 0.020288
v 0.040400 0.009823 0.020288
v 0.040510 0.009826 0.078563
v 0.041022 -0.007385 0.078563
v 0.008030 0.008860 0.035190
v 0.008542 -0.008351 0.035190
v -0.002622 -0.008682 0.045378
v -0.003134 0.008528 0.045378
v 0.008614 -0.008348 0.027667
v 0.016794 -0.008105 0.064420
v 0.008542 -0.008351 0.035190
v -0.002622 -0.008682 0.045378
v 0.008102 0.008862 0.027667
v 0.008614 -0.008348 0.027667
v 0.008542 -0.008351 0.035190
v 0.008030 0.008860 0.035190
v -0.000473 -0.008619 0.049065
v -0.000984 0.008592 0.049065
v -0.002607 0.008544 0.049091
v -0.002095 -0.008667 0.049091
v -0.003134 0.008528 0.045378
v -0.002622 -0.008682 0.045378
v -0.002095 -0.008667 0.049091
v -0.002607 0.008544 0.049091
v 0.036209 -0.007528 0.083462
v 0.035697 0.009683 0.083462
v -0.036461 0.007537 0.084145
v -0.035949 -0.009673 0.084145
v 0.031355 -0.007672 0.078702
v -0.035949 -0.009673 0.084145
v -0.026964 -0.009406 0.080290
v -0.000473 -0.008619 0.049065
v -0.002095 -0.008667 0.049091
v -0.000395 -0.008616 0.053370
v -0.000907 0.008595 0.053370
v -0.000984 0.008592 0.049065
v -0.000473 -0.008619 0.049065
v 0.008138 0.008863 0.023906
v 0.008650 -0.008347 0.023906
v 0.008650 -0.008347 0.023906
v 0.026501 -0.007817 0.073941
v 0.008668 -0.008347 0.022025
v 0.008156 0.008864 0.022025
v 0.008668 -0.008347 0.022025
v 0.008650 -0.008347 0.023906
v 0.008138 0.008863 0.023906
v -0.026964 -0.009406 0.080290
v -0.027476 0.007805 0.080290
v -0.000907 0.008595 0.053370
v -0.000395 -0.008616 0.053370
v -0.000395 -0.008616 0.053370
v -0.035951 -0.009673 0.079934
v -0.029483 -0.009481 0.080095
v 0.008174 0.008865 0.020144
v 0.008686 -0.008346 0.020144
v -0.035028 0.018228 -0.095034
v -0.034981 0.018229 -0.097833
v -0.035951 -0.009673 0.079934
v -0.036463 0.007537 0.079934
v -0.029995 0.007730 0.080095
v -0.029483 -0.009481 0.080095
v -0.035949 -0.009673 0.084145
v -0.036461 0.007537 0.084145
v -0.036463 0.007537 0.079934
v -0.035951 -0.009673 0.079934
v -0.027476 0.007805 0.080290
v -0.026964 -0.009406 0.080290
v -0.029483 -0.009481 0.080095
v -0.029995 0.007730 0.080095
v 0.045843 -0.007241 0.024735
v 0.045946 -0.007238 0.078563
v 0.045434 0.009972 0.078563
v 0.045332 0.009969 0.024735
v 0.050399 -0.007106 0.078554
v 0.050297 -0.007109 0.024726
v 0.052522 -0.007043 0.024722
v 0.052624 -0.007040 0.078550
v 0.045843 -0.007241 0.024735
v 0.045835 -0.007242 0.020288
v 0.050289 -0.007109 0.020279
v 0.045835 -0.007242 0.020288
v 0.045323 0.009969 0.020288
v 0.049777 0.010102 0.020279
v 0.050289 -0.007109 0.020279
v 0.045946 -0.007238 0.078563
v 0.050289 -0.007109 0.020279
v 0.049777 0.010102 0.020279
v 0.049785 0.010102 0.024726
v 0.050297 -0.007109 0.024726
v 0.045835 -0.007242 0.020288
v 0.045323 0.009969 0.020288
v 0.052522 -0.007043 0.024722
v 0.052011 0.010168 0.024722
v 0.052113 0.010171 0.078550
v 0.052624 -0.007040 0.078550
v 0.050297 -0.007109 0.024726
v 0.049785 0.010102 0.024726
v 0.052011 0.010168 0.024722
v 0.052522 -0.007043 0.024722
v 0.050412 -0.007106 0.085589
v 0.037401 -0.007492 0.085598
v 0.036222 -0.007527 0.087668
v 0.048582 -0.007160 0.087660
v 0.042329 -0.007346 0.094736
v 0.029317 -0.007733 0.094745
v 0.049901 0.010105 0.085589
v 0.050412 -0.007106 0.085589
v 0.052638 -0.007039 0.085585
v 0.052126 0.010171 0.085585
v 0.052126 0.010171 0.085585
v 0.052638 -0.007039 0.085585
v 0.052638 -0.007039 0.085585
v 0.045434 0.009972 0.078563
v 0.045946 -0.007238 0.078563
v 0.037401 -0.007492 0.085598
v 0.036889 0.009718 0.085598
v 0.028806 0.009478 0.094745
v 0.029317 -0.007733 0.094745
v 0.042329 -0.007346 0.094736
v 0.041817 0.009865 0.094736
v 0.048582 -0.007160 0.087660
v 0.048071 0.010051 0.087660
v 0.041817 0.009865 0.094736
v 0.042329 -0.007346 0.094736
v 0.050412 -0.007106 0.085589
v 0.049901 0.010105 0.085589
v 0.036889 0.009718 0.085598
v 0.037401 -0.007492 0.085598
v 0.036222 -0.007527 0.087668
v 0.035710 0.009683 0.087668
v -0.036036 0.007550 0.087668
v -0.035524 -0.009661 0.087668
v -0.035676 -0.009665 0.094745
v -0.036188 0.007545 0.094745
v 0.007182 -0.008391 0.087668
v 0.003010 -0.008515 0.094745
v -0.035676 -0.009665 0.094745
v -0.035524 -0.009661 0.087668
v 0.006670 0.008820 0.087668
v 0.007182 -0.008391 0.087668
v -0.035524 -0.009661 0.087668
v -0.036036 0.007550 0.087668
v 0.035710 0.009683 0.087668
v 0.036222 -0.007527 0.087668
v 0.029317 -0.007733 0.094745
v 0.028806 0.009478 0.094745
v 0.002499 0.008696 0.094745
v 0.003010 -0.008515 0.094745
v -0.000174 -0.008610 0.098338
v -0.000686 0.008601 0.098338
v -0.008860 0.008358 0.110215
v -0.008349 -0.008853 0.110215
v 0.003010 -0.008515 0.094745
v 0.002499 0.008696 0.094745
v -0.000686 0.008601 0.098338
v -0.000174 -0.008610 0.098338
v -0.036188 0.007545 0.094745
v -0.035676 -0.009665 0.094745
v -0.039612 -0.009782 0.106548
v -0.040123 0.007428 0.106548
v -0.000174 -0.008610 0.098338
v -0.039612 -0.009782 0.106548
v -0.037626 -0.009723 0.107253
v -0.008349 -0.008853 0.110215
v -0.017370 -0.009121 0.110246
v -0.037513 -0.009720 0.110158
v -0.040123 0.007428 0.106548
v -0.039612 -0.009782 0.106548
v -0.037626 -0.009723 0.107253
v -0.038137 0.007488 0.107253
v -0.017370 -0.009121 0.110246
v -0.017882 0.008090 0.110246
v -0.038025 0.007491 0.110158
v -0.037513 -0.009720 0.110158
v -0.038137 0.007488 0.107253
v -0.037626 -0.009723 0.107253
v -0.037513 -0.009720 0.110158
v -0.038025 0.007491 0.110158
v -0.008349 -0.008853 0.110215
v -0.008860 0.008358 0.110215
v -0.017882 0.008090 0.110246
v -0.017370 -0.009121 0.110246
v -0.017370 -0.009121 0.116528
v -0.045413 -0.009955 0.116440
v -0.045925 0.007256 0.116440
v -0.017882 0.008090 0.116528
v -0.008349 -0.008853 0.116497
v -0.017370 -0.009121 0.116528
v -0.017882 0.008090 0.116528
v -0.008860 0.008358 0.116497
v -0.017368 -0.009121 0.129905
v -0.017880 0.008090 0.129905
v -0.045923 0.007256 0.129817
v -0.045412 -0.009955 0.129817
v -0.008347 -0.008853 0.129874
v -0.008858 0.008358 0.129874
v -0.017880 0.008090 0.129905
v -0.017368 -0.009121 0.129905
v -0.008347 -0.008853 0.129874
v -0.008349 -0.008853 0.116497
v 0.008120 -0.008363 0.099619
v 0.463474 0.005176 0.129806
v -0.017370 -0.009121 0.116528
v -0.017368 -0.009121 0.129905
v -0.045413 -0.009955 0.116440
v -0.045412 -0.009955 0.129817
v -0.045925 0.007256 0.116440
v -0.045413 -0.009955 0.116440
v -0.051287 -0.010129 0.123129
v -0.051799 0.007081 0.123129
v -0.045412 -0.009955 0.129817
v -0.045923 0.007256 0.129817
v -0.051799 0.007081 0.123129
v -0.051287 -0.010129 0.123129
v -0.051287 -0.010129 0.123129
v -0.008349 -0.008853 0.116497
v -0.008860 0.008358 0.116497
v 0.007609 0.008848 0.099619
v 0.008120 -0.008363 0.099619
v -0.008858 0.008358 0.129874
v -0.008347 -0.008853 0.129874
v 0.463474 0.005176 0.129806
v 0.462962 0.022387 0.129806
v 0.008120 -0.008363 0.099619
v 0.007609 0.008848 0.099619
v 0.478923 0.022862 0.098779
v 0.479435 0.005651 0.098779
v 0.479435 0.005651 0.098779
v 0.489870 0.005961 0.102603
v 0.462962 0.022387 0.129806
v 0.463474 0.005176 0.129806
v 0.489870 0.005961 0.102603
v 0.489358 0.023172 0.102603
v 0.510140 0.023790 0.082586
v 0.510652 0.006579 0.082586
v 0.536804 0.007357 0.082280
v 0.536292 0.024568 0.082280
v 0.543738 0.007563 0.036883
v 0.543226 0.024774 0.036883
v 0.543350 0.024777 0.031177
v 0.543862 0.007567 0.031177
v 0.510652 0.006579 0.082586
v 0.500230 0.006269 0.078762
v 0.543738 0.007563 0.036883
v 0.554133 0.007872 0.040707
v 0.500230 0.006269 0.078762
v 0.499718 0.023480 0.078762
v 0.543226 0.024774 0.036883
v 0.543738 0.007563 0.036883
v 0.543862 0.007567 0.031177
v 0.543350 0.024777 0.031177
v 0.553522 0.025080 0.031353
v 0.554034 0.007869 0.031353
v 0.553621 0.025083 0.040707
v 0.554133 0.007872 0.040707
v 0.554034 0.007869 0.031353
v 0.553522 0.025080 0.031353
v 0.543862 0.007567 0.031177
v 0.554034 0.007869 0.031353
v 0.479435 0.005651 0.098779
v 0.478923 0.022862 0.098779
v 0.489358 0.023172 0.102603
v 0.489870 0.005961 0.102603
v 0.510652 0.006579 0.082586
v 0.510140 0.023790 0.082586
v 0.536292 0.024568 0.082280
v 0.536804 0.007357 0.082280
v 0.553949 0.007867 0.065127
v 0.553438 0.025077 0.065127
v 0.553949 0.007867 0.065127
v 0.536804 0.007357 0.082280
v 0.554133 0.007872 0.040707
v 0.553621 0.025083 0.040707
v 0.553438 0.025077 0.065127
v 0.553949 0.007867 0.065127
v -0.040713 0.007411 0.137741
v 0.462962 0.022387 0.137673
v 0.463474 0.005176 0.137673
v -0.040202 -0.009800 0.137741
v -0.040202 -0.009800 0.137741
v 0.463474 0.005176 0.137673
v 0.463476 0.005176 0.154012
v -0.040199 -0.009800 0.154080
v 0.468944 0.005339 0.129564
v 0.479277 0.005646 0.154010
v -0.040713 0.007411 0.137741
v -0.040202 -0.009800 0.137741
v -0.054555 -0.010227 0.127236
v -0.055066 0.006984 0.127236
v -0.050002 -0.010091 0.154082
v -0.054555 -0.010227 0.127236
v 0.468944 0.005339 0.129564
v 0.468432 0.022550 0.129564
v 0.509914 0.023783 0.088313
v 0.510425 0.006572 0.088313
v -0.065234 -0.010544 0.137715
v -0.055066 0.006984 0.127236
v -0.054555 -0.010227 0.127236
v -0.065234 -0.010544 0.137715
v -0.065745 0.006667 0.137715
v 0.463474 0.005176 0.137673
v 0.462962 0.022387 0.137673
v 0.468432 0.022550 0.129564
v 0.468944 0.005339 0.129564
v 0.510425 0.006572 0.088313
v 0.509914 0.023783 0.088313
v 0.540303 0.024687 0.088399
v 0.540814 0.007476 0.088399
v 0.510425 0.006572 0.088313
v 0.540814 0.007476 0.088399
v 0.054312 0.010236 0.095111
v 0.475238 0.022752 0.094288
v 0.475750 0.005541 0.094288
v 0.054823 -0.006974 0.095111
v 0.054305 0.010236 0.091608
v 0.054817 -0.006975 0.091608
v 0.475743 0.005541 0.090785
v 0.475231 0.022752 0.090785
v 0.054308 0.010236 0.093359
v 0.054820 -0.006975 0.093359
v 0.054817 -0.006975 0.091608
v 0.054305 0.010236 0.091608
v 0.475747 0.005541 0.092536
v 0.475750 0.005541 0.094288
v 0.537359 0.007373 0.035762
v 0.534542 0.007289 0.035711
v 0.054820 -0.006975 0.093359
v 0.475743 0.005541 0.090785
v 0.054817 -0.006975 0.091608
v 0.475231 0.022752 0.090785
v 0.475743 0.005541 0.090785
v 0.531725 0.007206 0.035660
v 0.531214 0.024417 0.035660
v 0.475750 0.005541 0.094288
v 0.475238 0.022752 0.094288
v 0.536847 0.024584 0.035762
v 0.537359 0.007373 0.035762
v 0.537359 0.007373 0.035762
v 0.536847 0.024584 0.035762
v 0.536798 0.024583 -0.043269
v 0.537309 0.007372 -0.043269
v 0.537309 0.007372 -0.043269
v 0.534492 0.007288 -0.041326
v 0.531214 0.024417 0.035660
v 0.531725 0.007206 0.035660
v 0.531676 0.007204 -0.039383
v 0.531164 0.024415 -0.039383
v 0.475861 0.005545 -0.098765
v 0.475349 0.022755 -0.098765
v 0.475445 0.022758 -0.094333
v 0.475957 0.005548 -0.094333
v 0.537309 0.007372 -0.043269
v 0.536798 0.024583 -0.043269
v 0.475252 0.022753 -0.102709
v 0.475764 0.005542 -0.102709
v 0.475764 0.005542 -0.102709
v 0.475861 0.005545 -0.098765
v 0.531164 0.024415 -0.039383
v 0.531676 0.007204 -0.039383
v 0.475957 0.005548 -0.094333
v 0.475445 0.022758 -0.094333
v 0.531676 0.007204 -0.039383
v 0.475957 0.005548 -0.094333
v 0.475349 0.022755 -0.098765
v 0.475861 0.005545 -0.098765
v 0.044575 -0.007279 -0.098995
v 0.044064 0.009932 -0.098995
v 0.531725 0.007206 0.035660
v 0.054823 -0.006974 0.095111
v 0.054312 0.010236 0.095111
v 0.054823 -0.006974 0.095111
v 0.054820 -0.006975 0.093359
v 0.054308 0.010236 0.093359
v 0.040610 -0.007397 -0.104228
v 0.040098 0.009814 -0.104228
v 0.044064 0.009932 -0.098995
v 0.044575 -0.007279 -0.098995
v 0.475764 0.005542 -0.102709
v 0.475252 0.022753 -0.102709
v 0.040098 0.009814 -0.104228
v 0.040610 -0.007397 -0.104228
v 0.040610 -0.007397 -0.104228
v 0.044575 -0.007279 -0.098995
v 0.054305 0.010236 0.088543
v 0.469604 0.022585 0.087720
v 0.470116 0.005374 0.087720
v 0.054817 -0.006975 0.088543
v 0.054170 0.010232 0.020264
v 0.054681 -0.006979 0.020264
v 0.469981 0.005370 0.019441
v 0.469469 0.022581 0.019441
v 0.054817 -0.006975 0.088543
v 0.470116 0.005374 0.087720
v 0.469981 0.005370 0.019441
v 0.054681 -0.006979 0.020264
v 0.054305 0.010236 0.088543
v 0.054817 -0.006975 0.088543
v 0.054681 -0.006979 0.020264
v 0.054170 0.010232 0.020264
v 0.503495 0.023592 0.019373
v 0.504007 0.006382 0.019373
v 0.515549 0.006725 0.009890
v 0.515037 0.023936 0.009890
v 0.504007 0.006382 0.019373
v 0.503495 0.023592 0.019373
v 0.470116 0.005374 0.087720
v 0.469604 0.022585 0.087720
v 0.527332 0.024301 0.033135
v 0.527844 0.007090 0.033135
v 0.527844 0.007090 0.033135
v 0.504007 0.006382 0.019373
v 0.515549 0.006725 0.009890
v 0.528649 0.007114 -0.036337
v 0.515580 0.006726 -0.013722
v 0.500319 0.006272 -0.030562
v 0.527844 0.007090 0.033135
v 0.527332 0.024301 0.033135
v 0.528138 0.024325 -0.036337
v 0.528649 0.007114 -0.036337
v 0.500319 0.006272 -0.030562
v 0.499807 0.023483 -0.030562
v 0.515068 0.023936 -0.013722
v 0.515580 0.006726 -0.013722
v 0.528649 0.007114 -0.036337
v 0.528138 0.024325 -0.036337
v 0.470297 0.022605 -0.093945
v 0.470809 0.005394 -0.093945
v 0.515037 0.023936 0.009890
v 0.515549 0.006725 0.009890
v 0.515580 0.006726 -0.013722
v 0.515068 0.023936 -0.013722
v 0.055121 -0.006966 -0.031589
v 0.470809 0.005394 -0.093945
v 0.055035 -0.006968 -0.088297
v 0.050119 -0.007114 -0.094418
v 0.499807 0.023483 -0.030562
v 0.500319 0.006272 -0.030562
v 0.055121 -0.006966 -0.031589
v 0.054609 0.010245 -0.031589
v 0.050119 -0.007114 -0.094418
v 0.049607 0.010097 -0.094418
v 0.054523 0.010243 -0.088297
v 0.055035 -0.006968 -0.088297
v 0.470809 0.005394 -0.093945
v 0.470297 0.022605 -0.093945
v 0.049607 0.010097 -0.094418
v 0.050119 -0.007114 -0.094418
v 0.054609 0.010245 -0.031589
v 0.055121 -0.006966 -0.031589
v 0.055035 -0.006968 -0.088297
v 0.054523 0.010243 -0.088297
v -0.039808 -0.009788 -0.152100
v -0.052154 -0.010155 -0.152137
v -0.052666 0.007056 -0.152137
v -0.040319 0.007423 -0.152100
v 0.451490 0.004820 -0.150360
v 0.457617 0.005002 -0.150617
v 0.470102 0.005373 -0.138068
v 0.463764 0.005185 -0.137893
v -0.052666 0.007056 -0.152137
v -0.052154 -0.010155 -0.152137
v -0.057242 -0.010306 -0.146478
v -0.057754 0.006904 -0.146478
v 0.457617 0.005002 -0.150617
v 0.457105 0.022213 -0.150617
v 0.469590 0.022584 -0.138068
v 0.470102 0.005373 -0.138068
v -0.032627 -0.009575 -0.132906
v -0.033139 0.007636 -0.132906
v -0.045787 0.007260 -0.132950
v -0.045275 -0.009951 -0.132950
v 0.470102 0.005373 -0.138068
v 0.469590 0.022584 -0.138068
v 0.476389 0.022786 -0.131131
v 0.476901 0.005576 -0.131131
v 0.476901 0.005576 -0.131131
v 0.470625 0.005389 -0.130877
v -0.057754 0.006904 -0.146478
v -0.057242 -0.010306 -0.146478
v -0.045275 -0.009951 -0.132950
v -0.045787 0.007260 -0.132950
v -0.057242 -0.010306 -0.146478
v -0.044470 -0.009927 -0.146274
v -0.032627 -0.009575 -0.132906
v -0.045275 -0.009951 -0.132950
v 0.501617 0.006311 -0.107069
v 0.493896 0.006081 -0.107203
v -0.052154 -0.010155 -0.152137
v -0.039808 -0.009788 -0.152100
v 0.008215 -0.008360 -0.151816
v -0.039808 -0.009788 -0.152100
v -0.040319 0.007423 -0.152100
v 0.007703 0.008851 -0.151816
v 0.038837 -0.007450 -0.109743
v 0.038325 0.009761 -0.109743
v -0.010843 0.008299 -0.109984
v -0.010331 -0.008912 -0.109984
v -0.033139 0.007636 -0.132906
v -0.032627 -0.009575 -0.132906
v -0.010331 -0.008912 -0.109984
v -0.010843 0.008299 -0.109984
v 0.476901 0.005576 -0.131131
v 0.476389 0.022786 -0.131131
v 0.501106 0.023521 -0.107069
v 0.501617 0.006311 -0.107069
v 0.470988 0.005400 -0.110254
v 0.470476 0.022611 -0.110254
v 0.469183 0.022572 -0.107718
v 0.469694 0.005361 -0.107718
v 0.432934 0.004268 -0.149580
v 0.429474 0.004165 -0.149435
v 0.428962 0.021376 -0.149435
v 0.432422 0.021479 -0.149580
v 0.020729 -0.007988 -0.132568
v 0.448073 0.004718 -0.129965
v 0.469694 0.005361 -0.107718
v 0.040838 -0.007390 -0.108199
v 0.009435 -0.008324 -0.145237
v 0.440988 0.004508 -0.137265
v 0.012235 -0.008241 -0.151793
v 0.429474 0.004165 -0.149435
v 0.436223 0.004366 -0.149718
v 0.435712 0.021577 -0.149718
v 0.474657 0.005509 -0.107538
v 0.474146 0.022720 -0.107538
v 0.470476 0.022611 -0.110254
v 0.470988 0.005400 -0.110254
v 0.451618 0.004824 -0.130108
v 0.470988 0.005400 -0.110254
v 0.444568 0.004614 -0.137364
v 0.432934 0.004268 -0.149580
v 0.474146 0.022720 -0.107538
v 0.474657 0.005509 -0.107538
v 0.500846 0.006288 -0.084107
v 0.500334 0.023498 -0.084107
v 0.443857 0.004593 -0.150039
v 0.443345 0.021804 -0.150039
v 0.454987 0.004924 -0.130244
v 0.474657 0.005509 -0.107538
v 0.447971 0.004715 -0.137458
v 0.436223 0.004366 -0.149718
v 0.008215 -0.008360 -0.151816
v 0.005277 -0.008448 -0.145314
v 0.016612 -0.008111 -0.132593
v 0.038837 -0.007450 -0.109743
v -0.010331 -0.008912 -0.109984
v 0.040838 -0.007390 -0.108199
v 0.040326 0.009821 -0.108199
v 0.038325 0.009761 -0.109743
v 0.038837 -0.007450 -0.109743
v 0.012235 -0.008241 -0.151793
v 0.008215 -0.008360 -0.151816
v 0.007703 0.008851 -0.151816
v 0.011723 0.008970 -0.151793
v 0.429474 0.004165 -0.149435
v 0.428962 0.021376 -0.149435
v 0.469694 0.005361 -0.107718
v 0.469183 0.022572 -0.107718
v 0.040326 0.009821 -0.108199
v 0.040838 -0.007390 -0.108199
v 0.500334 0.023498 -0.084107
v 0.500846 0.006288 -0.084107
v 0.542433 0.007524 -0.039232
v 0.541921 0.024735 -0.039232
v 0.512471 0.006633 -0.097149
v 0.509142 0.006534 -0.093414
v 0.501617 0.006311 -0.107069
v 0.501106 0.023521 -0.107069
v 0.511960 0.023844 -0.097149
v 0.512471 0.006633 -0.097149
v 0.520613 0.006875 -0.078246
v 0.511855 0.006615 -0.093903
v 0.536292 0.007342 -0.093903
v 0.541342 0.007492 -0.078246
v 0.478923 0.022862 0.098779
v 0.489358 0.023172 0.102603
v 0.488982 0.035807 0.102603
v 0.478547 0.035497 0.098779
v 0.512471 0.006633 -0.097149
v 0.511960 0.023844 -0.097149
v 0.511344 0.023826 -0.093903
v 0.511855 0.006615 -0.093903
v 0.553414 0.025077 -0.039232
v 0.553925 0.007866 -0.039232
v 0.553228 0.007845 -0.082445
v 0.552716 0.025056 -0.082445
v 0.511855 0.006615 -0.093903
v 0.511344 0.023826 -0.093903
v 0.535780 0.024552 -0.093903
v 0.536292 0.007342 -0.093903
v 0.541921 0.024735 -0.039232
v 0.542433 0.007524 -0.039232
v 0.553925 0.007866 -0.039232
v 0.553414 0.025077 -0.039232
v 0.540835 0.007477 -0.093792
v 0.540324 0.024687 -0.093792
v 0.552716 0.025056 -0.082445
v 0.553228 0.007845 -0.082445
v 0.537548 0.007379 -0.097696
v 0.540166 0.007457 -0.097645
v 0.536292 0.007342 -0.093903
v 0.535780 0.024552 -0.093903
v 0.537036 0.024590 -0.097696
v 0.537548 0.007379 -0.097696
v 0.547634 0.007679 -0.058739
v 0.540835 0.007477 -0.093792
v 0.537548 0.007379 -0.097696
v 0.537036 0.024590 -0.097696
v 0.539655 0.024668 -0.097645
v 0.540166 0.007457 -0.097645
v 0.504994 0.006411 -0.088761
v 0.531523 0.007200 -0.058739
v 0.484277 0.005795 -0.107371
v 0.457617 0.005002 -0.150617
v 0.451490 0.004820 -0.150360
v 0.450978 0.022031 -0.150360
v 0.457105 0.022213 -0.150617
v -0.009234 0.020993 0.129874
v -0.018256 0.020725 0.129905
v 0.462806 0.005157 -0.130561
v 0.455867 0.004950 -0.137675
v 0.443857 0.004593 -0.150039
v 0.500846 0.006288 -0.084107
v 0.542433 0.007524 -0.039232
v 0.553925 0.007866 -0.039232
v 0.553228 0.007845 -0.082445
v 0.540166 0.007457 -0.097645
v 0.539655 0.024668 -0.097645
v 0.540324 0.024687 -0.093792
v 0.540835 0.007477 -0.093792
v 0.453952 0.004893 -0.154688
v 0.453440 0.022104 -0.154688
v -0.057829 0.006902 -0.154682
v -0.057317 -0.010309 -0.154682
v 0.453976 0.004894 -0.158886
v -0.054930 -0.010238 -0.158880
v -0.055442 0.006973 -0.158880
v 0.453464 0.022105 -0.158886
v 0.453440 0.022104 -0.154688
v 0.453952 0.004893 -0.154688
v 0.453976 0.004894 -0.158886
v 0.453464 0.022105 -0.158886
v -0.057317 -0.010309 -0.154682
v -0.057829 0.006902 -0.154682
v -0.055442 0.006973 -0.158880
v -0.054930 -0.010238 -0.158880
v 0.453952 0.004893 -0.154688
v -0.057317 -0.010309 -0.154682
v -0.054930 -0.010238 -0.158880
v 0.453976 0.004894 -0.158886
v 0.457014 0.004984 -0.161688
v 0.456503 0.022195 -0.161688
v -0.055442 0.006973 -0.161682
v -0.054930 -0.010238 -0.161682
v 0.457014 0.004984 -0.161688
v -0.054930 -0.010238 -0.161682
v -0.054930 -0.010238 -0.173534
v 0.473828 0.005484 -0.173134
v 0.535877 0.007329 -0.111466
v 0.518078 0.006800 -0.101708
v 0.456503 0.022195 -0.161688
v 0.457014 0.004984 -0.161688
v 0.518078 0.006800 -0.101708
v 0.517566 0.024011 -0.101708
v 0.537994 0.007392 -0.101971
v 0.540670 0.007472 -0.105747
v 0.540657 0.007471 -0.100099
v 0.538389 0.007404 -0.100124
v 0.517566 0.024011 -0.101708
v 0.518078 0.006800 -0.101708
v 0.537994 0.007392 -0.101971
v 0.537482 0.024603 -0.101971
v 0.537877 0.024615 -0.100124
v 0.538389 0.007404 -0.100124
v 0.540657 0.007471 -0.100099
v 0.540146 0.024682 -0.100099
v 0.537482 0.024603 -0.101971
v 0.537994 0.007392 -0.101971
v 0.538389 0.007404 -0.100124
v 0.537877 0.024615 -0.100124
v -0.060694 -0.010409 -0.149856
v -0.061206 0.006802 -0.149856
v -0.068044 0.006598 -0.161024
v -0.067533 -0.010612 -0.161024
v -0.060694 -0.010409 -0.149856
v -0.067533 -0.010612 -0.161024
v -0.054930 -0.010238 -0.161682
v -0.055442 0.006973 -0.161682
v -0.061206 0.006802 -0.149856
v -0.060694 -0.010409 -0.149856
v 0.543830 0.007566 0.027289
v 0.543781 0.007564 -0.034796
v 0.543269 0.024775 -0.034796
v 0.543319 0.024776 0.027289
v 0.556121 0.025157 0.027279
v 0.556071 0.025156 -0.034806
v 0.556121 0.025157 0.063335
v 0.556071 0.025156 -0.070863
v 0.543269 0.024775 -0.034796
v 0.543781 0.007564 -0.034796
v 0.556583 0.007945 -0.034806
v 0.556071 0.025156 -0.034806
v 0.543830 0.007566 0.027289
v 0.543319 0.024776 0.027289
v 0.556121 0.025157 0.027279
v 0.556633 0.007946 0.027279
v 0.543781 0.007564 -0.034796
v 0.543830 0.007566 0.027289
v 0.556633 0.007946 0.027279
v 0.556583 0.007945 -0.034806
v 0.556633 0.007946 0.027279
v 0.556121 0.025157 0.027279
v 0.556121 0.025157 0.063335
v 0.556633 0.007946 0.063335
v 0.556583 0.007945 -0.034806
v 0.556633 0.007946 0.027279
v 0.556583 0.007945 -0.070863
v 0.556633 0.007946 0.063335
v 0.556071 0.025156 -0.034806
v 0.556583 0.007945 -0.034806
v 0.556583 0.007945 -0.070863
v 0.556071 0.025156 -0.070863
v 0.556583 0.007945 -0.070863
v 0.556633 0.007946 0.063335
v 0.587994 0.008879 0.063324
v 0.587944 0.008877 -0.070874
v 0.591154 0.008973 0.058402
v 0.591105 0.008971 -0.069358
v 0.590593 0.026182 -0.069358
v 0.590643 0.026184 0.058402
v 0.591105 0.008971 -0.069358
v 0.591154 0.008973 0.058402
v 0.599663 0.009211 0.050911
v 0.599613 0.009209 -0.061874
v -0.575732 -0.008497 0.029002
v -0.575220 -0.025708 0.029002
v -0.576206 -0.028692 0.028861
v -0.576806 -0.008529 0.028861
v -0.575899 -0.008502 -0.120763
v -0.575388 -0.025713 -0.120763
v -0.574361 -0.025682 -0.119995
v -0.574873 -0.008472 -0.119995
v -0.544931 -0.007581 -0.150314
v -0.544420 -0.024792 -0.150314
v -0.544830 -0.024804 -0.152750
v -0.545342 -0.007594 -0.152750
v -0.575899 -0.008502 -0.120763
v -0.574873 -0.008472 -0.119995
v -0.538806 -0.007399 -0.150375
v -0.544931 -0.007581 -0.150314
v -0.545342 -0.007594 -0.152750
v -0.429809 -0.004158 -0.153591
v -0.216599 0.002181 -0.150386
v -0.213968 0.002259 -0.153241
v -0.333078 -0.001282 -0.153462
v -0.402505 -0.003347 -0.153591
v -0.429809 -0.004158 -0.153591
v -0.216599 0.002181 -0.150386
v -0.198752 0.002712 -0.132363
v -0.199358 0.002694 -0.136498
v -0.194559 0.002837 -0.132330
v -0.176889 0.003362 -0.114255
v -0.189829 0.002977 -0.123352
v -0.198752 0.002712 -0.132363
v -0.180906 0.003242 -0.114106
v -0.195976 0.002794 -0.133779
v -0.195982 0.002794 -0.135963
v -0.199358 0.002694 -0.136498
v -0.198752 0.002712 -0.132363
v -0.195971 0.002795 -0.132326
v -0.194569 0.002836 -0.135967
v -0.195982 0.002794 -0.135963
v -0.199358 0.002694 -0.136498
v -0.196352 0.002783 -0.142305
v -0.194646 0.002834 -0.162601
v -0.196352 0.002783 -0.142305
v -0.196378 0.002782 -0.163911
v -0.194646 0.002834 -0.162601
v -0.192254 0.002905 -0.162609
v -0.196378 0.002782 -0.163911
v -0.191366 0.002931 -0.166546
v -0.342335 -0.001557 -0.164708
v -0.339465 -0.001472 -0.166937
v -0.192254 0.002905 -0.162609
v -0.191377 0.002931 -0.161977
v -0.191366 0.002931 -0.166546
v -0.196378 0.002782 -0.163911
v -0.342335 -0.001557 -0.164708
v -0.341824 -0.018768 -0.164708
v -0.338954 -0.018683 -0.166937
v -0.339465 -0.001472 -0.166937
v -0.192170 0.002908 -0.133790
v -0.192177 0.002907 -0.135975
v -0.189905 0.002975 -0.141155
v -0.189942 0.002974 -0.134662
v -0.190248 0.002965 -0.133796
v -0.192254 0.002905 -0.162609
v -0.192177 0.002907 -0.135975
v -0.189905 0.002975 -0.141155
v -0.189701 0.002981 -0.157511
v -0.192254 0.002905 -0.162609
v -0.189701 0.002981 -0.157511
v -0.191377 0.002931 -0.161977
v -0.189701 0.002981 -0.157511
v -0.185098 0.003118 -0.162436
v -0.188316 0.003022 -0.162053
v -0.191377 0.002931 -0.161977
v -0.184438 0.003137 -0.166528
v -0.095172 0.005792 -0.162550
v -0.101673 0.005598 -0.166309
v -0.094660 -0.011419 -0.162550
v -0.095172 0.005792 -0.162550
v -0.101673 0.005598 -0.166309
v -0.101161 -0.011612 -0.166309
v -0.216538 0.002183 -0.146892
v -0.538423 -0.007388 -0.146902
v -0.439581 -0.004449 -0.145625
v -0.220726 0.002058 -0.145490
v -0.538423 -0.007388 -0.146902
v -0.216538 0.002183 -0.146892
v -0.439581 -0.004449 -0.145625
v -0.536696 -0.007336 -0.145686
v -0.539686 -0.007425 -0.132249
v -0.537357 -0.007356 -0.131202
v -0.536696 -0.007336 -0.145686
v -0.570641 -0.008346 -0.101322
v -0.553168 -0.007826 -0.116016
v -0.571500 -0.008371 0.029029
v -0.570641 -0.008346 -0.101322
v -0.568978 -0.008296 -0.100830
v -0.569113 -0.008300 0.029002
v -0.568978 -0.008296 -0.100830
v -0.571500 -0.008371 0.029029
v -0.570988 -0.025582 0.029029
v -0.568601 -0.025511 0.029002
v -0.569113 -0.008300 0.029002
v -0.576806 -0.008529 0.028861
v -0.576206 -0.028692 0.028861
v -0.575220 -0.025708 0.029002
v -0.575732 -0.008497 0.029002
v -0.190756 0.002950 -0.114362
v -0.220726 0.002058 -0.145490
v -0.216100 0.002196 -0.143764
v -0.188332 0.003022 -0.117688
v -0.187996 0.003032 -0.114013
v -0.216100 0.002196 -0.143764
v -0.216538 0.002183 -0.146892
v -0.163026 0.003774 -0.108671
v -0.190202 0.002966 -0.108581
v -0.180906 0.003242 -0.114106
v -0.174497 0.003433 -0.114263
v -0.172574 0.003490 -0.114268
v -0.170454 0.003553 -0.114118
v -0.190243 0.002965 -0.132343
v -0.170454 0.003553 -0.114118
v -0.163892 0.003748 -0.111253
v -0.163965 0.003746 -0.114201
v -0.163892 0.003748 -0.111253
v -0.131798 0.004703 -0.080408
v -0.156027 0.003982 -0.098664
v -0.139861 0.004463 -0.083839
v -0.205908 0.002499 -0.049248
v -0.159695 0.003873 -0.101330
v -0.207466 0.002453 -0.054378
v -0.163153 0.003770 -0.105831
v -0.163119 0.003771 -0.106590
v -0.163085 0.003772 -0.107349
v -0.163026 0.003774 -0.108671
v -0.156027 0.003982 -0.098664
v -0.205908 0.002499 -0.049248
v -0.234367 0.001653 -0.048754
v -0.228626 0.001824 -0.054305
v -0.207466 0.002453 -0.054378
v -0.248597 0.001230 -0.047324
v -0.234367 0.001653 -0.048754
v -0.241112 0.001452 -0.052748
v -0.250253 0.001181 -0.052798
v -0.228626 0.001824 -0.054305
v -0.233329 0.001684 -0.057452
v -0.233329 0.001684 -0.057452
v -0.230178 0.001777 -0.062155
v -0.225579 0.001914 -0.061012
v -0.225661 0.001912 -0.071562
v -0.224193 0.001955 -0.070749
v -0.228954 0.001814 -0.080969
v -0.225450 0.001918 -0.080132
v -0.225450 0.001918 -0.080132
v -0.197410 0.002752 -0.108542
v -0.210229 0.002371 -0.104814
v -0.229734 0.001791 -0.086485
v -0.207592 0.002449 -0.108326
v -0.190202 0.002966 -0.108581
v -0.190756 0.002950 -0.114362
v -0.359126 -0.002057 -0.113691
v -0.297823 -0.000234 -0.109050
v -0.190756 0.002950 -0.114362
v -0.348648 -0.001745 -0.105360
v -0.299528 -0.000285 -0.105477
v -0.365855 -0.002257 -0.107099
v -0.359366 -0.002064 -0.105446
v -0.299694 -0.000290 -0.093600
v -0.299528 -0.000285 -0.105477
v -0.297823 -0.000234 -0.109050
v -0.297735 -0.000231 -0.106487
v -0.297735 -0.000231 -0.106487
v -0.299694 -0.000290 -0.093600
v -0.297648 -0.000229 -0.103925
v -0.297552 -0.000226 -0.101086
v -0.297455 -0.000223 -0.098247
v -0.297552 -0.000226 -0.101086
v -0.297262 -0.000217 -0.092569
v -0.278791 0.000332 -0.074459
v -0.279810 0.000302 -0.071959
v -0.268336 0.000643 -0.071895
v -0.267882 0.000656 -0.074422
v -0.261482 0.000847 -0.088659
v -0.262229 0.000824 -0.081019
v -0.265583 0.000725 -0.071612
v -0.256620 0.000991 -0.092618
v -0.258941 0.000922 -0.085723
v -0.243945 0.001368 -0.094326
v -0.256620 0.000991 -0.092618
v -0.258941 0.000922 -0.085723
v -0.250132 0.001184 -0.090426
v -0.250132 0.001184 -0.090426
v -0.243945 0.001368 -0.094326
v -0.235128 0.001630 -0.091911
v -0.240990 0.001456 -0.090377
v -0.229734 0.001791 -0.086485
v -0.232211 0.001717 -0.085673
v -0.255712 0.001018 -0.048636
v -0.258901 0.000923 -0.057501
v -0.250253 0.001181 -0.052798
v -0.248597 0.001230 -0.047324
v -0.262827 0.000807 -0.053326
v -0.255712 0.001018 -0.048636
v -0.258901 0.000923 -0.057501
v -0.262917 0.000804 -0.062205
v -0.265583 0.000725 -0.071612
v -0.265229 0.000735 -0.057820
v -0.268336 0.000643 -0.071895
v -0.268373 0.000642 -0.060981
v -0.297326 -0.000219 -0.057627
v -0.298331 -0.000249 -0.060880
v -0.310829 -0.000621 -0.049260
v -0.297457 -0.000223 -0.055806
v -0.310861 -0.000622 -0.041773
v -0.274118 0.000471 0.014783
v -0.316851 -0.000800 -0.043341
v -0.309468 -0.000580 -0.031057
v -0.288921 0.000031 -0.001950
v -0.307728 -0.000528 -0.028503
v -0.281944 0.000238 0.007142
v -0.278327 0.000346 0.013649
v -0.279737 0.000304 0.017098
v -0.268358 0.000642 0.020150
v -0.239458 0.001501 0.019901
v -0.268358 0.000642 0.020150
v -0.274118 0.000471 0.014783
v -0.257223 0.000973 0.014782
v -0.253752 0.001077 0.015415
v -0.239458 0.001501 0.019901
v -0.257223 0.000973 0.014782
v -0.253752 0.001077 0.015415
v -0.239458 0.001501 0.019901
v -0.250280 0.001180 0.016048
v -0.250280 0.001180 0.016048
v -0.243338 0.001386 0.017314
v -0.229453 0.001799 0.014779
v -0.243338 0.001386 0.017314
v -0.228075 0.001840 0.019796
v -0.228599 0.001824 0.015615
v -0.221515 0.002035 0.011238
v -0.193500 0.002868 -0.022106
v -0.285155 0.000143 0.002429
v -0.299611 -0.000287 0.002257
v -0.294013 -0.000121 -0.001912
v -0.288921 0.000031 -0.001950
v -0.299910 -0.000296 -0.000383
v -0.299572 -0.000286 -0.003429
v -0.297877 -0.000236 -0.004168
v -0.296081 -0.000182 -0.003990
v -0.309264 -0.000574 0.012303
v -0.304249 -0.000425 -0.000264
v -0.310708 -0.000617 0.002061
v -0.310866 -0.000622 -0.004889
v -0.332507 -0.001265 0.022212
v -0.309264 -0.000574 0.012303
v -0.332507 -0.001265 0.022212
v -0.322440 -0.000966 0.025863
v -0.318917 -0.000861 0.022349
v -0.314090 -0.000718 0.017326
v -0.311677 -0.000646 0.014815
v -0.328479 -0.001145 0.032653
v -0.328479 -0.001145 0.032653
v -0.335228 -0.001346 0.028842
v -0.335225 -0.001346 0.024382
v -0.347487 -0.001711 0.007335
v -0.336691 -0.001390 0.024381
v -0.349000 -0.001756 0.012846
v -0.366000 -0.002261 -0.004165
v -0.362467 -0.002156 -0.007543
v -0.365998 -0.002261 -0.012803
v -0.366000 -0.002261 -0.004165
v -0.362467 -0.002156 -0.007543
v -0.362468 -0.002156 -0.011875
v -0.354746 -0.001926 -0.020035
v -0.365997 -0.002261 -0.019644
v -0.356710 -0.001985 -0.033199
v -0.369405 -0.002362 -0.020720
v -0.350788 -0.001809 -0.023905
v -0.327190 -0.001107 -0.030953
v -0.356710 -0.001985 -0.033199
v -0.327168 -0.001106 -0.033199
v -0.325020 -0.001043 -0.023909
v -0.327190 -0.001107 -0.030953
v -0.314506 -0.000730 -0.028501
v -0.312812 -0.000680 -0.028501
v -0.311117 -0.000629 -0.028502
v -0.321285 -0.000932 -0.028499
v -0.317895 -0.000831 -0.028500
v -0.316201 -0.000780 -0.028500
v -0.321285 -0.000932 -0.028499
v -0.316134 -0.000778 -0.015134
v -0.325020 -0.001043 -0.023909
v -0.370003 -0.002380 -0.016420
v -0.405871 -0.003447 -0.024025
v -0.410349 -0.003580 -0.024027
v -0.410054 -0.003571 -0.027431
v -0.462698 -0.005136 -0.029402
v -0.397615 -0.003201 -0.029386
v -0.455795 -0.004931 -0.027447
v -0.390164 -0.002980 -0.033195
v -0.397615 -0.003201 -0.029386
v -0.405871 -0.003447 -0.024025
v -0.402090 -0.003334 -0.020716
v -0.405872 -0.003447 -0.020523
v -0.438115 -0.004405 -0.012819
v -0.456090 -0.004940 -0.020541
v -0.438115 -0.004405 -0.016436
v -0.456090 -0.004940 -0.020541
v -0.455578 -0.022151 -0.020541
v -0.437603 -0.021616 -0.016436
v -0.437604 -0.021616 -0.012819
v -0.438115 -0.004405 -0.012819
v -0.455578 -0.022151 -0.020541
v -0.456090 -0.004940 -0.020541
v -0.462698 -0.005136 -0.029402
v -0.462991 -0.005145 -0.029500
v -0.462479 -0.022356 -0.029500
v -0.456089 -0.004940 -0.024043
v -0.437604 -0.021616 -0.012819
v -0.437603 -0.021616 -0.016436
v -0.455578 -0.022151 -0.020541
v -0.438115 -0.004405 -0.012819
v -0.466568 -0.005251 -0.028649
v -0.462991 -0.005145 -0.029500
v -0.462479 -0.022356 -0.029500
v -0.466056 -0.022462 -0.028649
v -0.404906 -0.003418 -0.050096
v -0.466849 -0.005260 -0.050014
v -0.463009 -0.005146 -0.042415
v -0.409039 -0.003541 -0.042496
v -0.462990 -0.005145 -0.033165
v -0.466849 -0.005260 -0.050014
v -0.463009 -0.005146 -0.042415
v -0.462991 -0.005145 -0.029500
v -0.466568 -0.005251 -0.028649
v -0.410350 -0.003580 -0.020525
v -0.405872 -0.003447 -0.020523
v -0.397907 -0.003210 -0.033149
v -0.397908 -0.003210 -0.029484
v -0.390164 -0.002980 -0.033195
v -0.397907 -0.003210 -0.033149
v -0.392755 -0.003057 -0.037043
v -0.389233 -0.002952 -0.040002
v -0.392755 -0.003057 -0.037043
v -0.404906 -0.003418 -0.050096
v -0.380472 -0.002691 -0.043337
v -0.381408 -0.002719 -0.047848
v -0.374815 -0.002523 -0.049257
v -0.379366 -0.002658 -0.058297
v -0.374818 -0.002523 -0.090195
v -0.374818 -0.002523 -0.090195
v -0.379266 -0.002656 -0.090962
v -0.379358 -0.002658 -0.061534
v -0.379366 -0.002658 -0.058297
v -0.377907 -0.002615 -0.090935
v -0.375836 -0.002554 -0.093765
v -0.377888 -0.002615 -0.093780
v -0.375898 -0.002555 -0.097598
v -0.370316 -0.002389 -0.099846
v -0.369157 -0.002355 -0.101552
v -0.370307 -0.002389 -0.101558
v -0.423635 -0.003975 -0.100126
v -0.370316 -0.002389 -0.099846
v -0.379764 -0.002670 -0.097605
v -0.419226 -0.003844 -0.097683
v -0.379764 -0.002670 -0.097605
v -0.378152 -0.002622 -0.097602
v -0.369211 -0.002357 -0.104541
v -0.365855 -0.002257 -0.107099
v -0.370358 -0.002391 -0.104547
v -0.423508 -0.003971 -0.104826
v -0.427057 -0.004077 -0.106801
v -0.365855 -0.002257 -0.107099
v -0.370358 -0.002391 -0.104547
v -0.369211 -0.002357 -0.104541
v -0.424747 -0.004008 -0.104832
v -0.424870 -0.004012 -0.101846
v -0.423635 -0.003975 -0.100126
v -0.423626 -0.003975 -0.101839
v -0.424747 -0.004008 -0.104832
v -0.427057 -0.004077 -0.106801
v -0.415257 -0.003726 -0.094046
v -0.433839 -0.004278 -0.113393
v -0.430841 -0.004189 -0.106599
v -0.418147 -0.003812 -0.092842
v -0.418147 -0.003812 -0.092842
v -0.514148 -0.006666 -0.113386
v -0.468008 -0.005294 -0.105776
v -0.435716 -0.004334 -0.106379
v -0.508307 -0.006492 -0.105661
v -0.435716 -0.004334 -0.106379
v -0.381408 -0.002719 -0.047848
v -0.420344 -0.003877 -0.090817
v -0.433039 -0.004254 -0.104575
v -0.433039 -0.004254 -0.104575
v -0.420344 -0.003877 -0.090817
v -0.412541 -0.003645 -0.091601
v -0.514148 -0.006666 -0.113386
v -0.508307 -0.006492 -0.105661
v -0.513662 -0.006652 -0.108092
v -0.513690 -0.006652 -0.103712
v -0.537109 -0.007349 -0.077066
v -0.544280 -0.007562 -0.083043
v -0.513662 -0.006652 -0.108092
v -0.536998 -0.007345 -0.085513
v -0.537026 -0.007346 -0.081133
v -0.544280 -0.007562 -0.083043
v -0.536998 -0.007345 -0.085513
v -0.542522 -0.007510 -0.078890
v -0.542949 -0.007522 0.029029
v -0.536985 -0.007345 0.035704
v -0.537109 -0.007349 -0.077066
v -0.542522 -0.007510 -0.078890
v -0.542933 -0.007522 0.035725
v -0.591551 -0.008968 0.035994
v -0.542949 -0.007522 0.029029
v -0.542933 -0.007522 0.035725
v -0.575732 -0.008497 0.029002
v -0.576806 -0.008529 0.028861
v -0.599285 -0.009198 0.028712
v -0.298726 -0.000261 0.013514
v -0.295771 -0.000173 0.017078
v -0.305291 -0.000456 0.017186
v -0.298197 -0.000245 0.017134
v -0.300284 -0.000307 0.018435
v -0.305291 -0.000456 0.017186
v -0.298197 -0.000245 0.017134
v -0.303553 -0.000404 0.024995
v -0.307623 -0.000525 0.021184
v -0.307728 -0.000528 0.033415
v -0.303629 -0.000407 0.028341
v -0.307728 -0.000528 0.033415
v -0.303629 -0.000407 0.028341
v -0.303117 -0.017617 0.028341
v -0.303146 -0.017618 0.029605
v -0.299760 -0.000292 0.042143
v -0.303657 -0.000407 0.029605
v -0.299964 -0.000298 0.033712
v -0.295231 -0.000157 0.037842
v -0.297270 -0.000217 0.034012
v -0.282225 0.000230 0.041779
v -0.280848 0.000271 0.037906
v -0.268097 0.000650 0.050528
v -0.275090 0.000442 0.048615
v -0.269999 0.000593 0.055401
v -0.268029 0.000652 0.055365
v -0.268097 0.000650 0.050528
v -0.269999 0.000593 0.055401
v -0.274633 0.000456 0.069667
v -0.269999 0.000593 0.073265
v -0.273150 0.000500 0.076199
v -0.275244 0.000437 0.073412
v -0.273150 0.000500 0.076199
v -0.274633 0.000456 0.069667
v -0.273886 0.000478 0.085336
v -0.276162 0.000410 0.079966
v -0.275244 0.000437 0.073412
v -0.271348 0.000553 0.080658
v -0.277788 0.000362 0.073409
v -0.297520 -0.000225 0.085617
v -0.278392 0.000344 0.069662
v -0.283851 0.000182 0.085964
v -0.295409 -0.000162 0.096142
v -0.299968 -0.000298 0.093368
v -0.295409 -0.000162 0.096142
v -0.297520 -0.000225 0.085617
v -0.302247 -0.000365 0.091981
v -0.299968 -0.000298 0.093368
v -0.304429 -0.000430 0.090398
v -0.319980 -0.000893 0.067706
v -0.309150 -0.000571 0.086064
v -0.333132 -0.001284 0.134161
v -0.329913 -0.001188 0.134115
v -0.317464 -0.000818 0.108641
v -0.304429 -0.000430 0.090398
v -0.309150 -0.000571 0.086064
v -0.323343 -0.000993 0.074402
v -0.323343 -0.000993 0.074402
v -0.319980 -0.000893 0.067706
v -0.327103 -0.001105 0.062027
v -0.330439 -0.001204 0.068571
v -0.335668 -0.001359 0.055196
v -0.327103 -0.001105 0.062027
v -0.330439 -0.001204 0.068571
v -0.333988 -0.001309 0.065655
v -0.337536 -0.001415 0.062739
v -0.333988 -0.001309 0.065655
v -0.335668 -0.001359 0.055196
v -0.337536 -0.001415 0.062739
v -0.367190 -0.002296 0.087124
v -0.339156 -0.001463 0.055038
v -0.362733 -0.002164 0.089354
v -0.364660 -0.002221 0.119148
v -0.369430 -0.002363 0.106987
v -0.328069 -0.001133 0.185945
v -0.327135 -0.001105 0.158289
v -0.328069 -0.001133 0.185945
v -0.327135 -0.001105 0.158289
v -0.324356 -0.001023 0.182462
v -0.316733 -0.000796 0.181001
v -0.313151 -0.000690 0.186024
v -0.323623 -0.001001 0.186101
v -0.333200 -0.001286 0.199170
v -0.335388 -0.001351 0.196818
v -0.327526 -0.001117 0.189742
v -0.324306 -0.001021 0.189789
v -0.320211 -0.000900 0.203089
v -0.320241 -0.000901 0.216723
v -0.317894 -0.000831 0.213992
v -0.320241 -0.000901 0.216723
v -0.310898 -0.000623 0.226989
v -0.313406 -0.000697 0.218923
v -0.317894 -0.000831 0.213992
v -0.309750 -0.000589 0.219390
v -0.338194 -0.001434 0.208859
v -0.333028 -0.001281 0.208013
v -0.339044 -0.001460 0.216300
v -0.341523 -0.001533 0.215473
v -0.335289 -0.001348 0.205171
v -0.369699 -0.002371 0.197946
v -0.388098 -0.002918 0.197412
v -0.387556 -0.002902 0.192681
v -0.380626 -0.002696 0.194715
v -0.373697 -0.002490 0.196749
v -0.372043 -0.002441 0.175886
v -0.377774 -0.002611 0.168317
v -0.376309 -0.002568 0.177445
v -0.373991 -0.002499 0.180812
v -0.376888 -0.002585 0.176603
v -0.377774 -0.002611 0.168317
v -0.376309 -0.002568 0.177445
v -0.378626 -0.002637 0.174078
v -0.377467 -0.002602 0.175762
v -0.376888 -0.002585 0.176603
v -0.379847 -0.002673 0.172305
v -0.386881 -0.002882 0.169769
v -0.381209 -0.002713 0.165511
v -0.386273 -0.002864 0.165147
v -0.381209 -0.002713 0.165511
v -0.386881 -0.002882 0.169769
v -0.396252 -0.003161 0.168670
v -0.371796 -0.002433 0.121548
v -0.396252 -0.003161 0.168670
v -0.391368 -0.003015 0.173404
v -0.405497 -0.003436 0.174291
v -0.391368 -0.003015 0.173404
v -0.395855 -0.003149 0.177039
v -0.381496 -0.002722 0.154372
v -0.366376 -0.002272 0.128177
v -0.364660 -0.002221 0.119148
v -0.371796 -0.002433 0.121548
v -0.366376 -0.002272 0.128177
v -0.372162 -0.002444 0.117330
v -0.374841 -0.002524 0.107030
v -0.371166 -0.002415 0.105896
v -0.374841 -0.002524 0.107030
v -0.369430 -0.002363 0.106987
v -0.374464 -0.002513 0.080563
v -0.372589 -0.002457 0.076341
v -0.386181 -0.002867 0.182998
v -0.384571 -0.002819 0.184510
v -0.385773 -0.002849 0.186973
v -0.387222 -0.002892 0.185282
v -0.379891 -0.002674 0.185868
v -0.385773 -0.002849 0.186973
v -0.384571 -0.002819 0.184510
v -0.381306 -0.002722 0.184078
v -0.379009 -0.002648 0.181816
v -0.379891 -0.002674 0.185868
v -0.381306 -0.002722 0.184078
v -0.380843 -0.002708 0.181774
v -0.380235 -0.002684 0.177207
v -0.379009 -0.002648 0.181816
v -0.380843 -0.002708 0.181774
v -0.381344 -0.002723 0.178878
v -0.385160 -0.002831 0.176038
v -0.380235 -0.002684 0.177207
v -0.381344 -0.002723 0.178878
v -0.384144 -0.002806 0.178527
v -0.388541 -0.002931 0.176965
v -0.385160 -0.002831 0.176038
v -0.384144 -0.002806 0.178527
v -0.386538 -0.002878 0.178976
v -0.388672 -0.002935 0.183592
v -0.388541 -0.002931 0.176965
v -0.386538 -0.002878 0.178976
v -0.386573 -0.002879 0.181408
v -0.387222 -0.002892 0.185282
v -0.388672 -0.002935 0.183592
v -0.386573 -0.002879 0.181408
v -0.386181 -0.002867 0.182998
v -0.399579 -0.003260 0.178413
v -0.390840 -0.003000 0.186490
v -0.394124 -0.003097 0.180300
v -0.395855 -0.003149 0.177039
v -0.399579 -0.003260 0.178413
v -0.390840 -0.003000 0.186490
v -0.391661 -0.003024 0.184943
v -0.392482 -0.003049 0.183395
v -0.405285 -0.003429 0.181516
v -0.343705 -0.001598 0.043826
v -0.338953 -0.001457 0.043729
v -0.344673 -0.001627 0.031772
v -0.336694 -0.001390 0.028841
v -0.349003 -0.001756 0.028838
v -0.351169 -0.001820 0.031769
v -0.344673 -0.001627 0.031772
v -0.349003 -0.001756 0.028838
v -0.366086 -0.002264 0.017156
v -0.366003 -0.002261 0.010361
v -0.391784 -0.003028 -0.008932
v -0.380983 -0.002707 -0.004501
v -0.370009 -0.002380 0.006255
v -0.386427 -0.002868 -0.009535
v -0.389966 -0.002974 -0.012808
v -0.438115 -0.004405 -0.012819
v -0.431973 -0.004223 -0.008935
v -0.218052 0.002138 0.013722
v -0.221515 0.002035 0.011238
v -0.217938 0.002141 0.008451
v -0.212348 0.002308 0.014771
v -0.212721 0.002296 0.018728
v -0.187388 0.003050 0.014743
v -0.188637 0.003013 0.018728
v -0.166454 0.003672 0.036681
v -0.181587 0.003222 0.027574
v -0.162442 0.003791 0.036582
v -0.162578 0.003787 0.038312
v -0.139065 0.004487 0.049191
v -0.139679 0.004468 0.031082
v -0.142983 0.004370 0.033748
v -0.143145 0.004365 0.038377
v -0.180647 0.003250 -0.011928
v -0.172321 0.003498 0.006143
v -0.180647 0.003250 -0.011928
v -0.172321 0.003498 0.006143
v -0.187678 0.003041 -0.009565
v -0.187678 0.003041 -0.009565
v -0.193326 0.002873 -0.015465
v -0.217938 0.002141 0.008451
v -0.188682 0.003011 -0.017688
v -0.157404 0.003941 -0.034721
v -0.140628 0.004440 -0.064907
v -0.098749 0.005685 0.017333
v -0.154017 0.004042 -0.038401
v -0.115264 0.005194 0.008289
v -0.147396 0.004239 -0.045168
v -0.150773 0.004138 -0.041621
v -0.095505 0.005782 0.014114
v -0.094351 0.005816 0.009075
v -0.153078 0.004070 -0.040695
v -0.135004 0.004607 -0.057424
v -0.135518 0.004592 -0.063163
v -0.135860 0.004582 -0.069503
v -0.140628 0.004440 -0.064907
v -0.139861 0.004463 -0.083839
v -0.135860 0.004582 -0.069503
v -0.135079 0.004605 -0.074735
v -0.133245 0.004660 -0.076561
v -0.135079 0.004605 -0.074735
v -0.120253 0.005046 -0.069311
v -0.064836 0.006694 -0.007749
v -0.133245 0.004660 -0.076561
v -0.131798 0.004703 -0.080408
v -0.066671 0.006639 -0.005923
v -0.129312 0.004777 -0.063054
v -0.066671 0.006639 -0.005923
v -0.129312 0.004777 -0.063054
v -0.069486 0.006555 -0.003097
v -0.064350 0.006708 -0.013586
v -0.064836 0.006694 -0.007749
v -0.040859 0.007407 -0.031606
v -0.041511 0.007387 -0.037090
v -0.064350 0.006708 -0.013586
v -0.040859 0.007407 -0.102815
v -0.041756 0.007380 -0.109328
v -0.062446 0.006765 -0.005345
v -0.063586 0.006731 -0.000560
v -0.038335 0.007482 -0.026875
v -0.038469 0.007478 -0.029202
v -0.066839 0.006634 -0.003317
v -0.064281 0.006710 -0.003519
v -0.063586 0.006731 -0.000560
v -0.062446 0.006765 -0.005345
v -0.069486 0.006555 -0.003097
v -0.070020 0.006540 0.003881
v -0.070020 0.006540 0.003881
v -0.063312 0.006739 0.054031
v -0.074079 0.006419 0.008594
v -0.088587 0.005987 0.014185
v -0.070074 0.006538 0.013996
v -0.070074 0.006538 0.013996
v -0.074079 0.006419 0.008594
v -0.071297 0.006502 0.005364
v -0.071297 0.006502 0.005364
v -0.070049 0.006539 0.016444
v -0.088562 0.005988 0.016632
v -0.079898 0.006246 0.023862
v -0.070328 0.006530 0.023836
v -0.089835 0.005950 0.023860
v -0.070520 0.006525 0.052581
v -0.088562 0.005988 0.016632
v -0.095505 0.005782 0.014114
v -0.088587 0.005987 0.014185
v -0.089835 0.005950 0.023860
v -0.096443 0.005754 0.017092
v -0.096443 0.005754 0.017092
v -0.098194 0.005702 0.025711
v -0.138125 0.004515 0.072857
v -0.121437 0.005011 0.048504
v -0.130717 0.004735 0.057605
v -0.405497 -0.003436 0.174291
v -0.405285 -0.003429 0.181516
v -0.404773 -0.020640 0.181516
v -0.404986 -0.020646 0.174291
v -0.142014 0.004399 0.076262
v -0.108956 0.005382 0.108505
v -0.108218 0.005404 0.103116
v -0.061483 0.006793 0.062898
v -0.088251 0.005997 0.085142
v -0.064199 0.006713 0.060080
v -0.063312 0.006739 0.054031
v -0.046134 0.007250 0.071281
v -0.064199 0.006713 0.060080
v -0.070520 0.006525 0.052581
v -0.046556 0.007237 0.078283
v -0.061483 0.006793 0.062898
v -0.025842 0.007853 0.071456
v -0.044808 0.007289 0.080079
v -0.038871 0.007466 0.080196
v -0.029995 0.007730 0.080095
v -0.025842 0.007853 0.071456
v -0.036463 0.007537 0.079934
v -0.038871 0.007466 0.080196
v -0.000907 0.008595 0.053370
v -0.027476 0.007805 0.080290
v -0.029995 0.007730 0.080095
v -0.027476 0.007805 0.080290
v -0.000907 0.008595 0.053370
v -0.004953 0.008474 0.050892
v -0.000984 0.008592 0.049065
v -0.002607 0.008544 0.049091
v -0.030050 0.007728 0.020723
v -0.031354 0.007689 -0.029501
v -0.033992 0.007611 -0.026789
v -0.033663 0.007621 0.022243
v -0.034671 0.007591 -0.029616
v -0.038469 0.007478 -0.102707
v -0.034755 0.007588 -0.071381
v -0.034831 0.007586 -0.078143
v -0.034972 0.007582 -0.082831
v 0.008060 0.008861 -0.039645
v 0.004994 0.008770 -0.037984
v -0.034831 0.007586 -0.078143
v -0.038469 0.007478 -0.102707
v -0.034712 0.007589 -0.095034
v -0.034664 0.007591 -0.097833
v -0.096600 0.005749 -0.093060
v -0.107948 0.005412 -0.104372
v -0.101964 0.005590 -0.105967
v -0.092140 0.005882 -0.096297
v -0.073311 0.006442 -0.139871
v -0.068185 0.006594 -0.140314
v -0.088533 0.005989 -0.162778
v -0.095172 0.005792 -0.162550
v -0.073311 0.006442 -0.139871
v -0.068185 0.006594 -0.140314
v -0.096552 0.005751 -0.172407
v -0.101673 0.005598 -0.166309
v -0.179317 0.003290 -0.172626
v -0.092176 0.005881 -0.177004
v -0.174941 0.003420 -0.177222
v -0.181869 0.003214 -0.177240
v -0.186245 0.003084 -0.172644
v -0.334344 -0.001320 -0.173035
v -0.313195 -0.000691 -0.177631
v -0.180885 0.003243 -0.188920
v -0.308856 -0.000562 -0.189311
v -0.309099 -0.000569 -0.182015
v -0.181857 0.003214 -0.181624
v -0.174929 0.003420 -0.181606
v -0.173957 0.003449 -0.188902
v -0.033986 0.007611 -0.189035
v -0.092164 0.005881 -0.181387
v -0.061442 0.006795 -0.209390
v -0.033986 0.007611 -0.189035
v -0.031291 -0.007525 -0.192139
v -0.061442 0.006795 -0.209390
v -0.061442 0.006795 -0.207393
v -0.028726 -0.007449 -0.192057
v -0.033986 0.007611 -0.189035
v -0.030149 -0.007492 -0.192089
v -0.031291 -0.007525 -0.192139
v -0.168257 0.003619 -0.207770
v -0.168257 0.003619 -0.209768
v -0.263268 0.000794 -0.210158
v -0.263268 0.000794 -0.208161
v -0.296318 -0.000189 -0.201943
v -0.323943 -0.001011 -0.189344
v -0.300521 -0.000314 -0.200395
v -0.008768 0.008361 0.041434
v -0.003134 0.008528 0.045378
v 0.004525 0.008756 0.028835
v 0.008030 0.008860 0.035190
v 0.008166 0.008864 0.012405
v 0.004994 0.008770 -0.037984
v 0.008174 0.008865 0.020144
v 0.008174 0.008865 0.016743
v 0.008169 0.008864 -0.017550
v 0.008019 0.008860 0.007345
v 0.008141 0.008864 -0.030486
v 0.008060 0.008861 -0.039645
v 0.008169 0.008864 -0.025955
v 0.051259 0.010146 -0.025914
v 0.042174 0.009876 -0.030211
v 0.497020 0.023400 -0.017086
v 0.051256 0.010146 -0.022533
v 0.008166 0.008864 -0.022454
v 0.053583 0.010215 -0.022537
v 0.053586 0.010215 -0.025912
v 0.050837 0.010133 -0.030170
v 0.046254 0.009997 -0.030211
v 0.042626 0.009889 -0.086006
v 0.046706 0.010010 -0.086006
v 0.054609 0.010245 -0.031589
v 0.054523 0.010243 -0.088297
v 0.051176 0.010143 -0.089765
v 0.500903 0.023515 -0.025491
v 0.499807 0.023483 -0.030562
v 0.046706 0.010010 -0.086006
v 0.042626 0.009889 -0.086006
v 0.030961 0.009542 -0.097822
v 0.033026 0.009604 -0.098956
v -0.013345 0.008225 -0.101563
v 0.032928 0.009601 -0.101563
v -0.034970 0.007582 -0.101563
v -0.034970 0.007582 -0.116172
v -0.040859 0.007407 -0.102815
v -0.048082 0.007192 -0.120716
v -0.037871 0.007495 -0.110862
v -0.041756 0.007380 -0.109328
v -0.051550 0.007089 -0.118544
v -0.037871 0.007495 -0.110862
v -0.038165 0.007487 -0.120305
v -0.040389 0.007421 -0.127951
v -0.032177 0.007665 -0.118491
v -0.079782 0.006249 -0.162064
v -0.045787 0.007260 -0.132950
v -0.033139 0.007636 -0.132906
v -0.034466 0.007597 -0.130193
v -0.040472 0.007418 -0.130151
v -0.040389 0.007421 -0.127951
v -0.079782 0.006249 -0.162064
v -0.045787 0.007260 -0.132950
v -0.057754 0.006904 -0.146478
v 0.453440 0.022104 -0.154688
v -0.057829 0.006902 -0.154682
v -0.052666 0.007056 -0.152137
v -0.040319 0.007423 -0.152100
v 0.007703 0.008851 -0.151816
v 0.428962 0.021376 -0.149435
v 0.011723 0.008970 -0.151793
v -0.057754 0.006904 -0.146478
v -0.061206 0.006802 -0.149856
v -0.055442 0.006973 -0.161682
v -0.055442 0.006973 -0.158880
v -0.057829 0.006902 -0.154682
v -0.068044 0.006598 -0.161024
v 0.456503 0.022195 -0.161688
v -0.055442 0.006973 -0.161682
v -0.055442 0.006973 -0.158880
v 0.453464 0.022105 -0.158886
v 0.443345 0.021804 -0.150039
v 0.450978 0.022031 -0.150360
v 0.457105 0.022213 -0.150617
v 0.432422 0.021479 -0.149580
v 0.435712 0.021577 -0.149718
v 0.517566 0.024011 -0.101708
v 0.469590 0.022584 -0.138068
v 0.501106 0.023521 -0.107069
v 0.476389 0.022786 -0.131131
v 0.511960 0.023844 -0.097149
v 0.511344 0.023826 -0.093903
v 0.535780 0.024552 -0.093903
v 0.535780 0.024552 -0.093903
v 0.517566 0.024011 -0.101708
v 0.537482 0.024603 -0.101971
v 0.537482 0.024603 -0.101971
v 0.537036 0.024590 -0.097696
v 0.539655 0.024668 -0.097645
v 0.537036 0.024590 -0.097696
v 0.537877 0.024615 -0.100124
v 0.540146 0.024682 -0.100099
v 0.537877 0.024615 -0.100124
v -0.076793 0.006338 -0.092904
v -0.080273 0.006235 -0.096708
v -0.054141 0.007012 -0.125859
v 0.052113 0.010171 0.078550
v 0.052011 0.010168 0.024722
v 0.054170 0.010232 0.020264
v 0.054305 0.010236 0.088543
v 0.052126 0.010171 0.085585
v 0.040400 0.009823 0.020288
v 0.040510 0.009826 0.078563
v 0.045434 0.009972 0.078563
v 0.045332 0.009969 0.024735
v 0.036889 0.009718 0.085598
v 0.035697 0.009683 0.083462
v 0.035710 0.009683 0.087668
v -0.036461 0.007537 0.084145
v 0.006670 0.008820 0.087668
v -0.036036 0.007550 0.087668
v -0.038775 0.007469 0.099275
v -0.036188 0.007545 0.094745
v -0.038775 0.007469 0.099275
v -0.036188 0.007545 0.094745
v -0.040123 0.007428 0.106548
v -0.055066 0.006984 0.127236
v -0.040713 0.007411 0.137741
v -0.045923 0.007256 0.129817
v -0.051799 0.007081 0.123129
v -0.045925 0.007256 0.116440
v -0.040123 0.007428 0.106548
v -0.017882 0.008090 0.116528
v -0.017882 0.008090 0.110246
v -0.038025 0.007491 0.110158
v -0.038137 0.007488 0.107253
v -0.008860 0.008358 0.116497
v -0.008860 0.008358 0.110215
v -0.008860 0.008358 0.110215
v 0.007609 0.008848 0.099619
v -0.008860 0.008358 0.116497
v -0.000686 0.008601 0.098338
v 0.007609 0.008848 0.099619
v 0.002499 0.008696 0.094745
v 0.478923 0.022862 0.098779
v 0.054312 0.010236 0.095111
v 0.475238 0.022752 0.094288
v 0.002499 0.008696 0.094745
v 0.028806 0.009478 0.094745
v 0.041817 0.009865 0.094736
v 0.048071 0.010051 0.087660
v 0.049901 0.010105 0.085589
v 0.475231 0.022752 0.090785
v 0.054305 0.010236 0.091608
v 0.469604 0.022585 0.087720
v 0.527332 0.024301 0.033135
v 0.531214 0.024417 0.035660
v 0.531164 0.024415 -0.039383
v 0.528138 0.024325 -0.036337
v 0.470297 0.022605 -0.093945
v 0.475445 0.022758 -0.094333
v 0.044064 0.009932 -0.098995
v 0.475349 0.022755 -0.098765
v 0.049607 0.010097 -0.094418
v 0.054523 0.010243 -0.088297
v 0.051176 0.010143 -0.089765
v 0.035542 0.009678 -0.104279
v 0.040098 0.009814 -0.104228
v 0.035288 0.009671 -0.105807
v 0.038325 0.009761 -0.109743
v 0.040326 0.009821 -0.108199
v -0.010843 0.008299 -0.109984
v -0.010984 0.008295 -0.105807
v 0.475252 0.022753 -0.102709
v 0.469183 0.022572 -0.107718
v 0.040326 0.009821 -0.108199
v 0.040098 0.009814 -0.104228
v 0.474146 0.022720 -0.107538
v 0.470476 0.022611 -0.110254
v 0.536798 0.024583 -0.043269
v 0.500334 0.023498 -0.084107
v 0.541921 0.024735 -0.039232
v 0.536847 0.024584 0.035762
v 0.536798 0.024583 -0.043269
v 0.543269 0.024775 -0.034796
v 0.543319 0.024776 0.027289
v 0.543269 0.024775 -0.034796
v 0.556071 0.025156 -0.034806
v 0.553414 0.025077 -0.039232
v 0.556071 0.025156 -0.070863
v 0.552716 0.025056 -0.082445
v 0.587482 0.026090 0.063324
v 0.587433 0.026088 -0.070874
v 0.590593 0.026182 -0.069358
v 0.590643 0.026184 0.058402
v 0.556121 0.025157 0.063335
v 0.556121 0.025157 0.027279
v 0.553621 0.025083 0.040707
v 0.553438 0.025077 0.065127
v 0.553522 0.025080 0.031353
v 0.556121 0.025157 0.027279
v 0.553621 0.025083 0.040707
v 0.543319 0.024776 0.027289
v 0.543350 0.024777 0.031177
v 0.553522 0.025080 0.031353
v 0.536847 0.024584 0.035762
v 0.543226 0.024774 0.036883
v 0.475238 0.022752 0.094288
v 0.499718 0.023480 0.078762
v 0.499718 0.023480 0.078762
v 0.509914 0.023783 0.088313
v 0.468432 0.022550 0.129564
v 0.489358 0.023172 0.102603
v 0.510140 0.023790 0.082586
v 0.468432 0.022550 0.129564
v 0.509914 0.023783 0.088313
v 0.489358 0.023172 0.102603
v 0.462962 0.022387 0.129806
v 0.462962 0.022387 0.137673
v -0.040713 0.007411 0.137741
v -0.008858 0.008358 0.129874
v 0.462962 0.022387 0.129806
v -0.008858 0.008358 0.129874
v -0.017880 0.008090 0.129905
v 0.050560 0.010125 0.016664
v 0.040400 0.009823 0.020288
v 0.008174 0.008865 0.016743
v 0.050560 0.010125 0.016664
v 0.045323 0.009969 0.020288
v 0.045332 0.009969 0.024735
v 0.049777 0.010102 0.020279
v 0.049785 0.010102 0.024726
v 0.045323 0.009969 0.020288
v 0.049777 0.010102 0.020279
v 0.054312 0.010236 0.016664
v 0.502951 0.023576 0.015841
v 0.469469 0.022581 0.019441
v 0.054304 0.010236 0.012326
v 0.050552 0.010125 0.012326
v 0.495412 0.023352 0.007808
v 0.050552 0.010125 0.012326
v 0.495412 0.023352 0.007808
v 0.502943 0.023576 0.011503
v 0.502951 0.023576 0.015841
v 0.469469 0.022581 0.019441
v 0.503495 0.023592 0.019373
v 0.515037 0.023936 0.009890
v 0.503495 0.023592 0.019373
v 0.054304 0.010236 0.012326
v 0.502943 0.023576 0.011503
v 0.506112 0.023670 0.007873
v 0.495412 0.023352 0.007808
v 0.506112 0.023670 0.007873
v 0.509877 0.023782 -0.011396
v 0.509727 0.023778 0.006602
v 0.506262 0.023675 -0.007780
v 0.515068 0.023936 -0.013722
v 0.514005 0.023905 0.004974
v 0.514155 0.023909 -0.011363
v 0.501127 0.023522 -0.018945
v 0.053583 0.010215 -0.022537
v 0.500900 0.023515 -0.023358
v 0.501102 0.023521 -0.022916
v 0.515068 0.023936 -0.013722
v 0.500903 0.023515 -0.025491
v 0.497020 0.023400 -0.017086
v 0.501127 0.023522 -0.018945
v -0.591040 -0.026178 0.035994
v -0.542422 -0.024733 0.035725
v -0.598773 -0.026408 0.028712
v -0.599285 -0.009198 0.028712
v -0.591551 -0.008968 0.035994
v -0.374464 -0.002513 0.080563
v -0.372589 -0.002457 0.076341
v -0.372077 -0.019668 0.076341
v -0.373952 -0.019724 0.080563
v -0.338532 -0.018670 0.216300
v -0.341011 -0.018744 0.215473
v -0.341523 -0.001533 0.215473
v -0.339044 -0.001460 0.216300
v -0.310898 -0.000623 0.226989
v -0.310386 -0.017833 0.226989
v -0.309238 -0.017799 0.219390
v -0.309750 -0.000589 0.219390
v -0.312639 -0.017900 0.186024
v -0.313151 -0.000690 0.186024
v -0.316733 -0.000796 0.181001
v -0.316221 -0.018007 0.181001
v -0.273886 0.000478 0.085336
v -0.273375 -0.016733 0.085336
v -0.263633 -0.016443 0.083946
v -0.264145 0.000767 0.083946
v -0.264145 0.000767 0.083946
v -0.186876 -0.014161 0.014743
v -0.165942 -0.013539 0.036681
v -0.166454 0.003672 0.036681
v -0.181587 0.003222 0.027574
v -0.165942 -0.013539 0.036681
v -0.166454 0.003672 0.036681
v -0.162578 0.003787 0.038312
v -0.162066 -0.013423 0.038312
v -0.161931 -0.013419 0.036582
v -0.137613 -0.012696 0.072857
v -0.141503 -0.012812 0.076262
v -0.142014 0.004399 0.076262
v -0.138125 0.004515 0.072857
v -0.143145 0.004365 0.038377
v -0.142634 -0.012846 0.038377
v -0.138553 -0.012724 0.049191
v -0.139065 0.004487 0.049191
v 0.556121 0.025157 0.063335
v 0.553438 0.025077 0.065127
v 0.553949 0.007867 0.065127
v 0.556633 0.007946 0.063335
v 0.591154 0.008973 0.058402
v 0.587994 0.008879 0.063324
v 0.587482 0.026090 0.063324
v 0.590643 0.026184 0.058402
v 0.540146 0.024682 -0.100099
v 0.539655 0.024668 -0.097645
v 0.540166 0.007457 -0.097645
v 0.540657 0.007471 -0.100099
v -0.088022 -0.011222 -0.162778
v -0.088533 0.005989 -0.162778
v -0.092176 0.005881 -0.177004
v -0.091664 -0.011330 -0.177004
v -0.091652 -0.011330 -0.181387
v -0.092164 0.005881 -0.181387
v -0.033986 0.007611 -0.189035
v -0.033986 0.007611 -0.189035
v -0.173445 -0.013762 -0.188902
v -0.091652 -0.011330 -0.181387
v -0.033474 -0.009600 -0.189035
v -0.308588 -0.017780 -0.182015
v -0.309099 -0.000569 -0.182015
v -0.308856 -0.000562 -0.189311
v -0.308344 -0.017773 -0.189311
v -0.308856 -0.000562 -0.189311
v -0.308344 -0.017773 -0.189311
v -0.323431 -0.018221 -0.189344
v -0.323943 -0.001011 -0.189344
v -0.312684 -0.017902 -0.177631
v -0.313195 -0.000691 -0.177631
v -0.323943 -0.001011 -0.189344
v -0.323431 -0.018221 -0.189344
v -0.333833 -0.018531 -0.173035
v -0.334344 -0.001320 -0.173035
v -0.313195 -0.000691 -0.177631
v -0.312684 -0.017902 -0.177631
v 0.489358 0.023172 0.102603
v 0.478923 0.022862 0.098779
v 0.478547 0.035497 0.098779
v 0.488982 0.035807 0.102603
v -0.018256 0.020725 0.129905
v -0.046299 0.019891 0.129817
v -0.001301 0.019231 0.049065
v -0.002923 0.019182 0.049091
v -0.222079 0.002018 0.031918
v -0.223367 0.001980 0.027574
v -0.222855 -0.015231 0.027574
v -0.218600 -0.015104 0.050692
v -0.215378 -0.015009 0.030924
v -0.211234 -0.014885 0.030924
v -0.212029 -0.014909 0.032943
v -0.217137 -0.015061 0.032943
v -0.217088 -0.015059 0.035866
v -0.218798 -0.015110 0.040808
v -0.350851 0.000312 -0.023905
v -0.325083 0.001078 -0.023909
v -0.310771 0.001504 0.002061
v -0.332570 0.000856 0.022212
v -0.362531 -0.000035 -0.007543
v -0.362531 -0.000035 -0.011875
v -0.362531 -0.000035 -0.011875
v -0.354809 0.000195 -0.020035
v -0.332570 0.000856 0.022212
v -0.342399 0.000583 -0.164708
v -0.196441 0.004923 -0.163911
v -0.079782 0.006249 -0.162064
v -0.067533 -0.010612 -0.161024
v -0.068044 0.006598 -0.161024
v -0.079270 -0.010961 -0.162064
v -0.079782 0.006249 -0.162064
v -0.067533 -0.010612 -0.161024
v -0.455578 -0.022151 -0.020541
v -0.456090 -0.004940 -0.020541
v -0.438115 -0.004405 -0.012819
v -0.437604 -0.021616 -0.012819
v -0.438115 -0.004405 -0.012819
v -0.437604 -0.021616 -0.012819
v -0.431462 -0.021434 -0.008935
v -0.431973 -0.004223 -0.008935
v -0.370367 -0.002083 -0.104547
v -0.369221 -0.002049 -0.104541
v 0.591105 0.008971 -0.069358
v 0.590593 0.026182 -0.069358
v 0.587433 0.026088 -0.070874
v 0.587944 0.008877 -0.070874
v -0.598262 -0.043619 0.028712
v -0.575782 -0.042951 0.028861
v -0.598262 -0.043619 0.028712
v -0.574876 -0.042924 -0.120763
v -0.544318 -0.042015 -0.152750
v -0.428785 -0.038580 -0.153591
v -0.401481 -0.037768 -0.153591
v -0.544318 -0.042015 -0.152750
v -0.428785 -0.038580 -0.153591
v -0.332055 -0.035704 -0.153462
v -0.212945 -0.032162 -0.153241
v -0.195354 -0.031639 -0.163911
v -0.341312 -0.035979 -0.164708
v -0.198334 -0.031728 -0.136498
v -0.195329 -0.031638 -0.142305
v -0.212945 -0.032162 -0.153241
v -0.198334 -0.031728 -0.136498
v -0.195329 -0.031638 -0.142305
v -0.195354 -0.031639 -0.163911
v -0.574876 -0.042924 -0.120763
v -0.575476 -0.022761 -0.120763
v -0.576382 -0.022788 0.028861
v -0.575782 -0.042951 0.028861
v -0.574709 -0.042919 0.029002
v -0.570476 -0.042793 0.029029
v -0.569618 -0.042767 -0.101322
v -0.570476 -0.042793 0.029029
v -0.574709 -0.042919 0.029002
v -0.573850 -0.042893 -0.119995
v -0.543908 -0.042003 -0.150314
v -0.537783 -0.041821 -0.150375
v -0.538663 -0.041847 -0.132249
v -0.569618 -0.042767 -0.101322
v -0.573850 -0.042893 -0.119995
v -0.543908 -0.042003 -0.150314
v -0.215514 -0.032239 -0.146892
v -0.537400 -0.041809 -0.146902
v -0.537400 -0.041809 -0.146902
v -0.538663 -0.041847 -0.132249
v -0.188806 -0.031444 -0.123352
v -0.179883 -0.031179 -0.114106
v -0.537783 -0.041821 -0.150375
v -0.215575 -0.032240 -0.150386
v -0.179883 -0.031179 -0.114106
v -0.186973 -0.031390 -0.114013
v -0.186973 -0.031390 -0.114013
v -0.187309 -0.031400 -0.117688
v -0.215077 -0.032226 -0.143764
v -0.215514 -0.032239 -0.146892
v -0.215575 -0.032240 -0.150386
v -0.197729 -0.031710 -0.132363
v -0.187309 -0.031400 -0.117688
v -0.215077 -0.032226 -0.143764
v -0.188806 -0.031444 -0.123352
v -0.568089 -0.042722 0.029002
v -0.541926 -0.041944 0.029029
v -0.542438 -0.024733 0.029029
v -0.568089 -0.042722 0.029002
v -0.567955 -0.042718 -0.100830
v -0.555129 -0.033724 -0.089811
v -0.542010 -0.024721 -0.078890
v -0.541498 -0.041931 -0.078890
v -0.541926 -0.041944 0.029029
v -0.567955 -0.042718 -0.100830
v -0.568089 -0.042722 0.029002
v -0.552144 -0.042248 -0.116016
v -0.536333 -0.041778 -0.131202
v -0.513124 -0.041088 -0.113386
v -0.543257 -0.041984 -0.083043
v -0.543257 -0.041984 -0.083043
v -0.541498 -0.041931 -0.078890
v -0.567955 -0.042718 -0.100830
v -0.432816 -0.038700 -0.113393
v -0.513124 -0.041088 -0.113386
v -0.536333 -0.041778 -0.131202
v -0.535673 -0.041758 -0.145686
v -0.219703 -0.032363 -0.145490
v -0.189732 -0.031472 -0.114362
v -0.189732 -0.031472 -0.114362
v -0.358102 -0.036478 -0.113691
v -0.438557 -0.038870 -0.145625
v -0.219703 -0.032363 -0.145490
v -0.535673 -0.041758 -0.145686
v -0.358102 -0.036478 -0.113691
v -0.364831 -0.036678 -0.107099
v -0.364831 -0.036678 -0.107099
v -0.426034 -0.038498 -0.106801
v -0.426034 -0.038498 -0.106801
v -0.432816 -0.038700 -0.113393
v -0.574709 -0.042919 0.029002
v -0.568089 -0.042722 0.029002
v -0.536002 -0.041768 -0.081133
v -0.535974 -0.041767 -0.085513
v -0.536002 -0.041768 -0.081133
v -0.512667 -0.041074 -0.103712
v -0.512639 -0.041073 -0.108092
v -0.512667 -0.041074 -0.103712
v -0.536002 -0.041768 -0.081133
v -0.512667 -0.041074 -0.103712
v -0.535974 -0.041767 -0.085513
v -0.512639 -0.041073 -0.108092
v -0.520664 -0.041312 0.035651
v -0.482952 -0.040190 -0.010092
v -0.483354 -0.022976 0.029732
v -0.521066 -0.024098 0.067170
v -0.520664 -0.041312 0.035651
v -0.482952 -0.040190 -0.010092
v -0.541910 -0.041944 0.035725
v -0.520664 -0.041312 0.035651
v -0.521066 -0.024098 0.067170
v -0.542312 -0.024730 0.067245
v -0.536363 -0.024553 0.067224
v -0.521066 -0.024098 0.067170
v -0.520664 -0.041312 0.035651
v -0.535961 -0.041767 0.035704
v -0.521066 -0.024098 0.067170
v -0.483354 -0.022976 0.029732
v -0.482952 -0.040190 -0.010092
v -0.520664 -0.041312 0.035651
v -0.542312 -0.024730 0.067245
v -0.541910 -0.041944 0.035725
v -0.541910 -0.041944 0.035725
v -0.535961 -0.041767 0.035704
v -0.536086 -0.041770 -0.077066
v -0.507284 -0.040914 -0.105661
v -0.535961 -0.041767 0.035704
v -0.536086 -0.041770 -0.077066
v -0.507284 -0.040914 -0.105661
v -0.520664 -0.041312 0.035651
v -0.590528 -0.043389 0.035994
v -0.541910 -0.041944 0.035725
v -0.466985 -0.039716 -0.105776
v -0.507284 -0.040914 -0.105661
v -0.465544 -0.039673 -0.028649
v -0.465826 -0.039681 -0.050014
v -0.434693 -0.038756 -0.106379
v -0.466985 -0.039716 -0.105776
v -0.380384 -0.037141 -0.047848
v -0.434693 -0.038756 -0.106379
v -0.465826 -0.039681 -0.050014
v -0.403882 -0.037839 -0.050096
v -0.388209 -0.037373 -0.040002
v -0.391731 -0.037478 -0.037043
v -0.403882 -0.037839 -0.050096
v -0.391731 -0.037478 -0.037043
v -0.388209 -0.037373 -0.040002
v -0.380384 -0.037141 -0.047848
v -0.432016 -0.038676 -0.104575
v -0.419321 -0.038299 -0.090817
v -0.429818 -0.038611 -0.106599
v -0.417123 -0.038233 -0.092842
v -0.432016 -0.038676 -0.104575
v -0.429818 -0.038611 -0.106599
v -0.417123 -0.038233 -0.092842
v -0.419321 -0.038299 -0.090817
v -0.423847 -0.038433 -0.101846
v -0.423724 -0.038429 -0.104832
v -0.368133 -0.036776 -0.101552
v -0.368188 -0.036778 -0.104541
v -0.368188 -0.036778 -0.104541
v -0.369335 -0.036812 -0.104547
v -0.369284 -0.036811 -0.101558
v -0.368133 -0.036776 -0.101552
v -0.423847 -0.038433 -0.101846
v -0.422603 -0.038396 -0.101839
v -0.422484 -0.038393 -0.104826
v -0.423724 -0.038429 -0.104832
v -0.422603 -0.038396 -0.101839
v -0.422612 -0.038396 -0.100126
v -0.422612 -0.038396 -0.100126
v -0.369293 -0.036811 -0.099846
v -0.369293 -0.036811 -0.099846
v -0.369284 -0.036811 -0.101558
v -0.377129 -0.037044 -0.097602
v -0.374874 -0.036977 -0.097598
v -0.376864 -0.037036 -0.093780
v -0.374813 -0.036975 -0.093765
v -0.374813 -0.036975 -0.093765
v -0.374874 -0.036977 -0.097598
v -0.418203 -0.038265 -0.097683
v -0.414234 -0.038147 -0.094046
v -0.378741 -0.037092 -0.097605
v -0.378242 -0.037077 -0.090962
v -0.376883 -0.037037 -0.090936
v -0.376883 -0.037037 -0.090936
v -0.376864 -0.037036 -0.093780
v -0.414234 -0.038147 -0.094046
v -0.411517 -0.038066 -0.091601
v -0.378335 -0.037080 -0.061534
v -0.378242 -0.037077 -0.090962
v -0.418203 -0.038265 -0.097683
v -0.378343 -0.037080 -0.058297
v -0.378335 -0.037080 -0.061534
v -0.411517 -0.038066 -0.091601
v -0.378343 -0.037080 -0.058297
v -0.461985 -0.039567 -0.042415
v -0.408016 -0.037962 -0.042496
v -0.396884 -0.037631 -0.033149
v -0.408016 -0.037962 -0.042496
v -0.461985 -0.039567 -0.042415
v -0.461967 -0.039567 -0.033165
v -0.461967 -0.039567 -0.029500
v -0.396885 -0.037631 -0.029484
v -0.396885 -0.037631 -0.029484
v -0.396884 -0.037631 -0.033149
v -0.461967 -0.039567 -0.033165
v -0.461967 -0.039567 -0.029500
v -0.461674 -0.039558 -0.029402
v -0.396592 -0.037623 -0.029386
v -0.397397 -0.020421 -0.029484
v -0.462479 -0.022356 -0.029500
v -0.454771 -0.039353 -0.027447
v -0.455576 -0.022151 -0.027545
v -0.409836 -0.020790 -0.027529
v -0.409031 -0.037993 -0.027431
v -0.455067 -0.039361 -0.020541
v -0.401066 -0.037756 -0.020716
v -0.388942 -0.037395 -0.016424
v -0.437091 -0.038827 -0.016436
v -0.455065 -0.039361 -0.024043
v -0.455067 -0.039361 -0.020541
v -0.454771 -0.039353 -0.027447
v -0.455065 -0.039361 -0.024043
v -0.455577 -0.022151 -0.024043
v -0.455576 -0.022151 -0.027545
v -0.409836 -0.020790 -0.027529
v -0.409837 -0.020791 -0.024027
v -0.409325 -0.038001 -0.024027
v -0.409031 -0.037993 -0.027431
v -0.404849 -0.037868 -0.020523
v -0.404847 -0.037868 -0.024025
v -0.404847 -0.037868 -0.024025
v -0.409325 -0.038001 -0.024027
v -0.409327 -0.038001 -0.020525
v -0.404849 -0.037868 -0.020523
v -0.388942 -0.037395 -0.016424
v -0.368979 -0.036802 -0.016420
v -0.437091 -0.038827 -0.016436
v -0.437092 -0.038827 -0.012819
v -0.364975 -0.036683 -0.012803
v -0.364974 -0.036683 -0.019644
v -0.364974 -0.036683 -0.019644
v -0.368979 -0.036802 -0.016420
v -0.437092 -0.038827 -0.012819
v -0.388942 -0.037395 -0.012808
v -0.437091 -0.038827 -0.016436
v -0.379960 -0.037128 -0.004501
v -0.368985 -0.036802 0.006255
v -0.368985 -0.036802 0.006255
v -0.364980 -0.036683 0.010361
v -0.385403 -0.037290 -0.009535
v -0.379960 -0.037128 -0.004501
v -0.364977 -0.036683 -0.004165
v -0.364975 -0.036683 -0.012803
v -0.388942 -0.037395 -0.012808
v -0.347980 -0.036177 0.028838
v -0.335670 -0.035811 0.028841
v -0.364980 -0.036683 0.010361
v -0.347980 -0.036177 0.028838
v -0.347977 -0.036177 0.012846
v -0.364977 -0.036683 -0.004165
v -0.335667 -0.035811 0.024381
v -0.347977 -0.036177 0.012846
v -0.334205 -0.035768 0.028842
v -0.334202 -0.035768 0.024382
v -0.334202 -0.035768 0.024382
v -0.335667 -0.035811 0.024381
v -0.335670 -0.035811 0.028841
v -0.334205 -0.035768 0.028842
v -0.390760 -0.037449 -0.008932
v -0.430950 -0.038644 -0.008935
v -0.365062 -0.036685 0.017156
v -0.390760 -0.037449 -0.008932
v -0.350146 -0.036242 0.031769
v -0.365062 -0.036685 0.017156
v -0.343649 -0.036049 0.031772
v -0.350146 -0.036242 0.031769
v -0.338133 -0.035884 0.055038
v -0.342682 -0.036020 0.043826
v -0.342682 -0.036020 0.043826
v -0.343649 -0.036049 0.031772
v -0.371566 -0.036879 0.076341
v -0.370143 -0.036836 0.105896
v -0.366166 -0.036718 0.087124
v -0.338133 -0.035884 0.055038
v -0.370143 -0.036836 0.105896
v -0.368407 -0.036785 0.106987
v -0.368407 -0.036785 0.106987
v -0.366166 -0.036718 0.087124
v -0.373817 -0.036946 0.107030
v -0.373441 -0.036934 0.080563
v -0.404474 -0.037857 0.174291
v -0.395228 -0.037582 0.168670
v -0.370772 -0.036855 0.121548
v -0.371138 -0.036866 0.117330
v -0.371138 -0.036866 0.117330
v -0.373817 -0.036946 0.107030
v -0.395228 -0.037582 0.168670
v -0.370772 -0.036855 0.121548
v -0.336512 -0.035836 0.062739
v -0.361709 -0.036586 0.089354
v -0.332108 -0.035705 0.134161
v -0.308126 -0.034992 0.086064
v -0.361709 -0.036586 0.089354
v -0.363636 -0.036643 0.119148
v -0.308126 -0.034992 0.086064
v -0.322319 -0.035414 0.074402
v -0.363636 -0.036643 0.119148
v -0.365352 -0.036694 0.128177
v -0.327046 -0.035555 0.185945
v -0.332108 -0.035705 0.134161
v -0.334364 -0.035772 0.196818
v -0.327046 -0.035555 0.185945
v -0.334265 -0.035770 0.205171
v -0.334364 -0.035772 0.196818
v -0.365352 -0.036694 0.128177
v -0.380473 -0.037143 0.154372
v -0.371020 -0.036862 0.175886
v -0.368676 -0.036793 0.197946
v -0.380473 -0.037143 0.154372
v -0.385250 -0.037285 0.165147
v -0.368676 -0.036793 0.197946
v -0.334265 -0.035770 0.205171
v -0.376751 -0.037033 0.168317
v -0.371020 -0.036862 0.175886
v -0.329416 -0.035625 0.068571
v -0.332964 -0.035731 0.065655
v -0.380186 -0.037135 0.165511
v -0.376751 -0.037033 0.168317
v -0.385250 -0.037285 0.165147
v -0.380186 -0.037135 0.165511
v -0.336512 -0.035836 0.062739
v -0.387074 -0.037340 0.197412
v -0.337171 -0.035856 0.208859
v -0.337171 -0.035856 0.208859
v -0.340499 -0.035955 0.215473
v -0.404261 -0.037851 0.181516
v -0.398556 -0.037681 0.178413
v -0.398556 -0.037681 0.178413
v -0.387074 -0.037340 0.197412
v -0.394831 -0.037570 0.177039
v -0.393101 -0.037519 0.180300
v -0.385857 -0.037304 0.169769
v -0.390344 -0.037437 0.173404
v -0.379603 -0.037118 0.194715
v -0.372673 -0.036912 0.196749
v -0.377603 -0.037058 0.174078
v -0.378824 -0.037094 0.172305
v -0.372673 -0.036912 0.196749
v -0.372967 -0.036920 0.180812
v -0.378824 -0.037094 0.172305
v -0.385857 -0.037304 0.169769
v -0.376444 -0.037024 0.175762
v -0.384749 -0.037271 0.186973
v -0.386199 -0.037314 0.185282
v -0.391459 -0.037470 0.183395
v -0.386532 -0.037324 0.192681
v -0.394831 -0.037570 0.177039
v -0.389817 -0.037421 0.186490
v -0.386532 -0.037324 0.192681
v -0.372967 -0.036920 0.180812
v -0.375285 -0.036989 0.177445
v -0.379212 -0.037106 0.177207
v -0.377986 -0.037069 0.181816
v -0.377986 -0.037069 0.181816
v -0.378868 -0.037096 0.185868
v -0.390638 -0.037446 0.184943
v -0.386199 -0.037314 0.185282
v -0.387648 -0.037357 0.183592
v -0.375864 -0.037006 0.176603
v -0.387648 -0.037357 0.183592
v -0.387518 -0.037353 0.176965
v -0.378868 -0.037096 0.185868
v -0.384749 -0.037271 0.186973
v -0.384136 -0.037252 0.176038
v -0.379212 -0.037106 0.177207
v -0.387518 -0.037353 0.176965
v -0.384136 -0.037252 0.176038
v -0.385559 -0.023784 0.182998
v -0.383949 -0.023736 0.184510
v -0.383548 -0.037229 0.184510
v -0.385158 -0.037277 0.182998
v -0.380221 -0.023625 0.181774
v -0.380722 -0.023640 0.178878
v -0.380321 -0.037133 0.178878
v -0.379820 -0.037118 0.181774
v -0.379820 -0.037118 0.181774
v -0.380282 -0.037132 0.184078
v -0.380684 -0.023639 0.184078
v -0.380221 -0.023625 0.181774
v -0.385158 -0.037277 0.182998
v -0.385550 -0.037289 0.181408
v -0.385951 -0.023796 0.181408
v -0.385559 -0.023784 0.182998
v -0.385550 -0.037289 0.181408
v -0.385515 -0.037288 0.178976
v -0.385916 -0.023795 0.178976
v -0.385951 -0.023796 0.181408
v -0.380684 -0.023639 0.184078
v -0.380282 -0.037132 0.184078
v -0.383548 -0.037229 0.184510
v -0.383949 -0.023736 0.184510
v -0.380722 -0.023640 0.178878
v -0.383522 -0.023724 0.178527
v -0.383121 -0.037216 0.178527
v -0.380321 -0.037133 0.178878
v -0.383522 -0.023724 0.178527
v -0.385916 -0.023795 0.178976
v -0.385515 -0.037288 0.178976
v -0.383121 -0.037216 0.178527
v -0.383522 -0.023724 0.178527
v -0.380722 -0.023640 0.178878
v -0.380221 -0.023625 0.181774
v -0.380684 -0.023639 0.184078
v -0.383949 -0.023736 0.184510
v -0.385559 -0.023784 0.182998
v -0.385951 -0.023796 0.181408
v -0.385916 -0.023795 0.178976
v -0.332176 -0.035707 0.199170
v -0.326503 -0.035539 0.189742
v -0.332004 -0.035702 0.208013
v -0.332176 -0.035707 0.199170
v -0.326503 -0.035539 0.189742
v -0.323283 -0.035443 0.189789
v -0.323283 -0.035443 0.189789
v -0.319217 -0.035322 0.216723
v -0.338021 -0.035881 0.216300
v -0.332004 -0.035702 0.208013
v -0.319217 -0.035322 0.216723
v -0.309874 -0.035044 0.226989
v -0.322600 -0.035423 0.186101
v -0.312127 -0.035111 0.186024
v -0.312382 -0.035119 0.218923
v -0.316870 -0.035252 0.213992
v -0.319187 -0.035321 0.203089
v -0.322600 -0.035423 0.186101
v -0.316870 -0.035252 0.213992
v -0.319187 -0.035321 0.203089
v -0.308726 -0.035010 0.219390
v -0.312382 -0.035119 0.218923
v -0.315709 -0.035218 0.181001
v -0.323333 -0.035444 0.182462
v -0.326111 -0.035527 0.158289
v -0.328890 -0.035610 0.134115
v -0.323333 -0.035444 0.182462
v -0.316441 -0.035240 0.108640
v -0.303405 -0.034852 0.090398
v -0.294385 -0.034584 0.096142
v -0.282827 -0.034240 0.085964
v -0.298944 -0.034719 0.093368
v -0.294385 -0.034584 0.096142
v -0.301224 -0.034787 0.091981
v -0.303405 -0.034852 0.090398
v -0.301224 -0.034787 0.091981
v -0.282827 -0.034240 0.085964
v -0.275138 -0.034011 0.079966
v -0.275138 -0.034011 0.079966
v -0.272863 -0.033944 0.085336
v -0.326079 -0.035526 0.062026
v -0.334645 -0.035781 0.055196
v -0.334645 -0.035781 0.055196
v -0.337929 -0.035878 0.043729
v -0.277368 -0.034078 0.069662
v -0.296497 -0.034646 0.085617
v -0.337929 -0.035878 0.043729
v -0.327456 -0.035567 0.032653
v -0.327456 -0.035567 0.032653
v -0.321417 -0.035387 0.025863
v -0.276765 -0.034060 0.073409
v -0.277368 -0.034078 0.069662
v -0.321417 -0.035387 0.025863
v -0.317893 -0.035283 0.022349
v -0.274220 -0.033984 0.073412
v -0.276765 -0.034060 0.073409
v -0.273610 -0.033966 0.069667
v -0.274220 -0.033984 0.073412
v -0.306704 -0.034950 0.033415
v -0.298736 -0.034713 0.042143
v -0.318957 -0.035314 0.067706
v -0.308240 -0.034996 0.012303
v -0.298587 -0.034709 0.002257
v -0.277303 -0.034076 0.013649
v -0.297703 -0.034682 0.013514
v -0.284131 -0.034279 0.002429
v -0.280921 -0.034183 0.007142
v -0.298587 -0.034709 0.002257
v -0.284131 -0.034279 0.002429
v -0.280921 -0.034183 0.007142
v -0.277303 -0.034076 0.013649
v -0.297703 -0.034682 0.013514
v -0.304268 -0.034878 0.017186
v -0.310653 -0.035067 0.014815
v -0.317893 -0.035283 0.022349
v -0.313067 -0.035139 0.017326
v -0.306600 -0.034947 0.021184
v -0.306704 -0.034950 0.033415
v -0.304268 -0.034878 0.017186
v -0.306600 -0.034947 0.021184
v -0.296497 -0.034646 0.085617
v -0.281201 -0.034192 0.041779
v -0.274067 -0.033980 0.048615
v -0.274067 -0.033980 0.048615
v -0.273610 -0.033966 0.069667
v -0.298736 -0.034713 0.042143
v -0.281201 -0.034192 0.041779
v -0.302605 -0.034828 0.028341
v -0.302529 -0.034826 0.024995
v -0.279825 -0.034151 0.037906
v -0.294207 -0.034578 0.037842
v -0.294747 -0.034594 0.017078
v -0.278714 -0.034118 0.017098
v -0.297173 -0.034667 0.017134
v -0.294747 -0.034594 0.017078
v -0.294207 -0.034578 0.037842
v -0.296246 -0.034639 0.034012
v -0.298941 -0.034719 0.033712
v -0.302634 -0.034829 0.029605
v -0.302529 -0.034826 0.024995
v -0.299260 -0.034729 0.018435
v -0.296246 -0.034639 0.034012
v -0.298941 -0.034719 0.033712
v -0.299260 -0.034729 0.018435
v -0.297173 -0.034667 0.017134
v -0.267335 -0.033779 0.020150
v -0.238435 -0.032920 0.019901
v -0.267073 -0.033772 0.050528
v -0.279825 -0.034151 0.037906
v -0.278714 -0.034118 0.017098
v -0.267335 -0.033779 0.020150
v -0.302634 -0.034829 0.029605
v -0.180564 -0.031199 0.027574
v -0.222343 -0.032442 0.027574
v -0.238435 -0.032920 0.019901
v -0.227052 -0.032582 0.019796
v -0.217028 -0.032284 0.013722
v -0.211697 -0.032125 0.018728
v -0.227576 -0.032597 0.015614
v -0.220492 -0.032387 0.011238
v -0.220492 -0.032387 0.011238
v -0.217028 -0.032284 0.013722
v -0.227052 -0.032582 0.019796
v -0.227576 -0.032597 0.015614
v -0.187613 -0.031409 0.018728
v -0.180564 -0.031199 0.027574
v -0.211697 -0.032125 0.018728
v -0.187613 -0.031409 0.018728
v -0.267005 -0.033770 0.055365
v -0.267073 -0.033772 0.050528
v -0.268975 -0.033828 0.055401
v -0.267005 -0.033770 0.055365
v -0.268975 -0.033828 0.073265
v -0.268975 -0.033828 0.055401
v -0.263122 -0.033654 0.083946
v -0.270325 -0.033868 0.080658
v -0.270325 -0.033868 0.080658
v -0.272127 -0.033922 0.076199
v -0.272127 -0.033922 0.076199
v -0.268975 -0.033828 0.073265
v -0.328890 -0.035610 0.134115
v -0.316441 -0.035240 0.108640
v -0.206578 -0.031973 0.030924
v -0.214866 -0.032219 0.030924
v -0.212029 -0.014909 0.032943
v -0.212739 -0.014930 0.035866
v -0.208390 -0.014801 0.035866
v -0.207098 -0.008767 0.032943
v -0.211234 -0.014885 0.030924
v -0.212029 -0.014909 0.032943
v -0.207098 -0.008767 0.032943
v -0.207089 -0.014762 0.030924
v -0.232204 -0.027524 0.070696
v -0.232226 -0.027916 0.072064
v -0.224893 -0.015291 0.066134
v -0.235769 -0.015491 0.066225
v -0.233964 -0.015561 0.068460
v -0.228744 -0.015406 0.069099
v -0.233962 -0.027906 0.069016
v -0.233919 -0.027575 0.070605
v -0.233673 -0.025345 0.068460
v -0.233962 -0.027906 0.069016
v -0.235769 -0.015491 0.066225
v -0.235713 -0.015613 0.069035
v -0.234329 -0.015572 0.069016
v -0.233964 -0.015561 0.068460
v -0.346464 -0.036132 0.007335
v -0.331483 -0.035687 0.022212
v -0.323996 -0.035464 -0.023909
v -0.349764 -0.036230 -0.023905
v -0.349764 -0.036230 -0.023905
v -0.353723 -0.036348 -0.020035
v -0.349701 -0.038351 -0.023905
v -0.353660 -0.038469 -0.020035
v -0.331483 -0.035687 0.022212
v -0.309684 -0.035039 0.002061
v -0.353723 -0.036348 -0.020035
v -0.361445 -0.036578 -0.011875
v -0.361445 -0.036578 -0.011875
v -0.361444 -0.036578 -0.007543
v -0.361444 -0.036578 -0.007543
v -0.361381 -0.038699 -0.007543
v -0.346401 -0.038253 0.007335
v -0.309843 -0.035043 -0.004889
v -0.315110 -0.035200 -0.015134
v -0.315110 -0.035200 -0.015134
v -0.315047 -0.037321 -0.015134
v -0.323933 -0.037585 -0.023909
v -0.323996 -0.035464 -0.023909
v -0.309684 -0.035039 0.002061
v -0.309843 -0.035043 -0.004889
v -0.309780 -0.037164 -0.004889
v -0.315047 -0.037321 -0.015134
v -0.309621 -0.037160 0.002061
v -0.309780 -0.037164 -0.004889
v -0.310094 -0.035051 -0.028502
v -0.306704 -0.034950 -0.028503
v -0.287898 -0.034391 -0.001950
v -0.292990 -0.034542 -0.001912
v -0.306704 -0.034950 -0.028503
v -0.287898 -0.034391 -0.001950
v -0.303225 -0.034847 -0.000264
v -0.320261 -0.035353 -0.028499
v -0.296854 -0.034657 -0.004168
v -0.298548 -0.034707 -0.003429
v -0.315177 -0.035202 -0.028500
v -0.313483 -0.035152 -0.028501
v -0.320261 -0.035353 -0.028499
v -0.316872 -0.035252 -0.028500
v -0.298886 -0.034718 -0.000383
v -0.303225 -0.034847 -0.000264
v -0.298548 -0.034707 -0.003429
v -0.298886 -0.034718 -0.000383
v -0.292990 -0.034542 -0.001912
v -0.295057 -0.034604 -0.003990
v -0.311788 -0.035101 -0.028501
v -0.295057 -0.034604 -0.003990
v -0.296854 -0.034657 -0.004168
v -0.216914 -0.032280 0.008451
v -0.192303 -0.031548 -0.015465
v -0.186655 -0.031380 -0.009565
v -0.192303 -0.031548 -0.015465
v -0.216914 -0.032280 0.008451
v -0.211325 -0.032114 0.014771
v -0.211325 -0.032114 0.014771
v -0.186365 -0.031372 0.014743
v -0.171298 -0.030924 0.006143
v -0.186655 -0.031380 -0.009565
v -0.186365 -0.031372 0.014743
v -0.165431 -0.030749 0.036681
v -0.141959 -0.030052 0.033748
v -0.171298 -0.030924 0.006143
v -0.142122 -0.030056 0.038377
v -0.141959 -0.030052 0.033748
v -0.165431 -0.030749 0.036681
v -0.161419 -0.030630 0.036582
v -0.161554 -0.030634 0.038312
v -0.151756 -0.030343 0.038438
v -0.161419 -0.030630 0.036582
v -0.161554 -0.030634 0.038312
v -0.151756 -0.030343 0.038438
v -0.142122 -0.030056 0.038377
v -0.156381 -0.030480 -0.034721
v -0.179623 -0.031171 -0.011928
v -0.120413 -0.029411 0.048504
v -0.097170 -0.028720 0.025711
v -0.097170 -0.028720 0.025711
v -0.114240 -0.029227 0.008289
v -0.129694 -0.029687 0.057605
v -0.179623 -0.031171 -0.011928
v -0.138655 -0.029953 0.031082
v -0.156381 -0.030480 -0.034721
v -0.138042 -0.029935 0.049191
v -0.129694 -0.029687 0.057605
v -0.138655 -0.029953 0.031082
v -0.138042 -0.029935 0.049191
v -0.152993 -0.030380 -0.038401
v -0.097725 -0.028736 0.017333
v -0.094481 -0.028640 0.014114
v -0.149749 -0.030283 -0.041621
v -0.149749 -0.030283 -0.041621
v -0.152055 -0.030352 -0.040695
v -0.095419 -0.028668 0.017092
v -0.094481 -0.028640 0.014114
v -0.097725 -0.028736 0.017333
v -0.095419 -0.028668 0.017092
v -0.152055 -0.030352 -0.040695
v -0.152993 -0.030380 -0.038401
v -0.146373 -0.030183 -0.045168
v -0.093328 -0.028605 0.009075
v -0.068462 -0.027866 -0.003097
v -0.128288 -0.029645 -0.063054
v -0.134495 -0.029830 -0.063163
v -0.133980 -0.029814 -0.057424
v -0.070274 -0.027920 0.005364
v -0.068996 -0.027882 0.003881
v -0.068996 -0.027882 0.003881
v -0.068462 -0.027866 -0.003097
v -0.093328 -0.028605 0.009075
v -0.073055 -0.028003 0.008594
v -0.073055 -0.028003 0.008594
v -0.133980 -0.029814 -0.057424
v -0.146373 -0.030183 -0.045168
v -0.134837 -0.029840 -0.069503
v -0.134495 -0.029830 -0.063163
v -0.128288 -0.029645 -0.063054
v -0.134837 -0.029840 -0.069503
v -0.061423 -0.027657 -0.005345
v -0.037446 -0.026944 -0.029202
v -0.132221 -0.029762 -0.076561
v -0.134056 -0.029816 -0.074735
v -0.063257 -0.027711 -0.003519
v -0.063813 -0.027728 -0.007749
v -0.132221 -0.029762 -0.076561
v -0.134056 -0.029816 -0.074735
v -0.065647 -0.027782 -0.005923
v -0.039836 -0.027015 -0.102815
v -0.039836 -0.027015 -0.031606
v -0.039836 -0.027015 -0.031606
v -0.063813 -0.027728 -0.007749
v -0.037446 -0.026944 -0.102707
v -0.039836 -0.027015 -0.102815
v -0.037446 -0.026944 -0.029202
v -0.037446 -0.026944 -0.102707
v -0.191230 -0.031516 -0.162609
v -0.193623 -0.031588 -0.162601
v -0.191153 -0.031514 -0.135975
v -0.191230 -0.031516 -0.162609
v -0.193623 -0.031588 -0.162601
v -0.193546 -0.031585 -0.135967
v -0.194948 -0.031627 -0.132326
v -0.193535 -0.031585 -0.132330
v -0.191147 -0.031514 -0.133790
v -0.194958 -0.031627 -0.135963
v -0.194952 -0.031627 -0.133779
v -0.193546 -0.031585 -0.135967
v -0.194958 -0.031627 -0.135963
v -0.194948 -0.031627 -0.132326
v -0.189224 -0.031457 -0.133796
v -0.191147 -0.031514 -0.133790
v -0.189220 -0.031457 -0.132343
v -0.189224 -0.031457 -0.133796
v -0.175866 -0.031060 -0.114255
v -0.173473 -0.030989 -0.114263
v -0.173473 -0.030989 -0.114263
v -0.171551 -0.030931 -0.114268
v -0.193535 -0.031585 -0.132330
v -0.175866 -0.031060 -0.114255
v -0.171551 -0.030931 -0.114268
v -0.189220 -0.031457 -0.132343
v -0.242314 -0.033035 0.017314
v -0.228430 -0.032623 0.014779
v -0.309838 -0.035043 -0.041773
v -0.273095 -0.033951 0.014783
v -0.228430 -0.032623 0.014779
v -0.192477 -0.031554 -0.022106
v -0.233344 -0.032769 -0.048754
v -0.204885 -0.031923 -0.049248
v -0.296433 -0.034645 -0.055806
v -0.309838 -0.035043 -0.041773
v -0.192477 -0.031554 -0.022106
v -0.187658 -0.031410 -0.017688
v -0.273095 -0.033951 0.014783
v -0.256199 -0.033448 0.014782
v -0.296303 -0.034641 -0.057627
v -0.264205 -0.033686 -0.057820
v -0.261803 -0.033615 -0.053326
v -0.264205 -0.033686 -0.057820
v -0.296303 -0.034641 -0.057627
v -0.296433 -0.034645 -0.055806
v -0.247574 -0.033192 -0.047324
v -0.233344 -0.032769 -0.048754
v -0.249257 -0.033242 0.016048
v -0.242314 -0.033035 0.017314
v -0.252728 -0.033345 0.015415
v -0.254688 -0.033403 -0.048636
v -0.247574 -0.033192 -0.047324
v -0.261803 -0.033615 -0.053326
v -0.254688 -0.033403 -0.048636
v -0.256199 -0.033448 0.014782
v -0.155004 -0.030439 -0.098664
v -0.204885 -0.031923 -0.049248
v -0.139605 -0.029981 -0.064907
v -0.138838 -0.029959 -0.083839
v -0.187658 -0.031410 -0.017688
v -0.139605 -0.029981 -0.064907
v -0.138838 -0.029959 -0.083839
v -0.155004 -0.030439 -0.098664
v -0.206442 -0.031969 -0.054378
v -0.158672 -0.030548 -0.101330
v -0.158672 -0.030548 -0.101330
v -0.162130 -0.030651 -0.105831
v -0.227602 -0.032598 -0.054305
v -0.206442 -0.031969 -0.054378
v -0.162062 -0.030649 -0.107349
v -0.162002 -0.030647 -0.108671
v -0.224427 -0.032504 -0.080132
v -0.223170 -0.032466 -0.070749
v -0.189178 -0.031455 -0.108581
v -0.196387 -0.031670 -0.108542
v -0.196387 -0.031670 -0.108542
v -0.224427 -0.032504 -0.080132
v -0.162002 -0.030647 -0.108671
v -0.189178 -0.031455 -0.108581
v -0.223170 -0.032466 -0.070749
v -0.224555 -0.032507 -0.061012
v -0.162096 -0.030650 -0.106590
v -0.162062 -0.030649 -0.107349
v -0.162130 -0.030651 -0.105831
v -0.224555 -0.032507 -0.061012
v -0.227602 -0.032598 -0.054305
v -0.401066 -0.037756 -0.020716
v -0.368381 -0.036784 -0.020720
v -0.373792 -0.036945 -0.049257
v -0.379449 -0.037113 -0.043337
v -0.389141 -0.037401 -0.033195
v -0.401066 -0.037756 -0.020716
v -0.368381 -0.036784 -0.020720
v -0.355687 -0.036406 -0.033199
v -0.315828 -0.035221 -0.043341
v -0.309806 -0.035042 -0.049260
v -0.355687 -0.036406 -0.033199
v -0.326144 -0.035528 -0.033199
v -0.308445 -0.035002 -0.031057
v -0.315828 -0.035221 -0.043341
v -0.326166 -0.035529 -0.030953
v -0.308445 -0.035002 -0.031057
v -0.326144 -0.035528 -0.033199
v -0.326166 -0.035529 -0.030953
v -0.358342 -0.036485 -0.105446
v -0.373794 -0.036945 -0.090195
v -0.373794 -0.036945 -0.090195
v -0.373792 -0.036945 -0.049257
v -0.298505 -0.034706 -0.105478
v -0.347625 -0.036167 -0.105360
v -0.347625 -0.036167 -0.105360
v -0.358342 -0.036485 -0.105446
v -0.298671 -0.034711 -0.093600
v -0.298505 -0.034706 -0.105478
v -0.297307 -0.034671 -0.060880
v -0.267349 -0.033780 -0.060981
v -0.309806 -0.035042 -0.049260
v -0.297307 -0.034671 -0.060880
v -0.278787 -0.034120 -0.071959
v -0.298671 -0.034711 -0.093600
v -0.267349 -0.033780 -0.060981
v -0.267313 -0.033779 -0.071895
v -0.267313 -0.033779 -0.071895
v -0.278787 -0.034120 -0.071959
v -0.266859 -0.033765 -0.074422
v -0.277768 -0.034090 -0.074459
v -0.206568 -0.031973 -0.108326
v -0.296799 -0.034655 -0.109050
v -0.296799 -0.034655 -0.109050
v -0.296712 -0.034653 -0.106487
v -0.296239 -0.034639 -0.092569
v -0.277768 -0.034090 -0.074459
v -0.266859 -0.033765 -0.074422
v -0.260459 -0.033575 -0.088659
v -0.296625 -0.034650 -0.103925
v -0.296528 -0.034647 -0.101086
v -0.242921 -0.033053 -0.094326
v -0.227804 -0.032604 -0.101056
v -0.260459 -0.033575 -0.088659
v -0.255597 -0.033430 -0.092618
v -0.296432 -0.034645 -0.098247
v -0.296239 -0.034639 -0.092569
v -0.255597 -0.033430 -0.092618
v -0.242921 -0.033053 -0.094326
v -0.228710 -0.032631 -0.086485
v -0.209205 -0.032051 -0.104814
v -0.209205 -0.032051 -0.104814
v -0.206568 -0.031973 -0.108326
v -0.227804 -0.032604 -0.101056
v -0.234104 -0.032791 -0.091911
v -0.234104 -0.032791 -0.091911
v -0.242921 -0.033053 -0.094326
v -0.234104 -0.032791 -0.091911
v -0.228710 -0.032631 -0.086485
v -0.249108 -0.033237 -0.090426
v -0.239967 -0.032966 -0.090377
v -0.240088 -0.032969 -0.052748
v -0.249230 -0.033241 -0.052798
v -0.249230 -0.033241 -0.052798
v -0.257877 -0.033498 -0.057501
v -0.232306 -0.032738 -0.057452
v -0.240088 -0.032969 -0.052748
v -0.227930 -0.032608 -0.080969
v -0.224637 -0.032510 -0.071562
v -0.264559 -0.033697 -0.071612
v -0.261205 -0.033597 -0.081019
v -0.224637 -0.032510 -0.071562
v -0.229155 -0.032644 -0.062155
v -0.261894 -0.033618 -0.062205
v -0.264559 -0.033697 -0.071612
v -0.261205 -0.033597 -0.081019
v -0.257917 -0.033499 -0.085723
v -0.231188 -0.032705 -0.085673
v -0.227930 -0.032608 -0.080969
v -0.239967 -0.032966 -0.090377
v -0.231188 -0.032705 -0.085673
v -0.257917 -0.033499 -0.085723
v -0.249108 -0.033237 -0.090426
v -0.229155 -0.032644 -0.062155
v -0.232306 -0.032738 -0.057452
v -0.257877 -0.033498 -0.057501
v -0.261894 -0.033618 -0.062205
v -0.119229 -0.029376 -0.069311
v -0.063326 -0.027713 -0.013586
v -0.063326 -0.027713 -0.013586
v -0.040488 -0.027034 -0.037090
v -0.095576 -0.028672 -0.093060
v -0.106924 -0.029010 -0.104372
v -0.130774 -0.029719 -0.080408
v -0.119229 -0.029376 -0.069311
v -0.050527 -0.027333 -0.118544
v -0.075770 -0.028083 -0.092904
v -0.040488 -0.027034 -0.037090
v -0.040732 -0.027042 -0.109328
v -0.075770 -0.028083 -0.092904
v -0.095576 -0.028672 -0.093060
v -0.169430 -0.030868 -0.114118
v -0.162942 -0.030675 -0.114201
v -0.040732 -0.027042 -0.109328
v -0.050527 -0.027333 -0.118544
v -0.094149 -0.028630 -0.162550
v -0.184074 -0.031304 -0.162436
v -0.162942 -0.030675 -0.114201
v -0.162868 -0.030673 -0.111253
v -0.188919 -0.031448 -0.134662
v -0.169430 -0.030868 -0.114118
v -0.188677 -0.031441 -0.157511
v -0.188881 -0.031447 -0.141155
v -0.184074 -0.031304 -0.162436
v -0.188677 -0.031441 -0.157511
v -0.188881 -0.031447 -0.141155
v -0.188919 -0.031448 -0.134662
v -0.072288 -0.027980 -0.139871
v -0.094149 -0.028630 -0.162550
v -0.138469 -0.029948 -0.135817
v -0.072288 -0.027980 -0.139871
v -0.072089 -0.034676 -0.139871
v -0.093949 -0.035326 -0.162550
v -0.162868 -0.030673 -0.111253
v -0.100941 -0.028832 -0.105967
v -0.091117 -0.028540 -0.096297
v -0.106924 -0.029010 -0.104372
v -0.072288 -0.027980 -0.139871
v -0.067161 -0.027827 -0.140314
v -0.100941 -0.028832 -0.105967
v -0.037141 -0.026935 -0.120305
v -0.078759 -0.028172 -0.162064
v -0.091117 -0.028540 -0.096297
v -0.079249 -0.028187 -0.096708
v -0.079249 -0.028187 -0.096708
v -0.053117 -0.027410 -0.125859
v -0.078759 -0.028172 -0.162064
v -0.082652 -0.028288 -0.162443
v -0.082652 -0.028288 -0.162443
v -0.087510 -0.028432 -0.162778
v -0.087510 -0.028432 -0.162778
v -0.067161 -0.027827 -0.140314
v -0.047059 -0.027230 -0.120716
v -0.036847 -0.026926 -0.110862
v -0.053117 -0.027410 -0.125859
v -0.047059 -0.027230 -0.120716
v -0.036847 -0.026926 -0.110862
v -0.037141 -0.026935 -0.120305
v -0.065647 -0.027782 -0.005923
v -0.065816 -0.027787 -0.003317
v -0.065816 -0.027787 -0.003317
v -0.063257 -0.027711 -0.003519
v -0.087564 -0.028434 0.014185
v -0.069050 -0.027884 0.013996
v -0.087539 -0.028433 0.016632
v -0.069025 -0.027883 0.016444
v -0.087564 -0.028434 0.014185
v -0.087539 -0.028433 0.016632
v -0.069025 -0.027883 0.016444
v -0.069050 -0.027884 0.013996
v -0.088811 -0.028471 0.023860
v -0.137101 -0.029907 0.072857
v -0.078874 -0.028176 0.023862
v -0.088811 -0.028471 0.023860
v -0.137101 -0.029907 0.072857
v -0.107195 -0.029018 0.103116
v -0.087227 -0.028424 0.085142
v -0.063175 -0.027709 0.060080
v -0.107195 -0.029018 0.103116
v -0.087227 -0.028424 0.085142
v -0.063175 -0.027709 0.060080
v -0.069497 -0.027897 0.052581
v -0.069304 -0.027891 0.023836
v -0.078874 -0.028176 0.023862
v -0.069497 -0.027897 0.052581
v -0.069304 -0.027891 0.023836
v -0.140991 -0.030023 0.076262
v -0.107933 -0.029040 0.108505
v -0.107933 -0.029040 0.108505
v -0.060460 -0.027628 0.062898
v -0.103641 -0.028912 0.163465
v -0.103676 -0.028913 0.169951
v -0.060460 -0.027628 0.062898
v -0.045532 -0.027184 0.078283
v -0.037847 -0.026956 0.080196
v -0.037752 -0.026953 0.099275
v -0.037752 -0.026953 0.099275
v -0.103641 -0.028912 0.163465
v -0.043785 -0.027132 0.080079
v -0.037847 -0.026956 0.080196
v -0.045532 -0.027184 0.078283
v -0.043785 -0.027132 0.080079
v -0.062289 -0.027683 0.054031
v -0.045110 -0.027172 0.071281
v -0.024819 -0.026568 0.071456
v -0.045110 -0.027172 0.071281
v -0.062289 -0.027683 0.054031
v -0.062562 -0.027691 -0.000560
v -0.003930 -0.025947 0.050892
v -0.024819 -0.026568 0.071456
v -0.032639 -0.026801 0.022243
v -0.003930 -0.025947 0.050892
v -0.037312 -0.026940 -0.026875
v -0.032969 -0.026811 -0.026789
v -0.062562 -0.027691 -0.000560
v -0.037312 -0.026940 -0.026875
v 0.005549 -0.025666 0.028835
v 0.005687 -0.030332 0.028835
v -0.007606 -0.030727 0.041434
v -0.007745 -0.026061 0.041434
v -0.032969 -0.026811 -0.026789
v -0.032639 -0.026801 0.022243
v -0.029026 -0.026694 0.020723
v -0.007745 -0.026061 0.041434
v -0.029026 -0.026694 0.020723
v -0.030331 -0.026732 -0.029501
v -0.033807 -0.026836 -0.078143
v 0.006017 -0.025652 -0.037984
v 0.006017 -0.025652 -0.037984
v 0.005549 -0.025666 0.028835
v -0.033647 -0.026831 -0.029616
v -0.033731 -0.026833 -0.071381
v -0.033731 -0.026833 -0.071381
v -0.033807 -0.026836 -0.078143
v -0.030331 -0.026732 -0.029501
v -0.033647 -0.026831 -0.029616
v -0.401481 -0.037768 -0.153591
v -0.183414 -0.031284 -0.166528
v -0.100649 -0.028823 -0.166309
v -0.095528 -0.028671 -0.172407
v -0.178293 -0.031132 -0.172626
v -0.095528 -0.028671 -0.172407
v -0.100649 -0.028823 -0.166309
v -0.100649 -0.028823 -0.166309
v -0.095528 -0.028671 -0.172407
v -0.185221 -0.031338 -0.172644
v -0.333321 -0.035741 -0.173035
v -0.338442 -0.035894 -0.166937
v -0.190342 -0.031490 -0.166546
v -0.190354 -0.031490 -0.161977
v -0.187293 -0.031399 -0.162053
v -0.187293 -0.031399 -0.162053
v -0.183414 -0.031284 -0.166528
v -0.190342 -0.031490 -0.166546
v -0.190354 -0.031490 -0.161977
v -0.173917 -0.031002 -0.177222
v -0.091152 -0.028541 -0.177004
v -0.312172 -0.035113 -0.177631
v -0.180846 -0.031208 -0.177240
v -0.180846 -0.031208 -0.177240
v -0.091140 -0.028540 -0.181387
v -0.173905 -0.031001 -0.181606
v -0.180834 -0.031207 -0.181624
v -0.308076 -0.034991 -0.182015
v -0.312172 -0.035113 -0.177631
v -0.172933 -0.030972 -0.188902
v -0.032962 -0.026811 -0.189035
v -0.307833 -0.034983 -0.189311
v -0.179861 -0.031178 -0.188920
v -0.179861 -0.031178 -0.188920
v -0.172933 -0.030972 -0.188902
v -0.060419 -0.027627 -0.207393
v -0.162866 -0.030673 -0.207752
v -0.167234 -0.030803 -0.207770
v -0.262244 -0.033628 -0.208161
v -0.162866 -0.030673 -0.207752
v -0.032962 -0.026811 -0.189035
v -0.060419 -0.027627 -0.207393
v -0.065321 -0.027773 -0.209407
v -0.060419 -0.027627 -0.209390
v -0.262244 -0.033628 -0.210158
v -0.167234 -0.030803 -0.209768
v -0.162866 -0.030673 -0.209749
v -0.295294 -0.034611 -0.201943
v -0.262244 -0.033628 -0.210158
v -0.162866 -0.030673 -0.209749
v -0.162866 -0.030673 -0.207752
v -0.162866 -0.030673 -0.209749
v -0.065321 -0.027773 -0.209407
v -0.060419 -0.027627 -0.207393
v -0.030089 -0.009499 -0.192089
v -0.028843 -0.009271 -0.192070
v -0.028607 -0.011464 -0.192057
v -0.030030 -0.011507 -0.192089
v -0.030030 -0.011507 -0.192089
v -0.031172 -0.011541 -0.192139
v -0.299498 -0.034736 -0.200395
v -0.294275 -0.018839 -0.224859
v -0.351291 -0.020534 -0.189319
v -0.322920 -0.035432 -0.189344
v -0.322920 -0.035432 -0.189344
v -0.299498 -0.034736 -0.200395
v 0.009043 -0.025562 0.007345
v 0.009193 -0.025557 -0.017550
v 0.496435 -0.011070 0.007808
v 0.009043 -0.025562 0.007345
v 0.009193 -0.025557 -0.017550
v 0.498044 -0.011022 -0.017086
v 0.507286 -0.010747 -0.007780
v 0.507136 -0.010751 0.007873
v 0.498044 -0.011022 -0.017086
v 0.507286 -0.010747 -0.007780
v 0.507136 -0.010751 0.007873
v 0.496435 -0.011070 0.007808
v 0.054609 -0.024207 -0.025912
v 0.501927 -0.010906 -0.025491
v 0.054606 -0.024207 -0.022537
v 0.501923 -0.010906 -0.023358
v 0.501923 -0.010906 -0.023358
v 0.501927 -0.010906 -0.025491
v 0.009193 -0.025557 -0.025955
v 0.009189 -0.025557 -0.022454
v 0.054606 -0.024207 -0.022537
v 0.054609 -0.024207 -0.025912
v 0.009189 -0.025557 -0.022454
v 0.052279 -0.024276 -0.022533
v 0.009193 -0.025557 -0.025955
v 0.052282 -0.024276 -0.025914
v 0.009197 -0.025557 0.016743
v 0.051584 -0.024297 0.016664
v 0.052279 -0.024276 -0.022533
v 0.052282 -0.024276 -0.025914
v 0.009189 -0.025557 0.012405
v 0.051576 -0.024297 0.012326
v 0.051584 -0.024297 0.016664
v 0.051576 -0.024297 0.012326
v 0.009189 -0.025557 0.012405
v 0.009197 -0.025557 0.016743
v 0.055327 -0.024185 0.012326
v 0.055335 -0.024185 0.016664
v 0.503974 -0.010845 0.015841
v 0.503967 -0.010846 0.011503
v 0.055335 -0.024185 0.016664
v 0.503974 -0.010845 0.015841
v 0.055542 -0.031156 0.016664
v 0.504182 -0.017817 0.015841
v 0.503967 -0.010846 0.011503
v 0.055327 -0.024185 0.012326
v 0.510750 -0.010644 0.006602
v 0.510900 -0.010639 -0.011396
v 0.515179 -0.010512 -0.011363
v 0.515029 -0.010517 0.004974
v 0.515029 -0.010517 0.004974
v 0.510750 -0.010644 0.006602
v 0.502151 -0.010900 -0.018945
v 0.502125 -0.010900 -0.022916
v 0.502125 -0.010900 -0.022916
v 0.515179 -0.010512 -0.011363
v 0.510900 -0.010639 -0.011396
v 0.502151 -0.010900 -0.018945
v 0.047277 -0.024425 -0.030211
v 0.051860 -0.024288 -0.030170
v 0.051860 -0.024288 -0.030170
v 0.052200 -0.024278 -0.089765
v 0.047729 -0.024411 -0.086006
v 0.047277 -0.024425 -0.030211
v 0.034049 -0.024818 -0.098956
v 0.047729 -0.024411 -0.086006
v 0.052200 -0.024278 -0.089765
v 0.036566 -0.024743 -0.104279
v -0.033946 -0.026840 -0.101563
v -0.012321 -0.026197 -0.101563
v 0.033951 -0.024821 -0.101563
v 0.034049 -0.024818 -0.098956
v 0.036566 -0.024743 -0.104279
v 0.036312 -0.024751 -0.105807
v -0.009961 -0.026127 -0.105807
v -0.031586 -0.026770 -0.105807
v -0.033946 -0.026840 -0.116172
v -0.031154 -0.026757 -0.118491
v -0.033946 -0.026840 -0.116172
v -0.033946 -0.026840 -0.101563
v 0.036312 -0.024751 -0.105807
v 0.033951 -0.024821 -0.101563
v -0.009961 -0.026127 -0.105807
v -0.033442 -0.026825 -0.130193
v -0.039449 -0.027003 -0.130151
v -0.039365 -0.027001 -0.127951
v -0.033442 -0.026825 -0.130193
v -0.039449 -0.027003 -0.130151
v -0.039365 -0.027001 -0.127951
v -0.031154 -0.026757 -0.118491
v 0.043198 -0.024546 -0.030211
v 0.043649 -0.024533 -0.086006
v 0.009165 -0.025558 -0.030486
v 0.043198 -0.024546 -0.030211
v 0.043649 -0.024533 -0.086006
v 0.031984 -0.024879 -0.097822
v 0.009084 -0.025560 -0.039645
v 0.009165 -0.025558 -0.030486
v 0.031984 -0.024879 -0.097822
v -0.033641 -0.026831 -0.097833
v -0.033689 -0.026832 -0.095034
v -0.033948 -0.026840 -0.082831
v -0.033641 -0.026831 -0.097833
v -0.033689 -0.026832 -0.095034
v -0.033948 -0.026840 -0.082831
v 0.009084 -0.025560 -0.039645
v 0.009197 -0.025557 0.020144
v 0.041423 -0.024599 0.020288
v 0.036721 -0.024739 0.083462
v 0.041534 -0.024596 0.078563
v 0.041534 -0.024596 0.078563
v 0.041423 -0.024599 0.020288
v 0.009053 -0.025561 0.035190
v -0.002110 -0.025893 0.045378
v 0.009125 -0.025559 0.027667
v 0.009053 -0.025561 0.035190
v -0.001584 -0.025878 0.049091
v 0.000039 -0.025829 0.049065
v -0.002110 -0.025893 0.045378
v -0.001584 -0.025878 0.049091
v -0.035437 -0.026884 0.084145
v 0.036721 -0.024739 0.083462
v 0.000039 -0.025829 0.049065
v 0.000117 -0.025827 0.053370
v 0.009161 -0.025558 0.023906
v 0.009179 -0.025558 0.022025
v 0.009161 -0.025558 0.023906
v 0.000117 -0.025827 0.053370
v -0.026453 -0.026617 0.080290
v 0.009197 -0.025557 0.020144
v -0.033325 -0.037469 -0.097833
v -0.033372 -0.037470 -0.095034
v -0.028971 -0.026692 0.080095
v -0.035440 -0.026884 0.079934
v -0.035440 -0.026884 0.079934
v -0.035437 -0.026884 0.084145
v -0.026453 -0.026617 0.080290
v -0.028971 -0.026692 0.080095
v 0.046355 -0.024452 0.024735
v 0.046457 -0.024449 0.078563
v 0.050800 -0.024320 0.020279
v 0.046347 -0.024452 0.020288
v 0.050809 -0.024320 0.024726
v 0.050800 -0.024320 0.020279
v 0.046347 -0.024452 0.020288
v 0.053136 -0.024251 0.078550
v 0.053034 -0.024254 0.024722
v 0.053034 -0.024254 0.024722
v 0.050809 -0.024320 0.024726
v 0.050924 -0.024316 0.085589
v 0.053150 -0.024250 0.085585
v 0.053150 -0.024250 0.085585
v 0.046457 -0.024449 0.078563
v 0.037913 -0.024703 0.085598
v 0.029829 -0.024944 0.094745
v 0.042841 -0.024557 0.094736
v 0.042841 -0.024557 0.094736
v 0.049094 -0.024371 0.087660
v 0.050924 -0.024316 0.085589
v 0.037913 -0.024703 0.085598
v 0.036734 -0.024738 0.087668
v -0.035012 -0.026872 0.087668
v -0.035165 -0.026876 0.094745
v 0.007694 -0.025602 0.087668
v -0.035012 -0.026872 0.087668
v 0.036734 -0.024738 0.087668
v 0.003522 -0.025726 0.094745
v 0.029829 -0.024944 0.094745
v -0.007837 -0.026064 0.110215
v 0.000337 -0.025820 0.098338
v 0.000337 -0.025820 0.098338
v 0.003522 -0.025726 0.094745
v -0.035165 -0.026876 0.094745
v -0.039100 -0.026993 0.106548
v -0.039100 -0.026993 0.106548
v -0.037114 -0.026934 0.107253
v -0.037001 -0.026931 0.110158
v -0.016859 -0.026332 0.110246
v -0.037114 -0.026934 0.107253
v -0.037001 -0.026931 0.110158
v -0.016859 -0.026332 0.110246
v -0.007837 -0.026064 0.110215
v -0.016859 -0.026332 0.116528
v -0.044902 -0.027166 0.116440
v -0.007837 -0.026064 0.116497
v -0.016859 -0.026332 0.116528
v -0.044900 -0.027166 0.129817
v -0.016857 -0.026332 0.129905
v -0.016857 -0.026332 0.129905
v -0.007835 -0.026063 0.129874
v -0.044902 -0.027166 0.116440
v -0.050776 -0.027340 0.123129
v -0.050776 -0.027340 0.123129
v -0.044900 -0.027166 0.129817
v 0.008632 -0.025574 0.099619
v -0.007837 -0.026064 0.116497
v -0.007835 -0.026063 0.129874
v 0.463986 -0.012034 0.129806
v 0.479946 -0.011560 0.098779
v 0.008632 -0.025574 0.099619
v 0.463986 -0.012034 0.129806
v 0.490381 -0.011250 0.102603
v 0.511164 -0.010632 0.082586
v 0.537316 -0.009854 0.082280
v 0.544374 -0.009644 0.031177
v 0.544250 -0.009648 0.036883
v 0.544250 -0.009648 0.036883
v 0.500742 -0.010942 0.078762
v 0.554545 -0.009342 0.031353
v 0.544374 -0.009644 0.031177
v 0.554644 -0.009339 0.040707
v 0.554545 -0.009342 0.031353
v 0.479946 -0.011560 0.098779
v 0.490381 -0.011250 0.102603
v 0.511164 -0.010632 0.082586
v 0.537316 -0.009854 0.082280
v 0.554461 -0.009344 0.065127
v 0.554461 -0.009344 0.065127
v 0.554644 -0.009339 0.040707
v -0.039690 -0.027011 0.137741
v 0.463986 -0.012034 0.137673
v -0.039690 -0.027011 0.137741
v -0.054043 -0.027437 0.127236
v 0.510937 -0.010638 0.088313
v 0.469455 -0.011872 0.129564
v -0.054043 -0.027437 0.127236
v -0.064722 -0.027755 0.137715
v 0.469455 -0.011872 0.129564
v 0.463986 -0.012034 0.137673
v 0.541326 -0.009735 0.088399
v 0.510937 -0.010638 0.088313
v 0.055335 -0.024185 0.095111
v 0.476262 -0.011669 0.094288
v 0.055328 -0.024185 0.091608
v 0.476255 -0.011670 0.090785
v 0.055332 -0.024185 0.093359
v 0.055328 -0.024185 0.091608
v 0.476255 -0.011670 0.090785
v 0.532237 -0.010005 0.035660
v 0.537871 -0.009838 0.035762
v 0.476262 -0.011669 0.094288
v 0.537821 -0.009839 -0.043269
v 0.537871 -0.009838 0.035762
v 0.532237 -0.010005 0.035660
v 0.532187 -0.010007 -0.039383
v 0.476469 -0.011663 -0.094333
v 0.476372 -0.011666 -0.098765
v 0.476276 -0.011669 -0.102709
v 0.537821 -0.009839 -0.043269
v 0.532187 -0.010007 -0.039383
v 0.476469 -0.011663 -0.094333
v 0.476372 -0.011666 -0.098765
v 0.045087 -0.024490 -0.098995
v 0.055335 -0.024185 0.095111
v 0.055332 -0.024185 0.093359
v 0.045087 -0.024490 -0.098995
v 0.041122 -0.024608 -0.104228
v 0.041122 -0.024608 -0.104228
v 0.476276 -0.011669 -0.102709
v 0.055328 -0.024185 0.088543
v 0.470628 -0.011837 0.087720
v 0.055193 -0.024189 0.020264
v 0.470493 -0.011841 0.019441
v 0.055328 -0.024185 0.088543
v 0.055193 -0.024189 0.020264
v 0.504519 -0.010829 0.019373
v 0.516061 -0.010486 0.009890
v 0.504519 -0.010829 0.019373
v 0.528356 -0.010120 0.033135
v 0.470628 -0.011837 0.087720
v 0.529161 -0.010097 -0.036337
v 0.528356 -0.010120 0.033135
v 0.516092 -0.010485 -0.013722
v 0.500831 -0.010939 -0.030562
v 0.471320 -0.011816 -0.093945
v 0.529161 -0.010097 -0.036337
v 0.516061 -0.010486 0.009890
v 0.516092 -0.010485 -0.013722
v 0.500831 -0.010939 -0.030562
v 0.055632 -0.024176 -0.031589
v 0.055547 -0.024179 -0.088297
v 0.050630 -0.024325 -0.094418
v 0.050630 -0.024325 -0.094418
v 0.471320 -0.011816 -0.093945
v 0.055632 -0.024176 -0.031589
v 0.055547 -0.024179 -0.088297
v -0.039296 -0.026999 -0.152100
v -0.051643 -0.027366 -0.152137
v -0.051643 -0.027366 -0.152137
v -0.056730 -0.027517 -0.146478
v 0.470614 -0.011837 -0.138068
v 0.458129 -0.012209 -0.150617
v -0.044763 -0.027161 -0.132950
v -0.032116 -0.026785 -0.132906
v 0.477413 -0.011635 -0.131131
v 0.470614 -0.011837 -0.138068
v -0.056730 -0.027517 -0.146478
v -0.044763 -0.027161 -0.132950
v 0.008727 -0.025571 -0.151816
v -0.039296 -0.026999 -0.152100
v -0.009819 -0.026122 -0.109984
v 0.039349 -0.024661 -0.109743
v -0.032116 -0.026785 -0.132906
v -0.009819 -0.026122 -0.109984
v 0.502129 -0.010900 -0.107069
v 0.477413 -0.011635 -0.131131
v 0.470206 -0.011849 -0.107718
v 0.471500 -0.011811 -0.110254
v 0.433446 -0.012942 -0.149580
v 0.429985 -0.013045 -0.149435
v 0.436735 -0.012845 -0.149718
v 0.471500 -0.011811 -0.110254
v 0.475169 -0.011702 -0.107538
v 0.475169 -0.011702 -0.107538
v 0.501357 -0.010923 -0.084107
v 0.444368 -0.012618 -0.150039
v 0.039349 -0.024661 -0.109743
v 0.041350 -0.024601 -0.108199
v 0.012747 -0.025451 -0.151793
v 0.008727 -0.025571 -0.151816
v 0.429985 -0.013045 -0.149435
v 0.041350 -0.024601 -0.108199
v 0.470206 -0.011849 -0.107718
v 0.501357 -0.010923 -0.084107
v 0.542945 -0.009687 -0.039232
v 0.512983 -0.010578 -0.097149
v 0.502129 -0.010900 -0.107069
v 0.479946 -0.011560 0.098779
v 0.480322 -0.024195 0.098779
v 0.490757 -0.023885 0.102603
v 0.490381 -0.011250 0.102603
v 0.512367 -0.010596 -0.093903
v 0.512983 -0.010578 -0.097149
v 0.554437 -0.009345 -0.039232
v 0.553739 -0.009366 -0.082445
v 0.536804 -0.009869 -0.093903
v 0.512367 -0.010596 -0.093903
v 0.542945 -0.009687 -0.039232
v 0.554437 -0.009345 -0.039232
v 0.553739 -0.009366 -0.082445
v 0.541347 -0.009734 -0.093792
v 0.538060 -0.009832 -0.097696
v 0.536804 -0.009869 -0.093903
v 0.540678 -0.009754 -0.097645
v 0.538060 -0.009832 -0.097696
v 0.458129 -0.012209 -0.150617
v 0.452002 -0.012391 -0.150360
v -0.016481 -0.038967 0.129905
v -0.007459 -0.038699 0.129874
v 0.541347 -0.009734 -0.093792
v 0.540678 -0.009754 -0.097645
v -0.056805 -0.027520 -0.154682
v 0.454464 -0.012318 -0.154688
v 0.454487 -0.012317 -0.158886
v -0.054418 -0.027449 -0.158880
v 0.454464 -0.012318 -0.154688
v 0.454487 -0.012317 -0.158886
v -0.054418 -0.027449 -0.158880
v -0.056805 -0.027520 -0.154682
v -0.054418 -0.027449 -0.161682
v 0.457526 -0.012226 -0.161688
v 0.457526 -0.012226 -0.161688
v 0.518590 -0.010411 -0.101708
v 0.518590 -0.010411 -0.101708
v 0.538506 -0.009819 -0.101971
v 0.538901 -0.009807 -0.100124
v 0.541169 -0.009739 -0.100099
v 0.538506 -0.009819 -0.101971
v 0.538901 -0.009807 -0.100124
v -0.067021 -0.027823 -0.161024
v -0.060182 -0.027620 -0.149856
v -0.060182 -0.027620 -0.149856
v -0.054418 -0.027449 -0.161682
v 0.544342 -0.009645 0.027289
v 0.544292 -0.009647 -0.034796
v 0.557145 -0.009264 0.027279
v 0.557145 -0.009264 0.063335
v 0.557095 -0.009266 -0.034806
v 0.557095 -0.009266 -0.070863
v 0.544292 -0.009647 -0.034796
v 0.557095 -0.009266 -0.034806
v 0.557145 -0.009264 0.027279
v 0.544342 -0.009645 0.027289
v 0.557145 -0.009264 0.063335
v 0.557145 -0.009264 0.027279
v 0.557095 -0.009266 -0.034806
v 0.557095 -0.009266 -0.070863
v 0.591666 -0.008238 0.058402
v 0.591616 -0.008239 -0.069358
v 0.591105 0.008971 -0.069358
v 0.599612 0.009239 -0.061874
v 0.599662 0.009241 0.050911
v 0.591154 0.008973 0.058402
v -0.575388 -0.025713 -0.120763
v -0.574876 -0.042924 -0.120763
v -0.575782 -0.042951 0.028861
v -0.576382 -0.022788 0.028861
v -0.575220 -0.025708 0.029002
v -0.574709 -0.042919 0.029002
v -0.574361 -0.025682 -0.119995
v -0.573850 -0.042893 -0.119995
v -0.544830 -0.024804 -0.152750
v -0.544420 -0.024792 -0.150314
v -0.543908 -0.042003 -0.150314
v -0.573850 -0.042893 -0.119995
v -0.574876 -0.042924 -0.120763
v -0.544318 -0.042015 -0.152750
v -0.544318 -0.042015 -0.152750
v -0.543908 -0.042003 -0.150314
v -0.537783 -0.041821 -0.150375
v -0.215575 -0.032240 -0.150386
v -0.428785 -0.038580 -0.153591
v -0.401481 -0.037768 -0.153591
v -0.332055 -0.035704 -0.153462
v -0.212945 -0.032162 -0.153241
v -0.215575 -0.032240 -0.150386
v -0.428785 -0.038580 -0.153591
v -0.198334 -0.031728 -0.136498
v -0.197729 -0.031710 -0.132363
v -0.193535 -0.031585 -0.132330
v -0.197729 -0.031710 -0.132363
v -0.188806 -0.031444 -0.123352
v -0.175866 -0.031060 -0.114255
v -0.179883 -0.031179 -0.114106
v -0.194952 -0.031627 -0.133779
v -0.194948 -0.031627 -0.132326
v -0.197729 -0.031710 -0.132363
v -0.198334 -0.031728 -0.136498
v -0.194958 -0.031627 -0.135963
v -0.198334 -0.031728 -0.136498
v -0.194958 -0.031627 -0.135963
v -0.193546 -0.031585 -0.135967
v -0.193623 -0.031588 -0.162601
v -0.195329 -0.031638 -0.142305
v -0.195329 -0.031638 -0.142305
v -0.195354 -0.031639 -0.163911
v -0.193623 -0.031588 -0.162601
v -0.195354 -0.031639 -0.163911
v -0.191230 -0.031516 -0.162609
v -0.190342 -0.031490 -0.166546
v -0.338442 -0.035894 -0.166937
v -0.341312 -0.035979 -0.164708
v -0.191230 -0.031516 -0.162609
v -0.195354 -0.031639 -0.163911
v -0.190342 -0.031490 -0.166546
v -0.190354 -0.031490 -0.161977
v -0.341312 -0.035979 -0.164708
v -0.338442 -0.035894 -0.166937
v -0.188881 -0.031447 -0.141155
v -0.191153 -0.031514 -0.135975
v -0.191147 -0.031514 -0.133790
v -0.189224 -0.031457 -0.133796
v -0.188919 -0.031448 -0.134662
v -0.191230 -0.031516 -0.162609
v -0.188677 -0.031441 -0.157511
v -0.188881 -0.031447 -0.141155
v -0.191153 -0.031514 -0.135975
v -0.191230 -0.031516 -0.162609
v -0.190354 -0.031490 -0.161977
v -0.188677 -0.031441 -0.157511
v -0.188677 -0.031441 -0.157511
v -0.190354 -0.031490 -0.161977
v -0.187293 -0.031399 -0.162053
v -0.184074 -0.031304 -0.162436
v -0.183414 -0.031284 -0.166528
v -0.100649 -0.028823 -0.166309
v -0.094149 -0.028630 -0.162550
v -0.100649 -0.028823 -0.166309
v -0.094149 -0.028630 -0.162550
v -0.215514 -0.032239 -0.146892
v -0.219703 -0.032363 -0.145490
v -0.438557 -0.038870 -0.145625
v -0.537400 -0.041809 -0.146902
v -0.537400 -0.041809 -0.146902
v -0.535673 -0.041758 -0.145686
v -0.438557 -0.038870 -0.145625
v -0.215514 -0.032239 -0.146892
v -0.538663 -0.041847 -0.132249
v -0.535673 -0.041758 -0.145686
v -0.536333 -0.041778 -0.131202
v -0.552144 -0.042248 -0.116016
v -0.569618 -0.042767 -0.101322
v -0.570476 -0.042793 0.029029
v -0.568089 -0.042722 0.029002
v -0.567955 -0.042718 -0.100830
v -0.569618 -0.042767 -0.101322
v -0.567955 -0.042718 -0.100830
v -0.570476 -0.042793 0.029029
v -0.568089 -0.042722 0.029002
v -0.575782 -0.042951 0.028861
v -0.574709 -0.042919 0.029002
v -0.576382 -0.022788 0.028861
v -0.189732 -0.031472 -0.114362
v -0.187309 -0.031400 -0.117688
v -0.215077 -0.032226 -0.143764
v -0.219703 -0.032363 -0.145490
v -0.186973 -0.031390 -0.114013
v -0.215077 -0.032226 -0.143764
v -0.215514 -0.032239 -0.146892
v -0.162002 -0.030647 -0.108671
v -0.179883 -0.031179 -0.114106
v -0.189178 -0.031455 -0.108581
v -0.173473 -0.030989 -0.114263
v -0.171551 -0.030931 -0.114268
v -0.189220 -0.031457 -0.132343
v -0.169430 -0.030868 -0.114118
v -0.169430 -0.030868 -0.114118
v -0.162942 -0.030675 -0.114201
v -0.162868 -0.030673 -0.111253
v -0.162868 -0.030673 -0.111253
v -0.130774 -0.029719 -0.080408
v -0.138838 -0.029959 -0.083839
v -0.155004 -0.030439 -0.098664
v -0.204885 -0.031923 -0.049248
v -0.206442 -0.031969 -0.054378
v -0.158672 -0.030548 -0.101330
v -0.162130 -0.030651 -0.105831
v -0.162096 -0.030650 -0.106590
v -0.162062 -0.030649 -0.107349
v -0.162002 -0.030647 -0.108671
v -0.155004 -0.030439 -0.098664
v -0.204885 -0.031923 -0.049248
v -0.206442 -0.031969 -0.054378
v -0.227602 -0.032598 -0.054305
v -0.233344 -0.032769 -0.048754
v -0.247574 -0.033192 -0.047324
v -0.249230 -0.033241 -0.052798
v -0.240088 -0.032969 -0.052748
v -0.233344 -0.032769 -0.048754
v -0.232306 -0.032738 -0.057452
v -0.227602 -0.032598 -0.054305
v -0.224555 -0.032507 -0.061012
v -0.229155 -0.032644 -0.062155
v -0.232306 -0.032738 -0.057452
v -0.223170 -0.032466 -0.070749
v -0.224637 -0.032510 -0.071562
v -0.227930 -0.032608 -0.080969
v -0.224427 -0.032504 -0.080132
v -0.224427 -0.032504 -0.080132
v -0.228710 -0.032631 -0.086485
v -0.209205 -0.032051 -0.104814
v -0.196387 -0.031670 -0.108542
v -0.206568 -0.031973 -0.108326
v -0.189732 -0.031472 -0.114362
v -0.189178 -0.031455 -0.108581
v -0.296799 -0.034655 -0.109050
v -0.358102 -0.036478 -0.113691
v -0.189732 -0.031472 -0.114362
v -0.298505 -0.034706 -0.105478
v -0.347625 -0.036167 -0.105360
v -0.358342 -0.036485 -0.105446
v -0.364831 -0.036678 -0.107099
v -0.298671 -0.034711 -0.093600
v -0.296712 -0.034653 -0.106487
v -0.296799 -0.034655 -0.109050
v -0.298505 -0.034706 -0.105478
v -0.296712 -0.034653 -0.106487
v -0.296625 -0.034650 -0.103925
v -0.298671 -0.034711 -0.093600
v -0.296528 -0.034647 -0.101086
v -0.296432 -0.034645 -0.098247
v -0.296528 -0.034647 -0.101086
v -0.296239 -0.034639 -0.092569
v -0.277768 -0.034090 -0.074459
v -0.278787 -0.034120 -0.071959
v -0.267313 -0.033779 -0.071895
v -0.266859 -0.033765 -0.074422
v -0.264559 -0.033697 -0.071612
v -0.261205 -0.033597 -0.081019
v -0.260459 -0.033575 -0.088659
v -0.257917 -0.033499 -0.085723
v -0.255597 -0.033430 -0.092618
v -0.242921 -0.033053 -0.094326
v -0.249108 -0.033237 -0.090426
v -0.257917 -0.033499 -0.085723
v -0.255597 -0.033430 -0.092618
v -0.249108 -0.033237 -0.090426
v -0.239967 -0.032966 -0.090377
v -0.234104 -0.032791 -0.091911
v -0.242921 -0.033053 -0.094326
v -0.231188 -0.032705 -0.085673
v -0.228710 -0.032631 -0.086485
v -0.254688 -0.033403 -0.048636
v -0.247574 -0.033192 -0.047324
v -0.249230 -0.033241 -0.052798
v -0.257877 -0.033498 -0.057501
v -0.261803 -0.033615 -0.053326
v -0.261894 -0.033618 -0.062205
v -0.257877 -0.033498 -0.057501
v -0.254688 -0.033403 -0.048636
v -0.264559 -0.033697 -0.071612
v -0.264205 -0.033686 -0.057820
v -0.267349 -0.033780 -0.060981
v -0.267313 -0.033779 -0.071895
v -0.296303 -0.034641 -0.057627
v -0.297307 -0.034671 -0.060880
v -0.296433 -0.034645 -0.055806
v -0.309806 -0.035042 -0.049260
v -0.309838 -0.035043 -0.041773
v -0.273095 -0.033951 0.014783
v -0.308445 -0.035002 -0.031057
v -0.315828 -0.035221 -0.043341
v -0.287898 -0.034391 -0.001950
v -0.306704 -0.034950 -0.028503
v -0.277303 -0.034076 0.013649
v -0.280921 -0.034183 0.007142
v -0.278714 -0.034118 0.017098
v -0.267335 -0.033779 0.020150
v -0.238435 -0.032920 0.019901
v -0.256199 -0.033448 0.014782
v -0.273095 -0.033951 0.014783
v -0.267335 -0.033779 0.020150
v -0.252728 -0.033345 0.015415
v -0.252728 -0.033345 0.015415
v -0.249257 -0.033242 0.016048
v -0.238435 -0.032920 0.019901
v -0.242314 -0.033035 0.017314
v -0.249257 -0.033242 0.016048
v -0.228430 -0.032623 0.014779
v -0.227052 -0.032582 0.019796
v -0.242314 -0.033035 0.017314
v -0.227576 -0.032597 0.015614
v -0.220492 -0.032387 0.011238
v -0.192477 -0.031554 -0.022106
v -0.284131 -0.034279 0.002429
v -0.287898 -0.034391 -0.001950
v -0.292990 -0.034542 -0.001912
v -0.298587 -0.034709 0.002257
v -0.298548 -0.034707 -0.003429
v -0.298886 -0.034718 -0.000383
v -0.295057 -0.034604 -0.003990
v -0.296854 -0.034657 -0.004168
v -0.308240 -0.034996 0.012303
v -0.303225 -0.034847 -0.000264
v -0.309843 -0.035043 -0.004889
v -0.309684 -0.035039 0.002061
v -0.331483 -0.035687 0.022212
v -0.321417 -0.035387 0.025863
v -0.331483 -0.035687 0.022212
v -0.308240 -0.034996 0.012303
v -0.310653 -0.035067 0.014815
v -0.313067 -0.035139 0.017326
v -0.317893 -0.035283 0.022349
v -0.327456 -0.035567 0.032653
v -0.334202 -0.035768 0.024382
v -0.334205 -0.035768 0.028842
v -0.327456 -0.035567 0.032653
v -0.346464 -0.036132 0.007335
v -0.335667 -0.035811 0.024381
v -0.347977 -0.036177 0.012846
v -0.361444 -0.036578 -0.007543
v -0.364977 -0.036683 -0.004165
v -0.364975 -0.036683 -0.012803
v -0.361445 -0.036578 -0.011875
v -0.361444 -0.036578 -0.007543
v -0.364977 -0.036683 -0.004165
v -0.353723 -0.036348 -0.020035
v -0.364974 -0.036683 -0.019644
v -0.355687 -0.036406 -0.033199
v -0.368381 -0.036784 -0.020720
v -0.349764 -0.036230 -0.023905
v -0.326166 -0.035529 -0.030953
v -0.326144 -0.035528 -0.033199
v -0.355687 -0.036406 -0.033199
v -0.326166 -0.035529 -0.030953
v -0.323996 -0.035464 -0.023909
v -0.310094 -0.035051 -0.028502
v -0.311788 -0.035101 -0.028501
v -0.313483 -0.035152 -0.028501
v -0.315177 -0.035202 -0.028500
v -0.316872 -0.035252 -0.028500
v -0.320261 -0.035353 -0.028499
v -0.320261 -0.035353 -0.028499
v -0.323996 -0.035464 -0.023909
v -0.315110 -0.035200 -0.015134
v -0.368979 -0.036802 -0.016420
v -0.404847 -0.037868 -0.024025
v -0.409031 -0.037993 -0.027431
v -0.409325 -0.038001 -0.024027
v -0.461674 -0.039558 -0.029402
v -0.454771 -0.039353 -0.027447
v -0.396592 -0.037623 -0.029386
v -0.404847 -0.037868 -0.024025
v -0.396592 -0.037623 -0.029386
v -0.389141 -0.037401 -0.033195
v -0.404849 -0.037868 -0.020523
v -0.401066 -0.037756 -0.020716
v -0.437092 -0.038827 -0.012819
v -0.437091 -0.038827 -0.016436
v -0.455067 -0.039361 -0.020541
v -0.437603 -0.021616 -0.016436
v -0.455578 -0.022151 -0.020541
v -0.455067 -0.039361 -0.020541
v -0.437092 -0.038827 -0.012819
v -0.437604 -0.021616 -0.012819
v -0.461967 -0.039567 -0.029500
v -0.461674 -0.039558 -0.029402
v -0.455067 -0.039361 -0.020541
v -0.455578 -0.022151 -0.020541
v -0.462479 -0.022356 -0.029500
v -0.455065 -0.039361 -0.024043
v -0.437604 -0.021616 -0.012819
v -0.437092 -0.038827 -0.012819
v -0.455578 -0.022151 -0.020541
v -0.437603 -0.021616 -0.016436
v -0.465544 -0.039673 -0.028649
v -0.461967 -0.039567 -0.029500
v -0.403882 -0.037839 -0.050096
v -0.408016 -0.037962 -0.042496
v -0.461985 -0.039567 -0.042415
v -0.465826 -0.039681 -0.050014
v -0.461967 -0.039567 -0.033165
v -0.461985 -0.039567 -0.042415
v -0.465826 -0.039681 -0.050014
v -0.461967 -0.039567 -0.029500
v -0.465544 -0.039673 -0.028649
v -0.404849 -0.037868 -0.020523
v -0.409327 -0.038001 -0.020525
v -0.396885 -0.037631 -0.029484
v -0.396884 -0.037631 -0.033149
v -0.389141 -0.037401 -0.033195
v -0.388209 -0.037373 -0.040002
v -0.391731 -0.037478 -0.037043
v -0.396884 -0.037631 -0.033149
v -0.391731 -0.037478 -0.037043
v -0.403882 -0.037839 -0.050096
v -0.379449 -0.037113 -0.043337
v -0.380384 -0.037141 -0.047848
v -0.373792 -0.036945 -0.049257
v -0.378343 -0.037080 -0.058297
v -0.373794 -0.036945 -0.090195
v -0.373794 -0.036945 -0.090195
v -0.378343 -0.037080 -0.058297
v -0.378335 -0.037080 -0.061534
v -0.378242 -0.037077 -0.090962
v -0.378242 -0.037077 -0.090962
v -0.376883 -0.037037 -0.090936
v -0.373794 -0.036945 -0.090195
v -0.376883 -0.037037 -0.090936
v -0.376864 -0.037036 -0.093780
v -0.374813 -0.036975 -0.093765
v -0.374874 -0.036977 -0.097598
v -0.369293 -0.036811 -0.099846
v -0.369284 -0.036811 -0.101558
v -0.368133 -0.036776 -0.101552
v -0.422612 -0.038396 -0.100126
v -0.418203 -0.038265 -0.097683
v -0.378741 -0.037092 -0.097605
v -0.369293 -0.036811 -0.099846
v -0.378741 -0.037092 -0.097605
v -0.377129 -0.037044 -0.097602
v -0.368188 -0.036778 -0.104541
v -0.364831 -0.036678 -0.107099
v -0.426034 -0.038498 -0.106801
v -0.422484 -0.038393 -0.104826
v -0.369335 -0.036812 -0.104547
v -0.364831 -0.036678 -0.107099
v -0.369335 -0.036812 -0.104547
v -0.423724 -0.038429 -0.104832
v -0.423847 -0.038433 -0.101846
v -0.422603 -0.038396 -0.101839
v -0.422612 -0.038396 -0.100126
v -0.423724 -0.038429 -0.104832
v -0.426034 -0.038498 -0.106801
v -0.414234 -0.038147 -0.094046
v -0.432816 -0.038700 -0.113393
v -0.423847 -0.038433 -0.101846
v -0.422612 -0.038396 -0.100126
v -0.432816 -0.038700 -0.113393
v -0.429818 -0.038611 -0.106599
v -0.417123 -0.038233 -0.092842
v -0.417123 -0.038233 -0.092842
v -0.434693 -0.038756 -0.106379
v -0.466985 -0.039716 -0.105776
v -0.513124 -0.041088 -0.113386
v -0.507284 -0.040914 -0.105661
v -0.434693 -0.038756 -0.106379
v -0.432016 -0.038676 -0.104575
v -0.419321 -0.038299 -0.090817
v -0.380384 -0.037141 -0.047848
v -0.432016 -0.038676 -0.104575
v -0.411517 -0.038066 -0.091601
v -0.419321 -0.038299 -0.090817
v -0.513124 -0.041088 -0.113386
v -0.512639 -0.041073 -0.108092
v -0.507284 -0.040914 -0.105661
v -0.512667 -0.041074 -0.103712
v -0.536086 -0.041770 -0.077066
v -0.512639 -0.041073 -0.108092
v -0.543257 -0.041984 -0.083043
v -0.535974 -0.041767 -0.085513
v -0.536002 -0.041768 -0.081133
v -0.543257 -0.041984 -0.083043
v -0.541498 -0.041931 -0.078890
v -0.535974 -0.041767 -0.085513
v -0.541926 -0.041944 0.029029
v -0.541498 -0.041931 -0.078890
v -0.536086 -0.041770 -0.077066
v -0.535961 -0.041767 0.035704
v -0.541910 -0.041944 0.035725
v -0.541926 -0.041944 0.029029
v -0.590528 -0.043389 0.035994
v -0.541910 -0.041944 0.035725
v -0.574709 -0.042919 0.029002
v -0.575782 -0.042951 0.028861
v -0.598262 -0.043619 0.028712
v -0.294747 -0.034594 0.017078
v -0.297703 -0.034682 0.013514
v -0.297173 -0.034667 0.017134
v -0.304268 -0.034878 0.017186
v -0.299260 -0.034729 0.018435
v -0.297173 -0.034667 0.017134
v -0.304268 -0.034878 0.017186
v -0.306600 -0.034947 0.021184
v -0.302529 -0.034826 0.024995
v -0.306704 -0.034950 0.033415
v -0.302605 -0.034828 0.028341
v -0.306704 -0.034950 0.033415
v -0.303146 -0.017618 0.029605
v -0.303117 -0.017617 0.028341
v -0.302605 -0.034828 0.028341
v -0.298736 -0.034713 0.042143
v -0.298941 -0.034719 0.033712
v -0.302634 -0.034829 0.029605
v -0.294207 -0.034578 0.037842
v -0.296246 -0.034639 0.034012
v -0.281201 -0.034192 0.041779
v -0.279825 -0.034151 0.037906
v -0.274067 -0.033980 0.048615
v -0.267073 -0.033772 0.050528
v -0.268975 -0.033828 0.055401
v -0.267073 -0.033772 0.050528
v -0.267005 -0.033770 0.055365
v -0.268975 -0.033828 0.055401
v -0.273610 -0.033966 0.069667
v -0.268975 -0.033828 0.073265
v -0.272127 -0.033922 0.076199
v -0.274220 -0.033984 0.073412
v -0.273610 -0.033966 0.069667
v -0.272127 -0.033922 0.076199
v -0.274220 -0.033984 0.073412
v -0.275138 -0.034011 0.079966
v -0.272863 -0.033944 0.085336
v -0.270325 -0.033868 0.080658
v -0.276765 -0.034060 0.073409
v -0.296497 -0.034646 0.085617
v -0.277368 -0.034078 0.069662
v -0.282827 -0.034240 0.085964
v -0.294385 -0.034584 0.096142
v -0.298944 -0.034719 0.093368
v -0.296497 -0.034646 0.085617
v -0.294385 -0.034584 0.096142
v -0.301224 -0.034787 0.091981
v -0.298944 -0.034719 0.093368
v -0.303405 -0.034852 0.090398
v -0.318957 -0.035314 0.067706
v -0.328890 -0.035610 0.134115
v -0.332108 -0.035705 0.134161
v -0.308126 -0.034992 0.086064
v -0.303405 -0.034852 0.090398
v -0.316441 -0.035240 0.108640
v -0.308126 -0.034992 0.086064
v -0.322319 -0.035414 0.074402
v -0.322319 -0.035414 0.074402
v -0.329416 -0.035625 0.068571
v -0.326079 -0.035526 0.062026
v -0.318957 -0.035314 0.067706
v -0.334645 -0.035781 0.055196
v -0.332964 -0.035731 0.065655
v -0.329416 -0.035625 0.068571
v -0.326079 -0.035526 0.062026
v -0.336512 -0.035836 0.062739
v -0.334645 -0.035781 0.055196
v -0.332964 -0.035731 0.065655
v -0.336512 -0.035836 0.062739
v -0.338133 -0.035884 0.055038
v -0.366166 -0.036718 0.087124
v -0.361709 -0.036586 0.089354
v -0.368407 -0.036785 0.106987
v -0.363636 -0.036643 0.119148
v -0.326111 -0.035527 0.158289
v -0.327046 -0.035555 0.185945
v -0.327046 -0.035555 0.185945
v -0.323333 -0.035444 0.182462
v -0.326111 -0.035527 0.158289
v -0.315709 -0.035218 0.181001
v -0.322600 -0.035423 0.186101
v -0.312127 -0.035111 0.186024
v -0.332176 -0.035707 0.199170
v -0.326503 -0.035539 0.189742
v -0.334364 -0.035772 0.196818
v -0.323283 -0.035443 0.189789
v -0.319187 -0.035321 0.203089
v -0.319217 -0.035322 0.216723
v -0.316870 -0.035252 0.213992
v -0.319217 -0.035322 0.216723
v -0.316870 -0.035252 0.213992
v -0.312382 -0.035119 0.218923
v -0.309874 -0.035044 0.226989
v -0.308726 -0.035010 0.219390
v -0.337171 -0.035856 0.208859
v -0.340499 -0.035955 0.215473
v -0.338021 -0.035881 0.216300
v -0.332004 -0.035702 0.208013
v -0.334265 -0.035770 0.205171
v -0.368676 -0.036793 0.197946
v -0.387074 -0.037340 0.197412
v -0.379603 -0.037118 0.194715
v -0.386532 -0.037324 0.192681
v -0.372673 -0.036912 0.196749
v -0.371020 -0.036862 0.175886
v -0.372967 -0.036920 0.180812
v -0.375285 -0.036989 0.177445
v -0.376751 -0.037033 0.168317
v -0.375864 -0.037006 0.176603
v -0.375285 -0.036989 0.177445
v -0.376751 -0.037033 0.168317
v -0.375864 -0.037006 0.176603
v -0.376444 -0.037024 0.175762
v -0.377603 -0.037058 0.174078
v -0.378824 -0.037094 0.172305
v -0.385857 -0.037304 0.169769
v -0.380186 -0.037135 0.165511
v -0.385250 -0.037285 0.165147
v -0.385857 -0.037304 0.169769
v -0.380186 -0.037135 0.165511
v -0.395228 -0.037582 0.168670
v -0.370772 -0.036855 0.121548
v -0.390344 -0.037437 0.173404
v -0.395228 -0.037582 0.168670
v -0.404474 -0.037857 0.174291
v -0.394831 -0.037570 0.177039
v -0.390344 -0.037437 0.173404
v -0.380473 -0.037143 0.154372
v -0.365352 -0.036694 0.128177
v -0.363636 -0.036643 0.119148
v -0.365352 -0.036694 0.128177
v -0.370772 -0.036855 0.121548
v -0.373817 -0.036946 0.107030
v -0.371138 -0.036866 0.117330
v -0.370143 -0.036836 0.105896
v -0.368407 -0.036785 0.106987
v -0.373817 -0.036946 0.107030
v -0.373441 -0.036934 0.080563
v -0.371566 -0.036879 0.076341
v -0.385158 -0.037277 0.182998
v -0.386199 -0.037314 0.185282
v -0.384749 -0.037271 0.186973
v -0.383548 -0.037229 0.184510
v -0.378868 -0.037096 0.185868
v -0.380282 -0.037132 0.184078
v -0.383548 -0.037229 0.184510
v -0.384749 -0.037271 0.186973
v -0.377986 -0.037069 0.181816
v -0.379820 -0.037118 0.181774
v -0.380282 -0.037132 0.184078
v -0.378868 -0.037096 0.185868
v -0.379212 -0.037106 0.177207
v -0.380321 -0.037133 0.178878
v -0.379820 -0.037118 0.181774
v -0.377986 -0.037069 0.181816
v -0.384136 -0.037252 0.176038
v -0.383121 -0.037216 0.178527
v -0.380321 -0.037133 0.178878
v -0.379212 -0.037106 0.177207
v -0.387518 -0.037353 0.176965
v -0.385515 -0.037288 0.178976
v -0.383121 -0.037216 0.178527
v -0.384136 -0.037252 0.176038
v -0.387648 -0.037357 0.183592
v -0.385550 -0.037289 0.181408
v -0.385515 -0.037288 0.178976
v -0.387518 -0.037353 0.176965
v -0.386199 -0.037314 0.185282
v -0.385158 -0.037277 0.182998
v -0.385550 -0.037289 0.181408
v -0.387648 -0.037357 0.183592
v -0.389817 -0.037421 0.186490
v -0.398556 -0.037681 0.178413
v -0.398556 -0.037681 0.178413
v -0.394831 -0.037570 0.177039
v -0.393101 -0.037519 0.180300
v -0.391459 -0.037470 0.183395
v -0.390638 -0.037446 0.184943
v -0.389817 -0.037421 0.186490
v -0.404261 -0.037851 0.181516
v -0.342682 -0.036020 0.043826
v -0.337929 -0.035878 0.043729
v -0.343649 -0.036049 0.031772
v -0.335670 -0.035811 0.028841
v -0.347980 -0.036177 0.028838
v -0.350146 -0.036242 0.031769
v -0.347980 -0.036177 0.028838
v -0.343649 -0.036049 0.031772
v -0.365062 -0.036685 0.017156
v -0.364980 -0.036683 0.010361
v -0.390760 -0.037449 -0.008932
v -0.379960 -0.037128 -0.004501
v -0.368985 -0.036802 0.006255
v -0.385403 -0.037290 -0.009535
v -0.388942 -0.037395 -0.012808
v -0.437092 -0.038827 -0.012819
v -0.430950 -0.038644 -0.008935
v -0.217028 -0.032284 0.013722
v -0.211697 -0.032125 0.018728
v -0.211325 -0.032114 0.014771
v -0.216914 -0.032280 0.008451
v -0.220492 -0.032387 0.011238
v -0.187613 -0.031409 0.018728
v -0.186365 -0.031372 0.014743
v -0.180564 -0.031199 0.027574
v -0.165431 -0.030749 0.036681
v -0.161554 -0.030634 0.038312
v -0.161419 -0.030630 0.036582
v -0.138042 -0.029935 0.049191
v -0.142122 -0.030056 0.038377
v -0.141959 -0.030052 0.033748
v -0.138655 -0.029953 0.031082
v -0.179623 -0.031171 -0.011928
v -0.171298 -0.030924 0.006143
v -0.179623 -0.031171 -0.011928
v -0.186655 -0.031380 -0.009565
v -0.171298 -0.030924 0.006143
v -0.186655 -0.031380 -0.009565
v -0.192303 -0.031548 -0.015465
v -0.216914 -0.032280 0.008451
v -0.187658 -0.031410 -0.017688
v -0.139605 -0.029981 -0.064907
v -0.156381 -0.030480 -0.034721
v -0.097725 -0.028736 0.017333
v -0.114240 -0.029227 0.008289
v -0.152993 -0.030380 -0.038401
v -0.146373 -0.030183 -0.045168
v -0.093328 -0.028605 0.009075
v -0.094481 -0.028640 0.014114
v -0.149749 -0.030283 -0.041621
v -0.152055 -0.030352 -0.040695
v -0.133980 -0.029814 -0.057424
v -0.134495 -0.029830 -0.063163
v -0.134837 -0.029840 -0.069503
v -0.139605 -0.029981 -0.064907
v -0.134837 -0.029840 -0.069503
v -0.138838 -0.029959 -0.083839
v -0.132221 -0.029762 -0.076561
v -0.134056 -0.029816 -0.074735
v -0.134056 -0.029816 -0.074735
v -0.119229 -0.029376 -0.069311
v -0.130774 -0.029719 -0.080408
v -0.132221 -0.029762 -0.076561
v -0.063813 -0.027728 -0.007749
v -0.128288 -0.029645 -0.063054
v -0.065647 -0.027782 -0.005923
v -0.065647 -0.027782 -0.005923
v -0.068462 -0.027866 -0.003097
v -0.128288 -0.029645 -0.063054
v -0.063326 -0.027713 -0.013586
v -0.063813 -0.027728 -0.007749
v -0.063326 -0.027713 -0.013586
v -0.040488 -0.027034 -0.037090
v -0.039836 -0.027015 -0.031606
v -0.039836 -0.027015 -0.102815
v -0.040732 -0.027042 -0.109328
v -0.061423 -0.027657 -0.005345
v -0.037446 -0.026944 -0.029202
v -0.037312 -0.026940 -0.026875
v -0.062562 -0.027691 -0.000560
v -0.065816 -0.027787 -0.003317
v -0.062562 -0.027691 -0.000560
v -0.063257 -0.027711 -0.003519
v -0.061423 -0.027657 -0.005345
v -0.068462 -0.027866 -0.003097
v -0.068996 -0.027882 0.003881
v -0.068996 -0.027882 0.003881
v -0.062289 -0.027683 0.054031
v -0.073055 -0.028003 0.008594
v -0.069050 -0.027884 0.013996
v -0.087564 -0.028434 0.014185
v -0.069050 -0.027884 0.013996
v -0.070274 -0.027920 0.005364
v -0.073055 -0.028003 0.008594
v -0.070274 -0.027920 0.005364
v -0.069025 -0.027883 0.016444
v -0.069304 -0.027891 0.023836
v -0.078874 -0.028176 0.023862
v -0.087539 -0.028433 0.016632
v -0.088811 -0.028471 0.023860
v -0.069497 -0.027897 0.052581
v -0.087539 -0.028433 0.016632
v -0.087564 -0.028434 0.014185
v -0.094481 -0.028640 0.014114
v -0.088811 -0.028471 0.023860
v -0.095419 -0.028668 0.017092
v -0.095419 -0.028668 0.017092
v -0.097170 -0.028720 0.025711
v -0.137101 -0.029907 0.072857
v -0.120413 -0.029411 0.048504
v -0.129694 -0.029687 0.057605
v -0.404474 -0.037857 0.174291
v -0.404261 -0.037851 0.181516
v -0.107195 -0.029018 0.103116
v -0.107933 -0.029040 0.108505
v -0.140991 -0.030023 0.076262
v -0.087227 -0.028424 0.085142
v -0.060460 -0.027628 0.062898
v -0.063175 -0.027709 0.060080
v -0.062289 -0.027683 0.054031
v -0.069497 -0.027897 0.052581
v -0.063175 -0.027709 0.060080
v -0.045110 -0.027172 0.071281
v -0.060460 -0.027628 0.062898
v -0.045532 -0.027184 0.078283
v -0.043785 -0.027132 0.080079
v -0.024819 -0.026568 0.071456
v -0.037847 -0.026956 0.080196
v -0.028971 -0.026692 0.080095
v -0.035440 -0.026884 0.079934
v -0.024819 -0.026568 0.071456
v -0.037847 -0.026956 0.080196
v -0.028971 -0.026692 0.080095
v -0.026453 -0.026617 0.080290
v 0.000117 -0.025827 0.053370
v -0.026453 -0.026617 0.080290
v -0.003930 -0.025947 0.050892
v 0.000117 -0.025827 0.053370
v 0.000039 -0.025829 0.049065
v -0.001584 -0.025878 0.049091
v -0.029026 -0.026694 0.020723
v -0.032639 -0.026801 0.022243
v -0.032969 -0.026811 -0.026789
v -0.030331 -0.026732 -0.029501
v -0.033647 -0.026831 -0.029616
v -0.037446 -0.026944 -0.102707
v -0.033731 -0.026833 -0.071381
v -0.033807 -0.026836 -0.078143
v -0.033948 -0.026840 -0.082831
v -0.033807 -0.026836 -0.078143
v 0.006017 -0.025652 -0.037984
v 0.009084 -0.025560 -0.039645
v -0.037446 -0.026944 -0.102707
v -0.033689 -0.026832 -0.095034
v -0.033641 -0.026831 -0.097833
v -0.095576 -0.028672 -0.093060
v -0.091117 -0.028540 -0.096297
v -0.100941 -0.028832 -0.105967
v -0.106924 -0.029010 -0.104372
v -0.067161 -0.027827 -0.140314
v -0.072288 -0.027980 -0.139871
v -0.087510 -0.028432 -0.162778
v -0.067161 -0.027827 -0.140314
v -0.072288 -0.027980 -0.139871
v -0.094149 -0.028630 -0.162550
v -0.100649 -0.028823 -0.166309
v -0.095528 -0.028671 -0.172407
v -0.178293 -0.031132 -0.172626
v -0.173917 -0.031002 -0.177222
v -0.091152 -0.028541 -0.177004
v -0.185221 -0.031338 -0.172644
v -0.180846 -0.031208 -0.177240
v -0.333321 -0.035741 -0.173035
v -0.312172 -0.035113 -0.177631
v -0.179861 -0.031178 -0.188920
v -0.180834 -0.031207 -0.181624
v -0.308076 -0.034991 -0.182015
v -0.307833 -0.034983 -0.189311
v -0.172933 -0.030972 -0.188902
v -0.173905 -0.031001 -0.181606
v -0.032962 -0.026811 -0.189035
v -0.091140 -0.028540 -0.181387
v -0.060419 -0.027627 -0.209390
v -0.032962 -0.026811 -0.189035
v -0.060419 -0.027627 -0.207393
v -0.060419 -0.027627 -0.209390
v -0.031172 -0.011541 -0.192139
v -0.028607 -0.011464 -0.192057
v -0.030030 -0.011507 -0.192089
v -0.032962 -0.026811 -0.189035
v -0.031172 -0.011541 -0.192139
v -0.167234 -0.030803 -0.207770
v -0.262244 -0.033628 -0.208161
v -0.262244 -0.033628 -0.210158
v -0.167234 -0.030803 -0.209768
v -0.295294 -0.034611 -0.201943
v -0.322920 -0.035432 -0.189344
v -0.299498 -0.034736 -0.200395
v -0.007745 -0.026061 0.041434
v -0.002110 -0.025893 0.045378
v 0.005549 -0.025666 0.028835
v 0.009053 -0.025561 0.035190
v 0.009189 -0.025557 0.012405
v 0.009197 -0.025557 0.016743
v 0.009197 -0.025557 0.020144
v 0.006017 -0.025652 -0.037984
v 0.009193 -0.025557 -0.017550
v 0.009043 -0.025562 0.007345
v 0.009084 -0.025560 -0.039645
v 0.009165 -0.025558 -0.030486
v 0.009193 -0.025557 -0.025955
v 0.043198 -0.024546 -0.030211
v 0.052282 -0.024276 -0.025914
v 0.009189 -0.025557 -0.022454
v 0.052279 -0.024276 -0.022533
v 0.498044 -0.011022 -0.017086
v 0.054609 -0.024207 -0.025912
v 0.054606 -0.024207 -0.022537
v 0.047277 -0.024425 -0.030211
v 0.051860 -0.024288 -0.030170
v 0.043649 -0.024533 -0.086006
v 0.047729 -0.024411 -0.086006
v 0.052200 -0.024278 -0.089765
v 0.055547 -0.024179 -0.088297
v 0.055632 -0.024176 -0.031589
v 0.500831 -0.010939 -0.030562
v 0.501927 -0.010906 -0.025491
v 0.047729 -0.024411 -0.086006
v 0.034049 -0.024818 -0.098956
v 0.031984 -0.024879 -0.097822
v 0.043649 -0.024533 -0.086006
v 0.033951 -0.024821 -0.101563
v -0.012321 -0.026197 -0.101563
v -0.033946 -0.026840 -0.101563
v -0.033946 -0.026840 -0.116172
v -0.039836 -0.027015 -0.102815
v -0.047059 -0.027230 -0.120716
v -0.050527 -0.027333 -0.118544
v -0.040732 -0.027042 -0.109328
v -0.036847 -0.026926 -0.110862
v -0.036847 -0.026926 -0.110862
v -0.037141 -0.026935 -0.120305
v -0.039365 -0.027001 -0.127951
v -0.031154 -0.026757 -0.118491
v -0.078759 -0.028172 -0.162064
v -0.044763 -0.027161 -0.132950
v -0.039449 -0.027003 -0.130151
v -0.033442 -0.026825 -0.130193
v -0.032116 -0.026785 -0.132906
v -0.039365 -0.027001 -0.127951
v -0.044763 -0.027161 -0.132950
v -0.078759 -0.028172 -0.162064
v -0.056730 -0.027517 -0.146478
v 0.454464 -0.012318 -0.154688
v -0.039296 -0.026999 -0.152100
v -0.051643 -0.027366 -0.152137
v -0.056805 -0.027520 -0.154682
v 0.008727 -0.025571 -0.151816
v 0.429985 -0.013045 -0.149435
v 0.012747 -0.025451 -0.151793
v -0.056730 -0.027517 -0.146478
v -0.060182 -0.027620 -0.149856
v -0.056805 -0.027520 -0.154682
v -0.054418 -0.027449 -0.158880
v -0.054418 -0.027449 -0.161682
v -0.067021 -0.027823 -0.161024
v 0.457526 -0.012226 -0.161688
v 0.454487 -0.012317 -0.158886
v -0.054418 -0.027449 -0.158880
v -0.054418 -0.027449 -0.161682
v 0.444368 -0.012618 -0.150039
v 0.436735 -0.012845 -0.149718
v 0.433446 -0.012942 -0.149580
v 0.458129 -0.012209 -0.150617
v 0.452002 -0.012391 -0.150360
v 0.518590 -0.010411 -0.101708
v 0.470614 -0.011837 -0.138068
v 0.502129 -0.010900 -0.107069
v 0.477413 -0.011635 -0.131131
v 0.512983 -0.010578 -0.097149
v 0.512367 -0.010596 -0.093903
v 0.536804 -0.009869 -0.093903
v 0.536804 -0.009869 -0.093903
v 0.538506 -0.009819 -0.101971
v 0.518590 -0.010411 -0.101708
v 0.538506 -0.009819 -0.101971
v 0.538060 -0.009832 -0.097696
v 0.540678 -0.009754 -0.097645
v 0.541169 -0.009739 -0.100099
v 0.538901 -0.009807 -0.100124
v 0.538060 -0.009832 -0.097696
v 0.538901 -0.009807 -0.100124
v -0.053117 -0.027410 -0.125859
v -0.079249 -0.028187 -0.096708
v -0.075770 -0.028083 -0.092904
v 0.055193 -0.024189 0.020264
v 0.053034 -0.024254 0.024722
v 0.053136 -0.024251 0.078550
v 0.053150 -0.024250 0.085585
v 0.055328 -0.024185 0.088543
v 0.041423 -0.024599 0.020288
v 0.046355 -0.024452 0.024735
v 0.046457 -0.024449 0.078563
v 0.041534 -0.024596 0.078563
v 0.037913 -0.024703 0.085598
v 0.036721 -0.024739 0.083462
v 0.036734 -0.024738 0.087668
v -0.035437 -0.026884 0.084145
v 0.007694 -0.025602 0.087668
v -0.035012 -0.026872 0.087668
v -0.037752 -0.026953 0.099275
v -0.035165 -0.026876 0.094745
v -0.037752 -0.026953 0.099275
v -0.039100 -0.026993 0.106548
v -0.035165 -0.026876 0.094745
v -0.054043 -0.027437 0.127236
v -0.050776 -0.027340 0.123129
v -0.044900 -0.027166 0.129817
v -0.039690 -0.027011 0.137741
v -0.044902 -0.027166 0.116440
v -0.039100 -0.026993 0.106548
v -0.037001 -0.026931 0.110158
v -0.016859 -0.026332 0.110246
v -0.016859 -0.026332 0.116528
v -0.037114 -0.026934 0.107253
v -0.007837 -0.026064 0.116497
v -0.007837 -0.026064 0.110215
v -0.007837 -0.026064 0.110215
v -0.007837 -0.026064 0.116497
v 0.008632 -0.025574 0.099619
v 0.000337 -0.025820 0.098338
v 0.008632 -0.025574 0.099619
v 0.003522 -0.025726 0.094745
v 0.479946 -0.011560 0.098779
v 0.476262 -0.011669 0.094288
v 0.055335 -0.024185 0.095111
v 0.003522 -0.025726 0.094745
v 0.029829 -0.024944 0.094745
v 0.042841 -0.024557 0.094736
v 0.049094 -0.024371 0.087660
v 0.050924 -0.024316 0.085589
v 0.476255 -0.011670 0.090785
v 0.470628 -0.011837 0.087720
v 0.055328 -0.024185 0.091608
v 0.532237 -0.010005 0.035660
v 0.528356 -0.010120 0.033135
v 0.532187 -0.010007 -0.039383
v 0.529161 -0.010097 -0.036337
v 0.476469 -0.011663 -0.094333
v 0.471320 -0.011816 -0.093945
v 0.045087 -0.024490 -0.098995
v 0.050630 -0.024325 -0.094418
v 0.476372 -0.011666 -0.098765
v 0.052200 -0.024278 -0.089765
v 0.055547 -0.024179 -0.088297
v 0.036566 -0.024743 -0.104279
v 0.041122 -0.024608 -0.104228
v 0.036312 -0.024751 -0.105807
v 0.041350 -0.024601 -0.108199
v 0.039349 -0.024661 -0.109743
v -0.009819 -0.026122 -0.109984
v -0.009961 -0.026127 -0.105807
v 0.476276 -0.011669 -0.102709
v 0.041122 -0.024608 -0.104228
v 0.041350 -0.024601 -0.108199
v 0.470206 -0.011849 -0.107718
v 0.471500 -0.011811 -0.110254
v 0.475169 -0.011702 -0.107538
v 0.501357 -0.010923 -0.084107
v 0.537821 -0.009839 -0.043269
v 0.542945 -0.009687 -0.039232
v 0.537871 -0.009838 0.035762
v 0.544342 -0.009645 0.027289
v 0.544292 -0.009647 -0.034796
v 0.537821 -0.009839 -0.043269
v 0.544292 -0.009647 -0.034796
v 0.554437 -0.009345 -0.039232
v 0.557095 -0.009266 -0.034806
v 0.557095 -0.009266 -0.070863
v 0.553739 -0.009366 -0.082445
v 0.588506 -0.008332 0.063324
v 0.591666 -0.008238 0.058402
v 0.591616 -0.008239 -0.069358
v 0.588456 -0.008333 -0.070874
v 0.557145 -0.009264 0.063335
v 0.554461 -0.009344 0.065127
v 0.554644 -0.009339 0.040707
v 0.557145 -0.009264 0.027279
v 0.554545 -0.009342 0.031353
v 0.554644 -0.009339 0.040707
v 0.554545 -0.009342 0.031353
v 0.544374 -0.009644 0.031177
v 0.544342 -0.009645 0.027289
v 0.544250 -0.009648 0.036883
v 0.537871 -0.009838 0.035762
v 0.500742 -0.010942 0.078762
v 0.476262 -0.011669 0.094288
v 0.500742 -0.010942 0.078762
v 0.510937 -0.010638 0.088313
v 0.511164 -0.010632 0.082586
v 0.490381 -0.011250 0.102603
v 0.469455 -0.011872 0.129564
v 0.469455 -0.011872 0.129564
v 0.463986 -0.012034 0.129806
v 0.490381 -0.011250 0.102603
v 0.510937 -0.010638 0.088313
v 0.463986 -0.012034 0.137673
v 0.463986 -0.012034 0.129806
v -0.007835 -0.026063 0.129874
v -0.039690 -0.027011 0.137741
v -0.007835 -0.026063 0.129874
v -0.016857 -0.026332 0.129905
v 0.051584 -0.024297 0.016664
v 0.041423 -0.024599 0.020288
v 0.046355 -0.024452 0.024735
v 0.046347 -0.024452 0.020288
v 0.051584 -0.024297 0.016664
v 0.009197 -0.025557 0.016743
v 0.050800 -0.024320 0.020279
v 0.050809 -0.024320 0.024726
v 0.050800 -0.024320 0.020279
v 0.046347 -0.024452 0.020288
v 0.055335 -0.024185 0.016664
v 0.470493 -0.011841 0.019441
v 0.503974 -0.010845 0.015841
v 0.055327 -0.024185 0.012326
v 0.051576 -0.024297 0.012326
v 0.496435 -0.011070 0.007808
v 0.051576 -0.024297 0.012326
v 0.009043 -0.025562 0.007345
v 0.496435 -0.011070 0.007808
v 0.503967 -0.010846 0.011503
v 0.503974 -0.010845 0.015841
v 0.504519 -0.010829 0.019373
v 0.470493 -0.011841 0.019441
v 0.504519 -0.010829 0.019373
v 0.516061 -0.010486 0.009890
v 0.055327 -0.024185 0.012326
v 0.507136 -0.010751 0.007873
v 0.503967 -0.010846 0.011503
v 0.507136 -0.010751 0.007873
v 0.510900 -0.010639 -0.011396
v 0.507286 -0.010747 -0.007780
v 0.510750 -0.010644 0.006602
v 0.516092 -0.010485 -0.013722
v 0.515179 -0.010512 -0.011363
v 0.515029 -0.010517 0.004974
v 0.502151 -0.010900 -0.018945
v 0.502125 -0.010900 -0.022916
v 0.501923 -0.010906 -0.023358
v 0.054606 -0.024207 -0.022537
v 0.516092 -0.010485 -0.013722
v 0.501927 -0.010906 -0.025491
v 0.498044 -0.011022 -0.017086
v 0.502151 -0.010900 -0.018945
v -0.598773 -0.026408 0.028712
v -0.542422 -0.024733 0.035725
v -0.591040 -0.026178 0.035994
v -0.590528 -0.043389 0.035994
v -0.598262 -0.043619 0.028712
v -0.373441 -0.036934 0.080563
v -0.371566 -0.036879 0.076341
v -0.338021 -0.035881 0.216300
v -0.340499 -0.035955 0.215473
v -0.309874 -0.035044 0.226989
v -0.308726 -0.035010 0.219390
v -0.315709 -0.035218 0.181001
v -0.312127 -0.035111 0.186024
v -0.272863 -0.033944 0.085336
v -0.263122 -0.033654 0.083946
v -0.263122 -0.033654 0.083946
v -0.186876 -0.014161 0.014743
v -0.180564 -0.031199 0.027574
v -0.165431 -0.030749 0.036681
v -0.165942 -0.013539 0.036681
v -0.161554 -0.030634 0.038312
v -0.165431 -0.030749 0.036681
v -0.165942 -0.013539 0.036681
v -0.161931 -0.013419 0.036582
v -0.162066 -0.013423 0.038312
v -0.137101 -0.029907 0.072857
v -0.140991 -0.030023 0.076262
v -0.142122 -0.030056 0.038377
v -0.138042 -0.029935 0.049191
v 0.557145 -0.009264 0.063335
v 0.554461 -0.009344 0.065127
v 0.591666 -0.008238 0.058402
v 0.588506 -0.008332 0.063324
v 0.541169 -0.009739 -0.100099
v 0.540678 -0.009754 -0.097645
v -0.091152 -0.028541 -0.177004
v -0.087510 -0.028432 -0.162778
v -0.032962 -0.026811 -0.189035
v -0.091140 -0.028540 -0.181387
v -0.032962 -0.026811 -0.189035
v -0.033474 -0.009600 -0.189035
v -0.091652 -0.011330 -0.181387
v -0.173445 -0.013762 -0.188902
v -0.307833 -0.034983 -0.189311
v -0.308076 -0.034991 -0.182015
v -0.307833 -0.034983 -0.189311
v -0.322920 -0.035432 -0.189344
v -0.322920 -0.035432 -0.189344
v -0.312172 -0.035113 -0.177631
v -0.312172 -0.035113 -0.177631
v -0.333321 -0.035741 -0.173035
v 0.490381 -0.011250 0.102603
v 0.490757 -0.023885 0.102603
v 0.480322 -0.024195 0.098779
v 0.479946 -0.011560 0.098779
v -0.044524 -0.039801 0.129817
v -0.016481 -0.038967 0.129905
v -0.001267 -0.036516 0.049091
v 0.000355 -0.036468 0.049065
v -0.221055 -0.032403 0.031918
v -0.222343 -0.032442 0.027574
v -0.323933 -0.037585 -0.023909
v -0.349701 -0.038351 -0.023905
v -0.331420 -0.037808 0.022212
v -0.309621 -0.037160 0.002061
v -0.361382 -0.038699 -0.011875
v -0.361381 -0.038699 -0.007543
v -0.353660 -0.038469 -0.020035
v -0.361382 -0.038699 -0.011875
v -0.331420 -0.037808 0.022212
v -0.195290 -0.033780 -0.163911
v -0.341248 -0.038120 -0.164708
v -0.078759 -0.028172 -0.162064
v -0.067021 -0.027823 -0.161024
v -0.078759 -0.028172 -0.162064
v -0.437092 -0.038827 -0.012819
v -0.455067 -0.039361 -0.020541
v -0.437092 -0.038827 -0.012819
v -0.430950 -0.038644 -0.008935
v -0.368179 -0.037085 -0.104541
v -0.369326 -0.037119 -0.104547
v 0.588456 -0.008333 -0.070874
v 0.591616 -0.008239 -0.069358
v -0.274633 0.000456 0.069667
v -0.278392 0.000344 0.069662
v -0.278458 0.002592 0.069662
v -0.274700 0.002704 0.069667
v -0.046556 0.007237 0.078283
v -0.038775 0.007469 0.099275
v -0.039013 0.015449 0.099275
v -0.046793 0.015218 0.078283
v -0.222855 -0.015231 0.027574
v -0.223367 0.001980 0.027574
v -0.222079 0.002018 0.031918
v -0.217649 0.002150 0.032943
v -0.207089 -0.014762 0.030924
v -0.142251 0.004392 0.160511
v -0.142014 0.004399 0.076262
v -0.142252 0.012379 0.076262
v -0.142488 0.012372 0.160511
v -0.066671 0.006639 -0.005923
v -0.064281 0.006710 -0.003519
v -0.062446 0.006765 -0.005345
v -0.064836 0.006694 -0.007749
v -0.135079 0.004605 -0.074735
v -0.133245 0.004660 -0.076561
v -0.038469 0.007478 -0.029202
v -0.040859 0.007407 -0.031606
v -0.038469 0.007478 -0.102707
v -0.040859 0.007407 -0.102815
v -0.066839 0.006634 -0.003317
v -0.141739 -0.012819 0.160511
v -0.141503 -0.012812 0.076262
v -0.141739 -0.012819 0.160511
v -0.142251 0.004392 0.160511
v -0.134961 0.004609 0.167219
v -0.134449 -0.012602 0.167219
v -0.134449 -0.012602 0.167219
v -0.134961 0.004609 0.167219
v -0.134944 0.004609 0.170308
v -0.134432 -0.012602 0.170308
v -0.134432 -0.012602 0.170308
v -0.134944 0.004609 0.170308
v -0.104700 0.005508 0.169951
v -0.104188 -0.011702 0.169951
v -0.038775 0.007469 0.099275
v -0.046556 0.007237 0.078283
v -0.044808 0.007289 0.080079
v -0.038871 0.007466 0.080196
v 0.004994 0.008770 -0.037984
v 0.004525 0.008756 0.028835
v 0.004386 0.013422 0.028835
v 0.004855 0.013436 -0.037984
v -0.031354 0.007689 -0.029501
v -0.034831 0.007586 -0.078143
v -0.034969 0.012252 -0.078143
v -0.031493 0.012355 -0.029501
v -0.034831 0.007586 -0.078143
v -0.031354 0.007689 -0.029501
v -0.034755 0.007588 -0.071381
v -0.034671 0.007591 -0.029616
v -0.060930 -0.010416 -0.209390
v -0.065483 -0.010552 -0.228678
v -0.061371 -0.010429 -0.228678
v -0.061264 -0.010426 -0.226321
v -0.065832 -0.010562 -0.209407
v -0.065444 -0.010550 -0.226580
v 0.051259 0.010146 -0.025914
v 0.008169 0.008864 -0.025955
v 0.008166 0.008864 -0.022454
v 0.051256 0.010146 -0.022533
v 0.500900 0.023515 -0.023358
v 0.500903 0.023515 -0.025491
v 0.500696 0.030486 -0.025491
v 0.500693 0.030486 -0.023358
v 0.050552 0.010125 0.012326
v 0.008166 0.008864 0.012405
v 0.008174 0.008865 0.016743
v 0.050560 0.010125 0.016664
v 0.509727 0.023778 0.006602
v 0.509877 0.023782 -0.011396
v 0.514155 0.023909 -0.011363
v 0.514005 0.023905 0.004974
v 0.501127 0.023522 -0.018945
v 0.501102 0.023521 -0.022916
v 0.008138 0.008863 0.023906
v 0.008102 0.008862 0.027667
v 0.007786 0.019501 0.027667
v 0.007822 0.019502 0.023906
v -0.029995 0.007730 0.080095
v -0.036463 0.007537 0.079934
v -0.036780 0.018176 0.079934
v -0.030311 0.018368 0.080095
v 0.035697 0.009683 0.083462
v 0.040510 0.009826 0.078563
v 0.040194 0.020464 0.078563
v 0.035381 0.020321 0.083462
v -0.000984 0.008592 0.049065
v -0.000907 0.008595 0.053370
v -0.001223 0.019233 0.053370
v -0.001301 0.019231 0.049065
v -0.036463 0.007537 0.079934
v -0.036461 0.007537 0.084145
v -0.036777 0.018176 0.084145
v -0.036780 0.018176 0.079934
v -0.027476 0.007805 0.080290
v -0.029995 0.007730 0.080095
v -0.030311 0.018368 0.080095
v -0.027793 0.018443 0.080290
v 0.534031 0.024500 0.035711
v 0.531214 0.024417 0.035660
v 0.531164 0.024415 -0.039383
v 0.533981 0.024499 -0.041326
v 0.475235 0.022752 0.092536
v 0.475231 0.022752 0.090785
v 0.475445 0.022758 -0.094333
v 0.475349 0.022755 -0.098765
v 0.536798 0.024583 -0.043269
v 0.475252 0.022753 -0.102709
v 0.475238 0.022752 0.094288
v 0.536847 0.024584 0.035762
v 0.054312 0.010236 0.095111
v 0.054308 0.010236 0.093359
v 0.053886 0.024445 0.093359
v 0.053889 0.024446 0.095111
v 0.543319 0.024776 0.027289
v 0.543269 0.024775 -0.034796
v 0.556071 0.025156 -0.034806
v 0.556121 0.025157 0.027279
v 0.008156 0.008864 0.022025
v 0.008174 0.008865 0.020144
v 0.004994 0.008770 -0.037984
v 0.004525 0.008756 0.028835
v 0.008030 0.008860 0.035190
v 0.008102 0.008862 0.027667
v 0.008138 0.008863 0.023906
v -0.038775 0.007469 0.099275
v -0.104664 0.005509 0.163465
v -0.040123 0.007428 0.106548
v -0.065745 0.006667 0.137715
v -0.055066 0.006984 0.127236
v -0.104700 0.005508 0.169951
v -0.065745 0.006667 0.137715
v -0.065234 -0.010544 0.137715
v -0.104188 -0.011702 0.169951
v -0.104700 0.005508 0.169951
v 0.500696 0.030486 -0.025491
v 0.053379 0.017186 -0.025912
v 0.053375 0.017186 -0.022537
v 0.500693 0.030486 -0.023358
v 0.054096 0.017207 0.012326
v 0.054104 0.017208 0.016664
v 0.502744 0.030547 0.015841
v 0.502736 0.030547 0.011503
v 0.053586 0.010215 -0.025912
v 0.053583 0.010215 -0.022537
v 0.053375 0.017186 -0.022537
v 0.053379 0.017186 -0.025912
v 0.502951 0.023576 0.015841
v 0.502943 0.023576 0.011503
v 0.502736 0.030547 0.011503
v 0.502744 0.030547 0.015841
v 0.053583 0.010215 -0.022537
v 0.500900 0.023515 -0.023358
v 0.500693 0.030486 -0.023358
v 0.053375 0.017186 -0.022537
v 0.054304 0.010236 0.012326
v 0.054312 0.010236 0.016664
v 0.054104 0.017208 0.016664
v 0.054096 0.017207 0.012326
v 0.500903 0.023515 -0.025491
v 0.053586 0.010215 -0.025912
v 0.053379 0.017186 -0.025912
v 0.500696 0.030486 -0.025491
v 0.502943 0.023576 0.011503
v 0.054304 0.010236 0.012326
v 0.054096 0.017207 0.012326
v 0.502736 0.030547 0.011503
v 0.474812 0.036961 0.092536
v 0.053886 0.024445 0.093359
v 0.053882 0.024445 0.091608
v 0.474809 0.036961 0.090785
v 0.474816 0.036961 0.094288
v 0.053889 0.024446 0.095111
v 0.475238 0.022752 0.094288
v 0.054312 0.010236 0.095111
v 0.053889 0.024446 0.095111
v 0.474816 0.036961 0.094288
v 0.054308 0.010236 0.093359
v 0.054305 0.010236 0.091608
v 0.053882 0.024445 0.091608
v 0.053886 0.024445 0.093359
v 0.475235 0.022752 0.092536
v 0.475238 0.022752 0.094288
v 0.474816 0.036961 0.094288
v 0.474812 0.036961 0.092536
v 0.054305 0.010236 0.091608
v 0.475231 0.022752 0.090785
v 0.474809 0.036961 0.090785
v 0.053882 0.024445 0.091608
v 0.475231 0.022752 0.090785
v 0.475235 0.022752 0.092536
v 0.474812 0.036961 0.092536
v 0.474809 0.036961 0.090785
v 0.015966 0.019744 0.064420
v 0.007786 0.019501 0.027667
v 0.007714 0.019499 0.035190
v -0.003450 0.019167 0.045378
v 0.040083 0.020461 0.020288
v 0.007858 0.019503 0.020144
v 0.035381 0.020321 0.083462
v 0.040194 0.020464 0.078563
v -0.001301 0.019231 0.049065
v -0.002923 0.019182 0.049091
v 0.025673 0.020033 0.073941
v -0.001223 0.019233 0.053370
v 0.007822 0.019502 0.023906
v 0.030527 0.020177 0.078702
v 0.007840 0.019502 0.022025
v -0.027793 0.018443 0.080290
v -0.036777 0.018176 0.084145
v -0.030311 0.018368 0.080095
v -0.036780 0.018176 0.079934
v 0.008156 0.008864 0.022025
v 0.008138 0.008863 0.023906
v 0.007822 0.019502 0.023906
v 0.007840 0.019502 0.022025
v 0.008030 0.008860 0.035190
v -0.003134 0.008528 0.045378
v -0.003450 0.019167 0.045378
v 0.007714 0.019499 0.035190
v 0.040400 0.009823 0.020288
v 0.008174 0.008865 0.020144
v 0.007858 0.019503 0.020144
v 0.040083 0.020461 0.020288
v 0.008030 0.008860 0.035190
v 0.007714 0.019499 0.035190
v -0.003134 0.008528 0.045378
v -0.002607 0.008544 0.049091
v -0.002923 0.019182 0.049091
v -0.003450 0.019167 0.045378
v -0.000907 0.008595 0.053370
v -0.027476 0.007805 0.080290
v -0.027793 0.018443 0.080290
v -0.001223 0.019233 0.053370
v 0.040510 0.009826 0.078563
v 0.040400 0.009823 0.020288
v 0.040083 0.020461 0.020288
v 0.040194 0.020464 0.078563
v -0.036461 0.007537 0.084145
v 0.035697 0.009683 0.083462
v 0.035381 0.020321 0.083462
v -0.036777 0.018176 0.084145
v 0.008174 0.008865 0.020144
v 0.007858 0.019503 0.020144
v 0.004386 0.013422 0.028835
v -0.031493 0.012355 -0.029501
v -0.034969 0.012252 -0.078143
v 0.004855 0.013436 -0.037984
v -0.008907 0.013027 0.041434
v -0.030189 0.012394 0.020723
v -0.008768 0.008361 0.041434
v -0.030050 0.007728 0.020723
v -0.030189 0.012394 0.020723
v -0.008907 0.013027 0.041434
v -0.034831 0.007586 -0.078143
v 0.004994 0.008770 -0.037984
v 0.004855 0.013436 -0.037984
v -0.034969 0.012252 -0.078143
v -0.030050 0.007728 0.020723
v -0.031354 0.007689 -0.029501
v -0.031493 0.012355 -0.029501
v -0.030189 0.012394 0.020723
v -0.135198 0.012589 0.167219
v -0.142488 0.012372 0.160511
v -0.142252 0.012379 0.076262
v -0.109193 0.013362 0.108505
v -0.061721 0.014774 0.062898
v -0.046793 0.015218 0.078283
v -0.104937 0.013489 0.169951
v -0.135181 0.012589 0.170308
v -0.039013 0.015449 0.099275
v -0.104902 0.013490 0.163465
v -0.135198 0.012589 0.167219
v -0.135181 0.012589 0.170308
v -0.108956 0.005382 0.108505
v -0.061483 0.006793 0.062898
v -0.061721 0.014774 0.062898
v -0.109193 0.013362 0.108505
v -0.061483 0.006793 0.062898
v -0.046556 0.007237 0.078283
v -0.046793 0.015218 0.078283
v -0.061721 0.014774 0.062898
v -0.142014 0.004399 0.076262
v -0.108956 0.005382 0.108505
v -0.109193 0.013362 0.108505
v -0.142252 0.012379 0.076262
v -0.038775 0.007469 0.099275
v -0.104664 0.005509 0.163465
v -0.104902 0.013490 0.163465
v -0.039013 0.015449 0.099275
v -0.104664 0.005509 0.163465
v -0.104700 0.005508 0.169951
v -0.104937 0.013489 0.169951
v -0.104902 0.013490 0.163465
v -0.142488 0.012372 0.160511
v -0.135198 0.012589 0.167219
v -0.135181 0.012589 0.170308
v -0.104937 0.013489 0.169951
v -0.278392 0.000344 0.069662
v -0.274633 0.000456 0.069667
v -0.274700 0.002698 0.069667
v -0.278458 0.002586 0.069662
v -0.273610 -0.033966 0.069667
v -0.273543 -0.036215 0.069667
v -0.277301 -0.036326 0.069662
v -0.277368 -0.034078 0.069662
v -0.045532 -0.027184 0.078283
v -0.045295 -0.035165 0.078283
v -0.037515 -0.034933 0.099275
v -0.037752 -0.026953 0.099275
v -0.221055 -0.032403 0.031918
v -0.222343 -0.032442 0.027574
v -0.222855 -0.015231 0.027574
v -0.207089 -0.014762 0.030924
v -0.216626 -0.032272 0.032943
v -0.141228 -0.030030 0.160511
v -0.140990 -0.038010 0.160511
v -0.140754 -0.038003 0.076262
v -0.140991 -0.030023 0.076262
v -0.065647 -0.027782 -0.005923
v -0.063813 -0.027728 -0.007749
v -0.061423 -0.027657 -0.005345
v -0.063257 -0.027711 -0.003519
v -0.134056 -0.029816 -0.074735
v -0.132221 -0.029762 -0.076561
v -0.039836 -0.027015 -0.031606
v -0.037446 -0.026944 -0.029202
v -0.039836 -0.027015 -0.102815
v -0.037446 -0.026944 -0.102707
v -0.065816 -0.027787 -0.003317
v -0.133937 -0.029813 0.167219
v -0.141228 -0.030030 0.160511
v -0.133920 -0.029812 0.170308
v -0.133937 -0.029813 0.167219
v -0.103676 -0.028913 0.169951
v -0.133920 -0.029812 0.170308
v -0.037752 -0.026953 0.099275
v -0.037847 -0.026956 0.080196
v -0.043785 -0.027132 0.080079
v -0.045532 -0.027184 0.078283
v 0.006017 -0.025652 -0.037984
v 0.006156 -0.030318 -0.037984
v 0.005687 -0.030332 0.028835
v 0.005549 -0.025666 0.028835
v -0.030331 -0.026732 -0.029501
v -0.030192 -0.031398 -0.029501
v -0.033668 -0.031502 -0.078143
v -0.033807 -0.026836 -0.078143
v -0.033807 -0.026836 -0.078143
v -0.033731 -0.026833 -0.071381
v -0.030331 -0.026732 -0.029501
v -0.033647 -0.026831 -0.029616
v 0.052282 -0.024276 -0.025914
v 0.052279 -0.024276 -0.022533
v 0.009189 -0.025557 -0.022454
v 0.009193 -0.025557 -0.025955
v 0.501923 -0.010906 -0.023358
v 0.502131 -0.017878 -0.023358
v 0.502134 -0.017877 -0.025491
v 0.501927 -0.010906 -0.025491
v 0.051576 -0.024297 0.012326
v 0.051584 -0.024297 0.016664
v 0.009197 -0.025557 0.016743
v 0.009189 -0.025557 0.012405
v 0.510750 -0.010644 0.006602
v 0.515029 -0.010517 0.004974
v 0.515179 -0.010512 -0.011363
v 0.510900 -0.010639 -0.011396
v 0.502125 -0.010900 -0.022916
v 0.502151 -0.010900 -0.018945
v 0.009161 -0.025558 0.023906
v 0.009478 -0.036196 0.023906
v 0.009442 -0.036197 0.027667
v 0.009125 -0.025559 0.027667
v -0.028971 -0.026692 0.080095
v -0.028655 -0.037330 0.080095
v -0.035123 -0.037523 0.079934
v -0.035440 -0.026884 0.079934
v 0.036721 -0.024739 0.083462
v 0.037037 -0.035377 0.083462
v 0.041850 -0.035234 0.078563
v 0.041534 -0.024596 0.078563
v 0.000039 -0.025829 0.049065
v 0.000355 -0.036468 0.049065
v 0.000433 -0.036465 0.053370
v 0.000117 -0.025827 0.053370
v -0.035440 -0.026884 0.079934
v -0.035123 -0.037523 0.079934
v -0.035121 -0.037523 0.084145
v -0.035437 -0.026884 0.084145
v -0.026453 -0.026617 0.080290
v -0.026136 -0.037255 0.080290
v -0.028655 -0.037330 0.080095
v -0.028971 -0.026692 0.080095
v 0.535054 -0.009921 0.035711
v 0.535004 -0.009923 -0.041326
v 0.532187 -0.010007 -0.039383
v 0.532237 -0.010005 0.035660
v 0.476258 -0.011670 0.092536
v 0.476255 -0.011670 0.090785
v 0.476372 -0.011666 -0.098765
v 0.476469 -0.011663 -0.094333
v 0.537821 -0.009839 -0.043269
v 0.476276 -0.011669 -0.102709
v 0.476262 -0.011669 0.094288
v 0.537871 -0.009838 0.035762
v 0.055335 -0.024185 0.095111
v 0.055758 -0.038394 0.095111
v 0.055754 -0.038394 0.093359
v 0.055332 -0.024185 0.093359
v 0.544342 -0.009645 0.027289
v 0.557145 -0.009264 0.027279
v 0.557095 -0.009266 -0.034806
v 0.544292 -0.009647 -0.034796
v 0.006017 -0.025652 -0.037984
v 0.009197 -0.025557 0.020144
v 0.009179 -0.025558 0.022025
v 0.009161 -0.025558 0.023906
v 0.009125 -0.025559 0.027667
v 0.009053 -0.025561 0.035190
v 0.005549 -0.025666 0.028835
v -0.037752 -0.026953 0.099275
v -0.039100 -0.026993 0.106548
v -0.103641 -0.028912 0.163465
v -0.054043 -0.027437 0.127236
v -0.064722 -0.027755 0.137715
v -0.103676 -0.028913 0.169951
v -0.064722 -0.027755 0.137715
v -0.103676 -0.028913 0.169951
v 0.502134 -0.017877 -0.025491
v 0.502131 -0.017878 -0.023358
v 0.054813 -0.031178 -0.022537
v 0.054817 -0.031178 -0.025912
v 0.055534 -0.031157 0.012326
v 0.504174 -0.017817 0.011503
v 0.504182 -0.017817 0.015841
v 0.055542 -0.031156 0.016664
v 0.054609 -0.024207 -0.025912
v 0.054817 -0.031178 -0.025912
v 0.054813 -0.031178 -0.022537
v 0.054606 -0.024207 -0.022537
v 0.503974 -0.010845 0.015841
v 0.504182 -0.017817 0.015841
v 0.504174 -0.017817 0.011503
v 0.503967 -0.010846 0.011503
v 0.054606 -0.024207 -0.022537
v 0.054813 -0.031178 -0.022537
v 0.502131 -0.017878 -0.023358
v 0.501923 -0.010906 -0.023358
v 0.055327 -0.024185 0.012326
v 0.055534 -0.031157 0.012326
v 0.055542 -0.031156 0.016664
v 0.055335 -0.024185 0.016664
v 0.501927 -0.010906 -0.025491
v 0.502134 -0.017877 -0.025491
v 0.054817 -0.031178 -0.025912
v 0.054609 -0.024207 -0.025912
v 0.503967 -0.010846 0.011503
v 0.504174 -0.017817 0.011503
v 0.055534 -0.031157 0.012326
v 0.055327 -0.024185 0.012326
v 0.476681 -0.025879 0.092536
v 0.476677 -0.025879 0.090785
v 0.055751 -0.038395 0.091608
v 0.055754 -0.038394 0.093359
v 0.476684 -0.025879 0.094288
v 0.055758 -0.038394 0.095111
v 0.476262 -0.011669 0.094288
v 0.476684 -0.025879 0.094288
v 0.055758 -0.038394 0.095111
v 0.055335 -0.024185 0.095111
v 0.055332 -0.024185 0.093359
v 0.055754 -0.038394 0.093359
v 0.055751 -0.038395 0.091608
v 0.055328 -0.024185 0.091608
v 0.476258 -0.011670 0.092536
v 0.476681 -0.025879 0.092536
v 0.476684 -0.025879 0.094288
v 0.476262 -0.011669 0.094288
v 0.055328 -0.024185 0.091608
v 0.055751 -0.038395 0.091608
v 0.476677 -0.025879 0.090785
v 0.476255 -0.011670 0.090785
v 0.476255 -0.011670 0.090785
v 0.476677 -0.025879 0.090785
v 0.476681 -0.025879 0.092536
v 0.476258 -0.011670 0.092536
v 0.017622 -0.035954 0.064420
v -0.001794 -0.036532 0.045378
v 0.009370 -0.036200 0.035190
v 0.009442 -0.036197 0.027667
v 0.041739 -0.035237 0.020288
v 0.041850 -0.035234 0.078563
v 0.037037 -0.035377 0.083462
v 0.009514 -0.036195 0.020144
v 0.000355 -0.036468 0.049065
v -0.001267 -0.036516 0.049091
v 0.027329 -0.035666 0.073941
v 0.000433 -0.036465 0.053370
v 0.009478 -0.036196 0.023906
v 0.032183 -0.035521 0.078702
v 0.009496 -0.036196 0.022025
v -0.026136 -0.037255 0.080290
v -0.035121 -0.037523 0.084145
v -0.035123 -0.037523 0.079934
v -0.028655 -0.037330 0.080095
v 0.009179 -0.025558 0.022025
v 0.009496 -0.036196 0.022025
v 0.009478 -0.036196 0.023906
v 0.009161 -0.025558 0.023906
v 0.009053 -0.025561 0.035190
v 0.009370 -0.036200 0.035190
v -0.001794 -0.036532 0.045378
v -0.002110 -0.025893 0.045378
v 0.041423 -0.024599 0.020288
v 0.041739 -0.035237 0.020288
v 0.009514 -0.036195 0.020144
v 0.009197 -0.025557 0.020144
v 0.009370 -0.036200 0.035190
v 0.009053 -0.025561 0.035190
v -0.002110 -0.025893 0.045378
v -0.001794 -0.036532 0.045378
v -0.001267 -0.036516 0.049091
v -0.001584 -0.025878 0.049091
v 0.000117 -0.025827 0.053370
v 0.000433 -0.036465 0.053370
v -0.026136 -0.037255 0.080290
v -0.026453 -0.026617 0.080290
v 0.041534 -0.024596 0.078563
v 0.041850 -0.035234 0.078563
v 0.041739 -0.035237 0.020288
v 0.041423 -0.024599 0.020288
v -0.035437 -0.026884 0.084145
v -0.035121 -0.037523 0.084145
v 0.037037 -0.035377 0.083462
v 0.036721 -0.024739 0.083462
v 0.009197 -0.025557 0.020144
v 0.009514 -0.036195 0.020144
v 0.005687 -0.030332 0.028835
v 0.006156 -0.030318 -0.037984
v -0.033668 -0.031502 -0.078143
v -0.030192 -0.031398 -0.029501
v -0.007606 -0.030727 0.041434
v -0.028888 -0.031360 0.020723
v -0.007745 -0.026061 0.041434
v -0.007606 -0.030727 0.041434
v -0.028888 -0.031360 0.020723
v -0.029026 -0.026694 0.020723
v -0.033807 -0.026836 -0.078143
v -0.033668 -0.031502 -0.078143
v 0.006156 -0.030318 -0.037984
v 0.006017 -0.025652 -0.037984
v -0.029026 -0.026694 0.020723
v -0.028888 -0.031360 0.020723
v -0.030192 -0.031398 -0.029501
v -0.030331 -0.026732 -0.029501
v -0.140754 -0.038003 0.076262
v -0.140990 -0.038010 0.160511
v -0.133700 -0.037793 0.167219
v -0.133683 -0.037793 0.170308
v -0.103439 -0.036894 0.169951
v -0.103404 -0.036893 0.163465
v -0.037515 -0.034933 0.099275
v -0.045295 -0.035165 0.078283
v -0.107695 -0.037020 0.108505
v -0.060223 -0.035609 0.062898
v -0.133683 -0.037793 0.170308
v -0.133700 -0.037793 0.167219
v -0.107933 -0.029040 0.108505
v -0.107695 -0.037020 0.108505
v -0.060223 -0.035609 0.062898
v -0.060460 -0.027628 0.062898
v -0.060460 -0.027628 0.062898
v -0.060223 -0.035609 0.062898
v -0.045295 -0.035165 0.078283
v -0.045532 -0.027184 0.078283
v -0.140991 -0.030023 0.076262
v -0.140754 -0.038003 0.076262
v -0.107695 -0.037020 0.108505
v -0.107933 -0.029040 0.108505
v -0.037752 -0.026953 0.099275
v -0.037515 -0.034933 0.099275
v -0.103404 -0.036893 0.163465
v -0.103641 -0.028912 0.163465
v -0.103641 -0.028912 0.163465
v -0.103404 -0.036893 0.163465
v -0.103439 -0.036894 0.169951
v -0.103676 -0.028913 0.169951
v -0.133700 -0.037793 0.167219
v -0.140990 -0.038010 0.160511
v -0.103439 -0.036894 0.169951
v -0.133683 -0.037793 0.170308
v -0.277368 -0.034078 0.069662
v -0.277301 -0.036320 0.069662
v -0.273543 -0.036208 0.069667
v -0.273610 -0.033966 0.069667
v -0.433711 -0.004274 -0.175678
v -0.571507 -0.008372 -0.175678
v -0.571571 -0.006231 -0.175678
v -0.433775 -0.002134 -0.175678
v -0.427410 -0.004087 -0.165172
v -0.433711 -0.004274 -0.175678
v -0.433775 -0.002134 -0.175678
v -0.427474 -0.001946 -0.165172
v -0.599285 -0.009198 0.028712
v -0.599936 -0.009217 -0.145233
v -0.599425 -0.026428 -0.145233
v -0.598773 -0.026408 0.028712
v -0.599425 -0.026428 -0.145233
v -0.599936 -0.009217 -0.145233
v -0.571507 -0.008372 -0.175678
v -0.570996 -0.025582 -0.175678
v -0.545342 -0.007594 -0.152750
v -0.429809 -0.004158 -0.153591
v -0.429872 -0.002018 -0.153591
v -0.545406 -0.005453 -0.152750
v -0.570996 -0.025582 -0.175678
v -0.433199 -0.021485 -0.175678
v -0.433199 -0.021485 -0.175678
v -0.426899 -0.021298 -0.165172
v -0.576806 -0.008529 0.028861
v -0.575899 -0.008502 -0.120763
v -0.575963 -0.006361 -0.120763
v -0.576869 -0.006388 0.028861
v -0.429809 -0.004158 -0.153591
v -0.402505 -0.003347 -0.153591
v -0.402568 -0.001206 -0.153591
v -0.429872 -0.002018 -0.153591
v -0.600000 -0.007076 -0.145233
v -0.571571 -0.006231 -0.175678
v -0.571500 -0.008371 0.029029
v -0.575732 -0.008497 0.029002
v -0.574873 -0.008472 -0.119995
v -0.570641 -0.008346 -0.101322
v -0.538423 -0.007388 -0.146902
v -0.538806 -0.007399 -0.150375
v -0.216599 0.002181 -0.150386
v -0.216538 0.002183 -0.146892
v -0.188332 0.003022 -0.117688
v -0.189829 0.002977 -0.123352
v -0.180906 0.003242 -0.114106
v -0.187996 0.003032 -0.114013
v -0.198752 0.002712 -0.132363
v -0.216100 0.002196 -0.143764
v -0.568978 -0.008296 -0.100830
v -0.553168 -0.007826 -0.116016
v -0.553378 -0.000744 -0.116016
v -0.569189 -0.001214 -0.100830
v -0.536696 -0.007336 -0.145686
v -0.439581 -0.004449 -0.145625
v -0.439791 0.002634 -0.145625
v -0.536907 -0.000254 -0.145686
v -0.542522 -0.007510 -0.078890
v -0.542949 -0.007522 0.029029
v -0.543160 -0.000440 0.029029
v -0.542732 -0.000427 -0.078890
v -0.220726 0.002058 -0.145490
v -0.190756 0.002950 -0.114362
v -0.190966 0.010032 -0.114362
v -0.220937 0.009141 -0.145490
v -0.514148 -0.006666 -0.113386
v -0.544280 -0.007562 -0.083043
v -0.544491 -0.000479 -0.083043
v -0.514358 0.000417 -0.113386
v -0.569113 -0.008300 0.029002
v -0.568978 -0.008296 -0.100830
v -0.569189 -0.001214 -0.100830
v -0.569323 -0.001218 0.029002
v -0.297520 -0.000225 0.085617
v -0.319980 -0.000893 0.067706
v -0.320047 0.001356 0.067706
v -0.297587 0.002024 0.085617
v -0.327103 -0.001105 0.062027
v -0.327170 0.001144 0.062027
v -0.318917 -0.000861 0.022349
v -0.314090 -0.000718 0.017326
v -0.314157 0.001531 0.017326
v -0.318984 0.001387 0.022349
v -0.285155 0.000143 0.002429
v -0.281944 0.000238 0.007142
v -0.282011 0.002487 0.007142
v -0.285222 0.002391 0.002429
v -0.274633 0.000456 0.069667
v -0.275244 0.000437 0.073412
v -0.275310 0.002680 0.073412
v -0.274700 0.002698 0.069667
v -0.311677 -0.000646 0.014815
v -0.311744 0.001603 0.014815
v -0.278327 0.000346 0.013649
v -0.298726 -0.000261 0.013514
v -0.298793 0.001988 0.013514
v -0.278394 0.002594 0.013649
v -0.282225 0.000230 0.041779
v -0.275090 0.000442 0.048615
v -0.275157 0.002691 0.048615
v -0.282292 0.002478 0.041779
v -0.305291 -0.000456 0.017186
v -0.307623 -0.000525 0.021184
v -0.307690 0.001723 0.021184
v -0.305358 0.001793 0.017186
v -0.322440 -0.000966 0.025863
v -0.318917 -0.000861 0.022349
v -0.318984 0.001387 0.022349
v -0.322507 0.001283 0.025863
v -0.309264 -0.000574 0.012303
v -0.309331 0.001674 0.012303
v -0.328479 -0.001145 0.032653
v -0.322440 -0.000966 0.025863
v -0.322507 0.001283 0.025863
v -0.328546 0.001103 0.032653
v -0.307728 -0.000528 0.033415
v -0.299760 -0.000292 0.042143
v -0.299827 0.001957 0.042143
v -0.307795 0.001720 0.033415
v -0.211413 -0.000294 0.070519
v -0.210979 -0.014878 0.070519
v -0.206581 -0.014747 0.070460
v -0.206930 -0.002984 0.070460
v -0.206930 -0.002984 0.070460
v -0.206581 -0.014747 0.070460
v -0.202375 -0.014622 0.070127
v -0.204072 -0.005629 0.070127
v -0.212386 -0.000323 0.064644
v -0.216838 0.002174 0.064644
v -0.215890 0.002202 0.070577
v -0.211413 -0.000294 0.070519
v -0.219310 0.002101 0.040808
v -0.218798 -0.015110 0.040808
v -0.218600 -0.015104 0.050692
v -0.219112 0.002106 0.050692
v -0.214876 -0.000397 0.040808
v -0.219310 0.002101 0.040808
v -0.219112 0.002106 0.050692
v -0.214720 -0.000392 0.050692
v -0.207561 -0.014776 0.040808
v -0.210354 -0.005816 0.040808
v -0.210241 -0.005812 0.050692
v -0.207448 -0.014773 0.050692
v -0.208390 -0.014801 0.035866
v -0.208658 -0.005765 0.035866
v -0.210354 -0.005816 0.040808
v -0.207561 -0.014776 0.040808
v -0.213172 -0.000346 0.035866
v -0.217600 0.002151 0.035866
v -0.219310 0.002101 0.040808
v -0.214876 -0.000397 0.040808
v -0.217600 0.002151 0.035866
v -0.217088 -0.015059 0.035866
v -0.218798 -0.015110 0.040808
v -0.219310 0.002101 0.040808
v -0.217649 0.002150 0.032943
v -0.217137 -0.015061 0.032943
v -0.217088 -0.015059 0.035866
v -0.217600 0.002151 0.035866
v -0.212462 -0.000325 0.032943
v -0.217649 0.002150 0.032943
v -0.217600 0.002151 0.035866
v -0.213172 -0.000346 0.035866
v -0.206742 -0.020747 0.032943
v -0.207188 -0.005722 0.032943
v -0.208658 -0.005765 0.035866
v -0.208390 -0.014801 0.035866
v -0.207089 -0.014762 0.030924
v -0.207601 0.002449 0.030924
v -0.207188 -0.005722 0.032943
v -0.206742 -0.020747 0.032943
v -0.207601 0.002449 0.030924
v -0.215890 0.002202 0.030924
v -0.217649 0.002150 0.032943
v -0.212462 -0.000325 0.032943
v -0.207188 -0.005722 0.032943
v -0.215890 0.002202 0.030924
v -0.215378 -0.015009 0.030924
v -0.217137 -0.015061 0.032943
v -0.217649 0.002150 0.032943
v -0.213869 -0.000367 0.058622
v -0.218604 -0.004647 0.058424
v -0.216838 0.002174 0.064644
v -0.212386 -0.000323 0.064644
v -0.206053 -0.014731 0.058820
v -0.208847 -0.005771 0.058820
v -0.207847 -0.005741 0.064644
v -0.203626 -0.014659 0.064644
v -0.202920 -0.014638 0.066800
v -0.204617 -0.005645 0.066800
v -0.204072 -0.005629 0.070127
v -0.202375 -0.014622 0.070127
v -0.207847 -0.005741 0.064644
v -0.206930 -0.002984 0.070460
v -0.204072 -0.005629 0.070127
v -0.204617 -0.005645 0.066800
v -0.203626 -0.014659 0.064644
v -0.207847 -0.005741 0.064644
v -0.204617 -0.005645 0.066800
v -0.202920 -0.014638 0.066800
v -0.207448 -0.014773 0.050692
v -0.210241 -0.005812 0.050692
v -0.208847 -0.005771 0.058820
v -0.206053 -0.014731 0.058820
v -0.214720 -0.000392 0.050692
v -0.219112 0.002106 0.050692
v -0.218604 -0.004647 0.058424
v -0.213869 -0.000367 0.058622
v -0.219112 0.002106 0.050692
v -0.218600 -0.015104 0.050692
v -0.218293 -0.015095 0.058424
v -0.218604 -0.004647 0.058424
v -0.229050 -0.005120 0.069099
v -0.225126 -0.007471 0.066134
v -0.236050 -0.006039 0.066225
v -0.234255 -0.005777 0.068460
v -0.225029 -0.004838 0.065029
v -0.224718 -0.015286 0.065029
v -0.224893 -0.015291 0.066134
v -0.225126 -0.007471 0.066134
v -0.218604 -0.004647 0.058424
v -0.218293 -0.015095 0.058424
v -0.224718 -0.015286 0.065029
v -0.225029 -0.004838 0.065029
v -0.215378 -0.015009 0.070577
v -0.215890 0.002202 0.070577
v -0.218589 0.002122 0.070484
v -0.218077 -0.015089 0.070484
v -0.216838 0.002174 0.064644
v -0.218604 -0.004647 0.058424
v -0.225126 -0.007471 0.066134
v -0.225029 -0.004838 0.065029
v -0.215890 0.002202 0.070577
v -0.216838 0.002174 0.064644
v -0.218589 0.002122 0.070484
v -0.225126 -0.007471 0.066134
v -0.232964 -0.003125 0.072064
v -0.232595 -0.015520 0.072064
v -0.217965 -0.015085 0.071901
v -0.218353 -0.002036 0.071901
v -0.218021 -0.015087 0.071193
v -0.218469 -0.000003 0.071193
v -0.218353 -0.002036 0.071901
v -0.217965 -0.015085 0.071901
v -0.218469 -0.000003 0.071193
v -0.229050 -0.005120 0.069099
v -0.218353 -0.002036 0.071901
v -0.232964 -0.003125 0.072064
v -0.232561 -0.015519 0.070696
v -0.232918 -0.003515 0.070696
v -0.234632 -0.003566 0.070605
v -0.234276 -0.015570 0.070605
v -0.225126 -0.007471 0.066134
v -0.224893 -0.015291 0.066134
v -0.235761 -0.015739 0.066225
v -0.236050 -0.006039 0.066225
v -0.234255 -0.005777 0.068460
v -0.236050 -0.006039 0.066225
v -0.236074 -0.003484 0.069035
v -0.234696 -0.003238 0.069016
v -0.218589 0.002122 0.070484
v -0.225126 -0.007471 0.066134
v -0.218469 -0.000003 0.071193
v -0.229050 -0.005120 0.069099
v -0.218077 -0.015089 0.070484
v -0.218589 0.002122 0.070484
v -0.218469 -0.000003 0.071193
v -0.218021 -0.015087 0.071193
v -0.232964 -0.003125 0.072064
v -0.229050 -0.005120 0.069099
v -0.232918 -0.003515 0.070696
v -0.234255 -0.005777 0.068460
v -0.232918 -0.003515 0.070696
v -0.234255 -0.005777 0.068460
v -0.234632 -0.003566 0.070605
v -0.234696 -0.003238 0.069016
v -0.236074 -0.003484 0.069035
v -0.235713 -0.015613 0.069035
v -0.234329 -0.015572 0.069016
v -0.234696 -0.003238 0.069016
v -0.236050 -0.006039 0.066225
v -0.235761 -0.015739 0.066225
v -0.235713 -0.015613 0.069035
v -0.236074 -0.003484 0.069035
v -0.426899 -0.021298 -0.165172
v -0.427410 -0.004087 -0.165172
v -0.196378 0.002782 -0.163911
v -0.195866 -0.014428 -0.163911
v -0.342335 -0.001557 -0.164708
v -0.341824 -0.018768 -0.164708
v -0.599349 -0.007057 0.028712
v -0.600000 -0.007076 -0.145233
v -0.308588 -0.017780 -0.182015
v -0.309099 -0.000569 -0.182015
v -0.181857 0.003214 -0.181624
v -0.181345 -0.013997 -0.181624
v -0.308344 -0.017773 -0.189311
v -0.308856 -0.000562 -0.189311
v -0.263268 0.000794 -0.208161
v -0.262756 -0.016417 -0.208161
v -0.180373 -0.013968 -0.188920
v -0.308344 -0.017773 -0.189311
v -0.262756 -0.016417 -0.208161
v -0.167745 -0.013592 -0.207770
v -0.065444 -0.010550 -0.226580
v -0.065488 -0.009067 -0.226580
v -0.065527 -0.009068 -0.228678
v -0.065483 -0.010552 -0.228678
v -0.262693 -0.016415 -0.227304
v -0.262737 -0.014932 -0.227304
v -0.167726 -0.012107 -0.226913
v -0.167682 -0.013590 -0.226913
v -0.163359 -0.011977 -0.226895
v -0.163315 -0.013460 -0.226895
v -0.168257 0.003619 -0.209768
v -0.163890 0.003748 -0.209749
v -0.163359 -0.011977 -0.226895
v -0.167726 -0.012107 -0.226913
v -0.263268 0.000794 -0.210158
v -0.168257 0.003619 -0.209768
v -0.167726 -0.012107 -0.226913
v -0.262737 -0.014932 -0.227304
v -0.163890 0.003748 -0.209749
v -0.066344 0.006649 -0.209407
v -0.065488 -0.009067 -0.226580
v -0.163359 -0.011977 -0.226895
v -0.163315 -0.013460 -0.226895
v -0.163359 -0.011977 -0.226895
v -0.065488 -0.009067 -0.226580
v -0.065444 -0.010550 -0.226580
v -0.061308 -0.008943 -0.226321
v -0.061264 -0.010426 -0.226321
v -0.061371 -0.010429 -0.228678
v -0.061415 -0.008946 -0.228678
v -0.065527 -0.009068 -0.228678
v -0.065483 -0.010552 -0.228678
v -0.061371 -0.010429 -0.228678
v -0.061415 -0.008946 -0.228678
v -0.061264 -0.010426 -0.226321
v -0.060930 -0.010416 -0.209390
v -0.031231 -0.009533 -0.192139
v -0.028832 -0.009653 -0.192070
v -0.060930 -0.010416 -0.209390
v -0.061442 0.006795 -0.209390
v -0.031291 -0.007525 -0.192139
v -0.031231 -0.009533 -0.192139
v -0.295806 -0.017400 -0.201943
v -0.296318 -0.000189 -0.201943
v -0.288050 -0.015685 -0.227392
v -0.288006 -0.017168 -0.227392
v -0.262737 -0.014932 -0.227304
v -0.262693 -0.016415 -0.227304
v -0.288006 -0.017168 -0.227392
v -0.288050 -0.015685 -0.227392
v -0.263268 0.000794 -0.210158
v -0.262737 -0.014932 -0.227304
v -0.288050 -0.015685 -0.227392
v -0.296318 -0.000189 -0.201943
v -0.294319 -0.017356 -0.224859
v -0.300010 -0.017525 -0.200395
v -0.323431 -0.018221 -0.189344
v -0.351335 -0.019051 -0.189319
v -0.300521 -0.000314 -0.200395
v -0.294363 -0.015872 -0.224859
v -0.351379 -0.017568 -0.189319
v -0.323943 -0.001011 -0.189344
v -0.294363 -0.015872 -0.224859
v -0.294319 -0.017356 -0.224859
v -0.351335 -0.019051 -0.189319
v -0.351379 -0.017568 -0.189319
v 0.030961 0.009542 -0.097822
v -0.034664 0.007591 -0.097833
v -0.034981 0.018229 -0.097833
v 0.030645 0.020180 -0.097822
v 0.042626 0.009889 -0.086006
v 0.030961 0.009542 -0.097822
v 0.030645 0.020180 -0.097822
v 0.042310 0.020527 -0.086006
v 0.008060 0.008861 -0.039645
v 0.008141 0.008864 -0.030486
v 0.007825 0.019502 -0.030486
v 0.007744 0.019499 -0.039645
v 0.042174 0.009876 -0.030211
v 0.042626 0.009889 -0.086006
v 0.042310 0.020527 -0.086006
v 0.041858 0.020514 -0.030211
v -0.034972 0.007582 -0.082831
v 0.008060 0.008861 -0.039645
v 0.007744 0.019499 -0.039645
v -0.035288 0.018220 -0.082831
v 0.008141 0.008864 -0.030486
v 0.042174 0.009876 -0.030211
v 0.041858 0.020514 -0.030211
v 0.007825 0.019502 -0.030486
v -0.008860 0.008358 0.116497
v -0.017882 0.008090 0.116528
v -0.018258 0.020725 0.116528
v -0.009236 0.020993 0.116497
v -0.040711 0.007411 0.154080
v -0.040199 -0.009800 0.154080
v 0.463476 0.005176 0.154012
v 0.462964 0.022387 0.154012
v -0.050513 0.007120 0.154082
v -0.050002 -0.010091 0.154082
v 0.462962 0.022387 0.137673
v -0.040713 0.007411 0.137741
v -0.040711 0.007411 0.154080
v 0.462964 0.022387 0.154012
v -0.050513 0.007120 0.154082
v -0.055066 0.006984 0.127236
v -0.065745 0.006667 0.137715
v -0.050002 -0.010091 0.154082
v -0.050513 0.007120 0.154082
v -0.065745 0.006667 0.137715
v -0.065234 -0.010544 0.137715
v 0.478766 0.022857 0.154010
v 0.468432 0.022550 0.129564
v 0.479277 0.005646 0.154010
v 0.478766 0.022857 0.154010
v 0.478766 0.022857 0.154010
v 0.479277 0.005646 0.154010
v 0.540814 0.007476 0.088399
v 0.540303 0.024687 0.088399
v 0.540303 0.024687 0.088399
v 0.509914 0.023783 0.088313
v 0.475252 0.022753 -0.102709
v 0.475349 0.022755 -0.098765
v 0.474926 0.036965 -0.098765
v 0.474830 0.036962 -0.102709
v 0.044064 0.009932 -0.098995
v 0.040098 0.009814 -0.104228
v 0.039676 0.024023 -0.104228
v 0.043641 0.024141 -0.098995
v -0.051799 0.007081 0.123129
v -0.045923 0.007256 0.129817
v -0.046299 0.019891 0.129817
v -0.052175 0.019716 0.123129
v -0.017882 0.008090 0.116528
v -0.045925 0.007256 0.116440
v -0.046301 0.019891 0.116440
v -0.018258 0.020725 0.116528
v 0.553438 0.025077 0.065127
v 0.553621 0.025083 0.040707
v 0.553245 0.037718 0.040707
v 0.553062 0.037712 0.065127
v -0.045787 0.007260 -0.132950
v -0.033139 0.007636 -0.132906
v -0.033515 0.020271 -0.132906
v -0.046162 0.019895 -0.132950
v 0.510140 0.023790 0.082586
v 0.536292 0.024568 0.082280
v 0.535917 0.037203 0.082280
v 0.509765 0.036425 0.082586
v -0.045925 0.007256 0.116440
v -0.051799 0.007081 0.123129
v -0.052175 0.019716 0.123129
v -0.046301 0.019891 0.116440
v 0.536292 0.024568 0.082280
v 0.553438 0.025077 0.065127
v 0.553062 0.037712 0.065127
v 0.535917 0.037203 0.082280
v -0.040319 0.007423 -0.152100
v -0.052666 0.007056 -0.152137
v -0.053042 0.019691 -0.152137
v -0.040695 0.020058 -0.152100
v -0.057754 0.006904 -0.146478
v -0.045787 0.007260 -0.132950
v -0.046162 0.019895 -0.132950
v -0.058129 0.019539 -0.146478
v -0.052666 0.007056 -0.152137
v -0.057754 0.006904 -0.146478
v -0.058129 0.019539 -0.146478
v -0.053042 0.019691 -0.152137
v -0.057829 0.006902 -0.154682
v 0.453440 0.022104 -0.154688
v 0.453464 0.022105 -0.158886
v -0.055442 0.006973 -0.158880
v 0.473828 0.005484 -0.173134
v -0.054930 -0.010238 -0.173534
v -0.055442 0.006973 -0.173534
v 0.473316 0.022695 -0.173134
v -0.055442 0.006973 -0.161682
v -0.055442 0.006973 -0.173534
v -0.068044 0.006598 -0.161024
v -0.061206 0.006802 -0.149856
v 0.456503 0.022195 -0.161688
v 0.473316 0.022695 -0.173134
v 0.535365 0.024540 -0.111466
v 0.517566 0.024011 -0.101708
v 0.537482 0.024603 -0.101971
v 0.540158 0.024682 -0.105747
v 0.473828 0.005484 -0.173134
v 0.473316 0.022695 -0.173134
v 0.535365 0.024540 -0.111466
v 0.535877 0.007329 -0.111466
v 0.535877 0.007329 -0.111466
v 0.535365 0.024540 -0.111466
v 0.540158 0.024682 -0.105747
v 0.540670 0.007472 -0.105747
v 0.537877 0.024615 -0.100124
v 0.540146 0.024682 -0.100099
v 0.540670 0.007472 -0.105747
v 0.540158 0.024682 -0.105747
v 0.540146 0.024682 -0.100099
v 0.540657 0.007471 -0.100099
v -0.055442 0.006973 -0.173534
v -0.054930 -0.010238 -0.173534
v -0.067533 -0.010612 -0.161024
v -0.068044 0.006598 -0.161024
v -0.223367 0.001980 0.027574
v -0.181587 0.003222 0.027574
v -0.207601 0.002449 0.030924
v -0.215890 0.002202 0.030924
v -0.217649 0.002150 0.032943
v -0.222079 0.002018 0.031918
v -0.066344 0.006649 -0.209407
v -0.061442 0.006795 -0.209390
v -0.061308 -0.008943 -0.226321
v -0.065488 -0.009067 -0.226580
v -0.061415 -0.008946 -0.228678
v -0.061308 -0.008943 -0.226321
v -0.065488 -0.009067 -0.226580
v -0.065527 -0.009068 -0.228678
v -0.288050 -0.015685 -0.227392
v -0.294363 -0.015872 -0.224859
v -0.300521 -0.000314 -0.200395
v -0.296318 -0.000189 -0.201943
v 0.536292 0.024568 0.082280
v 0.510140 0.023790 0.082586
v -0.207601 0.002449 0.030924
v -0.207089 -0.014762 0.030924
v -0.181587 0.003222 0.027574
v -0.181587 0.003222 0.027574
v -0.181075 -0.013989 0.027574
v -0.207089 -0.014762 0.030924
v -0.222855 -0.015231 0.027574
v 0.540814 0.007476 0.088399
v 0.536804 0.007357 0.082280
v 0.536292 0.024568 0.082280
v 0.540303 0.024687 0.088399
v -0.288050 -0.015685 -0.227392
v -0.288006 -0.017168 -0.227392
v -0.294319 -0.017356 -0.224859
v -0.294363 -0.015872 -0.224859
v 0.474830 0.036962 -0.102709
v 0.474926 0.036965 -0.098765
v 0.043641 0.024141 -0.098995
v 0.039676 0.024023 -0.104228
v 0.475349 0.022755 -0.098765
v 0.044064 0.009932 -0.098995
v 0.043641 0.024141 -0.098995
v 0.474926 0.036965 -0.098765
v 0.040098 0.009814 -0.104228
v 0.475252 0.022753 -0.102709
v 0.474830 0.036962 -0.102709
v 0.039676 0.024023 -0.104228
v -0.009236 0.020993 0.116497
v -0.018258 0.020725 0.116528
v -0.018256 0.020725 0.129905
v -0.009234 0.020993 0.129874
v -0.046301 0.019891 0.116440
v -0.046299 0.019891 0.129817
v -0.052175 0.019716 0.123129
v 0.553245 0.037718 0.040707
v 0.509765 0.036425 0.082586
v 0.535917 0.037203 0.082280
v 0.553062 0.037712 0.065127
v -0.045357 0.019919 -0.146274
v -0.058129 0.019539 -0.146478
v -0.046162 0.019895 -0.132950
v -0.033515 0.020271 -0.132906
v -0.040695 0.020058 -0.152100
v -0.053042 0.019691 -0.152137
v 0.041858 0.020514 -0.030211
v 0.042310 0.020527 -0.086006
v 0.030645 0.020180 -0.097822
v 0.007825 0.019502 -0.030486
v 0.007744 0.019499 -0.039645
v -0.034981 0.018229 -0.097833
v -0.035028 0.018228 -0.095034
v -0.035288 0.018220 -0.082831
v -0.034712 0.007589 -0.095034
v -0.034972 0.007582 -0.082831
v -0.035288 0.018220 -0.082831
v -0.035028 0.018228 -0.095034
v -0.222855 -0.015231 0.027574
v -0.207089 -0.014762 0.030924
v -0.217649 0.002150 0.032943
v -0.222079 0.002018 0.031918
v -0.210241 -0.005812 0.050692
v -0.214720 -0.000392 0.050692
v -0.213869 -0.000367 0.058622
v -0.208847 -0.005771 0.058820
v -0.208847 -0.005771 0.058820
v -0.213869 -0.000367 0.058622
v -0.212386 -0.000323 0.064644
v -0.207847 -0.005741 0.064644
v -0.207188 -0.005722 0.032943
v -0.212462 -0.000325 0.032943
v -0.213172 -0.000346 0.035866
v -0.208658 -0.005765 0.035866
v -0.208658 -0.005765 0.035866
v -0.213172 -0.000346 0.035866
v -0.214876 -0.000397 0.040808
v -0.210354 -0.005816 0.040808
v -0.210354 -0.005816 0.040808
v -0.214876 -0.000397 0.040808
v -0.214720 -0.000392 0.050692
v -0.210241 -0.005812 0.050692
v -0.207847 -0.005741 0.064644
v -0.212386 -0.000323 0.064644
v -0.211413 -0.000294 0.070519
v -0.206930 -0.002984 0.070460
v -0.215890 0.002202 0.070577
v -0.215378 -0.015009 0.070577
v -0.327170 0.001144 0.062027
v -0.335735 0.000889 0.055196
v -0.322507 0.001283 0.025863
v -0.311859 0.001599 0.036139
v -0.328546 0.001103 0.032653
v -0.339020 0.000792 0.043729
v -0.298793 0.001988 0.013514
v -0.309331 0.001674 0.012303
v -0.299678 0.001962 0.002257
v -0.278394 0.002594 0.013649
v -0.318984 0.001387 0.022349
v -0.307795 0.001720 0.033415
v -0.303818 0.001838 0.044211
v -0.299827 0.001957 0.042143
v -0.320047 0.001356 0.067706
v -0.285222 0.002391 0.002429
v -0.282011 0.002487 0.007142
v -0.305358 0.001793 0.017186
v -0.311744 0.001603 0.014815
v -0.314157 0.001531 0.017326
v -0.307690 0.001723 0.021184
v -0.297587 0.002024 0.085617
v -0.278458 0.002592 0.069662
v -0.274700 0.002704 0.069667
v -0.282292 0.002478 0.041779
v -0.275157 0.002691 0.048615
v -0.299611 -0.000287 0.002257
v -0.299678 0.001962 0.002257
v -0.338953 -0.001457 0.043729
v -0.328479 -0.001145 0.032653
v -0.328546 0.001103 0.032653
v -0.339020 0.000792 0.043729
v -0.298726 -0.000261 0.013514
v -0.305291 -0.000456 0.017186
v -0.305358 0.001793 0.017186
v -0.298793 0.001988 0.013514
v -0.299611 -0.000287 0.002257
v -0.285155 0.000143 0.002429
v -0.285222 0.002391 0.002429
v -0.299678 0.001962 0.002257
v -0.307623 -0.000525 0.021184
v -0.307728 -0.000528 0.033415
v -0.307795 0.001720 0.033415
v -0.307690 0.001723 0.021184
v -0.281944 0.000238 0.007142
v -0.278327 0.000346 0.013649
v -0.278394 0.002594 0.013649
v -0.282011 0.002487 0.007142
v -0.335668 -0.001359 0.055196
v -0.338953 -0.001457 0.043729
v -0.339020 0.000792 0.043729
v -0.335735 0.000889 0.055196
v -0.275090 0.000442 0.048615
v -0.274633 0.000456 0.069667
v -0.274700 0.002704 0.069667
v -0.275157 0.002691 0.048615
v -0.335668 -0.001359 0.055196
v -0.335735 0.000889 0.055196
v -0.299760 -0.000292 0.042143
v -0.282225 0.000230 0.041779
v -0.282292 0.002478 0.041779
v -0.299827 0.001957 0.042143
v -0.278392 0.000344 0.069662
v -0.297520 -0.000225 0.085617
v -0.297587 0.002024 0.085617
v -0.278458 0.002592 0.069662
v -0.543160 -0.000440 0.029029
v -0.569323 -0.001218 0.029002
v -0.569189 -0.001214 -0.100830
v -0.542732 -0.000427 -0.078890
v -0.514358 0.000417 -0.113386
v -0.537567 -0.000273 -0.131202
v -0.536907 -0.000254 -0.145686
v -0.434050 0.002805 -0.113393
v -0.544491 -0.000479 -0.083043
v -0.553378 -0.000744 -0.116016
v -0.359336 0.005026 -0.113691
v -0.439791 0.002634 -0.145625
v -0.220937 0.009141 -0.145490
v -0.190966 0.010032 -0.114362
v -0.537357 -0.007356 -0.131202
v -0.536696 -0.007336 -0.145686
v -0.536907 -0.000254 -0.145686
v -0.537567 -0.000273 -0.131202
v -0.190756 0.002950 -0.114362
v -0.359126 -0.002057 -0.113691
v -0.359336 0.005026 -0.113691
v -0.190966 0.010032 -0.114362
v -0.433839 -0.004278 -0.113393
v -0.514148 -0.006666 -0.113386
v -0.514358 0.000417 -0.113386
v -0.434050 0.002805 -0.113393
v -0.544280 -0.007562 -0.083043
v -0.542522 -0.007510 -0.078890
v -0.542732 -0.000427 -0.078890
v -0.544491 -0.000479 -0.083043
v -0.220726 0.002058 -0.145490
v -0.220937 0.009141 -0.145490
v -0.433839 -0.004278 -0.113393
v -0.434050 0.002805 -0.113393
v -0.537357 -0.007356 -0.131202
v -0.537567 -0.000273 -0.131202
v -0.542949 -0.007522 0.029029
v -0.569113 -0.008300 0.029002
v -0.569323 -0.001218 0.029002
v -0.543160 -0.000440 0.029029
v -0.576869 -0.006388 0.028861
v -0.575963 -0.006361 -0.120763
v -0.600000 -0.007076 -0.145233
v -0.599349 -0.007057 0.028712
v -0.545406 -0.005453 -0.152750
v -0.571571 -0.006231 -0.175678
v -0.429872 -0.002018 -0.153591
v -0.433775 -0.002134 -0.175678
v -0.427474 -0.001946 -0.165172
v -0.402568 -0.001206 -0.153591
v -0.342399 0.000583 -0.164708
v -0.333142 0.000859 -0.153462
v -0.214032 0.004400 -0.153241
v -0.196441 0.004923 -0.163911
v -0.199421 0.004835 -0.136498
v -0.196416 0.004924 -0.142305
v -0.333078 -0.001282 -0.153462
v -0.213968 0.002259 -0.153241
v -0.214032 0.004400 -0.153241
v -0.333142 0.000859 -0.153462
v -0.427474 -0.001946 -0.165172
v -0.342399 0.000583 -0.164708
v -0.213968 0.002259 -0.153241
v -0.199358 0.002694 -0.136498
v -0.199421 0.004835 -0.136498
v -0.214032 0.004400 -0.153241
v -0.599285 -0.009198 0.028712
v -0.576806 -0.008529 0.028861
v -0.576869 -0.006388 0.028861
v -0.599349 -0.007057 0.028712
v -0.402505 -0.003347 -0.153591
v -0.402568 -0.001206 -0.153591
v -0.196352 0.002783 -0.142305
v -0.196378 0.002782 -0.163911
v -0.196441 0.004923 -0.163911
v -0.196416 0.004924 -0.142305
v -0.199358 0.002694 -0.136498
v -0.196352 0.002783 -0.142305
v -0.196416 0.004924 -0.142305
v -0.199421 0.004835 -0.136498
v -0.575899 -0.008502 -0.120763
v -0.545342 -0.007594 -0.152750
v -0.545406 -0.005453 -0.152750
v -0.575963 -0.006361 -0.120763
v -0.278458 0.002586 0.069662
v -0.274700 0.002698 0.069667
v -0.275310 0.002680 0.073412
v -0.277855 0.002604 0.073409
v -0.277788 0.000362 0.073409
v -0.278392 0.000344 0.069662
v -0.278458 0.002586 0.069662
v -0.277855 0.002604 0.073409
v -0.275244 0.000437 0.073412
v -0.277788 0.000362 0.073409
v -0.277855 0.002604 0.073409
v -0.275310 0.002680 0.073412
v -0.061264 -0.010426 -0.226321
v -0.061442 0.006795 -0.209390
v -0.031291 -0.007525 -0.192139
v -0.028832 -0.009653 -0.192070
v -0.061442 0.006795 -0.209390
v -0.061264 -0.010426 -0.226321
v -0.061308 -0.008943 -0.226321
v -0.432688 -0.038696 -0.175678
v -0.432624 -0.040837 -0.175678
v -0.570420 -0.044934 -0.175678
v -0.570484 -0.042793 -0.175678
v -0.426387 -0.038509 -0.165172
v -0.426323 -0.040649 -0.165172
v -0.432624 -0.040837 -0.175678
v -0.432688 -0.038696 -0.175678
v -0.598262 -0.043619 0.028712
v -0.598913 -0.043638 -0.145233
v -0.570484 -0.042793 -0.175678
v -0.598913 -0.043638 -0.145233
v -0.544318 -0.042015 -0.152750
v -0.544255 -0.044156 -0.152750
v -0.428722 -0.040721 -0.153591
v -0.428785 -0.038580 -0.153591
v -0.575782 -0.042951 0.028861
v -0.575719 -0.045091 0.028861
v -0.574812 -0.045065 -0.120763
v -0.574876 -0.042924 -0.120763
v -0.428785 -0.038580 -0.153591
v -0.428722 -0.040721 -0.153591
v -0.401418 -0.039909 -0.153591
v -0.401481 -0.037768 -0.153591
v -0.570420 -0.044934 -0.175678
v -0.598849 -0.045779 -0.145233
v -0.570476 -0.042793 0.029029
v -0.569618 -0.042767 -0.101322
v -0.573850 -0.042893 -0.119995
v -0.574709 -0.042919 0.029002
v -0.537400 -0.041809 -0.146902
v -0.215514 -0.032239 -0.146892
v -0.215575 -0.032240 -0.150386
v -0.537783 -0.041821 -0.150375
v -0.187309 -0.031400 -0.117688
v -0.186973 -0.031390 -0.114013
v -0.179883 -0.031179 -0.114106
v -0.188806 -0.031444 -0.123352
v -0.215077 -0.032226 -0.143764
v -0.197729 -0.031710 -0.132363
v -0.567955 -0.042718 -0.100830
v -0.567744 -0.049801 -0.100830
v -0.551933 -0.049331 -0.116016
v -0.552144 -0.042248 -0.116016
v -0.535673 -0.041758 -0.145686
v -0.535462 -0.048841 -0.145686
v -0.438346 -0.045953 -0.145625
v -0.438557 -0.038870 -0.145625
v -0.541498 -0.041931 -0.078890
v -0.541288 -0.049014 -0.078890
v -0.541715 -0.049027 0.029029
v -0.541926 -0.041944 0.029029
v -0.219703 -0.032363 -0.145490
v -0.219492 -0.039446 -0.145490
v -0.189522 -0.038555 -0.114362
v -0.189732 -0.031472 -0.114362
v -0.513124 -0.041088 -0.113386
v -0.512913 -0.048170 -0.113386
v -0.543046 -0.049066 -0.083043
v -0.543257 -0.041984 -0.083043
v -0.568089 -0.042722 0.029002
v -0.567879 -0.049805 0.029002
v -0.567744 -0.049801 -0.100830
v -0.567955 -0.042718 -0.100830
v -0.296497 -0.034646 0.085617
v -0.296430 -0.036895 0.085617
v -0.318890 -0.037563 0.067706
v -0.318957 -0.035314 0.067706
v -0.326013 -0.037775 0.062026
v -0.326079 -0.035526 0.062026
v -0.317893 -0.035283 0.022349
v -0.317826 -0.037531 0.022349
v -0.313000 -0.037388 0.017326
v -0.313067 -0.035139 0.017326
v -0.284131 -0.034279 0.002429
v -0.284065 -0.036527 0.002429
v -0.280854 -0.036432 0.007142
v -0.280921 -0.034183 0.007142
v -0.273610 -0.033966 0.069667
v -0.273543 -0.036208 0.069667
v -0.274154 -0.036226 0.073412
v -0.274220 -0.033984 0.073412
v -0.310587 -0.037316 0.014815
v -0.310653 -0.035067 0.014815
v -0.277303 -0.034076 0.013649
v -0.277237 -0.036324 0.013649
v -0.297636 -0.036931 0.013514
v -0.297703 -0.034682 0.013514
v -0.281201 -0.034192 0.041779
v -0.281134 -0.036440 0.041779
v -0.274000 -0.036228 0.048615
v -0.274067 -0.033980 0.048615
v -0.304268 -0.034878 0.017186
v -0.304201 -0.037126 0.017186
v -0.306533 -0.037195 0.021184
v -0.306600 -0.034947 0.021184
v -0.321417 -0.035387 0.025863
v -0.321350 -0.037636 0.025863
v -0.317826 -0.037531 0.022349
v -0.317893 -0.035283 0.022349
v -0.308173 -0.037244 0.012303
v -0.308240 -0.034996 0.012303
v -0.327456 -0.035567 0.032653
v -0.327389 -0.037816 0.032653
v -0.321350 -0.037636 0.025863
v -0.321417 -0.035387 0.025863
v -0.306704 -0.034950 0.033415
v -0.306637 -0.037199 0.033415
v -0.298669 -0.036962 0.042143
v -0.298736 -0.034713 0.042143
v -0.210546 -0.029461 0.070519
v -0.206231 -0.026510 0.070460
v -0.206231 -0.026510 0.070460
v -0.203534 -0.023700 0.070127
v -0.202375 -0.014622 0.070127
v -0.206581 -0.014747 0.070460
v -0.211519 -0.029490 0.064644
v -0.210546 -0.029461 0.070519
v -0.214866 -0.032219 0.070577
v -0.215814 -0.032247 0.064644
v -0.218286 -0.032321 0.040808
v -0.218089 -0.032315 0.050692
v -0.214008 -0.029564 0.040808
v -0.213853 -0.029560 0.050692
v -0.218089 -0.032315 0.050692
v -0.218286 -0.032321 0.040808
v -0.207561 -0.014776 0.040808
v -0.207448 -0.014773 0.050692
v -0.209704 -0.023883 0.050692
v -0.209817 -0.023886 0.040808
v -0.208390 -0.014801 0.035866
v -0.207561 -0.014776 0.040808
v -0.209817 -0.023886 0.040808
v -0.208121 -0.023836 0.035866
v -0.212305 -0.029514 0.035866
v -0.214008 -0.029564 0.040808
v -0.218286 -0.032321 0.040808
v -0.216576 -0.032270 0.035866
v -0.216576 -0.032270 0.035866
v -0.218286 -0.032321 0.040808
v -0.216626 -0.032272 0.032943
v -0.216576 -0.032270 0.035866
v -0.211595 -0.029493 0.032943
v -0.212305 -0.029514 0.035866
v -0.216576 -0.032270 0.035866
v -0.216626 -0.032272 0.032943
v -0.207098 -0.008767 0.032943
v -0.208121 -0.023836 0.035866
v -0.206651 -0.023792 0.032943
v -0.207098 -0.008767 0.032943
v -0.206651 -0.023792 0.032943
v -0.206578 -0.031973 0.030924
v -0.206578 -0.031973 0.030924
v -0.206651 -0.023792 0.032943
v -0.211595 -0.029493 0.032943
v -0.216626 -0.032272 0.032943
v -0.214866 -0.032219 0.030924
v -0.214866 -0.032219 0.030924
v -0.216626 -0.032272 0.032943
v -0.213002 -0.029535 0.058622
v -0.211519 -0.029490 0.064644
v -0.215814 -0.032247 0.064644
v -0.217982 -0.025543 0.058424
v -0.206053 -0.014731 0.058820
v -0.203626 -0.014659 0.064644
v -0.207310 -0.023812 0.064644
v -0.208309 -0.023842 0.058820
v -0.202920 -0.014638 0.066800
v -0.202375 -0.014622 0.070127
v -0.203534 -0.023700 0.070127
v -0.204080 -0.023716 0.066800
v -0.207310 -0.023812 0.064644
v -0.204080 -0.023716 0.066800
v -0.203534 -0.023700 0.070127
v -0.206231 -0.026510 0.070460
v -0.203626 -0.014659 0.064644
v -0.202920 -0.014638 0.066800
v -0.204080 -0.023716 0.066800
v -0.207310 -0.023812 0.064644
v -0.207448 -0.014773 0.050692
v -0.206053 -0.014731 0.058820
v -0.208309 -0.023842 0.058820
v -0.209704 -0.023883 0.050692
v -0.213853 -0.029560 0.050692
v -0.213002 -0.029535 0.058622
v -0.217982 -0.025543 0.058424
v -0.218089 -0.032315 0.050692
v -0.218089 -0.032315 0.050692
v -0.217982 -0.025543 0.058424
v -0.228438 -0.025692 0.069099
v -0.233673 -0.025345 0.068460
v -0.235480 -0.025190 0.066225
v -0.224660 -0.023112 0.066134
v -0.224407 -0.025734 0.065029
v -0.224660 -0.023112 0.066134
v -0.217982 -0.025543 0.058424
v -0.224407 -0.025734 0.065029
v -0.217565 -0.032300 0.070484
v -0.214866 -0.032219 0.070577
v -0.215814 -0.032247 0.064644
v -0.224660 -0.023112 0.066134
v -0.217982 -0.025543 0.058424
v -0.224407 -0.025734 0.065029
v -0.214866 -0.032219 0.070577
v -0.217565 -0.032300 0.070484
v -0.215814 -0.032247 0.064644
v -0.224660 -0.023112 0.066134
v -0.232226 -0.027916 0.072064
v -0.217577 -0.028135 0.071901
v -0.217577 -0.028135 0.071901
v -0.217572 -0.030171 0.071193
v -0.217572 -0.030171 0.071193
v -0.217577 -0.028135 0.071901
v -0.228438 -0.025692 0.069099
v -0.232226 -0.027916 0.072064
v -0.233919 -0.027575 0.070605
v -0.232204 -0.027524 0.070696
v -0.224660 -0.023112 0.066134
v -0.235480 -0.025190 0.066225
v -0.235769 -0.015491 0.066225
v -0.233673 -0.025345 0.068460
v -0.233962 -0.027906 0.069016
v -0.235353 -0.027743 0.069035
v -0.235480 -0.025190 0.066225
v -0.217565 -0.032300 0.070484
v -0.217572 -0.030171 0.071193
v -0.224660 -0.023112 0.066134
v -0.228438 -0.025692 0.069099
v -0.217572 -0.030171 0.071193
v -0.217565 -0.032300 0.070484
v -0.232226 -0.027916 0.072064
v -0.232204 -0.027524 0.070696
v -0.228438 -0.025692 0.069099
v -0.233673 -0.025345 0.068460
v -0.232204 -0.027524 0.070696
v -0.233919 -0.027575 0.070605
v -0.233673 -0.025345 0.068460
v -0.233962 -0.027906 0.069016
v -0.235353 -0.027743 0.069035
v -0.233962 -0.027906 0.069016
v -0.235480 -0.025190 0.066225
v -0.235353 -0.027743 0.069035
v -0.235769 -0.015491 0.066225
v -0.195354 -0.031639 -0.163911
v -0.426387 -0.038509 -0.165172
v -0.341312 -0.035979 -0.164708
v -0.598849 -0.045779 -0.145233
v -0.598198 -0.045760 0.028712
v -0.180834 -0.031207 -0.181624
v -0.308076 -0.034991 -0.182015
v -0.262244 -0.033628 -0.208161
v -0.307833 -0.034983 -0.189311
v -0.065439 -0.012035 -0.228678
v -0.065400 -0.012034 -0.226580
v -0.167638 -0.015074 -0.226913
v -0.262649 -0.017899 -0.227304
v -0.163271 -0.014944 -0.226895
v -0.167234 -0.030803 -0.209768
v -0.167638 -0.015074 -0.226913
v -0.163271 -0.014944 -0.226895
v -0.162866 -0.030673 -0.209749
v -0.262244 -0.033628 -0.210158
v -0.262649 -0.017899 -0.227304
v -0.167638 -0.015074 -0.226913
v -0.167234 -0.030803 -0.209768
v -0.162866 -0.030673 -0.209749
v -0.163271 -0.014944 -0.226895
v -0.065400 -0.012034 -0.226580
v -0.065321 -0.027773 -0.209407
v -0.065400 -0.012034 -0.226580
v -0.163271 -0.014944 -0.226895
v -0.061220 -0.011909 -0.226321
v -0.061327 -0.011912 -0.228678
v -0.065439 -0.012035 -0.228678
v -0.061327 -0.011912 -0.228678
v -0.061264 -0.010426 -0.226321
v -0.028843 -0.009271 -0.192070
v -0.031231 -0.009533 -0.192139
v -0.060930 -0.010416 -0.209390
v -0.031172 -0.011541 -0.192139
v -0.060419 -0.027627 -0.209390
v -0.287962 -0.018651 -0.227392
v -0.295294 -0.034611 -0.201943
v -0.262649 -0.017899 -0.227304
v -0.287962 -0.018651 -0.227392
v -0.262244 -0.033628 -0.210158
v -0.295294 -0.034611 -0.201943
v -0.287962 -0.018651 -0.227392
v -0.262649 -0.017899 -0.227304
v -0.299498 -0.034736 -0.200395
v -0.322920 -0.035432 -0.189344
v -0.351291 -0.020534 -0.189319
v -0.294275 -0.018839 -0.224859
v -0.294275 -0.018839 -0.224859
v -0.351291 -0.020534 -0.189319
v 0.031984 -0.024879 -0.097822
v 0.032301 -0.035518 -0.097822
v -0.033325 -0.037469 -0.097833
v -0.033641 -0.026831 -0.097833
v 0.043649 -0.024533 -0.086006
v 0.043966 -0.035171 -0.086006
v 0.032301 -0.035518 -0.097822
v 0.031984 -0.024879 -0.097822
v 0.009084 -0.025560 -0.039645
v 0.009400 -0.036199 -0.039645
v 0.009481 -0.036196 -0.030486
v 0.009165 -0.025558 -0.030486
v 0.043198 -0.024546 -0.030211
v 0.043514 -0.035184 -0.030211
v 0.043966 -0.035171 -0.086006
v 0.043649 -0.024533 -0.086006
v -0.033948 -0.026840 -0.082831
v -0.033632 -0.037478 -0.082831
v 0.009400 -0.036199 -0.039645
v 0.009084 -0.025560 -0.039645
v 0.009165 -0.025558 -0.030486
v 0.009481 -0.036196 -0.030486
v 0.043514 -0.035184 -0.030211
v 0.043198 -0.024546 -0.030211
v -0.007837 -0.026064 0.116497
v -0.007461 -0.038699 0.116497
v -0.016483 -0.038967 0.116528
v -0.016859 -0.026332 0.116528
v -0.039688 -0.027011 0.154080
v 0.463988 -0.012034 0.154012
v -0.049490 -0.027302 0.154082
v 0.463986 -0.012034 0.137673
v 0.463988 -0.012034 0.154012
v -0.039688 -0.027011 0.154080
v -0.039690 -0.027011 0.137741
v -0.049490 -0.027302 0.154082
v -0.064722 -0.027755 0.137715
v -0.054043 -0.027437 0.127236
v -0.064722 -0.027755 0.137715
v -0.049490 -0.027302 0.154082
v 0.469455 -0.011872 0.129564
v 0.479789 -0.011565 0.154010
v 0.479789 -0.011565 0.154010
v 0.479789 -0.011565 0.154010
v 0.541326 -0.009735 0.088399
v 0.510937 -0.010638 0.088313
v 0.541326 -0.009735 0.088399
v 0.476276 -0.011669 -0.102709
v 0.476698 -0.025878 -0.102709
v 0.476795 -0.025875 -0.098765
v 0.476372 -0.011666 -0.098765
v 0.045087 -0.024490 -0.098995
v 0.045510 -0.038699 -0.098995
v 0.041544 -0.038817 -0.104228
v 0.041122 -0.024608 -0.104228
v -0.050776 -0.027340 0.123129
v -0.050400 -0.039975 0.123129
v -0.044524 -0.039801 0.129817
v -0.044900 -0.027166 0.129817
v -0.016859 -0.026332 0.116528
v -0.016483 -0.038967 0.116528
v -0.044526 -0.039801 0.116440
v -0.044902 -0.027166 0.116440
v 0.554461 -0.009344 0.065127
v 0.554837 -0.021979 0.065127
v 0.555020 -0.021974 0.040707
v 0.554644 -0.009339 0.040707
v -0.044763 -0.027161 -0.132950
v -0.044387 -0.039797 -0.132950
v -0.031740 -0.039420 -0.132906
v -0.032116 -0.026785 -0.132906
v 0.511164 -0.010632 0.082586
v 0.511540 -0.023267 0.082586
v 0.537691 -0.022489 0.082280
v 0.537316 -0.009854 0.082280
v -0.044902 -0.027166 0.116440
v -0.044526 -0.039801 0.116440
v -0.050400 -0.039975 0.123129
v -0.050776 -0.027340 0.123129
v 0.537316 -0.009854 0.082280
v 0.537691 -0.022489 0.082280
v 0.554837 -0.021979 0.065127
v 0.554461 -0.009344 0.065127
v -0.039296 -0.026999 -0.152100
v -0.038920 -0.039634 -0.152100
v -0.051267 -0.040001 -0.152137
v -0.051643 -0.027366 -0.152137
v -0.056730 -0.027517 -0.146478
v -0.056355 -0.040152 -0.146478
v -0.044387 -0.039797 -0.132950
v -0.044763 -0.027161 -0.132950
v -0.051643 -0.027366 -0.152137
v -0.051267 -0.040001 -0.152137
v -0.056355 -0.040152 -0.146478
v -0.056730 -0.027517 -0.146478
v -0.056805 -0.027520 -0.154682
v -0.054418 -0.027449 -0.158880
v 0.454487 -0.012317 -0.158886
v 0.454464 -0.012318 -0.154688
v 0.474340 -0.011727 -0.173134
v -0.054418 -0.027449 -0.173534
v -0.054418 -0.027449 -0.161682
v -0.060182 -0.027620 -0.149856
v -0.067021 -0.027823 -0.161024
v -0.054418 -0.027449 -0.173534
v 0.474340 -0.011727 -0.173134
v 0.457526 -0.012226 -0.161688
v 0.536389 -0.009882 -0.111466
v 0.541181 -0.009739 -0.105747
v 0.538506 -0.009819 -0.101971
v 0.518590 -0.010411 -0.101708
v 0.536389 -0.009882 -0.111466
v 0.474340 -0.011727 -0.173134
v 0.541181 -0.009739 -0.105747
v 0.536389 -0.009882 -0.111466
v 0.541169 -0.009739 -0.100099
v 0.538901 -0.009807 -0.100124
v 0.541169 -0.009739 -0.100099
v 0.541181 -0.009739 -0.105747
v -0.054418 -0.027449 -0.173534
v -0.067021 -0.027823 -0.161024
v -0.222343 -0.032442 0.027574
v -0.214866 -0.032219 0.030924
v -0.206578 -0.031973 0.030924
v -0.180564 -0.031199 0.027574
v -0.216626 -0.032272 0.032943
v -0.221055 -0.032403 0.031918
v -0.065321 -0.027773 -0.209407
v -0.065400 -0.012034 -0.226580
v -0.061220 -0.011909 -0.226321
v -0.060419 -0.027627 -0.209390
v -0.061327 -0.011912 -0.228678
v -0.065439 -0.012035 -0.228678
v -0.065400 -0.012034 -0.226580
v -0.061220 -0.011909 -0.226321
v -0.287962 -0.018651 -0.227392
v -0.295294 -0.034611 -0.201943
v -0.299498 -0.034736 -0.200395
v -0.294275 -0.018839 -0.224859
v 0.511164 -0.010632 0.082586
v 0.537316 -0.009854 0.082280
v -0.206578 -0.031973 0.030924
v -0.180564 -0.031199 0.027574
v -0.180564 -0.031199 0.027574
v -0.222855 -0.015231 0.027574
v -0.207089 -0.014762 0.030924
v -0.181075 -0.013989 0.027574
v 0.541326 -0.009735 0.088399
v 0.537316 -0.009854 0.082280
v -0.287962 -0.018651 -0.227392
v -0.294275 -0.018839 -0.224859
v 0.476698 -0.025878 -0.102709
v 0.041544 -0.038817 -0.104228
v 0.045510 -0.038699 -0.098995
v 0.476795 -0.025875 -0.098765
v 0.476372 -0.011666 -0.098765
v 0.476795 -0.025875 -0.098765
v 0.045510 -0.038699 -0.098995
v 0.045087 -0.024490 -0.098995
v 0.041122 -0.024608 -0.104228
v 0.041544 -0.038817 -0.104228
v 0.476698 -0.025878 -0.102709
v 0.476276 -0.011669 -0.102709
v -0.007461 -0.038699 0.116497
v -0.007459 -0.038699 0.129874
v -0.016481 -0.038967 0.129905
v -0.016483 -0.038967 0.116528
v -0.044524 -0.039801 0.129817
v -0.044526 -0.039801 0.116440
v -0.050400 -0.039975 0.123129
v 0.555020 -0.021974 0.040707
v 0.554837 -0.021979 0.065127
v 0.537691 -0.022489 0.082280
v 0.511540 -0.023267 0.082586
v -0.043582 -0.039773 -0.146274
v -0.031740 -0.039420 -0.132906
v -0.044387 -0.039797 -0.132950
v -0.056355 -0.040152 -0.146478
v -0.038920 -0.039634 -0.152100
v -0.051267 -0.040001 -0.152137
v 0.043514 -0.035184 -0.030211
v 0.009481 -0.036196 -0.030486
v 0.032301 -0.035518 -0.097822
v 0.043966 -0.035171 -0.086006
v 0.009400 -0.036199 -0.039645
v -0.033632 -0.037478 -0.082831
v -0.033372 -0.037470 -0.095034
v -0.033325 -0.037469 -0.097833
v -0.033689 -0.026832 -0.095034
v -0.033372 -0.037470 -0.095034
v -0.033632 -0.037478 -0.082831
v -0.033948 -0.026840 -0.082831
v -0.222855 -0.015231 0.027574
v -0.221055 -0.032403 0.031918
v -0.216626 -0.032272 0.032943
v -0.207089 -0.014762 0.030924
v -0.209704 -0.023883 0.050692
v -0.208309 -0.023842 0.058820
v -0.213002 -0.029535 0.058622
v -0.213853 -0.029560 0.050692
v -0.208309 -0.023842 0.058820
v -0.207310 -0.023812 0.064644
v -0.211519 -0.029490 0.064644
v -0.213002 -0.029535 0.058622
v -0.206651 -0.023792 0.032943
v -0.208121 -0.023836 0.035866
v -0.212305 -0.029514 0.035866
v -0.211595 -0.029493 0.032943
v -0.208121 -0.023836 0.035866
v -0.209817 -0.023886 0.040808
v -0.214008 -0.029564 0.040808
v -0.212305 -0.029514 0.035866
v -0.209817 -0.023886 0.040808
v -0.209704 -0.023883 0.050692
v -0.213853 -0.029560 0.050692
v -0.214008 -0.029564 0.040808
v -0.207310 -0.023812 0.064644
v -0.206231 -0.026510 0.070460
v -0.210546 -0.029461 0.070519
v -0.211519 -0.029490 0.064644
v -0.214866 -0.032219 0.070577
v -0.326013 -0.037775 0.062026
v -0.310702 -0.037319 0.036139
v -0.321350 -0.037636 0.025863
v -0.334578 -0.038029 0.055196
v -0.327389 -0.037816 0.032653
v -0.337862 -0.038127 0.043729
v -0.297636 -0.036931 0.013514
v -0.277237 -0.036324 0.013649
v -0.298520 -0.036957 0.002257
v -0.308173 -0.037244 0.012303
v -0.306637 -0.037199 0.033415
v -0.317826 -0.037531 0.022349
v -0.302660 -0.037080 0.044211
v -0.298669 -0.036962 0.042143
v -0.318890 -0.037563 0.067706
v -0.280854 -0.036432 0.007142
v -0.284065 -0.036527 0.002429
v -0.304201 -0.037126 0.017186
v -0.310587 -0.037316 0.014815
v -0.306533 -0.037195 0.021184
v -0.313000 -0.037388 0.017326
v -0.296430 -0.036895 0.085617
v -0.277301 -0.036326 0.069662
v -0.273543 -0.036215 0.069667
v -0.274000 -0.036228 0.048615
v -0.281134 -0.036440 0.041779
v -0.298520 -0.036957 0.002257
v -0.298587 -0.034709 0.002257
v -0.337929 -0.035878 0.043729
v -0.337862 -0.038127 0.043729
v -0.327389 -0.037816 0.032653
v -0.327456 -0.035567 0.032653
v -0.297703 -0.034682 0.013514
v -0.297636 -0.036931 0.013514
v -0.304201 -0.037126 0.017186
v -0.304268 -0.034878 0.017186
v -0.298587 -0.034709 0.002257
v -0.298520 -0.036957 0.002257
v -0.284065 -0.036527 0.002429
v -0.284131 -0.034279 0.002429
v -0.306600 -0.034947 0.021184
v -0.306533 -0.037195 0.021184
v -0.306637 -0.037199 0.033415
v -0.306704 -0.034950 0.033415
v -0.280921 -0.034183 0.007142
v -0.280854 -0.036432 0.007142
v -0.277237 -0.036324 0.013649
v -0.277303 -0.034076 0.013649
v -0.334645 -0.035781 0.055196
v -0.334578 -0.038029 0.055196
v -0.337862 -0.038127 0.043729
v -0.337929 -0.035878 0.043729
v -0.274067 -0.033980 0.048615
v -0.274000 -0.036228 0.048615
v -0.273543 -0.036215 0.069667
v -0.273610 -0.033966 0.069667
v -0.334578 -0.038029 0.055196
v -0.334645 -0.035781 0.055196
v -0.298736 -0.034713 0.042143
v -0.298669 -0.036962 0.042143
v -0.281134 -0.036440 0.041779
v -0.281201 -0.034192 0.041779
v -0.277368 -0.034078 0.069662
v -0.277301 -0.036326 0.069662
v -0.296430 -0.036895 0.085617
v -0.296497 -0.034646 0.085617
v -0.541715 -0.049027 0.029029
v -0.541288 -0.049014 -0.078890
v -0.567744 -0.049801 -0.100830
v -0.567879 -0.049805 0.029002
v -0.512913 -0.048170 -0.113386
v -0.432605 -0.045782 -0.113393
v -0.535462 -0.048841 -0.145686
v -0.536123 -0.048860 -0.131202
v -0.543046 -0.049066 -0.083043
v -0.551933 -0.049331 -0.116016
v -0.357892 -0.043561 -0.113691
v -0.189522 -0.038555 -0.114362
v -0.219492 -0.039446 -0.145490
v -0.438346 -0.045953 -0.145625
v -0.536333 -0.041778 -0.131202
v -0.536123 -0.048860 -0.131202
v -0.535462 -0.048841 -0.145686
v -0.535673 -0.041758 -0.145686
v -0.189732 -0.031472 -0.114362
v -0.189522 -0.038555 -0.114362
v -0.357892 -0.043561 -0.113691
v -0.358102 -0.036478 -0.113691
v -0.432816 -0.038700 -0.113393
v -0.432605 -0.045782 -0.113393
v -0.512913 -0.048170 -0.113386
v -0.513124 -0.041088 -0.113386
v -0.543257 -0.041984 -0.083043
v -0.543046 -0.049066 -0.083043
v -0.541288 -0.049014 -0.078890
v -0.541498 -0.041931 -0.078890
v -0.219492 -0.039446 -0.145490
v -0.219703 -0.032363 -0.145490
v -0.432605 -0.045782 -0.113393
v -0.432816 -0.038700 -0.113393
v -0.536123 -0.048860 -0.131202
v -0.536333 -0.041778 -0.131202
v -0.541926 -0.041944 0.029029
v -0.541715 -0.049027 0.029029
v -0.567879 -0.049805 0.029002
v -0.568089 -0.042722 0.029002
v -0.575719 -0.045091 0.028861
v -0.598198 -0.045760 0.028712
v -0.598849 -0.045779 -0.145233
v -0.574812 -0.045065 -0.120763
v -0.570420 -0.044934 -0.175678
v -0.544255 -0.044156 -0.152750
v -0.432624 -0.040837 -0.175678
v -0.428722 -0.040721 -0.153591
v -0.426323 -0.040649 -0.165172
v -0.401418 -0.039909 -0.153591
v -0.341248 -0.038120 -0.164708
v -0.195290 -0.033780 -0.163911
v -0.212881 -0.034303 -0.153241
v -0.331991 -0.037844 -0.153462
v -0.195265 -0.033779 -0.142305
v -0.198270 -0.033868 -0.136498
v -0.332055 -0.035704 -0.153462
v -0.331991 -0.037844 -0.153462
v -0.212881 -0.034303 -0.153241
v -0.212945 -0.032162 -0.153241
v -0.341248 -0.038120 -0.164708
v -0.426323 -0.040649 -0.165172
v -0.212945 -0.032162 -0.153241
v -0.212881 -0.034303 -0.153241
v -0.198270 -0.033868 -0.136498
v -0.198334 -0.031728 -0.136498
v -0.598262 -0.043619 0.028712
v -0.598198 -0.045760 0.028712
v -0.575719 -0.045091 0.028861
v -0.575782 -0.042951 0.028861
v -0.401481 -0.037768 -0.153591
v -0.401418 -0.039909 -0.153591
v -0.195329 -0.031638 -0.142305
v -0.195265 -0.033779 -0.142305
v -0.195290 -0.033780 -0.163911
v -0.195354 -0.031639 -0.163911
v -0.198334 -0.031728 -0.136498
v -0.198270 -0.033868 -0.136498
v -0.195265 -0.033779 -0.142305
v -0.195329 -0.031638 -0.142305
v -0.574876 -0.042924 -0.120763
v -0.574812 -0.045065 -0.120763
v -0.544255 -0.044156 -0.152750
v -0.544318 -0.042015 -0.152750
v -0.277301 -0.036320 0.069662
v -0.276698 -0.036302 0.073409
v -0.274154 -0.036226 0.073412
v -0.273543 -0.036208 0.069667
v -0.276765 -0.034060 0.073409
v -0.276698 -0.036302 0.073409
v -0.277301 -0.036320 0.069662
v -0.277368 -0.034078 0.069662
v -0.274220 -0.033984 0.073412
v -0.274154 -0.036226 0.073412
v -0.276698 -0.036302 0.073409
v -0.276765 -0.034060 0.073409
v -0.061264 -0.010426 -0.226321
v -0.028843 -0.009271 -0.192070
v -0.031172 -0.011541 -0.192139
v -0.060419 -0.027627 -0.209390
v -0.060419 -0.027627 -0.209390
v -0.061220 -0.011909 -0.226321
v -0.433839 -0.004278 -0.113393
v -0.359126 -0.002057 -0.113691
v -0.365855 -0.002257 -0.107099
v -0.427057 -0.004077 -0.106801
v -0.537026 -0.007346 -0.081133
v -0.536998 -0.007345 -0.085513
v -0.513662 -0.006652 -0.108092
v -0.513690 -0.006652 -0.103712
v -0.542823 -0.007519 0.067245
v -0.542312 -0.024730 0.067245
v -0.561354 -0.025296 0.067311
v -0.561865 -0.008085 0.067311
v -0.542933 -0.007522 0.035725
v -0.542823 -0.007519 0.067245
v -0.561865 -0.008085 0.067311
v -0.591551 -0.008968 0.035994
v -0.521687 -0.006890 0.035651
v -0.521577 -0.006887 0.067170
v -0.521577 -0.006887 0.067170
v -0.521066 -0.024098 0.067170
v -0.483975 -0.005769 -0.010092
v -0.483354 -0.022976 0.029732
v -0.483865 -0.005766 0.029732
v -0.483354 -0.022976 0.029732
v -0.483464 -0.022980 -0.010092
v -0.521066 -0.024098 0.067170
v -0.521577 -0.006887 0.067170
v -0.483865 -0.005766 0.029732
v -0.483354 -0.022976 0.029732
v -0.483975 -0.005769 -0.010092
v -0.483865 -0.005766 0.029732
v -0.521687 -0.006890 0.035651
v -0.536985 -0.007345 0.035704
v -0.537109 -0.007349 -0.077066
v -0.508307 -0.006492 -0.105661
v -0.508307 -0.006492 -0.105661
v -0.483975 -0.005769 -0.010092
v -0.466568 -0.005251 -0.028649
v -0.468008 -0.005294 -0.105776
v -0.521687 -0.006890 0.035651
v -0.591551 -0.008968 0.035994
v -0.561354 -0.025296 0.067311
v -0.591040 -0.026178 0.035994
v -0.561865 -0.008085 0.067311
v -0.561354 -0.025296 0.067311
v -0.466849 -0.005260 -0.050014
v -0.435716 -0.004334 -0.106379
v -0.483975 -0.005769 -0.010092
v -0.483464 -0.022980 -0.010092
v -0.466056 -0.022462 -0.028649
v -0.466568 -0.005251 -0.028649
v -0.381408 -0.002719 -0.047848
v -0.404906 -0.003418 -0.050096
v -0.392755 -0.003057 -0.037043
v -0.389233 -0.002952 -0.040002
v -0.420344 -0.003877 -0.090817
v -0.433039 -0.004254 -0.104575
v -0.430841 -0.004189 -0.106599
v -0.418147 -0.003812 -0.092842
v -0.370307 -0.002389 -0.101558
v -0.369157 -0.002355 -0.101552
v -0.369166 -0.002048 -0.101552
v -0.370316 -0.002082 -0.101558
v -0.424870 -0.004012 -0.101846
v -0.423626 -0.003975 -0.101839
v -0.423636 -0.003661 -0.101839
v -0.424879 -0.003698 -0.101846
v -0.423635 -0.003975 -0.100126
v -0.370316 -0.002389 -0.099846
v -0.370326 -0.002076 -0.099846
v -0.423645 -0.003661 -0.100126
v -0.370358 -0.002391 -0.104547
v -0.423508 -0.003971 -0.104826
v -0.423517 -0.003657 -0.104826
v -0.370367 -0.002077 -0.104547
v -0.379764 -0.002670 -0.097605
v -0.419226 -0.003844 -0.097683
v -0.415257 -0.003726 -0.094046
v -0.379354 -0.002658 -0.093790
v -0.375898 -0.002555 -0.097598
v -0.378152 -0.002622 -0.097602
v -0.377888 -0.002615 -0.093780
v -0.375836 -0.002554 -0.093765
v -0.412541 -0.003645 -0.091601
v -0.379266 -0.002656 -0.090962
v -0.377907 -0.002615 -0.090935
v -0.379358 -0.002658 -0.061534
v -0.379366 -0.002658 -0.058297
v -0.389965 -0.002974 -0.016424
v -0.438115 -0.004405 -0.016436
v -0.438115 -0.004405 -0.012819
v -0.389966 -0.002974 -0.012808
v -0.370003 -0.002380 -0.016420
v -0.370004 -0.002380 -0.012803
v -0.365998 -0.002261 -0.012803
v -0.365997 -0.002261 -0.019644
v -0.370006 -0.002380 -0.005295
v -0.386427 -0.002868 -0.009535
v -0.380983 -0.002707 -0.004501
v -0.370009 -0.002380 0.006255
v -0.366000 -0.002261 -0.004165
v -0.366003 -0.002261 0.010361
v -0.349003 -0.001756 0.028838
v -0.349000 -0.001756 0.012846
v -0.336691 -0.001390 0.024381
v -0.336694 -0.001390 0.028841
v -0.335228 -0.001346 0.028842
v -0.335225 -0.001346 0.024382
v -0.386491 -0.020096 0.016401
v -0.387003 -0.002886 0.016401
v -0.407498 -0.003495 0.016384
v -0.406986 -0.020706 0.016384
v -0.387003 -0.002886 0.016401
v -0.386491 -0.020096 0.016401
v -0.378331 -0.019854 0.025131
v -0.378843 -0.002643 0.025131
v -0.419735 -0.003859 0.003725
v -0.419224 -0.021070 0.003725
v -0.406986 -0.020706 0.016384
v -0.407498 -0.003495 0.016384
v -0.389393 -0.002957 0.003735
v -0.419735 -0.003859 0.003725
v -0.407498 -0.003495 0.016384
v -0.387003 -0.002886 0.016401
v -0.372464 -0.002453 0.021143
v -0.378843 -0.002643 0.025131
v -0.375532 -0.002545 0.027194
v -0.363351 -0.002182 0.029482
v -0.378843 -0.002643 0.025131
v -0.378331 -0.019854 0.025131
v -0.375021 -0.019755 0.027194
v -0.375532 -0.002545 0.027194
v -0.368020 -0.019547 0.033363
v -0.368532 -0.002336 0.033363
v -0.373680 -0.002489 0.030548
v -0.373168 -0.019700 0.030548
v -0.373680 -0.002489 0.030548
v -0.368532 -0.002336 0.033363
v -0.375532 -0.002545 0.027194
v -0.375021 -0.019755 0.027194
v -0.373168 -0.019700 0.030548
v -0.373680 -0.002489 0.030548
v -0.351169 -0.001820 0.031769
v -0.365026 -0.002232 0.037351
v -0.354661 -0.001924 0.056354
v -0.344673 -0.001627 0.031772
v -0.365026 -0.002232 0.037351
v -0.364514 -0.019443 0.037351
v -0.354149 -0.019135 0.056354
v -0.354661 -0.001924 0.056354
v -0.364514 -0.019443 0.037351
v -0.365026 -0.002232 0.037351
v -0.368532 -0.002336 0.033363
v -0.368020 -0.019547 0.033363
v -0.391784 -0.003028 -0.008932
v -0.366086 -0.002264 0.017156
v -0.431973 -0.004223 -0.008935
v -0.431973 -0.004223 -0.008935
v -0.431462 -0.021434 -0.008935
v -0.343705 -0.001598 0.043826
v -0.339156 -0.001463 0.055038
v -0.372589 -0.002457 0.076341
v -0.367190 -0.002296 0.087124
v -0.354661 -0.001924 0.056354
v -0.354149 -0.019135 0.056354
v -0.372077 -0.019668 0.076341
v -0.372589 -0.002457 0.076341
v -0.371166 -0.002415 0.105896
v -0.369430 -0.002363 0.106987
v -0.378926 -0.002645 0.080191
v -0.374464 -0.002513 0.080563
v -0.373952 -0.019724 0.080563
v -0.378414 -0.019856 0.080191
v -0.408271 -0.003518 0.170036
v -0.407759 -0.020729 0.170036
v -0.404986 -0.020646 0.174291
v -0.405497 -0.003436 0.174291
v -0.374464 -0.002513 0.080563
v -0.378926 -0.002645 0.080191
v -0.408271 -0.003518 0.170036
v -0.405497 -0.003436 0.174291
v -0.378926 -0.002645 0.080191
v -0.378414 -0.019856 0.080191
v -0.407759 -0.020729 0.170036
v -0.408271 -0.003518 0.170036
v -0.374841 -0.002524 0.107030
v -0.396252 -0.003161 0.168670
v -0.371796 -0.002433 0.121548
v -0.372162 -0.002444 0.117330
v -0.369699 -0.002371 0.197946
v -0.335289 -0.001348 0.205171
v -0.335425 0.003219 0.205171
v -0.369835 0.002196 0.197946
v -0.333132 -0.001284 0.134161
v -0.309150 -0.000571 0.086064
v -0.309286 0.003997 0.086064
v -0.333267 0.003284 0.134161
v -0.381496 -0.002722 0.154372
v -0.386273 -0.002864 0.165147
v -0.386409 0.001704 0.165147
v -0.381632 0.001846 0.154372
v -0.328069 -0.001133 0.185945
v -0.333132 -0.001284 0.134161
v -0.333267 0.003284 0.134161
v -0.328205 0.003434 0.185945
v -0.330439 -0.001204 0.068571
v -0.333988 -0.001309 0.065655
v -0.334123 0.003258 0.065655
v -0.330575 0.003364 0.068571
v -0.335388 -0.001351 0.196818
v -0.328069 -0.001133 0.185945
v -0.328205 0.003434 0.185945
v -0.335524 0.003217 0.196818
v -0.335289 -0.001348 0.205171
v -0.335388 -0.001351 0.196818
v -0.335524 0.003217 0.196818
v -0.335425 0.003219 0.205171
v -0.372043 -0.002441 0.175886
v -0.369699 -0.002371 0.197946
v -0.369835 0.002196 0.197946
v -0.372179 0.002127 0.175886
v -0.364660 -0.002221 0.119148
v -0.366376 -0.002272 0.128177
v -0.366511 0.002295 0.128177
v -0.364795 0.002346 0.119148
v -0.337536 -0.001415 0.062739
v -0.337672 0.003153 0.062739
v -0.366376 -0.002272 0.128177
v -0.381496 -0.002722 0.154372
v -0.381632 0.001846 0.154372
v -0.366511 0.002295 0.128177
v -0.323343 -0.000993 0.074402
v -0.323479 0.003575 0.074402
v -0.362733 -0.002164 0.089354
v -0.364660 -0.002221 0.119148
v -0.364795 0.002346 0.119148
v -0.362869 0.002403 0.089354
v -0.386273 -0.002864 0.165147
v -0.381209 -0.002713 0.165511
v -0.381345 0.001854 0.165511
v -0.386409 0.001704 0.165147
v -0.337536 -0.001415 0.062739
v -0.362733 -0.002164 0.089354
v -0.362869 0.002403 0.089354
v -0.337672 0.003153 0.062739
v -0.381209 -0.002713 0.165511
v -0.377774 -0.002611 0.168317
v -0.377910 0.001956 0.168317
v -0.381345 0.001854 0.165511
v -0.309150 -0.000571 0.086064
v -0.309286 0.003997 0.086064
v -0.377774 -0.002611 0.168317
v -0.372043 -0.002441 0.175886
v -0.372179 0.002127 0.175886
v -0.377910 0.001956 0.168317
v -0.341011 -0.018744 0.215473
v -0.394952 -0.020348 0.201492
v -0.395464 -0.003137 0.201492
v -0.341523 -0.001533 0.215473
v -0.341523 -0.001533 0.215473
v -0.395464 -0.003137 0.201492
v -0.388098 -0.002918 0.197412
v -0.338194 -0.001434 0.208859
v -0.395464 -0.003137 0.201492
v -0.394952 -0.020348 0.201492
v -0.404773 -0.020640 0.181516
v -0.405285 -0.003429 0.181516
v -0.405285 -0.003429 0.181516
v -0.399579 -0.003260 0.178413
v -0.385773 -0.002849 0.186973
v -0.380626 -0.002696 0.194715
v -0.373697 -0.002490 0.196749
v -0.379891 -0.002674 0.185868
v -0.373991 -0.002499 0.180812
v -0.376309 -0.002568 0.177445
v -0.386881 -0.002882 0.169769
v -0.385160 -0.002831 0.176038
v -0.378626 -0.002637 0.174078
v -0.379847 -0.002673 0.172305
v -0.391368 -0.003015 0.173404
v -0.388541 -0.002931 0.176965
v -0.395855 -0.003149 0.177039
v -0.394124 -0.003097 0.180300
v -0.390840 -0.003000 0.186490
v -0.387556 -0.002902 0.192681
v -0.391661 -0.003024 0.184943
v -0.387222 -0.002892 0.185282
v -0.379009 -0.002648 0.181816
v -0.376888 -0.002585 0.176603
v -0.380235 -0.002684 0.177207
v -0.377467 -0.002602 0.175762
v -0.392482 -0.003049 0.183395
v -0.388672 -0.002935 0.183592
v -0.381344 -0.002723 0.178878
v -0.380843 -0.002708 0.181774
v -0.380892 -0.001063 0.181774
v -0.381393 -0.001078 0.178878
v -0.333200 -0.001286 0.199170
v -0.327526 -0.001117 0.189742
v -0.324306 -0.001021 0.189789
v -0.333028 -0.001281 0.208013
v -0.339044 -0.001460 0.216300
v -0.320241 -0.000901 0.216723
v -0.310898 -0.000623 0.226989
v -0.335914 -0.001367 0.223282
v -0.311006 -0.000626 0.228632
v -0.315625 -0.000763 0.228678
v -0.338532 -0.018670 0.216300
v -0.339044 -0.001460 0.216300
v -0.335914 -0.001367 0.223282
v -0.335403 -0.018577 0.223282
v -0.315113 -0.017974 0.228678
v -0.315625 -0.000763 0.228678
v -0.311006 -0.000626 0.228632
v -0.310495 -0.017837 0.228632
v -0.335403 -0.018577 0.223282
v -0.335914 -0.001367 0.223282
v -0.315625 -0.000763 0.228678
v -0.315113 -0.017974 0.228678
v -0.310898 -0.000623 0.226989
v -0.310386 -0.017833 0.226989
v -0.310495 -0.017837 0.228632
v -0.311006 -0.000626 0.228632
v -0.304229 -0.000424 0.215988
v -0.309750 -0.000589 0.219390
v -0.309845 0.002620 0.219390
v -0.304325 0.002784 0.215988
v -0.306861 -0.000503 0.206111
v -0.306350 -0.017713 0.206111
v -0.303710 -0.017635 0.212195
v -0.304222 -0.000424 0.212195
v -0.313406 -0.000697 0.218923
v -0.317894 -0.000831 0.213992
v -0.317989 0.002377 0.213992
v -0.313501 0.002511 0.218923
v -0.309750 -0.000589 0.219390
v -0.313406 -0.000697 0.218923
v -0.313501 0.002511 0.218923
v -0.309845 0.002620 0.219390
v -0.313151 -0.000690 0.186024
v -0.312639 -0.017900 0.186024
v -0.308989 -0.017792 0.200026
v -0.309501 -0.000581 0.200026
v -0.323623 -0.001001 0.186101
v -0.313151 -0.000690 0.186024
v -0.313246 0.002518 0.186024
v -0.323719 0.002207 0.186101
v -0.309501 -0.000581 0.200026
v -0.308989 -0.017792 0.200026
v -0.309238 -0.017799 0.219390
v -0.303718 -0.017635 0.215988
v -0.304222 -0.000424 0.212195
v -0.303710 -0.017635 0.212195
v -0.303718 -0.017635 0.215988
v -0.304229 -0.000424 0.215988
v -0.307987 -0.017762 0.145262
v -0.308499 -0.000551 0.145262
v -0.310577 -0.000613 0.136084
v -0.310065 -0.017824 0.136084
v -0.313598 -0.017929 0.165357
v -0.314109 -0.000718 0.165357
v -0.306421 -0.000490 0.154441
v -0.305910 -0.017700 0.154441
v -0.316221 -0.018007 0.181001
v -0.316733 -0.000796 0.181001
v -0.314109 -0.000718 0.165357
v -0.313598 -0.017929 0.165357
v -0.297347 -0.017446 0.109584
v -0.297859 -0.000235 0.109584
v -0.273886 0.000478 0.085336
v -0.273375 -0.016733 0.085336
v -0.304550 -0.017660 0.122130
v -0.305062 -0.000449 0.122130
v -0.297859 -0.000235 0.109584
v -0.297347 -0.017446 0.109584
v -0.310065 -0.017824 0.136084
v -0.310577 -0.000613 0.136084
v -0.305062 -0.000449 0.122130
v -0.304550 -0.017660 0.122130
v -0.130717 0.004735 0.057605
v -0.121437 0.005011 0.048504
v -0.121674 0.012991 0.048504
v -0.130955 0.012715 0.057605
v -0.305910 -0.017700 0.154441
v -0.306421 -0.000490 0.154441
v -0.311117 -0.000629 -0.028502
v -0.307728 -0.000528 -0.028503
v -0.288921 0.000031 -0.001950
v -0.294013 -0.000121 -0.001912
v -0.316201 -0.000780 -0.028500
v -0.314506 -0.000730 -0.028501
v -0.297877 -0.000236 -0.004168
v -0.299572 -0.000286 -0.003429
v -0.321285 -0.000932 -0.028499
v -0.317895 -0.000831 -0.028500
v -0.299910 -0.000296 -0.000383
v -0.304249 -0.000425 -0.000264
v -0.312812 -0.000680 -0.028501
v -0.296081 -0.000182 -0.003990
v -0.115264 0.005194 0.008289
v -0.157404 0.003941 -0.034721
v -0.157641 0.011922 -0.034721
v -0.115501 0.013175 0.008289
v -0.142983 0.004370 0.033748
v -0.166454 0.003672 0.036681
v -0.166690 0.011609 0.036681
v -0.143219 0.012307 0.033748
v -0.139065 0.004487 0.049191
v -0.130717 0.004735 0.057605
v -0.130955 0.012715 0.057605
v -0.139302 0.012467 0.049191
v -0.153078 0.004070 -0.040695
v -0.096443 0.005754 0.017092
v -0.095505 0.005782 0.014114
v -0.150773 0.004138 -0.041621
v -0.154017 0.004042 -0.038401
v -0.098749 0.005685 0.017333
v -0.069486 0.006555 -0.003097
v -0.129312 0.004777 -0.063054
v -0.129406 0.007958 -0.063054
v -0.069580 0.009736 -0.003097
v -0.094351 0.005816 0.009075
v -0.074079 0.006419 0.008594
v -0.074174 0.009600 0.008594
v -0.094446 0.008997 0.009075
v -0.135004 0.004607 -0.057424
v -0.147396 0.004239 -0.045168
v -0.147491 0.007420 -0.045168
v -0.135098 0.007788 -0.057424
v -0.074079 0.006419 0.008594
v -0.071297 0.006502 0.005364
v -0.071392 0.009683 0.005364
v -0.074174 0.009600 0.008594
v -0.135004 0.004607 -0.057424
v -0.129312 0.004777 -0.063054
v -0.129404 0.007899 -0.063054
v -0.135097 0.007729 -0.057424
v -0.207592 0.002449 -0.108326
v -0.297823 -0.000234 -0.109050
v -0.297963 0.004500 -0.109050
v -0.207733 0.007183 -0.108326
v -0.163085 0.003772 -0.107349
v -0.163026 0.003774 -0.108671
v -0.163166 0.008508 -0.108671
v -0.163226 0.008506 -0.107349
v -0.229734 0.001791 -0.086485
v -0.210229 0.002371 -0.104814
v -0.210370 0.007105 -0.104814
v -0.229875 0.006525 -0.086485
v -0.207466 0.002453 -0.054378
v -0.159695 0.003873 -0.101330
v -0.159836 0.008607 -0.101330
v -0.207607 0.007187 -0.054378
v -0.297823 -0.000234 -0.109050
v -0.297735 -0.000231 -0.106487
v -0.297876 0.004503 -0.106487
v -0.297963 0.004500 -0.109050
v -0.297552 -0.000226 -0.101086
v -0.297455 -0.000223 -0.098247
v -0.297596 0.004511 -0.098247
v -0.297693 0.004508 -0.101086
v -0.278791 0.000332 -0.074459
v -0.267882 0.000656 -0.074422
v -0.268023 0.005390 -0.074422
v -0.278932 0.005066 -0.074459
v -0.256620 0.000991 -0.092618
v -0.243945 0.001368 -0.094326
v -0.244086 0.006102 -0.094326
v -0.256761 0.005725 -0.092618
v -0.197410 0.002752 -0.108542
v -0.225450 0.001918 -0.080132
v -0.225591 0.006652 -0.080132
v -0.197551 0.007486 -0.108542
v -0.163026 0.003774 -0.108671
v -0.190202 0.002966 -0.108581
v -0.190343 0.007700 -0.108581
v -0.163166 0.008508 -0.108671
v -0.235128 0.001630 -0.091911
v -0.243945 0.001368 -0.094326
v -0.244086 0.006102 -0.094326
v -0.235268 0.006364 -0.091911
v -0.190202 0.002966 -0.108581
v -0.197410 0.002752 -0.108542
v -0.197551 0.007486 -0.108542
v -0.190343 0.007700 -0.108581
v -0.210229 0.002371 -0.104814
v -0.207592 0.002449 -0.108326
v -0.207733 0.007183 -0.108326
v -0.210370 0.007105 -0.104814
v -0.297648 -0.000229 -0.103925
v -0.297789 0.004505 -0.103925
v -0.070074 0.006538 0.013996
v -0.088587 0.005987 0.014185
v -0.088562 0.005988 0.016632
v -0.070049 0.006539 0.016444
v -0.089835 0.005950 0.023860
v -0.138125 0.004515 0.072857
v -0.108218 0.005404 0.103116
v -0.070520 0.006525 0.052581
v -0.088251 0.005997 0.085142
v -0.064199 0.006713 0.060080
v -0.079898 0.006246 0.023862
v -0.070328 0.006530 0.023836
v -0.098194 0.005702 0.025711
v -0.098431 0.013682 0.025711
v -0.063312 0.006739 0.054031
v -0.063586 0.006731 -0.000560
v -0.063725 0.011397 -0.000560
v -0.063451 0.011405 0.054031
v -0.004953 0.008474 0.050892
v -0.025842 0.007853 0.071456
v -0.025981 0.012519 0.071456
v -0.005092 0.013140 0.050892
v 0.590643 0.026184 0.058402
v 0.590593 0.026182 -0.069358
v 0.599275 0.020577 -0.061874
v 0.599325 0.020579 0.050911
v 0.591154 0.008973 0.058402
v 0.590643 0.026184 0.058402
v 0.599325 0.020579 0.050911
v 0.599663 0.009211 0.050911
v 0.590593 0.026182 -0.069358
v 0.591105 0.008971 -0.069358
v 0.599613 0.009209 -0.061874
v 0.599275 0.020577 -0.061874
v -0.369699 -0.002371 0.197946
v -0.372043 -0.002441 0.175886
v -0.135098 0.007788 -0.057424
v -0.077407 0.009504 0.000734
v -0.069580 0.009736 -0.003097
v -0.129406 0.007958 -0.063054
v -0.094446 0.008997 0.009075
v -0.074174 0.009600 0.008594
v -0.071392 0.009683 0.005364
v -0.070114 0.009721 0.003881
v -0.147491 0.007420 -0.045168
v -0.070020 0.006540 0.003881
v -0.070114 0.009721 0.003881
v -0.147396 0.004239 -0.045168
v -0.094351 0.005816 0.009075
v -0.094446 0.008997 0.009075
v -0.147491 0.007420 -0.045168
v -0.129312 0.004777 -0.063054
v -0.129406 0.007958 -0.063054
v -0.070020 0.006540 0.003881
v -0.069486 0.006555 -0.003097
v -0.069580 0.009736 -0.003097
v -0.070114 0.009721 0.003881
v -0.046273 0.011916 0.071281
v -0.063451 0.011405 0.054031
v -0.063725 0.011397 -0.000560
v -0.033801 0.012287 0.022243
v -0.005092 0.013140 0.050892
v -0.025981 0.012519 0.071456
v -0.038474 0.012148 -0.026875
v -0.034131 0.012277 -0.026789
v -0.038335 0.007482 -0.026875
v -0.033992 0.007611 -0.026789
v -0.034131 0.012277 -0.026789
v -0.038474 0.012148 -0.026875
v -0.025842 0.007853 0.071456
v -0.046134 0.007250 0.071281
v -0.046273 0.011916 0.071281
v -0.025981 0.012519 0.071456
v -0.046134 0.007250 0.071281
v -0.063312 0.006739 0.054031
v -0.063451 0.011405 0.054031
v -0.046273 0.011916 0.071281
v -0.063586 0.006731 -0.000560
v -0.038335 0.007482 -0.026875
v -0.038474 0.012148 -0.026875
v -0.063725 0.011397 -0.000560
v -0.033663 0.007621 0.022243
v -0.004953 0.008474 0.050892
v -0.005092 0.013140 0.050892
v -0.033801 0.012287 0.022243
v -0.033992 0.007611 -0.026789
v -0.033663 0.007621 0.022243
v -0.033801 0.012287 0.022243
v -0.034131 0.012277 -0.026789
v -0.121674 0.012991 0.048504
v -0.098431 0.013682 0.025711
v -0.115501 0.013175 0.008289
v -0.157641 0.011922 -0.034721
v -0.180884 0.011231 -0.011928
v -0.139916 0.012449 0.031082
v -0.139302 0.012467 0.049191
v -0.130955 0.012715 0.057605
v -0.180647 0.003250 -0.011928
v -0.139679 0.004468 0.031082
v -0.139916 0.012449 0.031082
v -0.180884 0.011231 -0.011928
v -0.098194 0.005702 0.025711
v -0.098431 0.013682 0.025711
v -0.139679 0.004468 0.031082
v -0.139065 0.004487 0.049191
v -0.139302 0.012467 0.049191
v -0.139916 0.012449 0.031082
v -0.157404 0.003941 -0.034721
v -0.180647 0.003250 -0.011928
v -0.180884 0.011231 -0.011928
v -0.157641 0.011922 -0.034721
v -0.166454 0.003672 0.036681
v -0.142983 0.004370 0.033748
v -0.143220 0.012350 0.033748
v -0.166691 0.011653 0.036681
v -0.207607 0.007187 -0.054378
v -0.159836 0.008607 -0.101330
v -0.163294 0.008504 -0.105831
v -0.228766 0.006558 -0.054305
v -0.225591 0.006652 -0.080132
v -0.163166 0.008508 -0.108671
v -0.190343 0.007700 -0.108581
v -0.197551 0.007486 -0.108542
v -0.224334 0.006689 -0.070749
v -0.163226 0.008506 -0.107349
v -0.225720 0.006648 -0.061012
v -0.163260 0.008505 -0.106590
v -0.297876 0.004503 -0.106487
v -0.218350 0.006867 -0.104691
v -0.207733 0.007183 -0.108326
v -0.297963 0.004500 -0.109050
v -0.278932 0.005066 -0.074459
v -0.268023 0.005390 -0.074422
v -0.261623 0.005581 -0.088659
v -0.297403 0.004517 -0.092569
v -0.297693 0.004508 -0.101086
v -0.244086 0.006102 -0.094326
v -0.228968 0.006552 -0.101056
v -0.297789 0.004505 -0.103925
v -0.256761 0.005725 -0.092618
v -0.297596 0.004511 -0.098247
v -0.235268 0.006364 -0.091911
v -0.229875 0.006525 -0.086485
v -0.228968 0.006552 -0.101056
v -0.235268 0.006364 -0.091911
v -0.244086 0.006102 -0.094326
v -0.210370 0.007105 -0.104814
v -0.225450 0.001918 -0.080132
v -0.224193 0.001955 -0.070749
v -0.224334 0.006689 -0.070749
v -0.225591 0.006652 -0.080132
v -0.267882 0.000656 -0.074422
v -0.261482 0.000847 -0.088659
v -0.261623 0.005581 -0.088659
v -0.268023 0.005390 -0.074422
v -0.297262 -0.000217 -0.092569
v -0.278791 0.000332 -0.074459
v -0.278932 0.005066 -0.074459
v -0.297403 0.004517 -0.092569
v -0.159695 0.003873 -0.101330
v -0.163153 0.003770 -0.105831
v -0.163294 0.008504 -0.105831
v -0.159836 0.008607 -0.101330
v -0.163119 0.003771 -0.106590
v -0.163085 0.003772 -0.107349
v -0.163226 0.008506 -0.107349
v -0.163260 0.008505 -0.106590
v -0.261482 0.000847 -0.088659
v -0.256620 0.000991 -0.092618
v -0.256761 0.005725 -0.092618
v -0.261623 0.005581 -0.088659
v -0.228626 0.001824 -0.054305
v -0.207466 0.002453 -0.054378
v -0.207607 0.007187 -0.054378
v -0.228766 0.006558 -0.054305
v -0.224193 0.001955 -0.070749
v -0.225579 0.001914 -0.061012
v -0.225720 0.006648 -0.061012
v -0.224334 0.006689 -0.070749
v -0.297262 -0.000217 -0.092569
v -0.297403 0.004517 -0.092569
v -0.235128 0.001630 -0.091911
v -0.229734 0.001791 -0.086485
v -0.229875 0.006525 -0.086485
v -0.235268 0.006364 -0.091911
v -0.163153 0.003770 -0.105831
v -0.163294 0.008504 -0.105831
v -0.225579 0.001914 -0.061012
v -0.228626 0.001824 -0.054305
v -0.228766 0.006558 -0.054305
v -0.225720 0.006648 -0.061012
v -0.323479 0.003575 0.074402
v -0.348068 0.002844 0.111757
v -0.333267 0.003284 0.134161
v -0.309286 0.003997 0.086064
v -0.359169 0.002514 0.094954
v -0.362869 0.002403 0.089354
v -0.364795 0.002346 0.119148
v -0.360222 0.002482 0.127498
v -0.362638 0.002410 0.136758
v -0.366511 0.002295 0.128177
v -0.381632 0.001846 0.154372
v -0.375856 0.002017 0.160722
v -0.386409 0.001704 0.165147
v -0.381345 0.001854 0.165511
v -0.335425 0.003219 0.205171
v -0.358528 0.002533 0.179772
v -0.372179 0.002127 0.175886
v -0.369835 0.002196 0.197946
v -0.328205 0.003434 0.185945
v -0.346500 0.002890 0.152547
v -0.351017 0.002756 0.162498
v -0.335524 0.003217 0.196818
v -0.330575 0.003364 0.068571
v -0.355468 0.002624 0.100555
v -0.334123 0.003258 0.065655
v -0.370080 0.002189 0.167072
v -0.377910 0.001956 0.168317
v -0.355648 0.002618 0.135847
v -0.358764 0.002526 0.145338
v -0.337672 0.003153 0.062739
v -0.386587 -0.001233 0.178976
v -0.384193 -0.001161 0.178527
v -0.381393 -0.001078 0.178878
v -0.380892 -0.001063 0.181774
v -0.381355 -0.001077 0.184078
v -0.384620 -0.001174 0.184510
v -0.386230 -0.001222 0.182998
v -0.386622 -0.001234 0.181408
v -0.386573 -0.002879 0.181408
v -0.386538 -0.002878 0.178976
v -0.386587 -0.001233 0.178976
v -0.386622 -0.001234 0.181408
v -0.384144 -0.002806 0.178527
v -0.381344 -0.002723 0.178878
v -0.381393 -0.001078 0.178878
v -0.384193 -0.001161 0.178527
v -0.384571 -0.002819 0.184510
v -0.386181 -0.002867 0.182998
v -0.386230 -0.001222 0.182998
v -0.384620 -0.001174 0.184510
v -0.380843 -0.002708 0.181774
v -0.381306 -0.002722 0.184078
v -0.381355 -0.001077 0.184078
v -0.380892 -0.001063 0.181774
v -0.386538 -0.002878 0.178976
v -0.384144 -0.002806 0.178527
v -0.384193 -0.001161 0.178527
v -0.386587 -0.001233 0.178976
v -0.386181 -0.002867 0.182998
v -0.386573 -0.002879 0.181408
v -0.386622 -0.001234 0.181408
v -0.386230 -0.001222 0.182998
v -0.381306 -0.002722 0.184078
v -0.384571 -0.002819 0.184510
v -0.384620 -0.001174 0.184510
v -0.381355 -0.001077 0.184078
v -0.313501 0.002511 0.218923
v -0.304318 0.002784 0.212195
v -0.304325 0.002784 0.215988
v -0.309845 0.002620 0.219390
v -0.317989 0.002377 0.213992
v -0.306957 0.002705 0.206111
v -0.323719 0.002207 0.186101
v -0.313246 0.002518 0.186024
v -0.309596 0.002627 0.200026
v -0.320306 0.002309 0.203089
v -0.309596 0.002627 0.200026
v -0.313246 0.002518 0.186024
v -0.306957 0.002705 0.206111
v -0.309596 0.002627 0.200026
v -0.320211 -0.000900 0.203089
v -0.323623 -0.001001 0.186101
v -0.323719 0.002207 0.186101
v -0.320306 0.002309 0.203089
v -0.317894 -0.000831 0.213992
v -0.320211 -0.000900 0.203089
v -0.320306 0.002309 0.203089
v -0.317989 0.002377 0.213992
v -0.304325 0.002784 0.215988
v -0.304318 0.002784 0.212195
v -0.304318 0.002784 0.212195
v -0.424757 -0.003694 -0.104832
v -0.424879 -0.003698 -0.101846
v -0.423636 -0.003661 -0.101839
v -0.423517 -0.003657 -0.104826
v -0.370317 -0.002075 -0.101558
v -0.370367 -0.002077 -0.104547
v -0.423645 -0.003661 -0.100126
v -0.370326 -0.002076 -0.099846
v -0.370316 -0.002389 -0.099846
v -0.370307 -0.002389 -0.101558
v -0.370317 -0.002075 -0.101558
v -0.370326 -0.002076 -0.099846
v -0.424747 -0.004008 -0.104832
v -0.424870 -0.004012 -0.101846
v -0.424879 -0.003698 -0.101846
v -0.424757 -0.003694 -0.104832
v -0.423626 -0.003975 -0.101839
v -0.423635 -0.003975 -0.100126
v -0.423645 -0.003661 -0.100126
v -0.423636 -0.003661 -0.101839
v -0.370307 -0.002389 -0.101558
v -0.370358 -0.002391 -0.104547
v -0.370367 -0.002077 -0.104547
v -0.370317 -0.002075 -0.101558
v -0.424747 -0.004008 -0.104832
v -0.424757 -0.003694 -0.104832
v 0.599663 0.009211 0.050911
v 0.599325 0.020579 0.050911
v 0.599275 0.020577 -0.061874
v 0.599613 0.009209 -0.061874
v -0.389454 -0.020184 -0.012808
v -0.437604 -0.021616 -0.012819
v -0.431462 -0.021434 -0.008935
v -0.391272 -0.020239 -0.008932
v -0.370367 -0.002083 -0.104547
v -0.370316 -0.002082 -0.101558
v -0.369166 -0.002048 -0.101552
v -0.369221 -0.002049 -0.104541
v -0.370358 -0.002391 -0.104547
v -0.370307 -0.002389 -0.101558
v -0.370316 -0.002082 -0.101558
v -0.370367 -0.002083 -0.104547
v -0.369157 -0.002355 -0.101552
v -0.369211 -0.002357 -0.104541
v -0.369221 -0.002049 -0.104541
v -0.369166 -0.002048 -0.101552
v -0.135097 0.007729 -0.057424
v -0.129404 0.007899 -0.063054
v -0.135953 0.007704 -0.069503
v -0.135611 0.007714 -0.063163
v -0.135860 0.004582 -0.069503
v -0.135518 0.004592 -0.063163
v -0.135611 0.007714 -0.063163
v -0.135953 0.007704 -0.069503
v -0.129312 0.004777 -0.063054
v -0.135860 0.004582 -0.069503
v -0.135953 0.007704 -0.069503
v -0.129404 0.007899 -0.063054
v -0.135518 0.004592 -0.063163
v -0.135004 0.004607 -0.057424
v -0.135097 0.007729 -0.057424
v -0.135611 0.007714 -0.063163
v -0.432816 -0.038700 -0.113393
v -0.426034 -0.038498 -0.106801
v -0.364831 -0.036678 -0.107099
v -0.358102 -0.036478 -0.113691
v -0.536002 -0.041768 -0.081133
v -0.512667 -0.041074 -0.103712
v -0.512639 -0.041073 -0.108092
v -0.535974 -0.041767 -0.085513
v -0.541800 -0.041940 0.067245
v -0.560842 -0.042506 0.067311
v -0.541910 -0.041944 0.035725
v -0.590528 -0.043389 0.035994
v -0.560842 -0.042506 0.067311
v -0.541800 -0.041940 0.067245
v -0.520554 -0.041309 0.067170
v -0.520664 -0.041312 0.035651
v -0.520554 -0.041309 0.067170
v -0.482952 -0.040190 -0.010092
v -0.482842 -0.040187 0.029732
v -0.482842 -0.040187 0.029732
v -0.520554 -0.041309 0.067170
v -0.482842 -0.040187 0.029732
v -0.482952 -0.040190 -0.010092
v -0.520664 -0.041312 0.035651
v -0.507284 -0.040914 -0.105661
v -0.536086 -0.041770 -0.077066
v -0.535961 -0.041767 0.035704
v -0.507284 -0.040914 -0.105661
v -0.466985 -0.039716 -0.105776
v -0.465544 -0.039673 -0.028649
v -0.482952 -0.040190 -0.010092
v -0.520664 -0.041312 0.035651
v -0.590528 -0.043389 0.035994
v -0.560842 -0.042506 0.067311
v -0.434693 -0.038756 -0.106379
v -0.465826 -0.039681 -0.050014
v -0.482952 -0.040190 -0.010092
v -0.465544 -0.039673 -0.028649
v -0.380384 -0.037141 -0.047848
v -0.388209 -0.037373 -0.040002
v -0.391731 -0.037478 -0.037043
v -0.403882 -0.037839 -0.050096
v -0.419321 -0.038299 -0.090817
v -0.417123 -0.038233 -0.092842
v -0.429818 -0.038611 -0.106599
v -0.432016 -0.038676 -0.104575
v -0.369284 -0.036811 -0.101558
v -0.369275 -0.037118 -0.101558
v -0.368124 -0.037084 -0.101552
v -0.368133 -0.036776 -0.101552
v -0.423847 -0.038433 -0.101846
v -0.423837 -0.038747 -0.101846
v -0.422594 -0.038710 -0.101839
v -0.422603 -0.038396 -0.101839
v -0.422612 -0.038396 -0.100126
v -0.422603 -0.038710 -0.100126
v -0.369283 -0.037125 -0.099846
v -0.369293 -0.036811 -0.099846
v -0.369335 -0.036812 -0.104547
v -0.369325 -0.037126 -0.104547
v -0.422475 -0.038706 -0.104826
v -0.422484 -0.038393 -0.104826
v -0.378741 -0.037092 -0.097605
v -0.378331 -0.037080 -0.093790
v -0.414234 -0.038147 -0.094046
v -0.418203 -0.038265 -0.097683
v -0.374874 -0.036977 -0.097598
v -0.374813 -0.036975 -0.093765
v -0.376864 -0.037036 -0.093780
v -0.377129 -0.037044 -0.097602
v -0.378242 -0.037077 -0.090962
v -0.411517 -0.038066 -0.091601
v -0.376883 -0.037037 -0.090936
v -0.378335 -0.037080 -0.061534
v -0.378343 -0.037080 -0.058297
v -0.388942 -0.037395 -0.016424
v -0.388942 -0.037395 -0.012808
v -0.437092 -0.038827 -0.012819
v -0.437091 -0.038827 -0.016436
v -0.368979 -0.036802 -0.016420
v -0.364974 -0.036683 -0.019644
v -0.364975 -0.036683 -0.012803
v -0.368980 -0.036802 -0.012803
v -0.368982 -0.036802 -0.005295
v -0.368985 -0.036802 0.006255
v -0.379960 -0.037128 -0.004501
v -0.385403 -0.037290 -0.009535
v -0.364977 -0.036683 -0.004165
v -0.364980 -0.036683 0.010361
v -0.347977 -0.036177 0.012846
v -0.347980 -0.036177 0.028838
v -0.335667 -0.035811 0.024381
v -0.334202 -0.035768 0.024382
v -0.334205 -0.035768 0.028842
v -0.335670 -0.035811 0.028841
v -0.406474 -0.037917 0.016384
v -0.385979 -0.037307 0.016401
v -0.385979 -0.037307 0.016401
v -0.377819 -0.037065 0.025131
v -0.418712 -0.038280 0.003725
v -0.406474 -0.037917 0.016384
v -0.388370 -0.037378 0.003735
v -0.385979 -0.037307 0.016401
v -0.406474 -0.037917 0.016384
v -0.418712 -0.038280 0.003725
v -0.371441 -0.036875 0.021143
v -0.362327 -0.036604 0.029482
v -0.374509 -0.036966 0.027194
v -0.377819 -0.037065 0.025131
v -0.377819 -0.037065 0.025131
v -0.374509 -0.036966 0.027194
v -0.372656 -0.036911 0.030548
v -0.367509 -0.036758 0.033363
v -0.367509 -0.036758 0.033363
v -0.372656 -0.036911 0.030548
v -0.374509 -0.036966 0.027194
v -0.372656 -0.036911 0.030548
v -0.350146 -0.036242 0.031769
v -0.343649 -0.036049 0.031772
v -0.353637 -0.036345 0.056354
v -0.364003 -0.036654 0.037351
v -0.364003 -0.036654 0.037351
v -0.353637 -0.036345 0.056354
v -0.367509 -0.036758 0.033363
v -0.364003 -0.036654 0.037351
v -0.390760 -0.037449 -0.008932
v -0.365062 -0.036685 0.017156
v -0.430950 -0.038644 -0.008935
v -0.430950 -0.038644 -0.008935
v -0.342682 -0.036020 0.043826
v -0.338133 -0.035884 0.055038
v -0.366166 -0.036718 0.087124
v -0.371566 -0.036879 0.076341
v -0.353637 -0.036345 0.056354
v -0.371566 -0.036879 0.076341
v -0.368407 -0.036785 0.106987
v -0.370143 -0.036836 0.105896
v -0.377902 -0.037067 0.080191
v -0.373441 -0.036934 0.080563
v -0.407247 -0.037940 0.170036
v -0.404474 -0.037857 0.174291
v -0.373441 -0.036934 0.080563
v -0.404474 -0.037857 0.174291
v -0.407247 -0.037940 0.170036
v -0.377902 -0.037067 0.080191
v -0.377902 -0.037067 0.080191
v -0.407247 -0.037940 0.170036
v -0.373817 -0.036946 0.107030
v -0.371138 -0.036866 0.117330
v -0.370772 -0.036855 0.121548
v -0.395228 -0.037582 0.168670
v -0.368676 -0.036793 0.197946
v -0.368540 -0.041360 0.197946
v -0.334129 -0.040337 0.205171
v -0.334265 -0.035770 0.205171
v -0.332108 -0.035705 0.134161
v -0.331972 -0.040273 0.134161
v -0.307991 -0.039560 0.086064
v -0.308126 -0.034992 0.086064
v -0.380473 -0.037143 0.154372
v -0.380337 -0.041711 0.154372
v -0.385114 -0.041853 0.165147
v -0.385250 -0.037285 0.165147
v -0.327046 -0.035555 0.185945
v -0.326910 -0.040122 0.185945
v -0.331972 -0.040273 0.134161
v -0.332108 -0.035705 0.134161
v -0.329416 -0.035625 0.068571
v -0.329280 -0.040193 0.068571
v -0.332828 -0.040298 0.065655
v -0.332964 -0.035731 0.065655
v -0.334364 -0.035772 0.196818
v -0.334228 -0.040340 0.196818
v -0.326910 -0.040122 0.185945
v -0.327046 -0.035555 0.185945
v -0.334265 -0.035770 0.205171
v -0.334129 -0.040337 0.205171
v -0.334228 -0.040340 0.196818
v -0.334364 -0.035772 0.196818
v -0.371020 -0.036862 0.175886
v -0.370884 -0.041430 0.175886
v -0.368540 -0.041360 0.197946
v -0.368676 -0.036793 0.197946
v -0.363636 -0.036643 0.119148
v -0.363500 -0.041210 0.119148
v -0.365216 -0.041261 0.128177
v -0.365352 -0.036694 0.128177
v -0.336376 -0.040404 0.062739
v -0.336512 -0.035836 0.062739
v -0.365352 -0.036694 0.128177
v -0.365216 -0.041261 0.128177
v -0.380337 -0.041711 0.154372
v -0.380473 -0.037143 0.154372
v -0.322319 -0.035414 0.074402
v -0.322184 -0.039982 0.074402
v -0.361709 -0.036586 0.089354
v -0.361574 -0.041153 0.089354
v -0.363500 -0.041210 0.119148
v -0.363636 -0.036643 0.119148
v -0.385250 -0.037285 0.165147
v -0.385114 -0.041853 0.165147
v -0.380050 -0.041702 0.165511
v -0.380186 -0.037135 0.165511
v -0.336512 -0.035836 0.062739
v -0.336376 -0.040404 0.062739
v -0.361574 -0.041153 0.089354
v -0.361709 -0.036586 0.089354
v -0.380186 -0.037135 0.165511
v -0.380050 -0.041702 0.165511
v -0.376615 -0.041600 0.168317
v -0.376751 -0.037033 0.168317
v -0.308126 -0.034992 0.086064
v -0.307991 -0.039560 0.086064
v -0.376751 -0.037033 0.168317
v -0.376615 -0.041600 0.168317
v -0.370884 -0.041430 0.175886
v -0.371020 -0.036862 0.175886
v -0.340499 -0.035955 0.215473
v -0.394441 -0.037559 0.201492
v -0.340499 -0.035955 0.215473
v -0.337171 -0.035856 0.208859
v -0.387074 -0.037340 0.197412
v -0.394441 -0.037559 0.201492
v -0.394441 -0.037559 0.201492
v -0.404261 -0.037851 0.181516
v -0.398556 -0.037681 0.178413
v -0.404261 -0.037851 0.181516
v -0.384749 -0.037271 0.186973
v -0.378868 -0.037096 0.185868
v -0.372673 -0.036912 0.196749
v -0.379603 -0.037118 0.194715
v -0.375285 -0.036989 0.177445
v -0.372967 -0.036920 0.180812
v -0.385857 -0.037304 0.169769
v -0.378824 -0.037094 0.172305
v -0.377603 -0.037058 0.174078
v -0.384136 -0.037252 0.176038
v -0.390344 -0.037437 0.173404
v -0.387518 -0.037353 0.176965
v -0.394831 -0.037570 0.177039
v -0.393101 -0.037519 0.180300
v -0.389817 -0.037421 0.186490
v -0.386532 -0.037324 0.192681
v -0.390638 -0.037446 0.184943
v -0.386199 -0.037314 0.185282
v -0.377986 -0.037069 0.181816
v -0.375864 -0.037006 0.176603
v -0.376444 -0.037024 0.175762
v -0.379212 -0.037106 0.177207
v -0.387648 -0.037357 0.183592
v -0.391459 -0.037470 0.183395
v -0.380321 -0.037133 0.178878
v -0.380272 -0.038778 0.178878
v -0.379771 -0.038763 0.181774
v -0.379820 -0.037118 0.181774
v -0.332176 -0.035707 0.199170
v -0.332004 -0.035702 0.208013
v -0.323283 -0.035443 0.189789
v -0.326503 -0.035539 0.189742
v -0.338021 -0.035881 0.216300
v -0.334891 -0.035788 0.223282
v -0.309874 -0.035044 0.226989
v -0.319217 -0.035322 0.216723
v -0.314601 -0.035185 0.228678
v -0.309983 -0.035048 0.228632
v -0.334891 -0.035788 0.223282
v -0.338021 -0.035881 0.216300
v -0.309983 -0.035048 0.228632
v -0.314601 -0.035185 0.228678
v -0.314601 -0.035185 0.228678
v -0.334891 -0.035788 0.223282
v -0.309874 -0.035044 0.226989
v -0.309983 -0.035048 0.228632
v -0.303206 -0.034846 0.215988
v -0.303110 -0.038054 0.215988
v -0.308631 -0.038218 0.219390
v -0.308726 -0.035010 0.219390
v -0.305838 -0.034924 0.206111
v -0.303199 -0.034846 0.212195
v -0.312382 -0.035119 0.218923
v -0.312287 -0.038327 0.218923
v -0.316775 -0.038460 0.213992
v -0.316870 -0.035252 0.213992
v -0.308726 -0.035010 0.219390
v -0.308631 -0.038218 0.219390
v -0.312287 -0.038327 0.218923
v -0.312382 -0.035119 0.218923
v -0.312127 -0.035111 0.186024
v -0.308477 -0.035003 0.200026
v -0.322600 -0.035423 0.186101
v -0.322504 -0.038631 0.186101
v -0.312032 -0.038319 0.186024
v -0.312127 -0.035111 0.186024
v -0.308477 -0.035003 0.200026
v -0.303199 -0.034846 0.212195
v -0.303206 -0.034846 0.215988
v -0.309554 -0.035035 0.136084
v -0.307476 -0.034973 0.145262
v -0.305398 -0.034911 0.154441
v -0.313086 -0.035140 0.165357
v -0.313086 -0.035140 0.165357
v -0.315709 -0.035218 0.181001
v -0.272863 -0.033944 0.085336
v -0.296835 -0.034657 0.109584
v -0.296835 -0.034657 0.109584
v -0.304039 -0.034871 0.122130
v -0.304039 -0.034871 0.122130
v -0.309554 -0.035035 0.136084
v -0.129694 -0.029687 0.057605
v -0.129457 -0.037667 0.057605
v -0.120176 -0.037391 0.048504
v -0.120413 -0.029411 0.048504
v -0.305398 -0.034911 0.154441
v -0.310094 -0.035051 -0.028502
v -0.292990 -0.034542 -0.001912
v -0.287898 -0.034391 -0.001950
v -0.306704 -0.034950 -0.028503
v -0.315177 -0.035202 -0.028500
v -0.298548 -0.034707 -0.003429
v -0.296854 -0.034657 -0.004168
v -0.313483 -0.035152 -0.028501
v -0.320261 -0.035353 -0.028499
v -0.303225 -0.034847 -0.000264
v -0.298886 -0.034718 -0.000383
v -0.316872 -0.035252 -0.028500
v -0.311788 -0.035101 -0.028501
v -0.295057 -0.034604 -0.003990
v -0.114240 -0.029227 0.008289
v -0.114003 -0.037208 0.008289
v -0.156143 -0.038461 -0.034721
v -0.156381 -0.030480 -0.034721
v -0.141959 -0.030052 0.033748
v -0.141723 -0.037989 0.033748
v -0.165195 -0.038687 0.036681
v -0.165431 -0.030749 0.036681
v -0.138042 -0.029935 0.049191
v -0.137804 -0.037915 0.049191
v -0.129457 -0.037667 0.057605
v -0.129694 -0.029687 0.057605
v -0.152055 -0.030352 -0.040695
v -0.149749 -0.030283 -0.041621
v -0.094481 -0.028640 0.014114
v -0.095419 -0.028668 0.017092
v -0.152993 -0.030380 -0.038401
v -0.097725 -0.028736 0.017333
v -0.068462 -0.027866 -0.003097
v -0.068368 -0.031047 -0.003097
v -0.128193 -0.032826 -0.063054
v -0.128288 -0.029645 -0.063054
v -0.093328 -0.028605 0.009075
v -0.093233 -0.031787 0.009075
v -0.072961 -0.031184 0.008594
v -0.073055 -0.028003 0.008594
v -0.133980 -0.029814 -0.057424
v -0.133886 -0.032995 -0.057424
v -0.146278 -0.033364 -0.045168
v -0.146373 -0.030183 -0.045168
v -0.073055 -0.028003 0.008594
v -0.072961 -0.031184 0.008594
v -0.070179 -0.031101 0.005364
v -0.070274 -0.027920 0.005364
v -0.133980 -0.029814 -0.057424
v -0.133887 -0.032936 -0.057424
v -0.128195 -0.032767 -0.063054
v -0.128288 -0.029645 -0.063054
v -0.206568 -0.031973 -0.108326
v -0.206428 -0.036707 -0.108326
v -0.296658 -0.039389 -0.109050
v -0.296799 -0.034655 -0.109050
v -0.162062 -0.030649 -0.107349
v -0.161921 -0.035383 -0.107349
v -0.161861 -0.035381 -0.108671
v -0.162002 -0.030647 -0.108671
v -0.228710 -0.032631 -0.086485
v -0.228570 -0.037365 -0.086485
v -0.209065 -0.036785 -0.104814
v -0.209205 -0.032051 -0.104814
v -0.206442 -0.031969 -0.054378
v -0.206302 -0.036703 -0.054378
v -0.158531 -0.035282 -0.101330
v -0.158672 -0.030548 -0.101330
v -0.296799 -0.034655 -0.109050
v -0.296658 -0.039389 -0.109050
v -0.296571 -0.039387 -0.106487
v -0.296712 -0.034653 -0.106487
v -0.296528 -0.034647 -0.101086
v -0.296388 -0.039381 -0.101086
v -0.296291 -0.039379 -0.098247
v -0.296432 -0.034645 -0.098247
v -0.277768 -0.034090 -0.074459
v -0.277627 -0.038824 -0.074459
v -0.266718 -0.038499 -0.074422
v -0.266859 -0.033765 -0.074422
v -0.255597 -0.033430 -0.092618
v -0.255456 -0.038164 -0.092618
v -0.242781 -0.037787 -0.094326
v -0.242921 -0.033053 -0.094326
v -0.196387 -0.031670 -0.108542
v -0.196246 -0.036404 -0.108542
v -0.224286 -0.037238 -0.080132
v -0.224427 -0.032504 -0.080132
v -0.162002 -0.030647 -0.108671
v -0.161861 -0.035381 -0.108671
v -0.189038 -0.036189 -0.108581
v -0.189178 -0.031455 -0.108581
v -0.234104 -0.032791 -0.091911
v -0.233963 -0.037525 -0.091911
v -0.242781 -0.037787 -0.094326
v -0.242921 -0.033053 -0.094326
v -0.189178 -0.031455 -0.108581
v -0.189038 -0.036189 -0.108581
v -0.196246 -0.036404 -0.108542
v -0.196387 -0.031670 -0.108542
v -0.209205 -0.032051 -0.104814
v -0.209065 -0.036785 -0.104814
v -0.206428 -0.036707 -0.108326
v -0.206568 -0.031973 -0.108326
v -0.296484 -0.039384 -0.103925
v -0.296625 -0.034650 -0.103925
v -0.069050 -0.027884 0.013996
v -0.069025 -0.027883 0.016444
v -0.087539 -0.028433 0.016632
v -0.087564 -0.028434 0.014185
v -0.088811 -0.028471 0.023860
v -0.069497 -0.027897 0.052581
v -0.107195 -0.029018 0.103116
v -0.137101 -0.029907 0.072857
v -0.063175 -0.027709 0.060080
v -0.087227 -0.028424 0.085142
v -0.078874 -0.028176 0.023862
v -0.069304 -0.027891 0.023836
v -0.096933 -0.036700 0.025711
v -0.097170 -0.028720 0.025711
v -0.062289 -0.027683 0.054031
v -0.062150 -0.032349 0.054031
v -0.062424 -0.032357 -0.000560
v -0.062562 -0.027691 -0.000560
v -0.003930 -0.025947 0.050892
v -0.003791 -0.030613 0.050892
v -0.024680 -0.031234 0.071456
v -0.024819 -0.026568 0.071456
v 0.591666 -0.008238 0.058402
v 0.600000 -0.002127 0.050911
v 0.599950 -0.002129 -0.061874
v 0.591616 -0.008239 -0.069358
v 0.599662 0.009241 0.050911
v 0.600000 -0.002127 0.050911
v 0.591666 -0.008238 0.058402
v 0.591616 -0.008239 -0.069358
v 0.599950 -0.002129 -0.061874
v 0.599612 0.009239 -0.061874
v -0.371020 -0.036862 0.175886
v -0.368676 -0.036793 0.197946
v -0.133886 -0.032995 -0.057424
v -0.128193 -0.032826 -0.063054
v -0.068368 -0.031047 -0.003097
v -0.076194 -0.031280 0.000734
v -0.070179 -0.031101 0.005364
v -0.072961 -0.031184 0.008594
v -0.093233 -0.031787 0.009075
v -0.068902 -0.031063 0.003881
v -0.146278 -0.033364 -0.045168
v -0.068902 -0.031063 0.003881
v -0.068996 -0.027882 0.003881
v -0.146373 -0.030183 -0.045168
v -0.146278 -0.033364 -0.045168
v -0.093233 -0.031787 0.009075
v -0.093328 -0.028605 0.009075
v -0.128288 -0.029645 -0.063054
v -0.128193 -0.032826 -0.063054
v -0.068996 -0.027882 0.003881
v -0.068902 -0.031063 0.003881
v -0.068368 -0.031047 -0.003097
v -0.068462 -0.027866 -0.003097
v -0.044972 -0.031838 0.071281
v -0.032500 -0.031467 0.022243
v -0.062424 -0.032357 -0.000560
v -0.062150 -0.032349 0.054031
v -0.024680 -0.031234 0.071456
v -0.003791 -0.030613 0.050892
v -0.032830 -0.031477 -0.026789
v -0.037173 -0.031606 -0.026875
v -0.037312 -0.026940 -0.026875
v -0.037173 -0.031606 -0.026875
v -0.032830 -0.031477 -0.026789
v -0.032969 -0.026811 -0.026789
v -0.024819 -0.026568 0.071456
v -0.024680 -0.031234 0.071456
v -0.044972 -0.031838 0.071281
v -0.045110 -0.027172 0.071281
v -0.045110 -0.027172 0.071281
v -0.044972 -0.031838 0.071281
v -0.062150 -0.032349 0.054031
v -0.062289 -0.027683 0.054031
v -0.062562 -0.027691 -0.000560
v -0.062424 -0.032357 -0.000560
v -0.037173 -0.031606 -0.026875
v -0.037312 -0.026940 -0.026875
v -0.032639 -0.026801 0.022243
v -0.032500 -0.031467 0.022243
v -0.003791 -0.030613 0.050892
v -0.003930 -0.025947 0.050892
v -0.032969 -0.026811 -0.026789
v -0.032830 -0.031477 -0.026789
v -0.032500 -0.031467 0.022243
v -0.032639 -0.026801 0.022243
v -0.120176 -0.037391 0.048504
v -0.129457 -0.037667 0.057605
v -0.137804 -0.037915 0.049191
v -0.138418 -0.037934 0.031082
v -0.179386 -0.039152 -0.011928
v -0.156143 -0.038461 -0.034721
v -0.114003 -0.037208 0.008289
v -0.096933 -0.036700 0.025711
v -0.179623 -0.031171 -0.011928
v -0.179386 -0.039152 -0.011928
v -0.138418 -0.037934 0.031082
v -0.138655 -0.029953 0.031082
v -0.097170 -0.028720 0.025711
v -0.096933 -0.036700 0.025711
v -0.138655 -0.029953 0.031082
v -0.138418 -0.037934 0.031082
v -0.137804 -0.037915 0.049191
v -0.138042 -0.029935 0.049191
v -0.156381 -0.030480 -0.034721
v -0.156143 -0.038461 -0.034721
v -0.179386 -0.039152 -0.011928
v -0.179623 -0.031171 -0.011928
v -0.165431 -0.030749 0.036681
v -0.165193 -0.038730 0.036681
v -0.141722 -0.038032 0.033748
v -0.141959 -0.030052 0.033748
v -0.206302 -0.036703 -0.054378
v -0.227461 -0.037332 -0.054305
v -0.161989 -0.035385 -0.105831
v -0.158531 -0.035282 -0.101330
v -0.224286 -0.037238 -0.080132
v -0.196246 -0.036404 -0.108542
v -0.189038 -0.036189 -0.108581
v -0.161861 -0.035381 -0.108671
v -0.223029 -0.037200 -0.070749
v -0.161921 -0.035383 -0.107349
v -0.224415 -0.037241 -0.061012
v -0.161955 -0.035384 -0.106590
v -0.296571 -0.039387 -0.106487
v -0.296658 -0.039389 -0.109050
v -0.206428 -0.036707 -0.108326
v -0.217045 -0.037022 -0.104691
v -0.277627 -0.038824 -0.074459
v -0.296098 -0.039373 -0.092569
v -0.260318 -0.038309 -0.088659
v -0.266718 -0.038499 -0.074422
v -0.296388 -0.039381 -0.101086
v -0.296484 -0.039384 -0.103925
v -0.227663 -0.037338 -0.101056
v -0.242781 -0.037787 -0.094326
v -0.296291 -0.039379 -0.098247
v -0.255456 -0.038164 -0.092618
v -0.228570 -0.037365 -0.086485
v -0.233963 -0.037525 -0.091911
v -0.227663 -0.037338 -0.101056
v -0.242781 -0.037787 -0.094326
v -0.233963 -0.037525 -0.091911
v -0.209065 -0.036785 -0.104814
v -0.224427 -0.032504 -0.080132
v -0.224286 -0.037238 -0.080132
v -0.223029 -0.037200 -0.070749
v -0.223170 -0.032466 -0.070749
v -0.266859 -0.033765 -0.074422
v -0.266718 -0.038499 -0.074422
v -0.260318 -0.038309 -0.088659
v -0.260459 -0.033575 -0.088659
v -0.296239 -0.034639 -0.092569
v -0.296098 -0.039373 -0.092569
v -0.277627 -0.038824 -0.074459
v -0.277768 -0.034090 -0.074459
v -0.158672 -0.030548 -0.101330
v -0.158531 -0.035282 -0.101330
v -0.161989 -0.035385 -0.105831
v -0.162130 -0.030651 -0.105831
v -0.162096 -0.030650 -0.106590
v -0.161955 -0.035384 -0.106590
v -0.161921 -0.035383 -0.107349
v -0.162062 -0.030649 -0.107349
v -0.260459 -0.033575 -0.088659
v -0.260318 -0.038309 -0.088659
v -0.255456 -0.038164 -0.092618
v -0.255597 -0.033430 -0.092618
v -0.227602 -0.032598 -0.054305
v -0.227461 -0.037332 -0.054305
v -0.206302 -0.036703 -0.054378
v -0.206442 -0.031969 -0.054378
v -0.223170 -0.032466 -0.070749
v -0.223029 -0.037200 -0.070749
v -0.224415 -0.037241 -0.061012
v -0.224555 -0.032507 -0.061012
v -0.296098 -0.039373 -0.092569
v -0.296239 -0.034639 -0.092569
v -0.234104 -0.032791 -0.091911
v -0.233963 -0.037525 -0.091911
v -0.228570 -0.037365 -0.086485
v -0.228710 -0.032631 -0.086485
v -0.162130 -0.030651 -0.105831
v -0.161989 -0.035385 -0.105831
v -0.224555 -0.032507 -0.061012
v -0.224415 -0.037241 -0.061012
v -0.227461 -0.037332 -0.054305
v -0.227602 -0.032598 -0.054305
v -0.322184 -0.039982 0.074402
v -0.307991 -0.039560 0.086064
v -0.331972 -0.040273 0.134161
v -0.346773 -0.040713 0.111757
v -0.357873 -0.041043 0.094954
v -0.358927 -0.041074 0.127498
v -0.363500 -0.041210 0.119148
v -0.361574 -0.041153 0.089354
v -0.361343 -0.041146 0.136758
v -0.374561 -0.041539 0.160722
v -0.380337 -0.041711 0.154372
v -0.365216 -0.041261 0.128177
v -0.380050 -0.041702 0.165511
v -0.385114 -0.041853 0.165147
v -0.334129 -0.040337 0.205171
v -0.368540 -0.041360 0.197946
v -0.370884 -0.041430 0.175886
v -0.357233 -0.041024 0.179772
v -0.326910 -0.040122 0.185945
v -0.334228 -0.040340 0.196818
v -0.349722 -0.040801 0.162498
v -0.345205 -0.040666 0.152547
v -0.329280 -0.040193 0.068571
v -0.354173 -0.040933 0.100555
v -0.332828 -0.040298 0.065655
v -0.376615 -0.041600 0.168317
v -0.368785 -0.041367 0.167072
v -0.357469 -0.041031 0.145338
v -0.354353 -0.040938 0.135847
v -0.336376 -0.040404 0.062739
v -0.380272 -0.038778 0.178878
v -0.383072 -0.038861 0.178527
v -0.385466 -0.038933 0.178976
v -0.385501 -0.038934 0.181408
v -0.385109 -0.038922 0.182998
v -0.383499 -0.038874 0.184510
v -0.380234 -0.038777 0.184078
v -0.379771 -0.038763 0.181774
v -0.385550 -0.037289 0.181408
v -0.385501 -0.038934 0.181408
v -0.385466 -0.038933 0.178976
v -0.385515 -0.037288 0.178976
v -0.383121 -0.037216 0.178527
v -0.383072 -0.038861 0.178527
v -0.380272 -0.038778 0.178878
v -0.380321 -0.037133 0.178878
v -0.383548 -0.037229 0.184510
v -0.383499 -0.038874 0.184510
v -0.385109 -0.038922 0.182998
v -0.385158 -0.037277 0.182998
v -0.379820 -0.037118 0.181774
v -0.379771 -0.038763 0.181774
v -0.380234 -0.038777 0.184078
v -0.380282 -0.037132 0.184078
v -0.385515 -0.037288 0.178976
v -0.385466 -0.038933 0.178976
v -0.383072 -0.038861 0.178527
v -0.383121 -0.037216 0.178527
v -0.385158 -0.037277 0.182998
v -0.385109 -0.038922 0.182998
v -0.385501 -0.038934 0.181408
v -0.385550 -0.037289 0.181408
v -0.380282 -0.037132 0.184078
v -0.380234 -0.038777 0.184078
v -0.383499 -0.038874 0.184510
v -0.383548 -0.037229 0.184510
v -0.312287 -0.038327 0.218923
v -0.308631 -0.038218 0.219390
v -0.303110 -0.038054 0.215988
v -0.303103 -0.038054 0.212195
v -0.316775 -0.038460 0.213992
v -0.305743 -0.038132 0.206111
v -0.322504 -0.038631 0.186101
v -0.319092 -0.038529 0.203089
v -0.308382 -0.038211 0.200026
v -0.312032 -0.038319 0.186024
v -0.312032 -0.038319 0.186024
v -0.308382 -0.038211 0.200026
v -0.308382 -0.038211 0.200026
v -0.305743 -0.038132 0.206111
v -0.319187 -0.035321 0.203089
v -0.319092 -0.038529 0.203089
v -0.322504 -0.038631 0.186101
v -0.322600 -0.035423 0.186101
v -0.316870 -0.035252 0.213992
v -0.316775 -0.038460 0.213992
v -0.319092 -0.038529 0.203089
v -0.319187 -0.035321 0.203089
v -0.303103 -0.038054 0.212195
v -0.303110 -0.038054 0.215988
v -0.303103 -0.038054 0.212195
v -0.423714 -0.038743 -0.104832
v -0.422475 -0.038706 -0.104826
v -0.422594 -0.038710 -0.101839
v -0.423837 -0.038747 -0.101846
v -0.369325 -0.037126 -0.104547
v -0.369274 -0.037125 -0.101558
v -0.369283 -0.037125 -0.099846
v -0.422603 -0.038710 -0.100126
v -0.369293 -0.036811 -0.099846
v -0.369283 -0.037125 -0.099846
v -0.369274 -0.037125 -0.101558
v -0.369284 -0.036811 -0.101558
v -0.423724 -0.038429 -0.104832
v -0.423714 -0.038743 -0.104832
v -0.423837 -0.038747 -0.101846
v -0.423847 -0.038433 -0.101846
v -0.422603 -0.038396 -0.101839
v -0.422594 -0.038710 -0.101839
v -0.422603 -0.038710 -0.100126
v -0.422612 -0.038396 -0.100126
v -0.369284 -0.036811 -0.101558
v -0.369274 -0.037125 -0.101558
v -0.369325 -0.037126 -0.104547
v -0.369335 -0.036812 -0.104547
v -0.423714 -0.038743 -0.104832
v -0.423724 -0.038429 -0.104832
v 0.599662 0.009241 0.050911
v 0.599612 0.009239 -0.061874
v 0.599950 -0.002129 -0.061874
v 0.600000 -0.002127 0.050911
v -0.369326 -0.037119 -0.104547
v -0.368179 -0.037085 -0.104541
v -0.368124 -0.037084 -0.101552
v -0.369275 -0.037118 -0.101558
v -0.369335 -0.036812 -0.104547
v -0.369326 -0.037119 -0.104547
v -0.369275 -0.037118 -0.101558
v -0.369284 -0.036811 -0.101558
v -0.368133 -0.036776 -0.101552
v -0.368124 -0.037084 -0.101552
v -0.368179 -0.037085 -0.104541
v -0.368188 -0.036778 -0.104541
v -0.133887 -0.032936 -0.057424
v -0.134402 -0.032952 -0.063163
v -0.134744 -0.032962 -0.069503
v -0.128195 -0.032767 -0.063054
v -0.134837 -0.029840 -0.069503
v -0.134744 -0.032962 -0.069503
v -0.134402 -0.032952 -0.063163
v -0.134495 -0.029830 -0.063163
v -0.128288 -0.029645 -0.063054
v -0.128195 -0.032767 -0.063054
v -0.134744 -0.032962 -0.069503
v -0.134837 -0.029840 -0.069503
v -0.134495 -0.029830 -0.063163
v -0.134402 -0.032952 -0.063163
v -0.133887 -0.032936 -0.057424
v -0.133980 -0.029814 -0.057424
v -0.455795 -0.004931 -0.027447
v -0.410054 -0.003571 -0.027431
v -0.456090 -0.004940 -0.020541
v -0.410350 -0.003580 -0.020525
v -0.410349 -0.003580 -0.024027
v -0.456089 -0.004940 -0.024043
v -0.405872 -0.003447 -0.020523
v -0.405871 -0.003447 -0.024025
v -0.274118 0.000471 0.014783
v -0.274118 0.000471 0.014783
v -0.229453 0.001799 0.014779
v -0.229453 0.001799 0.014779
v -0.310861 -0.000622 -0.041773
v -0.310861 -0.000622 -0.041773
v -0.310861 -0.000622 -0.041773
v -0.193500 0.002868 -0.022106
v -0.193500 0.002868 -0.022106
v -0.297457 -0.000223 -0.055806
v -0.297457 -0.000223 -0.055806
v -0.205908 0.002499 -0.049248
v -0.205908 0.002499 -0.049248
v -0.257223 0.000973 0.014782
v -0.257223 0.000973 0.014782
v -0.262827 0.000807 -0.053326
v -0.262827 0.000807 -0.053326
v -0.297326 -0.000219 -0.057627
v -0.297326 -0.000219 -0.057627
v -0.265229 0.000735 -0.057820
v -0.265229 0.000735 -0.057820
v -0.243338 0.001386 0.017314
v -0.243338 0.001386 0.017314
v -0.234367 0.001653 -0.048754
v -0.234367 0.001653 -0.048754
v -0.250280 0.001180 0.016048
v -0.248597 0.001230 -0.047324
v -0.248597 0.001230 -0.047324
v -0.253752 0.001077 0.015415
v -0.255712 0.001018 -0.048636
v -0.255712 0.001018 -0.048636
v -0.188682 0.003011 -0.017688
v -0.188682 0.003011 -0.017688
v -0.156027 0.003982 -0.098664
v -0.156027 0.003982 -0.098664
v -0.140628 0.004440 -0.064907
v -0.140628 0.004440 -0.064907
v -0.139861 0.004463 -0.083839
v -0.139861 0.004463 -0.083839
v -0.402090 -0.003334 -0.020716
v -0.402090 -0.003334 -0.020716
v -0.369405 -0.002362 -0.020720
v -0.369405 -0.002362 -0.020720
v -0.374815 -0.002523 -0.049257
v -0.374815 -0.002523 -0.049257
v -0.356710 -0.001985 -0.033199
v -0.356710 -0.001985 -0.033199
v -0.390164 -0.002980 -0.033195
v -0.310829 -0.000621 -0.049260
v -0.310829 -0.000621 -0.049260
v -0.310829 -0.000621 -0.049260
v -0.327168 -0.001106 -0.033199
v -0.327168 -0.001106 -0.033199
v -0.327168 -0.001106 -0.033199
v -0.380472 -0.002691 -0.043337
v -0.316851 -0.000800 -0.043341
v -0.316851 -0.000800 -0.043341
v -0.327190 -0.001107 -0.030953
v -0.309468 -0.000580 -0.031057
v -0.374818 -0.002523 -0.090195
v -0.374818 -0.002523 -0.090195
v -0.359366 -0.002064 -0.105446
v -0.359366 -0.002064 -0.105446
v -0.299694 -0.000290 -0.093600
v -0.299694 -0.000290 -0.093600
v -0.348648 -0.001745 -0.105360
v -0.348648 -0.001745 -0.105360
v -0.299528 -0.000285 -0.105477
v -0.299528 -0.000285 -0.105477
v -0.298331 -0.000249 -0.060880
v -0.298331 -0.000249 -0.060880
v -0.279810 0.000302 -0.071959
v -0.279810 0.000302 -0.071959
v -0.268373 0.000642 -0.060981
v -0.268373 0.000642 -0.060981
v -0.268336 0.000643 -0.071895
v -0.268336 0.000643 -0.071895
v 0.008019 0.008860 0.007345
v 0.008169 0.008864 -0.017550
v 0.495412 0.023352 0.007808
v 0.497020 0.023400 -0.017086
v 0.506112 0.023670 0.007873
v 0.506262 0.023675 -0.007780
v 0.556633 0.007946 0.063335
v 0.556121 0.025157 0.063335
v 0.556121 0.025157 0.063335
v 0.556583 0.007945 -0.070863
v 0.556071 0.025156 -0.070863
v 0.556071 0.025156 -0.070863
v 0.587994 0.008879 0.063324
v 0.587994 0.008879 0.063324
v 0.587482 0.026090 0.063324
v 0.587482 0.026090 0.063324
v 0.587482 0.026090 0.063324
v 0.587944 0.008877 -0.070874
v 0.587944 0.008877 -0.070874
v 0.587433 0.026088 -0.070874
v 0.587433 0.026088 -0.070874
v 0.587433 0.026088 -0.070874
v -0.243479 0.006120 0.017314
v -0.243479 0.006120 0.017314
v -0.243479 0.006120 0.017314
v -0.229594 0.006533 0.014779
v -0.229594 0.006533 0.014779
v -0.229594 0.006533 0.014779
v -0.230124 0.006517 -0.025686
v -0.193641 0.007602 -0.022106
v -0.193641 0.007602 -0.022106
v -0.193641 0.007602 -0.022106
v -0.311002 0.004112 -0.041773
v -0.311002 0.004112 -0.041773
v -0.311002 0.004112 -0.041773
v -0.274259 0.005205 0.014783
v -0.274259 0.005205 0.014783
v -0.274259 0.005205 0.014783
v -0.234508 0.006387 -0.048754
v -0.234508 0.006387 -0.048754
v -0.234508 0.006387 -0.048754
v -0.206049 0.007233 -0.049248
v -0.206049 0.007233 -0.049248
v -0.206049 0.007233 -0.049248
v -0.297597 0.004511 -0.055806
v -0.297597 0.004511 -0.055806
v -0.297597 0.004511 -0.055806
v -0.257363 0.005707 0.014782
v -0.257363 0.005707 0.014782
v -0.257363 0.005707 0.014782
v -0.266608 0.005432 -0.034333
v -0.262967 0.005541 -0.053326
v -0.262967 0.005541 -0.053326
v -0.262967 0.005541 -0.053326
v -0.297467 0.004515 -0.057627
v -0.297467 0.004515 -0.057627
v -0.297467 0.004515 -0.057627
v -0.265369 0.005469 -0.057820
v -0.265369 0.005469 -0.057820
v -0.265369 0.005469 -0.057820
v -0.250421 0.005914 0.016048
v -0.250421 0.005914 0.016048
v -0.248366 0.005975 -0.030010
v -0.248738 0.005964 -0.047324
v -0.248738 0.005964 -0.047324
v -0.248738 0.005964 -0.047324
v -0.253892 0.005810 0.015415
v -0.253892 0.005810 0.015415
v -0.257487 0.005704 -0.032172
v -0.255853 0.005752 -0.048636
v -0.255853 0.005752 -0.048636
v -0.255853 0.005752 -0.048636
v -0.188823 0.007745 -0.017688
v -0.188823 0.007745 -0.017688
v -0.188823 0.007745 -0.017688
v -0.156168 0.008716 -0.098664
v -0.156168 0.008716 -0.098664
v -0.156168 0.008716 -0.098664
v -0.140769 0.009174 -0.064907
v -0.140769 0.009174 -0.064907
v -0.140769 0.009174 -0.064907
v -0.140002 0.009197 -0.083839
v -0.140002 0.009197 -0.083839
v -0.140002 0.009197 -0.083839
v -0.402230 0.001400 -0.020716
v -0.402230 0.001400 -0.020716
v -0.402230 0.001400 -0.020716
v -0.369545 0.002372 -0.020720
v -0.369545 0.002372 -0.020720
v -0.369545 0.002372 -0.020720
v -0.374956 0.002211 -0.049257
v -0.374956 0.002211 -0.049257
v -0.374956 0.002211 -0.049257
v -0.340513 0.003235 -0.049260
v -0.356851 0.002749 -0.033199
v -0.356851 0.002749 -0.033199
v -0.356851 0.002749 -0.033199
v -0.390305 0.001754 -0.033195
v -0.390305 0.001754 -0.033195
v -0.346534 0.003056 -0.043341
v -0.380613 0.002043 -0.043337
v -0.380613 0.002043 -0.043337
v -0.316992 0.003934 -0.043341
v -0.316992 0.003934 -0.043341
v -0.327309 0.003628 -0.033199
v -0.327309 0.003628 -0.033199
v -0.327309 0.003628 -0.033199
v -0.310970 0.004113 -0.049260
v -0.310970 0.004113 -0.049260
v -0.310970 0.004113 -0.049260
v -0.374958 0.002211 -0.090195
v -0.374958 0.002211 -0.090195
v -0.374958 0.002211 -0.090195
v -0.359506 0.002670 -0.105446
v -0.359506 0.002670 -0.105446
v -0.359506 0.002670 -0.105446
v -0.299835 0.004444 -0.093600
v -0.299835 0.004444 -0.093600
v -0.299835 0.004444 -0.093600
v -0.348789 0.002989 -0.105360
v -0.348789 0.002989 -0.105360
v -0.348789 0.002989 -0.105360
v -0.299669 0.004449 -0.105477
v -0.299669 0.004449 -0.105477
v -0.299669 0.004449 -0.105477
v -0.279951 0.005036 -0.071959
v -0.279951 0.005036 -0.071959
v -0.279951 0.005036 -0.071959
v -0.298471 0.004485 -0.060880
v -0.298471 0.004485 -0.060880
v -0.298471 0.004485 -0.060880
v -0.268477 0.005377 -0.071895
v -0.268477 0.005377 -0.071895
v -0.268477 0.005377 -0.071895
v -0.268514 0.005376 -0.060981
v -0.268514 0.005376 -0.060981
v -0.268514 0.005376 -0.060981
v -0.454771 -0.039353 -0.027447
v -0.409031 -0.037993 -0.027431
v -0.455067 -0.039361 -0.020541
v -0.409327 -0.038001 -0.020525
v -0.409325 -0.038001 -0.024027
v -0.455065 -0.039361 -0.024043
v -0.404849 -0.037868 -0.020523
v -0.404847 -0.037868 -0.024025
v -0.273095 -0.033951 0.014783
v -0.273095 -0.033951 0.014783
v -0.228430 -0.032623 0.014779
v -0.228430 -0.032623 0.014779
v -0.309838 -0.035043 -0.041773
v -0.309838 -0.035043 -0.041773
v -0.309838 -0.035043 -0.041773
v -0.192477 -0.031554 -0.022106
v -0.192477 -0.031554 -0.022106
v -0.296433 -0.034645 -0.055806
v -0.296433 -0.034645 -0.055806
v -0.204885 -0.031923 -0.049248
v -0.204885 -0.031923 -0.049248
v -0.256199 -0.033448 0.014782
v -0.256199 -0.033448 0.014782
v -0.261803 -0.033615 -0.053326
v -0.261803 -0.033615 -0.053326
v -0.296303 -0.034641 -0.057627
v -0.296303 -0.034641 -0.057627
v -0.264205 -0.033686 -0.057820
v -0.264205 -0.033686 -0.057820
v -0.242314 -0.033035 0.017314
v -0.242314 -0.033035 0.017314
v -0.233344 -0.032769 -0.048754
v -0.233344 -0.032769 -0.048754
v -0.249257 -0.033242 0.016048
v -0.247574 -0.033192 -0.047324
v -0.247574 -0.033192 -0.047324
v -0.252728 -0.033345 0.015415
v -0.254688 -0.033403 -0.048636
v -0.254688 -0.033403 -0.048636
v -0.187658 -0.031410 -0.017688
v -0.187658 -0.031410 -0.017688
v -0.155004 -0.030439 -0.098664
v -0.155004 -0.030439 -0.098664
v -0.139605 -0.029981 -0.064907
v -0.139605 -0.029981 -0.064907
v -0.138838 -0.029959 -0.083839
v -0.138838 -0.029959 -0.083839
v -0.401066 -0.037756 -0.020716
v -0.401066 -0.037756 -0.020716
v -0.368381 -0.036784 -0.020720
v -0.368381 -0.036784 -0.020720
v -0.373792 -0.036945 -0.049257
v -0.373792 -0.036945 -0.049257
v -0.355687 -0.036406 -0.033199
v -0.355687 -0.036406 -0.033199
v -0.389141 -0.037401 -0.033195
v -0.309806 -0.035042 -0.049260
v -0.309806 -0.035042 -0.049260
v -0.309806 -0.035042 -0.049260
v -0.326144 -0.035528 -0.033199
v -0.326144 -0.035528 -0.033199
v -0.326144 -0.035528 -0.033199
v -0.379449 -0.037113 -0.043337
v -0.315828 -0.035221 -0.043341
v -0.315828 -0.035221 -0.043341
v -0.326166 -0.035529 -0.030953
v -0.308445 -0.035002 -0.031057
v -0.373794 -0.036945 -0.090195
v -0.373794 -0.036945 -0.090195
v -0.358342 -0.036485 -0.105446
v -0.358342 -0.036485 -0.105446
v -0.298671 -0.034711 -0.093600
v -0.298671 -0.034711 -0.093600
v -0.347625 -0.036167 -0.105360
v -0.347625 -0.036167 -0.105360
v -0.298505 -0.034706 -0.105478
v -0.298505 -0.034706 -0.105478
v -0.297307 -0.034671 -0.060880
v -0.297307 -0.034671 -0.060880
v -0.278787 -0.034120 -0.071959
v -0.278787 -0.034120 -0.071959
v -0.267349 -0.033780 -0.060981
v -0.267349 -0.033780 -0.060981
v -0.267313 -0.033779 -0.071895
v -0.267313 -0.033779 -0.071895
v 0.009043 -0.025562 0.007345
v 0.009193 -0.025557 -0.017550
v 0.496435 -0.011070 0.007808
v 0.498044 -0.011022 -0.017086
v 0.507136 -0.010751 0.007873
v 0.507286 -0.010747 -0.007780
v 0.557145 -0.009264 0.063335
v 0.557145 -0.009264 0.063335
v 0.557095 -0.009266 -0.070863
v 0.557095 -0.009266 -0.070863
v 0.588506 -0.008332 0.063324
v 0.588506 -0.008332 0.063324
v 0.588506 -0.008332 0.063324
v 0.588456 -0.008333 -0.070874
v 0.588456 -0.008333 -0.070874
v 0.588456 -0.008333 -0.070874
v -0.242174 -0.037769 0.017314
v -0.242174 -0.037769 0.017314
v -0.242174 -0.037769 0.017314
v -0.228289 -0.037357 0.014779
v -0.228289 -0.037357 0.014779
v -0.228289 -0.037357 0.014779
v -0.228819 -0.037372 -0.025686
v -0.192336 -0.036288 -0.022106
v -0.192336 -0.036288 -0.022106
v -0.192336 -0.036288 -0.022106
v -0.309697 -0.039777 -0.041773
v -0.309697 -0.039777 -0.041773
v -0.309697 -0.039777 -0.041773
v -0.272954 -0.038685 0.014783
v -0.272954 -0.038685 0.014783
v -0.272954 -0.038685 0.014783
v -0.233203 -0.037503 -0.048754
v -0.233203 -0.037503 -0.048754
v -0.233203 -0.037503 -0.048754
v -0.204744 -0.036656 -0.049248
v -0.204744 -0.036656 -0.049248
v -0.204744 -0.036656 -0.049248
v -0.296292 -0.039379 -0.055806
v -0.296292 -0.039379 -0.055806
v -0.296292 -0.039379 -0.055806
v -0.256058 -0.038182 0.014782
v -0.256058 -0.038182 0.014782
v -0.256058 -0.038182 0.014782
v -0.265303 -0.038457 -0.034333
v -0.261662 -0.038349 -0.053326
v -0.261662 -0.038349 -0.053326
v -0.261662 -0.038349 -0.053326
v -0.296162 -0.039375 -0.057627
v -0.296162 -0.039375 -0.057627
v -0.296162 -0.039375 -0.057627
v -0.264064 -0.038420 -0.057820
v -0.264064 -0.038420 -0.057820
v -0.264064 -0.038420 -0.057820
v -0.249116 -0.037976 0.016048
v -0.249116 -0.037976 0.016048
v -0.247061 -0.037915 -0.030010
v -0.247433 -0.037926 -0.047324
v -0.247433 -0.037926 -0.047324
v -0.247433 -0.037926 -0.047324
v -0.252587 -0.038079 0.015415
v -0.252587 -0.038079 0.015415
v -0.256182 -0.038186 -0.032172
v -0.254548 -0.038137 -0.048636
v -0.254548 -0.038137 -0.048636
v -0.254548 -0.038137 -0.048636
v -0.187518 -0.036144 -0.017688
v -0.187518 -0.036144 -0.017688
v -0.187518 -0.036144 -0.017688
v -0.154863 -0.035173 -0.098664
v -0.154863 -0.035173 -0.098664
v -0.154863 -0.035173 -0.098664
v -0.139464 -0.034715 -0.064907
v -0.139464 -0.034715 -0.064907
v -0.139464 -0.034715 -0.064907
v -0.138697 -0.034693 -0.083839
v -0.138697 -0.034693 -0.083839
v -0.138697 -0.034693 -0.083839
v -0.400925 -0.042490 -0.020716
v -0.400925 -0.042490 -0.020716
v -0.400925 -0.042490 -0.020716
v -0.368240 -0.041518 -0.020720
v -0.368240 -0.041518 -0.020720
v -0.368240 -0.041518 -0.020720
v -0.373651 -0.041679 -0.049257
v -0.373651 -0.041679 -0.049257
v -0.373651 -0.041679 -0.049257
v -0.339208 -0.040655 -0.049260
v -0.355546 -0.041140 -0.033199
v -0.355546 -0.041140 -0.033199
v -0.355546 -0.041140 -0.033199
v -0.389000 -0.042135 -0.033195
v -0.389000 -0.042135 -0.033195
v -0.345229 -0.040834 -0.043341
v -0.379308 -0.041847 -0.043337
v -0.379308 -0.041847 -0.043337
v -0.315687 -0.039955 -0.043341
v -0.315687 -0.039955 -0.043341
v -0.326004 -0.040262 -0.033199
v -0.326004 -0.040262 -0.033199
v -0.326004 -0.040262 -0.033199
v -0.309665 -0.039776 -0.049260
v -0.309665 -0.039776 -0.049260
v -0.309665 -0.039776 -0.049260
v -0.373653 -0.041679 -0.090195
v -0.373653 -0.041679 -0.090195
v -0.373653 -0.041679 -0.090195
v -0.358201 -0.041219 -0.105446
v -0.358201 -0.041219 -0.105446
v -0.358201 -0.041219 -0.105446
v -0.298530 -0.039445 -0.093600
v -0.298530 -0.039445 -0.093600
v -0.298530 -0.039445 -0.093600
v -0.347484 -0.040901 -0.105360
v -0.347484 -0.040901 -0.105360
v -0.347484 -0.040901 -0.105360
v -0.298364 -0.039440 -0.105478
v -0.298364 -0.039440 -0.105478
v -0.298364 -0.039440 -0.105478
v -0.278646 -0.038854 -0.071959
v -0.278646 -0.038854 -0.071959
v -0.278646 -0.038854 -0.071959
v -0.297166 -0.039405 -0.060880
v -0.297166 -0.039405 -0.060880
v -0.297166 -0.039405 -0.060880
v -0.267172 -0.038513 -0.071895
v -0.267172 -0.038513 -0.071895
v -0.267172 -0.038513 -0.071895
v -0.267209 -0.038514 -0.060981
v -0.267209 -0.038514 -0.060981
v -0.267209 -0.038514 -0.060981
v -0.570641 -0.008346 -0.101322
v -0.574873 -0.008472 -0.119995
v -0.544931 -0.007581 -0.150314
v -0.539686 -0.007425 -0.132249
v -0.538806 -0.007399 -0.150375
v -0.538423 -0.007388 -0.146902
v -0.258901 0.000923 -0.057501
v -0.233329 0.001684 -0.057452
v -0.241112 0.001452 -0.052748
v -0.250253 0.001181 -0.052798
v -0.262229 0.000824 -0.081019
v -0.228954 0.001814 -0.080969
v -0.225661 0.001912 -0.071562
v -0.265583 0.000725 -0.071612
v -0.230178 0.001777 -0.062155
v -0.262917 0.000804 -0.062205
v -0.258941 0.000922 -0.085723
v -0.232211 0.001717 -0.085673
v -0.250132 0.001184 -0.090426
v -0.240990 0.001456 -0.090377
v -0.189942 0.002974 -0.134662
v -0.185098 0.003118 -0.162436
v -0.189701 0.002981 -0.157511
v -0.189905 0.002975 -0.141155
v -0.068185 0.006594 -0.140314
v -0.054141 0.007012 -0.125859
v -0.038165 0.007487 -0.120305
v -0.079782 0.006249 -0.162064
v -0.101964 0.005590 -0.105967
v -0.092140 0.005882 -0.096297
v -0.080273 0.006235 -0.096708
v -0.048082 0.007192 -0.120716
v -0.037871 0.007495 -0.110862
v -0.083675 0.006134 -0.162443
v -0.088533 0.005989 -0.162778
v -0.338954 -0.018683 -0.166937
v -0.339465 -0.001472 -0.166937
v -0.334344 -0.001320 -0.173035
v -0.333833 -0.018531 -0.173035
v -0.184438 0.003137 -0.166528
v -0.101673 0.005598 -0.166309
v -0.096552 0.005751 -0.172407
v -0.179317 0.003290 -0.172626
v -0.339465 -0.001472 -0.166937
v -0.191366 0.002931 -0.166546
v -0.186245 0.003084 -0.172644
v -0.334344 -0.001320 -0.173035
v -0.191377 0.002931 -0.161977
v -0.188316 0.003022 -0.162053
v -0.092176 0.005881 -0.177004
v -0.092164 0.005881 -0.181387
v -0.091652 -0.011330 -0.181387
v -0.091664 -0.011330 -0.177004
v -0.174941 0.003420 -0.177222
v -0.092176 0.005881 -0.177004
v -0.092164 0.005881 -0.181387
v -0.174929 0.003420 -0.181606
v -0.181869 0.003214 -0.177240
v -0.181857 0.003214 -0.181624
v -0.313195 -0.000691 -0.177631
v -0.309099 -0.000569 -0.182015
v -0.173957 0.003449 -0.188902
v -0.033986 0.007611 -0.189035
v -0.034026 0.008977 -0.189035
v -0.173997 0.004816 -0.188902
v -0.061442 0.006795 -0.207393
v -0.163890 0.003748 -0.207752
v -0.163930 0.005115 -0.207752
v -0.061483 0.008161 -0.207393
v -0.033986 0.007611 -0.189035
v -0.061442 0.006795 -0.207393
v -0.061483 0.008161 -0.207393
v -0.034026 0.008977 -0.189035
v 0.046706 0.010010 -0.086006
v 0.051176 0.010143 -0.089765
v 0.035542 0.009678 -0.104279
v 0.033026 0.009604 -0.098956
v 0.046254 0.009997 -0.030211
v 0.050837 0.010133 -0.030170
v 0.035288 0.009671 -0.105807
v 0.032928 0.009601 -0.101563
v -0.034970 0.007582 -0.101563
v -0.032609 0.007652 -0.105807
v -0.032177 0.007665 -0.118491
v -0.034970 0.007582 -0.116172
v -0.013345 0.008225 -0.101563
v -0.010984 0.008295 -0.105807
v -0.034466 0.007597 -0.130193
v -0.040472 0.007418 -0.130151
v -0.040389 0.007421 -0.127951
v 0.007609 0.008848 0.099619
v -0.008860 0.008358 0.116497
v -0.009236 0.020993 0.116497
v 0.007233 0.021483 0.099619
v 0.432422 0.021479 -0.149580
v 0.428962 0.021376 -0.149435
v 0.428586 0.034011 -0.149435
v 0.432047 0.034114 -0.149580
v 0.553522 0.025080 0.031353
v 0.543350 0.024777 0.031177
v 0.542974 0.037412 0.031177
v 0.553146 0.037715 0.031353
v 0.535780 0.024552 -0.093903
v 0.511344 0.023826 -0.093903
v 0.510968 0.036461 -0.093903
v 0.535404 0.037187 -0.093903
v -0.008858 0.008358 0.129874
v 0.462962 0.022387 0.129806
v 0.462587 0.035022 0.129806
v -0.009234 0.020993 0.129874
v 0.457105 0.022213 -0.150617
v 0.450978 0.022031 -0.150360
v 0.450603 0.034666 -0.150360
v 0.456730 0.034848 -0.150617
v 0.543226 0.024774 0.036883
v 0.499718 0.023480 0.078762
v 0.499343 0.036115 0.078762
v 0.542851 0.037409 0.036883
v 0.540324 0.024687 -0.093792
v 0.539655 0.024668 -0.097645
v 0.539279 0.037303 -0.097645
v 0.539948 0.037323 -0.093792
v 0.470476 0.022611 -0.110254
v 0.474146 0.022720 -0.107538
v 0.473770 0.035355 -0.107538
v 0.470101 0.035246 -0.110254
v 0.489358 0.023172 0.102603
v 0.510140 0.023790 0.082586
v 0.509765 0.036425 0.082586
v 0.488982 0.035807 0.102603
v 0.011723 0.008970 -0.151793
v 0.007703 0.008851 -0.151816
v 0.007327 0.021486 -0.151816
v 0.011347 0.021605 -0.151793
v 0.038325 0.009761 -0.109743
v 0.040326 0.009821 -0.108199
v 0.039951 0.022456 -0.108199
v 0.037949 0.022396 -0.109743
v 0.511344 0.023826 -0.093903
v 0.511960 0.023844 -0.097149
v 0.511584 0.036479 -0.097149
v 0.510968 0.036461 -0.093903
v 0.500334 0.023498 -0.084107
v 0.541921 0.024735 -0.039232
v 0.541546 0.037370 -0.039232
v 0.499958 0.036133 -0.084107
v 0.040326 0.009821 -0.108199
v 0.469183 0.022572 -0.107718
v 0.468807 0.035207 -0.107718
v 0.039951 0.022456 -0.108199
v 0.435712 0.021577 -0.149718
v 0.435336 0.034212 -0.149718
v 0.443345 0.021804 -0.150039
v 0.442969 0.034439 -0.150039
v 0.476389 0.022786 -0.131131
v 0.469590 0.022584 -0.138068
v 0.469214 0.035219 -0.138068
v 0.476014 0.035421 -0.131131
v -0.010843 0.008299 -0.109984
v 0.038325 0.009761 -0.109743
v 0.037949 0.022396 -0.109743
v -0.011218 0.020934 -0.109984
v 0.428962 0.021376 -0.149435
v 0.428586 0.034011 -0.149435
v 0.478923 0.022862 0.098779
v 0.478547 0.035497 0.098779
v 0.511960 0.023844 -0.097149
v 0.501106 0.023521 -0.107069
v 0.500730 0.036156 -0.107069
v 0.511584 0.036479 -0.097149
v 0.501106 0.023521 -0.107069
v 0.476389 0.022786 -0.131131
v 0.476014 0.035421 -0.131131
v 0.500730 0.036156 -0.107069
v 0.474146 0.022720 -0.107538
v 0.500334 0.023498 -0.084107
v 0.499958 0.036133 -0.084107
v 0.473770 0.035355 -0.107538
v -0.033139 0.007636 -0.132906
v -0.010843 0.008299 -0.109984
v -0.011218 0.020934 -0.109984
v -0.033515 0.020271 -0.132906
v 0.469590 0.022584 -0.138068
v 0.457105 0.022213 -0.150617
v 0.456730 0.034848 -0.150617
v 0.469214 0.035219 -0.138068
v 0.537036 0.024590 -0.097696
v 0.535780 0.024552 -0.093903
v 0.535404 0.037187 -0.093903
v 0.536661 0.037225 -0.097696
v 0.553414 0.025077 -0.039232
v 0.552716 0.025056 -0.082445
v 0.552340 0.037691 -0.082445
v 0.553038 0.037712 -0.039232
v 0.469183 0.022572 -0.107718
v 0.470476 0.022611 -0.110254
v 0.470101 0.035246 -0.110254
v 0.468807 0.035207 -0.107718
v 0.478923 0.022862 0.098779
v 0.007609 0.008848 0.099619
v 0.007233 0.021483 0.099619
v 0.478547 0.035497 0.098779
v 0.007703 0.008851 -0.151816
v -0.040319 0.007423 -0.152100
v -0.040695 0.020058 -0.152100
v 0.007327 0.021486 -0.151816
v 0.462962 0.022387 0.129806
v 0.489358 0.023172 0.102603
v 0.488982 0.035807 0.102603
v 0.462587 0.035022 0.129806
v 0.553621 0.025083 0.040707
v 0.553522 0.025080 0.031353
v 0.553146 0.037715 0.031353
v 0.553245 0.037718 0.040707
v 0.007233 0.021483 0.099619
v 0.462587 0.035022 0.129806
v 0.488982 0.035807 0.102603
v 0.478547 0.035497 0.098779
v -0.009236 0.020993 0.116497
v -0.009234 0.020993 0.129874
v 0.499343 0.036115 0.078762
v 0.509765 0.036425 0.082586
v 0.553245 0.037718 0.040707
v 0.542851 0.037409 0.036883
v 0.553146 0.037715 0.031353
v 0.542974 0.037412 0.031177
v 0.478547 0.035497 0.098779
v 0.488982 0.035807 0.102603
v 0.007327 0.021486 -0.151816
v -0.040695 0.020058 -0.152100
v -0.045357 0.019919 -0.146274
v 0.004390 0.021398 -0.145314
v -0.033515 0.020271 -0.132906
v 0.015725 0.021735 -0.132593
v -0.011218 0.020934 -0.109984
v 0.037949 0.022396 -0.109743
v 0.450730 0.034670 -0.130108
v 0.447186 0.034564 -0.129965
v 0.468807 0.035207 -0.107718
v 0.470101 0.035246 -0.110254
v 0.443681 0.034460 -0.137364
v 0.440101 0.034354 -0.137265
v 0.432047 0.034114 -0.149580
v 0.428586 0.034011 -0.149435
v 0.435336 0.034212 -0.149718
v 0.447083 0.034561 -0.137458
v 0.454100 0.034770 -0.130244
v 0.473770 0.035355 -0.107538
v 0.461919 0.035002 -0.130561
v 0.483389 0.035641 -0.107371
v 0.454980 0.034796 -0.137675
v 0.442969 0.034439 -0.150039
v 0.019842 0.021858 -0.132568
v 0.039951 0.022456 -0.108199
v 0.008548 0.021522 -0.145237
v 0.011347 0.021605 -0.151793
v 0.499958 0.036133 -0.084107
v 0.504106 0.036257 -0.088761
v 0.541546 0.037370 -0.039232
v 0.530635 0.037046 -0.058739
v 0.553038 0.037712 -0.039232
v 0.546746 0.037525 -0.058739
v 0.552340 0.037691 -0.082445
v 0.539948 0.037323 -0.093792
v 0.535404 0.037187 -0.093903
v 0.540455 0.037338 -0.078246
v 0.539279 0.037303 -0.097645
v 0.536661 0.037225 -0.097696
v 0.510968 0.036461 -0.093903
v 0.519725 0.036721 -0.078246
v 0.511584 0.036479 -0.097149
v 0.508254 0.036380 -0.093414
v 0.500730 0.036156 -0.107069
v 0.493009 0.035927 -0.107203
v 0.456730 0.034848 -0.150617
v 0.450603 0.034666 -0.150360
v 0.462876 0.035031 -0.137893
v 0.469214 0.035219 -0.138068
v 0.469738 0.035235 -0.130877
v 0.476014 0.035421 -0.131131
v 0.541921 0.024735 -0.039232
v 0.553414 0.025077 -0.039232
v 0.553038 0.037712 -0.039232
v 0.541546 0.037370 -0.039232
v 0.539655 0.024668 -0.097645
v 0.537036 0.024590 -0.097696
v 0.536661 0.037225 -0.097696
v 0.539279 0.037303 -0.097645
v 0.543350 0.024777 0.031177
v 0.543226 0.024774 0.036883
v 0.542851 0.037409 0.036883
v 0.542974 0.037412 0.031177
v 0.552716 0.025056 -0.082445
v 0.540324 0.024687 -0.093792
v 0.539948 0.037323 -0.093792
v 0.552340 0.037691 -0.082445
v -0.173997 0.004816 -0.188902
v -0.034026 0.008977 -0.189035
v -0.061483 0.008161 -0.207393
v -0.163930 0.005115 -0.207752
v -0.180925 0.004610 -0.188920
v -0.168298 0.004985 -0.207770
v -0.308897 0.000805 -0.189311
v -0.263308 0.002160 -0.208161
v -0.263268 0.000794 -0.208161
v -0.308856 -0.000562 -0.189311
v -0.308897 0.000805 -0.189311
v -0.263308 0.002160 -0.208161
v -0.308856 -0.000562 -0.189311
v -0.180885 0.003243 -0.188920
v -0.180925 0.004610 -0.188920
v -0.308897 0.000805 -0.189311
v -0.168257 0.003619 -0.207770
v -0.263268 0.000794 -0.208161
v -0.263308 0.002160 -0.208161
v -0.168298 0.004985 -0.207770
v -0.163890 0.003748 -0.207752
v -0.163930 0.005115 -0.207752
v -0.180885 0.003243 -0.188920
v -0.173957 0.003449 -0.188902
v -0.173997 0.004816 -0.188902
v -0.180925 0.004610 -0.188920
v -0.033474 -0.009600 -0.189035
v -0.033986 0.007611 -0.189035
v -0.028726 -0.007449 -0.192057
v -0.028832 -0.009653 -0.192070
v -0.028726 -0.007449 -0.192057
v -0.033986 0.007611 -0.189035
v -0.033468 -0.009791 -0.189035
v -0.033474 -0.009600 -0.189035
v -0.569618 -0.042767 -0.101322
v -0.538663 -0.041847 -0.132249
v -0.543908 -0.042003 -0.150314
v -0.573850 -0.042893 -0.119995
v -0.537400 -0.041809 -0.146902
v -0.537783 -0.041821 -0.150375
v -0.257877 -0.033498 -0.057501
v -0.249230 -0.033241 -0.052798
v -0.240088 -0.032969 -0.052748
v -0.232306 -0.032738 -0.057452
v -0.261205 -0.033597 -0.081019
v -0.264559 -0.033697 -0.071612
v -0.224637 -0.032510 -0.071562
v -0.227930 -0.032608 -0.080969
v -0.261894 -0.033618 -0.062205
v -0.229155 -0.032644 -0.062155
v -0.257917 -0.033499 -0.085723
v -0.231188 -0.032705 -0.085673
v -0.249108 -0.033237 -0.090426
v -0.239967 -0.032966 -0.090377
v -0.188919 -0.031448 -0.134662
v -0.188881 -0.031447 -0.141155
v -0.188677 -0.031441 -0.157511
v -0.184074 -0.031304 -0.162436
v -0.067161 -0.027827 -0.140314
v -0.078759 -0.028172 -0.162064
v -0.037141 -0.026935 -0.120305
v -0.053117 -0.027410 -0.125859
v -0.100941 -0.028832 -0.105967
v -0.091117 -0.028540 -0.096297
v -0.079249 -0.028187 -0.096708
v -0.036847 -0.026926 -0.110862
v -0.047059 -0.027230 -0.120716
v -0.087510 -0.028432 -0.162778
v -0.082652 -0.028288 -0.162443
v -0.333321 -0.035741 -0.173035
v -0.338442 -0.035894 -0.166937
v -0.183414 -0.031284 -0.166528
v -0.178293 -0.031132 -0.172626
v -0.095528 -0.028671 -0.172407
v -0.100649 -0.028823 -0.166309
v -0.338442 -0.035894 -0.166937
v -0.333321 -0.035741 -0.173035
v -0.185221 -0.031338 -0.172644
v -0.190342 -0.031490 -0.166546
v -0.187293 -0.031399 -0.162053
v -0.190354 -0.031490 -0.161977
v -0.091152 -0.028541 -0.177004
v -0.091140 -0.028540 -0.181387
v -0.173917 -0.031002 -0.177222
v -0.173905 -0.031001 -0.181606
v -0.091140 -0.028540 -0.181387
v -0.091152 -0.028541 -0.177004
v -0.180846 -0.031208 -0.177240
v -0.180834 -0.031207 -0.181624
v -0.312172 -0.035113 -0.177631
v -0.308076 -0.034991 -0.182015
v -0.172933 -0.030972 -0.188902
v -0.172892 -0.032339 -0.188902
v -0.032922 -0.028177 -0.189035
v -0.032962 -0.026811 -0.189035
v -0.060419 -0.027627 -0.207393
v -0.060378 -0.028993 -0.207393
v -0.162826 -0.032040 -0.207752
v -0.162866 -0.030673 -0.207752
v -0.032962 -0.026811 -0.189035
v -0.032922 -0.028177 -0.189035
v -0.060378 -0.028993 -0.207393
v -0.060419 -0.027627 -0.207393
v 0.047729 -0.024411 -0.086006
v 0.034049 -0.024818 -0.098956
v 0.036566 -0.024743 -0.104279
v 0.052200 -0.024278 -0.089765
v 0.047277 -0.024425 -0.030211
v 0.051860 -0.024288 -0.030170
v 0.033951 -0.024821 -0.101563
v 0.036312 -0.024751 -0.105807
v -0.033946 -0.026840 -0.101563
v -0.033946 -0.026840 -0.116172
v -0.031154 -0.026757 -0.118491
v -0.031586 -0.026770 -0.105807
v -0.012321 -0.026197 -0.101563
v -0.009961 -0.026127 -0.105807
v -0.033442 -0.026825 -0.130193
v -0.039365 -0.027001 -0.127951
v -0.039449 -0.027003 -0.130151
v 0.008632 -0.025574 0.099619
v 0.009008 -0.038209 0.099619
v -0.007461 -0.038699 0.116497
v -0.007837 -0.026064 0.116497
v 0.433446 -0.012942 -0.149580
v 0.433821 -0.025578 -0.149580
v 0.430361 -0.025680 -0.149435
v 0.429985 -0.013045 -0.149435
v 0.554545 -0.009342 0.031353
v 0.554921 -0.021977 0.031353
v 0.544749 -0.022279 0.031177
v 0.544374 -0.009644 0.031177
v 0.536804 -0.009869 -0.093903
v 0.537179 -0.022504 -0.093903
v 0.512743 -0.023231 -0.093903
v 0.512367 -0.010596 -0.093903
v -0.007835 -0.026063 0.129874
v -0.007459 -0.038699 0.129874
v 0.464361 -0.024670 0.129806
v 0.463986 -0.012034 0.129806
v 0.458129 -0.012209 -0.150617
v 0.458504 -0.024844 -0.150617
v 0.452377 -0.025026 -0.150360
v 0.452002 -0.012391 -0.150360
v 0.544250 -0.009648 0.036883
v 0.544625 -0.022283 0.036883
v 0.501117 -0.023577 0.078762
v 0.500742 -0.010942 0.078762
v 0.541347 -0.009734 -0.093792
v 0.541723 -0.022369 -0.093792
v 0.541054 -0.022389 -0.097645
v 0.540678 -0.009754 -0.097645
v 0.471500 -0.011811 -0.110254
v 0.471875 -0.024446 -0.110254
v 0.475545 -0.024337 -0.107538
v 0.475169 -0.011702 -0.107538
v 0.490381 -0.011250 0.102603
v 0.490757 -0.023885 0.102603
v 0.511540 -0.023267 0.082586
v 0.511164 -0.010632 0.082586
v 0.012747 -0.025451 -0.151793
v 0.013122 -0.038087 -0.151793
v 0.009102 -0.038206 -0.151816
v 0.008727 -0.025571 -0.151816
v 0.039349 -0.024661 -0.109743
v 0.039724 -0.037296 -0.109743
v 0.041726 -0.037236 -0.108199
v 0.041350 -0.024601 -0.108199
v 0.512367 -0.010596 -0.093903
v 0.512743 -0.023231 -0.093903
v 0.513359 -0.023213 -0.097149
v 0.512983 -0.010578 -0.097149
v 0.501357 -0.010923 -0.084107
v 0.501733 -0.023558 -0.084107
v 0.543321 -0.022322 -0.039232
v 0.542945 -0.009687 -0.039232
v 0.041350 -0.024601 -0.108199
v 0.041726 -0.037236 -0.108199
v 0.470582 -0.024485 -0.107718
v 0.470206 -0.011849 -0.107718
v 0.436735 -0.012845 -0.149718
v 0.437111 -0.025480 -0.149718
v 0.444368 -0.012618 -0.150039
v 0.444744 -0.025253 -0.150039
v 0.477413 -0.011635 -0.131131
v 0.477789 -0.024270 -0.131131
v 0.470989 -0.024472 -0.138068
v 0.470614 -0.011837 -0.138068
v -0.009819 -0.026122 -0.109984
v -0.009443 -0.038758 -0.109984
v 0.039724 -0.037296 -0.109743
v 0.039349 -0.024661 -0.109743
v 0.429985 -0.013045 -0.149435
v 0.430361 -0.025680 -0.149435
v 0.480322 -0.024195 0.098779
v 0.479946 -0.011560 0.098779
v 0.512983 -0.010578 -0.097149
v 0.513359 -0.023213 -0.097149
v 0.502505 -0.023535 -0.107069
v 0.502129 -0.010900 -0.107069
v 0.502129 -0.010900 -0.107069
v 0.502505 -0.023535 -0.107069
v 0.477789 -0.024270 -0.131131
v 0.477413 -0.011635 -0.131131
v 0.475169 -0.011702 -0.107538
v 0.475545 -0.024337 -0.107538
v 0.501733 -0.023558 -0.084107
v 0.501357 -0.010923 -0.084107
v -0.032116 -0.026785 -0.132906
v -0.031740 -0.039420 -0.132906
v -0.009443 -0.038758 -0.109984
v -0.009819 -0.026122 -0.109984
v 0.470614 -0.011837 -0.138068
v 0.470989 -0.024472 -0.138068
v 0.458504 -0.024844 -0.150617
v 0.458129 -0.012209 -0.150617
v 0.538060 -0.009832 -0.097696
v 0.538436 -0.022467 -0.097696
v 0.537179 -0.022504 -0.093903
v 0.536804 -0.009869 -0.093903
v 0.554437 -0.009345 -0.039232
v 0.554813 -0.021980 -0.039232
v 0.554115 -0.022001 -0.082445
v 0.553739 -0.009366 -0.082445
v 0.470206 -0.011849 -0.107718
v 0.470582 -0.024485 -0.107718
v 0.471875 -0.024446 -0.110254
v 0.471500 -0.011811 -0.110254
v 0.479946 -0.011560 0.098779
v 0.480322 -0.024195 0.098779
v 0.009008 -0.038209 0.099619
v 0.008632 -0.025574 0.099619
v 0.008727 -0.025571 -0.151816
v 0.009102 -0.038206 -0.151816
v -0.038920 -0.039634 -0.152100
v -0.039296 -0.026999 -0.152100
v 0.463986 -0.012034 0.129806
v 0.464361 -0.024670 0.129806
v 0.490757 -0.023885 0.102603
v 0.490381 -0.011250 0.102603
v 0.554644 -0.009339 0.040707
v 0.555020 -0.021974 0.040707
v 0.554921 -0.021977 0.031353
v 0.554545 -0.009342 0.031353
v 0.009008 -0.038209 0.099619
v 0.480322 -0.024195 0.098779
v 0.490757 -0.023885 0.102603
v 0.464361 -0.024670 0.129806
v -0.007461 -0.038699 0.116497
v -0.007459 -0.038699 0.129874
v 0.501117 -0.023577 0.078762
v 0.544625 -0.022283 0.036883
v 0.555020 -0.021974 0.040707
v 0.511540 -0.023267 0.082586
v 0.544749 -0.022279 0.031177
v 0.554921 -0.021977 0.031353
v 0.480322 -0.024195 0.098779
v 0.490757 -0.023885 0.102603
v 0.009102 -0.038206 -0.151816
v 0.006165 -0.038293 -0.145314
v -0.043582 -0.039773 -0.146274
v -0.038920 -0.039634 -0.152100
v 0.017500 -0.037956 -0.132593
v -0.031740 -0.039420 -0.132906
v 0.039724 -0.037296 -0.109743
v -0.009443 -0.038758 -0.109984
v 0.452505 -0.025022 -0.130108
v 0.471875 -0.024446 -0.110254
v 0.470582 -0.024485 -0.107718
v 0.448960 -0.025127 -0.129965
v 0.445455 -0.025232 -0.137364
v 0.441876 -0.025338 -0.137265
v 0.433821 -0.025578 -0.149580
v 0.430361 -0.025680 -0.149435
v 0.437111 -0.025480 -0.149718
v 0.448858 -0.025130 -0.137458
v 0.455874 -0.024922 -0.130244
v 0.475545 -0.024337 -0.107538
v 0.463693 -0.024689 -0.130561
v 0.485164 -0.024051 -0.107371
v 0.456755 -0.024896 -0.137675
v 0.444744 -0.025253 -0.150039
v 0.021617 -0.037834 -0.132568
v 0.041726 -0.037236 -0.108199
v 0.010323 -0.038170 -0.145237
v 0.013122 -0.038087 -0.151793
v 0.505881 -0.023435 -0.088761
v 0.501733 -0.023558 -0.084107
v 0.532410 -0.022646 -0.058739
v 0.543321 -0.022322 -0.039232
v 0.548521 -0.022167 -0.058739
v 0.554813 -0.021980 -0.039232
v 0.541723 -0.022369 -0.093792
v 0.554115 -0.022001 -0.082445
v 0.537179 -0.022504 -0.093903
v 0.538436 -0.022467 -0.097696
v 0.541054 -0.022389 -0.097645
v 0.542229 -0.022354 -0.078246
v 0.512743 -0.023231 -0.093903
v 0.521500 -0.022971 -0.078246
v 0.513359 -0.023213 -0.097149
v 0.510029 -0.023312 -0.093414
v 0.502505 -0.023535 -0.107069
v 0.494784 -0.023765 -0.107203
v 0.458504 -0.024844 -0.150617
v 0.470989 -0.024472 -0.138068
v 0.464651 -0.024661 -0.137893
v 0.452377 -0.025026 -0.150360
v 0.477789 -0.024270 -0.131131
v 0.471512 -0.024457 -0.130877
v 0.542945 -0.009687 -0.039232
v 0.543321 -0.022322 -0.039232
v 0.554813 -0.021980 -0.039232
v 0.554437 -0.009345 -0.039232
v 0.540678 -0.009754 -0.097645
v 0.541054 -0.022389 -0.097645
v 0.538436 -0.022467 -0.097696
v 0.538060 -0.009832 -0.097696
v 0.544374 -0.009644 0.031177
v 0.544749 -0.022279 0.031177
v 0.544625 -0.022283 0.036883
v 0.544250 -0.009648 0.036883
v 0.553739 -0.009366 -0.082445
v 0.554115 -0.022001 -0.082445
v 0.541723 -0.022369 -0.093792
v 0.541347 -0.009734 -0.093792
v -0.172892 -0.032339 -0.188902
v -0.162826 -0.032040 -0.207752
v -0.060378 -0.028993 -0.207393
v -0.032922 -0.028177 -0.189035
v -0.179821 -0.032545 -0.188920
v -0.167193 -0.032169 -0.207770
v -0.307792 -0.036350 -0.189311
v -0.262204 -0.034994 -0.208161
v -0.262244 -0.033628 -0.208161
v -0.262204 -0.034994 -0.208161
v -0.307792 -0.036350 -0.189311
v -0.307833 -0.034983 -0.189311
v -0.307833 -0.034983 -0.189311
v -0.307792 -0.036350 -0.189311
v -0.179821 -0.032545 -0.188920
v -0.179861 -0.031178 -0.188920
v -0.167234 -0.030803 -0.207770
v -0.167193 -0.032169 -0.207770
v -0.262204 -0.034994 -0.208161
v -0.262244 -0.033628 -0.208161
v -0.162866 -0.030673 -0.207752
v -0.162826 -0.032040 -0.207752
v -0.179861 -0.031178 -0.188920
v -0.179821 -0.032545 -0.188920
v -0.172892 -0.032339 -0.188902
v -0.172933 -0.030972 -0.188902
v -0.028607 -0.011464 -0.192057
v -0.032962 -0.026811 -0.189035
v -0.032962 -0.026811 -0.189035
v -0.028607 -0.011464 -0.192057
v -0.028843 -0.009271 -0.192070
v -0.033474 -0.009600 -0.189035
v 0.514229 0.051131 0.009890
v 0.514229 0.051131 0.009890
v 0.514229 0.051131 0.009890
v 0.526524 0.051497 0.033135
v 0.526524 0.051497 0.033135
v 0.526524 0.051497 0.033135
v 0.502687 0.050788 0.019373
v 0.502687 0.050788 0.019373
v 0.502687 0.050788 0.019373
v 0.053361 0.037428 0.020264
v 0.053361 0.037428 0.020264
v 0.053361 0.037428 0.020264
v 0.468661 0.049776 0.019441
v 0.468661 0.049776 0.019441
v 0.053496 0.037432 0.088543
v 0.053496 0.037432 0.088543
v 0.053496 0.037432 0.088543
v 0.468796 0.049780 0.087720
v 0.468796 0.049780 0.087720
v 0.468796 0.049780 0.087720
v 0.045323 0.009969 0.020288
v 0.045434 0.009972 0.078563
v 0.049777 0.010102 0.020279
v 0.049887 0.010105 0.078554
v 0.045332 0.009969 0.024735
v 0.049785 0.010102 0.024726
v 0.052113 0.010171 0.078550
v 0.052011 0.010168 0.024722
v 0.036889 0.009718 0.085598
v 0.049901 0.010105 0.085589
v 0.052126 0.010171 0.085585
v 0.028806 0.009478 0.094745
v 0.041817 0.009865 0.094736
v 0.035710 0.009683 0.087668
v 0.048071 0.010051 0.087660
v -0.036188 0.007545 0.094745
v -0.036036 0.007550 0.087668
v 0.002499 0.008696 0.094745
v 0.006670 0.008820 0.087668
v -0.040123 0.007428 0.106548
v -0.000686 0.008601 0.098338
v -0.038137 0.007488 0.107253
v -0.008860 0.008358 0.110215
v -0.038025 0.007491 0.110158
v -0.017882 0.008090 0.110246
v 0.054305 0.010236 0.088543
v 0.054305 0.010236 0.088543
v 0.469604 0.022585 0.087720
v 0.469604 0.022585 0.087720
v 0.054170 0.010232 0.020264
v 0.054170 0.010232 0.020264
v 0.469469 0.022581 0.019441
v 0.527332 0.024301 0.033135
v 0.527332 0.024301 0.033135
v 0.503495 0.023592 0.019373
v 0.503495 0.023592 0.019373
v 0.528138 0.024325 -0.036337
v 0.528138 0.024325 -0.036337
v 0.515037 0.023936 0.009890
v 0.515037 0.023936 0.009890
v 0.499807 0.023483 -0.030562
v 0.499807 0.023483 -0.030562
v 0.515068 0.023936 -0.013722
v 0.515068 0.023936 -0.013722
v 0.470297 0.022605 -0.093945
v 0.470297 0.022605 -0.093945
v 0.054609 0.010245 -0.031589
v 0.054609 0.010245 -0.031589
v 0.049607 0.010097 -0.094418
v 0.049607 0.010097 -0.094418
v 0.054523 0.010243 -0.088297
v 0.054523 0.010243 -0.088297
v 0.469057 0.040991 0.087720
v 0.469057 0.040991 0.087720
v 0.053758 0.028643 0.088543
v 0.053758 0.028643 0.088543
v 0.468922 0.040987 0.019441
v 0.053622 0.028639 0.020264
v 0.053622 0.028639 0.020264
v 0.502948 0.041999 0.019373
v 0.502948 0.041999 0.019373
v 0.526785 0.042708 0.033135
v 0.526785 0.042708 0.033135
v 0.514490 0.042342 0.009890
v 0.514490 0.042342 0.009890
v 0.527590 0.042732 -0.036337
v 0.527590 0.042732 -0.036337
v 0.514521 0.042343 -0.013722
v 0.514521 0.042343 -0.013722
v 0.499260 0.041889 -0.030562
v 0.499260 0.041889 -0.030562
v 0.469750 0.041012 -0.093945
v 0.469750 0.041012 -0.093945
v 0.054062 0.028652 -0.031589
v 0.054062 0.028652 -0.031589
v 0.049060 0.028503 -0.094418
v 0.049060 0.028503 -0.094418
v 0.053976 0.028649 -0.088297
v 0.053976 0.028649 -0.088297
v 0.527329 0.051521 -0.036337
v 0.527329 0.051521 -0.036337
v 0.527329 0.051521 -0.036337
v 0.514259 0.051132 -0.013722
v 0.514259 0.051132 -0.013722
v 0.514259 0.051132 -0.013722
v 0.498999 0.050678 -0.030562
v 0.498999 0.050678 -0.030562
v 0.498999 0.050678 -0.030562
v 0.469488 0.049801 -0.093945
v 0.469488 0.049801 -0.093945
v 0.469488 0.049801 -0.093945
v 0.053800 0.037441 -0.031589
v 0.053800 0.037441 -0.031589
v 0.053800 0.037441 -0.031589
v 0.048798 0.037292 -0.094418
v 0.048798 0.037292 -0.094418
v 0.048798 0.037292 -0.094418
v 0.053715 0.037438 -0.088297
v 0.053715 0.037438 -0.088297
v 0.053715 0.037438 -0.088297
v 0.516869 -0.037682 0.009890
v 0.516869 -0.037682 0.009890
v 0.516869 -0.037682 0.009890
v 0.529164 -0.037316 0.033135
v 0.529164 -0.037316 0.033135
v 0.529164 -0.037316 0.033135
v 0.505327 -0.038025 0.019373
v 0.505327 -0.038025 0.019373
v 0.505327 -0.038025 0.019373
v 0.056002 -0.051385 0.020264
v 0.056002 -0.051385 0.020264
v 0.056002 -0.051385 0.020264
v 0.471301 -0.039037 0.019441
v 0.471301 -0.039037 0.019441
v 0.056137 -0.051381 0.088543
v 0.056137 -0.051381 0.088543
v 0.056137 -0.051381 0.088543
v 0.471436 -0.039033 0.087720
v 0.471436 -0.039033 0.087720
v 0.471436 -0.039033 0.087720
v 0.046347 -0.024452 0.020288
v 0.046457 -0.024449 0.078563
v 0.050800 -0.024320 0.020279
v 0.050911 -0.024317 0.078554
v 0.046355 -0.024452 0.024735
v 0.050809 -0.024320 0.024726
v 0.053136 -0.024251 0.078550
v 0.053034 -0.024254 0.024722
v 0.037913 -0.024703 0.085598
v 0.050924 -0.024316 0.085589
v 0.053150 -0.024250 0.085585
v 0.029829 -0.024944 0.094745
v 0.042841 -0.024557 0.094736
v 0.036734 -0.024738 0.087668
v 0.049094 -0.024371 0.087660
v -0.035165 -0.026876 0.094745
v -0.035012 -0.026872 0.087668
v 0.003522 -0.025726 0.094745
v 0.007694 -0.025602 0.087668
v -0.039100 -0.026993 0.106548
v 0.000337 -0.025820 0.098338
v -0.037114 -0.026934 0.107253
v -0.007837 -0.026064 0.110215
v -0.037001 -0.026931 0.110158
v -0.016859 -0.026332 0.110246
v 0.055328 -0.024185 0.088543
v 0.055328 -0.024185 0.088543
v 0.470628 -0.011837 0.087720
v 0.470628 -0.011837 0.087720
v 0.055193 -0.024189 0.020264
v 0.055193 -0.024189 0.020264
v 0.470493 -0.011841 0.019441
v 0.528356 -0.010120 0.033135
v 0.528356 -0.010120 0.033135
v 0.504519 -0.010829 0.019373
v 0.504519 -0.010829 0.019373
v 0.529161 -0.010097 -0.036337
v 0.529161 -0.010097 -0.036337
v 0.516061 -0.010486 0.009890
v 0.516061 -0.010486 0.009890
v 0.500831 -0.010939 -0.030562
v 0.500831 -0.010939 -0.030562
v 0.516092 -0.010485 -0.013722
v 0.516092 -0.010485 -0.013722
v 0.471320 -0.011816 -0.093945
v 0.471320 -0.011816 -0.093945
v 0.055632 -0.024176 -0.031589
v 0.055632 -0.024176 -0.031589
v 0.050630 -0.024325 -0.094418
v 0.050630 -0.024325 -0.094418
v 0.055547 -0.024179 -0.088297
v 0.055547 -0.024179 -0.088297
v 0.471175 -0.030243 0.087720
v 0.471175 -0.030243 0.087720
v 0.055876 -0.042592 0.088543
v 0.055876 -0.042592 0.088543
v 0.471040 -0.030247 0.019441
v 0.055740 -0.042596 0.020264
v 0.055740 -0.042596 0.020264
v 0.505066 -0.029236 0.019373
v 0.505066 -0.029236 0.019373
v 0.528903 -0.028527 0.033135
v 0.528903 -0.028527 0.033135
v 0.516608 -0.028892 0.009890
v 0.516608 -0.028892 0.009890
v 0.529708 -0.028503 -0.036337
v 0.529708 -0.028503 -0.036337
v 0.516639 -0.028892 -0.013722
v 0.516639 -0.028892 -0.013722
v 0.501378 -0.029345 -0.030562
v 0.501378 -0.029345 -0.030562
v 0.471868 -0.030223 -0.093945
v 0.471868 -0.030223 -0.093945
v 0.056180 -0.042583 -0.031589
v 0.056180 -0.042583 -0.031589
v 0.051178 -0.042731 -0.094418
v 0.051178 -0.042731 -0.094418
v 0.056094 -0.042585 -0.088297
v 0.056094 -0.042585 -0.088297
v 0.529970 -0.037292 -0.036337
v 0.529970 -0.037292 -0.036337
v 0.529970 -0.037292 -0.036337
v 0.516900 -0.037681 -0.013722
v 0.516900 -0.037681 -0.013722
v 0.516900 -0.037681 -0.013722
v 0.501640 -0.038134 -0.030562
v 0.501640 -0.038134 -0.030562
v 0.501640 -0.038134 -0.030562
v 0.472129 -0.039012 -0.093945
v 0.472129 -0.039012 -0.093945
v 0.472129 -0.039012 -0.093945
v 0.056441 -0.051372 -0.031589
v 0.056441 -0.051372 -0.031589
v 0.056441 -0.051372 -0.031589
v 0.051439 -0.051521 -0.094418
v 0.051439 -0.051521 -0.094418
v 0.051439 -0.051521 -0.094418
v 0.056356 -0.051374 -0.088297
v 0.056356 -0.051374 -0.088297
v 0.056356 -0.051374 -0.088297
vn 0.9996 0.0297 0.0002
vn 0.9996 0.0297 0.0003
vn -0.9996 -0.0297 0.0020
vn 0.0297 -0.9996 -0.0000
vn -0.9995 -0.0297 0.0086
vn -0.6701 -0.0199 -0.7420
vn 0.5252 0.0156 0.8508
vn -0.9988 -0.0297 -0.0378
vn -0.9995 -0.0297 -0.0125
vn -0.7486 -0.0223 0.6626
vn -0.7487 -0.0223 0.6626
vn -0.0037 -0.0001 -1.0000
vn -0.8654 -0.0257 -0.5004
vn -0.0000 -0.0000 1.0000
vn 0.0247 0.0007 0.9997
vn 0.6848 0.0204 -0.7284
vn -0.0297 0.9996 -0.0000
vn -0.7250 -0.0216 0.6884
vn -0.0013 -0.0000 -1.0000
vn 0.9996 0.0297 -0.0034
vn 0.7167 0.0213 0.6970
vn 0.0127 0.0004 0.9999
vn 0.7055 0.0210 -0.7084
vn -0.6925 -0.0206 0.7211
vn -0.7230 -0.0215 0.6905
vn 0.7219 0.0215 -0.6916
vn -0.0000 -0.0000 -1.0000
vn 0.0078 0.0002 -1.0000
vn -0.9992 -0.0297 0.0250
vn -0.7055 -0.0210 0.7084
vn 0.7153 0.0213 0.6985
vn -0.4241 -0.0126 -0.9055
vn -0.9847 -0.0293 -0.1719
vn 0.9918 0.0295 -0.1244
vn -0.6964 -0.0207 -0.7173
vn 0.0011 -0.0000 1.0000
vn -0.5824 -0.0173 0.8127
vn 0.7146 0.0212 -0.6992
vn -0.6841 -0.0203 0.7291
vn -0.7815 -0.0232 0.6234
vn 0.8550 0.0254 -0.5181
vn -0.0002 -0.0000 1.0000
vn 0.6426 0.0191 -0.7660
vn -0.9996 -0.0297 -0.0002
vn -0.0015 -0.0000 -1.0000
vn -0.9965 -0.0296 -0.0779
vn -0.9965 -0.0296 -0.0780
vn -0.0128 -0.0004 0.9999
vn 0.9989 0.0297 0.0351
vn 0.0063 0.0002 1.0000
vn -0.0066 -0.0002 1.0000
vn 0.7226 0.0215 0.6909
vn 0.0073 0.0002 1.0000
vn -0.0019 -0.0001 1.0000
vn 0.0055 0.0002 -1.0000
vn 0.8876 0.0264 0.4598
vn -0.7530 -0.0224 0.6577
vn 0.9996 0.0297 -0.0012
vn 0.9995 0.0297 0.0061
vn -0.9995 -0.0297 -0.0066
vn 0.9995 0.0297 0.0058
vn 0.0100 0.0003 1.0000
vn -0.7063 -0.0210 -0.7076
vn 0.7111 0.0211 0.7028
vn -0.9959 -0.0296 -0.0859
vn -0.7191 -0.0214 0.6946
vn -0.0130 -0.0004 -0.9999
vn 0.9954 0.0296 -0.0911
vn 0.9899 0.0294 -0.1386
vn -0.7101 -0.0211 0.7038
vn 0.6841 0.0203 -0.7291
vn 0.0011 -0.0000 -1.0000
vn 0.5217 0.8531 0.0022
vn 0.5220 0.8529 0.0026
vn 0.5250 0.8511 -0.0003
vn 0.5235 0.8520 -0.0018
vn 0.5224 0.8527 0.0009
vn -0.9996 -0.0297 -0.0040
vn -0.9996 -0.0297 -0.0010
vn 0.6922 0.0206 0.7214
vn -0.7091 -0.0211 -0.7048
vn -0.9204 -0.0274 0.3900
vn -0.0001 -0.0000 -1.0000
vn 0.9985 0.0297 0.0456
vn -0.7199 -0.0214 0.6937
vn -0.0040 -0.0001 -1.0000
vn -0.0006 -0.0000 1.0000
vn -0.6993 -0.0208 -0.7145
vn -0.0049 -0.0001 -1.0000
vn 0.6965 0.0207 -0.7172
vn 0.0066 0.0002 -1.0000
vn -0.0011 -0.0000 1.0000
vn 0.9995 0.0297 0.0063
vn -0.9995 -0.0297 -0.0064
vn 0.9995 0.0297 0.0064
vn 0.6949 0.0207 0.7188
vn 0.4066 0.8201 0.4026
vn 0.4187 0.8172 0.3961
vn 0.4068 0.8289 0.3841
vn 0.3956 0.8305 0.3922
vn 0.7711 0.0229 0.6363
vn -0.0244 0.8773 0.4794
vn 0.0244 -0.8773 -0.4794
vn -0.4183 -0.8177 -0.3955
vn -0.4448 -0.7993 -0.4041
vn -0.3981 -0.8315 -0.3875
vn -0.3755 -0.8447 -0.3814
vn 0.0035 0.0001 1.0000
vn 0.7041 0.0209 0.7098
vn 0.9996 0.0297 -0.0011
vn -0.9951 -0.0296 -0.0943
vn 0.0055 0.0002 1.0000
vn -0.0028 -0.0001 -1.0000
vn 0.9995 0.0297 -0.0132
vn -0.0187 -0.0006 -0.9998
vn 0.7326 0.0218 -0.6803
vn 0.0013 -0.0000 1.0000
vn 0.6429 0.0191 0.7657
vn -0.7315 -0.0217 0.6815
vn 0.7076 0.0210 0.7063
vn 0.7344 0.0218 -0.6783
vn -0.7344 -0.0218 0.6783
vn 0.6771 0.0201 0.7356
vn -0.6771 -0.0201 -0.7356
vn -0.9987 -0.0297 -0.0411
vn 0.9994 0.0297 -0.0183
vn 0.0052 0.0002 -1.0000
vn 0.0053 0.0002 -1.0000
vn -0.0053 -0.0002 1.0000
vn -0.0052 -0.0002 1.0000
vn -0.9995 -0.0297 -0.0053
vn -0.9995 -0.0297 -0.0052
vn 0.9995 0.0297 0.0052
vn 0.9995 0.0297 0.0053
vn 0.0020 0.0001 -1.0000
vn -0.0071 -0.0002 1.0000
vn 0.9994 0.0297 -0.0160
vn -0.6751 -0.0201 0.7374
vn -0.0192 -0.0006 0.9998
vn 0.9995 0.0297 0.0066
vn -0.6686 -0.0199 0.7434
vn 0.9996 0.0297 0.0032
vn 0.9996 0.0297 0.0024
vn -0.7080 -0.0211 0.7059
vn -0.0001 -0.0057 1.0000
vn 0.0002 0.0057 -1.0000
vn -0.9996 -0.0297 -0.0003
vn -0.9996 -0.0297 -0.0004
vn -0.9976 -0.0233 0.0653
vn -0.9887 -0.0163 -0.1487
vn -0.9880 -0.0187 -0.1534
vn -0.9979 -0.0253 0.0602
vn 0.9879 0.0230 0.1535
vn 0.9980 0.0171 -0.0602
vn 0.9977 0.0185 -0.0654
vn 0.9886 0.0250 0.1487
vn 0.9996 0.0297 0.0004
vn 0.0003 -0.0000 -1.0000
vn -0.0003 -0.0000 1.0000
vn 0.0002 -0.0000 -1.0000
vn 0.9996 0.0297 0.0001
vn -0.6266 -0.0186 -0.7791
vn -0.6995 -0.0208 0.7143
vn -0.6995 -0.0208 0.7144
vn -0.7153 -0.0213 0.6985
vn -0.6785 -0.0202 0.7343
vn -0.7354 -0.0219 0.6772
vn 0.7069 0.0210 -0.7070
vn 0.6833 0.0203 -0.7298
vn 0.9996 0.0297 0.0007
vn 0.0007 -0.0000 -1.0000
vn -0.0007 -0.0000 1.0000
vn 0.0001 -0.0000 -1.0000
vn 0.7119 0.0212 -0.7019
vn 0.6993 0.0208 -0.7145
vn 0.0006 -0.0000 -1.0000
vn 0.9262 0.0275 -0.3761
vn 0.9964 0.0296 -0.0800
vn -0.9984 -0.0297 0.0481
vn 0.7526 0.0224 0.6581
vn -0.5318 -0.0158 0.8467
vn 0.9933 0.0295 0.1121
vn 0.9995 0.0297 0.0142
vn 0.5191 0.0154 0.8546
vn 0.9958 0.0296 -0.0865
vn 0.9674 0.0288 -0.2518
vn 0.8871 0.0264 0.4608
vn -0.7257 -0.0216 -0.6877
vn 0.8944 0.0266 0.4464
vn -0.9975 -0.0297 -0.0646
vn 0.6344 0.0189 -0.7728
vn -0.9820 -0.0292 -0.1868
vn 0.9948 0.0296 -0.0973
vn 0.8291 0.0247 0.5585
vn 0.9995 0.0297 -0.0119
vn 0.9995 0.0297 -0.0118
vn -0.8656 -0.0257 -0.5001
vn -0.9940 -0.0296 0.1057
vn -0.9137 -0.0272 -0.4054
vn -0.2053 -0.0061 0.9787
vn -0.7967 -0.0237 0.6038
vn 0.6344 0.0189 -0.7727
vn -0.6323 -0.0188 0.7745
vn -0.6322 -0.0188 0.7745
vn -0.0715 -0.0021 0.9974
vn -0.2234 -0.0066 0.9747
vn -0.8928 -0.0265 -0.4497
vn 0.4774 0.0142 0.8786
vn -0.8554 -0.0254 0.5174
vn -0.8829 -0.0263 0.4689
vn -0.8829 -0.0263 0.4688
vn -0.6290 -0.0187 -0.7772
vn -0.2814 -0.0084 0.9595
vn 0.8232 0.0245 -0.5672
vn 0.9994 0.0297 -0.0184
vn 0.3388 0.0101 -0.9408
vn 0.7588 0.0226 -0.6509
vn 0.7588 0.0226 -0.6510
vn -0.9659 -0.0287 0.2571
vn -0.9660 -0.0287 0.2571
vn -0.9767 -0.0290 -0.2128
vn -0.8829 -0.0262 0.4689
vn 0.8233 0.0245 -0.5671
vn 0.9994 0.0297 0.0197
vn -0.1845 -0.0055 -0.9828
vn -0.2307 -0.0069 0.9730
vn 0.2642 0.0079 0.9644
vn -0.9849 -0.0293 0.1705
vn -0.9800 -0.0291 -0.1968
vn 0.9704 0.0289 -0.2396
vn 0.9704 0.0289 -0.2397
vn 0.9995 0.0297 0.0143
vn -0.1310 -0.0039 -0.9914
vn -0.1241 -0.0037 0.9923
vn 0.1840 0.0055 0.9829
vn 0.8564 0.0255 0.5157
vn 0.8564 0.0255 0.5158
vn 0.9994 0.0297 -0.0194
vn -0.0145 -0.0004 0.9999
vn -0.9884 -0.0294 0.1493
vn 0.8087 0.0240 0.5877
vn -0.7391 -0.0220 0.6732
vn 0.7391 0.0220 -0.6733
vn 0.9800 0.0291 -0.1970
vn 0.9777 0.0291 -0.2079
vn 0.1266 0.0038 -0.9920
vn -0.1880 -0.0056 -0.9821
vn 0.9930 0.0295 -0.1142
vn 0.8131 0.0242 0.5816
vn 0.6604 0.0196 0.7506
vn -0.5194 -0.0154 0.8544
vn -0.5867 -0.0174 0.8096
vn 0.6146 0.0183 0.7886
vn -0.9203 -0.0274 0.3903
vn 0.6230 0.0185 -0.7820
vn 0.9609 0.0286 -0.2755
vn -0.6401 -0.0190 -0.7681
vn 0.7261 0.0216 0.6873
vn 0.7468 0.0222 0.6647
vn 0.9868 0.0293 -0.1590
vn 0.7057 0.0210 0.7082
vn 0.0014 -0.0000 -1.0000
vn -0.9865 -0.0293 -0.1608
vn -0.9865 -0.0293 -0.1609
vn -0.7381 -0.0219 0.6744
vn 0.7206 0.0214 0.6930
vn -0.8260 -0.0246 0.5631
vn -0.0118 -0.0004 0.9999
vn -0.8736 -0.0260 0.4860
vn -0.8735 -0.0260 0.4860
vn -0.4878 -0.0145 -0.8728
vn -0.9995 -0.0297 -0.0086
vn -0.8633 -0.0257 -0.5040
vn -0.6914 -0.0206 0.7222
vn -0.9993 -0.0297 0.0217
vn 0.0208 0.0006 0.9998
vn 0.9993 0.0297 0.0227
vn 0.0045 0.0001 -1.0000
vn -0.0012 -0.0000 1.0000
vn 0.0232 0.0007 0.9997
vn 0.8822 0.0262 -0.4701
vn 0.7431 0.0221 -0.6688
vn 0.8946 0.0266 0.4461
vn 0.8946 0.0266 0.4462
vn 0.1106 0.0033 -0.9939
vn 0.5285 0.0157 0.8488
vn 0.0086 0.0003 1.0000
vn 0.7030 0.0209 -0.7109
vn -0.2589 -0.0077 0.9659
vn 0.0093 0.0003 1.0000
vn 0.9995 0.0297 -0.0141
vn 0.0186 0.0006 0.9998
vn 0.9996 0.0297 -0.0000
vn 0.4148 0.0123 -0.9098
vn 0.9267 0.0276 -0.3748
vn 0.6810 0.0202 0.7320
vn 0.8980 0.0267 0.4392
vn 0.0344 -0.2017 0.9788
vn -0.5119 -0.5562 0.6547
vn -0.4148 -0.7095 0.5696
vn -0.0610 -0.1782 0.9821
vn -0.2616 -0.5655 -0.7822
vn -0.1035 -0.3603 -0.9271
vn -0.2663 -0.4906 -0.8297
vn -0.5122 -0.4557 -0.7280
vn -0.9992 -0.0297 -0.0252
vn -0.9992 -0.0297 -0.0251
vn 0.0649 -0.9940 0.0877
vn 0.0734 -0.9818 0.1751
vn 0.0717 -0.9948 -0.0719
vn 0.0502 -0.9955 -0.0801
vn -0.9990 -0.0297 0.0336
vn -0.8352 -0.0248 -0.5493
vn -0.8353 -0.0248 -0.5493
vn 0.0610 -0.9979 0.0235
vn 0.0610 -0.9905 0.1236
vn 0.0248 -0.9945 0.1016
vn 0.0536 -0.9985 0.0056
vn -0.7042 -0.0209 0.7097
vn -0.6986 -0.0208 -0.7152
vn 0.6783 0.0202 0.7345
vn -0.7259 -0.0216 -0.6875
vn -0.9996 -0.0297 0.0002
vn 0.8889 0.0264 -0.4574
vn 0.7022 0.0209 -0.7117
vn 0.9993 0.0297 -0.0228
vn 0.0003 -0.0000 1.0000
vn -0.0075 -0.0002 -1.0000
vn -0.8156 -0.0242 0.5782
vn 0.8557 0.0254 -0.5168
vn -0.3992 -0.0119 -0.9168
vn -0.0276 -0.0008 -0.9996
vn -0.9935 -0.0295 -0.1103
vn -0.9935 -0.0295 -0.1102
vn 0.7084 0.0211 -0.7055
vn 0.0984 0.0029 -0.9951
vn -0.6997 -0.0208 -0.7141
vn 0.6997 0.0208 0.7141
vn 0.7138 0.0212 -0.7000
vn -0.7236 -0.0215 0.6899
vn -0.7095 -0.0211 0.7044
vn -0.9990 -0.0297 0.0339
vn -0.7096 -0.0211 0.7043
vn 0.7096 0.0211 -0.7043
vn -0.3722 -0.0111 -0.9281
vn -0.3723 -0.0111 -0.9281
vn 0.9533 0.0283 0.3006
vn 0.1041 0.0031 0.9946
vn -0.9251 -0.0275 -0.3787
vn -0.7145 -0.0212 0.6993
vn 0.7074 0.0210 -0.7065
vn -0.9956 -0.0296 0.0893
vn 0.7572 0.0225 0.6528
vn 0.9966 0.0296 0.0764
vn 0.0237 0.0007 0.9997
vn -0.7027 -0.0209 -0.7112
vn -0.9981 -0.0297 0.0539
vn 0.7012 0.0209 -0.7126
vn 0.7012 0.0208 -0.7126
vn 0.7049 0.0210 0.7090
vn -0.7049 -0.0210 -0.7090
vn 0.7087 0.0211 -0.7052
vn -0.7087 -0.0211 0.7052
vn -0.9996 -0.0297 -0.0000
vn 0.0450 0.0013 -0.9990
vn -0.0032 -0.0001 -1.0000
vn 0.9996 0.0297 -0.0029
vn -0.9996 -0.0297 0.0029
vn 0.0029 0.0001 1.0000
vn -0.0029 -0.0001 -1.0000
vn 0.0032 0.0001 1.0000
vn -0.7146 -0.0212 0.6992
vn 0.1794 0.0053 0.9838
vn -0.8381 -0.0249 0.5450
vn 0.7156 0.0213 0.6982
vn -0.0174 -0.0005 -0.9998
vn -0.7227 -0.0215 -0.6909
vn -0.6754 -0.0201 0.7372
vn 0.0001 -0.0000 1.0000
vn -0.0060 -0.0002 -1.0000
vn 0.8815 0.0262 -0.4715
vn -0.9970 -0.0296 -0.0714
vn -0.0999 -0.0030 -0.9950
vn -0.1792 -0.0053 0.9838
vn 0.1812 0.0054 -0.9834
vn 0.5499 0.0164 -0.8350
vn 0.5499 0.0164 -0.8351
vn -0.7033 -0.0209 -0.7106
vn 0.9987 0.0297 0.0405
vn 0.7004 0.0208 0.7134
vn 0.6754 0.0201 -0.7372
vn 0.7005 0.0208 0.7133
vn 0.7925 0.0236 -0.6094
vn 0.9986 0.0297 0.0448
vn 0.9986 0.0297 0.0449
vn -0.9907 -0.0295 0.1328
vn -0.0054 -0.0002 -1.0000
vn -0.7112 -0.0211 -0.7026
vn -0.7113 -0.0211 -0.7026
vn 0.0297 -0.9996 0.0001
vn -0.0033 -0.0001 -1.0000
vn -0.9896 -0.0294 -0.1410
vn -0.9100 -0.0271 -0.4137
vn -0.7225 -0.0215 -0.6910
vn 0.7006 0.0208 0.7133
vn 0.8566 0.0255 -0.5153
vn 0.0059 0.0002 1.0000
vn -0.9995 -0.0297 -0.0098
vn -0.7020 -0.0209 -0.7119
vn -0.9996 -0.0297 0.0001
vn -0.0024 -0.0001 -1.0000
vn 0.0080 0.0002 -1.0000
vn 0.9995 0.0297 0.0140
vn 0.0034 0.0001 1.0000
vn 0.6804 0.0202 0.7326
vn 0.7359 0.0219 -0.6768
vn 0.9996 0.0297 0.0034
vn 0.0056 0.0002 -1.0000
vn -0.0034 -0.0001 1.0000
vn -0.9990 -0.0297 0.0340
vn -0.6996 -0.0208 0.7142
vn 0.9116 0.0271 0.4102
vn 0.4064 0.0121 0.9136
vn 0.6310 0.0188 0.7756
vn 0.1334 0.0040 0.9911
vn 0.6843 0.0203 0.7289
vn 0.7992 0.0238 0.6006
vn -0.8230 -0.0245 -0.5675
vn 0.2639 0.0078 -0.9645
vn -0.7088 -0.0211 0.7051
vn -0.0054 -0.0002 1.0000
vn 0.0054 0.0002 -1.0000
vn 0.4774 0.0142 -0.8786
vn -0.5168 -0.0154 -0.8559
vn -0.9434 -0.0281 0.3305
vn 0.9415 0.0280 0.3359
vn -0.9010 -0.0268 -0.4330
vn 0.9617 0.0286 -0.2727
vn 0.8191 0.0244 0.5731
vn -0.8216 -0.0244 0.5695
vn -0.4719 -0.0140 0.8815
vn 0.4706 0.0140 0.8822
vn -0.8303 -0.0247 -0.5567
vn 0.7600 0.0226 -0.6495
vn -0.7121 -0.0212 -0.7017
vn -0.7301 -0.0217 -0.6830
vn -0.9995 -0.0297 -0.0058
vn 0.7195 0.0214 -0.6942
vn 0.0611 0.0018 0.9981
vn -0.7010 -0.0208 0.7128
vn -0.7125 -0.0212 -0.7013
vn 0.7078 0.0210 -0.7061
vn 0.0346 0.0010 0.9994
vn 0.7441 0.0221 0.6677
vn 0.0968 0.0029 -0.9953
vn 0.0687 0.0020 -0.9976
vn -0.7407 -0.0220 0.6715
vn -0.6939 -0.0206 0.7197
vn -0.6467 -0.0192 0.7625
vn 0.9991 0.0297 -0.0312
vn 0.0787 0.0023 0.9969
vn -0.0102 -0.0003 -0.9999
vn 0.0102 0.0003 0.9999
vn -0.9995 -0.0297 0.0102
vn 0.9995 0.0297 -0.0102
vn -0.7118 -0.0212 -0.7021
vn -0.7108 -0.0211 0.7031
vn 0.7210 0.0214 0.6926
vn 0.6686 0.0199 0.7434
vn 0.7641 0.0227 -0.6447
vn -0.0027 -0.0001 -1.0000
vn 0.9995 0.0297 0.0067
vn -0.6978 -0.0207 0.7160
vn 0.6923 0.0206 0.7213
vn -0.9995 -0.0297 -0.0055
vn -0.7172 -0.0213 0.6965
vn -0.9995 -0.0297 0.0050
vn -0.6973 -0.0207 -0.7164
vn -0.0197 -0.0006 0.9998
vn -0.7162 -0.0213 0.6976
vn 0.7081 0.0211 -0.7058
vn 0.0086 0.0003 -1.0000
vn 0.9995 0.0297 -0.0050
vn -0.7011 -0.0208 -0.7128
vn -0.7059 -0.0210 0.7080
vn 0.7211 0.0214 0.6925
vn -0.6874 -0.0204 -0.7259
vn -0.9995 -0.0297 0.0067
vn 0.6970 0.0207 -0.7168
vn 0.9992 0.0297 -0.0260
vn -0.9995 -0.0297 -0.0070
vn 0.9996 0.0297 -0.0020
vn 0.9995 0.0297 -0.0112
vn 0.0347 0.0010 -0.9994
vn -0.0026 -0.0001 1.0000
vn 0.0026 0.0001 -1.0000
vn -0.7653 -0.0228 -0.6433
vn 0.7653 0.0228 0.6433
vn 0.0250 0.0007 0.9997
vn 0.7551 0.0225 0.6552
vn -0.9996 -0.0297 -0.0025
vn -0.0030 -0.0001 1.0000
vn -0.7302 -0.0217 -0.6829
vn 0.0010 -0.0000 1.0000
vn -0.0031 -0.0001 1.0000
vn 0.0035 0.0001 -1.0000
vn 0.0041 0.0001 -1.0000
vn 0.0042 0.0001 -1.0000
vn 0.5554 0.0165 -0.8314
vn -0.0035 -0.0001 1.0000
vn -0.0041 -0.0001 1.0000
vn -0.0042 -0.0001 1.0000
vn 0.2410 0.0072 0.9705
vn 0.0186 0.0034 -0.9998
vn 0.0216 0.0009 -0.9998
vn 0.0195 0.0024 -0.9998
vn 0.0166 0.0048 -0.9998
vn 0.0442 0.0013 -0.9990
vn 0.9735 0.0290 0.2266
vn 0.9735 0.0289 0.2266
vn 0.0009 -0.0000 1.0000
vn 0.4264 0.0127 0.9045
vn 0.9995 0.0297 0.0060
vn 0.0010 -0.0000 -1.0000
vn -0.0009 -0.0000 1.0000
vn -0.9995 -0.0297 -0.0096
vn -0.7091 -0.0211 0.7048
vn 0.0060 0.0002 -1.0000
vn 0.0009 -0.0000 -1.0000
vn 0.0018 0.0001 1.0000
vn 0.9996 0.0297 0.0016
vn 0.0019 0.0001 1.0000
vn 0.9996 0.0297 0.0010
vn -0.0019 -0.0001 -1.0000
vn 0.9996 0.0297 -0.0018
vn -0.9996 -0.0297 0.0018
vn 0.9996 0.0297 -0.0019
vn -0.0018 -0.0001 -1.0000
vn 0.9995 0.0297 0.0083
vn -0.9995 -0.0297 -0.0092
vn -0.3554 -0.0106 -0.9347
vn -0.3553 -0.0106 -0.9347
vn 0.9995 0.0297 -0.0064
vn -0.6623 -0.0197 0.7490
vn 0.6528 0.0194 -0.7573
vn -0.0088 -0.0003 1.0000
vn 0.9995 0.0297 0.0057
vn -0.9995 -0.0297 -0.0081
vn -0.6870 -0.0204 0.7264
vn 0.6799 0.0202 -0.7330
vn -0.9988 -0.0297 0.0377
vn 0.9860 0.0293 -0.1643
vn -0.6385 -0.0190 -0.7694
vn 0.7199 0.0214 -0.6938
vn -0.9988 -0.0297 0.0380
vn -0.0070 -0.0002 -1.0000
vn -0.7547 -0.0224 0.6557
vn 0.9995 0.0297 0.0081
vn -0.0081 -0.0002 1.0000
vn 0.7112 0.0211 -0.7027
vn -0.9995 -0.0297 0.0088
vn -0.9993 -0.0297 -0.0213
vn -0.9994 -0.0297 -0.0170
vn -0.7079 -0.0210 0.7060
vn 0.7129 0.0212 0.7009
vn -0.6736 -0.0200 -0.7388
vn 0.0164 0.0005 0.9999
vn -0.9896 -0.0294 0.1405
vn 0.0095 0.0003 1.0000
vn -0.9994 -0.0297 0.0180
vn 0.0249 0.0007 -0.9997
vn -0.9996 -0.0297 0.0006
vn 0.0771 0.0023 -0.9970
vn -0.9996 -0.0297 0.0019
vn -0.6352 -0.0189 -0.7722
vn 0.0006 -0.0000 1.0000
vn 0.7489 0.0223 0.6624
vn -0.8686 -0.0258 -0.4948
vn -0.9993 -0.0297 -0.0215
vn 0.8233 0.0245 0.5671
vn 0.7478 0.0222 0.6635
vn -0.9482 -0.0282 -0.3164
vn -0.3346 -0.0099 0.9423
vn -0.0044 -0.0001 1.0000
vn -0.9988 -0.0297 0.0388
vn 0.0031 0.0001 -1.0000
vn -0.0034 -0.0001 -1.0000
vn -0.7509 -0.0223 -0.6600
vn -0.7507 -0.0223 0.6602
vn -0.7153 -0.0213 -0.6985
vn 0.7172 0.0213 0.6965
vn 0.0117 0.0003 0.9999
vn -0.9993 -0.0297 -0.0217
vn -0.6930 -0.0206 -0.7206
vn 0.0172 0.0005 -0.9999
vn 0.9995 0.0297 -0.0106
vn 0.6932 0.0206 0.7204
vn 0.6933 0.0206 0.7204
vn 0.7068 0.0210 0.7071
vn 0.9995 0.0297 0.0075
vn 0.5902 0.0175 -0.8071
vn -0.7047 -0.0210 -0.7092
vn -0.6999 -0.0208 -0.7139
vn -0.8285 -0.0246 -0.5594
vn 0.0028 0.0001 -1.0000
vn -0.0020 -0.0001 -1.0000
vn 0.0020 0.0001 1.0000
vn 0.7012 0.0208 0.7127
vn -0.6883 -0.0205 -0.7252
vn 0.9996 0.0297 -0.0007
vn 0.9993 0.0297 -0.0218
vn -0.6942 -0.0206 0.7195
vn 0.7017 0.0209 -0.7122
vn 0.0005 -0.0000 -1.0000
vn 0.7966 0.0237 -0.6041
vn 0.6344 0.0189 0.7728
vn -0.6866 -0.0204 -0.7268
vn -0.9995 -0.0297 -0.0116
vn 0.7405 0.0220 -0.6717
vn -0.7052 -0.0210 0.7087
vn 0.9996 0.0297 0.0013
vn 0.0023 0.0001 -1.0000
vn 0.7792 0.0232 -0.6264
vn 0.9996 0.0297 -0.0015
vn 0.0030 0.0001 -1.0000
vn -0.7432 -0.0221 -0.6687
vn 0.7085 0.0211 -0.7054
vn 0.7137 0.0212 -0.7001
vn 0.7137 0.0212 -0.7002
vn -0.7485 -0.0223 0.6628
vn 0.0059 0.0002 -1.0000
vn -0.0049 -0.0001 1.0000
vn -0.7163 -0.0213 0.6974
vn 0.6971 0.0207 -0.7167
vn 0.8903 0.0265 0.4546
vn -0.0420 -0.0012 -0.9991
vn -0.0419 -0.0012 -0.9991
vn -0.5945 -0.0177 0.8039
vn -0.6663 -0.0198 0.7454
vn -0.6104 -0.0181 0.7919
vn 0.0057 0.0002 -1.0000
vn -0.7330 -0.0218 0.6799
vn 0.6742 0.0200 -0.7383
vn -0.3438 -0.0102 0.9390
vn 0.9820 0.0292 0.1866
vn 0.9994 0.0297 -0.0161
vn 0.6748 0.0201 -0.7377
vn -0.9488 -0.0282 -0.3146
vn 0.0194 0.0006 -0.9998
vn 0.9848 0.0293 -0.1711
vn -0.8688 -0.0258 -0.4944
vn -0.7003 -0.0208 0.7136
vn 0.0132 0.0004 0.9999
vn -0.0109 -0.0003 0.9999
vn -0.9775 -0.0291 0.2091
vn -0.8523 -0.0253 0.5224
vn 0.8984 0.0267 0.4383
vn 0.9996 0.0297 -0.0008
vn -0.0008 -0.0000 -1.0000
vn 0.0008 -0.0000 1.0000
vn -0.0004 -0.0000 -1.0000
vn 0.9996 0.0297 -0.0004
vn -0.0280 0.9996 -0.0000
vn -0.0813 -0.9867 -0.1411
vn -0.2497 -0.9587 -0.1363
vn -0.1706 -0.9773 -0.1260
vn -0.1416 -0.9843 0.1055
vn -0.1019 -0.9896 -0.1020
vn -0.1463 -0.9715 -0.1867
vn 0.1279 -0.6887 -0.7137
vn -0.1017 -0.9898 -0.0995
vn 0.5959 0.7963 -0.1044
vn 0.7734 0.6197 -0.1334
vn 0.9264 0.3420 -0.1577
vn 0.4045 0.6087 -0.6826
vn 0.4439 0.6099 -0.6565
vn 0.0047 -0.0436 -0.9990
vn 0.0046 -0.0157 -0.9999
vn 0.0046 0.0123 -0.9999
vn 0.0298 -0.9996 -0.0005
vn 0.0303 -0.9995 0.0002
vn 0.6130 0.0182 0.7899
vn 0.6130 0.0182 0.7898
vn -0.5003 -0.0149 0.8657
vn -0.1295 -0.0038 0.9916
vn -0.1295 -0.0039 0.9916
vn -0.0297 0.9996 -0.0004
vn -0.0302 0.9995 -0.0000
vn -0.0298 0.9996 -0.0000
vn -0.0296 0.9996 0.0002
vn -0.0299 0.9996 -0.0002
vn 0.0080 -0.2137 -0.9769
vn 0.0130 -0.4470 -0.8944
vn 0.9996 0.0297 -0.0003
vn -0.0255 0.8873 -0.4605
vn -0.0254 0.8832 -0.4682
vn -0.0254 0.8791 -0.4759
vn 0.0078 -0.2026 -0.9792
vn -0.3185 -0.0966 0.9430
vn -0.2764 -0.0233 0.9607
vn -0.1834 -0.0365 0.9824
vn -0.1194 -0.0186 0.9927
vn -0.4760 -0.1789 0.8611
vn -0.7926 -0.0199 0.6095
vn -0.7948 -0.0225 0.6064
vn -0.6062 0.1913 0.7719
vn -0.6941 0.1585 0.7022
vn -0.7918 -0.0224 0.6104
vn 0.1257 -0.0469 -0.9910
vn 0.2216 0.0368 -0.9744
vn 0.3751 0.2345 -0.8968
vn 0.3986 0.0415 -0.9162
vn -0.2312 -0.0069 -0.9729
vn 0.0181 -0.9998 -0.0000
vn -0.8335 -0.0537 -0.5499
vn -0.8208 -0.0338 -0.5702
vn -0.3611 -0.0479 -0.9313
vn -0.4457 -0.0694 -0.8925
vn 0.0297 -0.9996 0.0005
vn 0.0277 -0.9996 0.0017
vn 0.0279 -0.9996 0.0020
vn 0.0278 -0.9996 0.0018
vn 0.0284 -0.9996 0.0015
vn 0.0284 -0.9996 0.0017
vn 0.0283 -0.9996 0.0014
vn 0.0305 -0.9995 0.0021
vn 0.0304 -0.9995 0.0034
vn 0.0305 -0.9995 0.0034
vn 0.0306 -0.9995 0.0015
vn 0.0329 -0.9995 0.0007
vn 0.0328 -0.9995 0.0006
vn 0.0334 -0.9994 -0.0008
vn 0.0334 -0.9994 -0.0004
vn 0.0330 -0.9995 -0.0008
vn 0.0326 -0.9995 -0.0011
vn 0.0308 -0.9995 -0.0038
vn 0.0308 -0.9995 -0.0015
vn 0.0303 -0.9995 -0.0016
vn 0.0313 -0.9995 -0.0044
vn 0.0292 -0.9996 -0.0022
vn 0.0294 -0.9996 -0.0029
vn 0.0289 -0.9996 -0.0011
vn 0.0269 -0.9996 -0.0001
vn 0.0269 -0.9996 -0.0000
vn 0.0278 -0.9996 0.0012
vn 0.0271 -0.9996 0.0007
vn 0.0283 -0.9996 0.0024
vn 0.0293 -0.9996 0.0022
vn 0.1240 0.9923 -0.0000
vn 0.9991 0.0297 -0.0294
vn 0.9991 0.0297 -0.0295
vn 0.0294 -0.9996 0.0004
vn 0.5633 0.2962 -0.7714
vn 0.5675 0.2791 -0.7747
vn 0.5995 0.2872 -0.7470
vn 0.2487 0.0703 -0.9660
vn -0.0188 -0.2025 0.9791
vn -0.0256 -0.2044 0.9786
vn -0.0252 -0.2043 0.9786
vn -0.0337 -0.2066 0.9778
vn -0.0300 0.9996 -0.0000
vn -0.0297 0.9996 -0.0007
vn -0.0391 0.3727 -0.9271
vn -0.1174 0.4960 0.8603
vn 0.0090 -0.9858 0.1679
vn -0.0271 0.9919 0.1240
vn -0.0443 0.2385 -0.9701
vn -0.0448 0.2062 -0.9775
vn -0.0297 0.9996 -0.0001
vn 0.4879 0.1802 -0.8541
vn 0.3056 0.1931 -0.9324
vn 0.6137 0.4254 -0.6652
vn 0.6679 0.2038 -0.7158
vn -0.9134 -0.0272 -0.4061
vn 0.3161 0.0094 -0.9487
vn 0.9883 0.0294 0.1495
vn -0.8137 -0.0242 0.5808
vn 0.1412 0.0042 0.9900
vn -0.6046 -0.2303 0.7625
vn -0.6868 -0.0524 0.7250
vn -0.6675 -0.1566 0.7280
vn -0.5182 -0.3826 0.7649
vn 0.3697 0.2085 -0.9055
vn 0.3872 0.0190 -0.9218
vn -0.0674 -0.0474 -0.9966
vn 0.0412 0.0087 -0.9991
vn -0.6582 -0.0196 -0.7526
vn -0.9352 -0.0278 0.3532
vn -0.9352 -0.0278 0.3531
vn 0.5548 0.0165 0.8319
vn 0.5548 0.0165 0.8318
vn -0.8410 -0.0250 -0.5405
vn 0.9801 0.0291 0.1962
vn -0.9683 -0.0288 0.2481
vn -0.1302 -0.0039 -0.9915
vn 0.0806 0.1310 0.9881
vn -0.0668 0.5619 0.8245
vn -0.0542 0.5316 0.8453
vn 0.0916 0.0664 0.9936
vn -0.9990 -0.0297 -0.0333
vn 0.0022 0.0001 -1.0000
vn -0.7363 -0.0219 0.6763
vn -0.2122 -0.0063 -0.9772
vn 0.3438 0.0102 -0.9390
vn -0.9583 -0.0285 0.2843
vn -0.0882 -0.0026 0.9961
vn 0.0882 0.0026 -0.9961
vn 0.3944 0.0117 -0.9189
vn -0.5341 -0.0159 0.8453
vn -0.4324 -0.0129 0.9016
vn 0.7110 0.0211 0.7028
vn 0.5746 -0.8184 -0.0003
vn 0.5718 -0.8204 0.0026
vn 0.5715 -0.8206 0.0022
vn 0.5722 -0.8201 0.0009
vn 0.5732 -0.8194 -0.0018
vn 0.4546 -0.7945 0.4026
vn 0.4442 -0.8055 0.3922
vn 0.4553 -0.8032 0.3841
vn 0.4665 -0.7909 0.3961
vn 0.0278 -0.8772 0.4794
vn -0.0278 0.8772 -0.4794
vn -0.4662 0.7914 -0.3955
vn -0.4250 0.8209 -0.3814
vn -0.4468 0.8063 -0.3875
vn -0.4915 0.7715 -0.4041
vn -0.0004 0.0057 1.0000
vn 0.0005 -0.0057 -1.0000
vn -0.9972 -0.0360 0.0653
vn -0.9976 -0.0341 0.0602
vn -0.9873 -0.0400 -0.1535
vn -0.9880 -0.0425 -0.1487
vn 0.9875 0.0357 0.1535
vn 0.9883 0.0338 0.1487
vn 0.9970 0.0408 -0.0654
vn 0.9973 0.0423 -0.0602
vn 0.9964 0.0296 -0.0801
vn 0.9673 0.0288 -0.2518
vn -0.7967 -0.0237 0.6039
vn -0.9659 -0.0287 0.2572
vn 0.8232 0.0245 -0.5673
vn -0.1240 -0.0037 0.9923
vn -0.8260 -0.0246 0.5632
vn 0.9993 0.0297 0.0228
vn 0.0224 0.2034 0.9788
vn -0.0714 0.1743 0.9821
vn -0.4562 0.6836 0.5696
vn -0.5440 0.5248 0.6547
vn -0.2947 0.5490 -0.7822
vn -0.5384 0.4244 -0.7280
vn -0.2950 0.4739 -0.8297
vn -0.1247 0.3535 -0.9271
vn 0.0057 0.9961 0.0877
vn -0.0091 0.9967 -0.0801
vn 0.0125 0.9973 -0.0719
vn 0.0149 0.9844 0.1751
vn -0.9990 -0.0297 0.0335
vn 0.0016 0.9997 0.0235
vn -0.0058 1.0000 0.0056
vn -0.0343 0.9942 0.1016
vn 0.0020 0.9923 0.1236
vn -0.9995 -0.0297 -0.0097
vn -0.9990 -0.0297 0.0341
vn -0.9434 -0.0280 0.3305
vn 0.0188 -0.0023 -0.9998
vn 0.0169 -0.0039 -0.9998
vn 0.0196 -0.0013 -0.9998
vn 0.0216 0.0003 -0.9998
vn 0.9995 0.0297 -0.0065
vn 0.7405 0.0220 -0.6716
vn 0.9994 0.0297 -0.0162
vn 0.9848 0.0293 -0.1712
vn 0.9995 0.0297 0.0056
vn -0.9775 -0.0291 0.2092
vn -0.0296 0.9996 -0.0000
vn -0.0295 0.9996 -0.0000
vn 0.0315 -0.9995 -0.0000
vn -0.2037 0.9611 -0.1867
vn -0.1605 0.9818 -0.1020
vn -0.1911 0.9789 0.0721
vn -0.2284 0.9654 -0.1260
vn -0.3062 0.9422 -0.1363
vn -0.1380 0.9795 -0.1470
vn 0.0868 0.6950 -0.7137
vn -0.1604 0.9820 -0.0995
vn 0.8089 -0.5727 -0.1335
vn 0.8089 -0.5727 -0.1334
vn 0.6407 -0.7607 -0.1042
vn 0.4793 -0.5824 -0.6566
vn 0.4401 -0.5836 -0.6825
vn 0.9440 -0.2899 -0.1577
vn 0.0624 -0.0000 -0.9981
vn 0.0297 -0.9996 -0.0001
vn -0.0294 0.9996 0.0001
vn -0.0297 0.9996 -0.0003
vn 0.0298 -0.9996 -0.0000
vn 0.0294 -0.9996 -0.0000
vn 0.0297 -0.9996 -0.0003
vn 0.0299 -0.9996 -0.0001
vn 0.0300 -0.9996 0.0005
vn -0.9996 0.0003 0.0297
vn -0.0130 0.4469 0.8945
vn 0.3710 0.0069 0.9286
vn 0.0136 -0.4243 0.9054
vn 0.0134 -0.4012 0.9159
vn 0.0134 -0.3780 0.9257
vn 0.9738 0.0021 0.2273
vn -0.1885 0.1104 0.9759
vn -0.2773 0.0069 0.9607
vn -0.3623 0.0594 0.9302
vn -0.3948 0.0034 0.9188
vn 0.1384 -0.0052 0.9904
vn -0.7729 -0.2063 0.6001
vn -0.6701 -0.0211 0.7420
vn -0.7916 -0.0278 0.6104
vn -0.7917 -0.0246 0.6104
vn -0.7917 -0.0247 0.6104
vn 0.1227 0.0543 -0.9910
vn 0.4004 -0.0177 -0.9162
vn 0.3883 -0.2118 -0.8968
vn 0.2234 -0.0235 -0.9744
vn 0.1393 -0.0000 -0.9903
vn 0.0296 -0.9996 -0.0000
vn -0.8352 0.0041 -0.5499
vn -0.4490 0.0427 -0.8925
vn -0.3633 0.0264 -0.9313
vn -0.8214 -0.0150 -0.5702
vn -0.0311 0.9995 0.0015
vn -0.0311 0.9995 0.0014
vn -0.0311 0.9995 0.0017
vn -0.0317 0.9995 0.0017
vn -0.0316 0.9995 0.0018
vn -0.0315 0.9995 0.0020
vn -0.0290 0.9996 0.0022
vn -0.0289 0.9996 0.0014
vn -0.0290 0.9996 0.0033
vn -0.0291 0.9996 0.0034
vn -0.0263 0.9997 0.0010
vn -0.0262 0.9997 0.0009
vn -0.0267 0.9996 0.0004
vn -0.0266 0.9996 0.0004
vn -0.0261 0.9997 -0.0008
vn -0.0269 0.9996 -0.0011
vn -0.0264 0.9997 -0.0008
vn -0.0261 0.9997 -0.0005
vn -0.0286 0.9996 -0.0039
vn -0.0282 0.9996 -0.0044
vn -0.0291 0.9996 -0.0015
vn -0.0286 0.9996 -0.0015
vn -0.0302 0.9995 -0.0022
vn -0.0305 0.9995 -0.0011
vn -0.0300 0.9995 -0.0029
vn -0.0325 0.9995 -0.0000
vn -0.0325 0.9995 -0.0001
vn -0.0317 0.9995 0.0012
vn -0.0301 0.9995 0.0022
vn -0.0311 0.9995 0.0024
vn -0.0323 0.9995 0.0007
vn 0.7485 -0.4061 -0.5243
vn 0.7480 -0.4123 -0.5201
vn 0.7476 -0.4181 -0.5161
vn -0.0295 0.9996 -0.0009
vn 0.5799 -0.2622 -0.7714
vn 0.2523 -0.0554 -0.9661
vn 0.6155 -0.2511 -0.7470
vn 0.5830 -0.2449 -0.7747
vn -0.0308 0.2010 0.9791
vn -0.0369 0.2024 0.9786
vn -0.0377 0.2025 0.9786
vn -0.0460 0.2042 0.9778
vn 0.0370 -0.9498 -0.3106
vn 0.0373 -0.9520 -0.3037
vn 0.0378 -0.9542 -0.2969
vn 0.6379 -0.3881 -0.6652
vn 0.3167 -0.1746 -0.9323
vn 0.4916 -0.0953 -0.8656
vn 0.6789 -0.1637 -0.7158
vn -0.6172 0.1940 0.7625
vn -0.5400 0.3511 0.7649
vn -0.6756 0.1166 0.7280
vn -0.6887 0.0115 0.7250
vn 0.3877 0.0040 -0.9218
vn 0.3815 -0.1861 -0.9054
vn 0.0417 -0.0062 -0.9991
vn -0.0701 0.0433 -0.9966
vn 0.0882 -0.1260 0.9881
vn 0.0953 -0.0609 0.9936
vn -0.0225 -0.5339 0.8453
vn -0.0333 -0.5649 0.8245
vn 0.0012 -0.0000 -1.0000
vn -0.9372 -0.0279 0.3477
vn 0.3629 0.2151 -0.9067
vn 0.5916 0.0500 -0.8047
vn 0.4010 0.1476 -0.9041
vn 0.2587 0.2491 -0.9333
vn 0.2500 0.2393 -0.9382
vn 0.9996 0.0297 0.0028
vn 0.6766 0.0201 -0.7361
vn 0.9995 0.0297 -0.0056
vn 0.9995 0.0297 -0.0055
vn -0.0118 -0.0004 -0.9999
vn 0.9970 0.0296 -0.0713
vn -0.0245 0.9997 -0.0024
vn -0.0244 0.9997 -0.0024
vn -0.6371 -0.0189 -0.7706
vn -0.0118 -0.0003 -0.9999
vn 0.4098 -0.1190 -0.9044
vn 0.5935 -0.0147 -0.8047
vn 0.3773 -0.1954 -0.9052
vn 0.2614 -0.2259 -0.9384
vn 0.2672 -0.2230 -0.9375
vn 0.1414 -0.9899 -0.0005
vn 0.1414 -0.9900 -0.0005
vn 0.8571 0.0255 -0.5145
vn -0.9996 -0.0297 0.0037
vn -0.7304 -0.0217 -0.6827
vn 0.0134 0.0004 0.9999
vn 0.1080 0.0144 0.9940
vn 0.0842 0.0035 0.9964
vn 0.0911 0.0067 0.9958
vn 0.1283 0.0213 0.9915
vn 0.4867 0.8700 -0.0788
vn 0.4861 0.8694 -0.0881
vn 0.4853 0.8699 -0.0877
vn 0.4859 0.8705 -0.0785
vn -0.9994 -0.0297 0.0200
vn 0.4908 0.8712 -0.0125
vn 0.4927 0.8702 -0.0046
vn 0.4944 0.8692 -0.0059
vn 0.4925 0.8702 -0.0139
vn 0.9546 0.2976 -0.0110
vn 0.7370 0.1289 0.6635
vn 0.9642 0.0969 -0.2468
vn 0.9346 0.1580 -0.3187
vn 0.7636 0.1749 0.6215
vn 0.4836 0.8573 0.1763
vn 0.4835 0.8577 0.1752
vn 0.4832 0.8578 0.1752
vn 0.4834 0.8574 0.1765
vn -0.9446 -0.0281 -0.3272
vn -0.9994 -0.0297 0.0169
vn 0.4289 0.8907 -0.1508
vn 0.4343 0.8436 0.3159
vn 0.4533 0.8378 0.3042
vn 0.4076 0.8995 -0.1577
vn 0.8929 0.0265 0.4494
vn 0.8930 0.0266 0.4494
vn 0.9960 0.0296 -0.0838
vn 0.2156 0.3917 0.8945
vn 0.3448 0.0903 0.9343
vn 0.2336 0.7073 0.6672
vn 0.1912 0.3503 0.9169
vn 0.2345 0.2851 0.9294
vn -0.7533 -0.0224 -0.6573
vn -0.4912 0.7468 -0.4483
vn -0.3631 0.7124 -0.6005
vn -0.0785 0.8939 -0.4412
vn 0.1806 0.4983 -0.8480
vn 0.9183 0.3628 -0.1586
vn 0.8638 0.2956 -0.4080
vn 0.8374 0.3279 -0.4373
vn 0.8967 0.3963 -0.1974
vn 0.9700 0.1830 -0.1600
vn 0.3954 0.8664 -0.3050
vn 0.5486 0.7634 -0.3409
vn 0.6626 0.5467 -0.5119
vn 0.6523 0.3405 -0.6772
vn 0.6550 0.1738 -0.7354
vn 0.6223 0.2569 -0.7394
vn 0.6785 0.2542 -0.6892
vn 0.7323 0.1580 -0.6624
vn 0.9419 0.2936 -0.1631
vn 0.1116 0.7078 0.6976
vn 0.0852 0.8124 0.5768
vn -0.3192 0.8669 0.3829
vn -0.1927 0.4590 0.8673
vn -0.9988 -0.0297 0.0397
vn 0.0719 0.8914 -0.4476
vn 0.0813 0.8775 -0.4727
vn 0.1150 0.8646 -0.4891
vn 0.3503 0.4178 -0.8383
vn -0.9873 -0.0294 -0.1564
vn -0.7163 -0.0213 -0.6974
vn -0.0345 -0.0010 0.9994
vn -0.7176 0.6486 -0.2537
vn -0.6694 0.7004 -0.2476
vn -0.6291 -0.0692 -0.7742
vn -0.8457 0.1446 -0.5137
vn -0.4360 0.3632 -0.8234
vn -0.8595 0.3785 -0.3436
vn -0.5925 0.7527 -0.2871
vn -0.7133 0.6791 -0.1730
vn 0.0111 0.0003 0.9999
vn 0.9964 0.0296 -0.0790
vn 0.9964 0.0296 -0.0789
vn 0.1052 0.3435 -0.9333
vn -0.2601 0.9379 -0.2296
vn -0.0631 0.2227 -0.9728
vn -0.2477 0.9333 -0.2600
vn -0.0528 -0.0016 0.9986
vn -0.0084 -0.0003 -1.0000
vn -0.0084 -0.0002 -1.0000
vn 0.4018 0.5131 -0.7584
vn 0.4832 0.5966 -0.6407
vn 0.3547 0.4295 -0.8305
vn 0.1299 0.2735 -0.9531
vn 0.3373 0.1516 -0.9291
vn -0.3837 0.6903 -0.6134
vn 0.2541 -0.0572 -0.9655
vn -0.3251 0.6943 -0.6421
vn 0.9964 0.0296 -0.0788
vn 0.0369 0.8439 -0.5352
vn 0.0782 0.7898 -0.6084
vn -0.0027 0.7905 -0.6125
vn 0.0389 0.7310 -0.6813
vn 0.3108 0.6713 -0.6729
vn 0.6996 0.5563 -0.4484
vn 0.3385 0.0932 -0.9364
vn 0.3158 0.0942 -0.9441
vn 0.0136 0.0004 0.9999
vn -0.9994 -0.0297 0.0184
vn -0.9996 -0.0298 0.0037
vn -0.3818 -0.0114 -0.9242
vn -0.9994 -0.0297 0.0189
vn -0.0191 0.7365 -0.6761
vn -0.0195 0.7371 -0.6755
vn -0.0197 0.7365 -0.6761
vn 0.0032 0.0001 -1.0000
vn 0.9985 0.0297 -0.0453
vn 0.0143 0.9985 -0.0520
vn 0.0001 0.9979 -0.0655
vn -0.1511 0.9531 0.2622
vn -0.1294 0.9486 0.2888
vn 0.5019 0.0149 -0.8648
vn -0.9556 -0.0284 -0.2932
vn -0.0953 0.7844 -0.6129
vn -0.0598 0.7561 -0.6517
vn -0.1087 0.7911 -0.6019
vn -0.1333 0.8072 -0.5750
vn -0.3719 0.7157 -0.5912
vn -0.3661 0.7263 -0.5818
vn -0.3694 0.6870 -0.6257
vn -0.3678 0.6319 -0.6823
vn -0.5286 -0.0157 -0.8487
vn -0.7316 -0.0218 0.6814
vn 0.7289 0.0217 0.6843
vn -0.9993 -0.0297 0.0245
vn 0.0008 -0.0000 -1.0000
vn 0.7045 0.0209 -0.7094
vn 0.7659 0.0228 -0.6425
vn 0.9996 0.0297 0.0022
vn -0.7040 -0.0209 -0.7098
vn -0.7040 -0.0209 -0.7099
vn -0.0088 0.7337 -0.6794
vn -0.0119 0.7331 -0.6800
vn 0.0076 0.7364 -0.6765
vn 0.0111 0.7370 -0.6758
vn -0.2446 0.7896 -0.5628
vn -0.2459 0.7886 -0.5637
vn -0.2372 0.7932 -0.5608
vn -0.2354 0.7946 -0.5596
vn 0.1276 0.0038 0.9918
vn -0.0591 -0.0948 -0.9937
vn -0.0906 -0.0309 -0.9954
vn 0.1106 -0.3489 -0.9306
vn 0.1514 -0.3956 -0.9059
vn 0.8359 0.0249 -0.5483
vn -0.3721 -0.0110 -0.9281
vn -0.3721 -0.0111 -0.9281
vn -0.1988 -0.2345 0.9516
vn -0.1965 -0.2355 0.9518
vn -0.2028 -0.2321 0.9513
vn -0.2088 -0.2303 0.9505
vn 0.7581 0.6506 -0.0453
vn 0.7487 0.6400 -0.1727
vn 0.7333 0.6569 -0.1754
vn 0.7432 0.6672 -0.0495
vn 0.7276 0.6482 -0.2245
vn 0.7352 0.6690 -0.1093
vn 0.7508 0.6525 -0.1027
vn 0.7437 0.6315 -0.2194
vn 0.7288 0.6555 0.1979
vn 0.6877 0.6168 0.3829
vn 0.6848 0.6079 0.4019
vn 0.7320 0.6415 0.2295
vn 0.7414 0.6178 0.2620
vn 0.7416 0.6180 0.2608
vn 0.7415 0.6182 0.2608
vn 0.7412 0.6181 0.2618
vn 0.7682 0.6400 -0.0160
vn 0.7689 0.6394 -0.0054
vn 0.7704 0.6375 -0.0055
vn 0.7698 0.6381 -0.0161
vn 0.7101 0.6766 -0.1946
vn 0.6185 0.5894 -0.5197
vn 0.5357 0.6497 -0.5395
vn 0.6465 0.7311 -0.2179
vn 0.5930 0.5707 -0.5680
vn 0.5939 0.5688 -0.5690
vn 0.5737 0.6053 -0.5518
vn 0.5692 0.6124 -0.5486
vn 0.9994 0.0297 -0.0197
vn -0.7381 -0.0220 0.6744
vn 0.1087 -0.0079 0.9940
vn 0.1293 -0.0136 0.9915
vn 0.0913 -0.0013 0.9958
vn 0.0842 0.0015 0.9964
vn 0.5376 -0.8395 -0.0788
vn 0.5368 -0.8401 -0.0785
vn 0.5361 -0.8396 -0.0877
vn 0.5369 -0.8390 -0.0881
vn 0.5417 -0.8405 -0.0126
vn 0.5433 -0.8394 -0.0139
vn 0.5452 -0.8383 -0.0059
vn 0.5435 -0.8394 -0.0046
vn 0.9706 -0.2404 -0.0110
vn 0.7434 -0.0848 0.6635
vn 0.7726 -0.1293 0.6215
vn 0.9423 -0.1022 -0.3187
vn 0.9683 -0.0394 -0.2468
vn 0.5337 -0.8271 0.1763
vn 0.5335 -0.8272 0.1764
vn 0.5333 -0.8276 0.1751
vn 0.5335 -0.8275 0.1751
vn 0.4811 -0.8636 -0.1508
vn 0.4603 -0.8737 -0.1577
vn 0.5023 -0.8094 0.3042
vn 0.4837 -0.8163 0.3159
vn 0.8930 0.0265 0.4494
vn 0.2124 -0.3781 0.9011
vn 0.2510 -0.2706 0.9294
vn 0.1837 -0.5228 0.8324
vn 0.3709 -0.6665 0.6467
vn 0.2775 -0.6728 0.6858
vn -0.4460 -0.7747 -0.4483
vn 0.2100 -0.4866 -0.8480
vn -0.0252 -0.8970 -0.4413
vn -0.3202 -0.7327 -0.6005
vn 0.9382 -0.3076 -0.1586
vn 0.9186 -0.3423 -0.1974
vn 0.8554 -0.2776 -0.4373
vn 0.8798 -0.2437 -0.4080
vn 0.9792 -0.1251 -0.1600
vn 0.4462 -0.8414 -0.3050
vn 0.6714 -0.3011 -0.6772
vn 0.6939 -0.5064 -0.5119
vn 0.5930 -0.7295 -0.3409
vn 0.6642 -0.1346 -0.7354
vn 0.7408 -0.1109 -0.6625
vn 0.6924 -0.2134 -0.6892
vn 0.6365 -0.2194 -0.7394
vn 0.9577 -0.2372 -0.1631
vn 0.1534 -0.6999 0.6976
vn -0.1651 -0.4696 0.8673
vn -0.2671 -0.8843 0.3829
vn 0.1333 -0.8059 0.5768
vn 0.1247 -0.8855 -0.4476
vn 0.3744 -0.3962 -0.8384
vn 0.1662 -0.8562 -0.4891
vn 0.1333 -0.8711 -0.4727
vn -0.9873 -0.0294 -0.1563
vn -0.6778 -0.6901 -0.2537
vn -0.6322 0.0317 -0.7742
vn -0.6266 -0.7389 -0.2476
vn -0.8356 -0.1946 -0.5137
vn -0.4137 -0.3885 -0.8234
vn -0.5468 -0.7865 -0.2871
vn -0.8355 -0.4289 -0.3436
vn -0.6717 -0.7203 -0.1730
vn 0.1254 -0.3365 -0.9333
vn -0.0496 -0.2260 -0.9729
vn -0.2038 -0.9517 -0.2296
vn -0.1918 -0.9464 -0.2601
vn 0.4316 -0.4883 -0.7584
vn 0.1459 -0.2653 -0.9531
vn 0.3796 -0.4076 -0.8305
vn 0.5178 -0.5669 -0.6407
vn 0.3458 -0.1314 -0.9291
vn 0.2503 0.0722 -0.9655
vn -0.3420 -0.7119 -0.6134
vn -0.2833 -0.7124 -0.6421
vn 0.0870 -0.8402 -0.5352
vn 0.0443 -0.7892 -0.6125
vn 0.1250 -0.7837 -0.6084
vn 0.0822 -0.7274 -0.6813
vn 0.3501 -0.6516 -0.6729
vn 0.3434 -0.0729 -0.9364
vn 0.7314 -0.5138 -0.4484
vn 0.3208 -0.0752 -0.9441
vn 0.0247 -0.7364 -0.6761
vn 0.0241 -0.7364 -0.6761
vn 0.0243 -0.7369 -0.6755
vn 0.0736 -0.9959 -0.0520
vn -0.0728 -0.9546 0.2888
vn -0.0941 -0.9604 0.2622
vn 0.0594 -0.9961 -0.0655
vn -0.0486 -0.7887 -0.6129
vn -0.0851 -0.8137 -0.5750
vn -0.0615 -0.7962 -0.6019
vn -0.0147 -0.7583 -0.6517
vn -0.3287 -0.7365 -0.5912
vn -0.3296 -0.6526 -0.6823
vn -0.3280 -0.7078 -0.6257
vn -0.3223 -0.7468 -0.5818
vn -0.9993 -0.0297 0.0244
vn 0.0348 -0.7329 -0.6794
vn 0.0548 -0.7351 -0.6758
vn 0.0514 -0.7346 -0.6765
vn 0.0317 -0.7326 -0.6800
vn -0.1972 -0.8027 -0.5628
vn -0.1878 -0.8072 -0.5596
vn -0.1897 -0.8059 -0.5608
vn -0.1986 -0.8018 -0.5637
vn -0.0647 0.0911 -0.9937
vn 0.1276 0.4039 -0.9059
vn 0.0897 0.3549 -0.9306
vn -0.0923 0.0255 -0.9954
vn -0.2124 0.2223 0.9516
vn -0.2221 0.2175 0.9505
vn -0.2162 0.2197 0.9513
vn -0.2100 0.2234 0.9518
vn 0.7950 -0.6049 -0.0452
vn 0.7816 -0.6219 -0.0495
vn 0.7710 -0.6122 -0.1754
vn 0.7854 -0.5944 -0.1727
vn 0.7648 -0.6039 -0.2245
vn 0.7799 -0.5862 -0.2194
vn 0.7882 -0.6067 -0.1027
vn 0.7737 -0.6241 -0.1093
vn 0.7665 -0.6110 0.1979
vn 0.7688 -0.5969 0.2295
vn 0.7197 -0.5662 0.4019
vn 0.7231 -0.5749 0.3829
vn 0.7768 -0.5727 0.2620
vn 0.7766 -0.5730 0.2618
vn 0.7769 -0.5732 0.2606
vn 0.7770 -0.5728 0.2610
vn 0.8049 -0.5932 -0.0160
vn 0.8063 -0.5913 -0.0161
vn 0.8070 -0.5906 -0.0055
vn 0.8055 -0.5925 -0.0054
vn 0.7491 -0.6332 -0.1946
vn 0.6888 -0.6914 -0.2179
vn 0.5733 -0.6167 -0.5395
vn 0.6525 -0.5516 -0.5197
vn -0.0019 -0.0000 1.0000
vn 0.9868 0.0294 -0.1590
vn 0.6258 -0.5346 -0.5680
vn 0.6046 -0.5775 -0.5486
vn 0.6086 -0.5702 -0.5518
vn 0.6266 -0.5325 -0.5690
vn -0.0035 -0.0001 -1.0000
vn -0.9996 -0.0297 0.0028
vn -0.7041 -0.0209 -0.7098
vn 0.7253 0.0216 -0.6881
vn -0.0053 -0.0001 1.0000
vn -0.0008 -0.0000 1.0000
vn -0.7300 -0.0217 0.6831
vn -0.7185 -0.0214 0.6952
vn -0.5286 -0.0157 0.8487
vn -0.5287 -0.0157 0.8487
vn -0.4794 -0.0143 0.8775
vn -0.8748 -0.0260 0.4837
vn -0.8774 -0.0261 0.4790
vn -0.7505 -0.0223 0.6605
vn -0.7439 -0.0221 -0.6679
vn 0.0828 0.0025 -0.9966
vn -0.8373 -0.0249 0.5462
vn -0.9501 -0.0282 -0.3106
vn -0.9501 -0.0283 -0.3106
vn 0.2507 0.0075 -0.9680
vn 0.8969 0.0267 -0.4413
vn 0.9120 0.0271 -0.4092
vn -0.0099 -0.0003 -1.0000
vn 0.2568 0.0076 -0.9664
vn -0.9974 -0.0297 -0.0661
vn -0.9974 -0.0297 -0.0660
vn -0.5243 -0.0156 -0.8514
vn -0.9169 -0.0273 0.3981
vn -0.9170 -0.0273 0.3981
vn -0.9672 -0.0288 0.2524
vn -0.9996 -0.0297 -0.0019
vn -0.9749 -0.0290 0.2209
vn -0.8171 -0.0243 -0.5760
vn -0.9858 -0.0293 -0.1655
vn -0.7107 -0.0211 -0.7032
vn -0.8668 -0.0258 -0.4981
vn -0.9295 -0.0276 -0.3677
vn -0.1239 -0.0037 -0.9923
vn 0.7027 0.0209 0.7112
vn -0.5425 -0.8401 0.0002
vn -0.5422 -0.8402 0.0003
vn -0.6603 -0.0196 -0.7507
vn -0.6600 -0.0196 0.7510
vn 0.1239 0.0037 0.9923
vn 0.9704 0.0288 -0.2397
vn 0.9800 0.0292 -0.1970
vn 0.9995 0.0298 0.0053
vn -0.9987 -0.0296 -0.0411
vn 0.9994 0.0297 -0.0171
vn 0.9994 0.0298 -0.0171
vn 0.0052 0.0001 -1.0000
vn -0.9996 -0.0297 0.0004
vn -0.9994 -0.0298 0.0171
vn -0.9994 -0.0297 0.0171
vn 0.9994 0.0298 -0.0183
vn -0.8749 -0.0260 0.4837
vn 0.8291 0.0246 0.5585
vn -0.5912 0.8065 0.0003
vn -0.5914 0.8063 0.0002
vn -0.9907 -0.0295 0.1329
vn -0.9800 -0.0292 -0.1968
vn 0.9704 0.0288 -0.2396
vn -0.9996 -0.0297 -0.0018
vn 0.9995 0.0298 0.0052
vn -0.9994 -0.0298 0.0170
vn -0.9956 -0.0296 0.0894
vn -0.9970 -0.0297 -0.0714
vn -0.7225 -0.0215 -0.6911
vn 0.0004 -0.0000 1.0000
vn -0.9996 -0.0297 -0.0028
vn -0.9996 -0.0297 -0.0027
vn -0.6104 -0.0182 0.7919
vn 0.9820 0.0292 0.1865
vn 0.0195 0.0006 -0.9998
vn -0.3818 -0.0113 -0.9242
vn -0.5317 -0.0158 -0.8468
vn 0.5221 0.0061 0.8529
vn 0.4739 -0.0166 0.8804
vn 0.5332 0.0105 0.8459
vn 0.3668 0.9190 -0.1447
vn 0.5419 0.0150 0.8403
vn 0.0010 0.0001 1.0000
vn 0.5331 0.0212 0.8458
vn 0.4722 0.0448 0.8803
vn 0.5215 0.0250 0.8529
vn 0.5419 0.0171 0.8403
vn -0.0297 0.9996 0.0003
vt 0.000000 0.000000
vt 0.125000 0.625000
vt 0.187500 0.625000
vt 0.187500 0.750000
vt 0.125000 0.750000
vt 0.625000 0.125000
vt 0.625000 0.000000
vt 0.625000 0.937500
vt 0.375000 0.937500
vt 0.093750 0.312500
vt 0.187500 0.750000
vt 0.187500 0.625000
vt 0.625000 0.125000
vt 0.625000 1.000000
vt 0.375000 1.000000
vt 0.375000 0.000000
vt 0.375000 0.125000
vt 0.625000 0.000000
s 0
usemtl white_putple
f 12/1/1 8/1/1 278/1/1
f 12/1/2 278/1/2 284/1/2
f 1/1/3 6/1/3 274/1/3
f 1/1/3 274/1/3 267/1/3
f 17/1/4 18/1/4 15/1/4
f 17/1/4 15/1/4 16/1/4
f 14/1/4 13/1/4 18/1/4
f 14/1/4 18/1/4 17/1/4
f 106/1/4 107/1/4 20/1/4
f 107/1/4 19/1/4 20/1/4
f 23/1/4 24/1/4 21/1/4
f 23/1/4 21/1/4 22/1/4
f 25/1/4 26/1/4 24/1/4
f 25/1/4 24/1/4 23/1/4
f 20/1/4 19/1/4 26/1/4
f 20/1/4 26/1/4 25/1/4
f 22/1/4 21/1/4 27/1/4
f 22/1/4 27/1/4 28/1/4
f 49/1/4 34/1/4 32/1/4
f 49/1/4 32/1/4 48/1/4
f 51/1/4 38/1/4 34/1/4
f 51/1/4 34/1/4 49/1/4
f 47/1/4 30/1/4 35/1/4
f 47/1/4 35/1/4 50/1/4
f 50/1/4 35/1/4 38/1/4
f 50/1/4 38/1/4 51/1/4
f 48/1/4 32/1/4 40/1/4
f 48/1/4 40/1/4 52/1/4
f 52/1/4 40/1/4 46/1/4
f 52/1/4 46/1/4 55/1/4
f 39/1/4 45/1/4 83/1/4
f 39/1/4 83/1/4 78/1/4
f 39/1/4 52/1/4 55/1/4
f 39/1/4 55/1/4 45/1/4
f 41/1/5 43/1/5 53/1/5
f 41/1/5 53/1/5 56/1/5
f 31/1/4 48/1/4 52/1/4
f 31/1/4 52/1/4 39/1/4
f 36/1/4 50/1/4 51/1/4
f 36/1/4 51/1/4 37/1/4
f 29/1/4 47/1/4 50/1/4
f 29/1/4 50/1/4 36/1/4
f 37/1/4 51/1/4 49/1/4
f 37/1/4 49/1/4 33/1/4
f 33/1/4 49/1/4 48/1/4
f 33/1/4 48/1/4 31/1/4
f 57/1/6 54/1/6 61/1/6
f 57/1/6 61/1/6 65/1/6
f 55/1/4 46/1/4 58/1/4
f 55/1/4 58/1/4 62/1/4
f 70/1/7 73/1/7 238/1/7
f 70/1/7 238/1/7 234/1/7
f 78/1/4 83/1/4 89/1/4
f 78/1/4 89/1/4 84/1/4
f 44/1/8 42/1/8 80/1/8
f 44/1/8 80/1/8 82/1/8
f 81/1/9 79/1/9 85/1/9
f 81/1/9 85/1/9 87/1/9
f 90/1/4 95/1/4 103/1/4
f 90/1/4 103/1/4 98/1/4
f 88/1/10 86/1/10 92/1/10
f 88/1/11 92/1/11 94/1/11
f 84/1/4 89/1/4 95/1/4
f 84/1/4 95/1/4 90/1/4
f 96/1/12 97/1/12 102/1/12
f 96/1/12 102/1/12 100/1/12
f 93/1/13 91/1/13 99/1/13
s 1
f 93/1/13 99/1/13 101/1/13
s 0
f 90/1/4 98/1/4 105/1/4
f 90/1/4 105/1/4 104/1/4
f 16/1/4 15/1/4 107/1/4
f 16/1/4 107/1/4 106/1/4
f 69/1/14 77/1/14 243/1/14
f 69/1/14 243/1/14 231/1/14
f 121/1/15 125/1/15 291/1/15
f 121/1/15 291/1/15 286/1/15
f 122/1/16 118/1/16 261/1/16
f 122/1/16 261/1/16 266/1/16
f 108/1/10 112/1/10 251/1/10
f 108/1/10 251/1/10 245/1/10
f 133/1/17 132/1/17 145/1/17
f 133/1/17 145/1/17 146/1/17
f 137/1/17 136/1/17 135/1/17
f 137/1/17 135/1/17 134/1/17
f 141/1/17 140/1/17 136/1/17
f 141/1/17 136/1/17 137/1/17
f 141/1/17 137/1/17 139/1/17
f 141/1/17 139/1/17 142/1/17
f 132/1/17 141/1/17 142/1/17
f 132/1/17 142/1/17 138/1/17
f 132/1/17 133/1/17 140/1/17
f 132/1/17 140/1/17 141/1/17
f 140/1/17 133/1/17 143/1/17
f 140/1/17 143/1/17 144/1/17
f 143/1/17 133/1/17 146/1/17
f 143/1/17 146/1/17 147/1/17
f 172/1/18 167/1/18 208/1/18
f 172/1/18 208/1/18 212/1/18
f 174/1/19 170/1/19 215/1/19
f 174/1/19 215/1/19 217/1/19
f 153/1/20 160/1/20 201/1/20
f 153/1/20 201/1/20 189/1/20
f 162/1/17 159/1/17 164/1/17
f 151/1/21 152/1/21 188/1/21
f 151/1/21 188/1/21 192/1/21
f 168/1/22 166/1/22 207/1/22
f 168/1/22 207/1/22 210/1/22
f 157/1/23 176/1/23 184/1/23
f 157/1/23 184/1/23 198/1/23
f 149/1/24 175/1/24 178/1/24
f 149/1/24 178/1/24 181/1/24
f 116/1/25 120/1/25 263/1/25
f 116/1/25 263/1/25 257/1/25
f 115/1/26 111/1/26 250/1/26
f 115/1/26 250/1/26 256/1/26
f 75/1/27 63/1/27 225/1/27
f 75/1/27 225/1/27 241/1/27
f 196/1/17 187/1/17 203/1/17
f 187/1/17 200/1/17 203/1/17
f 195/1/17 191/1/17 187/1/17
f 195/1/17 187/1/17 196/1/17
f 179/1/17 195/1/17 196/1/17
f 179/1/17 196/1/17 183/1/17
f 182/1/17 186/1/17 206/1/17
f 186/1/17 209/1/17 206/1/17
f 209/1/17 186/1/17 216/1/17
f 209/1/17 216/1/17 213/1/17
f 216/1/17 186/1/17 219/1/17
f 216/1/17 219/1/17 218/1/17
f 182/1/17 179/1/17 183/1/17
f 182/1/17 183/1/17 186/1/17
f 186/1/17 183/1/17 219/1/17
f 163/1/28 156/1/28 197/1/28
f 163/1/28 197/1/28 204/1/28
f 165/1/29 148/1/29 180/1/29
f 165/1/29 180/1/29 205/1/29
f 154/1/30 150/1/30 190/1/30
f 154/1/30 190/1/30 193/1/30
f 175/1/24 155/1/24 194/1/24
f 175/1/24 194/1/24 178/1/24
f 177/1/31 173/1/31 220/1/31
f 177/1/31 220/1/31 185/1/31
f 158/1/32 161/1/32 202/1/32
f 158/1/32 202/1/32 199/1/32
f 169/1/33 171/1/33 211/1/33
f 169/1/33 211/1/33 214/1/33
f 247/1/17 252/1/17 258/1/17
f 258/1/17 264/1/17 265/1/17
f 258/1/17 265/1/17 260/1/17
f 249/1/17 247/1/17 258/1/17
f 258/1/17 260/1/17 254/1/17
f 258/1/17 254/1/17 249/1/17
f 60/1/34 71/1/34 235/1/34
f 60/1/34 235/1/34 223/1/34
f 110/1/35 109/1/35 246/1/35
f 110/1/35 246/1/35 248/1/35
f 113/1/36 117/1/36 259/1/36
f 113/1/36 259/1/36 253/1/36
f 72/1/37 67/1/37 228/1/37
f 72/1/37 228/1/37 236/1/37
f 119/1/38 114/1/38 255/1/38
f 119/1/38 255/1/38 262/1/38
f 66/1/39 68/1/39 230/1/39
f 66/1/39 230/1/39 227/1/39
f 76/1/40 74/1/40 239/1/40
f 76/1/40 239/1/40 242/1/40
f 64/1/41 59/1/41 222/1/41
f 64/1/41 222/1/41 226/1/41
f 240/1/4 224/1/4 221/1/4
f 221/1/4 233/1/4 237/1/4
f 237/1/4 229/1/4 232/1/4
f 232/1/4 244/1/4 240/1/4
f 221/1/4 237/1/4 232/1/4
f 221/1/4 232/1/4 240/1/4
f 271/1/17 269/1/17 275/1/17
f 271/1/17 275/1/17 276/1/17
f 276/1/17 275/1/17 281/1/17
f 276/1/17 281/1/17 283/1/17
f 10/1/42 11/1/42 282/1/42
f 10/1/42 282/1/42 280/1/42
f 7/1/43 4/1/43 272/1/43
f 7/1/43 272/1/43 277/1/43
f 5/1/44 9/1/44 279/1/44
f 5/1/44 279/1/44 273/1/44
f 3/1/45 2/1/45 268/1/45
f 3/1/45 268/1/45 270/1/45
f 292/1/17 290/1/17 297/1/17
f 292/1/17 297/1/17 299/1/17
f 287/1/17 285/1/17 290/1/17
f 287/1/17 290/1/17 292/1/17
f 124/1/46 128/1/46 295/1/46
f 124/1/47 295/1/47 289/1/47
f 129/1/48 130/1/48 298/1/48
f 129/1/48 298/1/48 296/1/48
f 127/1/49 123/1/49 288/1/49
f 127/1/49 288/1/49 294/1/49
f 131/1/50 126/1/50 293/1/50
f 131/1/50 293/1/50 300/1/50
f 312/1/1 570/1/1 564/1/1
f 312/1/1 564/1/1 308/1/1
f 301/1/3 553/1/3 560/1/3
f 301/1/3 560/1/3 306/1/3
f 317/1/17 316/1/17 315/1/17
f 317/1/17 315/1/17 318/1/17
f 314/1/17 317/1/17 318/1/17
f 314/1/17 318/1/17 313/1/17
f 392/1/17 320/1/17 393/1/17
f 320/1/17 319/1/17 393/1/17
f 323/1/17 322/1/17 321/1/17
f 323/1/17 321/1/17 324/1/17
f 325/1/17 323/1/17 324/1/17
f 325/1/17 324/1/17 326/1/17
f 320/1/17 325/1/17 326/1/17
f 320/1/17 326/1/17 319/1/17
f 322/1/17 328/1/17 327/1/17
f 322/1/17 327/1/17 321/1/17
f 347/1/17 346/1/17 332/1/17
f 347/1/17 332/1/17 334/1/17
f 349/1/17 347/1/17 334/1/17
f 349/1/17 334/1/17 338/1/17
f 345/1/17 348/1/17 335/1/17
f 345/1/17 335/1/17 330/1/17
f 348/1/17 349/1/17 338/1/17
f 348/1/17 338/1/17 335/1/17
f 346/1/17 350/1/17 340/1/17
f 346/1/17 340/1/17 332/1/17
f 350/1/17 353/1/17 344/1/17
f 350/1/17 344/1/17 340/1/17
f 339/1/17 373/1/17 376/1/17
f 339/1/17 376/1/17 343/1/17
f 339/1/17 343/1/17 353/1/17
f 339/1/17 353/1/17 350/1/17
f 41/1/5 56/1/5 351/1/5
f 41/1/5 351/1/5 341/1/5
f 331/1/17 339/1/17 350/1/17
f 331/1/17 350/1/17 346/1/17
f 336/1/17 337/1/17 349/1/17
f 336/1/17 349/1/17 348/1/17
f 329/1/17 336/1/17 348/1/17
f 329/1/17 348/1/17 345/1/17
f 337/1/17 333/1/17 347/1/17
f 337/1/17 347/1/17 349/1/17
f 333/1/17 331/1/17 346/1/17
f 333/1/17 346/1/17 347/1/17
f 57/1/6 65/1/6 357/1/6
f 57/1/6 357/1/6 352/1/6
f 353/1/17 358/1/17 354/1/17
f 353/1/17 354/1/17 344/1/17
f 365/1/7 520/1/7 524/1/7
f 365/1/7 524/1/7 368/1/7
f 373/1/17 377/1/17 380/1/17
f 373/1/17 380/1/17 376/1/17
f 342/1/8 375/1/8 80/1/8
f 342/1/8 80/1/8 42/1/8
f 374/1/9 378/1/9 85/1/9
f 374/1/9 85/1/9 79/1/9
f 381/1/17 386/1/17 389/1/17
f 381/1/17 389/1/17 384/1/17
f 379/1/11 383/1/11 92/1/11
f 379/1/10 92/1/10 86/1/10
f 377/1/17 381/1/17 384/1/17
f 377/1/17 384/1/17 380/1/17
f 96/1/12 100/1/12 388/1/12
f 96/1/12 388/1/12 385/1/12
f 382/1/13 387/1/13 99/1/13
f 382/1/13 99/1/13 91/1/13
f 381/1/17 390/1/17 391/1/17
f 381/1/17 391/1/17 386/1/17
f 316/1/17 392/1/17 393/1/17
f 316/1/17 393/1/17 315/1/17
f 364/1/14 517/1/14 529/1/14
f 364/1/14 529/1/14 372/1/14
f 407/1/15 572/1/15 577/1/15
f 407/1/15 577/1/15 411/1/15
f 408/1/16 552/1/16 547/1/16
f 408/1/16 547/1/16 404/1/16
f 394/1/10 531/1/10 537/1/10
f 394/1/10 537/1/10 398/1/10
f 419/1/4 432/1/4 431/1/4
f 419/1/4 431/1/4 418/1/4
f 423/1/4 420/1/4 421/1/4
f 423/1/4 421/1/4 422/1/4
f 427/1/4 423/1/4 422/1/4
f 427/1/4 422/1/4 426/1/4
f 427/1/4 428/1/4 425/1/4
f 427/1/4 425/1/4 423/1/4
f 418/1/4 424/1/4 428/1/4
f 418/1/4 428/1/4 427/1/4
f 418/1/4 427/1/4 426/1/4
f 418/1/4 426/1/4 419/1/4
f 426/1/4 430/1/4 429/1/4
f 426/1/4 429/1/4 419/1/4
f 429/1/4 433/1/4 432/1/4
f 429/1/4 432/1/4 419/1/4
f 458/1/18 498/1/18 494/1/18
f 458/1/18 494/1/18 453/1/18
f 460/1/19 503/1/19 501/1/19
f 460/1/19 501/1/19 456/1/19
f 439/1/20 475/1/20 487/1/20
f 439/1/20 487/1/20 446/1/20
f 448/1/4 450/1/4 445/1/4
f 437/1/21 478/1/21 474/1/21
f 437/1/21 474/1/21 438/1/21
f 454/1/22 496/1/22 493/1/22
f 454/1/22 493/1/22 452/1/22
f 443/1/23 484/1/23 470/1/23
f 443/1/23 470/1/23 462/1/23
f 435/1/24 467/1/24 464/1/24
f 435/1/24 464/1/24 461/1/24
f 402/1/25 543/1/25 549/1/25
f 402/1/25 549/1/25 406/1/25
f 401/1/26 542/1/26 536/1/26
f 401/1/26 536/1/26 397/1/26
f 370/1/27 527/1/27 511/1/27
f 370/1/27 511/1/27 359/1/27
f 482/1/4 489/1/4 473/1/4
f 489/1/4 486/1/4 473/1/4
f 481/1/4 482/1/4 473/1/4
f 481/1/4 473/1/4 477/1/4
f 465/1/4 469/1/4 482/1/4
f 465/1/4 482/1/4 481/1/4
f 468/1/4 492/1/4 472/1/4
f 492/1/4 495/1/4 472/1/4
f 495/1/4 499/1/4 502/1/4
f 495/1/4 502/1/4 472/1/4
f 502/1/4 504/1/4 505/1/4
f 502/1/4 505/1/4 472/1/4
f 468/1/4 472/1/4 469/1/4
f 468/1/4 469/1/4 465/1/4
f 472/1/4 505/1/4 469/1/4
f 449/1/28 490/1/28 483/1/28
f 449/1/28 483/1/28 442/1/28
f 451/1/29 491/1/29 466/1/29
f 451/1/29 466/1/29 434/1/29
f 440/1/30 479/1/30 476/1/30
f 440/1/30 476/1/30 436/1/30
f 461/1/24 464/1/24 480/1/24
f 461/1/24 480/1/24 441/1/24
f 463/1/31 471/1/31 506/1/31
f 463/1/31 506/1/31 459/1/31
f 444/1/32 485/1/32 488/1/32
f 444/1/32 488/1/32 447/1/32
f 455/1/33 500/1/33 497/1/33
f 455/1/33 497/1/33 457/1/33
f 544/1/4 538/1/4 533/1/4
f 533/1/4 535/1/4 540/1/4
f 546/1/4 551/1/4 550/1/4
f 533/1/4 540/1/4 546/1/4
f 546/1/4 550/1/4 544/1/4
f 533/1/4 546/1/4 544/1/4
f 356/1/34 509/1/34 521/1/34
f 356/1/34 521/1/34 366/1/34
f 396/1/35 534/1/35 532/1/35
f 396/1/35 532/1/35 395/1/35
f 399/1/36 539/1/36 545/1/36
f 399/1/36 545/1/36 403/1/36
f 367/1/37 522/1/37 514/1/37
f 367/1/37 514/1/37 362/1/37
f 405/1/38 548/1/38 541/1/38
f 405/1/38 541/1/38 400/1/38
f 361/1/39 513/1/39 516/1/39
f 361/1/39 516/1/39 363/1/39
f 371/1/40 528/1/40 525/1/40
f 371/1/40 525/1/40 369/1/40
f 360/1/41 512/1/41 508/1/41
f 360/1/41 508/1/41 355/1/41
f 507/1/17 510/1/17 526/1/17
f 526/1/17 530/1/17 518/1/17
f 518/1/17 515/1/17 523/1/17
f 523/1/17 519/1/17 507/1/17
f 507/1/17 526/1/17 518/1/17
f 518/1/17 523/1/17 507/1/17
f 557/1/4 562/1/4 561/1/4
f 557/1/4 561/1/4 555/1/4
f 562/1/4 569/1/4 567/1/4
f 562/1/4 567/1/4 561/1/4
f 310/1/42 566/1/42 568/1/42
f 310/1/42 568/1/42 311/1/42
f 307/1/43 563/1/43 558/1/43
f 307/1/43 558/1/43 304/1/43
f 305/1/44 559/1/44 565/1/44
f 305/1/44 565/1/44 309/1/44
f 303/1/45 556/1/45 554/1/45
f 303/1/45 554/1/45 302/1/45
f 578/1/4 585/1/4 583/1/4
f 578/1/4 583/1/4 576/1/4
f 573/1/4 578/1/4 576/1/4
f 573/1/4 576/1/4 571/1/4
f 410/1/46 575/1/46 581/1/46
f 410/1/47 581/1/47 414/1/47
f 415/1/48 582/1/48 584/1/48
f 415/1/48 584/1/48 416/1/48
f 413/1/49 580/1/49 574/1/49
f 413/1/49 574/1/49 409/1/49
f 417/1/50 586/1/50 579/1/50
f 417/1/50 579/1/50 412/1/50
usemtl Material.001
f 587/2/51 588/3/51 589/4/51
f 587/2/51 589/4/51 590/5/51
f 591/1/51 588/3/51 589/4/51
f 592/1/4 593/1/4 594/1/4
f 592/1/4 594/1/4 595/1/4
f 596/1/52 597/1/52 598/1/52
f 596/1/52 598/1/52 599/1/52
f 600/1/4 601/1/4 593/1/4
f 600/1/4 593/1/4 592/1/4
f 602/1/14 603/1/14 604/1/14
f 602/1/14 604/1/14 605/1/14
f 606/1/53 607/1/53 608/1/53
f 606/1/53 608/1/53 609/1/53
f 610/1/4 611/1/4 612/1/4
f 610/1/4 612/1/4 613/1/4
f 595/1/4 594/1/4 614/1/4
f 595/1/4 614/1/4 615/1/4
f 616/1/54 617/1/54 618/1/54
f 616/1/54 618/1/54 619/1/54
f 620/6/55 621/7/55 622/7/55
f 620/6/55 622/7/55 623/6/55
f 613/1/4 612/1/4 624/1/4
f 613/1/4 624/1/4 625/1/4
f 626/1/56 627/1/56 628/1/56
f 626/1/56 628/1/56 629/7/56
f 630/1/57 631/1/57 632/1/57
f 630/1/57 632/1/57 633/1/57
f 634/6/58 635/7/58 636/7/58
f 634/6/58 636/7/58 637/6/58
f 638/8/59 639/9/59 640/9/59
f 638/8/59 640/9/59 641/8/59
f 642/1/51 643/3/51 644/4/51
f 645/3/60 646/4/60 647/4/60
f 645/3/60 647/4/60 648/3/60
f 649/1/61 650/1/61 651/1/61
f 649/1/61 651/1/61 652/1/61
f 653/1/17 654/1/17 655/1/17
f 653/1/17 655/1/17 656/1/17
f 657/1/62 658/1/62 659/1/62
f 657/1/62 659/1/62 660/1/62
f 661/3/63 662/4/63 663/4/63
f 661/3/63 663/4/63 664/3/63
f 665/1/64 666/1/64 667/1/64
f 665/1/64 667/1/64 668/1/64
f 656/1/17 655/1/17 669/1/17
f 656/1/17 669/1/17 670/1/17
f 671/3/27 672/4/27 673/4/27
f 671/3/27 673/4/27 674/3/27
f 670/1/17 669/1/17 675/1/17
f 670/1/17 675/1/17 676/1/17
f 677/3/65 678/4/65 679/4/65
f 677/3/65 679/4/65 680/3/65
f 681/1/66 682/1/66 683/1/66
f 681/1/66 683/1/66 684/1/66
f 685/1/14 686/1/14 687/1/14
f 685/1/14 687/1/14 688/1/14
f 676/1/17 675/1/17 689/1/17
f 676/1/17 689/1/17 690/1/17
f 691/2/67 692/3/67 693/4/67
f 691/2/67 693/4/67 694/5/67
f 695/1/17 696/1/17 697/1/17
f 696/1/17 698/1/17 697/1/17
f 699/3/68 700/4/68 701/4/68
f 699/3/68 701/4/68 702/3/68
f 703/3/69 704/4/69 705/4/69
f 703/3/69 705/4/69 706/3/69
f 690/1/17 689/1/17 707/1/17
f 690/1/17 707/1/17 708/1/17
f 709/1/70 710/1/70 711/1/70
f 709/1/70 711/1/70 712/1/70
f 713/3/71 714/4/71 715/4/71
f 713/3/71 715/4/71 716/3/71
f 708/1/17 707/1/17 696/1/17
f 708/1/17 696/1/17 695/1/17
f 712/1/70 711/1/70 717/1/70
f 712/1/70 717/1/70 718/1/70
f 719/1/72 720/4/72 721/3/72
s 1
f 722/1/73 723/1/74 724/3/75
f 724/3/75 725/3/76 726/10/77
f 724/3/75 726/10/77 722/1/73
s 0
f 727/3/78 728/4/78 729/4/78
f 727/3/78 729/4/78 730/3/78
f 731/1/79 732/1/79 733/1/79
f 731/1/79 733/1/79 734/1/79
f 735/1/4 736/1/4 737/1/4
f 735/1/4 737/1/4 738/1/4
f 739/1/80 740/1/80 741/1/80
f 739/1/80 741/1/80 742/1/80
f 743/1/17 744/1/17 745/1/17
f 743/1/17 745/1/17 746/1/17
f 747/3/81 748/11/81 749/4/81
f 747/3/81 749/4/81 750/3/81
f 751/3/82 752/4/82 753/11/82
f 751/3/82 753/11/82 754/3/82
f 755/1/17 756/1/17 744/1/17
f 755/1/17 744/1/17 743/1/17
f 757/1/80 758/1/80 740/1/80
f 757/1/80 740/1/80 739/1/80
f 759/1/17 760/1/17 761/1/17
f 759/1/17 761/1/17 762/1/17
f 763/3/83 764/4/83 765/4/83
f 763/3/83 765/4/83 766/3/83
f 767/1/84 768/1/84 769/1/84
f 767/1/84 769/1/84 770/1/84
f 746/1/17 745/1/17 771/1/17
f 746/1/17 771/1/17 772/1/17
f 773/3/85 774/4/85 775/1/85
f 773/3/85 775/1/85 776/1/85
f 777/3/86 778/4/86 779/4/86
f 777/3/86 779/4/86 780/3/86
f 781/1/87 782/1/87 783/1/87
f 781/1/87 783/1/87 784/1/87
f 785/1/87 786/1/87 782/1/87
f 785/1/87 782/1/87 781/1/87
f 787/4/88 788/3/88 789/3/88
f 787/4/88 789/3/88 790/4/88
f 772/1/17 771/1/17 760/1/17
f 772/1/17 760/1/17 759/1/17
f 791/3/89 792/4/89 793/4/89
f 791/3/89 793/4/89 794/3/89
f 795/3/90 796/4/90 797/4/90
f 795/3/90 797/4/90 798/3/90
f 760/1/17 771/1/17 799/1/17
f 760/1/17 799/1/17 800/1/17
f 801/1/91 802/1/91 803/3/91
f 804/1/92 805/1/92 806/1/92
f 807/1/93 808/3/93 809/4/93
f 810/1/94 811/1/94 812/1/94
f 813/1/94 814/4/94 815/3/94
f 816/1/95 817/1/95 818/1/95
f 819/1/96 820/1/96 821/1/96
f 819/1/96 821/1/96 822/1/96
f 823/1/4 824/1/4 825/1/4
f 823/1/4 825/1/4 826/1/4
f 827/4/96 828/3/96 829/3/96
f 827/4/96 829/3/96 830/4/96
f 831/1/17 832/1/17 833/1/17
f 831/1/17 833/1/17 834/1/17
f 831/1/17 834/1/17 835/1/17
f 831/1/17 835/1/17 836/1/17
s 1
f 837/1/97 838/1/98 839/1/99
f 837/1/97 839/1/99 840/1/100
s 0
f 841/1/101 842/1/101 843/1/101
f 841/1/101 843/1/101 844/1/101
s 1
f 845/1/102 846/1/102 847/1/102
s 0
f 845/1/102 847/1/102 848/1/102
f 849/12/103 850/1/103 851/1/103
f 849/12/103 851/1/103 852/3/103
s 1
f 853/3/104 854/1/105 855/1/106
f 853/3/104 855/1/106 856/3/107
s 0
f 834/1/17 833/1/17 857/1/17
f 834/1/17 857/1/17 858/1/17
f 859/3/103 860/1/103 850/1/103
f 859/3/103 850/1/103 849/12/103
f 861/1/108 862/1/108 863/1/108
f 861/1/108 863/1/108 864/1/108
f 865/1/17 866/1/17 832/1/17
f 865/1/17 832/1/17 831/1/17
f 867/1/109 868/1/109 869/1/109
f 867/1/109 869/1/109 870/1/109
f 871/1/110 872/1/110 873/1/110
f 871/1/110 873/1/110 874/1/110
f 875/1/111 876/1/111 877/1/111
f 875/1/111 877/1/111 878/1/111
f 879/1/112 880/1/112 881/1/112
f 879/1/112 881/1/112 882/1/112
f 866/1/17 865/1/17 883/1/17
f 866/1/17 883/1/17 884/1/17
f 885/1/113 886/1/113 887/1/113
f 885/1/113 887/1/113 888/1/113
f 889/1/4 890/1/4 891/1/4
f 889/1/4 891/1/4 892/1/4
f 892/1/4 891/1/4 893/1/4
f 891/1/4 894/1/4 893/1/4
f 895/1/114 896/1/114 897/1/114
f 895/1/114 897/1/114 898/1/114
f 899/1/115 900/1/115 901/1/115
f 899/1/115 901/1/115 902/1/115
f 903/1/116 904/1/116 905/1/116
f 903/1/116 905/1/116 906/1/116
f 893/1/4 894/1/4 907/1/4
f 894/1/4 908/1/4 907/1/4
f 909/1/117 910/1/117 911/1/117
f 909/1/117 911/1/117 912/1/117
f 913/1/118 914/1/118 915/1/118
f 915/1/118 916/1/118 913/1/118
f 907/1/4 908/1/4 917/1/4
f 907/1/4 917/1/4 918/1/4
f 919/1/119 920/1/119 921/1/119
f 919/1/119 921/1/119 922/1/119
f 923/1/120 924/1/120 925/1/120
f 923/1/120 925/1/120 926/1/120
f 927/1/121 928/1/121 929/1/121
f 927/1/121 929/1/121 930/1/121
f 931/1/122 932/1/122 933/1/122
f 931/1/122 933/1/122 934/1/122
f 935/1/123 936/1/123 937/1/123
f 935/1/123 937/1/123 938/1/123
f 939/1/17 940/1/17 941/1/17
f 939/1/17 941/1/17 942/1/17
f 943/1/124 944/1/124 945/1/124
f 943/1/124 945/1/124 946/1/124
f 947/1/125 948/1/125 949/1/125
f 947/1/125 949/1/125 950/1/125
f 951/1/126 952/1/126 953/1/126
f 951/1/126 953/1/126 954/1/126
f 955/1/4 956/1/4 957/1/4
f 955/1/4 957/1/4 958/1/4
f 959/1/127 960/1/127 961/1/127
f 959/1/128 961/1/128 962/1/128
f 963/1/129 964/1/129 965/1/129
f 963/1/130 965/1/130 966/1/130
f 967/1/129 968/1/129 969/1/129
f 967/1/129 969/1/129 970/1/129
f 971/1/127 972/1/127 973/1/127
f 971/1/127 973/1/127 974/1/127
f 975/1/4 976/1/4 977/1/4
f 975/1/4 977/1/4 978/1/4
f 979/1/131 980/1/131 981/1/131
f 979/1/132 981/1/132 982/1/132
f 974/1/127 973/1/127 960/1/127
f 974/1/127 960/1/127 959/1/127
f 978/1/4 977/1/4 956/1/4
f 978/1/4 956/1/4 955/1/4
f 983/1/129 984/1/129 985/1/129
f 983/1/129 985/1/129 986/1/129
f 978/1/4 955/1/4 987/1/4
f 978/1/4 987/1/4 988/1/4
f 989/1/133 990/1/133 991/1/133
f 989/1/134 991/1/134 992/1/134
f 993/1/135 994/1/135 995/1/135
f 993/1/135 995/1/135 996/1/135
f 997/1/136 998/1/136 999/1/136
f 997/1/136 999/1/136 1000/1/136
f 1001/1/4 1002/1/4 1003/1/4
f 1001/1/4 1003/1/4 1004/1/4
f 1005/1/137 1006/1/137 1007/1/137
f 1005/1/137 1007/1/137 1008/1/137
f 1009/1/138 1010/1/138 1011/1/138
f 1009/1/138 1011/1/138 1012/1/138
f 1013/1/4 1001/1/4 1004/1/4
f 1013/1/4 1004/1/4 1014/1/4
f 1014/1/4 1004/1/4 1015/1/4
f 1014/1/4 1015/1/4 1016/1/4
f 1017/1/135 993/1/135 996/1/135
f 1017/1/135 996/1/135 1018/1/135
f 1019/1/139 1020/1/139 1021/1/139
f 1019/1/139 1021/1/139 1022/1/139
f 1023/1/140 1024/1/140 1025/1/140
f 1023/1/140 1025/1/140 1026/1/140
f 1027/1/141 1028/1/141 1029/1/141
f 1027/1/141 1029/1/141 1030/1/141
f 1031/1/142 1032/1/142 1033/1/142
f 1031/1/142 1033/1/142 1034/1/142
f 1035/1/135 1017/1/135 1018/1/135
f 1035/1/135 1018/1/135 1036/1/135
f 1037/1/4 1014/1/4 1016/1/4
f 1037/1/4 1016/1/4 1038/1/4
f 1039/1/4 1013/1/4 1014/1/4
f 1039/1/4 1014/1/4 1037/1/4
f 1040/1/143 1041/1/143 1042/1/143
f 1040/1/143 1042/1/143 1043/1/143
f 1038/1/4 1016/1/4 1044/1/4
f 1038/1/4 1044/1/4 1045/1/4
f 1046/1/144 1047/1/144 1048/1/144
f 1046/1/144 1048/1/144 1049/1/144
f 1050/1/45 1051/1/45 1052/1/45
f 1050/1/45 1052/1/45 1053/1/45
f 1054/1/4 1055/1/4 1056/1/4
f 1054/1/4 1056/1/4 1057/1/4
f 1058/1/4 1059/1/4 1055/1/4
f 1058/1/4 1055/1/4 1054/1/4
f 1060/1/43 1061/1/43 1062/1/43
f 1060/1/43 1062/1/43 1063/1/43
f 1064/1/3 1065/1/3 1066/1/3
f 1064/1/3 1066/1/3 1067/1/3
f 1068/1/42 1069/1/42 1070/1/42
f 1068/1/42 1070/1/42 1071/1/42
f 1072/1/1 1073/1/1 1074/1/1
f 1072/1/1 1074/1/1 1075/1/1
f 1076/1/44 1077/1/44 1078/1/44
f 1076/1/44 1078/1/44 1079/1/44
f 1080/1/145 1081/1/145 1082/1/145
f 1080/1/145 1082/1/145 1083/1/145
f 1084/1/146 1085/1/146 1086/1/146
f 1084/1/146 1086/1/146 1087/1/146
f 1088/1/17 1089/1/17 1090/1/17
f 1088/1/17 1090/1/17 1091/1/17
f 1092/1/147 1093/1/147 1094/1/147
f 1092/1/148 1094/1/148 1095/1/148
s 1
f 1096/1/149 1097/1/150 1098/1/151
f 1096/1/149 1098/1/151 1099/1/152
f 1100/1/153 1101/1/154 1102/1/155
f 1100/1/153 1102/1/155 1103/1/156
s 0
f 1104/1/4 1105/1/4 1106/1/4
f 1104/1/4 1106/1/4 1107/1/4
f 1108/1/2 1109/1/2 1110/1/2
f 1108/1/157 1110/1/157 1111/1/157
f 1112/1/4 1106/1/4 1113/1/4
f 1112/1/4 1113/1/4 1114/1/4
f 1115/1/158 1116/1/158 1117/1/158
f 1115/1/158 1117/1/158 1118/1/158
f 1119/1/159 1120/1/159 1121/1/159
f 1119/1/159 1121/1/159 1122/1/159
f 1123/1/160 1124/1/160 1125/1/160
f 1123/1/160 1125/1/160 1126/1/160
f 1127/1/4 1128/1/4 1129/1/4
f 1128/1/4 1130/1/4 1129/1/4
f 1131/1/4 1132/1/4 1133/1/4
f 1131/1/4 1133/1/4 1134/1/4
f 1128/1/4 1135/1/4 1136/1/4
f 1128/1/4 1136/1/4 1130/1/4
f 1137/1/44 1138/1/44 1139/1/44
f 1137/1/44 1139/1/44 1140/1/44
f 1141/1/161 1142/1/161 1143/1/161
f 1141/1/161 1143/1/161 1144/1/161
f 1145/1/162 1146/1/162 1147/1/162
f 1145/1/162 1147/1/162 1148/1/162
f 1133/1/4 1132/1/4 1149/1/4
f 1133/1/4 1149/1/4 1150/1/4
f 1151/1/4 1131/1/4 1134/1/4
f 1151/1/4 1134/1/4 1152/1/4
f 1153/1/42 1154/1/42 1155/1/42
f 1153/1/42 1155/1/42 1156/1/42
f 1157/1/160 1123/1/160 1126/1/160
f 1157/1/160 1126/1/160 1158/1/160
f 1159/1/163 1160/1/163 1161/1/163
f 1159/1/164 1161/1/164 1162/1/164
f 1163/1/165 1164/1/165 1165/1/165
f 1163/1/165 1165/1/165 1166/1/165
f 1167/1/166 1168/1/166 1169/1/166
f 1167/1/166 1169/1/166 1170/1/166
f 1136/1/4 1135/1/4 1171/1/4
f 1136/1/4 1171/1/4 1172/1/4
f 1173/1/1 1174/1/1 1175/1/1
f 1173/1/1 1175/1/1 1176/1/1
f 1177/1/166 1178/1/166 1168/1/166
f 1177/1/166 1168/1/166 1167/1/166
f 1133/1/4 1150/1/4 1135/1/4
f 1133/1/4 1135/1/4 1128/1/4
f 1134/1/4 1133/1/4 1128/1/4
f 1134/1/4 1128/1/4 1127/1/4
f 1179/1/42 1180/1/42 1181/1/42
f 1179/1/42 1181/1/42 1182/1/42
f 1183/1/167 1184/1/167 1185/1/167
f 1183/1/167 1185/1/167 1186/1/167
f 1187/1/168 1188/1/168 1189/1/168
f 1187/1/168 1189/1/168 1190/1/168
f 1172/1/4 1171/1/4 1191/1/4
f 1172/1/4 1191/1/4 1192/1/4
f 1193/1/169 1194/1/169 1195/1/169
f 1193/1/169 1195/1/169 1196/1/169
f 1197/1/170 1198/1/170 1199/1/170
f 1197/1/170 1199/1/170 1200/1/170
f 1192/1/4 1191/1/4 1201/1/4
f 1192/1/4 1201/1/4 1202/1/4
f 1203/1/171 1204/1/171 1205/1/171
f 1203/1/171 1205/1/171 1206/1/171
f 1207/1/172 1208/1/172 1209/1/172
f 1207/1/172 1209/1/172 1210/1/172
f 1211/1/173 1212/1/173 1213/1/173
f 1211/1/173 1213/1/173 1214/1/173
f 1215/1/4 1216/1/4 1217/1/4
f 1215/1/4 1217/1/4 1218/1/4
f 1219/1/174 1220/1/174 1221/1/174
f 1219/1/174 1221/1/174 1222/1/174
f 1216/1/4 1223/1/4 1224/1/4
f 1216/1/4 1224/1/4 1225/1/4
f 1226/1/4 1227/1/4 1228/1/4
f 1226/1/4 1228/1/4 1229/1/4
f 1225/1/4 1224/1/4 1227/1/4
f 1225/1/4 1227/1/4 1226/1/4
f 1230/1/175 1231/1/175 1232/1/175
f 1230/1/175 1232/1/175 1233/1/175
f 1234/1/176 1235/1/176 1236/1/176
f 1234/1/176 1236/1/176 1237/1/176
f 1238/1/4 1239/1/4 1240/1/4
f 1238/1/4 1240/1/4 1241/1/4
f 1228/1/4 1227/1/4 1239/1/4
f 1228/1/4 1239/1/4 1238/1/4
f 1242/1/4 1225/1/4 1226/1/4
f 1242/1/4 1226/1/4 1243/1/4
f 1243/1/4 1226/1/4 1229/1/4
f 1243/1/4 1229/1/4 1244/1/4
f 1217/1/4 1216/1/4 1225/1/4
f 1217/1/4 1225/1/4 1242/1/4
f 1245/1/4 1223/1/4 1216/1/4
f 1245/1/4 1216/1/4 1215/1/4
f 1246/1/177 1247/1/177 1248/1/177
s 1
f 1246/1/177 1248/1/177 1249/1/177
s 0
f 1250/1/178 1251/1/178 1252/1/178
f 1250/1/178 1252/1/178 1253/1/178
f 1254/1/179 1255/1/179 1256/1/179
f 1254/1/179 1256/1/179 1257/1/179
f 1238/1/4 1241/1/4 1258/1/4
f 1238/1/4 1258/1/4 1259/1/4
f 1260/1/180 1261/1/180 1262/1/180
f 1260/1/180 1262/1/180 1263/1/180
f 1264/1/181 1265/1/181 1266/1/181
f 1264/1/181 1266/1/181 1267/1/181
f 1268/1/182 1269/1/182 1270/1/182
f 1268/1/182 1270/1/182 1271/1/182
f 1259/1/4 1258/1/4 1272/1/4
f 1259/1/4 1272/1/4 1273/1/4
f 1274/1/183 1275/1/183 1276/1/183
f 1274/1/183 1276/1/183 1277/1/183
f 1278/1/4 1279/1/4 1280/1/4
f 1278/1/4 1280/1/4 1281/1/4
f 1280/1/4 1279/1/4 1282/1/4
f 1280/1/4 1282/1/4 1283/1/4
f 1284/1/184 1285/1/184 1286/1/184
f 1284/1/184 1286/1/184 1287/1/184
f 1288/1/185 1289/1/185 1290/1/185
f 1288/1/185 1290/1/185 1291/1/185
f 1292/1/186 1293/1/186 1294/1/186
f 1292/1/186 1294/1/186 1295/1/186
f 1283/1/4 1282/1/4 1296/1/4
f 1283/1/4 1296/1/4 1297/1/4
f 1298/1/187 1299/1/187 1300/1/187
f 1298/1/187 1300/1/187 1301/1/187
f 1302/1/188 1303/1/188 1304/1/188
f 1302/1/188 1304/1/188 1305/1/188
f 1306/1/189 1307/1/189 1308/1/189
f 1306/1/189 1308/1/189 1309/1/189
f 1310/1/190 1311/1/190 1312/1/190
f 1310/1/190 1312/1/190 1313/1/190
f 1314/1/191 1315/1/191 1316/1/191
f 1314/1/191 1316/1/191 1317/1/191
f 1318/1/4 1319/1/4 1320/1/4
f 1318/1/4 1320/1/4 1321/1/4
f 1322/1/192 1323/1/192 1324/1/192
f 1322/1/192 1324/1/192 1325/1/192
f 1318/1/4 1321/1/4 1326/1/4
f 1318/1/4 1326/1/4 1327/1/4
f 1328/1/193 1329/1/193 1330/1/193
f 1328/1/193 1330/1/193 1331/1/193
f 1332/1/194 1333/1/194 1334/1/194
f 1332/1/194 1334/1/194 1335/1/194
f 1327/1/4 1326/1/4 1336/1/4
f 1327/1/4 1336/1/4 1337/1/4
f 1338/1/4 1339/1/4 1340/1/4
f 1338/1/4 1340/1/4 1341/1/4
f 1342/1/195 1343/1/195 1344/1/195
f 1342/1/196 1344/1/196 1345/1/196
f 1337/1/4 1336/1/4 1339/1/4
f 1337/1/4 1339/1/4 1338/1/4
f 1346/1/197 1347/1/197 1348/1/197
f 1346/1/197 1348/1/197 1349/1/197
f 1350/1/198 1351/1/198 1352/1/198
f 1350/1/198 1352/1/198 1353/1/198
f 1354/1/199 1355/1/199 1356/1/199
f 1354/1/199 1356/1/199 1357/1/199
f 1358/1/200 1359/1/200 1360/1/200
f 1358/1/200 1360/1/200 1361/1/200
f 1362/1/201 1363/1/201 1364/1/201
f 1362/1/201 1364/1/201 1365/1/201
f 1366/1/4 1337/1/4 1338/1/4
f 1366/1/4 1338/1/4 1367/1/4
f 1367/1/4 1338/1/4 1341/1/4
f 1367/1/4 1341/1/4 1368/1/4
f 1369/1/4 1327/1/4 1337/1/4
f 1369/1/4 1337/1/4 1366/1/4
f 1370/1/4 1318/1/4 1327/1/4
f 1370/1/4 1327/1/4 1369/1/4
f 1370/1/4 1371/1/4 1319/1/4
f 1370/1/4 1319/1/4 1318/1/4
f 1372/1/191 1373/1/191 1315/1/191
f 1372/1/191 1315/1/191 1314/1/191
f 1374/1/191 1375/1/191 1373/1/191
f 1374/1/202 1373/1/202 1372/1/202
f 1376/1/4 1377/1/4 1371/1/4
f 1376/1/4 1371/1/4 1370/1/4
f 1376/1/4 1370/1/4 1369/1/4
f 1376/1/4 1369/1/4 1378/1/4
f 1378/1/4 1369/1/4 1366/1/4
f 1378/1/4 1366/1/4 1379/1/4
f 1380/1/4 1367/1/4 1368/1/4
f 1380/1/4 1368/1/4 1381/1/4
f 1379/1/4 1366/1/4 1367/1/4
f 1379/1/4 1367/1/4 1380/1/4
f 1382/1/203 1383/1/203 1384/1/203
f 1382/1/204 1384/1/204 1385/1/204
f 1386/1/205 1387/1/205 1388/1/205
f 1386/1/205 1388/1/205 1389/1/205
f 1390/1/4 1379/1/4 1380/1/4
f 1390/1/4 1380/1/4 1391/1/4
f 1391/1/4 1380/1/4 1381/1/4
f 1391/1/4 1381/1/4 1392/1/4
f 1393/1/4 1378/1/4 1379/1/4
f 1393/1/4 1379/1/4 1390/1/4
f 1394/1/4 1376/1/4 1378/1/4
f 1394/1/4 1378/1/4 1393/1/4
f 1394/1/4 1395/1/4 1377/1/4
f 1394/1/4 1377/1/4 1376/1/4
f 1396/1/202 1397/1/202 1375/1/202
f 1396/1/191 1375/1/191 1374/1/191
f 1398/1/206 1399/1/206 1400/1/206
f 1398/1/206 1400/1/206 1401/1/206
f 1402/1/207 1403/1/207 1404/1/207
f 1402/1/207 1404/1/207 1405/1/207
f 1406/1/17 1407/1/17 1408/1/17
f 1406/1/17 1408/1/17 1409/1/17
f 1406/1/17 1410/1/17 1411/1/17
f 1406/1/17 1411/1/17 1407/1/17
f 1412/1/208 1413/1/208 1414/1/208
f 1412/1/208 1414/1/208 1415/1/208
f 1416/1/209 1417/1/209 1418/1/209
f 1416/1/209 1418/1/209 1419/1/209
f 1420/1/210 1421/1/210 1422/1/210
f 1420/1/211 1422/1/211 1423/1/211
f 1424/1/4 1425/1/4 1426/1/4
f 1424/1/4 1426/1/4 1427/1/4
f 1428/1/212 1429/1/212 1430/1/212
f 1428/1/212 1430/1/212 1431/1/212
f 1432/1/4 1433/1/4 1425/1/4
f 1432/1/4 1425/1/4 1424/1/4
f 1434/1/213 1435/1/213 1436/1/213
f 1434/1/213 1436/1/213 1437/1/213
f 1438/1/214 1439/1/214 1440/1/214
f 1438/1/214 1440/1/214 1441/1/214
f 1442/1/215 1443/1/215 1444/1/215
f 1442/1/215 1444/1/215 1445/1/215
f 1446/1/216 1447/1/216 1448/1/216
f 1446/1/216 1448/1/216 1449/1/216
f 1450/1/214 1438/1/214 1441/1/214
f 1450/1/214 1441/1/214 1451/1/214
f 1452/1/217 1453/1/217 1454/1/217
f 1452/1/218 1454/1/218 1455/1/218
f 1456/1/4 1424/1/4 1427/1/4
f 1456/1/4 1427/1/4 1457/1/4
f 1458/1/211 1459/1/211 1421/1/211
f 1458/1/211 1421/1/211 1420/1/211
f 1460/1/4 1461/1/4 1432/1/4
f 1460/1/4 1432/1/4 1462/1/4
f 1463/1/213 1464/1/213 1435/1/213
f 1463/1/213 1435/1/213 1434/1/213
f 1461/1/4 1465/1/4 1433/1/4
f 1461/1/4 1433/1/4 1432/1/4
f 1466/1/212 1467/1/212 1429/1/212
f 1466/1/212 1429/1/212 1428/1/212
f 1468/1/4 1469/1/4 1470/1/4
f 1468/1/4 1470/1/4 1471/1/4
f 1472/1/211 1473/1/211 1474/1/211
f 1472/1/211 1474/1/211 1475/1/211
f 1476/1/4 1477/1/4 1478/1/4
f 1476/1/4 1478/1/4 1479/1/4
f 1471/1/4 1470/1/4 1477/1/4
f 1471/1/4 1477/1/4 1476/1/4
f 1480/1/214 1481/1/214 1482/1/214
f 1480/1/214 1482/1/214 1483/1/214
f 1484/1/219 1485/1/219 1486/1/219
f 1484/1/220 1486/1/220 1487/1/220
f 1488/1/221 1489/1/221 1490/1/221
f 1488/1/221 1490/1/221 1491/1/221
f 1492/1/4 1460/1/4 1462/1/4
f 1492/1/4 1462/1/4 1493/1/4
f 1494/1/222 1495/1/222 1459/1/222
f 1494/1/210 1459/1/210 1458/1/210
f 1496/1/4 1456/1/4 1457/1/4
f 1496/1/4 1457/1/4 1497/1/4
f 1498/1/218 1499/1/218 1500/1/218
f 1498/1/218 1500/1/218 1501/1/218
f 1502/1/214 1450/1/214 1451/1/214
f 1502/1/214 1451/1/214 1503/1/214
f 1481/1/214 1502/1/214 1503/1/214
f 1481/1/223 1503/1/223 1482/1/223
f 1504/1/224 1505/1/224 1506/1/224
f 1504/1/224 1506/1/224 1507/1/224
f 1477/1/4 1496/1/4 1497/1/4
f 1477/1/4 1497/1/4 1478/1/4
f 1475/1/211 1474/1/211 1495/1/211
f 1475/1/211 1495/1/211 1494/1/211
f 1469/1/4 1492/1/4 1493/1/4
f 1469/1/4 1493/1/4 1470/1/4
f 1508/1/225 1509/1/225 1510/1/225
f 1508/1/225 1510/1/225 1511/1/225
f 1512/1/226 1513/1/226 1514/1/226
f 1512/1/226 1514/1/226 1515/1/226
f 1516/1/227 1517/1/227 1518/1/227
f 1516/1/227 1518/1/227 1519/1/227
f 1520/1/71 1521/1/71 1522/1/71
f 1520/1/71 1522/1/71 1523/1/71
f 1524/1/228 1525/1/228 1526/1/228
f 1524/1/228 1526/1/228 1527/1/228
f 1528/1/229 1529/1/229 1530/1/229
f 1528/1/229 1530/1/229 1531/1/229
f 1532/1/230 1533/1/230 1534/1/230
f 1532/1/231 1534/1/231 1535/1/231
f 1536/1/232 1537/1/232 1538/1/232
f 1536/1/232 1538/1/232 1539/1/232
f 1540/1/233 1541/1/233 1542/1/233
f 1540/1/233 1542/1/233 1543/1/233
f 1544/1/234 1545/1/234 1546/1/234
f 1544/1/234 1546/1/234 1547/1/234
f 1548/1/235 1549/1/235 1550/1/235
f 1548/1/235 1550/1/235 1551/1/235
f 1552/1/17 1553/1/17 1554/1/17
f 1554/1/17 1555/1/17 1556/1/17
f 1556/1/17 1557/1/17 1558/1/17
f 1558/1/17 1559/1/17 1552/1/17
f 1552/1/17 1554/1/17 1556/1/17
f 1556/1/17 1558/1/17 1552/1/17
f 1560/1/236 1561/1/236 1562/1/236
f 1560/1/237 1562/1/237 1563/1/237
f 1564/1/17 1565/1/17 1566/1/17
f 1565/1/17 1567/1/17 1566/1/17
f 1568/1/238 1569/1/238 1570/1/238
f 1568/1/238 1570/1/238 1571/1/238
f 1572/1/17 1573/1/17 1565/1/17
f 1572/1/17 1565/1/17 1564/1/17
f 1574/1/239 1575/1/239 1576/1/239
f 1574/1/239 1576/1/239 1577/1/239
f 1578/1/240 1579/1/240 1580/1/240
f 1578/1/240 1580/1/240 1581/1/240
s 1
f 1582/1/241 1583/1/241 1584/1/241
f 1582/1/241 1584/1/241 1585/1/241
s 0
f 1566/1/17 1567/1/17 1586/1/17
f 1566/1/17 1586/1/17 1587/1/17
f 1588/1/242 1589/1/242 1590/1/242
f 1588/1/242 1590/1/242 1591/1/242
f 1587/1/17 1586/1/17 1592/1/17
f 1587/1/17 1592/1/17 1593/1/17
f 1594/1/53 1595/1/53 1596/1/53
f 1594/1/53 1596/1/53 1597/1/53
f 1598/1/17 1599/1/17 1600/1/17
f 1598/1/17 1600/1/17 1601/1/17
f 1602/1/243 1603/1/243 1604/1/243
f 1602/1/243 1604/1/243 1605/1/243
f 1606/1/244 1607/1/244 1608/1/244
f 1606/1/244 1608/1/244 1609/1/244
f 1610/1/17 1611/1/17 1612/1/17
f 1610/1/17 1612/1/17 1613/1/17
f 1614/1/245 1615/1/245 1616/1/245
f 1614/1/245 1616/1/245 1617/1/245
f 1613/1/17 1612/1/17 1599/1/17
f 1613/1/17 1599/1/17 1598/1/17
f 1618/1/246 1619/1/246 1620/1/246
f 1618/1/246 1620/1/246 1621/1/246
f 1601/1/17 1600/1/17 1622/1/17
f 1601/1/17 1622/1/17 1623/1/17
f 1624/1/247 1625/1/247 1626/1/247
f 1624/1/247 1626/1/247 1627/1/247
f 1628/1/17 1629/1/17 1630/1/17
f 1628/1/17 1630/1/17 1631/1/17
f 1632/1/248 1633/1/248 1634/1/248
f 1632/1/248 1634/1/248 1635/1/248
f 1636/1/248 1637/1/248 1633/1/248
f 1636/1/248 1633/1/248 1632/1/248
f 1638/1/17 1639/1/17 1629/1/17
f 1638/1/17 1629/1/17 1628/1/17
f 1640/1/17 1641/1/17 1642/1/17
f 1641/1/17 1643/1/17 1642/1/17
f 1644/1/249 1645/1/249 1646/1/249
f 1644/1/249 1646/1/249 1647/1/249
f 1648/1/17 1649/1/17 1650/1/17
f 1648/1/17 1650/1/17 1651/1/17
f 1652/1/250 1653/1/250 1654/1/250
f 1652/1/250 1654/1/250 1655/1/250
f 1656/1/251 1657/1/251 1658/1/251
f 1656/1/251 1658/1/251 1659/1/251
f 1660/1/251 1661/1/251 1657/1/251
f 1660/1/251 1657/1/251 1656/1/251
f 1662/1/17 1663/1/17 1641/1/17
f 1662/1/17 1641/1/17 1640/1/17
f 1651/1/17 1650/1/17 1663/1/17
f 1651/1/17 1663/1/17 1662/1/17
f 1664/1/252 1665/1/252 1666/1/252
f 1664/1/252 1666/1/252 1667/1/252
f 1668/1/253 1669/1/253 1670/1/253
f 1668/1/253 1670/1/253 1671/1/253
f 1642/1/17 1643/1/17 1672/1/17
f 1642/1/17 1672/1/17 1673/1/17
f 1674/1/254 1675/1/254 1676/1/254
f 1674/1/254 1676/1/254 1677/1/254
f 1678/1/255 1679/1/255 1680/1/255
f 1678/1/255 1680/1/255 1681/1/255
f 1682/1/17 1683/1/17 1684/1/17
f 1682/1/17 1684/1/17 1685/1/17
f 1686/1/256 1687/1/256 1688/1/256
f 1686/1/256 1688/1/256 1689/1/256
f 1690/1/17 1691/1/17 1683/1/17
f 1690/1/17 1683/1/17 1682/1/17
f 1692/1/257 1693/1/257 1694/1/257
f 1692/1/257 1694/1/257 1695/1/257
f 1696/1/258 1697/1/258 1698/1/258
f 1696/1/258 1698/1/258 1699/1/258
f 1700/1/17 1701/1/17 1702/1/17
f 1700/1/17 1702/1/17 1703/1/17
f 1704/1/259 1705/1/259 1706/1/259
f 1704/1/259 1706/1/259 1707/1/259
f 1708/1/260 1709/1/260 1710/1/260
f 1708/1/260 1710/1/260 1711/1/260
f 1712/1/261 1713/1/261 1714/1/261
f 1712/1/261 1714/1/261 1715/1/261
f 1716/1/262 1717/1/262 1718/1/262
f 1716/1/262 1718/1/262 1719/1/262
f 1684/1/17 1683/1/17 1720/1/17
f 1684/1/17 1720/1/17 1721/1/17
f 1722/1/263 1723/1/263 1724/1/263
f 1722/1/264 1724/1/264 1725/1/264
f 1726/1/265 1727/1/265 1728/1/265
f 1726/1/265 1728/1/265 1729/1/265
f 1700/1/17 1730/1/17 1731/1/17
f 1700/1/17 1731/1/17 1701/1/17
f 1701/1/17 1731/1/17 1732/1/17
f 1701/1/17 1732/1/17 1733/1/17
f 1734/1/255 1678/1/255 1681/1/255
f 1734/1/255 1681/1/255 1735/1/255
f 1736/1/266 1737/1/266 1738/1/266
f 1736/1/266 1738/1/266 1739/1/266
f 1740/1/91 1741/1/91 1742/1/91
f 1740/1/91 1742/1/91 1743/1/91
f 1744/1/17 1745/1/17 1746/1/17
f 1744/1/17 1746/1/17 1747/1/17
f 1748/1/267 1749/1/267 1750/1/267
f 1748/1/267 1750/1/267 1751/1/267
f 1752/1/268 1753/1/268 1754/1/268
f 1752/1/268 1754/1/268 1755/1/268
f 1756/1/269 1757/1/269 1758/1/269
f 1756/1/270 1758/1/270 1759/1/270
f 1747/1/17 1746/1/17 1760/1/17
f 1747/1/17 1760/1/17 1761/1/17
f 1762/1/17 1763/1/17 1745/1/17
f 1762/1/17 1745/1/17 1744/1/17
f 1764/1/271 1765/1/271 1766/1/271
f 1764/1/271 1766/1/271 1767/1/271
f 1768/1/266 1769/1/266 1737/1/266
f 1768/1/266 1737/1/266 1736/1/266
f 1770/1/266 1771/1/266 1772/1/266
f 1770/1/266 1772/1/266 1773/1/266
f 1774/1/272 1775/1/272 1776/1/272
f 1774/1/272 1776/1/272 1777/1/272
f 1733/1/17 1732/1/17 1778/1/17
f 1733/1/17 1778/1/17 1779/1/17
f 1773/1/266 1772/1/266 1769/1/266
f 1773/1/266 1769/1/266 1768/1/266
f 1780/1/273 1781/1/273 1782/1/273
f 1780/1/273 1782/1/273 1783/1/273
f 1779/1/17 1778/1/17 1763/1/17
f 1779/1/17 1763/1/17 1762/1/17
f 1784/1/255 1734/1/255 1735/1/255
f 1784/1/255 1735/1/255 1785/1/255
f 1685/1/17 1684/1/17 1786/1/17
f 1685/1/17 1786/1/17 1787/1/17
f 1730/1/17 1690/1/17 1682/1/17
f 1730/1/17 1682/1/17 1731/1/17
f 1731/1/17 1682/1/17 1685/1/17
f 1731/1/17 1685/1/17 1732/1/17
f 1788/1/274 1789/1/274 1790/1/274
f 1788/1/274 1790/1/274 1791/1/274
f 1792/1/275 1793/1/275 1794/1/275
f 1792/1/275 1794/1/275 1795/1/275
f 1796/1/276 1797/1/276 1798/1/276
f 1796/1/276 1798/1/276 1799/1/276
f 1800/1/277 1801/1/277 1802/1/277
f 1800/1/277 1802/1/277 1803/1/277
f 1804/1/17 1805/1/17 1806/1/17
f 1804/1/17 1806/1/17 1807/1/17
f 1808/1/17 1809/1/17 1805/1/17
f 1808/1/17 1805/1/17 1804/1/17
f 1810/1/278 1811/1/278 1812/1/278
f 1810/1/278 1812/1/278 1813/1/278
f 1814/1/279 1815/1/279 1816/1/279
f 1814/1/279 1816/1/279 1817/1/279
f 1818/1/280 1819/1/280 1820/1/280
f 1818/1/280 1820/1/280 1821/1/280
f 1822/1/281 1823/1/281 1824/1/281
f 1822/1/281 1824/1/281 1825/1/281
f 1826/1/17 1827/1/17 1809/1/17
f 1826/1/17 1809/1/17 1808/1/17
f 1828/1/17 1829/1/17 1830/1/17
f 1828/1/17 1830/1/17 1831/1/17
f 1832/1/282 1833/1/282 1834/1/282
f 1832/1/282 1834/1/282 1835/1/282
f 1836/1/283 1837/1/283 1838/1/283
f 1836/1/284 1838/1/284 1839/1/284
f 1831/1/17 1830/1/17 1827/1/17
f 1831/1/17 1827/1/17 1826/1/17
f 1840/1/285 1841/1/285 1842/1/285
f 1840/1/285 1842/1/285 1843/1/285
f 1844/1/286 1845/1/286 1846/1/286
f 1844/1/286 1846/1/286 1847/1/286
f 1848/1/287 1849/1/287 1850/1/287
f 1848/1/287 1850/1/287 1851/1/287
f 1852/1/288 1853/1/288 1854/1/288
f 1852/1/288 1854/1/288 1855/1/288
f 1856/1/289 1857/1/289 1858/1/289
f 1856/1/289 1858/1/289 1859/1/289
f 1860/1/17 1861/1/17 1862/1/17
f 1860/1/17 1862/1/17 1863/1/17
f 1807/1/17 1806/1/17 1864/1/17
f 1807/1/17 1864/1/17 1861/1/17
f 1865/1/17 1807/1/17 1861/1/17
f 1865/1/17 1861/1/17 1860/1/17
f 1866/1/17 1831/1/17 1826/1/17
f 1866/1/17 1826/1/17 1867/1/17
f 1868/1/17 1828/1/17 1831/1/17
f 1868/1/17 1831/1/17 1866/1/17
f 1867/1/17 1826/1/17 1808/1/17
f 1867/1/17 1808/1/17 1869/1/17
f 1869/1/17 1808/1/17 1804/1/17
f 1869/1/17 1804/1/17 1870/1/17
f 1870/1/17 1804/1/17 1807/1/17
f 1870/1/17 1807/1/17 1865/1/17
f 1871/1/277 1800/1/277 1803/1/277
f 1871/1/277 1803/1/277 1872/1/277
f 1873/1/27 1874/1/27 1875/1/27
f 1873/1/27 1875/1/27 1876/1/27
f 1877/1/290 1878/1/290 1879/1/290
f 1877/1/290 1879/1/290 1880/1/290
f 1881/1/39 1882/1/39 1883/1/39
f 1881/1/39 1883/1/39 1884/1/39
f 1863/1/17 1862/1/17 1885/1/17
f 1863/1/17 1885/1/17 1886/1/17
f 1887/1/7 1888/1/7 1889/1/7
f 1887/1/7 1889/1/7 1890/1/7
f 1891/1/37 1892/1/37 1893/1/37
f 1891/1/37 1893/1/37 1894/1/37
f 1863/1/17 1886/1/17 1895/1/17
f 1863/1/17 1895/1/17 1896/1/17
f 1897/1/34 1898/1/34 1899/1/34
s 1
f 1897/1/34 1899/1/34 1900/1/34
s 0
f 1901/1/40 1902/1/40 1903/1/40
f 1901/1/40 1903/1/40 1904/1/40
f 1885/1/17 1862/1/17 1905/1/17
f 1885/1/17 1905/1/17 1906/1/17
f 1907/1/14 1908/1/14 1909/1/14
f 1907/1/14 1909/1/14 1910/1/14
f 1864/1/17 1806/1/17 1911/1/17
f 1864/1/17 1911/1/17 1912/1/17
f 1913/1/291 1914/1/291 1915/1/291
f 1913/1/291 1915/1/291 1916/1/291
f 1917/1/17 1918/1/17 1919/1/17
f 1917/1/17 1919/1/17 1920/1/17
f 1921/1/292 1922/1/292 1923/1/292
f 1921/1/292 1923/1/292 1924/1/292
f 1912/1/17 1911/1/17 1918/1/17
f 1912/1/17 1918/1/17 1917/1/17
f 1925/1/293 1926/1/293 1927/1/293
f 1925/1/293 1927/1/293 1928/1/293
f 1929/1/294 1930/1/294 1931/1/294
f 1929/1/294 1931/1/294 1932/1/294
f 1920/1/17 1919/1/17 1933/1/17
f 1920/1/17 1933/1/17 1934/1/17
f 1935/1/295 1936/1/295 1937/1/295
f 1935/1/295 1937/1/295 1938/1/295
f 1939/1/296 1940/1/296 1941/1/296
f 1939/1/296 1941/1/296 1942/1/296
f 1933/1/17 1919/1/17 1943/1/17
f 1933/1/17 1943/1/17 1944/1/17
f 1631/1/17 1630/1/17 1649/1/17
f 1631/1/17 1649/1/17 1648/1/17
f 1945/1/297 1946/1/297 1947/1/297
f 1945/1/297 1947/1/297 1948/1/297
f 1949/1/27 1950/1/27 1951/1/27
f 1951/1/27 1952/1/27 1953/1/27
f 1951/1/27 1953/1/27 1949/1/27
f 1954/1/4 1955/1/4 1956/1/4
f 1954/1/4 1956/1/4 1957/1/4
f 1958/1/4 1959/1/4 1960/1/4
f 1958/1/4 1960/1/4 1961/1/4
f 1962/1/4 1963/1/4 1964/1/4
f 1962/1/4 1964/1/4 1965/1/4
f 1966/1/4 1967/1/4 1963/1/4
f 1966/1/4 1963/1/4 1962/1/4
s 1
f 1968/1/298 1969/1/299 1970/1/300
f 1968/1/298 1970/1/300 1971/1/301
f 1972/1/302 1973/1/303 1974/1/304
f 1972/1/302 1974/1/304 1975/1/305
s 0
f 1976/1/4 1958/1/4 1961/1/4
f 1976/1/4 1961/1/4 1977/1/4
f 1978/1/4 1979/1/4 1955/1/4
f 1978/1/4 1955/1/4 1954/1/4
f 1956/1/4 1955/1/4 1980/1/4
f 1956/1/4 1980/1/4 1981/1/4
f 1965/1/4 1964/1/4 1979/1/4
f 1965/1/4 1979/1/4 1978/1/4
f 1982/1/4 1983/1/4 1984/1/4
f 1982/1/4 1984/1/4 1985/1/4
f 1986/1/306 1987/1/306 1988/1/306
f 1986/1/307 1988/1/307 1989/1/307
f 1982/1/4 1985/1/4 1990/1/4
f 1982/1/4 1990/1/4 1991/1/4
s 1
f 1992/1/308 1993/1/309 1994/1/310
f 1992/1/308 1994/1/310 1995/1/311
s 0
f 1961/1/4 1960/1/4 1983/1/4
f 1961/1/4 1983/1/4 1982/1/4
f 1996/1/312 1997/1/312 1998/1/312
f 1996/1/312 1998/1/312 1999/1/312
f 2000/1/313 2001/1/313 2002/1/313
f 2000/1/314 2002/1/314 2003/1/314
f 1991/1/4 1990/1/4 2004/1/4
f 1991/1/4 2004/1/4 2005/1/4
s 1
f 2006/1/315 2007/1/316 2008/1/317
f 2006/1/315 2008/1/317 2009/1/318
s 0
f 2010/1/319 2011/1/319 2012/1/319
f 2010/1/319 2012/1/319 2013/1/319
f 2014/1/83 2015/1/83 2016/1/83
f 2014/1/83 2016/1/83 2017/1/83
f 2018/1/320 2019/1/320 2020/1/320
f 2018/1/320 2020/1/320 2021/1/320
f 2018/1/320 2021/1/320 2022/1/320
f 2018/1/320 2022/1/320 2023/1/320
f 2024/1/321 2025/1/321 2026/1/321
f 2024/1/321 2026/1/321 2027/1/321
f 2028/1/322 2029/1/322 2030/1/322
f 2028/1/322 2030/1/322 2031/1/322
f 2032/1/323 2033/1/323 2034/1/323
f 2032/1/323 2034/1/323 2035/1/323
f 2036/1/319 2013/1/319 2037/1/319
f 2036/1/319 2037/1/319 2038/1/319
f 2039/1/324 2040/1/324 2041/1/324
f 2039/1/324 2041/1/324 2042/1/324
f 2043/1/325 2044/1/325 2045/1/325
f 2043/1/325 2045/1/325 2046/1/325
f 2047/1/326 2048/1/326 2049/1/326
f 2047/1/326 2049/1/326 2050/1/326
f 2041/1/324 2040/1/324 2051/1/324
f 2041/1/324 2051/1/324 2052/1/324
f 2053/1/325 2044/1/325 2043/1/325
f 2053/1/325 2043/1/325 2054/1/325
f 2047/1/326 2050/1/326 2055/1/326
f 2047/1/326 2055/1/326 2056/1/326
f 2057/1/319 2010/1/319 2013/1/319
f 2057/1/319 2013/1/319 2036/1/319
f 2058/1/327 2059/1/327 2060/1/327
f 2058/1/327 2060/1/327 2061/1/327
f 2062/1/328 2063/1/328 2064/1/328
f 2062/1/328 2064/1/328 2065/1/328
f 2066/1/17 2067/1/17 2068/1/17
f 2066/1/17 2068/1/17 2069/1/17
f 2070/1/329 2071/1/329 2072/1/329
f 2070/1/329 2072/1/329 2073/1/329
f 2074/1/330 2075/1/330 2076/1/330
f 2074/1/330 2076/1/330 2077/1/330
f 2078/1/17 2079/1/17 2080/1/17
f 2078/1/17 2080/1/17 2081/1/17
f 2082/1/331 2083/1/331 2084/1/331
f 2082/1/331 2084/1/331 2085/1/331
f 2086/1/327 2087/1/327 2088/1/327
f 2086/1/327 2088/1/327 2089/1/327
f 2090/1/327 2091/1/327 2092/1/327
f 2090/1/327 2092/1/327 2093/1/327
f 2094/1/332 2095/1/332 2096/1/332
f 2094/1/332 2096/1/332 2097/1/332
f 2098/1/17 2066/1/17 2069/1/17
f 2098/1/17 2069/1/17 2099/1/17
f 2079/1/17 2098/1/17 2099/1/17
f 2079/1/17 2099/1/17 2080/1/17
f 2091/1/327 2086/1/327 2089/1/327
f 2091/1/327 2089/1/327 2092/1/327
f 2100/1/333 2101/1/333 2102/1/333
f 2100/1/334 2102/1/334 2103/1/334
f 2104/1/17 2105/1/17 2106/1/17
f 2104/1/17 2106/1/17 2107/1/17
f 2108/1/335 2109/1/335 2110/1/335
f 2108/1/335 2110/1/335 2111/1/335
f 2112/1/327 2058/1/327 2061/1/327
f 2112/1/327 2061/1/327 2113/1/327
f 2087/1/327 2112/1/327 2113/1/327
f 2087/1/327 2113/1/327 2088/1/327
f 2114/1/336 2115/1/336 2116/1/336
f 2114/1/336 2116/1/336 2117/1/336
f 2105/1/17 2078/1/17 2081/1/17
f 2105/1/17 2081/1/17 2106/1/17
f 2118/1/35 2119/1/35 2120/1/35
f 2118/1/35 2120/1/35 2121/1/35
f 2122/1/4 2123/1/4 2124/1/4
f 2122/1/4 2124/1/4 2125/1/4
f 2126/1/26 2127/1/26 2128/1/26
f 2126/1/26 2128/1/26 2129/1/26
f 2130/1/10 2131/1/10 2132/1/10
f 2130/1/10 2132/1/10 2133/1/10
f 2134/1/36 2135/1/36 2136/1/36
f 2134/1/36 2136/1/36 2137/1/36
f 2125/1/4 2124/1/4 2138/1/4
f 2125/1/4 2138/1/4 2139/1/4
f 2140/1/38 2141/1/38 2142/1/38
f 2140/1/38 2142/1/38 2143/1/38
f 2144/1/4 2145/1/4 2146/1/4
f 2145/1/4 2147/1/4 2146/1/4
f 2148/1/25 2149/1/25 2150/1/25
f 2148/1/25 2150/1/25 2151/1/25
f 2139/1/4 2138/1/4 2145/1/4
f 2139/1/4 2145/1/4 2144/1/4
f 2152/1/16 2153/1/16 2154/1/16
f 2152/1/16 2154/1/16 2155/1/16
f 2156/1/49 2157/1/49 2158/1/49
f 2156/1/49 2158/1/49 2159/1/49
f 2160/1/15 2161/1/15 2162/1/15
f 2160/1/15 2162/1/15 2163/1/15
f 2164/1/48 2165/1/48 2166/1/48
f 2164/1/48 2166/1/48 2167/1/48
s 1
f 2168/1/47 2169/1/47 2170/1/47
s 0
f 2168/1/47 2170/1/47 2171/1/47
f 2146/1/4 2147/1/4 2172/1/4
f 2146/1/4 2172/1/4 2173/1/4
f 2174/1/50 2175/1/50 2176/1/50
f 2174/1/50 2176/1/50 2177/1/50
f 2178/1/337 2179/1/337 2180/1/337
f 2178/1/337 2180/1/337 2181/1/337
f 2182/1/338 2183/1/338 2184/1/338
f 2182/1/338 2184/1/338 2185/1/338
f 2186/1/339 2187/1/339 2188/1/339
f 2186/1/339 2188/1/339 2189/1/339
f 2190/1/4 2191/1/4 2192/1/4
f 2190/1/4 2192/1/4 2193/1/4
s 1
f 2185/1/338 2184/1/338 2194/1/338
s 0
f 2185/1/338 2194/1/338 2195/1/338
f 2196/1/340 2197/1/340 2198/1/340
f 2196/1/340 2198/1/340 2199/1/340
f 2200/1/4 2201/1/4 2191/1/4
f 2200/1/4 2191/1/4 2190/1/4
f 2202/1/339 2203/1/339 2187/1/339
f 2202/1/339 2187/1/339 2186/1/339
f 2204/1/341 2205/1/341 2206/1/341
f 2204/1/341 2206/1/341 2207/1/341
f 2208/1/342 2209/1/342 2210/1/342
f 2208/1/342 2210/1/342 2211/1/342
f 2190/1/4 2193/1/4 2212/1/4
f 2190/1/4 2212/1/4 2213/1/4
f 2214/1/343 2215/1/343 2216/1/343
f 2214/1/343 2216/1/343 2217/1/343
f 2218/1/344 2219/1/344 2220/1/344
f 2218/1/344 2220/1/344 2221/1/344
f 2222/1/345 2223/1/345 2224/1/345
f 2222/1/346 2224/1/346 2225/1/346
f 2226/1/4 2227/1/4 2228/1/4
f 2226/1/4 2228/1/4 2229/1/4
f 2230/1/347 2231/1/347 2232/1/347
f 2230/1/347 2232/1/347 2233/1/347
f 2234/1/348 2235/1/348 2236/1/348
f 2234/1/348 2236/1/348 2237/1/348
f 2238/1/4 2239/1/4 2227/1/4
f 2238/1/4 2227/1/4 2226/1/4
f 2240/1/349 2241/1/349 2242/1/349
f 2240/1/349 2242/1/349 2243/1/349
f 2244/1/350 2245/1/350 2246/1/350
f 2244/1/350 2246/1/350 2247/1/350
f 2248/1/351 2249/1/351 2250/1/351
f 2248/1/351 2250/1/351 2251/1/351
s 1
f 2252/1/352 2253/1/352 2254/1/352
s 0
f 2252/1/352 2254/1/352 2255/1/352
f 2256/1/4 2257/1/4 2258/1/4
f 2256/1/4 2258/1/4 2259/1/4
f 2260/1/353 2261/1/353 2262/1/353
f 2260/1/353 2262/1/353 2263/1/353
f 2264/1/354 2265/1/354 2266/1/354
f 2264/1/354 2266/1/354 2267/1/354
f 2268/1/355 2269/1/355 2270/1/355
f 2268/1/355 2270/1/355 2271/1/355
f 2256/1/4 2259/1/4 2272/1/4
f 2256/1/4 2272/1/4 2273/1/4
f 2274/1/4 2256/1/4 2273/1/4
f 2274/1/4 2273/1/4 2275/1/4
f 2276/1/353 2277/1/353 2261/1/353
f 2276/1/353 2261/1/353 2260/1/353
f 2274/1/4 2278/1/4 2257/1/4
f 2274/1/4 2257/1/4 2256/1/4
f 2279/1/356 2280/1/356 2281/1/356
f 2279/1/356 2281/1/356 2282/1/356
f 2283/1/357 2284/1/357 2285/1/357
f 2283/1/357 2285/1/357 2286/1/357
f 2258/1/4 2257/1/4 2287/1/4
f 2258/1/4 2287/1/4 2288/1/4
f 2289/1/358 2290/1/358 2291/1/358
f 2289/1/359 2291/1/359 2292/1/359
f 2293/1/360 2294/1/360 2295/1/360
f 2293/1/360 2295/1/360 2296/1/360
f 2297/1/361 2298/1/361 2299/1/361
f 2297/1/361 2299/1/361 2300/1/361
f 2301/1/4 2302/1/4 2303/1/4
f 2301/1/4 2303/1/4 2304/1/4
f 2305/1/360 2306/1/360 2294/1/360
f 2305/1/360 2294/1/360 2293/1/360
f 2307/1/4 2301/1/4 2304/1/4
f 2307/1/4 2304/1/4 2308/1/4
f 2309/1/362 2310/1/362 2311/1/362
f 2309/1/362 2311/1/362 2312/1/362
f 2313/1/363 2314/1/363 2315/1/363
f 2313/1/363 2315/1/363 2316/1/363
f 2317/1/364 2318/1/364 2319/1/364
f 2317/1/364 2319/1/364 2320/1/364
f 2308/1/4 2304/1/4 2321/1/4
f 2308/1/4 2321/1/4 2322/1/4
f 2323/1/361 2324/1/361 2325/1/361
f 2323/1/361 2325/1/361 2326/1/361
f 2327/1/365 2328/1/365 2329/1/365
f 2327/1/365 2329/1/365 2330/1/365
f 2322/1/4 2321/1/4 2331/1/4
f 2322/1/4 2331/1/4 2332/1/4
f 2333/1/293 2334/1/293 2335/1/293
f 2333/1/293 2335/1/293 2336/1/293
f 2337/1/366 2338/1/366 2339/1/366
f 2337/1/366 2339/1/366 2340/1/366
f 2341/1/367 2342/1/367 2343/1/367
f 2341/1/367 2343/1/367 2344/1/367
f 2345/1/4 2346/1/4 2347/1/4
f 2345/1/4 2347/1/4 2348/1/4
f 2349/1/368 2350/1/368 2351/1/368
f 2349/1/368 2351/1/368 2352/1/368
f 2353/1/369 2354/1/369 2355/1/369
f 2353/1/369 2355/1/369 2356/1/369
f 2357/1/4 2358/1/4 2346/1/4
f 2357/1/4 2346/1/4 2345/1/4
f 2359/1/367 2360/1/367 2342/1/367
f 2359/1/367 2342/1/367 2341/1/367
f 2361/1/368 2362/1/368 2363/1/368
f 2361/1/368 2363/1/368 2364/1/368
f 2365/1/370 2366/1/370 2367/1/370
f 2365/1/370 2367/1/370 2368/1/370
f 2358/1/4 2369/1/4 2370/1/4
f 2358/1/4 2370/1/4 2371/1/4
f 2346/1/4 2358/1/4 2371/1/4
f 2346/1/4 2371/1/4 2372/1/4
f 2373/1/368 2374/1/368 2362/1/368
f 2373/1/368 2362/1/368 2361/1/368
f 2375/1/370 2376/1/370 2377/1/370
f 2375/1/370 2377/1/370 2378/1/370
f 2379/1/4 2369/1/4 2358/1/4
f 2379/1/4 2358/1/4 2357/1/4
f 2380/1/367 2381/1/367 2382/1/367
f 2380/1/367 2382/1/367 2383/1/367
f 2379/1/4 2357/1/4 2384/1/4
f 2379/1/4 2384/1/4 2385/1/4
f 2386/1/371 2387/1/371 2388/1/371
f 2386/1/371 2388/1/371 2389/1/371
f 2390/1/369 2391/1/369 2392/1/369
f 2390/1/369 2392/1/369 2393/1/369
f 2394/1/372 2395/1/372 2396/1/372
f 2394/1/372 2396/1/372 2397/1/372
f 2398/1/38 2399/1/38 2400/1/38
f 2398/1/38 2400/1/38 2401/1/38
f 2379/1/4 2385/1/4 2402/1/4
f 2379/1/4 2402/1/4 2403/1/4
f 2369/1/4 2379/1/4 2403/1/4
f 2369/1/4 2403/1/4 2404/1/4
f 2405/1/373 2406/1/373 2407/1/373
f 2405/1/373 2407/1/373 2408/1/373
f 2409/1/374 2410/1/374 2411/1/374
f 2409/1/374 2411/1/374 2412/1/374
f 2413/1/4 2414/1/4 2415/1/4
f 2413/1/4 2415/1/4 2416/1/4
f 2417/1/375 2418/1/375 2419/1/375
f 2417/1/375 2419/1/375 2420/1/375
f 2421/1/376 2422/1/376 2423/1/376
f 2421/1/376 2423/1/376 2424/1/376
f 2425/1/377 2426/1/377 2427/1/377
f 2425/1/377 2427/1/377 2428/1/377
f 2416/1/4 2415/1/4 2429/1/4
f 2416/1/4 2429/1/4 2430/1/4
f 2431/1/378 2432/1/378 2433/1/378
f 2431/1/378 2433/1/378 2434/1/378
f 2435/1/4 2416/1/4 2430/1/4
f 2435/1/4 2430/1/4 2436/1/4
f 2430/1/4 2429/1/4 2437/1/4
f 2430/1/4 2437/1/4 2438/1/4
f 2439/1/4 2413/1/4 2416/1/4
f 2439/1/4 2416/1/4 2435/1/4
f 2440/1/379 2441/1/379 2442/1/379
f 2440/1/379 2442/1/379 2443/1/379
f 2444/1/380 2445/1/380 2446/1/380
f 2444/1/380 2446/1/380 2447/1/380
f 2448/1/381 2449/1/381 2450/1/381
f 2448/1/381 2450/1/381 2451/1/381
f 2452/1/382 2453/1/382 2454/1/382
f 2452/1/382 2454/1/382 2455/1/382
f 2456/1/4 2457/1/4 2458/1/4
f 2456/1/4 2458/1/4 2459/1/4
f 2459/1/4 2458/1/4 2460/1/4
f 2459/1/4 2460/1/4 2461/1/4
f 2462/1/383 2463/1/383 2464/1/383
f 2462/1/383 2464/1/383 2465/1/383
f 2466/1/384 2467/1/384 2468/1/384
f 2466/1/384 2468/1/384 2469/1/384
f 2470/1/384 2471/1/384 2467/1/384
f 2470/1/384 2467/1/384 2466/1/384
f 2472/1/385 2473/1/385 2474/1/385
f 2472/1/385 2474/1/385 2475/1/385
f 2457/1/4 2476/1/4 2477/1/4
f 2457/1/4 2477/1/4 2458/1/4
f 2458/1/4 2477/1/4 2478/1/4
f 2458/1/4 2478/1/4 2460/1/4
f 2479/1/386 2480/1/386 2481/1/386
f 2479/1/387 2481/1/387 2482/1/387
f 2483/1/384 2484/1/384 2471/1/384
f 2483/1/384 2471/1/384 2470/1/384
f 2476/1/4 2439/1/4 2435/1/4
f 2476/1/4 2435/1/4 2477/1/4
f 2477/1/4 2435/1/4 2436/1/4
f 2477/1/4 2436/1/4 2478/1/4
f 2459/1/4 2461/1/4 2485/1/4
f 2459/1/4 2485/1/4 2486/1/4
f 2487/1/388 2488/1/388 2489/1/388
f 2487/1/388 2489/1/388 2490/1/388
f 2491/1/389 2492/1/389 2493/1/389
f 2491/1/389 2493/1/389 2494/1/389
f 2495/1/390 2496/1/390 2497/1/390
f 2495/1/390 2497/1/390 2498/1/390
f 2486/1/4 2485/1/4 2499/1/4
f 2486/1/4 2499/1/4 2500/1/4
f 2501/1/391 2502/1/391 2503/1/391
f 2501/1/391 2503/1/391 2504/1/391
f 2505/1/392 2506/1/392 2507/1/392
f 2505/1/392 2507/1/392 2508/1/392
f 2509/1/4 2510/1/4 2511/1/4
f 2509/1/4 2511/1/4 2512/1/4
f 2513/1/4 2514/1/4 2515/1/4
f 2513/1/4 2515/1/4 2516/1/4
f 2517/1/393 2518/1/393 2519/1/393
f 2517/1/393 2519/1/393 2520/1/393
f 2521/1/108 2522/1/108 2523/1/108
f 2521/1/108 2523/1/108 2524/1/108
f 2525/1/394 2526/1/394 2527/1/394
f 2525/1/395 2527/1/395 2528/1/395
f 2529/1/396 2530/1/396 2531/1/396
f 2529/1/396 2531/1/396 2532/1/396
f 2533/1/397 2534/1/397 2535/1/397
f 2533/1/397 2535/1/397 2536/1/397
f 2537/1/398 2538/1/398 2539/1/398
f 2537/1/399 2539/1/399 2540/1/399
f 2512/1/4 2511/1/4 2541/1/4
f 2512/1/400 2541/1/400 2542/1/400
f 2543/1/401 2544/1/401 2545/1/401
f 2543/1/401 2545/1/401 2546/1/401
f 2547/1/402 2548/1/402 2549/1/402
f 2547/1/402 2549/1/402 2550/1/402
f 2551/1/394 2552/1/394 2553/1/394
f 2551/1/395 2553/1/395 2554/1/395
f 2555/1/4 2556/1/4 2510/1/4
f 2555/1/4 2510/1/4 2509/1/4
f 2516/1/4 2515/1/4 2556/1/4
f 2516/1/4 2556/1/4 2555/1/4
f 2557/1/395 2558/1/395 2552/1/395
f 2557/1/394 2552/1/394 2551/1/394
f 2559/1/403 2560/1/403 2561/1/403
f 2559/1/403 2561/1/403 2562/1/403
f 2563/1/379 2564/1/379 2565/1/379
f 2563/1/379 2565/1/379 2566/1/379
f 2567/1/4 2568/1/4 2569/1/4
f 2568/1/4 2570/1/4 2569/1/4
f 2571/1/4 2572/1/4 2573/1/4
f 2571/1/4 2573/1/4 2574/1/4
f 2571/1/4 2574/1/4 2567/1/4
f 2571/1/4 2567/1/4 2575/1/4
f 2576/1/404 2577/1/404 2578/1/404
f 2576/1/404 2578/1/404 2579/1/404
f 2580/1/404 2581/1/404 2582/1/404
f 2580/1/404 2582/1/404 2583/1/404
f 2584/1/405 2585/1/405 2586/1/405
f 2584/1/405 2586/1/405 2587/1/405
f 2588/1/4 2589/1/4 2590/1/4
f 2588/1/4 2590/1/4 2591/1/4
f 2592/1/405 2593/1/405 2594/1/405
f 2592/1/405 2594/1/405 2595/1/405
f 2596/1/14 2597/1/14 2598/1/14
f 2596/1/14 2598/1/14 2599/1/14
f 2567/1/4 2574/1/4 2600/1/4
f 2567/1/4 2600/1/4 2568/1/4
f 2601/1/406 2602/1/406 2603/1/406
f 2601/1/406 2603/1/406 2604/1/406
f 2583/1/404 2582/1/404 2577/1/404
f 2583/1/404 2577/1/404 2576/1/404
f 2591/1/4 2571/1/4 2575/1/4
f 2591/1/4 2575/1/4 2605/1/4
f 2591/1/4 2590/1/4 2572/1/4
f 2591/1/4 2572/1/4 2571/1/4
f 2606/1/407 2607/1/407 2608/1/407
f 2606/1/407 2608/1/407 2609/1/407
f 2610/1/408 2611/1/408 2612/1/408
f 2610/1/408 2612/1/408 2613/1/408
f 2605/1/4 2575/1/4 2614/1/4
f 2605/1/4 2614/1/4 2615/1/4
f 2616/1/409 2617/1/409 2618/1/409
f 2616/1/409 2618/1/409 2619/1/409
f 2568/1/4 2600/1/4 2620/1/4
f 2568/1/4 2620/1/4 2621/1/4
f 2574/1/4 2573/1/4 2622/1/4
f 2574/1/4 2622/1/4 2600/1/4
f 2623/1/410 2624/1/410 2625/1/410
f 2623/1/410 2625/1/410 2626/1/410
f 2627/1/411 2628/1/411 2629/1/411
f 2627/1/411 2629/1/411 2630/1/411
f 2631/1/412 2632/1/412 2633/1/412
f 2631/1/412 2633/1/412 2634/1/412
s 1
f 2635/1/413 2636/1/413 2637/1/413
s 0
f 2635/1/413 2637/1/413 2638/1/413
f 2639/1/414 2640/1/414 2641/1/414
f 2639/1/414 2641/1/414 2642/1/414
f 2643/1/415 2644/1/415 2645/1/415
f 2643/1/415 2645/1/415 2646/1/415
f 2647/1/416 2648/1/416 2649/1/416
f 2647/1/416 2649/1/416 2650/1/416
s 1
f 2651/1/417 2652/1/417 2653/1/417
s 0
f 2651/1/417 2653/1/417 2654/1/417
f 2655/1/418 2656/1/418 2657/1/418
f 2655/1/418 2657/1/418 2658/1/418
f 2569/1/4 2570/1/4 2659/1/4
f 2569/1/4 2659/1/4 2660/1/4
f 2661/1/419 2662/1/419 2663/1/419
f 2661/1/419 2663/1/419 2664/1/419
f 2665/1/412 2666/1/412 2667/1/412
f 2665/1/412 2667/1/412 2668/1/412
f 2669/1/4 2670/1/4 2671/1/4
f 2669/1/4 2671/1/4 2672/1/4
f 2669/1/4 2672/1/4 2673/1/4
f 2669/1/4 2673/1/4 2674/1/4
f 2675/1/420 2676/1/420 2677/1/420
f 2675/1/420 2677/1/420 2678/1/420
f 2679/1/421 2680/1/421 2681/1/421
f 2679/1/421 2681/1/421 2682/1/421
f 2683/1/422 2684/1/422 2685/1/422
f 2683/1/422 2685/1/422 2686/1/422
f 2687/1/4 2688/1/4 2689/1/4
f 2687/1/4 2689/1/4 2690/1/4
f 2691/1/420 2692/1/420 2693/1/420
f 2691/1/420 2693/1/420 2694/1/420
f 2695/1/423 2696/1/423 2697/1/423
f 2695/1/423 2697/1/423 2698/1/423
f 2699/1/4 2700/1/4 2701/1/4
f 2699/1/4 2701/1/4 2702/1/4
f 2690/1/4 2689/1/4 2703/1/4
f 2690/1/4 2703/1/4 2704/1/4
f 2705/1/424 2706/1/424 2707/1/424
f 2705/1/424 2707/1/424 2708/1/424
f 2709/1/420 2710/1/420 2711/1/420
f 2709/1/420 2711/1/420 2712/1/420
f 2704/1/4 2703/1/4 2700/1/4
f 2704/1/4 2700/1/4 2699/1/4
f 2713/1/425 2714/1/425 2715/1/425
f 2713/1/425 2715/1/425 2716/1/425
f 2712/1/420 2711/1/420 2692/1/420
f 2712/1/420 2692/1/420 2691/1/420
f 2717/1/426 2718/1/426 2719/1/426
f 2717/1/426 2719/1/426 2720/1/426
f 2721/1/427 2722/1/427 2723/1/427
f 2721/1/427 2723/1/427 2724/1/427
f 2725/1/428 2726/1/428 2727/1/428
f 2725/1/428 2727/1/428 2728/1/428
s 1
f 2729/1/429 2730/1/429 2731/1/429
s 0
f 2729/1/429 2731/1/429 2732/1/429
f 2733/1/17 2734/1/17 2735/1/17
f 2736/1/430 2737/1/430 2738/1/430
f 2736/1/430 2738/1/430 2739/1/430
f 2694/1/420 2693/1/420 2676/1/420
f 2694/1/420 2676/1/420 2675/1/420
f 2702/1/4 2669/1/4 2674/1/4
f 2702/1/4 2674/1/4 2740/1/4
f 2702/1/4 2701/1/4 2670/1/4
f 2702/1/4 2670/1/4 2669/1/4
f 2741/1/431 2742/1/431 2743/1/431
f 2741/1/431 2743/1/431 2744/1/431
f 2745/1/432 2746/1/432 2747/1/432
f 2745/1/432 2747/1/432 2748/1/432
f 2749/1/17 2750/1/17 2751/1/17
f 2749/1/17 2751/1/17 2752/1/17
f 2753/1/433 2754/1/433 2755/1/433
f 2753/1/433 2755/1/433 2756/1/433
f 2757/1/434 2758/1/434 2759/1/434
f 2757/1/434 2759/1/434 2760/1/434
f 2761/1/435 2762/1/435 2763/1/435
f 2761/1/435 2763/1/435 2764/1/435
f 2765/1/436 2766/1/436 2767/1/436
f 2765/1/436 2767/1/436 2768/1/436
f 2769/1/17 2770/1/17 2771/1/17
f 2769/1/17 2771/1/17 2772/1/17
f 2773/1/437 2774/1/437 2775/1/437
f 2773/1/437 2775/1/437 2776/1/437
f 2777/1/438 2778/1/438 2779/1/438
f 2777/1/438 2779/1/438 2780/1/438
f 2772/1/17 2771/1/17 2781/1/17
f 2772/1/17 2781/1/17 2782/1/17
f 2783/1/17 2784/1/17 2770/1/17
f 2783/1/17 2770/1/17 2769/1/17
f 2785/1/439 2786/1/439 2787/1/439
f 2785/1/439 2787/1/439 2788/1/439
f 2789/1/440 2790/1/440 2791/1/440
f 2789/1/440 2791/1/440 2792/1/440
f 2793/1/441 2794/1/441 2795/1/441
f 2793/1/441 2795/1/441 2796/1/441
f 2797/1/442 2798/1/442 2799/1/442
f 2797/1/442 2799/1/442 2800/1/442
f 2801/1/17 2802/1/17 2784/1/17
f 2801/1/17 2784/1/17 2783/1/17
f 2803/1/443 2804/1/443 2805/1/443
f 2803/1/443 2805/1/443 2806/1/443
f 2807/1/444 2808/1/444 2809/1/444
f 2807/1/444 2809/1/444 2810/1/444
f 2782/1/17 2781/1/17 2750/1/17
f 2782/1/17 2750/1/17 2749/1/17
f 2811/1/30 2812/1/30 2813/1/30
f 2811/1/30 2813/1/30 2814/1/30
f 2815/1/21 2816/1/21 2817/1/21
f 2815/1/21 2817/1/21 2818/1/21
f 2819/1/4 2820/1/4 2821/1/4
f 2819/1/4 2821/1/4 2822/1/4
f 2821/1/4 2820/1/4 2823/1/4
f 2821/1/4 2823/1/4 2824/1/4
f 2825/1/4 2826/1/4 2827/1/4
f 2825/1/4 2827/1/4 2828/1/4
f 2829/1/23 2830/1/23 2831/1/23
f 2829/1/23 2831/1/23 2832/1/23
f 2833/1/24 2834/1/24 2835/1/24
f 2833/1/24 2835/1/24 2836/1/24
f 2837/1/445 2838/1/445 2839/1/445
f 2837/1/445 2839/1/445 2840/1/445
f 2828/1/4 2827/1/4 2841/1/4
f 2828/1/4 2841/1/4 2842/1/4
f 2843/1/20 2844/1/20 2845/1/20
f 2843/1/20 2845/1/20 2846/1/20
f 2847/1/28 2848/1/28 2849/1/28
f 2847/1/28 2849/1/28 2850/1/28
f 2851/1/22 2852/1/22 2853/1/22
f 2851/1/22 2853/1/22 2854/1/22
f 2842/1/4 2841/1/4 2855/1/4
f 2856/1/16 2857/1/16 2858/1/16
f 2856/1/16 2858/1/16 2859/1/16
f 2860/1/19 2861/1/19 2862/1/19
f 2860/1/19 2862/1/19 2863/1/19
f 2864/1/29 2865/1/29 2866/1/29
f 2864/1/29 2866/1/29 2867/1/29
f 2868/1/4 2869/1/4 2870/1/4
f 2868/1/4 2870/1/4 2871/1/4
f 2872/1/18 2873/1/18 2874/1/18
f 2872/1/18 2874/1/18 2875/1/18
f 2821/1/4 2824/1/4 2869/1/4
f 2821/1/4 2869/1/4 2868/1/4
f 2876/1/9 2877/1/9 2878/1/9
f 2876/1/9 2878/1/9 2879/1/9
f 2880/1/446 2881/1/446 2882/1/446
f 2880/1/446 2882/1/446 2883/1/446
f 2884/1/447 2885/1/447 2886/1/447
f 2884/1/447 2886/1/447 2887/1/447
f 2888/1/448 2889/1/448 2890/1/448
f 2888/1/448 2890/1/448 2891/1/448
f 2892/1/449 2893/1/449 2894/1/449
f 2892/1/449 2894/1/449 2895/1/449
f 2888/1/448 2891/1/448 2896/1/448
f 2888/1/448 2896/1/448 2897/1/448
f 2821/1/4 2868/1/4 2898/1/4
f 2821/1/4 2898/1/4 2899/1/4
f 2900/1/24 2833/1/24 2836/1/24
f 2900/1/24 2836/1/24 2901/1/24
f 2902/1/450 2903/1/450 2904/1/450
f 2902/1/450 2904/1/450 2905/1/450
f 2826/1/4 2819/1/4 2822/1/4
f 2826/1/4 2822/1/4 2827/1/4
f 2906/1/31 2907/1/31 2908/1/31
f 2906/1/31 2908/1/31 2909/1/31
f 2822/1/4 2821/1/4 2899/1/4
f 2910/1/4 2911/1/4 2912/1/4
f 2913/1/451 2914/1/451 2915/1/451
f 2913/1/451 2915/1/451 2916/1/451
f 2910/1/4 2917/1/4 2918/1/4
f 2910/1/4 2918/1/4 2911/1/4
f 2919/1/452 2920/1/452 2921/1/452
f 2919/1/452 2921/1/452 2922/1/452
f 2923/1/453 2924/1/453 2925/1/453
f 2923/1/453 2925/1/453 2926/1/453
f 2927/1/454 2928/1/454 2929/1/454
f 2927/1/454 2929/1/454 2930/1/454
f 2911/1/4 2918/1/4 2931/1/4
f 2911/1/4 2931/1/4 2932/1/4
f 2933/1/455 2934/1/455 2935/1/455
f 2933/1/455 2935/1/455 2936/1/455
f 2937/1/456 2938/1/456 2939/1/456
f 2937/1/456 2939/1/456 2940/1/456
f 2931/1/4 2918/1/4 2941/1/4
f 2931/1/4 2941/1/4 2942/1/4
f 2943/1/457 2944/1/457 2945/1/457
f 2943/1/457 2945/1/457 2946/1/457
f 2947/1/458 2948/1/458 2949/1/458
f 2947/1/458 2949/1/458 2950/1/458
f 2911/1/4 2932/1/4 2951/1/4
f 2932/1/4 2952/1/4 2951/1/4
f 2953/1/459 2954/1/459 2955/1/459
f 2953/1/459 2955/1/459 2956/1/459
f 2957/1/460 2958/1/460 2959/1/460
f 2957/1/460 2959/1/460 2960/1/460
f 2961/1/190 2962/1/190 2963/1/190
f 2961/1/190 2963/1/190 2964/1/190
f 2301/1/4 2307/1/4 2965/1/4
f 2966/1/461 2967/1/461 2968/1/461
f 2966/1/461 2968/1/461 2969/1/461
f 2970/1/462 2971/1/462 2972/1/462
f 2970/1/462 2972/1/462 2973/1/462
f 2974/1/463 2975/1/463 2976/1/463
f 2974/1/463 2976/1/463 2977/1/463
f 2978/1/464 2979/1/464 2980/1/464
f 2978/1/464 2980/1/464 2981/1/464
f 2982/1/4 2983/1/4 2984/1/4
f 2982/1/4 2984/1/4 2985/1/4
f 2986/1/465 2987/1/465 2988/1/465
f 2986/1/465 2988/1/465 2989/1/465
f 2990/1/466 2991/1/466 2992/1/466
f 2990/1/466 2992/1/466 2993/1/466
f 2994/1/4 2995/1/4 2996/1/4
f 2994/1/4 2996/1/4 2997/1/4
f 2998/1/160 2999/1/160 3000/1/160
f 2998/1/160 3000/1/160 3001/1/160
f 3002/1/4 3003/1/4 2995/1/4
f 3002/1/4 2995/1/4 2994/1/4
f 3004/1/467 3005/1/467 3006/1/467
f 3004/1/467 3006/1/467 3007/1/467
f 3008/1/468 3009/1/468 3010/1/468
f 3008/1/468 3010/1/468 3011/1/468
f 3012/1/469 3013/1/469 3014/1/469
f 3012/1/469 3014/1/469 3015/1/469
f 3016/1/470 3017/1/470 3018/1/470
f 3016/1/470 3018/1/470 3019/1/470
f 3020/1/471 3021/1/471 3022/1/471
f 3020/1/471 3022/1/471 3023/1/471
f 2995/1/4 3003/1/4 3024/1/4
f 2995/1/4 3024/1/4 3025/1/4
f 3026/1/472 3027/1/472 3028/1/472
f 3026/1/472 3028/1/472 3029/1/472
f 3030/1/17 3031/1/17 3032/1/17
f 3030/1/17 3032/1/17 3033/1/17
f 3034/1/473 3035/1/473 3036/1/473
f 3034/1/473 3036/1/473 3037/1/473
f 3038/1/17 3039/1/17 3031/1/17
f 3038/1/17 3031/1/17 3030/1/17
f 3040/1/474 3041/1/474 3042/1/474
f 3040/1/474 3042/1/474 3043/1/474
f 3044/1/475 3045/1/475 3046/1/475
f 3044/1/475 3046/1/475 3047/1/475
f 3048/1/476 3049/1/476 3050/1/476
f 3048/1/476 3050/1/476 3051/1/476
f 3033/1/17 3032/1/17 3052/1/17
f 3032/1/17 3053/1/17 3052/1/17
f 3054/1/477 3055/1/477 3056/1/477
f 3054/1/477 3056/1/477 3057/1/477
f 3033/1/17 3052/1/17 3058/1/17
f 3033/1/17 3058/1/17 3059/1/17
f 3060/1/478 3061/1/478 3062/1/478
f 3060/1/478 3062/1/478 3063/1/478
f 3064/1/479 3065/1/479 3066/1/479
f 3064/1/479 3066/1/479 3067/1/479
f 3068/1/480 3069/1/480 3070/1/480
f 3068/1/480 3070/1/480 3071/1/480
f 3059/1/17 3058/1/17 3072/1/17
f 3058/1/17 3073/1/17 3072/1/17
f 3074/1/481 3075/1/481 3076/1/481
f 3074/1/481 3076/1/481 3077/1/481
f 3078/1/17 3079/1/17 3080/1/17
f 3078/1/17 3080/1/17 3081/1/17
f 3082/1/482 3083/1/482 3084/1/482
f 3082/1/482 3084/1/482 3085/1/482
f 3086/1/17 3087/1/17 3079/1/17
f 3086/1/17 3079/1/17 3078/1/17
f 3088/1/483 3089/1/483 3090/1/483
f 3088/1/483 3090/1/483 3091/1/483
f 3092/1/484 3093/1/484 3094/1/484
f 3092/1/484 3094/1/484 3095/1/484
f 3079/1/17 3087/1/17 3096/1/17
f 3079/1/17 3096/1/17 3097/1/17
f 3098/1/485 3099/1/485 3100/1/485
f 3098/1/485 3100/1/485 3101/1/485
f 3102/1/479 3103/1/479 3104/1/479
f 3102/1/479 3104/1/479 3105/1/479
f 3106/1/486 3107/1/486 3108/1/486
f 3106/1/486 3108/1/486 3109/1/486
f 3110/1/487 3111/1/487 3112/1/487
f 3110/1/487 3112/1/487 3113/1/487
f 3114/1/488 3115/1/488 3116/1/488
s 1
f 3114/1/488 3116/1/488 3117/1/488
s 0
f 3118/1/489 3119/1/489 3120/1/489
f 3118/1/489 3120/1/489 3121/1/489
f 3122/1/487 3111/1/487 3110/1/487
f 3122/1/487 3110/1/487 3123/1/487
f 3124/1/17 3125/1/17 3126/1/17
f 3124/1/17 3126/1/17 3127/1/17
f 3128/1/490 3129/1/490 3130/1/490
f 3128/1/490 3130/1/490 3131/1/490
f 3132/1/343 3133/1/343 3134/1/343
f 3132/1/343 3134/1/343 3135/1/343
f 3136/1/491 3137/1/491 3138/1/491
f 3136/1/491 3138/1/491 3139/1/491
f 3127/1/17 3126/1/17 3140/1/17
f 3127/1/17 3140/1/17 3141/1/17
f 3142/1/492 3143/1/492 3144/1/492
f 3142/1/492 3144/1/492 3145/1/492
f 3146/1/493 3147/1/493 3148/1/493
f 3146/1/493 3148/1/493 3149/1/493
f 3127/1/17 3141/1/17 3150/1/17
f 3127/1/17 3150/1/17 3151/1/17
f 3152/1/494 3153/1/494 3154/1/494
f 3152/1/494 3154/1/494 3155/1/494
f 3156/1/54 3157/1/54 617/1/54
f 3156/1/54 617/1/54 616/1/54
f 615/1/4 614/1/4 611/1/4
f 615/1/4 611/1/4 610/1/4
f 3158/6/495 3159/6/495 3160/7/495
f 3158/6/495 3160/7/495 3161/7/495
f 3162/6/496 3163/7/496 3164/7/496
f 3162/6/496 3164/7/496 3165/6/496
f 3166/1/497 3167/1/497 3168/1/497
f 3166/1/497 3168/1/497 3169/1/497
f 3170/7/498 3171/6/498 3172/6/498
f 3170/7/498 3172/6/498 3173/7/498
f 3174/6/4 3175/6/4 3176/6/4
f 3174/6/4 3176/6/4 3177/6/4
f 3178/6/4 3174/6/4 3177/6/4
f 3178/6/4 3177/6/4 3179/6/4
f 3180/6/496 3181/7/496 3182/7/496
f 3180/6/496 3182/7/496 3183/6/496
f 3184/6/495 3185/6/495 3186/7/495
f 3184/6/495 3186/7/495 3187/7/495
f 3188/6/4 3178/6/4 3179/6/4
f 3188/6/4 3179/6/4 3189/6/4
f 3183/6/496 3182/7/496 3163/7/496
f 3183/6/496 3163/7/496 3162/6/496
f 3174/6/4 3178/6/4 3190/6/4
f 3174/6/4 3190/6/4 3191/6/4
f 3192/6/499 3193/6/499 3194/7/499
f 3192/6/499 3194/7/499 3195/7/499
f 3196/6/500 3197/7/500 3198/7/500
f 3196/6/500 3198/7/500 3199/6/500
f 3200/7/501 3201/6/501 3202/6/501
f 3200/7/501 3202/6/501 3203/7/501
f 3204/6/495 3205/6/495 3206/7/495
f 3204/6/495 3206/7/495 3207/7/495
f 3208/6/502 3209/6/502 3210/7/502
f 3208/6/502 3210/7/502 3211/7/502
f 3212/6/495 3204/6/495 3207/7/495
f 3212/6/495 3207/7/495 3213/7/495
f 3214/6/496 3215/7/496 3216/7/496
f 3214/6/496 3216/7/496 3217/6/496
f 3218/6/496 3219/7/496 3215/7/496
f 3218/6/496 3215/7/496 3214/6/496
f 3220/6/503 3221/7/503 3222/7/503
f 3220/6/503 3222/7/503 3223/6/503
f 3224/6/4 3225/6/4 3226/6/4
f 3224/6/4 3226/6/4 3227/6/4
f 3225/6/4 3228/6/4 3229/6/4
f 3225/6/4 3229/6/4 3226/6/4
f 3228/6/4 3230/6/4 3231/6/4
f 3228/6/4 3231/6/4 3229/6/4
f 3232/6/504 3233/6/504 3234/7/504
f 3232/6/504 3234/7/504 3235/7/504
f 3236/6/505 3237/6/505 3238/7/505
f 3236/6/505 3238/7/505 3239/7/505
f 3240/6/495 3241/6/495 3242/7/495
f 3240/6/495 3242/7/495 3243/7/495
f 3244/6/506 3245/7/506 3246/7/506
f 3244/6/506 3246/7/506 3247/6/506
f 3248/6/507 3249/7/507 3250/7/507
f 3248/6/507 3250/7/507 3251/6/507
f 3251/6/508 3250/7/508 3252/7/508
f 3251/6/508 3252/7/508 3253/6/508
f 3254/7/509 3255/6/509 3256/6/509
f 3254/7/509 3256/6/509 3257/7/509
f 3258/6/4 3259/6/4 3260/6/4
f 3258/6/4 3260/6/4 3261/6/4
f 3259/6/4 3262/6/4 3263/6/4
f 3259/6/4 3263/6/4 3260/6/4
f 3264/13/510 3265/6/510 3266/7/510
f 3264/13/510 3266/7/510 3267/7/510
f 3268/6/511 3269/6/511 3270/7/511
f 3268/6/511 3270/7/511 3271/7/511
f 3269/6/512 3272/6/512 3273/7/512
f 3269/6/512 3273/7/512 3270/7/512
f 3274/13/4 3275/6/4 3276/6/4
f 3274/13/4 3276/6/4 3277/6/4
f 3275/6/4 3278/6/4 3279/6/4
f 3275/6/4 3279/6/4 3276/6/4
f 3278/6/4 3280/6/4 3281/6/4
f 3278/6/4 3281/6/4 3279/6/4
f 3282/6/513 3283/7/513 3284/7/513
f 3282/6/513 3284/7/513 3285/6/513
f 3286/6/510 3264/13/510 3267/7/510
f 3286/6/510 3267/7/510 3287/7/510
f 3288/7/17 3289/7/17 3290/7/17
f 3288/7/17 3290/7/17 3291/7/17
s 1
f 3292/1/514 3293/1/515 3294/1/516
f 3292/1/514 3294/1/516 3295/1/517
s 0
f 3296/1/518 3297/1/518 3298/1/518
f 3296/1/518 3298/1/518 3299/1/518
f 3281/6/4 3280/6/4 3300/6/4
f 3281/6/4 3300/6/4 3301/6/4
f 3302/6/519 3303/6/519 3304/7/519
f 3302/6/520 3304/7/520 3305/7/520
f 3306/6/521 3307/7/521 3308/7/521
f 3306/6/521 3308/7/521 3309/6/521
f 3310/6/522 3311/7/522 3312/7/522
f 3310/6/522 3312/7/522 3313/6/522
f 3314/1/523 3315/1/523 3316/1/523
f 3314/1/523 3316/1/523 3317/1/523
f 3318/1/17 3319/1/17 3320/1/17
f 3318/1/17 3320/1/17 3321/1/17
f 3322/1/524 3323/1/524 3324/1/524
f 3322/1/524 3324/1/524 3325/1/524
f 3326/1/17 3327/1/17 3319/1/17
f 3326/1/17 3319/1/17 3318/1/17
f 3328/1/525 3329/1/525 3330/1/525
f 3328/1/525 3330/1/525 3331/1/525
f 3332/1/526 3333/1/526 3334/1/526
f 3332/1/526 3334/1/526 3335/1/526
f 3336/1/527 3337/1/527 3338/1/527
f 3336/1/527 3338/1/527 3339/1/527
f 3340/1/528 3341/1/528 3342/1/528
f 3340/1/528 3342/1/528 3343/1/528
f 3344/1/529 3345/1/529 3346/1/529
f 3344/1/529 3346/1/529 3347/1/529
f 3348/1/530 3349/1/530 3350/1/530
f 3348/1/530 3350/1/530 3351/1/530
f 3352/1/4 3353/1/4 3354/1/4
f 3352/1/4 3354/1/4 3355/1/4
f 3356/1/531 3357/1/531 3358/1/531
f 3356/1/531 3358/1/531 3359/1/531
f 3360/1/79 3361/1/79 3362/1/79
f 3360/1/79 3362/1/79 3363/1/79
f 3364/1/79 3365/1/79 3366/1/79
f 3364/1/79 3366/1/79 3367/1/79
f 3368/1/4 3369/1/4 3370/1/4
f 3368/1/4 3370/1/4 3371/1/4
f 3372/1/530 3373/1/530 3374/1/530
f 3372/1/530 3374/1/530 3375/1/530
f 3376/1/529 3377/1/529 3378/1/529
f 3376/1/529 3378/1/529 3379/1/529
s 1
f 3380/1/532 3381/1/532 3382/1/532
f 3380/1/532 3382/1/532 3383/1/532
s 0
f 3384/1/533 3385/1/533 3386/1/533
f 3384/1/533 3386/1/533 3387/1/533
s 1
f 3388/1/534 3389/1/534 3390/1/534
f 3388/1/534 3390/1/534 3391/1/534
s 0
f 3392/1/535 3393/1/535 3394/1/535
f 3392/1/535 3394/1/535 3395/1/535
f 3396/1/4 3397/1/4 3398/1/4
f 3396/1/4 3398/1/4 3399/1/4
f 3400/1/536 3401/1/536 3402/1/536
f 3400/1/536 3402/1/536 3403/1/536
f 3404/1/536 3405/1/536 3406/1/536
f 3404/1/536 3406/1/536 3407/1/536
f 3408/1/537 3409/1/537 3410/1/537
f 3408/1/535 3410/1/535 3411/1/535
f 3412/1/4 3413/1/4 3414/1/4
f 3412/1/4 3414/1/4 3415/1/4
f 3416/1/530 3417/1/530 3418/1/530
f 3416/1/530 3418/1/530 3419/1/530
f 3416/1/530 3419/1/530 3420/1/530
s 1
f 3416/1/530 3420/1/530 3421/1/530
s 0
f 3422/1/538 3423/1/538 3424/1/538
f 3422/1/538 3424/1/538 3425/1/538
f 3426/1/539 3427/1/539 3428/1/539
f 3426/1/539 3428/1/539 3429/1/539
f 3430/1/540 3431/1/540 3432/1/540
f 3430/1/540 3432/1/540 3433/1/540
f 3434/1/17 3435/1/17 3436/1/17
f 3434/1/17 3436/1/17 3437/1/17
f 3434/1/17 3437/1/17 3438/1/17
f 3434/1/17 3438/1/17 3439/1/17
f 3440/1/541 3441/1/541 3442/1/541
f 3440/1/542 3442/1/542 3443/1/542
f 3444/1/543 3445/1/543 3446/1/543
f 3444/1/543 3446/1/543 3447/1/543
f 3448/1/544 3449/1/544 3450/1/544
f 3448/1/544 3450/1/544 3451/1/544
f 3452/1/545 3453/1/545 3454/1/545
f 3452/1/545 3454/1/545 3455/1/545
f 3456/1/546 3457/1/546 3458/1/546
f 3456/1/546 3458/1/546 3459/1/546
f 3460/1/547 3461/1/547 3462/1/547
f 3460/1/547 3462/1/547 3463/1/547
f 3464/1/4 3465/1/4 3466/1/4
f 3464/1/4 3466/1/4 3467/1/4
f 3468/1/548 3469/1/548 3470/1/548
f 3468/1/548 3470/1/548 3471/1/548
f 3472/1/549 3473/1/549 3474/1/549
f 3472/1/549 3474/1/549 3475/1/549
f 3476/1/550 3477/1/550 3478/1/550
f 3476/1/550 3478/1/550 3479/1/550
f 3467/1/4 3466/1/4 3480/1/4
f 3467/1/4 3480/1/4 3481/1/4
f 3482/1/14 3483/1/14 3484/1/14
f 3482/1/14 3484/1/14 3485/1/14
f 3486/1/551 3487/1/551 3488/1/551
f 3486/1/551 3488/1/551 3489/1/551
f 3490/1/552 3491/1/552 3492/1/552
f 3490/1/552 3492/1/552 3493/1/552
f 3481/1/4 3480/1/4 3494/1/4
f 3481/1/4 3494/1/4 3495/1/4
f 3496/1/27 3497/1/27 3498/1/27
f 3496/1/27 3498/1/27 3499/1/27
f 3500/1/4 3501/1/4 3502/1/4
f 3500/1/4 3502/1/4 3503/1/4
f 3504/1/553 3505/1/553 3506/1/553
f 3504/1/553 3506/1/553 3507/1/553
f 3508/1/364 3509/1/364 3510/1/364
f 3508/1/364 3510/1/364 3511/1/364
f 3503/1/4 3502/1/4 3512/1/4
f 3503/1/4 3512/1/4 3513/1/4
f 3495/1/4 3494/1/4 3501/1/4
f 3495/1/4 3501/1/4 3500/1/4
f 3514/1/27 3515/1/27 3497/1/27
f 3514/1/27 3497/1/27 3496/1/27
f 3516/1/14 3517/1/14 3483/1/14
f 3516/1/14 3483/1/14 3482/1/14
f 3518/1/554 3519/1/554 3520/1/554
f 3518/1/554 3520/1/554 3521/1/554
f 3503/1/4 3513/1/4 3500/1/4
f 3513/1/4 3522/1/4 3500/1/4
f 3523/1/555 3524/1/555 3525/1/555
f 3523/1/555 3525/1/555 3526/1/555
f 3527/1/556 3528/1/556 3529/1/556
f 3527/1/556 3529/1/556 3530/1/556
f 3531/1/557 3532/1/557 3533/1/557
f 3531/1/557 3533/1/557 3534/1/557
f 3522/1/4 3513/1/4 3535/1/4
f 3522/1/4 3535/1/4 3536/1/4
f 3537/1/558 3538/1/558 3539/1/558
f 3537/1/558 3539/1/558 3540/1/558
f 3541/1/4 3542/1/4 3543/1/4
f 3541/1/4 3543/1/4 3544/1/4
f 3545/1/4 3546/1/4 3542/1/4
f 3545/1/4 3542/1/4 3541/1/4
f 3547/1/559 3548/1/559 3549/1/559
f 3547/1/559 3549/1/559 3550/1/559
f 3551/1/560 3552/1/560 3553/1/560
f 3551/1/560 3553/1/560 3554/1/560
f 3555/1/561 3556/1/561 3557/1/561
f 3555/1/561 3557/1/561 3558/1/561
f 3559/1/160 3560/1/160 3561/1/160
f 3559/1/160 3561/1/160 3562/1/160
f 3563/1/562 3564/1/562 3565/1/562
s 1
f 3563/1/562 3565/1/562 3566/1/562
s 0
f 3567/1/563 3568/1/563 3569/1/563
f 3567/1/563 3569/1/563 3570/1/563
f 3544/1/4 3543/1/4 3571/1/4
f 3543/1/4 3572/1/4 3571/1/4
f 3573/1/564 3574/1/564 3575/1/564
f 3573/1/564 3575/1/564 3576/1/564
f 3577/1/278 3578/1/278 3579/1/278
f 3577/1/278 3579/1/278 3580/1/278
f 3581/1/565 3582/1/565 3583/1/565
f 3581/1/565 3583/1/565 3584/1/565
f 3585/1/4 3586/1/4 3587/1/4
f 3585/1/4 3587/1/4 3588/1/4
f 3589/1/537 3590/1/537 3591/1/537
f 3589/1/537 3591/1/537 3592/1/537
f 3593/1/566 3594/1/566 3595/1/566
f 3593/1/566 3595/1/566 3596/1/566
f 3597/1/4 3598/1/4 3599/1/4
f 3598/1/4 3600/1/4 3599/1/4
f 3601/1/526 3602/1/526 3603/1/526
f 3601/1/526 3603/1/526 3604/1/526
f 3605/1/567 3606/1/567 3607/1/567
f 3605/1/567 3607/1/567 3608/1/567
f 3609/1/568 3610/1/568 3611/1/568
f 3609/1/568 3611/1/568 3612/1/568
f 3613/1/569 3614/1/569 3615/1/569
f 3613/1/569 3615/1/569 3616/1/569
f 3617/1/4 3588/1/4 3618/1/4
f 3617/1/4 3618/1/4 3619/1/4
f 3600/1/4 3598/1/4 3620/1/4
f 3600/1/4 3620/1/4 3621/1/4
f 3622/1/570 3623/1/570 3624/1/570
f 3622/1/570 3624/1/570 3625/1/570
f 3626/1/526 3627/1/526 3602/1/526
f 3626/1/526 3602/1/526 3601/1/526
f 3628/1/4 3629/1/4 3598/1/4
f 3628/1/4 3598/1/4 3597/1/4
f 3630/1/4 3617/1/4 3629/1/4
f 3630/1/4 3629/1/4 3628/1/4
f 3631/1/526 3632/1/526 3633/1/526
f 3631/1/526 3633/1/526 3634/1/526
f 3635/1/399 3636/1/399 3637/1/399
f 3635/1/399 3637/1/399 3638/1/399
f 3598/1/4 3629/1/4 3639/1/4
f 3598/1/4 3639/1/4 3620/1/4
f 3619/1/4 3618/1/4 3640/1/4
f 3619/1/4 3640/1/4 3641/1/4
f 3642/1/526 3643/1/526 3632/1/526
f 3642/1/526 3632/1/526 3631/1/526
f 3585/1/4 3588/1/4 3617/1/4
f 3585/1/4 3617/1/4 3630/1/4
f 3567/1/563 3570/1/563 3644/1/563
f 3567/1/563 3644/1/563 3645/1/563
f 3629/1/4 3617/1/4 3619/1/4
f 3629/1/4 3619/1/4 3639/1/4
f 3646/1/571 3647/1/571 3648/1/571
f 3646/1/571 3648/1/571 3649/1/571
f 3650/1/572 3651/1/572 3652/1/572
f 3650/1/572 3652/1/572 3653/1/572
f 3654/1/573 3655/1/573 3656/1/573
f 3654/1/573 3656/1/573 3657/1/573
f 3658/1/574 3659/1/574 3660/1/574
f 3658/1/574 3660/1/574 3661/1/574
f 3662/1/4 3663/1/4 3664/1/4
f 3662/1/4 3664/1/4 3665/1/4
f 3666/1/4 3667/1/4 3668/1/4
f 3666/1/4 3668/1/4 3663/1/4
f 3669/1/534 3670/1/534 3671/1/534
f 3669/1/534 3671/1/534 3672/1/534
f 3673/1/4 3666/1/4 3663/1/4
f 3673/1/4 3663/1/4 3662/1/4
f 3674/1/537 3675/1/537 3676/1/537
f 3674/1/537 3676/1/537 3677/1/537
f 3678/1/574 3658/1/574 3661/1/574
f 3678/1/574 3661/1/574 3679/1/574
f 3680/1/537 3681/1/537 3682/1/537
f 3680/1/537 3682/1/537 3683/1/537
f 3684/1/534 3685/1/534 3686/1/534
f 3684/1/534 3686/1/534 3687/1/534
f 3673/1/4 3662/1/4 3688/1/4
f 3673/1/4 3688/1/4 3689/1/4
f 3690/1/4 3691/1/4 3692/1/4
f 3690/1/4 3692/1/4 3693/1/4
f 3694/1/532 3695/1/532 3696/1/532
f 3694/1/532 3696/1/532 3697/1/532
f 3683/1/537 3682/1/537 3698/1/537
f 3683/1/537 3698/1/537 3699/1/537
f 3662/1/4 3665/1/4 3700/1/4
f 3662/1/4 3700/1/4 3688/1/4
f 3701/1/575 3702/1/575 3703/1/575
f 3701/1/575 3703/1/575 3704/1/575
f 3705/1/576 3706/1/576 3707/1/576
f 3705/1/576 3707/1/576 3708/1/576
f 3709/1/577 3710/1/577 3711/1/577
f 3709/1/577 3711/1/577 3712/1/577
f 3713/1/577 3714/1/577 3710/1/577
f 3713/1/577 3710/1/577 3709/1/577
f 3715/1/578 3716/1/578 3717/1/578
f 3715/1/578 3717/1/578 3718/1/578
f 3689/1/4 3688/1/4 3691/1/4
f 3689/1/4 3691/1/4 3690/1/4
f 3719/1/579 3720/1/579 3721/1/579
f 3719/1/579 3721/1/579 3722/1/579
f 3723/1/4 3724/1/4 3725/1/4
f 3723/1/4 3725/1/4 3726/1/4
f 3727/1/27 3728/1/27 3729/1/27
f 3727/1/27 3729/1/27 3730/1/27
f 3731/1/27 3732/1/27 3728/1/27
f 3731/1/27 3728/1/27 3727/1/27
f 3690/1/4 3693/1/4 3724/1/4
f 3690/1/4 3724/1/4 3723/1/4
f 3733/1/14 3734/1/14 3735/1/14
f 3733/1/14 3735/1/14 3736/1/14
f 3737/1/580 3738/1/580 3739/1/580
f 3737/1/580 3739/1/580 3740/1/580
f 3741/1/581 3742/1/581 3743/1/581
f 3741/1/581 3743/1/581 3744/1/581
f 3745/1/582 3746/1/582 3747/1/582
f 3745/1/582 3747/1/582 3748/1/582
f 3725/1/4 3724/1/4 3749/1/4
f 3725/1/4 3749/1/4 3750/1/4
f 3751/1/4 3752/1/4 3753/1/4
f 3751/1/4 3753/1/4 3754/1/4
f 3750/1/4 3749/1/4 3752/1/4
f 3750/1/4 3752/1/4 3751/1/4
f 3755/1/583 3756/1/583 3757/1/583
f 3755/1/583 3757/1/583 3758/1/583
f 3759/1/584 3760/1/584 3761/1/584
f 3759/1/584 3761/1/584 3762/1/584
f 3763/1/585 3764/1/585 3765/1/585
f 3763/1/585 3765/1/585 3766/1/585
f 3767/1/414 3768/1/414 3769/1/414
f 3767/1/414 3769/1/414 3770/1/414
f 3771/1/586 3772/1/586 3773/1/586
f 3771/1/586 3773/1/586 3774/1/586
f 3775/1/587 3776/1/587 3777/1/587
f 3775/1/587 3777/1/587 3778/1/587
f 3779/1/505 3780/1/505 3781/1/505
f 3779/1/505 3781/1/505 3782/1/505
f 3783/1/414 3784/1/414 3785/1/414
f 3783/1/414 3785/1/414 3786/1/414
f 3787/1/4 3788/1/4 3789/1/4
f 3787/1/4 3789/1/4 3790/1/4
f 3791/1/4 3788/1/4 3787/1/4
f 3791/1/4 3787/1/4 3792/1/4
f 3793/1/4 3791/1/4 3792/1/4
f 3793/1/4 3792/1/4 3794/1/4
f 3795/1/588 3796/1/588 3797/1/588
f 3795/1/588 3797/1/588 3798/1/588
f 3799/1/589 3800/1/589 3801/1/589
f 3799/1/589 3801/1/589 3802/1/589
f 3793/1/4 3794/1/4 3803/1/4
f 3804/1/590 3805/1/590 3806/1/590
f 3804/1/590 3806/1/590 3807/1/590
f 3808/1/379 3809/1/379 3810/1/379
f 3808/1/379 3810/1/379 3811/1/379
f 3812/1/538 3813/1/538 3814/1/538
f 3812/1/538 3814/1/538 3815/1/538
f 3790/1/4 3789/1/4 3816/1/4
f 3790/1/4 3816/1/4 3817/1/4
f 3818/1/591 3819/1/591 3820/1/591
f 3818/1/591 3820/1/591 3821/1/591
f 3822/1/592 3823/1/592 3824/1/592
f 3822/1/592 3824/1/592 3825/1/592
f 3826/1/593 3827/1/593 3828/1/593
f 3826/1/593 3828/1/593 3829/1/593
f 3830/1/4 3831/1/4 3832/1/4
f 3830/1/4 3832/1/4 3833/1/4
f 3834/1/594 3835/1/594 3836/1/594
f 3834/1/594 3836/1/594 3837/1/594
f 3838/1/595 3839/1/595 3840/1/595
f 3838/1/595 3840/1/595 3841/1/595
f 3842/1/596 3843/1/596 3844/1/596
f 3842/1/596 3844/1/596 3845/1/596
f 3833/1/4 3832/1/4 3846/1/4
f 3833/1/4 3846/1/4 3847/1/4
f 3848/1/594 3849/1/594 3835/1/594
f 3848/1/594 3835/1/594 3834/1/594
f 3817/1/4 3816/1/4 3831/1/4
f 3817/1/4 3831/1/4 3830/1/4
f 3850/1/597 3851/1/597 3852/1/597
f 3850/1/598 3852/1/598 3853/1/598
f 3854/1/599 3855/1/599 3856/1/599
f 3854/1/599 3856/1/599 3857/1/599
f 3830/1/4 3833/1/4 3858/1/4
f 3830/1/4 3858/1/4 3859/1/4
f 3860/1/600 3861/1/600 3862/1/600
f 3860/1/600 3862/1/600 3863/1/600
f 3864/1/83 3865/1/83 3866/1/83
f 3864/1/83 3866/1/83 3867/1/83
f 3868/1/4 3869/1/4 3870/1/4
f 3868/1/4 3870/1/4 3871/1/4
f 3870/1/4 3869/1/4 3872/1/4
f 3870/1/4 3872/1/4 3873/1/4
f 3874/1/601 3875/1/601 3876/1/601
f 3874/1/601 3876/1/601 3877/1/601
f 3868/1/4 3871/1/4 3878/1/4
f 3868/1/4 3878/1/4 3879/1/4
f 3880/1/602 3881/1/602 3882/1/602
f 3880/1/602 3882/1/602 3883/1/602
f 3879/1/4 3878/1/4 3884/1/4
f 3885/1/603 3886/1/603 3887/1/603
f 3885/1/603 3887/1/603 3888/1/603
f 3889/1/604 3890/1/604 3891/1/604
f 3889/1/604 3891/1/604 3892/1/604
f 3893/1/605 3894/1/605 3895/1/605
f 3893/1/605 3895/1/605 3896/1/605
f 3873/1/4 3872/1/4 3897/1/4
f 3873/1/4 3897/1/4 3898/1/4
f 3899/1/606 3900/1/606 3901/1/606
f 3899/1/606 3901/1/606 3902/1/606
f 3903/1/607 3904/1/607 3905/1/607
f 3903/1/607 3905/1/607 3906/1/607
f 3907/1/537 3908/1/537 3909/1/537
f 3907/1/537 3909/1/537 3910/1/537
f 3911/1/17 3912/1/17 3913/1/17
f 3911/1/17 3913/1/17 3914/1/17
f 3915/1/17 3911/1/17 3916/1/17
f 3915/1/17 3916/1/17 3917/1/17
f 3918/1/608 3919/1/608 3920/1/608
f 3918/1/608 3920/1/608 3921/1/608
f 3922/1/609 3923/1/609 3924/1/609
f 3922/1/609 3924/1/609 3925/1/609
f 3926/1/572 3927/1/572 3928/1/572
f 3926/1/572 3928/1/572 3929/1/572
f 3914/1/17 3913/1/17 3930/1/17
f 3914/1/17 3930/1/17 3931/1/17
f 3932/1/610 3933/1/610 3934/1/610
f 3932/1/610 3934/1/610 3935/1/610
f 3936/1/611 3937/1/611 3938/1/611
f 3936/1/611 3938/1/611 3939/1/611
f 3940/1/612 3941/1/612 3942/1/612
f 3940/1/612 3942/1/612 3943/1/612
f 3931/1/17 3930/1/17 3944/1/17
f 3931/1/17 3944/1/17 3945/1/17
f 3946/1/613 3947/1/613 3948/1/613
f 3946/1/613 3948/1/613 3949/1/613
f 3950/1/17 3931/1/17 3945/1/17
f 3950/1/17 3945/1/17 3951/1/17
f 3952/1/614 3953/1/614 3954/1/614
f 3952/1/614 3954/1/614 3955/1/614
f 3956/1/17 3914/1/17 3931/1/17
f 3956/1/17 3931/1/17 3950/1/17
f 3957/1/17 3912/1/17 3911/1/17
f 3957/1/17 3911/1/17 3915/1/17
f 3916/1/17 3911/1/17 3914/1/17
f 3916/1/17 3914/1/17 3956/1/17
f 3958/1/492 3959/1/492 3960/1/492
f 3958/1/492 3960/1/492 3961/1/492
f 3962/1/615 3963/1/615 3964/1/615
f 3962/1/615 3964/1/615 3965/1/615
f 3966/1/510 3967/1/510 3968/1/510
f 3966/1/510 3968/1/510 3969/1/510
f 3945/1/17 3944/1/17 3970/1/17
f 3945/1/17 3970/1/17 3971/1/17
f 3972/1/606 3973/1/606 3974/1/606
f 3972/1/606 3974/1/606 3975/1/606
f 3976/1/607 3977/1/607 3978/1/607
f 3976/1/607 3978/1/607 3979/1/607
f 3980/1/17 3981/1/17 3982/1/17
f 3980/1/17 3982/1/17 3983/1/17
f 3984/1/492 3985/1/492 3986/1/492
f 3984/1/492 3986/1/492 3987/1/492
f 3988/1/616 3989/1/616 3990/1/616
f 3988/1/616 3990/1/616 3991/1/616
f 3979/1/607 3978/1/607 3992/1/607
f 3979/1/607 3992/1/607 3993/1/607
f 3994/1/617 3995/1/617 3996/1/617
f 3994/1/617 3996/1/617 3997/1/617
f 3982/1/17 3981/1/17 3998/1/17
f 3982/1/17 3998/1/17 3999/1/17
f 4000/1/17 4001/1/17 4002/1/17
f 4001/1/17 4003/1/17 4002/1/17
f 3999/1/17 3998/1/17 4000/1/17
f 3998/1/17 4001/1/17 4000/1/17
f 4004/1/618 4005/1/618 4006/1/618
f 4004/1/618 4006/1/618 4007/1/618
f 4008/1/619 4009/1/619 4010/1/619
f 4008/1/619 4010/1/619 4011/1/619
f 4012/1/620 4013/1/620 4014/1/620
f 4012/1/620 4014/1/620 4015/1/620
f 4016/1/621 4017/1/621 4018/1/621
f 4016/1/621 4018/1/621 4019/1/621
f 4020/1/17 4021/1/17 4022/1/17
f 4021/1/17 4023/1/17 4022/1/17
f 4003/1/17 4001/1/17 4021/1/17
f 4003/1/17 4021/1/17 4020/1/17
f 4024/1/622 4025/1/622 4026/1/622
f 4024/1/622 4026/1/622 4027/1/622
f 4028/1/623 4029/1/623 4030/1/623
f 4028/1/623 4030/1/623 4031/1/623
f 4032/1/92 4033/1/92 4034/1/92
f 4032/1/92 4034/1/92 4035/1/92
f 4036/1/624 4037/1/624 4038/1/624
f 4036/1/624 4038/1/624 4039/1/624
f 4040/1/625 4041/1/625 4042/1/625
f 4040/1/625 4042/1/625 4043/1/625
f 4044/1/4 4045/1/4 4046/1/4
f 4044/1/4 4046/1/4 4047/1/4
f 4048/1/626 4049/1/626 4050/1/626
f 4048/1/626 4050/1/626 4051/1/626
f 4052/1/627 4053/1/627 4054/1/627
f 4052/1/627 4054/1/627 4055/1/627
f 4056/1/510 4057/1/510 4058/1/510
f 4056/1/510 4058/1/510 4059/1/510
f 4060/1/628 4061/1/628 4062/1/628
f 4060/1/629 4062/1/629 4063/1/629
f 4047/1/4 4046/1/4 4064/1/4
f 4047/1/4 4064/1/4 4065/1/4
f 4066/1/630 4067/1/630 4068/1/630
f 4066/1/630 4068/1/630 4069/1/630
f 4070/1/4 4071/1/4 4072/1/4
f 4070/1/4 4072/1/4 4073/1/4
f 4065/1/4 4064/1/4 4074/1/4
f 4065/1/4 4074/1/4 4075/1/4
f 4076/1/4 4077/1/4 4071/1/4
f 4076/1/4 4071/1/4 4070/1/4
f 4078/1/631 4079/1/631 4080/1/631
f 4078/1/631 4080/1/631 4081/1/631
f 4082/1/632 4083/1/632 4084/1/632
f 4082/1/632 4084/1/632 4085/1/632
f 4086/1/633 4087/1/633 4088/1/633
f 4086/1/633 4088/1/633 4089/1/633
f 4090/1/634 4091/1/634 4092/1/634
f 4090/1/634 4092/1/634 4093/1/634
f 4094/1/635 4095/1/635 4096/1/635
f 4094/1/635 4096/1/635 4097/1/635
f 4098/1/636 4099/1/636 4100/1/636
f 4098/1/636 4100/1/636 4101/1/636
f 4102/1/4 4103/1/4 4104/1/4
f 4102/1/4 4104/1/4 4105/1/4
f 4106/1/4 4107/1/4 4103/1/4
f 4106/1/4 4103/1/4 4102/1/4
f 4108/1/4 4109/1/4 4107/1/4
f 4108/1/4 4107/1/4 4106/1/4
f 4110/1/637 4098/1/637 4101/1/637
f 4110/1/637 4101/1/637 4111/1/637
f 4112/1/638 4113/1/638 4114/1/638
f 4112/1/638 4114/1/638 4115/1/638
f 4103/1/4 4116/1/4 4117/1/4
f 4103/1/4 4117/1/4 4104/1/4
f 4107/1/4 4118/1/4 4116/1/4
f 4107/1/4 4116/1/4 4103/1/4
f 4109/1/4 4119/1/4 4118/1/4
f 4109/1/4 4118/1/4 4107/1/4
f 4120/1/639 4121/1/639 4122/1/639
f 4120/1/639 4122/1/639 4123/1/639
f 4124/1/636 4110/1/636 4111/1/636
f 4124/1/636 4111/1/636 4125/1/636
f 4116/1/4 4126/1/4 4127/1/4
f 4116/1/4 4127/1/4 4117/1/4
f 4118/1/4 4128/1/4 4126/1/4
f 4118/1/4 4126/1/4 4116/1/4
f 4119/1/4 4129/1/4 4128/1/4
f 4119/1/4 4128/1/4 4118/1/4
f 4077/1/4 4130/1/4 4131/1/4
f 4077/1/4 4131/1/4 4071/1/4
f 4071/1/4 4131/1/4 4132/1/4
f 4071/1/4 4132/1/4 4072/1/4
f 4072/1/4 4132/1/4 4133/1/4
f 4072/1/4 4133/1/4 4134/1/4
f 4135/1/640 4136/1/640 4137/1/640
f 4135/1/640 4137/1/640 4138/1/640
f 4139/1/641 4140/1/641 4141/1/641
f 4139/1/641 4141/1/641 4142/1/641
f 4143/1/418 4139/1/418 4142/1/418
f 4143/1/418 4142/1/418 4144/1/418
f 4145/1/92 4146/1/92 4147/1/92
f 4145/1/92 4147/1/92 4148/1/92
f 4130/1/4 4108/1/4 4106/1/4
f 4130/1/4 4106/1/4 4131/1/4
f 4131/1/4 4106/1/4 4102/1/4
f 4131/1/4 4102/1/4 4132/1/4
f 4132/1/4 4102/1/4 4105/1/4
f 4132/1/4 4105/1/4 4133/1/4
f 4149/1/642 4150/1/642 4151/1/642
f 4149/1/642 4151/1/642 4152/1/642
f 4075/1/4 4074/1/4 4153/1/4
f 4075/1/4 4153/1/4 4154/1/4
f 4155/1/643 4156/1/643 4157/1/643
f 4155/1/643 4157/1/643 4158/1/643
f 4159/1/4 4160/1/4 4161/1/4
f 4159/1/4 4161/1/4 4162/1/4
f 4163/1/644 4164/1/644 4165/1/644
f 4163/1/644 4165/1/644 4166/1/644
f 4154/1/4 4153/1/4 4160/1/4
f 4154/1/4 4160/1/4 4159/1/4
f 4167/1/645 4168/1/645 4169/1/645
f 4167/1/645 4169/1/645 4170/1/645
f 4171/1/646 4172/1/646 4173/1/646
f 4171/1/646 4173/1/646 4174/1/646
f 4175/1/27 4176/1/27 4177/1/27
f 4175/1/27 4177/1/27 4178/1/27
f 4179/1/14 4180/1/14 4181/1/14
f 4179/1/14 4181/1/14 4182/1/14
f 4183/1/647 4184/1/647 4185/1/647
f 4183/1/647 4185/1/647 4186/1/647
f 4162/1/4 4161/1/4 4187/1/4
f 4162/1/4 4187/1/4 4188/1/4
f 4189/1/648 4190/1/648 4191/1/648
f 4189/1/648 4191/1/648 4192/1/648
f 4193/1/4 4162/1/4 4194/1/4
f 4162/1/4 4188/1/4 4194/1/4
f 4195/1/649 4196/1/649 4197/1/649
f 4195/1/649 4197/1/649 4198/1/649
f 4199/1/4 4154/1/4 4159/1/4
f 4199/1/4 4159/1/4 4200/1/4
f 4200/1/4 4159/1/4 4162/1/4
f 4200/1/4 4162/1/4 4193/1/4
f 4201/1/4 4075/1/4 4154/1/4
f 4201/1/4 4154/1/4 4199/1/4
f 4202/1/636 4203/1/636 4204/1/636
f 4202/1/636 4204/1/636 4205/1/636
f 3785/1/414 3784/1/414 4206/1/414
f 3785/1/414 4206/1/414 4207/1/414
f 4208/1/4 4065/1/4 4075/1/4
f 4208/1/4 4075/1/4 4201/1/4
f 4209/1/4 4047/1/4 4065/1/4
f 4209/1/4 4065/1/4 4208/1/4
f 4210/1/4 4044/1/4 4047/1/4
f 4210/1/4 4047/1/4 4209/1/4
f 4129/1/4 4210/1/4 4209/1/4
f 4129/1/4 4209/1/4 4128/1/4
f 4128/1/4 4209/1/4 4208/1/4
f 4128/1/4 4208/1/4 4126/1/4
f 4126/1/4 4208/1/4 4201/1/4
f 4126/1/4 4201/1/4 4127/1/4
f 4127/1/4 4201/1/4 4199/1/4
f 4127/1/4 4199/1/4 4211/1/4
f 4212/1/4 4200/1/4 4193/1/4
f 4212/1/4 4193/1/4 4213/1/4
f 4211/1/4 4199/1/4 4200/1/4
f 4211/1/4 4200/1/4 4212/1/4
f 4213/1/4 4193/1/4 4194/1/4
f 4213/1/4 4194/1/4 4214/1/4
f 4215/1/650 4216/1/650 4217/1/650
f 4215/1/650 4217/1/650 4218/1/650
f 4203/1/637 4124/1/637 4125/1/637
f 4203/1/636 4125/1/636 4204/1/636
f 4219/1/14 4220/1/14 4221/1/14
f 4219/1/14 4221/1/14 4222/1/14
f 4223/1/27 4224/1/27 4225/1/27
f 4223/1/27 4225/1/27 4226/1/27
f 4227/1/547 4228/1/547 4229/1/547
f 4227/1/547 4229/1/547 4230/1/547
f 4231/1/651 4232/1/651 4233/1/651
f 4231/1/651 4233/1/651 4234/1/651
f 4235/1/4 4236/1/4 4237/1/4
f 4235/1/4 4237/1/4 4238/1/4
f 4239/1/14 4240/1/14 4241/1/14
f 4239/1/14 4241/1/14 4242/1/14
f 4243/1/4 4244/1/4 4245/1/4
f 4243/1/4 4245/1/4 4246/1/4
f 4243/1/4 4246/1/4 4247/1/4
f 4243/1/4 4247/1/4 4248/1/4
f 4249/1/652 4250/1/652 4251/1/652
f 4249/1/652 4251/1/652 4252/1/652
f 4253/1/4 4254/1/4 4255/1/4
f 4253/1/4 4255/1/4 4256/1/4
f 4248/1/4 4247/1/4 4254/1/4
f 4248/1/4 4254/1/4 4253/1/4
f 4257/1/653 4258/1/653 4259/1/653
f 4257/1/653 4259/1/653 4260/1/653
f 4261/1/654 4262/1/654 4263/1/654
f 4261/1/654 4263/1/654 4264/1/654
f 4265/1/655 4266/1/655 4267/1/655
f 4265/1/655 4267/1/655 4268/1/655
f 4269/1/656 4270/1/656 4271/1/656
f 4269/1/656 4271/1/656 4272/1/656
f 4245/1/4 4244/1/4 4273/1/4
f 4245/1/4 4273/1/4 4274/1/4
f 4275/1/657 4276/1/657 4277/1/657
f 4275/1/657 4277/1/657 4278/1/657
f 4279/1/658 4280/1/658 4281/1/658
f 4279/1/658 4281/1/658 4282/1/658
s 1
f 4283/1/659 4284/1/27 4285/1/27
f 4284/1/27 4286/1/529 4285/1/27
s 0
f 4287/1/660 4288/1/660 4289/1/660
f 4287/1/660 4289/1/660 4290/1/660
f 4291/1/659 4292/1/659 4293/1/659
f 4291/1/659 4293/1/659 4294/1/659
f 4295/1/17 4296/1/17 4297/1/17
f 4295/1/17 4297/1/17 4298/1/17
f 4299/1/293 4300/1/293 4301/1/293
f 4299/1/293 4301/1/293 4302/1/293
s 1
f 4303/1/27 4304/1/135 4305/1/83
f 4304/1/135 4306/1/661 4305/1/83
s 0
f 4307/1/293 4308/1/293 4309/1/293
f 4307/1/293 4309/1/293 4310/1/293
f 4311/1/17 4312/1/17 4313/1/17
f 4311/1/17 4313/1/17 4314/1/17
f 4315/1/662 4316/1/662 4317/1/662
f 4315/1/662 4317/1/662 4318/1/662
f 4319/1/663 4320/1/663 4321/1/663
f 4319/1/663 4321/1/663 4322/1/663
s 1
f 4323/1/664 4324/1/665 4325/1/666
f 4326/1/667 4327/1/668 4328/1/669
f 4326/1/667 4328/1/669 4329/1/670
f 4323/1/664 4325/1/666 4326/1/667
f 4330/1/671 4323/1/664 4326/1/667
f 4329/1/670 4330/1/671 4326/1/667
f 4331/1/672 4332/1/673 4333/1/673
f 4334/1/674 4335/1/675 4336/1/676
f 4331/1/672 4333/1/673 4334/1/674
f 4334/1/674 4336/1/676 4331/1/672
s 0
f 4337/1/4 4338/1/4 4339/1/4
f 4339/1/4 4340/1/4 4341/1/4
f 4339/1/4 4341/1/4 4337/1/4
s 1
f 4342/1/677 4343/1/678 4344/1/679
s 0
f 4344/1/17 4345/1/17 4346/1/17
f 4344/1/17 4346/1/17 4342/1/17
f 4342/1/17 4346/1/17 4347/1/17
f 4342/1/17 4347/1/17 4348/8/17
f 4349/1/4 4350/1/4 4351/1/4
f 4349/1/4 4351/1/4 4352/1/4
f 4353/1/4 4351/1/4 4350/1/4
f 4354/1/17 4355/1/17 4356/1/17
f 4356/1/17 4357/1/17 4358/1/17
f 4354/1/17 4356/1/17 4358/1/17
s 1
f 4359/1/680 4360/1/680 4361/1/681
s 0
f 4362/1/4 4363/1/4 4359/1/4
f 4361/1/4 4362/1/4 4359/1/4
f 4364/14/4 4365/14/4 4363/1/4
f 4366/1/17 4367/1/17 4368/14/17
f 4369/7/4 4365/14/4 4370/14/4
f 4369/7/4 4370/14/4 4371/7/4
f 4372/1/17 4373/1/17 4374/1/17
f 4372/1/17 4374/1/17 4375/1/17
f 4376/7/682 4377/6/682 4378/6/682
f 4376/7/683 4378/6/683 4379/7/683
f 4380/1/4 4381/1/4 4382/1/4
f 4382/1/4 4383/1/4 4384/1/4
f 4382/1/4 4384/1/4 4380/1/4
f 4385/1/17 4386/1/17 4387/1/17
f 4385/1/17 4387/1/17 4388/1/17
f 4389/1/17 4390/1/17 4391/1/17
f 4392/1/17 4393/1/17 4394/7/17
f 4392/1/17 4394/7/17 4395/7/17
f 4396/7/17 4394/7/17 4393/1/17
f 4393/1/17 4397/1/17 4398/7/17
f 4393/1/17 4398/7/17 4396/7/17
f 4399/1/684 4400/1/684 4401/1/684
f 4399/1/684 4401/1/684 4402/1/684
f 4403/4/17 4404/4/17 4405/1/17
f 4403/4/17 4405/1/17 4406/1/17
f 4407/4/4 4408/4/4 4409/1/4
f 4407/4/4 4409/1/4 4410/1/4
f 4411/4/17 4412/1/17 4413/1/17
f 4411/4/17 4413/1/17 4404/4/17
f 4411/4/17 4414/4/17 4415/1/17
f 4411/4/17 4415/1/17 4412/1/17
f 4416/4/4 4417/4/4 4418/1/4
f 4416/4/4 4418/1/4 4419/1/4
f 4420/1/17 4415/1/17 4414/4/17
f 4421/4/592 4422/3/592 4423/1/592
f 4421/4/592 4423/1/592 4424/1/592
f 4425/9/685 4426/9/685 4427/1/685
f 4425/9/686 4427/1/686 4428/1/686
f 4429/4/4 4430/1/4 4431/4/4
f 4429/4/4 4431/4/4 4432/4/4
f 4433/4/4 4429/4/4 4432/4/4
f 4434/1/4 4430/1/4 4435/1/4
f 4436/1/4 4437/1/4 4433/4/4
f 4436/1/4 4433/4/4 4438/5/4
f 4350/1/4 4436/1/4 4438/5/4
f 4436/1/4 4350/1/4 4439/1/4
f 4436/1/4 4439/1/4 4440/1/4
f 4383/1/4 4441/1/4 4440/1/4
f 4383/1/4 4440/1/4 4442/1/4
f 4384/1/4 4383/1/4 4442/1/4
f 4436/1/4 4440/1/4 4441/1/4
f 4443/1/17 4444/1/17 4445/1/17
f 4441/1/4 4446/1/4 4436/1/4
f 4447/1/17 4444/1/17 4448/1/17
f 4447/1/17 4448/1/17 4449/1/17
f 4450/1/17 4448/1/17 4451/1/17
f 4450/1/17 4451/1/17 4452/1/17
f 4451/1/17 4448/1/17 4453/1/17
f 4453/1/17 4448/1/17 4454/1/17
f 4454/1/17 4448/1/17 4455/1/17
f 4455/1/17 4448/1/17 4456/1/17
f 4446/1/4 4457/1/4 4436/1/4
f 4458/1/4 4459/1/4 4460/1/4
f 4458/1/4 4460/1/4 4461/1/4
f 4462/1/17 4463/1/17 4464/1/17
f 4462/1/17 4464/1/17 4465/1/17
f 4464/1/17 4463/1/17 4466/1/17
f 4464/1/17 4466/1/17 4467/1/17
f 4460/1/4 4468/1/4 4469/1/4
f 4460/1/4 4469/1/4 4470/1/4
f 4470/1/4 4469/1/4 4471/1/4
f 4470/1/4 4471/1/4 4472/1/4
f 4473/1/4 4474/1/4 4472/1/4
f 4473/1/4 4472/1/4 4471/1/4
f 4475/1/17 4476/1/17 4477/1/17
f 4475/1/17 4477/1/17 4478/1/17
f 4476/1/17 4479/1/17 4477/1/17
f 4476/1/17 4480/1/17 4481/1/17
f 4481/1/17 4482/1/17 4483/1/17
s 1
f 4483/1/687 4479/1/687 4476/1/688
s 0
f 4481/1/17 4483/1/17 4476/1/17
f 4484/1/4 4433/4/4 4437/1/4
f 4482/1/17 4485/1/17 4486/1/17
f 4482/1/17 4486/1/17 4483/1/17
f 4485/1/17 4482/1/17 4487/4/17
f 4485/1/17 4487/4/17 4488/1/17
f 4489/1/4 4490/1/4 4491/1/4
f 4489/1/4 4491/1/4 4492/1/4
f 4493/1/17 4494/1/17 4495/1/17
f 4495/1/17 4494/1/17 4496/1/17
f 4497/1/4 4489/1/4 4498/1/4
f 4489/1/4 4497/1/4 4499/1/4
f 4500/1/4 4501/1/4 4489/1/4
f 4500/1/4 4489/1/4 4499/1/4
f 4502/1/4 4501/1/4 4500/1/4
f 4502/1/4 4500/1/4 4503/1/4
f 4503/1/4 4504/1/4 4505/1/4
f 4503/1/4 4505/1/4 4506/1/4
f 4504/1/4 4507/1/4 4508/1/4
f 4504/1/4 4508/1/4 4505/1/4
f 4509/1/17 4510/1/17 4511/1/17
f 4509/1/17 4511/1/17 4512/1/17
f 4513/1/4 4514/1/4 4515/1/4
f 4513/1/4 4515/1/4 4516/1/4
f 4516/1/4 4515/1/4 4517/1/4
f 4516/1/4 4517/1/4 4518/1/4
f 4517/1/4 4474/1/4 4473/1/4
f 4517/1/4 4473/1/4 4518/1/4
f 4519/1/4 4520/1/4 4521/1/4
f 4519/1/4 4521/1/4 4522/1/4
f 4523/1/17 4524/1/17 4525/1/17
f 4523/1/17 4525/1/17 4526/1/17
f 4527/1/17 4528/1/17 4523/1/17
f 4527/1/17 4523/1/17 4526/1/17
f 4503/1/4 4506/1/4 4502/1/4
f 4527/1/17 4529/1/17 4530/1/17
f 4527/1/17 4530/1/17 4528/1/17
f 4531/1/17 4528/1/17 4530/1/17
f 4531/1/17 4530/1/17 4532/1/17
f 4532/1/17 4533/1/17 4534/1/17
f 4532/1/17 4534/1/17 4531/1/17
f 4534/1/17 4533/1/17 4535/1/17
f 4536/1/17 4535/1/17 4537/1/17
f 4536/1/17 4537/1/17 4538/1/17
f 4539/1/17 4536/1/17 4538/1/17
f 4539/1/689 4538/1/689 4540/1/689
f 4536/1/17 4539/1/17 4541/1/17
f 4536/1/17 4541/1/17 4542/1/17
f 4543/1/17 4544/1/17 4536/1/17
f 4543/1/17 4536/1/17 4542/1/17
f 4545/1/4 4546/1/4 4547/1/4
f 4545/1/4 4547/1/4 4548/1/4
f 4549/1/4 4550/1/4 4551/1/4
f 4552/1/17 4553/1/17 4554/1/17
f 4545/1/4 4555/1/4 4556/1/4
f 4557/1/17 4558/1/17 4553/1/17
f 4557/1/17 4553/1/17 4559/1/17
f 4557/1/17 4559/1/17 4560/1/17
f 4561/1/17 4562/1/17 4557/1/17
f 4561/1/17 4557/1/17 4560/1/17
f 4563/1/4 4564/1/4 4565/1/4
f 4563/1/4 4565/1/4 4566/1/4
f 4565/1/4 4567/1/4 4568/1/4
f 4568/1/4 4569/1/4 4570/1/4
f 4568/1/4 4570/1/4 4565/1/4
f 4565/1/4 4564/1/4 4567/1/4
f 4571/1/4 4572/1/4 4567/1/4
f 4571/1/4 4567/1/4 4564/1/4
f 4572/1/4 4571/1/4 4573/1/4
f 4572/1/4 4573/1/4 4574/1/4
f 4575/1/4 4573/1/4 4571/1/4
f 4576/1/17 4577/1/17 4578/1/17
f 4578/1/17 4579/1/17 4580/1/17
f 4581/1/690 4576/1/690 4578/1/690
f 4578/1/691 4580/1/691 4581/1/691
f 4582/1/17 4578/1/17 4577/1/17
f 4575/1/4 4583/1/4 4584/1/4
f 4575/1/4 4584/1/4 4585/1/4
f 4586/1/4 4575/1/4 4585/1/4
f 4586/1/4 4585/1/4 4587/1/4
f 4587/1/4 4588/1/4 4586/1/4
f 4588/1/4 4589/1/4 4590/1/4
f 4588/1/4 4590/1/4 4586/1/4
f 4591/1/17 4592/1/17 4593/1/17
f 4591/1/17 4593/1/17 4594/1/17
f 4595/1/17 4596/1/17 4591/1/17
f 4595/1/17 4591/1/17 4594/1/17
f 4597/1/17 4598/1/17 4596/1/17
f 4597/1/17 4596/1/17 4595/1/17
f 4597/1/17 4595/1/17 4599/1/17
f 4600/1/4 4601/1/4 4602/1/4
f 4597/1/17 4599/1/17 4603/1/17
f 4597/1/17 4603/1/17 4604/1/17
s 1
f 4605/1/692 4606/1/693 4607/1/694
s 0
f 4607/1/17 4540/1/17 4538/1/17
f 4538/1/17 4604/1/17 4608/1/17
s 1
f 4608/1/695 4609/1/696 4610/1/697
f 4610/1/698 4605/1/692 4607/1/694
s 0
f 4538/1/17 4608/1/17 4610/1/17
f 4607/1/17 4538/1/17 4610/1/17
f 4604/1/17 4603/1/17 4608/1/17
f 4611/1/4 4572/1/4 4612/1/4
f 4611/1/4 4612/1/4 4613/1/4
f 4572/1/4 4574/1/4 4612/1/4
f 1091/1/17 4614/1/17 4596/1/17
f 1091/1/17 4596/1/17 4598/1/17
f 4614/1/17 1091/1/17 1090/1/17
f 4615/1/4 4616/1/4 4617/1/4
f 4618/1/4 4619/1/4 4617/1/4
f 4618/1/4 4617/1/4 4620/1/4
f 4617/1/4 4619/1/4 4615/1/4
f 1091/1/17 4621/1/17 4622/1/17
f 1091/1/17 4622/1/17 4623/1/17
f 4615/1/4 4624/1/4 4625/1/4
f 4626/1/4 4627/1/4 4628/1/4
s 1
f 4629/1/699 4630/1/700 4631/1/701
f 4631/1/701 4632/1/702 4633/1/703
f 4631/1/701 4633/1/703 4629/1/699
f 4634/1/704 4635/1/705 4636/1/706
f 4634/1/704 4636/1/706 4637/1/707
f 4634/1/704 4637/1/707 4638/1/708
s 0
f 4620/1/4 4639/1/4 4618/1/4
f 4639/1/4 4627/1/4 4618/1/4
s 1
f 4640/1/709 4641/1/710 4642/1/711
f 4640/1/709 4642/1/711 4643/1/712
s 0
f 4644/1/713 4645/1/713 4646/1/713
f 4644/1/713 4646/1/713 4647/1/713
f 4648/1/17 4649/1/17 4650/1/17
f 4648/1/17 4650/1/17 4651/1/17
f 4652/1/4 4653/1/4 4654/1/4
f 4655/1/4 4653/1/4 4652/1/4
f 4655/1/4 4656/1/4 4653/1/4
f 1091/1/17 4657/1/17 4658/1/17
f 4621/1/17 4659/1/17 4660/1/17
f 4621/1/17 4660/1/17 4622/1/17
f 4661/1/4 4662/1/4 4663/1/4
f 4661/1/4 4663/1/4 4664/1/4
f 4665/1/17 4666/1/17 4651/1/17
f 4665/1/17 4651/1/17 4659/1/17
f 4667/1/4 4661/1/4 4664/1/4
f 4667/1/4 4664/1/4 4668/1/4
f 4668/1/4 4669/1/4 4667/1/4
f 4668/1/4 4670/1/4 4669/1/4
f 4670/1/4 4671/1/4 4669/1/4
f 4672/1/17 4673/1/17 4674/1/17
f 4672/1/17 4674/1/17 4675/1/17
f 4673/1/17 4672/1/17 4676/1/17
f 4676/1/17 4672/1/17 4677/1/17
f 4676/1/17 4677/1/17 4678/1/17
f 4677/1/17 4672/1/17 4679/1/17
f 4680/1/17 4681/1/17 4682/1/17
f 4683/1/4 4684/1/4 4685/1/4
f 4683/1/4 4685/1/4 4686/1/4
f 4687/1/714 4688/1/714 4679/1/714
f 4687/1/17 4679/1/17 4680/1/17
f 4672/1/17 4680/1/17 4679/1/17
f 4488/1/17 4680/1/17 4672/1/17
f 4680/1/17 4488/1/17 4681/1/17
f 4488/1/17 4689/1/17 4681/1/17
f 4488/1/17 4487/4/17 4689/1/17
f 4690/4/4 4691/1/4 4692/1/4
f 4690/4/4 4692/1/4 4693/4/4
f 4694/1/17 4695/1/17 4696/1/17
f 4697/1/4 4693/4/4 4692/1/4
f 4698/1/17 4699/1/17 4700/1/17
f 4701/1/17 4702/4/17 4698/1/17
f 4703/1/4 4683/1/4 4686/1/4
f 4702/4/17 4704/4/17 4698/1/17
f 4698/1/17 4704/4/17 4699/1/17
f 4705/1/17 4706/1/17 4699/1/17
f 4705/1/17 4699/1/17 4704/4/17
f 4683/1/4 4703/1/4 4707/1/4
f 4704/4/17 4708/4/17 4709/1/17
f 4704/4/17 4709/1/17 4710/1/17
f 4711/1/17 4709/1/17 4708/4/17
f 4712/1/17 4713/1/17 4714/1/17
f 4712/1/17 4714/1/17 4715/1/17
f 4705/1/17 4704/4/17 4710/1/17
f 4705/1/17 4710/1/17 4716/1/17
f 4668/1/4 4717/1/4 4718/1/4
f 4668/1/4 4718/1/4 4670/1/4
f 4718/1/4 4717/1/4 4707/1/4
f 4718/1/4 4707/1/4 4703/1/4
f 4719/4/4 4720/1/4 4721/4/4
f 4720/1/4 4722/1/4 4721/4/4
f 4723/1/4 4722/1/4 4720/1/4
f 4708/4/17 4724/11/17 4725/4/17
f 4725/4/17 4724/11/17 4726/4/17
f 4727/1/4 4722/1/4 4723/1/4
f 4728/11/4 4729/4/4 4727/1/4
f 4728/11/4 4727/1/4 4730/4/4
f 4731/4/17 4732/1/17 4733/1/17
f 4731/4/17 4733/1/17 4734/4/17
f 4727/1/4 4723/1/4 4730/4/4
f 4735/1/4 4736/1/4 4419/1/4
f 4735/1/4 4419/1/4 4737/4/4
f 4732/1/17 4731/4/17 4738/1/17
f 4419/1/4 4736/1/4 4416/4/4
f 4416/4/4 4736/1/4 4739/1/4
f 4739/1/4 4736/1/4 4740/9/4
f 4741/15/4 4740/9/4 4736/1/4
f 4542/1/17 4742/1/17 4743/1/17
f 4542/1/17 4743/1/17 4543/1/17
f 4742/1/17 4744/1/17 4745/1/17
f 4742/1/17 4745/1/17 4743/1/17
f 4746/1/4 4747/1/4 4748/1/4
f 4746/1/4 4749/1/4 4750/1/4
f 4746/1/4 4750/1/4 4747/1/4
f 4751/1/4 4750/1/4 4749/1/4
f 4751/1/4 4749/1/4 4752/1/4
s 1
f 4753/1/715 4754/1/716 4755/1/717
f 4753/1/715 4755/1/717 4756/1/718
s 0
f 4757/1/4 4751/1/4 4758/1/4
f 4757/1/4 4758/1/4 4759/1/4
f 4760/1/4 4759/1/4 4761/1/4
f 4759/1/4 4760/1/4 4757/1/4
f 4760/1/4 4762/1/4 4757/1/4
f 4760/1/4 4763/1/4 4762/1/4
f 4763/1/4 4764/1/4 4765/1/4
f 4763/1/4 4765/1/4 4762/1/4
f 4766/1/17 4767/1/17 4768/1/17
f 4764/1/4 4769/1/4 4765/1/4
f 4770/1/4 4765/1/4 4769/1/4
f 4770/1/4 4769/1/4 4771/1/4
f 4770/1/4 4771/1/4 4772/1/4
f 4773/1/17 4774/1/17 4775/1/17
f 4772/1/4 4776/1/4 4777/1/4
f 4772/1/4 4777/1/4 4778/1/4
f 4776/1/4 4772/1/4 4779/1/4
f 4777/1/4 4780/1/4 4778/1/4
f 4781/1/4 4782/1/4 4780/1/4
f 4780/1/4 4777/1/4 4781/1/4
f 4781/1/4 4777/1/4 4783/1/4
f 4781/1/4 4783/1/4 4784/1/4
f 4785/1/17 4786/1/17 4787/1/17
f 4788/1/4 4781/1/4 4789/1/4
f 4790/1/4 4781/1/4 4788/1/4
f 4790/1/4 4791/1/4 4781/1/4
f 4792/1/17 4793/1/17 4794/1/17
f 4795/1/17 4796/1/17 4792/1/17
f 4794/1/17 4795/1/17 4792/1/17
f 4790/1/4 4797/1/4 4791/1/4
f 4791/1/4 4797/1/4 4798/1/4
f 4799/1/17 4800/1/17 4801/1/17
f 4799/1/17 4801/1/17 4802/1/17
f 4803/1/4 4804/1/4 4805/1/4
f 4803/1/4 4805/1/4 4806/1/4
f 4807/1/17 4808/1/17 4809/1/17
f 4810/1/4 4811/1/4 4812/1/4
f 4810/1/4 4812/1/4 4803/1/4
f 4811/1/4 4810/1/4 4813/1/4
f 4813/1/4 4814/1/4 4815/1/4
f 4813/1/4 4815/1/4 4811/1/4
f 4793/1/17 4816/1/17 4817/1/17
f 4793/1/17 4817/1/17 4794/1/17
f 4818/1/4 4819/1/4 4820/1/4
f 4821/1/4 4822/1/4 4823/1/4
f 4821/1/4 4823/1/4 4820/1/4
f 4824/1/4 4825/1/4 4818/1/4
f 4824/1/4 4818/1/4 4826/1/4
f 4820/1/4 4823/1/4 4827/1/4
f 4827/1/4 4826/1/4 4818/1/4
f 4827/1/4 4818/1/4 4820/1/4
f 4828/1/4 4829/1/4 4827/1/4
f 4828/1/4 4827/1/4 4823/1/4
f 4829/1/4 4828/1/4 4830/1/4
f 4831/1/17 4832/1/17 4833/1/17
f 4831/1/17 4833/1/17 4834/1/17
f 4833/1/17 4832/1/17 4835/1/17
f 4836/1/4 4837/1/4 4838/1/4
f 4836/1/4 4838/1/4 4839/1/4
f 4824/1/4 4837/1/4 4840/1/4
f 4824/1/4 4840/1/4 4825/1/4
f 4836/1/4 4841/1/4 4840/1/4
f 4836/1/4 4840/1/4 4837/1/4
f 4841/1/4 4836/1/4 4842/1/4
f 4842/1/4 4843/1/4 4844/1/4
s 1
f 4844/1/719 4845/1/719 4841/1/719
s 0
f 4844/1/4 4841/1/4 4842/1/4
f 4846/1/17 4847/1/17 4848/1/17
f 4846/1/17 4848/1/17 4849/1/17
f 4850/1/4 4851/1/4 4852/1/4
f 4847/1/17 4853/1/17 4854/1/17
f 4847/1/17 4854/1/17 4855/1/17
f 4847/1/17 4856/1/17 4853/1/17
f 4857/1/17 4856/1/17 4847/1/17
f 4857/1/17 4847/1/17 4858/1/17
f 4859/1/4 4860/1/4 4861/1/4
f 4862/1/4 4863/1/4 4859/1/4
f 4862/1/4 4859/1/4 4861/1/4
f 4857/1/17 4864/1/17 4865/1/17
f 4866/1/4 4862/1/4 4867/1/4
f 4866/1/4 4867/1/4 4868/1/4
f 4859/1/4 4863/1/4 4869/1/4
f 4869/1/4 4863/1/4 4870/1/4
f 4871/1/17 4872/1/17 4873/1/17
f 4815/1/4 4814/1/4 4863/1/4
f 4874/1/4 4875/1/4 4815/1/4
f 4863/1/4 4874/1/4 4815/1/4
f 4876/1/17 4877/1/17 4878/1/17
f 4876/1/17 4879/1/17 4877/1/17
f 4876/1/17 4880/1/17 4879/1/17
f 4881/1/720 4882/1/721 4883/1/722
f 4881/1/723 4883/1/724 4884/1/725
s 1
f 4885/1/726 4886/1/727 4887/1/728
f 4885/1/726 4887/1/728 4888/1/729
s 0
f 4889/1/730 4890/1/730 4891/1/730
f 4889/1/731 4891/1/731 4892/1/731
s 1
f 4893/1/732 4894/1/733 4895/1/734
f 4893/1/732 4895/1/734 4896/1/735
f 4897/1/736 4898/1/737 4899/1/738
f 4897/1/736 4899/1/738 4900/1/739
f 4901/1/740 4902/1/741 4903/1/740
f 4901/1/740 4903/1/740 4904/1/742
s 0
f 4905/1/743 4906/1/743 4907/1/743
f 4905/1/744 4907/1/744 4908/1/744
s 1
f 4909/1/745 4910/1/746 4911/1/747
f 4909/1/745 4911/1/747 4912/1/748
s 0
f 4842/1/4 4913/1/4 4914/1/4
f 4842/1/4 4914/1/4 4843/1/4
f 4915/1/17 4916/1/17 4917/1/17
f 4917/1/17 4918/1/17 4919/1/17
f 4919/1/749 4920/1/749 4915/1/749
f 4917/1/17 4919/1/17 4915/1/17
f 4868/1/4 4913/1/4 4866/1/4
f 4913/1/4 4921/1/4 4866/1/4
f 4922/1/4 4923/1/4 4803/1/4
f 4922/1/4 4803/1/4 4812/1/4
f 4584/1/4 4583/1/4 4923/1/4
f 4924/1/4 4584/1/4 4923/1/4
f 4924/1/4 4923/1/4 4922/1/4
f 4925/1/4 4584/1/4 4924/1/4
f 4925/1/4 4924/1/4 4926/1/4
f 4927/1/17 4928/1/17 4929/1/17
f 4930/1/17 4927/1/17 4929/1/17
f 4930/1/17 4929/1/17 4931/1/17
f 4932/1/17 4930/1/17 4931/1/17
f 4933/1/17 4932/1/17 4931/1/17
f 4933/1/17 4931/1/17 4934/1/17
f 4935/1/17 4936/1/17 4932/1/17
f 4935/1/17 4932/1/17 4933/1/17
f 4937/1/17 4938/1/17 4932/1/17
f 4937/1/17 4932/1/17 4936/1/17
f 4939/1/4 4940/1/4 4941/1/4
f 4941/1/4 4942/1/4 4943/1/4
f 4939/1/4 4941/1/4 4943/1/4
f 4942/1/4 4944/1/4 4945/1/4
f 4942/1/4 4945/1/4 4943/1/4
f 4944/1/4 4946/1/4 4947/1/4
f 4944/1/4 4947/1/4 4945/1/4
f 4946/1/4 4948/1/4 4949/1/4
f 4950/1/17 4951/1/17 4952/1/17
f 4950/1/17 4952/1/17 4953/1/17
f 4954/1/17 4955/1/17 4952/1/17
f 4954/1/17 4952/1/17 4951/1/17
f 4956/1/4 4957/1/4 4958/1/4
f 4959/1/17 4954/1/17 4960/1/17
f 4562/1/17 4561/1/17 4961/1/17
f 4562/1/17 4961/1/17 4960/1/17
f 4960/1/17 4962/1/17 4562/1/17
f 4960/1/17 4954/1/17 4962/1/17
f 4962/1/17 4954/1/17 4963/1/17
f 4962/1/17 4963/1/17 4964/1/17
f 4965/1/17 4966/1/17 4963/1/17
f 4965/1/17 4963/1/17 4967/1/17
f 4968/1/17 4969/1/17 4970/1/17
f 4968/1/17 4970/1/17 4971/1/17
f 4972/1/17 4963/1/17 4966/1/17
f 4963/1/17 4972/1/17 4964/1/17
f 4964/1/17 4972/1/17 4969/1/17
f 4964/1/17 4969/1/17 4968/1/17
f 4964/1/17 4968/1/17 4973/1/17
f 4964/1/17 4973/1/17 4974/1/17
f 4975/1/17 4964/1/17 4974/1/17
f 4976/1/4 4977/1/4 4978/1/4
f 4447/1/17 4449/1/17 4979/1/17
f 4447/1/17 4979/1/17 4980/1/17
f 4977/1/4 4981/1/4 4978/1/4
f 4982/1/4 4983/1/4 4984/1/4
f 4982/1/4 4984/1/4 4985/1/4
f 4981/1/4 4986/1/4 4987/1/4
f 4981/1/4 4987/1/4 4978/1/4
f 4988/1/17 4989/1/17 4990/1/17
f 4983/1/4 4982/1/4 4991/1/4
f 4992/1/17 4993/1/17 4994/1/17
f 4992/1/17 4994/1/17 4995/1/17
f 4996/1/17 4997/1/17 4994/1/17
f 4996/1/17 4994/1/17 4993/1/17
f 4998/1/17 4999/1/17 5000/1/17
f 4998/1/17 5000/1/17 5001/1/17
f 5002/1/4 5003/1/4 5004/1/4
f 5003/1/4 5005/1/4 5004/1/4
f 5002/1/4 5006/1/4 4986/1/4
f 5004/1/4 5007/1/4 5006/1/4
f 5004/1/4 5006/1/4 5002/1/4
f 5008/1/17 5009/1/17 4999/1/17
f 5010/1/17 4971/1/17 5011/1/17
f 5010/1/17 5011/1/17 5012/1/17
f 5013/1/4 5014/1/4 5015/1/4
f 5016/1/17 5012/1/17 5008/1/17
f 5008/1/17 5012/1/17 5009/1/17
f 5017/1/17 5009/1/17 5012/1/17
f 5017/1/17 5018/1/17 5019/1/17
f 5017/1/17 5019/1/17 5020/1/17
f 5021/1/17 5019/1/17 5018/1/17
f 5009/1/17 5017/1/17 5020/1/17
f 5009/1/17 5020/1/17 5022/1/17
f 4971/1/17 4970/1/17 5011/1/17
f 5023/1/4 5024/1/4 5025/1/4
f 5026/1/4 5027/1/4 5024/1/4
f 5026/1/4 5024/1/4 5023/1/4
f 4965/1/17 5021/1/17 5028/1/17
f 4967/1/17 5029/1/17 5021/1/17
f 4967/1/17 5021/1/17 4965/1/17
f 5029/1/17 5030/1/17 5021/1/17
f 5029/1/17 5031/1/17 5030/1/17
f 5031/1/17 5032/1/17 5030/1/17
f 5033/1/750 5034/1/750 5035/1/750
f 5033/1/751 5035/1/751 5036/1/751
f 5030/1/17 5037/1/17 5038/1/17
f 5030/1/17 5038/1/17 5039/1/17
f 5038/1/17 5040/1/17 5041/1/17
f 5038/1/17 5041/1/17 5039/1/17
f 5042/1/17 5041/1/17 5040/1/17
f 5043/1/4 5044/1/4 5045/1/4
f 5043/1/4 5045/1/4 5046/1/4
f 5045/1/4 5044/1/4 5047/1/4
s 1
f 5045/1/752 5047/1/752 5048/1/752
s 0
f 5044/1/4 5049/1/4 5050/1/4
f 5044/1/4 5050/1/4 5047/1/4
f 5050/1/4 5049/1/4 5051/1/4
f 5052/1/17 5053/1/17 5054/1/17
f 5053/1/17 5055/1/17 5054/1/17
f 5049/1/4 5056/1/4 5057/1/4
f 5049/1/4 5057/1/4 5058/1/4
f 5059/1/17 5060/1/17 5061/1/17
f 5059/1/17 5061/1/17 5053/1/17
f 5062/1/17 5061/1/17 5060/1/17
f 5063/1/17 5061/1/17 5062/1/17
f 5064/1/17 5065/1/17 5066/1/17
f 5064/1/17 5066/1/17 5067/1/17
f 5065/1/17 5068/1/17 5066/1/17
f 5068/1/17 5000/1/17 5066/1/17
f 5000/1/17 5068/1/17 5001/1/17
f 5069/1/17 5001/1/17 5068/1/17
f 5069/1/17 5068/1/17 5070/1/17
f 5069/1/17 5070/1/17 5071/1/17
f 5072/1/4 5073/1/4 5074/1/4
f 5072/1/4 5074/1/4 5075/1/4
f 5076/1/4 5077/1/4 5072/1/4
f 5076/1/4 5072/1/4 5075/1/4
f 5077/1/4 5076/1/4 5078/1/4
f 5079/1/4 5080/1/4 5081/1/4
f 5079/1/4 5081/1/4 5082/1/4
f 5080/1/4 5083/1/4 5084/1/4
f 5080/1/4 5084/1/4 5081/1/4
f 5085/1/17 5086/1/17 5087/1/17
f 5085/1/17 5087/1/17 5088/1/17
f 5086/1/17 5089/7/17 5090/7/17
f 5086/1/17 5085/1/17 5089/7/17
f 5091/7/17 5089/7/17 5092/7/17
f 5091/7/17 5092/7/17 5093/7/17
f 5089/7/17 5085/1/17 5092/7/17
f 5091/7/17 5093/7/17 5094/7/17
f 5091/7/17 5094/7/17 5095/7/17
f 5096/7/17 5095/7/17 5094/7/17
f 5096/7/17 5094/7/17 5097/7/17
f 5098/7/17 5099/7/17 5100/7/17
f 5098/7/17 5100/7/17 5101/7/17
f 5098/7/17 5101/7/17 5102/7/17
f 5098/7/17 5102/7/17 5103/7/17
f 5104/7/17 5103/7/17 5102/7/17
f 5104/7/17 5102/7/17 5105/7/17
f 3290/7/17 3289/7/17 5106/7/17
s 1
f 5107/7/753 5108/1/754 5109/1/755
f 5107/7/753 5109/1/755 5110/7/756
f 5111/1/757 5112/1/758 5113/1/759
f 5112/1/758 5114/1/760 5113/1/759
s 0
f 5115/7/17 5116/7/17 5117/7/17
f 5115/7/17 5117/7/17 5118/7/17
f 5115/7/17 3288/7/17 3291/7/17
f 5115/7/17 3291/7/17 5116/7/17
f 5119/7/17 5099/7/17 5118/7/17
f 5119/7/17 5118/7/17 5117/7/17
f 5120/7/17 5099/7/17 5119/7/17
f 5120/7/17 5119/7/17 5121/7/17
f 5099/7/17 5120/7/17 5100/7/17
f 5120/7/17 5097/7/17 5100/7/17
f 5067/1/17 5061/1/17 5122/1/17
f 5067/1/17 5122/1/17 5064/1/17
f 5122/1/17 5061/1/17 5063/1/17
f 5122/1/17 5063/1/17 5123/1/17
f 5124/1/17 5122/1/17 5123/1/17
f 5124/1/17 5123/1/17 5125/1/17
f 5126/1/17 5127/1/17 5128/1/17
f 5126/1/761 5128/1/761 5129/1/761
f 5130/1/17 5127/1/17 5131/1/17
f 5127/1/689 5126/1/689 5131/1/689
f 5127/1/17 5130/1/17 5132/1/17
f 5127/1/17 5132/1/17 5133/1/17
f 5134/1/17 5135/1/17 5136/1/17
f 5134/1/17 5136/1/17 5132/1/17
f 5130/1/17 5137/1/17 5138/1/17
f 5130/1/17 5138/1/17 5139/1/17
f 5135/1/17 5138/1/17 5140/1/17
f 5135/1/17 5140/1/17 5141/1/17
f 5136/1/17 5135/1/17 5142/1/17
s 1
f 5136/1/762 5142/1/762 5143/1/762
s 0
f 5135/1/17 5141/1/17 5142/1/17
f 5144/1/17 5136/1/17 5143/1/17
f 5144/1/17 5143/1/17 5145/1/17
f 5142/1/17 5146/1/17 5147/1/17
f 5142/1/17 5147/1/17 5148/1/17
f 5142/1/17 5141/1/17 5146/1/17
f 5141/1/17 5149/1/17 5150/1/17
f 5141/1/17 5150/1/17 5146/1/17
f 5151/1/4 5152/1/4 5153/1/4
f 5151/1/4 5153/1/4 5154/1/4
f 5078/1/4 5155/1/4 5156/1/4
f 5156/1/4 5154/1/4 5153/1/4
f 5156/1/4 5153/1/4 5078/1/4
f 5157/1/4 5155/1/4 5078/1/4
f 5078/1/4 5076/1/4 5157/1/4
f 5158/1/4 5157/1/4 5076/1/4
f 5159/1/4 5158/1/4 5076/1/4
f 5160/1/4 5161/1/4 5162/1/4
f 5160/1/4 5162/1/4 5163/1/4
f 4997/1/17 4996/1/17 5164/1/17
f 5158/1/4 5159/1/4 5161/1/4
f 5165/1/4 5158/1/4 5161/1/4
f 5166/1/4 5167/1/4 5158/1/4
f 5166/1/4 5158/1/4 5165/1/4
f 5165/1/4 5168/1/4 5166/1/4
f 5169/1/4 5170/1/4 5171/1/4
f 5169/1/4 5171/1/4 5172/1/4
f 5166/1/4 5169/1/4 5172/1/4
f 5173/1/4 5174/1/4 5175/1/4
f 5169/1/4 5168/1/4 5176/1/4
f 5177/1/17 5178/1/17 5179/1/17
f 5177/1/17 5179/1/17 5180/1/17
f 5181/1/17 5177/1/17 5180/1/17
f 5182/1/17 5177/1/17 5183/1/17
f 5177/1/17 5181/1/17 5183/1/17
f 5184/1/17 5179/1/17 5178/1/17
f 5185/1/4 5186/1/4 5187/1/4
f 5185/1/4 5187/1/4 5188/1/4
f 5186/1/4 5176/1/4 5188/1/4
f 5176/1/4 5185/1/4 5188/1/4
f 5176/1/4 5168/1/4 5185/1/4
f 5185/1/4 5168/1/4 5189/1/4
f 5190/1/17 5191/1/17 5192/1/17
f 5190/1/17 5192/1/17 5193/1/17
s 1
f 5194/1/763 5195/1/764 5196/1/765
s 0
f 5196/1/17 5177/1/17 5182/1/17
f 5197/1/766 5198/1/766 5194/1/766
s 1
f 5196/1/765 5182/1/767 5197/1/768
f 5194/1/763 5196/1/765 5197/1/768
s 0
f 5199/1/17 5190/1/17 5196/1/17
f 5199/1/17 5196/1/17 5200/1/17
f 5177/1/17 5196/1/17 5190/1/17
f 5190/1/17 5193/1/17 5177/1/17
f 5201/1/17 5199/1/17 5200/1/17
f 5201/1/17 5200/1/17 5202/1/17
f 5201/1/17 5203/1/17 5199/1/17
f 5204/1/17 5205/1/17 5203/1/17
f 5199/1/17 5203/1/17 5205/1/17
f 5206/1/4 5207/1/4 5208/1/4
f 5209/1/17 5205/1/17 5210/1/17
f 5211/1/4 5212/1/4 5213/1/4
f 5211/1/4 5213/1/4 5214/1/4
f 5210/1/17 5215/1/17 5209/1/17
f 5216/1/4 5079/1/4 5082/1/4
f 5216/1/4 5082/1/4 5217/1/4
f 5218/1/4 5160/1/4 5163/1/4
f 5163/1/4 5216/1/4 5217/1/4
f 5163/1/4 5217/1/4 5218/1/4
f 5219/1/4 5220/1/4 5221/1/4
f 5221/1/4 5222/1/4 5223/1/4
f 5221/1/4 5223/1/4 5219/1/4
f 5224/1/17 5225/1/17 5226/1/17
f 5224/1/17 5226/1/17 5227/1/17
f 5228/1/17 5226/1/17 5225/1/17
f 5228/1/17 5225/1/17 5229/1/17
f 5230/1/17 5228/1/17 5229/1/17
f 5231/1/17 5232/1/17 5230/1/17
f 5231/1/17 5230/1/17 5229/1/17
f 5232/1/17 5231/1/17 5233/1/17
f 5055/1/17 5234/1/17 5233/1/17
f 5055/1/17 5233/1/17 5231/1/17
f 5054/1/17 5055/1/17 5231/1/17
f 5234/1/17 5235/1/17 5233/1/17
f 5236/1/4 5237/1/4 5238/1/4
f 5239/1/17 5240/1/17 5241/1/17
f 5239/1/17 5241/1/17 5242/1/17
f 5243/1/17 5244/1/17 5242/1/17
f 5244/1/17 5239/1/17 5242/1/17
f 5243/1/17 5245/1/17 5246/1/17
f 5243/1/17 5246/1/17 5247/1/17
f 5244/1/17 5243/1/17 5247/1/17
f 5244/1/17 5247/1/17 5248/1/17
f 5249/1/17 5246/1/17 5245/1/17
f 5250/1/17 5246/1/17 5249/1/17
f 5251/1/4 5252/1/4 5253/1/4
f 5254/1/17 5250/1/17 5255/1/17
f 5254/1/17 5255/1/17 5256/1/17
f 5257/1/4 5252/1/4 5258/1/4
f 5257/1/4 5258/1/4 5259/1/4
f 5260/1/4 5261/1/4 5252/1/4
f 5252/1/4 5261/1/4 5258/1/4
f 5258/1/4 5261/1/4 5262/1/4
f 5263/1/4 5258/1/4 5262/1/4
f 5263/1/4 5264/1/4 5223/1/4
f 5263/1/4 5223/1/4 5222/1/4
f 5258/1/4 5263/1/4 5222/1/4
f 5265/1/4 5266/1/4 5222/1/4
f 5265/1/4 5222/1/4 5267/1/4
f 5265/1/4 5267/1/4 5268/1/4
f 5265/1/4 5268/1/4 5269/1/4
f 5270/1/4 5269/1/4 5268/1/4
f 5270/1/4 5268/1/4 5271/1/4
f 5271/1/4 5272/1/4 5273/1/4
f 5271/1/4 5273/1/4 5270/1/4
f 5274/1/4 5275/1/4 5272/1/4
f 5274/1/4 5272/1/4 5276/1/4
f 5273/1/4 5272/1/4 5275/1/4
f 5276/1/4 5277/1/4 5278/1/4
f 5278/1/4 5279/1/4 5274/1/4
f 5278/1/4 5274/1/4 5276/1/4
f 5274/1/4 5279/1/4 5280/1/4
f 5280/1/4 5279/1/4 5281/1/4
f 5280/1/4 5281/1/4 5282/1/4
f 5280/1/4 5282/1/4 5283/1/4
f 5281/1/4 5284/1/4 5282/1/4
f 5281/1/4 5285/1/4 5284/1/4
f 5285/1/4 5171/1/4 5170/1/4
f 5285/1/4 5170/1/4 5284/1/4
f 5286/1/17 5287/1/17 5288/1/17
f 5286/1/17 5288/1/17 5289/1/17
f 5287/1/17 5286/1/17 5290/1/17
f 5287/1/17 5290/1/17 5291/1/17
f 5286/1/17 5292/1/17 5293/1/17
f 5286/1/17 5293/1/17 5290/1/17
f 5293/1/17 5292/1/17 5294/1/17
f 5295/1/4 5296/1/4 5297/1/4
f 5295/1/4 5297/1/4 5298/1/4
f 5294/1/17 5292/1/17 5299/1/17
f 5299/1/17 5300/1/17 5301/1/17
f 5299/1/17 5301/1/17 5294/1/17
f 5302/1/17 5303/1/17 5301/1/17
f 5302/1/17 5301/1/17 5300/1/17
f 5304/1/4 5305/1/4 5306/1/4
f 5304/1/4 5306/1/4 5307/1/4
f 5308/1/17 5309/1/17 5310/1/17
f 5308/1/17 5310/1/17 5311/1/17
f 5312/1/4 5313/1/4 5314/1/4
f 5309/1/17 5315/1/17 5316/1/17
f 5309/1/17 5316/1/17 5317/1/17
f 5292/1/17 5318/1/17 5319/1/17
f 5292/1/17 5319/1/17 5316/1/17
f 5318/1/17 5320/1/17 5321/1/17
f 5318/1/17 5321/1/17 5319/1/17
f 5259/1/4 5322/1/4 5257/1/4
f 5323/1/4 5324/1/4 5325/1/4
f 5323/1/4 5325/1/4 5326/1/4
f 5327/1/17 5328/1/17 5329/1/17
f 5327/1/17 5329/1/17 5330/1/17
f 5331/1/4 5332/1/4 5333/1/4
f 5331/1/4 5333/1/4 5334/1/4
f 5334/1/4 5324/1/4 5331/1/4
f 5335/1/17 5336/1/17 5240/1/17
f 5336/1/17 5241/1/17 5240/1/17
f 5337/1/17 5129/1/17 5128/1/17
f 5337/1/17 5128/1/17 5224/1/17
f 5338/1/4 5339/1/4 5340/1/4
f 5341/1/4 5342/1/4 5338/1/4
f 5338/1/4 5340/1/4 5341/1/4
f 5343/1/4 5221/1/4 5220/1/4
f 5343/1/4 5220/1/4 5344/1/4
f 5337/1/17 5345/1/17 5346/1/17
f 5221/1/4 5343/1/4 5340/1/4
f 5347/1/4 5348/1/4 5349/1/4
f 5347/1/4 5349/1/4 5221/1/4
f 5221/1/4 5340/1/4 5347/1/4
f 5350/1/4 5347/1/4 5340/1/4
f 5350/1/4 5340/1/4 5351/1/4
f 5352/1/17 5131/1/17 5126/1/17
f 5352/1/17 5126/1/17 5353/1/17
f 5354/1/4 5355/1/4 5350/1/4
f 5354/1/4 5350/1/4 5351/1/4
f 5356/1/17 5357/1/17 5358/1/17
f 5348/1/4 5359/1/4 5360/1/4
f 5355/1/4 5359/1/4 5348/1/4
f 5361/1/17 5362/1/17 5363/1/17
f 5361/1/17 5363/1/17 5364/1/17
f 5355/1/4 5365/1/4 5359/1/4
f 5366/1/4 5367/1/4 5365/1/4
f 5366/1/4 5365/1/4 5368/1/4
f 5369/1/4 5359/1/4 5370/1/4
f 5369/1/4 5370/1/4 5371/1/4
f 5370/1/4 5359/1/4 5367/1/4
f 5359/1/4 5365/1/4 5367/1/4
f 5372/1/4 5373/1/4 5374/1/4
f 5372/1/4 5374/1/4 5375/1/4
f 5149/1/17 5376/1/17 5150/1/17
f 5374/1/4 5377/1/4 5369/1/4
f 5369/1/4 5371/1/4 5375/1/4
f 5369/1/4 5375/1/4 5374/1/4
f 5368/1/4 5378/1/4 5372/1/4
f 5368/1/4 5372/1/4 5366/1/4
f 5137/1/17 5379/1/17 5140/1/17
f 5137/1/769 5140/1/769 5138/1/769
s 1
f 5380/1/770 5381/1/771 5382/1/772
f 5382/1/772 5383/1/773 5384/1/773
f 5382/1/772 5384/1/773 5380/1/770
s 0
f 5385/1/774 5386/1/774 5387/1/774
f 5385/1/774 5387/1/774 5388/1/774
f 5389/1/775 5390/1/775 5391/1/775
f 5389/1/775 5391/1/775 5392/1/775
f 5393/1/776 5394/1/776 5395/1/776
f 5393/1/776 5395/1/776 5396/1/776
f 5397/1/777 5398/1/777 5399/1/777
f 5397/1/777 5399/1/777 5400/1/777
f 5401/1/778 5402/1/778 5403/1/778
f 5401/1/778 5403/1/778 5404/1/778
f 4776/1/4 4779/1/4 5405/1/4
s 1
f 5406/1/779 5407/1/780 5408/1/781
f 5406/1/779 5408/1/781 5409/1/782
f 5410/1/783 5411/1/784 5412/1/784
f 5413/1/785 5414/1/786 5410/1/783
f 5412/1/784 5413/1/785 5410/1/783
s 0
f 5415/1/787 5416/1/787 5417/1/787
f 5415/1/787 5417/1/787 5418/1/787
f 5419/1/788 5420/1/788 5421/1/788
f 5419/1/789 5421/1/789 5422/1/789
f 5423/1/790 5424/1/790 5425/1/790
f 5423/1/791 5425/1/791 5426/1/791
f 5427/1/792 5428/1/792 5429/1/792
f 5427/1/792 5429/1/792 5430/1/792
f 5431/1/793 5432/1/793 5433/1/793
f 5431/1/793 5433/1/793 5434/1/793
f 5435/1/794 5436/1/794 5437/1/794
f 5435/1/794 5437/1/794 5438/1/794
f 5439/1/795 5440/7/795 5441/7/795
s 1
f 5442/7/796 5443/1/797 5444/1/798
f 5442/7/796 5444/1/798 5445/6/799
s 0
f 5446/6/800 5447/7/800 5448/7/800
f 5446/6/800 5448/7/800 5449/6/800
f 5450/7/801 5451/6/801 5452/6/801
f 5450/7/801 5452/6/801 5453/7/801
f 5454/6/802 5455/7/802 5456/7/802
f 5454/6/802 5456/7/802 5457/6/802
f 5458/6/803 5459/7/803 5460/7/803
f 5458/6/803 5460/7/803 5461/6/803
f 5462/1/804 5463/1/804 5464/1/804
f 5462/1/804 5464/1/804 5465/1/804
f 3781/1/505 3780/1/505 5466/1/505
f 3781/1/505 5466/1/505 5467/1/505
f 3607/1/567 3606/1/567 5468/1/567
f 3607/1/567 5468/1/567 5469/1/567
f 5470/1/805 5471/1/805 5472/1/805
f 5473/1/4 1965/1/4 1978/1/4
f 5473/1/4 1978/1/4 1976/1/4
f 1976/1/4 1978/1/4 1954/1/4
f 1976/1/4 1954/1/4 1958/1/4
f 5474/1/4 5475/1/4 5476/1/4
f 5474/1/4 5476/1/4 5477/1/4
f 5477/1/4 5476/1/4 1966/1/4
f 5477/1/4 1966/1/4 5478/1/4
f 5478/1/4 1966/1/4 1962/1/4
f 5478/1/4 1962/1/4 5479/1/4
f 5479/1/4 1962/1/4 1965/1/4
f 5479/1/4 1965/1/4 5473/1/4
f 1958/1/4 1954/1/4 1957/1/4
f 1958/1/4 1957/1/4 1959/1/4
f 2016/1/83 2015/1/83 5480/1/83
f 2016/1/83 5480/1/83 5481/1/83
f 2024/1/321 2027/1/321 5482/1/321
f 2024/1/321 5482/1/321 5483/1/321
f 2034/1/323 2033/1/323 5484/1/323
f 2034/1/323 5484/1/323 5485/1/323
f 2030/1/322 2029/1/322 5486/1/322
f 2030/1/322 5486/1/322 5487/1/322
f 2013/1/319 2012/1/319 5488/1/319
f 2013/1/319 5488/1/319 2037/1/319
f 622/7/55 621/7/55 5489/7/55
f 622/7/55 5489/7/55 5490/7/55
f 5491/1/806 5492/1/806 5493/1/806
f 5494/1/807 5495/1/807 5496/1/807
f 5497/1/808 5498/1/808 5499/1/808
f 5497/1/808 5499/1/808 5500/1/808
f 5501/1/809 5502/1/809 5503/1/809
f 5501/1/809 5503/1/809 5504/1/809
f 961/1/127 960/1/127 5505/1/127
f 961/1/127 5505/1/127 5506/1/127
f 5507/1/810 5508/1/810 5509/1/810
f 5507/1/810 5509/1/810 5510/1/810
f 587/2/51 5511/5/51 5512/4/51
f 587/2/51 5512/4/51 588/3/51
f 5513/1/51 5512/4/51 588/3/51
f 5514/1/52 5515/1/52 598/1/52
f 5514/1/52 598/1/52 597/1/52
f 5516/1/14 5517/1/14 604/1/14
f 5516/1/14 604/1/14 603/1/14
f 5518/1/53 5519/1/53 608/1/53
f 5518/1/53 608/1/53 607/1/53
f 5520/1/54 5521/1/54 618/1/54
f 5520/1/54 618/1/54 617/1/54
f 620/6/55 623/6/55 5522/7/55
f 620/6/55 5522/7/55 5523/7/55
f 5524/1/56 5525/7/56 628/1/56
f 5524/1/56 628/1/56 627/1/56
f 5526/1/57 5527/1/57 632/1/57
f 5526/1/57 632/1/57 631/1/57
f 634/6/58 637/6/58 5528/7/58
f 634/6/58 5528/7/58 5529/7/58
f 5530/8/59 5531/8/59 5532/9/59
f 5530/8/59 5532/9/59 5533/9/59
f 5534/1/51 5535/4/51 643/3/51
f 645/3/60 648/3/60 5536/4/60
f 645/3/60 5536/4/60 5537/4/60
f 5538/1/61 5539/1/61 651/1/61
f 5538/1/61 651/1/61 650/1/61
f 5540/1/62 5541/1/62 659/1/62
f 5540/1/62 659/1/62 658/1/62
f 661/3/63 664/3/63 5542/4/63
f 661/3/63 5542/4/63 5543/4/63
f 5544/1/64 5545/1/64 667/1/64
f 5544/1/811 667/1/811 666/1/811
f 671/3/27 674/3/27 5546/4/27
f 671/3/27 5546/4/27 5547/4/27
f 677/3/65 680/3/65 5548/4/65
s 1
f 677/3/65 5548/4/65 5549/4/65
s 0
f 5550/1/66 5551/1/66 683/1/66
f 5550/1/66 683/1/66 682/1/66
f 5552/1/14 5553/1/14 687/1/14
f 5552/1/14 687/1/14 686/1/14
f 691/2/67 5554/5/67 5555/4/67
f 691/2/67 5555/4/67 692/3/67
f 699/3/68 702/3/68 5556/4/68
f 699/3/68 5556/4/68 5557/4/68
f 703/3/69 706/3/69 5558/4/69
f 703/3/69 5558/4/69 5559/4/69
f 5560/1/70 5561/1/70 711/1/70
f 5560/1/70 711/1/70 710/1/70
f 713/3/71 716/3/71 5562/4/71
f 713/3/71 5562/4/71 5563/4/71
f 5561/1/70 5564/1/70 717/1/70
f 5561/1/70 717/1/70 711/1/70
f 5565/1/72 721/3/72 5566/4/72
s 1
f 5567/3/812 5568/1/813 5569/1/814
f 5570/10/815 5571/3/816 5567/3/812
f 5569/1/814 5570/10/815 5567/3/812
s 0
f 727/3/78 730/3/78 5572/4/78
f 727/3/78 5572/4/78 5573/4/78
f 731/1/79 734/1/79 5574/1/79
f 731/1/79 5574/1/79 5575/1/79
f 5576/1/80 5577/1/80 741/1/80
f 5576/1/80 741/1/80 740/1/80
f 747/3/81 750/3/81 5578/4/81
f 747/3/81 5578/4/81 5579/11/81
f 751/3/82 754/3/82 5580/11/82
f 751/3/82 5580/11/82 5581/4/82
f 5582/1/80 5576/1/80 740/1/80
f 5582/1/80 740/1/80 758/1/80
f 763/3/83 766/3/83 5583/4/83
f 763/3/83 5583/4/83 5584/4/83
f 5585/1/84 5586/1/84 769/1/84
f 5585/1/84 769/1/84 768/1/84
f 773/3/85 776/1/85 5587/1/85
f 773/3/85 5587/1/85 5588/4/85
f 777/3/86 780/3/86 5589/4/86
f 777/3/86 5589/4/86 5590/4/86
f 5591/1/87 5592/1/87 783/1/87
f 5591/1/87 783/1/87 782/1/87
f 5593/1/87 5591/1/87 782/1/87
f 5593/1/87 782/1/87 786/1/87
f 5594/4/88 5595/4/88 789/3/88
f 5594/4/88 789/3/88 788/3/88
f 791/3/89 794/3/89 5596/4/89
f 791/3/89 5596/4/89 5597/4/89
f 795/3/90 798/3/90 5598/4/90
f 795/3/90 5598/4/90 5599/4/90
f 801/1/91 803/3/91 5600/1/91
f 804/1/92 806/1/92 5601/1/92
f 5602/1/93 5603/4/93 808/3/93
f 810/1/94 5604/1/94 811/1/94
f 5605/1/94 815/3/94 5606/4/94
f 816/1/95 818/1/95 5607/1/95
f 5608/1/96 5609/1/96 821/1/96
f 5608/1/96 821/1/96 820/1/96
f 5610/4/96 5611/4/96 829/3/96
f 5610/4/96 829/3/96 828/3/96
s 1
f 5612/1/817 5613/1/818 5614/1/819
f 5612/1/817 5614/1/819 5615/1/820
s 0
f 5616/1/101 5617/1/101 843/1/101
f 5616/1/101 843/1/101 842/1/101
f 5618/1/821 5619/1/821 5620/1/821
f 5618/1/821 5620/1/821 5621/1/821
f 5622/12/822 5623/3/822 5624/1/822
f 5622/12/822 5624/1/822 5625/1/822
s 1
f 5626/3/823 5627/3/824 5628/1/825
f 5626/3/823 5628/1/825 5629/1/826
s 0
f 5630/3/822 5622/12/822 5625/1/822
f 5630/3/822 5625/1/822 5631/1/822
f 5632/1/108 5633/1/108 863/1/108
f 5632/1/108 863/1/108 862/1/108
f 5634/1/109 5635/1/109 869/1/109
f 5634/1/109 869/1/109 868/1/109
f 5636/1/110 5637/1/110 873/1/110
f 5636/1/110 873/1/110 872/1/110
f 875/1/111 878/1/111 5638/1/111
f 875/1/111 5638/1/111 5639/1/111
f 879/1/112 882/1/112 5640/1/112
f 879/1/112 5640/1/112 5641/1/112
f 885/1/113 888/1/113 5642/1/113
f 885/1/113 5642/1/113 5643/1/113
f 5644/1/114 5645/1/114 897/1/114
f 5644/1/114 897/1/114 896/1/114
f 899/1/115 902/1/115 5646/1/115
f 899/1/115 5646/1/115 5647/1/115
f 903/1/116 906/1/116 5648/1/116
f 903/1/116 5648/1/116 5649/1/116
f 5650/1/117 5651/1/117 911/1/117
f 5650/1/117 911/1/117 910/1/117
f 5652/1/118 914/1/118 913/1/118
f 913/1/118 5653/1/118 5652/1/118
f 5654/1/119 5655/1/119 921/1/119
f 5654/1/119 921/1/119 920/1/119
f 923/1/120 926/1/120 5656/1/120
f 923/1/120 5656/1/120 5657/1/120
f 5658/1/121 930/1/121 929/1/121
f 5658/1/121 929/1/121 5659/1/121
f 5660/1/122 5661/1/122 933/1/122
f 5660/1/122 933/1/122 932/1/122
f 5662/1/123 5663/1/123 937/1/123
f 5662/1/123 937/1/123 936/1/123
f 943/1/124 946/1/124 5664/1/124
f 943/1/124 5664/1/124 5665/1/124
f 5666/1/125 950/1/125 949/1/125
f 5666/1/125 949/1/125 5667/1/125
f 5668/1/126 5669/1/126 953/1/126
f 5668/1/126 953/1/126 952/1/126
f 959/1/128 962/1/128 5670/1/128
f 959/1/128 5670/1/128 5671/1/128
f 5672/1/129 5673/1/129 965/1/129
f 5672/1/129 965/1/129 964/1/129
f 5674/1/129 5675/1/129 969/1/129
f 5674/1/129 969/1/129 968/1/129
f 971/1/127 974/1/127 5676/1/127
f 971/1/127 5676/1/127 5677/1/127
f 5678/1/131 5679/1/131 981/1/131
f 5678/1/131 981/1/131 980/1/131
f 974/1/127 959/1/127 5671/1/127
f 974/1/127 5671/1/127 5676/1/127
f 5680/1/129 5681/1/129 985/1/129
f 5680/1/129 985/1/129 984/1/129
f 989/1/133 992/1/133 5682/1/133
f 989/1/134 5682/1/134 5683/1/134
f 5684/1/135 996/1/135 995/1/135
f 5684/1/135 995/1/135 5685/1/135
f 5686/1/136 5687/1/136 999/1/136
f 5686/1/136 999/1/136 998/1/136
f 1005/1/137 1008/1/137 5688/1/137
f 1005/1/137 5688/1/137 5689/1/137
f 5690/1/138 5691/1/138 1011/1/138
f 5690/1/138 1011/1/138 1010/1/138
f 5692/1/135 1018/1/135 996/1/135
f 5692/1/135 996/1/135 5684/1/135
f 5693/1/139 5694/1/139 1021/1/139
f 5693/1/139 1021/1/139 1020/1/139
f 1023/1/140 1026/1/140 5695/1/140
f 1023/1/140 5695/1/140 5696/1/140
f 5697/1/141 5698/1/141 1029/1/141
f 5697/1/141 1029/1/141 1028/1/141
f 1031/1/142 1034/1/142 5699/1/142
f 1031/1/142 5699/1/142 5700/1/142
f 5701/1/135 1036/1/135 1018/1/135
f 5701/1/135 1018/1/135 5692/1/135
f 5702/1/143 5703/1/143 1042/1/143
f 5702/1/143 1042/1/143 1041/1/143
f 5704/1/144 5705/1/144 1048/1/144
f 5704/1/144 1048/1/144 1047/1/144
f 5706/1/45 1053/1/45 1052/1/45
f 5706/1/45 1052/1/45 5707/1/45
f 1060/1/43 1063/1/43 5708/1/43
f 1060/1/43 5708/1/43 5709/1/43
f 5710/1/3 5711/1/3 1066/1/3
f 5710/1/3 1066/1/3 1065/1/3
f 5712/1/42 5713/1/42 1070/1/42
f 5712/1/42 1070/1/42 1069/1/42
f 1072/1/1 1075/1/1 5714/1/1
f 1072/1/2 5714/1/2 5715/1/2
f 5716/1/44 5717/1/44 1078/1/44
f 5716/1/44 1078/1/44 1077/1/44
f 5718/1/827 5719/1/827 5720/1/827
f 5718/1/827 5720/1/827 5721/1/827
f 5722/1/828 5723/1/828 5724/1/828
f 5722/1/828 5724/1/828 5725/1/828
f 5726/1/4 5727/1/4 5728/1/4
f 5726/1/4 5728/1/4 5729/1/4
f 5730/1/148 5731/1/148 1094/1/148
f 5730/1/147 1094/1/147 1093/1/147
s 1
f 5732/1/829 5733/1/830 5734/1/831
f 5732/1/829 5734/1/831 5735/1/832
f 5736/1/833 5737/1/834 5738/1/835
f 5736/1/833 5738/1/835 5739/1/836
s 0
f 1108/1/2 1111/1/2 5740/1/2
f 1108/1/157 5740/1/157 5741/1/157
f 1115/1/158 1118/1/158 5742/1/158
f 1115/1/158 5742/1/158 5743/1/158
f 5744/1/159 5745/1/159 1121/1/159
f 5744/1/159 1121/1/159 1120/1/159
f 5746/1/160 1126/1/160 1125/1/160
f 5746/1/160 1125/1/160 5747/1/160
f 5748/1/147 5749/1/147 1139/1/147
f 5748/1/44 1139/1/44 1138/1/44
f 1141/1/161 1144/1/161 5750/1/161
f 1141/1/161 5750/1/161 5751/1/161
f 1145/1/162 1148/1/162 5752/1/162
f 1145/1/162 5752/1/162 5753/1/162
f 5754/1/42 5755/1/42 1155/1/42
f 5754/1/42 1155/1/42 1154/1/42
f 5756/1/160 1158/1/160 1126/1/160
f 5756/1/160 1126/1/160 5746/1/160
f 5757/1/163 5758/1/163 1161/1/163
f 5757/1/163 1161/1/163 1160/1/163
f 5759/1/165 5760/1/165 1165/1/165
f 5759/1/165 1165/1/165 1164/1/165
f 5761/1/166 5762/1/166 1169/1/166
f 5761/1/166 1169/1/166 1168/1/166
f 1173/1/1 1176/1/1 5763/1/1
f 1173/1/1 5763/1/1 5764/1/1
f 5765/1/166 5761/1/166 1168/1/166
f 5765/1/166 1168/1/166 1178/1/166
f 5766/1/42 5767/1/42 1181/1/42
f 5766/1/42 1181/1/42 1180/1/42
f 5768/1/167 5769/1/167 1185/1/167
f 5768/1/167 1185/1/167 1184/1/167
f 1187/1/168 1190/1/168 5770/1/168
f 1187/1/168 5770/1/168 5771/1/168
f 1193/1/169 1196/1/169 5772/1/169
f 1193/1/169 5772/1/169 5773/1/169
f 1197/1/170 1200/1/170 5774/1/170
f 1197/1/170 5774/1/170 5775/1/170
f 1203/1/171 1206/1/171 5776/1/171
f 1203/1/171 5776/1/171 5777/1/171
f 5778/1/172 5779/1/172 1209/1/172
f 5778/1/172 1209/1/172 1208/1/172
f 1211/1/173 5780/1/173 5781/1/173
f 1211/1/173 5781/1/173 1212/1/173
f 1219/1/174 1222/1/174 5782/1/174
f 1219/1/174 5782/1/174 5783/1/174
f 1230/1/175 1233/1/175 5784/1/175
f 1230/1/175 5784/1/175 5785/1/175
f 1234/1/176 1237/1/176 5786/1/176
f 1234/1/176 5786/1/176 5787/1/176
f 1246/1/177 1249/1/177 5788/1/177
f 1246/1/177 5788/1/177 5789/1/177
f 1250/1/837 1253/1/837 5790/1/837
f 1250/1/178 5790/1/178 5791/1/178
f 5792/1/179 5793/1/179 1256/1/179
f 5792/1/179 1256/1/179 1255/1/179
f 1260/1/180 1263/1/180 5794/1/180
f 1260/1/180 5794/1/180 5795/1/180
f 5796/1/181 5797/1/181 1266/1/181
f 5796/1/181 1266/1/181 1265/1/181
f 1268/1/182 1271/1/182 5798/1/182
f 1268/1/182 5798/1/182 5799/1/182
f 1274/1/183 1277/1/183 5800/1/183
f 1274/1/183 5800/1/183 5801/1/183
f 5802/1/184 5803/1/184 1286/1/184
f 5802/1/184 1286/1/184 1285/1/184
f 1288/1/185 1291/1/185 5804/1/185
f 1288/1/185 5804/1/185 5805/1/185
f 1292/1/186 1295/1/186 5806/1/186
f 1292/1/838 5806/1/838 5807/1/838
f 5808/1/187 5809/1/187 1300/1/187
f 5808/1/187 1300/1/187 1299/1/187
f 1302/1/188 5810/1/188 5811/1/188
f 1302/1/188 5811/1/188 1303/1/188
f 1306/1/189 1309/1/189 5812/1/189
f 1306/1/189 5812/1/189 5813/1/189
f 5814/1/190 5815/1/190 1312/1/190
f 5814/1/190 1312/1/190 1311/1/190
f 1314/1/191 1317/1/191 5816/1/191
f 1314/1/191 5816/1/191 5817/1/191
f 5818/1/192 5819/1/192 1324/1/192
f 5818/1/192 1324/1/192 1323/1/192
f 1328/1/193 1331/1/193 5820/1/193
f 1328/1/193 5820/1/193 5821/1/193
f 1332/1/194 1335/1/194 5822/1/194
f 1332/1/194 5822/1/194 5823/1/194
f 1342/1/195 1345/1/195 5824/1/195
f 1342/1/195 5824/1/195 5825/1/195
f 5826/1/197 5827/1/197 1348/1/197
f 5826/1/197 1348/1/197 1347/1/197
f 5828/1/198 5829/1/198 1352/1/198
f 5828/1/198 1352/1/198 1351/1/198
f 5830/1/199 5831/1/199 1356/1/199
f 5830/1/199 1356/1/199 1355/1/199
f 1358/1/200 1361/1/200 5832/1/200
f 1358/1/200 5832/1/200 5833/1/200
f 5834/1/839 5835/1/839 1364/1/839
f 5834/1/839 1364/1/839 1363/1/839
f 1372/1/191 1314/1/191 5817/1/191
f 1372/1/191 5817/1/191 5836/1/191
f 1374/1/191 1372/1/191 5836/1/191
f 1374/1/191 5836/1/191 5837/1/191
f 5838/1/203 5839/1/203 1384/1/203
f 5838/1/204 1384/1/204 1383/1/204
f 5840/1/205 5841/1/205 1388/1/205
f 5840/1/205 1388/1/205 1387/1/205
f 1396/1/202 1374/1/202 5837/1/202
f 1396/1/191 5837/1/191 5842/1/191
f 1398/1/206 1401/1/206 5843/1/206
f 1398/1/206 5843/1/206 5844/1/206
f 1402/1/207 1405/1/207 5845/1/207
f 1402/1/207 5845/1/207 5846/1/207
f 5847/1/208 5848/1/208 1414/1/208
f 5847/1/208 1414/1/208 1413/1/208
f 1416/1/209 1419/1/209 5849/1/209
f 1416/1/209 5849/1/209 5850/1/209
f 1420/1/211 1423/1/211 5851/1/211
f 1420/1/211 5851/1/211 5852/1/211
f 1428/1/212 1431/1/212 5853/1/212
f 1428/1/212 5853/1/212 5854/1/212
f 5855/1/213 5856/1/213 1436/1/213
f 5855/1/213 1436/1/213 1435/1/213
f 1438/1/214 5857/1/214 5858/1/214
f 1438/1/214 5858/1/214 1439/1/214
f 5859/1/215 5860/1/215 1444/1/215
f 5859/1/215 1444/1/215 1443/1/215
f 1446/1/216 1449/1/216 5861/1/216
f 1446/1/216 5861/1/216 5862/1/216
f 1450/1/214 5863/1/214 5857/1/214
f 1450/1/214 5857/1/214 1438/1/214
f 1452/1/217 1455/1/217 5864/1/217
f 1452/1/218 5864/1/218 5865/1/218
f 1458/1/211 1420/1/211 5852/1/211
f 1458/1/210 5852/1/210 5866/1/210
f 5867/1/213 5855/1/213 1435/1/213
f 5867/1/213 1435/1/213 1464/1/213
f 1466/1/212 1428/1/212 5854/1/212
f 1466/1/212 5854/1/212 5868/1/212
f 1472/1/211 1475/1/211 5869/1/211
f 1472/1/211 5869/1/211 5870/1/211
f 1480/1/214 5871/1/214 5872/1/214
f 1480/1/214 5872/1/214 1481/1/214
f 1484/1/840 1487/1/840 5873/1/840
f 1484/1/219 5873/1/219 5874/1/219
f 5875/1/221 5876/1/221 1490/1/221
f 5875/1/221 1490/1/221 1489/1/221
f 1494/1/211 1458/1/211 5866/1/211
f 1494/1/211 5866/1/211 5877/1/211
f 5878/1/217 5879/1/217 1500/1/217
f 5878/1/218 1500/1/218 1499/1/218
f 1502/1/841 5880/1/841 5863/1/841
f 1502/1/214 5863/1/214 1450/1/214
f 1481/1/214 5872/1/214 5880/1/214
f 1481/1/214 5880/1/214 1502/1/214
f 5881/1/224 5882/1/224 1506/1/224
f 5881/1/224 1506/1/224 1505/1/224
f 1475/1/210 1494/1/210 5877/1/210
f 1475/1/210 5877/1/210 5869/1/210
f 1508/1/225 5883/1/225 5884/1/225
f 1508/1/225 5884/1/225 1509/1/225
f 1512/1/226 1515/1/226 5885/1/226
f 1512/1/226 5885/1/226 5886/1/226
f 1516/1/227 1519/1/227 5887/1/227
f 1516/1/227 5887/1/227 5888/1/227
f 5889/1/71 5890/1/71 5891/1/71
f 5889/1/71 5891/1/71 5892/1/71
f 5893/1/228 5894/1/228 5895/1/228
f 5893/1/228 5895/1/228 5896/1/228
f 5897/1/229 5898/1/229 5899/1/229
f 5897/1/229 5899/1/229 5900/1/229
f 5901/1/230 5902/1/230 5903/1/230
f 5901/1/231 5903/1/231 5904/1/231
f 5905/1/232 5906/1/232 5907/1/232
f 5905/1/232 5907/1/232 5908/1/232
f 5909/1/233 5910/1/233 5911/1/233
f 5909/1/233 5911/1/233 5912/1/233
f 5913/1/234 5914/1/234 5915/1/234
f 5913/1/842 5915/1/842 5916/1/842
f 5917/1/235 5918/1/235 5919/1/235
f 5917/1/235 5919/1/235 5920/1/235
f 5921/1/4 5922/1/4 5923/1/4
f 5923/1/4 5924/1/4 5925/1/4
f 5925/1/4 5926/1/4 5927/1/4
f 5927/1/4 5928/1/4 5921/1/4
f 5921/1/4 5923/1/4 5925/1/4
f 5925/1/4 5927/1/4 5921/1/4
f 1560/1/237 5929/1/237 5930/1/237
f 1560/1/237 5930/1/237 1561/1/237
f 1568/1/238 1571/1/238 5931/1/238
f 1568/1/238 5931/1/238 5932/1/238
f 5933/1/239 5934/1/239 1576/1/239
f 5933/1/239 1576/1/239 1575/1/239
f 5935/1/240 5936/1/240 1580/1/240
f 5935/1/240 1580/1/240 1579/1/240
s 1
f 1582/1/241 1585/1/241 5937/1/241
s 0
f 1582/1/241 5937/1/241 5938/1/241
f 5939/1/242 5940/1/242 1590/1/242
f 5939/1/242 1590/1/242 1589/1/242
f 1594/1/53 5941/1/53 5942/1/53
f 1594/1/53 5942/1/53 1595/1/53
f 1602/1/243 1605/1/243 5943/1/243
f 1602/1/243 5943/1/243 5944/1/243
f 1606/1/244 1609/1/244 5945/1/244
f 1606/1/244 5945/1/244 5946/1/244
f 1614/1/245 1617/1/245 5947/1/245
f 1614/1/245 5947/1/245 5948/1/245
f 1618/1/246 1621/1/246 5949/1/246
f 1618/1/246 5949/1/246 5950/1/246
f 1624/1/247 1627/1/247 5951/1/247
f 1624/1/247 5951/1/247 5952/1/247
f 5953/1/248 5954/1/248 1634/1/248
f 5953/1/248 1634/1/248 1633/1/248
f 5955/1/248 5953/1/248 1633/1/248
f 5955/1/248 1633/1/248 1637/1/248
f 5956/1/249 5957/1/249 1646/1/249
f 5956/1/249 1646/1/249 1645/1/249
f 5958/1/250 5959/1/250 1654/1/250
f 5958/1/250 1654/1/250 1653/1/250
f 5960/1/251 5961/1/251 1658/1/251
f 5960/1/251 1658/1/251 1657/1/251
f 5962/1/251 5960/1/251 1657/1/251
f 5962/1/251 1657/1/251 1661/1/251
f 5963/1/252 5964/1/252 1666/1/252
f 5963/1/252 1666/1/252 1665/1/252
f 1668/1/253 5965/1/253 5966/1/253
f 1668/1/253 5966/1/253 1669/1/253
f 1674/1/254 1677/1/254 5967/1/254
f 1674/1/254 5967/1/254 5968/1/254
f 1678/1/255 5969/1/255 5970/1/255
f 1678/1/255 5970/1/255 1679/1/255
f 5971/1/256 5972/1/256 1688/1/256
f 5971/1/256 1688/1/256 1687/1/256
f 1692/1/257 1695/1/257 5973/1/257
f 1692/1/257 5973/1/257 5974/1/257
f 5975/1/258 5976/1/258 1698/1/258
f 5975/1/258 1698/1/258 1697/1/258
f 1704/1/259 1707/1/259 5977/1/259
f 1704/1/259 5977/1/259 5978/1/259
s 1
f 1708/1/260 1711/1/260 5979/1/260
s 0
f 1708/1/260 5979/1/260 5980/1/260
f 5981/1/261 5982/1/261 1714/1/261
f 5981/1/261 1714/1/261 1713/1/261
f 1716/1/262 1719/1/262 5983/1/262
f 1716/1/262 5983/1/262 5984/1/262
f 5985/1/263 5986/1/263 1724/1/263
f 5985/1/264 1724/1/264 1723/1/264
f 1726/1/265 1729/1/265 5987/1/265
f 1726/1/265 5987/1/265 5988/1/265
f 1734/1/255 5989/1/255 5969/1/255
f 1734/1/255 5969/1/255 1678/1/255
f 5990/1/266 5991/1/266 1738/1/266
f 5990/1/266 1738/1/266 1737/1/266
f 1740/1/91 1743/1/91 5992/1/91
f 1740/1/91 5992/1/91 5993/1/91
f 1748/1/843 1751/1/843 5994/1/843
f 1748/1/267 5994/1/267 5995/1/267
f 5996/1/268 5997/1/268 1754/1/268
f 5996/1/268 1754/1/268 1753/1/268
f 1756/1/269 1759/1/269 5998/1/269
f 1756/1/269 5998/1/269 5999/1/269
f 1764/1/271 1767/1/271 6000/1/271
f 1764/1/271 6000/1/271 6001/1/271
f 6002/1/266 5990/1/266 1737/1/266
f 6002/1/266 1737/1/266 1769/1/266
f 6003/1/266 6004/1/266 1772/1/266
f 6003/1/266 1772/1/266 1771/1/266
f 1774/1/272 1777/1/272 6005/1/272
f 1774/1/272 6005/1/272 6006/1/272
f 6004/1/266 6002/1/266 1769/1/266
f 6004/1/266 1769/1/266 1772/1/266
f 1780/1/273 1783/1/273 6007/1/273
f 1780/1/273 6007/1/273 6008/1/273
f 1784/1/255 6009/1/255 5989/1/255
f 1784/1/255 5989/1/255 1734/1/255
f 1788/1/274 1791/1/274 6010/1/274
f 1788/1/274 6010/1/274 6011/1/274
f 1792/1/275 1795/1/275 6012/1/275
f 1792/1/275 6012/1/275 6013/1/275
f 6014/1/276 6015/1/276 1798/1/276
f 6014/1/276 1798/1/276 1797/1/276
f 1800/1/277 6016/1/277 6017/1/277
f 1800/1/277 6017/1/277 1801/1/277
f 1810/1/278 1813/1/278 6018/1/278
f 1810/1/278 6018/1/278 6019/1/278
f 6020/1/279 6021/1/279 1816/1/279
f 6020/1/279 1816/1/279 1815/1/279
f 6022/1/280 6023/1/280 1820/1/280
f 6022/1/280 1820/1/280 1819/1/280
f 1822/1/281 1825/1/281 6024/1/281
f 1822/1/281 6024/1/281 6025/1/281
f 1832/1/282 1835/1/282 6026/1/282
f 1832/1/282 6026/1/282 6027/1/282
f 6028/1/284 6029/1/284 1838/1/284
f 6028/1/284 1838/1/284 1837/1/284
f 1840/1/285 1843/1/285 6030/1/285
f 1840/1/285 6030/1/285 6031/1/285
f 6032/1/286 6033/1/286 1846/1/286
f 6032/1/286 1846/1/286 1845/1/286
f 6034/1/287 6035/1/287 1850/1/287
f 6034/1/287 1850/1/287 1849/1/287
f 1852/1/288 1855/1/288 6036/1/288
f 1852/1/288 6036/1/288 6037/1/288
f 6038/1/289 6039/1/289 1858/1/289
f 6038/1/289 1858/1/289 1857/1/289
f 1871/1/277 6040/1/277 6016/1/277
f 1871/1/844 6016/1/844 1800/1/844
f 1873/1/27 1876/1/27 6041/1/27
f 1873/1/27 6041/1/27 6042/1/27
f 6043/1/290 6044/1/290 1879/1/290
f 6043/1/290 1879/1/290 1878/1/290
f 1881/1/39 1884/1/39 6045/1/39
f 1881/1/39 6045/1/39 6046/1/39
f 6047/1/7 6048/1/7 1889/1/7
f 6047/1/7 1889/1/7 1888/1/7
f 1891/1/37 1894/1/37 6049/1/37
f 1891/1/37 6049/1/37 6050/1/37
s 1
f 6051/1/34 6052/1/34 1899/1/34
s 0
f 6051/1/34 1899/1/34 1898/1/34
f 1901/1/40 1904/1/40 6053/1/40
f 1901/1/40 6053/1/40 6054/1/40
f 6055/1/14 6056/1/14 1909/1/14
f 6055/1/14 1909/1/14 1908/1/14
f 1913/1/291 1916/1/291 6057/1/291
f 1913/1/291 6057/1/291 6058/1/291
f 1921/1/292 1924/1/292 6059/1/292
f 1921/1/292 6059/1/292 6060/1/292
f 1925/1/293 1928/1/293 6061/1/293
f 1925/1/293 6061/1/293 6062/1/293
f 6063/1/294 6064/1/294 1931/1/294
f 6063/1/294 1931/1/294 1930/1/294
f 1935/1/295 1938/1/295 6065/1/295
f 1935/1/295 6065/1/295 6066/1/295
f 1939/1/296 1942/1/296 6067/1/296
f 1939/1/296 6067/1/296 6068/1/296
f 6069/1/297 6070/1/297 1947/1/297
f 6069/1/297 1947/1/297 1946/1/297
f 6071/1/27 6072/1/27 1949/1/27
f 1953/1/27 1952/1/27 6071/1/27
f 1949/1/27 1953/1/27 6071/1/27
s 1
f 6073/1/845 6074/1/846 6075/1/847
f 6073/1/845 6075/1/847 6076/1/848
f 6077/1/849 6078/1/850 6079/1/851
f 6077/1/849 6079/1/851 6080/1/852
s 0
f 1986/1/307 1989/1/307 6081/1/307
f 1986/1/306 6081/1/306 6082/1/306
s 1
f 6083/1/853 6084/1/854 6085/1/855
f 6083/1/853 6085/1/855 6086/1/856
s 0
f 6087/1/312 6088/1/312 1998/1/312
f 6087/1/857 1998/1/857 1997/1/857
f 6089/1/314 6090/1/314 2002/1/314
f 6089/1/314 2002/1/314 2001/1/314
s 1
f 6091/1/858 6092/1/859 6093/1/860
f 6091/1/858 6093/1/860 6094/1/861
s 0
f 2010/1/319 6095/1/319 6096/1/319
f 2010/1/319 6096/1/319 2011/1/319
f 2014/1/83 2017/1/83 6097/1/83
f 2014/1/83 6097/1/83 6098/1/83
f 6099/1/320 6100/1/320 2020/1/320
f 6099/1/320 2020/1/320 2019/1/320
f 6099/1/320 6101/1/320 6102/1/320
f 6099/1/320 6102/1/320 6100/1/320
f 6103/1/321 6104/1/321 2026/1/321
f 6103/1/321 2026/1/321 2025/1/321
f 2028/1/322 2031/1/322 6105/1/322
f 2028/1/322 6105/1/322 6106/1/322
f 2032/1/323 2035/1/323 6107/1/323
f 2032/1/323 6107/1/323 6108/1/323
f 6109/1/319 6110/1/319 6111/1/319
f 6109/1/319 6111/1/319 6095/1/319
f 2039/1/324 2042/1/324 6112/1/324
f 2039/1/324 6112/1/324 6113/1/324
f 6114/1/325 6115/1/325 6116/1/325
f 6114/1/325 6116/1/325 6117/1/325
f 6118/1/326 6119/1/326 2049/1/326
f 6118/1/326 2049/1/326 2048/1/326
f 6112/1/324 6120/1/324 6121/1/324
f 6112/1/324 6121/1/324 6113/1/324
f 2053/1/325 2054/1/325 6114/1/325
f 2053/1/325 6114/1/325 6117/1/325
f 6118/1/326 6122/1/326 6123/1/326
f 6118/1/326 6123/1/326 6119/1/326
f 2057/1/319 6109/1/319 6095/1/319
f 2057/1/319 6095/1/319 2010/1/319
f 2058/1/327 6124/1/327 6125/1/327
f 2058/1/327 6125/1/327 2059/1/327
f 2062/1/328 2065/1/328 6126/1/328
f 2062/1/328 6126/1/328 6127/1/328
f 6128/1/329 6129/1/329 2072/1/329
f 6128/1/329 2072/1/329 2071/1/329
f 2074/1/330 2077/1/330 6130/1/330
f 2074/1/330 6130/1/330 6131/1/330
f 2082/1/331 2085/1/331 6132/1/331
f 2082/1/331 6132/1/331 6133/1/331
f 2086/1/327 6134/1/327 6135/1/327
f 2086/1/327 6135/1/327 2087/1/327
f 2090/1/327 6136/1/327 6137/1/327
f 2090/1/327 6137/1/327 2091/1/327
f 2094/1/332 2097/1/332 6138/1/332
f 2094/1/332 6138/1/332 6139/1/332
f 2091/1/327 6137/1/327 6134/1/327
f 2091/1/327 6134/1/327 2086/1/327
f 2100/1/334 2103/1/334 6140/1/334
f 2100/1/334 6140/1/334 6141/1/334
f 2108/1/335 2111/1/335 6142/1/335
f 2108/1/335 6142/1/335 6143/1/335
f 2112/1/327 6144/1/327 6124/1/327
f 2112/1/327 6124/1/327 2058/1/327
f 2087/1/327 6135/1/327 6144/1/327
f 2087/1/327 6144/1/327 2112/1/327
f 2114/1/336 2117/1/336 6145/1/336
f 2114/1/336 6145/1/336 6146/1/336
f 6147/1/35 2121/1/35 2120/1/35
f 6147/1/35 2120/1/35 6148/1/35
f 2126/1/26 2129/1/26 6149/1/26
f 2126/1/26 6149/1/26 6150/1/26
f 6151/1/10 6152/1/10 2132/1/10
f 6151/1/10 2132/1/10 2131/1/10
f 6153/1/36 6154/1/36 2136/1/36
f 6153/1/36 2136/1/36 2135/1/36
f 2140/1/38 2143/1/38 6155/1/38
f 2140/1/38 6155/1/38 6156/1/38
f 6157/1/25 6158/1/25 2150/1/25
f 6157/1/25 2150/1/25 2149/1/25
f 2152/1/16 2155/1/16 6159/1/16
f 2152/1/16 6159/1/16 6160/1/16
f 2156/1/49 2159/1/49 6161/1/49
f 2156/1/49 6161/1/49 6162/1/49
f 6163/1/15 6164/1/15 2162/1/15
f 6163/1/15 2162/1/15 2161/1/15
f 6165/1/48 6166/1/48 2166/1/48
f 6165/1/48 2166/1/48 2165/1/48
f 6167/1/47 6168/1/47 2170/1/47
f 6167/1/47 2170/1/47 2169/1/47
f 2174/1/50 2177/1/50 6169/1/50
f 2174/1/50 6169/1/50 6170/1/50
f 2178/1/337 6171/1/337 6172/1/337
f 2178/1/337 6172/1/337 2179/1/337
f 2182/1/338 2185/1/338 6173/1/338
f 2182/1/338 6173/1/338 6174/1/338
f 2186/1/339 2189/1/339 6175/1/339
f 2186/1/339 6175/1/339 6176/1/339
f 2185/1/338 2195/1/338 6177/1/338
s 1
f 2185/1/338 6177/1/338 6173/1/338
s 0
f 6178/1/340 6179/1/340 2198/1/340
f 6178/1/340 2198/1/340 2197/1/340
f 2202/1/339 2186/1/339 6176/1/339
f 2202/1/339 6176/1/339 6180/1/339
f 6181/1/341 6182/1/341 2206/1/341
f 6181/1/341 2206/1/341 2205/1/341
f 6183/1/342 6184/1/342 2210/1/342
f 6183/1/342 2210/1/342 2209/1/342
f 2214/1/343 6185/1/343 6186/1/343
f 2214/1/343 6186/1/343 2215/1/343
f 2218/1/344 2221/1/344 6187/1/344
f 2218/1/344 6187/1/344 6188/1/344
f 2222/1/346 2225/1/346 6189/1/346
f 2222/1/346 6189/1/346 6190/1/346
f 6191/1/347 6192/1/347 2232/1/347
f 6191/1/347 2232/1/347 2231/1/347
f 6193/1/348 6194/1/348 2236/1/348
f 6193/1/348 2236/1/348 2235/1/348
f 2240/1/349 2243/1/349 6195/1/349
f 2240/1/349 6195/1/349 6196/1/349
f 2244/1/350 6197/1/350 6198/1/350
f 2244/1/350 6198/1/350 2245/1/350
f 2248/1/351 2251/1/351 6199/1/351
f 2248/1/351 6199/1/351 6200/1/351
f 2252/1/352 2255/1/352 6201/1/352
s 1
f 2252/1/352 6201/1/352 6202/1/352
s 0
f 6203/1/353 6204/1/353 2262/1/353
f 6203/1/353 2262/1/353 2261/1/353
f 2264/1/354 2267/1/354 6205/1/354
f 2264/1/354 6205/1/354 6206/1/354
f 6207/1/355 6208/1/355 2270/1/355
f 6207/1/355 2270/1/355 2269/1/355
f 6209/1/353 6203/1/353 2261/1/353
f 6209/1/353 2261/1/353 2277/1/353
f 2279/1/356 2282/1/356 6210/1/356
f 2279/1/356 6210/1/356 6211/1/356
f 2283/1/357 2286/1/357 6212/1/357
f 2283/1/357 6212/1/357 6213/1/357
f 6214/1/358 6215/1/358 2291/1/358
s 1
f 6214/1/359 2291/1/359 2290/1/359
s 0
f 6216/1/360 6217/1/360 2295/1/360
f 6216/1/360 2295/1/360 2294/1/360
f 2297/1/361 2300/1/361 6218/1/361
f 2297/1/361 6218/1/361 6219/1/361
f 6220/1/360 6216/1/360 2294/1/360
f 6220/1/360 2294/1/360 2306/1/360
f 2309/1/362 2312/1/362 6221/1/362
f 2309/1/362 6221/1/362 6222/1/362
f 2313/1/363 6223/1/363 6224/1/363
f 2313/1/363 6224/1/363 2314/1/363
f 2317/1/364 2320/1/364 6225/1/364
f 2317/1/364 6225/1/364 6226/1/364
f 2323/1/361 2326/1/361 6227/1/361
f 2323/1/361 6227/1/361 6228/1/361
f 2327/1/365 2330/1/365 6229/1/365
f 2327/1/365 6229/1/365 6230/1/365
f 6231/1/293 6232/1/293 2335/1/293
f 6231/1/293 2335/1/293 2334/1/293
f 2337/1/366 2340/1/366 6233/1/366
f 2337/1/366 6233/1/366 6234/1/366
f 6235/1/367 6236/1/367 2343/1/367
f 6235/1/367 2343/1/367 2342/1/367
f 2349/1/368 2352/1/368 6237/1/368
f 2349/1/368 6237/1/368 6238/1/368
f 2353/1/369 2356/1/369 6239/1/369
f 2353/1/369 6239/1/369 6240/1/369
f 6241/1/367 6235/1/367 2342/1/367
f 6241/1/367 2342/1/367 2360/1/367
f 2361/1/368 2364/1/368 6242/1/368
f 2361/1/368 6242/1/368 6243/1/368
f 6244/1/370 6245/1/370 2367/1/370
f 6244/1/370 2367/1/370 2366/1/370
f 2373/1/368 2361/1/368 6243/1/368
f 2373/1/368 6243/1/368 6246/1/368
f 2375/1/370 2378/1/370 6247/1/370
f 2375/1/370 6247/1/370 6248/1/370
f 6249/1/367 6250/1/367 2382/1/367
f 6249/1/367 2382/1/367 2381/1/367
f 2386/1/371 6251/1/371 6252/1/371
f 2386/1/371 6252/1/371 2387/1/371
f 6253/1/369 6254/1/369 2392/1/369
f 6253/1/369 2392/1/369 2391/1/369
f 6255/1/372 6256/1/372 2396/1/372
f 6255/1/372 2396/1/372 2395/1/372
f 2398/1/38 2401/1/38 6257/1/38
f 2398/1/38 6257/1/38 6258/1/38
f 6259/1/373 6260/1/373 2407/1/373
f 6259/1/373 2407/1/373 2406/1/373
f 2409/1/374 2412/1/374 6261/1/374
f 2409/1/374 6261/1/374 6262/1/374
f 6263/1/375 6264/1/375 2419/1/375
f 6263/1/375 2419/1/375 2418/1/375
f 6265/1/376 2424/1/376 2423/1/376
f 6265/1/376 2423/1/376 6266/1/376
f 2425/1/377 2428/1/377 6267/1/377
f 2425/1/377 6267/1/377 6268/1/377
f 6269/1/378 6270/1/378 2433/1/378
f 6269/1/378 2433/1/378 2432/1/378
f 6271/1/379 6272/1/379 2442/1/379
f 6271/1/379 2442/1/379 2441/1/379
f 6273/1/380 2447/1/380 2446/1/380
f 6273/1/380 2446/1/380 6274/1/380
f 6275/1/381 6276/1/381 2450/1/381
f 6275/1/381 2450/1/381 2449/1/381
f 2452/1/382 2455/1/382 6277/1/382
f 2452/1/382 6277/1/382 6278/1/382
f 6279/1/383 2465/1/383 2464/1/383
f 6279/1/383 2464/1/383 6280/1/383
f 6281/1/384 6282/1/384 2468/1/384
f 6281/1/384 2468/1/384 2467/1/384
f 6283/1/384 6281/1/384 2467/1/384
f 6283/1/384 2467/1/384 2471/1/384
f 6284/1/385 2475/1/385 2474/1/385
f 6284/1/385 2474/1/385 6285/1/385
f 6286/1/386 2482/1/386 2481/1/386
f 6286/1/387 2481/1/387 6287/1/387
f 6288/1/384 6283/1/384 2471/1/384
f 6288/1/384 2471/1/384 2484/1/384
f 2487/1/388 2490/1/388 6289/1/388
f 2487/1/388 6289/1/388 6290/1/388
f 6291/1/389 6292/1/389 2493/1/389
f 6291/1/389 2493/1/389 2492/1/389
f 6293/1/390 6294/1/390 2497/1/390
f 6293/1/390 2497/1/390 2496/1/390
f 2501/1/391 2504/1/391 6295/1/391
f 2501/1/391 6295/1/391 6296/1/391
f 2505/1/392 6297/1/392 6298/1/392
f 2505/1/392 6298/1/392 2506/1/392
f 6299/1/393 6300/1/393 2519/1/393
f 6299/1/393 2519/1/393 2518/1/393
f 2521/1/108 2524/1/108 6301/1/108
f 2521/1/108 6301/1/108 6302/1/108
f 6303/1/395 6304/1/395 2527/1/395
f 6303/1/394 2527/1/394 2526/1/394
f 2529/1/396 2532/1/396 6305/1/396
f 2529/1/396 6305/1/396 6306/1/396
f 2533/1/397 2536/1/397 6307/1/397
f 2533/1/397 6307/1/397 6308/1/397
f 2537/1/398 2540/1/398 6309/1/398
f 2537/1/399 6309/1/399 6310/1/399
f 6311/1/401 6312/1/401 2545/1/401
f 6311/1/401 2545/1/401 2544/1/401
f 2547/1/402 2550/1/402 6313/1/402
f 2547/1/402 6313/1/402 6314/1/402
f 6315/1/395 6316/1/395 2553/1/395
f 6315/1/394 2553/1/394 2552/1/394
f 6317/1/394 6315/1/394 2552/1/394
f 6317/1/395 2552/1/395 2558/1/395
f 2559/1/403 2562/1/403 6318/1/403
f 2559/1/403 6318/1/403 6319/1/403
f 2563/1/379 6320/1/379 6321/1/379
f 2563/1/379 6321/1/379 2564/1/379
f 2576/1/404 2579/1/404 6322/1/404
f 2576/1/404 6322/1/404 6323/1/404
f 2580/1/404 2583/1/404 6324/1/404
f 2580/1/404 6324/1/404 6325/1/404
f 6326/1/405 6327/1/405 2586/1/405
f 6326/1/405 2586/1/405 2585/1/405
f 6328/1/405 6329/1/405 2594/1/405
f 6328/1/405 2594/1/405 2593/1/405
f 6330/1/14 6331/1/14 2598/1/14
f 6330/1/14 2598/1/14 2597/1/14
f 2601/1/406 2604/1/406 6332/1/406
f 2601/1/406 6332/1/406 6333/1/406
f 2583/1/404 2576/1/404 6323/1/404
f 2583/1/404 6323/1/404 6324/1/404
f 6334/1/407 6335/1/407 2608/1/407
f 6334/1/407 2608/1/407 2607/1/407
f 6336/1/408 6337/1/408 2612/1/408
f 6336/1/862 2612/1/862 2611/1/862
f 2616/1/409 2619/1/409 6338/1/409
f 2616/1/409 6338/1/409 6339/1/409
f 2623/1/410 2626/1/410 6340/1/410
f 2623/1/410 6340/1/410 6341/1/410
f 2627/1/411 2630/1/411 6342/1/411
f 2627/1/411 6342/1/411 6343/1/411
f 2631/1/412 2634/1/412 6344/1/412
f 2631/1/412 6344/1/412 6345/1/412
f 6346/1/413 6347/1/413 2637/1/413
s 1
f 6346/1/413 2637/1/413 2636/1/413
s 0
f 6348/1/414 6349/1/414 2641/1/414
f 6348/1/414 2641/1/414 2640/1/414
f 6350/1/415 6351/1/415 2645/1/415
f 6350/1/415 2645/1/415 2644/1/415
f 2647/1/416 2650/1/416 6352/1/416
f 2647/1/416 6352/1/416 6353/1/416
f 6354/1/417 6355/1/417 2653/1/417
s 1
f 6354/1/417 2653/1/417 2652/1/417
s 0
f 2655/1/418 2658/1/418 6356/1/418
f 2655/1/418 6356/1/418 6357/1/418
f 6358/1/419 2664/1/419 2663/1/419
f 6358/1/419 2663/1/419 6359/1/419
f 6360/1/412 6361/1/412 2667/1/412
f 6360/1/412 2667/1/412 2666/1/412
f 2675/1/420 2678/1/420 6362/1/420
f 2675/1/420 6362/1/420 6363/1/420
f 2679/1/421 2682/1/421 6364/1/421
f 2679/1/421 6364/1/421 6365/1/421
f 6366/1/422 6367/1/422 2685/1/422
f 6366/1/422 2685/1/422 2684/1/422
f 2691/1/420 2694/1/420 6368/1/420
f 2691/1/420 6368/1/420 6369/1/420
f 6370/1/423 6371/1/423 2697/1/423
f 6370/1/423 2697/1/423 2696/1/423
f 6372/1/424 6373/1/424 2707/1/424
f 6372/1/424 2707/1/424 2706/1/424
f 2709/1/420 2712/1/420 6374/1/420
f 2709/1/420 6374/1/420 6375/1/420
f 6376/1/425 6377/1/425 2715/1/425
f 6376/1/425 2715/1/425 2714/1/425
f 2712/1/420 2691/1/420 6369/1/420
f 2712/1/420 6369/1/420 6374/1/420
f 6378/1/426 6379/1/426 2719/1/426
f 6378/1/426 2719/1/426 2718/1/426
f 2721/1/427 2724/1/427 6380/1/427
f 2721/1/427 6380/1/427 6381/1/427
f 6382/1/428 6383/1/428 2727/1/428
f 6382/1/428 2727/1/428 2726/1/428
f 2729/1/429 2732/1/429 6384/1/429
s 1
f 2729/1/429 6384/1/429 6385/1/429
s 0
f 6386/1/430 6387/1/430 2738/1/430
f 6386/1/430 2738/1/430 2737/1/430
f 2694/1/420 2675/1/420 6363/1/420
f 2694/1/863 6363/1/863 6368/1/863
f 2741/1/431 6388/1/431 6389/1/431
f 2741/1/431 6389/1/431 2742/1/431
f 2745/1/432 2748/1/432 6390/1/432
f 2745/1/432 6390/1/432 6391/1/432
f 2753/1/433 2756/1/433 6392/1/433
f 2753/1/433 6392/1/433 6393/1/433
f 6394/1/434 6395/1/434 2759/1/434
f 6394/1/434 2759/1/434 2758/1/434
f 6396/1/864 6397/1/864 2763/1/864
f 6396/1/435 2763/1/435 2762/1/435
f 2765/1/436 2768/1/436 6398/1/436
f 2765/1/436 6398/1/436 6399/1/436
f 6400/1/437 6401/1/437 2775/1/437
f 6400/1/437 2775/1/437 2774/1/437
f 2777/1/438 2780/1/438 6402/1/438
f 2777/1/438 6402/1/438 6403/1/438
f 2785/1/439 2788/1/439 6404/1/439
f 2785/1/439 6404/1/439 6405/1/439
f 6406/1/440 6407/1/440 2791/1/440
f 6406/1/440 2791/1/440 2790/1/440
f 6408/1/441 6409/1/441 2795/1/441
f 6408/1/441 2795/1/441 2794/1/441
f 2797/1/442 2800/1/442 6410/1/442
f 2797/1/442 6410/1/442 6411/1/442
f 6412/1/443 6413/1/443 2805/1/443
f 6412/1/443 2805/1/443 2804/1/443
f 2807/1/444 2810/1/444 6414/1/444
f 2807/1/444 6414/1/444 6415/1/444
f 2811/1/30 6416/1/30 6417/1/30
f 2811/1/30 6417/1/30 2812/1/30
f 6418/1/21 6419/1/21 2817/1/21
f 6418/1/21 2817/1/21 2816/1/21
f 2829/1/23 2832/1/23 6420/1/23
f 2829/1/23 6420/1/23 6421/1/23
f 2833/1/24 6422/1/24 6423/1/24
f 2833/1/24 6423/1/24 2834/1/24
f 2837/1/445 2840/1/445 6424/1/445
f 2837/1/445 6424/1/445 6425/1/445
f 6426/1/20 6427/1/20 2845/1/20
f 6426/1/20 2845/1/20 2844/1/20
f 2847/1/28 2850/1/28 6428/1/28
f 2847/1/28 6428/1/28 6429/1/28
f 2851/1/22 2854/1/22 6430/1/22
f 2851/1/22 6430/1/22 6431/1/22
f 6432/1/16 6433/1/16 2858/1/16
f 6432/1/16 2858/1/16 2857/1/16
f 2860/1/19 2863/1/19 6434/1/19
f 2860/1/19 6434/1/19 6435/1/19
f 2864/1/29 2867/1/29 6436/1/29
f 2864/1/29 6436/1/29 6437/1/29
f 2872/1/18 2875/1/18 6438/1/18
f 2872/1/18 6438/1/18 6439/1/18
f 6440/1/9 6441/1/9 2878/1/9
f 6440/1/9 2878/1/9 2877/1/9
f 6442/1/446 6443/1/446 2882/1/446
f 6442/1/446 2882/1/446 2881/1/446
f 2884/1/447 2887/1/447 6444/1/447
f 2884/1/447 6444/1/447 6445/1/447
f 6446/1/448 6447/1/448 2890/1/448
f 6446/1/448 2890/1/448 2889/1/448
f 6448/1/449 6449/1/449 2894/1/449
f 6448/1/449 2894/1/449 2893/1/449
f 6446/1/448 6450/1/448 6451/1/448
f 6446/1/448 6451/1/448 6447/1/448
f 2900/1/24 6452/1/24 6422/1/24
f 2900/1/24 6422/1/24 2833/1/24
f 2902/1/450 6453/1/450 6454/1/450
f 2902/1/450 6454/1/450 2903/1/450
f 6455/1/31 6456/1/31 2908/1/31
f 6455/1/31 2908/1/31 2907/1/31
f 2913/1/451 2916/1/451 6457/1/451
f 2913/1/451 6457/1/451 6458/1/451
f 2919/1/452 2922/1/452 6459/1/452
f 2919/1/452 6459/1/452 6460/1/452
f 6461/1/453 6462/1/453 2925/1/453
f 6461/1/453 2925/1/453 2924/1/453
f 2927/1/454 2930/1/454 6463/1/454
f 2927/1/454 6463/1/454 6464/1/454
f 6465/1/455 6466/1/455 2935/1/455
f 6465/1/455 2935/1/455 2934/1/455
f 2937/1/456 2940/1/456 6467/1/456
f 2937/1/456 6467/1/456 6468/1/456
f 2943/1/457 2946/1/457 6469/1/457
f 2943/1/457 6469/1/457 6470/1/457
f 6471/1/458 6472/1/458 2949/1/458
f 6471/1/458 2949/1/458 2948/1/458
f 6473/1/459 6474/1/459 2955/1/459
f 6473/1/459 2955/1/459 2954/1/459
f 2957/1/460 2960/1/460 6475/1/460
f 2957/1/460 6475/1/460 6476/1/460
f 6477/1/190 6478/1/190 2963/1/190
f 6477/1/190 2963/1/190 2962/1/190
f 2966/1/461 2969/1/461 6479/1/461
f 2966/1/461 6479/1/461 6480/1/461
f 6481/1/462 2973/1/462 2972/1/462
f 6481/1/462 2972/1/462 6482/1/462
f 6483/1/463 6484/1/463 2976/1/463
f 6483/1/463 2976/1/463 2975/1/463
f 6485/1/464 6486/1/464 2980/1/464
f 6485/1/464 2980/1/464 2979/1/464
f 2986/1/465 2989/1/465 6487/1/465
f 2986/1/465 6487/1/465 6488/1/465
f 2990/1/466 6489/1/466 6490/1/466
f 2990/1/466 6490/1/466 2991/1/466
f 2998/1/160 3001/1/160 6491/1/160
f 2998/1/160 6491/1/160 6492/1/160
f 6493/1/467 6494/1/467 3006/1/467
f 6493/1/467 3006/1/467 3005/1/467
f 3008/1/468 3011/1/468 6495/1/468
f 3008/1/468 6495/1/468 6496/1/468
f 6497/1/469 6498/1/469 3014/1/469
f 6497/1/469 3014/1/469 3013/1/469
f 3016/1/470 3019/1/470 6499/1/470
f 3016/1/470 6499/1/470 6500/1/470
f 3020/1/471 3023/1/471 6501/1/471
f 3020/1/471 6501/1/471 6502/1/471
f 6503/1/472 6504/1/472 3028/1/472
f 6503/1/472 3028/1/472 3027/1/472
f 6505/1/473 6506/1/473 3036/1/473
f 6505/1/473 3036/1/473 3035/1/473
f 6507/1/474 6508/1/474 3042/1/474
f 6507/1/474 3042/1/474 3041/1/474
f 6509/1/475 6510/1/475 3046/1/475
f 6509/1/475 3046/1/475 3045/1/475
f 6511/1/476 6512/1/476 3050/1/476
f 6511/1/476 3050/1/476 3049/1/476
f 3054/1/477 3057/1/477 6513/1/477
f 3054/1/477 6513/1/477 6514/1/477
f 3060/1/478 3063/1/478 6515/1/478
f 3060/1/478 6515/1/478 6516/1/478
f 6517/1/479 6518/1/479 3066/1/479
f 6517/1/479 3066/1/479 3065/1/479
f 6519/1/480 6520/1/480 3070/1/480
f 6519/1/480 3070/1/480 3069/1/480
f 6521/1/481 3077/1/481 3076/1/481
f 6521/1/481 3076/1/481 6522/1/481
f 3082/1/482 3085/1/482 6523/1/482
f 3082/1/482 6523/1/482 6524/1/482
f 6525/1/483 6526/1/483 3090/1/483
f 6525/1/483 3090/1/483 3089/1/483
f 3092/1/484 3095/1/484 6527/1/484
f 3092/1/484 6527/1/484 6528/1/484
f 6529/1/485 6530/1/485 3100/1/485
f 6529/1/485 3100/1/485 3099/1/485
f 6531/1/479 6532/1/479 3104/1/479
f 6531/1/479 3104/1/479 3103/1/479
f 6533/1/486 6534/1/486 3108/1/486
f 6533/1/486 3108/1/486 3107/1/486
f 6535/1/487 6536/1/487 6537/1/487
f 6535/1/487 6537/1/487 6538/1/487
s 1
f 3114/1/488 3117/1/488 6539/1/488
s 0
f 3114/1/488 6539/1/488 6540/1/488
f 6541/1/489 3121/1/489 3120/1/489
f 6541/1/489 3120/1/489 6542/1/489
f 3122/1/487 3123/1/487 6535/1/487
f 3122/1/487 6535/1/487 6538/1/487
f 6543/1/490 6544/1/490 3130/1/490
f 6543/1/490 3130/1/490 3129/1/490
f 6545/1/343 6546/1/343 3134/1/343
f 6545/1/343 3134/1/343 3133/1/343
f 3136/1/491 3139/1/491 6547/1/491
f 3136/1/491 6547/1/491 6548/1/491
f 6549/1/492 6550/1/492 3144/1/492
f 6549/1/492 3144/1/492 3143/1/492
f 3146/1/493 3149/1/493 6551/1/493
f 3146/1/493 6551/1/493 6552/1/493
f 6553/1/494 6554/1/494 3154/1/494
f 6553/1/494 3154/1/494 3153/1/494
f 6555/1/54 5520/1/54 617/1/54
f 6555/1/54 617/1/54 3157/1/54
f 3158/6/495 6556/7/495 6557/7/495
f 3158/6/495 6557/7/495 3159/6/495
f 3162/6/496 3165/6/496 6558/7/496
f 3162/6/496 6558/7/496 6559/7/496
f 3166/1/497 3169/1/497 6560/1/497
f 3166/1/497 6560/1/497 6561/1/497
f 6562/7/498 6563/7/498 3172/6/498
f 6562/7/498 3172/6/498 3171/6/498
f 3180/6/496 3183/6/496 6564/7/496
f 3180/6/496 6564/7/496 6565/7/496
f 3184/6/495 6566/7/495 6567/7/495
f 3184/6/495 6567/7/495 3185/6/495
f 3183/6/496 3162/6/496 6559/7/496
f 3183/6/496 6559/7/496 6564/7/496
f 3192/6/499 6568/7/499 6569/7/499
f 3192/6/499 6569/7/499 3193/6/499
f 3196/6/500 3199/6/500 6570/7/500
f 3196/6/500 6570/7/500 6571/7/500
f 6572/7/501 6573/7/501 3202/6/501
f 6572/7/501 3202/6/501 3201/6/501
f 3204/6/495 6574/7/495 6575/7/495
f 3204/6/495 6575/7/495 3205/6/495
f 3208/6/502 6576/7/502 6577/7/502
f 3208/6/502 6577/7/502 3209/6/502
f 3212/6/495 6578/7/495 6574/7/495
f 3212/6/495 6574/7/495 3204/6/495
f 3214/6/496 3217/6/496 6579/7/496
f 3214/6/496 6579/7/496 6580/7/496
f 3218/6/496 3214/6/496 6580/7/496
f 3218/6/496 6580/7/496 6581/7/496
f 3220/6/503 3223/6/503 6582/7/503
f 3220/6/503 6582/7/503 6583/7/503
f 3232/6/504 6584/7/504 6585/7/504
f 3232/6/504 6585/7/504 3233/6/504
f 3236/6/505 6586/7/505 6587/7/505
f 3236/6/505 6587/7/505 3237/6/505
f 3240/6/495 6588/7/495 6589/7/495
f 3240/6/495 6589/7/495 3241/6/495
f 3244/6/506 3247/6/506 6590/7/506
f 3244/6/506 6590/7/506 6591/7/506
f 3248/6/507 3251/6/507 6592/7/507
f 3248/6/507 6592/7/507 6593/7/507
f 3251/6/508 3253/6/508 6594/7/508
f 3251/6/508 6594/7/508 6592/7/508
f 6595/7/509 6596/7/509 3256/6/509
f 6595/7/509 3256/6/509 3255/6/509
f 3264/13/510 6597/7/510 6598/7/510
f 3264/13/510 6598/7/510 3265/6/510
f 3268/6/511 6599/7/511 6600/7/511
f 3268/6/511 6600/7/511 3269/6/511
f 3269/6/512 6600/7/512 6601/7/512
f 3269/6/512 6601/7/512 3272/6/512
f 3282/6/513 3285/6/513 6602/7/513
f 3282/6/513 6602/7/513 6603/7/513
f 3286/6/510 6604/7/510 6597/7/510
f 3286/6/510 6597/7/510 3264/13/510
f 6605/7/4 6606/7/4 6607/7/4
f 6605/7/4 6607/7/4 6608/7/4
s 1
f 6609/1/865 6610/1/866 6611/1/867
f 6609/1/865 6611/1/867 6612/1/868
s 0
f 3296/1/518 3299/1/518 6613/1/518
f 3296/1/518 6613/1/518 6614/1/518
f 3302/6/520 6615/7/520 6616/7/520
f 3302/6/519 6616/7/519 3303/6/519
f 3306/6/521 3309/6/521 6617/7/521
f 3306/6/521 6617/7/521 6618/7/521
f 3310/6/522 3313/6/522 6619/7/522
f 3310/6/522 6619/7/522 6620/7/522
f 3314/1/523 6621/1/523 6622/1/523
f 3314/1/523 6622/1/523 3315/1/523
f 3322/1/524 3325/1/524 6623/1/524
f 3322/1/524 6623/1/524 6624/1/524
f 6625/1/525 6626/1/525 3330/1/525
f 6625/1/525 3330/1/525 3329/1/525
f 3332/1/526 3335/1/526 6627/1/526
f 3332/1/526 6627/1/526 6628/1/526
f 6629/1/527 6630/1/527 3338/1/527
f 6629/1/527 3338/1/527 3337/1/527
f 3340/1/528 3343/1/528 6631/1/528
f 3340/1/528 6631/1/528 6632/1/528
f 6633/1/529 3347/1/529 3346/1/529
f 6633/1/529 3346/1/529 6634/1/529
f 6635/1/530 6636/1/530 3350/1/530
f 6635/1/530 3350/1/530 3349/1/530
f 3356/1/531 3359/1/531 6637/1/531
f 3356/1/531 6637/1/531 6638/1/531
f 6639/1/79 6640/1/79 3362/1/79
f 6639/1/79 3362/1/79 3361/1/79
f 6641/1/79 3367/1/79 3366/1/79
f 6641/1/79 3366/1/79 6642/1/79
f 6643/1/530 6644/1/530 3374/1/530
f 6643/1/530 3374/1/530 3373/1/530
f 6645/1/529 3379/1/529 3378/1/529
f 6645/1/529 3378/1/529 6646/1/529
f 6647/1/532 6648/1/532 3382/1/532
f 6647/1/532 3382/1/532 3381/1/532
f 6649/1/533 6650/1/533 3386/1/533
f 6649/1/533 3386/1/533 3385/1/533
f 6651/1/534 3391/1/534 3390/1/534
f 6651/1/534 3390/1/534 6652/1/534
f 3392/1/535 3395/1/535 6653/1/535
f 3392/1/535 6653/1/535 6654/1/535
f 6655/1/536 6656/1/536 3402/1/536
f 6655/1/536 3402/1/536 3401/1/536
f 3404/1/536 6657/1/536 6658/1/536
f 3404/1/536 6658/1/536 3405/1/536
f 3408/1/535 3411/1/535 6659/1/535
f 3408/1/537 6659/1/537 6660/1/537
f 6661/1/530 6662/1/530 3418/1/530
f 6661/1/530 3418/1/530 3417/1/530
s 1
f 6661/1/530 6663/1/530 6664/1/530
s 0
f 6661/1/530 6664/1/530 6662/1/530
f 3422/1/538 3425/1/538 6665/1/538
f 3422/1/538 6665/1/538 6666/1/538
f 3426/1/539 6667/1/539 6668/1/539
f 3426/1/539 6668/1/539 3427/1/539
f 3430/1/540 3433/1/540 6669/1/540
f 3430/1/540 6669/1/540 6670/1/540
f 3440/1/541 3443/1/541 6671/1/541
f 3440/1/542 6671/1/542 6672/1/542
f 6673/1/543 6674/1/543 3446/1/543
f 6673/1/869 3446/1/869 3445/1/869
f 3448/1/544 3451/1/544 6675/1/544
f 3448/1/544 6675/1/544 6676/1/544
f 6677/1/545 6678/1/545 3454/1/545
f 6677/1/545 3454/1/545 3453/1/545
f 6679/1/546 6680/1/546 3458/1/546
f 6679/1/546 3458/1/546 3457/1/546
f 6681/1/547 6682/1/547 3462/1/547
f 6681/1/547 3462/1/547 3461/1/547
f 3468/1/548 3471/1/548 6683/1/548
f 3468/1/548 6683/1/548 6684/1/548
f 3472/1/549 3475/1/549 6685/1/549
f 3472/1/549 6685/1/549 6686/1/549
f 6687/1/550 6688/1/550 3478/1/550
f 6687/1/550 3478/1/550 3477/1/550
f 3482/1/14 3485/1/14 6689/1/14
f 3482/1/14 6689/1/14 6690/1/14
f 3486/1/551 3489/1/551 6691/1/551
f 3486/1/551 6691/1/551 6692/1/551
f 6693/1/552 6694/1/552 3492/1/552
f 6693/1/552 3492/1/552 3491/1/552
f 6695/1/27 6696/1/27 3498/1/27
f 6695/1/27 3498/1/27 3497/1/27
f 6697/1/553 3507/1/553 3506/1/553
f 6697/1/553 3506/1/553 6698/1/553
f 3508/1/364 3511/1/364 6699/1/364
f 3508/1/364 6699/1/364 6700/1/364
f 6701/1/27 6695/1/27 3497/1/27
f 6701/1/27 3497/1/27 3515/1/27
f 3516/1/14 3482/1/14 6690/1/14
f 3516/1/14 6690/1/14 6702/1/14
f 6703/1/554 6704/1/554 3520/1/554
f 6703/1/554 3520/1/554 3519/1/554
f 3523/1/555 3526/1/555 6705/1/555
f 3523/1/555 6705/1/555 6706/1/555
f 6707/1/556 6708/1/556 3529/1/556
f 6707/1/556 3529/1/556 3528/1/556
f 3531/1/557 3534/1/557 6709/1/557
f 3531/1/557 6709/1/557 6710/1/557
f 3537/1/558 6711/1/558 6712/1/558
f 3537/1/558 6712/1/558 3538/1/558
f 3547/1/559 3550/1/559 6713/1/559
f 3547/1/559 6713/1/559 6714/1/559
f 6715/1/560 6716/1/560 3553/1/560
f 6715/1/560 3553/1/560 3552/1/560
f 3555/1/561 3558/1/561 6717/1/561
f 3555/1/561 6717/1/561 6718/1/561
f 6719/1/160 6720/1/160 3561/1/160
f 6719/1/160 3561/1/160 3560/1/160
s 1
f 3563/1/562 3566/1/562 6721/1/562
s 0
f 3563/1/562 6721/1/562 6722/1/562
f 6723/1/563 6724/1/563 3569/1/563
f 6723/1/563 3569/1/563 3568/1/563
f 3573/1/564 3576/1/564 6725/1/564
f 3573/1/564 6725/1/564 6726/1/564
f 6727/1/278 3580/1/278 3579/1/278
f 6727/1/278 3579/1/278 6728/1/278
f 6729/1/565 6730/1/565 3583/1/565
f 6729/1/565 3583/1/565 3582/1/565
f 3589/1/537 3592/1/537 6731/1/537
f 3589/1/537 6731/1/537 6732/1/537
f 6733/1/566 6734/1/566 3595/1/566
f 6733/1/566 3595/1/566 3594/1/566
f 6735/1/526 6736/1/526 3603/1/526
f 6735/1/526 3603/1/526 3602/1/526
f 3605/1/567 3608/1/567 6737/1/567
f 3605/1/567 6737/1/567 6738/1/567
f 6739/1/568 6740/1/568 3611/1/568
f 6739/1/568 3611/1/568 3610/1/568
f 3613/1/569 3616/1/569 6741/1/569
f 3613/1/569 6741/1/569 6742/1/569
f 3622/1/570 3625/1/570 6743/1/570
f 3622/1/570 6743/1/570 6744/1/570
f 6745/1/526 6735/1/526 3602/1/526
f 6745/1/526 3602/1/526 3627/1/526
f 6746/1/526 6747/1/526 3633/1/526
f 6746/1/526 3633/1/526 3632/1/526
f 3635/1/399 3638/1/399 6748/1/399
f 3635/1/399 6748/1/399 6749/1/399
f 6750/1/526 6746/1/526 3632/1/526
f 6750/1/526 3632/1/526 3643/1/526
f 6723/1/563 6751/1/563 6752/1/563
f 6723/1/563 6752/1/563 6724/1/563
f 3646/1/571 3649/1/571 6753/1/571
f 3646/1/571 6753/1/571 6754/1/571
f 3650/1/572 3653/1/572 6755/1/572
f 3650/1/572 6755/1/572 6756/1/572
f 6757/1/573 6758/1/573 3656/1/573
f 6757/1/573 3656/1/573 3655/1/573
f 3658/1/574 6759/1/574 6760/1/574
f 3658/1/574 6760/1/574 3659/1/574
f 3669/1/534 3672/1/534 6761/1/534
f 3669/1/534 6761/1/534 6762/1/534
f 3674/1/537 3677/1/537 6763/1/537
f 3674/1/537 6763/1/537 6764/1/537
f 3678/1/574 6765/1/574 6759/1/574
f 3678/1/574 6759/1/574 3658/1/574
f 3680/1/537 3683/1/537 6766/1/537
f 3680/1/537 6766/1/537 6767/1/537
f 3684/1/534 3687/1/534 6768/1/534
f 3684/1/534 6768/1/534 6769/1/534
f 6770/1/532 6771/1/532 3696/1/532
f 6770/1/532 3696/1/532 3695/1/532
f 3683/1/537 3699/1/537 6772/1/537
f 3683/1/537 6772/1/537 6766/1/537
f 6773/1/575 6774/1/575 3703/1/575
f 6773/1/575 3703/1/575 3702/1/575
f 6775/1/576 6776/1/576 3707/1/576
f 6775/1/576 3707/1/576 3706/1/576
f 3709/1/577 3712/1/577 6777/1/577
f 3709/1/577 6777/1/577 6778/1/577
f 3713/1/577 3709/1/577 6778/1/577
f 3713/1/577 6778/1/577 6779/1/577
f 6780/1/578 6781/1/578 3717/1/578
f 6780/1/578 3717/1/578 3716/1/578
f 6782/1/579 6783/1/579 3721/1/579
f 6782/1/579 3721/1/579 3720/1/579
f 6784/1/27 6785/1/27 3729/1/27
f 6784/1/27 3729/1/27 3728/1/27
f 6786/1/27 6784/1/27 3728/1/27
f 6786/1/27 3728/1/27 3732/1/27
f 3733/1/14 3736/1/14 6787/1/14
f 3733/1/14 6787/1/14 6788/1/14
f 3737/1/580 3740/1/580 6789/1/580
f 3737/1/580 6789/1/580 6790/1/580
f 3741/1/581 3744/1/581 6791/1/581
f 3741/1/581 6791/1/581 6792/1/581
f 6793/1/582 6794/1/582 3747/1/582
f 6793/1/582 3747/1/582 3746/1/582
f 6795/1/583 6796/1/583 3757/1/583
s 1
f 6795/1/583 3757/1/583 3756/1/583
s 0
f 3759/1/584 3762/1/584 6797/1/584
f 3759/1/584 6797/1/584 6798/1/584
f 6799/1/585 6800/1/585 3765/1/585
f 6799/1/585 3765/1/585 3764/1/585
f 3767/1/414 3770/1/414 6801/1/414
f 3767/1/414 6801/1/414 6802/1/414
f 3771/1/586 6803/1/586 6804/1/586
f 3771/1/586 6804/1/586 3772/1/586
f 3775/1/587 6805/1/587 6806/1/587
f 3775/1/587 6806/1/587 3776/1/587
f 3779/1/505 3782/1/505 6807/1/505
f 3779/1/505 6807/1/505 6808/1/505
f 3783/1/414 3786/1/414 6809/1/414
f 3783/1/414 6809/1/414 6810/1/414
f 6811/1/588 6812/1/588 3797/1/588
f 6811/1/588 3797/1/588 3796/1/588
f 3799/1/589 3802/1/589 6813/1/589
f 3799/1/589 6813/1/589 6814/1/589
f 3804/1/590 3807/1/590 6815/1/590
f 3804/1/590 6815/1/590 6816/1/590
f 6817/1/379 6818/1/379 3810/1/379
f 6817/1/379 3810/1/379 3809/1/379
f 3812/1/538 3815/1/538 6819/1/538
f 3812/1/538 6819/1/538 6820/1/538
f 6821/1/591 6822/1/591 3820/1/591
s 1
f 6821/1/591 3820/1/591 3819/1/591
s 0
f 6823/1/592 6824/1/592 3824/1/592
f 6823/1/592 3824/1/592 3823/1/592
f 3826/1/593 3829/1/593 6825/1/593
f 3826/1/593 6825/1/593 6826/1/593
f 3834/1/594 3837/1/594 6827/1/594
f 3834/1/594 6827/1/594 6828/1/594
f 3838/1/595 3841/1/595 6829/1/595
f 3838/1/595 6829/1/595 6830/1/595
f 6831/1/596 6832/1/596 3844/1/596
f 6831/1/596 3844/1/596 3843/1/596
f 3848/1/594 3834/1/594 6828/1/594
f 3848/1/594 6828/1/594 6833/1/594
f 6834/1/598 6835/1/598 3852/1/598
f 6834/1/597 3852/1/597 3851/1/597
f 6836/1/599 6837/1/599 3856/1/599
f 6836/1/599 3856/1/599 3855/1/599
f 3860/1/600 3863/1/600 6838/1/600
f 3860/1/600 6838/1/600 6839/1/600
f 6840/1/83 3867/1/83 3866/1/83
f 6840/1/83 3866/1/83 6841/1/83
f 6842/1/601 6843/1/601 3876/1/601
f 6842/1/601 3876/1/601 3875/1/601
f 3880/1/602 3883/1/602 6844/1/602
f 3880/1/602 6844/1/602 6845/1/602
f 6846/1/603 6847/1/603 3887/1/603
f 6846/1/603 3887/1/603 3886/1/603
f 3889/1/604 3892/1/604 6848/1/604
f 3889/1/604 6848/1/604 6849/1/604
f 3893/1/605 3896/1/605 6850/1/605
f 3893/1/605 6850/1/605 6851/1/605
f 6852/1/606 3902/1/606 3901/1/606
f 6852/1/606 3901/1/606 6853/1/606
f 6854/1/607 6855/1/607 3905/1/607
f 6854/1/607 3905/1/607 3904/1/607
f 6856/1/537 6857/1/537 3909/1/537
f 6856/1/537 3909/1/537 3908/1/537
f 6858/1/608 6859/1/608 3920/1/608
f 6858/1/608 3920/1/608 3919/1/608
f 3922/1/609 3925/1/609 6860/1/609
f 3922/1/609 6860/1/609 6861/1/609
f 3926/1/572 3929/1/572 6862/1/572
f 3926/1/572 6862/1/572 6863/1/572
f 6864/1/610 6865/1/610 3934/1/610
f 6864/1/610 3934/1/610 3933/1/610
f 3936/1/611 3939/1/611 6866/1/611
f 3936/1/611 6866/1/611 6867/1/611
f 3940/1/612 3943/1/612 6868/1/612
f 3940/1/612 6868/1/612 6869/1/612
f 6870/1/613 6871/1/613 3948/1/613
f 6870/1/613 3948/1/613 3947/1/613
f 6872/1/614 6873/1/614 3954/1/614
f 6872/1/614 3954/1/614 3953/1/614
f 6874/1/492 6875/1/492 3960/1/492
f 6874/1/492 3960/1/492 3959/1/492
f 3962/1/615 3965/1/615 6876/1/615
f 3962/1/615 6876/1/615 6877/1/615
f 3966/1/510 3969/1/510 6878/1/510
f 3966/1/510 6878/1/510 6879/1/510
f 6880/1/606 3975/1/606 3974/1/606
f 6880/1/606 3974/1/606 6881/1/606
f 6882/1/607 6883/1/607 3978/1/607
f 6882/1/607 3978/1/607 3977/1/607
f 6884/1/492 6885/1/492 3986/1/492
f 6884/1/492 3986/1/492 3985/1/492
f 6886/1/616 6887/1/616 3990/1/616
f 6886/1/616 3990/1/616 3989/1/616
f 6883/1/607 6888/1/607 3992/1/607
f 6883/1/607 3992/1/607 3978/1/607
f 3994/1/617 3997/1/617 6889/1/617
f 3994/1/617 6889/1/617 6890/1/617
f 4004/1/618 4007/1/618 6891/1/618
f 4004/1/618 6891/1/618 6892/1/618
f 4008/1/870 4011/1/870 6893/1/870
f 4008/1/619 6893/1/619 6894/1/619
f 4012/1/620 4015/1/620 6895/1/620
f 4012/1/620 6895/1/620 6896/1/620
f 6897/1/621 6898/1/621 4018/1/621
f 6897/1/621 4018/1/621 4017/1/621
f 6899/1/622 6900/1/622 4026/1/622
f 6899/1/622 4026/1/622 4025/1/622
f 4028/1/623 4031/1/623 6901/1/623
f 4028/1/623 6901/1/623 6902/1/623
f 4032/1/92 4035/1/92 6903/1/92
f 4032/1/92 6903/1/92 6904/1/92
f 6905/1/624 6906/1/624 4038/1/624
f 6905/1/624 4038/1/624 4037/1/624
f 4040/1/625 6907/1/625 6908/1/625
f 4040/1/625 6908/1/625 4041/1/625
f 6909/1/626 6910/1/626 4050/1/626
f 6909/1/626 4050/1/626 4049/1/626
f 4052/1/627 4055/1/627 6911/1/627
f 4052/1/627 6911/1/627 6912/1/627
f 4056/1/510 4059/1/510 6913/1/510
f 4056/1/510 6913/1/510 6914/1/510
f 4060/1/628 4063/1/628 6915/1/628
f 4060/1/629 6915/1/629 6916/1/629
f 6917/1/630 6918/1/630 4068/1/630
f 6917/1/630 4068/1/630 4067/1/630
f 4078/1/631 6919/1/631 6920/1/631
f 4078/1/631 6920/1/631 4079/1/631
f 4082/1/632 4085/1/632 6921/1/632
f 4082/1/632 6921/1/632 6922/1/632
f 6923/1/633 6924/1/633 4088/1/633
f 6923/1/633 4088/1/633 4087/1/633
f 4090/1/634 4093/1/634 6925/1/634
f 4090/1/634 6925/1/634 6926/1/634
f 4094/1/635 4097/1/635 6927/1/635
f 4094/1/635 6927/1/635 6928/1/635
f 4098/1/636 6929/1/636 6930/1/636
f 4098/1/636 6930/1/636 4099/1/636
f 4110/1/637 6931/1/637 6929/1/637
f 4110/1/637 6929/1/637 4098/1/637
f 4112/1/638 4115/1/638 6932/1/638
f 4112/1/638 6932/1/638 6933/1/638
f 6934/1/639 6935/1/639 4122/1/639
f 6934/1/639 4122/1/639 4121/1/639
f 4124/1/636 6936/1/636 6931/1/636
f 4124/1/636 6931/1/636 4110/1/636
f 4135/1/640 4138/1/640 6937/1/640
f 4135/1/640 6937/1/640 6938/1/640
f 4139/1/641 6939/1/641 6940/1/641
f 4139/1/641 6940/1/641 4140/1/641
f 4143/1/418 6941/1/418 6939/1/418
f 4143/1/418 6939/1/418 4139/1/418
f 4145/1/92 4148/1/92 6942/1/92
f 4145/1/92 6942/1/92 6943/1/92
f 6944/1/642 6945/1/642 4151/1/642
f 6944/1/642 4151/1/642 4150/1/642
f 4155/1/643 4158/1/643 6946/1/643
f 4155/1/643 6946/1/643 6947/1/643
f 6948/1/644 6949/1/644 6950/1/644
f 6948/1/644 6950/1/644 6951/1/644
f 4167/1/645 4170/1/645 6952/1/645
f 4167/1/645 6952/1/645 6953/1/645
f 6954/1/646 6955/1/646 4173/1/646
f 6954/1/871 4173/1/871 4172/1/871
f 4175/1/27 4178/1/27 6956/1/27
f 4175/1/27 6956/1/27 6957/1/27
f 6958/1/14 6959/1/14 4181/1/14
f 6958/1/14 4181/1/14 4180/1/14
f 4183/1/647 4186/1/647 6960/1/647
f 4183/1/647 6960/1/647 6961/1/647
f 4189/1/648 4192/1/648 6962/1/648
f 4189/1/648 6962/1/648 6963/1/648
f 4195/1/649 4198/1/649 6964/1/649
f 4195/1/649 6964/1/649 6965/1/649
f 4202/1/636 6966/1/636 6967/1/636
f 4202/1/636 6967/1/636 4203/1/636
f 6809/1/414 6968/1/414 6969/1/414
f 6809/1/414 6969/1/414 6810/1/414
f 4215/1/650 4218/1/650 6970/1/650
f 4215/1/872 6970/1/872 6971/1/872
f 4203/1/637 6967/1/637 6936/1/637
f 4203/1/637 6936/1/637 4124/1/637
f 4219/1/14 4222/1/14 6972/1/14
f 4219/1/14 6972/1/14 6973/1/14
f 4223/1/27 6974/1/27 6975/1/27
f 4223/1/27 6975/1/27 4224/1/27
f 6976/1/873 6977/1/873 4229/1/873
f 6976/1/547 4229/1/547 4228/1/547
f 4231/1/651 4234/1/651 6978/1/651
f 4231/1/651 6978/1/651 6979/1/651
f 4239/1/14 4242/1/14 6980/1/14
f 4239/1/14 6980/1/14 6981/1/14
f 6982/1/652 6983/1/652 4251/1/652
f 6982/1/652 4251/1/652 4250/1/652
f 6984/1/653 6985/1/653 4259/1/653
f 6984/1/653 4259/1/653 4258/1/653
f 6986/1/654 6987/1/654 4263/1/654
f 6986/1/654 4263/1/654 4262/1/654
f 6988/1/874 6989/1/874 4267/1/874
f 6988/1/655 4267/1/655 4266/1/655
f 4269/1/656 4272/1/656 6990/1/656
f 4269/1/656 6990/1/656 6991/1/656
s 1
f 4275/1/657 4278/1/657 6992/1/657
s 0
f 4275/1/657 6992/1/657 6993/1/657
f 4279/1/658 6994/1/658 6995/1/658
f 4279/1/658 6995/1/658 4280/1/658
s 1
f 6996/1/875 6997/1/876 6998/1/875
s 0
f 6997/1/876 6999/1/876 6998/1/876
f 7000/1/660 7001/1/660 4289/1/660
f 7000/1/660 4289/1/660 4288/1/660
f 4291/1/659 4294/1/659 7002/1/659
f 4291/1/659 7002/1/659 7003/1/659
f 4299/1/293 4302/1/293 7004/1/293
f 4299/1/293 7004/1/293 7005/1/293
f 7006/1/293 7007/1/293 4309/1/293
f 7006/1/293 4309/1/293 4308/1/293
f 4315/1/662 7008/1/662 7009/1/662
f 4315/1/662 7009/1/662 4316/1/662
f 7010/1/877 7011/1/877 7012/1/877
f 7010/1/877 7012/1/877 7013/1/877
s 1
f 7014/1/878 7015/1/879 7016/1/880
f 7016/1/880 7017/1/881 7018/1/882
f 7016/1/880 7018/1/882 7019/1/883
f 7020/1/884 7014/1/878 7016/1/880
f 7016/1/880 7019/1/883 7021/1/885
f 7016/1/880 7021/1/885 7020/1/884
f 7022/1/886 7023/1/887 7024/1/888
f 7024/1/888 7025/1/889 7026/1/890
f 7027/1/891 7022/1/886 7024/1/888
f 7024/1/888 7026/1/890 7027/1/891
s 0
f 7028/1/17 7029/1/17 7030/1/17
f 7030/1/17 7031/1/17 7032/1/17
f 7030/1/17 7032/1/17 7028/1/17
f 7033/1/892 7034/1/892 7035/1/892
f 7035/1/4 7036/1/4 7037/1/4
f 7035/1/893 7037/1/893 7033/1/893
f 7035/1/4 7038/8/4 7039/1/4
f 7035/1/4 7039/1/4 7036/1/4
f 7040/1/17 7041/1/17 7042/1/17
f 7040/1/17 7042/1/17 7043/1/17
f 7044/1/17 7043/1/17 7042/1/17
f 7045/1/4 7046/1/4 7047/1/4
f 7047/1/4 7048/1/4 7049/1/4
f 7045/1/4 7047/1/4 7049/1/4
f 7050/1/894 7051/1/895 7052/1/895
f 7052/1/17 7053/1/17 7054/1/17
f 7052/1/17 7054/1/17 7050/1/17
f 7055/14/17 7053/1/17 7056/14/17
f 7057/1/4 7058/14/4 7059/1/4
f 7060/7/17 7061/7/17 7062/14/17
f 7060/7/17 7062/14/17 7056/14/17
f 7063/1/4 7064/1/4 7065/1/4
f 7063/1/896 7065/1/896 7066/1/896
f 7067/7/682 7068/7/682 4378/6/682
f 7067/7/682 4378/6/682 4377/6/682
f 7069/1/17 7070/1/17 7071/1/17
f 7071/1/17 7072/1/17 7073/1/17
f 7071/1/17 7073/1/17 7069/1/17
f 7074/1/4 7075/1/4 7076/1/4
f 7074/1/4 7076/1/4 7077/1/4
f 7078/1/896 7079/1/896 7080/1/896
f 7081/1/4 7082/7/4 7083/7/4
f 7081/1/4 7083/7/4 7084/1/4
f 7085/7/4 7084/1/4 7083/7/4
f 7084/1/4 7085/7/4 7086/7/4
f 7084/1/4 7086/7/4 7087/1/4
f 4399/1/684 4402/1/684 7088/1/684
f 4399/1/684 7088/1/684 7089/1/684
f 7090/4/4 7091/1/4 7092/1/4
f 7090/4/4 7092/1/4 7093/4/4
f 7094/4/17 7095/1/17 7096/1/17
f 7094/4/17 7096/1/17 7097/4/17
f 7098/4/4 7093/4/4 7099/1/4
f 7098/4/4 7099/1/4 7100/1/4
f 7098/4/4 7100/1/4 7101/1/4
f 7098/4/4 7101/1/4 7102/4/4
f 7103/4/17 7104/1/17 7105/1/17
f 7103/4/17 7105/1/17 7106/4/17
f 7107/1/4 7102/4/4 7101/1/4
f 7108/4/592 7109/1/592 4423/1/592
f 7108/4/592 4423/1/592 4422/3/592
f 7110/9/686 7111/1/686 4427/1/686
f 7110/9/686 4427/1/686 7112/9/686
f 7113/4/17 7114/4/17 7115/4/17
f 7113/4/17 7115/4/17 7116/1/17
f 7117/4/17 7114/4/17 7113/4/17
f 7118/1/17 7119/1/17 7116/1/17
f 7120/1/17 7121/5/17 7117/4/17
f 7120/1/17 7117/4/17 7122/1/17
f 7043/1/17 7121/5/17 7120/1/17
f 7120/1/17 7123/1/17 7043/1/17
f 7120/1/17 7124/1/17 7123/1/17
f 7073/1/17 7125/1/17 7124/1/17
f 7073/1/17 7124/1/17 7126/1/17
f 7072/1/17 7125/1/17 7073/1/17
f 7120/1/17 7126/1/17 7124/1/17
f 7127/1/4 7128/1/4 7129/1/4
f 7126/1/17 7120/1/17 7130/1/17
f 7131/1/4 7132/1/4 7133/1/4
f 7131/1/4 7133/1/4 7129/1/4
f 7134/1/4 7135/1/4 7136/1/4
f 7134/1/4 7136/1/4 7133/1/4
f 7136/1/4 7137/1/4 7133/1/4
f 7137/1/4 7138/1/4 7133/1/4
f 7138/1/4 7139/1/4 7133/1/4
f 7139/1/4 7140/1/4 7133/1/4
f 7130/1/17 7120/1/17 7141/1/17
f 7142/1/17 7143/1/17 7144/1/17
f 7142/1/17 7144/1/17 7145/1/17
f 7146/1/4 7147/1/4 7148/1/4
f 7146/1/4 7148/1/4 7149/1/4
f 7148/1/4 7150/1/4 7151/1/4
f 7148/1/4 7151/1/4 7149/1/4
f 7144/1/17 7152/1/17 7153/1/17
f 7144/1/17 7153/1/17 7154/1/17
f 7152/1/17 7155/1/17 7156/1/17
f 7152/1/17 7156/1/17 7153/1/17
f 7157/1/17 7156/1/17 7155/1/17
f 7157/1/17 7155/1/17 7158/1/17
f 7159/1/4 7160/1/4 7161/1/4
f 7159/1/4 7161/1/4 7162/1/4
f 7162/1/4 7161/1/4 7163/1/4
f 7164/1/4 7165/1/4 7162/1/4
f 7162/1/897 7163/1/898 7166/1/898
f 7166/1/4 7167/1/4 7164/1/4
f 7162/1/4 7166/1/4 7164/1/4
f 7168/1/17 7122/1/17 7117/4/17
f 7167/1/4 7166/1/4 7169/1/4
f 7167/1/4 7169/1/4 7170/1/4
f 7170/1/4 7171/1/4 7172/4/4
f 7170/1/4 7172/4/4 7167/1/4
f 7173/1/17 7174/1/17 7175/1/17
f 7173/1/17 7175/1/17 7176/1/17
f 7177/1/4 7178/1/4 7179/1/4
f 7178/1/4 7180/1/4 7179/1/4
f 7181/1/17 7182/1/17 7173/1/17
f 7173/1/17 7183/1/17 7181/1/17
f 7184/1/17 7183/1/17 7173/1/17
f 7184/1/17 7173/1/17 7185/1/17
f 7186/1/17 7187/1/17 7184/1/17
f 7186/1/17 7184/1/17 7185/1/17
f 7187/1/17 7188/1/17 7189/1/17
f 7187/1/17 7189/1/17 7190/1/17
f 7190/1/17 7189/1/17 7191/1/17
f 7190/1/17 7191/1/17 7192/1/17
f 7193/1/4 7194/1/4 7195/1/4
f 7193/1/4 7195/1/4 7196/1/4
f 7197/1/17 7198/1/17 7199/1/17
f 7197/1/17 7199/1/17 7200/1/17
f 7198/1/17 7201/1/17 7202/1/17
f 7198/1/17 7202/1/17 7199/1/17
f 7202/1/17 7201/1/17 7157/1/17
f 7202/1/17 7157/1/17 7158/1/17
f 7203/1/17 7204/1/17 7205/1/17
f 7203/1/17 7205/1/17 7206/1/17
f 7207/1/4 7208/1/4 7209/1/4
f 7207/1/4 7209/1/4 7210/1/4
f 7211/1/4 7208/1/4 7207/1/4
f 7211/1/4 7207/1/4 7212/1/4
f 7187/1/17 7186/1/17 7188/1/17
f 7211/1/4 7212/1/4 7213/1/4
f 7211/1/4 7213/1/4 7214/1/4
f 7215/1/4 7216/1/4 7213/1/4
f 7215/1/4 7213/1/4 7212/1/4
f 7216/1/4 7215/1/4 7217/1/4
f 7216/1/4 7217/1/4 7218/1/4
f 7217/1/4 7219/1/4 7218/1/4
f 7220/1/4 7221/1/4 7222/1/4
f 7220/1/4 7222/1/4 7219/1/4
f 7223/1/4 7224/1/4 7221/1/4
f 7223/1/4 7221/1/4 7220/1/4
f 7220/1/4 7225/1/4 7226/1/4
f 7220/1/4 7226/1/4 7223/1/4
f 7227/1/4 7225/1/4 7220/1/4
f 7227/1/4 7220/1/4 7228/1/4
f 7229/1/17 7230/1/17 7231/1/17
f 7229/1/17 7231/1/17 7232/1/17
f 7233/1/17 7230/1/17 7229/1/17
f 7234/1/4 7235/1/4 7236/1/4
f 7229/1/17 7237/1/17 7238/1/17
f 7239/1/4 7240/1/4 7236/1/4
f 7239/1/4 7236/1/4 7241/1/4
f 7239/1/4 7242/1/4 7240/1/4
f 7243/1/4 7242/1/4 7239/1/4
f 7243/1/4 7239/1/4 7244/1/4
f 7245/1/17 7246/1/17 7247/1/17
f 7245/1/17 7247/1/17 7248/1/17
f 7249/1/17 7250/1/17 7247/1/17
f 7247/1/17 7251/1/17 7252/1/17
f 7247/1/17 7252/1/17 7249/1/17
f 7247/1/17 7250/1/17 7248/1/17
f 7253/1/17 7248/1/17 7250/1/17
f 7253/1/17 7250/1/17 7254/1/17
f 7254/1/17 7255/1/17 7256/1/17
f 7254/1/17 7256/1/17 7253/1/17
f 7257/1/17 7253/1/17 7256/1/17
f 7258/1/4 7259/1/4 7260/1/4
f 7258/1/899 7260/1/899 7261/1/899
f 7262/1/4 7263/1/4 7258/1/4
s 1
f 7261/1/900 7262/1/900 7258/1/900
s 0
f 7264/1/4 7259/1/4 7258/1/4
f 7257/1/17 7265/1/17 7266/1/17
f 7257/1/17 7266/1/17 7267/1/17
f 7268/1/17 7269/1/17 7265/1/17
f 7268/1/17 7265/1/17 7257/1/17
f 7269/1/17 7268/1/17 7270/1/17
f 7270/1/17 7268/1/17 7271/1/17
f 7270/1/17 7271/1/17 7272/1/17
f 7273/1/4 7274/1/4 7275/1/4
f 7273/1/4 7275/1/4 7276/1/4
f 7277/1/4 7274/1/4 7273/1/4
f 7277/1/4 7273/1/4 7278/1/4
f 7279/1/4 7277/1/4 7278/1/4
f 7279/1/4 7278/1/4 7280/1/4
f 7279/1/4 7281/1/4 7277/1/4
f 7282/1/17 7283/1/17 7284/1/17
f 7279/1/4 7285/1/4 7286/1/4
f 7279/1/4 7286/1/4 7281/1/4
s 1
f 7287/1/901 7288/1/902 7289/1/903
f 7290/1/904 7291/1/905 7292/1/906
f 7287/1/901 7289/1/903 7290/1/907
s 0
f 7221/1/4 7224/1/4 7287/1/4
f 7292/1/4 7285/1/4 7221/1/4
f 7221/1/4 7287/1/4 7290/1/4
f 7290/1/4 7292/1/4 7221/1/4
f 7285/1/4 7292/1/4 7286/1/4
f 7293/1/17 7294/1/17 7295/1/17
f 7293/1/17 7295/1/17 7254/1/17
f 7254/1/17 7295/1/17 7255/1/17
f 5727/1/4 7280/1/4 7278/1/4
f 5727/1/4 7278/1/4 7296/1/4
f 7296/1/4 5728/1/4 5727/1/4
f 7297/1/17 7298/1/17 7299/1/17
f 7300/1/17 7301/1/17 7298/1/17
f 7300/1/17 7298/1/17 7302/1/17
f 7298/1/17 7297/1/17 7302/1/17
f 5727/1/4 7303/1/4 7304/1/4
f 5727/1/4 7304/1/4 7305/1/4
f 7297/1/17 7306/1/17 7307/1/17
f 7308/1/17 7309/1/17 7310/1/17
s 1
f 7311/1/908 7312/1/909 7313/1/910
f 7313/1/910 7314/1/911 7315/1/912
f 7313/1/910 7315/1/912 7311/1/908
f 7316/1/913 7317/1/914 7318/1/915
f 7316/1/913 7318/1/915 7319/1/916
f 7319/1/916 7320/1/917 7316/1/913
s 0
f 7301/1/17 7300/1/17 7321/1/17
f 7300/1/17 7310/1/17 7321/1/17
s 1
f 7322/1/918 7323/1/919 7324/1/920
f 7322/1/918 7324/1/920 7325/1/921
s 0
f 7326/1/713 4647/1/713 4646/1/713
s 1
f 7326/1/713 4646/1/713 7327/1/713
s 0
f 7328/1/4 7329/1/4 7330/1/4
f 7328/1/4 7330/1/4 7331/1/4
f 7332/1/17 7333/1/17 7334/1/17
f 7335/1/17 7332/1/17 7334/1/17
f 7335/1/17 7334/1/17 7336/1/17
f 5727/1/4 7337/1/4 7338/1/4
f 7305/1/4 7304/1/4 7339/1/4
f 7305/1/4 7339/1/4 7340/1/4
f 7341/1/17 7342/1/17 7343/1/17
f 7341/1/17 7343/1/17 7344/1/17
f 7345/1/4 7340/1/4 7329/1/4
f 7345/1/4 7329/1/4 7346/1/4
f 7347/1/17 7348/1/17 7342/1/17
f 7347/1/17 7342/1/17 7341/1/17
f 7348/1/17 7347/1/17 7349/1/17
f 7348/1/17 7349/1/17 7350/1/17
f 7350/1/17 7349/1/17 7351/1/17
f 7352/1/4 7353/1/4 7354/1/4
f 7352/1/4 7354/1/4 7355/1/4
f 7356/1/4 7357/1/4 7358/1/4
f 7359/1/4 7360/1/4 7361/1/4
f 7359/1/4 7361/1/4 7352/1/4
f 7361/1/4 7362/1/4 7352/1/4
f 7363/1/4 7364/1/4 7365/1/4
f 7366/1/17 7367/1/17 7368/1/17
f 7366/1/17 7368/1/17 7369/1/17
f 7370/1/4 7363/1/4 7362/1/4
f 7370/1/922 7362/1/922 7371/1/922
f 7352/1/4 7362/1/4 7363/1/4
f 7171/1/4 7352/1/4 7363/1/4
f 7363/1/4 7365/1/4 7171/1/4
f 7171/1/4 7365/1/4 7372/1/4
f 7171/1/4 7372/1/4 7172/4/4
f 7373/4/17 7374/4/17 7375/1/17
f 7373/4/17 7375/1/17 7376/1/17
f 7377/1/4 7372/1/4 7378/1/4
f 7379/1/17 7375/1/17 7374/4/17
f 7380/1/4 7381/1/4 7382/1/4
f 7383/1/4 7380/1/4 7384/4/4
f 7385/1/17 7367/1/17 7366/1/17
f 7384/4/4 7380/1/4 7386/4/4
f 7387/1/923 7388/1/923 7389/4/923
f 7390/1/4 7386/4/4 7382/1/4
f 7390/1/4 7382/1/4 7391/1/4
f 7366/1/17 7392/1/17 7385/1/17
f 7386/4/4 7393/1/4 7394/1/4
f 7386/4/4 7394/1/4 7395/4/4
f 7396/1/4 7395/4/4 7394/1/4
f 7397/1/4 7398/1/4 7399/1/4
f 7397/1/4 7399/1/4 7400/1/4
f 7390/1/4 7401/1/4 7393/1/4
f 7390/1/4 7393/1/4 7386/4/4
f 7348/1/17 7350/1/17 7402/1/17
f 7348/1/17 7402/1/17 7403/1/17
f 7402/1/17 7385/1/17 7392/1/17
f 7402/1/17 7392/1/17 7403/1/17
f 7404/4/17 7405/4/17 7406/1/17
f 7405/4/17 7407/1/17 7406/1/17
f 7408/1/17 7406/1/17 7407/1/17
f 7395/4/4 7409/4/4 7410/11/4
f 7409/4/4 7411/4/4 7410/11/4
f 7412/1/17 7408/1/17 7407/1/17
f 7413/11/17 7414/4/17 7412/1/17
f 7413/11/17 7412/1/17 7415/4/17
f 7416/4/4 7417/4/4 7418/1/4
f 7416/4/4 7418/1/4 7419/1/4
f 7412/1/17 7414/4/17 7408/1/17
f 7420/1/17 7421/4/17 7104/1/17
f 7420/1/17 7104/1/17 7422/1/17
f 7419/1/4 7423/1/4 7416/4/4
f 7104/1/17 7103/4/17 7422/1/17
f 7103/4/17 7424/1/17 7422/1/17
f 7424/1/17 7425/9/17 7422/1/17
f 7426/15/17 7422/1/17 7425/9/17
f 7225/1/4 7227/1/4 7427/1/4
f 7225/1/4 7427/1/4 7428/1/4
f 7428/1/4 7427/1/4 7429/1/4
f 7428/1/4 7429/1/4 7430/1/4
f 7431/1/17 7432/1/17 7433/1/17
f 7431/1/17 7433/1/17 7434/1/17
f 7431/1/17 7434/1/17 7435/1/17
f 7436/1/17 7437/1/17 7435/1/17
f 7436/1/17 7435/1/17 7434/1/17
s 1
f 7438/1/924 7439/1/925 7440/1/926
f 7438/1/924 7440/1/926 7441/1/927
s 0
f 7442/1/17 7443/1/17 7444/1/17
f 7442/1/17 7444/1/17 7436/1/17
f 7445/1/17 7446/1/17 7443/1/17
f 7443/1/17 7442/1/17 7445/1/17
f 7445/1/17 7442/1/17 7447/1/17
f 7445/1/17 7447/1/17 7448/1/17
f 7448/1/17 7447/1/17 7449/1/17
f 7448/1/17 7449/1/17 7450/1/17
f 7451/1/4 7452/1/4 7453/1/4
f 7450/1/17 7449/1/17 7454/1/17
f 7455/1/17 7454/1/17 7449/1/17
f 7455/1/17 7456/1/17 7454/1/17
f 7455/1/17 7457/1/17 7456/1/17
f 7458/1/4 7459/1/4 7460/1/4
f 7457/1/17 7461/1/17 7462/1/17
f 7457/1/17 7462/1/17 7463/1/17
f 7463/1/17 7464/1/17 7457/1/17
f 7462/1/17 7461/1/17 7465/1/17
f 7466/1/17 7465/1/17 7467/1/17
f 7465/1/17 7466/1/17 7462/1/17
f 7466/1/17 7468/1/17 7462/1/17
f 7466/1/17 7469/1/17 7468/1/17
f 7470/1/4 7471/1/4 7472/1/4
f 7473/1/17 7474/1/17 7466/1/17
f 7475/1/17 7473/1/17 7466/1/17
f 7475/1/17 7466/1/17 7476/1/17
f 7477/1/4 7478/1/4 7479/1/4
f 7479/1/4 7480/1/4 7481/1/4
f 7479/1/4 7481/1/4 7477/1/4
f 7475/1/17 7476/1/17 7482/1/17
f 7476/1/17 7483/1/17 7482/1/17
f 7484/1/4 7485/1/4 7486/1/4
f 7484/1/4 7486/1/4 7487/1/4
f 7488/1/17 7489/1/17 7490/1/17
f 7488/1/17 7490/1/17 7491/1/17
f 7492/1/4 7493/1/4 7494/1/4
f 7495/1/17 7488/1/17 7496/1/17
f 7495/1/17 7496/1/17 7497/1/17
f 7497/1/17 7498/1/17 7495/1/17
f 7498/1/17 7497/1/17 7499/1/17
f 7498/1/17 7499/1/17 7500/1/17
f 7478/1/4 7477/1/4 7501/1/4
f 7478/1/4 7501/1/4 7502/1/4
f 7503/1/17 7504/1/17 7505/1/17
f 7506/1/17 7504/1/17 7507/1/17
f 7506/1/17 7507/1/17 7508/1/17
f 7509/1/17 7510/1/17 7503/1/17
f 7509/1/17 7503/1/17 7511/1/17
f 7512/1/17 7507/1/17 7504/1/17
f 7504/1/17 7503/1/17 7510/1/17
f 7504/1/17 7510/1/17 7512/1/17
f 7513/1/17 7507/1/17 7512/1/17
f 7513/1/17 7512/1/17 7514/1/17
f 7514/1/17 7515/1/17 7513/1/17
f 7516/1/4 7517/1/4 7518/1/4
f 7516/1/4 7518/1/4 7519/1/4
f 7518/1/4 7520/1/4 7519/1/4
f 7521/1/17 7522/1/17 7523/1/17
f 7521/1/17 7523/1/17 7524/1/17
f 7509/1/17 7511/1/17 7525/1/17
f 7509/1/17 7525/1/17 7524/1/17
f 7521/1/17 7524/1/17 7525/1/17
f 7521/1/17 7525/1/17 7526/1/17
f 7526/1/17 7527/1/17 7521/1/17
f 7528/1/17 7529/1/17 7527/1/17
f 7527/1/17 7526/1/17 7530/1/17
f 7527/1/17 7530/1/17 7528/1/17
f 7531/1/4 7532/1/4 7533/1/4
f 7531/1/4 7533/1/4 7534/1/4
f 7535/1/17 7536/1/17 7537/1/17
f 7534/1/4 7538/1/4 7539/1/4
f 7534/1/4 7539/1/4 7540/1/4
f 7534/1/4 7540/1/4 7541/1/4
f 7542/1/4 7543/1/4 7534/1/4
f 7542/1/4 7534/1/4 7541/1/4
f 7544/1/17 7545/1/17 7546/1/17
f 7547/1/17 7545/1/17 7544/1/17
f 7547/1/17 7544/1/17 7548/1/17
f 7542/1/4 7549/1/4 7550/1/4
f 7551/1/17 7552/1/17 7553/1/17
f 7551/1/17 7553/1/17 7547/1/17
f 7544/1/17 7554/1/17 7548/1/17
f 7554/1/17 7555/1/17 7548/1/17
f 7556/1/4 7557/1/4 7558/1/4
f 7548/1/17 7500/1/17 7499/1/17
f 7499/1/17 7559/1/17 7560/1/17
f 7499/1/17 7560/1/17 7548/1/17
f 7561/1/4 7562/1/4 7563/1/4
f 7561/1/4 7563/1/4 7564/1/4
f 7561/1/4 7564/1/4 7565/1/4
f 7566/1/928 7567/1/929 7568/1/930
f 7566/1/931 7568/1/932 7569/1/933
s 1
f 7570/1/934 7571/1/935 7572/1/936
f 7570/1/934 7572/1/936 7573/1/937
f 7574/1/938 7575/1/938 7576/1/939
s 0
f 7574/1/940 7576/1/941 7577/1/941
s 1
f 7578/1/942 7579/1/943 7580/1/944
f 7578/1/942 7580/1/944 7581/1/945
f 7582/1/946 7583/1/947 7584/1/948
f 7582/1/946 7584/1/948 7585/1/949
f 7586/1/950 7587/1/951 7588/1/950
f 7586/1/950 7588/1/950 7589/1/952
s 0
f 7590/1/953 7591/1/953 7592/1/953
f 7590/1/954 7592/1/954 7593/1/954
s 1
f 7594/1/955 7595/1/956 7596/1/957
f 7594/1/955 7596/1/957 7597/1/958
s 0
f 7527/1/17 7529/1/17 7598/1/17
f 7527/1/17 7598/1/17 7599/1/17
f 7600/1/4 7601/1/4 7602/1/4
s 1
f 7602/1/959 7603/1/960 7604/1/961
s 0
f 7604/1/4 7605/1/4 7600/1/4
f 7602/1/4 7604/1/4 7600/1/4
f 7552/1/17 7551/1/17 7599/1/17
f 7599/1/17 7551/1/17 7606/1/17
f 7607/1/17 7496/1/17 7488/1/17
f 7607/1/17 7488/1/17 7608/1/17
f 7266/1/17 7608/1/17 7267/1/17
f 7609/1/17 7607/1/17 7608/1/17
f 7609/1/17 7608/1/17 7266/1/17
f 7610/1/17 7611/1/17 7609/1/17
f 7610/1/17 7609/1/17 7266/1/17
f 7612/1/4 7613/1/4 7614/1/4
f 7615/1/4 7613/1/4 7612/1/4
f 7615/1/4 7616/1/4 7613/1/4
f 7617/1/4 7616/1/4 7615/1/4
f 7618/1/896 7619/1/896 7616/1/896
f 7618/1/4 7616/1/4 7617/1/4
f 7620/1/4 7618/1/4 7617/1/4
f 7620/1/4 7617/1/4 7621/1/4
f 7622/1/4 7621/1/4 7617/1/4
f 7622/1/4 7617/1/4 7623/1/4
f 7624/1/17 7625/1/17 7626/1/17
f 7626/1/17 7627/1/17 7628/1/17
f 7624/1/17 7626/1/17 7628/1/17
f 7626/1/17 7625/1/17 7629/1/17
f 7626/1/17 7629/1/17 7630/1/17
f 7630/1/17 7629/1/17 7631/1/17
f 7630/1/17 7631/1/17 7632/1/17
f 7632/1/17 7633/1/17 7634/1/17
f 7635/1/4 7636/1/4 7637/1/4
f 7635/1/4 7637/1/4 7638/1/4
f 7639/1/4 7638/1/4 7637/1/4
f 7639/1/4 7637/1/4 7640/1/4
f 7641/1/17 7642/1/17 7643/1/17
f 7644/1/4 7645/1/4 7639/1/4
f 7244/1/4 7645/1/4 7646/1/4
f 7244/1/4 7646/1/4 7243/1/4
f 7645/1/4 7244/1/4 7647/1/4
f 7645/1/4 7647/1/4 7639/1/4
f 7647/1/4 7648/1/4 7649/1/4
f 7647/1/4 7649/1/4 7639/1/4
f 7650/1/4 7651/1/4 7649/1/4
f 7650/1/4 7649/1/4 7652/1/4
f 7653/1/4 7654/1/4 7655/1/4
f 7653/1/4 7655/1/4 7656/1/4
f 7657/1/4 7652/1/4 7649/1/4
f 7649/1/4 7648/1/4 7657/1/4
f 7648/1/4 7653/1/4 7656/1/4
f 7648/1/4 7656/1/4 7657/1/4
f 7648/1/4 7658/1/4 7653/1/4
f 7648/1/4 7659/1/4 7658/1/4
f 7660/1/4 7659/1/4 7648/1/4
f 7661/1/17 7662/1/17 7663/1/17
f 7131/1/4 7664/1/4 7665/1/4
f 7131/1/4 7665/1/4 7132/1/4
f 7663/1/17 7662/1/17 7666/1/17
f 7667/1/17 7668/1/17 7669/1/17
f 7667/1/17 7669/1/17 7670/1/17
f 7666/1/17 7662/1/17 7671/1/17
f 7666/1/17 7671/1/17 7672/1/17
f 7673/1/4 7674/1/4 7675/1/4
f 7670/1/17 7676/1/17 7667/1/17
f 7677/1/4 7678/1/4 7679/1/4
f 7677/1/4 7679/1/4 7680/1/4
f 7681/1/4 7680/1/4 7679/1/4
f 7681/1/4 7679/1/4 7682/1/4
f 7683/1/4 7684/1/4 7685/1/4
f 7683/1/4 7685/1/4 7686/1/4
f 7687/1/17 7688/1/17 7689/1/17
f 7688/1/17 7690/1/17 7689/1/17
f 7687/1/17 7672/1/17 7691/1/17
f 7688/1/17 7687/1/17 7691/1/17
f 7688/1/17 7691/1/17 7692/1/17
f 7693/1/4 7686/1/4 7694/1/4
f 7695/1/4 7696/1/4 7697/1/4
f 7695/1/4 7697/1/4 7654/1/4
f 7698/1/17 7699/1/17 7700/1/17
f 7701/1/4 7693/1/4 7696/1/4
f 7693/1/4 7694/1/4 7696/1/4
f 7702/1/4 7696/1/4 7694/1/4
f 7702/1/4 7703/1/4 7704/1/4
f 7702/1/4 7704/1/4 7705/1/4
f 7706/1/4 7705/1/4 7704/1/4
f 7694/1/4 7703/1/4 7702/1/4
f 7694/1/4 7707/1/4 7703/1/4
f 7654/1/4 7697/1/4 7655/1/4
f 7708/1/17 7709/1/17 7710/1/17
f 7711/1/17 7708/1/17 7710/1/17
f 7711/1/17 7710/1/17 7712/1/17
f 7650/1/4 7713/1/4 7706/1/4
f 7651/1/4 7650/1/4 7706/1/4
f 7651/1/4 7706/1/4 7714/1/4
f 7714/1/4 7706/1/4 7715/1/4
f 7714/1/4 7715/1/4 7716/1/4
f 7716/1/4 7715/1/4 7717/1/4
f 7718/1/750 5036/1/750 5035/1/750
f 7718/1/750 5035/1/750 7719/1/750
f 7715/1/4 7720/1/4 7721/1/4
f 7715/1/4 7721/1/4 7722/1/4
f 7721/1/4 7720/1/4 7723/1/4
f 7721/1/4 7723/1/4 7724/1/4
f 7725/1/4 7724/1/4 7723/1/4
f 7726/1/17 7727/1/17 7728/1/17
f 7726/1/17 7728/1/17 7729/1/17
s 1
f 7728/1/962 7730/1/962 7731/1/962
s 0
f 7728/1/17 7731/1/17 7729/1/17
f 7729/1/17 7731/1/17 7732/1/17
f 7729/1/17 7732/1/17 7733/1/17
f 7732/1/17 7734/1/17 7733/1/17
f 7735/1/4 7736/1/4 7737/1/4
f 7736/1/4 7738/1/4 7737/1/4
f 7733/1/17 7739/1/17 7740/1/17
f 7733/1/17 7740/1/17 7741/1/17
f 7742/1/4 7737/1/4 7743/1/4
f 7742/1/4 7743/1/4 7744/1/4
f 7745/1/4 7744/1/4 7743/1/4
f 7746/1/4 7745/1/4 7743/1/4
f 7747/1/4 7748/1/4 7749/1/4
f 7747/1/4 7749/1/4 7750/1/4
f 7750/1/4 7749/1/4 7751/1/4
f 7751/1/4 7749/1/4 7685/1/4
f 7685/1/4 7684/1/4 7751/1/4
f 7752/1/4 7753/1/4 7751/1/4
f 7752/1/4 7751/1/4 7684/1/4
f 7752/1/4 7754/1/4 7753/1/4
f 7755/1/17 7756/1/17 7757/1/17
f 7755/1/17 7757/1/17 7758/1/17
f 7759/1/17 7756/1/17 7755/1/17
f 7759/1/17 7755/1/17 7760/1/17
f 7760/1/17 7761/1/17 7759/1/17
f 7762/1/17 7763/1/17 7764/1/17
f 7762/1/17 7764/1/17 7765/1/17
f 7765/1/17 7764/1/17 7766/1/17
f 7765/1/17 7766/1/17 7767/1/17
f 7768/1/4 7769/1/4 7770/1/4
f 7768/1/4 7770/1/4 7771/1/4
f 7771/1/4 7772/7/4 7773/7/4
f 7771/1/4 7773/7/4 7768/1/4
f 7774/7/4 7775/7/4 7776/7/4
f 7774/7/4 7776/7/4 7773/7/4
f 7773/7/4 7776/7/4 7768/1/4
f 7774/7/4 7777/7/4 7778/7/4
f 7774/7/4 7778/7/4 7775/7/4
f 7779/7/4 7780/7/4 7778/7/4
f 7779/7/4 7778/7/4 7777/7/4
f 7781/7/4 7782/7/4 7783/7/4
f 7781/7/4 7783/7/4 7784/7/4
f 7781/7/4 7785/7/4 7786/7/4
f 7781/7/4 7786/7/4 7782/7/4
f 7787/7/4 7788/7/4 7786/7/4
f 7787/7/4 7786/7/4 7785/7/4
f 6607/7/4 7789/7/4 6608/7/4
s 1
f 7790/7/963 7791/7/964 7792/1/965
f 7790/7/963 7792/1/965 7793/1/966
f 7794/1/967 7795/1/968 7796/1/969
f 7795/1/968 7797/1/970 7796/1/969
s 0
f 7798/7/4 7799/7/4 7800/7/4
f 7798/7/4 7800/7/4 7801/7/4
f 7798/7/4 7801/7/4 6606/7/4
f 7798/7/4 6606/7/4 6605/7/4
f 7802/7/4 7800/7/4 7799/7/4
f 7802/7/4 7799/7/4 7784/7/4
f 7803/7/4 7804/7/4 7802/7/4
f 7803/7/4 7802/7/4 7784/7/4
f 7784/7/4 7783/7/4 7803/7/4
f 7803/7/4 7783/7/4 7780/7/4
f 7748/1/4 7747/1/4 7805/1/4
f 7748/1/4 7805/1/4 7743/1/4
f 7805/1/4 7806/1/4 7746/1/4
f 7805/1/4 7746/1/4 7743/1/4
f 7807/1/4 7808/1/4 7806/1/4
f 7807/1/4 7806/1/4 7805/1/4
f 7809/1/923 7810/1/923 7811/1/923
f 7809/1/4 7811/1/4 7812/1/4
f 7813/1/4 7814/1/4 7812/1/4
f 7814/1/896 7809/1/896 7812/1/896
f 7812/1/4 7815/1/4 7816/1/4
f 7812/1/4 7816/1/4 7813/1/4
f 7817/1/4 7816/1/4 7818/1/4
f 7817/1/4 7818/1/4 7819/1/4
f 7813/1/4 7820/1/4 7821/1/4
f 7813/1/4 7821/1/4 7822/1/4
f 7819/1/4 7823/1/4 7824/1/4
f 7819/1/4 7824/1/4 7821/1/4
f 7818/1/893 7825/1/893 7826/1/893
f 7818/1/4 7826/1/4 7819/1/4
f 7819/1/4 7826/1/4 7823/1/4
f 7827/1/4 7828/1/4 7825/1/4
f 7827/1/4 7825/1/4 7818/1/4
f 7826/1/4 7829/1/4 7830/1/4
f 7826/1/4 7830/1/4 7831/1/4
f 7826/1/4 7831/1/4 7823/1/4
f 7823/1/4 7831/1/4 7832/1/4
f 7823/1/4 7832/1/4 7833/1/4
f 7834/1/17 7835/1/17 7836/1/17
f 7834/1/17 7836/1/17 7837/1/17
f 7838/1/17 7839/1/17 7761/1/17
f 7761/1/17 7836/1/17 7835/1/17
f 7761/1/17 7835/1/17 7838/1/17
f 7840/1/17 7761/1/17 7839/1/17
f 7761/1/17 7840/1/17 7759/1/17
f 7841/1/17 7759/1/17 7840/1/17
f 7842/1/17 7759/1/17 7841/1/17
f 7843/1/17 7844/1/17 7845/1/17
f 7843/1/17 7845/1/17 7846/1/17
f 7682/1/4 7847/1/4 7681/1/4
f 7841/1/17 7846/1/17 7842/1/17
f 7848/1/17 7846/1/17 7841/1/17
f 7849/1/17 7848/1/17 7841/1/17
f 7849/1/17 7841/1/17 7850/1/17
f 7848/1/17 7849/1/17 7851/1/17
f 7852/1/17 7853/1/17 7854/1/17
f 7852/1/17 7854/1/17 7855/1/17
f 7849/1/17 7853/1/17 7852/1/17
f 7856/1/17 7857/1/17 7858/1/17
f 7852/1/17 7859/1/17 7851/1/17
f 7860/1/4 7861/1/4 7862/1/4
f 7860/1/4 7862/1/4 7863/1/4
f 7864/1/4 7861/1/4 7860/1/4
f 7865/1/4 7866/1/4 7860/1/4
f 7866/1/4 7864/1/4 7860/1/4
f 7867/1/4 7863/1/4 7862/1/4
f 7868/1/17 7869/1/17 7870/1/17
f 7868/1/17 7870/1/17 7871/1/17
f 7871/1/17 7869/1/17 7859/1/17
f 7869/1/17 7868/1/17 7859/1/17
f 7859/1/17 7868/1/17 7851/1/17
f 7868/1/17 7872/1/17 7851/1/17
f 7873/1/4 7874/1/4 7875/1/4
f 7873/1/4 7875/1/4 7876/1/4
s 1
f 7877/1/971 7878/1/972 7879/1/973
s 0
f 7879/1/4 7865/1/4 7860/1/4
f 7860/1/4 7880/1/4 7881/1/4
f 7877/1/4 7879/1/4 7860/1/4
f 7877/1/4 7860/1/4 7881/1/4
f 7882/1/4 7883/1/4 7880/1/4
f 7882/1/4 7880/1/4 7873/1/4
f 7860/1/4 7873/1/4 7880/1/4
f 7873/1/4 7860/1/4 7874/1/4
f 7884/1/4 7885/1/4 7883/1/4
f 7884/1/4 7883/1/4 7882/1/4
f 7884/1/4 7882/1/4 7886/1/4
f 7887/1/4 7886/1/4 7888/1/4
f 7882/1/4 7888/1/4 7886/1/4
f 7889/1/17 7890/1/17 7891/1/17
f 7892/1/4 7893/1/4 7888/1/4
f 7894/1/17 7895/1/17 7896/1/17
f 7894/1/17 7896/1/17 7897/1/17
f 7893/1/4 7892/1/4 7898/1/4
f 7844/1/17 7843/1/17 7899/1/17
f 7900/1/17 7763/1/17 7762/1/17
f 7844/1/17 7899/1/17 7900/1/17
f 7900/1/17 7762/1/17 7901/1/17
f 7844/1/17 7900/1/17 7901/1/17
f 7902/1/17 7903/1/17 7904/1/17
f 7904/1/17 7905/1/17 7906/1/17
f 7904/1/17 7906/1/17 7902/1/17
f 7907/1/4 7908/1/4 7909/1/4
f 7907/1/4 7909/1/4 7910/1/4
f 7911/1/4 7912/1/4 7910/1/4
f 7911/1/4 7910/1/4 7909/1/4
f 7913/1/4 7912/1/4 7911/1/4
f 7914/1/4 7912/1/4 7913/1/4
f 7914/1/4 7913/1/4 7915/1/4
f 7915/1/4 7916/1/4 7914/1/4
f 7738/1/4 7914/1/4 7916/1/4
f 7738/1/4 7916/1/4 7917/1/4
f 7736/1/4 7914/1/4 7738/1/4
f 7917/1/4 7916/1/4 7918/1/4
f 7919/1/17 7920/1/17 7921/1/17
f 7922/1/4 7923/1/4 7924/1/4
f 7922/1/4 7924/1/4 7925/1/4
f 7926/1/4 7923/1/4 7927/1/4
f 7923/1/4 7922/1/4 7927/1/4
f 7926/1/4 7928/1/4 7929/1/4
f 7926/1/4 7929/1/4 7930/1/4
f 7927/1/4 7931/1/4 7928/1/4
f 7927/1/4 7928/1/4 7926/1/4
f 7932/1/4 7930/1/4 7929/1/4
f 7933/1/4 7932/1/4 7929/1/4
f 7934/1/17 7935/1/17 7936/1/17
f 7937/1/4 7938/1/4 7933/1/4
f 7937/1/4 7939/1/4 7938/1/4
f 7940/1/17 7941/1/17 7942/1/17
f 7940/1/17 7942/1/17 7936/1/17
f 7943/1/17 7936/1/17 7944/1/17
f 7936/1/17 7942/1/17 7944/1/17
f 7942/1/17 7945/1/17 7944/1/17
f 7946/1/17 7945/1/17 7942/1/17
f 7946/1/17 7906/1/17 7905/1/17
f 7946/1/17 7905/1/17 7947/1/17
f 7942/1/17 7906/1/17 7946/1/17
f 7948/1/17 7949/1/17 7906/1/17
f 7948/1/17 7906/1/17 7950/1/17
f 7948/1/17 7951/1/17 7952/1/17
f 7948/1/17 7952/1/17 7949/1/17
f 7953/1/17 7954/1/17 7952/1/17
f 7953/1/17 7952/1/17 7951/1/17
f 7954/1/17 7953/1/17 7955/1/17
f 7954/1/17 7955/1/17 7956/1/17
f 7957/1/17 7958/1/17 7956/1/17
f 7957/1/17 7956/1/17 7959/1/17
f 7955/1/17 7959/1/17 7956/1/17
f 7960/1/17 7961/1/17 7958/1/17
f 7958/1/17 7957/1/17 7962/1/17
f 7958/1/17 7962/1/17 7960/1/17
f 7957/1/17 7963/1/17 7962/1/17
f 7963/1/17 7964/1/17 7962/1/17
f 7963/1/17 7965/1/17 7966/1/17
f 7963/1/17 7966/1/17 7964/1/17
f 7964/1/17 7966/1/17 7967/1/17
f 7964/1/17 7967/1/17 7968/1/17
f 7968/1/17 7967/1/17 7855/1/17
f 7968/1/17 7855/1/17 7854/1/17
f 7969/1/4 7970/1/4 7971/1/4
f 7969/1/4 7971/1/4 7972/1/4
f 7972/1/4 7973/1/4 7974/1/4
f 7972/1/4 7974/1/4 7969/1/4
f 7969/1/4 7974/1/4 7975/1/4
f 7969/1/4 7975/1/4 7976/1/4
f 7975/1/4 7977/1/4 7976/1/4
f 7978/1/17 7979/1/17 7980/1/17
f 7978/1/17 7980/1/17 7981/1/17
f 7977/1/4 7982/1/4 7976/1/4
f 7982/1/4 7977/1/4 7983/1/4
f 7982/1/4 7983/1/4 7984/1/4
f 7985/1/4 7984/1/4 7983/1/4
f 7985/1/4 7983/1/4 7986/1/4
f 7987/1/17 7988/1/17 7989/1/17
f 7987/1/17 7989/1/17 7990/1/17
f 7991/1/4 7992/1/4 7993/1/4
f 7991/1/4 7993/1/4 7994/1/4
f 7995/1/17 7996/1/17 6996/1/17
f 7994/1/4 7997/1/4 7998/1/4
f 7994/1/4 7998/1/4 7999/1/4
f 7976/1/4 7998/1/4 8000/1/4
f 7976/1/4 8000/1/4 8001/1/4
f 8001/1/4 8000/1/4 8002/1/4
f 8001/1/4 8002/1/4 8003/1/4
f 7941/1/17 7940/1/17 8004/1/17
f 8005/1/17 8006/1/17 8007/1/17
f 8005/1/17 8007/1/17 8008/1/17
f 8009/1/4 8010/1/4 8011/1/4
f 8009/1/4 8011/1/4 8012/1/4
f 8013/1/17 8014/1/17 8015/1/17
f 8013/1/17 8015/1/17 8016/1/17
f 8014/1/17 8013/1/17 8008/1/17
f 8017/1/4 7925/1/4 8018/1/4
f 7925/1/4 7924/1/4 8018/1/4
f 8019/1/4 7907/1/4 7811/1/4
f 8019/1/4 7811/1/4 7810/1/4
f 8020/1/17 8021/1/17 8022/1/17
f 8022/1/17 8023/1/17 8024/1/17
f 8020/1/17 8022/1/17 8024/1/17
f 8025/1/17 8026/1/17 7903/1/17
f 8025/1/17 7903/1/17 7902/1/17
f 8019/1/4 8027/1/4 8028/1/4
f 7902/1/17 8023/1/17 8025/1/17
f 8029/1/17 7902/1/17 8030/1/17
f 8029/1/17 8030/1/17 8031/1/17
f 7902/1/17 8029/1/17 8023/1/17
f 8032/1/17 8033/1/17 8023/1/17
f 8032/1/17 8023/1/17 8029/1/17
f 8034/1/4 8035/1/4 7809/1/4
f 8034/1/4 7809/1/4 8036/1/4
f 8037/1/17 8033/1/17 8032/1/17
f 8037/1/17 8032/1/17 8038/1/17
f 8039/1/4 8040/1/4 8041/1/4
f 8031/1/17 8042/1/17 8043/1/17
f 8038/1/17 8031/1/17 8043/1/17
f 8044/1/4 8034/1/4 8045/1/4
f 8044/1/4 8045/1/4 8046/1/4
f 8038/1/17 8043/1/17 8047/1/17
f 8048/1/17 8049/1/17 8047/1/17
f 8048/1/17 8047/1/17 8050/1/17
f 8051/1/17 8052/1/17 8053/1/17
f 8051/1/17 8053/1/17 8043/1/17
f 8053/1/17 8050/1/17 8043/1/17
f 8050/1/17 8047/1/17 8043/1/17
f 8054/1/17 8055/1/17 8056/1/17
f 8054/1/17 8056/1/17 8057/1/17
f 7833/1/4 7832/1/4 8058/1/4
f 8051/1/17 8059/1/17 8056/1/17
f 8056/1/17 8055/1/17 8052/1/17
f 8056/1/17 8052/1/17 8051/1/17
f 8049/1/17 8048/1/17 8054/1/17
f 8049/1/17 8054/1/17 8060/1/17
f 7822/1/4 7821/1/4 7824/1/4
f 7822/1/4 7824/1/4 8061/1/4
s 1
f 8062/1/974 8063/1/975 8064/1/976
f 8064/1/976 8065/1/977 8066/1/977
f 8064/1/976 8066/1/977 8062/1/974
s 0
f 8067/1/774 5388/1/774 5387/1/774
f 8067/1/774 5387/1/774 8068/1/774
f 5389/1/775 8069/1/775 8070/1/775
f 5389/1/775 8070/1/775 5390/1/775
f 8071/1/776 8072/1/776 5395/1/776
f 8071/1/776 5395/1/776 5394/1/776
f 5397/1/777 5400/1/777 8073/1/777
f 5397/1/777 8073/1/777 8074/1/777
f 8075/1/778 8076/1/778 5403/1/778
f 8075/1/778 5403/1/778 5402/1/778
f 7463/1/17 8077/1/17 7464/1/17
s 1
f 8078/1/978 8079/1/979 8080/1/980
f 8078/1/978 8080/1/980 8081/1/981
f 8082/1/982 8083/1/982 8084/1/983
f 8084/1/983 8085/1/984 8086/1/985
f 8084/1/983 8086/1/985 8082/1/982
s 0
f 5415/1/787 8087/1/787 8088/1/787
f 5415/1/787 8088/1/787 5416/1/787
f 8089/1/788 8090/1/788 5421/1/788
f 8089/1/789 5421/1/789 5420/1/789
f 8091/1/791 5426/1/791 5425/1/791
f 8091/1/791 5425/1/791 8092/1/791
f 5427/1/792 8093/1/792 8094/1/792
f 5427/1/792 8094/1/792 5428/1/792
f 8095/1/793 5434/1/793 5433/1/793
f 8095/1/793 5433/1/793 8096/1/793
f 5435/1/794 5438/1/794 8097/1/794
s 1
f 5435/1/794 8097/1/794 8098/1/794
s 0
f 5439/1/795 8099/7/795 8100/7/795
s 1
f 8101/7/986 8102/6/987 8103/1/988
f 8101/7/986 8103/1/988 8104/1/989
s 0
f 5446/6/800 5449/6/800 8105/7/800
f 5446/6/800 8105/7/800 8106/7/800
f 8107/7/801 8108/7/801 5452/6/801
f 8107/7/801 5452/6/801 5451/6/801
f 5454/6/802 5457/6/802 8109/7/802
f 5454/6/802 8109/7/802 8110/7/802
f 5458/6/803 5461/6/803 8111/7/803
f 5458/6/803 8111/7/803 8112/7/803
f 8113/1/804 8114/1/804 8115/1/804
f 8113/1/804 8115/1/804 8116/1/804
f 6807/1/505 8117/1/505 8118/1/505
f 6807/1/505 8118/1/505 6808/1/505
f 6737/1/567 8119/1/567 8120/1/567
f 6737/1/567 8120/1/567 6738/1/567
f 8121/1/805 5472/1/805 8122/1/805
f 6097/1/83 8123/1/83 8124/1/83
f 6097/1/83 8124/1/83 6098/1/83
f 6103/1/321 8125/1/321 8126/1/321
f 6103/1/321 8126/1/321 6104/1/321
f 6107/1/323 8127/1/323 8128/1/323
f 6107/1/323 8128/1/323 6108/1/323
f 6105/1/322 8129/1/322 8130/1/322
f 6105/1/322 8130/1/322 6106/1/322
f 6095/1/319 6111/1/319 8131/1/319
f 6095/1/319 8131/1/319 6096/1/319
f 5522/7/55 8132/7/55 8133/7/55
f 5522/7/55 8133/7/55 5523/7/55
f 8134/1/806 8135/1/806 5492/1/806
f 5494/1/807 5496/1/807 8136/1/807
f 5497/1/808 8137/1/808 8138/1/808
f 5497/1/808 5500/1/808 8137/1/808
f 8139/1/809 8140/1/809 5503/1/809
f 8139/1/809 5503/1/809 5502/1/809
f 5670/1/128 8141/1/128 8142/1/128
f 5670/1/128 8142/1/128 5671/1/128
f 5507/1/810 5510/1/810 8143/1/810
f 5507/1/810 8143/1/810 8144/1/810
usemtl Outer_layer
f 8145/1/990 8146/1/990 8147/1/990
f 8145/1/990 8147/1/990 8148/1/990
f 8149/1/991 8150/1/991 8151/1/991
f 8149/1/991 8151/1/991 8152/1/991
s 1
f 8153/1/992 8154/1/993 8155/1/994
f 8155/1/994 8156/1/995 8157/1/996
f 8155/1/994 8157/1/996 8153/1/992
s 0
f 8158/1/997 8159/1/997 8160/1/997
f 8158/1/997 8160/1/997 8161/1/997
f 8162/1/17 8163/1/17 8164/1/17
f 8162/1/17 8164/1/17 8165/1/17
f 8166/1/17 8162/1/17 8165/1/17
f 8166/1/17 8165/1/17 8167/1/17
f 8165/1/17 8164/1/17 8168/1/17
f 8165/1/17 8168/1/17 8169/1/17
f 8169/1/17 8168/1/17 8170/1/17
f 8169/1/17 8170/1/17 8171/1/17
f 8163/1/17 8162/1/17 8172/1/17
f 8159/1/997 8158/1/997 8173/1/997
f 8159/1/997 8173/1/997 8174/1/997
f 8175/1/998 8176/1/998 8177/1/998
f 8175/1/998 8177/1/998 8178/1/998
f 8179/1/999 8180/1/999 8181/1/999
f 8179/1/1000 8181/1/1000 8182/1/1000
f 8183/1/1001 8184/1/1001 8185/1/1001
f 8183/1/1001 8185/1/1001 8186/1/1001
f 8187/1/4 8188/1/4 8189/1/4
f 8187/1/4 8189/1/4 8190/1/4
f 8191/1/491 8192/1/491 8193/1/491
f 8191/1/491 8193/1/491 8194/1/491
f 8195/1/1002 8196/1/1002 8197/1/1002
f 8195/1/1002 8197/1/1002 8198/1/1002
f 8199/1/4 8200/1/4 8201/1/4
f 8200/1/4 8202/1/4 8201/1/4
f 8203/6/4 8204/6/4 8205/6/4
f 8203/6/4 8205/6/4 8206/6/4
f 8203/6/4 8207/13/4 8208/6/4
f 8203/6/4 8208/6/4 8204/6/4
f 8209/1/17 8210/1/17 8211/1/17
f 8209/1/17 8211/1/17 8212/1/17
f 8213/1/531 8214/1/531 8215/1/531
f 8213/1/531 8215/1/531 8216/1/531
f 8217/1/17 8218/1/17 8219/1/17
f 8217/1/17 8219/1/17 8220/1/17
f 8221/1/4 8222/1/4 8223/1/4
f 8221/1/4 8223/1/4 8224/1/4
f 8223/1/4 8222/1/4 8225/1/4
f 8223/1/4 8225/1/4 8226/1/4
f 8227/1/526 8228/1/526 8229/1/526
f 8227/1/526 8229/1/526 8230/1/526
f 8231/1/571 8232/1/571 8233/1/571
f 8231/1/571 8233/1/571 8234/1/571
f 8235/1/565 8236/1/565 8237/1/565
f 8235/1/565 8237/1/565 8238/1/565
f 8239/1/570 8240/1/570 8241/1/570
f 8239/1/570 8241/1/570 8242/1/570
f 8243/1/572 8244/1/572 8245/1/572
f 8243/1/572 8245/1/572 8246/1/572
f 8247/1/573 8248/1/573 8249/1/573
f 8247/1/573 8249/1/573 8250/1/573
f 8251/1/4 8252/1/4 8253/1/4
f 8251/1/4 8253/1/4 8254/1/4
f 8255/1/4 8256/1/4 8252/1/4
f 8255/1/4 8252/1/4 8251/1/4
f 8254/1/4 8253/1/4 8257/1/4
f 8254/1/4 8257/1/4 8258/1/4
f 8259/1/4 8254/1/4 8258/1/4
f 8259/1/4 8258/1/4 8260/1/4
f 8261/1/4 8255/1/4 8251/1/4
f 8261/1/4 8251/1/4 8262/1/4
f 8262/1/4 8251/1/4 8254/1/4
f 8262/1/4 8254/1/4 8259/1/4
f 8263/1/492 8264/1/492 8265/1/492
f 8263/1/492 8265/1/492 8266/1/492
f 8267/1/4 8268/1/4 8269/1/4
f 8267/1/4 8269/1/4 8270/1/4
f 8271/1/17 8272/1/17 8273/1/17
f 8273/1/17 8274/1/17 8275/1/17
s 1
f 8275/1/1003 8276/1/1004 8277/1/1004
s 0
f 8277/1/17 8271/1/17 8273/1/17
f 8273/1/17 8275/1/17 8277/1/17
f 8278/1/17 8279/1/17 8280/1/17
f 8280/1/17 8279/1/17 8281/1/17
f 8280/1/17 8281/1/17 8282/1/17
f 8283/1/1005 8284/1/1005 8285/1/1005
f 8283/1/1005 8285/1/1005 8286/1/1005
f 8281/1/17 8279/1/17 8287/1/17
f 8288/1/17 8289/1/17 8290/1/17
f 8288/1/17 8290/1/17 8291/1/17
f 8292/1/17 8293/1/17 8294/1/17
f 8292/1/17 8294/1/17 8295/1/17
f 8296/1/79 8297/1/79 8298/1/79
f 8296/1/79 8298/1/79 8299/1/79
f 8300/1/535 8301/1/535 8302/1/535
f 8300/1/535 8302/1/535 8303/1/535
f 8304/1/530 8305/1/530 8306/1/530
f 8304/1/530 8306/1/530 8307/1/530
f 8308/1/536 8309/1/536 8310/1/536
f 8308/1/536 8310/1/536 8311/1/536
f 8312/1/529 8313/1/529 8314/1/529
f 8312/1/529 8314/1/529 8315/1/529
f 8316/1/538 8317/1/538 8318/1/538
s 1
f 8316/1/538 8318/1/538 8319/1/538
s 0
f 8320/1/4 8321/1/4 8322/1/4
f 8320/1/4 8322/1/4 8323/1/4
f 8324/1/4 8325/1/4 8321/1/4
f 8324/1/4 8321/1/4 8320/1/4
f 8326/1/606 8327/1/606 8328/1/606
f 8326/1/606 8328/1/606 8329/1/606
f 8330/1/537 8331/1/537 8332/1/537
f 8330/1/537 8332/1/537 8333/1/537
f 8334/1/3 8335/1/3 8336/1/3
f 8334/1/574 8336/1/574 8337/1/574
f 8338/1/607 8339/1/607 8340/1/607
f 8338/1/607 8340/1/607 8341/1/607
f 8342/1/3 8343/1/3 8344/1/3
f 8342/1/3 8344/1/3 8345/1/3
f 8346/1/17 8347/1/17 8348/1/17
f 8346/1/17 8348/1/17 8349/1/17
f 8350/1/17 8351/1/17 8352/1/17
f 8350/1/17 8352/1/17 8353/1/17
f 8346/1/17 8349/1/17 8354/1/17
f 8349/1/17 8355/1/17 8354/1/17
f 8356/1/17 8346/1/17 8354/1/17
f 8356/1/17 8354/1/17 8357/1/17
f 8356/1/17 8358/1/17 8347/1/17
f 8356/1/17 8347/1/17 8346/1/17
f 8359/1/17 8360/1/17 8358/1/17
f 8359/1/17 8358/1/17 8356/1/17
f 8359/1/17 8356/1/17 8357/1/17
f 8359/1/17 8357/1/17 8361/1/17
f 8352/1/17 8359/1/17 8361/1/17
f 8352/1/17 8361/1/17 8362/1/17
f 8352/1/17 8351/1/17 8360/1/17
f 8352/1/17 8360/1/17 8359/1/17
f 8362/1/17 8361/1/17 8363/1/17
f 8362/1/17 8363/1/17 8364/1/17
f 8365/1/526 8366/1/526 8367/1/526
f 8365/1/526 8367/1/526 8368/1/526
f 8369/1/566 8370/1/566 8371/1/566
f 8369/1/566 8371/1/566 8372/1/566
f 8373/1/278 8374/1/278 8375/1/278
f 8373/1/278 8375/1/278 8376/1/278
f 8228/1/526 8377/1/526 8378/1/526
f 8228/1/526 8378/1/526 8229/1/526
f 8379/1/568 8380/1/568 8381/1/568
f 8379/1/568 8381/1/568 8382/1/568
f 8383/1/399 8384/1/399 8385/1/399
f 8383/1/399 8385/1/399 8386/1/399
f 8387/1/537 8388/1/537 8389/1/537
f 8387/1/537 8389/1/537 8390/1/537
f 8391/1/569 8392/1/569 8393/1/569
f 8391/1/569 8393/1/569 8394/1/569
f 8395/1/526 8365/1/526 8368/1/526
f 8395/1/526 8368/1/526 8396/1/526
f 8397/1/4 8398/1/4 8399/1/4
f 8397/1/4 8399/1/4 8400/1/4
f 8401/1/4 8402/1/4 8398/1/4
f 8401/1/4 8398/1/4 8397/1/4
f 8403/1/489 8404/1/489 8405/1/489
f 8403/1/489 8405/1/489 8406/1/489
f 8407/1/343 8408/1/343 8409/1/343
f 8407/1/343 8409/1/343 8410/1/343
f 8411/1/490 8412/1/490 8413/1/490
f 8411/1/490 8413/1/490 8414/1/490
f 8415/1/4 8416/1/4 8417/1/4
f 8418/1/4 8419/1/4 8420/1/4
f 8415/1/4 8417/1/4 8418/1/4
f 8421/1/4 8422/1/4 8415/1/4
f 8420/1/4 8423/1/4 8424/1/4
f 8424/1/4 8421/1/4 8415/1/4
f 8415/1/4 8418/1/4 8420/1/4
f 8420/1/4 8424/1/4 8415/1/4
f 8181/1/999 8180/1/999 8425/1/999
f 8181/1/999 8425/1/999 8426/1/999
f 8427/1/474 8428/1/474 8429/1/474
f 8427/1/474 8429/1/474 8430/1/474
f 8431/1/476 8432/1/476 8433/1/476
f 8431/1/476 8433/1/476 8434/1/476
f 8435/1/473 8436/1/473 8437/1/473
f 8435/1/473 8437/1/473 8438/1/473
f 8439/1/478 8440/1/478 8441/1/478
f 8439/1/478 8441/1/478 8442/1/478
f 8443/1/475 8444/1/475 8445/1/475
f 8443/1/475 8445/1/475 8446/1/475
f 8177/1/998 8176/1/998 8447/1/998
f 8177/1/998 8447/1/998 8448/1/998
f 8185/1/1006 8184/1/1006 8449/1/1006
f 8185/1/1001 8449/1/1001 8450/1/1001
f 8451/1/279 8452/1/279 8453/1/279
f 8451/1/279 8453/1/279 8454/1/279
f 8455/1/990 8456/1/990 8457/1/990
f 8455/1/990 8457/1/990 8458/1/990
f 8459/1/991 8460/1/991 8461/1/991
f 8459/1/991 8461/1/991 8462/1/991
s 1
f 8463/1/1007 8464/1/1008 8465/1/1009
f 8465/1/1009 8466/1/1010 8467/1/1011
f 8465/1/1009 8467/1/1011 8463/1/1007
s 0
f 8468/1/997 8469/1/997 8470/1/997
f 8468/1/997 8470/1/997 8471/1/997
f 8472/1/4 8473/1/4 8474/1/4
f 8472/1/4 8474/1/4 8475/1/4
f 8476/1/4 8477/1/4 8473/1/4
f 8476/1/4 8473/1/4 8472/1/4
f 8473/1/4 8478/1/4 8479/1/4
f 8473/1/4 8479/1/4 8474/1/4
f 8478/1/4 8480/1/4 8481/1/4
f 8478/1/4 8481/1/4 8479/1/4
f 8475/1/4 8482/1/4 8472/1/4
f 8471/1/997 8174/1/997 8173/1/997
f 8471/1/997 8173/1/997 8468/1/997
f 8175/1/998 8178/1/998 8483/1/998
f 8175/1/998 8483/1/998 8484/1/998
f 8179/1/999 8182/1/999 8485/1/999
f 8179/1/1000 8485/1/1000 8486/1/1000
f 8183/1/1001 8186/1/1001 8487/1/1001
f 8183/1/1001 8487/1/1001 8488/1/1001
f 8489/1/17 8490/1/17 8491/1/17
f 8489/1/17 8491/1/17 8492/1/17
f 8493/1/491 8494/1/491 8495/1/491
f 8493/1/491 8495/1/491 8496/1/491
f 8497/1/1002 8498/1/1002 8499/1/1002
f 8497/1/1002 8499/1/1002 8500/1/1002
f 8501/1/17 8502/1/17 8503/1/17
f 8502/1/17 8504/1/17 8503/1/17
f 8505/1/4 8506/1/4 8507/1/4
f 8505/1/4 8507/1/4 8508/1/4
f 8509/1/531 8510/1/531 8511/1/531
f 8509/1/531 8511/1/531 8512/1/531
f 8513/1/4 8514/1/4 8515/1/4
f 8513/1/4 8515/1/4 8516/1/4
f 8517/1/17 8518/1/17 8519/1/17
f 8517/1/17 8519/1/17 8520/1/17
f 8519/1/17 8521/1/17 8522/1/17
f 8519/1/17 8522/1/17 8520/1/17
f 8523/1/526 8524/1/526 8525/1/526
f 8523/1/526 8525/1/526 8526/1/526
f 8527/1/571 8528/1/571 8529/1/571
f 8527/1/571 8529/1/571 8530/1/571
f 8531/1/565 8532/1/565 8533/1/565
f 8531/1/565 8533/1/565 8534/1/565
f 8535/1/570 8536/1/570 8537/1/570
f 8535/1/570 8537/1/570 8538/1/570
f 8539/1/572 8540/1/572 8541/1/572
f 8539/1/572 8541/1/572 8542/1/572
f 8543/1/573 8544/1/573 8545/1/573
f 8543/1/573 8545/1/573 8546/1/573
f 8547/1/17 8548/1/17 8549/1/17
f 8547/1/17 8549/1/17 8550/1/17
f 8551/1/17 8547/1/17 8550/1/17
f 8551/1/17 8550/1/17 8552/1/17
f 8548/1/17 8553/1/17 8554/1/17
f 8548/1/17 8554/1/17 8549/1/17
f 8555/1/17 8556/1/17 8553/1/17
f 8555/1/17 8553/1/17 8548/1/17
f 8557/1/17 8558/1/17 8547/1/17
f 8557/1/17 8547/1/17 8551/1/17
f 8558/1/17 8555/1/17 8548/1/17
f 8558/1/17 8548/1/17 8547/1/17
f 8559/1/492 8560/1/492 8561/1/492
f 8559/1/492 8561/1/492 8562/1/492
f 8563/1/17 8564/1/17 8565/1/17
f 8563/1/17 8565/1/17 8566/1/17
f 8567/1/4 8568/1/4 8569/1/4
s 1
f 8570/1/1012 8571/1/1013 8572/1/1013
s 0
f 8567/1/4 8569/1/4 8570/1/4
f 8572/1/4 8573/1/4 8567/1/4
f 8570/1/4 8572/1/4 8567/1/4
f 8574/1/4 8575/1/4 8576/1/4
f 8575/1/4 8577/1/4 8578/1/4
f 8575/1/4 8578/1/4 8576/1/4
f 8579/1/1005 8286/1/1005 8285/1/1005
f 8579/1/1005 8285/1/1005 8580/1/1005
f 8578/1/4 8581/1/4 8576/1/4
f 8582/1/4 8583/1/4 8584/1/4
f 8582/1/4 8584/1/4 8585/1/4
f 8586/1/4 8587/1/4 8588/1/4
f 8586/1/4 8588/1/4 8589/1/4
f 8590/1/79 8591/1/79 8592/1/79
f 8590/1/79 8592/1/79 8593/1/79
f 8594/1/535 8595/1/535 8596/1/535
f 8594/1/535 8596/1/535 8597/1/535
f 8598/1/530 8599/1/530 8600/1/530
f 8598/1/530 8600/1/530 8601/1/530
f 8602/1/536 8603/1/536 8604/1/536
f 8602/1/536 8604/1/536 8605/1/536
f 8606/1/529 8607/1/529 8608/1/529
f 8606/1/529 8608/1/529 8609/1/529
s 1
f 8610/1/538 8611/1/538 8612/1/538
s 0
f 8610/1/538 8612/1/538 8613/1/538
f 8614/1/17 8615/1/17 8616/1/17
f 8614/1/17 8616/1/17 8617/1/17
f 8618/1/17 8614/1/17 8617/1/17
f 8618/1/17 8617/1/17 8619/1/17
f 8620/1/606 8621/1/606 8622/1/606
f 8620/1/606 8622/1/606 8623/1/606
f 8624/1/537 8625/1/537 8626/1/537
f 8624/1/537 8626/1/537 8627/1/537
f 8628/1/574 8629/1/574 8630/1/574
f 8628/1/574 8630/1/574 8631/1/574
f 8632/1/607 8633/1/607 8634/1/607
f 8632/1/607 8634/1/607 8635/1/607
f 8636/1/3 8637/1/3 8638/1/3
f 8636/1/3 8638/1/3 8639/1/3
f 8640/1/4 8641/1/4 8642/1/4
f 8640/1/4 8642/1/4 8643/1/4
f 8644/1/4 8645/1/4 8646/1/4
f 8644/1/4 8646/1/4 8647/1/4
f 8640/1/4 8648/1/4 8641/1/4
f 8648/1/4 8649/1/4 8641/1/4
f 8650/1/4 8651/1/4 8648/1/4
f 8650/1/4 8648/1/4 8640/1/4
f 8650/1/4 8640/1/4 8643/1/4
f 8650/1/4 8643/1/4 8652/1/4
f 8653/1/4 8650/1/4 8652/1/4
f 8653/1/4 8652/1/4 8654/1/4
f 8653/1/4 8655/1/4 8651/1/4
f 8653/1/4 8651/1/4 8650/1/4
f 8646/1/4 8656/1/4 8655/1/4
f 8646/1/4 8655/1/4 8653/1/4
f 8646/1/4 8653/1/4 8654/1/4
f 8646/1/4 8654/1/4 8647/1/4
f 8656/1/4 8657/1/4 8658/1/4
f 8656/1/4 8658/1/4 8655/1/4
f 8659/1/526 8660/1/526 8661/1/526
f 8659/1/526 8661/1/526 8662/1/526
f 8663/1/566 8664/1/566 8665/1/566
f 8663/1/566 8665/1/566 8666/1/566
f 8667/1/278 8668/1/278 8669/1/278
f 8667/1/278 8669/1/278 8670/1/278
f 8526/1/526 8525/1/526 8671/1/526
f 8526/1/526 8671/1/526 8672/1/526
f 8673/1/568 8674/1/568 8675/1/568
f 8673/1/568 8675/1/568 8676/1/568
f 8677/1/399 8678/1/399 8679/1/399
f 8677/1/399 8679/1/399 8680/1/399
f 8681/1/537 8682/1/537 8683/1/537
f 8681/1/537 8683/1/537 8684/1/537
f 8685/1/569 8686/1/569 8687/1/569
f 8685/1/569 8687/1/569 8688/1/569
f 8689/1/526 8690/1/526 8660/1/526
f 8689/1/526 8660/1/526 8659/1/526
f 8691/1/17 8692/1/17 8693/1/17
f 8691/1/17 8693/1/17 8694/1/17
f 8695/1/17 8691/1/17 8694/1/17
f 8695/1/17 8694/1/17 8696/1/17
f 8697/1/489 8698/1/489 8699/1/489
f 8697/1/489 8699/1/489 8700/1/489
f 8701/1/343 8702/1/343 8703/1/343
f 8701/1/343 8703/1/343 8704/1/343
f 8705/1/490 8706/1/490 8707/1/490
f 8705/1/490 8707/1/490 8708/1/490
f 8709/1/17 8710/1/17 8711/1/17
f 8711/1/17 8712/1/17 8713/1/17
f 8714/1/17 8715/1/17 8716/1/17
f 8711/1/17 8713/1/17 8714/1/17
f 8717/1/17 8709/1/17 8711/1/17
f 8716/1/17 8718/1/17 8717/1/17
f 8711/1/17 8714/1/17 8716/1/17
f 8711/1/17 8716/1/17 8717/1/17
f 8485/1/1000 8719/1/1000 8720/1/1000
f 8485/1/999 8720/1/999 8486/1/999
f 8721/1/474 8722/1/474 8723/1/474
f 8721/1/474 8723/1/474 8724/1/474
f 8725/1/476 8726/1/476 8727/1/476
f 8725/1/476 8727/1/476 8728/1/476
f 8729/1/473 8730/1/473 8731/1/473
f 8729/1/473 8731/1/473 8732/1/473
f 8733/1/478 8734/1/478 8735/1/478
f 8733/1/478 8735/1/478 8736/1/478
f 8737/1/475 8738/1/475 8739/1/475
f 8737/1/475 8739/1/475 8740/1/475
f 8483/1/998 8741/1/998 8742/1/998
f 8483/1/998 8742/1/998 8484/1/998
f 8487/1/1001 8743/1/1001 8744/1/1001
f 8487/1/1001 8744/1/1001 8488/1/1001
f 8745/1/279 8746/1/279 8747/1/279
f 8745/1/279 8747/1/279 8748/1/279
usemtl Grey
f 8749/7/27 8750/7/27 8751/7/27
f 8749/7/27 8751/7/27 8752/7/27
f 8753/7/1014 8754/7/1014 8755/7/1014
f 8753/7/1014 8755/7/1014 8756/7/1014
f 8757/16/1015 8758/7/1015 8759/6/1015
f 8757/16/1015 8759/6/1015 8760/17/1015
f 8761/6/1016 8762/7/1016 8763/7/1016
f 8761/6/1016 8763/7/1016 8764/6/1016
f 8765/1/53 8766/1/53 8767/1/53
f 8765/1/53 8767/1/53 8768/1/53
f 8769/6/27 8750/7/27 8749/7/27
f 8769/6/27 8749/7/27 8770/6/27
f 8771/6/1014 8754/7/1014 8753/7/1014
f 8771/6/1014 8753/7/1014 8772/6/1014
f 8773/9/59 8774/8/59 8775/8/59
f 8773/9/59 8775/8/59 8776/9/59
f 8777/1/14 8778/1/14 8779/1/14
f 8777/1/14 8779/1/14 8780/1/14
f 8763/7/1016 8762/7/1016 8781/7/1016
f 8763/7/1016 8781/7/1016 8782/7/1016
f 8783/4/4 8784/1/4 8785/1/4
f 8783/4/4 8785/1/4 8786/4/4
f 8787/4/4 8788/1/4 8789/1/4
f 8787/4/4 8789/1/4 8790/4/4
f 8791/4/4 8792/1/4 8793/1/4
f 8791/4/4 8793/1/4 8794/4/4
f 8790/4/4 8789/1/4 8795/1/4
f 8790/4/4 8795/1/4 8796/4/4
f 8796/4/4 8795/1/4 8792/1/4
f 8796/4/4 8792/1/4 8791/4/4
f 8797/1/80 8798/1/80 8799/1/80
f 8797/1/80 8799/1/80 8800/1/80
f 8801/1/87 8802/1/87 8803/1/87
f 8801/1/87 8803/1/87 8804/1/87
f 8805/4/78 8806/4/78 8807/4/78
f 8805/4/78 8807/4/78 8808/4/78
f 8809/1/85 8810/4/85 8811/4/85
f 8809/1/85 8811/4/85 8812/1/85
f 8813/4/81 8814/11/81 8815/11/81
f 8813/4/81 8815/11/81 8816/4/81
f 8817/1/533 8818/1/533 8819/1/533
f 8817/1/533 8819/1/533 8820/1/533
f 8821/1/255 8822/1/255 8823/1/255
f 8821/1/255 8823/1/255 8824/1/255
f 8822/1/255 8825/1/255 8826/1/255
f 8822/1/255 8826/1/255 8823/1/255
f 8827/1/266 8828/1/266 8829/1/266
f 8827/1/266 8829/1/266 8830/1/266
f 8831/1/267 8832/1/267 8833/1/267
f 8831/1/267 8833/1/267 8834/1/267
f 8835/1/264 8836/1/264 8837/1/264
f 8835/1/263 8837/1/263 8838/1/263
f 8828/1/266 8839/1/266 8840/1/266
f 8828/1/266 8840/1/266 8829/1/266
f 8841/1/91 8842/1/91 8843/1/91
f 8841/1/91 8843/1/91 8844/1/91
f 8845/1/274 8846/1/274 8847/1/274
f 8845/1/274 8847/1/274 8848/1/274
f 8849/1/273 8850/1/273 8851/1/273
f 8849/1/273 8851/1/273 8852/1/273
f 8853/1/261 8854/1/261 8855/1/261
f 8853/1/261 8855/1/261 8856/1/261
f 8839/1/266 8857/1/266 8858/1/266
f 8839/1/266 8858/1/266 8840/1/266
f 8859/1/259 8860/1/259 8861/1/259
f 8859/1/259 8861/1/259 8862/1/259
f 8863/1/265 8864/1/265 8865/1/265
f 8863/1/265 8865/1/265 8866/1/265
f 8867/1/1017 8868/1/1017 8869/1/1017
f 8867/1/1017 8869/1/1017 8870/1/1017
s 1
f 8871/1/1018 8872/1/1019 8873/1/1020
f 8871/1/1018 8873/1/1020 8874/1/1021
f 8875/1/1022 8876/1/1023 8877/1/1024
f 8875/1/1022 8877/1/1024 8878/1/1025
s 0
f 8879/1/1026 8880/1/1026 8881/1/1026
f 8879/1/1026 8881/1/1026 8882/1/1026
s 1
f 8883/1/1027 8884/1/1028 8885/1/1029
f 8883/1/1027 8885/1/1029 8886/1/1030
s 0
f 8887/1/1031 8888/1/1031 8889/1/1031
f 8887/1/1031 8889/1/1031 8890/1/1031
s 1
f 8891/1/1032 8892/1/1033 8893/1/1034
f 8891/1/1032 8893/1/1034 8894/1/1035
f 8895/1/1036 8896/1/1037 8897/1/1038
f 8895/1/1036 8897/1/1038 8898/1/1039
s 0
f 8899/1/1040 8900/1/1040 8901/1/1040
f 8899/1/1040 8901/1/1040 8902/1/1040
f 8903/1/1041 8904/1/1041 8905/1/1041
f 8903/1/1041 8905/1/1041 8906/1/1041
s 1
f 8907/1/1042 8908/1/1043 8909/1/1044
f 8907/1/1042 8909/1/1044 8910/1/1045
s 0
f 8911/1/1046 8912/1/1046 8913/1/1046
f 8911/1/1047 8913/1/1047 8914/1/1047
f 8915/1/1048 8916/1/1048 8917/1/1048
f 8915/1/1048 8917/1/1048 8918/1/1048
s 1
f 8919/1/1049 8920/1/1050 8921/1/1051
f 8922/1/1052 8923/1/1053 8919/1/1049
f 8919/1/1049 8921/1/1051 8922/1/1052
s 0
f 8924/1/1054 8925/1/1054 8926/1/1054
f 8924/1/1054 8926/1/1054 8927/1/1054
s 1
f 8928/1/1055 8929/1/1056 8930/1/1057
f 8928/1/1055 8930/1/1057 8931/1/1058
f 8932/1/1059 8933/1/1060 8934/1/1061
f 8932/1/1059 8934/1/1061 8935/1/1062
s 0
f 8936/1/1063 8937/1/1063 8938/1/1063
s 1
f 8936/1/1063 8938/1/1063 8939/1/1063
f 8940/1/1064 8941/1/1065 8942/1/1066
f 8940/1/1064 8942/1/1066 8943/1/1067
f 8944/1/1068 8945/1/1069 8946/1/1070
f 8944/1/1068 8946/1/1070 8947/1/1071
s 0
f 8948/1/1072 8949/1/1072 8950/1/1072
f 8948/1/1072 8950/1/1072 8951/1/1072
s 1
f 8952/1/1073 8953/1/1074 8954/1/1075
f 8952/1/1073 8954/1/1075 8955/1/1076
s 0
f 8956/1/1077 8957/1/1077 8958/1/1077
f 8956/1/1077 8958/1/1077 8959/1/1077
s 1
f 8960/1/1078 8961/1/1079 8962/1/1080
f 8960/1/1078 8962/1/1080 8963/1/1081
s 0
f 8964/1/1082 8965/1/1082 8966/1/1082
f 8964/1/1082 8966/1/1082 8967/1/1082
f 8968/1/1083 8969/1/1083 8970/1/1083
f 8968/1/1083 8970/1/1083 8971/1/1083
f 8972/1/1084 8973/1/1084 8974/1/1084
f 8972/1/1084 8974/1/1084 8975/1/1084
s 1
f 8976/1/1085 8977/1/1086 8978/1/1087
f 8977/1/1086 8979/1/1088 8978/1/1087
f 8980/1/1089 8981/1/1090 8982/1/1091
f 8981/1/1090 8983/1/1092 8982/1/1091
s 0
f 8984/1/1093 8985/1/1093 8986/1/1093
f 8984/1/1093 8986/1/1093 8987/1/1093
f 8988/1/1094 8989/1/1094 8990/1/1094
f 8988/1/1095 8990/1/1095 8991/1/1095
s 1
f 8992/1/1096 8993/1/1097 8994/1/1098
f 8993/1/1097 8995/1/1099 8994/1/1098
s 0
f 8996/1/1100 8997/1/1100 8998/1/1100
f 8996/1/1100 8998/1/1100 8999/1/1100
f 9000/1/1101 9001/1/1101 9002/1/1101
f 9000/1/1102 9002/1/1102 9003/1/1102
s 1
f 9004/1/1103 9005/1/1104 9006/1/1105
f 9004/1/1103 9006/1/1105 9007/1/1106
f 9008/1/1107 9009/1/1108 9010/1/1109
f 9009/1/1108 9011/1/1110 9010/1/1109
s 0
f 9012/1/1094 9013/1/1094 9014/1/1094
f 9012/1/1111 9014/1/1111 9015/1/1111
s 1
f 9016/1/1112 9017/1/1113 9018/1/1114
f 9017/1/1113 9019/1/1115 9018/1/1114
f 9020/1/1116 9021/1/1117 9022/1/1118
f 9021/1/1117 9023/1/1119 9022/1/1118
s 0
f 9024/1/1120 9025/1/1120 9026/1/1120
f 9024/1/1120 9026/1/1120 9027/1/1120
f 9028/1/1121 9029/1/1121 9030/1/1121
f 9028/1/1121 9030/1/1121 9031/1/1121
f 9032/6/55 9033/7/55 9034/7/55
f 9032/6/55 9034/7/55 9035/6/55
f 9032/6/55 9033/7/55 9036/7/55
f 9032/6/55 9036/7/55 9037/6/55
f 8758/7/1015 8757/16/1015 9038/16/1015
f 8758/7/1122 9038/16/1122 9039/7/1122
f 9040/6/586 9041/7/586 9042/7/586
f 9040/6/586 9042/7/586 9043/6/586
f 9044/6/1123 9045/7/1123 9046/7/1123
f 9044/6/1123 9046/7/1123 9047/6/1123
f 9048/6/4 9049/6/4 9050/6/4
f 9048/6/4 9050/6/4 9051/6/4
f 9052/6/1124 9053/18/1124 9054/7/1124
f 9052/6/1124 9054/7/1124 9055/6/1124
f 9056/6/507 9057/7/507 9058/7/507
f 9056/6/507 9058/7/507 9059/6/507
f 9059/6/508 9058/7/508 9060/7/508
f 9059/6/508 9060/7/508 9061/6/508
f 9062/7/1125 9063/7/1125 9064/7/1125
f 9062/7/1125 9064/7/1125 9065/7/1125
f 9066/7/1125 9067/7/1125 9068/7/1125
f 9066/7/1125 9068/7/1125 9069/7/1125
f 9070/7/1126 9071/7/1126 9072/18/1126
f 9070/7/1127 9072/18/1127 9073/7/1127
f 9074/6/1128 9075/7/1128 9076/18/1128
f 9074/6/1128 9076/18/1128 9077/6/1128
f 9078/7/1129 9079/6/1129 9080/6/1129
f 9078/7/1129 9080/6/1129 9081/7/1129
f 9082/1/14 9083/1/14 9084/1/14
f 9082/1/14 9084/1/14 9085/1/14
s 1
f 9086/1/1130 9087/1/1131 9088/1/1132
f 9086/1/1130 9088/1/1132 9089/1/1133
s 0
f 9090/1/1134 9091/1/1134 9092/1/1134
f 9090/1/1134 9092/1/1134 9093/1/1134
f 9094/6/1135 9095/7/1135 9096/7/1135
f 9094/6/1135 9096/7/1135 9097/6/1135
f 9098/7/506 9099/6/506 9100/6/506
f 9098/7/506 9100/6/506 9101/7/506
s 1
f 9102/7/1136 9103/7/1137 9104/7/1138
f 9102/7/1136 9104/7/1138 9105/7/1139
s 0
f 9106/6/4 9107/6/4 9108/6/4
f 9106/6/4 9108/6/4 9109/6/4
s 1
f 9110/7/1140 9111/7/1141 9112/7/1142
f 9110/7/1140 9112/7/1142 9113/7/1143
s 0
f 9114/7/1144 9115/6/1144 9116/6/1144
f 9114/7/1144 9116/6/1144 9117/7/1144
f 9118/1/160 9119/1/160 9120/1/160
f 9118/1/160 9120/1/160 9121/1/160
f 9122/1/560 9123/1/560 9124/1/560
f 9122/1/560 9124/1/560 9125/1/560
f 9126/1/561 9127/1/561 9128/1/561
f 9126/1/561 9128/1/561 9129/1/561
f 9130/1/558 9131/1/558 9132/1/558
f 9130/1/558 9132/1/558 9133/1/558
f 9134/1/564 9135/1/564 9136/1/564
f 9134/1/564 9136/1/564 9137/1/564
f 9138/1/559 9139/1/559 9140/1/559
f 9138/1/559 9140/1/559 9141/1/559
f 9142/1/587 9143/1/587 9144/1/587
f 9142/1/587 9144/1/587 9145/1/587
f 9146/1/379 9147/1/379 9148/1/379
f 9146/1/379 9148/1/379 9149/1/379
f 9147/1/379 9146/1/379 9150/1/379
f 9147/1/379 9150/1/379 9151/1/379
f 9152/1/17 9153/1/17 9154/1/17
f 9152/1/17 9154/1/17 9155/1/17
f 9156/1/17 9157/1/17 9158/1/17
f 9154/1/17 9153/1/17 9157/1/17
f 9154/1/17 9157/1/17 9156/1/17
f 9159/1/1145 9160/1/1145 9161/1/1145
f 9159/1/1145 9161/1/1145 9162/1/1145
f 9152/1/17 9155/1/17 9163/1/17
f 9152/1/17 9163/1/17 9164/1/17
f 9149/1/379 9148/1/379 9165/1/379
f 9149/1/379 9165/1/379 9166/1/379
f 9167/1/1146 9168/1/1146 9169/1/1146
f 9167/1/1146 9169/1/1146 9170/1/1146
f 9164/1/17 9163/1/17 9171/1/17
f 9164/1/17 9171/1/17 9172/1/17
f 9173/1/1147 9174/1/1147 9175/1/1147
f 9173/1/1147 9175/1/1147 9176/1/1147
f 9177/1/615 9178/1/615 9179/1/615
f 9177/1/615 9179/1/615 9180/1/615
f 9181/1/589 9182/1/589 9183/1/589
f 9181/1/589 9183/1/589 9184/1/589
f 9185/1/586 9186/1/586 9187/1/586
f 9185/1/586 9187/1/586 9188/1/586
f 9189/1/600 9190/1/600 9191/1/600
f 9189/1/600 9191/1/600 9192/1/600
f 9193/1/510 9194/1/510 9195/1/510
f 9193/1/510 9195/1/510 9196/1/510
f 9197/1/592 9198/1/592 9199/1/592
f 9197/1/592 9199/1/592 9200/1/592
f 9201/1/588 9202/1/588 9203/1/588
f 9201/1/588 9203/1/588 9204/1/588
f 9205/1/599 9206/1/599 9207/1/599
f 9205/1/599 9207/1/599 9208/1/599
f 9209/1/625 9210/1/625 9211/1/625
f 9209/1/625 9211/1/625 9212/1/625
f 9213/1/630 9214/1/630 9215/1/630
f 9213/1/630 9215/1/630 9216/1/630
f 9217/1/626 9218/1/626 9219/1/626
f 9217/1/626 9219/1/626 9220/1/626
f 9221/1/17 9222/1/17 9223/1/17
f 9221/1/17 9223/1/17 9224/1/17
f 9225/1/1148 9226/1/1148 9227/1/1148
f 9225/1/1148 9227/1/1148 9228/1/1148
f 9229/1/17 9230/1/17 9231/1/17
f 9229/1/17 9231/1/17 9232/1/17
f 9229/1/17 9233/1/17 9234/1/17
f 9229/1/17 9234/1/17 9230/1/17
f 9235/1/17 9236/1/17 9237/1/17
f 9235/1/17 9237/1/17 9238/1/17
f 9239/1/1149 9240/1/1149 9241/1/1149
f 9239/1/1149 9241/1/1149 9242/1/1149
f 9234/1/17 9233/1/17 9236/1/17
f 9234/1/17 9236/1/17 9235/1/17
f 9243/1/1150 9244/1/1150 9245/1/1150
f 9243/1/1150 9245/1/1150 9246/1/1150
f 9238/1/17 9237/1/17 9247/1/17
f 9238/1/17 9247/1/17 9248/1/17
f 9249/1/1151 9250/1/1151 9251/1/1151
f 9249/1/1151 9251/1/1151 9252/1/1151
f 9253/1/1152 9254/1/1152 9255/1/1152
f 9253/1/1153 9255/1/1153 9256/1/1153
f 9257/1/4 9258/1/4 9259/1/4
f 9257/1/4 9259/1/4 9260/1/4
f 9261/1/4 9257/1/4 9260/1/4
f 9257/1/4 9261/1/4 9262/1/4
s 1
f 9263/7/1154 9264/7/1155 9265/7/1156
f 9263/7/1154 9265/7/1156 9266/18/1157
s 0
f 9267/1/4 9268/7/4 9269/18/4
f 9267/1/4 9269/18/4 9270/1/4
s 1
f 9271/7/1158 9272/7/1159 9273/7/1160
f 9271/7/1158 9273/7/1160 9274/7/1161
s 0
f 9172/1/17 9171/1/17 9275/1/17
f 9172/1/17 9275/1/17 9276/1/17
f 9277/1/1162 9278/1/1162 9279/1/1162
s 1
f 9280/1/1163 9281/1/1164 9282/1/1165
f 9280/1/1163 9282/1/1165 9283/1/1166
s 0
f 9284/1/1167 9285/1/1167 9286/1/1167
f 9284/1/1167 9286/1/1167 9287/1/1167
f 9288/7/1168 9289/6/1168 9290/6/1168
f 9288/7/1169 9290/6/1169 9291/7/1169
f 9292/1/4 9293/1/4 9294/1/4
f 9292/1/4 9294/1/4 9295/1/4
f 9296/1/614 9297/1/614 9298/1/614
f 9296/1/614 9298/1/614 9299/1/614
f 9300/1/510 9301/1/510 9302/1/510
f 9300/1/510 9302/1/510 9303/1/510
f 9304/1/17 9305/1/17 9306/1/17
f 9304/1/17 9306/1/17 9307/1/17
f 9305/1/17 9308/1/17 9309/1/17
f 9305/1/17 9309/1/17 9306/1/17
f 9309/1/17 9308/1/17 9310/1/17
f 9311/1/17 9312/1/17 9313/1/17
f 9311/1/17 9313/1/17 9314/1/17
f 9315/1/17 9316/1/17 9317/1/17
f 9315/1/17 9317/1/17 9318/1/17
f 9319/1/17 9320/1/17 9316/1/17
f 9319/1/17 9316/1/17 9315/1/17
f 9321/1/17 9322/1/17 9323/1/17
f 9321/1/17 9323/1/17 9324/1/17
f 9325/1/17 9326/1/17 9327/1/17
f 9325/1/17 9327/1/17 9328/1/17
f 9324/1/17 9323/1/17 9325/1/17
f 9323/1/17 9326/1/17 9325/1/17
f 9329/1/562 9330/1/562 9331/1/562
f 9329/1/562 9331/1/562 9332/1/562
s 1
f 9333/1/1170 9334/1/1171 9335/1/1172
f 9333/1/1170 9335/1/1172 9336/1/1173
f 9337/1/1174 9338/1/1175 9339/1/1176
f 9337/1/1174 9339/1/1176 9340/1/1177
f 9341/1/1178 9342/1/1179 9343/1/1180
f 9341/1/1178 9343/1/1180 9344/1/1181
f 9345/1/1182 9346/1/1183 9347/1/1184
f 9345/1/1182 9347/1/1184 9348/1/1185
f 9349/1/1186 9350/1/1187 9351/1/1188
f 9349/1/1186 9351/1/1188 9352/1/1189
f 9353/1/1190 9354/1/1191 9355/1/1192
f 9353/1/1190 9355/1/1192 9356/1/1193
f 9357/1/1194 9358/1/1195 9359/1/1196
f 9357/1/1194 9359/1/1196 9360/1/1197
s 0
f 9361/1/1017 9362/1/1017 8868/1/1017
f 9361/1/1017 8868/1/1017 8867/1/1017
f 9363/1/4 9364/1/4 9365/1/4
f 9363/1/4 9365/1/4 9366/1/4
f 9365/1/4 9364/1/4 9367/1/4
f 9364/1/4 9368/1/4 9367/1/4
f 9369/1/4 9370/1/4 9371/1/4
f 9369/1/4 9371/1/4 9372/1/4
f 9366/1/4 9365/1/4 9373/1/4
f 9366/1/4 9373/1/4 9374/1/4
f 9375/1/4 9366/1/4 9374/1/4
f 9375/1/4 9374/1/4 9376/1/4
f 9377/1/4 9363/1/4 9366/1/4
f 9377/1/4 9366/1/4 9375/1/4
f 9372/1/4 9371/1/4 9378/1/4
f 9372/1/4 9378/1/4 9379/1/4
f 9380/1/4 9381/1/4 9370/1/4
f 9380/1/4 9370/1/4 9369/1/4
f 9374/1/4 9373/1/4 9382/1/4
f 9374/1/4 9382/1/4 9383/1/4
f 9383/1/4 9382/1/4 9381/1/4
f 9383/1/4 9381/1/4 9380/1/4
f 9384/1/4 9377/1/4 9375/1/4
f 9384/1/4 9375/1/4 9385/1/4
f 9385/1/4 9375/1/4 9376/1/4
f 9385/1/4 9376/1/4 9386/1/4
f 9386/1/4 9376/1/4 9387/1/4
f 9386/1/4 9387/1/4 9388/1/4
f 8857/1/266 9389/1/266 9390/1/266
f 8857/1/266 9390/1/266 8858/1/266
f 9391/1/258 9392/1/258 9393/1/258
f 9391/1/258 9393/1/258 9394/1/258
f 9395/1/271 9396/1/271 9397/1/271
f 9395/1/271 9397/1/271 9398/1/271
f 9399/1/268 9400/1/268 9401/1/268
f 9399/1/268 9401/1/268 9402/1/268
f 9403/1/272 9404/1/272 9405/1/272
f 9403/1/272 9405/1/272 9406/1/272
f 9407/1/270 9408/1/270 9409/1/270
f 9407/1/270 9409/1/270 9410/1/270
f 9411/1/256 9412/1/256 9413/1/256
f 9411/1/256 9413/1/256 9414/1/256
f 9415/1/275 9416/1/275 9417/1/275
f 9415/1/275 9417/1/275 9418/1/275
f 8825/1/255 9419/1/255 9420/1/255
s 1
f 8825/1/255 9420/1/255 8826/1/255
s 0
f 9421/1/276 9422/1/276 9423/1/276
f 9421/1/276 9423/1/276 9424/1/276
f 9425/1/257 9426/1/257 9427/1/257
f 9425/1/257 9427/1/257 9428/1/257
f 9429/4/4 9430/1/4 9431/1/4
f 9429/4/4 9431/1/4 9432/4/4
f 9433/4/4 9434/1/4 9435/1/4
f 9433/4/4 9435/1/4 9436/4/4
f 9437/11/4 9438/1/4 9434/1/4
f 9437/11/4 9434/1/4 9433/4/4
f 9432/4/4 9431/1/4 9437/11/4
f 9431/1/4 9438/1/4 9437/11/4
f 9439/4/4 9440/1/4 9441/1/4
f 9439/4/4 9441/1/4 9442/4/4
f 9436/4/4 9435/1/4 9440/1/4
f 9436/4/4 9440/1/4 9439/4/4
f 9443/1/84 9444/1/84 9445/1/84
f 9443/1/84 9445/1/84 9446/1/84
f 9447/4/86 9448/4/86 9449/4/86
f 9447/4/86 9449/4/86 9450/4/86
f 9451/4/83 9452/4/83 9453/4/83
f 9451/4/83 9453/4/83 9454/4/83
f 9455/11/82 9456/4/82 9457/4/82
f 9455/11/82 9457/4/82 9458/11/82
f 8802/1/87 9459/1/87 9460/1/87
f 8802/1/87 9460/1/87 8803/1/87
f 9448/4/86 9461/4/86 9462/4/86
f 9448/4/86 9462/4/86 9449/4/86
f 8798/1/80 9463/1/80 9464/1/80
f 8798/1/80 9464/1/80 8799/1/80
f 9465/4/72 9466/1/72 9467/1/72
f 9465/4/72 9467/1/72 9468/4/72
f 9469/9/17 9470/8/17 9471/14/17
f 9469/9/17 9471/14/17 9472/15/17
f 9471/14/17 9470/8/17 9473/8/17
f 9471/14/17 9473/8/17 9474/14/17
f 9474/14/17 9473/8/17 9475/8/17
f 9474/14/17 9475/8/17 9476/14/17
f 9476/14/17 9475/8/17 9477/14/17
f 9475/8/17 9478/8/17 9477/14/17
f 9479/14/17 9480/8/17 9481/8/17
f 9479/14/17 9481/8/17 9482/14/17
f 9482/14/17 9481/8/17 9483/8/17
f 9482/14/17 9483/8/17 9484/14/17
f 9477/14/17 9478/8/17 9480/8/17
f 9477/14/17 9480/8/17 9479/14/17
f 9485/1/54 9486/1/54 9487/1/54
f 9485/1/54 9487/1/54 9488/1/54
f 9036/7/55 9033/7/55 9489/7/55
f 9036/7/55 9489/7/55 9490/7/55
f 9491/1/57 9492/1/57 9493/1/57
f 9491/1/57 9493/1/57 9494/1/57
f 9495/5/51 9496/4/51 9497/4/51
f 9495/5/51 9497/4/51 9498/5/51
f 9499/1/54 9485/1/54 9488/1/54
f 9499/1/54 9488/1/54 9500/1/54
f 9501/7/58 9502/7/58 9503/7/58
f 9501/7/58 9503/7/58 9504/7/58
f 9505/1/56 9506/7/56 9507/7/56
f 9505/1/56 9507/7/56 9508/1/56
f 9509/1/52 9510/1/52 9511/1/52
f 9509/1/52 9511/1/52 9512/1/52
f 9513/1/4 9514/1/4 9515/1/4
f 9513/1/4 9515/1/4 9516/1/4
f 9517/1/260 9518/1/260 9519/1/260
f 9517/1/260 9519/1/260 9520/1/260
f 9521/1/262 9522/1/262 9523/1/262
f 9521/1/262 9523/1/262 9524/1/262
s 1
f 9525/1/1198 9526/1/1199 9527/1/1200
f 9525/1/1198 9527/1/1200 9528/1/1201
s 0
f 9529/1/1202 9530/1/1202 9531/7/1202
f 9532/7/27 9533/7/27 9534/7/27
f 9532/7/27 9534/7/27 9535/7/27
f 9536/7/1014 9537/7/1014 9538/7/1014
f 9536/7/1014 9538/7/1014 9539/7/1014
f 9540/16/1015 8760/17/1015 8759/6/1015
f 9540/16/1015 8759/6/1015 9541/7/1015
f 8761/6/1016 8764/6/1016 9542/7/1016
f 8761/6/1016 9542/7/1016 9543/7/1016
f 9544/1/53 9545/1/53 9546/1/53
f 9544/1/53 9546/1/53 9547/1/53
f 8769/6/27 8770/6/27 9532/7/27
f 8769/6/27 9532/7/27 9535/7/27
f 8771/6/1014 8772/6/1014 9536/7/1014
f 8771/6/1014 9536/7/1014 9539/7/1014
f 9548/9/59 9549/9/59 9550/8/59
f 9548/9/59 9550/8/59 9551/8/59
f 9552/1/14 9553/1/14 9554/1/14
f 9552/1/14 9554/1/14 9555/1/14
f 9542/7/1016 9556/7/1016 9557/7/1016
f 9542/7/1016 9557/7/1016 9543/7/1016
f 9558/4/17 9559/4/17 9560/1/17
f 9558/4/17 9560/1/17 9561/1/17
f 9562/4/17 9563/4/17 9564/1/17
f 9562/4/17 9564/1/17 9565/1/17
f 9566/4/17 9567/4/17 9568/1/17
f 9566/4/17 9568/1/17 9569/1/17
f 9563/4/17 9570/4/17 9571/1/17
f 9563/4/17 9571/1/17 9564/1/17
f 9570/4/17 9566/4/17 9569/1/17
f 9570/4/17 9569/1/17 9571/1/17
f 9572/1/80 9573/1/80 9574/1/80
f 9572/1/80 9574/1/80 9575/1/80
f 9576/1/87 9577/1/87 9578/1/87
f 9576/1/87 9578/1/87 9579/1/87
f 9580/4/78 9581/4/78 9582/4/78
f 9580/4/78 9582/4/78 9583/4/78
f 9584/1/85 9585/1/85 9586/4/85
f 9584/1/85 9586/4/85 9587/4/85
f 9588/4/81 9589/4/81 9590/11/81
f 9588/4/81 9590/11/81 9591/11/81
f 9592/1/533 9593/1/533 9594/1/533
f 9592/1/533 9594/1/533 9595/1/533
f 9596/1/255 9597/1/255 9598/1/255
f 9596/1/255 9598/1/255 9599/1/255
f 9599/1/255 9598/1/255 9600/1/255
f 9599/1/255 9600/1/255 9601/1/255
f 9602/1/266 9603/1/266 9604/1/266
f 9602/1/266 9604/1/266 9605/1/266
f 9606/1/267 9607/1/267 9608/1/267
f 9606/1/267 9608/1/267 9609/1/267
f 9610/1/264 9611/1/264 9612/1/264
f 9610/1/264 9612/1/264 9613/1/264
f 9605/1/266 9604/1/266 9614/1/266
f 9605/1/266 9614/1/266 9615/1/266
f 9616/1/91 9617/1/91 9618/1/91
f 9616/1/91 9618/1/91 9619/1/91
f 9620/1/274 9621/1/274 9622/1/274
f 9620/1/274 9622/1/274 9623/1/274
f 9624/1/273 9625/1/273 9626/1/273
f 9624/1/273 9626/1/273 9627/1/273
f 9628/1/261 9629/1/261 9630/1/261
f 9628/1/261 9630/1/261 9631/1/261
f 9615/1/266 9614/1/266 9632/1/266
f 9615/1/266 9632/1/266 9633/1/266
f 9634/1/259 9635/1/259 9636/1/259
f 9634/1/259 9636/1/259 9637/1/259
f 9638/1/1203 9639/1/1203 9640/1/1203
f 9638/1/1203 9640/1/1203 9641/1/1203
f 9642/1/1017 9643/1/1017 8869/1/1017
f 9642/1/1017 8869/1/1017 8868/1/1017
s 1
f 9644/1/1204 9645/1/1205 9646/1/1206
f 9644/1/1204 9646/1/1206 9647/1/1207
f 9648/1/1208 9649/1/1209 9650/1/1210
f 9648/1/1208 9650/1/1210 9651/1/1211
s 0
f 9652/1/1026 9653/1/1026 8881/1/1026
f 9652/1/1026 8881/1/1026 8880/1/1026
s 1
f 9654/1/1212 9655/1/1213 9656/1/1214
f 9654/1/1212 9656/1/1214 9657/1/1215
s 0
f 9658/1/1216 9659/1/1216 9660/1/1216
f 9658/1/1216 9660/1/1216 9661/1/1216
s 1
f 9662/1/1217 9663/1/1218 9664/1/1219
f 9662/1/1217 9664/1/1219 9665/1/1220
f 9666/1/1221 9667/1/1222 9668/1/1223
f 9666/1/1221 9668/1/1223 9669/1/1224
s 0
f 9670/1/1040 9671/1/1040 8901/1/1040
f 9670/1/1040 8901/1/1040 8900/1/1040
f 9672/1/1041 9673/1/1041 8905/1/1041
f 9672/1/1041 8905/1/1041 8904/1/1041
s 1
f 9674/1/1225 9675/1/1226 9676/1/1227
f 9674/1/1225 9676/1/1227 9677/1/1228
s 0
f 9678/1/1229 8914/1/1229 9679/1/1229
f 9678/1/1047 9679/1/1047 9680/1/1047
f 8915/1/1048 9681/1/1048 9682/1/1048
f 8915/1/1048 9682/1/1048 9683/1/1048
s 1
f 9684/1/1230 9685/1/1231 9686/1/1232
f 9686/1/1232 9687/1/1233 9688/1/1234
f 9684/1/1230 9686/1/1232 9688/1/1234
s 0
f 9689/1/1054 9690/1/1054 8926/1/1054
f 9689/1/1054 8926/1/1054 8925/1/1054
s 1
f 9691/1/1235 9692/1/1236 9693/1/1237
f 9691/1/1235 9693/1/1237 9694/1/1238
f 9695/1/1239 9696/1/1240 9697/1/1241
f 9695/1/1239 9697/1/1241 9698/1/1242
f 9699/1/1243 9700/1/1243 9701/1/1243
s 0
f 9699/1/1243 9701/1/1243 9702/1/1243
s 1
f 9703/1/1244 9704/1/1245 9705/1/1246
f 9703/1/1244 9705/1/1246 9706/1/1247
f 9707/1/1248 9708/1/1249 9709/1/1250
f 9707/1/1248 9709/1/1250 9710/1/1251
s 0
f 9711/1/1252 9712/1/1252 9713/1/1252
f 9711/1/1252 9713/1/1252 9714/1/1252
s 1
f 9715/1/1253 9716/1/1254 9717/1/1255
f 9715/1/1253 9717/1/1255 9718/1/1256
s 0
f 9719/1/1077 9720/1/1077 8958/1/1077
f 9719/1/1077 8958/1/1077 8957/1/1077
s 1
f 9721/1/1257 9722/1/1258 9723/1/1259
f 9721/1/1257 9723/1/1259 9724/1/1260
s 0
f 9725/1/1261 9726/1/1261 8966/1/1261
f 9725/1/1082 8966/1/1082 8965/1/1082
f 9727/1/1083 9728/1/1083 8970/1/1083
f 9727/1/1083 8970/1/1083 8969/1/1083
f 8972/1/1084 8975/1/1084 9729/1/1084
f 8972/1/1084 9729/1/1084 9730/1/1084
s 1
f 9731/1/1262 9732/1/1263 9733/1/1264
f 9732/1/1263 9734/1/1265 9733/1/1264
f 9735/1/1266 9736/1/1267 9737/1/1268
f 9736/1/1267 9738/1/1269 9737/1/1268
s 0
f 9739/1/1093 9740/1/1093 8986/1/1093
f 9739/1/1093 8986/1/1093 8985/1/1093
f 8988/1/1094 8991/1/1094 9741/1/1094
f 8988/1/1095 9741/1/1095 9742/1/1095
s 1
f 9743/1/1270 9744/1/1271 9745/1/1272
f 9744/1/1271 9746/1/1273 9745/1/1272
s 0
f 8996/1/1100 8999/1/1100 9747/1/1100
f 8996/1/1100 9747/1/1100 9748/1/1100
f 9749/1/1102 9750/1/1102 9751/1/1102
f 9749/1/1102 9751/1/1102 9001/1/1102
s 1
f 9752/1/1274 9753/1/1275 9754/1/1276
f 9752/1/1274 9754/1/1276 9755/1/1277
f 9756/1/1278 9757/1/1279 9758/1/1280
f 9757/1/1279 9759/1/1281 9758/1/1280
s 0
f 9012/1/1095 9015/1/1095 9760/1/1095
f 9012/1/1095 9760/1/1095 9761/1/1095
s 1
f 9762/1/1282 9763/1/1283 9764/1/1284
f 9763/1/1283 9765/1/1285 9764/1/1284
f 9766/1/1286 9767/1/1287 9768/1/1288
f 9767/1/1287 9769/1/1289 9768/1/1288
s 0
f 9770/1/1120 9771/1/1120 9026/1/1120
f 9770/1/1120 9026/1/1120 9025/1/1120
f 9772/1/1121 9773/1/1121 9030/1/1121
f 9772/1/1121 9030/1/1121 9774/1/1121
f 9032/6/55 9035/6/55 9775/7/55
f 9032/6/55 9775/7/55 9776/7/55
f 9032/6/55 9037/6/55 9777/7/55
f 9032/6/55 9777/7/55 9776/7/55
f 9541/7/1015 9778/7/1015 9779/16/1015
f 9541/7/1122 9779/16/1122 9540/16/1122
f 9040/6/586 9043/6/586 9780/7/586
f 9040/6/586 9780/7/586 9781/7/586
f 9044/6/1123 9047/6/1123 9782/7/1123
f 9044/6/1123 9782/7/1123 9783/7/1123
f 9052/6/1124 9055/6/1124 9784/7/1124
f 9052/6/1124 9784/7/1124 9785/18/1124
f 9056/6/507 9059/6/507 9786/7/507
f 9056/6/507 9786/7/507 9787/7/507
f 9059/6/508 9061/6/508 9788/7/508
f 9059/6/508 9788/7/508 9786/7/508
f 9789/7/1290 9790/7/1290 9791/7/1290
f 9789/7/1290 9791/7/1290 9792/7/1290
f 9793/7/1290 9794/7/1290 9795/7/1290
f 9793/7/1290 9795/7/1290 9796/7/1290
f 9797/7/1291 9798/7/1291 9799/18/1291
f 9797/7/1292 9799/18/1292 9800/7/1292
f 9074/6/1128 9077/6/1128 9801/18/1128
f 9074/6/1128 9801/18/1128 9802/7/1128
f 9803/7/1129 9804/7/1129 9080/6/1129
f 9803/7/1129 9080/6/1129 9079/6/1129
f 9805/1/14 9806/1/14 9084/1/14
f 9805/1/14 9084/1/14 9083/1/14
s 1
f 9807/1/1293 9808/1/1294 9809/1/1295
f 9807/1/1293 9809/1/1295 9810/1/1296
s 0
f 9090/1/1134 9093/1/1134 9811/1/1134
f 9090/1/1134 9811/1/1134 9812/1/1134
f 9094/6/1135 9097/6/1135 9813/7/1135
f 9094/6/1135 9813/7/1135 9814/7/1135
f 9815/7/506 9816/7/506 9100/6/506
f 9815/7/506 9100/6/506 9099/6/506
s 1
f 9817/7/1297 9818/7/1298 9819/7/1299
f 9817/7/1297 9819/7/1299 9820/7/1300
f 9821/7/1301 9822/7/1302 9823/7/1303
f 9821/7/1301 9823/7/1303 9824/7/1304
s 0
f 9825/7/1144 9826/7/1144 9116/6/1144
f 9825/7/1144 9116/6/1144 9115/6/1144
f 9827/1/160 9828/1/160 9829/1/160
f 9827/1/160 9829/1/160 9830/1/160
f 9831/1/560 9832/1/560 9833/1/560
f 9831/1/560 9833/1/560 9834/1/560
f 9835/1/561 9836/1/561 9837/1/561
f 9835/1/561 9837/1/561 9838/1/561
f 9839/1/558 9840/1/558 9841/1/558
f 9839/1/558 9841/1/558 9842/1/558
f 9843/1/564 9844/1/564 9845/1/564
f 9843/1/564 9845/1/564 9846/1/564
f 9847/1/559 9848/1/559 9849/1/559
f 9847/1/559 9849/1/559 9850/1/559
f 9851/1/587 9852/1/587 9853/1/587
f 9851/1/587 9853/1/587 9854/1/587
f 9855/1/379 9856/1/379 9148/1/379
f 9855/1/379 9148/1/379 9147/1/379
f 9147/1/379 9151/1/379 9857/1/379
f 9147/1/379 9857/1/379 9855/1/379
f 9858/1/4 9859/1/4 9860/1/4
f 9858/1/4 9860/1/4 9861/1/4
f 9862/1/4 9863/1/4 9864/1/4
f 9860/1/4 9862/1/4 9864/1/4
f 9860/1/4 9864/1/4 9861/1/4
f 9159/1/1145 9162/1/1145 9865/1/1145
f 9159/1/1145 9865/1/1145 9866/1/1145
f 9858/1/4 9867/1/4 9868/1/4
f 9858/1/4 9868/1/4 9859/1/4
f 9856/1/379 9869/1/379 9165/1/379
f 9856/1/379 9165/1/379 9148/1/379
f 9870/1/1146 9871/1/1146 9169/1/1146
f 9870/1/1146 9169/1/1146 9168/1/1146
f 9867/1/4 9872/1/4 9873/1/4
f 9867/1/4 9873/1/4 9868/1/4
f 9874/1/1147 9875/1/1147 9876/1/1147
f 9874/1/1305 9876/1/1305 9877/1/1305
f 9878/1/615 9879/1/615 9880/1/615
f 9878/1/615 9880/1/615 9881/1/615
f 9882/1/589 9883/1/589 9884/1/589
f 9882/1/589 9884/1/589 9885/1/589
f 9886/1/586 9887/1/586 9888/1/586
f 9886/1/586 9888/1/586 9889/1/586
f 9890/1/600 9891/1/600 9892/1/600
f 9890/1/600 9892/1/600 9893/1/600
f 9894/1/510 9895/1/510 9896/1/510
f 9894/1/510 9896/1/510 9897/1/510
f 9898/1/592 9899/1/592 9900/1/592
f 9898/1/592 9900/1/592 9901/1/592
f 9902/1/588 9903/1/588 9904/1/588
f 9902/1/588 9904/1/588 9905/1/588
f 9906/1/599 9907/1/599 9908/1/599
f 9906/1/599 9908/1/599 9909/1/599
f 9910/1/625 9911/1/625 9912/1/625
f 9910/1/625 9912/1/625 9913/1/625
f 9914/1/630 9915/1/630 9916/1/630
f 9914/1/630 9916/1/630 9917/1/630
f 9918/1/626 9919/1/626 9920/1/626
f 9918/1/626 9920/1/626 9921/1/626
f 9922/1/4 9923/1/4 9924/1/4
f 9922/1/4 9924/1/4 9925/1/4
f 9225/1/1148 9926/1/1148 9927/1/1148
f 9225/1/1148 9927/1/1148 9226/1/1148
f 9928/1/4 9929/1/4 9930/1/4
f 9928/1/4 9930/1/4 9931/1/4
f 9928/1/4 9931/1/4 9932/1/4
f 9928/1/4 9932/1/4 9933/1/4
f 9934/1/4 9935/1/4 9936/1/4
f 9934/1/4 9936/1/4 9937/1/4
f 9239/1/1149 9242/1/1149 9938/1/1149
f 9239/1/1149 9938/1/1149 9939/1/1149
f 9932/1/4 9934/1/4 9937/1/4
f 9932/1/4 9937/1/4 9933/1/4
f 9243/1/1150 9246/1/1150 9940/1/1150
f 9243/1/1150 9940/1/1150 9941/1/1150
f 9935/1/4 9942/1/4 9943/1/4
f 9935/1/4 9943/1/4 9936/1/4
f 9249/1/1151 9252/1/1151 9944/1/1151
f 9249/1/1151 9944/1/1151 9945/1/1151
f 9946/1/1153 9947/1/1153 9255/1/1153
f 9946/1/1153 9255/1/1153 9254/1/1153
f 9948/1/17 9949/1/17 9950/1/17
f 9948/1/17 9950/1/17 9951/1/17
f 9952/1/17 9949/1/17 9948/1/17
f 9948/1/17 9953/1/17 9952/1/17
s 1
f 9954/7/1306 9955/18/1307 9956/7/1308
f 9954/7/1306 9956/7/1308 9957/7/1309
s 0
f 9958/1/17 9959/1/17 9960/18/17
f 9958/1/17 9960/18/17 9961/7/17
s 1
f 9962/7/1310 9963/7/1311 9964/7/1312
f 9962/7/1310 9964/7/1312 9965/7/1313
s 0
f 9872/1/4 9966/1/4 9967/1/4
f 9872/1/4 9967/1/4 9873/1/4
f 9968/1/1162 9969/1/1162 9278/1/1162
s 1
f 9970/1/1314 9971/1/1315 9972/1/1316
f 9970/1/1314 9972/1/1316 9973/1/1317
s 0
f 9284/1/1167 9974/1/1167 9975/1/1167
f 9284/1/1167 9975/1/1167 9285/1/1167
f 9976/7/1169 9977/7/1169 9290/6/1169
f 9976/7/1169 9290/6/1169 9289/6/1169
f 9978/1/17 9979/1/17 9980/1/17
f 9978/1/17 9980/1/17 9981/1/17
f 9982/1/614 9983/1/614 9984/1/614
f 9982/1/614 9984/1/614 9985/1/614
f 9986/1/510 9987/1/510 9988/1/510
f 9986/1/510 9988/1/510 9989/1/510
f 9990/1/4 9991/1/4 9992/1/4
f 9990/1/4 9992/1/4 9993/1/4
f 9993/1/4 9992/1/4 9994/1/4
f 9993/1/4 9994/1/4 9995/1/4
f 9994/1/4 9996/1/4 9995/1/4
f 9997/1/4 9998/1/4 9999/1/4
f 9997/1/4 9999/1/4 10000/1/4
f 10001/1/4 10002/1/4 10003/1/4
f 10001/1/4 10003/1/4 10004/1/4
f 10005/1/4 10001/1/4 10004/1/4
f 10005/1/4 10004/1/4 10006/1/4
f 10007/1/4 10008/1/4 10009/1/4
f 10007/1/4 10009/1/4 10010/1/4
f 10011/1/4 10012/1/4 10013/1/4
f 10011/1/4 10013/1/4 10014/1/4
f 10008/1/4 10011/1/4 10009/1/4
f 10011/1/4 10014/1/4 10009/1/4
f 10015/1/562 10016/1/562 10017/1/562
f 10015/1/562 10017/1/562 10018/1/562
s 1
f 10019/1/1318 10020/1/1319 10021/1/1320
f 10019/1/1318 10021/1/1320 10022/1/1321
f 10023/1/1322 10024/1/1323 10025/1/1324
f 10023/1/1322 10025/1/1324 10026/1/1325
f 10027/1/1326 10028/1/1327 10029/1/1328
f 10027/1/1326 10029/1/1328 10030/1/1329
f 10031/1/1330 10032/1/1331 10033/1/1332
f 10031/1/1330 10033/1/1332 10034/1/1333
f 10035/1/1334 10036/1/1335 10037/1/1336
f 10035/1/1334 10037/1/1336 10038/1/1337
f 10039/1/1338 10040/1/1339 10041/1/1340
f 10039/1/1338 10041/1/1340 10042/1/1341
f 10043/1/1342 10044/1/1343 10045/1/1344
f 10043/1/1342 10045/1/1344 10046/1/1345
s 0
f 10047/1/1017 9642/1/1017 8868/1/1017
f 10047/1/1017 8868/1/1017 9362/1/1017
f 10048/1/17 10049/1/17 10050/1/17
f 10048/1/17 10050/1/17 10051/1/17
f 10050/1/17 10052/1/17 10051/1/17
f 10052/1/17 10053/1/17 10051/1/17
f 10054/1/17 10055/1/17 10056/1/17
f 10054/1/17 10056/1/17 10057/1/17
f 10049/1/17 10058/1/17 10059/1/17
f 10049/1/17 10059/1/17 10050/1/17
f 10060/1/17 10061/1/17 10058/1/17
f 10060/1/17 10058/1/17 10049/1/17
f 10062/1/17 10060/1/17 10049/1/17
f 10062/1/17 10049/1/17 10048/1/17
f 10055/1/17 10063/1/17 10064/1/17
f 10055/1/17 10064/1/17 10056/1/17
f 10065/1/17 10054/1/17 10057/1/17
f 10065/1/17 10057/1/17 10066/1/17
f 10058/1/17 10067/1/17 10068/1/17
f 10058/1/17 10068/1/17 10059/1/17
f 10067/1/17 10065/1/17 10066/1/17
f 10067/1/17 10066/1/17 10068/1/17
f 10069/1/17 10070/1/17 10060/1/17
f 10069/1/17 10060/1/17 10062/1/17
f 10070/1/17 10071/1/17 10061/1/17
f 10070/1/17 10061/1/17 10060/1/17
f 10071/1/17 10072/1/17 10073/1/17
f 10071/1/17 10073/1/17 10061/1/17
f 9633/1/266 9632/1/266 10074/1/266
f 9633/1/266 10074/1/266 10075/1/266
f 10076/1/258 10077/1/258 10078/1/258
f 10076/1/258 10078/1/258 10079/1/258
f 10080/1/271 10081/1/271 10082/1/271
f 10080/1/271 10082/1/271 10083/1/271
f 10084/1/268 10085/1/268 10086/1/268
f 10084/1/268 10086/1/268 10087/1/268
f 10088/1/272 10089/1/272 10090/1/272
f 10088/1/272 10090/1/272 10091/1/272
f 10092/1/270 10093/1/270 10094/1/270
f 10092/1/270 10094/1/270 10095/1/270
f 10096/1/256 10097/1/256 10098/1/256
f 10096/1/256 10098/1/256 10099/1/256
f 10100/1/275 10101/1/275 10102/1/275
f 10100/1/275 10102/1/275 10103/1/275
f 9601/1/255 9600/1/255 10104/1/255
f 9601/1/255 10104/1/255 10105/1/255
f 10106/1/276 10107/1/276 10108/1/276
f 10106/1/276 10108/1/276 10109/1/276
f 10110/1/257 10111/1/257 10112/1/257
f 10110/1/257 10112/1/257 10113/1/257
f 10114/4/17 10115/4/17 10116/1/17
f 10114/4/17 10116/1/17 10117/1/17
f 10118/4/17 10119/4/17 10120/1/17
f 10118/4/17 10120/1/17 10121/1/17
f 10122/11/17 10118/4/17 10121/1/17
f 10122/11/17 10121/1/17 10123/1/17
f 10115/4/17 10122/11/17 10116/1/17
f 10122/11/17 10123/1/17 10116/1/17
f 10124/4/17 10125/4/17 10126/1/17
f 10124/4/17 10126/1/17 10127/1/17
f 10119/4/17 10124/4/17 10127/1/17
f 10119/4/17 10127/1/17 10120/1/17
f 10128/1/84 10129/1/84 10130/1/84
f 10128/1/84 10130/1/84 10131/1/84
f 10132/4/86 10133/4/86 10134/4/86
f 10132/4/86 10134/4/86 10135/4/86
f 10136/4/83 10137/4/83 10138/4/83
f 10136/4/83 10138/4/83 10139/4/83
f 10140/11/82 10141/11/82 10142/4/82
f 10140/11/82 10142/4/82 10143/4/82
f 9579/1/87 9578/1/87 10144/1/87
f 9579/1/87 10144/1/87 10145/1/87
f 10135/4/86 10134/4/86 10146/4/86
f 10135/4/86 10146/4/86 10147/4/86
f 9575/1/80 9574/1/80 10148/1/80
f 9575/1/80 10148/1/80 10149/1/80
f 10150/4/72 10151/4/72 10152/1/72
f 10150/4/72 10152/1/72 10153/1/72
f 10154/9/4 10155/15/4 10156/14/4
f 10154/9/4 10156/14/4 10157/8/4
f 10156/14/4 10158/14/4 10159/8/4
f 10156/14/4 10159/8/4 10157/8/4
f 10158/14/4 10160/14/4 10161/8/4
f 10158/14/4 10161/8/4 10159/8/4
f 10160/14/4 10162/14/4 10161/8/4
f 10162/14/4 10163/8/4 10161/8/4
f 10164/14/4 10165/14/4 10166/8/4
f 10164/14/4 10166/8/4 10167/8/4
f 10165/14/4 10168/14/4 10169/8/4
f 10165/14/4 10169/8/4 10166/8/4
f 10162/14/4 10164/14/4 10167/8/4
f 10162/14/4 10167/8/4 10163/8/4
f 10170/1/1346 10171/1/1346 10172/1/1346
f 10170/1/54 10172/1/54 10173/1/54
f 9777/7/55 10174/7/55 10175/7/55
f 9777/7/55 10175/7/55 9776/7/55
f 10176/1/57 10177/1/57 10178/1/57
f 10176/1/57 10178/1/57 10179/1/57
f 10180/5/51 10181/5/51 10182/4/51
f 10180/5/51 10182/4/51 10183/4/51
f 10184/1/54 10185/1/54 10171/1/54
f 10184/1/54 10171/1/54 10170/1/54
f 10186/7/58 10187/7/58 10188/7/58
f 10186/7/58 10188/7/58 10189/7/58
f 10190/1/56 10191/1/56 10192/7/56
f 10190/1/56 10192/7/56 10193/7/56
f 10194/1/52 10195/1/52 10196/1/52
f 10194/1/52 10196/1/52 10197/1/52
f 10198/1/17 10199/1/17 10200/1/17
f 10198/1/17 10200/1/17 10201/1/17
f 10202/1/1347 10203/1/1347 10204/1/1347
f 10202/1/1347 10204/1/1347 10205/1/1347
f 10206/1/262 10207/1/262 10208/1/262
f 10206/1/262 10208/1/262 10209/1/262
s 1
f 10210/1/1348 10211/1/1349 10212/1/1350
f 10210/1/1348 10212/1/1350 10213/1/1351
s 0
f 10214/1/1202 10215/7/1202 9530/1/1202
usemtl purple
f 10216/4/4 10217/4/4 10218/4/4
f 10216/4/4 10218/4/4 10219/4/4
f 10220/1/4 10221/4/4 10222/4/4
f 10220/1/4 10222/4/4 10223/1/4
f 10224/4/1352 10225/3/1352 10226/3/1352
f 10224/4/1352 10226/3/1352 10227/4/1352
f 10228/1/4 10229/4/4 10230/4/4
f 10228/1/4 10230/4/4 10231/1/4
f 10229/4/4 10228/1/4 10232/1/4
f 10229/4/4 10232/1/4 10233/4/4
f 10225/3/1352 10224/4/1352 10234/4/1352
f 10225/3/1352 10234/4/1352 10235/3/1352
f 10236/1/1353 10237/3/1353 10238/4/1353
f 10239/1/1353 10236/1/1353 10240/1/1353
f 10241/3/1354 10242/4/1354 10243/4/1354
f 10241/3/1354 10243/4/1354 10244/3/1354
f 10233/4/4 10232/1/4 10245/1/4
f 10233/4/4 10245/1/4 10246/4/4
f 10247/1/4 10248/1/4 10249/1/4
f 10247/1/4 10249/1/4 10250/1/4
f 10251/1/17 10252/1/17 10253/1/17
f 10251/1/17 10253/1/17 10254/1/17
f 10255/1/17 10252/1/17 10251/1/17
f 10256/1/1355 10257/1/1355 10258/1/1355
f 10256/1/1355 10259/4/1355 10260/3/1355
f 10254/1/17 10253/1/17 10261/1/17
f 10254/1/17 10261/1/17 10262/1/17
f 10263/1/1146 10264/1/1146 10265/1/1146
f 10263/1/1146 10265/1/1146 10266/1/1146
f 10267/1/17 10268/1/17 10269/1/17
f 10267/1/17 10269/1/17 10270/1/17
f 10262/1/17 10261/1/17 10268/1/17
f 10262/1/17 10268/1/17 10267/1/17
f 10271/1/4 10272/1/4 10273/1/4
f 10271/1/4 10273/1/4 10274/1/4
f 10275/1/130 10276/1/130 10277/1/130
f 10275/1/130 10277/1/130 10278/1/130
f 10279/1/1356 10280/1/1356 10281/1/1356
f 10279/1/129 10281/1/129 10282/1/129
f 10283/1/129 10284/1/129 10285/1/129
f 10283/1/129 10285/1/129 10286/1/129
f 10287/1/127 10288/1/127 10289/1/127
f 10287/1/127 10289/1/127 10290/1/127
f 10291/1/17 10292/1/17 10293/1/17
f 10291/1/17 10293/1/17 10294/1/17
f 10295/1/17 10296/1/17 10297/1/17
f 10295/1/17 10297/1/17 10298/1/17
f 10294/1/17 10293/1/17 10299/1/17
f 10294/1/17 10299/1/17 10300/1/17
f 10297/1/17 10294/1/17 10300/1/17
f 10297/1/17 10300/1/17 10301/1/17
f 10296/1/17 10291/1/17 10294/1/17
f 10296/1/17 10294/1/17 10297/1/17
f 10300/1/17 10299/1/17 10302/1/17
f 10299/1/17 10303/1/17 10302/1/17
f 10304/1/17 10305/1/17 10306/1/17
f 10304/1/17 10306/1/17 10307/1/17
f 10308/1/17 10309/1/17 10310/1/17
f 10308/1/17 10310/1/17 10311/1/17
f 10308/1/17 10304/1/17 10307/1/17
f 10308/1/17 10307/1/17 10309/1/17
f 10312/1/17 10313/1/17 10314/1/17
f 10312/1/17 10314/1/17 10315/1/17
f 10316/1/17 10312/1/17 10315/1/17
f 10316/1/17 10315/1/17 10317/1/17
f 10310/1/17 10309/1/17 10312/1/17
f 10310/1/17 10312/1/17 10316/1/17
f 10309/1/17 10307/1/17 10313/1/17
f 10309/1/17 10313/1/17 10312/1/17
f 10316/1/17 10317/1/17 10318/1/17
f 10316/1/17 10318/1/17 10319/1/17
f 10320/1/17 10321/1/17 10322/1/17
f 10320/1/17 10322/1/17 10323/1/17
f 10319/1/17 10318/1/17 10321/1/17
f 10319/1/17 10321/1/17 10320/1/17
f 10324/1/1357 10325/1/1357 10326/1/1357
f 10324/1/1357 10326/1/1357 10327/1/1357
f 10328/1/1358 10329/1/1358 10330/1/1358
f 10328/1/1358 10330/1/1358 10331/1/1358
f 10332/1/1359 10333/1/1359 10334/1/1359
f 10332/1/1359 10334/1/1359 10335/1/1359
f 10336/1/17 10337/1/17 10338/1/17
f 10336/1/17 10338/1/17 10339/1/17
f 10340/1/17 10341/1/17 10342/1/17
f 10340/1/17 10342/1/17 10343/1/17
f 10336/1/17 10339/1/17 10341/1/17
f 10336/1/17 10341/1/17 10340/1/17
f 10344/1/1360 10345/1/1360 10346/1/1360
f 10344/1/1361 10346/1/1361 10347/1/1361
f 10348/1/1362 10349/1/1362 10350/1/1362
f 10348/1/1362 10350/1/1362 10351/1/1362
f 10343/1/17 10342/1/17 10352/1/17
f 10343/1/17 10352/1/17 10353/1/17
f 10354/1/1363 10355/1/1363 10356/1/1363
f 10354/1/1363 10356/1/1363 10357/1/1363
f 10358/1/17 10359/1/17 10360/1/17
f 10358/1/17 10360/1/17 10361/1/17
f 10362/1/1364 10363/1/1364 10364/1/1364
f 10362/1/1364 10364/1/1364 10365/1/1364
f 10358/1/17 10343/1/17 10353/1/17
f 10358/1/17 10353/1/17 10359/1/17
f 10366/1/1365 10367/1/1365 10368/1/1365
f 10366/1/1365 10368/1/1365 10369/1/1365
f 10370/1/17 10336/1/17 10340/1/17
f 10370/1/17 10340/1/17 10371/1/17
f 10371/1/17 10340/1/17 10343/1/17
f 10371/1/17 10343/1/17 10358/1/17
f 10370/1/17 10372/1/17 10337/1/17
f 10370/1/17 10337/1/17 10336/1/17
f 10373/1/1359 10374/1/1359 10333/1/1359
f 10373/1/1359 10333/1/1359 10332/1/1359
f 10361/1/17 10360/1/17 10375/1/17
f 10360/1/17 10376/1/17 10375/1/17
f 10376/1/17 10360/1/17 10377/1/17
f 10376/1/17 10377/1/17 10378/1/17
f 10379/1/1366 10380/1/1366 10381/1/1366
f 10379/1/1366 10381/1/1366 10382/1/1366
f 10378/1/17 10377/1/17 10383/1/17
f 10378/1/17 10383/1/17 10384/1/17
f 10385/1/1367 10386/1/1367 10387/1/1367
f 10385/1/1367 10387/1/1367 10388/1/1367
f 10389/1/1368 10390/1/1368 10391/1/1368
f 10389/1/1368 10391/1/1368 10392/1/1368
f 10393/1/17 10394/1/17 10395/1/17
f 10393/1/17 10395/1/17 10396/1/17
f 10397/1/1369 10398/1/1369 10399/1/1369
f 10397/1/1370 10399/1/1370 10400/1/1370
f 10401/1/17 10402/1/17 10403/1/17
f 10401/1/17 10403/1/17 10404/1/17
f 10393/1/17 10396/1/17 10402/1/17
f 10393/1/17 10402/1/17 10401/1/17
f 10405/1/200 10406/1/200 10407/1/200
f 10405/1/200 10407/1/200 10408/1/200
f 10409/1/189 10410/1/189 10411/1/189
f 10409/1/189 10411/1/189 10412/1/189
f 10413/1/199 10414/1/199 10415/1/199
f 10413/1/199 10415/1/199 10416/1/199
f 10417/1/193 10418/1/193 10419/1/193
f 10417/1/193 10419/1/193 10420/1/193
f 10421/1/191 10422/1/191 10423/1/191
f 10421/1/191 10423/1/191 10424/1/191
f 10425/1/194 10426/1/194 10427/1/194
f 10425/1/194 10427/1/194 10428/1/194
f 10429/1/195 10430/1/195 10431/1/195
f 10429/1/195 10431/1/195 10432/1/195
f 10433/1/198 10434/1/198 10435/1/198
f 10433/1/198 10435/1/198 10436/1/198
f 10437/1/192 10438/1/192 10439/1/192
f 10437/1/192 10439/1/192 10440/1/192
f 10422/1/202 10441/1/202 10442/1/202
f 10422/1/191 10442/1/191 10423/1/191
f 10443/1/197 10444/1/197 10445/1/197
f 10443/1/197 10445/1/197 10446/1/197
f 10447/1/191 10421/1/191 10424/1/191
f 10447/1/191 10424/1/191 10448/1/191
f 10449/1/190 10450/1/190 10451/1/190
f 10449/1/190 10451/1/190 10452/1/190
f 10453/1/205 10454/1/205 10455/1/205
f 10453/1/205 10455/1/205 10456/1/205
f 10457/1/188 10458/1/188 10459/1/188
f 10457/1/188 10459/1/188 10460/1/188
f 10461/1/203 10462/1/203 10463/1/203
f 10461/1/203 10463/1/203 10464/1/203
f 10465/1/191 10447/1/191 10448/1/191
f 10465/1/191 10448/1/191 10466/1/191
f 10467/1/839 10468/1/839 10469/1/839
f 10467/1/201 10469/1/201 10470/1/201
f 10471/1/1371 10472/1/1371 10473/1/1371
f 10471/1/1371 10473/1/1371 10474/1/1371
f 10475/1/4 10476/1/4 10477/1/4
f 10475/1/4 10477/1/4 10478/1/4
f 10479/1/1372 10480/1/1372 10481/1/1372
f 10479/1/1372 10481/1/1372 10482/1/1372
f 10477/1/4 10476/1/4 10483/1/4
f 10477/1/4 10483/1/4 10484/1/4
f 10485/1/17 10486/1/17 10487/1/17
f 10485/1/17 10487/1/17 10488/1/17
f 10488/1/17 10487/1/17 10489/1/17
f 10488/1/17 10489/1/17 10490/1/17
f 10491/1/17 10492/1/17 10493/1/17
f 10491/1/17 10493/1/17 10494/1/17
f 10495/1/17 10496/1/17 10492/1/17
f 10495/1/17 10492/1/17 10491/1/17
f 10497/1/17 10498/1/17 10496/1/17
f 10497/1/17 10496/1/17 10495/1/17
f 10499/1/17 10500/1/17 10486/1/17
f 10499/1/17 10486/1/17 10485/1/17
f 10501/1/17 10499/1/17 10485/1/17
f 10501/1/17 10485/1/17 10502/1/17
f 10503/1/17 10488/1/17 10490/1/17
f 10503/1/17 10490/1/17 10504/1/17
f 10492/1/17 10505/1/17 10506/1/17
f 10492/1/17 10506/1/17 10493/1/17
f 10498/1/17 10507/1/17 10508/1/17
f 10498/1/17 10508/1/17 10496/1/17
f 10505/1/17 10503/1/17 10504/1/17
f 10505/1/17 10504/1/17 10506/1/17
f 10507/1/17 10501/1/17 10502/1/17
f 10507/1/17 10502/1/17 10508/1/17
f 10509/1/228 10510/1/228 10511/1/228
f 10509/1/228 10511/1/228 10512/1/228
f 10513/1/4 10514/1/4 10515/1/4
f 10513/1/4 10515/1/4 10516/1/4
f 10517/1/4 10518/1/4 10519/1/4
f 10517/1/4 10519/1/4 10520/1/4
f 10516/1/4 10515/1/4 10518/1/4
f 10516/1/4 10518/1/4 10517/1/4
f 10520/1/4 10519/1/4 10521/1/4
f 10520/1/4 10521/1/4 10522/1/4
f 10523/1/1373 10524/1/1373 10525/1/1373
f 10523/1/1373 10525/1/1373 10526/1/1373
f 10527/1/1374 10528/1/1374 10529/1/1374
f 10527/1/1374 10529/1/1374 10530/1/1374
f 10531/1/1375 10532/1/1375 10533/1/1375
f 10531/1/1375 10533/1/1375 10534/1/1375
f 10535/1/1376 10536/1/1376 10537/1/1376
f 10535/1/1377 10537/1/1377 10538/1/1377
f 10539/1/1378 10540/1/1378 10541/1/1378
f 10539/1/1378 10541/1/1378 10542/1/1378
f 10543/1/1379 10544/1/1379 10545/1/1379
f 10543/1/1380 10545/1/1380 10546/1/1380
f 10547/1/243 10548/1/243 10549/1/243
f 10547/1/243 10549/1/243 10550/1/243
f 10551/1/246 10552/1/246 10553/1/246
f 10551/1/246 10553/1/246 10554/1/246
f 10555/1/1381 10556/1/1381 10557/1/1381
f 10555/1/1381 10557/1/1381 10558/1/1381
f 10559/1/53 10560/1/53 10561/1/53
f 10559/1/53 10561/1/53 10562/1/53
f 10563/1/1379 10564/1/1379 10544/1/1379
f 10563/1/1379 10544/1/1379 10543/1/1379
f 10565/1/1378 10540/1/1378 10539/1/1378
f 10565/1/1378 10539/1/1378 10566/1/1378
f 10567/1/1382 10568/1/1382 10569/1/1382
f 10567/1/1382 10569/1/1382 10570/1/1382
f 10571/1/1383 10572/1/1383 10573/1/1383
f 10571/1/1383 10573/1/1383 10574/1/1383
s 1
f 10575/1/1384 10576/1/1384 10577/1/1384
s 0
f 10575/1/1384 10577/1/1384 10578/1/1384
f 10579/1/1385 10580/1/1385 10581/1/1385
f 10579/1/1385 10581/1/1385 10582/1/1385
f 10583/1/1386 10584/1/1386 10585/1/1386
f 10583/1/1386 10585/1/1386 10586/1/1386
f 10587/1/1387 10588/1/1387 10589/1/1387
f 10587/1/1387 10589/1/1387 10590/1/1387
f 10591/1/1388 10592/1/1388 10593/1/1388
f 10591/1/1388 10593/1/1388 10594/1/1388
f 10595/1/338 10596/1/338 10597/1/338
f 10595/1/338 10597/1/338 10598/1/338
f 10599/1/1383 10600/1/1383 10572/1/1383
f 10599/1/1383 10572/1/1383 10571/1/1383
f 10601/1/4 10602/1/4 10603/1/4
f 10601/1/4 10603/1/4 10604/1/4
f 10605/1/4 10606/1/4 10607/1/4
f 10605/1/4 10607/1/4 10608/1/4
f 10609/1/4 10610/1/4 10611/1/4
f 10609/1/4 10611/1/4 10612/1/4
f 10610/1/4 10605/1/4 10608/1/4
f 10610/1/4 10608/1/4 10611/1/4
f 10613/1/4 10601/1/4 10604/1/4
f 10613/1/4 10604/1/4 10614/1/4
f 10606/1/4 10613/1/4 10614/1/4
f 10606/1/4 10614/1/4 10607/1/4
f 10615/1/339 10616/1/339 10617/1/339
f 10615/1/339 10617/1/339 10618/1/339
f 10619/1/1389 10620/1/1389 10621/1/1389
f 10619/1/1389 10621/1/1389 10622/1/1389
f 10623/1/341 10624/1/341 10625/1/341
f 10623/1/341 10625/1/341 10626/1/341
f 10627/1/17 10628/1/17 10629/1/17
f 10627/1/17 10629/1/17 10630/1/17
f 10631/1/17 10632/1/17 10628/1/17
f 10631/1/17 10628/1/17 10627/1/17
f 10633/1/351 10634/1/351 10635/1/351
f 10633/1/351 10635/1/351 10636/1/351
f 10637/1/355 10638/1/355 10639/1/355
f 10637/1/355 10639/1/355 10640/1/355
f 10641/1/356 10642/1/356 10643/1/356
f 10641/1/356 10643/1/356 10644/1/356
f 10645/1/353 10646/1/353 10647/1/353
f 10645/1/353 10647/1/353 10648/1/353
f 10649/1/1390 10650/1/1390 10651/1/1390
f 10649/1/1390 10651/1/1390 10652/1/1390
f 10653/1/412 10654/1/412 10655/1/412
f 10653/1/412 10655/1/412 10656/1/412
f 10657/1/395 10658/1/395 10659/1/395
f 10657/1/394 10659/1/394 10660/1/394
f 10661/1/426 10662/1/426 10663/1/426
f 10661/1/426 10663/1/426 10664/1/426
f 10665/1/392 10666/1/392 10667/1/392
f 10665/1/392 10667/1/392 10668/1/392
f 10669/1/420 10670/1/420 10671/1/420
f 10669/1/420 10671/1/420 10672/1/420
f 10673/1/420 10674/1/420 10675/1/420
f 10673/1/420 10675/1/420 10676/1/420
f 10677/1/419 10678/1/419 10679/1/419
f 10677/1/419 10679/1/419 10680/1/419
f 10681/1/425 10682/1/425 10683/1/425
f 10681/1/425 10683/1/425 10684/1/425
f 10685/1/398 10686/1/398 10687/1/398
f 10685/1/398 10687/1/398 10688/1/398
f 10689/1/401 10690/1/401 10691/1/401
f 10689/1/401 10691/1/401 10692/1/401
f 10693/1/429 10694/1/429 10695/1/429
f 10693/1/429 10695/1/429 10696/1/429
f 10697/1/397 10698/1/397 10699/1/397
f 10697/1/397 10699/1/397 10700/1/397
f 10701/1/427 10702/1/427 10703/1/427
f 10701/1/427 10703/1/427 10704/1/427
f 10670/1/420 10705/1/420 10706/1/420
f 10670/1/420 10706/1/420 10671/1/420
f 10707/1/17 10708/1/17 10709/1/17
f 10707/1/17 10709/1/17 10710/1/17
f 10711/1/17 10712/1/17 10713/1/17
f 10711/1/17 10713/1/17 10714/1/17
f 10714/1/17 10713/1/17 10715/1/17
f 10714/1/17 10715/1/17 10716/1/17
f 10711/1/17 10714/1/17 10717/1/17
f 10714/1/17 10718/1/17 10717/1/17
f 10596/1/338 10719/1/338 10720/1/338
f 10596/1/338 10720/1/338 10597/1/338
f 10721/1/483 10722/1/483 10723/1/483
f 10721/1/483 10723/1/483 10724/1/483
f 10725/1/484 10726/1/484 10727/1/484
f 10725/1/484 10727/1/484 10728/1/484
f 10729/1/1391 10730/1/1391 10731/1/1391
f 10729/1/1392 10731/1/1392 10732/1/1392
f 10733/1/1393 10734/1/1393 10735/1/1393
f 10733/1/1393 10735/1/1393 10736/1/1393
f 10737/1/1394 10738/1/1394 10739/1/1394
f 10737/1/1394 10739/1/1394 10740/1/1394
f 10487/1/17 10741/1/17 10742/1/17
f 10487/1/17 10742/1/17 10489/1/17
f 10743/1/17 10744/1/17 10745/1/17
f 10743/1/17 10745/1/17 10746/1/17
f 10744/1/17 10747/1/17 10748/1/17
f 10744/1/17 10748/1/17 10749/1/17
f 10745/1/17 10744/1/17 10749/1/17
f 10745/1/17 10749/1/17 10750/1/17
f 10751/1/17 10747/1/17 10744/1/17
f 10751/1/17 10744/1/17 10743/1/17
f 10646/1/353 10752/1/353 10753/1/353
f 10646/1/353 10753/1/353 10647/1/353
f 10754/1/350 10755/1/350 10756/1/350
f 10754/1/350 10756/1/350 10757/1/350
f 10758/1/356 10641/1/356 10644/1/356
f 10758/1/356 10644/1/356 10759/1/356
f 10760/1/354 10761/1/354 10762/1/354
f 10760/1/354 10762/1/354 10763/1/354
f 10764/1/4 10765/1/4 10766/1/4
f 10764/1/4 10766/1/4 10767/1/4
f 10764/1/4 10767/1/4 10768/1/4
f 10764/1/4 10768/1/4 10769/1/4
f 10767/1/4 10766/1/4 10770/1/4
f 10767/1/4 10770/1/4 10771/1/4
f 10772/1/479 10773/1/479 10774/1/479
f 10772/1/479 10774/1/479 10775/1/479
f 10776/1/482 10777/1/482 10778/1/482
f 10776/1/482 10778/1/482 10779/1/482
f 10780/1/481 10781/1/481 10782/1/481
f 10780/1/481 10782/1/481 10783/1/481
f 10784/1/486 10785/1/486 10786/1/486
f 10784/1/486 10786/1/486 10787/1/486
f 10788/1/485 10789/1/485 10790/1/485
f 10788/1/485 10790/1/485 10791/1/485
f 10792/1/488 10793/1/488 10794/1/488
f 10792/1/488 10794/1/488 10795/1/488
f 10796/1/17 10797/1/17 10798/1/17
f 10798/1/17 10799/1/17 10800/1/17
f 10801/1/17 10802/1/17 10803/1/17
f 10798/1/17 10800/1/17 10801/1/17
f 10803/1/17 10796/1/17 10798/1/17
f 10798/1/17 10801/1/17 10803/1/17
f 10804/1/340 10805/1/340 10806/1/340
f 10804/1/340 10806/1/340 10807/1/340
f 10808/1/339 10615/1/339 10618/1/339
f 10808/1/339 10618/1/339 10809/1/339
f 10810/1/342 10811/1/342 10812/1/342
f 10810/1/342 10812/1/342 10813/1/342
f 10814/1/337 10815/1/337 10816/1/337
f 10814/1/337 10816/1/337 10817/1/337
f 10818/1/1395 10819/1/1395 10820/1/1395
f 10818/1/1395 10820/1/1395 10821/1/1395
f 10822/1/17 10823/1/17 10824/1/17
f 10822/1/17 10824/1/17 10825/1/17
f 10826/1/17 10827/1/17 10828/1/17
f 10826/1/17 10828/1/17 10829/1/17
f 10830/1/17 10831/1/17 10827/1/17
f 10830/1/17 10827/1/17 10826/1/17
f 10832/1/17 10833/1/17 10831/1/17
f 10832/1/17 10831/1/17 10830/1/17
f 10825/1/17 10824/1/17 10833/1/17
f 10825/1/17 10833/1/17 10832/1/17
f 10834/1/17 10835/1/17 10836/1/17
f 10834/1/17 10836/1/17 10837/1/17
f 10838/1/17 10839/1/17 10840/1/17
f 10838/1/17 10840/1/17 10841/1/17
f 10842/1/17 10843/1/17 10844/1/17
f 10842/1/17 10844/1/17 10845/1/17
f 10841/1/17 10840/1/17 10846/1/17
f 10841/1/17 10846/1/17 10847/1/17
f 10847/1/17 10846/1/17 10843/1/17
f 10847/1/17 10843/1/17 10842/1/17
f 10835/1/17 10844/1/17 10848/1/17
f 10835/1/17 10848/1/17 10849/1/17
f 10850/1/4 10851/1/4 10852/1/4
f 10836/1/17 10835/1/17 10849/1/17
f 10836/1/17 10849/1/17 10853/1/17
f 10845/1/17 10844/1/17 10835/1/17
f 10845/1/17 10835/1/17 10834/1/17
f 10854/1/396 10855/1/396 10856/1/396
f 10854/1/396 10856/1/396 10857/1/396
f 10858/1/422 10859/1/422 10860/1/422
f 10858/1/422 10860/1/422 10861/1/422
f 10862/1/421 10863/1/421 10864/1/421
f 10862/1/421 10864/1/421 10865/1/421
f 10705/1/420 10673/1/420 10676/1/420
f 10705/1/420 10676/1/420 10706/1/420
f 10866/1/393 10867/1/393 10868/1/393
f 10866/1/393 10868/1/393 10869/1/393
f 10870/1/394 10871/1/394 10872/1/394
f 10870/1/394 10872/1/394 10873/1/394
f 10874/1/424 10875/1/424 10876/1/424
f 10874/1/424 10876/1/424 10877/1/424
f 10878/1/108 10879/1/108 10880/1/108
f 10878/1/108 10880/1/108 10881/1/108
f 10882/1/402 10883/1/402 10884/1/402
f 10882/1/402 10884/1/402 10885/1/402
f 10674/1/420 10886/1/420 10887/1/420
f 10674/1/420 10887/1/420 10675/1/420
f 10888/1/430 10889/1/430 10890/1/430
f 10888/1/430 10890/1/430 10891/1/430
f 10892/1/394 10870/1/394 10873/1/394
f 10892/1/394 10873/1/394 10893/1/394
f 10894/1/403 10895/1/403 10896/1/403
f 10894/1/403 10896/1/403 10897/1/403
f 10898/1/17 10899/1/17 10900/1/17
f 10898/1/17 10900/1/17 10901/1/17
f 10902/1/17 10903/1/17 10904/1/17
f 10902/1/17 10904/1/17 10905/1/17
f 10906/1/17 10907/1/17 10908/1/17
f 10906/1/17 10908/1/17 10909/1/17
f 10905/1/17 10904/1/17 10907/1/17
f 10905/1/17 10907/1/17 10906/1/17
f 10909/1/17 10908/1/17 10910/1/17
f 10909/1/17 10910/1/17 10911/1/17
f 10912/1/17 10913/1/17 10914/1/17
f 10912/1/17 10914/1/17 10915/1/17
f 10916/1/17 10917/1/17 10918/1/17
f 10916/1/17 10918/1/17 10919/1/17
f 10919/1/17 10918/1/17 10913/1/17
f 10919/1/17 10913/1/17 10912/1/17
f 10900/1/17 10899/1/17 10917/1/17
f 10900/1/17 10917/1/17 10916/1/17
f 10920/1/17 10921/1/17 10899/1/17
f 10920/1/17 10899/1/17 10898/1/17
f 10922/1/17 10902/1/17 10921/1/17
f 10922/1/17 10921/1/17 10920/1/17
f 10913/1/17 10923/1/17 10924/1/17
f 10913/1/17 10924/1/17 10914/1/17
f 10917/1/17 10925/1/17 10926/1/17
f 10917/1/17 10926/1/17 10918/1/17
f 10918/1/17 10926/1/17 10923/1/17
f 10918/1/17 10923/1/17 10913/1/17
f 10899/1/17 10921/1/17 10925/1/17
f 10899/1/17 10925/1/17 10917/1/17
f 10927/1/17 10903/1/17 10902/1/17
f 10927/1/17 10902/1/17 10922/1/17
f 10923/1/17 10909/1/17 10911/1/17
f 10923/1/17 10911/1/17 10924/1/17
f 10925/1/17 10905/1/17 10906/1/17
f 10925/1/17 10906/1/17 10926/1/17
f 10926/1/17 10906/1/17 10909/1/17
f 10926/1/17 10909/1/17 10923/1/17
f 10921/1/17 10902/1/17 10905/1/17
f 10921/1/17 10905/1/17 10925/1/17
f 10928/1/4 10929/1/4 10930/1/4
f 10930/1/4 10931/1/4 10932/1/4
f 10932/1/4 10933/1/4 10934/1/4
f 10934/1/4 10935/1/4 10928/1/4
f 10928/1/4 10930/1/4 10932/1/4
f 10932/1/4 10934/1/4 10928/1/4
f 10936/1/232 10937/1/232 10938/1/232
f 10936/1/232 10938/1/232 10939/1/232
f 10940/1/842 10941/1/842 10942/1/842
f 10940/1/234 10942/1/234 10943/1/234
f 10944/1/71 10945/1/71 10946/1/71
f 10944/1/71 10946/1/71 10947/1/71
f 10948/1/229 10949/1/229 10950/1/229
f 10948/1/229 10950/1/229 10951/1/229
f 10952/1/235 10953/1/235 10954/1/235
f 10952/1/235 10954/1/235 10955/1/235
f 10956/1/230 10957/1/230 10958/1/230
f 10956/1/1396 10958/1/1396 10959/1/1396
f 10960/1/233 10961/1/233 10962/1/233
f 10960/1/233 10962/1/233 10963/1/233
f 10964/1/4 10965/1/4 10966/1/4
f 10964/1/4 10966/1/4 10967/1/4
f 10968/1/4 10969/1/4 10965/1/4
f 10968/1/4 10965/1/4 10964/1/4
f 10970/1/4 10971/1/4 10972/1/4
f 10970/1/4 10972/1/4 10973/1/4
f 10973/1/4 10972/1/4 10969/1/4
f 10973/1/4 10969/1/4 10968/1/4
f 10555/1/1381 10558/1/1381 10974/1/1381
f 10555/1/1381 10974/1/1381 10975/1/1381
f 10563/1/1379 10543/1/1379 10976/1/1379
f 10563/1/1379 10976/1/1379 10977/1/1379
f 10978/1/244 10979/1/244 10980/1/244
f 10978/1/1397 10980/1/1397 10981/1/1397
f 10982/1/245 10983/1/245 10984/1/245
f 10982/1/245 10984/1/245 10985/1/245
f 10567/1/1382 10570/1/1382 10986/1/1382
f 10567/1/1382 10986/1/1382 10987/1/1382
f 10543/1/1380 10546/1/1380 10988/1/1380
f 10543/1/1379 10988/1/1379 10976/1/1379
f 10989/1/17 10990/1/17 10991/1/17
f 10989/1/17 10991/1/17 10992/1/17
f 10992/1/17 10991/1/17 10993/1/17
f 10992/1/17 10993/1/17 10994/1/17
f 10993/1/17 10991/1/17 10995/1/17
f 10993/1/17 10995/1/17 10996/1/17
f 10997/1/1398 10998/1/1398 10999/1/1398
f 10997/1/133 10999/1/133 11000/1/133
f 11001/1/125 11002/1/125 11003/1/125
f 11001/1/1399 11003/1/1399 11004/1/1399
f 11005/1/132 11006/1/132 11007/1/132
f 11005/1/131 11007/1/131 11008/1/131
f 11009/1/1400 11010/1/1400 11011/1/1400
f 11009/1/1401 11011/1/1401 11012/1/1401
f 10288/1/127 11013/1/127 11014/1/127
f 10288/1/1402 11014/1/1402 10289/1/1402
f 11015/1/1403 11016/1/1403 11017/1/1403
f 11015/1/1403 11017/1/1403 11018/1/1403
f 11019/1/17 11020/1/17 11021/1/17
f 11019/1/17 11021/1/17 11022/1/17
f 11023/1/17 11024/1/17 11025/1/17
f 11023/1/17 11025/1/17 11026/1/17
f 11027/1/1404 11028/1/1404 11029/1/1404
f 11027/1/1405 11029/1/1405 11030/1/1405
f 11031/1/1406 11032/1/1406 11033/1/1406
f 11031/1/126 11033/1/126 11034/1/126
f 11035/1/17 11036/1/17 11037/1/17
f 11035/1/17 11037/1/17 11038/1/17
f 11039/1/357 11040/1/357 11041/1/357
f 11039/1/357 11041/1/357 11042/1/357
f 11043/1/359 11044/1/359 11045/1/359
f 11043/1/359 11045/1/359 11046/1/359
f 11047/1/352 11048/1/352 11049/1/352
f 11047/1/352 11049/1/352 11050/1/352
f 11051/4/17 11052/4/17 11053/4/17
f 11051/4/17 11053/4/17 11054/4/17
f 11055/1/17 11056/1/17 11057/4/17
f 11055/1/17 11057/4/17 11058/4/17
f 11059/4/1352 11060/4/1352 10226/3/1352
f 11059/4/1352 10226/3/1352 10225/3/1352
f 11061/1/17 11062/1/17 11063/4/17
f 11061/1/17 11063/4/17 11064/4/17
f 11064/4/17 11065/4/17 11066/1/17
f 11064/4/17 11066/1/17 11061/1/17
f 10225/3/1352 10235/3/1352 11067/4/1352
f 10225/3/1352 11067/4/1352 11059/4/1352
f 11068/1/1353 11069/4/1353 10237/3/1353
f 10239/1/1353 10240/1/1353 11068/1/1353
f 10241/3/1354 10244/3/1354 11070/4/1354
f 10241/3/1354 11070/4/1354 11071/4/1354
f 11065/4/17 11072/4/17 11073/1/17
f 11065/4/17 11073/1/17 11066/1/17
f 11074/1/17 11075/1/17 11076/1/17
f 11074/1/17 11076/1/17 11077/1/17
f 11078/1/4 11079/1/4 11080/1/4
f 11078/1/4 11080/1/4 11081/1/4
f 11081/1/4 11082/1/4 11078/1/4
f 11083/1/1355 10258/1/1355 10257/1/1355
f 11083/1/1355 10260/3/1355 11084/4/1355
f 11079/1/4 11085/1/4 11086/1/4
f 11079/1/4 11086/1/4 11080/1/4
f 11087/1/1146 11088/1/1146 10265/1/1146
f 11087/1/1146 10265/1/1146 10264/1/1146
f 11089/1/4 11090/1/4 11091/1/4
f 11089/1/4 11091/1/4 11092/1/4
f 11085/1/4 11089/1/4 11092/1/4
f 11085/1/4 11092/1/4 11086/1/4
f 11093/1/17 11094/1/17 11095/1/17
f 11093/1/17 11095/1/17 11096/1/17
f 11097/1/129 11098/1/129 11099/1/129
f 11097/1/129 11099/1/129 11100/1/129
f 11101/1/129 11102/1/129 11103/1/129
f 11101/1/1356 11103/1/1356 11104/1/1356
f 11105/1/129 11106/1/129 11107/1/129
f 11105/1/129 11107/1/129 11108/1/129
f 11109/1/1402 11110/1/1402 11111/1/1402
f 11109/1/127 11111/1/127 11112/1/127
f 11113/1/4 11114/1/4 11115/1/4
f 11113/1/4 11115/1/4 11116/1/4
f 11117/1/4 11118/1/4 11119/1/4
f 11117/1/4 11119/1/4 11120/1/4
f 11114/1/4 11121/1/4 11122/1/4
f 11114/1/4 11122/1/4 11115/1/4
f 11119/1/4 11123/1/4 11121/1/4
f 11119/1/4 11121/1/4 11114/1/4
f 11120/1/4 11119/1/4 11114/1/4
f 11120/1/4 11114/1/4 11113/1/4
f 11121/1/4 11124/1/4 11122/1/4
f 11124/1/4 11125/1/4 11122/1/4
f 11126/1/4 11127/1/4 11128/1/4
f 11126/1/4 11128/1/4 11129/1/4
f 11130/1/4 11131/1/4 11132/1/4
f 11130/1/4 11132/1/4 11133/1/4
f 11130/1/4 11133/1/4 11127/1/4
f 11130/1/4 11127/1/4 11126/1/4
f 11134/1/4 11135/1/4 11136/1/4
f 11134/1/4 11136/1/4 11137/1/4
f 11138/1/4 11139/1/4 11135/1/4
f 11138/1/4 11135/1/4 11134/1/4
f 11132/1/4 11138/1/4 11134/1/4
f 11132/1/4 11134/1/4 11133/1/4
f 11133/1/4 11134/1/4 11137/1/4
f 11133/1/4 11137/1/4 11127/1/4
f 11138/1/4 11140/1/4 11141/1/4
f 11138/1/4 11141/1/4 11139/1/4
f 11142/1/4 11143/1/4 11144/1/4
f 11142/1/4 11144/1/4 11145/1/4
f 11140/1/4 11142/1/4 11145/1/4
f 11140/1/4 11145/1/4 11141/1/4
f 10324/1/1357 10327/1/1357 11146/1/1357
f 10324/1/1357 11146/1/1357 11147/1/1357
f 11148/1/1358 11149/1/1358 10330/1/1358
f 11148/1/1358 10330/1/1358 10329/1/1358
f 11150/1/1359 11151/1/1359 10334/1/1359
f 11150/1/1359 10334/1/1359 10333/1/1359
f 11152/1/4 11153/1/4 11154/1/4
f 11152/1/4 11154/1/4 11155/1/4
f 11156/1/4 11157/1/4 11158/1/4
f 11156/1/4 11158/1/4 11159/1/4
f 11152/1/4 11156/1/4 11159/1/4
f 11152/1/4 11159/1/4 11153/1/4
f 11160/1/1360 11161/1/1360 10346/1/1360
f 11160/1/1360 10346/1/1360 10345/1/1360
f 10348/1/1362 10351/1/1362 11162/1/1362
f 10348/1/1362 11162/1/1362 11163/1/1362
f 11157/1/4 11164/1/4 11165/1/4
f 11157/1/4 11165/1/4 11158/1/4
f 11166/1/1407 11167/1/1407 10356/1/1407
f 11166/1/1407 10356/1/1407 10355/1/1407
f 11168/1/4 11169/1/4 11170/1/4
f 11168/1/4 11170/1/4 11171/1/4
f 11172/1/1364 11173/1/1364 10364/1/1364
f 11172/1/1364 10364/1/1364 10363/1/1364
f 11168/1/4 11171/1/4 11164/1/4
f 11168/1/4 11164/1/4 11157/1/4
f 10366/1/1365 10369/1/1365 11174/1/1365
f 10366/1/1365 11174/1/1365 11175/1/1365
f 11176/1/4 11177/1/4 11156/1/4
f 11176/1/4 11156/1/4 11152/1/4
f 11177/1/4 11168/1/4 11157/1/4
f 11177/1/4 11157/1/4 11156/1/4
f 11176/1/4 11152/1/4 11155/1/4
f 11176/1/4 11155/1/4 11178/1/4
f 11179/1/1359 11150/1/1359 10333/1/1359
f 11179/1/1359 10333/1/1359 10374/1/1359
f 11169/1/4 11180/1/4 11170/1/4
f 11180/1/4 11181/1/4 11170/1/4
f 11181/1/4 11182/1/4 11183/1/4
f 11181/1/4 11183/1/4 11170/1/4
f 11184/1/1366 11185/1/1366 10381/1/1366
f 11184/1/1366 10381/1/1366 10380/1/1366
f 11182/1/4 11186/1/4 11187/1/4
f 11182/1/4 11187/1/4 11183/1/4
f 11188/1/1367 10388/1/1367 10387/1/1367
f 11188/1/1367 10387/1/1367 11189/1/1367
f 11190/1/1368 11191/1/1368 10391/1/1368
f 11190/1/1368 10391/1/1368 10390/1/1368
f 11192/1/4 11193/1/4 11194/1/4
f 11192/1/4 11194/1/4 11195/1/4
f 11196/1/1370 11197/1/1370 10399/1/1370
f 11196/1/1370 10399/1/1370 10398/1/1370
f 11198/1/4 11199/1/4 11200/1/4
f 11198/1/4 11200/1/4 11201/1/4
f 11192/1/4 11198/1/4 11201/1/4
f 11192/1/4 11201/1/4 11193/1/4
f 11202/1/200 11203/1/200 11204/1/200
f 11202/1/200 11204/1/200 11205/1/200
f 11206/1/189 11207/1/189 11208/1/189
f 11206/1/189 11208/1/189 11209/1/189
f 11210/1/199 11211/1/199 11212/1/199
f 11210/1/199 11212/1/199 11213/1/199
f 11214/1/193 11215/1/193 11216/1/193
f 11214/1/193 11216/1/193 11217/1/193
f 11218/1/191 11219/1/191 11220/1/191
f 11218/1/191 11220/1/191 11221/1/191
f 11222/1/1408 11223/1/1408 11224/1/1408
f 11222/1/1408 11224/1/1408 11225/1/1408
f 11226/1/195 11227/1/195 11228/1/195
f 11226/1/195 11228/1/195 11229/1/195
f 11230/1/198 11231/1/198 11232/1/198
f 11230/1/198 11232/1/198 11233/1/198
f 11234/1/192 11235/1/192 11236/1/192
f 11234/1/192 11236/1/192 11237/1/192
f 11221/1/202 11220/1/202 11238/1/202
f 11221/1/191 11238/1/191 11239/1/191
f 11240/1/197 11241/1/197 11242/1/197
f 11240/1/197 11242/1/197 11243/1/197
f 11244/1/191 11245/1/191 11219/1/191
f 11244/1/191 11219/1/191 11218/1/191
f 11246/1/190 11247/1/190 11248/1/190
f 11246/1/190 11248/1/190 11249/1/190
f 11250/1/205 11251/1/205 11252/1/205
f 11250/1/205 11252/1/205 11253/1/205
f 11254/1/188 11255/1/188 11256/1/188
f 11254/1/188 11256/1/188 11257/1/188
f 11258/1/203 11259/1/203 11260/1/203
f 11258/1/203 11260/1/203 11261/1/203
f 11262/1/191 11263/1/191 11245/1/191
f 11262/1/191 11245/1/191 11244/1/191
f 11264/1/839 11265/1/839 11266/1/839
f 11264/1/839 11266/1/839 11267/1/839
f 10471/1/1371 11268/1/1371 11269/1/1371
f 10471/1/1371 11269/1/1371 10472/1/1371
f 11270/1/17 11271/1/17 11272/1/17
f 11270/1/17 11272/1/17 11273/1/17
f 11274/1/1372 11275/1/1372 10481/1/1372
f 11274/1/1372 10481/1/1372 10480/1/1372
f 11272/1/17 11276/1/17 11277/1/17
f 11272/1/17 11277/1/17 11273/1/17
f 11278/1/4 11279/1/4 11280/1/4
f 11278/1/4 11280/1/4 11281/1/4
f 11279/1/4 11282/1/4 11283/1/4
f 11279/1/4 11283/1/4 11280/1/4
f 11284/1/4 11285/1/4 11286/1/4
f 11284/1/4 11286/1/4 11287/1/4
f 11288/1/4 11284/1/4 11287/1/4
f 11288/1/4 11287/1/4 11289/1/4
f 11290/1/4 11288/1/4 11289/1/4
f 11290/1/4 11289/1/4 11291/1/4
f 11292/1/4 11278/1/4 11281/1/4
f 11292/1/4 11281/1/4 11293/1/4
f 11294/1/4 11295/1/4 11278/1/4
f 11294/1/4 11278/1/4 11292/1/4
f 11296/1/4 11297/1/4 11282/1/4
f 11296/1/4 11282/1/4 11279/1/4
f 11287/1/4 11286/1/4 11298/1/4
f 11287/1/4 11298/1/4 11299/1/4
f 11291/1/4 11289/1/4 11300/1/4
f 11291/1/4 11300/1/4 11301/1/4
f 11299/1/4 11298/1/4 11297/1/4
f 11299/1/4 11297/1/4 11296/1/4
f 11301/1/4 11300/1/4 11295/1/4
f 11301/1/4 11295/1/4 11294/1/4
f 11302/1/228 11303/1/228 11304/1/228
s 1
f 11302/1/228 11304/1/228 11305/1/228
s 0
f 11306/1/17 11307/1/17 11308/1/17
f 11306/1/17 11308/1/17 11309/1/17
f 11310/1/17 11311/1/17 11312/1/17
f 11310/1/17 11312/1/17 11313/1/17
f 11307/1/17 11310/1/17 11313/1/17
f 11307/1/17 11313/1/17 11308/1/17
f 11311/1/17 11314/1/17 11315/1/17
f 11311/1/17 11315/1/17 11312/1/17
f 10523/1/1373 10526/1/1373 11316/1/1373
f 10523/1/1373 11316/1/1373 11317/1/1373
f 10527/1/1374 10530/1/1374 11318/1/1374
f 10527/1/1374 11318/1/1374 11319/1/1374
f 10531/1/1375 10534/1/1375 11320/1/1375
f 10531/1/1375 11320/1/1375 11321/1/1375
f 11322/1/1377 11323/1/1377 10537/1/1377
f 11322/1/1377 10537/1/1377 10536/1/1377
f 11324/1/1378 11325/1/1378 11326/1/1378
f 11324/1/1378 11326/1/1378 11327/1/1378
f 11328/1/1380 11329/1/1380 10545/1/1380
f 11328/1/1380 10545/1/1380 10544/1/1380
f 11330/1/243 11331/1/243 11332/1/243
f 11330/1/243 11332/1/243 11333/1/243
f 11334/1/246 11335/1/246 11336/1/246
f 11334/1/246 11336/1/246 11337/1/246
f 11338/1/1381 11339/1/1381 10557/1/1381
f 11338/1/1381 10557/1/1381 10556/1/1381
f 11340/1/53 11341/1/53 11342/1/53
f 11340/1/53 11342/1/53 11343/1/53
f 11344/1/1379 11328/1/1379 10544/1/1379
f 11344/1/1379 10544/1/1379 10564/1/1379
f 10565/1/1378 10566/1/1378 11324/1/1378
f 10565/1/1378 11324/1/1378 11327/1/1378
f 11345/1/1382 11346/1/1382 10569/1/1382
f 11345/1/1382 10569/1/1382 10568/1/1382
s 1
f 10571/1/1383 10574/1/1383 11347/1/1383
s 0
f 10571/1/1383 11347/1/1383 11348/1/1383
s 1
f 10575/1/1384 10578/1/1384 11349/1/1384
f 10575/1/1384 11349/1/1384 11350/1/1384
s 0
f 10579/1/1385 10582/1/1385 11351/1/1385
f 10579/1/1385 11351/1/1385 11352/1/1385
f 10583/1/1386 10586/1/1386 11353/1/1386
f 10583/1/1386 11353/1/1386 11354/1/1386
f 10587/1/1387 10590/1/1387 11355/1/1387
f 10587/1/1387 11355/1/1387 11356/1/1387
f 10591/1/1388 10594/1/1388 11357/1/1388
f 10591/1/1388 11357/1/1388 11358/1/1388
f 11359/1/338 11360/1/338 11361/1/338
f 11359/1/338 11361/1/338 11362/1/338
f 10599/1/1383 10571/1/1383 11348/1/1383
f 10599/1/1383 11348/1/1383 11363/1/1383
f 11364/1/17 11365/1/17 11366/1/17
f 11364/1/17 11366/1/17 11367/1/17
f 11368/1/17 11369/1/17 11370/1/17
f 11368/1/17 11370/1/17 11371/1/17
f 11372/1/17 11373/1/17 11374/1/17
f 11372/1/17 11374/1/17 11375/1/17
f 11375/1/17 11374/1/17 11369/1/17
f 11375/1/17 11369/1/17 11368/1/17
f 11376/1/17 11377/1/17 11365/1/17
f 11376/1/17 11365/1/17 11364/1/17
f 11371/1/17 11370/1/17 11377/1/17
f 11371/1/17 11377/1/17 11376/1/17
f 11378/1/339 11379/1/339 11380/1/339
f 11378/1/339 11380/1/339 11381/1/339
f 11382/1/1389 11383/1/1389 11384/1/1389
f 11382/1/1389 11384/1/1389 11385/1/1389
f 11386/1/341 11387/1/341 11388/1/341
f 11386/1/341 11388/1/341 11389/1/341
f 11390/1/4 11391/1/4 11392/1/4
f 11390/1/4 11392/1/4 11393/1/4
f 11394/1/4 11390/1/4 11393/1/4
f 11394/1/4 11393/1/4 11395/1/4
f 11396/1/351 11397/1/351 11398/1/351
f 11396/1/351 11398/1/351 11399/1/351
f 11400/1/355 11401/1/355 11402/1/355
f 11400/1/355 11402/1/355 11403/1/355
f 11404/1/356 11405/1/356 11406/1/356
f 11404/1/356 11406/1/356 11407/1/356
f 11408/1/353 11409/1/353 11410/1/353
f 11408/1/353 11410/1/353 11411/1/353
f 11412/1/1390 11413/1/1390 11414/1/1390
f 11412/1/1390 11414/1/1390 11415/1/1390
f 11416/1/412 11417/1/412 11418/1/412
f 11416/1/412 11418/1/412 11419/1/412
f 11420/1/395 11421/1/395 11422/1/395
f 11420/1/395 11422/1/395 11423/1/395
f 11424/1/426 11425/1/426 11426/1/426
f 11424/1/426 11426/1/426 11427/1/426
f 11428/1/392 11429/1/392 11430/1/392
f 11428/1/392 11430/1/392 11431/1/392
f 11432/1/420 11433/1/420 11434/1/420
f 11432/1/420 11434/1/420 11435/1/420
f 11436/1/420 11437/1/420 11438/1/420
f 11436/1/420 11438/1/420 11439/1/420
f 11440/1/419 11441/1/419 11442/1/419
f 11440/1/419 11442/1/419 11443/1/419
f 11444/1/425 11445/1/425 11446/1/425
f 11444/1/425 11446/1/425 11447/1/425
f 11448/1/399 11449/1/399 11450/1/399
f 11448/1/398 11450/1/398 11451/1/398
f 11452/1/401 11453/1/401 11454/1/401
f 11452/1/401 11454/1/401 11455/1/401
f 11456/1/429 11457/1/429 11458/1/429
f 11456/1/429 11458/1/429 11459/1/429
f 11460/1/397 11461/1/397 11462/1/397
f 11460/1/397 11462/1/397 11463/1/397
f 11464/1/427 11465/1/427 11466/1/427
f 11464/1/427 11466/1/427 11467/1/427
f 11435/1/420 11434/1/420 11468/1/420
f 11435/1/420 11468/1/420 11469/1/420
f 11470/1/4 11471/1/4 11472/1/4
f 11470/1/4 11472/1/4 11473/1/4
f 11474/1/4 11475/1/4 11476/1/4
f 11474/1/4 11476/1/4 11477/1/4
f 11475/1/4 11478/1/4 11479/1/4
f 11475/1/4 11479/1/4 11476/1/4
f 11474/1/4 11480/1/4 11475/1/4
f 11480/1/4 11481/1/4 11475/1/4
f 11362/1/338 11361/1/338 11482/1/338
f 11362/1/338 11482/1/338 11483/1/338
f 11484/1/483 11485/1/483 11486/1/483
f 11484/1/483 11486/1/483 11487/1/483
f 11488/1/484 11489/1/484 11490/1/484
f 11488/1/484 11490/1/484 11491/1/484
f 11492/1/1409 11493/1/1409 11494/1/1409
f 11492/1/1410 11494/1/1410 11495/1/1410
f 10733/1/1393 11496/1/1393 11497/1/1393
f 10733/1/1393 11497/1/1393 11498/1/1393
f 11499/1/1394 11500/1/1394 11501/1/1394
f 11499/1/1394 11501/1/1394 10738/1/1394
f 11280/1/4 11283/1/4 11502/1/4
f 11280/1/4 11502/1/4 11503/1/4
f 11504/1/4 11505/1/4 11506/1/4
f 11504/1/4 11506/1/4 11507/1/4
f 11507/1/4 11508/1/4 11509/1/4
f 11507/1/4 11509/1/4 11510/1/4
f 11506/1/4 11511/1/4 11508/1/4
f 11506/1/4 11508/1/4 11507/1/4
f 11512/1/4 11504/1/4 11507/1/4
f 11512/1/4 11507/1/4 11510/1/4
f 11411/1/353 11410/1/353 11513/1/353
f 11411/1/353 11513/1/353 11514/1/353
f 11515/1/350 11516/1/350 11517/1/350
f 11515/1/350 11517/1/350 11518/1/350
f 11519/1/356 11520/1/356 11405/1/356
f 11519/1/356 11405/1/356 11404/1/356
f 11521/1/354 11522/1/354 11523/1/354
f 11521/1/354 11523/1/354 11524/1/354
f 11525/1/17 11526/1/17 11527/1/17
f 11525/1/17 11527/1/17 11528/1/17
f 11525/1/17 11529/1/17 11530/1/17
f 11525/1/17 11530/1/17 11526/1/17
f 11526/1/17 11531/1/17 11532/1/17
f 11526/1/17 11532/1/17 11527/1/17
f 11533/1/479 11534/1/479 11535/1/479
f 11533/1/479 11535/1/479 11536/1/479
f 11537/1/482 11538/1/482 11539/1/482
f 11537/1/482 11539/1/482 11540/1/482
f 11541/1/481 11542/1/481 11543/1/481
f 11541/1/481 11543/1/481 11544/1/481
f 11545/1/486 11546/1/486 11547/1/486
f 11545/1/486 11547/1/486 11548/1/486
f 11549/1/485 11550/1/485 11551/1/485
f 11549/1/485 11551/1/485 11552/1/485
f 11553/1/488 11554/1/488 11555/1/488
f 11553/1/488 11555/1/488 11556/1/488
f 11557/1/4 11558/1/4 11559/1/4
f 11560/1/4 11561/1/4 11562/1/4
f 11557/1/4 11559/1/4 11560/1/4
f 11563/1/4 11564/1/4 11557/1/4
f 11560/1/4 11562/1/4 11563/1/4
f 11557/1/4 11560/1/4 11563/1/4
f 11565/1/340 11566/1/340 11567/1/340
f 11565/1/340 11567/1/340 11568/1/340
f 11569/1/339 11570/1/339 11379/1/339
f 11569/1/339 11379/1/339 11378/1/339
f 11571/1/342 11572/1/342 11573/1/342
f 11571/1/342 11573/1/342 11574/1/342
f 11575/1/337 11576/1/337 11577/1/337
f 11575/1/337 11577/1/337 11578/1/337
f 11579/1/1395 11580/1/1395 11581/1/1395
f 11579/1/1395 11581/1/1395 11582/1/1395
f 11583/1/4 11584/1/4 11585/1/4
f 11583/1/4 11585/1/4 11586/1/4
f 11587/1/4 11588/1/4 11589/1/4
f 11587/1/4 11589/1/4 11590/1/4
f 11591/1/4 11587/1/4 11590/1/4
f 11591/1/4 11590/1/4 11592/1/4
f 11593/1/4 11591/1/4 11592/1/4
f 11593/1/4 11592/1/4 11594/1/4
f 11584/1/4 11593/1/4 11594/1/4
f 11584/1/4 11594/1/4 11585/1/4
f 11595/1/4 11596/1/4 11597/1/4
f 11595/1/4 11597/1/4 11598/1/4
f 11599/1/4 11600/1/4 11601/1/4
f 11599/1/4 11601/1/4 11602/1/4
f 11603/1/4 11604/1/4 11605/1/4
f 11603/1/4 11605/1/4 11606/1/4
f 11600/1/4 11607/1/4 11608/1/4
f 11600/1/4 11608/1/4 11601/1/4
f 11607/1/4 11603/1/4 11606/1/4
f 11607/1/4 11606/1/4 11608/1/4
f 11598/1/4 11609/1/4 11610/1/4
f 11598/1/4 11610/1/4 11605/1/4
f 11611/1/17 11612/1/17 11613/1/17
f 11597/1/4 11614/1/4 11609/1/4
f 11597/1/4 11609/1/4 11598/1/4
f 11604/1/4 11595/1/4 11598/1/4
f 11604/1/4 11598/1/4 11605/1/4
f 11615/1/1411 11616/1/1411 11617/1/1411
f 11615/1/396 11617/1/396 11618/1/396
f 11619/1/422 11620/1/422 11621/1/422
f 11619/1/422 11621/1/422 11622/1/422
f 11623/1/421 11624/1/421 11625/1/421
f 11623/1/421 11625/1/421 11626/1/421
f 11469/1/420 11468/1/420 11437/1/420
f 11469/1/420 11437/1/420 11436/1/420
f 11627/1/393 11628/1/393 11629/1/393
f 11627/1/393 11629/1/393 11630/1/393
f 11631/1/394 11632/1/394 11633/1/394
f 11631/1/394 11633/1/394 11634/1/394
f 11635/1/424 11636/1/424 11637/1/424
f 11635/1/424 11637/1/424 11638/1/424
f 11639/1/108 11640/1/108 11641/1/108
f 11639/1/108 11641/1/108 11642/1/108
f 11643/1/402 11644/1/402 11645/1/402
f 11643/1/402 11645/1/402 11646/1/402
f 11439/1/420 11438/1/420 11647/1/420
f 11439/1/420 11647/1/420 11648/1/420
f 11649/1/430 11650/1/430 11651/1/430
f 11649/1/430 11651/1/430 11652/1/430
f 11653/1/395 11654/1/395 11632/1/395
f 11653/1/394 11632/1/394 11631/1/394
f 11655/1/403 11656/1/403 11657/1/403
f 11655/1/403 11657/1/403 11658/1/403
f 11659/1/4 11660/1/4 11661/1/4
f 11659/1/4 11661/1/4 11662/1/4
f 11663/1/4 11664/1/4 11665/1/4
f 11663/1/4 11665/1/4 11666/1/4
f 11667/1/4 11668/1/4 11669/1/4
f 11667/1/4 11669/1/4 11670/1/4
f 11664/1/4 11667/1/4 11670/1/4
f 11664/1/4 11670/1/4 11665/1/4
f 11668/1/4 11671/1/4 11672/1/4
f 11668/1/4 11672/1/4 11669/1/4
f 11673/1/4 11674/1/4 11675/1/4
f 11673/1/4 11675/1/4 11676/1/4
f 11677/1/4 11678/1/4 11679/1/4
f 11677/1/4 11679/1/4 11680/1/4
f 11678/1/4 11673/1/4 11676/1/4
f 11678/1/4 11676/1/4 11679/1/4
f 11661/1/4 11677/1/4 11680/1/4
f 11661/1/4 11680/1/4 11662/1/4
f 11681/1/4 11659/1/4 11662/1/4
f 11681/1/4 11662/1/4 11682/1/4
f 11683/1/4 11681/1/4 11682/1/4
f 11683/1/4 11682/1/4 11663/1/4
f 11676/1/4 11675/1/4 11684/1/4
f 11676/1/4 11684/1/4 11685/1/4
f 11680/1/4 11679/1/4 11686/1/4
f 11680/1/4 11686/1/4 11687/1/4
f 11679/1/4 11676/1/4 11685/1/4
f 11679/1/4 11685/1/4 11686/1/4
f 11662/1/4 11680/1/4 11687/1/4
f 11662/1/4 11687/1/4 11682/1/4
f 11688/1/4 11683/1/4 11663/1/4
f 11688/1/4 11663/1/4 11666/1/4
f 11685/1/4 11684/1/4 11671/1/4
f 11685/1/4 11671/1/4 11668/1/4
f 11687/1/4 11686/1/4 11667/1/4
f 11687/1/4 11667/1/4 11664/1/4
f 11686/1/4 11685/1/4 11668/1/4
f 11686/1/4 11668/1/4 11667/1/4
f 11682/1/4 11687/1/4 11664/1/4
f 11682/1/4 11664/1/4 11663/1/4
f 11689/1/17 11690/1/17 11691/1/17
f 11691/1/17 11692/1/17 11693/1/17
f 11693/1/17 11694/1/17 11695/1/17
f 11695/1/17 11696/1/17 11689/1/17
f 11689/1/17 11691/1/17 11693/1/17
f 11693/1/17 11695/1/17 11689/1/17
f 11697/1/232 11698/1/232 11699/1/232
f 11697/1/232 11699/1/232 11700/1/232
f 11701/1/842 11702/1/842 11703/1/842
f 11701/1/234 11703/1/234 11704/1/234
f 11705/1/71 11706/1/71 11707/1/71
f 11705/1/71 11707/1/71 11708/1/71
f 11709/1/1412 11710/1/1412 11711/1/1412
f 11709/1/229 11711/1/229 11712/1/229
f 11713/1/235 11714/1/235 11715/1/235
f 11713/1/235 11715/1/235 11716/1/235
f 11717/1/1413 11718/1/1413 11719/1/1413
f 11717/1/1413 11719/1/1413 11720/1/1413
f 11721/1/233 11722/1/233 11723/1/233
f 11721/1/233 11723/1/233 11724/1/233
f 11725/1/17 11726/1/17 11727/1/17
f 11725/1/17 11727/1/17 11728/1/17
f 11729/1/17 11725/1/17 11728/1/17
f 11729/1/17 11728/1/17 11730/1/17
f 11731/1/17 11732/1/17 11733/1/17
f 11731/1/17 11733/1/17 11734/1/17
f 11732/1/17 11729/1/17 11730/1/17
f 11732/1/17 11730/1/17 11733/1/17
s 1
f 11338/1/1381 11735/1/1381 11736/1/1381
s 0
f 11338/1/1381 11736/1/1381 11339/1/1381
f 11344/1/1379 11737/1/1379 11738/1/1379
f 11344/1/1379 11738/1/1379 11328/1/1379
f 11739/1/244 11740/1/244 11741/1/244
f 11739/1/1397 11741/1/1397 11742/1/1397
f 11743/1/245 11744/1/245 11745/1/245
f 11743/1/245 11745/1/245 11746/1/245
f 11345/1/1414 11747/1/1414 11748/1/1414
f 11345/1/1382 11748/1/1382 11346/1/1382
f 11328/1/1380 11738/1/1380 11749/1/1380
f 11328/1/1380 11749/1/1380 11329/1/1380
f 11750/1/4 11751/1/4 11752/1/4
f 11750/1/4 11752/1/4 11753/1/4
f 11751/1/4 11754/1/4 11755/1/4
f 11751/1/4 11755/1/4 11752/1/4
f 11755/1/4 11756/1/4 11757/1/4
f 11755/1/4 11757/1/4 11752/1/4
f 11758/1/1415 11759/1/1415 11760/1/1415
f 11758/1/1398 11760/1/1398 11761/1/1398
f 11762/1/125 11763/1/125 11764/1/125
f 11762/1/125 11764/1/125 11765/1/125
f 11766/1/132 11767/1/132 11768/1/132
f 11766/1/131 11768/1/131 11769/1/131
f 11770/1/1401 11771/1/1401 11772/1/1401
f 11770/1/1401 11772/1/1401 11773/1/1401
f 11112/1/1402 11111/1/1402 11774/1/1402
f 11112/1/127 11774/1/127 11775/1/127
f 11776/1/1403 11777/1/1403 11778/1/1403
f 11776/1/1403 11778/1/1403 11779/1/1403
f 11780/1/4 11781/1/4 11782/1/4
f 11780/1/4 11782/1/4 11783/1/4
f 11784/1/1404 11785/1/1404 11786/1/1404
f 11784/1/1416 11786/1/1416 11787/1/1416
f 11788/1/126 11789/1/126 11790/1/126
f 11788/1/126 11790/1/126 11791/1/126
f 11792/1/4 11793/1/4 11794/1/4
f 11792/1/4 11794/1/4 11795/1/4
f 11796/1/357 11797/1/357 11798/1/357
f 11796/1/357 11798/1/357 11799/1/357
f 11800/1/358 11801/1/358 11802/1/358
f 11800/1/358 11802/1/358 11803/1/358
f 11804/1/352 11805/1/352 11806/1/352
f 11804/1/1417 11806/1/1417 11807/1/1417
usemtl Pink
f 11812/1/17 11811/1/17 11814/1/17
f 11812/1/17 11814/1/17 11815/1/17
f 11812/1/17 11813/1/17 11810/1/17
f 11812/1/17 11810/1/17 11811/1/17
f 11809/1/17 11808/1/17 11813/1/17
f 11809/1/17 11813/1/17 11812/1/17
f 11826/1/377 11821/1/377 11926/1/377
f 11826/1/377 11926/1/377 11938/1/377
f 11846/1/386 11831/1/386 11945/1/386
f 11846/1/387 11945/1/387 11964/1/387
f 11863/1/404 11855/1/404 11977/1/404
f 11863/1/404 11977/1/404 11990/1/404
f 11839/1/383 11842/1/383 11956/1/383
f 11839/1/383 11956/1/383 11931/1/383
f 11883/1/411 11881/1/411 12012/1/411
f 11883/1/411 12012/1/411 12015/1/411
f 11858/1/405 11862/1/405 11989/1/405
f 11858/1/405 11989/1/405 11982/1/405
f 11829/1/384 11844/1/384 11959/1/384
f 11829/1/384 11959/1/384 11940/1/384
f 11828/1/376 11840/1/376 11932/1/376
f 11828/1/376 11932/1/376 11935/1/376
f 11841/1/384 11837/1/384 11915/1/384
f 11841/1/384 11915/1/384 11953/1/384
f 11833/1/1418 11825/1/1418 11937/1/1418
f 11833/1/382 11937/1/382 11947/1/382
f 11872/1/405 11866/1/405 12002/1/405
f 11872/1/405 12002/1/405 11996/1/405
f 11832/1/381 11836/1/381 11952/1/381
f 11832/1/381 11952/1/381 11946/1/381
f 11875/1/410 11859/1/410 11983/1/410
f 11875/1/410 11983/1/410 12003/1/410
f 11871/1/17 11868/1/17 11873/1/17
f 11871/1/17 11873/1/17 11874/1/17
f 11853/1/391 11850/1/391 11970/1/391
f 11853/1/391 11970/1/391 11975/1/391
s 1
f 11860/1/1419 11870/1/1419 11993/1/1419
s 0
f 11860/1/404 11993/1/404 11984/1/404
f 11848/1/390 11851/1/390 11972/1/390
f 11848/1/390 11972/1/390 11967/1/390
f 11820/1/374 11816/1/374 11928/1/374
f 11820/1/374 11928/1/374 11925/1/374
f 11891/1/418 11887/1/418 12019/1/418
f 11891/1/418 12019/1/418 12025/1/418
f 11819/1/375 11824/1/375 11924/1/375
f 11819/1/375 11924/1/375 11920/1/375
f 11835/1/380 11834/1/380 11948/1/380
f 11835/1/380 11948/1/380 11950/1/380
f 11885/1/414 11889/1/414 12028/1/414
f 11885/1/414 12028/1/414 12022/1/414
f 11852/1/389 11854/1/389 11976/1/389
f 11852/1/389 11976/1/389 11973/1/389
f 11856/1/379 11857/1/379 11980/1/379
f 11856/1/379 11980/1/379 11978/1/379
f 11893/1/4 11894/1/4 11896/1/4
f 11893/1/4 11896/1/4 11895/1/4
f 11895/1/4 11896/1/4 11898/1/4
f 11895/1/4 11898/1/4 11897/1/4
f 11899/1/661 11900/1/661 11908/1/661
f 11899/1/661 11908/1/661 11906/1/661
f 11905/1/1403 11907/1/1403 11912/1/1403
f 11905/1/1403 11912/1/1403 11910/1/1403
f 11904/1/1420 11902/1/1420 11911/1/1420
f 11904/1/1420 11911/1/1420 11914/1/1420
f 11901/1/4 11903/1/4 11913/1/4
f 11901/1/4 11913/1/4 11909/1/4
f 11864/1/17 11871/1/17 11822/1/17
f 11921/1/17 11923/1/17 11936/1/17
f 11921/1/17 11936/1/17 11933/1/17
f 11916/1/17 11918/1/17 11923/1/17
f 11916/1/17 11923/1/17 11921/1/17
f 11930/1/17 11942/1/17 11943/1/17
f 11930/1/17 11943/1/17 11927/1/17
f 11927/1/17 11943/1/17 11944/1/17
f 11927/1/17 11944/1/17 11939/1/17
f 11939/1/17 11944/1/17 11951/1/17
f 11939/1/17 11951/1/17 11949/1/17
f 11954/1/17 11916/1/17 11921/1/17
f 11954/1/17 11921/1/17 11955/1/17
f 11955/1/17 11921/1/17 11933/1/17
f 11955/1/17 11933/1/17 11957/1/17
f 11961/1/17 11955/1/17 11957/1/17
f 11961/1/17 11957/1/17 11962/1/17
f 11960/1/17 11954/1/17 11955/1/17
f 11960/1/17 11955/1/17 11961/1/17
f 11942/1/17 11960/1/17 11961/1/17
f 11942/1/17 11961/1/17 11943/1/17
f 11943/1/17 11961/1/17 11962/1/17
f 11943/1/17 11962/1/17 11944/1/17
f 11969/1/17 11966/1/17 11971/1/17
f 11969/1/17 11971/1/17 11974/1/17
f 11936/1/17 11923/1/17 11966/1/17
f 11936/1/17 11966/1/17 11969/1/17
f 11994/1/17 11992/1/17 11986/1/17
f 11994/1/17 11986/1/17 11985/1/17
f 11979/1/17 11981/1/17 11988/1/17
f 11979/1/17 11988/1/17 11991/1/17
f 11992/1/17 11988/1/17 11998/1/17
f 11992/1/17 11998/1/17 11995/1/17
f 11986/1/17 11992/1/17 11995/1/17
f 11986/1/17 11995/1/17 12000/1/17
f 11991/1/17 11988/1/17 11992/1/17
f 11991/1/17 11992/1/17 11994/1/17
f 11986/1/17 12000/1/17 12009/1/17
f 11986/1/17 12009/1/17 12007/1/17
f 11985/1/17 11986/1/17 12007/1/17
f 11985/1/17 12007/1/17 12005/1/17
f 12007/1/17 12009/1/17 12013/1/17
f 12009/1/17 12016/1/17 12013/1/17
f 12009/1/17 12000/1/17 12021/1/17
f 12009/1/17 12021/1/17 12018/1/17
f 12018/1/17 12021/1/17 12027/1/17
f 12018/1/17 12027/1/17 12024/1/17
f 11882/1/412 11878/1/412 12008/1/412
f 11882/1/412 12008/1/412 12014/1/412
f 11880/1/413 11884/1/413 12017/1/413
f 11880/1/413 12017/1/413 12011/1/413
f 11817/1/379 11830/1/379 11941/1/379
f 11817/1/379 11941/1/379 11929/1/379
f 11870/1/404 11863/1/404 11990/1/404
f 11870/1/404 11990/1/404 11993/1/404
f 11865/1/415 11886/1/415 12023/1/415
f 11865/1/415 12023/1/415 12001/1/415
f 11869/1/405 11872/1/405 11996/1/405
f 11869/1/405 11996/1/405 11999/1/405
f 11888/1/416 11879/1/416 12010/1/416
f 11888/1/416 12010/1/416 12020/1/416
f 11838/1/373 11818/1/373 11919/1/373
f 11838/1/373 11919/1/373 11917/1/373
f 11823/1/378 11847/1/378 11965/1/378
f 11823/1/378 11965/1/378 11922/1/378
f 11877/1/409 11876/1/409 12004/1/409
f 11877/1/409 12004/1/409 12006/1/409
f 11844/1/384 11841/1/384 11953/1/384
f 11844/1/384 11953/1/384 11959/1/384
f 11849/1/388 11827/1/388 11934/1/388
f 11849/1/388 11934/1/388 11968/1/388
f 11843/1/385 11845/1/385 11963/1/385
f 11843/1/385 11963/1/385 11958/1/385
f 11861/1/14 11867/1/14 11997/1/14
f 11861/1/14 11997/1/14 11987/1/14
f 11890/1/417 11892/1/417 12026/1/417
f 11890/1/417 12026/1/417 12029/1/417
f 12034/1/4 12037/1/4 12036/1/4
f 12034/1/4 12036/1/4 12033/1/4
f 12034/1/4 12033/1/4 12032/1/4
f 12034/1/4 12032/1/4 12035/1/4
f 12031/1/4 12034/1/4 12035/1/4
f 12031/1/4 12035/1/4 12030/1/4
f 12048/1/377 12154/1/377 12142/1/377
f 12048/1/377 12142/1/377 12043/1/377
f 12068/1/387 12180/1/387 12161/1/387
f 12068/1/386 12161/1/386 12053/1/386
f 12085/1/404 12206/1/404 12193/1/404
s 1
f 12085/1/404 12193/1/404 12077/1/404
s 0
f 12061/1/383 12147/1/383 12172/1/383
f 12061/1/383 12172/1/383 12064/1/383
f 12105/1/411 12231/1/411 12228/1/411
f 12105/1/411 12228/1/411 12103/1/411
f 12080/1/405 12198/1/405 12205/1/405
f 12080/1/405 12205/1/405 12084/1/405
f 12051/1/384 12156/1/384 12175/1/384
f 12051/1/384 12175/1/384 12066/1/384
f 12050/1/376 12151/1/376 12148/1/376
f 12050/1/376 12148/1/376 12062/1/376
f 12063/1/384 12169/1/384 12131/1/384
f 12063/1/384 12131/1/384 12059/1/384
f 12055/1/382 12163/1/382 12153/1/382
f 12055/1/382 12153/1/382 12047/1/382
f 12094/1/405 12212/1/405 12218/1/405
f 12094/1/405 12218/1/405 12088/1/405
f 12054/1/381 12162/1/381 12168/1/381
f 12054/1/381 12168/1/381 12058/1/381
f 12097/1/410 12219/1/410 12199/1/410
f 12097/1/410 12199/1/410 12081/1/410
f 12093/1/4 12096/1/4 12095/1/4
f 12093/1/4 12095/1/4 12090/1/4
f 12075/1/391 12191/1/391 12186/1/391
f 12075/1/391 12186/1/391 12072/1/391
f 12082/1/404 12200/1/404 12209/1/404
f 12082/1/404 12209/1/404 12092/1/404
f 12070/1/390 12183/1/390 12188/1/390
f 12070/1/390 12188/1/390 12073/1/390
f 12042/1/374 12141/1/374 12144/1/374
f 12042/1/374 12144/1/374 12038/1/374
f 12113/1/418 12241/1/418 12235/1/418
f 12113/1/418 12235/1/418 12109/1/418
f 12041/1/375 12136/1/375 12140/1/375
f 12041/1/375 12140/1/375 12046/1/375
f 12057/1/380 12166/1/380 12164/1/380
f 12057/1/380 12164/1/380 12056/1/380
f 12107/1/414 12238/1/414 12244/1/414
f 12107/1/414 12244/1/414 12111/1/414
f 12074/1/389 12189/1/389 12192/1/389
f 12074/1/389 12192/1/389 12076/1/389
f 12078/1/379 12194/1/379 12196/1/379
f 12078/1/379 12196/1/379 12079/1/379
f 12115/1/17 12117/1/17 12118/1/17
f 12115/1/17 12118/1/17 12116/1/17
f 12117/1/17 12119/1/17 12120/1/17
f 12117/1/17 12120/1/17 12118/1/17
f 11899/1/661 11906/1/661 12126/1/661
f 11899/1/661 12126/1/661 12121/1/661
f 11905/1/1403 11910/1/1403 12128/1/1403
f 11905/1/1403 12128/1/1403 12125/1/1403
f 12124/1/1420 12130/1/1420 11911/1/1420
f 12124/1/1420 11911/1/1420 11902/1/1420
f 12122/1/17 12127/1/17 12129/1/17
f 12122/1/17 12129/1/17 12123/1/17
f 12086/1/4 12044/1/4 12093/1/4
f 12137/1/4 12149/1/4 12152/1/4
f 12137/1/4 12152/1/4 12139/1/4
f 12132/1/4 12137/1/4 12139/1/4
f 12132/1/4 12139/1/4 12134/1/4
f 12146/1/4 12143/1/4 12159/1/4
f 12146/1/4 12159/1/4 12158/1/4
f 12143/1/4 12155/1/4 12160/1/4
f 12143/1/4 12160/1/4 12159/1/4
f 12155/1/4 12165/1/4 12167/1/4
f 12155/1/4 12167/1/4 12160/1/4
f 12170/1/4 12171/1/4 12137/1/4
f 12170/1/4 12137/1/4 12132/1/4
f 12171/1/4 12173/1/4 12149/1/4
f 12171/1/4 12149/1/4 12137/1/4
f 12177/1/4 12178/1/4 12173/1/4
f 12177/1/4 12173/1/4 12171/1/4
f 12176/1/4 12177/1/4 12171/1/4
f 12176/1/4 12171/1/4 12170/1/4
f 12158/1/4 12159/1/4 12177/1/4
f 12158/1/4 12177/1/4 12176/1/4
f 12159/1/4 12160/1/4 12178/1/4
f 12159/1/4 12178/1/4 12177/1/4
f 12185/1/4 12190/1/4 12187/1/4
f 12185/1/4 12187/1/4 12182/1/4
f 12152/1/4 12185/1/4 12182/1/4
f 12152/1/4 12182/1/4 12139/1/4
f 12210/1/4 12201/1/4 12202/1/4
f 12210/1/4 12202/1/4 12208/1/4
f 12195/1/4 12207/1/4 12204/1/4
f 12195/1/4 12204/1/4 12197/1/4
f 12208/1/4 12211/1/4 12214/1/4
f 12208/1/4 12214/1/4 12204/1/4
f 12202/1/4 12216/1/4 12211/1/4
f 12202/1/4 12211/1/4 12208/1/4
f 12207/1/4 12210/1/4 12208/1/4
f 12207/1/4 12208/1/4 12204/1/4
f 12202/1/4 12223/1/4 12225/1/4
f 12202/1/4 12225/1/4 12216/1/4
f 12201/1/4 12221/1/4 12223/1/4
f 12201/1/4 12223/1/4 12202/1/4
f 12223/1/4 12229/1/4 12225/1/4
f 12229/1/4 12232/1/4 12225/1/4
f 12225/1/4 12234/1/4 12237/1/4
f 12225/1/4 12237/1/4 12216/1/4
f 12234/1/4 12240/1/4 12243/1/4
f 12234/1/4 12243/1/4 12237/1/4
f 12104/1/412 12230/1/412 12224/1/412
f 12104/1/412 12224/1/412 12100/1/412
f 12102/1/413 12227/1/413 12233/1/413
f 12102/1/413 12233/1/413 12106/1/413
f 12039/1/379 12145/1/379 12157/1/379
f 12039/1/379 12157/1/379 12052/1/379
f 12092/1/404 12209/1/404 12206/1/404
f 12092/1/404 12206/1/404 12085/1/404
f 12087/1/415 12217/1/415 12239/1/415
f 12087/1/415 12239/1/415 12108/1/415
f 12091/1/405 12215/1/405 12212/1/405
f 12091/1/405 12212/1/405 12094/1/405
f 12110/1/416 12236/1/416 12226/1/416
f 12110/1/416 12226/1/416 12101/1/416
f 12060/1/373 12133/1/373 12135/1/373
f 12060/1/373 12135/1/373 12040/1/373
f 12045/1/378 12138/1/378 12181/1/378
f 12045/1/378 12181/1/378 12069/1/378
f 12099/1/409 12222/1/409 12220/1/409
f 12099/1/409 12220/1/409 12098/1/409
f 12066/1/384 12175/1/384 12169/1/384
f 12066/1/384 12169/1/384 12063/1/384
f 12071/1/388 12184/1/388 12150/1/388
f 12071/1/388 12150/1/388 12049/1/388
f 12065/1/385 12174/1/385 12179/1/385
f 12065/1/385 12179/1/385 12067/1/385
f 12083/1/14 12203/1/14 12213/1/14
f 12083/1/14 12213/1/14 12089/1/14
f 12112/1/417 12245/1/417 12242/1/417
f 12112/1/417 12242/1/417 12114/1/417
usemtl white_metal
f 12246/4/4 12247/1/4 12248/1/4
f 12246/4/4 12248/1/4 12249/4/4
f 12249/4/4 12248/1/4 12250/1/4
f 12249/4/4 12250/1/4 12251/4/4
f 12252/1/4 12253/1/4 12254/1/4
f 12252/1/4 12254/1/4 12255/1/4
f 12256/1/4 12257/1/4 12258/1/4
f 12256/1/4 12258/1/4 12259/1/4
f 12259/1/4 12258/1/4 12260/1/4
f 12259/1/4 12260/1/4 12261/1/4
f 12262/1/4 12263/1/4 12257/1/4
f 12262/1/4 12257/1/4 12256/1/4
f 12264/1/4 12265/1/4 12263/1/4
f 12264/1/4 12263/1/4 12262/1/4
f 12261/1/4 12260/1/4 12253/1/4
f 12261/1/4 12253/1/4 12252/1/4
f 12266/1/17 12267/1/17 12268/1/17
f 12266/1/689 12268/1/689 12269/1/689
f 12270/1/17 12271/1/17 12272/1/17
f 12270/1/17 12272/1/17 12273/1/17
f 12274/1/17 12275/1/17 12271/1/17
f 12274/1/17 12271/1/17 12270/1/17
f 12271/1/17 12275/1/17 12276/1/17
f 12272/1/17 12271/1/17 12277/1/17
f 12272/1/17 12277/1/17 12278/1/17
f 12270/1/17 12273/1/17 12279/1/17
f 12270/1/17 12279/1/17 12280/1/17
f 12281/6/497 12282/7/497 12283/7/497
f 12281/6/497 12283/7/497 12284/6/497
f 12285/7/17 12286/7/17 12287/7/17
f 12285/7/17 12287/7/17 12288/7/17
f 12289/7/17 12290/7/17 12291/7/17
f 12289/7/17 12291/7/17 12292/7/17
f 12290/7/17 12285/7/17 12288/7/17
f 12290/7/17 12288/7/17 12291/7/17
f 12285/7/17 12290/7/17 12293/7/17
f 12285/7/17 12293/7/17 12294/7/17
f 12295/1/1421 12296/1/1421 12297/1/1421
f 12295/1/1422 12297/1/1422 12298/1/1422
f 12299/7/17 12300/7/17 12301/7/17
f 12299/7/17 12301/7/17 12302/7/17
f 12303/7/17 12299/7/17 12302/7/17
f 12303/7/17 12302/7/17 12304/7/17
f 12305/7/17 12303/7/17 12304/7/17
f 12305/7/17 12304/7/17 12306/7/17
f 12307/7/504 12308/7/504 12309/7/504
f 12307/7/504 12309/7/504 12310/7/504
f 12311/7/506 12312/7/506 12313/7/506
f 12311/7/506 12313/7/506 12314/7/506
f 12315/7/509 12316/7/509 12317/7/509
f 12315/7/509 12317/7/509 12318/7/509
f 12319/1/17 12320/1/17 12321/1/17
f 12319/1/17 12321/1/17 12322/1/17
f 12323/1/17 12324/1/17 12320/1/17
f 12323/1/17 12320/1/17 12319/1/17
f 12322/1/17 12321/1/17 12325/1/17
f 12322/1/17 12325/1/17 12326/1/17
f 12327/1/17 12328/1/17 12329/1/17
f 12327/1/17 12329/1/17 12330/1/17
f 12331/1/17 12332/1/17 12328/1/17
f 12331/1/17 12328/1/17 12327/1/17
f 12326/1/17 12325/1/17 12332/1/17
f 12326/1/17 12332/1/17 12331/1/17
f 12329/1/17 12328/1/17 12332/1/17
f 12329/1/17 12332/1/17 12333/1/17
f 12329/1/17 12333/1/17 12334/1/17
f 12329/1/17 12334/1/17 12335/1/17
f 12336/1/590 12337/1/590 12338/1/590
f 12336/1/590 12338/1/590 12339/1/590
f 12340/1/636 12341/1/636 12342/1/636
f 12340/1/637 12342/1/637 12343/1/637
f 12344/1/595 12345/1/595 12346/1/595
f 12344/1/595 12346/1/595 12347/1/595
f 12348/1/27 12349/1/27 12350/1/27
f 12348/1/27 12350/1/27 12351/1/27
f 12352/1/379 12353/1/379 12354/1/379
f 12352/1/379 12354/1/379 12355/1/379
f 12356/1/636 12357/1/636 12358/1/636
f 12356/1/636 12358/1/636 12359/1/636
f 12360/1/594 12361/1/594 12362/1/594
f 12360/1/594 12362/1/594 12363/1/594
f 12364/1/650 12365/1/650 12366/1/650
f 12364/1/650 12366/1/650 12367/1/650
f 12368/1/638 12369/1/638 12370/1/638
f 12368/1/638 12370/1/638 12371/1/638
f 12372/1/598 12373/1/598 12374/1/598
f 12372/1/598 12374/1/598 12375/1/598
f 12376/1/641 12377/1/641 12378/1/641
f 12376/1/641 12378/1/641 12379/1/641
f 12380/1/1423 12381/1/1423 12382/1/1423
f 12380/1/640 12382/1/640 12383/1/640
f 12384/1/1424 12385/1/1424 12386/1/1424
f 12384/1/645 12386/1/645 12387/1/645
f 12388/1/642 12389/1/642 12390/1/642
f 12388/1/642 12390/1/642 12391/1/642
f 12392/1/92 12393/1/92 12394/1/92
f 12392/1/92 12394/1/92 12395/1/92
f 12396/1/637 12340/1/637 12343/1/637
f 12396/1/637 12343/1/637 12397/1/637
f 12398/1/636 12396/1/636 12397/1/636
f 12398/1/636 12397/1/636 12399/1/636
f 12400/1/628 12401/1/628 12402/1/628
f 12400/1/629 12402/1/629 12403/1/629
f 12404/1/632 12405/1/632 12406/1/632
f 12404/1/632 12406/1/632 12407/1/632
f 12408/1/418 12376/1/418 12379/1/418
f 12408/1/418 12379/1/418 12409/1/418
f 12361/1/594 12410/1/594 12411/1/594
f 12361/1/594 12411/1/594 12362/1/594
f 12412/1/643 12413/1/643 12414/1/643
f 12412/1/643 12414/1/643 12415/1/643
f 12357/1/636 12398/1/636 12399/1/636
f 12357/1/636 12399/1/636 12358/1/636
f 12416/1/634 12417/1/634 12418/1/634
f 12416/1/634 12418/1/634 12419/1/634
f 12420/1/639 12421/1/639 12422/1/639
f 12420/1/639 12422/1/639 12423/1/639
f 12424/1/633 12425/1/633 12426/1/633
f 12424/1/633 12426/1/633 12427/1/633
f 12428/1/627 12429/1/627 12430/1/627
f 12428/1/627 12430/1/627 12431/1/627
f 12432/1/648 12433/1/648 12434/1/648
f 12432/1/648 12434/1/648 12435/1/648
f 12436/1/646 12437/1/646 12438/1/646
f 12436/1/646 12438/1/646 12439/1/646
f 12440/1/635 12441/1/635 12442/1/635
f 12440/1/635 12442/1/635 12443/1/635
f 12444/1/538 12445/1/538 12446/1/538
f 12444/1/538 12446/1/538 12447/1/538
f 12448/1/631 12449/1/631 12450/1/631
f 12448/1/631 12450/1/631 12451/1/631
f 12452/1/591 12453/1/591 12454/1/591
f 12452/1/591 12454/1/591 12455/1/591
f 12456/1/596 12457/1/596 12458/1/596
f 12456/1/596 12458/1/596 12459/1/596
f 12460/1/17 12461/1/17 12462/1/17
f 12460/1/17 12462/1/17 12463/1/17
f 12464/1/17 12465/1/17 12461/1/17
f 12464/1/17 12461/1/17 12460/1/17
f 12466/1/17 12467/1/17 12468/1/17
f 12466/1/17 12468/1/17 12469/1/17
f 12469/1/17 12468/1/17 12470/1/17
f 12469/1/17 12470/1/17 12471/1/17
f 12472/1/17 12473/1/17 12467/1/17
f 12472/1/17 12467/1/17 12466/1/17
f 12474/1/17 12475/1/17 12476/1/17
f 12474/1/17 12476/1/17 12477/1/17
f 12477/1/17 12476/1/17 12478/1/17
f 12477/1/17 12478/1/17 12479/1/17
f 12479/1/17 12478/1/17 12480/1/17
f 12479/1/17 12480/1/17 12481/1/17
f 12482/1/17 12483/1/17 12484/1/17
f 12482/1/17 12484/1/17 12485/1/17
f 12486/1/17 12487/1/17 12483/1/17
f 12486/1/17 12483/1/17 12482/1/17
f 12488/1/17 12489/1/17 12487/1/17
f 12488/1/17 12487/1/17 12486/1/17
f 12490/1/17 12488/1/17 12486/1/17
f 12490/1/17 12486/1/17 12491/1/17
f 12491/1/17 12486/1/17 12482/1/17
f 12491/1/17 12482/1/17 12492/1/17
f 12492/1/17 12482/1/17 12485/1/17
f 12492/1/17 12485/1/17 12493/1/17
f 12494/1/17 12492/1/17 12493/1/17
f 12494/1/17 12493/1/17 12495/1/17
f 12496/1/17 12491/1/17 12492/1/17
f 12496/1/17 12492/1/17 12494/1/17
f 12497/1/17 12490/1/17 12491/1/17
f 12497/1/17 12491/1/17 12496/1/17
f 12498/1/17 12479/1/17 12481/1/17
f 12498/1/17 12481/1/17 12499/1/17
f 12500/1/17 12477/1/17 12479/1/17
f 12500/1/17 12479/1/17 12498/1/17
f 12501/1/17 12474/1/17 12477/1/17
f 12501/1/17 12477/1/17 12500/1/17
f 12489/1/17 12501/1/17 12500/1/17
f 12489/1/17 12500/1/17 12487/1/17
f 12487/1/17 12500/1/17 12498/1/17
f 12487/1/17 12498/1/17 12483/1/17
f 12483/1/17 12498/1/17 12499/1/17
f 12483/1/17 12499/1/17 12484/1/17
f 12495/1/17 12493/1/17 12502/1/17
f 12495/1/17 12502/1/17 12503/1/17
f 12503/1/17 12502/1/17 12504/1/17
f 12503/1/17 12504/1/17 12505/1/17
f 12505/1/17 12504/1/17 12506/1/17
f 12505/1/17 12506/1/17 12507/1/17
f 12507/1/17 12506/1/17 12508/1/17
f 12507/1/17 12508/1/17 12509/1/17
f 12510/1/17 12511/1/17 12512/1/17
f 12510/1/17 12512/1/17 12513/1/17
f 12514/1/17 12515/1/17 12511/1/17
f 12514/1/17 12511/1/17 12510/1/17
f 12516/1/17 12517/1/17 12514/1/17
f 12517/1/17 12515/1/17 12514/1/17
f 12518/1/17 12519/1/17 12517/1/17
f 12518/1/17 12517/1/17 12516/1/17
f 12520/1/17 12521/1/17 12522/1/17
f 12520/1/17 12522/1/17 12523/1/17
f 12523/1/17 12522/1/17 12524/1/17
f 12523/1/17 12524/1/17 12525/1/17
f 12525/1/17 12524/1/17 12519/1/17
f 12525/1/17 12519/1/17 12518/1/17
f 12511/1/17 12507/1/17 12509/1/17
f 12511/1/17 12509/1/17 12512/1/17
f 12515/1/17 12505/1/17 12507/1/17
f 12515/1/17 12507/1/17 12511/1/17
f 12517/1/17 12503/1/17 12505/1/17
f 12517/1/17 12505/1/17 12515/1/17
f 12519/1/17 12495/1/17 12503/1/17
f 12519/1/17 12503/1/17 12517/1/17
f 12521/1/17 12497/1/17 12496/1/17
f 12521/1/17 12496/1/17 12522/1/17
f 12522/1/17 12496/1/17 12494/1/17
f 12522/1/17 12494/1/17 12524/1/17
f 12524/1/17 12494/1/17 12495/1/17
f 12524/1/17 12495/1/17 12519/1/17
f 12526/1/14 12527/1/14 12528/1/14
f 12526/1/14 12528/1/14 12529/1/14
f 12530/1/1425 12531/1/1425 12532/1/1425
f 12530/1/1425 12532/1/1425 12533/1/1425
f 12534/1/593 12535/1/593 12536/1/593
f 12534/1/593 12536/1/593 12537/1/593
f 12538/1/647 12539/1/647 12540/1/647
f 12538/1/647 12540/1/647 12541/1/647
f 12542/7/17 12543/7/17 12544/7/17
f 12542/7/17 12544/7/17 12545/7/17
f 12546/7/17 12542/7/17 12545/7/17
f 12546/7/17 12545/7/17 12547/7/17
f 12548/7/17 12546/7/17 12547/7/17
f 12548/7/17 12547/7/17 12549/7/17
f 12550/7/1123 12551/7/1123 12552/7/1123
f 12550/7/1426 12552/7/1426 12553/7/1426
f 12554/7/505 12555/7/505 12556/7/505
f 12554/7/505 12556/7/505 12557/7/505
f 12558/7/507 12559/7/507 12560/7/507
f 12558/7/507 12560/7/507 12561/7/507
f 12562/7/508 12558/7/508 12561/7/508
f 12562/7/508 12561/7/508 12563/7/508
f 12564/7/495 12565/7/495 12566/7/495
f 12564/7/495 12566/7/495 12567/7/495
f 12568/6/1427 12569/7/1427 12570/1/1427
s 1
f 12571/1/1428 12572/1/1429 12573/1/1430
f 12571/1/1428 12573/1/1430 12574/1/1431
f 12574/1/1431 12575/1/1432 12571/1/1428
s 0
f 12576/4/17 12577/4/17 12578/1/17
f 12576/4/17 12578/1/17 12579/1/17
f 12577/4/17 12580/4/17 12581/1/17
f 12577/4/17 12581/1/17 12578/1/17
f 12582/1/17 12583/1/17 12584/1/17
f 12582/1/17 12584/1/17 12585/1/17
f 12586/1/17 12587/1/17 12588/1/17
f 12586/1/17 12588/1/17 12589/1/17
f 12587/1/17 12590/1/17 12591/1/17
f 12587/1/17 12591/1/17 12588/1/17
f 12592/1/17 12586/1/17 12589/1/17
f 12592/1/17 12589/1/17 12593/1/17
f 12594/1/17 12592/1/17 12593/1/17
f 12594/1/17 12593/1/17 12595/1/17
f 12590/1/17 12582/1/17 12585/1/17
f 12590/1/17 12585/1/17 12591/1/17
f 12596/1/4 12597/1/4 12598/1/4
f 12596/1/4 12598/1/4 12599/1/4
f 12600/1/4 12601/1/4 12602/1/4
f 12600/1/4 12602/1/4 12603/1/4
f 12604/1/4 12600/1/4 12603/1/4
f 12604/1/4 12603/1/4 12605/1/4
f 12603/1/4 12606/1/4 12605/1/4
f 12602/1/4 12607/1/4 12608/1/4
f 12602/1/4 12608/1/4 12603/1/4
f 12600/1/4 12609/1/4 12610/1/4
f 12600/1/4 12610/1/4 12601/1/4
f 12281/6/497 12284/6/497 12611/7/497
f 12281/6/497 12611/7/497 12612/7/497
f 12613/7/4 12614/7/4 12615/7/4
f 12613/7/4 12615/7/4 12616/7/4
f 12617/7/4 12618/7/4 12619/7/4
f 12617/7/4 12619/7/4 12620/7/4
f 12620/7/4 12619/7/4 12614/7/4
f 12620/7/4 12614/7/4 12613/7/4
f 12613/7/4 12621/7/4 12622/7/4
f 12613/7/4 12622/7/4 12620/7/4
f 12623/1/1421 12298/1/1421 12297/1/1421
f 12623/1/1422 12297/1/1422 12624/1/1422
f 12625/7/4 12626/7/4 12627/7/4
f 12625/7/4 12627/7/4 12628/7/4
f 12629/7/4 12630/7/4 12626/7/4
f 12629/7/4 12626/7/4 12625/7/4
f 12631/7/4 12632/7/4 12630/7/4
f 12631/7/4 12630/7/4 12629/7/4
f 12633/7/504 12634/7/504 12635/7/504
f 12633/7/1433 12635/7/1433 12636/7/1433
f 12637/7/506 12638/7/506 12639/7/506
f 12637/7/506 12639/7/506 12640/7/506
f 12641/7/509 12642/7/509 12643/7/509
f 12641/7/509 12643/7/509 12644/7/509
f 12645/1/4 12646/1/4 12647/1/4
f 12645/1/4 12647/1/4 12648/1/4
f 12649/1/4 12645/1/4 12648/1/4
f 12649/1/4 12648/1/4 12650/1/4
f 12646/1/4 12651/1/4 12652/1/4
f 12646/1/4 12652/1/4 12647/1/4
f 12653/1/4 12654/1/4 12655/1/4
f 12653/1/4 12655/1/4 12656/1/4
f 12657/1/4 12653/1/4 12656/1/4
f 12657/1/4 12656/1/4 12658/1/4
f 12651/1/4 12657/1/4 12658/1/4
f 12651/1/4 12658/1/4 12652/1/4
f 12655/1/4 12659/1/4 12658/1/4
f 12655/1/4 12658/1/4 12656/1/4
f 12655/1/4 12660/1/4 12661/1/4
f 12655/1/4 12661/1/4 12659/1/4
f 12662/1/590 12663/1/590 12664/1/590
f 12662/1/590 12664/1/590 12665/1/590
f 12666/1/636 12667/1/636 12668/1/636
f 12666/1/636 12668/1/636 12669/1/636
f 12670/1/595 12671/1/595 12672/1/595
f 12670/1/595 12672/1/595 12673/1/595
f 12674/1/27 12675/1/27 12676/1/27
f 12674/1/27 12676/1/27 12677/1/27
f 12678/1/379 12679/1/379 12680/1/379
f 12678/1/379 12680/1/379 12681/1/379
f 12682/1/636 12683/1/636 12684/1/636
f 12682/1/636 12684/1/636 12685/1/636
f 12686/1/594 12687/1/594 12688/1/594
f 12686/1/594 12688/1/594 12689/1/594
f 12690/1/650 12691/1/650 12692/1/650
f 12690/1/650 12692/1/650 12693/1/650
f 12694/1/638 12695/1/638 12696/1/638
f 12694/1/638 12696/1/638 12697/1/638
f 12698/1/598 12699/1/598 12700/1/598
f 12698/1/598 12700/1/598 12701/1/598
f 12702/1/418 12703/1/418 12704/1/418
f 12702/1/641 12704/1/641 12705/1/641
f 12706/1/1423 12707/1/1423 12708/1/1423
f 12706/1/1423 12708/1/1423 12709/1/1423
f 12710/1/645 12711/1/645 12712/1/645
f 12710/1/645 12712/1/645 12713/1/645
f 12714/1/642 12715/1/642 12716/1/642
f 12714/1/642 12716/1/642 12717/1/642
f 12718/1/92 12719/1/92 12720/1/92
f 12718/1/92 12720/1/92 12721/1/92
f 12722/1/637 12723/1/637 12667/1/637
f 12722/1/637 12667/1/637 12666/1/637
f 12724/1/636 12725/1/636 12723/1/636
f 12724/1/636 12723/1/636 12722/1/636
f 12726/1/628 12727/1/628 12728/1/628
f 12726/1/629 12728/1/629 12729/1/629
f 12730/1/632 12731/1/632 12732/1/632
f 12730/1/632 12732/1/632 12733/1/632
f 12734/1/418 12735/1/418 12703/1/418
f 12734/1/418 12703/1/418 12702/1/418
f 12689/1/594 12688/1/594 12736/1/594
f 12689/1/594 12736/1/594 12737/1/594
f 12738/1/643 12739/1/643 12740/1/643
f 12738/1/643 12740/1/643 12741/1/643
f 12685/1/637 12684/1/637 12725/1/637
f 12685/1/637 12725/1/637 12724/1/637
f 12742/1/634 12743/1/634 12744/1/634
f 12742/1/634 12744/1/634 12745/1/634
f 12746/1/639 12747/1/639 12748/1/639
f 12746/1/639 12748/1/639 12749/1/639
f 12750/1/633 12751/1/633 12752/1/633
f 12750/1/633 12752/1/633 12753/1/633
f 12754/1/627 12755/1/627 12756/1/627
f 12754/1/627 12756/1/627 12757/1/627
f 12758/1/648 12759/1/648 12760/1/648
f 12758/1/648 12760/1/648 12761/1/648
f 12762/1/646 12763/1/646 12764/1/646
f 12762/1/646 12764/1/646 12765/1/646
f 12766/1/635 12767/1/635 12768/1/635
f 12766/1/635 12768/1/635 12769/1/635
f 12770/1/538 12771/1/538 12772/1/538
f 12770/1/538 12772/1/538 12773/1/538
f 12774/1/631 12775/1/631 12776/1/631
f 12774/1/631 12776/1/631 12777/1/631
f 12778/1/591 12779/1/591 12780/1/591
f 12778/1/591 12780/1/591 12781/1/591
f 12782/1/596 12783/1/596 12784/1/596
f 12782/1/596 12784/1/596 12785/1/596
f 12786/1/4 12787/1/4 12788/1/4
f 12786/1/4 12788/1/4 12789/1/4
f 12790/1/4 12786/1/4 12789/1/4
f 12790/1/4 12789/1/4 12791/1/4
f 12792/1/4 12793/1/4 12794/1/4
f 12792/1/4 12794/1/4 12795/1/4
f 12793/1/4 12796/1/4 12797/1/4
f 12793/1/4 12797/1/4 12794/1/4
f 12798/1/4 12792/1/4 12795/1/4
f 12798/1/4 12795/1/4 12799/1/4
f 12800/1/4 12801/1/4 12802/1/4
f 12800/1/4 12802/1/4 12803/1/4
f 12801/1/4 12804/1/4 12805/1/4
f 12801/1/4 12805/1/4 12802/1/4
f 12804/1/4 12806/1/4 12807/1/4
f 12804/1/4 12807/1/4 12805/1/4
f 12808/1/4 12809/1/4 12810/1/4
f 12808/1/4 12810/1/4 12811/1/4
f 12812/1/4 12808/1/4 12811/1/4
f 12812/1/4 12811/1/4 12813/1/4
f 12814/1/4 12812/1/4 12813/1/4
f 12814/1/4 12813/1/4 12815/1/4
f 12816/1/4 12817/1/4 12812/1/4
f 12816/1/4 12812/1/4 12814/1/4
f 12817/1/4 12818/1/4 12808/1/4
f 12817/1/4 12808/1/4 12812/1/4
f 12818/1/4 12819/1/4 12809/1/4
f 12818/1/4 12809/1/4 12808/1/4
f 12820/1/4 12821/1/4 12819/1/4
f 12820/1/4 12819/1/4 12818/1/4
f 12822/1/4 12820/1/4 12818/1/4
f 12822/1/4 12818/1/4 12817/1/4
f 12823/1/4 12822/1/4 12817/1/4
f 12823/1/4 12817/1/4 12816/1/4
f 12824/1/4 12825/1/4 12806/1/4
f 12824/1/4 12806/1/4 12804/1/4
f 12826/1/4 12824/1/4 12804/1/4
f 12826/1/4 12804/1/4 12801/1/4
f 12827/1/4 12826/1/4 12801/1/4
f 12827/1/4 12801/1/4 12800/1/4
f 12815/1/4 12813/1/4 12826/1/4
f 12815/1/4 12826/1/4 12827/1/4
f 12813/1/4 12811/1/4 12824/1/4
f 12813/1/4 12824/1/4 12826/1/4
f 12811/1/4 12810/1/4 12825/1/4
f 12811/1/4 12825/1/4 12824/1/4
f 12821/1/4 12828/1/4 12829/1/4
f 12821/1/4 12829/1/4 12819/1/4
f 12828/1/4 12830/1/4 12831/1/4
f 12828/1/4 12831/1/4 12829/1/4
f 12830/1/4 12832/1/4 12833/1/4
f 12830/1/4 12833/1/4 12831/1/4
f 12832/1/4 12834/1/4 12835/1/4
f 12832/1/4 12835/1/4 12833/1/4
f 12836/1/4 12837/1/4 12838/1/4
f 12836/1/4 12838/1/4 12839/1/4
f 12840/1/4 12836/1/4 12839/1/4
f 12840/1/4 12839/1/4 12841/1/4
f 12842/1/4 12840/1/4 12843/1/4
f 12840/1/4 12841/1/4 12843/1/4
f 12844/1/4 12842/1/4 12843/1/4
f 12844/1/4 12843/1/4 12845/1/4
f 12846/1/4 12847/1/4 12848/1/4
f 12846/1/4 12848/1/4 12849/1/4
f 12847/1/4 12850/1/4 12851/1/4
f 12847/1/4 12851/1/4 12848/1/4
f 12850/1/4 12844/1/4 12845/1/4
f 12850/1/4 12845/1/4 12851/1/4
f 12839/1/4 12838/1/4 12834/1/4
f 12839/1/4 12834/1/4 12832/1/4
f 12841/1/4 12839/1/4 12832/1/4
f 12841/1/4 12832/1/4 12830/1/4
f 12843/1/4 12841/1/4 12830/1/4
f 12843/1/4 12830/1/4 12828/1/4
f 12845/1/4 12843/1/4 12828/1/4
f 12845/1/4 12828/1/4 12821/1/4
f 12849/1/4 12848/1/4 12822/1/4
f 12849/1/4 12822/1/4 12823/1/4
f 12848/1/4 12851/1/4 12820/1/4
f 12848/1/4 12820/1/4 12822/1/4
f 12851/1/4 12845/1/4 12821/1/4
f 12851/1/4 12821/1/4 12820/1/4
f 12852/1/14 12853/1/14 12854/1/14
f 12852/1/14 12854/1/14 12855/1/14
f 12856/1/649 12857/1/649 12858/1/649
f 12856/1/649 12858/1/649 12859/1/649
f 12860/1/593 12861/1/593 12862/1/593
f 12860/1/593 12862/1/593 12863/1/593
f 12864/1/647 12865/1/647 12866/1/647
f 12864/1/647 12866/1/647 12867/1/647
f 12868/7/4 12869/7/4 12870/7/4
f 12868/7/4 12870/7/4 12871/7/4
f 12872/7/4 12873/7/4 12869/7/4
f 12872/7/4 12869/7/4 12868/7/4
f 12874/7/4 12875/7/4 12873/7/4
f 12874/7/4 12873/7/4 12872/7/4
f 12876/7/1426 12877/7/1426 12878/7/1426
f 12876/7/1426 12878/7/1426 12879/7/1426
f 12880/7/505 12881/7/505 12882/7/505
f 12880/7/505 12882/7/505 12883/7/505
f 12884/7/507 12885/7/507 12886/7/507
f 12884/7/507 12886/7/507 12887/7/507
f 12888/7/508 12889/7/508 12885/7/508
f 12888/7/508 12885/7/508 12884/7/508
f 12890/7/495 12891/7/495 12892/7/495
f 12890/7/495 12892/7/495 12893/7/495
f 12568/6/1427 12894/1/1427 12895/7/1427
s 1
f 12896/1/1434 12897/1/1435 12898/1/1436
f 12896/1/1434 12898/1/1436 12899/1/1437
s 0
usemtl grey_cyan
f 12926/1/17 12923/1/17 12929/1/17
f 12926/1/17 12929/1/17 12930/1/17
f 12924/1/17 12921/1/17 12923/1/17
f 12924/1/17 12923/1/17 12925/1/17
f 12920/1/17 12924/1/17 12925/1/17
f 12920/1/17 12925/1/17 12922/1/17
f 12925/1/17 12923/1/17 12926/1/17
f 12925/1/17 12926/1/17 12927/1/17
f 12923/1/17 12921/1/17 12928/1/17
f 12923/1/17 12928/1/17 12929/1/17
f 12937/1/17 12935/1/17 12939/1/17
f 12937/1/17 12939/1/17 12940/1/17
f 12934/1/17 12933/1/17 12931/1/17
f 12934/1/17 12931/1/17 12932/1/17
f 12929/1/17 12928/1/17 12933/1/17
f 12929/1/17 12933/1/17 12934/1/17
f 12937/1/17 12938/1/17 12936/1/17
f 12937/1/17 12936/1/17 12935/1/17
f 12931/1/17 12933/1/17 12938/1/17
f 12931/1/17 12938/1/17 12937/1/17
f 12940/1/17 12939/1/17 12941/1/17
f 12940/1/17 12941/1/17 12942/1/17
f 12942/1/17 12941/1/17 12943/1/17
f 12942/1/1438 12943/1/1438 12944/1/1438
f 12953/1/617 12947/1/617 12972/1/617
f 12953/1/617 12972/1/617 12982/1/617
f 12962/1/619 12961/1/619 12990/1/619
f 12962/1/619 12990/1/619 12987/1/619
f 12951/1/607 12954/1/607 12979/1/607
f 12951/1/607 12979/1/607 12976/1/607
f 12949/1/607 12951/1/607 12976/1/607
f 12949/1/607 12976/1/607 12977/1/607
f 12967/1/624 12971/1/624 12998/1/624
f 12967/1/624 12998/1/624 12994/1/624
f 12968/1/92 12965/1/92 12992/1/92
f 12968/1/92 12992/1/92 12995/1/92
f 12985/1/618 12981/1/618 12903/1/618
f 12985/1/618 12903/1/618 12999/1/618
f 12997/1/623 12996/1/623 13016/1/623
f 12997/1/623 13016/1/623 13018/1/623
f 12977/1/607 12976/1/607 12913/1/607
f 12977/1/607 12913/1/607 12910/1/607
f 12980/1/616 12983/1/616 12901/1/616
f 12980/1/616 12901/1/616 12908/1/616
f 12989/1/622 12993/1/622 13012/1/622
f 12989/1/622 13012/1/622 13006/1/622
f 12973/1/606 12974/1/606 12914/1/606
f 12973/1/606 12914/1/606 12918/1/606
f 12946/1/492 12950/1/492 12978/1/492
f 12946/1/492 12978/1/492 12975/1/492
f 12970/1/623 12969/1/623 12996/1/623
f 12970/1/623 12996/1/623 12997/1/623
f 12955/1/616 12958/1/616 12983/1/616
f 12955/1/616 12983/1/616 12980/1/616
f 12948/1/606 12945/1/606 12974/1/606
f 12948/1/606 12974/1/606 12973/1/606
f 12964/1/620 12957/1/620 12986/1/620
f 12964/1/620 12986/1/620 12991/1/620
f 12956/1/618 12952/1/618 12981/1/618
f 12956/1/618 12981/1/618 12985/1/618
f 12960/1/622 12966/1/622 12993/1/622
f 12960/1/622 12993/1/622 12989/1/622
f 12959/1/621 12963/1/621 12988/1/621
f 12959/1/621 12988/1/621 12984/1/621
f 12919/1/4 12915/1/4 12909/1/4
f 12919/1/4 12909/1/4 12912/1/4
f 12919/1/4 12912/1/4 12906/1/4
f 12919/1/4 12906/1/4 12905/1/4
f 12905/1/4 12906/1/4 12900/1/4
f 12905/1/4 12900/1/4 13001/1/4
f 13001/1/4 12900/1/4 13002/1/4
f 13001/1/4 13002/1/4 13005/1/4
f 13001/1/4 13005/1/4 13011/1/4
f 13001/1/4 13011/1/4 13010/1/4
f 13010/1/4 13011/1/4 13017/1/4
f 13010/1/4 13017/1/4 13015/1/4
f 12975/1/492 12978/1/492 12911/1/492
f 12975/1/492 12911/1/492 12916/1/492
f 12995/1/92 12992/1/92 13009/1/92
f 12995/1/92 13009/1/92 13014/1/92
f 12987/1/619 12990/1/619 13007/1/619
f 12987/1/870 13007/1/870 13003/1/870
f 12994/1/624 12998/1/624 13019/1/624
f 12994/1/624 13019/1/624 13013/1/624
f 12984/1/621 12988/1/621 13004/1/621
f 12984/1/621 13004/1/621 12902/1/621
f 12976/1/607 12979/1/607 12907/1/607
f 12976/1/607 12907/1/607 12913/1/607
f 12982/1/617 12972/1/617 12917/1/617
f 12982/1/617 12917/1/617 12904/1/617
f 12991/1/620 12986/1/620 13000/1/620
f 12991/1/620 13000/1/620 13008/1/620
f 13046/1/4 13050/1/4 13049/1/4
f 13046/1/4 13049/1/4 13043/1/4
f 13044/1/4 13045/1/4 13043/1/4
f 13044/1/4 13043/1/4 13041/1/4
f 13040/1/4 13042/1/4 13045/1/4
f 13040/1/4 13045/1/4 13044/1/4
f 13045/1/4 13047/1/4 13046/1/4
f 13045/1/4 13046/1/4 13043/1/4
f 13043/1/4 13049/1/4 13048/1/4
f 13043/1/4 13048/1/4 13041/1/4
f 13057/1/4 13060/1/4 13059/1/4
f 13057/1/4 13059/1/4 13055/1/4
f 13054/1/4 13052/1/4 13051/1/4
f 13054/1/4 13051/1/4 13053/1/4
f 13049/1/4 13054/1/4 13053/1/4
f 13049/1/4 13053/1/4 13048/1/4
f 13057/1/4 13055/1/4 13056/1/4
f 13057/1/4 13056/1/4 13058/1/4
f 13051/1/4 13057/1/4 13058/1/4
f 13051/1/4 13058/1/4 13053/1/4
f 13060/1/4 13062/1/4 13061/1/4
f 13060/1/4 13061/1/4 13059/1/4
f 13062/1/4 13064/1/4 13063/1/4
f 13062/1/4 13063/1/4 13061/1/4
f 13073/1/617 13102/1/617 13092/1/617
f 13073/1/617 13092/1/617 13067/1/617
f 13082/1/870 13107/1/870 13110/1/870
f 13082/1/619 13110/1/619 13081/1/619
f 13071/1/607 13096/1/607 13099/1/607
f 13071/1/607 13099/1/607 13074/1/607
f 13069/1/607 13097/1/607 13096/1/607
f 13069/1/607 13096/1/607 13071/1/607
f 13087/1/624 13114/1/624 13118/1/624
f 13087/1/624 13118/1/624 13091/1/624
f 13088/1/92 13115/1/92 13112/1/92
f 13088/1/92 13112/1/92 13085/1/92
f 13105/1/618 13119/1/618 13023/1/618
f 13105/1/618 13023/1/618 13101/1/618
f 13117/1/623 13138/1/623 13136/1/623
f 13117/1/623 13136/1/623 13116/1/623
f 13097/1/607 13030/1/607 13033/1/607
f 13097/1/607 13033/1/607 13096/1/607
f 13100/1/616 13028/1/616 13021/1/616
f 13100/1/616 13021/1/616 13103/1/616
f 13109/1/622 13126/1/622 13132/1/622
f 13109/1/622 13132/1/622 13113/1/622
f 13093/1/606 13038/1/606 13034/1/606
f 13093/1/606 13034/1/606 13094/1/606
f 13066/1/492 13095/1/492 13098/1/492
f 13066/1/492 13098/1/492 13070/1/492
f 13090/1/623 13117/1/623 13116/1/623
f 13090/1/623 13116/1/623 13089/1/623
f 13075/1/616 13100/1/616 13103/1/616
f 13075/1/616 13103/1/616 13078/1/616
f 13068/1/606 13093/1/606 13094/1/606
f 13068/1/606 13094/1/606 13065/1/606
f 13084/1/620 13111/1/620 13106/1/620
f 13084/1/620 13106/1/620 13077/1/620
f 13076/1/618 13105/1/618 13101/1/618
f 13076/1/618 13101/1/618 13072/1/618
f 13080/1/622 13109/1/622 13113/1/622
f 13080/1/622 13113/1/622 13086/1/622
f 13079/1/621 13104/1/621 13108/1/621
f 13079/1/621 13108/1/621 13083/1/621
f 13039/1/17 13032/1/17 13029/1/17
f 13039/1/17 13029/1/17 13035/1/17
f 13039/1/17 13025/1/17 13026/1/17
f 13039/1/17 13026/1/17 13032/1/17
f 13025/1/17 13121/1/17 13020/1/17
f 13025/1/17 13020/1/17 13026/1/17
f 13121/1/17 13125/1/17 13122/1/17
f 13121/1/17 13122/1/17 13020/1/17
f 13121/1/17 13130/1/17 13131/1/17
f 13121/1/17 13131/1/17 13125/1/17
f 13130/1/17 13135/1/17 13137/1/17
f 13130/1/17 13137/1/17 13131/1/17
f 13095/1/492 13036/1/492 13031/1/492
f 13095/1/492 13031/1/492 13098/1/492
f 13115/1/92 13134/1/92 13129/1/92
f 13115/1/92 13129/1/92 13112/1/92
f 13107/1/619 13123/1/619 13127/1/619
f 13107/1/619 13127/1/619 13110/1/619
f 13114/1/624 13133/1/624 13139/1/624
f 13114/1/624 13139/1/624 13118/1/624
f 13104/1/621 13022/1/621 13124/1/621
f 13104/1/621 13124/1/621 13108/1/621
f 13096/1/607 13033/1/607 13027/1/607
f 13096/1/607 13027/1/607 13099/1/607
f 13102/1/617 13024/1/617 13037/1/617
f 13102/1/617 13037/1/617 13092/1/617
f 13111/1/620 13128/1/620 13120/1/620
f 13111/1/620 13120/1/620 13106/1/620
