# Blender 5.2.1 LTS
# www.blender.org
mtllib minishark.mtl
o Object_4
v -0.011852 0.562644 0.415914
v -0.011852 0.556704 0.430951
v -0.011852 0.563750 0.394517
v 0.044953 0.549646 0.390313
v 0.027878 0.544627 0.417510
v 0.013968 0.565081 0.354125
v 0.048650 0.551525 0.362189
v 0.043808 0.553002 0.328249
v 0.009622 0.557624 0.308021
v -0.011852 0.570152 0.366950
v -0.033017 0.558672 0.312053
v -0.011852 0.523464 0.447293
v -0.011852 0.497209 0.439373
v -0.011852 0.497209 0.439373
v 0.019229 0.504156 0.434274
v 0.024844 0.432901 0.409672
v 0.024844 0.432901 0.409672
v 0.049103 0.481559 0.412504
v 0.050980 0.429173 0.392425
v 0.050980 0.429173 0.392425
v 0.084039 0.494265 0.386951
v 0.084895 0.415564 0.370288
v 0.084895 0.415564 0.370288
v 0.113470 0.490786 0.344655
v 0.083998 0.529657 0.371415
v 0.116270 0.499179 0.328856
v 0.080757 0.530980 0.334091
v 0.113808 0.484115 0.268014
v 0.078496 0.527115 0.302223
v 0.050643 0.493481 0.211862
v 0.034106 0.531715 0.280774
v 0.086496 0.475259 0.215349
v 0.075661 0.469260 0.195902
v 0.056608 0.489767 0.160126
v 0.017259 0.518879 0.214193
v 0.019826 0.510776 0.180535
v -0.011852 0.516609 0.194861
v -0.011852 0.225406 -0.754332
v -0.011852 0.250560 -0.705831
v -0.011852 0.250560 -0.705831
v 0.011972 0.234639 -0.757367
v 0.008681 0.206091 -0.779572
v 0.012268 0.234338 -0.756662
v -0.000854 0.258400 -0.707781
v -0.000854 0.258400 -0.707781
v 0.008441 0.267718 -0.702317
v 0.008441 0.267718 -0.702317
v 0.003108 0.278815 -0.641326
v 0.008184 0.278175 -0.576628
v -0.011852 0.265988 -0.656125
v 0.015193 0.289041 -0.601779
v 0.023844 0.279179 -0.541335
v 0.013036 0.290033 -0.652723
v 0.023659 0.290333 -0.569418
v 0.020081 0.297542 -0.608189
v 0.033650 0.286420 -0.536717
v 0.040555 0.272689 -0.503431
v 0.027944 0.300295 -0.579873
v 0.048103 0.279877 -0.502791
v 0.039418 0.295615 -0.541634
v 0.091386 0.243165 -0.396559
v 0.055725 0.294733 -0.508700
v 0.121286 0.253758 -0.353339
v 0.103198 0.217782 -0.343609
v 0.133429 0.233827 -0.303648
v 0.117768 0.213374 -0.305356
v 0.163558 0.221438 -0.201754
v 0.139737 0.186228 -0.186658
v 0.150778 0.191755 -0.173116
v 0.181090 0.240606 -0.165451
v 0.179651 0.208564 -0.148030
v 0.179651 0.208564 -0.148030
v 0.179651 0.208564 -0.148030
v 0.193229 0.247585 -0.125114
v 0.161732 0.186097 -0.154710
v 0.161751 0.186041 -0.154758
v 0.161751 0.186041 -0.154758
v 0.188974 0.209932 -0.134586
v 0.188974 0.209932 -0.134586
v 0.166861 0.178286 -0.138783
v 0.168233 0.178163 -0.136370
v 0.193833 0.245243 -0.124655
v 0.194699 0.212773 -0.125531
v 0.194548 0.212409 -0.125057
v 0.172400 0.175388 -0.125810
v 0.172400 0.175388 -0.125810
v 0.199097 0.211959 -0.116232
v 0.199988 0.212956 -0.116466
v 0.177182 0.173489 -0.106369
v 0.194971 0.233901 -0.115767
v 0.194971 0.233901 -0.115767
v 0.196028 0.236252 -0.105185
v 0.196028 0.236252 -0.105185
v 0.200917 0.213318 -0.092046
v 0.200819 0.213218 -0.092055
v 0.196612 0.236079 -0.087779
v 0.196612 0.236079 -0.087779
v 0.198804 0.214434 -0.078663
v 0.197575 0.214000 -0.074110
v 0.200484 0.252081 -0.064249
v 0.177280 0.176978 -0.083161
v 0.177226 0.177022 -0.083166
v 0.195073 0.213838 -0.065420
v 0.175265 0.181705 -0.065889
v 0.201904 0.249367 -0.065887
v 0.195435 0.213872 -0.065332
v 0.201992 0.252136 -0.065001
v 0.201992 0.252136 -0.065001
v 0.175297 0.181910 -0.065960
v 0.172648 0.188502 -0.044262
v 0.191648 0.208889 -0.056776
v 0.191333 0.208641 -0.056900
v 0.174114 0.184606 -0.056636
v 0.203169 0.241077 -0.061505
v 0.198480 0.231468 -0.056334
v 0.188023 0.209140 -0.044392
v 0.188023 0.209140 -0.044392
v 0.188023 0.209140 -0.044392
v 0.173224 0.189648 -0.044927
v 0.173224 0.189648 -0.044927
v 0.185072 0.212727 -0.029141
v 0.185072 0.212727 -0.029141
v 0.170009 0.192954 -0.031613
v 0.170207 0.192501 -0.031462
v 0.192814 0.235346 -0.024251
v 0.193255 0.235198 -0.024144
v 0.175923 0.218518 -0.009126
v 0.189428 0.245084 -0.003197
v 0.189090 0.246127 -0.001162
v 0.175978 0.218590 -0.009432
v 0.156096 0.196381 -0.005352
v 0.189600 0.247157 -0.002873
v 0.172367 0.218746 -0.004067
v 0.172625 0.218619 -0.004028
v 0.141669 0.179627 -0.006347
v 0.189691 0.242060 -0.004711
v 0.189667 0.242468 -0.004596
v 0.146952 0.187804 0.007232
v 0.179653 0.230399 0.023941
v 0.167179 0.210741 0.070333
v 0.174494 0.220932 0.071485
v 0.146645 0.186121 0.067022
v 0.179717 0.230022 0.072046
v 0.173376 0.217781 0.121878
v 0.154812 0.191466 0.114327
v 0.157769 0.200246 0.149855
v 0.180532 0.238241 0.156161
v 0.150130 0.206500 0.181605
v 0.150130 0.206500 0.181605
v 0.142019 0.190220 0.167690
v 0.142019 0.190220 0.167690
v 0.159996 0.233381 0.195722
v 0.159996 0.233381 0.195722
v 0.100760 0.180333 0.210013
v 0.124074 0.186788 0.189834
v 0.124074 0.186788 0.189834
v 0.132600 0.209169 0.223537
v 0.132600 0.209169 0.223537
v 0.102478 0.182069 0.228686
v 0.100363 0.181237 0.210007
v 0.105223 0.171787 0.246380
v 0.073502 0.162967 0.249057
v 0.072673 0.169943 0.227942
v 0.072673 0.169943 0.227942
v 0.073151 0.145177 0.267788
v 0.040339 0.133150 0.264541
v 0.040339 0.133150 0.264541
v 0.042923 0.151139 0.242717
v 0.042923 0.151139 0.242717
v 0.007973 0.114210 0.298707
v 0.009920 0.120311 0.277909
v 0.009920 0.120311 0.277909
v 0.013547 0.126596 0.251662
v 0.013547 0.126596 0.251662
v -0.011852 0.113302 0.286335
v -0.011852 0.113302 0.286335
v -0.011852 0.119589 0.257369
v -0.011852 0.119589 0.257369
v -0.011852 0.107995 0.318448
v -0.011852 0.128750 0.221123
v -0.011852 0.137553 0.187303
v -0.008124 0.120480 0.052961
v -0.011505 0.105345 -0.053118
v -0.011852 0.101233 -0.098483
v -0.011852 0.100929 -0.098475
v -0.011852 0.105447 -0.146513
v -0.011852 0.123093 -0.216170
v -0.011852 0.167071 -0.351884
v -0.011852 0.229324 -0.483719
v -0.011852 0.229324 -0.483719
v -0.011852 0.241276 -0.505218
v -0.011852 0.269353 -0.582946
v -0.011852 0.269353 -0.582946
v -0.011852 0.269353 -0.582946
v 0.020084 0.262487 -0.513587
v 0.004665 0.232403 -0.475909
v 0.041905 0.234860 -0.446407
v 0.037611 0.260905 -0.491058
v 0.097510 0.196379 -0.307860
v 0.118235 0.168520 -0.186810
v 0.140757 0.169588 -0.135124
v 0.116881 0.156988 -0.149637
v 0.142872 0.168877 -0.120255
v 0.142872 0.168877 -0.120255
v 0.123604 0.155186 -0.099875
v 0.146071 0.169368 -0.099585
v 0.145881 0.169164 -0.101523
v 0.147634 0.171875 -0.073031
v 0.147466 0.171454 -0.076549
v 0.147426 0.171518 -0.076557
v 0.148788 0.173902 -0.060580
v 0.126524 0.159394 -0.036952
v 0.149039 0.173415 -0.060396
v 0.153426 0.175972 -0.046596
v 0.151610 0.176475 -0.031590
v 0.151610 0.176475 -0.031590
v 0.148713 0.177912 -0.021508
v 0.148713 0.177912 -0.021508
v 0.128794 0.163898 -0.021469
v 0.128794 0.163898 -0.021469
v 0.144598 0.178985 -0.013686
v 0.144598 0.178985 -0.013686
v 0.127030 0.165147 -0.013803
v 0.127118 0.165032 -0.013787
v 0.141376 0.179867 -0.006276
v 0.134341 0.176325 0.033016
v 0.146103 0.186051 0.067021
v 0.133699 0.174923 0.067027
v 0.133699 0.174923 0.067027
v 0.142322 0.179653 0.119844
v 0.116529 0.166224 0.133149
v 0.117310 0.173719 0.169952
v 0.117310 0.173719 0.169952
v 0.096548 0.168721 0.187885
v 0.096548 0.168721 0.187885
v 0.067192 0.151678 0.176104
v 0.055335 0.160214 0.220852
v 0.066880 0.152476 0.175892
v 0.041361 0.147179 0.186399
v 0.041361 0.147179 0.186399
v 0.041361 0.147179 0.186399
v 0.015650 0.140008 0.221520
v 0.015650 0.140008 0.221520
v 0.015364 0.142531 0.190334
v 0.015364 0.142531 0.190334
v 0.035851 0.138994 0.150355
v 0.009020 0.130129 0.114335
v 0.009020 0.130129 0.114335
v 0.035877 0.139660 0.151129
v 0.035877 0.139660 0.151129
v -0.011852 0.127766 0.117329
v -0.011852 0.127766 0.117329
v 0.030252 0.133521 0.109637
v 0.048486 0.132148 0.061444
v 0.030296 0.133338 0.109655
v 0.030296 0.133338 0.109655
v 0.048732 0.132647 0.065621
v 0.048656 0.127246 0.021956
v 0.073739 0.138161 0.045079
v 0.051484 0.137754 0.102995
v 0.051484 0.137754 0.102995
v 0.051484 0.137754 0.102995
v 0.072584 0.143211 0.094299
v 0.071861 0.143313 0.094562
v 0.058904 0.144489 0.141493
v 0.058904 0.144489 0.141493
v 0.106346 0.156784 0.077118
v 0.106496 0.157180 0.076964
v 0.120752 0.165496 0.070459
v 0.120752 0.165496 0.070459
v 0.102802 0.151819 0.028558
v 0.084654 0.128593 -0.063738
v 0.067588 0.128393 -0.010007
v 0.049356 0.119880 -0.036626
v 0.104087 0.143403 -0.036593
v 0.049554 0.117543 -0.058211
v 0.092508 0.131704 -0.090744
v 0.049705 0.116270 -0.066394
v 0.064089 0.118787 -0.092123
v 0.050080 0.115137 -0.088346
v 0.050095 0.115200 -0.088349
v 0.030059 0.110725 -0.086966
v 0.030059 0.110725 -0.086966
v -0.011852 0.101586 -0.117324
v 0.009103 0.105961 -0.097879
v 0.009103 0.105961 -0.097879
v 0.030085 0.110613 -0.099001
v 0.030085 0.110613 -0.099001
v 0.065250 0.122125 -0.126752
v 0.085833 0.135934 -0.149044
v 0.052702 0.131233 -0.181838
v 0.028235 0.162539 -0.310165
v 0.050817 0.166515 -0.298413
v 0.081185 0.168035 -0.258179
v 0.059142 0.194615 -0.356278
v 0.021536 0.180024 -0.356973
v -0.011852 0.213435 -0.450658
v -0.011852 0.388855 0.401421
v -0.011852 0.373810 0.391776
v 0.057104 0.369250 0.371264
v 0.032059 0.370664 0.380693
v 0.086269 0.379590 0.364147
v 0.086269 0.379590 0.364147
v 0.086589 0.367980 0.364620
v 0.112166 0.380775 0.348686
v 0.112166 0.380775 0.348686
v 0.110303 0.361798 0.350260
v 0.110303 0.361798 0.350260
v 0.113350 0.452596 0.354680
v 0.151473 0.368026 0.299363
v 0.129125 0.346894 0.324585
v 0.134410 0.443791 0.317373
v 0.158011 0.416588 0.298205
v 0.139541 0.454474 0.304327
v 0.161707 0.381493 0.241281
v 0.133323 0.450894 0.254704
v 0.151668 0.380897 0.218619
v 0.119606 0.450595 0.218970
v 0.130641 0.414381 0.196587
v 0.118191 0.431966 0.171059
v 0.091376 0.459291 0.169428
v 0.112421 0.443618 0.145864
v 0.102168 0.458101 0.131882
v 0.104954 0.469737 0.095111
v 0.099574 0.479944 0.074928
v 0.100423 0.479163 0.074620
v 0.069462 0.499813 0.083040
v 0.069522 0.500629 0.083317
v 0.039886 0.506042 0.128818
v 0.028834 0.517274 0.100099
v 0.028365 0.516996 0.100144
v -0.009334 0.519933 0.155229
v 0.008276 0.523851 0.105254
v 0.008276 0.523851 0.105254
v -0.011852 0.529361 0.108395
v -0.011852 0.529361 0.108395
v -0.011852 0.536105 0.067786
v -0.011852 0.538857 -0.009102
v -0.011852 0.231481 -0.806182
v -0.011852 0.231498 -0.806272
v -0.011852 0.199397 -0.811547
v -0.011852 0.165370 -0.800375
v -0.011852 0.165815 -0.800901
v -0.004150 0.164761 -0.801457
v -0.004287 0.165046 -0.801772
v -0.004287 0.165046 -0.801772
v 0.001440 0.169170 -0.801127
v 0.001109 0.169054 -0.801042
v 0.008556 0.207099 -0.779527
v 0.014343 0.217143 -0.784914
v 0.002112 0.172043 -0.809028
v 0.012993 0.227073 -0.790038
v 0.020314 0.260376 -0.740803
v 0.019951 0.265234 -0.763576
v 0.016020 0.287409 -0.691453
v 0.022763 0.286033 -0.719042
v 0.018865 0.301863 -0.640378
v 0.021102 0.307014 -0.670973
v 0.026542 0.313426 -0.621413
v 0.135509 0.269248 -0.336688
v 0.159254 0.258047 -0.268610
v 0.180131 0.252976 -0.205855
v 0.193113 0.273679 -0.178348
v 0.191298 0.255606 -0.120802
v 0.196853 0.274477 -0.120172
v 0.202876 0.303680 -0.116404
v 0.202742 0.312268 -0.166065
v 0.202362 0.340561 -0.148545
v 0.202362 0.340561 -0.148545
v 0.201861 0.343043 -0.112944
v 0.200724 0.342904 -0.112823
v 0.187911 0.374327 -0.111395
v 0.195308 0.362478 -0.150891
v 0.185516 0.380627 -0.152983
v 0.166486 0.404744 -0.160212
v 0.181918 0.384270 -0.109750
v 0.181133 0.390521 -0.112689
v 0.166024 0.408659 -0.114485
v 0.121718 0.449817 -0.149761
v 0.131523 0.443520 -0.103107
v 0.181267 0.390479 -0.111341
v 0.181234 0.390229 -0.109877
v 0.164828 0.411670 -0.100384
v 0.164828 0.411670 -0.100384
v 0.147894 0.431316 -0.067596
v 0.160559 0.417200 -0.085397
v 0.143801 0.435899 -0.060623
v 0.171368 0.406249 -0.062600
v 0.172384 0.406988 -0.062423
v 0.167041 0.415936 -0.042592
v 0.159543 0.426501 -0.018813
v 0.132095 0.450851 -0.007521
v 0.182948 0.400650 -0.014438
v 0.183490 0.403501 -0.015961
v 0.184593 0.403090 -0.014951
v 0.147103 0.438711 0.005893
v 0.184791 0.403121 -0.014378
v 0.166682 0.416281 0.019944
v 0.153414 0.426483 0.057425
v 0.153414 0.426483 0.057425
v 0.141491 0.441027 0.059346
v 0.141491 0.441027 0.059346
v 0.164720 0.411449 0.058070
v 0.164720 0.411449 0.058070
v 0.135835 0.442323 0.093125
v 0.156299 0.412445 0.105924
v 0.131020 0.429260 0.134167
v 0.127406 0.455672 0.064398
v 0.127406 0.455672 0.064398
v 0.100248 0.480818 0.049745
v 0.094230 0.478729 -0.006657
v 0.068415 0.503327 0.059341
v 0.013030 0.527958 0.070137
v 0.007532 0.531413 -0.004497
v 0.041492 0.514467 0.008073
v 0.014484 0.523587 -0.052069
v 0.007162 0.527470 -0.083484
v -0.011852 0.533036 -0.063629
v -0.011852 0.534703 -0.086532
v -0.011852 0.318583 -0.792666
v -0.011852 0.370097 -0.797219
v -0.011852 0.370097 -0.797219
v 0.004860 0.338250 -0.783494
v 0.005513 0.302494 -0.780958
v 0.006100 0.370186 -0.793963
v 0.006100 0.370186 -0.793963
v 0.018672 0.332198 -0.764444
v 0.021185 0.372704 -0.777265
v 0.025914 0.332883 -0.736236
v 0.026323 0.299135 -0.731810
v 0.023910 0.349896 -0.734107
v 0.023910 0.349896 -0.734107
v 0.023503 0.338371 -0.676431
v 0.023131 0.338372 -0.676363
v 0.028767 0.333927 -0.625584
v 0.029192 0.333561 -0.621127
v 0.039265 0.329885 -0.574584
v 0.037512 0.315365 -0.576834
v 0.041099 0.329370 -0.566983
v 0.054487 0.326612 -0.525968
v 0.052805 0.309483 -0.529095
v 0.055422 0.326487 -0.522849
v 0.071773 0.325433 -0.482378
v 0.076209 0.301677 -0.472284
v 0.071497 0.325409 -0.482216
v 0.109440 0.319572 -0.407804
v 0.182226 0.312828 -0.242003
v 0.151053 0.289904 -0.309178
v 0.126748 0.328601 -0.367016
v 0.126748 0.328601 -0.367016
v 0.155156 0.330443 -0.302990
v 0.154902 0.330429 -0.303934
v 0.187618 0.289527 -0.219144
v 0.174333 0.332599 -0.255584
v 0.181585 0.333654 -0.235873
v 0.187452 0.334944 -0.216080
v 0.197847 0.337737 -0.175642
v 0.197847 0.337737 -0.175642
v 0.179588 0.360135 -0.217018
v 0.160700 0.351453 -0.279496
v 0.149774 0.390544 -0.266424
v 0.127131 0.420353 -0.270971
v 0.112707 0.447259 -0.226616
v 0.092661 0.455691 -0.243015
v 0.091026 0.462078 -0.166023
v 0.071616 0.475910 -0.165652
v 0.067386 0.468174 -0.235207
v 0.056736 0.500618 -0.144938
v 0.058672 0.479080 -0.229608
v 0.030129 0.539245 -0.186636
v 0.031278 0.528277 -0.223505
v 0.010132 0.586992 -0.206167
v 0.012962 0.570822 -0.171119
v 0.021407 0.549564 -0.142030
v 0.025772 0.533668 -0.119204
v 0.051033 0.507542 -0.120539
v 0.074653 0.485469 -0.114581
v 0.106945 0.464652 -0.109798
v 0.083596 0.481412 -0.070768
v 0.050099 0.505756 -0.095813
v 0.028929 0.517756 -0.086632
v 0.010661 0.540747 -0.112580
v -0.011852 0.547778 -0.112062
v -0.000809 0.585938 -0.156035
v -0.011852 0.591015 -0.150271
v -0.011852 0.529801 -0.320989
v -0.011852 0.472462 -0.374189
v 0.004325 0.429519 -0.820090
v -0.011852 0.555061 -0.857586
v 0.004351 0.428585 -0.819485
v 0.000259 0.498713 -0.839855
v 0.000259 0.498713 -0.839855
v 0.016526 0.429982 -0.813745
v 0.002542 0.557717 -0.853516
v 0.020572 0.433773 -0.800659
v 0.020572 0.433773 -0.800659
v 0.019074 0.427416 -0.778053
v 0.019074 0.427416 -0.778053
v 0.022582 0.384574 -0.763198
v 0.023430 0.385160 -0.763476
v 0.017854 0.356199 -0.716332
v 0.017854 0.356199 -0.716332
v 0.016827 0.353737 -0.681226
v 0.026362 0.343774 -0.620849
v 0.034752 0.348252 -0.567334
v 0.072948 0.335392 -0.476038
v 0.072630 0.335311 -0.475929
v 0.102268 0.338956 -0.419592
v 0.098623 0.338399 -0.426005
v 0.124491 0.342036 -0.366262
v 0.124512 0.342042 -0.366272
v 0.113232 0.370489 -0.367390
v 0.137350 0.389747 -0.298740
v 0.072947 0.394268 -0.412994
v 0.095828 0.426553 -0.324484
v 0.097065 0.446762 -0.282655
v 0.062896 0.446433 -0.337216
v 0.053917 0.467882 -0.295347
v 0.021928 0.446646 -0.391274
v 0.016026 0.476039 -0.343228
v 0.018974 0.451776 -0.386379
v 0.038747 0.487568 -0.278312
v 0.014693 0.456910 -0.382028
v 0.012873 0.499528 -0.312461
v 0.008681 0.462052 -0.378380
v 0.000175 0.467266 -0.375719
v -0.011852 0.497385 -0.341992
v -0.011852 0.530166 -0.323166
v -0.001616 0.529183 -0.311230
v -0.001616 0.529183 -0.311230
v -0.004276 0.568590 -0.303021
v 0.008450 0.532744 -0.292939
v 0.008450 0.532744 -0.292939
v 0.001561 0.576506 -0.287403
v 0.001561 0.576506 -0.287403
v 0.024905 0.517026 -0.265266
v 0.006213 0.582871 -0.264693
v 0.006213 0.582871 -0.264693
v 0.009209 0.586555 -0.236690
v 0.009209 0.586555 -0.236690
v 0.001788 0.632819 -0.248053
v -0.006013 0.672412 -0.287941
v 0.001306 0.632790 -0.247998
v -0.006512 0.743690 -0.280920
v 0.001842 0.632304 -0.225248
v 0.001842 0.632304 -0.225248
v -0.004413 0.715800 -0.262309
v -0.004217 0.714345 -0.261618
v -0.000915 0.628302 -0.204331
v -0.011852 0.629082 -0.181085
v -0.011852 0.718650 -0.248580
v -0.011852 0.737609 -0.293073
v -0.008860 0.742403 -0.291040
v -0.009109 0.742068 -0.290998
v -0.006956 0.742879 -0.286008
v -0.007146 0.742873 -0.285955
v -0.006792 0.743664 -0.280973
v -0.006911 0.742706 -0.275582
v -0.006911 0.742706 -0.275582
v -0.008182 0.736504 -0.264388
v -0.011852 0.737814 -0.292450
v -0.014693 0.751816 -0.288520
v -0.014855 0.752126 -0.289133
v -0.011852 0.758046 -0.285171
v -0.009207 0.753311 -0.278581
v -0.008630 0.751984 -0.288568
v -0.009088 0.751903 -0.288492
v -0.009088 0.751903 -0.288492
v 0.023724 0.441659 -0.396604
v 0.024603 0.435005 -0.405204
v 0.049150 0.434820 -0.379564
v 0.029695 0.410036 -0.439852
v 0.023086 0.429638 -0.414029
v 0.021105 0.427006 -0.419869
v 0.017997 0.425341 -0.425484
v 0.013196 0.424972 -0.430597
v 0.025500 0.390872 -0.488255
v 0.004817 0.426186 -0.434326
v -0.006393 0.409330 -0.482980
v -0.011852 0.429835 -0.435443
v -0.011852 0.554970 -0.857886
v -0.008996 0.608139 -0.891543
v -0.004174 0.554732 -0.857125
v -0.004174 0.554732 -0.857125
v 0.002870 0.565723 -0.841837
v 0.002870 0.565723 -0.841837
v -0.004380 0.599436 -0.873780
v -0.004380 0.599436 -0.873780
v 0.012114 0.507196 -0.813314
v 0.012114 0.507196 -0.813314
v 0.000226 0.572121 -0.824289
v -0.005003 0.599838 -0.858793
v 0.008157 0.510923 -0.794672
v 0.012915 0.413239 -0.748901
v -0.000959 0.399669 -0.717321
v 0.006429 0.372931 -0.690036
v 0.006119 0.382486 -0.621953
v 0.013698 0.360668 -0.640406
v 0.012833 0.371078 -0.602148
v 0.035831 0.370156 -0.526607
v 0.049888 0.362195 -0.509361
v 0.062449 0.364122 -0.478365
v 0.069996 0.377021 -0.446606
v 0.018319 0.386447 -0.524937
v 0.003811 0.391231 -0.542898
v -0.005281 0.389442 -0.628974
v -0.005281 0.389442 -0.628974
v -0.011852 0.391506 -0.533228
v -0.011852 0.391781 -0.626352
v -0.011852 0.391781 -0.626352
v -0.011852 0.391781 -0.626352
v -0.011852 0.407817 -0.709940
v -0.011852 0.490229 -0.774697
v -0.017436 0.572640 -0.821889
v -0.013854 0.612657 -0.885430
v -0.011852 0.611371 -0.891381
v -0.012548 0.611688 -0.891153
v -0.008488 0.610459 -0.889144
v -0.008480 0.611359 -0.883078
v -0.001115 0.486971 -0.774890
v 0.071238 0.490816 -0.046248
v 0.019112 0.289801 -0.762969
v 0.002920 0.232964 -0.797131
v 0.003428 0.233155 -0.797552
v 0.000528 0.209067 -0.805578
v 0.000528 0.209067 -0.805578
v -0.001988 0.186958 -0.810661
v -0.003868 0.171558 -0.812979
v -0.004031 0.169830 -0.812668
v -0.019703 0.170125 -0.812823
v -0.004652 0.162004 -0.809553
v -0.004652 0.162004 -0.809553
v -0.004652 0.162004 -0.809553
v -0.011852 0.162492 -0.809306
v -0.011852 0.162492 -0.809306
v 0.146290 0.397700 0.158565
v 0.175287 0.394867 0.060908
v 0.189483 0.362426 0.066659
v 0.174794 0.394731 0.060802
v 0.189533 0.363113 0.066642
v 0.194411 0.385659 0.005379
v 0.184683 0.402774 -0.014544
v 0.184547 0.402465 -0.014702
v 0.189053 0.394324 -0.014653
v 0.188939 0.390311 -0.015380
v 0.188286 0.394904 -0.013925
v 0.189442 0.393475 -0.015004
v 0.188848 0.395427 -0.014714
v 0.204139 0.368852 -0.011285
v 0.198009 0.379315 -0.013453
v 0.189789 0.390649 -0.013870
v 0.196704 0.377875 -0.011550
v 0.203411 0.361781 -0.008669
v 0.203411 0.361781 -0.008669
v 0.208267 0.343472 -0.005606
v 0.206932 0.362527 -0.011259
v 0.206932 0.362527 -0.011259
v 0.207870 0.363246 -0.011790
v 0.208175 0.362153 -0.011712
v 0.215330 0.343690 -0.009382
v 0.215352 0.343714 -0.009331
v 0.215352 0.343714 -0.009331
v 0.217126 0.323852 -0.006597
v 0.216046 0.308680 -0.004720
v 0.214732 0.303792 -0.004452
v 0.209715 0.324057 -0.003125
v 0.207774 0.304755 -0.001849
v 0.203832 0.286821 -0.001760
v 0.196894 0.264948 -0.004314
v 0.203341 0.267044 -0.003265
v 0.209648 0.284622 -0.003266
v 0.198349 0.254018 -0.003322
v 0.195521 0.248193 -0.004400
v 0.192329 0.246007 -0.003893
v 0.192329 0.246007 -0.003893
v 0.193987 0.245258 -0.004191
v 0.188795 0.239167 -0.000358
v 0.188795 0.239167 -0.000358
v 0.192871 0.243507 -0.002970
v 0.194306 0.256784 0.022921
v 0.189607 0.250739 0.072787
v 0.190097 0.251033 0.072809
v 0.186518 0.256850 0.141967
v 0.177040 0.249036 0.185920
v 0.172608 0.246325 0.215260
v 0.180390 0.260289 0.222447
v 0.171077 0.235414 0.233914
v 0.137565 0.189916 0.265055
v 0.134471 0.197727 0.241337
v 0.134471 0.197727 0.241337
v 0.136942 0.190687 0.265136
v 0.106370 0.162965 0.272064
v 0.069182 0.141175 0.288270
v 0.011331 0.115373 0.312314
v 0.001504 0.118647 0.321161
v -0.011852 0.114387 0.321816
v 0.034726 0.132883 0.308410
v 0.065781 0.146746 0.297391
v 0.101455 0.163925 0.288209
v 0.105234 0.161770 0.283467
v 0.156578 0.215270 0.249935
v 0.156578 0.215270 0.249935
v 0.136268 0.189621 0.272625
v 0.156755 0.214029 0.255596
v 0.157148 0.213595 0.255784
v 0.130829 0.189504 0.279831
v 0.151469 0.213179 0.266464
v 0.163279 0.240962 0.262413
v 0.170359 0.269001 0.261680
v 0.170359 0.269001 0.261680
v 0.167128 0.239686 0.254858
v 0.167128 0.239686 0.254858
v 0.173160 0.260672 0.252670
v 0.173160 0.260672 0.252670
v 0.168474 0.235478 0.248547
v 0.168474 0.235478 0.248547
v 0.177197 0.305598 0.240293
v 0.184751 0.289106 0.207127
v 0.185927 0.281228 0.160696
v 0.192627 0.288712 0.107702
v 0.184011 0.314287 0.150396
v 0.184011 0.314287 0.150396
v 0.187415 0.318334 0.124154
v 0.187415 0.318334 0.124154
v 0.179042 0.334810 0.147508
v 0.182753 0.312720 0.175918
v 0.182753 0.312720 0.175918
v 0.179222 0.317563 0.222174
v 0.181402 0.315658 0.200694
v 0.169977 0.348232 0.229064
v 0.178936 0.317290 0.221955
v 0.176571 0.326391 0.235142
v 0.176571 0.326391 0.235142
v 0.175123 0.336129 0.245182
v 0.175123 0.336129 0.245182
v 0.173650 0.340425 0.255479
v 0.173635 0.340418 0.255486
v 0.166262 0.353576 0.268839
v 0.170953 0.327295 0.271995
v 0.170953 0.327295 0.271995
v 0.174659 0.321553 0.261781
v 0.173837 0.296972 0.260791
v 0.154309 0.328077 0.284566
v 0.148509 0.333382 0.292303
v 0.144424 0.336454 0.302040
v 0.158717 0.368167 0.282768
v 0.159444 0.392172 0.264978
v 0.171275 0.352246 0.157387
v 0.200305 0.322719 0.070703
v 0.199845 0.322645 0.070579
v 0.207726 0.361092 -0.000478
v 0.208903 0.342730 0.020695
v 0.208773 0.342685 0.020669
v 0.212690 0.343340 0.003192
v 0.212690 0.343340 0.003192
v 0.215045 0.343545 -0.005760
v 0.215045 0.343545 -0.005760
v 0.216874 0.323860 -0.003380
v 0.216874 0.323860 -0.003380
v 0.214323 0.323786 0.004540
v 0.214323 0.323786 0.004540
v 0.208665 0.297899 0.016842
v 0.211554 0.323551 0.021183
v 0.210883 0.323491 0.021060
v 0.200608 0.296064 0.071541
v 0.199291 0.322536 0.070392
v 0.199291 0.322536 0.070392
v 0.200648 0.297436 0.071491
v 0.192360 0.321254 0.097274
v 0.192360 0.321254 0.097274
v 0.209974 0.285108 -0.003268
v 0.191319 0.386705 -0.013027
v 0.190314 0.384527 -0.035780
v 0.178177 0.398894 -0.063782
v 0.173276 0.407375 -0.062718
v 0.173122 0.407057 -0.062292
v 0.177755 0.396255 -0.064941
v 0.178826 0.396621 -0.063774
v 0.198678 0.366360 -0.064532
v 0.179494 0.394215 -0.062873
v 0.179471 0.393825 -0.062831
v 0.198209 0.363650 -0.062801
v 0.206656 0.344843 -0.061557
v 0.206656 0.344843 -0.061557
v 0.199847 0.363639 -0.064921
v 0.201100 0.363367 -0.065492
v 0.200687 0.364166 -0.065218
v 0.209683 0.344826 -0.063815
v 0.209683 0.344826 -0.063815
v 0.211654 0.344011 -0.064425
v 0.211121 0.344664 -0.064458
v 0.216396 0.324464 -0.062594
v 0.216765 0.324586 -0.062492
v 0.216858 0.324613 -0.062520
v 0.216620 0.303903 -0.061892
v 0.211112 0.324847 -0.059926
v 0.211544 0.305280 -0.060033
v 0.209319 0.287326 -0.061236
v 0.202534 0.259869 -0.063591
v 0.212249 0.285145 -0.062791
v 0.211944 0.285262 -0.062380
v 0.213812 0.284310 -0.061975
v 0.213400 0.284510 -0.061949
v 0.206742 0.268072 -0.063386
v 0.206742 0.268072 -0.063386
v 0.203545 0.254156 -0.063989
v 0.203545 0.254156 -0.063989
v 0.203394 0.244495 -0.063767
v 0.204237 0.244877 -0.062740
v 0.202622 0.259868 -0.063942
v 0.201905 0.238043 -0.059851
v 0.204047 0.257489 -0.048633
v 0.202576 0.282804 -0.001986
v 0.208866 0.318206 -0.003323
v 0.211920 0.295851 -0.025230
v 0.212652 0.324381 -0.025515
v 0.212745 0.324336 -0.025501
v 0.209832 0.344451 -0.028532
v 0.209836 0.344450 -0.028530
v 0.208763 0.344925 -0.006587
v 0.207507 0.344448 -0.006551
v 0.202714 0.363481 -0.033378
v 0.189275 0.381611 -0.065083
v 0.217117 0.304230 -0.061743
v 0.177709 0.394082 -0.062110
v 0.186314 0.380325 -0.063231
v 0.170301 0.407384 -0.102535
v 0.170418 0.406867 -0.102600
v 0.176889 0.398211 -0.107633
v 0.197708 0.359859 -0.112813
v 0.197898 0.359924 -0.113234
v 0.203962 0.342812 -0.114858
v 0.198465 0.362844 -0.112050
v 0.198465 0.362844 -0.112050
v 0.206204 0.344219 -0.114034
v 0.210914 0.323982 -0.116662
v 0.210942 0.324021 -0.116719
v 0.210004 0.323865 -0.115993
v 0.206916 0.323440 -0.116795
v 0.206211 0.303636 -0.118602
v 0.202912 0.284987 -0.120075
v 0.202912 0.284987 -0.120075
v 0.194517 0.256094 -0.122495
v 0.205387 0.283216 -0.118912
v 0.205387 0.283216 -0.118912
v 0.196194 0.241367 -0.118872
v 0.196812 0.251713 -0.117568
v 0.196160 0.249451 -0.101694
v 0.204048 0.271825 -0.061764
v 0.209727 0.297236 -0.060070
v 0.207833 0.284443 -0.115710
v 0.211475 0.304062 -0.114620
v 0.210408 0.325007 -0.057893
v 0.210161 0.324982 -0.057923
v 0.206745 0.345497 -0.114541
v 0.204983 0.344922 -0.060820
v 0.196350 0.363682 -0.062619
v 0.196359 0.368307 -0.109720
v 0.209384 0.303150 -0.117621
v 0.209384 0.303150 -0.117621
v 0.009405 0.384479 -0.579815
v -0.011852 0.391641 -0.576366
v -0.011852 0.391641 -0.576366
v -0.006604 0.451278 -0.603129
v -0.006113 0.447589 -0.615471
v -0.011852 0.458396 -0.604206
v -0.011852 0.458396 -0.604206
v -0.011852 0.458396 -0.604206
v -0.011852 0.454492 -0.617122
v -0.012148 0.455813 -0.617696
v -0.012047 0.454813 -0.618795
v -0.011556 0.455813 -0.617696
v -0.011657 0.454813 -0.618795
v -0.011852 0.435177 -0.621754
v -0.008933 0.434297 -0.621710
v -0.008933 0.434297 -0.621710
v -0.008933 0.434297 -0.621710
v -0.008526 0.453895 -0.617346
v -0.008526 0.453895 -0.617346
v -0.006175 0.447514 -0.615480
v -0.011852 0.272027 -0.616231
v -0.011852 0.272027 -0.616231
v -0.005920 0.273339 -0.589867
v -0.005920 0.273339 -0.589867
v -0.004618 0.273194 -0.601143
v -0.007685 0.263969 -0.594821
v -0.008405 0.264456 -0.594788
v -0.011852 0.262508 -0.595513
v -0.011852 0.262508 -0.595513
v -0.011852 0.262508 -0.595513
v -0.011852 0.262508 -0.595513
v -0.011852 0.262508 -0.595513
v -0.011852 0.262567 -0.604266
v -0.011852 0.262567 -0.604266
v -0.011852 0.262567 -0.604266
v -0.011852 0.213441 -0.450656
v -0.011852 0.213441 -0.450656
v 0.005464 0.222494 -0.455368
v 0.005464 0.222494 -0.455368
v -0.011852 0.239092 -0.503842
v -0.011852 0.178307 -0.476312
v -0.011852 0.178307 -0.476312
v -0.011919 0.178357 -0.476270
v -0.011852 0.178307 -0.476312
v -0.011785 0.178357 -0.476270
v -0.001165 0.174480 -0.469033
v -0.011852 0.169875 -0.467639
v -0.011852 0.169875 -0.467639
v -0.011852 0.169875 -0.467639
v -0.011852 0.169875 -0.467639
v -0.011852 0.169875 -0.467639
v -0.001330 0.174681 -0.468875
v -0.009268 0.185036 -0.479178
v 0.420177 -0.000281 -0.199390
v 0.418977 -0.001547 -0.198672
v 0.424977 -0.013764 -0.199864
v 0.436285 -0.017602 -0.199519
v 0.429384 -0.010039 -0.199606
v 0.424800 -0.013537 -0.199657
v 0.437219 -0.018056 -0.199381
v 0.432925 -0.023830 -0.199567
v 0.438055 -0.030688 -0.199040
v 0.442347 -0.024556 -0.198279
v 0.442347 -0.024556 -0.198279
v 0.442347 -0.024556 -0.198279
v 0.437569 -0.030840 -0.198596
v 0.437903 -0.030751 -0.198344
v 0.444245 -0.026847 -0.195475
v 0.444245 -0.026847 -0.195475
v 0.439548 -0.034065 -0.195686
v 0.439953 -0.033294 -0.195672
v 0.444011 -0.025389 -0.191120
v 0.444011 -0.025389 -0.191120
v 0.444473 -0.025419 -0.190704
v 0.439651 -0.031626 -0.190982
v 0.439700 -0.031947 -0.191574
v 0.439700 -0.031947 -0.191574
v 0.441545 -0.020269 -0.185049
v 0.434546 -0.022470 -0.180583
v 0.437729 -0.016057 -0.179828
v 0.433551 -0.021394 -0.179658
v 0.430763 -0.011402 -0.172863
v 0.424092 -0.007047 -0.168166
v 0.428107 -0.015510 -0.173099
v 0.423776 -0.006805 -0.168230
v 0.422174 -0.010200 -0.168046
v 0.422214 -0.009372 -0.168308
v 0.221696 0.142020 -0.135155
v 0.299839 0.076702 -0.158851
v 0.364081 0.036911 -0.140313
v 0.329089 0.065596 -0.122999
v 0.231426 0.145934 -0.074514
v 0.221163 0.152616 -0.068822
v 0.372895 0.025147 -0.150056
v 0.391996 0.032739 -0.158523
v 0.251812 0.158020 -0.092308
v 0.388213 0.033209 -0.185726
v 0.276227 0.142135 -0.131422
v 0.231780 0.138883 -0.096079
v 0.229549 0.159231 -0.158332
v 0.229678 0.159107 -0.158359
v 0.335553 0.071243 -0.178951
v 0.339710 0.067868 -0.180021
v 0.388052 0.026326 -0.190972
v 0.383651 0.022775 -0.191382
v 0.383651 0.022775 -0.191382
v 0.296116 0.089985 -0.174828
v 0.333258 0.062147 -0.181168
v 0.275081 0.104444 -0.171898
v 0.216555 0.146231 -0.163638
v 0.216555 0.146231 -0.163638
v 0.225086 0.137745 -0.118284
v 0.313645 0.063488 -0.148664
v 0.392235 0.020343 -0.152736
v 0.392235 0.020343 -0.152736
v 0.343289 0.062595 -0.128387
v 0.343289 0.062595 -0.128387
v 0.270419 0.126826 -0.091799
v 0.290095 0.109675 -0.101339
v 0.237411 0.158656 -0.073360
v 0.238056 0.163539 -0.150088
v 0.404893 0.016828 -0.178628
v 0.293268 0.085817 -0.167470
v 0.385965 0.015083 -0.189856
v 0.385965 0.015083 -0.189856
v 0.348208 0.065142 -0.132650
v 0.348208 0.065142 -0.132650
v 0.397104 0.021023 -0.156226
v 0.397104 0.021023 -0.156226
v -0.068658 0.549646 0.390313
v -0.051582 0.544627 0.417510
v -0.037672 0.565081 0.354125
v -0.072354 0.551525 0.362189
v -0.067513 0.553002 0.328249
v -0.042933 0.504156 0.434274
v -0.048548 0.432901 0.409672
v -0.048548 0.432901 0.409672
v -0.072807 0.481559 0.412504
v -0.074684 0.429173 0.392425
v -0.074684 0.429173 0.392425
v -0.107744 0.494265 0.386951
v -0.108599 0.415564 0.370288
v -0.108599 0.415564 0.370288
v -0.137175 0.490786 0.344655
v -0.107702 0.529657 0.371415
v -0.139974 0.499179 0.328856
v -0.104461 0.530980 0.334091
v -0.137512 0.484115 0.268014
v -0.102200 0.527115 0.302223
v -0.074348 0.493481 0.211862
v -0.057810 0.531715 0.280774
v -0.110200 0.475259 0.215349
v -0.099365 0.469260 0.195902
v -0.080312 0.489767 0.160126
v -0.040963 0.518880 0.214194
v -0.043530 0.510776 0.180535
v -0.035676 0.234639 -0.757367
v -0.032385 0.206091 -0.779572
v -0.035972 0.234338 -0.756662
v -0.022850 0.258400 -0.707781
v -0.022850 0.258400 -0.707781
v -0.032145 0.267718 -0.702317
v -0.032145 0.267718 -0.702317
v -0.026812 0.278815 -0.641326
v -0.031888 0.278175 -0.576628
v -0.038897 0.289041 -0.601779
v -0.047548 0.279179 -0.541335
v -0.036740 0.290033 -0.652723
v -0.047363 0.290333 -0.569418
v -0.043785 0.297542 -0.608189
v -0.057354 0.286420 -0.536717
v -0.064259 0.272689 -0.503431
v -0.051648 0.300295 -0.579873
v -0.071807 0.279877 -0.502791
v -0.063122 0.295615 -0.541634
v -0.115090 0.243164 -0.396559
v -0.079429 0.294733 -0.508700
v -0.144990 0.253758 -0.353339
v -0.126902 0.217782 -0.343609
v -0.157133 0.233827 -0.303648
v -0.141472 0.213374 -0.305356
v -0.187262 0.221438 -0.201754
v -0.163441 0.186228 -0.186658
v -0.174482 0.191755 -0.173116
v -0.204794 0.240606 -0.165451
v -0.203355 0.208564 -0.148030
v -0.203355 0.208564 -0.148030
v -0.203355 0.208564 -0.148030
v -0.216933 0.247585 -0.125114
v -0.185436 0.186097 -0.154710
v -0.185455 0.186041 -0.154758
v -0.185455 0.186041 -0.154758
v -0.212679 0.209932 -0.134586
v -0.212679 0.209932 -0.134586
v -0.190565 0.178286 -0.138783
v -0.191937 0.178163 -0.136370
v -0.217537 0.245243 -0.124655
v -0.218403 0.212773 -0.125531
v -0.218252 0.212409 -0.125057
v -0.196104 0.175388 -0.125810
v -0.196104 0.175388 -0.125810
v -0.222801 0.211959 -0.116232
v -0.223692 0.212956 -0.116466
v -0.200886 0.173489 -0.106369
v -0.218675 0.233901 -0.115767
v -0.218675 0.233901 -0.115767
v -0.219733 0.236252 -0.105185
v -0.219733 0.236252 -0.105185
v -0.224621 0.213318 -0.092046
v -0.224523 0.213218 -0.092055
v -0.220316 0.236079 -0.087779
v -0.220316 0.236079 -0.087779
v -0.222508 0.214434 -0.078663
v -0.221279 0.214000 -0.074110
v -0.224188 0.252081 -0.064249
v -0.200984 0.176978 -0.083161
v -0.200931 0.177022 -0.083166
v -0.218777 0.213838 -0.065420
v -0.198969 0.181705 -0.065889
v -0.225608 0.249367 -0.065887
v -0.219139 0.213872 -0.065332
v -0.225696 0.252136 -0.065001
v -0.225696 0.252136 -0.065001
v -0.199001 0.181910 -0.065960
v -0.196353 0.188502 -0.044262
v -0.215352 0.208889 -0.056776
v -0.215037 0.208641 -0.056900
v -0.197818 0.184606 -0.056636
v -0.226873 0.241077 -0.061505
v -0.222184 0.231468 -0.056334
v -0.211727 0.209140 -0.044392
v -0.211727 0.209140 -0.044392
v -0.211727 0.209140 -0.044392
v -0.196929 0.189648 -0.044927
v -0.196929 0.189648 -0.044927
v -0.208776 0.212727 -0.029141
v -0.208776 0.212727 -0.029141
v -0.193713 0.192954 -0.031613
v -0.193911 0.192501 -0.031462
v -0.216518 0.235346 -0.024251
v -0.216959 0.235198 -0.024144
v -0.199627 0.218518 -0.009126
v -0.213132 0.245084 -0.003197
v -0.212794 0.246127 -0.001162
v -0.199682 0.218590 -0.009432
v -0.179800 0.196381 -0.005352
v -0.213304 0.247157 -0.002873
v -0.196072 0.218746 -0.004067
v -0.196329 0.218619 -0.004028
v -0.165373 0.179627 -0.006347
v -0.213395 0.242060 -0.004711
v -0.213371 0.242468 -0.004596
v -0.170656 0.187804 0.007232
v -0.203357 0.230399 0.023941
v -0.190884 0.210741 0.070333
v -0.198198 0.220932 0.071485
v -0.170349 0.186121 0.067022
v -0.203421 0.230022 0.072046
v -0.197080 0.217781 0.121878
v -0.178517 0.191466 0.114327
v -0.181473 0.200246 0.149855
v -0.204236 0.238241 0.156161
v -0.173835 0.206500 0.181605
v -0.173835 0.206500 0.181605
v -0.165723 0.190220 0.167690
v -0.165723 0.190220 0.167690
v -0.183700 0.233381 0.195722
v -0.183700 0.233381 0.195722
v -0.124465 0.180333 0.210013
v -0.147779 0.186788 0.189834
v -0.147779 0.186788 0.189834
v -0.156304 0.209169 0.223537
v -0.156304 0.209169 0.223537
v -0.126182 0.182069 0.228686
v -0.124068 0.181237 0.210007
v -0.128927 0.171787 0.246380
v -0.097207 0.162967 0.249057
v -0.096378 0.169943 0.227942
v -0.096378 0.169943 0.227942
v -0.096855 0.145177 0.267788
v -0.064043 0.133150 0.264541
v -0.064043 0.133150 0.264541
v -0.066628 0.151139 0.242717
v -0.066628 0.151139 0.242717
v -0.031677 0.114210 0.298707
v -0.033624 0.120311 0.277909
v -0.033624 0.120311 0.277909
v -0.037252 0.126596 0.251662
v -0.037252 0.126596 0.251662
v -0.043788 0.262487 -0.513587
v -0.028370 0.232403 -0.475909
v -0.065609 0.234860 -0.446407
v -0.061315 0.260905 -0.491058
v -0.121214 0.196379 -0.307860
v -0.141939 0.168520 -0.186810
v -0.164461 0.169588 -0.135124
v -0.140585 0.156988 -0.149637
v -0.166576 0.168877 -0.120255
v -0.166576 0.168877 -0.120255
v -0.147309 0.155186 -0.099875
v -0.169776 0.169368 -0.099585
v -0.169586 0.169164 -0.101523
v -0.171339 0.171875 -0.073031
v -0.171171 0.171454 -0.076549
v -0.171130 0.171518 -0.076557
v -0.172492 0.173902 -0.060580
v -0.150228 0.159394 -0.036952
v -0.172743 0.173415 -0.060396
v -0.177130 0.175972 -0.046596
v -0.175314 0.176475 -0.031590
v -0.175314 0.176475 -0.031590
v -0.172417 0.177912 -0.021508
v -0.172417 0.177912 -0.021508
v -0.152498 0.163898 -0.021469
v -0.152498 0.163898 -0.021469
v -0.168302 0.178985 -0.013686
v -0.168302 0.178985 -0.013686
v -0.150734 0.165147 -0.013803
v -0.150822 0.165032 -0.013787
v -0.165080 0.179867 -0.006276
v -0.158046 0.176325 0.033016
v -0.169807 0.186051 0.067021
v -0.157403 0.174923 0.067027
v -0.157403 0.174923 0.067027
v -0.166026 0.179653 0.119844
v -0.140233 0.166224 0.133149
v -0.141015 0.173719 0.169952
v -0.141015 0.173719 0.169952
v -0.120252 0.168721 0.187885
v -0.120252 0.168721 0.187885
v -0.090896 0.151678 0.176104
v -0.079039 0.160214 0.220852
v -0.090584 0.152476 0.175892
v -0.065065 0.147179 0.186399
v -0.065065 0.147179 0.186399
v -0.065065 0.147179 0.186399
v -0.039354 0.140008 0.221520
v -0.039354 0.140008 0.221520
v -0.039069 0.142531 0.190334
v -0.039069 0.142531 0.190334
v -0.059555 0.138994 0.150355
v -0.032724 0.130129 0.114335
v -0.032838 0.131171 0.114178
v -0.059581 0.139660 0.151129
v -0.059581 0.139660 0.151129
v -0.053956 0.133521 0.109637
v -0.072190 0.132148 0.061444
v -0.054000 0.133338 0.109655
v -0.054000 0.133338 0.109655
v -0.072436 0.132647 0.065621
v -0.072361 0.127246 0.021957
v -0.097443 0.138161 0.045079
v -0.075188 0.137754 0.102995
v -0.075188 0.137754 0.102995
v -0.075188 0.137754 0.102995
v -0.095565 0.143313 0.094562
v -0.096288 0.143211 0.094299
v -0.082608 0.144489 0.141493
v -0.082608 0.144489 0.141493
v -0.130050 0.156784 0.077118
v -0.130200 0.157180 0.076964
v -0.144456 0.165496 0.070459
v -0.144456 0.165496 0.070459
v -0.126506 0.151819 0.028558
v -0.108358 0.128593 -0.063738
v -0.091292 0.128393 -0.010007
v -0.043862 0.111755 -0.049786
v -0.072654 0.123183 -0.014067
v -0.127791 0.143403 -0.036593
v -0.073258 0.117543 -0.058213
v -0.116212 0.131704 -0.090744
v -0.073409 0.116270 -0.066394
v -0.087793 0.118787 -0.092123
v -0.073784 0.115137 -0.088346
v -0.073799 0.115200 -0.088349
v -0.053763 0.110725 -0.086966
v -0.053763 0.110725 -0.086966
v -0.032807 0.105961 -0.097879
v -0.032807 0.105961 -0.097879
v -0.053790 0.110613 -0.099001
v -0.053790 0.110613 -0.099001
v -0.088954 0.122125 -0.126752
v -0.109537 0.135934 -0.149044
v -0.076407 0.131233 -0.181838
v -0.051939 0.162539 -0.310165
v -0.074521 0.166515 -0.298413
v -0.104889 0.168035 -0.258179
v -0.082846 0.194615 -0.356278
v -0.045240 0.180024 -0.356973
v -0.080808 0.369250 0.371264
v -0.055763 0.370664 0.380693
v -0.109974 0.379590 0.364147
v -0.109974 0.379590 0.364147
v -0.110293 0.367980 0.364620
v -0.135870 0.380775 0.348686
v -0.135870 0.380775 0.348686
v -0.134007 0.361798 0.350260
v -0.134007 0.361798 0.350260
v -0.137055 0.452596 0.354680
v -0.175177 0.368026 0.299363
v -0.152829 0.346894 0.324585
v -0.158114 0.443791 0.317373
v -0.181715 0.416588 0.298205
v -0.163245 0.454474 0.304327
v -0.185411 0.381493 0.241281
v -0.157027 0.450894 0.254704
v -0.175372 0.380897 0.218619
v -0.143310 0.450595 0.218970
v -0.154345 0.414381 0.196587
v -0.141896 0.431966 0.171059
v -0.115081 0.459291 0.169428
v -0.136125 0.443618 0.145864
v -0.125872 0.458101 0.131882
v -0.128658 0.469737 0.095111
v -0.124127 0.479163 0.074620
v -0.123278 0.479944 0.074928
v -0.093166 0.499813 0.083040
v -0.093227 0.500629 0.083317
v -0.048280 0.512141 0.138004
v -0.052069 0.516996 0.100144
v -0.052538 0.517274 0.100099
v -0.031980 0.523851 0.105254
v -0.031980 0.523851 0.105254
v -0.019554 0.164761 -0.801457
v -0.019417 0.165046 -0.801772
v -0.019417 0.165046 -0.801772
v -0.025144 0.169170 -0.801127
v -0.024813 0.169054 -0.801042
v -0.032261 0.207099 -0.779527
v -0.038048 0.217143 -0.784914
v -0.025817 0.172043 -0.809028
v -0.036698 0.227073 -0.790038
v -0.044018 0.260376 -0.740803
v -0.043655 0.265234 -0.763576
v -0.039724 0.287409 -0.691453
v -0.046467 0.286033 -0.719042
v -0.042569 0.301863 -0.640378
v -0.044806 0.307014 -0.670973
v -0.050247 0.313426 -0.621414
v -0.159213 0.269248 -0.336688
v -0.182958 0.258047 -0.268611
v -0.203835 0.252976 -0.205855
v -0.216817 0.273679 -0.178348
v -0.215002 0.255606 -0.120802
v -0.220557 0.274477 -0.120172
v -0.226580 0.303680 -0.116404
v -0.226446 0.312268 -0.166065
v -0.226067 0.340561 -0.148545
v -0.226067 0.340561 -0.148545
v -0.225565 0.343043 -0.112944
v -0.224428 0.342904 -0.112823
v -0.211615 0.374327 -0.111395
v -0.219012 0.362478 -0.150891
v -0.209220 0.380627 -0.152983
v -0.190191 0.404744 -0.160212
v -0.205622 0.384270 -0.109750
v -0.204838 0.390521 -0.112689
v -0.189729 0.408659 -0.114485
v -0.145422 0.449817 -0.149761
v -0.155228 0.443520 -0.103107
v -0.204972 0.390479 -0.111341
v -0.204938 0.390229 -0.109877
v -0.188532 0.411670 -0.100384
v -0.188532 0.411670 -0.100384
v -0.171598 0.431316 -0.067596
v -0.184264 0.417200 -0.085397
v -0.167505 0.435899 -0.060623
v -0.195073 0.406249 -0.062600
v -0.196088 0.406988 -0.062423
v -0.190745 0.415936 -0.042592
v -0.183248 0.426501 -0.018813
v -0.155799 0.450851 -0.007521
v -0.206653 0.400650 -0.014438
v -0.207194 0.403501 -0.015961
v -0.208298 0.403090 -0.014951
v -0.170808 0.438711 0.005893
v -0.208495 0.403121 -0.014378
v -0.190386 0.416281 0.019944
v -0.177118 0.426483 0.057425
v -0.177118 0.426483 0.057425
v -0.165195 0.441027 0.059346
v -0.165195 0.441027 0.059346
v -0.188424 0.411449 0.058070
v -0.188424 0.411449 0.058070
v -0.159539 0.442323 0.093125
v -0.180003 0.412445 0.105924
v -0.154724 0.429260 0.134167
v -0.151110 0.455672 0.064398
v -0.151110 0.455672 0.064398
v -0.123952 0.480818 0.049745
v -0.117934 0.478729 -0.006657
v -0.092119 0.503327 0.059341
v -0.036734 0.527958 0.070137
v -0.031237 0.531413 -0.004497
v -0.065196 0.514467 0.008073
v -0.038188 0.523587 -0.052069
v -0.030866 0.527470 -0.083484
v -0.028564 0.338250 -0.783494
v -0.029217 0.302494 -0.780958
v -0.029804 0.370186 -0.793963
v -0.029804 0.370186 -0.793963
v -0.042376 0.332198 -0.764444
v -0.044890 0.372704 -0.777265
v -0.049619 0.332883 -0.736236
v -0.050028 0.299135 -0.731810
v -0.047615 0.349896 -0.734107
v -0.047615 0.349896 -0.734107
v -0.047207 0.338371 -0.676431
v -0.046836 0.338372 -0.676363
v -0.052472 0.333927 -0.625584
v -0.052896 0.333561 -0.621127
v -0.062969 0.329885 -0.574584
v -0.061216 0.315365 -0.576834
v -0.064803 0.329370 -0.566983
v -0.078191 0.326612 -0.525968
v -0.076510 0.309483 -0.529095
v -0.079126 0.326487 -0.522849
v -0.095477 0.325433 -0.482378
v -0.099914 0.301677 -0.472284
v -0.095201 0.325409 -0.482216
v -0.133144 0.319572 -0.407804
v -0.205930 0.312828 -0.242003
v -0.174757 0.289904 -0.309178
v -0.150452 0.328601 -0.367016
v -0.150452 0.328601 -0.367016
v -0.178861 0.330443 -0.302990
v -0.178606 0.330429 -0.303934
v -0.211322 0.289527 -0.219144
v -0.198037 0.332599 -0.255584
v -0.205289 0.333654 -0.235873
v -0.211156 0.334944 -0.216080
v -0.221551 0.337737 -0.175642
v -0.221551 0.337737 -0.175642
v -0.203292 0.360135 -0.217019
v -0.184404 0.351453 -0.279496
v -0.173478 0.390544 -0.266424
v -0.150836 0.420353 -0.270971
v -0.136411 0.447259 -0.226616
v -0.116365 0.455691 -0.243015
v -0.114731 0.462078 -0.166023
v -0.095320 0.475910 -0.165652
v -0.091090 0.468174 -0.235207
v -0.080440 0.500618 -0.144938
v -0.082376 0.479080 -0.229608
v -0.053833 0.539244 -0.186636
v -0.054982 0.528277 -0.223505
v -0.033836 0.586992 -0.206167
v -0.036666 0.570822 -0.171119
v -0.045111 0.549565 -0.142030
v -0.049476 0.533668 -0.119204
v -0.074738 0.507542 -0.120539
v -0.098358 0.485469 -0.114581
v -0.130649 0.464653 -0.109798
v -0.107300 0.481412 -0.070768
v -0.073803 0.505756 -0.095813
v -0.052634 0.517755 -0.086632
v -0.034365 0.540747 -0.112580
v -0.022895 0.585938 -0.156035
v -0.028055 0.428585 -0.819485
v -0.028055 0.428585 -0.819485
v -0.023963 0.498713 -0.839855
v -0.023963 0.498713 -0.839855
v -0.040231 0.429982 -0.813745
v -0.026246 0.557717 -0.853516
v -0.044276 0.433773 -0.800659
v -0.044276 0.433773 -0.800659
v -0.042778 0.427416 -0.778053
v -0.042778 0.427416 -0.778053
v -0.046286 0.384574 -0.763198
v -0.047135 0.385160 -0.763476
v -0.041558 0.356199 -0.716332
v -0.041558 0.356199 -0.716332
v -0.040531 0.353737 -0.681226
v -0.050066 0.343774 -0.620849
v -0.058456 0.348252 -0.567334
v -0.096652 0.335392 -0.476038
v -0.096334 0.335311 -0.475929
v -0.125972 0.338956 -0.419592
v -0.122327 0.338399 -0.426005
v -0.148195 0.342036 -0.366262
v -0.148217 0.342042 -0.366272
v -0.136936 0.370490 -0.367390
v -0.161054 0.389747 -0.298740
v -0.096651 0.394268 -0.412994
v -0.119532 0.426553 -0.324484
v -0.120769 0.446762 -0.282655
v -0.086600 0.446433 -0.337216
v -0.077621 0.467882 -0.295347
v -0.045632 0.446646 -0.391274
v -0.039730 0.476039 -0.343228
v -0.042678 0.451776 -0.386379
v -0.062451 0.487568 -0.278311
v -0.038397 0.456910 -0.382028
v -0.036578 0.499528 -0.312461
v -0.032385 0.462052 -0.378380
v -0.023879 0.467266 -0.375719
v -0.022088 0.529183 -0.311230
v -0.022088 0.529183 -0.311230
v -0.019428 0.568590 -0.303021
v -0.032154 0.532744 -0.292939
v -0.032154 0.532744 -0.292939
v -0.025265 0.576506 -0.287403
v -0.025265 0.576506 -0.287403
v -0.048609 0.517026 -0.265266
v -0.029917 0.582871 -0.264693
v -0.029917 0.582871 -0.264693
v -0.032913 0.586555 -0.236690
v -0.032913 0.586555 -0.236690
v -0.025493 0.632819 -0.248053
v -0.017691 0.672412 -0.287941
v -0.025011 0.632790 -0.247998
v -0.017192 0.743690 -0.280920
v -0.025546 0.632304 -0.225248
v -0.025546 0.632304 -0.225248
v -0.019291 0.715800 -0.262309
v -0.019487 0.714345 -0.261618
v -0.022789 0.628303 -0.204331
v -0.014844 0.742403 -0.291040
v -0.014595 0.742068 -0.290998
v -0.016748 0.742879 -0.286008
v -0.016558 0.742873 -0.285955
v -0.016912 0.743664 -0.280973
v -0.016793 0.742706 -0.275582
v -0.016793 0.742706 -0.275582
v -0.015522 0.736504 -0.264388
v -0.014574 0.753363 -0.278842
v -0.014616 0.751903 -0.288492
v -0.047428 0.441659 -0.396604
v -0.048307 0.435005 -0.405204
v -0.072854 0.434820 -0.379563
v -0.053399 0.410036 -0.439852
v -0.046791 0.429638 -0.414029
v -0.044810 0.427006 -0.419869
v -0.041701 0.425341 -0.425484
v -0.036900 0.424972 -0.430597
v -0.049204 0.390872 -0.488255
v -0.028521 0.426186 -0.434326
v -0.027833 0.405008 -0.483677
v -0.019530 0.554732 -0.857125
v -0.019530 0.554732 -0.857125
v -0.015735 0.606798 -0.889729
v -0.026574 0.565723 -0.841837
v -0.026574 0.565723 -0.841837
v -0.019324 0.599436 -0.873780
v -0.019324 0.599436 -0.873780
v -0.035818 0.507196 -0.813314
v -0.035818 0.507196 -0.813314
v -0.024562 0.571076 -0.825221
v -0.017522 0.603244 -0.862725
v -0.031861 0.510923 -0.794672
v -0.036619 0.413239 -0.748901
v -0.022745 0.399669 -0.717321
v -0.030134 0.372931 -0.690036
v -0.029823 0.382486 -0.621953
v -0.037402 0.360668 -0.640406
v -0.036537 0.371078 -0.602148
v -0.059535 0.370156 -0.526607
v -0.073592 0.362195 -0.509361
v -0.086154 0.364122 -0.478365
v -0.093701 0.377021 -0.446606
v -0.042023 0.386447 -0.524937
v -0.027515 0.391231 -0.542898
v -0.018423 0.389442 -0.628974
v -0.018423 0.389442 -0.628974
v -0.022589 0.486971 -0.774890
v -0.094942 0.490816 -0.046248
v -0.042816 0.289801 -0.762969
v -0.026625 0.232964 -0.797131
v -0.027132 0.233155 -0.797552
v -0.024232 0.209067 -0.805578
v -0.023478 0.201649 -0.808179
v -0.021717 0.186958 -0.810661
v -0.019674 0.169830 -0.812668
v -0.019052 0.162004 -0.809553
v -0.019052 0.162004 -0.809553
v -0.019052 0.162004 -0.809553
v -0.169995 0.397700 0.158565
v -0.198991 0.394867 0.060908
v -0.213188 0.362426 0.066659
v -0.198499 0.394731 0.060802
v -0.213237 0.363113 0.066642
v -0.218115 0.385659 0.005379
v -0.208388 0.402774 -0.014544
v -0.208252 0.402465 -0.014702
v -0.212757 0.394324 -0.014653
v -0.212643 0.390311 -0.015380
v -0.211990 0.394904 -0.013925
v -0.213146 0.393475 -0.015004
v -0.212553 0.395427 -0.014714
v -0.227843 0.368852 -0.011285
v -0.221713 0.379315 -0.013453
v -0.213493 0.390649 -0.013870
v -0.220408 0.377875 -0.011550
v -0.227115 0.361781 -0.008669
v -0.227115 0.361781 -0.008669
v -0.231971 0.343472 -0.005606
v -0.230636 0.362527 -0.011259
v -0.230636 0.362527 -0.011259
v -0.231574 0.363246 -0.011790
v -0.231880 0.362153 -0.011712
v -0.239034 0.343690 -0.009382
v -0.239056 0.343714 -0.009331
v -0.239056 0.343714 -0.009331
v -0.240830 0.323852 -0.006597
v -0.239750 0.308680 -0.004720
v -0.238436 0.303792 -0.004452
v -0.233420 0.324057 -0.003125
v -0.231478 0.304755 -0.001849
v -0.227536 0.286821 -0.001760
v -0.220598 0.264948 -0.004314
v -0.227045 0.267044 -0.003265
v -0.233352 0.284622 -0.003266
v -0.222053 0.254018 -0.003322
v -0.219225 0.248193 -0.004400
v -0.216033 0.246007 -0.003893
v -0.216033 0.246007 -0.003893
v -0.217691 0.245258 -0.004191
v -0.212499 0.239167 -0.000358
v -0.212499 0.239167 -0.000358
v -0.216576 0.243507 -0.002970
v -0.218010 0.256784 0.022921
v -0.213311 0.250739 0.072787
v -0.213801 0.251033 0.072809
v -0.210222 0.256850 0.141967
v -0.200744 0.249036 0.185920
v -0.196313 0.246325 0.215260
v -0.204094 0.260289 0.222447
v -0.194782 0.235414 0.233914
v -0.161270 0.189916 0.265055
v -0.158175 0.197727 0.241337
v -0.158175 0.197727 0.241337
v -0.160646 0.190687 0.265136
v -0.130074 0.162965 0.272064
v -0.092886 0.141175 0.288270
v -0.035035 0.115373 0.312314
v -0.025208 0.118647 0.321161
v -0.058430 0.132883 0.308410
v -0.089485 0.146746 0.297391
v -0.125159 0.163925 0.288209
v -0.128938 0.161770 0.283467
v -0.180282 0.215270 0.249935
v -0.180282 0.215270 0.249935
v -0.159972 0.189621 0.272625
v -0.180459 0.214029 0.255596
v -0.180852 0.213595 0.255784
v -0.154534 0.189504 0.279831
v -0.175173 0.213179 0.266464
v -0.186983 0.240962 0.262413
v -0.194064 0.269001 0.261680
v -0.194064 0.269001 0.261680
v -0.190832 0.239686 0.254858
v -0.190832 0.239686 0.254858
v -0.196864 0.260672 0.252670
v -0.196864 0.260672 0.252670
v -0.192178 0.235478 0.248547
v -0.192178 0.235478 0.248547
v -0.200901 0.305598 0.240293
v -0.208455 0.289106 0.207127
v -0.209631 0.281228 0.160696
v -0.216331 0.288712 0.107701
v -0.207715 0.314287 0.150396
v -0.207715 0.314287 0.150396
v -0.211119 0.318334 0.124154
v -0.211119 0.318334 0.124154
v -0.202746 0.334810 0.147508
v -0.206457 0.312720 0.175918
v -0.206457 0.312720 0.175918
v -0.202926 0.317563 0.222174
v -0.205106 0.315658 0.200694
v -0.193681 0.348231 0.229064
v -0.202640 0.317290 0.221955
v -0.200276 0.326391 0.235142
v -0.200276 0.326391 0.235142
v -0.198827 0.336129 0.245182
v -0.198827 0.336129 0.245182
v -0.197354 0.340425 0.255479
v -0.197339 0.340418 0.255486
v -0.189966 0.353576 0.268839
v -0.194657 0.327295 0.271995
v -0.194657 0.327295 0.271995
v -0.198364 0.321553 0.261781
v -0.197542 0.296972 0.260791
v -0.178013 0.328077 0.284566
v -0.172213 0.333382 0.292303
v -0.168129 0.336454 0.302040
v -0.182421 0.368167 0.282768
v -0.183148 0.392172 0.264978
v -0.194979 0.352246 0.157387
v -0.223549 0.322645 0.070579
v -0.224009 0.322719 0.070703
v -0.231430 0.361092 -0.000478
v -0.232607 0.342730 0.020695
v -0.232477 0.342685 0.020669
v -0.236394 0.343340 0.003192
v -0.236394 0.343340 0.003192
v -0.238749 0.343545 -0.005760
v -0.238749 0.343545 -0.005760
v -0.240578 0.323860 -0.003380
v -0.240578 0.323860 -0.003380
v -0.238027 0.323786 0.004540
v -0.238027 0.323786 0.004540
v -0.232369 0.297899 0.016842
v -0.235259 0.323551 0.021183
v -0.234587 0.323491 0.021060
v -0.224313 0.296064 0.071541
v -0.222995 0.322536 0.070392
v -0.222995 0.322536 0.070392
v -0.224352 0.297436 0.071491
v -0.216064 0.321254 0.097274
v -0.216064 0.321254 0.097274
v -0.233678 0.285108 -0.003268
v -0.215023 0.386705 -0.013027
v -0.214019 0.384527 -0.035780
v -0.201882 0.398894 -0.063782
v -0.196980 0.407375 -0.062718
v -0.196827 0.407057 -0.062292
v -0.201459 0.396255 -0.064941
v -0.202530 0.396621 -0.063774
v -0.222382 0.366360 -0.064532
v -0.203198 0.394215 -0.062873
v -0.203175 0.393825 -0.062831
v -0.221913 0.363650 -0.062801
v -0.230360 0.344843 -0.061557
v -0.230360 0.344843 -0.061557
v -0.223551 0.363639 -0.064921
v -0.224804 0.363367 -0.065492
v -0.224391 0.364166 -0.065218
v -0.233387 0.344826 -0.063815
v -0.233387 0.344826 -0.063815
v -0.235359 0.344011 -0.064425
v -0.234825 0.344664 -0.064458
v -0.240101 0.324464 -0.062594
v -0.240470 0.324586 -0.062492
v -0.240562 0.324613 -0.062520
v -0.240324 0.303903 -0.061892
v -0.234816 0.324847 -0.059926
v -0.235248 0.305280 -0.060033
v -0.233023 0.287326 -0.061236
v -0.226238 0.259869 -0.063591
v -0.235953 0.285145 -0.062791
v -0.235648 0.285262 -0.062380
v -0.237516 0.284310 -0.061975
v -0.237104 0.284510 -0.061949
v -0.230446 0.268072 -0.063386
v -0.230446 0.268072 -0.063386
v -0.227249 0.254156 -0.063989
v -0.227249 0.254156 -0.063989
v -0.227098 0.244495 -0.063767
v -0.227941 0.244877 -0.062740
v -0.226326 0.259868 -0.063942
v -0.225609 0.238043 -0.059851
v -0.227751 0.257489 -0.048633
v -0.226280 0.282804 -0.001986
v -0.232570 0.318206 -0.003323
v -0.235624 0.295851 -0.025230
v -0.236356 0.324381 -0.025515
v -0.236449 0.324336 -0.025501
v -0.233537 0.344451 -0.028532
v -0.233541 0.344450 -0.028530
v -0.232467 0.344925 -0.006587
v -0.231211 0.344448 -0.006551
v -0.226418 0.363481 -0.033378
v -0.212979 0.381611 -0.065083
v -0.240822 0.304230 -0.061743
v -0.201414 0.394082 -0.062110
v -0.210018 0.380325 -0.063231
v -0.194005 0.407384 -0.102535
v -0.194123 0.406867 -0.102600
v -0.200593 0.398211 -0.107633
v -0.221413 0.359859 -0.112813
v -0.221602 0.359924 -0.113234
v -0.227666 0.342812 -0.114858
v -0.222169 0.362844 -0.112050
v -0.222169 0.362844 -0.112050
v -0.229908 0.344219 -0.114034
v -0.234618 0.323982 -0.116662
v -0.234646 0.324021 -0.116719
v -0.233708 0.323865 -0.115993
v -0.230620 0.323440 -0.116795
v -0.229915 0.303636 -0.118602
v -0.226616 0.284987 -0.120075
v -0.226616 0.284987 -0.120075
v -0.218222 0.256094 -0.122495
v -0.229091 0.283216 -0.118912
v -0.229091 0.283216 -0.118912
v -0.219899 0.241367 -0.118872
v -0.220516 0.251713 -0.117568
v -0.219864 0.249451 -0.101694
v -0.227752 0.271825 -0.061764
v -0.233431 0.297236 -0.060070
v -0.231538 0.284443 -0.115710
v -0.235179 0.304062 -0.114620
v -0.234113 0.325007 -0.057893
v -0.233865 0.324982 -0.057923
v -0.230450 0.345497 -0.114541
v -0.228687 0.344922 -0.060820
v -0.220055 0.363682 -0.062619
v -0.220063 0.368307 -0.109720
v -0.233088 0.303150 -0.117621
v -0.233088 0.303150 -0.117621
v -0.033109 0.384479 -0.579815
v -0.017101 0.451278 -0.603129
v -0.017593 0.447548 -0.615460
v -0.014771 0.434297 -0.621710
v -0.014771 0.434297 -0.621710
v -0.014771 0.434297 -0.621710
v -0.015178 0.453895 -0.617346
v -0.015178 0.453895 -0.617346
v -0.017529 0.447514 -0.615480
v -0.017785 0.273339 -0.589867
v -0.017785 0.273339 -0.589867
v -0.019086 0.273194 -0.601143
v -0.016019 0.263969 -0.594821
v -0.015299 0.264456 -0.594788
v -0.029168 0.222494 -0.455368
v -0.029168 0.222494 -0.455368
v -0.022539 0.174480 -0.469033
v -0.022374 0.174681 -0.468875
v -0.014436 0.185036 -0.479178
v -0.443882 -0.000281 -0.199390
v -0.442681 -0.001547 -0.198672
v -0.448682 -0.013764 -0.199864
v -0.459990 -0.017602 -0.199519
v -0.453089 -0.010039 -0.199606
v -0.448504 -0.013537 -0.199657
v -0.460923 -0.018056 -0.199381
v -0.456629 -0.023830 -0.199567
v -0.461760 -0.030688 -0.199040
v -0.466052 -0.024556 -0.198279
v -0.466052 -0.024556 -0.198279
v -0.466052 -0.024556 -0.198279
v -0.461273 -0.030840 -0.198596
v -0.461607 -0.030751 -0.198344
v -0.467949 -0.026847 -0.195475
v -0.467949 -0.026847 -0.195475
v -0.463253 -0.034065 -0.195686
v -0.463657 -0.033294 -0.195672
v -0.467715 -0.025389 -0.191120
v -0.467715 -0.025389 -0.191120
v -0.468177 -0.025419 -0.190704
v -0.463355 -0.031626 -0.190982
v -0.463404 -0.031947 -0.191574
v -0.463404 -0.031947 -0.191574
v -0.465249 -0.020269 -0.185049
v -0.458250 -0.022470 -0.180583
v -0.461433 -0.016057 -0.179828
v -0.457255 -0.021394 -0.179658
v -0.454467 -0.011402 -0.172863
v -0.447796 -0.007047 -0.168166
v -0.451811 -0.015510 -0.173099
v -0.447480 -0.006805 -0.168230
v -0.445878 -0.010200 -0.168046
v -0.445918 -0.009372 -0.168308
v -0.245400 0.142020 -0.135155
v -0.323543 0.076702 -0.158851
v -0.387785 0.036911 -0.140313
v -0.352794 0.065596 -0.122999
v -0.255131 0.145934 -0.074514
v -0.244867 0.152615 -0.068823
v -0.396599 0.025147 -0.150056
v -0.415700 0.032739 -0.158523
v -0.275516 0.158020 -0.092308
v -0.411917 0.033210 -0.185726
v -0.299931 0.142135 -0.131423
v -0.255484 0.138883 -0.096079
v -0.253253 0.159231 -0.158332
v -0.253382 0.159107 -0.158359
v -0.359258 0.071243 -0.178951
v -0.363414 0.067868 -0.180021
v -0.411756 0.026326 -0.190972
v -0.407355 0.022775 -0.191382
v -0.407355 0.022775 -0.191382
v -0.319820 0.089985 -0.174828
v -0.356962 0.062147 -0.181168
v -0.298785 0.104444 -0.171898
v -0.240259 0.146231 -0.163638
v -0.240259 0.146231 -0.163638
v -0.248790 0.137745 -0.118284
v -0.337349 0.063488 -0.148664
v -0.415940 0.020343 -0.152736
v -0.415940 0.020343 -0.152736
v -0.366993 0.062595 -0.128387
v -0.366993 0.062595 -0.128387
v -0.294124 0.126826 -0.091799
v -0.313799 0.109675 -0.101339
v -0.261115 0.158656 -0.073360
v -0.261760 0.163539 -0.150088
v -0.428597 0.016828 -0.178628
v -0.316972 0.085817 -0.167470
v -0.409670 0.015083 -0.189856
v -0.409670 0.015083 -0.189856
v -0.371912 0.065142 -0.132650
v -0.371912 0.065142 -0.132650
v -0.420808 0.021023 -0.156226
v -0.420808 0.021023 -0.156226
v 0.083347 0.532303 0.336113
v 0.083347 0.532303 0.336113
v 0.050250 0.552848 0.364211
v 0.117637 0.496305 0.300335
v 0.080757 0.532303 0.334091
v 0.080757 0.532303 0.334091
v 0.048650 0.552848 0.362189
v 0.114020 0.496305 0.298313
v -0.031935 0.531516 -0.014289
v -0.033090 0.533719 -0.015331
v -0.051891 0.524107 -0.015505
v -0.051891 0.524107 -0.015505
v -0.069925 0.510779 -0.015313
v -0.050735 0.521904 -0.014464
v -0.050735 0.521904 -0.014464
v -0.071081 0.512981 -0.016355
v -0.104461 0.532303 0.334091
v -0.107583 0.532303 0.336113
v -0.074486 0.552848 0.364211
v -0.074486 0.552848 0.364211
v -0.042607 0.561794 0.382728
v -0.072354 0.552848 0.362189
v -0.072354 0.552848 0.362189
v -0.041429 0.561794 0.380705
v 0.008230 0.531516 -0.014289
v 0.027031 0.521904 -0.014464
v 0.027031 0.521904 -0.014464
v 0.007787 0.533318 -0.015531
v 0.027135 0.523426 -0.015711
v 0.027135 0.523426 -0.015711
v 0.046221 0.510779 -0.015313
v 0.046884 0.511977 -0.016585
vn -0.0000 -0.3088 0.9511
vn -0.0104 -0.4585 0.8886
vn 0.3289 -0.3157 0.8900
vn 0.3075 0.1943 -0.9315
vn 0.6492 0.5144 -0.5602
vn 0.8702 0.2354 -0.4328
vn 0.2501 -0.5889 -0.7686
vn 0.1653 -0.5818 -0.7963
vn 0.0109 -0.3804 -0.9247
vn -0.3289 -0.3157 0.8900
vn -0.3075 0.1944 -0.9315
vn -0.8702 0.2354 -0.4328
vn -0.6493 0.5144 -0.5602
vn -0.6083 -0.1521 -0.7790
vn -0.0109 -0.3804 -0.9248
vn -0.1653 -0.5818 -0.7963
vn -0.0000 0.9513 0.3082
vn 0.0012 0.6892 0.7246
vn 0.5261 0.5659 0.6349
vn 0.4574 0.8497 0.2625
vn -0.0000 0.9898 0.1425
vn 0.2354 0.9694 -0.0696
vn 0.4472 0.8924 0.0606
vn 0.0004 0.9992 0.0401
vn 0.3695 0.9093 -0.1914
vn 0.3623 0.8577 -0.3648
vn 0.2036 0.9307 -0.3040
vn -0.2571 0.9230 -0.2862
vn -0.0000 0.1235 0.9923
vn 0.3297 -0.3231 0.8871
vn 0.4261 -0.0395 0.9038
vn 0.4713 -0.2582 0.8433
vn 0.5545 -0.0988 0.8263
vn 0.5296 -0.1478 0.8353
vn 0.6860 0.0789 0.7233
vn 0.7123 0.5405 0.4478
vn 0.7668 0.0017 0.6419
vn 0.8551 0.2203 0.4694
vn 0.8146 0.5791 0.0337
vn 0.5872 0.8039 -0.0951
vn 0.7121 0.6204 -0.3286
vn 0.4742 0.8251 -0.3071
vn 0.5029 0.7806 -0.3711
vn 0.5765 0.7644 -0.2887
vn 0.2867 0.9318 -0.2225
vn 0.5281 0.8429 -0.1029
vn 0.5955 0.7978 0.0947
vn 0.3681 0.9293 -0.0308
vn 0.0175 0.9878 -0.1545
vn -0.0000 -0.9051 0.4252
vn -0.0037 -0.7486 0.6630
vn 0.2569 -0.7349 0.6277
vn 0.4890 -0.7851 0.3800
vn 0.3818 -0.5286 0.7582
vn 0.7154 -0.6510 0.2540
vn 0.5565 -0.8281 0.0669
vn 0.4793 -0.7971 0.3671
vn 0.7010 -0.6570 0.2773
vn -0.0000 -0.9759 0.2181
vn -0.0000 -0.9253 0.3793
vn 0.6557 -0.6819 -0.3241
vn 0.4468 -0.8846 -0.1336
vn 0.7861 -0.6022 -0.1394
vn 0.8754 -0.4819 0.0379
vn 0.6851 -0.6973 -0.2108
vn 0.8873 -0.4459 -0.1180
vn 0.6723 -0.6059 -0.4254
vn 0.7082 -0.6157 -0.3455
vn 0.7815 -0.5677 -0.2590
vn 0.6644 -0.5814 -0.4697
vn 0.8178 -0.4660 -0.3377
vn 0.7031 -0.5510 -0.4495
vn 0.7805 -0.4695 -0.4128
vn 0.6653 -0.6399 -0.3845
vn 0.8089 -0.4144 -0.4171
vn 0.7115 -0.6277 -0.3158
vn 0.8038 -0.4874 -0.3412
vn 0.6578 -0.6869 -0.3090
vn 0.8111 -0.5301 -0.2472
vn 0.8042 -0.4014 -0.4383
vn 0.9198 -0.3268 -0.2175
vn 0.4644 -0.7473 -0.4753
vn 0.7021 0.0592 -0.7096
vn 0.9026 -0.0179 -0.4301
vn 0.7025 0.4006 -0.5883
vn 0.8727 0.1198 -0.4733
vn 0.7056 0.7002 -0.1083
vn 0.7302 0.6157 0.2963
vn 0.8981 0.2072 0.3879
vn 0.9681 0.0828 0.2367
vn 0.6841 0.6838 -0.2538
vn 0.5681 0.7224 -0.3942
vn 0.5479 0.4597 -0.6989
vn 0.8123 0.3907 -0.4331
vn 0.4538 0.0137 0.8910
vn 0.0098 -0.5038 0.8638
vn 0.0524 -0.5725 0.8183
vn 0.5341 -0.0064 0.8454
vn 0.8322 0.4991 -0.2415
vn 0.9692 0.0237 -0.2451
vn -0.4661 -0.7756 0.4257
vn -0.5969 -0.7998 0.0633
vn 0.1881 -0.8176 0.5442
vn 0.7882 0.5755 -0.2181
vn 0.9811 0.0396 -0.1895
vn 0.9974 0.0502 -0.0515
vn 0.8429 0.5377 -0.0173
vn 0.9964 0.0513 -0.0677
vn -0.2775 -0.0880 -0.9567
vn 0.1261 0.3873 -0.9133
vn 0.0208 0.2642 -0.9642
vn -0.0501 0.1933 -0.9799
vn 0.9350 0.3437 0.0872
vn 0.8866 0.4615 0.0316
vn 0.9969 0.0534 -0.0582
vn 0.9711 -0.1860 -0.1493
vn 0.9308 0.1962 0.3084
vn 0.8074 0.5437 -0.2289
vn -0.2521 -0.7677 0.5891
vn -0.0051 -0.7082 0.7060
vn 0.3839 -0.1154 -0.9161
vn 0.9211 0.1882 0.3407
vn 0.8784 -0.2298 -0.4192
vn 0.6754 0.2320 -0.7000
vn 0.1137 -0.6945 0.7104
vn 0.8366 -0.2725 0.4753
vn 0.8172 -0.4723 0.3303
vn 0.9201 -0.3421 0.1908
vn 0.6826 -0.6545 0.3251
vn 0.4601 -0.7432 0.4857
vn 0.6600 -0.6024 0.4489
vn 0.7926 -0.4840 0.3709
vn 0.7511 -0.4872 0.4455
vn 0.8764 -0.3613 0.3185
vn 0.9694 0.1868 0.1595
vn 0.7124 -0.5660 0.4149
vn 0.7913 -0.5725 0.2147
vn 0.7988 -0.5812 0.1553
vn 0.7169 -0.5237 0.4602
vn 0.7855 -0.5114 0.3486
vn 0.3384 -0.6625 -0.6683
vn 0.7497 -0.6600 0.0485
vn 0.6198 -0.7433 0.2518
vn 0.8465 -0.5314 0.0321
vn 0.7950 -0.6062 -0.0200
vn 0.8619 -0.5071 -0.0012
vn 0.7497 -0.6615 0.0197
vn 0.7187 -0.6938 -0.0457
vn 0.8525 -0.5224 -0.0197
vn 0.8588 -0.5104 0.0447
vn 0.7593 -0.6166 0.2080
vn 0.9045 -0.3746 0.2036
vn 0.6317 -0.7184 0.2913
vn 0.7283 -0.5905 0.3476
vn 0.7642 -0.6221 0.1702
vn 0.5912 -0.7215 0.3605
vn 0.6403 -0.7072 0.2998
vn 0.6910 -0.5956 0.4097
vn 0.6011 -0.7811 0.1692
vn 0.7207 -0.6731 0.1662
vn 0.6423 -0.7487 -0.1643
vn 0.5125 -0.8394 -0.1809
vn 0.4397 -0.7877 -0.4315
vn 0.4309 -0.9010 -0.0495
vn 0.3054 -0.8251 -0.4754
vn 0.4054 -0.8568 -0.3187
vn 0.4485 -0.8477 -0.2833
vn 0.3678 -0.8422 -0.3942
vn 0.2740 -0.9490 -0.1562
vn 0.3474 -0.8897 -0.2963
vn 0.4457 -0.8504 -0.2797
vn 0.3657 -0.8458 -0.3885
vn 0.2737 -0.9318 -0.2386
vn 0.2501 -0.9367 -0.2451
vn -0.0000 -0.9679 -0.2515
vn -0.0000 -0.9758 -0.2186
vn -0.0000 -0.9790 -0.2039
vn -0.0059 -0.8422 0.5392
vn 0.6709 -0.5607 -0.4853
vn 0.6477 -0.7371 -0.1930
vn 0.4983 -0.7529 -0.4300
vn 0.5151 -0.7569 -0.4022
vn 0.6072 -0.6534 -0.4520
vn 0.5522 -0.7697 -0.3204
vn 0.5730 -0.7805 -0.2500
vn 0.5382 -0.8223 -0.1847
vn 0.4498 -0.8725 -0.1910
vn -0.1420 -0.9739 -0.1771
vn 0.5574 -0.8296 -0.0325
vn 0.3610 -0.9252 -0.1168
vn -0.2115 -0.9756 -0.0587
vn 0.3567 -0.9342 0.0103
vn 0.3411 -0.9399 -0.0123
vn 0.3697 -0.9231 -0.1063
vn -0.2227 -0.9727 -0.0655
vn -0.2423 -0.9690 0.0474
vn -0.0186 -0.9997 0.0184
vn 0.3966 -0.9131 0.0950
vn -0.1446 -0.9815 0.1254
vn 0.3765 -0.9259 0.0311
vn 0.3913 -0.9099 0.1375
vn -0.1646 -0.9706 0.1756
vn 0.0115 -0.9991 -0.0403
vn 0.5639 -0.8200 0.0980
vn 0.4594 -0.8801 0.1202
vn 0.4927 -0.8526 0.1740
vn -0.1045 -0.9802 0.1682
vn 0.0102 -0.9478 0.3187
vn 0.5900 -0.7756 0.2243
vn 0.5492 -0.8049 0.2248
vn 0.6015 -0.7236 0.3385
vn 0.5983 -0.7240 0.3432
vn 0.5750 -0.7872 0.2229
vn 0.6276 -0.6884 0.3637
vn 0.6109 -0.7603 0.2210
vn 0.5735 -0.7876 0.2256
vn 0.6171 -0.7729 0.1475
vn 0.5791 -0.7371 0.3484
vn 0.6990 -0.6834 0.2105
vn 0.6708 -0.7412 0.0256
vn 0.6344 -0.7730 -0.0114
vn 0.7328 -0.6780 -0.0577
vn 0.6064 -0.7911 0.0801
vn 0.6146 -0.7885 -0.0223
vn 0.4489 -0.8849 0.1240
vn 0.4913 -0.8362 0.2436
vn 0.5797 -0.7345 0.3529
vn 0.3721 -0.9028 0.2157
vn 0.4582 -0.8415 0.2863
vn 0.4533 -0.8501 0.2679
vn 0.4918 -0.8320 0.2568
vn 0.4535 -0.8891 0.0618
vn 0.5205 -0.8227 0.2286
vn 0.4311 -0.8908 -0.1435
vn 0.2527 -0.9488 0.1898
vn 0.2690 -0.9614 0.0587
vn 0.3757 -0.9119 -0.1654
vn -0.0012 -1.0000 0.0068
vn 0.2564 -0.9651 0.0537
vn 0.3772 -0.9112 -0.1654
vn -0.0000 -0.9690 -0.2469
vn 0.1496 -0.9779 0.1460
vn 0.2863 -0.9419 0.1758
vn 0.1475 -0.9803 0.1314
vn 0.2127 -0.9714 0.1059
vn -0.0000 -0.9900 0.1412
vn 0.0499 -0.9904 0.1288
vn 0.1547 -0.9817 0.1114
vn -0.0291 -0.9933 0.1118
vn 0.1918 -0.9733 0.1264
vn 0.1943 -0.9753 0.1047
vn 0.2573 -0.9593 0.1167
vn 0.2620 -0.9563 0.1299
vn 0.3794 -0.9191 0.1064
vn 0.2523 -0.9614 0.1101
vn 0.3436 -0.9334 0.1035
vn 0.2443 -0.9634 0.1107
vn 0.2152 -0.9693 0.1187
vn 0.2802 -0.9531 0.1144
vn 0.4554 -0.8871 0.0747
vn 0.2232 -0.9640 0.1442
vn 0.3592 -0.9278 0.1010
vn 0.2867 -0.9489 0.1320
vn 0.3268 -0.9236 0.2004
vn 0.2861 -0.9441 0.1638
vn 0.4593 -0.8865 0.0567
vn 0.5439 -0.8391 0.0081
vn 0.5317 -0.8426 0.0856
vn 0.5665 -0.8237 0.0233
vn 0.4765 -0.8765 0.0681
vn 0.4363 -0.8966 0.0759
vn 0.3237 -0.9384 0.1206
vn 0.0076 -0.9939 0.1097
vn 0.1945 -0.9737 0.1191
vn 0.5461 -0.8328 0.0913
vn 0.2759 -0.9563 0.0970
vn 0.5166 -0.8557 -0.0294
vn 0.3280 -0.9446 -0.0129
vn 0.2338 -0.9720 0.0244
vn 0.1914 -0.9793 0.0656
vn 0.2579 -0.9658 0.0276
vn 0.1836 -0.9780 0.0991
vn 0.0152 -0.9975 0.0686
vn 0.2329 -0.9725 -0.0066
vn 0.0001 -0.9966 -0.0826
vn 0.2141 -0.9767 0.0103
vn -0.0000 -1.0000 -0.0026
vn 0.2390 -0.9695 -0.0548
vn 0.2232 -0.9745 -0.0240
vn 0.3440 -0.9281 -0.1424
vn 0.2121 -0.9768 0.0295
vn 0.4682 -0.8606 -0.2005
vn 0.3163 -0.9143 -0.2529
vn -0.0005 -0.9818 -0.1901
vn -0.0010 -0.9623 -0.2721
vn 0.2845 -0.8996 -0.3313
vn -0.0008 -0.9238 -0.3828
vn 0.3767 -0.8702 -0.3176
vn 0.4741 -0.8334 -0.2841
vn 0.4323 -0.8091 -0.3981
vn 0.3101 -0.8647 -0.3952
vn -0.1747 -0.9797 -0.0979
vn 0.6462 -0.7388 -0.1915
vn -0.0000 -0.9373 0.3484
vn 0.4976 -0.8487 0.1794
vn 0.7252 -0.6750 0.1361
vn -0.0000 -0.4202 0.9074
vn 0.2931 -0.3194 0.9011
vn 0.3107 -0.2203 0.9246
vn 0.4739 -0.2541 0.8431
vn 0.4143 -0.1216 0.9020
vn 0.3746 -0.0035 0.9272
vn 0.6673 -0.0256 0.7444
vn 0.6810 -0.0373 0.7313
vn 0.4432 -0.0966 0.8912
vn 0.6930 -0.0318 0.7202
vn 0.6673 -0.0256 0.7443
vn 0.7813 -0.0783 0.6193
vn 0.8484 -0.1496 0.5078
vn 0.8594 0.1500 0.4889
vn 0.8551 -0.1469 0.4972
vn 0.9089 0.1609 0.3847
vn 0.9177 0.3854 0.0965
vn 0.9218 0.3186 -0.2210
vn 0.8455 0.4660 -0.2606
vn 0.8917 0.4265 -0.1517
vn 0.8192 0.5367 -0.2020
vn 0.8680 0.4868 -0.0984
vn 0.7718 0.6358 -0.0083
vn 0.6810 0.7321 0.0189
vn 0.7009 0.6986 0.1439
vn 0.6673 0.7052 0.2398
vn 0.6411 0.7333 0.2262
vn 0.5405 0.8179 0.1972
vn 0.6156 0.7637 0.1942
vn 0.4578 0.8753 0.1560
vn 0.4167 0.8883 0.1932
vn 0.0324 0.9938 0.1063
vn 0.3312 0.9245 0.1888
vn -0.0105 0.9819 0.1891
vn 0.0038 -0.6056 0.7958
vn 0.2217 -0.5563 0.8009
vn 0.5750 -0.6009 0.5552
vn 0.7492 -0.5627 0.3492
vn 0.8448 -0.2327 -0.4818
vn 0.9829 -0.1718 -0.0663
vn 0.6992 -0.4765 0.5330
vn 0.8515 0.0935 -0.5159
vn 0.6448 -0.5965 0.4780
vn 0.9391 -0.2940 0.1779
vn 0.9628 -0.0112 -0.2700
vn 0.8917 -0.4213 0.1655
vn 0.9861 -0.1517 0.0676
vn 0.8573 -0.5126 -0.0471
vn 0.9832 -0.1824 0.0078
vn 0.9644 -0.2162 -0.1521
vn 0.8815 -0.1482 -0.4483
vn 0.8819 -0.2529 -0.3977
vn 0.8763 -0.3457 -0.3355
vn 0.8867 -0.3909 -0.2470
vn 0.9522 -0.2748 -0.1333
vn 0.9534 -0.2334 -0.1913
vn 0.9559 -0.2833 -0.0774
vn 0.9892 -0.0357 -0.1420
vn 0.9924 -0.1190 -0.0324
vn 1.0000 -0.0061 -0.0012
vn 0.9544 0.1792 -0.2387
vn 0.9870 0.1540 -0.0454
vn 0.9652 0.2584 0.0390
vn 0.9749 0.2142 -0.0616
vn 0.9172 0.3871 -0.0944
vn 0.8917 0.4505 0.0450
vn 0.8558 0.5075 -0.1000
vn 0.9508 0.2147 -0.2233
vn 0.8546 0.5193 -0.0044
vn 0.7713 0.6264 -0.1129
vn 0.9654 0.1035 0.2394
vn 0.7382 0.6702 0.0764
vn 0.6024 0.7903 -0.1119
vn 0.6600 0.7502 -0.0401
vn 0.9516 0.2322 -0.2014
vn 0.6460 0.7367 -0.1998
vn 0.7343 0.6776 -0.0421
vn 0.7070 0.7062 -0.0374
vn 0.6522 0.7561 -0.0548
vn 0.8776 0.2091 -0.4314
vn 0.7051 0.5746 -0.4155
vn 0.7542 0.6518 -0.0792
vn 0.6686 0.7426 -0.0388
vn 0.8008 0.5291 -0.2807
vn 0.6166 0.7840 -0.0716
vn -0.2697 -0.0102 -0.9629
vn 0.6904 0.7231 0.0217
vn 0.7472 0.6386 -0.1842
vn 0.7526 0.6457 0.1290
vn 0.8103 0.5731 0.1223
vn 0.7663 0.6365 0.0870
vn 0.7392 0.6716 0.0491
vn 0.7186 0.6698 0.1869
vn 0.7867 0.6056 0.1202
vn 0.7593 0.6426 0.1024
vn 0.8096 0.5417 0.2262
vn 0.8114 0.5702 0.1282
vn 0.7168 0.6552 0.2386
vn 0.6905 0.7128 0.1234
vn 0.6837 0.7294 0.0213
vn 0.6226 0.7815 0.0407
vn 0.6158 0.7877 -0.0149
vn 0.5843 0.8070 -0.0855
vn 0.5135 0.8529 0.0939
vn 0.5035 0.8640 0.0033
vn 0.3933 0.9107 0.1262
vn 0.3546 0.9320 0.0752
vn 0.4734 0.8791 -0.0552
vn 0.3111 0.9377 0.1547
vn -0.0000 0.9870 0.1609
vn -0.0000 0.9963 0.0865
vn 0.4023 0.9149 -0.0348
vn 0.0029 0.9991 -0.0420
vn 0.4263 0.9039 -0.0337
vn -0.0000 0.9999 0.0100
vn 0.3650 0.9090 0.2013
vn 0.5194 0.8407 0.1533
vn -0.0000 0.9496 0.3136
vn 0.7313 0.0429 -0.6807
vn 0.0272 0.0116 -0.9996
vn 0.6489 -0.1346 -0.7488
vn -0.0000 -0.2986 -0.9544
vn 0.4827 -0.3040 -0.8213
vn 0.9156 -0.0641 -0.3969
vn 0.9185 -0.1394 -0.3701
vn 0.9781 -0.1992 -0.0605
vn 0.9952 -0.0208 -0.0960
vn 0.9972 0.0737 -0.0116
vn 0.9957 -0.0899 -0.0229
vn 0.9729 -0.1639 -0.1630
vn 0.9491 -0.1998 -0.2434
vn 0.9615 -0.0801 -0.2629
vn 0.9285 -0.1675 -0.3313
vn 0.9382 -0.0278 -0.3451
vn 0.9158 0.0632 -0.3967
vn 0.9068 0.0086 -0.4214
vn 0.9142 -0.1393 -0.3806
vn 0.9406 0.0048 -0.3396
vn 0.9077 0.1129 -0.4041
vn 0.9130 0.0820 -0.3995
vn 0.9455 -0.1712 -0.2770
vn 0.9363 0.1829 -0.3000
vn 0.9346 0.2101 -0.2871
vn 0.8909 0.3654 -0.2699
vn 0.9248 0.1612 -0.3445
vn 0.8885 0.2800 -0.3637
vn 0.8323 0.4789 -0.2790
vn 0.7360 0.6253 -0.2595
vn 0.5908 0.7961 -0.1316
vn 0.4870 0.8643 -0.1254
vn 0.4357 0.8902 -0.1334
vn 0.6989 0.7067 -0.1096
vn 0.5856 0.7962 -0.1522
vn 0.7817 0.6006 -0.1681
vn 0.8535 0.5197 0.0376
vn 0.8833 0.4639 -0.0673
vn 0.8953 0.4148 -0.1623
vn 0.8644 0.4763 0.1612
vn 0.9675 0.2357 -0.0920
vn 0.9559 0.2928 0.0234
vn 0.7777 0.5937 0.2067
vn 0.6847 0.5746 0.4484
vn 0.6156 0.6944 0.3726
vn 0.7292 0.6814 0.0638
vn 0.5803 0.8049 -0.1237
vn 0.5999 0.7999 -0.0174
vn 0.5910 0.8064 -0.0213
vn 0.5657 0.8234 0.0446
vn 0.4262 0.7612 0.4888
vn 0.0286 0.7701 0.6373
vn -0.0000 0.6945 0.7195
vn -0.0009 -0.3056 -0.9522
vn -0.0088 -0.3795 -0.9251
vn 0.4835 -0.3081 -0.8193
vn -0.0001 -0.2907 -0.9568
vn 0.3763 -0.2309 -0.8973
vn 0.3113 -0.3157 -0.8963
vn 0.3253 -0.2511 -0.9117
vn 0.8869 -0.0886 -0.4534
vn 0.8002 -0.1755 -0.5735
vn 0.9943 0.0446 -0.0966
vn 0.9943 0.0860 0.0628
vn 0.9918 0.1258 -0.0213
vn 0.9673 0.1617 0.1953
vn 0.9220 0.2343 0.3081
vn 0.9947 0.0199 -0.1008
vn 0.9691 0.1525 0.1937
vn 0.9553 0.2767 0.1036
vn 0.9908 0.1212 0.0597
vn 0.9086 0.4139 0.0556
vn 0.9509 0.3092 -0.0154
vn 0.9976 0.0696 -0.0053
vn 0.9601 0.2334 -0.1540
vn 0.9117 0.3854 -0.1423
vn 0.9169 0.3129 -0.2478
vn 0.8990 0.3802 -0.2175
vn 0.9058 0.2628 -0.3325
vn 0.8296 0.4261 -0.3610
vn 0.9196 0.0600 -0.3883
vn 0.8705 0.2533 -0.4220
vn 0.8895 0.2078 -0.4068
vn 0.8820 0.1464 -0.4480
vn 0.8855 0.2284 -0.4046
vn 0.9088 0.1343 -0.3949
vn 0.9114 0.0955 -0.4004
vn 0.8740 0.2839 -0.3945
vn 0.8388 0.3633 -0.4055
vn 0.8131 0.4239 -0.3989
vn 0.8060 0.4573 -0.3758
vn 0.6432 0.6460 -0.4112
vn 0.6623 0.6448 -0.3816
vn 0.5791 0.7766 -0.2479
vn 0.5456 0.7557 -0.3622
vn 0.5293 0.7397 -0.4156
vn 0.5390 0.8016 -0.2587
vn 0.5583 0.7242 -0.4049
vn 0.5112 0.7424 -0.4330
vn 0.5040 0.7671 -0.3969
vn 0.5228 0.7579 -0.3902
vn 0.7529 0.5962 -0.2789
vn 0.5115 0.7638 -0.3938
vn 0.7253 0.5191 -0.4523
vn 0.4872 0.7815 -0.3898
vn 0.4651 0.7690 -0.4386
vn 0.0158 0.7476 -0.6639
vn -0.0000 0.8250 -0.5652
vn -0.0000 0.4465 -0.8948
vn 0.7605 0.3124 -0.5692
vn -0.0000 0.2934 -0.9560
vn 0.8545 0.1138 -0.5068
vn 0.7427 0.2862 -0.6054
vn 0.9424 0.1361 -0.3056
vn 0.8680 0.2792 -0.4106
vn 0.8778 0.2595 -0.4027
vn 0.9344 0.1406 -0.3272
vn 0.9599 0.1962 -0.2000
vn 0.8690 0.3997 -0.2917
vn 0.9545 0.2058 -0.2158
vn 0.9904 0.1027 -0.0922
vn 0.9720 0.2163 -0.0913
vn 0.9501 0.0601 -0.3060
vn 0.9974 0.0527 -0.0492
vn 0.9927 0.0982 -0.0695
vn 0.9865 0.1528 0.0596
vn 0.9874 0.1273 0.0939
vn 0.9817 0.1704 0.0855
vn 0.9805 0.1448 0.1328
vn 0.9237 0.2674 0.2743
vn -0.0562 0.7054 0.7066
vn 0.6318 0.5167 0.5778
vn -0.0065 0.6067 0.7949
vn -0.0113 0.0026 -0.9999
vn 0.9007 0.0228 -0.4338
vn 0.9614 0.0449 -0.2713
vn 0.9619 0.2185 0.1641
vn 0.9651 0.2084 0.1588
vn 0.5962 0.6595 0.4579
vn 0.9878 0.1546 -0.0188
vn 0.7739 0.5480 -0.3175
vn 0.0147 0.9824 -0.1864
vn -0.8265 0.4576 -0.3280
vn 0.9761 0.0776 -0.2031
vn 0.7490 0.3099 -0.5857
vn -0.0429 0.3504 -0.9356
vn 0.5493 0.3579 -0.7551
vn 0.5804 0.2099 -0.7868
vn 0.0061 0.1518 -0.9884
vn 0.4916 0.7421 -0.4557
vn 0.4870 0.7655 -0.4205
vn 0.3512 0.7991 -0.4880
vn 0.6883 0.6185 -0.3792
vn 0.5132 0.8024 -0.3045
vn 0.4424 0.7745 -0.4520
vn 0.5006 0.7402 -0.4490
vn 0.4260 0.7382 -0.5231
vn 0.1167 0.9291 -0.3508
vn 0.3406 0.8341 -0.4340
vn -0.0203 0.9150 -0.4031
vn 0.2785 -0.3702 -0.8862
vn -0.0041 -0.4254 -0.9050
vn 0.4445 -0.0039 -0.8958
vn 0.3581 -0.3613 -0.8609
vn 0.9775 0.1167 -0.1760
vn 0.9890 0.1423 -0.0409
vn 0.9766 0.2085 0.0518
vn 0.9710 0.2332 -0.0528
vn 0.6043 0.6936 0.3920
vn 0.6236 0.5484 0.5571
vn 0.9823 0.1587 0.0995
vn 0.8096 0.3126 0.4968
vn 0.9265 0.2137 0.3098
vn 0.7107 0.4685 0.5247
vn 0.8864 0.4446 0.1287
vn 0.9025 0.3913 -0.1799
vn 0.8782 0.4726 -0.0739
vn 0.8425 0.5283 -0.1056
vn 0.6941 0.6615 -0.2839
vn 0.8460 0.3593 -0.3940
vn 0.6181 0.7597 -0.2019
vn 0.2492 0.9578 -0.1429
vn -0.0000 0.8428 0.5382
vn 0.7592 0.6350 0.1428
vn 0.7370 0.5153 0.4375
vn 0.6999 0.6808 0.2161
vn 0.0181 0.9752 -0.2206
vn -0.2831 0.7425 -0.6071
vn 0.7667 0.5888 -0.2557
vn -0.0016 0.4138 -0.9104
vn 0.7091 0.7049 -0.0178
vn -0.5282 0.8427 -0.1043
vn -0.5481 0.7576 0.3544
vn -0.1718 0.6461 0.7437
vn 0.3548 0.5929 0.7229
vn 0.0045 0.5233 0.8521
vn 0.0164 0.8665 0.4988
vn 0.5796 0.7199 -0.3817
vn -0.0000 0.5947 -0.8040
vn 0.5340 0.8444 -0.0435
vn 0.9261 -0.0202 -0.3767
vn 0.6567 0.2365 -0.7161
vn -0.0458 0.1619 -0.9857
vn 0.5753 0.1218 -0.8088
vn 0.6122 0.1877 -0.7681
vn 0.4520 0.2129 -0.8662
vn 0.0268 0.1782 -0.9836
vn -0.0000 0.2217 -0.9751
vn 0.4943 0.1194 -0.8610
vn 0.3152 -0.1403 -0.9386
vn 0.2598 -0.1710 -0.9504
vn -0.0158 -0.1552 -0.9877
vn 0.2760 -0.8898 -0.3634
vn 0.3327 -0.8696 -0.3648
vn -0.0220 -0.9358 -0.3518
vn 0.3189 -0.7984 0.5108
vn -0.0000 -0.7896 0.6136
vn -0.0000 -0.9231 -0.3845
vn 0.3125 -0.8756 -0.3685
vn 0.2772 -0.8099 0.5170
vn 0.8267 0.5322 0.1826
vn 0.9114 0.3541 0.2095
vn 0.8607 0.4764 0.1797
vn 0.9011 0.3605 0.2408
vn 0.8501 0.5074 0.1411
vn 0.8408 0.5082 0.1865
vn 0.6665 0.7433 -0.0581
vn 0.8487 0.2104 -0.4853
vn 0.9894 0.0302 -0.1421
vn -0.4505 -0.3735 -0.8109
vn 0.3167 0.0860 -0.9446
vn -0.1875 -0.2074 -0.9601
vn -0.5336 -0.3867 -0.7522
vn -0.3691 -0.2698 -0.8894
vn -0.5138 -0.3263 -0.7934
vn -0.5043 -0.3338 -0.7964
vn -0.3548 -0.2016 -0.9129
vn -0.4973 -0.4618 -0.7345
vn -0.4617 -0.2193 -0.8595
vn -0.5660 0.2834 -0.7742
vn 0.5673 0.2492 -0.7849
vn -0.4361 -0.1050 -0.8938
vn -0.4145 -0.0939 -0.9052
vn -0.3501 0.0136 -0.9366
vn -0.3559 0.0236 -0.9342
vn 0.1035 0.0461 -0.9936
vn -0.3434 0.0785 -0.9359
vn 0.0766 0.0203 -0.9969
vn 0.9505 -0.2994 -0.0836
vn -0.2049 -0.2971 -0.9326
vn 0.2296 -0.2555 -0.9391
vn 0.7625 -0.6405 -0.0914
vn 0.1411 -0.2031 -0.9689
vn 0.4785 0.6713 0.5660
vn 0.6126 -0.6622 -0.4316
vn 0.6890 -0.6990 -0.1914
vn 0.8378 -0.5050 0.2074
vn 0.8919 -0.4108 0.1892
vn 0.9149 -0.3879 0.1117
vn 0.9290 -0.3669 0.0494
vn 0.9533 -0.2953 0.0634
vn 0.9832 -0.1574 0.0927
vn 0.8250 -0.5384 0.1718
vn 0.8407 -0.5365 -0.0742
vn 0.9701 -0.2147 0.1131
vn 0.8350 -0.5450 -0.0758
vn 0.6349 -0.6747 -0.3764
vn 0.5748 -0.7348 -0.3601
vn 0.6491 -0.7449 -0.1541
vn 0.5746 -0.7358 -0.3585
vn 0.7285 -0.6690 -0.1477
vn 0.5376 -0.8265 -0.1673
vn 0.3619 -0.9078 0.2119
vn 0.4242 -0.8028 0.4189
vn -0.0000 -0.6007 0.7995
vn 0.4800 -0.5394 0.6919
vn 0.1862 -0.7269 0.6610
vn 0.4500 -0.6960 0.5595
vn 0.5996 -0.7475 0.2860
vn 0.5358 -0.6483 0.5409
vn 0.7667 -0.5592 0.3152
vn 0.7213 -0.6708 -0.1723
vn 0.7746 -0.6149 0.1478
vn 0.8078 -0.3635 0.4640
vn 0.6784 -0.4772 0.5586
vn 0.8863 -0.2599 0.3833
vn 0.8445 -0.2397 0.4790
vn 0.9373 -0.1516 0.3139
vn 0.9234 -0.1220 0.3639
vn 0.9337 -0.1577 0.3215
vn 0.9059 -0.2428 0.3470
vn 0.9202 -0.3350 0.2023
vn 0.9076 -0.3359 0.2519
vn 0.8337 -0.5331 0.1442
vn 0.7879 -0.6141 -0.0447
vn 0.9948 0.0082 0.1017
vn 0.9873 0.0338 0.1555
vn 0.9972 0.0045 0.0752
vn 0.9801 0.0607 0.1892
vn 0.9775 0.1330 0.1639
vn 0.9814 0.1516 0.1178
vn 0.9856 0.1629 0.0458
vn 0.9768 0.1887 0.1008
vn 0.9685 0.1696 0.1824
vn 0.9480 0.2829 0.1456
vn 0.9850 0.1666 0.0446
vn 0.9812 0.1865 0.0504
vn 0.9409 0.3292 -0.0798
vn 0.9753 0.2101 0.0681
vn 0.9806 0.1653 0.1053
vn 0.9874 0.1536 0.0382
vn 0.9820 0.1845 0.0405
vn 0.9500 0.2758 0.1461
vn 0.9793 0.2002 0.0302
vn 0.9853 0.1580 0.0652
vn 0.9470 0.1907 0.2586
vn 0.8912 0.1439 0.4302
vn 0.8109 0.0346 0.5841
vn 0.8669 0.1802 0.4647
vn 0.8671 0.1803 0.4644
vn 0.9814 0.0806 0.1742
vn 0.9873 -0.0634 0.1456
vn 0.9014 -0.1503 0.4061
vn 0.9417 -0.0086 0.3363
vn 0.8645 -0.1126 0.4899
vn 0.9933 0.0059 0.1153
vn 0.9145 0.3656 0.1730
vn 0.9483 0.2275 0.2213
vn 0.9419 0.2567 0.2164
vn 0.9050 0.3389 0.2570
vn 0.9111 0.3786 0.1628
vn 0.9510 0.1990 0.2364
vn 0.9655 0.2134 0.1492
vn 0.6191 0.0558 -0.7833
vn 0.3704 0.2228 -0.9017
vn 0.9986 0.0031 -0.0526
vn 0.8579 -0.0434 0.5121
vn 0.5619 0.0473 -0.8258
vn 0.9599 0.2305 0.1598
vn 0.9669 0.0116 0.2549
vn 0.9816 0.0060 0.1907
vn 0.9620 -0.2032 0.1821
vn 0.9667 0.0103 0.2556
vn 0.9788 0.0193 0.2041
vn 0.9477 0.2265 0.2247
vn 0.9475 0.2286 0.2236
vn 0.9790 -0.1378 0.1499
vn 0.9739 0.0781 0.2133
vn 0.9838 0.1069 0.1441
vn 0.9802 -0.0046 0.1977
vn 0.9625 0.1233 0.2417
vn 0.9646 0.1252 0.2321
vn 0.9637 -0.0509 0.2621
vn 0.9345 -0.2790 0.2212
vn 0.8657 0.4961 -0.0671
vn 0.8578 0.5087 -0.0735
vn 0.8505 0.5175 -0.0939
vn 0.7247 0.0144 -0.6889
vn -0.0439 0.0737 -0.9963
vn -0.7221 -0.3957 -0.5675
vn 0.4376 0.8804 -0.1828
vn 0.1637 0.1079 -0.9806
vn -0.7348 -0.4497 -0.5078
vn -0.8205 -0.5656 0.0828
vn -0.9539 -0.2954 0.0537
vn -0.5792 -0.3436 -0.7392
vn -0.6891 -0.4074 -0.5994
vn -0.4963 -0.2564 -0.8294
vn -0.6018 -0.2880 -0.7449
vn 0.5080 0.1563 -0.8471
vn -0.5002 -0.2531 -0.8281
vn -0.5371 -0.3093 -0.7848
vn -0.5872 -0.3031 -0.7505
vn -0.4595 -0.1152 -0.8807
vn -0.3316 0.0497 -0.9421
vn -0.3452 0.0398 -0.9377
vn -0.0330 0.0354 -0.9988
vn -0.3314 0.1150 -0.9365
vn 0.2107 0.0284 -0.9771
vn -0.1298 0.0606 -0.9897
vn 0.7783 -0.2021 -0.5945
vn -0.2718 0.1159 -0.9554
vn 0.4801 -0.4888 -0.7285
vn 0.9865 0.0290 -0.1613
vn 0.3906 -0.0094 -0.9205
vn 0.3924 -0.0467 -0.9186
vn 0.0297 0.0968 -0.9949
vn 0.4731 -0.0574 -0.8791
vn 0.8996 0.1214 -0.4194
vn 0.4711 -0.5256 -0.7084
vn 0.5397 -0.5793 -0.6109
vn 0.9401 -0.3254 0.1018
vn 0.9557 -0.2431 0.1657
vn 0.7631 -0.4317 0.4810
vn 0.9332 -0.2526 0.2556
vn 0.9698 -0.1672 0.1775
vn 0.9775 0.0084 0.2110
vn 0.9853 0.0840 0.1490
vn 0.9984 0.0409 0.0389
vn 0.9698 0.2298 0.0816
vn 0.9769 0.1872 0.1034
vn 0.9128 0.3976 0.0934
vn 0.9592 0.2822 0.0182
vn 0.8909 0.4533 0.0303
vn 0.8675 0.4974 -0.0070
vn 0.9321 0.3551 0.0720
vn 0.3935 0.2933 -0.8713
vn 0.9900 -0.0601 0.1276
vn 0.9813 0.1156 0.1537
vn 0.9817 0.1901 0.0099
vn 0.8291 -0.4301 -0.3572
vn 0.8362 0.5483 0.0043
vn 0.7873 0.6028 0.1293
vn 0.8530 0.5218 0.0123
vn 0.5913 0.7088 -0.3848
vn 0.2233 0.5677 -0.7924
vn 0.1595 -0.0687 -0.9848
vn 0.8043 0.5342 -0.2603
vn 0.8418 0.5314 0.0942
vn 0.8153 0.4769 -0.3283
vn 0.2673 0.2498 -0.9307
vn 0.4400 0.5041 -0.7432
vn 0.3789 0.2527 -0.8903
vn 0.6733 0.3947 -0.6252
vn 0.5820 0.2536 -0.7726
vn 0.2775 0.1691 -0.9457
vn 0.5596 0.1151 -0.8207
vn 0.2610 0.1023 -0.9599
vn 0.5743 -0.0083 -0.8186
vn 0.3143 0.0366 -0.9486
vn 0.6245 -0.1248 -0.7710
vn 0.4055 -0.0387 -0.9133
vn 0.4042 0.0043 -0.9147
vn 0.6779 -0.1313 -0.7234
vn 0.8352 -0.1351 -0.5332
vn 0.9646 -0.1997 -0.1721
vn 0.9967 0.0511 -0.0634
vn 0.9566 -0.1350 -0.2583
vn 0.9886 -0.1490 -0.0240
vn 0.9701 -0.2408 -0.0302
vn 0.9311 -0.2161 -0.2939
vn 0.9906 -0.1361 0.0110
vn 0.9602 -0.0770 -0.2686
vn 0.9925 0.0655 0.1028
vn 0.9645 0.1358 -0.2266
vn 0.9861 0.1498 0.0720
vn 0.9895 0.1218 -0.0783
vn 0.9520 0.3053 0.0206
vn 0.9404 0.3380 0.0368
vn 0.8750 0.4819 0.0472
vn 0.6672 -0.0521 -0.7431
vn 0.5804 0.7280 -0.3648
vn 0.0063 0.6055 -0.7958
vn 0.2663 0.4885 -0.8309
vn 0.5740 0.1675 -0.8015
vn 0.6679 0.5895 -0.4543
vn 0.8686 0.4904 -0.0705
vn 0.8833 0.4322 -0.1816
vn 0.6919 -0.7003 -0.1760
vn 0.6107 -0.7877 0.0811
vn 0.7569 -0.6428 -0.1182
vn -0.0000 -0.9968 -0.0798
vn 0.8955 -0.3752 -0.2393
vn 0.6308 -0.7720 0.0775
vn -0.0000 -0.9985 -0.0547
vn 0.5900 -0.7838 0.1937
vn 0.7268 -0.6422 0.2436
vn 1.0000 -0.0000 -0.0000
vn 0.0052 -0.8192 -0.5736
vn 0.4820 -0.8593 0.1711
vn 0.0010 -0.6405 -0.7679
vn 0.0003 -0.9710 -0.2393
vn -0.8336 -0.4674 0.2943
vn -1.0000 -0.0000 -0.0000
vn 0.4263 0.4659 -0.7753
vn 0.0815 -0.5400 -0.8377
vn 0.5554 0.4545 -0.6964
vn 0.7388 0.2939 -0.6065
vn 0.2154 -0.9517 -0.2186
vn -0.1148 -0.6402 -0.7596
vn 0.6933 0.2470 -0.6770
vn 0.9642 -0.0618 -0.2580
vn 0.1992 -0.8757 0.4398
vn 0.9671 0.0693 0.2447
vn 0.0913 -0.7004 0.7079
vn 0.1242 -0.8908 0.4370
vn 0.9787 -0.0234 0.2042
vn 0.8068 0.2235 0.5469
vn -0.6436 -0.6678 -0.3739
vn -0.5611 -0.5105 -0.6516
vn -0.2577 -0.2135 -0.9424
vn -0.3253 -0.3321 -0.8854
vn 0.9651 -0.0548 -0.2561
vn 0.6537 0.3404 0.6759
vn 0.7284 0.1629 0.6656
vn -0.5320 -0.4579 -0.7123
vn 0.4576 0.0180 0.8890
vn 0.4881 -0.0049 0.8728
vn 0.7975 0.5056 0.3292
vn 0.8539 -0.2549 0.4538
vn 0.4702 0.0179 0.8824
vn 0.4707 0.0290 0.8818
vn 0.6521 0.3664 0.6637
vn 0.6298 0.3217 0.7070
vn 0.4677 0.0275 0.8835
vn 0.6349 0.3160 0.7050
vn 0.6648 0.7396 -0.1050
vn -0.6102 -0.7914 0.0361
vn -0.5903 -0.8046 0.0640
vn -0.6444 -0.7402 -0.1920
vn -0.5694 -0.8073 0.1551
vn 0.9407 0.3173 0.1198
vn 0.7241 0.5976 0.3444
vn 0.7130 0.4120 -0.5674
vn 0.6044 0.6355 -0.4805
vn 0.4464 0.6579 -0.6066
vn -0.5175 -0.8313 -0.2028
vn 0.3415 -0.6655 -0.6637
vn -0.4025 -0.3767 -0.8343
vn -0.3319 -0.2208 -0.9171
vn -0.6042 -0.6859 -0.4056
vn -0.2789 -0.0911 -0.9560
vn -0.2685 -0.9458 -0.1826
vn -0.5476 -0.8141 0.1931
vn -0.6626 -0.7223 0.1982
vn 0.9432 0.1082 0.3142
vn 0.0829 -0.4479 0.8902
vn 0.3597 -0.6358 -0.6829
vn 0.7048 0.0818 -0.7047
vn 0.2378 0.4634 -0.8537
vn -0.3911 -0.3663 -0.8443
vn -0.3779 -0.2978 -0.8766
vn 0.1437 0.3994 -0.9054
vn -0.3069 -0.1676 -0.9369
vn 0.8344 -0.2919 0.4674
vn 0.4711 -0.7324 0.4916
vn -0.0500 -0.5829 0.8110
vn 0.5801 0.1464 0.8013
vn 0.5122 0.0872 0.8544
vn 0.7027 0.0838 -0.7065
vn 0.2314 0.4455 -0.8648
vn 0.1940 0.4548 -0.8692
vn -0.4765 0.8374 0.2678
vn -0.5261 0.5659 0.6349
vn -0.2177 0.9747 -0.0507
vn -0.4569 0.8878 0.0549
vn -0.3772 0.8879 -0.2633
vn -0.3571 0.8598 -0.3651
vn -0.4261 -0.0394 0.9038
vn -0.3297 -0.3231 0.8871
vn -0.5545 -0.0988 0.8263
vn -0.4713 -0.2582 0.8433
vn -0.6860 0.0788 0.7233
vn -0.5296 -0.1478 0.8353
vn -0.6444 0.6969 0.3147
vn -0.8551 0.2203 0.4693
vn -0.7668 0.0017 0.6419
vn -0.8126 0.5817 0.0364
vn -0.5871 0.8040 -0.0946
vn -0.7090 0.6224 -0.3316
vn -0.4742 0.8251 -0.3071
vn -0.5705 0.8090 -0.1415
vn -0.5029 0.7806 -0.3711
vn -0.2969 0.9270 -0.2292
vn -0.5239 0.8049 -0.2788
vn -0.5719 0.8115 0.1203
vn -0.3641 0.9301 -0.0484
vn -0.4890 -0.7851 0.3800
vn -0.3323 -0.8086 0.4855
vn -0.3818 -0.5286 0.7582
vn -0.7154 -0.6510 0.2540
vn -0.3747 -0.8675 0.3271
vn -0.7010 -0.6570 0.2773
vn -0.4793 -0.7971 0.3671
vn -0.6541 -0.6810 -0.3293
vn -0.7864 -0.6021 -0.1379
vn -0.3493 -0.8993 -0.2634
vn -0.8754 -0.4819 0.0379
vn -0.6835 -0.6951 -0.2230
vn -0.8873 -0.4458 -0.1184
vn -0.6723 -0.6059 -0.4254
vn -0.7084 -0.6159 -0.3448
vn -0.7806 -0.5785 -0.2369
vn -0.6530 -0.6166 -0.4397
vn -0.8169 -0.4655 -0.3407
vn -0.6987 -0.5632 -0.4412
vn -0.8058 -0.4446 -0.3910
vn -0.6538 -0.6454 -0.3949
vn -0.8115 -0.4177 -0.4086
vn -0.7094 -0.6289 -0.3182
vn -0.8038 -0.4873 -0.3413
vn -0.6464 -0.6991 -0.3057
vn -0.8084 -0.5386 -0.2375
vn -0.8041 -0.4021 -0.4379
vn -0.9175 -0.3277 -0.2255
vn -0.5977 -0.5760 -0.5576
vn -0.7021 0.0592 -0.7096
vn -0.9026 -0.0179 -0.4301
vn -0.7024 0.4006 -0.5883
vn -0.8584 0.1195 -0.4989
vn -0.7044 0.7018 -0.1066
vn -0.9681 0.0828 0.2366
vn -0.8981 0.2072 0.3879
vn -0.7283 0.6187 0.2946
vn -0.6841 0.6838 -0.2538
vn -0.5480 0.4596 -0.6989
vn -0.5685 0.7223 -0.3939
vn -0.8123 0.3907 -0.4331
vn -0.4538 0.0137 0.8910
vn -0.5341 -0.0064 0.8454
vn -0.0524 -0.5725 0.8182
vn -0.0098 -0.5038 0.8638
vn -0.8322 0.4991 -0.2415
vn -0.9692 0.0236 -0.2451
vn 0.4546 -0.7751 0.4389
vn -0.1881 -0.8176 0.5442
vn 0.6001 -0.7987 0.0444
vn -0.8020 0.5672 -0.1875
vn -0.9974 0.0502 -0.0515
vn -0.9811 0.0396 -0.1894
vn -0.8509 0.5252 -0.0125
vn -0.9964 0.0513 -0.0677
vn 0.2775 -0.0880 -0.9567
vn -0.0663 -0.1295 -0.9894
vn -0.0208 0.2642 -0.9642
vn -0.1261 0.3873 -0.9133
vn -0.9350 0.3437 0.0873
vn -0.9712 -0.1857 -0.1491
vn -0.9969 0.0534 -0.0582
vn -0.8866 0.4615 0.0316
vn -0.9308 0.1962 0.3085
vn -0.8076 0.5436 -0.2285
vn 0.2521 -0.7677 0.5891
vn 0.0050 -0.7082 0.7060
vn -0.3840 -0.1155 -0.9161
vn -0.9211 0.1882 0.3407
vn -0.8810 -0.2276 -0.4147
vn -0.6754 0.2320 -0.7000
vn -0.1137 -0.6946 0.7104
vn -0.8366 -0.2725 0.4753
vn -0.8172 -0.4723 0.3303
vn -0.9326 -0.2799 0.2279
vn -0.6826 -0.6545 0.3251
vn -0.4601 -0.7432 0.4857
vn -0.6566 -0.6098 0.4439
vn -0.7505 -0.5012 0.4308
vn -0.7926 -0.4840 0.3709
vn -0.9693 0.1869 0.1596
vn -0.8764 -0.3613 0.3185
vn -0.7047 -0.5888 0.3959
vn -0.7914 -0.5724 0.2147
vn -0.8026 -0.5759 0.1552
vn -0.7158 -0.5522 -0.4276
vn -0.7855 -0.5114 0.3486
vn -0.7170 -0.5237 0.4602
vn -0.7437 -0.6669 0.0459
vn -0.6198 -0.7433 0.2518
vn -0.8475 -0.5297 0.0327
vn -0.7935 -0.6083 -0.0173
vn -0.8619 -0.5071 -0.0012
vn -0.7497 -0.6615 0.0187
vn -0.8586 -0.5106 0.0451
vn -0.8525 -0.5224 -0.0197
vn -0.7187 -0.6938 -0.0457
vn -0.7668 -0.6092 0.2021
vn -0.8986 -0.3896 0.2020
vn -0.6317 -0.7184 0.2913
vn -0.7283 -0.5905 0.3476
vn -0.7642 -0.6221 0.1702
vn -0.5912 -0.7215 0.3605
vn -0.5407 -0.8103 0.2260
vn -0.6910 -0.5956 0.4097
vn -0.6403 -0.7072 0.2998
vn -0.6423 -0.7487 -0.1643
vn -0.7207 -0.6731 0.1662
vn -0.4332 -0.8573 -0.2781
vn -0.4397 -0.7877 -0.4315
vn -0.4310 -0.9010 -0.0495
vn -0.3054 -0.8251 -0.4754
vn -0.4055 -0.8569 -0.3184
vn -0.4485 -0.8477 -0.2833
vn -0.3678 -0.8422 -0.3942
vn -0.2587 -0.9553 -0.1433
vn -0.3474 -0.8897 -0.2963
vn -0.2737 -0.9318 -0.2386
vn -0.3657 -0.8458 -0.3885
vn -0.4457 -0.8504 -0.2797
vn -0.2500 -0.9367 -0.2451
vn -0.6696 -0.5633 -0.4841
vn -0.6477 -0.7370 -0.1930
vn -0.4997 -0.7509 -0.4317
vn -0.5040 -0.7554 -0.4187
vn -0.6032 -0.6495 -0.4630
vn -0.5520 -0.7700 -0.3199
vn -0.5736 -0.7790 -0.2534
vn -0.5392 -0.8208 -0.1886
vn -0.4155 -0.8906 -0.1848
vn 0.1420 -0.9739 -0.1771
vn -0.5586 -0.8289 -0.0312
vn -0.3610 -0.9252 -0.1168
vn 0.2115 -0.9756 -0.0587
vn -0.3567 -0.9342 0.0103
vn -0.3411 -0.9399 -0.0123
vn 0.2421 -0.9692 0.0448
vn 0.2226 -0.9727 -0.0655
vn -0.3697 -0.9231 -0.1063
vn -0.3519 -0.9360 -0.0023
vn -0.3966 -0.9131 0.0950
vn 0.1446 -0.9815 0.1254
vn -0.3765 -0.9259 0.0311
vn -0.0115 -0.9991 -0.0402
vn 0.1646 -0.9706 0.1757
vn -0.3913 -0.9099 0.1375
vn -0.5641 -0.8199 0.0978
vn -0.4594 -0.8801 0.1201
vn -0.4947 -0.8514 0.1740
vn -0.0102 -0.9478 0.3186
vn 0.1045 -0.9802 0.1683
vn -0.5900 -0.7756 0.2243
vn -0.5492 -0.8049 0.2248
vn -0.6015 -0.7236 0.3385
vn -0.5983 -0.7240 0.3432
vn -0.5750 -0.7872 0.2229
vn -0.6276 -0.6884 0.3637
vn -0.6109 -0.7603 0.2210
vn -0.5735 -0.7876 0.2256
vn -0.6279 -0.7630 0.1536
vn -0.5791 -0.7371 0.3484
vn -0.6990 -0.6834 0.2105
vn -0.6730 -0.7392 0.0249
vn -0.6344 -0.7730 -0.0114
vn -0.7328 -0.6780 -0.0577
vn -0.6068 -0.7908 0.0803
vn -0.6146 -0.7885 -0.0223
vn -0.4485 -0.8854 0.1219
vn -0.4913 -0.8362 0.2436
vn -0.5797 -0.7345 0.3529
vn -0.3562 -0.9094 0.2149
vn -0.4582 -0.8415 0.2863
vn -0.4533 -0.8501 0.2679
vn -0.4918 -0.8320 0.2568
vn -0.4438 -0.8946 0.0518
vn -0.4311 -0.8908 -0.1435
vn -0.5205 -0.8227 0.2286
vn -0.2527 -0.9488 0.1898
vn -0.2690 -0.9614 0.0587
vn -0.3757 -0.9119 -0.1654
vn -0.3772 -0.9112 -0.1654
vn -0.2564 -0.9651 0.0538
vn -0.1524 -0.9781 0.1421
vn -0.2863 -0.9419 0.1758
vn -0.1475 -0.9803 0.1314
vn -0.2127 -0.9714 0.1059
vn -0.1600 -0.9815 0.1048
vn -0.1569 -0.9838 0.0872
vn -0.1891 -0.9754 0.1129
vn -0.2573 -0.9593 0.1167
vn -0.2620 -0.9563 0.1299
vn -0.2523 -0.9614 0.1101
vn -0.3795 -0.9190 0.1068
vn -0.2443 -0.9634 0.1107
vn -0.3435 -0.9334 0.1035
vn -0.2152 -0.9693 0.1187
vn -0.2232 -0.9640 0.1442
vn -0.4554 -0.8871 0.0747
vn -0.2802 -0.9531 0.1144
vn -0.3592 -0.9278 0.1010
vn -0.2861 -0.9441 0.1638
vn -0.3268 -0.9236 0.2004
vn -0.2867 -0.9489 0.1320
vn -0.4593 -0.8865 0.0567
vn -0.5439 -0.8391 0.0081
vn -0.5317 -0.8427 0.0851
vn -0.5665 -0.8237 0.0234
vn -0.4765 -0.8765 0.0681
vn -0.4361 -0.8967 0.0757
vn -0.3208 -0.9397 0.1182
vn -0.2002 -0.9731 0.1141
vn -0.2460 -0.9621 0.1179
vn -0.5473 -0.8321 0.0898
vn -0.2759 -0.9563 0.0970
vn -0.2087 -0.9747 0.0798
vn -0.5172 -0.8554 -0.0291
vn -0.3281 -0.9446 -0.0129
vn -0.2338 -0.9720 0.0244
vn -0.1914 -0.9793 0.0655
vn -0.2579 -0.9658 0.0276
vn -0.2329 -0.9725 -0.0066
vn -0.2141 -0.9767 0.0103
vn -0.2390 -0.9695 -0.0548
vn -0.2232 -0.9745 -0.0240
vn -0.3456 -0.9277 -0.1416
vn -0.2121 -0.9768 0.0295
vn -0.4692 -0.8609 -0.1967
vn -0.3166 -0.9139 -0.2540
vn -0.2867 -0.8995 -0.3297
vn -0.3818 -0.8703 -0.3111
vn -0.4748 -0.8346 -0.2794
vn -0.4314 -0.8091 -0.3990
vn -0.3100 -0.8648 -0.3951
vn -0.6462 -0.7387 -0.1915
vn -0.7252 -0.6750 0.1361
vn -0.4975 -0.8487 0.1794
vn -0.0000 -0.9373 0.3485
vn -0.3541 -0.2247 0.9078
vn -0.2931 -0.3194 0.9011
vn -0.4739 -0.2541 0.8431
vn -0.4143 -0.1216 0.9020
vn -0.3746 -0.0035 0.9272
vn -0.6810 -0.0373 0.7313
vn -0.6673 -0.0256 0.7444
vn -0.6930 -0.0318 0.7202
vn -0.4432 -0.0966 0.8912
vn -0.8642 -0.0606 0.4996
vn -0.7813 -0.0782 0.6192
vn -0.6673 -0.0256 0.7443
vn -0.8546 0.1612 0.4937
vn -0.8551 -0.1469 0.4972
vn -0.9143 0.1498 0.3763
vn -0.9134 0.3956 0.0958
vn -0.9231 0.3191 -0.2145
vn -0.8372 0.4794 -0.2633
vn -0.8914 0.4206 -0.1686
vn -0.6748 0.6300 -0.3843
vn -0.8680 0.4868 -0.0984
vn -0.7986 0.5876 0.1304
vn -0.6810 0.7321 0.0189
vn -0.7009 0.6986 0.1439
vn -0.6549 0.7179 0.2361
vn -0.5413 0.8173 0.1976
vn -0.6411 0.7333 0.2262
vn -0.6156 0.7637 0.1942
vn -0.3978 0.9060 0.1447
vn -0.4264 0.8888 0.1678
vn -0.3071 0.9343 0.1810
vn -0.2217 -0.5563 0.8009
vn -0.5750 -0.6009 0.5552
vn -0.7493 -0.5627 0.3492
vn -0.9824 -0.1867 0.0013
vn -0.8174 -0.2132 -0.5352
vn -0.6992 -0.4765 0.5330
vn -0.8745 0.1035 -0.4738
vn -0.6447 -0.5965 0.4780
vn -0.9385 -0.2920 0.1841
vn -0.9628 -0.0112 -0.2700
vn -0.8918 -0.4211 0.1655
vn -0.9861 -0.1516 0.0678
vn -0.8573 -0.5127 -0.0472
vn -0.9962 -0.0359 0.0795
vn -0.9651 -0.2175 -0.1459
vn -0.8979 -0.1541 -0.4124
vn -0.8814 -0.2630 -0.3923
vn -0.8763 -0.3460 -0.3353
vn -0.8879 -0.3905 -0.2431
vn -0.9516 -0.2785 -0.1300
vn -0.9534 -0.2334 -0.1913
vn -0.9559 -0.2833 -0.0774
vn -0.9924 -0.1190 -0.0324
vn -0.9892 -0.0357 -0.1420
vn -1.0000 -0.0061 -0.0012
vn -0.9870 0.1540 -0.0454
vn -0.9544 0.1792 -0.2387
vn -0.9652 0.2584 0.0390
vn -0.8890 0.4569 0.0298
vn -0.9172 0.3871 -0.0945
vn -0.9749 0.2142 -0.0616
vn -0.8407 0.5278 -0.1214
vn -0.9508 0.2147 -0.2233
vn -0.8546 0.5193 -0.0044
vn -0.7013 0.7037 0.1141
vn -0.7556 0.6427 -0.1262
vn -0.7373 0.6713 0.0763
vn -0.6641 0.7470 -0.0310
vn -0.6022 0.7904 -0.1119
vn -0.9516 0.2322 -0.2013
vn -0.6460 0.7367 -0.1999
vn -0.7270 0.6852 -0.0452
vn -0.7055 0.7076 -0.0394
vn -0.6650 0.7446 -0.0567
vn -0.8567 0.4242 -0.2936
vn -0.6928 0.5838 -0.4233
vn -0.7531 0.6526 -0.0835
vn -0.6885 0.7179 -0.1032
vn -0.8008 0.5291 -0.2807
vn -0.6213 0.7811 -0.0625
vn -0.6585 -0.4662 -0.5908
vn -0.6891 0.7243 0.0222
vn -0.8193 0.5712 -0.0509
vn -0.7526 0.6457 0.1290
vn -0.8103 0.5731 0.1223
vn -0.7663 0.6366 0.0870
vn -0.7392 0.6717 0.0491
vn -0.7159 0.6697 0.1975
vn -0.7594 0.6425 0.1025
vn -0.7867 0.6056 0.1202
vn -0.8146 0.5303 0.2349
vn -0.8114 0.5702 0.1282
vn -0.7182 0.6543 0.2367
vn -0.6905 0.7127 0.1234
vn -0.6837 0.7294 0.0213
vn -0.6226 0.7815 0.0407
vn -0.6150 0.7884 -0.0130
vn -0.5807 0.8105 -0.0761
vn -0.5135 0.8529 0.0939
vn -0.4976 0.8673 0.0161
vn -0.3933 0.9107 0.1262
vn -0.3540 0.9320 0.0779
vn -0.4734 0.8792 -0.0543
vn -0.3111 0.9377 0.1547
vn -0.4028 0.9146 -0.0356
vn -0.4262 0.9041 -0.0325
vn -0.3610 0.9089 0.2086
vn -0.5186 0.8412 0.1527
vn -0.7312 0.0428 -0.6808
vn -0.6486 -0.1349 -0.7491
vn -0.4827 -0.3041 -0.8213
vn -0.9109 -0.0549 -0.4090
vn -0.9186 -0.1394 -0.3699
vn -0.9779 -0.1993 -0.0639
vn -0.9957 -0.0240 -0.0890
vn -0.9972 0.0737 -0.0116
vn -0.9961 -0.0879 -0.0022
vn -0.9772 -0.1583 -0.1417
vn -0.9472 -0.2066 -0.2452
vn -0.9630 -0.0786 -0.2576
vn -0.9255 -0.1732 -0.3369
vn -0.9391 -0.0271 -0.3425
vn -0.9170 0.0494 -0.3958
vn -0.9091 0.0055 -0.4165
vn -0.9108 -0.1439 -0.3870
vn -0.9421 -0.0042 -0.3352
vn -0.9077 0.1129 -0.4041
vn -0.9130 0.0820 -0.3996
vn -0.9419 -0.1843 -0.2808
vn -0.9363 0.1829 -0.3000
vn -0.8919 0.3698 -0.2603
vn -0.9346 0.2101 -0.2871
vn -0.8891 0.2741 -0.3666
vn -0.9248 0.1612 -0.3445
vn -0.8323 0.4789 -0.2790
vn -0.7401 0.6223 -0.2549
vn -0.5924 0.7966 -0.1205
vn -0.4889 0.8638 -0.1218
vn -0.4376 0.8890 -0.1350
vn -0.6986 0.7071 -0.1096
vn -0.5706 0.8070 -0.1526
vn -0.7841 0.6000 -0.1586
vn -0.8545 0.5181 0.0373
vn -0.8826 0.4659 -0.0628
vn -0.8939 0.4190 -0.1596
vn -0.8653 0.4733 0.1651
vn -0.9559 0.2928 0.0234
vn -0.9675 0.2357 -0.0920
vn -0.7957 0.5716 0.2001
vn -0.6896 0.5496 0.4716
vn -0.6421 0.6830 0.3483
vn -0.7297 0.6807 0.0654
vn -0.6002 0.7918 -0.1133
vn -0.6212 0.7831 -0.0292
vn -0.5914 0.8061 -0.0194
vn -0.5625 0.8252 0.0514
vn -0.4209 0.7627 0.4911
vn -0.4837 -0.3057 -0.8201
vn -0.2933 -0.3171 -0.9019
vn -0.2511 -0.2654 -0.9309
vn -0.3113 -0.3157 -0.8963
vn -0.8002 -0.1755 -0.5735
vn -0.8859 -0.0861 -0.4558
vn -0.3253 -0.2511 -0.9117
vn -0.9943 0.0860 0.0628
vn -0.9943 0.0446 -0.0966
vn -0.9673 0.1617 0.1953
vn -0.9918 0.1258 -0.0213
vn -0.9362 0.1587 0.3137
vn -0.9691 0.1525 0.1937
vn -0.9947 0.0200 -0.1009
vn -0.9553 0.2767 0.1036
vn -0.9908 0.1212 0.0597
vn -0.9065 0.4182 0.0578
vn -0.9509 0.3092 -0.0154
vn -0.9976 0.0696 -0.0053
vn -0.9601 0.2334 -0.1540
vn -0.9192 0.3716 -0.1302
vn -0.9238 0.3166 -0.2153
vn -0.9192 0.3495 -0.1816
vn -0.9055 0.2626 -0.3334
vn -0.8345 0.4173 -0.3598
vn -0.9196 0.0600 -0.3883
vn -0.8703 0.2491 -0.4250
vn -0.8820 0.1464 -0.4480
vn -0.8896 0.2078 -0.4068
vn -0.8855 0.2284 -0.4046
vn -0.9088 0.1343 -0.3949
vn -0.8812 0.2690 -0.3887
vn -0.9114 0.0954 -0.4004
vn -0.8186 0.4199 -0.3920
vn -0.8403 0.3627 -0.4028
vn -0.8095 0.4604 -0.3643
vn -0.6434 0.6455 -0.4116
vn -0.6666 0.6438 -0.3757
vn -0.5799 0.7758 -0.2488
vn -0.5431 0.7581 -0.3610
vn -0.5283 0.7402 -0.4160
vn -0.5795 0.7787 -0.2404
vn -0.5369 0.7428 -0.4001
vn -0.5112 0.7424 -0.4330
vn -0.5039 0.7671 -0.3969
vn -0.5228 0.7579 -0.3902
vn -0.7523 0.5942 -0.2845
vn -0.5115 0.7638 -0.3938
vn -0.7272 0.5191 -0.4491
vn -0.4872 0.7815 -0.3898
vn -0.4651 0.7690 -0.4386
vn -0.7605 0.3124 -0.5692
vn -0.7427 0.2862 -0.6054
vn -0.8606 0.1360 -0.4908
vn -0.8680 0.2792 -0.4106
vn -0.9424 0.1361 -0.3056
vn -0.8778 0.2595 -0.4027
vn -0.8684 0.3920 -0.3037
vn -0.9599 0.1962 -0.2000
vn -0.9344 0.1406 -0.3272
vn -0.9545 0.2058 -0.2158
vn -0.9720 0.2163 -0.0913
vn -0.9900 0.0957 -0.1034
vn -0.9505 0.0627 -0.3043
vn -0.9977 0.0498 -0.0469
vn -0.9865 0.1528 0.0596
vn -0.9927 0.0982 -0.0695
vn -0.9817 0.1704 0.0855
vn -0.9874 0.1273 0.0939
vn -0.9245 0.2679 0.2713
vn -0.9805 0.1448 0.1328
vn -0.6176 0.5261 0.5847
vn -0.9007 0.0228 -0.4338
vn -0.9634 0.0362 -0.2656
vn -0.9619 0.2185 0.1641
vn -0.9656 0.2057 0.1590
vn -0.6212 0.6513 0.4358
vn -0.9858 0.1642 -0.0346
vn -0.9706 0.1192 -0.2092
vn -0.7490 0.3100 -0.5856
vn -0.6747 0.1274 -0.7270
vn -0.4916 0.7421 -0.4557
vn -0.3512 0.7991 -0.4880
vn -0.4930 0.7647 -0.4150
vn -0.6879 0.6169 -0.3824
vn -0.5226 0.7958 -0.3060
vn -0.4424 0.7745 -0.4520
vn -0.5006 0.7402 -0.4490
vn -0.4260 0.7382 -0.5231
vn -0.3371 0.8344 -0.4360
vn -0.2929 0.9028 -0.3151
vn -0.2785 -0.3701 -0.8862
vn -0.3563 -0.3573 -0.8634
vn -0.7341 0.1285 -0.6668
vn -0.9890 0.1423 -0.0409
vn -0.9776 0.1722 -0.1214
vn -0.9771 0.2094 0.0371
vn -0.7412 0.4737 0.4756
vn -0.9618 0.2708 -0.0397
vn -0.9827 0.1564 0.0988
vn -0.8050 0.3278 0.4945
vn -0.9263 0.2177 0.3076
vn -0.6878 0.4819 0.5428
vn -0.8865 0.4440 0.1303
vn -0.9026 0.3910 -0.1799
vn -0.8779 0.4731 -0.0739
vn -0.8357 0.5391 -0.1047
vn -0.7016 0.6636 -0.2595
vn -0.8532 0.3569 -0.3803
vn -0.6011 0.7618 -0.2415
vn -0.1906 0.9762 -0.1038
vn -0.6999 0.6808 0.2161
vn -0.7413 0.5175 0.4273
vn -0.8234 0.5667 0.0300
vn -0.4054 0.4954 0.7683
vn -0.5811 0.7239 -0.3719
vn -0.5364 0.8431 -0.0397
vn -0.9261 -0.0202 -0.3767
vn -0.6329 0.1584 -0.7579
vn -0.5753 0.1218 -0.8088
vn -0.6088 0.1902 -0.7702
vn -0.4356 0.1893 -0.8800
vn -0.4943 0.1194 -0.8610
vn -0.2598 -0.1710 -0.9504
vn -0.2760 -0.8898 -0.3634
vn -0.2913 -0.8667 -0.4049
vn -0.3189 -0.7984 0.5108
vn -0.3125 -0.8755 -0.3685
vn -0.2772 -0.8099 0.5170
vn -0.8276 0.5340 0.1732
vn -0.8636 0.4705 0.1810
vn -0.9133 0.3453 0.2161
vn -0.9011 0.3605 0.2408
vn -0.8389 0.5157 0.1742
vn -0.8441 0.5192 0.1340
vn -0.9927 0.0639 -0.1021
vn -0.8487 0.2104 -0.4853
vn -0.9894 0.0302 -0.1421
vn 0.4505 -0.3735 -0.8109
vn 0.5336 -0.3867 -0.7522
vn 0.1875 -0.2074 -0.9601
vn -0.3167 0.0860 -0.9446
vn 0.5138 -0.3264 -0.7934
vn 0.3691 -0.2698 -0.8894
vn 0.5042 -0.3338 -0.7964
vn 0.4617 -0.2193 -0.8595
vn 0.6884 -0.1472 -0.7102
vn 0.3548 -0.2016 -0.9129
vn 0.5660 0.2834 -0.7742
vn -0.5672 0.2493 -0.7849
vn 0.4145 -0.0939 -0.9052
vn 0.4308 -0.1088 -0.8959
vn 0.3559 0.0236 -0.9342
vn 0.3477 0.0105 -0.9376
vn 0.3433 0.0785 -0.9359
vn -0.1035 0.0461 -0.9936
vn -0.0766 0.0203 -0.9969
vn -0.9505 -0.2993 -0.0836
vn -0.0183 0.2229 -0.9747
vn -0.7626 -0.6404 -0.0914
vn -0.2296 -0.2555 -0.9391
vn -0.4785 0.6713 0.5661
vn -0.1410 -0.2033 -0.9689
vn -0.6890 -0.6990 -0.1914
vn -0.6126 -0.6621 -0.4316
vn -0.8108 -0.5404 0.2247
vn -0.9149 -0.3879 0.1116
vn -0.8918 -0.4109 0.1892
vn -0.9276 -0.3699 0.0519
vn -0.9533 -0.2953 0.0634
vn -0.9778 -0.1748 0.1153
vn -0.8267 -0.5373 0.1673
vn -0.7838 -0.6169 -0.0714
vn -0.9653 -0.2231 0.1357
vn -0.8354 -0.5444 -0.0752
vn -0.6817 -0.6373 -0.3594
vn -0.5748 -0.7348 -0.3601
vn -0.6491 -0.7449 -0.1541
vn -0.5746 -0.7358 -0.3584
vn -0.5409 -0.8181 -0.1951
vn -0.6773 -0.7158 -0.1700
vn -0.3741 -0.8786 0.2969
vn -0.4181 -0.8095 0.4121
vn -0.4601 -0.6865 0.5631
vn -0.4800 -0.5394 0.6919
vn -0.5545 -0.6351 0.5377
vn -0.5915 -0.7521 0.2905
vn -0.5358 -0.6483 0.5409
vn -0.7668 -0.5592 0.3153
vn -0.7213 -0.6708 -0.1723
vn -0.8057 -0.5549 0.2071
vn -0.6784 -0.4772 0.5586
vn -0.8078 -0.3635 0.4640
vn -0.8863 -0.2599 0.3833
vn -0.8445 -0.2397 0.4790
vn -0.9373 -0.1516 0.3139
vn -0.9234 -0.1220 0.3639
vn -0.9202 -0.3350 0.2023
vn -0.9059 -0.2428 0.3470
vn -0.9337 -0.1577 0.3215
vn -0.9076 -0.3359 0.2519
vn -0.7879 -0.6141 -0.0447
vn -0.8337 -0.5331 0.1442
vn -0.9948 0.0081 0.1019
vn -0.9880 0.0332 0.1511
vn -0.9962 0.0142 0.0856
vn -0.9802 0.0589 0.1891
vn -0.9814 0.1516 0.1178
vn -0.9775 0.1330 0.1639
vn -0.9856 0.1629 0.0458
vn -0.9768 0.1887 0.1008
vn -0.9482 0.2789 0.1522
vn -0.9685 0.1696 0.1824
vn -0.9850 0.1666 0.0446
vn -0.9812 0.1865 0.0504
vn -0.9753 0.2101 0.0681
vn -0.9411 0.3364 -0.0353
vn -0.9806 0.1653 0.1053
vn -0.9874 0.1536 0.0382
vn -0.9820 0.1845 0.0406
vn -0.9793 0.2002 0.0302
vn -0.9533 0.2699 0.1355
vn -0.9853 0.1580 0.0652
vn -0.9470 0.1907 0.2586
vn -0.8899 0.1438 0.4330
vn -0.8669 0.1802 0.4647
vn -0.8109 0.0346 0.5841
vn -0.9814 0.0806 0.1742
vn -0.8671 0.1803 0.4644
vn -0.9873 -0.0634 0.1456
vn -0.9014 -0.1503 0.4061
vn -0.9417 -0.0086 0.3363
vn -0.8645 -0.1126 0.4899
vn -0.9940 -0.0000 0.1096
vn -0.9051 0.3887 0.1726
vn -0.9483 0.2276 0.2212
vn -0.9319 0.2799 0.2308
vn -0.9091 0.3852 0.1586
vn -0.8937 0.3382 0.2947
vn -0.9510 0.1990 0.2364
vn -0.9655 0.2134 0.1492
vn -0.6191 0.0558 -0.7834
vn -0.3704 0.2228 -0.9017
vn -0.9986 0.0031 -0.0526
vn -0.9599 0.2305 0.1598
vn -0.5619 0.0473 -0.8258
vn -0.8661 -0.4250 0.2631
vn -0.9669 0.0116 0.2549
vn -0.9816 0.0060 0.1907
vn -0.9617 -0.2034 0.1837
vn -0.9667 0.0103 0.2556
vn -0.9788 0.0193 0.2041
vn -0.9475 0.2286 0.2236
vn -0.9477 0.2265 0.2247
vn -0.9776 -0.1418 0.1554
vn -0.9739 0.0781 0.2133
vn -0.9838 0.1069 0.1441
vn -0.9646 0.1252 0.2321
vn -0.9625 0.1233 0.2417
vn -0.9802 -0.0046 0.1977
vn -0.9637 -0.0509 0.2621
vn -0.9331 -0.2846 0.2197
vn -0.8657 0.4961 -0.0671
vn -0.8571 0.5097 -0.0749
vn -0.8550 0.5096 -0.0966
vn 0.3816 -0.3620 -0.8505
vn 0.7221 -0.3958 -0.5674
vn 0.0439 0.0737 -0.9963
vn -0.4376 0.8804 -0.1828
vn 0.7348 -0.4497 -0.5078
vn -0.1637 0.1080 -0.9806
vn 0.8205 -0.5656 0.0828
vn 0.6891 -0.4074 -0.5993
vn 0.5792 -0.3436 -0.7393
vn 0.9539 -0.2954 0.0538
vn 0.6017 -0.2880 -0.7449
vn 0.4963 -0.2564 -0.8294
vn 0.5002 -0.2531 -0.8281
vn -0.5080 0.1563 -0.8471
vn 0.6512 -0.1556 -0.7428
vn 0.5872 -0.3031 -0.7505
vn 0.4595 -0.1153 -0.8807
vn 0.3452 0.0398 -0.9377
vn 0.3291 0.0450 -0.9432
vn 0.3314 0.1150 -0.9365
vn 0.0334 0.0347 -0.9988
vn 0.1298 0.0606 -0.9897
vn -0.2107 0.0283 -0.9771
vn -0.7783 -0.2021 -0.5945
vn 0.2718 0.1159 -0.9554
vn -0.3906 -0.0094 -0.9205
vn -0.9956 -0.0783 0.0508
vn -0.4800 -0.4888 -0.7285
vn -0.3924 -0.0466 -0.9186
vn -0.0297 0.0968 -0.9949
vn -0.4730 -0.0574 -0.8792
vn -0.8996 0.1215 -0.4195
vn -0.9401 -0.3254 0.1018
vn -0.5397 -0.5793 -0.6109
vn -0.4711 -0.5256 -0.7084
vn -0.9582 -0.2391 0.1574
vn -0.7631 -0.4316 0.4810
vn -0.9372 -0.2479 0.2455
vn -0.9717 -0.1602 0.1734
vn -0.9775 0.0084 0.2110
vn -0.9853 0.0840 0.1490
vn -0.9984 0.0409 0.0389
vn -0.9769 0.1872 0.1034
vn -0.9698 0.2298 0.0816
vn -0.9128 0.3976 0.0934
vn -0.8895 0.4558 0.0313
vn -0.9494 0.3132 0.0236
vn -0.8766 0.4810 -0.0133
vn -0.9294 0.3618 0.0729
vn -0.3936 0.2932 -0.8713
vn -0.9899 -0.0597 0.1282
vn -0.9813 0.1156 0.1537
vn -0.9817 0.1901 0.0099
vn -0.8284 -0.4312 -0.3575
vn -0.8362 0.5483 0.0043
vn -0.8181 0.5655 0.1047
vn -0.8530 0.5218 0.0123
vn -0.5913 0.7087 -0.3848
vn -0.1595 -0.0687 -0.9848
vn -0.2233 0.5677 -0.7924
vn -0.8043 0.5342 -0.2603
vn -0.2673 0.2498 -0.9307
vn -0.8181 0.4719 -0.3288
vn -0.8418 0.5316 0.0943
vn -0.4400 0.5041 -0.7432
vn -0.3789 0.2527 -0.8903
vn -0.2775 0.1691 -0.9457
vn -0.5820 0.2536 -0.7726
vn -0.6732 0.3947 -0.6253
vn -0.2610 0.1023 -0.9599
vn -0.5596 0.1152 -0.8207
vn -0.3143 0.0366 -0.9486
vn -0.5743 -0.0083 -0.8186
vn -0.4055 -0.0387 -0.9133
vn -0.6245 -0.1248 -0.7710
vn -0.4042 0.0043 -0.9147
vn -0.8382 -0.1528 -0.5235
vn -0.6779 -0.1313 -0.7234
vn -0.9094 -0.3180 -0.2682
vn -0.9967 0.0511 -0.0634
vn -0.9878 -0.1550 -0.0160
vn -0.9606 -0.1256 -0.2478
vn -0.9701 -0.2408 -0.0302
vn -0.9906 -0.1361 0.0110
vn -0.9359 -0.2100 -0.2829
vn -0.9608 -0.0741 -0.2671
vn -0.9925 0.0655 0.1028
vn -0.9645 0.1358 -0.2267
vn -0.9861 0.1498 0.0720
vn -0.9545 0.2977 0.0175
vn -0.9895 0.1218 -0.0783
vn -0.9404 0.3380 0.0368
vn -0.8750 0.4819 0.0472
vn -0.6672 -0.0521 -0.7431
vn -0.5804 0.7280 -0.3648
vn -0.5740 0.1675 -0.8015
vn -0.2663 0.4885 -0.8310
vn -0.0063 0.6055 -0.7958
vn -0.6685 0.5883 -0.4550
vn -0.9499 0.3117 -0.0231
vn -0.8833 0.4321 -0.1816
vn -0.6368 -0.7419 -0.2097
vn -0.8060 -0.5668 -0.1705
vn -0.6107 -0.7877 0.0811
vn -0.8955 -0.3752 -0.2393
vn -0.6308 -0.7721 0.0775
vn -0.7268 -0.6421 0.2436
vn -0.5899 -0.7839 0.1937
vn -0.4821 -0.8592 0.1711
vn 0.8336 -0.4673 0.2944
vn -0.4263 0.4660 -0.7753
vn -0.0815 -0.5400 -0.8377
vn -0.5554 0.4545 -0.6964
vn -0.7388 0.2938 -0.6065
vn -0.2154 -0.9517 -0.2187
vn -0.9642 -0.0618 -0.2580
vn -0.6934 0.2470 -0.6769
vn 0.1148 -0.6402 -0.7596
vn -0.1992 -0.8757 0.4398
vn -0.9671 0.0693 0.2448
vn -0.0913 -0.7004 0.7079
vn -0.9787 -0.0234 0.2042
vn -0.1242 -0.8908 0.4370
vn -0.8069 0.2234 0.5468
vn 0.6469 -0.6649 -0.3735
vn 0.3253 -0.3321 -0.8854
vn 0.2576 -0.2135 -0.9424
vn 0.5611 -0.5105 -0.6516
vn -0.9651 -0.0548 -0.2562
vn -0.7284 0.1629 0.6656
vn -0.6537 0.3404 0.6759
vn 0.5320 -0.4579 -0.7123
vn -0.4881 -0.0049 0.8728
vn -0.4576 0.0180 0.8890
vn -0.7852 0.4956 0.3711
vn -0.4702 0.0179 0.8824
vn -0.8539 -0.2549 0.4537
vn -0.6521 0.3664 0.6637
vn -0.4707 0.0290 0.8818
vn -0.6298 0.3217 0.7070
vn -0.6349 0.3160 0.7050
vn -0.4677 0.0275 0.8835
vn -0.6663 0.7390 -0.1000
vn 0.6107 -0.7880 0.0780
vn 0.6046 -0.7960 0.0305
vn 0.5710 -0.8057 0.1577
vn 0.6460 -0.7385 -0.1928
vn -0.9407 0.3173 0.1198
vn -0.7209 0.5979 0.3504
vn -0.7130 0.4120 -0.5674
vn -0.4339 0.6594 -0.6139
vn -0.6044 0.6355 -0.4805
vn 0.5848 -0.7816 -0.2171
vn 0.4025 -0.3767 -0.8343
vn -0.3414 -0.6654 -0.6638
vn 0.6118 -0.6860 -0.3940
vn 0.3319 -0.2207 -0.9171
vn 0.2789 -0.0911 -0.9560
vn 0.2685 -0.9458 -0.1826
vn 0.5468 -0.8144 0.1944
vn 0.3922 -0.9122 0.1184
vn -0.9432 0.1082 0.3142
vn -0.0829 -0.4479 0.8902
vn -0.3597 -0.6358 -0.6829
vn 0.3911 -0.3663 -0.8443
vn -0.2378 0.4634 -0.8537
vn -0.7048 0.0819 -0.7047
vn 0.3779 -0.2978 -0.8766
vn 0.3069 -0.1676 -0.9369
vn -0.1437 0.3994 -0.9054
vn -0.8344 -0.2919 0.4674
vn -0.5801 0.1464 0.8013
vn 0.0501 -0.5829 0.8110
vn -0.4710 -0.7325 0.4916
vn -0.5122 0.0872 0.8544
vn -0.7027 0.0838 -0.7065
vn -0.2314 0.4455 -0.8648
vn -0.1940 0.4548 -0.8692
vn -0.3002 -0.9017 0.3110
vn -0.3258 -0.8025 0.4999
vn -0.3257 -0.8025 0.4999
vn 0.2249 -0.3175 -0.9212
vn 0.2672 -0.8989 0.3472
vn 0.2673 -0.8989 0.3472
vn 0.1865 -0.9705 0.1526
vn 0.1826 -0.3403 -0.9224
vn -0.3086 -0.5901 -0.7460
vn -0.3656 -0.5748 -0.7321
vn -0.0000 -0.9985 -0.0555
vn 0.2989 0.1943 -0.9343
vn 0.4277 -0.8843 0.1874
vn -0.0988 0.1975 -0.9753
vn -0.4277 -0.8843 0.1875
vt 0.477374 1.000000
vt 0.478501 0.999685
vt 0.476548 0.983760
vt 0.457033 0.606172
vt 0.457033 0.597806
vt 0.454675 0.599347
vt 0.219691 0.660810
vt 0.218606 0.667107
vt 0.221351 0.669673
vt 0.219691 0.660810
vt 0.013716 0.984202
vt 0.014081 0.993171
vt 0.031436 0.984249
vt 0.038748 0.968612
vt 0.013512 0.970028
vt 0.022380 0.944358
vt 0.038730 0.950184
vt 0.011736 0.952524
vt 0.033691 0.926897
vt 0.032523 0.890555
vt 0.018614 0.911688
vt 0.018064 0.912015
vt 0.014222 0.998273
vt 0.014769 1.000000
vt 0.028669 0.993500
vt 0.028111 0.991613
vt 0.042495 0.982735
vt 0.041817 0.980780
vt 0.059717 0.962403
vt 0.058958 0.960273
vt 0.058202 0.955377
vt 0.075833 0.935328
vt 0.075162 0.932382
vt 0.074591 0.923394
vt 0.053821 0.929783
vt 0.071444 0.887277
vt 0.051190 0.907211
vt 0.059045 0.841077
vt 0.043732 0.823116
vt 0.026185 0.844895
vt 0.057015 0.803363
vt 0.051542 0.775218
vt 0.029152 0.792627
vt 0.015022 0.801621
vt 0.450458 0.673307
vt 0.446306 0.641192
vt 0.433911 0.639844
vt 0.443436 0.673524
vt 0.437317 0.620152
vt 0.438870 0.678253
vt 0.251455 0.790780
vt 0.238812 0.837149
vt 0.245110 0.833406
vt 0.242238 0.802284
vt 0.232798 0.836044
vt 0.263025 0.719503
vt 0.256533 0.744986
vt 0.261497 0.763801
vt 0.258245 0.800044
vt 0.266022 0.740396
vt 0.265687 0.768716
vt 0.266485 0.690706
vt 0.268833 0.716156
vt 0.270461 0.748352
vt 0.271343 0.689868
vt 0.273901 0.719923
vt 0.275670 0.611924
vt 0.278405 0.695075
vt 0.269358 0.568382
vt 0.286891 0.578005
vt 0.274407 0.537752
vt 0.287338 0.538521
vt 0.274732 0.451848
vt 0.293459 0.462843
vt 0.280935 0.441011
vt 0.307965 0.435603
vt 0.282360 0.427177
vt 0.296092 0.423064
vt 0.316446 0.409358
vt 0.299685 0.412960
vt 0.315558 0.408724
vt 0.420201 0.635657
vt 0.424126 0.652538
vt 0.428773 0.613096
vt 0.426241 0.608665
vt 0.413164 0.619624
vt 0.411628 0.644252
vt 0.418413 0.609938
vt 0.302747 0.406373
vt 0.460682 0.956796
vt 0.457739 0.939985
vt 0.459649 0.978505
vt 0.461059 0.978433
vt 0.304036 0.399385
vt 0.311924 0.401375
vt 0.435717 0.947240
vt 0.427840 1.000066
vt 0.430360 0.997706
vt 0.390610 0.773988
vt 0.386540 0.781324
vt 0.392976 0.785648
vt 0.405764 0.782898
vt 0.403999 0.791996
vt 0.448714 0.866774
vt 0.451298 0.866388
vt 0.451061 0.846103
vt 0.448567 0.840186
vt 0.307279 0.373097
vt 0.306507 0.382282
vt 0.314915 0.381676
vt 0.323926 0.367722
vt 0.307074 0.363887
vt 0.322873 0.367004
vt 0.438132 0.978342
vt 0.437153 0.983348
vt 0.324064 0.366623
vt 0.304695 0.357696
vt 0.319948 0.363092
vt 0.421326 0.606681
vt 0.434899 0.988987
vt 0.304699 0.349257
vt 0.306382 0.339042
vt 0.317689 0.336912
vt 0.294689 0.340175
vt 0.293300 0.349026
vt 0.433898 0.570411
vt 0.434853 0.582109
vt 0.449134 0.582141
vt 0.439432 0.592986
vt 0.452203 0.596513
vt 0.452441 0.568476
vt 0.452777 0.581349
vt 0.307348 0.322817
vt 0.307799 0.326368
vt 0.322733 0.324850
vt 0.320900 0.323967
vt 0.289473 0.314597
vt 0.284186 0.323339
vt 0.316418 0.303458
vt 0.308466 0.270812
vt 0.318313 0.269563
vt 0.300296 0.238844
vt 0.292503 0.271734
vt 0.313378 0.269710
vt 0.316258 0.234402
vt 0.306796 0.215403
vt 0.328084 0.214031
vt 0.299748 0.202515
vt 0.307858 0.193854
vt 0.317593 0.186076
vt 0.445875 0.786041
vt 0.439874 0.801822
vt 0.450412 0.801929
vt 0.450248 0.768098
vt 0.461803 0.803538
vt 0.467020 0.780474
vt 0.461176 0.762805
vt 0.472340 0.757147
vt 0.453220 0.749098
vt 0.464758 0.741119
vt 0.477511 0.732644
vt 0.455180 0.730136
vt 0.467443 0.719386
vt 0.481523 0.692282
vt 0.256450 0.144924
vt 0.266232 0.152260
vt 0.268744 0.134395
vt 0.258265 0.124335
vt 0.468875 0.700991
vt 0.248396 0.141967
vt 0.251409 0.119299
vt 0.470078 0.688528
vt 0.492044 0.678532
vt 0.243940 0.670574
vt 0.241404 0.655102
vt 0.255721 0.646437
vt 0.256316 0.697476
vt 0.260737 0.680248
vt 0.261842 0.538423
vt 0.261980 0.451716
vt 0.260685 0.424807
vt 0.271952 0.413463
vt 0.281429 0.414786
vt 0.264554 0.388684
vt 0.273084 0.402729
vt 0.282376 0.404924
vt 0.275318 0.387930
vt 0.399948 0.821128
vt 0.387714 0.827403
vt 0.389321 0.837307
vt 0.402571 0.831716
vt 0.415598 0.811706
vt 0.278378 0.369282
vt 0.416729 0.822348
vt 0.435516 0.548160
vt 0.442581 0.543007
vt 0.442581 0.528515
vt 0.433901 0.535026
vt 0.269964 0.344747
vt 0.280066 0.360377
vt 0.281958 0.350280
vt 0.289379 0.363016
vt 0.290759 0.356768
vt 0.283684 0.340106
vt 0.273824 0.333608
vt 0.284196 0.333343
vt 0.442247 0.559009
vt 0.435758 0.559090
vt 0.447756 0.558417
vt 0.449752 0.548307
vt 0.444938 0.548208
vt 0.274357 0.328411
vt 0.284133 0.328239
vt 0.452777 0.557991
vt 0.283225 0.294521
vt 0.284883 0.271717
vt 0.292310 0.271757
vt 0.292113 0.234223
vt 0.281647 0.225560
vt 0.287172 0.201077
vt 0.294335 0.187969
vt 0.266735 0.198397
vt 0.280759 0.189444
vt 0.438259 0.773640
vt 0.433905 0.789086
vt 0.266205 0.174048
vt 0.286453 0.174571
vt 0.276648 0.162498
vt 0.259074 0.192325
vt 0.251077 0.190873
vt 0.254313 0.167762
vt 0.497601 0.593654
vt 0.506169 0.591529
vt 0.506516 0.567350
vt 0.497829 0.566873
vt 0.506290 0.543384
vt 0.498384 0.538709
vt 0.513330 0.620409
vt 0.514390 0.594737
vt 0.504700 0.647251
vt 0.511680 0.650759
vt 0.497455 0.644954
vt 0.498929 0.689451
vt 0.517463 0.686217
vt 0.511680 0.650758
vt 0.518229 0.655684
vt 0.242748 0.305912
vt 0.255710 0.287044
vt 0.247592 0.275545
vt 0.259372 0.254436
vt 0.252606 0.249394
vt 0.246207 0.245953
vt 0.259443 0.222238
vt 0.252628 0.216795
vt 0.259164 0.254254
vt 0.464333 0.540761
vt 0.453993 0.532752
vt 0.452777 0.551503
vt 0.464333 0.560319
vt 0.271781 0.265131
vt 0.278223 0.269454
vt 0.266503 0.296401
vt 0.271889 0.265223
vt 0.246069 0.363826
vt 0.245383 0.327120
vt 0.498588 0.770327
vt 0.515264 0.754380
vt 0.259758 0.342660
vt 0.234111 0.361585
vt 0.248637 0.383168
vt 0.236814 0.384768
vt 0.231400 0.382605
vt 0.511812 0.794753
vt 0.518073 0.795817
vt 0.518167 0.779897
vt 0.498017 0.803046
vt 0.504903 0.802661
vt 0.209112 0.405402
vt 0.217358 0.391718
vt 0.210260 0.393422
vt 0.224145 0.391284
vt 0.511480 0.803538
vt 0.235306 0.410627
vt 0.224925 0.382796
vt 0.244247 0.425499
vt 0.231470 0.456959
vt 0.209162 0.425926
vt 0.211861 0.478521
vt 0.230303 0.545570
vt 0.221988 0.578068
vt 0.240372 0.535679
vt 0.250433 0.505157
vt 0.248416 0.577733
vt 0.233363 0.582137
vt 0.234044 0.652275
vt 0.447058 0.803861
vt 0.438130 0.807402
vt 0.442872 0.830817
vt 0.447058 0.828528
vt 0.479797 0.998957
vt 0.478686 0.982639
vt 0.477210 0.962372
vt 0.475203 0.964538
vt 0.475877 0.936648
vt 0.475066 0.936550
vt 0.476912 0.936376
vt 0.479797 0.907653
vt 0.478442 0.906824
vt 0.060530 0.963108
vt 0.076601 0.937069
vt 0.077299 0.938419
vt 0.092928 0.914844
vt 0.106370 0.887554
vt 0.092909 0.908917
vt 0.107168 0.889445
vt 0.106950 0.881935
vt 0.092554 0.902211
vt 0.119056 0.848348
vt 0.089399 0.866402
vt 0.111192 0.820143
vt 0.074412 0.819354
vt 0.096059 0.806780
vt 0.089864 0.786570
vt 0.071867 0.784315
vt 0.087322 0.766350
vt 0.080519 0.751142
vt 0.084300 0.727806
vt 0.064025 0.713329
vt 0.082530 0.709568
vt 0.045137 0.747705
vt 0.042290 0.723067
vt 0.020168 0.762175
vt 0.032510 0.725592
vt 0.023766 0.726518
vt 0.450458 0.598279
vt 0.447964 0.596813
vt 0.445177 0.597930
vt 0.197567 0.894833
vt 0.198444 0.900468
vt 0.220318 0.885109
vt 0.215955 0.882493
vt 0.224124 0.891832
vt 0.229203 0.868689
vt 0.242586 0.859151
vt 0.242851 0.878023
vt 0.255510 0.826927
vt 0.254857 0.845758
vt 0.265155 0.791941
vt 0.266557 0.813322
vt 0.273398 0.778484
vt 0.288997 0.667319
vt 0.297898 0.564972
vt 0.303820 0.511704
vt 0.310473 0.468166
vt 0.323292 0.448435
vt 0.319876 0.410093
vt 0.328793 0.410987
vt 0.341704 0.443241
vt 0.342122 0.412039
vt 0.357616 0.413243
vt 0.350742 0.452878
vt 0.354622 0.433641
vt 0.183446 0.582201
vt 0.187219 0.561297
vt 0.179604 0.557469
vt 0.168750 0.582560
vt 0.167735 0.555436
vt 0.189768 0.541626
vt 0.163444 0.582958
vt 0.155644 0.548984
vt 0.160083 0.583522
vt 0.142574 0.578625
vt 0.126014 0.548273
vt 0.125798 0.586972
vt 0.160051 0.584468
vt 0.146449 0.590412
vt 0.143473 0.600861
vt 0.131846 0.611818
vt 0.127690 0.617868
vt 0.146013 0.617754
vt 0.146176 0.618260
vt 0.139697 0.631758
vt 0.130215 0.648077
vt 0.146726 0.652479
vt 0.110625 0.653924
vt 0.145502 0.652773
vt 0.119761 0.665900
vt 0.145765 0.654021
vt 0.132409 0.676714
vt 0.127746 0.704664
vt 0.119257 0.702812
vt 0.110408 0.702798
vt 0.103595 0.726714
vt 0.118206 0.741024
vt 0.102250 0.756346
vt 0.100418 0.704916
vt 0.081957 0.709704
vt 0.085051 0.691023
vt 0.092978 0.652709
vt 0.064017 0.713384
vt 0.064670 0.693658
vt 0.042444 0.723000
vt 0.037772 0.698800
vt 0.058688 0.655906
vt 0.027355 0.695368
vt 0.044561 0.644634
vt 0.036212 0.639816
vt 0.054567 0.610924
vt 0.044269 0.600706
vt 0.054892 0.587896
vt 0.064479 0.587315
vt 0.046372 0.584197
vt 0.252659 0.902215
vt 0.254078 0.915849
vt 0.266695 0.908580
vt 0.274580 0.921903
vt 0.279304 0.917675
vt 0.268834 0.890673
vt 0.285140 0.902513
vt 0.260338 0.855175
vt 0.273324 0.862986
vt 0.279854 0.862930
vt 0.278640 0.820357
vt 0.280505 0.781939
vt 0.279163 0.746463
vt 0.284725 0.744938
vt 0.283240 0.711105
vt 0.290469 0.710005
vt 0.296875 0.678233
vt 0.308207 0.621234
vt 0.312023 0.547749
vt 0.333657 0.498784
vt 0.318387 0.592809
vt 0.329694 0.546177
vt 0.325731 0.480333
vt 0.341437 0.496246
vt 0.191879 0.511984
vt 0.181740 0.507417
vt 0.192811 0.482833
vt 0.184793 0.463227
vt 0.167172 0.472338
vt 0.151164 0.464341
vt 0.132336 0.495166
vt 0.113430 0.536266
vt 0.123808 0.480914
vt 0.100907 0.536279
vt 0.112027 0.484861
vt 0.101980 0.489344
vt 0.087670 0.544608
vt 0.071001 0.513826
vt 0.079014 0.488396
vt 0.053757 0.522245
vt 0.054710 0.474571
vt 0.051279 0.496613
vt 0.059623 0.544578
vt 0.042160 0.532442
vt 0.062979 0.562966
vt 0.080543 0.564474
vt 0.093738 0.567854
vt 0.111630 0.575651
vt 0.093839 0.601806
vt 0.077053 0.581104
vt 0.053626 0.567067
vt 0.045006 0.565618
vt 0.035650 0.535371
vt 0.470693 0.926690
vt 0.463304 0.899342
vt 0.462730 0.925576
vt 0.470085 0.843039
vt 0.465391 0.867719
vt 0.301419 0.934503
vt 0.327736 0.952192
vt 0.350053 0.967786
vt 0.305252 0.929332
vt 0.308589 0.919624
vt 0.291831 0.890396
vt 0.335604 0.933285
vt 0.307095 0.902856
vt 0.185545 0.101234
vt 0.173566 0.073206
vt 0.172317 0.090066
vt 0.282121 0.850607
vt 0.186532 0.140203
vt 0.181570 0.166451
vt 0.189191 0.170182
vt 0.192810 0.127213
vt 0.186234 0.210597
vt 0.181331 0.210572
vt 0.184446 0.249746
vt 0.176689 0.249261
vt 0.185292 0.282618
vt 0.172509 0.295342
vt 0.186790 0.313656
vt 0.183321 0.317801
vt 0.301528 0.674601
vt 0.311933 0.637469
vt 0.323316 0.593681
vt 0.192507 0.447616
vt 0.191011 0.399850
vt 0.185950 0.399614
vt 0.183823 0.358311
vt 0.171874 0.398207
vt 0.167332 0.445840
vt 0.153117 0.362736
vt 0.146295 0.422832
vt 0.134218 0.452749
vt 0.128759 0.412074
vt 0.134213 0.381476
vt 0.114567 0.438806
vt 0.104420 0.402948
vt 0.123959 0.367019
vt 0.121154 0.370518
vt 0.117961 0.373628
vt 0.100758 0.451192
vt 0.114378 0.376267
vt 0.091789 0.424728
vt 0.110286 0.378296
vt 0.105437 0.379461
vt 0.087646 0.400839
vt 0.099555 0.379607
vt 0.075506 0.413664
vt 0.077805 0.422909
vt 0.426841 0.606495
vt 0.416358 0.587859
vt 0.417641 0.603536
vt 0.405583 0.581836
vt 0.404427 0.598139
vt 0.077959 0.436527
vt 0.061246 0.438028
vt 0.058154 0.454377
vt 0.085261 0.459952
vt 0.389933 0.576241
vt 0.383742 0.556053
vt 0.370395 0.571664
vt 0.415436 0.546131
vt 0.419078 0.516512
vt 0.038868 0.463750
vt 0.036513 0.480208
vt 0.402271 0.526020
vt 0.367634 0.554178
vt 0.012575 0.449120
vt 0.034343 0.495251
vt 0.027087 0.509673
vt 0.005230 0.446243
vt 0.007902 0.458213
vt 0.426845 0.520949
vt 0.426217 0.518518
vt 0.422533 0.517332
vt 0.415197 0.516458
vt 0.004894 0.438149
vt 0.001372 0.435208
vt 0.005272 0.434224
vt 0.002796 0.428276
vt 0.000250 0.430381
vt 0.002742 0.428191
vt 0.005988 0.430648
vt 0.425398 0.514406
vt 0.432424 0.576146
vt 0.432419 0.576147
vt 0.432261 0.580921
vt 0.433007 0.582992
vt 0.127253 0.361161
vt 0.141352 0.337634
vt 0.129568 0.354989
vt 0.163377 0.337556
vt 0.148651 0.306377
vt 0.130407 0.350785
vt 0.130533 0.346631
vt 0.129615 0.342677
vt 0.134768 0.303634
vt 0.126802 0.339347
vt 0.120699 0.337690
vt 0.466884 0.842777
vt 0.346515 0.970958
vt 0.366013 0.998963
vt 0.348184 0.969831
vt 0.365115 0.985674
vt 0.355226 0.959477
vt 0.130624 0.038863
vt 0.121368 0.013798
vt 0.118931 0.024672
vt 0.126021 0.050875
vt 0.148739 0.062759
vt 0.148569 0.072821
vt 0.170963 0.112906
vt 0.166262 0.135979
vt 0.174286 0.157688
vt 0.163137 0.206305
vt 0.174738 0.194488
vt 0.165125 0.221583
vt 0.165007 0.277163
vt 0.173448 0.314972
vt 0.159892 0.272054
vt 0.150263 0.262752
vt 0.148577 0.237640
vt 0.158750 0.237335
vt 0.134953 0.215913
vt 0.130956 0.214394
vt 0.143632 0.268769
vt 0.367514 0.999495
vt 0.367634 0.997850
vt 0.117453 0.000158
vt 0.117334 0.006284
vt 0.116732 0.004986
vt 0.117736 0.022302
vt 0.123069 0.052281
vt 0.146021 0.090639
vt 0.141255 0.089974
vt 0.158893 0.140491
vt 0.157900 0.200234
vt 0.154325 0.201572
vt 0.081292 0.620086
vt 0.252407 0.881930
vt 0.223899 0.900177
vt 0.219214 0.907406
vt 0.213200 0.902127
vt 0.432261 0.606553
vt 0.432261 0.594893
vt 0.427879 0.589699
vt 0.426849 0.604822
vt 0.203426 0.903412
vt 0.431966 0.576856
vt 0.195919 0.903433
vt 0.431938 0.576062
vt 0.192811 0.900570
vt 0.431343 0.572578
vt 0.428338 0.572634
vt 0.458175 0.804866
vt 0.455439 0.803932
vt 0.455644 0.810180
vt 0.458175 0.810629
vt 0.194602 0.895323
vt 0.113071 0.776944
vt 0.150520 0.714618
vt 0.135987 0.707970
vt 0.150264 0.714503
vt 0.152119 0.668618
vt 0.135976 0.708000
vt 0.165618 0.659149
vt 0.145926 0.653800
vt 0.150050 0.654338
vt 0.464353 0.619669
vt 0.464971 0.620720
vt 0.465249 0.613463
vt 0.463892 0.613303
vt 0.465249 0.605270
vt 0.463222 0.606033
vt 0.456975 0.621180
vt 0.454980 0.620913
vt 0.451142 0.629389
vt 0.454950 0.629430
vt 0.457700 0.612851
vt 0.454337 0.621088
vt 0.450460 0.638423
vt 0.454387 0.638309
vt 0.451604 0.647663
vt 0.455200 0.647287
vt 0.456535 0.665076
vt 0.456773 0.655746
vt 0.459474 0.666248
vt 0.453847 0.656736
vt 0.459847 0.674082
vt 0.461164 0.675199
vt 0.462231 0.676955
vt 0.323066 0.323663
vt 0.319690 0.320822
vt 0.461019 0.676297
vt 0.463222 0.678253
vt 0.323107 0.323747
vt 0.327667 0.323610
vt 0.329437 0.305455
vt 0.329303 0.270245
vt 0.329233 0.270253
vt 0.337558 0.223012
vt 0.329176 0.193472
vt 0.328767 0.177200
vt 0.338709 0.175206
vt 0.331150 0.166455
vt 0.315779 0.140627
vt 0.310885 0.155499
vt 0.306939 0.166849
vt 0.476493 0.775308
vt 0.488773 0.768200
vt 0.487927 0.748161
vt 0.489348 0.723541
vt 0.491330 0.689688
vt 0.495454 0.678789
vt 0.495514 0.703612
vt 0.496174 0.684529
vt 0.496266 0.721225
vt 0.494251 0.743997
vt 0.497444 0.741680
vt 0.492835 0.765599
vt 0.484841 0.785720
vt 0.487612 0.783878
vt 0.493296 0.778519
vt 0.497045 0.761370
vt 0.490277 0.792591
vt 0.493704 0.788948
vt 0.494206 0.798698
vt 0.497444 0.795208
vt 0.339355 0.159210
vt 0.332369 0.155174
vt 0.331990 0.158194
vt 0.488036 0.794699
vt 0.324737 0.150210
vt 0.323810 0.153713
vt 0.349118 0.183869
vt 0.351975 0.165273
vt 0.347756 0.211989
vt 0.348198 0.248769
vt 0.360068 0.240250
vt 0.360031 0.221724
vt 0.360524 0.203888
vt 0.152322 0.777027
vt 0.155934 0.758141
vt 0.144709 0.774238
vt 0.149508 0.795175
vt 0.361224 0.188216
vt 0.129791 0.833233
vt 0.143813 0.824350
vt 0.361569 0.175447
vt 0.361730 0.165414
vt 0.141459 0.834497
vt 0.138459 0.850346
vt 0.139844 0.842782
vt 0.361784 0.157293
vt 0.361603 0.149862
vt 0.128173 0.861362
vt 0.127041 0.868243
vt 0.136687 0.858321
vt 0.361059 0.142037
vt 0.354220 0.150167
vt 0.346780 0.154350
vt 0.339623 0.154621
vt 0.117798 0.872972
vt 0.117377 0.878276
vt 0.118179 0.866257
vt 0.132726 0.780094
vt 0.165932 0.719829
vt 0.165936 0.719830
vt 0.168734 0.683578
vt 0.164656 0.667201
vt 0.171930 0.671184
vt 0.173727 0.664860
vt 0.174201 0.662295
vt 0.149599 0.654381
vt 0.360286 0.328448
vt 0.353761 0.328252
vt 0.367555 0.334576
vt 0.367634 0.332062
vt 0.178453 0.673182
vt 0.180236 0.667620
vt 0.348790 0.312200
vt 0.360138 0.323048
vt 0.360171 0.311672
vt 0.367544 0.325905
vt 0.367427 0.313809
vt 0.349049 0.274983
vt 0.360124 0.277602
vt 0.175343 0.684853
vt 0.350290 0.274503
vt 0.360040 0.259086
vt 0.160459 0.738863
vt 0.342771 0.325401
vt 0.153746 0.654710
vt 0.155467 0.640291
vt 0.150792 0.618088
vt 0.474638 0.927343
vt 0.472678 0.932716
vt 0.472777 0.933960
vt 0.474418 0.927309
vt 0.465776 0.949620
vt 0.466651 0.948431
vt 0.465335 0.621624
vt 0.464701 0.620628
vt 0.463222 0.637831
vt 0.464772 0.637250
vt 0.463673 0.646811
vt 0.465327 0.645708
vt 0.462955 0.959293
vt 0.463673 0.959035
vt 0.462727 0.968732
vt 0.465336 0.958554
vt 0.465443 0.967923
vt 0.464669 0.978015
vt 0.467100 0.976919
vt 0.468519 0.986334
vt 0.469658 0.985057
vt 0.472375 0.993850
vt 0.474941 0.997297
vt 0.467990 0.986760
vt 0.331710 0.366557
vt 0.339909 0.366997
vt 0.321409 0.364872
vt 0.325309 0.365970
vt 0.475066 1.000000
vt 0.327394 0.366529
vt 0.433839 0.596994
vt 0.432218 0.600258
vt 0.432713 0.603186
vt 0.433839 0.606553
vt 0.327324 0.355259
vt 0.321837 0.324907
vt 0.340163 0.326578
vt 0.346372 0.341023
vt 0.355810 0.330204
vt 0.358134 0.344440
vt 0.356835 0.370313
vt 0.365358 0.348637
vt 0.365975 0.334771
vt 0.171732 0.662218
vt 0.174360 0.648088
vt 0.166441 0.643255
vt 0.169731 0.620012
vt 0.178966 0.622372
vt 0.160028 0.618746
vt 0.348721 0.367870
vt 0.181295 0.651399
vt 0.186838 0.624957
vt 0.340001 0.366512
vt 0.152666 0.617184
vt 0.149788 0.589529
vt 0.160042 0.617541
vt 0.432906 0.582992
vt 0.432261 0.586662
vt 0.432877 0.596739
vt 0.159987 0.584462
vt 0.154983 0.586805
vt 0.172220 0.587037
vt 0.175434 0.585570
vt 0.174595 0.586320
vt 0.432261 0.536186
vt 0.432041 0.534752
vt 0.429025 0.543838
vt 0.429998 0.544482
vt 0.427894 0.553592
vt 0.429214 0.553749
vt 0.428850 0.563338
vt 0.430145 0.563082
vt 0.431368 0.572578
vt 0.432261 0.571764
vt 0.334121 0.408437
vt 0.334067 0.407260
vt 0.320299 0.408219
vt 0.314929 0.404059
vt 0.313774 0.394031
vt 0.319348 0.404018
vt 0.319399 0.392298
vt 0.332676 0.369370
vt 0.334538 0.404770
vt 0.344216 0.370424
vt 0.343709 0.405520
vt 0.355517 0.372416
vt 0.351683 0.408641
vt 0.185079 0.622921
vt 0.191207 0.586021
vt 0.183315 0.586189
vt 0.177424 0.620790
vt 0.168721 0.618670
vt 0.343125 0.407846
vt 0.466877 0.646811
vt 0.463222 0.648401
vt 0.465462 0.678216
vt 0.466356 0.668390
vt 0.134000 0.205314
vt 0.137797 0.207131
vt 0.466877 0.677838
vt 0.250323 0.763462
vt 0.250894 0.755619
vt 0.246423 0.758568
vt 0.247290 0.774601
vt 0.244428 0.765220
vt 0.450458 0.602798
vt 0.454675 0.606172
vt 0.454675 0.597572
vt 0.453268 0.598078
vt 0.449710 0.830817
vt 0.447272 0.821652
vt 0.447058 0.815263
vt 0.449710 0.806515
vt 0.241406 0.693640
vt 0.215714 0.660224
vt 0.477389 0.818413
vt 0.477451 0.803566
vt 0.463878 0.825826
vt 0.477451 0.842777
vt 0.463871 0.825840
vt 0.462729 0.832396
vt 0.451224 0.839803
vt 0.446361 0.830843
vt 0.450726 0.834716
vt 0.449910 0.831158
vt 0.451298 0.808394
vt 0.451885 0.810629
vt 0.455440 0.810459
vt 0.454920 0.808161
vt 0.451769 0.805586
vt 0.455440 0.805172
vt 0.459030 0.990863
vt 0.457744 1.000000
vt 0.461392 0.999227
vt 0.462292 0.989716
vt 0.425396 0.999651
vt 0.414038 0.968762
vt 0.419614 0.991839
vt 0.422701 0.996914
vt 0.423793 0.606554
vt 0.432105 0.648334
vt 0.433013 0.623279
vt 0.446601 0.863895
vt 0.433512 0.650899
vt 0.433905 0.628342
vt 0.426856 0.797735
vt 0.433905 0.803538
vt 0.432806 0.738996
vt 0.433074 0.686053
vt 0.430893 0.683691
vt 0.462729 0.926175
vt 0.460161 0.923290
vt 0.462533 0.959654
vt 0.404656 0.727874
vt 0.398186 0.866341
vt 0.409977 0.860921
vt 0.408261 0.914320
vt 0.417020 0.915490
vt 0.416305 0.790840
vt 0.424177 0.753381
vt 0.377520 0.769439
vt 0.383774 0.771928
vt 0.385094 0.736867
vt 0.379790 0.840073
vt 0.367634 0.842237
vt 0.378521 0.872793
vt 0.394943 0.916252
vt 0.399442 0.913615
vt 0.411577 0.966717
vt 0.438241 0.803436
vt 0.420695 0.854828
vt 0.439504 0.840743
vt 0.421392 0.794745
vt 0.437588 0.913017
vt 0.438130 0.998348
vt 0.451298 1.000000
vt 0.449266 0.966203
vt 0.440920 0.966033
vt 0.444104 0.931933
vt 0.450993 0.897316
vt 0.447046 0.897642
vt 0.462729 0.810629
vt 0.451298 0.811759
vt 0.454234 0.850489
vt 0.460614 0.848522
vt 0.459988 0.886306
vt 0.367634 0.766739
vt 0.378168 0.734670
vt 0.398496 0.671545
vt 0.038748 0.968612
vt 0.031436 0.984249
vt 0.022380 0.944358
vt 0.043732 0.823116
vt 0.026185 0.844895
vt 0.051542 0.775218
vt 0.029152 0.792627
vt 0.433911 0.639844
vt 0.251455 0.790780
vt 0.266485 0.690706
vt 0.271343 0.689868
vt 0.275670 0.611924
vt 0.278405 0.695075
vt 0.269358 0.568382
vt 0.286891 0.578006
vt 0.274407 0.537752
vt 0.274732 0.451848
vt 0.293459 0.462843
vt 0.420201 0.635657
vt 0.428773 0.613096
vt 0.424126 0.652537
vt 0.418413 0.609938
vt 0.411628 0.644252
vt 0.457739 0.939985
vt 0.435717 0.947240
vt 0.448567 0.840186
vt 0.438132 0.978342
vt 0.319948 0.363092
vt 0.317689 0.336912
vt 0.449134 0.582141
vt 0.320900 0.323967
vt 0.289473 0.314597
vt 0.316418 0.303458
vt 0.308466 0.270812
vt 0.300296 0.238844
vt 0.316258 0.234402
vt 0.306796 0.215403
vt 0.328084 0.214031
vt 0.450248 0.768098
vt 0.481523 0.692282
vt 0.261980 0.451716
vt 0.264554 0.388684
vt 0.269964 0.344747
vt 0.274357 0.328411
vt 0.283225 0.294521
vt 0.281647 0.225560
vt 0.504700 0.647291
vt 0.517463 0.686217
vt 0.242748 0.305911
vt 0.266503 0.296401
vt 0.246069 0.363826
vt 0.245383 0.327120
vt 0.509436 0.766596
vt 0.517752 0.741415
vt 0.259758 0.342660
vt 0.234111 0.361586
vt 0.518167 0.779898
vt 0.248637 0.383168
vt 0.236814 0.384768
vt 0.235306 0.410627
vt 0.244247 0.425499
vt 0.231470 0.456959
vt 0.230303 0.545570
vt 0.240372 0.535679
vt 0.250433 0.505157
vt 0.248416 0.577733
vt 0.233363 0.582137
vt 0.106950 0.881935
vt 0.092554 0.902211
vt 0.119056 0.848348
vt 0.111192 0.820143
vt 0.074412 0.819353
vt 0.080519 0.751142
vt 0.084300 0.727806
vt 0.082530 0.709568
vt 0.036597 0.752998
vt 0.042290 0.723067
vt 0.447964 0.596813
vt 0.197567 0.894833
vt 0.220318 0.885109
vt 0.288997 0.667319
vt 0.303820 0.511704
vt 0.323292 0.448435
vt 0.179604 0.557469
vt 0.167735 0.555436
vt 0.155644 0.548984
vt 0.142574 0.578625
vt 0.125798 0.586972
vt 0.126014 0.548273
vt 0.131846 0.611818
vt 0.127690 0.617868
vt 0.146176 0.618260
vt 0.139697 0.631759
vt 0.130215 0.648077
vt 0.110625 0.653924
vt 0.119761 0.665900
vt 0.145765 0.654021
vt 0.132409 0.676714
vt 0.103595 0.726714
vt 0.102250 0.756346
vt 0.085051 0.691023
vt 0.092979 0.652708
vt 0.042444 0.723000
vt 0.037772 0.698800
vt 0.058688 0.655906
vt 0.044561 0.644634
vt 0.054567 0.610924
vt 0.064479 0.587315
vt 0.252659 0.902215
vt 0.268834 0.890673
vt 0.279163 0.746463
vt 0.283240 0.711105
vt 0.308207 0.621234
vt 0.312023 0.547749
vt 0.329694 0.546177
vt 0.325731 0.480333
vt 0.341437 0.496246
vt 0.181740 0.507417
vt 0.184793 0.463227
vt 0.167172 0.472338
vt 0.151163 0.464341
vt 0.132336 0.495166
vt 0.113430 0.536266
vt 0.100907 0.536279
vt 0.112027 0.484861
vt 0.101980 0.489344
vt 0.087670 0.544608
vt 0.071001 0.513826
vt 0.079014 0.488396
vt 0.053757 0.522245
vt 0.059623 0.544578
vt 0.042160 0.532442
vt 0.062979 0.562966
vt 0.080543 0.564474
vt 0.093738 0.567854
vt 0.111630 0.575651
vt 0.093839 0.601806
vt 0.077053 0.581104
vt 0.053626 0.567067
vt 0.463262 0.899340
vt 0.350053 0.967786
vt 0.181570 0.166451
vt 0.181331 0.210572
vt 0.184446 0.249746
vt 0.176689 0.249261
vt 0.172509 0.295342
vt 0.311933 0.637469
vt 0.171874 0.398207
vt 0.183823 0.358311
vt 0.167332 0.445840
vt 0.153117 0.362736
vt 0.146295 0.422832
vt 0.134218 0.452749
vt 0.134213 0.381476
vt 0.114567 0.438806
vt 0.104420 0.402948
vt 0.100758 0.451192
vt 0.091789 0.424728
vt 0.085261 0.459952
vt 0.415436 0.546131
vt 0.402271 0.526020
vt 0.034343 0.495251
vt 0.005230 0.446243
vt 0.001372 0.434947
vt 0.127253 0.361161
vt 0.141352 0.337634
vt 0.163377 0.337556
vt 0.148651 0.306377
vt 0.139053 0.304815
vt 0.366046 0.998065
vt 0.126536 0.050555
vt 0.165125 0.221583
vt 0.081292 0.620087
vt 0.432247 0.591229
vt 0.113071 0.776944
vt 0.150520 0.714618
vt 0.135976 0.708000
vt 0.152119 0.668618
vt 0.327667 0.323610
vt 0.329233 0.270253
vt 0.337558 0.223012
vt 0.328766 0.177200
vt 0.338709 0.175206
vt 0.331150 0.166455
vt 0.489348 0.723541
vt 0.491330 0.689688
vt 0.496174 0.684529
vt 0.492835 0.765599
vt 0.349118 0.183869
vt 0.351975 0.165273
vt 0.347756 0.211989
vt 0.348198 0.248769
vt 0.129791 0.833233
vt 0.346780 0.154350
vt 0.118179 0.866257
vt 0.132726 0.780094
vt 0.164656 0.667201
vt 0.353761 0.328252
vt 0.348790 0.312200
vt 0.349049 0.274983
vt 0.342771 0.325401
vt 0.155467 0.640291
vt 0.150792 0.618088
vt 0.327324 0.355260
vt 0.346372 0.341023
vt 0.356835 0.370313
vt 0.166441 0.643255
vt 0.169731 0.620012
vt 0.178966 0.622372
vt 0.181295 0.651399
vt 0.186838 0.624957
vt 0.340001 0.366512
vt 0.149788 0.589529
vt 0.172220 0.587037
vt 0.320299 0.408219
vt 0.319348 0.404018
vt 0.334538 0.404770
vt 0.343709 0.405520
vt 0.183315 0.586189
vt 0.137809 0.207153
vt 0.246423 0.758568
vt 0.461392 0.999227
vt 0.432806 0.738996
vt 0.409977 0.860921
vt 0.398186 0.866341
vt 0.417021 0.915490
vt 0.424177 0.753381
vt 0.399442 0.913615
vt 0.394943 0.916252
vt 0.420695 0.854828
vt 0.439504 0.840743
vt 0.437588 0.913018
vt 0.449266 0.966203
vt 0.454234 0.850489
vt 0.398496 0.671545
vt 0.804908 0.066261
vt 0.804705 0.056398
vt 0.804346 0.056768
vt 0.804622 0.066697
vt 0.804908 0.044236
vt 0.804474 0.044538
vt 0.932526 0.377508
vt 0.932575 0.373389
vt 0.932358 0.373300
vt 0.932308 0.377419
vt 0.664514 0.054518
vt 0.664079 0.044759
vt 0.663756 0.044393
vt 0.664122 0.054231
vt 0.664514 0.037513
vt 0.664257 0.037072
vt 0.932575 0.381471
vt 0.932358 0.381381
vt 0.961332 0.162702
vt 0.961390 0.165646
vt 0.961605 0.165741
vt 0.961546 0.162711
vt 0.961390 0.159666
vt 0.961605 0.159586
vt 0.248372 0.750812
vt 0.141744 0.203123
vt 0.452777 0.580005
vt 0.471346 0.596830
vt 0.471346 0.560319
vt 0.459198 0.593050
vt 0.454197 0.589468
vt 0.244951 0.759030
s 1
usemtl OrangeSkin
f 14/1/1 298/2/2 17/3/3
f 876/4/4 878/5/5 880/6/6
f 906/7/7 904/8/8 913/9/9
f 14/1/1 997/3/10 298/2/2
f 1765/4/11 1769/6/12 1767/5/13
f 1777/10/14 1779/9/15 902/8/16
f 1/11/17 2/12/18 5/13/19
f 1/11/17 5/13/19 4/14/20
f 3/15/21 1/11/17 4/14/20
f 3/15/21 4/14/20 6/16/22
f 6/16/22 4/14/20 7/17/23
f 3/15/21 6/16/22 10/18/24
f 6/16/22 7/17/23 8/19/25
f 6/16/22 8/19/25 31/20/26
f 6/16/22 31/20/26 9/21/27
f 10/18/24 6/16/22 9/21/27
f 10/18/24 9/21/27 11/22/28
f 12/23/29 13/24/1 16/25/30
f 12/23/29 16/25/30 15/26/31
f 2/12/18 12/23/29 15/26/31
f 2/12/18 15/26/31 5/13/19
f 15/26/31 16/25/30 19/27/32
f 15/26/31 19/27/32 18/28/33
f 5/13/19 15/26/31 18/28/33
f 18/28/33 19/27/32 22/29/34
f 18/28/33 22/29/34 21/30/35
f 5/13/19 18/28/33 21/30/35
f 5/13/19 21/30/35 25/31/36
f 21/30/35 22/29/34 309/32/37
f 21/30/35 309/32/37 24/33/38
f 25/31/36 21/30/35 24/33/38
f 25/31/36 24/33/38 26/34/39
f 4/14/20 5/13/19 25/31/36
f 7/17/23 4/14/20 25/31/36
f 7/17/23 25/31/36 27/35/40
f 27/35/40 25/31/36 26/34/39
f 27/35/40 26/34/39 28/36/41
f 7/17/23 27/35/40 29/37/42
f 7/17/23 29/37/42 8/19/25
f 27/35/40 28/36/41 29/37/42
f 29/37/42 28/36/41 32/38/43
f 29/37/42 32/38/43 30/39/44
f 8/19/25 29/37/42 30/39/44
f 8/19/25 30/39/44 31/20/26
f 31/20/26 30/39/44 35/40/45
f 30/39/44 32/38/43 33/41/46
f 30/39/44 33/41/46 34/42/47
f 35/40/45 30/39/44 34/42/47
f 35/40/45 34/42/47 36/43/48
f 9/21/27 31/20/26 35/40/45
f 11/22/28 9/21/27 35/40/45
f 11/22/28 35/40/45 37/44/49
f 37/44/49 35/40/45 36/43/48
f 40/45/50 38/46/51 41/47/52
f 40/45/50 41/47/52 45/48/53
f 38/46/51 42/49/54 41/47/52
f 45/48/53 41/47/52 47/50/55
f 48/51/56 44/52/57 46/53/58
f 48/51/56 50/54/59 39/55/60
f 48/51/56 39/55/60 44/52/57
f 52/56/61 49/57/62 48/51/56
f 52/56/61 48/51/56 51/58/63
f 51/58/63 48/51/56 46/53/58
f 51/58/63 46/53/58 53/59/64
f 52/56/61 51/58/63 54/60/65
f 54/60/65 51/58/63 53/59/64
f 54/60/65 53/59/64 55/61/66
f 57/62/67 52/56/61 54/60/65
f 57/62/67 54/60/65 56/63/68
f 56/63/68 54/60/65 55/61/66
f 56/63/68 55/61/66 58/64/69
f 57/62/67 56/63/68 59/65/70
f 59/65/70 56/63/68 58/64/69
f 59/65/70 58/64/69 60/66/71
f 61/67/72 57/62/67 59/65/70
f 61/67/72 59/65/70 62/68/73
f 64/69/74 61/67/72 63/70/75
f 66/71/76 64/69/74 63/70/75
f 66/71/76 63/70/75 65/72/77
f 68/73/78 66/71/76 65/72/77
f 68/73/78 65/72/77 67/74/79
f 69/75/80 68/73/78 67/74/79
f 69/75/80 67/74/79 70/76/81
f 75/77/82 69/75/80 71/78/83
f 71/78/83 69/75/80 70/76/81
f 71/78/83 70/76/81 74/79/84
f 78/80/85 71/78/83 74/79/84
f 78/80/85 74/79/84 82/81/86
f 982/82/87 955/83/88 938/84/89
f 982/82/87 938/84/89 932/85/90
f 914/86/91 957/87/92 917/88/93
f 83/89/94 78/80/85 82/81/86
f 975/90/95 950/91/96 947/92/97
f 975/90/95 947/92/97 943/93/98
f 87/94/99 83/89/94 82/81/86
f 87/94/99 82/81/86 90/95/100
f 954/96/101 930/97/102 935/98/103
f 88/99/104 91/100/105 93/101/106
f 95/102/107 88/99/104 93/101/106
f 95/102/107 93/101/106 97/103/108
f 966/104/109 964/105/110 915/106/111
f 966/104/109 915/106/111 916/107/112
f 98/108/113 94/109/114 96/110/115
f 98/108/113 96/110/115 100/111/116
f 103/112/117 98/108/113 100/111/116
f 103/112/117 100/111/116 105/113/118
f 946/114/119 954/96/101 944/115/120
f 103/112/117 105/113/118 107/116/121
f 111/117/122 103/112/117 107/116/121
f 111/117/122 107/116/121 114/118/123
f 957/87/92 982/82/87 923/119/124
f 957/87/92 923/119/124 917/88/93
f 954/96/101 935/98/103 941/120/125
f 116/121/126 111/117/122 114/118/123
f 121/122/127 116/121/126 114/118/123
f 121/122/127 114/118/123 125/123/128
f 123/124/129 119/125/130 116/121/126
f 123/124/129 116/121/126 121/122/127
f 124/126/131 122/127/132 127/128/133
f 127/128/133 122/127/132 126/129/134
f 127/128/133 126/129/134 129/130/135
f 131/131/136 124/126/131 127/128/133
f 131/131/136 127/128/133 134/132/137
f 133/133/138 130/134/139 132/135/140
f 133/133/138 132/135/140 136/136/141
f 138/137/142 135/138/143 133/133/138
f 133/133/138 136/136/141 139/139/144
f 140/140/145 133/133/138 139/139/144
f 140/140/145 138/137/142 133/133/138
f 140/140/145 139/139/144 143/141/146
f 145/142/147 142/143/148 141/144/149
f 145/142/147 141/144/149 144/145/150
f 146/146/151 144/145/150 147/147/152
f 146/146/151 145/142/147 144/145/150
f 150/148/153 146/146/151 148/149/154
f 148/149/154 146/146/151 147/147/152
f 148/149/154 147/147/152 152/150/155
f 156/151/156 151/152/157 149/153/158
f 156/151/156 149/153/158 154/154/159
f 154/154/159 149/153/158 153/155/160
f 154/154/159 153/155/160 158/156/161
f 159/157/162 154/154/159 158/156/161
f 159/157/162 158/156/161 161/158/163
f 164/159/164 154/154/159 159/157/162
f 164/159/164 159/157/162 162/160/165
f 162/160/165 159/157/162 161/158/163
f 162/160/165 161/158/163 165/161/166
f 169/162/167 164/159/164 162/160/165
f 169/162/167 162/160/165 167/163/168
f 167/163/168 162/160/165 165/161/166
f 167/163/168 165/161/166 170/164/169
f 173/165/170 168/166/171 166/167/172
f 173/165/170 166/167/172 171/168/173
f 172/169/174 167/163/168 170/164/169
f 177/170/175 173/165/170 171/168/173
f 177/170/175 171/168/173 175/171/176
f 176/172/177 172/169/174 170/164/169
f 176/172/177 170/164/169 179/173/178
f 196/174/179 898/175/180 906/7/7
f 197/176/181 196/174/179 195/177/182
f 195/177/182 49/57/62 52/56/61
f 197/176/181 195/177/182 198/178/183
f 198/178/183 195/177/182 52/56/61
f 198/178/183 52/56/61 57/62/67
f 64/69/74 197/176/181 198/178/183
f 61/67/72 64/69/74 198/178/183
f 61/67/72 198/178/183 57/62/67
f 199/179/184 64/69/74 66/71/76
f 200/180/185 199/179/184 66/71/76
f 200/180/185 66/71/76 68/73/78
f 202/181/186 200/180/185 68/73/78
f 202/181/186 68/73/78 75/77/82
f 75/77/82 68/73/78 69/75/80
f 201/182/187 75/77/82 80/183/188
f 202/181/186 75/77/82 201/182/187
f 205/184/189 202/181/186 201/182/187
f 205/184/189 201/182/187 203/185/190
f 203/185/190 201/182/187 80/183/188
f 203/185/190 80/183/188 85/186/191
f 205/184/189 203/185/190 206/187/192
f 207/188/193 204/189/194 86/190/195
f 207/188/193 86/190/195 89/191/196
f 209/192/197 207/188/193 89/191/196
f 205/184/189 206/187/192 208/193/198
f 209/192/197 89/191/196 101/194/199
f 211/195/200 210/196/201 102/197/202
f 211/195/200 102/197/202 104/198/203
f 212/199/204 205/184/189 208/193/198
f 212/199/204 208/193/198 213/200/205
f 214/201/206 213/200/205 109/202/207
f 214/201/206 109/202/207 113/203/208
f 212/199/204 213/200/205 214/201/206
f 214/201/206 113/203/208 119/125/130
f 215/204/209 214/201/206 119/125/130
f 215/204/209 119/125/130 123/124/129
f 212/199/204 214/201/206 215/204/209
f 219/205/210 212/199/204 215/204/209
f 219/205/210 215/204/209 217/206/211
f 218/207/212 216/208/213 124/126/131
f 222/209/214 218/207/212 124/126/131
f 222/209/214 124/126/131 131/131/136
f 224/210/215 220/211/216 218/207/212
f 224/210/215 218/207/212 222/209/214
f 223/212/217 221/213/218 135/138/143
f 225/214/219 222/209/214 131/131/136
f 223/212/217 135/138/143 138/137/142
f 226/215/220 223/212/217 138/137/142
f 226/215/220 138/137/142 140/140/145
f 229/216/221 226/215/220 227/217/222
f 227/217/222 226/215/220 140/140/145
f 230/218/223 228/216/224 142/143/148
f 230/218/223 142/143/148 145/142/147
f 230/218/223 145/142/147 146/146/151
f 230/218/223 146/146/151 150/148/153
f 231/219/225 230/218/223 232/220/226
f 232/220/226 230/218/223 150/148/153
f 232/220/226 150/148/153 155/221/227
f 236/222/228 231/219/225 232/220/226
f 236/222/228 232/220/226 234/223/229
f 235/224/230 233/225/231 156/151/156
f 235/224/230 156/151/156 154/154/159
f 236/222/228 234/223/229 237/226/232
f 237/226/232 234/223/229 160/227/233
f 237/226/232 160/227/233 163/228/234
f 239/229/235 236/222/228 237/226/232
f 237/226/232 163/228/234 168/166/171
f 244/230/236 239/229/235 237/226/232
f 244/230/236 237/226/232 242/231/237
f 242/231/237 237/226/232 168/166/171
f 242/231/237 168/166/171 173/165/170
f 181/232/238 245/233/239 243/234/240
f 181/232/238 243/234/240 180/235/241
f 180/235/241 243/234/240 174/236/170
f 180/235/241 174/236/170 178/237/175
f 246/238/242 241/239/243 245/233/239
f 181/232/238 246/238/242 245/233/239
f 248/240/244 256/241/245 246/238/242
f 252/242/246 248/240/244 246/238/242
f 252/242/246 246/238/242 181/232/238
f 182/243/247 247/240/248 251/242/249
f 182/243/247 254/244/250 253/245/251
f 182/243/247 253/245/251 247/240/248
f 253/245/251 254/244/250 261/246/252
f 258/247/253 259/248/254 257/249/255
f 257/249/255 259/248/254 263/250/256
f 257/249/255 263/250/256 260/251/257
f 255/252/258 262/251/259 265/253/260
f 255/252/258 265/253/260 249/254/261
f 262/251/259 264/255/262 236/222/228
f 262/251/259 236/222/228 265/253/260
f 250/256/261 266/257/263 238/258/264
f 250/256/261 238/258/264 240/259/265
f 264/255/262 267/260/266 231/219/225
f 264/255/262 231/219/225 236/222/228
f 267/260/266 269/261/267 230/218/223
f 267/260/266 230/218/223 231/219/225
f 269/261/267 228/216/224 230/218/223
f 271/262/268 226/215/220 229/216/221
f 271/262/268 229/216/221 270/261/269
f 271/262/268 270/261/269 268/263/270
f 259/248/254 271/262/268 268/263/270
f 259/248/254 268/263/270 263/250/256
f 272/264/271 271/262/268 259/248/254
f 273/265/272 272/264/271 259/248/254
f 258/247/253 273/265/272 259/248/254
f 183/266/273 274/267/274 254/244/250
f 183/266/273 254/244/250 182/243/247
f 275/268/275 219/205/210 223/212/217
f 275/268/275 223/212/217 226/215/220
f 275/268/275 226/215/220 271/262/268
f 212/199/204 219/205/210 275/268/275
f 272/264/271 275/268/275 271/262/268
f 276/269/276 273/265/272 258/247/253
f 275/268/275 205/184/189 212/199/204
f 272/264/271 277/270/277 275/268/275
f 276/269/276 279/271/278 273/265/272
f 279/271/278 272/264/271 273/265/272
f 277/270/277 205/184/189 275/268/275
f 279/271/278 277/270/277 272/264/271
f 280/272/279 279/271/278 276/269/276
f 283/273/280 281/274/281 278/275/282
f 185/276/283 278/275/282 274/267/274
f 185/276/283 274/267/274 183/266/273
f 185/276/283 286/277/284 278/275/282
f 284/278/285 285/279/286 184/280/287
f 284/278/285 287/281/288 285/279/286
f 286/277/284 288/282/289 283/273/280
f 286/277/284 283/273/280 278/275/282
f 284/278/285 289/283/290 279/271/278
f 284/278/285 279/271/278 287/281/288
f 287/281/288 279/271/278 280/272/279
f 287/281/288 280/272/279 282/284/291
f 289/283/290 290/285/292 277/270/277
f 289/283/290 277/270/277 279/271/278
f 290/285/292 202/181/186 277/270/277
f 202/181/186 205/184/189 277/270/277
f 290/285/292 200/180/185 202/181/186
f 291/286/293 290/285/292 289/283/290
f 291/286/293 289/283/290 186/287/294
f 186/287/294 289/283/290 284/278/285
f 187/288/295 291/286/293 186/287/294
f 187/288/295 292/289/296 291/286/293
f 188/290/297 292/289/296 187/288/295
f 292/289/296 293/291/298 291/286/293
f 293/291/298 294/292/299 290/285/292
f 293/291/298 290/285/292 291/286/293
f 294/292/299 200/180/185 290/285/292
f 294/292/299 199/179/184 200/180/185
f 293/291/298 199/179/184 294/292/299
f 295/293/300 199/179/184 293/291/298
f 296/294/301 295/293/300 293/291/298
f 296/294/301 293/291/298 292/289/296
f 188/290/297 296/294/301 292/289/296
f 297/295/302 296/294/301 188/290/297
f 899/296/303 897/297/304 911/298/305
f 899/296/303 911/298/305 912/299/306
f 197/176/181 64/69/74 295/293/300
f 295/293/300 64/69/74 199/179/184
f 298/2/2 299/300/307 301/301/308
f 298/2/2 301/301/308 300/302/309
f 17/3/3 300/302/309 20/303/310
f 20/303/310 300/302/309 303/304/311
f 20/303/310 303/304/311 23/305/34
f 300/302/309 304/306/312 303/304/311
f 303/304/311 304/306/312 308/307/313
f 303/304/311 308/307/313 306/308/314
f 22/29/34 302/309/315 305/310/316
f 22/29/34 305/310/316 309/32/37
f 305/310/316 307/311/317 311/312/318
f 305/310/316 311/312/318 310/313/319
f 309/32/37 305/310/316 310/313/319
f 309/32/37 310/313/319 312/314/320
f 310/313/319 311/312/318 745/315/321
f 312/314/320 310/313/319 313/316/322
f 24/33/38 309/32/37 312/314/320
f 24/33/38 312/314/320 314/317/323
f 314/317/323 312/314/320 313/316/322
f 26/34/39 24/33/38 314/317/323
f 314/317/323 313/316/322 315/318/324
f 28/36/41 26/34/39 314/317/323
f 28/36/41 314/317/323 316/319/325
f 316/319/325 314/317/323 315/318/324
f 316/319/325 315/318/324 317/320/326
f 28/36/41 316/319/325 318/321/327
f 316/319/325 317/320/326 319/322/328
f 316/319/325 319/322/328 318/321/327
f 318/321/327 319/322/328 320/323/329
f 28/36/41 318/321/327 32/38/43
f 32/38/43 318/321/327 321/324/330
f 32/38/43 321/324/330 33/41/46
f 318/321/327 320/323/329 322/325/331
f 318/321/327 322/325/331 321/324/330
f 321/324/330 322/325/331 323/326/332
f 33/41/46 321/324/330 323/326/332
f 33/41/46 323/326/332 34/42/47
f 34/42/47 323/326/332 324/327/333
f 34/42/47 324/327/333 327/328/334
f 327/328/334 324/327/333 326/329/335
f 34/42/47 327/328/334 329/330/336
f 329/330/336 327/328/334 331/331/337
f 36/43/48 34/42/47 329/330/336
f 36/43/48 329/330/336 332/332/338
f 332/332/338 329/330/336 331/331/337
f 332/332/338 331/331/337 333/333/339
f 37/44/49 36/43/48 332/332/338
f 332/332/338 333/333/339 335/334/340
f 38/46/51 342/335/341 344/336/342
f 38/46/51 344/336/342 42/49/54
f 42/49/54 344/336/342 348/337/343
f 347/338/344 351/339/345 350/340/346
f 349/341/347 347/338/344 350/340/346
f 350/340/346 351/339/345 352/342/348
f 43/343/349 349/341/347 350/340/346
f 46/53/58 43/343/349 350/340/346
f 46/53/58 350/340/346 353/344/350
f 353/344/350 350/340/346 352/342/348
f 353/344/350 352/342/348 354/345/351
f 53/59/64 46/53/58 353/344/350
f 53/59/64 353/344/350 355/346/352
f 355/346/352 353/344/350 354/345/351
f 355/346/352 354/345/351 356/347/353
f 55/61/66 53/59/64 355/346/352
f 55/61/66 355/346/352 357/348/354
f 357/348/354 355/346/352 356/347/353
f 357/348/354 356/347/353 358/349/355
f 58/64/69 55/61/66 357/348/354
f 58/64/69 357/348/354 358/349/355
f 58/64/69 358/349/355 359/350/356
f 60/66/71 58/64/69 359/350/356
f 59/65/70 60/66/71 62/68/73
f 61/67/72 62/68/73 63/70/75
f 63/70/75 62/68/73 444/351/357
f 63/70/75 444/351/357 360/352/358
f 65/72/77 63/70/75 360/352/358
f 65/72/77 360/352/358 361/353/359
f 67/74/79 65/72/77 361/353/359
f 67/74/79 361/353/359 362/354/360
f 67/74/79 362/354/360 70/76/81
f 70/76/81 362/354/360 363/355/361
f 74/79/84 70/76/81 364/356/362
f 364/356/362 70/76/81 365/357/363
f 365/357/363 70/76/81 363/355/361
f 365/357/363 363/355/361 367/358/364
f 365/357/363 367/358/364 366/359/365
f 366/359/365 367/358/364 370/360/366
f 367/358/364 458/361/367 369/362/368
f 370/360/366 367/358/364 369/362/368
f 371/363/369 368/364/370 373/365/371
f 371/363/369 373/365/371 372/366/372
f 372/366/372 373/365/371 374/367/373
f 368/364/370 457/368/374 373/365/371
f 372/366/372 374/367/373 376/369/375
f 376/369/375 374/367/373 375/370/376
f 376/369/375 375/370/376 377/371/377
f 377/371/377 375/370/376 378/372/378
f 378/372/378 379/373/379 380/374/380
f 378/372/378 375/370/376 379/373/379
f 381/375/381 377/371/377 378/372/378
f 381/375/381 378/372/378 380/374/380
f 383/376/382 381/375/381 380/374/380
f 386/377/383 383/376/382 380/374/380
f 386/377/383 380/374/380 385/378/384
f 385/378/384 380/374/380 387/379/385
f 388/380/386 386/377/383 385/378/384
f 388/380/386 385/378/384 387/379/385
f 775/381/387 388/380/386 387/379/385
f 390/382/388 775/381/387 387/379/385
f 390/382/388 387/379/385 391/383/389
f 393/384/390 390/382/388 391/383/389
f 391/383/389 387/379/385 392/385/391
f 394/386/392 393/384/390 391/383/389
f 396/387/393 391/383/389 392/385/391
f 397/388/394 394/386/392 391/383/389
f 397/388/394 391/383/389 396/387/393
f 398/389/395 397/388/394 396/387/393
f 403/390/396 398/389/395 399/391/397
f 399/391/397 398/389/395 396/387/393
f 399/391/397 396/387/393 401/392/398
f 405/393/399 400/391/400 402/392/401
f 406/394/402 404/390/403 400/391/400
f 406/394/402 400/391/400 405/393/399
f 407/395/404 406/394/402 405/393/399
f 320/323/329 407/395/404 322/325/331
f 322/325/331 407/395/404 405/393/399
f 322/325/331 405/393/399 323/326/332
f 323/326/332 405/393/399 324/327/333
f 405/393/399 402/392/401 409/396/405
f 324/327/333 405/393/399 409/396/405
f 324/327/333 409/396/405 326/329/335
f 408/396/406 401/392/398 396/387/393
f 325/397/407 408/396/406 396/387/393
f 325/397/407 396/387/393 410/398/408
f 410/398/408 396/387/393 392/385/391
f 410/398/408 392/385/391 411/399/409
f 328/400/410 325/397/407 410/398/408
f 328/400/410 410/398/408 412/401/411
f 412/401/411 410/398/408 411/399/409
f 330/402/412 328/400/410 412/401/411
f 330/402/412 412/401/411 413/403/413
f 413/403/413 412/401/411 415/404/414
f 334/333/415 330/402/412 413/403/413
f 336/334/416 334/333/415 413/403/413
f 336/334/416 413/403/413 337/405/417
f 337/405/417 413/403/413 414/406/418
f 337/405/417 414/406/418 338/407/419
f 413/403/413 415/404/414 414/406/418
f 414/406/418 415/404/414 416/408/420
f 338/407/419 414/406/418 416/408/420
f 338/407/419 416/408/420 418/409/421
f 418/409/421 416/408/420 417/410/422
f 416/408/420 481/411/423 417/410/422
f 418/409/421 417/410/422 419/412/424
f 424/413/425 420/414/426 423/415/427
f 423/415/427 420/414/426 421/416/428
f 423/415/427 421/416/428 425/417/429
f 427/418/430 424/413/425 423/415/427
f 427/418/430 423/415/427 425/417/429
f 427/418/430 425/417/429 428/419/431
f 430/420/432 427/418/430 429/421/433
f 429/421/433 427/418/430 428/419/431
f 429/421/433 428/419/431 432/422/434
f 358/349/355 430/420/432 429/421/433
f 358/349/355 429/421/433 433/423/435
f 433/423/435 429/421/433 432/422/434
f 359/350/356 358/349/355 433/423/435
f 359/350/356 433/423/435 435/424/436
f 438/425/437 359/350/356 435/424/436
f 438/425/437 435/424/436 437/426/438
f 441/427/439 438/425/437 437/426/438
f 441/427/439 437/426/438 440/428/440
f 444/351/357 441/427/439 440/428/440
f 444/351/357 440/428/440 443/429/441
f 444/351/357 443/429/441 446/430/442
f 448/431/443 446/430/442 447/432/444
f 447/432/444 446/430/442 450/433/445
f 447/432/444 450/433/445 452/434/446
f 453/435/447 448/431/443 447/432/444
f 447/432/444 452/434/446 455/436/448
f 367/358/364 453/435/447 447/432/444
f 367/358/364 447/432/444 455/436/448
f 367/358/364 455/436/448 458/361/367
f 457/368/374 456/437/449 459/438/450
f 457/368/374 459/438/450 373/365/371
f 456/437/449 454/439/451 460/440/452
f 456/437/449 460/440/452 459/438/450
f 373/365/371 459/438/450 374/367/373
f 459/438/450 460/440/452 461/441/453
f 459/438/450 461/441/453 374/367/373
f 374/367/373 461/441/453 375/370/376
f 375/370/376 461/441/453 462/442/454
f 375/370/376 462/442/454 463/443/455
f 375/370/376 463/443/455 379/373/379
f 465/444/456 379/373/379 463/443/455
f 465/444/456 463/443/455 464/445/457
f 466/446/458 465/444/456 464/445/457
f 466/446/458 464/445/457 467/447/459
f 466/446/458 467/447/459 469/448/460
f 468/449/461 466/446/458 470/450/462
f 470/450/462 466/446/458 469/448/460
f 470/450/462 469/448/460 471/451/463
f 470/450/462 473/452/464 468/449/461
f 471/451/463 539/453/465 472/454/466
f 471/451/463 472/454/466 470/450/462
f 470/450/462 472/454/466 473/452/464
f 468/449/461 473/452/464 474/455/467
f 473/452/464 484/456/468 474/455/467
f 474/455/467 484/456/468 475/457/469
f 475/457/469 476/458/470 474/455/467
f 474/455/467 476/458/470 468/449/461
f 476/458/470 477/459/471 466/446/458
f 476/458/470 466/446/458 468/449/461
f 477/459/471 465/444/456 466/446/458
f 477/459/471 478/460/472 379/373/379
f 477/459/471 379/373/379 465/444/456
f 478/460/472 380/374/380 379/373/379
f 479/461/473 380/374/380 478/460/472
f 479/461/473 478/460/472 480/462/474
f 480/462/474 478/460/472 477/459/471
f 480/462/474 477/459/471 476/458/470
f 481/411/423 480/462/474 476/458/470
f 481/411/423 476/458/470 475/457/469
f 417/410/422 481/411/423 475/457/469
f 417/410/422 475/457/469 482/463/475
f 419/412/424 417/410/422 482/463/475
f 419/412/424 482/463/475 483/464/476
f 475/457/469 484/456/468 482/463/475
f 482/463/475 484/456/468 485/465/477
f 482/463/475 485/465/477 483/464/476
f 422/466/478 488/467/479 426/468/480
f 488/467/479 489/469/481 492/470/482
f 490/471/483 491/472/484 494/473/485
f 490/471/483 494/473/485 493/474/486
f 425/417/429 490/471/483 493/474/486
f 425/417/429 493/474/486 428/419/431
f 428/419/431 493/474/486 496/475/487
f 428/419/431 496/475/487 500/476/488
f 493/474/486 494/473/485 496/475/487
f 496/475/487 494/473/485 590/477/489
f 496/475/487 590/477/489 498/478/490
f 499/479/491 495/480/492 497/481/493
f 432/422/434 428/419/431 500/476/488
f 432/422/434 500/476/488 502/482/494
f 501/483/495 499/479/491 503/484/496
f 434/485/497 431/486/498 501/483/495
f 434/485/497 501/483/495 503/484/496
f 436/487/499 434/485/497 503/484/496
f 436/487/499 503/484/496 504/488/500
f 439/489/501 436/487/499 504/488/500
f 439/489/501 504/488/500 505/490/502
f 442/491/503 439/489/501 505/490/502
f 442/491/503 505/490/502 601/492/504
f 445/493/505 442/491/503 506/494/506
f 506/494/506 442/491/503 601/492/504
f 446/430/442 443/429/441 507/495/507
f 446/430/442 507/495/507 509/496/508
f 450/433/445 446/430/442 509/496/508
f 450/433/445 509/496/508 511/497/509
f 451/498/510 449/499/511 510/500/512
f 510/500/512 508/501/513 512/502/514
f 451/498/510 510/500/512 460/440/452
f 460/440/452 510/500/512 512/502/514
f 460/440/452 512/502/514 513/503/515
f 454/439/451 451/498/510 460/440/452
f 460/440/452 513/503/515 461/441/453
f 461/441/453 513/503/515 462/442/454
f 513/503/515 512/502/514 514/504/516
f 513/503/515 514/504/516 515/505/517
f 462/442/454 513/503/515 515/505/517
f 516/506/518 462/442/454 515/505/517
f 516/506/518 515/505/517 517/507/519
f 517/507/519 515/505/517 571/508/520
f 516/506/518 517/507/519 518/509/521
f 518/509/521 517/507/519 520/510/522
f 569/511/523 519/512/524 517/507/519
f 569/511/523 517/507/519 571/508/520
f 521/513/525 520/510/522 517/507/519
f 521/513/525 517/507/519 519/512/524
f 522/514/526 518/509/521 520/510/522
f 520/510/522 521/513/525 523/515/527
f 524/516/528 522/514/526 520/510/522
f 520/510/522 523/515/527 525/517/529
f 520/510/522 525/517/529 526/518/530
f 527/519/531 524/516/528 520/510/522
f 527/519/531 520/510/522 526/518/530
f 527/519/531 526/518/530 487/520/532
f 527/519/531 528/521/533 529/522/534
f 527/519/531 529/522/534 524/516/528
f 486/523/535 531/524/536 530/525/537
f 530/525/537 531/524/536 535/526/538
f 530/525/537 535/526/538 533/527/539
f 524/516/528 529/522/534 532/528/540
f 532/528/540 534/529/541 537/530/542
f 532/528/540 537/530/542 536/531/543
f 524/516/528 532/528/540 536/531/543
f 536/531/543 537/530/542 539/453/465
f 536/531/543 539/453/465 471/451/463
f 471/451/463 469/448/460 522/514/526
f 471/451/463 522/514/526 536/531/543
f 536/531/543 522/514/526 524/516/528
f 522/514/526 469/448/460 518/509/521
f 469/448/460 467/447/459 518/509/521
f 467/447/459 464/445/457 516/506/518
f 467/447/459 516/506/518 518/509/521
f 464/445/457 463/443/455 516/506/518
f 538/532/544 541/533/545 540/534/546
f 535/526/538 542/535/547 541/533/545
f 535/526/538 541/533/545 538/532/544
f 541/533/545 542/535/547 544/536/548
f 539/453/465 543/537/549 545/538/550
f 539/453/465 545/538/550 472/454/466
f 541/533/545 544/536/548 548/539/551
f 541/533/545 548/539/551 546/540/552
f 545/538/550 547/541/553 549/542/554
f 472/454/466 545/538/550 549/542/554
f 472/454/466 549/542/554 473/452/464
f 473/452/464 549/542/554 550/543/555
f 473/452/464 550/543/555 484/456/468
f 549/542/554 560/544/556 550/543/555
f 550/543/555 560/544/556 551/545/557
f 484/456/468 550/543/555 485/465/477
f 486/523/535 552/546/558 542/535/547
f 486/523/535 542/535/547 531/524/536
f 531/524/536 542/535/547 535/526/538
f 552/546/558 553/547/559 542/535/547
f 542/535/547 553/547/559 555/548/560
f 542/535/547 555/548/560 544/536/548
f 544/536/548 559/549/561 548/539/551
f 547/541/553 558/550/562 560/544/556
f 547/541/553 560/544/556 549/542/554
f 551/545/557 560/544/556 565/551/563
f 565/551/563 560/544/556 558/550/562
f 565/551/563 558/550/562 557/552/564
f 565/551/563 557/552/564 566/553/565
f 564/554/566 565/551/563 566/553/565
f 564/554/566 566/553/565 562/555/567
f 566/553/565 557/552/564 556/556/568
f 567/557/569 555/548/560 553/547/559
f 563/558/570 568/559/571 554/560/572
f 563/558/570 554/560/572 561/561/573
f 569/511/523 571/508/520 570/562/574
f 570/562/574 571/508/520 572/563/575
f 570/562/574 572/563/575 573/564/576
f 514/504/516 572/563/575 571/508/520
f 603/565/577 577/566/578 572/563/575
f 603/565/577 572/563/575 514/504/516
f 574/567/579 573/564/576 572/563/575
f 574/567/579 572/563/575 575/568/580
f 575/568/580 572/563/575 576/569/581
f 572/563/575 577/566/578 579/570/582
f 572/563/575 579/570/582 578/571/583
f 576/569/581 572/563/575 578/571/583
f 578/571/583 579/570/582 580/572/584
f 489/469/481 584/573/585 492/470/482
f 581/574/586 582/575/587 583/576/588
f 583/576/588 582/575/587 494/473/485
f 491/472/484 583/576/588 494/473/485
f 494/473/485 582/575/587 588/577/589
f 494/473/485 588/577/589 586/578/590
f 494/473/485 586/578/590 590/477/489
f 585/579/591 587/580/592 592/581/593
f 585/579/591 592/581/593 591/582/594
f 589/583/595 585/579/591 591/582/594
f 589/583/595 591/582/594 593/584/596
f 497/481/493 589/583/595 593/584/596
f 497/481/493 593/584/596 594/585/597
f 594/585/597 593/584/596 595/586/598
f 499/479/491 497/481/493 594/585/597
f 499/479/491 594/585/597 596/587/599
f 596/587/599 594/585/597 595/586/598
f 596/587/599 595/586/598 597/588/600
f 503/484/496 499/479/491 596/587/599
f 503/484/496 596/587/599 598/589/601
f 598/589/601 596/587/599 597/588/600
f 598/589/601 597/588/600 599/590/602
f 504/488/500 503/484/496 598/589/601
f 504/488/500 598/589/601 505/490/502
f 505/490/502 600/591/603 601/492/504
f 506/494/506 601/492/504 602/592/604
f 508/501/513 506/494/506 602/592/604
f 508/501/513 602/592/604 512/502/514
f 512/502/514 602/592/604 603/565/577
f 571/508/520 515/505/517 514/504/516
f 602/592/604 601/492/504 603/565/577
f 512/502/514 603/565/577 514/504/516
f 603/565/577 600/591/603 577/566/578
f 601/492/504 600/591/603 603/565/577
f 600/591/603 604/593/605 577/566/578
f 604/593/605 605/594/606 579/570/582
f 604/593/605 579/570/582 577/566/578
f 863/595/607 861/596/608 864/597/609
f 863/595/607 864/597/609 868/598/610
f 605/594/606 608/599/611 579/570/582
f 582/575/587 617/600/612 618/601/613
f 582/575/587 618/601/613 588/577/589
f 587/580/592 616/602/614 619/603/615
f 587/580/592 619/603/615 592/581/593
f 616/602/614 615/604/616 619/603/615
f 619/603/615 615/604/616 1509/605/617
f 619/603/615 1509/605/617 592/581/593
f 591/582/594 592/581/593 1509/605/617
f 591/582/594 1509/605/617 614/606/618
f 593/584/596 591/582/594 620/607/619
f 620/607/619 591/582/594 614/606/618
f 620/607/619 614/606/618 613/608/620
f 595/586/598 593/584/596 620/607/619
f 595/586/598 620/607/619 613/608/620
f 595/586/598 613/608/620 612/609/621
f 597/588/600 595/586/598 606/610/622
f 606/610/622 595/586/598 612/609/621
f 606/610/622 612/609/621 610/611/623
f 463/443/455 462/442/454 516/506/518
f 621/612/624 479/461/473 480/462/474
f 416/408/420 621/612/624 480/462/474
f 416/408/420 480/462/474 481/411/423
f 479/461/473 387/379/385 380/374/380
f 621/612/624 411/399/409 479/461/473
f 411/399/409 387/379/385 479/461/473
f 411/399/409 392/385/391 387/379/385
f 415/404/414 412/401/411 621/612/624
f 415/404/414 621/612/624 416/408/420
f 412/401/411 411/399/409 621/612/624
f 363/355/361 453/435/447 367/358/364
f 362/354/360 361/353/359 453/435/447
f 363/355/361 362/354/360 453/435/447
f 361/353/359 448/431/443 453/435/447
f 361/353/359 360/352/358 448/431/443
f 360/352/358 446/430/442 448/431/443
f 360/352/358 444/351/357 446/430/442
f 62/68/73 441/427/439 444/351/357
f 62/68/73 60/66/71 438/425/437
f 62/68/73 438/425/437 441/427/439
f 60/66/71 359/350/356 438/425/437
f 358/349/355 356/347/353 430/420/432
f 356/347/353 354/345/351 622/613/625
f 356/347/353 622/613/625 430/420/432
f 430/420/432 622/613/625 427/418/430
f 354/345/351 623/614/626 424/413/425
f 354/345/351 424/413/425 622/613/625
f 622/613/625 424/413/425 427/418/430
f 623/614/626 339/615/627 420/414/426
f 623/614/626 420/414/426 424/413/425
f 354/345/351 352/342/348 623/614/626
f 352/342/348 625/616/628 623/614/626
f 624/617/629 626/618/630 341/619/631
f 624/617/629 341/619/631 340/620/632
f 352/342/348 351/339/345 627/621/633
f 352/342/348 627/621/633 625/616/628
f 626/618/630 628/622/634 341/619/631
f 351/339/345 629/623/635 627/621/633
f 628/622/634 630/624/636 341/619/631
f 351/339/345 631/625/637 629/623/635
f 632/626/638 634/627/639 630/624/636
f 632/626/638 630/624/636 628/622/634
f 346/628/640 343/629/641 635/630/642
f 346/628/640 635/630/642 633/631/643
f 347/338/344 345/632/644 631/625/637
f 347/338/344 631/625/637 351/339/345
f 636/633/645 406/394/402 407/395/404
f 319/322/328 636/633/645 407/395/404
f 319/322/328 407/395/404 320/323/329
f 317/320/326 636/633/645 319/322/328
f 406/394/402 638/634/646 637/635/647
f 637/635/647 404/390/403 406/394/402
f 640/636/648 641/637/649 639/638/650
f 639/638/650 398/389/395 403/390/396
f 639/638/650 641/637/649 398/389/395
f 641/637/649 397/388/394 398/389/395
f 641/637/649 658/639/651 397/388/394
f 397/388/394 643/640/652 394/386/392
f 394/386/392 643/640/652 644/641/653
f 651/642/654 647/643/655 650/644/656
f 651/642/654 650/644/656 652/645/657
f 652/645/657 650/644/656 657/646/658
f 652/645/657 657/646/658 654/647/659
f 653/648/660 656/649/661 660/650/662
f 653/648/660 660/650/662 655/651/663
f 649/652/664 659/653/665 656/649/661
f 656/649/661 659/653/665 660/650/662
f 655/651/663 660/650/662 663/654/666
f 655/651/663 663/654/666 666/655/667
f 666/655/667 663/654/666 665/656/668
f 666/655/667 665/656/668 667/657/669
f 667/657/669 665/656/668 670/658/670
f 667/657/669 670/658/670 668/659/671
f 668/659/671 670/658/670 669/660/672
f 665/656/668 671/661/673 670/658/670
f 669/660/672 670/658/670 673/662/674
f 669/660/672 673/662/674 675/663/675
f 669/660/672 675/663/675 137/664/676
f 136/136/141 674/665/677 677/666/678
f 675/663/675 673/662/674 679/667/679
f 675/663/675 679/667/679 678/668/680
f 136/136/141 677/666/678 676/669/681
f 136/136/141 676/669/681 139/139/144
f 139/139/144 676/669/681 672/670/682
f 139/139/144 672/670/682 680/671/683
f 143/141/146 139/139/144 680/671/683
f 143/141/146 680/671/683 681/672/684
f 144/145/150 141/144/149 682/673/685
f 144/145/150 682/673/685 147/147/152
f 147/147/152 682/673/685 683/674/686
f 152/150/155 147/147/152 684/675/687
f 684/675/687 147/147/152 683/674/686
f 684/675/687 685/676/688 152/150/155
f 683/674/686 686/677/689 685/676/688
f 683/674/686 685/676/688 684/675/687
f 686/677/689 687/678/690 685/676/688
f 685/676/688 687/678/690 688/679/691
f 685/676/688 688/679/691 689/680/692
f 152/150/155 685/676/688 689/680/692
f 152/150/155 689/680/692 157/681/693
f 690/682/694 691/683/695 692/684/696
f 158/156/161 690/682/694 692/684/696
f 158/156/161 692/684/696 161/158/163
f 161/158/163 692/684/696 693/685/697
f 161/158/163 693/685/697 165/161/166
f 165/161/166 693/685/697 694/686/698
f 165/161/166 694/686/698 170/164/169
f 170/164/169 694/686/698 179/173/178
f 694/686/698 696/687/699 179/173/178
f 694/686/698 697/688/700 695/689/701
f 694/686/698 695/689/701 696/687/699
f 698/690/702 697/688/700 694/686/698
f 700/691/703 699/692/704 698/690/702
f 693/685/697 698/690/702 694/686/698
f 700/691/703 698/690/702 693/685/697
f 692/684/696 700/691/703 693/685/697
f 691/683/695 703/693/705 700/691/703
f 691/683/695 700/691/703 692/684/696
f 702/694/706 705/695/707 703/693/705
f 702/694/706 703/693/705 691/683/695
f 705/695/707 707/696/708 706/697/709
f 705/695/707 706/697/709 703/693/705
f 703/693/705 706/697/709 699/692/704
f 703/693/705 699/692/704 700/691/703
f 712/698/710 708/699/711 707/696/708
f 712/698/710 707/696/708 705/695/707
f 714/700/712 710/701/713 708/699/711
f 714/700/712 708/699/711 712/698/710
f 686/677/689 713/702/714 711/703/715
f 686/677/689 711/703/715 715/704/716
f 716/705/717 712/698/710 705/695/707
f 687/678/690 715/704/716 704/706/718
f 687/678/690 704/706/718 701/707/719
f 686/677/689 715/704/716 687/678/690
f 687/678/690 701/707/719 688/679/691
f 718/708/720 717/709/721 686/677/689
f 719/710/722 718/708/720 686/677/689
f 719/710/722 686/677/689 683/674/686
f 683/674/686 720/711/723 719/710/722
f 719/710/722 720/711/723 724/712/724
f 719/710/722 724/712/724 722/713/725
f 719/710/722 722/713/725 727/714/726
f 721/715/727 723/716/728 725/717/729
f 726/718/730 721/715/727 725/717/729
f 727/714/726 729/719/731 718/708/720
f 727/714/726 718/708/720 719/710/722
f 725/717/729 730/720/732 728/721/733
f 725/717/729 728/721/733 726/718/730
f 729/719/731 731/722/734 718/708/720
f 731/722/734 733/723/735 717/709/721
f 731/722/734 717/709/721 718/708/720
f 730/720/732 315/318/324 732/724/736
f 730/720/732 732/724/736 728/721/733
f 315/318/324 736/725/737 734/726/738
f 315/318/324 734/726/738 732/724/736
f 733/723/735 735/727/739 717/709/721
f 735/727/739 737/728/740 717/709/721
f 738/729/741 743/730/742 739/731/743
f 738/729/741 739/731/743 736/725/737
f 737/728/740 740/732/744 741/733/745
f 737/728/740 741/733/745 717/709/721
f 717/709/721 741/733/745 742/734/746
f 742/734/746 709/735/747 713/702/714
f 717/709/721 742/734/746 713/702/714
f 717/709/721 713/702/714 686/677/689
f 746/736/748 744/737/749 743/730/742
f 746/736/748 743/730/742 738/729/741
f 310/313/319 745/315/321 744/737/749
f 310/313/319 744/737/749 746/736/748
f 313/316/322 310/313/319 746/736/748
f 313/316/322 746/736/748 747/738/750
f 747/738/750 746/736/748 738/729/741
f 747/738/750 738/729/741 736/725/737
f 747/738/750 736/725/737 315/318/324
f 315/318/324 313/316/322 747/738/750
f 317/320/326 315/318/324 730/720/732
f 317/320/326 730/720/732 725/717/729
f 725/717/729 748/739/751 317/320/326
f 317/320/326 748/739/751 636/633/645
f 748/739/751 406/394/402 636/633/645
f 748/739/751 638/634/646 406/394/402
f 725/717/729 750/740/752 638/634/646
f 725/717/729 638/634/646 748/739/751
f 749/741/753 752/742/754 751/743/755
f 749/741/753 751/743/755 640/636/648
f 640/636/648 751/743/755 641/637/649
f 752/742/754 754/744/756 751/743/755
f 754/744/756 756/745/757 751/743/755
f 751/743/755 658/639/651 641/637/649
f 756/745/757 661/746/758 658/639/651
f 756/745/757 658/639/651 751/743/755
f 658/639/651 644/747/759 397/388/394
f 759/748/760 664/749/761 662/750/762
f 759/748/760 662/750/762 757/751/763
f 760/752/764 758/753/765 756/745/757
f 760/752/764 756/745/757 754/744/756
f 762/754/766 664/749/761 759/748/760
f 762/754/766 759/748/760 761/755/767
f 762/754/766 761/755/767 764/756/768
f 764/756/768 761/755/767 755/757/769
f 764/756/768 755/757/769 753/758/770
f 765/759/771 762/754/766 764/756/768
f 765/759/771 764/756/768 767/760/772
f 749/741/753 763/761/773 752/742/754
f 720/711/723 768/762/774 766/760/775
f 720/711/723 766/760/775 770/763/776
f 769/764/777 750/740/752 725/717/729
f 720/711/723 770/763/776 724/712/724
f 723/716/728 769/764/777 725/717/729
f 683/674/686 682/673/685 768/762/774
f 683/674/686 768/762/774 720/711/723
f 681/672/684 762/754/766 765/759/771
f 681/672/684 680/671/683 762/754/766
f 680/671/683 771/765/778 762/754/766
f 680/671/683 672/670/682 771/765/778
f 771/765/778 664/749/761 762/754/766
f 772/766/779 773/767/780 390/382/388
f 772/766/779 390/382/388 393/384/390
f 773/767/780 774/768/781 775/381/387
f 773/767/780 775/381/387 390/382/388
f 389/769/782 778/770/783 781/771/784
f 389/769/782 776/772/785 778/770/783
f 778/770/783 776/772/785 787/773/786
f 778/770/783 787/773/786 779/774/787
f 780/775/788 777/776/789 785/777/790
f 780/775/788 785/777/790 782/778/791
f 782/778/791 785/777/790 788/779/792
f 782/778/791 788/779/792 783/780/793
f 779/774/787 787/773/786 791/781/794
f 779/774/787 791/781/794 789/782/795
f 789/782/795 791/781/794 792/783/796
f 784/784/797 789/782/795 792/783/796
f 784/784/797 792/783/796 796/785/798
f 796/785/798 792/783/796 795/786/799
f 796/785/798 795/786/799 797/787/800
f 797/787/800 795/786/799 801/788/801
f 797/787/800 801/788/801 798/789/802
f 798/789/802 801/788/801 805/790/803
f 798/789/802 805/790/803 799/791/804
f 795/786/799 803/792/805 801/788/801
f 804/793/806 800/794/807 808/795/808
f 804/793/806 808/795/808 806/796/809
f 799/791/804 805/790/803 807/797/810
f 810/798/811 806/796/809 808/795/808
f 810/798/811 808/795/808 107/116/812
f 108/799/813 809/800/814 811/801/815
f 108/799/813 811/801/815 115/802/816
f 114/118/123 808/795/808 812/803/817
f 812/803/817 808/795/808 800/794/807
f 125/123/128 114/118/123 812/803/817
f 128/804/818 125/123/128 813/805/819
f 813/805/819 125/123/128 815/806/820
f 813/805/819 815/806/820 814/807/821
f 125/123/128 812/803/817 815/806/820
f 814/807/821 815/806/820 817/808/822
f 815/806/820 794/809/823 817/808/822
f 814/807/821 817/808/822 819/810/824
f 814/807/821 819/810/824 821/811/825
f 820/812/826 818/813/827 822/814/828
f 820/812/826 822/814/828 773/767/780
f 820/812/826 773/767/780 772/766/779
f 822/814/828 774/768/781 773/767/780
f 822/814/828 786/815/829 774/768/781
f 818/813/827 790/816/830 786/815/829
f 818/813/827 786/815/829 822/814/828
f 786/815/829 823/817/831 774/768/781
f 815/806/820 824/818/832 794/809/823
f 816/819/833 793/820/834 790/816/830
f 816/819/833 790/816/830 818/813/827
f 815/806/820 802/821/835 824/818/832
f 812/803/817 800/794/807 802/821/835
f 812/803/817 802/821/835 815/806/820
f 825/822/836 827/823/837 386/377/383
f 825/822/836 386/377/383 388/380/386
f 826/824/838 827/823/837 825/822/836
f 386/377/383 827/823/837 383/376/382
f 384/825/839 828/826/840 382/827/841
f 381/828/842 829/829/843 858/830/844
f 381/828/842 858/830/844 830/831/845
f 830/831/845 858/830/844 833/832/846
f 831/833/847 834/834/848 835/835/849
f 831/833/847 835/835/849 832/836/850
f 832/836/850 835/835/849 838/837/851
f 832/836/850 838/837/851 839/838/852
f 839/838/852 838/837/851 860/839/853
f 839/838/852 860/839/853 840/840/854
f 840/840/854 860/839/853 845/841/855
f 840/840/854 845/841/855 842/842/856
f 841/843/857 844/844/858 843/845/859
f 843/845/859 846/846/860 82/81/86
f 82/81/86 846/846/860 90/95/100
f 90/95/100 846/846/860 92/847/861
f 92/847/861 846/846/860 847/848/862
f 92/847/861 847/848/862 848/849/863
f 96/110/115 92/847/861 848/849/863
f 100/111/116 96/110/115 848/849/863
f 100/111/116 848/849/863 849/850/864
f 849/850/864 848/849/863 851/851/865
f 849/850/864 851/851/865 850/852/866
f 850/852/866 851/851/865 852/853/867
f 850/852/866 852/853/867 854/854/868
f 852/853/867 837/855/869 854/854/868
f 853/856/870 836/857/871 855/858/872
f 853/856/870 855/858/872 856/859/873
f 856/859/873 855/858/872 858/830/844
f 856/859/873 858/830/844 857/860/874
f 857/860/874 858/830/844 827/823/837
f 857/860/874 827/823/837 826/824/838
f 855/858/872 833/832/846 858/830/844
f 858/830/844 829/829/843 827/823/837
f 852/853/867 859/861/875 837/855/869
f 848/849/863 847/848/862 851/851/865
f 847/848/862 843/845/859 844/844/858
f 847/848/862 844/844/858 851/851/865
f 851/851/865 844/844/858 859/861/875
f 851/851/865 859/861/875 852/853/867
f 846/846/860 843/845/859 847/848/862
f 861/596/608 605/594/606 604/593/605
f 599/590/602 861/596/608 604/593/605
f 861/596/608 863/595/607 608/599/611
f 861/596/608 608/599/611 605/594/606
f 607/862/876 611/863/877 873/864/878
f 607/862/876 873/864/878 877/865/879
f 872/866/880 868/598/610 864/597/609
f 861/596/608 599/590/602 865/867/881
f 861/596/608 865/867/881 864/597/609
f 599/590/602 597/588/600 865/867/881
f 877/865/879 873/864/878 879/868/882
f 885/869/883 883/870/884 886/871/885
f 881/872/886 885/869/883 886/871/885
f 881/872/886 886/871/885 894/873/887
f 884/874/888 193/875/889 891/876/890
f 884/874/888 891/876/890 887/877/891
s 0
f 194/878/892 892/879/892 895/880/892
f 194/878/892 895/880/892 882/881/892
s 1
f 297/295/302 898/175/180 296/294/301
f 191/882/893 195/177/182 196/174/179
f 904/8/8 906/7/7 910/883/894
f 191/882/893 196/174/179 906/7/7
f 191/882/893 906/7/7 913/9/9
f 190/884/895 900/885/896 905/886/897
s 0
f 896/887/898 189/884/898 901/888/898
f 896/887/898 901/888/898 907/889/898
s 1
f 916/107/112 915/106/111 918/890/899
f 922/891/900 916/107/112 918/890/899
f 922/891/900 918/890/899 920/892/901
f 922/891/900 920/892/901 924/893/902
f 931/894/903 927/895/904 925/896/905
f 931/894/903 925/896/905 929/897/906
f 936/898/907 931/894/903 929/897/906
f 936/898/907 929/897/906 933/899/908
f 939/900/909 937/901/910 934/902/911
f 939/900/909 934/902/911 940/903/912
f 939/900/909 940/903/912 943/93/98
f 947/92/97 939/900/909 943/93/98
f 926/904/913 984/905/914 919/906/915
f 926/904/913 919/906/915 921/907/916
f 982/82/87 928/908/917 923/119/124
f 954/96/101 941/120/125 944/115/120
f 955/83/88 988/909/918 942/910/919
f 955/83/88 942/910/919 938/84/89
f 985/911/920 966/104/109 916/107/112
f 982/82/87 932/85/90 928/908/917
f 988/909/918 974/912/921 945/913/922
f 988/909/918 945/913/922 942/910/919
f 112/914/923 117/915/924 978/916/925
f 112/914/923 978/916/925 976/917/926
f 112/914/923 976/917/926 986/918/927
f 987/919/928 977/920/929 975/90/95
f 987/919/928 975/90/95 989/921/930
f 88/99/104 95/102/107 958/922/931
f 958/922/931 95/102/107 955/83/88
f 958/922/931 955/83/88 957/87/92
f 957/87/92 955/83/88 982/82/87
f 89/191/196 948/923/932 972/924/933
f 972/924/933 948/923/932 949/925/934
f 972/924/933 949/925/934 973/926/935
f 973/926/935 949/925/934 926/904/913
f 973/926/935 926/904/913 930/97/102
f 99/927/936 956/928/937 95/102/107
f 95/102/107 956/928/937 955/83/88
f 79/929/938 84/930/939 981/931/940
f 981/931/940 84/930/939 957/87/92
f 81/932/941 76/933/942 970/934/943
f 81/932/941 970/934/943 967/935/944
f 81/932/941 967/935/944 983/936/945
f 983/936/945 967/935/944 965/937/946
f 983/936/945 965/937/946 984/905/914
f 110/938/947 101/194/199 959/939/948
f 953/940/949 959/939/948 954/96/101
f 106/941/950 112/914/923 956/928/937
f 956/928/937 112/914/923 986/918/927
f 956/928/937 986/918/927 955/83/88
f 955/83/88 986/918/927 988/909/918
f 110/938/947 959/939/948 953/940/949
f 86/190/195 81/932/941 948/923/932
f 948/923/932 81/932/941 983/936/945
f 948/923/932 983/936/945 949/925/934
f 949/925/934 983/936/945 984/905/914
f 949/925/934 984/905/914 926/904/913
f 84/930/939 88/99/104 958/922/931
f 84/930/939 958/922/931 957/87/92
f 99/927/936 106/941/950 956/928/937
f 953/940/949 954/96/101 951/942/951
f 951/942/951 954/96/101 946/114/119
f 89/191/196 86/190/195 948/923/932
f 77/943/952 73/944/953 961/945/954
f 77/943/952 961/945/954 971/946/955
f 971/946/955 961/945/954 969/947/956
f 969/947/956 961/945/954 963/948/957
f 969/947/956 963/948/957 968/949/958
f 968/949/958 963/948/957 964/105/110
f 968/949/958 964/105/110 966/104/109
f 101/194/199 89/191/196 972/924/933
f 101/194/199 972/924/933 959/939/948
f 959/939/948 972/924/933 973/926/935
f 959/939/948 973/926/935 930/97/102
f 959/939/948 930/97/102 954/96/101
f 118/950/959 120/951/960 952/952/961
f 118/950/959 952/952/961 980/953/962
f 980/953/962 952/952/961 979/954/963
f 979/954/963 952/952/961 950/91/96
f 979/954/963 950/91/96 977/920/929
f 977/920/929 950/91/96 975/90/95
f 72/955/964 79/929/938 981/931/940
f 72/955/964 981/931/940 960/956/965
f 960/956/965 981/931/940 962/957/966
f 962/957/966 981/931/940 957/87/92
f 962/957/966 957/87/92 914/86/91
f 17/3/3 298/2/2 300/302/309
f 1/11/17 990/958/967 991/959/968
f 1/11/17 991/959/968 2/12/18
f 3/15/21 992/960/969 990/958/967
f 3/15/21 990/958/967 1/11/17
f 992/960/969 993/17/970 990/958/967
f 3/15/21 10/18/24 992/960/969
f 992/960/969 994/19/971 993/17/970
f 992/960/969 11/22/28 1011/20/972
f 992/960/969 1011/20/972 994/19/971
f 10/18/24 11/22/28 992/960/969
f 12/23/29 995/26/973 996/25/974
f 12/23/29 996/25/974 13/24/1
f 2/12/18 991/959/968 995/26/973
f 2/12/18 995/26/973 12/23/29
f 995/26/973 998/28/975 999/27/976
f 995/26/973 999/27/976 996/25/974
f 991/959/968 998/28/975 995/26/973
f 998/28/975 1001/30/977 1002/29/978
f 998/28/975 1002/29/978 999/27/976
f 991/959/968 1005/31/979 1001/30/977
f 991/959/968 1001/30/977 998/28/975
f 1001/30/977 1004/33/980 1259/32/981
f 1001/30/977 1259/32/981 1002/29/978
f 1005/31/979 1006/34/982 1004/33/980
f 1005/31/979 1004/33/980 1001/30/977
f 990/958/967 1005/31/979 991/959/968
f 993/17/970 1007/35/983 1005/31/979
f 993/17/970 1005/31/979 990/958/967
f 1007/35/983 1008/36/984 1006/34/982
f 1007/35/983 1006/34/982 1005/31/979
f 993/17/970 994/19/971 1009/37/985
f 993/17/970 1009/37/985 1007/35/983
f 1007/35/983 1009/37/985 1008/36/984
f 1009/37/985 1010/961/986 1012/38/987
f 1009/37/985 1012/38/987 1008/36/984
f 994/19/971 1011/20/972 1010/961/986
f 994/19/971 1010/961/986 1009/37/985
f 1011/20/972 1015/962/988 1010/961/986
f 1010/961/986 1013/41/989 1012/38/987
f 1010/961/986 1014/963/990 1013/41/989
f 1015/962/988 1016/964/991 1014/963/990
f 1015/962/988 1014/963/990 1010/961/986
f 11/22/28 1015/962/988 1011/20/972
f 11/22/28 37/44/49 1015/962/988
f 37/44/49 1016/964/991 1015/962/988
f 40/45/50 1021/48/992 1017/965/993
f 40/45/50 1017/965/993 38/46/51
f 38/46/51 1017/965/993 1018/49/994
f 1021/48/992 1023/50/995 1017/965/993
f 1024/966/996 1022/53/997 1020/52/998
f 1024/966/996 1020/52/998 39/55/60
f 1024/966/996 39/55/60 50/54/59
f 1027/56/999 1026/58/1000 1024/966/996
f 1027/56/999 1024/966/996 1025/57/1001
f 1026/58/1000 1028/59/1002 1022/53/997
f 1026/58/1000 1022/53/997 1024/966/996
f 1027/56/999 1029/60/1003 1026/58/1000
f 1029/60/1003 1030/61/1004 1028/59/1002
f 1029/60/1003 1028/59/1002 1026/58/1000
f 1032/967/1005 1031/63/1006 1029/60/1003
f 1032/967/1005 1029/60/1003 1027/56/999
f 1031/63/1006 1033/64/1007 1030/61/1004
f 1031/63/1006 1030/61/1004 1029/60/1003
f 1032/967/1005 1034/968/1008 1031/63/1006
f 1034/968/1008 1035/66/1009 1033/64/1007
f 1034/968/1008 1033/64/1007 1031/63/1006
f 1036/969/1010 1034/968/1008 1032/967/1005
f 1036/969/1010 1037/970/1011 1034/968/1008
f 1039/971/1012 1038/972/1013 1036/969/1010
f 1041/973/1014 1040/72/1015 1038/972/1013
f 1041/973/1014 1038/972/1013 1039/971/1012
f 1043/974/1016 1042/975/1017 1040/72/1015
f 1043/974/1016 1040/72/1015 1041/973/1014
f 1044/75/1018 1042/975/1017 1043/974/1016
f 1044/75/1018 1045/76/1019 1042/975/1017
f 1050/77/1020 1046/78/1021 1044/75/1018
f 1046/78/1021 1049/79/1022 1045/76/1019
f 1046/78/1021 1045/76/1019 1044/75/1018
f 1053/80/1023 1057/81/1024 1049/79/1022
f 1053/80/1023 1049/79/1022 1046/78/1021
f 1848/976/1025 1798/85/1026 1804/977/1027
f 1848/976/1025 1804/977/1027 1821/978/1028
f 1780/86/1029 1783/979/1030 1823/980/1031
f 1058/89/1032 1057/81/1024 1053/80/1023
f 1841/90/1033 1809/93/1034 1813/92/1035
f 1841/90/1033 1813/92/1035 1816/981/1036
f 1062/94/1037 1065/95/1038 1057/81/1024
f 1062/94/1037 1057/81/1024 1058/89/1032
f 1820/982/1039 1801/98/1040 1796/97/1041
f 1063/99/1042 1068/101/1043 1066/100/1044
f 1070/102/1045 1072/103/1046 1068/101/1043
f 1070/102/1045 1068/101/1043 1063/99/1042
f 1832/104/1047 1782/983/1048 1781/106/1049
f 1832/104/1047 1781/106/1049 1830/105/1050
f 1073/108/1051 1075/111/1052 1071/110/1053
f 1073/108/1051 1071/110/1053 1069/109/1054
f 1078/112/1055 1080/113/1056 1075/111/1052
f 1078/112/1055 1075/111/1052 1073/108/1051
f 1812/984/1057 1810/115/1058 1820/982/1039
f 1078/112/1055 1082/116/1059 1080/113/1056
f 1086/117/1060 1089/985/1061 1082/116/1059
f 1086/117/1060 1082/116/1059 1078/112/1055
f 1823/980/1031 1783/979/1030 1789/119/1062
f 1823/980/1031 1789/119/1062 1848/976/1025
f 1820/982/1039 1807/120/1063 1801/98/1040
f 1091/121/1064 1089/985/1061 1086/117/1060
f 1096/122/1065 1100/986/1066 1089/985/1061
f 1096/122/1065 1089/985/1061 1091/121/1064
f 1098/124/1067 1096/122/1065 1091/121/1064
f 1098/124/1067 1091/121/1064 1094/125/1068
f 1099/126/1069 1102/987/1070 1097/127/1071
f 1102/987/1070 1104/130/1072 1101/129/1073
f 1102/987/1070 1101/129/1073 1097/127/1071
f 1106/131/1074 1102/987/1070 1099/126/1069
f 1106/131/1074 1109/132/1075 1102/987/1070
f 1108/133/1076 1111/988/1077 1107/135/1078
f 1108/133/1076 1107/135/1078 1105/134/1079
f 1113/989/1080 1108/133/1076 1110/138/1081
f 1108/133/1076 1114/990/1082 1111/988/1077
f 1115/991/1083 1114/990/1082 1108/133/1076
f 1115/991/1083 1108/133/1076 1113/989/1080
f 1115/991/1083 1118/141/1084 1114/990/1082
f 1120/992/1085 1119/993/1086 1116/144/1087
f 1120/992/1085 1116/144/1087 1117/143/1088
f 1121/994/1089 1122/995/1090 1119/993/1086
f 1121/994/1089 1119/993/1086 1120/992/1085
f 1125/148/1091 1123/149/1092 1121/994/1089
f 1123/149/1092 1127/150/1093 1122/995/1090
f 1123/149/1092 1122/995/1090 1121/994/1089
f 1131/151/1094 1129/996/1095 1124/153/1096
f 1131/151/1094 1124/153/1096 1126/152/1097
f 1129/996/1095 1133/156/1098 1128/155/1099
f 1129/996/1095 1128/155/1099 1124/153/1096
f 1134/157/1100 1136/158/1101 1133/156/1098
f 1134/157/1100 1133/156/1098 1129/996/1095
f 1139/159/1102 1137/160/1103 1134/157/1100
f 1139/159/1102 1134/157/1100 1129/996/1095
f 1137/160/1103 1140/161/1104 1136/158/1101
f 1137/160/1103 1136/158/1101 1134/157/1100
f 1144/162/1105 1142/163/1106 1137/160/1103
f 1144/162/1105 1137/160/1103 1139/159/1102
f 1142/163/1106 1145/997/1107 1140/161/1104
f 1142/163/1106 1140/161/1104 1137/160/1103
f 1148/165/1108 1146/168/1109 1141/167/1110
f 1148/165/1108 1141/167/1110 1143/166/1111
f 1147/169/1112 1145/997/1107 1142/163/1106
f 177/170/175 175/171/176 1146/168/1109
f 177/170/175 1146/168/1109 1148/165/1108
f 176/172/177 179/173/178 1145/997/1107
f 176/172/177 1145/997/1107 1147/169/1112
f 1151/174/1113 1777/10/14 1775/175/1114
f 1152/176/1115 1150/177/1116 1151/174/1113
f 1150/177/1116 1027/56/999 1025/57/1001
f 1152/176/1115 1153/178/1117 1150/177/1116
f 1153/178/1117 1027/56/999 1150/177/1116
f 1153/178/1117 1032/967/1005 1027/56/999
f 1039/971/1012 1153/178/1117 1152/176/1115
f 1036/969/1010 1153/178/1117 1039/971/1012
f 1036/969/1010 1032/967/1005 1153/178/1117
f 1154/179/1118 1041/973/1014 1039/971/1012
f 1155/998/1119 1043/974/1016 1041/973/1014
f 1155/998/1119 1041/973/1014 1154/179/1118
f 1157/181/1120 1043/974/1016 1155/998/1119
f 1157/181/1120 1050/77/1020 1043/974/1016
f 1050/77/1020 1044/75/1018 1043/974/1016
f 1156/182/1121 1055/183/1122 1050/77/1020
f 1157/181/1120 1156/182/1121 1050/77/1020
f 1160/999/1123 1158/185/1124 1156/182/1121
f 1160/999/1123 1156/182/1121 1157/181/1120
f 1158/185/1124 1060/186/1125 1055/183/1122
f 1158/185/1124 1055/183/1122 1156/182/1121
f 1160/999/1123 1161/187/1126 1158/185/1124
f 1162/188/1127 1064/191/1128 1061/190/1129
f 1162/188/1127 1061/190/1129 1159/189/1130
f 1164/192/1131 1064/191/1128 1162/188/1127
f 1160/999/1123 1163/193/1132 1161/187/1126
f 1164/192/1131 1076/194/1133 1064/191/1128
f 1166/195/1134 1079/198/1135 1077/197/1136
f 1166/195/1134 1077/197/1136 1165/196/1137
f 1167/1000/1138 1163/193/1132 1160/999/1123
f 1167/1000/1138 1168/200/1139 1163/193/1132
f 1169/201/1140 1088/203/1141 1084/202/1142
f 1169/201/1140 1084/202/1142 1168/200/1139
f 1167/1000/1138 1169/201/1140 1168/200/1139
f 1169/201/1140 1094/125/1068 1088/203/1141
f 1170/204/1143 1098/124/1067 1094/125/1068
f 1170/204/1143 1094/125/1068 1169/201/1140
f 1167/1000/1138 1170/204/1143 1169/201/1140
f 1174/205/1144 1172/206/1145 1170/204/1143
f 1174/205/1144 1170/204/1143 1167/1000/1138
f 1173/207/1146 1099/126/1069 1171/208/1147
f 1177/209/1148 1106/131/1074 1099/126/1069
f 1177/209/1148 1099/126/1069 1173/207/1146
f 1179/210/1149 1177/209/1148 1173/207/1146
f 1179/210/1149 1173/207/1146 1175/211/1150
f 1178/1001/1151 1110/138/1081 1176/213/1152
f 1180/214/1153 1106/131/1074 1177/209/1148
f 1178/1001/1151 1113/989/1080 1110/138/1081
f 1181/1002/1154 1113/989/1080 1178/1001/1151
f 1181/1002/1154 1115/991/1083 1113/989/1080
f 1183/216/1155 1182/217/1156 1181/1002/1154
f 1182/217/1156 1115/991/1083 1181/1002/1154
f 1185/218/1157 1120/992/1085 1117/143/1088
f 1185/218/1157 1117/143/1088 1184/216/1158
f 1185/218/1157 1121/994/1089 1120/992/1085
f 1185/218/1157 1125/148/1091 1121/994/1089
f 1186/1003/1159 1187/220/1160 1185/218/1157
f 1187/220/1160 1130/221/1161 1125/148/1091
f 1187/220/1160 1125/148/1091 1185/218/1157
f 1191/222/1162 1189/223/1163 1187/220/1160
f 1191/222/1162 1187/220/1160 1186/1003/1159
f 1190/224/1164 1129/996/1095 1131/151/1094
f 1190/224/1164 1131/151/1094 1188/225/1165
f 1191/222/1162 1192/226/1166 1189/223/1163
f 1192/226/1166 1138/228/1167 1135/227/1168
f 1192/226/1166 1135/227/1168 1189/223/1163
f 1194/229/1169 1192/226/1166 1191/222/1162
f 1192/226/1166 1143/166/1111 1138/228/1167
f 1199/230/1170 1197/231/1171 1192/226/1166
f 1199/230/1170 1192/226/1166 1194/229/1169
f 1197/231/1171 1148/165/1108 1143/166/1111
f 1197/231/1171 1143/166/1111 1192/226/1166
f 181/232/238 180/235/241 1198/234/1172
f 181/232/238 1198/234/1172 1200/233/1173
f 180/235/241 178/237/175 1149/236/1108
f 180/235/241 1149/236/1108 1198/234/1172
f 1201/238/1174 1200/233/1173 1196/239/1175
f 181/232/238 1200/233/1173 1201/238/1174
f 1202/240/1176 1201/238/1174 1209/241/1177
f 252/242/246 181/232/238 1201/238/1174
f 252/242/246 1201/238/1174 1202/240/1176
f 182/243/247 251/242/249 1203/1004/1178
f 1203/1004/1178 1206/245/1179 1207/1005/1180
f 1206/245/1179 1215/246/1181 1207/1005/1180
f 1211/1006/1182 1210/249/1183 1212/248/1184
f 1210/249/1183 1214/251/1185 1217/250/1186
f 1210/249/1183 1217/250/1186 1212/248/1184
f 1208/252/1187 1204/254/1188 1218/253/1189
f 1208/252/1187 1218/253/1189 1213/251/1190
f 1213/251/1190 1218/253/1189 1191/222/1162
f 1213/251/1190 1191/222/1162 1216/255/1191
f 1205/256/1188 1195/259/1192 1193/258/1193
f 1205/256/1188 1193/258/1193 1219/257/1194
f 1216/255/1191 1191/222/1162 1186/1003/1159
f 1216/255/1191 1186/1003/1159 1220/260/1195
f 1220/260/1195 1186/1003/1159 1185/218/1157
f 1220/260/1195 1185/218/1157 1223/261/1196
f 1223/261/1196 1185/218/1157 1184/216/1158
f 1224/1007/1197 1222/261/1198 1183/216/1155
f 1224/1007/1197 1183/216/1155 1181/1002/1154
f 1224/1007/1197 1221/263/1199 1222/261/1198
f 1212/248/1184 1217/250/1186 1221/263/1199
f 1212/248/1184 1221/263/1199 1224/1007/1197
f 1225/1008/1200 1212/248/1184 1224/1007/1197
f 1226/1009/1201 1212/248/1184 1225/1008/1200
f 1211/1006/1182 1212/248/1184 1226/1009/1201
f 183/266/273 182/243/247 1203/1004/1178
f 183/266/273 1203/1004/1178 1227/1010/1202
f 1227/1010/1202 1203/1004/1178 1207/1005/1180
f 1227/1010/1202 1207/1005/1180 1228/1011/1203
f 1229/1012/1204 1178/1001/1151 1174/205/1144
f 1229/1012/1204 1224/1007/1197 1181/1002/1154
f 1229/1012/1204 1181/1002/1154 1178/1001/1151
f 1167/1000/1138 1229/1012/1204 1174/205/1144
f 1225/1008/1200 1224/1007/1197 1229/1012/1204
f 1230/1013/1205 1211/1006/1182 1226/1009/1201
f 1227/1010/1202 1228/1011/1203 1232/1014/1206
f 1229/1012/1204 1167/1000/1138 1160/999/1123
f 1225/1008/1200 1229/1012/1204 1231/1015/1207
f 1230/1013/1205 1226/1009/1201 1233/1016/1208
f 1233/1016/1208 1226/1009/1201 1225/1008/1200
f 1231/1015/1207 1229/1012/1204 1160/999/1123
f 1233/1016/1208 1225/1008/1200 1231/1015/1207
f 1234/272/1209 1230/1013/1205 1233/1016/1208
f 1237/273/1210 1232/1014/1206 1235/274/1211
f 185/276/283 183/266/273 1227/1010/1202
f 185/276/283 1227/1010/1202 1232/1014/1206
f 185/276/283 1232/1014/1206 1239/277/1212
f 284/278/285 184/280/287 1238/279/1213
f 284/278/285 1238/279/1213 1240/281/1214
f 1239/277/1212 1232/1014/1206 1237/273/1210
f 1239/277/1212 1237/273/1210 1241/282/1215
f 284/278/285 1240/281/1214 1233/1016/1208
f 284/278/285 1233/1016/1208 1242/1017/1216
f 1240/281/1214 1236/284/1217 1234/272/1209
f 1240/281/1214 1234/272/1209 1233/1016/1208
f 1242/1017/1216 1233/1016/1208 1231/1015/1207
f 1242/1017/1216 1231/1015/1207 1243/1018/1218
f 1243/1018/1218 1231/1015/1207 1157/181/1120
f 1157/181/1120 1231/1015/1207 1160/999/1123
f 1243/1018/1218 1157/181/1120 1155/998/1119
f 1244/1019/1219 1242/1017/1216 1243/1018/1218
f 1244/1019/1219 186/287/294 1242/1017/1216
f 186/287/294 284/278/285 1242/1017/1216
f 187/288/295 186/287/294 1244/1019/1219
f 187/288/295 1244/1019/1219 1245/1020/1220
f 188/290/297 187/288/295 1245/1020/1220
f 1245/1020/1220 1244/1019/1219 1246/1021/1221
f 1246/1021/1221 1244/1019/1219 1243/1018/1218
f 1246/1021/1221 1243/1018/1218 1247/1022/1222
f 1247/1022/1222 1243/1018/1218 1155/998/1119
f 1247/1022/1222 1155/998/1119 1154/179/1118
f 1246/1021/1221 1247/1022/1222 1154/179/1118
f 1248/1023/1223 1246/1021/1221 1154/179/1118
f 1249/1024/1224 1245/1020/1220 1246/1021/1221
f 1249/1024/1224 1246/1021/1221 1248/1023/1223
f 188/290/297 1245/1020/1220 1249/1024/1224
f 297/295/302 188/290/297 1249/1024/1224
f 1776/296/1225 1778/299/1226 909/298/1227
f 1776/296/1225 909/298/1227 897/297/1228
f 1152/176/1115 1248/1023/1223 1039/971/1012
f 1248/1023/1223 1154/179/1118 1039/971/1012
f 298/2/2 1250/302/1229 1251/301/1230
f 298/2/2 1251/301/1230 299/300/307
f 997/3/10 1000/303/1231 1250/302/1229
f 1000/303/1231 1003/305/978 1253/304/1232
f 1000/303/1231 1253/304/1232 1250/302/1229
f 1250/302/1229 1253/304/1232 1254/306/1233
f 1253/304/1232 1256/308/1234 1258/307/1235
f 1253/304/1232 1258/307/1235 1254/306/1233
f 1002/29/978 1259/32/981 1255/310/1236
f 1002/29/978 1255/310/1236 1252/309/1237
f 1255/310/1236 1260/313/1238 1261/312/1239
f 1255/310/1236 1261/312/1239 1257/311/1240
f 1259/32/981 1262/314/1241 1260/313/1238
f 1259/32/981 1260/313/1238 1255/310/1236
f 1260/313/1238 1645/315/1242 1261/312/1239
f 1262/314/1241 1263/1025/1243 1260/313/1238
f 1004/33/980 1264/1026/1244 1262/314/1241
f 1004/33/980 1262/314/1241 1259/32/981
f 1264/1026/1244 1263/1025/1243 1262/314/1241
f 1006/34/982 1264/1026/1244 1004/33/980
f 1264/1026/1244 1265/1027/1245 1263/1025/1243
f 1008/36/984 1266/319/1246 1264/1026/1244
f 1008/36/984 1264/1026/1244 1006/34/982
f 1266/319/1246 1267/1028/1247 1265/1027/1245
f 1266/319/1246 1265/1027/1245 1264/1026/1244
f 1008/36/984 1268/1029/1248 1266/319/1246
f 1266/319/1246 1268/1029/1248 1269/322/1249
f 1266/319/1246 1269/322/1249 1267/1028/1247
f 1268/1029/1248 1270/323/1250 1269/322/1249
f 1008/36/984 1012/38/987 1268/1029/1248
f 1012/38/987 1013/41/989 1271/324/1251
f 1012/38/987 1271/324/1251 1268/1029/1248
f 1268/1029/1248 1271/324/1251 1272/325/1252
f 1268/1029/1248 1272/325/1252 1270/323/1250
f 1271/324/1251 1273/1030/1253 1272/325/1252
f 1013/41/989 1014/963/990 1273/1030/1253
f 1013/41/989 1273/1030/1253 1271/324/1251
f 1014/963/990 1277/328/1254 1274/1031/1255
f 1014/963/990 1274/1031/1255 1273/1030/1253
f 1277/328/1254 1275/1032/1256 1274/1031/1255
f 1014/963/990 1279/1033/1257 1277/328/1254
f 1279/1033/1257 1280/1034/1258 1277/328/1254
f 1016/964/991 1279/1033/1257 1014/963/990
f 1279/1033/1257 1283/333/1259 1280/1034/1258
f 37/44/49 332/332/338 1279/1033/1257
f 37/44/49 1279/1033/1257 1016/964/991
f 332/332/338 335/334/340 1283/333/1259
f 332/332/338 1283/333/1259 1279/1033/1257
f 38/46/51 1018/49/994 1284/1035/1260
f 38/46/51 1284/1035/1260 342/335/341
f 1018/49/994 1288/337/1261 1284/1035/1260
f 1287/1036/1262 1290/1037/1263 1291/339/1264
f 1289/341/1265 1290/1037/1263 1287/1036/1262
f 1290/1037/1263 1292/342/1266 1291/339/1264
f 1019/343/1267 1290/1037/1263 1289/341/1265
f 1022/53/997 1293/344/1268 1290/1037/1263
f 1022/53/997 1290/1037/1263 1019/343/1267
f 1293/344/1268 1294/345/1269 1292/342/1266
f 1293/344/1268 1292/342/1266 1290/1037/1263
f 1028/59/1002 1295/346/1270 1293/344/1268
f 1028/59/1002 1293/344/1268 1022/53/997
f 1295/346/1270 1296/347/1271 1294/345/1269
f 1295/346/1270 1294/345/1269 1293/344/1268
f 1030/61/1004 1297/348/1272 1295/346/1270
f 1030/61/1004 1295/346/1270 1028/59/1002
f 1297/348/1272 1298/349/1273 1296/347/1271
f 1297/348/1272 1296/347/1271 1295/346/1270
f 1033/64/1007 1297/348/1272 1030/61/1004
f 1033/64/1007 1299/350/1274 1298/349/1273
f 1033/64/1007 1298/349/1273 1297/348/1272
f 1035/66/1009 1299/350/1274 1033/64/1007
f 1034/968/1008 1037/970/1011 1035/66/1009
f 1036/969/1010 1038/972/1013 1037/970/1011
f 1038/972/1013 1379/1038/1275 1037/970/1011
f 1038/972/1013 1300/352/1276 1379/1038/1275
f 1040/72/1015 1300/352/1276 1038/972/1013
f 1040/72/1015 1301/1039/1277 1300/352/1276
f 1042/975/1017 1302/354/1278 1301/1039/1277
f 1042/975/1017 1301/1039/1277 1040/72/1015
f 1042/975/1017 1045/76/1019 1302/354/1278
f 1045/76/1019 1303/1040/1279 1302/354/1278
f 1049/79/1022 1304/356/1280 1045/76/1019
f 1304/356/1280 1305/357/1281 1045/76/1019
f 1305/357/1281 1303/1040/1279 1045/76/1019
f 1305/357/1281 1306/359/1282 1307/358/1283
f 1305/357/1281 1307/358/1283 1303/1040/1279
f 1306/359/1282 1310/360/1284 1307/358/1283
f 1307/358/1283 1309/362/1285 1393/361/1286
f 1310/360/1284 1309/362/1285 1307/358/1283
f 1311/363/1287 1312/366/1288 1313/1041/1289
f 1311/363/1287 1313/1041/1289 1308/364/1290
f 1312/366/1288 1314/1042/1291 1313/1041/1289
f 1308/364/1290 1313/1041/1289 1392/368/1292
f 1312/366/1288 1316/369/1293 1314/1042/1291
f 1316/369/1293 1317/371/1294 1315/1043/1295
f 1316/369/1293 1315/1043/1295 1314/1042/1291
f 1317/371/1294 1318/1044/1296 1315/1043/1295
f 1318/1044/1296 1320/1045/1297 1319/1046/1298
f 1318/1044/1296 1319/1046/1298 1315/1043/1295
f 1321/375/1299 1320/1045/1297 1318/1044/1296
f 1321/375/1299 1318/1044/1296 1317/371/1294
f 1323/376/1300 1320/1045/1297 1321/375/1299
f 1326/377/1301 1325/1047/1302 1320/1045/1297
f 1326/377/1301 1320/1045/1297 1323/376/1300
f 1325/1047/1302 1327/1048/1303 1320/1045/1297
f 1328/380/1304 1325/1047/1302 1326/377/1301
f 1328/380/1304 1327/1048/1303 1325/1047/1302
f 1675/1049/1305 1327/1048/1303 1328/380/1304
f 1330/1050/1306 1327/1048/1303 1675/1049/1305
f 1330/1050/1306 1331/1051/1307 1327/1048/1303
f 1333/384/1308 1331/1051/1307 1330/1050/1306
f 1331/1051/1307 1332/1052/1309 1327/1048/1303
f 1334/386/1310 1331/1051/1307 1333/384/1308
f 1336/1053/1311 1332/1052/1309 1331/1051/1307
f 1337/1054/1312 1336/1053/1311 1331/1051/1307
f 1337/1054/1312 1331/1051/1307 1334/386/1310
f 1338/1055/1313 1336/1053/1311 1337/1054/1312
f 1344/390/1314 1340/391/1315 1338/1055/1313
f 1340/391/1315 1342/392/1316 1336/1053/1311
f 1340/391/1315 1336/1053/1311 1338/1055/1313
f 1345/1056/1317 1341/392/1318 1339/391/1319
f 1346/394/1320 1345/1056/1317 1339/391/1319
f 1346/394/1320 1339/391/1319 1343/390/1321
f 1347/1057/1322 1345/1056/1317 1346/394/1320
f 1270/323/1250 1272/325/1252 1347/1057/1322
f 1272/325/1252 1273/1030/1253 1345/1056/1317
f 1272/325/1252 1345/1056/1317 1347/1057/1322
f 1273/1030/1253 1274/1031/1255 1345/1056/1317
f 1345/1056/1317 1348/396/1323 1341/392/1318
f 1274/1031/1255 1275/1032/1256 1348/396/1323
f 1274/1031/1255 1348/396/1323 1345/1056/1317
f 1349/396/1324 1336/1053/1311 1342/392/1316
f 1276/397/1325 1350/1058/1326 1336/1053/1311
f 1276/397/1325 1336/1053/1311 1349/396/1324
f 1350/1058/1326 1332/1052/1309 1336/1053/1311
f 1350/1058/1326 1351/1059/1327 1332/1052/1309
f 1278/400/1328 1352/401/1329 1350/1058/1326
f 1278/400/1328 1350/1058/1326 1276/397/1325
f 1352/401/1329 1351/1059/1327 1350/1058/1326
f 1281/1060/1330 1352/401/1329 1278/400/1328
f 1281/1060/1330 1353/1061/1331 1352/401/1329
f 1353/1061/1331 1355/1062/1332 1352/401/1329
f 1282/333/1333 1353/1061/1331 1281/1060/1330
f 336/334/416 337/405/417 1353/1061/1331
f 336/334/416 1353/1061/1331 1282/333/1333
f 337/405/417 338/407/419 1354/1063/1334
f 337/405/417 1354/1063/1334 1353/1061/1331
f 1353/1061/1331 1354/1063/1334 1355/1062/1332
f 1354/1063/1334 1356/1064/1335 1355/1062/1332
f 338/407/419 1356/1064/1335 1354/1063/1334
f 338/407/419 418/409/421 1356/1064/1335
f 418/409/421 1357/410/1336 1356/1064/1335
f 1356/1064/1335 1357/410/1336 1416/1065/1337
f 418/409/421 419/412/424 1357/410/1336
f 1359/1066/1338 1358/415/1339 420/414/426
f 1358/415/1339 1360/417/1340 421/416/428
f 1358/415/1339 421/416/428 420/414/426
f 1362/1067/1341 1358/415/1339 1359/1066/1338
f 1362/1067/1341 1363/419/1342 1360/417/1340
f 1362/1067/1341 1360/417/1340 1358/415/1339
f 1365/420/1343 1364/421/1344 1362/1067/1341
f 1364/421/1344 1367/422/1345 1363/419/1342
f 1364/421/1344 1363/419/1342 1362/1067/1341
f 1298/349/1273 1368/423/1346 1364/421/1344
f 1298/349/1273 1364/421/1344 1365/420/1343
f 1368/423/1346 1367/422/1345 1364/421/1344
f 1299/350/1274 1370/424/1347 1368/423/1346
f 1299/350/1274 1368/423/1346 1298/349/1273
f 1373/1068/1348 1372/426/1349 1370/424/1347
f 1373/1068/1348 1370/424/1347 1299/350/1274
f 1376/1069/1350 1375/428/1351 1372/426/1349
f 1376/1069/1350 1372/426/1349 1373/1068/1348
f 1379/1038/1275 1378/429/1352 1375/428/1351
f 1379/1038/1275 1375/428/1351 1376/1069/1350
f 1379/1038/1275 1381/1070/1353 1378/429/1352
f 1383/1071/1354 1382/432/1355 1381/1070/1353
f 1382/432/1355 1385/433/1356 1381/1070/1353
f 1382/432/1355 1387/1072/1357 1385/433/1356
f 1388/1073/1358 1382/432/1355 1383/1071/1354
f 1382/432/1355 1390/1074/1359 1387/1072/1357
f 1307/358/1283 1382/432/1355 1388/1073/1358
f 1307/358/1283 1393/361/1286 1390/1074/1359
f 1307/358/1283 1390/1074/1359 1382/432/1355
f 1392/368/1292 1313/1041/1289 1394/1075/1360
f 1392/368/1292 1394/1075/1360 1391/437/1361
f 1391/437/1361 1394/1075/1360 1395/1076/1362
f 1391/437/1361 1395/1076/1362 1389/439/1363
f 1313/1041/1289 1314/1042/1291 1394/1075/1360
f 1394/1075/1360 1314/1042/1291 1396/1077/1364
f 1394/1075/1360 1396/1077/1364 1395/1076/1362
f 1314/1042/1291 1315/1043/1295 1396/1077/1364
f 1315/1043/1295 1397/1078/1365 1396/1077/1364
f 1315/1043/1295 1398/1079/1366 1397/1078/1365
f 1315/1043/1295 1319/1046/1298 1398/1079/1366
f 1400/1080/1367 1399/445/1368 1398/1079/1366
f 1400/1080/1367 1398/1079/1366 1319/1046/1298
f 1401/1081/1369 1402/1082/1370 1399/445/1368
f 1401/1081/1369 1399/445/1368 1400/1080/1367
f 1401/1081/1369 1404/1083/1371 1402/1082/1370
f 1403/1084/1372 1405/1085/1373 1401/1081/1369
f 1405/1085/1373 1406/1086/1374 1404/1083/1371
f 1405/1085/1373 1404/1083/1371 1401/1081/1369
f 1405/1085/1373 1403/1084/1372 1408/1087/1375
f 1406/1086/1374 1405/1085/1373 1407/454/1376
f 1406/1086/1374 1407/454/1376 1467/453/1377
f 1405/1085/1373 1408/1087/1375 1407/454/1376
f 1403/1084/1372 1409/1088/1378 1408/1087/1375
f 1408/1087/1375 1409/1088/1378 1418/1089/1379
f 1409/1088/1378 1410/1090/1380 1418/1089/1379
f 1410/1090/1380 1409/1088/1378 1411/1091/1381
f 1409/1088/1378 1403/1084/1372 1411/1091/1381
f 1411/1091/1381 1403/1084/1372 1401/1081/1369
f 1411/1091/1381 1401/1081/1369 1412/1092/1382
f 1412/1092/1382 1401/1081/1369 1400/1080/1367
f 1412/1092/1382 1400/1080/1367 1319/1046/1298
f 1412/1092/1382 1319/1046/1298 1413/1093/1383
f 1413/1093/1383 1319/1046/1298 1320/1045/1297
f 1414/1094/1384 1413/1093/1383 1320/1045/1297
f 1414/1094/1384 1415/1095/1385 1413/1093/1383
f 1415/1095/1385 1412/1092/1382 1413/1093/1383
f 1415/1095/1385 1411/1091/1381 1412/1092/1382
f 1416/1065/1337 1410/1090/1380 1411/1091/1381
f 1416/1065/1337 1411/1091/1381 1415/1095/1385
f 1357/410/1336 1417/1096/1386 1410/1090/1380
f 1357/410/1336 1410/1090/1380 1416/1065/1337
f 419/412/424 483/464/476 1417/1096/1386
f 419/412/424 1417/1096/1386 1357/410/1336
f 1410/1090/1380 1417/1096/1386 1418/1089/1379
f 1417/1096/1386 483/464/476 485/465/477
f 1417/1096/1386 485/465/477 1418/1089/1379
f 422/466/478 1361/468/1387 1420/1097/1388
f 422/466/478 1420/1097/1388 488/467/479
f 488/467/479 1420/1097/1388 1422/470/1389
f 488/467/479 1422/470/1389 489/469/481
f 1419/471/1390 1423/474/1391 1424/1098/1392
f 1419/471/1390 1424/1098/1392 1421/472/1393
f 1360/417/1340 1363/419/1342 1423/474/1391
f 1360/417/1340 1423/474/1391 1419/471/1390
f 1363/419/1342 1430/476/1394 1426/475/1395
f 1363/419/1342 1426/475/1395 1423/474/1391
f 1423/474/1391 1426/475/1395 1424/1098/1392
f 1426/475/1395 1428/478/1396 1507/477/1397
f 1426/475/1395 1507/477/1397 1424/1098/1392
f 1429/479/1398 1427/481/1399 1425/480/1400
f 1367/422/1345 1432/482/1401 1430/476/1394
f 1367/422/1345 1430/476/1394 1363/419/1342
f 1431/483/1402 1433/1099/1403 1429/479/1398
f 1369/485/1404 1433/1099/1403 1431/483/1402
f 1369/485/1404 1431/483/1402 1366/486/1405
f 1371/487/1406 1434/1100/1407 1433/1099/1403
f 1371/487/1406 1433/1099/1403 1369/485/1404
f 1374/1101/1408 1434/1100/1407 1371/487/1406
f 1374/1101/1408 1435/1102/1409 1434/1100/1407
f 1377/491/1410 1518/1103/1411 1435/1102/1409
f 1377/491/1410 1435/1102/1409 1374/1101/1408
f 1380/493/1412 1436/494/1413 1377/491/1410
f 1436/494/1413 1518/1103/1411 1377/491/1410
f 1381/1070/1353 1439/1104/1414 1437/495/1415
f 1381/1070/1353 1437/495/1415 1378/429/1352
f 1385/433/1356 1441/497/1416 1439/1104/1414
f 1385/433/1356 1439/1104/1414 1381/1070/1353
f 1386/498/1417 1440/500/1418 1384/499/1419
f 1440/500/1418 1442/1105/1420 1438/1106/1421
f 1386/498/1417 1395/1076/1362 1440/500/1418
f 1395/1076/1362 1443/1107/1422 1442/1105/1420
f 1395/1076/1362 1442/1105/1420 1440/500/1418
f 1389/439/1363 1395/1076/1362 1386/498/1417
f 1395/1076/1362 1396/1077/1364 1443/1107/1422
f 1396/1077/1364 1397/1078/1365 1443/1107/1422
f 1443/1107/1422 1444/1108/1423 1442/1105/1420
f 1443/1107/1422 1445/1109/1424 1444/1108/1423
f 1397/1078/1365 1445/1109/1424 1443/1107/1422
f 1446/1110/1425 1445/1109/1424 1397/1078/1365
f 1446/1110/1425 1447/507/1426 1445/1109/1424
f 1447/507/1426 1490/1111/1427 1445/1109/1424
f 1446/1110/1425 1448/1112/1428 1447/507/1426
f 1448/1112/1428 1450/1113/1429 1447/507/1426
f 1488/511/1430 1490/1111/1427 1447/507/1426
f 1488/511/1430 1447/507/1426 1449/512/1431
f 1451/513/1432 1449/512/1431 1447/507/1426
f 1451/513/1432 1447/507/1426 1450/1113/1429
f 1452/1114/1433 1450/1113/1429 1448/1112/1428
f 1450/1113/1429 1453/515/1434 1451/513/1432
f 1454/1115/1435 1450/1113/1429 1452/1114/1433
f 1450/1113/1429 1455/517/1436 1453/515/1434
f 1450/1113/1429 1456/518/1437 1455/517/1436
f 527/519/531 1450/1113/1429 1454/1115/1435
f 527/519/531 487/520/532 1456/518/1437
f 527/519/531 1456/518/1437 1450/1113/1429
f 527/519/531 1454/1115/1435 1457/522/1438
f 527/519/531 1457/522/1438 528/521/533
f 486/523/535 1458/525/1439 1459/524/1440
f 1458/525/1439 1461/527/1441 1463/526/1442
f 1458/525/1439 1463/526/1442 1459/524/1440
f 1454/1115/1435 1460/528/1443 1457/522/1438
f 1460/528/1443 1464/1116/1444 1465/530/1445
f 1460/528/1443 1465/530/1445 1462/529/1446
f 1454/1115/1435 1464/1116/1444 1460/528/1443
f 1464/1116/1444 1406/1086/1374 1467/453/1377
f 1464/1116/1444 1467/453/1377 1465/530/1445
f 1406/1086/1374 1464/1116/1444 1452/1114/1433
f 1406/1086/1374 1452/1114/1433 1404/1083/1371
f 1464/1116/1444 1454/1115/1435 1452/1114/1433
f 1452/1114/1433 1448/1112/1428 1404/1083/1371
f 1404/1083/1371 1448/1112/1428 1402/1082/1370
f 1402/1082/1370 1448/1112/1428 1446/1110/1425
f 1402/1082/1370 1446/1110/1425 1399/445/1368
f 1399/445/1368 1446/1110/1425 1398/1079/1366
f 1466/532/1447 1468/534/1448 1469/533/1449
f 1463/526/1442 1466/532/1447 1469/533/1449
f 1463/526/1442 1469/533/1449 1470/1117/1450
f 1469/533/1449 1472/536/1451 1470/1117/1450
f 1467/453/1377 1407/454/1376 1473/538/1452
f 1467/453/1377 1473/538/1452 1471/537/1453
f 1469/533/1449 1474/540/1454 1476/1118/1455
f 1469/533/1449 1476/1118/1455 1472/536/1451
f 1473/538/1452 1477/1119/1456 1475/541/1457
f 1407/454/1376 1408/1087/1375 1477/1119/1456
f 1407/454/1376 1477/1119/1456 1473/538/1452
f 1408/1087/1375 1418/1089/1379 550/543/555
f 1408/1087/1375 550/543/555 1477/1119/1456
f 1477/1119/1456 550/543/555 1485/1120/1458
f 550/543/555 551/545/557 1485/1120/1458
f 1418/1089/1379 485/465/477 550/543/555
f 486/523/535 1459/524/1440 1470/1117/1450
f 486/523/535 1470/1117/1450 552/546/558
f 1459/524/1440 1463/526/1442 1470/1117/1450
f 552/546/558 1470/1117/1450 1478/547/1459
f 1470/1117/1450 1480/548/1460 1478/547/1459
f 1470/1117/1450 1472/536/1451 1480/548/1460
f 1472/536/1451 1476/1118/1455 1484/549/1461
f 1475/541/1457 1485/1120/1458 1483/550/1462
f 1475/541/1457 1477/1119/1456 1485/1120/1458
f 551/545/557 565/551/563 1486/1121/1463
f 551/545/557 1486/1121/1463 1485/1120/1458
f 565/551/563 564/554/566 1486/1121/1463
f 1486/1121/1463 1483/550/1462 1485/1120/1458
f 1486/1121/1463 562/555/567 1482/552/1464
f 1486/1121/1463 1482/552/1464 1483/550/1462
f 564/554/566 562/555/567 1486/1121/1463
f 562/555/567 1481/556/1465 1482/552/1464
f 1487/557/1466 1478/547/1459 1480/548/1460
f 563/558/570 561/561/573 1479/560/1467
f 1488/511/1430 1489/1122/1468 1490/1111/1427
f 1489/1122/1468 1492/564/1469 1491/1123/1470
f 1489/1122/1468 1491/1123/1470 1490/1111/1427
f 1444/1108/1423 1490/1111/1427 1491/1123/1470
f 1520/1124/1471 1444/1108/1423 1491/1123/1470
f 1520/1124/1471 1491/1123/1470 1496/1125/1472
f 1493/567/1473 1491/1123/1470 1492/564/1469
f 1493/567/1473 1494/568/1474 1491/1123/1470
f 1494/568/1474 1495/569/1475 1491/1123/1470
f 1491/1123/1470 1497/571/1476 1498/1126/1477
f 1491/1123/1470 1498/1126/1477 1496/1125/1472
f 1495/569/1475 1497/571/1476 1491/1123/1470
f 1497/571/1476 580/572/584 579/570/582
f 1497/571/1476 579/570/582 1498/1126/1477
f 489/469/481 1422/470/1389 1500/573/1478
f 581/574/586 1499/576/1479 1501/1127/1480
f 581/574/586 1501/1127/1480 582/575/587
f 1499/576/1479 1424/1098/1392 1501/1127/1480
f 1421/472/1393 1424/1098/1392 1499/576/1479
f 1424/1098/1392 1503/578/1481 1505/577/1482
f 1424/1098/1392 1505/577/1482 1501/1127/1480
f 1424/1098/1392 1507/477/1397 1503/578/1481
f 1502/579/1483 1508/1128/1484 1509/605/617
f 1502/579/1483 1509/605/617 1504/580/1485
f 1506/583/1486 1510/584/1487 1508/1128/1484
f 1506/583/1486 1508/1128/1484 1502/579/1483
f 1427/481/1399 1511/585/1488 1510/584/1487
f 1427/481/1399 1510/584/1487 1506/583/1486
f 1511/585/1488 1512/586/1489 1510/584/1487
f 1429/479/1398 1513/587/1490 1511/585/1488
f 1429/479/1398 1511/585/1488 1427/481/1399
f 1513/587/1490 1514/588/1491 1512/586/1489
f 1513/587/1490 1512/586/1489 1511/585/1488
f 1433/1099/1403 1515/589/1492 1513/587/1490
f 1433/1099/1403 1513/587/1490 1429/479/1398
f 1515/589/1492 1516/1129/1493 1514/588/1491
f 1515/589/1492 1514/588/1491 1513/587/1490
f 1434/1100/1407 1435/1102/1409 1515/589/1492
f 1434/1100/1407 1515/589/1492 1433/1099/1403
f 1435/1102/1409 1518/1103/1411 1517/591/1494
f 1436/494/1413 1519/592/1495 1518/1103/1411
f 1438/1106/1421 1519/592/1495 1436/494/1413
f 1438/1106/1421 1442/1105/1420 1519/592/1495
f 1442/1105/1420 1520/1124/1471 1519/592/1495
f 1490/1111/1427 1444/1108/1423 1445/1109/1424
f 1519/592/1495 1520/1124/1471 1518/1103/1411
f 1442/1105/1420 1444/1108/1423 1520/1124/1471
f 1520/1124/1471 1496/1125/1472 1517/591/1494
f 1518/1103/1411 1520/1124/1471 1517/591/1494
f 1517/591/1494 1496/1125/1472 1521/593/1496
f 1521/593/1496 1496/1125/1472 1498/1126/1477
f 1521/593/1496 1498/1126/1477 1522/594/1497
f 863/595/607 867/598/1498 1762/597/1499
f 863/595/607 1762/597/1499 1761/596/1500
f 1522/594/1497 1498/1126/1477 579/570/582
f 1522/594/1497 579/570/582 608/599/611
f 1501/1127/1480 617/600/612 582/575/587
f 1501/1127/1480 1505/577/1482 617/600/612
f 1504/580/1485 1509/605/617 615/604/616
f 1504/580/1485 615/604/616 616/602/614
f 1508/1128/1484 614/606/618 1509/605/617
f 1510/584/1487 1525/607/1501 614/606/618
f 1510/584/1487 614/606/618 1508/1128/1484
f 1525/607/1501 613/608/620 614/606/618
f 1512/586/1489 1525/607/1501 1510/584/1487
f 1512/586/1489 612/609/621 613/608/620
f 1512/586/1489 613/608/620 1525/607/1501
f 1514/588/1491 1523/610/1502 1512/586/1489
f 1523/610/1502 610/611/623 612/609/621
f 1523/610/1502 612/609/621 1512/586/1489
f 1398/1079/1366 1446/1110/1425 1397/1078/1365
f 1526/1130/1503 1415/1095/1385 1414/1094/1384
f 1356/1064/1335 1416/1065/1337 1415/1095/1385
f 1356/1064/1335 1415/1095/1385 1526/1130/1503
f 1414/1094/1384 1320/1045/1297 1327/1048/1303
f 1526/1130/1503 1414/1094/1384 1351/1059/1327
f 1351/1059/1327 1414/1094/1384 1327/1048/1303
f 1351/1059/1327 1327/1048/1303 1332/1052/1309
f 1355/1062/1332 1526/1130/1503 1352/401/1329
f 1355/1062/1332 1356/1064/1335 1526/1130/1503
f 1352/401/1329 1526/1130/1503 1351/1059/1327
f 1303/1040/1279 1307/358/1283 1388/1073/1358
f 1302/354/1278 1388/1073/1358 1301/1039/1277
f 1303/1040/1279 1388/1073/1358 1302/354/1278
f 1301/1039/1277 1388/1073/1358 1383/1071/1354
f 1301/1039/1277 1383/1071/1354 1300/352/1276
f 1300/352/1276 1383/1071/1354 1381/1070/1353
f 1300/352/1276 1381/1070/1353 1379/1038/1275
f 1037/970/1011 1379/1038/1275 1376/1069/1350
f 1037/970/1011 1376/1069/1350 1373/1068/1348
f 1037/970/1011 1373/1068/1348 1035/66/1009
f 1035/66/1009 1373/1068/1348 1299/350/1274
f 1298/349/1273 1365/420/1343 1296/347/1271
f 1296/347/1271 1365/420/1343 1527/613/1504
f 1296/347/1271 1527/613/1504 1294/345/1269
f 1365/420/1343 1362/1067/1341 1527/613/1504
f 1294/345/1269 1527/613/1504 1359/1066/1338
f 1294/345/1269 1359/1066/1338 1528/614/1505
f 1527/613/1504 1362/1067/1341 1359/1066/1338
f 1528/614/1505 1359/1066/1338 420/414/426
f 1528/614/1505 420/414/426 339/615/627
f 1294/345/1269 1528/614/1505 1292/342/1266
f 1292/342/1266 1528/614/1505 1530/616/1506
f 1529/617/1507 340/620/632 341/619/631
f 1529/617/1507 341/619/631 1531/1131/1508
f 1292/342/1266 1530/616/1506 1532/621/1509
f 1292/342/1266 1532/621/1509 1291/339/1264
f 1291/339/1264 1532/621/1509 1533/623/1510
f 1531/1131/1508 341/619/631 630/624/636
f 1291/339/1264 1533/623/1510 1534/625/1511
f 1535/626/1512 630/624/636 634/627/639
f 1286/628/1513 1536/631/1514 635/630/642
f 1286/628/1513 635/630/642 343/629/641
f 1287/1036/1262 1291/339/1264 1534/625/1511
f 1287/1036/1262 1534/625/1511 1285/632/1515
f 1537/1132/1516 1347/1057/1322 1346/394/1320
f 1269/322/1249 1270/323/1250 1347/1057/1322
f 1269/322/1249 1347/1057/1322 1537/1132/1516
f 1267/1028/1247 1269/322/1249 1537/1132/1516
f 1346/394/1320 1538/635/1517 1539/1133/1518
f 1538/635/1517 1346/394/1320 1343/390/1321
f 1541/636/1519 1540/1134/1520 1542/1135/1521
f 1540/1134/1520 1344/390/1314 1338/1055/1313
f 1540/1134/1520 1338/1055/1313 1542/1135/1521
f 1542/1135/1521 1338/1055/1313 1337/1054/1312
f 1542/1135/1521 1337/1054/1312 1559/639/1522
f 1337/1054/1312 1334/386/1310 1544/640/1523
f 1334/386/1310 1545/641/1524 1544/640/1523
f 1552/642/1525 1553/645/1526 1551/644/1527
f 1552/642/1525 1551/644/1527 1548/643/1528
f 1553/645/1526 1555/647/1529 1558/646/1530
f 1553/645/1526 1558/646/1530 1551/644/1527
f 1554/648/1531 1556/651/1532 1561/650/1533
f 1554/648/1531 1561/650/1533 1557/649/1534
f 1550/652/1535 1557/649/1534 1560/653/1536
f 1557/649/1534 1561/650/1533 1560/653/1536
f 1556/651/1532 1567/655/1537 1564/654/1538
f 1556/651/1532 1564/654/1538 1561/650/1533
f 1567/655/1537 1568/657/1539 1566/656/1540
f 1567/655/1537 1566/656/1540 1564/654/1538
f 1568/657/1539 1569/659/1541 1571/658/1542
f 1568/657/1539 1571/658/1542 1566/656/1540
f 1569/659/1541 1570/660/1543 1571/658/1542
f 1566/656/1540 1571/658/1542 1572/661/1544
f 1570/660/1543 1574/662/1545 1571/658/1542
f 1570/660/1543 1112/664/1546 1576/663/1547
f 1570/660/1543 1576/663/1547 1574/662/1545
f 1111/988/1077 1578/666/1548 1575/665/1549
f 1576/663/1547 1579/668/1550 1580/667/1551
f 1576/663/1547 1580/667/1551 1574/662/1545
f 1111/988/1077 1114/990/1082 1577/669/1552
f 1111/988/1077 1577/669/1552 1578/666/1548
f 1114/990/1082 1581/671/1553 1573/1136/1554
f 1114/990/1082 1573/1136/1554 1577/669/1552
f 1118/141/1084 1582/672/1555 1581/671/1553
f 1118/141/1084 1581/671/1553 1114/990/1082
f 1119/993/1086 1122/995/1090 1583/1137/1556
f 1119/993/1086 1583/1137/1556 1116/144/1087
f 1122/995/1090 1584/1138/1557 1583/1137/1556
f 1127/150/1093 1585/675/1558 1122/995/1090
f 1585/675/1558 1584/1138/1557 1122/995/1090
f 1585/675/1558 1127/150/1093 1586/1139/1559
f 1584/1138/1557 1585/675/1558 1586/1139/1559
f 1584/1138/1557 1586/1139/1559 1587/1140/1560
f 1587/1140/1560 1586/1139/1559 1588/1141/1561
f 1586/1139/1559 1589/679/1562 1588/1141/1561
f 1586/1139/1559 1590/680/1563 1589/679/1562
f 1127/150/1093 1132/681/1564 1590/680/1563
f 1127/150/1093 1590/680/1563 1586/1139/1559
f 1591/682/1565 1593/684/1566 1592/683/1567
f 1133/156/1098 1136/158/1101 1593/684/1566
f 1133/156/1098 1593/684/1566 1591/682/1565
f 1136/158/1101 1140/161/1104 1594/1142/1568
f 1136/158/1101 1594/1142/1568 1593/684/1566
f 1140/161/1104 1145/997/1107 1595/1143/1569
f 1140/161/1104 1595/1143/1569 1594/1142/1568
f 1145/997/1107 179/173/178 1595/1143/1569
f 1595/1143/1569 179/173/178 696/687/699
f 1595/1143/1569 1596/1144/1570 1597/688/1571
f 1595/1143/1569 696/687/699 1596/1144/1570
f 1598/690/1572 1595/1143/1569 1597/688/1571
f 1600/691/1573 1598/690/1572 1599/692/1574
f 1594/1142/1568 1595/1143/1569 1598/690/1572
f 1600/691/1573 1594/1142/1568 1598/690/1572
f 1593/684/1566 1594/1142/1568 1600/691/1573
f 1592/683/1567 1600/691/1573 1603/1145/1575
f 1592/683/1567 1593/684/1566 1600/691/1573
f 1602/694/1576 1592/683/1567 1603/1145/1575
f 1602/694/1576 1603/1145/1575 1605/695/1577
f 1605/695/1577 1603/1145/1575 1606/697/1578
f 1605/695/1577 1606/697/1578 1607/696/1579
f 1603/1145/1575 1600/691/1573 1599/692/1574
f 1603/1145/1575 1599/692/1574 1606/697/1578
f 1612/698/1580 1605/695/1577 1607/696/1579
f 1612/698/1580 1607/696/1579 1608/699/1581
f 1614/700/1582 1612/698/1580 1608/699/1581
f 1614/700/1582 1608/699/1581 1610/701/1583
f 1587/1140/1560 1615/704/1584 1611/703/1585
f 1587/1140/1560 1611/703/1585 1613/702/1586
f 1616/705/1587 1605/695/1577 1612/698/1580
f 1588/1141/1561 1601/707/1588 1604/706/1589
f 1588/1141/1561 1604/706/1589 1615/704/1584
f 1587/1140/1560 1588/1141/1561 1615/704/1584
f 1588/1141/1561 1589/679/1562 1601/707/1588
f 1618/1146/1590 1587/1140/1560 1617/1147/1591
f 1619/1148/1592 1584/1138/1557 1587/1140/1560
f 1619/1148/1592 1587/1140/1560 1618/1146/1590
f 1584/1138/1557 1619/1148/1592 1620/1149/1593
f 1619/1148/1592 1622/713/1594 1624/712/1595
f 1619/1148/1592 1624/712/1595 1620/1149/1593
f 1619/1148/1592 1627/714/1596 1622/713/1594
f 1621/715/1597 1625/717/1598 1623/716/1599
f 1626/718/1600 1625/717/1598 1621/715/1597
f 1627/714/1596 1619/1148/1592 1618/1146/1590
f 1627/714/1596 1618/1146/1590 1629/719/1601
f 1625/717/1598 1626/718/1600 1628/721/1602
f 1625/717/1598 1628/721/1602 1630/1150/1603
f 1629/719/1601 1618/1146/1590 1631/722/1604
f 1631/722/1604 1618/1146/1590 1617/1147/1591
f 1631/722/1604 1617/1147/1591 1633/723/1605
f 1630/1150/1603 1628/721/1602 1632/724/1606
f 1630/1150/1603 1632/724/1606 1265/1027/1245
f 1265/1027/1245 1632/724/1606 1634/726/1607
f 1265/1027/1245 1634/726/1607 1636/725/1608
f 1633/723/1605 1617/1147/1591 1635/727/1609
f 1635/727/1609 1617/1147/1591 1637/728/1610
f 1638/729/1611 1636/725/1608 1639/731/1612
f 1638/729/1611 1639/731/1612 1643/730/1613
f 1637/728/1610 1617/1147/1591 1641/733/1614
f 1637/728/1610 1641/733/1614 1640/732/1615
f 1617/1147/1591 1642/1151/1616 1641/733/1614
f 1642/1151/1616 1613/702/1586 1609/735/1617
f 1617/1147/1591 1587/1140/1560 1613/702/1586
f 1617/1147/1591 1613/702/1586 1642/1151/1616
f 1646/736/1618 1638/729/1611 1643/730/1613
f 1646/736/1618 1643/730/1613 1644/737/1619
f 1260/313/1238 1646/736/1618 1644/737/1619
f 1260/313/1238 1644/737/1619 1645/315/1242
f 1263/1025/1243 1647/1152/1620 1646/736/1618
f 1263/1025/1243 1646/736/1618 1260/313/1238
f 1647/1152/1620 1636/725/1608 1638/729/1611
f 1647/1152/1620 1638/729/1611 1646/736/1618
f 1647/1152/1620 1265/1027/1245 1636/725/1608
f 1265/1027/1245 1647/1152/1620 1263/1025/1243
f 1267/1028/1247 1630/1150/1603 1265/1027/1245
f 1267/1028/1247 1625/717/1598 1630/1150/1603
f 1625/717/1598 1267/1028/1247 1648/1153/1621
f 1267/1028/1247 1537/1132/1516 1648/1153/1621
f 1648/1153/1621 1537/1132/1516 1346/394/1320
f 1648/1153/1621 1346/394/1320 1539/1133/1518
f 1625/717/1598 1648/1153/1621 1539/1133/1518
f 1625/717/1598 1539/1133/1518 1649/740/1622
f 1650/741/1623 1541/636/1519 1651/1154/1624
f 1650/741/1623 1651/1154/1624 1652/742/1625
f 1541/636/1519 1542/1135/1521 1651/1154/1624
f 1652/742/1625 1651/1154/1624 1654/744/1626
f 1654/744/1626 1651/1154/1624 1656/745/1627
f 1651/1154/1624 1542/1135/1521 1559/639/1522
f 1656/745/1627 1651/1154/1624 1559/639/1522
f 1656/745/1627 1559/639/1522 1562/746/1628
f 1559/639/1522 1337/1054/1312 1545/747/1629
f 1659/748/1630 1657/751/1631 1563/750/1632
f 1659/748/1630 1563/750/1632 1565/1155/1633
f 1660/752/1634 1654/744/1626 1656/745/1627
f 1660/752/1634 1656/745/1627 1658/753/1635
f 1662/1156/1636 1661/755/1637 1659/748/1630
f 1662/1156/1636 1659/748/1630 1565/1155/1633
f 1662/1156/1636 1664/756/1638 1661/755/1637
f 1664/756/1638 1653/758/1639 1655/757/1640
f 1664/756/1638 1655/757/1640 1661/755/1637
f 1665/1157/1641 1664/756/1638 1662/1156/1636
f 1665/1157/1641 1666/760/1642 1664/756/1638
f 1650/741/1623 1652/742/1625 1663/761/1643
f 1620/1149/1593 1670/763/1644 1667/760/1645
f 1620/1149/1593 1667/760/1645 1668/762/1646
f 1669/764/1647 1625/717/1598 1649/740/1622
f 1620/1149/1593 1624/712/1595 1670/763/1644
f 1623/716/1599 1625/717/1598 1669/764/1647
f 1584/1138/1557 1620/1149/1593 1668/762/1646
f 1584/1138/1557 1668/762/1646 1583/1137/1556
f 1582/672/1555 1665/1157/1641 1662/1156/1636
f 1582/672/1555 1662/1156/1636 1581/671/1553
f 1581/671/1553 1662/1156/1636 1671/1158/1648
f 1581/671/1553 1671/1158/1648 1573/1136/1554
f 1671/1158/1648 1662/1156/1636 1565/1155/1633
f 1672/766/1649 1333/384/1308 1330/1050/1306
f 1672/766/1649 1330/1050/1306 1673/1159/1650
f 1673/1159/1650 1330/1050/1306 1675/1049/1305
f 1673/1159/1650 1675/1049/1305 1674/1160/1651
f 1329/769/1652 1681/771/1653 1678/770/1654
f 1329/769/1652 1678/770/1654 1676/772/1655
f 1678/770/1654 1679/774/1656 1687/773/1657
f 1678/770/1654 1687/773/1657 1676/772/1655
f 1680/775/1658 1682/778/1659 1685/777/1660
f 1680/775/1658 1685/777/1660 1677/776/1661
f 1682/778/1659 1683/780/1662 1688/779/1663
f 1682/778/1659 1688/779/1663 1685/777/1660
f 1679/774/1656 1689/782/1664 1691/781/1665
f 1679/774/1656 1691/781/1665 1687/773/1657
f 1689/782/1664 1692/783/1666 1691/781/1665
f 1684/784/1667 1696/785/1668 1692/783/1666
f 1684/784/1667 1692/783/1666 1689/782/1664
f 1696/785/1668 1697/787/1669 1695/786/1670
f 1696/785/1668 1695/786/1670 1692/783/1666
f 1697/787/1669 1698/789/1671 1701/788/1672
f 1697/787/1669 1701/788/1672 1695/786/1670
f 1698/789/1671 1699/791/1673 1705/790/1674
f 1698/789/1671 1705/790/1674 1701/788/1672
f 1695/786/1670 1701/788/1672 1703/792/1675
f 1704/793/1676 1706/796/1677 1708/795/1678
f 1704/793/1676 1708/795/1678 1700/794/1679
f 1699/791/1673 1707/797/1680 1705/790/1674
f 1710/798/1681 1082/116/1682 1708/795/1678
f 1710/798/1681 1708/795/1678 1706/796/1677
f 1083/799/1683 1090/802/1684 1711/801/1685
f 1083/799/1683 1711/801/1685 1709/800/1686
f 1089/985/1061 1712/1161/1687 1708/795/1678
f 1712/1161/1687 1700/794/1679 1708/795/1678
f 1100/986/1066 1712/1161/1687 1089/985/1061
f 1103/804/1688 1713/805/1689 1100/986/1066
f 1713/805/1689 1715/1162/1690 1100/986/1066
f 1713/805/1689 1714/807/1691 1715/1162/1690
f 1100/986/1066 1715/1162/1690 1712/1161/1687
f 1714/807/1691 1717/808/1692 1715/1162/1690
f 1715/1162/1690 1717/808/1692 1694/1163/1693
f 1714/807/1691 1721/811/1694 1719/810/1695
f 1714/807/1691 1719/810/1695 1717/808/1692
f 1720/812/1696 1722/1164/1697 1718/813/1698
f 1720/812/1696 1672/766/1649 1673/1159/1650
f 1720/812/1696 1673/1159/1650 1722/1164/1697
f 1722/1164/1697 1673/1159/1650 1674/1160/1651
f 1722/1164/1697 1674/1160/1651 1686/1165/1699
f 1718/813/1698 1722/1164/1697 1686/1165/1699
f 1718/813/1698 1686/1165/1699 1690/1166/1700
f 1686/1165/1699 1674/1160/1651 1723/817/1701
f 1715/1162/1690 1694/1163/1693 1724/818/1702
f 1716/1167/1703 1718/813/1698 1690/1166/1700
f 1716/1167/1703 1690/1166/1700 1693/1168/1704
f 1715/1162/1690 1724/818/1702 1702/1169/1705
f 1712/1161/1687 1702/1169/1705 1700/794/1679
f 1712/1161/1687 1715/1162/1690 1702/1169/1705
f 1725/822/1706 1328/380/1304 1326/377/1301
f 1725/822/1706 1326/377/1301 1727/1170/1707
f 1726/824/1708 1725/822/1706 1727/1170/1707
f 1326/377/1301 1323/376/1300 1727/1170/1707
f 1324/825/1709 1322/827/1710 1728/826/1711
f 1321/828/1712 1730/831/1713 1758/1171/1714
f 1321/828/1712 1758/1171/1714 1729/829/1715
f 1730/831/1713 1733/832/1716 1758/1171/1714
f 1731/833/1717 1732/836/1718 1735/835/1719
f 1731/833/1717 1735/835/1719 1734/834/1720
f 1732/836/1718 1739/838/1721 1738/837/1722
f 1732/836/1718 1738/837/1722 1735/835/1719
f 1739/838/1721 1740/840/1723 1760/839/1724
f 1739/838/1721 1760/839/1724 1738/837/1722
f 1740/840/1723 1742/842/1725 1745/841/1726
f 1740/840/1723 1745/841/1726 1760/839/1724
f 1741/843/1727 1743/1172/1728 1744/844/1729
f 1743/1172/1728 1057/81/1024 1746/846/1730
f 1057/81/1024 1065/95/1038 1746/846/1730
f 1065/95/1038 1067/847/1731 1746/846/1730
f 1067/847/1731 1748/849/1732 1747/1173/1733
f 1067/847/1731 1747/1173/1733 1746/846/1730
f 1071/110/1053 1748/849/1732 1067/847/1731
f 1075/111/1052 1748/849/1732 1071/110/1053
f 1075/111/1052 1749/850/1734 1748/849/1732
f 1749/850/1734 1750/852/1735 1751/1174/1736
f 1749/850/1734 1751/1174/1736 1748/849/1732
f 1750/852/1735 1752/1175/1737 1751/1174/1736
f 1750/852/1735 1754/854/1738 1752/1175/1737
f 1752/1175/1737 1754/854/1738 1737/855/1739
f 1753/856/1740 1755/1176/1741 1736/857/1742
f 1753/856/1740 1756/859/1743 1755/1176/1741
f 1756/859/1743 1757/860/1744 1758/1171/1714
f 1756/859/1743 1758/1171/1714 1755/1176/1741
f 1757/860/1744 1726/824/1708 1727/1170/1707
f 1757/860/1744 1727/1170/1707 1758/1171/1714
f 1755/1176/1741 1758/1171/1714 1733/832/1716
f 1758/1171/1714 1727/1170/1707 1729/829/1715
f 1752/1175/1737 1737/855/1739 1759/861/1745
f 1748/849/1732 1751/1174/1736 1747/1173/1733
f 1747/1173/1733 1751/1174/1736 1744/844/1729
f 1747/1173/1733 1744/844/1729 1743/1172/1728
f 1751/1174/1736 1752/1175/1737 1759/861/1745
f 1751/1174/1736 1759/861/1745 1744/844/1729
f 1746/846/1730 1747/1173/1733 1743/1172/1728
f 1761/596/1500 1521/593/1496 1522/594/1497
f 1516/1129/1493 1521/593/1496 1761/596/1500
f 1761/596/1500 1522/594/1497 608/599/611
f 1761/596/1500 608/599/611 863/595/607
f 1524/862/1746 1766/865/1747 871/864/1748
f 1524/862/1746 871/864/1748 611/863/1749
f 870/866/1750 1762/597/1499 867/598/1498
f 1761/596/1500 1762/597/1499 1763/1177/1751
f 1761/596/1500 1763/1177/1751 1516/1129/1493
f 1516/1129/1493 1763/1177/1751 1514/588/1491
f 1766/865/1747 1768/868/1752 871/864/1748
f 1772/869/1753 1773/1178/1754 1770/870/1755
f 881/872/886 893/873/1756 1773/1178/1754
f 881/872/886 1773/1178/1754 1772/869/1753
f 1771/874/1757 1774/877/1758 889/876/1759
f 1771/874/1757 889/876/1759 193/875/889
f 297/295/302 1249/1024/1224 1775/175/1114
f 191/882/893 1151/174/1113 1150/177/1116
f 902/8/16 908/883/1760 1777/10/14
f 191/882/893 1779/9/15 1777/10/14
f 191/882/893 1777/10/14 1151/174/1113
f 190/884/895 903/886/1761 900/885/896
f 1782/983/1048 1784/890/1762 1781/106/1049
f 1788/891/1763 1786/892/1764 1784/890/1762
f 1788/891/1763 1784/890/1762 1782/983/1048
f 1788/891/1763 1790/893/1765 1786/892/1764
f 1797/894/1766 1795/897/1767 1791/896/1768
f 1797/894/1766 1791/896/1768 1793/895/1769
f 1802/898/1770 1799/899/1771 1795/897/1767
f 1802/898/1770 1795/897/1767 1797/894/1766
f 1805/900/1772 1800/1179/1773 1803/901/1774
f 1805/900/1772 1806/903/1775 1800/1179/1773
f 1805/900/1772 1809/93/1034 1806/903/1775
f 1813/92/1035 1809/93/1034 1805/900/1772
f 1792/904/1776 1787/907/1777 1785/906/1778
f 1792/904/1776 1785/906/1778 1850/905/1779
f 1848/976/1025 1789/119/1062 1794/908/1780
f 1820/982/1039 1810/115/1058 1807/120/1063
f 1821/978/1028 1804/977/1027 1808/910/1781
f 1821/978/1028 1808/910/1781 1854/909/1782
f 1851/911/1783 1782/983/1048 1832/104/1047
f 1848/976/1025 1794/908/1780 1798/85/1026
f 1854/909/1782 1808/910/1781 1811/913/1784
f 1854/909/1782 1811/913/1784 1840/912/1785
f 1087/914/1786 1844/1180/1787 1092/915/1788
f 1087/914/1786 1852/918/1789 1842/917/1790
f 1087/914/1786 1842/917/1790 1844/1180/1787
f 1853/919/1791 1855/921/1792 1841/90/1033
f 1853/919/1791 1841/90/1033 1843/920/1793
f 1063/99/1042 1824/922/1794 1070/102/1045
f 1824/922/1794 1821/978/1028 1070/102/1045
f 1824/922/1794 1823/980/1031 1821/978/1028
f 1823/980/1031 1848/976/1025 1821/978/1028
f 1064/191/1128 1838/1181/1795 1814/1182/1796
f 1838/1181/1795 1839/1183/1797 1815/925/1798
f 1838/1181/1795 1815/925/1798 1814/1182/1796
f 1839/1183/1797 1796/97/1041 1792/904/1776
f 1839/1183/1797 1792/904/1776 1815/925/1798
f 1074/927/1799 1070/102/1045 1822/1184/1800
f 1070/102/1045 1821/978/1028 1822/1184/1800
f 1054/929/1801 1847/931/1802 1059/930/1803
f 1847/931/1802 1823/980/1031 1059/930/1803
f 1056/932/1804 1836/934/1805 1051/933/1806
f 1056/932/1804 1849/1185/1807 1833/1186/1808
f 1056/932/1804 1833/1186/1808 1836/934/1805
f 1849/1185/1807 1850/905/1779 1831/937/1809
f 1849/1185/1807 1831/937/1809 1833/1186/1808
f 1085/938/1810 1825/1187/1811 1076/194/1133
f 1819/1188/1812 1820/982/1039 1825/1187/1811
f 1081/941/1813 1822/1184/1800 1087/914/1786
f 1822/1184/1800 1821/978/1028 1852/918/1789
f 1822/1184/1800 1852/918/1789 1087/914/1786
f 1821/978/1028 1854/909/1782 1852/918/1789
f 1085/938/1810 1819/1188/1812 1825/1187/1811
f 1061/190/1129 1814/1182/1796 1056/932/1804
f 1814/1182/1796 1815/925/1798 1849/1185/1807
f 1814/1182/1796 1849/1185/1807 1056/932/1804
f 1815/925/1798 1792/904/1776 1850/905/1779
f 1815/925/1798 1850/905/1779 1849/1185/1807
f 1059/930/1803 1824/922/1794 1063/99/1042
f 1059/930/1803 1823/980/1031 1824/922/1794
f 1074/927/1799 1822/1184/1800 1081/941/1813
f 1819/1188/1812 1817/1189/1814 1820/982/1039
f 1817/1189/1814 1812/984/1057 1820/982/1039
f 1064/191/1128 1814/1182/1796 1061/190/1129
f 1052/943/1815 1837/946/1816 1827/1190/1817
f 1052/943/1815 1827/1190/1817 1048/944/1818
f 1837/946/1816 1835/947/1819 1827/1190/1817
f 1835/947/1819 1834/949/1820 1829/948/1821
f 1835/947/1819 1829/948/1821 1827/1190/1817
f 1834/949/1820 1832/104/1047 1830/105/1050
f 1834/949/1820 1830/105/1050 1829/948/1821
f 1076/194/1133 1825/1187/1811 1838/1181/1795
f 1076/194/1133 1838/1181/1795 1064/191/1128
f 1825/1187/1811 1839/1183/1797 1838/1181/1795
f 1825/1187/1811 1820/982/1039 1796/97/1041
f 1825/1187/1811 1796/97/1041 1839/1183/1797
f 1093/950/1822 1846/953/1823 1818/1191/1824
f 1093/950/1822 1818/1191/1824 1095/951/1825
f 1846/953/1823 1845/954/1826 1818/1191/1824
f 1845/954/1826 1843/920/1793 1816/981/1036
f 1845/954/1826 1816/981/1036 1818/1191/1824
f 1843/920/1793 1841/90/1033 1816/981/1036
f 1047/955/1827 1826/956/1828 1847/931/1802
f 1047/955/1827 1847/931/1802 1054/929/1801
f 1826/956/1828 1828/1192/1829 1847/931/1802
f 1828/1192/1829 1823/980/1031 1847/931/1802
f 1828/1192/1829 1780/86/1029 1823/980/1031
f 997/3/10 1250/302/1229 298/2/2
f 1862/1193/1830 1861/1194/1830 1857/1195/1830
f 1862/1193/1830 1857/1195/1830 1858/1196/1830
f 1860/1194/1831 1863/1197/1832 1859/1198/1832
f 1860/1194/1831 1859/1198/1832 1856/1195/1832
s 0
f 1870/1199/1833 1868/1200/1833 1871/1201/1833
f 1870/1199/1833 1871/1201/1833 1867/1202/1833
s 1
f 1872/1203/1834 1878/1204/1835 1875/1205/1835
f 1872/1203/1834 1875/1205/1835 1873/1206/1835
f 1877/1204/1836 1879/1207/1836 1876/1208/1836
f 1877/1204/1836 1876/1208/1836 1874/1205/1836
s 0
f 1864/1209/1837 1869/1199/1837 1866/1202/1837
f 1864/1209/1837 1866/1202/1837 1865/1210/1837
f 1882/1211/1838 1880/1212/1838 1883/1213/1838
f 1882/1211/1838 1883/1213/1838 1885/1214/1838
f 1886/1215/1839 1881/1211/1839 1884/1214/1839
f 1886/1215/1839 1884/1214/1839 1887/1216/1839
s 1
f 48/51/56 881/872/886 50/54/59
f 881/872/886 48/51/56 885/869/883
f 885/869/883 48/51/56 49/57/62
f 885/869/883 49/57/62 883/870/884
f 49/57/62 192/1217/1840 883/870/884
f 192/1217/1840 49/57/62 195/177/182
f 192/1217/1840 195/177/182 191/882/893
f 197/176/181 898/175/180 196/174/179
f 898/175/180 197/176/181 295/293/300
f 898/175/180 295/293/300 296/294/301
f 598/589/601 600/591/603 505/490/502
f 600/591/603 598/589/601 599/590/602
f 600/591/603 599/590/602 604/593/605
f 864/597/609 865/867/881 872/866/880
f 865/867/881 606/610/622 875/1218/1841
f 606/610/622 865/867/881 597/588/600
s 0
f 866/1219/898 609/1220/898 862/1221/898
f 609/1220/898 866/1219/898 874/1222/898
f 874/1222/898 866/1219/898 869/1223/898
s 1
f 886/871/885 890/1224/1842 894/873/887
f 881/872/886 1024/966/996 50/54/59
f 1024/966/996 881/872/886 1772/869/1753
f 1024/966/996 1772/869/1753 1025/57/1001
f 1025/57/1001 1772/869/1753 1770/870/1755
f 192/1217/1840 1025/57/1001 1770/870/1755
f 1025/57/1001 192/1217/1840 1150/177/1116
f 1150/177/1116 192/1217/1840 191/882/893
f 1775/175/1114 1152/176/1115 1151/174/1113
f 1152/176/1115 1775/175/1114 1248/1023/1223
f 1248/1023/1223 1775/175/1114 1249/1024/1224
f 1517/591/1494 1515/589/1492 1435/1102/1409
f 1515/589/1492 1517/591/1494 1516/1129/1493
f 1516/1129/1493 1517/591/1494 1521/593/1496
f 1763/1177/1751 1762/597/1499 870/866/1750
f 1763/1177/1751 1523/610/1502 1514/588/1491
f 1523/610/1502 1763/1177/1751 1764/1218/1843
f 888/1224/1844 1773/1178/1754 893/873/1756
l 395 645
l 1547 1550
l 1543 1549
l 646 649
l 642 648
l 1335 1546
o Object_5
v -0.156184 0.407735 0.303191
v -0.156201 0.407771 0.303208
v -0.156176 0.407742 0.303190
v -0.158825 0.406886 0.302593
v -0.154960 0.409750 0.301995
v -0.155314 0.407312 0.304902
v -0.155327 0.407421 0.305072
v -0.153694 0.409631 0.303563
v -0.160847 0.405630 0.304132
v -0.159297 0.405408 0.307207
v -0.156565 0.406506 0.309303
v -0.154330 0.407783 0.309050
v -0.154354 0.407745 0.308884
v -0.152230 0.409920 0.306349
v -0.151427 0.411228 0.310188
v -0.151232 0.413813 0.303483
v -0.154333 0.411240 0.301351
v -0.153692 0.413669 0.300647
v -0.156985 0.409204 0.301012
v -0.155825 0.413315 0.299381
v -0.159951 0.410813 0.298928
v -0.160617 0.407983 0.300713
v -0.165238 0.409176 0.299701
v -0.165194 0.412523 0.298180
v -0.167997 0.408926 0.300773
v -0.169129 0.412209 0.299329
v -0.172219 0.411420 0.301670
v -0.171285 0.415313 0.299474
v -0.174074 0.415198 0.301868
v -0.174240 0.412369 0.303737
v -0.175923 0.414963 0.305780
v -0.174957 0.411926 0.306790
v -0.176479 0.417362 0.307906
v -0.175726 0.414309 0.310443
v -0.174596 0.413948 0.312772
v -0.175167 0.417959 0.313457
v -0.172839 0.416573 0.316146
v -0.171540 0.420498 0.317504
v -0.169255 0.414375 0.317735
v -0.166583 0.416450 0.319152
v -0.166562 0.421550 0.319309
v -0.162236 0.415200 0.319316
v -0.160966 0.420895 0.319681
v -0.158987 0.416542 0.319164
v -0.157490 0.412798 0.317627
v -0.155955 0.418752 0.318587
v -0.153455 0.414092 0.315973
v -0.152763 0.419026 0.316587
v -0.150720 0.418173 0.314202
v -0.150975 0.414871 0.313267
v -0.152573 0.411101 0.312587
v -0.149911 0.414719 0.309945
v -0.149642 0.415457 0.307136
v -0.149378 0.419208 0.306853
v -0.150545 0.419320 0.303554
v -0.151722 0.416160 0.301919
v -0.153431 0.415661 0.300296
v -0.153418 0.417086 0.300203
v -0.156505 0.416813 0.298329
v -0.161927 0.416017 0.297304
v -0.167499 0.416804 0.297747
v -0.171986 0.419081 0.299608
v -0.175001 0.419071 0.302766
v -0.174730 0.422446 0.303693
v -0.176051 0.420873 0.306118
v -0.176338 0.419878 0.310173
v -0.175686 0.423335 0.309254
v -0.174545 0.421289 0.314380
v -0.172636 0.424794 0.315263
v -0.169899 0.423967 0.317622
v -0.167020 0.426417 0.317737
v -0.163066 0.426412 0.318391
v -0.157777 0.425422 0.318026
v -0.154438 0.421968 0.317520
v -0.151674 0.422115 0.315141
v -0.150063 0.422259 0.312033
v -0.149349 0.419027 0.310421
v -0.150324 0.424555 0.310120
v -0.149964 0.422952 0.306642
v -0.151111 0.423361 0.304262
v -0.153555 0.420391 0.300120
v -0.153655 0.420443 0.300222
v -0.157635 0.420820 0.298207
v -0.161701 0.421841 0.297676
v -0.166213 0.421741 0.297895
v -0.167951 0.425432 0.299689
v -0.172203 0.423202 0.300975
v -0.173135 0.426176 0.304363
v -0.174254 0.426104 0.306705
v -0.174476 0.425508 0.311370
v -0.172799 0.428201 0.310344
v -0.172129 0.427580 0.313391
v -0.169874 0.427975 0.315433
v -0.165129 0.429307 0.316276
v -0.162104 0.430360 0.315528
v -0.157995 0.429176 0.315671
v -0.153557 0.425861 0.315376
v -0.151556 0.425017 0.313298
v -0.152113 0.427435 0.309977
v -0.152076 0.427415 0.309813
v -0.153158 0.427523 0.313059
v -0.154182 0.429116 0.311688
v -0.156006 0.430530 0.309717
v -0.153703 0.428794 0.307613
v -0.154207 0.427151 0.303729
v -0.151943 0.426454 0.306172
v -0.151970 0.426370 0.305960
v -0.154114 0.423074 0.300445
v -0.153065 0.424475 0.302447
v -0.157782 0.428187 0.302292
v -0.156029 0.425703 0.301014
v -0.157520 0.424279 0.299397
v -0.154152 0.423097 0.300459
v -0.154269 0.423000 0.300624
v -0.163635 0.425467 0.298855
v -0.163231 0.425336 0.298969
v -0.160843 0.427924 0.300940
v -0.157210 0.430065 0.305317
v -0.162726 0.431216 0.305220
v -0.159768 0.431941 0.309812
v -0.156587 0.430006 0.313670
v -0.162313 0.431745 0.312980
v -0.167161 0.430867 0.313574
v -0.163785 0.432223 0.309791
v -0.167752 0.431572 0.309745
v -0.167982 0.430716 0.305791
v -0.165437 0.428504 0.301490
v -0.167992 0.427144 0.301052
v -0.170311 0.425076 0.300698
v -0.170370 0.425110 0.300620
v -0.169226 0.429042 0.303787
v -0.170999 0.426681 0.302426
v -0.171513 0.428848 0.306011
v -0.171507 0.428812 0.305951
v -0.171032 0.429847 0.309898
v -0.171072 0.429821 0.309714
v -0.169902 0.429706 0.313077
v -0.154357 0.409384 0.312818
v -0.154333 0.409281 0.312647
v -0.156519 0.408210 0.313187
v -0.160210 0.406141 0.311623
v -0.160198 0.408094 0.314664
v -0.159230 0.410483 0.316857
v -0.155112 0.411530 0.315618
v -0.164738 0.412229 0.318048
v -0.164852 0.409377 0.316095
v -0.165839 0.406425 0.311794
v -0.163228 0.405144 0.308382
v -0.163618 0.405182 0.305156
v -0.160678 0.406569 0.302314
v -0.162025 0.406519 0.302205
v -0.165458 0.406752 0.302117
v -0.165667 0.406794 0.302128
v -0.170083 0.408383 0.302684
v -0.168215 0.406566 0.304194
v -0.168553 0.406148 0.307285
v -0.169678 0.407783 0.311567
v -0.168915 0.410240 0.315489
v -0.172681 0.412847 0.314710
v -0.171529 0.410179 0.313307
v -0.173292 0.411887 0.313036
v -0.173862 0.410354 0.309347
v -0.173867 0.410311 0.309223
v -0.172028 0.408502 0.309386
v -0.171493 0.408106 0.305389
v -0.173242 0.409724 0.305600
v -0.173197 0.409716 0.305457
v -0.172391 0.409652 0.303206
v -0.172228 0.409834 0.303313
v 0.132480 0.407735 0.303191
v 0.132497 0.407771 0.303208
v 0.132472 0.407742 0.303190
v 0.135120 0.406886 0.302593
v 0.131255 0.409750 0.301995
v 0.131610 0.407312 0.304902
v 0.131623 0.407421 0.305072
v 0.129990 0.409631 0.303563
v 0.137143 0.405630 0.304132
v 0.135593 0.405408 0.307207
v 0.132860 0.406506 0.309303
v 0.130626 0.407783 0.309050
v 0.130650 0.407745 0.308884
v 0.128526 0.409920 0.306349
v 0.127723 0.411228 0.310188
v 0.127528 0.413813 0.303483
v 0.130628 0.411240 0.301351
v 0.129988 0.413669 0.300647
v 0.133281 0.409204 0.301012
v 0.132121 0.413315 0.299381
v 0.136247 0.410813 0.298928
v 0.136913 0.407983 0.300713
v 0.141534 0.409176 0.299701
v 0.141490 0.412523 0.298180
v 0.144293 0.408926 0.300773
v 0.145425 0.412209 0.299329
v 0.148515 0.411420 0.301670
v 0.147581 0.415313 0.299474
v 0.150370 0.415198 0.301868
v 0.150536 0.412369 0.303737
v 0.152219 0.414963 0.305780
v 0.151253 0.411926 0.306790
v 0.152774 0.417362 0.307906
v 0.152022 0.414309 0.310443
v 0.150892 0.413948 0.312772
v 0.151463 0.417959 0.313457
v 0.149134 0.416573 0.316146
v 0.147836 0.420498 0.317504
v 0.145551 0.414375 0.317735
v 0.142879 0.416450 0.319152
v 0.142858 0.421550 0.319309
v 0.138532 0.415199 0.319316
v 0.137262 0.420895 0.319681
v 0.135283 0.416542 0.319164
v 0.133786 0.412798 0.317627
v 0.132250 0.418752 0.318587
v 0.129751 0.414092 0.315973
v 0.129059 0.419026 0.316587
v 0.127016 0.418173 0.314202
v 0.127270 0.414871 0.313267
v 0.128869 0.411101 0.312587
v 0.126207 0.414719 0.309945
v 0.125938 0.415457 0.307136
v 0.125674 0.419208 0.306853
v 0.126841 0.419320 0.303554
v 0.128018 0.416160 0.301919
v 0.129727 0.415661 0.300296
v 0.129714 0.417086 0.300203
v 0.132801 0.416813 0.298329
v 0.138223 0.416017 0.297304
v 0.143795 0.416804 0.297747
v 0.148282 0.419081 0.299608
v 0.151297 0.419071 0.302766
v 0.151025 0.422446 0.303693
v 0.152347 0.420873 0.306118
v 0.152634 0.419878 0.310173
v 0.151982 0.423335 0.309254
v 0.150841 0.421289 0.314380
v 0.148932 0.424794 0.315263
v 0.146195 0.423967 0.317622
v 0.143316 0.426417 0.317737
v 0.139362 0.426412 0.318391
v 0.134072 0.425422 0.318026
v 0.130734 0.421968 0.317520
v 0.127969 0.422115 0.315141
v 0.126359 0.422259 0.312033
v 0.125645 0.419027 0.310421
v 0.126620 0.424555 0.310120
v 0.126260 0.422952 0.306642
v 0.127407 0.423361 0.304262
v 0.129851 0.420391 0.300120
v 0.129951 0.420443 0.300222
v 0.133931 0.420820 0.298207
v 0.137997 0.421841 0.297676
v 0.142508 0.421741 0.297895
v 0.144247 0.425432 0.299689
v 0.148499 0.423202 0.300975
v 0.149431 0.426176 0.304363
v 0.150550 0.426104 0.306705
v 0.150772 0.425508 0.311370
v 0.149095 0.428201 0.310344
v 0.148425 0.427579 0.313391
v 0.146169 0.427975 0.315433
v 0.141425 0.429307 0.316276
v 0.138400 0.430360 0.315528
v 0.134291 0.429176 0.315671
v 0.129853 0.425861 0.315376
v 0.127852 0.425017 0.313298
v 0.128408 0.427435 0.309977
v 0.128371 0.427415 0.309813
v 0.129454 0.427523 0.313059
v 0.130478 0.429116 0.311688
v 0.132302 0.430530 0.309717
v 0.129999 0.428794 0.307613
v 0.130503 0.427151 0.303729
v 0.128239 0.426454 0.306172
v 0.128266 0.426370 0.305960
v 0.130410 0.423074 0.300445
v 0.129361 0.424475 0.302447
v 0.134078 0.428187 0.302292
v 0.132325 0.425703 0.301014
v 0.133816 0.424279 0.299397
v 0.130447 0.423097 0.300459
v 0.130565 0.423000 0.300624
v 0.139931 0.425467 0.298855
v 0.139527 0.425336 0.298969
v 0.137139 0.427924 0.300940
v 0.133505 0.430065 0.305317
v 0.139021 0.431216 0.305220
v 0.136064 0.431941 0.309811
v 0.132883 0.430006 0.313670
v 0.138609 0.431745 0.312980
v 0.143457 0.430867 0.313574
v 0.140081 0.432223 0.309791
v 0.144048 0.431572 0.309745
v 0.144278 0.430716 0.305791
v 0.141733 0.428504 0.301490
v 0.144288 0.427144 0.301052
v 0.146607 0.425076 0.300698
v 0.146666 0.425110 0.300620
v 0.145522 0.429042 0.303787
v 0.147295 0.426681 0.302426
v 0.147809 0.428848 0.306011
v 0.147803 0.428812 0.305951
v 0.147327 0.429847 0.309898
v 0.147368 0.429821 0.309714
v 0.146198 0.429706 0.313077
v 0.130653 0.409384 0.312818
v 0.130629 0.409281 0.312647
v 0.132815 0.408210 0.313187
v 0.136506 0.406141 0.311623
v 0.136494 0.408094 0.314664
v 0.135526 0.410483 0.316857
v 0.131408 0.411530 0.315618
v 0.141034 0.412229 0.318048
v 0.141148 0.409377 0.316095
v 0.142135 0.406425 0.311794
v 0.139524 0.405144 0.308382
v 0.139914 0.405182 0.305156
v 0.136974 0.406569 0.302314
v 0.138321 0.406519 0.302205
v 0.141754 0.406752 0.302117
v 0.141963 0.406794 0.302128
v 0.146379 0.408383 0.302684
v 0.144511 0.406566 0.304194
v 0.144849 0.406148 0.307285
v 0.145974 0.407783 0.311567
v 0.145211 0.410240 0.315489
v 0.148977 0.412847 0.314710
v 0.147825 0.410179 0.313307
v 0.149588 0.411887 0.313036
v 0.150158 0.410354 0.309347
v 0.150163 0.410311 0.309223
v 0.148324 0.408502 0.309386
v 0.147789 0.408106 0.305389
v 0.149538 0.409724 0.305600
v 0.149493 0.409716 0.305457
v 0.148686 0.409652 0.303206
v 0.148524 0.409834 0.303313
vn 0.4586 -0.7354 -0.4988
vn 0.2861 -0.7898 -0.5425
vn 0.3863 -0.5722 -0.7234
vn 0.5667 -0.5372 -0.6247
vn 0.5619 -0.7928 -0.2359
vn 0.4925 -0.7083 -0.5057
vn 0.6776 -0.5845 -0.4464
vn 0.7990 -0.5814 -0.1535
vn 0.1592 -0.8188 -0.5516
vn 0.3550 -0.8217 -0.4458
vn 0.3722 -0.9061 -0.2010
vn 0.1550 -0.9328 -0.3254
vn 0.2333 -0.9724 -0.0094
vn 0.4029 -0.8978 0.1779
vn 0.6039 -0.7840 0.1436
vn 0.1313 -0.9113 0.3902
vn 0.6124 -0.7826 0.1123
vn 0.8361 -0.5203 0.1739
vn 0.8439 -0.3044 -0.4418
vn 0.9643 -0.2233 -0.1420
vn 0.5968 -0.4346 -0.6745
vn 0.4175 -0.2973 -0.8587
vn 0.6189 -0.2818 -0.7331
vn 0.1346 -0.6601 -0.7390
vn 0.1738 -0.4083 -0.8962
vn -0.1195 -0.5560 -0.8225
vn -0.1134 -0.3033 -0.9461
vn -0.3414 -0.6035 -0.7205
vn -0.3701 -0.3528 -0.8594
vn -0.6155 -0.4388 -0.6547
vn -0.5089 -0.1713 -0.8436
vn -0.7724 -0.1760 -0.6103
vn -0.8203 -0.3943 -0.4142
vn -0.8868 -0.4533 -0.0903
vn -0.9529 -0.2029 -0.2255
vn -0.9300 -0.2953 0.2188
vn -0.9973 -0.0642 -0.0366
vn -0.9801 0.0879 0.1777
vn -0.8140 -0.3595 0.4562
vn -0.8762 -0.0754 0.4759
vn -0.6522 -0.1715 0.7384
vn -0.8303 0.1517 0.5362
vn -0.5425 0.0531 0.8384
vn -0.3926 -0.3158 0.8638
vn -0.2160 -0.1546 0.9641
vn -0.1987 0.1124 0.9736
vn 0.0229 -0.2450 0.9693
vn 0.0882 0.0918 0.9919
vn 0.2074 -0.1728 0.9629
vn 0.3102 -0.3844 0.8695
vn 0.3863 -0.0460 0.9212
vn 0.6084 -0.3279 0.7227
vn 0.6484 -0.0467 0.7599
vn 0.8562 -0.0845 0.5097
vn 0.7169 -0.5355 0.4464
vn 0.8449 -0.2876 0.4509
vn 0.9482 -0.2789 0.1524
vn 0.9872 0.0005 0.1594
vn 0.8731 0.0623 -0.4836
vn 0.9848 0.0314 -0.1710
vn 0.7850 -0.1156 -0.6086
vn 0.6162 -0.1667 -0.7697
vn 0.3599 -0.0681 -0.9305
vn 0.6137 -0.0528 -0.7878
vn 0.0599 -0.0985 -0.9933
vn -0.2386 -0.0504 -0.9698
vn -0.5506 0.0931 -0.8296
vn -0.8513 0.0633 -0.5209
vn -0.9622 0.1707 -0.2123
vn -0.8334 0.3052 -0.4607
vn -0.9477 0.3142 0.0569
vn -0.8646 0.4357 0.2504
vn -0.6894 0.3632 0.6268
vn -0.4351 0.2923 0.8516
vn -0.2572 0.4299 0.8655
vn 0.0017 0.4143 0.9102
vn 0.2894 0.3691 0.8832
vn 0.4963 0.1866 0.8479
vn 0.7667 0.1871 0.6141
vn 0.9369 0.1886 0.2943
vn 0.9169 0.3906 0.0822
vn 0.9384 0.2845 -0.1961
vn 0.7952 0.3568 -0.4903
vn 0.7642 0.1600 -0.6249
vn 0.5507 0.1632 -0.8186
vn 0.3043 0.1727 -0.9368
vn 0.0664 0.2210 -0.9730
vn -0.1909 0.2112 -0.9586
vn -0.2860 0.2808 -0.9162
vn -0.6051 0.3276 -0.7256
vn -0.6855 0.5509 -0.4760
vn -0.8323 0.5225 -0.1848
vn -0.7373 0.6686 0.0971
vn -0.6833 0.5902 0.4299
vn -0.4626 0.5881 0.6635
vn -0.1619 0.6683 0.7261
vn 0.0614 0.7636 0.6428
vn 0.2990 0.6647 0.6847
vn 0.5975 0.4537 0.6612
vn 0.8132 0.4127 0.4104
vn 0.7772 0.6260 0.0639
vn 0.7229 0.6162 0.3126
vn 0.6071 0.7691 0.1998
vn 0.7773 0.6277 0.0424
vn 0.6115 0.7666 -0.1960
vn 0.4486 0.8936 -0.0121
vn 0.4142 0.8117 0.4117
vn 0.3458 0.8527 -0.3916
vn 0.7616 0.5610 -0.3244
vn 0.5581 0.6466 -0.5200
vn 0.7508 0.5869 -0.3030
vn 0.6444 0.4722 -0.6015
vn 0.6714 0.3362 -0.6604
vn 0.3444 0.4841 -0.8044
vn 0.3058 0.7138 -0.6300
vn 0.4582 0.4009 -0.7933
vn 0.3165 0.4001 -0.8601
vn 0.4983 0.3070 -0.8108
vn 0.1568 0.6588 -0.7358
vn -0.0048 0.4695 -0.8829
vn -0.0015 0.4624 -0.8867
vn 0.0284 0.9145 -0.4037
vn 0.2199 0.9754 -0.0123
vn 0.0447 0.9450 0.3239
vn -0.2773 0.8649 0.4184
vn -0.0668 0.9975 -0.0251
vn -0.3056 0.9521 0.0040
vn -0.2864 0.8973 -0.3358
vn -0.1232 0.7335 -0.6685
vn -0.2965 0.5939 -0.7479
vn -0.4051 0.4636 -0.7880
vn -0.5268 0.5961 -0.6058
vn -0.4294 0.4243 -0.7972
vn -0.3842 0.7570 -0.5285
vn -0.5941 0.7483 -0.2951
vn -0.5850 0.7535 -0.3000
vn -0.5679 0.8229 0.0179
vn -0.5883 0.8075 0.0437
vn -0.5359 0.7871 0.3055
vn 0.5698 -0.6933 0.4413
vn 0.5754 -0.6755 0.4611
vn 0.3853 -0.7673 0.5126
vn 0.1160 -0.7745 0.6218
vn 0.1866 -0.5798 0.7931
vn 0.5035 -0.5739 0.6458
vn -0.1239 -0.6870 0.7160
vn -0.1168 -0.4539 0.8834
vn -0.1911 -0.8896 0.4149
vn -0.0497 -0.9892 0.1381
vn -0.0732 -0.9759 -0.2054
vn -0.1747 -0.8083 -0.5623
vn 0.0271 -0.8181 -0.5744
vn -0.1692 -0.8015 -0.5736
vn -0.3658 -0.8595 -0.3570
vn -0.6065 -0.6710 -0.4266
vn -0.4817 -0.6921 -0.5376
vn -0.3722 -0.9276 0.0306
vn -0.4252 -0.8160 0.3915
vn -0.3694 -0.6192 0.6929
vn -0.6708 -0.3860 0.6333
vn -0.6945 -0.5418 0.4734
vn -0.5719 -0.6232 0.5334
vn -0.7819 -0.5982 0.1756
vn -0.6178 -0.7647 0.1831
vn -0.7653 -0.6166 0.1848
vn -0.7546 -0.6434 -0.1290
vn -0.5838 -0.7945 -0.1671
vn -0.7431 -0.6311 -0.2226
vn -0.6680 -0.6013 -0.4385
vn -0.4586 -0.7354 -0.4988
vn -0.5667 -0.5372 -0.6247
vn -0.3860 -0.5727 -0.7232
vn -0.2861 -0.7898 -0.5425
vn -0.5619 -0.7928 -0.2359
vn -0.6775 -0.5845 -0.4464
vn -0.4925 -0.7083 -0.5057
vn -0.7990 -0.5815 -0.1535
vn -0.1592 -0.8188 -0.5516
vn -0.1543 -0.9327 -0.3260
vn -0.3727 -0.9062 -0.1999
vn -0.3550 -0.8217 -0.4459
vn -0.2334 -0.9723 -0.0093
vn -0.4029 -0.8978 0.1779
vn -0.6039 -0.7840 0.1436
vn -0.1307 -0.9117 0.3895
vn -0.6124 -0.7826 0.1123
vn -0.8360 -0.5203 0.1741
vn -0.9644 -0.2234 -0.1418
vn -0.8440 -0.3043 -0.4416
vn -0.5968 -0.4346 -0.6745
vn -0.6189 -0.2818 -0.7331
vn -0.4175 -0.2973 -0.8586
vn -0.1738 -0.4083 -0.8962
vn -0.1346 -0.6602 -0.7389
vn 0.1194 -0.5561 -0.8225
vn 0.1136 -0.3030 -0.9462
vn 0.3414 -0.6035 -0.7206
vn 0.3699 -0.3531 -0.8594
vn 0.6150 -0.4368 -0.6565
vn 0.5088 -0.1714 -0.8437
vn 0.7724 -0.1760 -0.6103
vn 0.8203 -0.3942 -0.4144
vn 0.9529 -0.2029 -0.2255
vn 0.8867 -0.4534 -0.0903
vn 0.9300 -0.2951 0.2189
vn 0.9973 -0.0639 -0.0370
vn 0.9801 0.0884 0.1777
vn 0.8140 -0.3594 0.4563
vn 0.8764 -0.0758 0.4756
vn 0.6537 -0.1698 0.7375
vn 0.8305 0.1518 0.5359
vn 0.5426 0.0533 0.8383
vn 0.3931 -0.3158 0.8635
vn 0.2160 -0.1546 0.9641
vn 0.1993 0.1122 0.9735
vn -0.0882 0.0918 0.9919
vn -0.0232 -0.2450 0.9693
vn -0.2072 -0.1723 0.9630
vn -0.3142 -0.3831 0.8686
vn -0.3862 -0.0456 0.9213
vn -0.6085 -0.3282 0.7225
vn -0.6484 -0.0467 0.7599
vn -0.8561 -0.0843 0.5099
vn -0.8449 -0.2877 0.4510
vn -0.7169 -0.5355 0.4464
vn -0.9482 -0.2789 0.1523
vn -0.9872 0.0004 0.1592
vn -0.9848 0.0311 -0.1707
vn -0.8731 0.0623 -0.4836
vn -0.7850 -0.1157 -0.6086
vn -0.6162 -0.1667 -0.7698
vn -0.6137 -0.0528 -0.7878
vn -0.3599 -0.0679 -0.9305
vn -0.0602 -0.0986 -0.9933
vn 0.2389 -0.0497 -0.9698
vn 0.5505 0.0931 -0.8297
vn 0.8508 0.0638 -0.5216
vn 0.9621 0.1707 -0.2125
vn 0.8329 0.3059 -0.4612
vn 0.9479 0.3137 0.0564
vn 0.8644 0.4359 0.2504
vn 0.6894 0.3632 0.6268
vn 0.4349 0.2926 0.8516
vn 0.2568 0.4305 0.8653
vn -0.0013 0.4142 0.9102
vn -0.2894 0.3692 0.8831
vn -0.4963 0.1866 0.8479
vn -0.7667 0.1871 0.6141
vn -0.9368 0.1895 0.2940
vn -0.9167 0.3911 0.0824
vn -0.9384 0.2844 -0.1962
vn -0.7950 0.3570 -0.4903
vn -0.7659 0.1248 -0.6307
vn -0.5507 0.1632 -0.8186
vn -0.3034 0.1735 -0.9369
vn -0.0667 0.2212 -0.9729
vn 0.1909 0.2112 -0.9586
vn 0.3169 0.2823 -0.9055
vn 0.6036 0.3294 -0.7261
vn 0.6855 0.5513 -0.4756
vn 0.8326 0.5222 -0.1850
vn 0.7369 0.6690 0.0969
vn 0.6837 0.5900 0.4294
vn 0.4628 0.5884 0.6630
vn 0.1616 0.6686 0.7259
vn -0.0611 0.7636 0.6428
vn -0.2990 0.6650 0.6844
vn -0.5969 0.4541 0.6615
vn -0.8130 0.4136 0.4098
vn -0.7229 0.6163 0.3126
vn -0.7772 0.6260 0.0639
vn -0.6074 0.7690 0.1994
vn -0.7773 0.6277 0.0424
vn -0.6115 0.7666 -0.1959
vn -0.4487 0.8936 -0.0122
vn -0.4162 0.8098 0.4136
vn -0.3453 0.8530 -0.3914
vn -0.7616 0.5610 -0.3244
vn -0.5581 0.6466 -0.5200
vn -0.7508 0.5869 -0.3030
vn -0.6444 0.4722 -0.6014
vn -0.6714 0.3362 -0.6604
vn -0.3442 0.4840 -0.8045
vn -0.3059 0.7138 -0.6300
vn -0.4582 0.4009 -0.7933
vn -0.4983 0.3069 -0.8109
vn -0.3165 0.4001 -0.8601
vn -0.1570 0.6591 -0.7355
vn 0.0047 0.4695 -0.8829
vn 0.0015 0.4624 -0.8867
vn -0.0286 0.9145 -0.4035
vn -0.2205 0.9753 -0.0127
vn -0.0450 0.9449 0.3241
vn 0.2780 0.8645 0.4187
vn 0.3058 0.9521 0.0040
vn 0.0668 0.9975 -0.0251
vn 0.2864 0.8974 -0.3356
vn 0.1237 0.7330 -0.6689
vn 0.2949 0.5952 -0.7475
vn 0.4051 0.4636 -0.7880
vn 0.5268 0.5961 -0.6059
vn 0.4294 0.4243 -0.7972
vn 0.3843 0.7570 -0.5284
vn 0.5941 0.7483 -0.2951
vn 0.5850 0.7535 -0.3000
vn 0.5679 0.8229 0.0179
vn 0.5883 0.8075 0.0437
vn 0.5340 0.7886 0.3048
vn -0.5697 -0.6933 0.4413
vn -0.3853 -0.7673 0.5126
vn -0.5754 -0.6755 0.4611
vn -0.1160 -0.7745 0.6218
vn -0.1866 -0.5798 0.7931
vn -0.5022 -0.5747 0.6461
vn 0.1240 -0.6870 0.7160
vn 0.1168 -0.4539 0.8834
vn 0.1909 -0.8897 0.4147
vn 0.0498 -0.9892 0.1381
vn 0.0725 -0.9760 -0.2051
vn 0.1747 -0.8083 -0.5623
vn -0.0271 -0.8181 -0.5744
vn 0.1691 -0.8015 -0.5736
vn 0.3659 -0.8593 -0.3575
vn 0.6065 -0.6710 -0.4266
vn 0.4817 -0.6921 -0.5376
vn 0.3722 -0.9276 0.0306
vn 0.4257 -0.8160 0.3910
vn 0.3710 -0.6192 0.6921
vn 0.5574 -0.4990 0.6636
vn 0.6945 -0.5418 0.4734
vn 0.5719 -0.6233 0.5334
vn 0.7819 -0.5982 0.1756
vn 0.6178 -0.7647 0.1831
vn 0.7653 -0.6166 0.1848
vn 0.7546 -0.6434 -0.1290
vn 0.5836 -0.7948 -0.1667
vn 0.7431 -0.6311 -0.2226
vn 0.6680 -0.6013 -0.4385
vt 0.524762 0.419102
vt 0.524762 0.414692
vt 0.528825 0.416355
vt 0.529225 0.419102
vt 0.524733 0.335124
vt 0.524763 0.331200
vt 0.528751 0.333942
vt 0.528690 0.337967
vt 0.502787 0.359868
vt 0.502787 0.353176
vt 0.506941 0.353247
vt 0.505530 0.360043
vt 0.509496 0.358609
vt 0.512202 0.355674
vt 0.512133 0.352843
vt 0.514774 0.359714
vt 0.524452 0.340345
vt 0.528832 0.342626
vt 0.533868 0.335678
vt 0.534801 0.340263
vt 0.531467 0.331200
vt 0.534393 0.416355
vt 0.534562 0.419102
vt 0.527509 0.412207
vt 0.531518 0.412294
vt 0.529088 0.407339
vt 0.533003 0.406726
vt 0.527509 0.403996
vt 0.531520 0.402620
vt 0.528844 0.398373
vt 0.534406 0.399873
vt 0.533002 0.395761
vt 0.528890 0.394384
vt 0.527413 0.390310
vt 0.531094 0.390737
vt 0.528792 0.385720
vt 0.532922 0.387663
vt 0.534783 0.384602
vt 0.526634 0.382961
vt 0.531083 0.381282
vt 0.527506 0.377927
vt 0.534784 0.379404
vt 0.532844 0.374671
vt 0.524676 0.372376
vt 0.528582 0.368262
vt 0.534274 0.368732
vt 0.527848 0.363135
vt 0.534287 0.362625
vt 0.529663 0.359436
vt 0.524642 0.355893
vt 0.532588 0.356610
vt 0.527600 0.350373
vt 0.534303 0.352510
vt 0.534808 0.348907
vt 0.526641 0.345327
vt 0.531137 0.347048
vt 0.532838 0.343296
vt 0.537266 0.344620
vt 0.539867 0.336667
vt 0.538579 0.340702
vt 0.537015 0.333944
vt 0.536884 0.331200
vt 0.538479 0.415021
vt 0.538497 0.419102
vt 0.537092 0.409523
vt 0.537077 0.403892
vt 0.538238 0.398337
vt 0.536586 0.393436
vt 0.537147 0.388955
vt 0.539920 0.391659
vt 0.538663 0.385007
vt 0.540853 0.382180
vt 0.538952 0.377220
vt 0.537309 0.373014
vt 0.540507 0.370251
vt 0.540381 0.365675
vt 0.540435 0.359523
vt 0.537318 0.355312
vt 0.538952 0.351146
vt 0.540468 0.347040
vt 0.543809 0.345093
vt 0.542570 0.341159
vt 0.544089 0.338080
vt 0.542455 0.331199
vt 0.542540 0.419102
vt 0.542623 0.413723
vt 0.543098 0.408995
vt 0.542298 0.404494
vt 0.546700 0.401495
vt 0.542616 0.395773
vt 0.544087 0.390297
vt 0.542608 0.387161
vt 0.544868 0.382952
vt 0.543890 0.379219
vt 0.544021 0.375302
vt 0.544817 0.368955
vt 0.546511 0.365187
vt 0.545885 0.360016
vt 0.543981 0.353067
vt 0.544055 0.349077
vt 0.547993 0.345204
vt 0.550609 0.349537
vt 0.552158 0.354542
vt 0.554886 0.351975
vt 0.556884 0.355422
vt 0.554146 0.358095
vt 0.549354 0.357745
vt 0.559203 0.359837
vt 0.559274 0.352834
vt 0.561816 0.355823
vt 0.547107 0.340902
vt 0.564354 0.353138
vt 0.546737 0.331180
vt 0.565971 0.357283
vt 0.563246 0.360002
vt 0.568713 0.353156
vt 0.546738 0.413575
vt 0.546738 0.419102
vt 0.565003 0.363326
vt 0.568713 0.365844
vt 0.546738 0.406918
vt 0.559175 0.365616
vt 0.553894 0.362662
vt 0.550097 0.365665
vt 0.549514 0.372350
vt 0.553938 0.367190
vt 0.554358 0.371860
vt 0.558694 0.371117
vt 0.564250 0.367837
vt 0.565971 0.371172
vt 0.568713 0.375151
vt 0.564585 0.375184
vt 0.546737 0.397149
vt 0.561870 0.372500
vt 0.559441 0.375474
vt 0.547070 0.387774
vt 0.555120 0.376279
vt 0.547927 0.383335
vt 0.550714 0.378708
vt 0.523645 0.344759
vt 0.516544 0.351996
vt 0.516909 0.355055
vt 0.518631 0.359502
vt 0.521606 0.358273
vt 0.520842 0.349542
vt 0.520514 0.365161
vt 0.524094 0.365680
vt 0.514858 0.365656
vt 0.510957 0.362756
vt 0.507196 0.363337
vt 0.502787 0.365211
vt 0.524762 0.410861
vt 0.524762 0.406831
vt 0.505530 0.368239
vt 0.502787 0.375166
vt 0.524762 0.401326
vt 0.509522 0.368369
vt 0.514701 0.369983
vt 0.519604 0.370609
vt 0.521949 0.380660
vt 0.516650 0.376363
vt 0.516942 0.373277
vt 0.512334 0.375504
vt 0.512177 0.372650
vt 0.524426 0.387733
vt 0.507350 0.375192
vt 0.506892 0.372428
vt 0.524725 0.392788
vt 0.524762 0.397126
vt 0.506941 0.353247
vt 0.509496 0.358609
vt 0.512202 0.355674
vt 0.514774 0.359714
vt 0.534801 0.340263
vt 0.533868 0.335678
vt 0.531468 0.331200
vt 0.534393 0.416355
vt 0.531518 0.412294
vt 0.527509 0.412207
vt 0.533003 0.406726
vt 0.527509 0.403996
vt 0.528844 0.398373
vt 0.533002 0.395761
vt 0.531094 0.390737
vt 0.532922 0.387663
vt 0.534783 0.384602
vt 0.527506 0.377926
vt 0.534784 0.379404
vt 0.532844 0.374671
vt 0.524676 0.372376
vt 0.534274 0.368732
vt 0.534287 0.362625
vt 0.527848 0.363135
vt 0.529663 0.359435
vt 0.524642 0.355893
vt 0.527600 0.350373
vt 0.534303 0.352510
vt 0.534808 0.348907
vt 0.538579 0.340702
vt 0.539868 0.336667
vt 0.537015 0.333944
vt 0.536884 0.331200
vt 0.538238 0.398337
vt 0.536586 0.393436
vt 0.538663 0.385007
vt 0.540853 0.382180
vt 0.537309 0.373014
vt 0.540381 0.365675
vt 0.540435 0.359523
vt 0.537318 0.355312
vt 0.538952 0.351146
vt 0.540468 0.347040
vt 0.543809 0.345093
vt 0.544089 0.338080
vt 0.542455 0.331199
vt 0.542298 0.404494
vt 0.546700 0.401495
vt 0.542616 0.395773
vt 0.542608 0.387161
vt 0.544868 0.382952
vt 0.544021 0.375302
vt 0.544817 0.368956
vt 0.546511 0.365187
vt 0.545885 0.360016
vt 0.543981 0.353067
vt 0.544055 0.349077
vt 0.550608 0.349537
vt 0.547993 0.345204
vt 0.552158 0.354542
vt 0.554146 0.358095
vt 0.549354 0.357745
vt 0.559203 0.359837
vt 0.561816 0.355823
vt 0.547107 0.340902
vt 0.565971 0.357283
vt 0.563246 0.360002
vt 0.550097 0.365665
vt 0.549514 0.372351
vt 0.565971 0.371172
vt 0.547070 0.387774
vt 0.555120 0.376279
vt 0.550714 0.378708
vt 0.516909 0.355055
vt 0.516544 0.351996
vt 0.518631 0.359502
vt 0.521606 0.358273
vt 0.520842 0.349542
vt 0.520514 0.365161
vt 0.524094 0.365680
vt 0.514858 0.365656
vt 0.507196 0.363337
vt 0.502787 0.365211
vt 0.502787 0.375166
vt 0.524762 0.401326
vt 0.509522 0.368369
vt 0.519604 0.370609
vt 0.521949 0.380660
vt 0.524426 0.387733
vt 0.507350 0.375192
vt 0.506892 0.372428
s 1
usemtl Material.003
f 1889/1225/1845 1891/1226/1846 1906/1227/1847
f 1889/1225/1845 1906/1227/1847 1892/1228/1848
f 1894/1229/1849 1890/1230/1850 1895/1231/1851
f 1894/1229/1849 1895/1231/1851 1901/1232/1852
f 2037/1233/1853 1888/1234/1854 1893/1235/1855
f 2037/1233/1853 1893/1235/1855 1896/1236/1856
f 1896/1236/1856 1893/1235/1855 1897/1237/1857
f 1897/1237/1857 1893/1235/1855 1898/1238/1858
f 1893/1235/1855 1899/1239/1859 1898/1238/1858
f 1897/1237/1857 1898/1238/1858 2028/1240/1860
f 1900/1241/1861 1894/1229/1849 1901/1232/1852
f 1900/1241/1861 1901/1232/1852 1902/1242/1862
f 1901/1232/1852 1903/1243/1863 1940/1244/1864
f 1901/1232/1852 1895/1231/1851 1903/1243/1863
f 1895/1231/1851 1890/1230/1850 1904/1245/1865
f 1895/1231/1851 1904/1245/1865 1903/1243/1863
f 1892/1228/1848 1906/1227/1847 1907/1246/1866
f 1892/1228/1848 1907/1246/1866 1905/1247/1867
f 1906/1227/1847 1909/1248/1868 1908/1249/1869
f 1906/1227/1847 1908/1249/1869 1907/1246/1866
f 1909/1248/1868 1910/1250/1870 1908/1249/1869
f 1908/1249/1869 1910/1250/1870 1911/1251/1871
f 1912/1252/1872 1913/1253/1873 1910/1250/1870
f 1910/1250/1870 1913/1253/1873 1911/1251/1871
f 1912/1252/1872 1914/1254/1874 1913/1253/1873
f 1913/1253/1873 1914/1254/1874 1915/1255/1875
f 1914/1254/1874 1916/1256/1876 1915/1255/1875
f 1914/1254/1874 1917/1257/1877 1916/1256/1876
f 1917/1257/1877 1919/1258/1878 1918/1259/1879
f 1917/1257/1877 1918/1259/1879 1916/1256/1876
f 1919/1258/1878 1921/1260/1880 1918/1259/1879
f 1918/1259/1879 1921/1260/1880 1920/1261/1881
f 1921/1260/1880 1953/1262/1882 1920/1261/1881
f 1922/1263/1883 1923/1264/1884 1921/1260/1880
f 1921/1260/1880 1923/1264/1884 1953/1262/1882
f 1922/1263/1883 1924/1265/1885 1923/1264/1884
f 1923/1264/1884 1924/1265/1885 1955/1266/1886
f 1924/1265/1885 1925/1267/1887 1955/1266/1886
f 1924/1265/1885 1926/1268/1888 1925/1267/1887
f 1926/1268/1888 1927/1269/1889 1925/1267/1887
f 1925/1267/1887 1927/1269/1889 1928/1270/1890
f 1927/1269/1889 1929/1271/1891 1930/1272/1892
f 1927/1269/1889 1930/1272/1892 1928/1270/1890
f 1929/1271/1891 1931/1273/1893 1930/1272/1892
f 1929/1271/1891 1932/1274/1894 1931/1273/1893
f 1931/1273/1893 1933/1275/1895 1930/1272/1892
f 1932/1274/1894 1933/1275/1895 1931/1273/1893
f 1932/1274/1894 1934/1276/1896 1933/1275/1895
f 1933/1275/1895 1934/1276/1896 1935/1277/1897
f 1934/1276/1896 1936/1278/1898 1935/1277/1897
f 1934/1276/1896 1938/1279/1899 1937/1280/1900
f 1934/1276/1896 1937/1280/1900 1936/1278/1898
f 1938/1279/1899 1902/1242/1862 1937/1280/1900
f 1937/1280/1900 1902/1242/1862 1939/1281/1901
f 1902/1242/1862 1901/1232/1852 1940/1244/1864
f 1902/1242/1862 1940/1244/1864 1939/1281/1901
f 1939/1281/1901 1940/1244/1864 1964/1282/1902
f 1940/1244/1864 1903/1243/1863 1942/1283/1903
f 1940/1244/1864 1942/1283/1903 1941/1284/1904
f 1903/1243/1863 1943/1285/1905 1942/1283/1903
f 1903/1243/1863 1904/1245/1865 1944/1286/1906
f 1903/1243/1863 1944/1286/1906 1943/1285/1905
f 1905/1247/1867 1907/1246/1866 1946/1287/1907
f 1905/1247/1867 1946/1287/1907 1945/1288/1908
f 1907/1246/1866 1908/1249/1869 1946/1287/1907
f 1908/1249/1869 1947/1289/1909 1946/1287/1907
f 1908/1249/1869 1911/1251/1871 1947/1289/1909
f 1911/1251/1871 1948/1290/1910 1947/1289/1909
f 1911/1251/1871 1913/1253/1873 1948/1290/1910
f 1913/1253/1873 1915/1255/1875 1948/1290/1910
f 1948/1290/1910 1915/1255/1875 1949/1291/1911
f 1915/1255/1875 1916/1256/1876 1949/1291/1911
f 1916/1256/1876 1950/1292/1912 1949/1291/1911
f 1916/1256/1876 1918/1259/1879 1950/1292/1912
f 1918/1259/1879 1920/1261/1881 1952/1293/1913
f 1918/1259/1879 1952/1293/1913 1950/1292/1912
f 1950/1292/1912 1952/1293/1913 1951/1294/1914
f 1920/1261/1881 1953/1262/1882 1952/1293/1913
f 1952/1293/1913 1953/1262/1882 1954/1295/1915
f 1953/1262/1882 1923/1264/1884 1955/1266/1886
f 1953/1262/1882 1955/1266/1886 1977/1296/1916
f 1953/1262/1882 1977/1296/1916 1954/1295/1915
f 1955/1266/1886 1956/1297/1917 1977/1296/1916
f 1955/1266/1886 1925/1267/1887 1956/1297/1917
f 1925/1267/1887 1957/1298/1918 1956/1297/1917
f 1925/1267/1887 1928/1270/1890 1957/1298/1918
f 1957/1298/1918 1928/1270/1890 1958/1299/1919
f 1928/1270/1890 1959/1300/1920 1958/1299/1919
f 1928/1270/1890 1930/1272/1892 1959/1300/1920
f 1930/1272/1892 1960/1301/1921 1959/1300/1920
f 1930/1272/1892 1933/1275/1895 1960/1301/1921
f 1933/1275/1895 1961/1302/1922 1960/1301/1921
f 1933/1275/1895 1935/1277/1897 1961/1302/1922
f 1961/1302/1922 1935/1277/1897 1962/1303/1923
f 1935/1277/1897 1936/1278/1898 1962/1303/1923
f 1936/1278/1898 1963/1304/1924 1962/1303/1923
f 1937/1280/1900 1939/1281/1901 1964/1282/1902
f 1937/1280/1900 1964/1282/1902 1936/1278/1898
f 1936/1278/1898 1964/1282/1902 1963/1304/1924
f 1964/1282/1902 1940/1244/1864 1941/1284/1904
f 1963/1304/1924 1964/1282/1902 1965/1305/1925
f 1964/1282/1902 1941/1284/1904 1966/1306/1926
f 1964/1282/1902 1966/1306/1926 1965/1305/1925
f 1941/1284/1904 1942/1283/1903 1966/1306/1926
f 1966/1306/1926 1942/1283/1903 1967/1307/1927
f 1942/1283/1903 1943/1285/1905 1968/1308/1928
f 1942/1283/1903 1968/1308/1928 1967/1307/1927
f 1943/1285/1905 1944/1286/1906 1968/1308/1928
f 1945/1288/1908 1946/1287/1907 1969/1309/1929
f 1969/1309/1929 1946/1287/1907 1970/1310/1930
f 1946/1287/1907 1947/1289/1909 1970/1310/1930
f 1947/1289/1909 1971/1311/1931 1970/1310/1930
f 1947/1289/1909 1948/1290/1910 1972/1312/1932
f 1947/1289/1909 1972/1312/1932 1971/1311/1931
f 1948/1290/1910 1949/1291/1911 1972/1312/1932
f 1972/1312/1932 1949/1291/1911 1973/1313/1933
f 1949/1291/1911 1974/1314/1934 1973/1313/1933
f 1949/1291/1911 1950/1292/1912 1974/1314/1934
f 1950/1292/1912 1951/1294/1914 1974/1314/1934
f 1974/1314/1934 1951/1294/1914 1975/1315/1935
f 1951/1294/1914 1952/1293/1913 1976/1316/1936
f 1951/1294/1914 1976/1316/1936 1975/1315/1935
f 1952/1293/1913 1954/1295/1915 1976/1316/1936
f 1954/1295/1915 1977/1296/1916 1976/1316/1936
f 1976/1316/1936 1977/1296/1916 1978/1317/1937
f 1977/1296/1916 1956/1297/1917 1979/1318/1938
f 1977/1296/1916 1979/1318/1938 1978/1317/1937
f 1956/1297/1917 1980/1319/1939 1979/1318/1938
f 1956/1297/1917 1957/1298/1918 1980/1319/1939
f 1957/1298/1918 1958/1299/1919 1980/1319/1939
f 1980/1319/1939 1958/1299/1919 1981/1320/1940
f 1958/1299/1919 1959/1300/1920 1981/1320/1940
f 1959/1300/1920 1982/1321/1941 1981/1320/1940
f 1959/1300/1920 1960/1301/1921 1983/1322/1942
f 1959/1300/1920 1983/1322/1942 1982/1321/1941
f 1960/1301/1921 1961/1302/1922 1984/1323/1943
f 1960/1301/1921 1984/1323/1943 1983/1322/1942
f 1961/1302/1922 1962/1303/1923 1984/1323/1943
f 1962/1303/1923 1985/1324/1944 1984/1323/1943
f 1962/1303/1923 1963/1304/1924 1985/1324/1944
f 1985/1324/1944 1963/1304/1924 1965/1305/1925
f 1985/1324/1944 1965/1305/1925 1986/1325/1945
f 1985/1324/1944 1986/1325/1945 1988/1326/1946
f 1989/1327/1947 1988/1326/1946 1987/1328/1948
f 1989/1327/1947 1987/1328/1948 1991/1329/1949
f 1990/1330/1950 1989/1327/1947 1991/1329/1949
f 2008/1331/1951 1989/1327/1947 1990/1330/1950
f 1990/1330/1950 1991/1329/1949 2005/1332/1952
f 1991/1329/1949 1987/1328/1948 1994/1333/1953
f 2005/1332/1952 1991/1329/1949 1992/1334/1954
f 1991/1329/1949 1994/1333/1953 1992/1334/1954
f 1965/1305/1925 1966/1306/1926 1993/1335/1955
f 1965/1305/1925 1993/1335/1955 1986/1325/1945
f 1966/1306/1926 1967/1307/1927 1993/1335/1955
f 1992/1334/1954 1994/1333/1953 1996/1336/1956
f 1967/1307/1927 1995/1337/1957 1993/1335/1955
f 1992/1334/1954 1996/1336/1956 1998/1338/1958
f 1967/1307/1927 1968/1308/1928 1995/1337/1957
f 1997/1339/1959 1992/1334/1954 1998/1338/1958
f 2005/1332/1952 1992/1334/1954 1997/1339/1959
f 1998/1338/1958 1996/1336/1956 2000/1340/1960
f 1969/1309/1929 1970/1310/1930 1999/1341/1961
f 1969/1309/1929 1999/1341/1961 2001/1342/1962
f 2004/1343/1963 1998/1338/1958 2000/1340/1960
f 2004/1343/1963 2000/1340/1960 2002/1344/1964
f 1970/1310/1930 1971/1311/1931 1999/1341/1961
f 1971/1311/1931 2003/1345/1965 1999/1341/1961
f 1997/1339/1959 1998/1338/1958 2004/1343/1963
f 2006/1346/1966 2005/1332/1952 1997/1339/1959
f 2006/1346/1966 1997/1339/1959 2004/1343/1963
f 2007/1347/1967 2005/1332/1952 2006/1346/1966
f 2007/1347/1967 1990/1330/1950 2005/1332/1952
f 2009/1348/1968 2008/1331/1951 2007/1347/1967
f 2008/1331/1951 1990/1330/1950 2007/1347/1967
f 1982/1321/1941 1983/1322/1942 2008/1331/1951
f 1982/1321/1941 2008/1331/1951 2009/1348/1968
f 1983/1322/1942 1984/1323/1943 2008/1331/1951
f 2008/1331/1951 1988/1326/1946 1989/1327/1947
f 1984/1323/1943 1988/1326/1946 2008/1331/1951
f 1984/1323/1943 1985/1324/1944 1988/1326/1946
f 2010/1349/1969 1982/1321/1941 2009/1348/1968
f 1981/1320/1940 1982/1321/1941 2010/1349/1969
f 2010/1349/1969 2009/1348/1968 2011/1350/1970
f 2010/1349/1969 2011/1350/1970 2012/1351/1971
f 2009/1348/1968 2007/1347/1967 2011/1350/1970
f 2012/1351/1971 2011/1350/1970 2006/1346/1966
f 2012/1351/1971 2006/1346/1966 2013/1352/1972
f 2011/1350/1970 2007/1347/1967 2006/1346/1966
f 2013/1352/1972 2006/1346/1966 2014/1353/1973
f 2006/1346/1966 2004/1343/1963 2014/1353/1973
f 2015/1354/1974 2014/1353/1973 2002/1344/1964
f 2014/1353/1973 2004/1343/1963 2002/1344/1964
f 1971/1311/1931 1972/1312/1932 2003/1345/1965
f 1972/1312/1932 1973/1313/1933 2003/1345/1965
f 2015/1354/1974 2002/1344/1964 2016/1355/1975
f 2019/1356/1976 2015/1354/1974 2016/1355/1975
f 1973/1313/1933 1974/1314/1934 2017/1357/1977
f 2019/1356/1976 2018/1358/1978 2015/1354/1974
f 2018/1358/1978 2014/1353/1973 2015/1354/1974
f 1974/1314/1934 1975/1315/1935 2017/1357/1977
f 2021/1359/1979 2018/1358/1978 2019/1356/1976
f 1975/1315/1935 2020/1360/1980 2017/1357/1977
f 2021/1359/1979 2013/1352/1972 2018/1358/1978
f 1975/1315/1935 1976/1316/1936 2020/1360/1980
f 2018/1358/1978 2013/1352/1972 2014/1353/1973
f 2023/1361/1981 2012/1351/1971 2013/1352/1972
f 2023/1361/1981 2013/1352/1972 2021/1359/1979
f 1976/1316/1936 1978/1317/1937 2022/1362/1982
f 1976/1316/1936 2022/1362/1982 2020/1360/1980
f 2024/1363/1983 2010/1349/1969 2012/1351/1971
f 2024/1363/1983 2012/1351/1971 2023/1361/1981
f 1978/1317/1937 1979/1318/1938 2024/1363/1983
f 1978/1317/1937 2024/1363/1983 2022/1362/1982
f 1979/1318/1938 1980/1319/1939 2024/1363/1983
f 1980/1319/1939 2010/1349/1969 2024/1363/1983
f 1980/1319/1939 1981/1320/1940 2010/1349/1969
f 2026/1364/1984 1900/1241/1861 1902/1242/1862
f 2026/1364/1984 1902/1242/1862 1938/1279/1899
f 1898/1238/1858 1899/1239/1859 2025/1365/1985
f 1898/1238/1858 2025/1365/1985 2027/1366/1986
f 2028/1240/1860 2027/1366/1986 2029/1367/1987
f 2028/1240/1860 1898/1238/1858 2027/1366/1986
f 2029/1367/1987 2027/1366/1986 2030/1368/1988
f 2027/1366/1986 2025/1365/1985 2031/1369/1989
f 2027/1366/1986 2031/1369/1989 2030/1368/1988
f 2030/1368/1988 2031/1369/1989 1932/1274/1894
f 2031/1369/1989 2026/1364/1984 1938/1279/1899
f 2031/1369/1989 1938/1279/1899 1934/1276/1896
f 1932/1274/1894 2031/1369/1989 1934/1276/1896
f 2030/1368/1988 1932/1274/1894 1929/1271/1891
f 2033/1370/1990 2030/1368/1988 2032/1371/1991
f 2032/1371/1991 2030/1368/1988 1929/1271/1891
f 2033/1370/1990 2029/1367/1987 2030/1368/1988
f 2034/1372/1992 2028/1240/1860 2029/1367/1987
f 2034/1372/1992 2029/1367/1987 2033/1370/1990
f 2035/1373/1993 2028/1240/1860 2034/1372/1992
f 2035/1373/1993 1897/1237/1857 2028/1240/1860
f 2036/1374/1994 1897/1237/1857 2035/1373/1993
f 1896/1236/1856 1897/1237/1857 2036/1374/1994
f 2039/1375/1995 2037/1233/1853 1896/1236/1856
f 2039/1375/1995 1896/1236/1856 2036/1374/1994
f 2038/1376/1996 2040/1377/1997 1910/1250/1870
f 2038/1376/1996 1910/1250/1870 1909/1248/1868
f 1891/1226/1846 2038/1376/1996 1909/1248/1868
f 1891/1226/1846 1909/1248/1868 1906/1227/1847
f 2039/1375/1995 2036/1374/1994 2042/1378/1998
f 2040/1377/1997 1912/1252/1872 1910/1250/1870
f 2055/1379/1999 2039/1375/1995 2042/1378/1998
f 2040/1377/1997 2041/1380/2000 1912/1252/1872
f 2042/1378/1998 2036/1374/1994 2043/1381/2001
f 2043/1381/2001 2036/1374/1994 2035/1373/1993
f 2043/1381/2001 2034/1372/1992 2044/1382/2002
f 2043/1381/2001 2035/1373/1993 2034/1372/1992
f 2044/1382/2002 2034/1372/1992 2045/1383/2003
f 2034/1372/1992 2033/1370/1990 2045/1383/2003
f 2045/1383/2003 2033/1370/1990 2032/1371/1991
f 2045/1383/2003 2032/1371/1991 1926/1268/1888
f 2032/1371/1991 1929/1271/1891 1927/1269/1889
f 1926/1268/1888 2032/1371/1991 1927/1269/1889
f 2046/1384/2004 2045/1383/2003 1926/1268/1888
f 2046/1384/2004 1926/1268/1888 1924/1265/1885
f 2048/1385/2005 2047/1386/2006 2045/1383/2003
f 2048/1385/2005 2045/1383/2003 2046/1384/2004
f 2046/1384/2004 1924/1265/1885 1922/1263/1883
f 2049/1387/2007 2051/1388/2008 2047/1386/2006
f 2049/1387/2007 2047/1386/2006 2048/1385/2005
f 2050/1389/2009 2046/1384/2004 1922/1263/1883
f 2050/1389/2009 1922/1263/1883 1921/1260/1880
f 2051/1388/2008 2044/1382/2002 2047/1386/2006
f 2047/1386/2006 2044/1382/2002 2045/1383/2003
f 2051/1388/2008 2043/1381/2001 2044/1382/2002
f 2053/1390/2010 2052/1391/2011 2051/1388/2008
f 2053/1390/2010 2051/1388/2008 2049/1387/2007
f 2052/1391/2011 2043/1381/2001 2051/1388/2008
f 2050/1389/2009 1921/1260/1880 1919/1258/1878
f 2054/1392/2012 2050/1389/2009 1919/1258/1878
f 2054/1392/2012 1919/1258/1878 1917/1257/1877
f 2055/1379/1999 2052/1391/2011 2053/1390/2010
f 2056/1393/2013 2054/1392/2012 1917/1257/1877
f 2056/1393/2013 1917/1257/1877 1914/1254/1874
f 2052/1391/2011 2042/1378/1998 2043/1381/2001
f 2055/1379/1999 2042/1378/1998 2052/1391/2011
f 2041/1380/2000 2056/1393/2013 1914/1254/1874
f 2041/1380/2000 1914/1254/1874 1912/1252/1872
f 2058/1225/2014 2061/1228/2015 2075/1227/2016
f 2058/1225/2014 2075/1227/2016 2060/1226/2017
f 2063/1229/2018 2064/1231/2019 2059/1230/2020
f 2063/1229/2018 2070/1232/2021 2064/1231/2019
f 2206/1233/2022 2065/1236/2023 2062/1394/2024
f 2206/1233/2022 2062/1394/2024 2057/1234/2025
f 2065/1236/2023 2066/1395/2026 2062/1394/2024
f 2066/1395/2026 2067/1396/2027 2062/1394/2024
f 2062/1394/2024 2067/1396/2027 2068/1239/2028
f 2066/1395/2026 2197/1397/2029 2067/1396/2027
f 2069/1241/2030 2070/1232/2021 2063/1229/2018
f 2069/1241/2030 2071/1242/2031 2070/1232/2021
f 2070/1232/2021 2109/1398/2032 2072/1399/2033
f 2070/1232/2021 2072/1399/2033 2064/1231/2019
f 2064/1231/2019 2073/1400/2034 2059/1230/2020
f 2064/1231/2019 2072/1399/2033 2073/1400/2034
f 2061/1228/2015 2074/1247/2035 2076/1401/2036
f 2061/1228/2015 2076/1401/2036 2075/1227/2016
f 2075/1227/2016 2077/1402/2037 2078/1403/2038
f 2075/1227/2016 2076/1401/2036 2077/1402/2037
f 2078/1403/2038 2077/1402/2037 2079/1250/2039
f 2077/1402/2037 2080/1404/2040 2079/1250/2039
f 2081/1405/2041 2079/1250/2039 2082/1253/2042
f 2079/1250/2039 2080/1404/2040 2082/1253/2042
f 2081/1405/2041 2082/1253/2042 2083/1406/2043
f 2082/1253/2042 2084/1255/2044 2083/1406/2043
f 2083/1406/2043 2084/1255/2044 2085/1407/2045
f 2083/1406/2043 2085/1407/2045 2086/1257/2046
f 2086/1257/2046 2087/1408/2047 2088/1258/2048
f 2086/1257/2046 2085/1407/2045 2087/1408/2047
f 2088/1258/2048 2087/1408/2047 2090/1260/2049
f 2087/1408/2047 2089/1409/2050 2090/1260/2049
f 2090/1260/2049 2089/1409/2050 2122/1410/2051
f 2091/1263/2052 2090/1260/2049 2092/1264/2053
f 2090/1260/2049 2122/1410/2051 2092/1264/2053
f 2091/1263/2052 2092/1264/2053 2093/1411/2054
f 2092/1264/2053 2124/1412/2055 2093/1411/2054
f 2093/1411/2054 2124/1412/2055 2094/1413/2056
f 2093/1411/2054 2094/1413/2056 2095/1414/2057
f 2095/1414/2057 2094/1413/2056 2096/1269/2058
f 2094/1413/2056 2097/1415/2059 2096/1269/2058
f 2096/1269/2058 2097/1415/2059 2099/1416/2060
f 2096/1269/2058 2099/1416/2060 2098/1417/2061
f 2098/1417/2061 2099/1416/2060 2100/1418/2062
f 2098/1417/2061 2100/1418/2062 2101/1419/2063
f 2100/1418/2062 2099/1416/2060 2102/1275/2064
f 2101/1419/2063 2100/1418/2062 2102/1275/2064
f 2101/1419/2063 2102/1275/2064 2103/1420/2065
f 2102/1275/2064 2104/1421/2066 2103/1420/2065
f 2103/1420/2065 2104/1421/2066 2105/1422/2067
f 2103/1420/2065 2106/1280/2068 2107/1279/2069
f 2103/1420/2065 2105/1422/2067 2106/1280/2068
f 2107/1279/2069 2106/1280/2068 2071/1242/2031
f 2106/1280/2068 2108/1281/2070 2071/1242/2031
f 2071/1242/2031 2108/1281/2070 2109/1398/2032
f 2071/1242/2031 2109/1398/2032 2070/1232/2021
f 2108/1281/2070 2133/1282/2071 2109/1398/2032
f 2109/1398/2032 2110/1423/2072 2111/1424/2073
f 2109/1398/2032 2111/1424/2073 2072/1399/2033
f 2072/1399/2033 2111/1424/2073 2112/1425/2074
f 2072/1399/2033 2112/1425/2074 2113/1426/2075
f 2072/1399/2033 2113/1426/2075 2073/1400/2034
f 2074/1247/2035 2114/1288/2076 2115/1287/2077
f 2074/1247/2035 2115/1287/2077 2076/1401/2036
f 2076/1401/2036 2115/1287/2077 2077/1402/2037
f 2077/1402/2037 2115/1287/2077 2116/1289/2078
f 2077/1402/2037 2116/1289/2078 2080/1404/2040
f 2080/1404/2040 2116/1289/2078 2117/1290/2079
f 2080/1404/2040 2117/1290/2079 2082/1253/2042
f 2082/1253/2042 2117/1290/2079 2084/1255/2044
f 2117/1290/2079 2118/1427/2080 2084/1255/2044
f 2084/1255/2044 2118/1427/2080 2085/1407/2045
f 2085/1407/2045 2118/1427/2080 2119/1428/2081
f 2085/1407/2045 2119/1428/2081 2087/1408/2047
f 2087/1408/2047 2119/1428/2081 2121/1293/2082
f 2087/1408/2047 2121/1293/2082 2089/1409/2050
f 2119/1428/2081 2120/1294/2083 2121/1293/2082
f 2089/1409/2050 2121/1293/2082 2122/1410/2051
f 2121/1293/2082 2123/1429/2084 2122/1410/2051
f 2122/1410/2051 2124/1412/2055 2092/1264/2053
f 2122/1410/2051 2123/1429/2084 2146/1430/2085
f 2122/1410/2051 2146/1430/2085 2124/1412/2055
f 2124/1412/2055 2146/1430/2085 2125/1297/2086
f 2124/1412/2055 2125/1297/2086 2094/1413/2056
f 2094/1413/2056 2125/1297/2086 2126/1431/2087
f 2094/1413/2056 2126/1431/2087 2097/1415/2059
f 2126/1431/2087 2127/1299/2088 2097/1415/2059
f 2097/1415/2059 2127/1299/2088 2128/1432/2089
f 2097/1415/2059 2128/1432/2089 2099/1416/2060
f 2099/1416/2060 2128/1432/2089 2129/1433/2090
f 2099/1416/2060 2129/1433/2090 2102/1275/2064
f 2102/1275/2064 2129/1433/2090 2130/1434/2091
f 2102/1275/2064 2130/1434/2091 2104/1421/2066
f 2130/1434/2091 2131/1435/2092 2104/1421/2066
f 2104/1421/2066 2131/1435/2092 2105/1422/2067
f 2105/1422/2067 2131/1435/2092 2132/1436/2093
f 2106/1280/2068 2105/1422/2067 2133/1282/2071
f 2106/1280/2068 2133/1282/2071 2108/1281/2070
f 2105/1422/2067 2132/1436/2093 2133/1282/2071
f 2133/1282/2071 2110/1423/2072 2109/1398/2032
f 2132/1436/2093 2134/1437/2094 2133/1282/2071
f 2133/1282/2071 2134/1437/2094 2135/1306/2095
f 2133/1282/2071 2135/1306/2095 2110/1423/2072
f 2110/1423/2072 2135/1306/2095 2111/1424/2073
f 2135/1306/2095 2136/1438/2096 2111/1424/2073
f 2111/1424/2073 2137/1439/2097 2112/1425/2074
f 2111/1424/2073 2136/1438/2096 2137/1439/2097
f 2112/1425/2074 2137/1439/2097 2113/1426/2075
f 2114/1288/2076 2138/1309/2098 2115/1287/2077
f 2138/1309/2098 2139/1310/2099 2115/1287/2077
f 2115/1287/2077 2139/1310/2099 2116/1289/2078
f 2116/1289/2078 2139/1310/2099 2140/1311/2100
f 2116/1289/2078 2140/1311/2100 2141/1440/2101
f 2116/1289/2078 2141/1440/2101 2117/1290/2079
f 2117/1290/2079 2141/1440/2101 2118/1427/2080
f 2141/1440/2101 2142/1441/2102 2118/1427/2080
f 2118/1427/2080 2142/1441/2102 2143/1442/2103
f 2118/1427/2080 2143/1442/2103 2119/1428/2081
f 2119/1428/2081 2143/1442/2103 2120/1294/2083
f 2143/1442/2103 2144/1315/2104 2120/1294/2083
f 2120/1294/2083 2145/1443/2105 2121/1293/2082
f 2120/1294/2083 2144/1315/2104 2145/1443/2105
f 2121/1293/2082 2145/1443/2105 2123/1429/2084
f 2123/1429/2084 2145/1443/2105 2146/1430/2085
f 2145/1443/2105 2147/1444/2106 2146/1430/2085
f 2146/1430/2085 2148/1318/2107 2125/1297/2086
f 2146/1430/2085 2147/1444/2106 2148/1318/2107
f 2125/1297/2086 2148/1318/2107 2149/1445/2108
f 2125/1297/2086 2149/1445/2108 2126/1431/2087
f 2126/1431/2087 2149/1445/2108 2127/1299/2088
f 2149/1445/2108 2150/1446/2109 2127/1299/2088
f 2127/1299/2088 2150/1446/2109 2128/1432/2089
f 2128/1432/2089 2150/1446/2109 2151/1447/2110
f 2128/1432/2089 2151/1447/2110 2152/1448/2111
f 2128/1432/2089 2152/1448/2111 2129/1433/2090
f 2129/1433/2090 2153/1449/2112 2130/1434/2091
f 2129/1433/2090 2152/1448/2111 2153/1449/2112
f 2130/1434/2091 2153/1449/2112 2131/1435/2092
f 2131/1435/2092 2153/1449/2112 2154/1450/2113
f 2131/1435/2092 2154/1450/2113 2132/1436/2093
f 2154/1450/2113 2134/1437/2094 2132/1436/2093
f 2154/1450/2113 2157/1451/2114 2155/1452/2115
f 2154/1450/2113 2155/1452/2115 2134/1437/2094
f 2158/1453/2116 2156/1328/2117 2157/1451/2114
f 2158/1453/2116 2160/1329/2118 2156/1328/2117
f 2159/1454/2119 2160/1329/2118 2158/1453/2116
f 2177/1455/2120 2159/1454/2119 2158/1453/2116
f 2159/1454/2119 2174/1456/2121 2160/1329/2118
f 2160/1329/2118 2163/1333/2122 2156/1328/2117
f 2174/1456/2121 2161/1457/2123 2160/1329/2118
f 2160/1329/2118 2161/1457/2123 2163/1333/2122
f 2134/1437/2094 2155/1452/2115 2162/1458/2124
f 2134/1437/2094 2162/1458/2124 2135/1306/2095
f 2135/1306/2095 2162/1458/2124 2136/1438/2096
f 2161/1457/2123 2165/1336/2125 2163/1333/2122
f 2136/1438/2096 2162/1458/2124 2164/1337/2126
f 2161/1457/2123 2167/1459/2127 2165/1336/2125
f 2136/1438/2096 2164/1337/2126 2137/1439/2097
f 2166/1460/2128 2167/1459/2127 2161/1457/2123
f 2174/1456/2121 2166/1460/2128 2161/1457/2123
f 2167/1459/2127 2169/1340/2129 2165/1336/2125
f 2138/1309/2098 2170/1342/2130 2168/1341/2131
f 2138/1309/2098 2168/1341/2131 2139/1310/2099
f 2173/1343/2132 2171/1344/2133 2169/1340/2129
f 2173/1343/2132 2169/1340/2129 2167/1459/2127
f 2139/1310/2099 2168/1341/2131 2140/1311/2100
f 2140/1311/2100 2168/1341/2131 2172/1345/2134
f 2166/1460/2128 2173/1343/2132 2167/1459/2127
f 2175/1346/2135 2173/1343/2132 2166/1460/2128
f 2175/1346/2135 2166/1460/2128 2174/1456/2121
f 2176/1347/2136 2175/1346/2135 2174/1456/2121
f 2176/1347/2136 2174/1456/2121 2159/1454/2119
f 2178/1461/2137 2176/1347/2136 2177/1455/2120
f 2177/1455/2120 2176/1347/2136 2159/1454/2119
f 2151/1447/2110 2178/1461/2137 2177/1455/2120
f 2151/1447/2110 2177/1455/2120 2152/1448/2111
f 2152/1448/2111 2177/1455/2120 2153/1449/2112
f 2177/1455/2120 2158/1453/2116 2157/1451/2114
f 2153/1449/2112 2177/1455/2120 2157/1451/2114
f 2153/1449/2112 2157/1451/2114 2154/1450/2113
f 2179/1462/2138 2178/1461/2137 2151/1447/2110
f 2150/1446/2109 2179/1462/2138 2151/1447/2110
f 2179/1462/2138 2181/1351/2139 2180/1350/2140
f 2179/1462/2138 2180/1350/2140 2178/1461/2137
f 2178/1461/2137 2180/1350/2140 2176/1347/2136
f 2181/1351/2139 2182/1352/2141 2175/1346/2135
f 2181/1351/2139 2175/1346/2135 2180/1350/2140
f 2180/1350/2140 2175/1346/2135 2176/1347/2136
f 2182/1352/2141 2183/1353/2142 2175/1346/2135
f 2175/1346/2135 2183/1353/2142 2173/1343/2132
f 2184/1463/2143 2171/1344/2133 2183/1353/2142
f 2183/1353/2142 2171/1344/2133 2173/1343/2132
f 2140/1311/2100 2172/1345/2134 2141/1440/2101
f 2141/1440/2101 2172/1345/2134 2142/1441/2102
f 2184/1463/2143 2185/1355/2144 2171/1344/2133
f 2188/1356/2145 2185/1355/2144 2184/1463/2143
f 2142/1441/2102 2186/1357/2146 2143/1442/2103
f 2188/1356/2145 2184/1463/2143 2187/1358/2147
f 2187/1358/2147 2184/1463/2143 2183/1353/2142
f 2143/1442/2103 2186/1357/2146 2144/1315/2104
f 2190/1359/2148 2188/1356/2145 2187/1358/2147
f 2144/1315/2104 2186/1357/2146 2189/1464/2149
f 2190/1359/2148 2187/1358/2147 2182/1352/2141
f 2144/1315/2104 2189/1464/2149 2145/1443/2105
f 2187/1358/2147 2183/1353/2142 2182/1352/2141
f 2192/1465/2150 2190/1359/2148 2182/1352/2141
f 2192/1465/2150 2182/1352/2141 2181/1351/2139
f 2145/1443/2105 2189/1464/2149 2191/1362/2151
f 2145/1443/2105 2191/1362/2151 2147/1444/2106
f 2193/1466/2152 2192/1465/2150 2181/1351/2139
f 2193/1466/2152 2181/1351/2139 2179/1462/2138
f 2147/1444/2106 2191/1362/2151 2193/1466/2152
f 2147/1444/2106 2193/1466/2152 2148/1318/2107
f 2148/1318/2107 2193/1466/2152 2149/1445/2108
f 2149/1445/2108 2193/1466/2152 2179/1462/2138
f 2149/1445/2108 2179/1462/2138 2150/1446/2109
f 2195/1364/2153 2107/1279/2069 2071/1242/2031
f 2195/1364/2153 2071/1242/2031 2069/1241/2030
f 2067/1396/2027 2196/1467/2154 2194/1468/2155
f 2067/1396/2027 2194/1468/2155 2068/1239/2028
f 2197/1397/2029 2198/1469/2156 2196/1467/2154
f 2197/1397/2029 2196/1467/2154 2067/1396/2027
f 2198/1469/2156 2199/1470/2157 2196/1467/2154
f 2196/1467/2154 2199/1470/2157 2200/1471/2158
f 2196/1467/2154 2200/1471/2158 2194/1468/2155
f 2199/1470/2157 2101/1419/2063 2200/1471/2158
f 2200/1471/2158 2103/1420/2065 2107/1279/2069
f 2200/1471/2158 2107/1279/2069 2195/1364/2153
f 2101/1419/2063 2103/1420/2065 2200/1471/2158
f 2199/1470/2157 2098/1417/2061 2101/1419/2063
f 2202/1472/2159 2201/1473/2160 2199/1470/2157
f 2201/1473/2160 2098/1417/2061 2199/1470/2157
f 2202/1472/2159 2199/1470/2157 2198/1469/2156
f 2203/1474/2161 2202/1472/2159 2198/1469/2156
f 2203/1474/2161 2198/1469/2156 2197/1397/2029
f 2204/1373/2162 2203/1474/2161 2197/1397/2029
f 2204/1373/2162 2197/1397/2029 2066/1395/2026
f 2205/1475/2163 2204/1373/2162 2066/1395/2026
f 2065/1236/2023 2205/1475/2163 2066/1395/2026
f 2208/1476/2164 2205/1475/2163 2065/1236/2023
f 2208/1476/2164 2065/1236/2023 2206/1233/2022
f 2207/1376/2165 2078/1403/2038 2079/1250/2039
f 2207/1376/2165 2079/1250/2039 2209/1377/2166
f 2060/1226/2017 2078/1403/2038 2207/1376/2165
f 2060/1226/2017 2075/1227/2016 2078/1403/2038
f 2208/1476/2164 2211/1378/2167 2205/1475/2163
f 2209/1377/2166 2079/1250/2039 2081/1405/2041
f 2224/1477/2168 2211/1378/2167 2208/1476/2164
f 2209/1377/2166 2081/1405/2041 2210/1478/2169
f 2211/1378/2167 2212/1479/2170 2205/1475/2163
f 2212/1479/2170 2204/1373/2162 2205/1475/2163
f 2212/1479/2170 2213/1382/2171 2203/1474/2161
f 2212/1479/2170 2203/1474/2161 2204/1373/2162
f 2213/1382/2171 2214/1480/2172 2203/1474/2161
f 2203/1474/2161 2214/1480/2172 2202/1472/2159
f 2214/1480/2172 2095/1414/2057 2201/1473/2160
f 2214/1480/2172 2201/1473/2160 2202/1472/2159
f 2201/1473/2160 2096/1269/2058 2098/1417/2061
f 2095/1414/2057 2096/1269/2058 2201/1473/2160
f 2215/1481/2173 2095/1414/2057 2214/1480/2172
f 2215/1481/2173 2093/1411/2054 2095/1414/2057
f 2217/1385/2174 2215/1481/2173 2214/1480/2172
f 2217/1385/2174 2214/1480/2172 2216/1386/2175
f 2215/1481/2173 2091/1263/2052 2093/1411/2054
f 2218/1387/2176 2217/1385/2174 2216/1386/2175
f 2218/1387/2176 2216/1386/2175 2220/1388/2177
f 2219/1482/2178 2090/1260/2049 2091/1263/2052
f 2219/1482/2178 2091/1263/2052 2215/1481/2173
f 2220/1388/2177 2216/1386/2175 2213/1382/2171
f 2216/1386/2175 2214/1480/2172 2213/1382/2171
f 2220/1388/2177 2213/1382/2171 2212/1479/2170
f 2222/1483/2179 2218/1387/2176 2220/1388/2177
f 2222/1483/2179 2220/1388/2177 2221/1484/2180
f 2221/1484/2180 2220/1388/2177 2212/1479/2170
f 2219/1482/2178 2088/1258/2048 2090/1260/2049
f 2223/1392/2181 2088/1258/2048 2219/1482/2178
f 2223/1392/2181 2086/1257/2046 2088/1258/2048
f 2224/1477/2168 2222/1483/2179 2221/1484/2180
f 2225/1393/2182 2083/1406/2043 2086/1257/2046
f 2225/1393/2182 2086/1257/2046 2223/1392/2181
f 2221/1484/2180 2212/1479/2170 2211/1378/2167
f 2224/1477/2168 2221/1484/2180 2211/1378/2167
f 2210/1478/2169 2083/1406/2043 2225/1393/2182
f 2210/1478/2169 2081/1405/2041 2083/1406/2043
o Object_6
v -0.044394 0.371333 0.380026
v -0.044394 0.371333 0.380026
v -0.044394 0.371333 0.380026
v -0.038433 0.372591 0.381316
v -0.038528 0.372515 0.381437
v -0.043425 0.370766 0.379808
v -0.043425 0.370766 0.379808
v -0.047192 0.369119 0.378953
v -0.047222 0.369120 0.379047
v -0.046081 0.368714 0.378958
v -0.046081 0.368714 0.378958
v -0.043300 0.370115 0.380382
v -0.047612 0.366170 0.378148
v -0.047611 0.366177 0.378120
v -0.019848 0.369252 0.386956
v -0.026621 0.370989 0.384927
v -0.031204 0.372668 0.383124
v -0.031204 0.372668 0.383124
v -0.030657 0.372104 0.382256
v -0.030657 0.372104 0.382256
v -0.024160 0.371971 0.385391
v -0.024160 0.371971 0.385391
v -0.024160 0.371971 0.385391
v -0.018725 0.370425 0.387212
v -0.018709 0.370396 0.387236
v -0.024046 0.371395 0.384604
v -0.024046 0.371395 0.384604
v -0.015680 0.367946 0.387863
v -0.015654 0.367969 0.387807
v -0.018231 0.367333 0.387077
v -0.014522 0.364970 0.387412
v -0.017975 0.358901 0.384992
v -0.014583 0.361584 0.386516
v -0.014599 0.361582 0.386543
v -0.015415 0.357323 0.385308
v -0.015398 0.357319 0.385267
v -0.016715 0.351741 0.383743
v -0.016721 0.351685 0.383736
v -0.024696 0.336141 0.378529
v -0.018676 0.345223 0.381793
v -0.018677 0.345219 0.381792
v -0.021377 0.338588 0.379570
v -0.021380 0.338585 0.379572
v -0.022465 0.360420 0.381583
v -0.014539 0.364961 0.387438
v -0.028710 0.360675 0.378998
v -0.033243 0.350877 0.376745
v -0.036159 0.362023 0.377985
v -0.037212 0.368342 0.379274
v -0.046676 0.362761 0.377526
v -0.043165 0.368600 0.379049
v -0.043165 0.368600 0.379049
v -0.044837 0.358457 0.376992
v -0.046671 0.362764 0.377491
v -0.042312 0.352855 0.376412
v -0.042312 0.352808 0.376429
v -0.044849 0.358448 0.377000
v -0.034551 0.356762 0.379766
v -0.030151 0.334468 0.376543
v -0.024012 0.333327 0.377618
v -0.024021 0.333330 0.377634
v -0.025847 0.330603 0.376488
v -0.025847 0.330603 0.376488
v -0.026961 0.330733 0.375625
v -0.025170 0.336265 0.376874
v -0.026856 0.334183 0.375881
v -0.029399 0.335088 0.375534
v -0.028704 0.330715 0.375680
v -0.028704 0.330715 0.375680
v -0.031122 0.333652 0.375592
v -0.031122 0.333652 0.375592
v -0.038970 0.346219 0.375903
v -0.034873 0.339258 0.375646
v -0.034873 0.339258 0.375646
v -0.038966 0.346212 0.375904
v -0.027433 0.330298 0.376242
v -0.027137 0.329407 0.375840
v -0.027137 0.329407 0.375840
v -0.041915 0.370227 0.379618
v -0.041915 0.370227 0.379618
v -0.029748 0.368948 0.380764
v -0.037217 0.370857 0.380122
v -0.037217 0.370857 0.380122
v -0.030170 0.371040 0.381470
v -0.030170 0.371040 0.381470
v -0.023460 0.369650 0.383634
v -0.045122 0.128507 0.306840
v -0.045096 0.128536 0.306835
v -0.045096 0.128536 0.306835
v -0.045096 0.128536 0.306835
v -0.040422 0.125540 0.308726
v -0.040422 0.125540 0.308726
v -0.040880 0.125478 0.309541
v -0.040880 0.125478 0.309541
v -0.047964 0.131221 0.306649
v -0.047964 0.131221 0.306649
v -0.047419 0.131089 0.307317
v -0.047419 0.131089 0.307317
v -0.044077 0.129263 0.307642
v -0.038060 0.125870 0.309883
v -0.046084 0.131199 0.307726
v -0.049357 0.133596 0.307749
v -0.049326 0.133623 0.307734
v -0.027869 0.122670 0.314292
v -0.034383 0.122915 0.311496
v -0.034383 0.122915 0.311496
v -0.035301 0.122807 0.312306
v -0.027858 0.121378 0.314190
v -0.027858 0.121378 0.314190
v -0.022701 0.121117 0.316575
v -0.022701 0.121117 0.316575
v -0.022714 0.121087 0.316574
v -0.028878 0.121502 0.314761
v -0.023724 0.122526 0.316483
v -0.020465 0.122111 0.318609
v -0.020465 0.122111 0.318609
v -0.022697 0.123468 0.317891
v -0.020502 0.124039 0.320297
v -0.025526 0.129759 0.321641
v -0.021802 0.126614 0.321746
v -0.021856 0.126720 0.321789
v -0.023968 0.130135 0.323269
v -0.026811 0.134874 0.325105
v -0.026790 0.134867 0.325072
v -0.030506 0.140638 0.327074
v -0.038631 0.150581 0.328953
v -0.030487 0.140548 0.327064
v -0.034947 0.146532 0.328855
v -0.034945 0.146527 0.328859
v -0.033322 0.131146 0.321306
v -0.020497 0.124057 0.320271
v -0.021574 0.122526 0.318558
v -0.021574 0.122526 0.318558
v -0.030971 0.125927 0.318679
v -0.024416 0.122849 0.318056
v -0.024416 0.122849 0.318056
v -0.038944 0.130438 0.318320
v -0.044342 0.136652 0.318007
v -0.043580 0.130056 0.313155
v -0.049765 0.135892 0.309557
v -0.045863 0.129955 0.308728
v -0.045863 0.129955 0.308728
v -0.049657 0.138584 0.312079
v -0.049798 0.135869 0.309584
v -0.049293 0.142106 0.315366
v -0.049294 0.142060 0.315365
v -0.049668 0.138603 0.312073
v -0.040837 0.136674 0.316462
v -0.038209 0.149107 0.327876
v -0.041163 0.153622 0.329909
v -0.041163 0.153622 0.329909
v -0.038963 0.151412 0.330098
v -0.038963 0.151412 0.330098
v -0.039095 0.151526 0.330194
v -0.041461 0.154086 0.330581
v -0.041461 0.154086 0.330581
v -0.040395 0.148886 0.328850
v -0.042695 0.149851 0.328388
v -0.044060 0.150798 0.327819
v -0.045122 0.151176 0.326742
v -0.043269 0.154132 0.330278
v -0.043960 0.154902 0.329498
v -0.043960 0.154902 0.329498
v -0.045219 0.153390 0.327405
v -0.045219 0.153390 0.327405
v -0.048445 0.146108 0.319371
v -0.046896 0.150217 0.323737
v -0.046896 0.150217 0.323737
v -0.048441 0.146117 0.319378
v -0.048441 0.146117 0.319378
v -0.044453 0.152882 0.327057
v -0.044453 0.152882 0.327057
v -0.045972 0.149803 0.323628
v -0.045972 0.149803 0.323628
v -0.043049 0.152852 0.327663
v -0.043340 0.154328 0.328967
v -0.043340 0.154328 0.328967
v -0.042511 0.154794 0.329958
v -0.042511 0.154794 0.329958
v -0.042511 0.154794 0.329958
v -0.042995 0.155412 0.330617
v -0.042995 0.155412 0.330617
v -0.042995 0.155412 0.330617
v -0.042364 0.127210 0.311305
v -0.042364 0.127210 0.311305
v -0.036876 0.124396 0.314307
v -0.036868 0.124402 0.314302
v -0.041442 0.125862 0.310425
v -0.041442 0.125862 0.310425
v -0.041442 0.125862 0.310425
v -0.036144 0.123190 0.313216
v -0.036144 0.123190 0.313216
v -0.029757 0.121991 0.315507
v -0.029757 0.121991 0.315507
v -0.030088 0.123142 0.316644
v -0.030088 0.123142 0.316644
v 0.020669 0.371354 0.380012
v 0.020689 0.371333 0.380026
v 0.014866 0.372496 0.381345
v 0.014823 0.372515 0.381437
v 0.013465 0.371428 0.380418
v 0.023494 0.369101 0.379007
v 0.023518 0.369120 0.379047
v 0.019596 0.370115 0.380382
v 0.023908 0.366170 0.378148
v 0.023907 0.366177 0.378120
v -0.003856 0.369252 0.386956
v 0.002917 0.370989 0.384927
v 0.007500 0.372668 0.383124
v 0.007500 0.372668 0.383124
v 0.006953 0.372104 0.382256
v 0.000456 0.371971 0.385391
v 0.000456 0.371971 0.385391
v -0.004979 0.370425 0.387212
v -0.004995 0.370396 0.387236
v 0.000453 0.370948 0.384067
v -0.008024 0.367946 0.387863
v -0.008050 0.367969 0.387807
v -0.005473 0.367333 0.387077
v -0.009182 0.364970 0.387412
v -0.008302 0.357315 0.385285
v -0.003676 0.359145 0.384465
v -0.009121 0.361584 0.386516
v -0.009105 0.361582 0.386543
v -0.008289 0.357323 0.385308
v -0.008306 0.357320 0.385268
v -0.006989 0.351741 0.383743
v -0.006999 0.351730 0.383712
v -0.006006 0.352028 0.383601
v -0.006006 0.352028 0.383601
v -0.000160 0.339427 0.379542
v -0.004056 0.345618 0.381767
v -0.004056 0.345618 0.381767
v 0.001279 0.335298 0.378234
v -0.000167 0.339436 0.379516
v -0.005028 0.345223 0.381793
v -0.005027 0.345219 0.381792
v -0.002327 0.338588 0.379570
v -0.002324 0.338585 0.379572
v -0.001239 0.360420 0.381583
v -0.009165 0.364961 0.387438
v -0.000754 0.367795 0.383270
v 0.005006 0.360675 0.378998
v 0.010291 0.353907 0.377054
v 0.010291 0.353907 0.377054
v 0.012745 0.363535 0.378229
v 0.011693 0.359534 0.377678
v 0.012765 0.363530 0.378248
v 0.013508 0.368342 0.379274
v 0.021839 0.362809 0.377619
v 0.021839 0.362809 0.377617
v 0.020024 0.358711 0.377109
v 0.022967 0.362764 0.377491
v 0.022967 0.362764 0.377491
v 0.020022 0.358705 0.377114
v 0.018599 0.352844 0.376387
v 0.018608 0.352808 0.376429
v 0.017510 0.353222 0.376534
v 0.017510 0.353223 0.376529
v 0.021127 0.358456 0.376956
v 0.021145 0.358448 0.377000
v 0.010846 0.356762 0.379766
v 0.006447 0.334468 0.376543
v 0.002634 0.334054 0.377568
v 0.002634 0.334054 0.377568
v 0.002583 0.331539 0.376856
v 0.002583 0.331539 0.376856
v 0.001273 0.335307 0.378206
v 0.000316 0.333330 0.377634
v 0.000316 0.333330 0.377634
v 0.002142 0.330603 0.376488
v 0.002142 0.330603 0.376488
v 0.002142 0.330603 0.376488
v 0.000689 0.334223 0.377306
v 0.000689 0.334223 0.377306
v 0.002245 0.331685 0.376233
v 0.002245 0.331685 0.376233
v 0.001465 0.336265 0.376874
v 0.003152 0.334183 0.375881
v 0.004955 0.334520 0.375602
v 0.004949 0.334519 0.375538
v 0.006451 0.340008 0.375913
v 0.006451 0.340008 0.375913
v 0.008509 0.347086 0.376435
v 0.008509 0.347086 0.376435
v 0.003298 0.330635 0.375620
v 0.005000 0.330715 0.375680
v 0.005000 0.330715 0.375680
v 0.007418 0.333652 0.375592
v 0.007418 0.333652 0.375592
v 0.015262 0.346213 0.375902
v 0.011169 0.339258 0.375646
v 0.011169 0.339258 0.375646
v 0.015262 0.346212 0.375904
v 0.015262 0.346212 0.375904
v 0.003715 0.330451 0.376309
v 0.003698 0.330469 0.376280
v 0.003432 0.329407 0.375840
v 0.003432 0.329407 0.375840
v 0.003432 0.329407 0.375840
v 0.003432 0.329407 0.375840
v 0.003298 0.330626 0.375652
v 0.003298 0.330626 0.375652
v 0.006300 0.370574 0.381200
v 0.055612 0.371096 0.369987
v 0.055592 0.371117 0.369973
v 0.049746 0.372278 0.371398
v 0.049788 0.372259 0.371306
v 0.048388 0.371192 0.370379
v 0.058441 0.368883 0.369008
v 0.058417 0.368864 0.368968
v 0.054518 0.369879 0.370343
v 0.058830 0.365940 0.368081
v 0.058830 0.365934 0.368109
v 0.031068 0.369015 0.376917
v 0.037838 0.370752 0.374888
v 0.042422 0.372431 0.373085
v 0.042422 0.372431 0.373085
v 0.041875 0.371867 0.372217
v 0.035378 0.371734 0.375352
v 0.035378 0.371734 0.375352
v 0.029928 0.370160 0.377197
v 0.029943 0.370188 0.377173
v 0.035376 0.370712 0.374028
v 0.026872 0.367732 0.377768
v 0.026899 0.367709 0.377824
v 0.029450 0.367097 0.377038
v 0.025740 0.364734 0.377372
v 0.026621 0.357078 0.375246
v 0.031245 0.358907 0.374426
v 0.025802 0.361347 0.376477
v 0.025817 0.361345 0.376504
v 0.026634 0.357086 0.375269
v 0.026616 0.357083 0.375229
v 0.027934 0.351504 0.373704
v 0.027924 0.351493 0.373673
v 0.028917 0.351791 0.373562
v 0.028917 0.351791 0.373562
v 0.034763 0.339191 0.369503
v 0.030867 0.345382 0.371728
v 0.030867 0.345382 0.371728
v 0.036202 0.335061 0.368195
v 0.034755 0.339199 0.369477
v 0.029894 0.344987 0.371754
v 0.029896 0.344983 0.371753
v 0.032595 0.338351 0.369531
v 0.032599 0.338348 0.369533
v 0.033683 0.360182 0.371544
v 0.025757 0.364724 0.377399
v 0.034169 0.367558 0.373231
v 0.039928 0.360438 0.368959
v 0.045213 0.353671 0.367015
v 0.045213 0.353671 0.367015
v 0.047667 0.363299 0.368190
v 0.046615 0.359297 0.367639
v 0.047687 0.363293 0.368209
v 0.048430 0.368104 0.369234
v 0.056761 0.362572 0.367580
v 0.056761 0.362573 0.367578
v 0.054946 0.358475 0.367070
v 0.057890 0.362527 0.367452
v 0.057890 0.362527 0.367452
v 0.054944 0.358469 0.367075
v 0.053531 0.352571 0.366390
v 0.053521 0.352607 0.366348
v 0.052433 0.352985 0.366495
v 0.052433 0.352986 0.366490
v 0.056067 0.358210 0.366961
v 0.056049 0.358219 0.366917
v 0.045773 0.356529 0.369726
v 0.041370 0.334232 0.366504
v 0.037556 0.333817 0.367529
v 0.037556 0.333817 0.367529
v 0.037506 0.331303 0.366817
v 0.037506 0.331303 0.366817
v 0.036196 0.335070 0.368167
v 0.035239 0.333093 0.367595
v 0.035239 0.333093 0.367595
v 0.037065 0.330366 0.366449
v 0.037065 0.330366 0.366449
v 0.037065 0.330366 0.366449
v 0.035611 0.333986 0.367267
v 0.035611 0.333986 0.367267
v 0.037167 0.331448 0.366194
v 0.037167 0.331448 0.366194
v 0.036388 0.336029 0.366835
v 0.038074 0.333945 0.365842
v 0.039878 0.334283 0.365563
v 0.039871 0.334283 0.365499
v 0.041373 0.339771 0.365874
v 0.041373 0.339771 0.365874
v 0.043431 0.346849 0.366396
v 0.043431 0.346849 0.366396
v 0.038221 0.330399 0.365581
v 0.039922 0.330478 0.365641
v 0.039922 0.330478 0.365641
v 0.042340 0.333415 0.365553
v 0.042340 0.333415 0.365553
v 0.050185 0.345976 0.365863
v 0.046091 0.339021 0.365607
v 0.046091 0.339021 0.365607
v 0.050184 0.345975 0.365865
v 0.050184 0.345975 0.365865
v 0.038638 0.330215 0.366270
v 0.038621 0.330232 0.366241
v 0.038355 0.329170 0.365801
v 0.038355 0.329170 0.365801
v 0.038355 0.329170 0.365801
v 0.038355 0.329170 0.365801
v 0.038220 0.330389 0.365613
v 0.038220 0.330389 0.365613
v 0.041222 0.370338 0.371162
v 0.086552 0.376496 0.357158
v 0.086574 0.376483 0.357173
v 0.080682 0.376562 0.358575
v 0.080682 0.376562 0.358575
v 0.079532 0.374994 0.357795
v 0.089790 0.374743 0.356262
v 0.089810 0.374771 0.356301
v 0.085823 0.375151 0.357662
v 0.080878 0.375443 0.359004
v 0.090853 0.371827 0.355652
v 0.090851 0.371830 0.355625
v 0.063404 0.370399 0.365045
v 0.069491 0.373161 0.362667
v 0.073537 0.375435 0.360570
v 0.073537 0.375435 0.360570
v 0.072933 0.374018 0.359397
v 0.066924 0.373654 0.363111
v 0.066924 0.373654 0.363111
v 0.062058 0.371325 0.365231
v 0.062053 0.371300 0.365257
v 0.067125 0.372367 0.361883
v 0.059701 0.368379 0.366191
v 0.059670 0.368390 0.366136
v 0.062297 0.368205 0.365382
v 0.059260 0.365153 0.366042
v 0.063970 0.359559 0.364054
v 0.060086 0.361707 0.365446
v 0.060102 0.361712 0.365473
v 0.061856 0.357523 0.364592
v 0.061840 0.357511 0.364552
v 0.064373 0.352082 0.363452
v 0.064373 0.352082 0.363452
v 0.075981 0.337968 0.359309
v 0.067764 0.345834 0.362087
v 0.072595 0.340299 0.360354
v 0.072595 0.340299 0.360354
v 0.067757 0.345839 0.362050
v 0.067757 0.345839 0.362050
v 0.067763 0.345840 0.362059
v 0.071871 0.339576 0.360335
v 0.071866 0.339579 0.360333
v 0.065141 0.352647 0.362957
v 0.065141 0.352647 0.362957
v 0.066841 0.353390 0.361772
v 0.066841 0.353390 0.361772
v 0.067593 0.362346 0.360563
v 0.059279 0.365151 0.366068
v 0.066662 0.368876 0.361414
v 0.073799 0.362385 0.357608
v 0.080461 0.356659 0.356092
v 0.080461 0.356659 0.356092
v 0.080625 0.366755 0.356339
v 0.080524 0.362536 0.356175
v 0.074979 0.341028 0.357931
v 0.080646 0.366757 0.356357
v 0.080275 0.371781 0.356929
v 0.089615 0.368003 0.355490
v 0.089615 0.368003 0.355488
v 0.088797 0.363529 0.355402
v 0.090719 0.368190 0.355330
v 0.090719 0.368190 0.355330
v 0.088796 0.363523 0.355407
v 0.088765 0.357392 0.355243
v 0.088783 0.357363 0.355287
v 0.088765 0.357392 0.355243
v 0.087623 0.357538 0.355393
v 0.087622 0.357538 0.355388
v 0.089923 0.363501 0.355235
v 0.089943 0.363501 0.355278
v 0.080406 0.360134 0.358512
v 0.081269 0.336958 0.357398
v 0.078208 0.333312 0.358092
v 0.078208 0.333312 0.358092
v 0.076062 0.335622 0.358946
v 0.076062 0.335622 0.358946
v 0.075609 0.334690 0.358783
v 0.075609 0.334690 0.358783
v 0.077988 0.332227 0.357823
v 0.077988 0.332227 0.357823
v 0.076963 0.335814 0.357404
v 0.079042 0.332348 0.356917
v 0.073223 0.340873 0.359123
v 0.073223 0.340873 0.359123
v 0.069818 0.347112 0.360533
v 0.069818 0.347112 0.360533
v 0.075007 0.341033 0.357994
v 0.078022 0.337535 0.356828
v 0.076990 0.335831 0.357459
v 0.079776 0.336446 0.356512
v 0.079769 0.336438 0.356448
v 0.079953 0.342142 0.356295
v 0.079953 0.342142 0.356295
v 0.080310 0.349545 0.356129
v 0.080310 0.349545 0.356129
v 0.079078 0.332334 0.356922
v 0.080714 0.332810 0.356917
v 0.080714 0.332810 0.356917
v 0.082373 0.336173 0.356494
v 0.082373 0.336173 0.356494
v 0.087064 0.350141 0.355449
v 0.084706 0.342442 0.355936
v 0.084706 0.342442 0.355936
v 0.087062 0.350133 0.355451
v 0.079546 0.332398 0.357605
v 0.079526 0.332409 0.357576
v 0.079502 0.331227 0.357241
v 0.079502 0.331227 0.357241
v 0.079502 0.331227 0.357241
v 0.079502 0.331227 0.357241
v 0.079080 0.332328 0.356955
v 0.072921 0.370990 0.358605
v 0.108584 0.369644 0.334360
v 0.108557 0.369659 0.334349
v 0.104527 0.370802 0.337351
v 0.104527 0.370802 0.337351
v 0.103005 0.369020 0.337356
v 0.110762 0.367321 0.332879
v 0.110783 0.367311 0.332920
v 0.108399 0.368643 0.335229
v 0.105100 0.369899 0.337846
v 0.111430 0.364173 0.332576
v 0.111443 0.364175 0.332605
v 0.108568 0.366548 0.335523
v 0.094859 0.369087 0.349220
v 0.098158 0.370214 0.344843
v 0.099914 0.371162 0.341441
v 0.099914 0.371162 0.341441
v 0.098997 0.370031 0.341074
v 0.096225 0.371087 0.345934
v 0.096225 0.371087 0.345934
v 0.093787 0.370151 0.349658
v 0.093787 0.370151 0.349658
v 0.093787 0.370151 0.349658
v 0.095723 0.370051 0.345470
v 0.092580 0.367935 0.351653
v 0.092649 0.367932 0.351691
v 0.094311 0.367221 0.350229
v 0.092367 0.364826 0.352287
v 0.095336 0.358227 0.350155
v 0.092862 0.361203 0.352154
v 0.092897 0.361223 0.352168
v 0.093987 0.356658 0.351617
v 0.094028 0.356697 0.351644
v 0.095762 0.350706 0.350911
v 0.095733 0.350837 0.350911
v 0.103365 0.334455 0.346582
v 0.098002 0.343922 0.349789
v 0.097997 0.343935 0.349791
v 0.100689 0.336852 0.348207
v 0.100680 0.336861 0.348208
v 0.095810 0.357984 0.345614
v 0.092406 0.364830 0.352300
v 0.095021 0.365789 0.345473
v 0.098265 0.363611 0.340880
v 0.099132 0.355220 0.341435
v 0.103945 0.347652 0.339504
v 0.103432 0.360456 0.337251
v 0.103460 0.360463 0.337288
v 0.103428 0.363570 0.336992
v 0.103428 0.363570 0.336992
v 0.111356 0.360568 0.333065
v 0.111355 0.360567 0.333059
v 0.110908 0.356123 0.334070
v 0.111335 0.360572 0.333026
v 0.110341 0.350307 0.335551
v 0.110311 0.350382 0.335522
v 0.110933 0.356116 0.334072
v 0.105340 0.355057 0.340335
v 0.106169 0.332338 0.344002
v 0.103081 0.331201 0.346629
v 0.103063 0.331186 0.346624
v 0.104582 0.328237 0.345533
v 0.104582 0.328237 0.345533
v 0.104770 0.327953 0.344433
v 0.102443 0.333516 0.345110
v 0.103734 0.331192 0.344085
v 0.105182 0.332146 0.342714
v 0.106221 0.328184 0.343825
v 0.106221 0.328184 0.343825
v 0.107115 0.331088 0.342352
v 0.107115 0.331088 0.342352
v 0.109460 0.343643 0.337508
v 0.108296 0.336662 0.340034
v 0.108296 0.336662 0.340034
v 0.109459 0.343628 0.337514
v 0.107160 0.333147 0.342596
v 0.105776 0.328002 0.344795
v 0.105521 0.326906 0.344757
v 0.105521 0.326906 0.344757
v 0.103180 0.366264 0.337011
v 0.103180 0.366264 0.337011
v 0.098289 0.363614 0.340907
v 0.098186 0.366313 0.340807
v 0.098186 0.366313 0.340807
v 0.098360 0.368508 0.340834
v 0.098360 0.368508 0.340834
v 0.095329 0.368637 0.345179
v 0.095329 0.368637 0.345179
v 0.093849 0.369350 0.349104
v 0.093849 0.369350 0.349104
v 0.094033 0.368506 0.348204
v 0.094033 0.368506 0.348204
v 0.128663 0.358200 0.312944
v 0.128663 0.358200 0.312944
v 0.128646 0.358211 0.312924
v 0.124937 0.359915 0.315909
v 0.124847 0.359976 0.315866
v 0.130706 0.355601 0.311655
v 0.130693 0.355591 0.311647
v 0.130006 0.355178 0.312196
v 0.130006 0.355178 0.312196
v 0.128625 0.357355 0.313810
v 0.124273 0.359504 0.317772
v 0.131412 0.352399 0.311666
v 0.131406 0.352398 0.311681
v 0.128907 0.355229 0.314290
v 0.118548 0.360912 0.324915
v 0.120795 0.361032 0.320095
v 0.120795 0.361032 0.320095
v 0.119858 0.359831 0.319867
v 0.117626 0.361780 0.324722
v 0.117626 0.361780 0.324722
v 0.115633 0.361538 0.328597
v 0.115633 0.361538 0.328597
v 0.115633 0.361538 0.328597
v 0.117091 0.360661 0.324367
v 0.117091 0.360661 0.324367
v 0.116694 0.360419 0.328177
v 0.114706 0.359716 0.330813
v 0.114745 0.359709 0.330824
v 0.117054 0.358408 0.328453
v 0.114606 0.356740 0.331681
v 0.115175 0.353134 0.331834
v 0.116356 0.348485 0.331630
v 0.115183 0.353149 0.331815
v 0.116324 0.348581 0.331594
v 0.118068 0.342498 0.331254
v 0.118038 0.342642 0.331246
v 0.125436 0.325385 0.328165
v 0.120298 0.335520 0.330626
v 0.120291 0.335539 0.330628
v 0.122919 0.328123 0.329615
v 0.122906 0.328140 0.329617
v 0.117405 0.348687 0.325449
v 0.114648 0.356747 0.331689
v 0.116464 0.356416 0.324734
v 0.115694 0.359043 0.327321
v 0.119854 0.347243 0.321142
v 0.124536 0.341648 0.318863
v 0.124014 0.351036 0.316498
v 0.131431 0.348889 0.312480
v 0.127917 0.354984 0.313460
v 0.127917 0.354984 0.313460
v 0.131175 0.344611 0.313909
v 0.131410 0.348875 0.312451
v 0.130825 0.339106 0.315863
v 0.130843 0.339141 0.315874
v 0.131107 0.343883 0.314126
v 0.128574 0.344258 0.317503
v 0.126981 0.323018 0.326996
v 0.125221 0.322117 0.328530
v 0.125221 0.322117 0.328530
v 0.126643 0.318895 0.327704
v 0.126643 0.318895 0.327704
v 0.126643 0.318895 0.327704
v 0.124898 0.322651 0.327963
v 0.124898 0.322651 0.327963
v 0.126108 0.319639 0.327249
v 0.126108 0.319639 0.327249
v 0.124530 0.323677 0.326876
v 0.124128 0.328094 0.324644
v 0.126658 0.318541 0.326632
v 0.126705 0.323330 0.324262
v 0.127452 0.319787 0.325491
v 0.128085 0.318462 0.326027
v 0.128085 0.318462 0.326027
v 0.128760 0.321091 0.324311
v 0.128760 0.321091 0.324311
v 0.130335 0.332767 0.318433
v 0.129581 0.326257 0.321512
v 0.129581 0.326257 0.321512
v 0.130336 0.332754 0.318441
v 0.128697 0.322864 0.324626
v 0.127757 0.318496 0.326971
v 0.127514 0.317370 0.327062
v 0.127514 0.317370 0.327062
v 0.123632 0.355311 0.316051
v 0.123632 0.355311 0.316051
v 0.119072 0.356072 0.319945
v 0.119082 0.356074 0.319951
v 0.123487 0.357452 0.316043
v 0.123487 0.357452 0.316043
v 0.119221 0.358265 0.319786
v 0.119221 0.358265 0.319786
v 0.116689 0.359199 0.324208
v 0.116689 0.359199 0.324208
v 0.115646 0.360640 0.328108
v 0.115646 0.360640 0.328108
v 0.141986 0.352456 0.289719
v 0.141986 0.352456 0.289719
v 0.141986 0.352456 0.289719
v 0.138448 0.354327 0.292433
v 0.138448 0.354327 0.292433
v 0.136304 0.352001 0.293201
v 0.141283 0.351738 0.290173
v 0.141283 0.351738 0.290173
v 0.143961 0.349785 0.288766
v 0.143892 0.349737 0.288727
v 0.143223 0.349329 0.289307
v 0.143223 0.349329 0.289307
v 0.141950 0.351597 0.290647
v 0.137526 0.354082 0.294620
v 0.144532 0.346439 0.289126
v 0.144521 0.346432 0.289099
v 0.132526 0.355695 0.301032
v 0.134539 0.355649 0.296378
v 0.134539 0.355649 0.296378
v 0.133566 0.354440 0.296258
v 0.131614 0.356591 0.300818
v 0.131614 0.356591 0.300818
v 0.129805 0.356470 0.304594
v 0.129805 0.356470 0.304594
v 0.129805 0.356470 0.304594
v 0.131037 0.355463 0.300535
v 0.131037 0.355463 0.300535
v 0.130798 0.355317 0.304243
v 0.128990 0.354730 0.306855
v 0.128986 0.354695 0.306827
v 0.128824 0.351723 0.307774
v 0.136388 0.351197 0.298307
v 0.129301 0.348058 0.308042
v 0.130443 0.342950 0.308043
v 0.129307 0.348037 0.308029
v 0.131916 0.337224 0.308069
v 0.131941 0.337028 0.308075
v 0.137601 0.323598 0.306386
v 0.133999 0.329696 0.308020
v 0.134001 0.329641 0.308017
v 0.136406 0.321698 0.307681
v 0.136406 0.321698 0.307681
v 0.131127 0.343302 0.302332
v 0.128865 0.351730 0.307779
v 0.130340 0.351149 0.301116
v 0.129750 0.353934 0.303471
v 0.133296 0.341859 0.298485
v 0.137588 0.337442 0.296455
v 0.137355 0.345305 0.293861
v 0.144516 0.342668 0.290338
v 0.141195 0.349180 0.290562
v 0.141195 0.349180 0.290562
v 0.144451 0.342559 0.290313
v 0.143875 0.332233 0.294726
v 0.143874 0.332084 0.294782
v 0.142360 0.342119 0.293314
v 0.141892 0.316308 0.303564
v 0.139697 0.315382 0.306514
v 0.138520 0.314933 0.307233
v 0.138520 0.314933 0.307233
v 0.138520 0.314933 0.307233
v 0.138520 0.314933 0.307233
v 0.136280 0.321932 0.307068
v 0.136280 0.321932 0.307068
v 0.139828 0.311168 0.306813
v 0.139828 0.311168 0.306813
v 0.139828 0.311168 0.306813
v 0.139828 0.311168 0.306813
v 0.138181 0.315459 0.306731
v 0.138181 0.315459 0.306731
v 0.138181 0.315459 0.306731
v 0.138181 0.315459 0.306731
v 0.139287 0.311951 0.306390
v 0.139287 0.311951 0.306390
v 0.139287 0.311951 0.306390
v 0.139287 0.311951 0.306390
v 0.137908 0.316069 0.305838
v 0.138638 0.314966 0.304984
v 0.139744 0.315295 0.303862
v 0.139970 0.310212 0.306029
v 0.141175 0.310440 0.305467
v 0.141175 0.310440 0.305467
v 0.141822 0.313133 0.303845
v 0.141822 0.313133 0.303845
v 0.142615 0.318422 0.301060
v 0.143365 0.325346 0.297775
v 0.142617 0.318419 0.301068
v 0.143361 0.325332 0.297774
v 0.140907 0.310639 0.306217
v 0.140633 0.309346 0.306397
v 0.140633 0.309346 0.306397
v 0.140633 0.309346 0.306397
v 0.140633 0.309346 0.306397
v 0.139927 0.310332 0.306055
v 0.140194 0.351046 0.290849
v 0.140194 0.351046 0.290849
v 0.136946 0.351826 0.292725
v 0.132721 0.350360 0.296659
v 0.132891 0.352851 0.296306
v 0.132891 0.352851 0.296306
v 0.130596 0.353985 0.300459
v 0.130596 0.353985 0.300459
v 0.129775 0.355555 0.304160
v 0.129775 0.355555 0.304160
v 0.159999 0.344280 0.267303
v 0.159999 0.344280 0.267303
v 0.159999 0.344280 0.267303
v 0.156710 0.346739 0.269906
v 0.156710 0.346739 0.269906
v 0.155658 0.345862 0.270205
v 0.159168 0.343698 0.267879
v 0.159168 0.343698 0.267879
v 0.161480 0.341307 0.266572
v 0.161465 0.341300 0.266565
v 0.160723 0.341010 0.267259
v 0.160713 0.341012 0.267248
v 0.159698 0.343427 0.268623
v 0.156125 0.346411 0.271694
v 0.161522 0.337970 0.267355
v 0.161521 0.337964 0.267368
v 0.159099 0.341481 0.270128
v 0.150723 0.349303 0.278267
v 0.152906 0.348788 0.273716
v 0.152906 0.348788 0.273716
v 0.151747 0.347746 0.273759
v 0.149990 0.350367 0.277895
v 0.149990 0.350367 0.277895
v 0.148023 0.350716 0.281523
v 0.148023 0.350716 0.281523
v 0.148023 0.350716 0.281523
v 0.149240 0.349316 0.277779
v 0.148845 0.349333 0.281349
v 0.146794 0.349185 0.283902
v 0.146827 0.349158 0.283905
v 0.146087 0.346167 0.285221
v 0.148955 0.340997 0.282928
v 0.152816 0.344654 0.277601
v 0.146119 0.336908 0.286967
v 0.150460 0.335190 0.282551
v 0.145900 0.342232 0.286082
v 0.145941 0.342252 0.286088
v 0.146150 0.337024 0.286949
v 0.146616 0.329938 0.288091
v 0.146650 0.329994 0.288095
v 0.149459 0.320893 0.287531
v 0.147472 0.321332 0.289222
v 0.148573 0.310649 0.289701
v 0.150208 0.310502 0.288494
v 0.147448 0.321359 0.289186
v 0.148556 0.310633 0.289667
v 0.148518 0.310872 0.289061
v 0.147175 0.337437 0.281467
v 0.146129 0.346167 0.285232
v 0.147788 0.345034 0.279044
v 0.149367 0.336037 0.277623
v 0.152605 0.325789 0.278345
v 0.153696 0.335463 0.273831
v 0.149477 0.320800 0.282877
v 0.154469 0.341642 0.271358
v 0.160857 0.334365 0.269088
v 0.160849 0.334364 0.269083
v 0.158382 0.323739 0.275031
v 0.158401 0.323745 0.275058
v 0.159765 0.329892 0.271667
v 0.159765 0.329892 0.271667
v 0.157174 0.320400 0.277755
v 0.157981 0.334445 0.273176
v 0.153919 0.321305 0.282012
v 0.154280 0.306209 0.284051
v 0.150891 0.301191 0.288742
v 0.151014 0.292252 0.288654
v 0.149631 0.300734 0.289475
v 0.149631 0.300734 0.289475
v 0.149631 0.300734 0.289475
v 0.149631 0.300734 0.289475
v 0.148510 0.310863 0.289061
v 0.150393 0.295103 0.289019
v 0.150393 0.295103 0.289019
v 0.150393 0.295103 0.289019
v 0.150393 0.295103 0.289019
v 0.149416 0.301406 0.288964
v 0.149416 0.301406 0.288964
v 0.149416 0.301406 0.288964
v 0.149416 0.301406 0.288964
v 0.150011 0.296171 0.288602
v 0.150011 0.296171 0.288602
v 0.150011 0.296171 0.288602
v 0.150011 0.296171 0.288602
v 0.149453 0.300656 0.288248
v 0.148209 0.319634 0.285716
v 0.150429 0.293632 0.288220
v 0.150860 0.295284 0.287424
v 0.151699 0.315060 0.282296
v 0.154615 0.304790 0.282897
v 0.151718 0.293557 0.287604
v 0.151718 0.293557 0.287604
v 0.152958 0.297243 0.285877
v 0.152883 0.297175 0.285894
v 0.156660 0.314900 0.278933
v 0.156671 0.314964 0.278903
v 0.152734 0.298093 0.286707
v 0.150950 0.292306 0.288571
v 0.150950 0.292306 0.288571
v 0.150950 0.292306 0.288571
v 0.150430 0.293695 0.288236
v 0.157950 0.343202 0.268690
v 0.157950 0.343202 0.268690
v 0.150212 0.343796 0.274791
v 0.154803 0.344539 0.270631
v 0.154803 0.344539 0.270631
v 0.150811 0.346269 0.274042
v 0.150811 0.346269 0.274042
v 0.148554 0.347886 0.277936
v 0.148554 0.347886 0.277936
v 0.147853 0.349772 0.281238
v 0.147853 0.349772 0.281238
v 0.147739 0.348673 0.280663
v 0.147739 0.348673 0.280663
v 0.170581 0.324209 0.240926
v 0.170581 0.324209 0.240926
v 0.170612 0.324238 0.240912
v 0.171943 0.328815 0.242123
v 0.171943 0.328815 0.242123
v 0.172739 0.328359 0.242884
v 0.169708 0.320858 0.241502
v 0.169652 0.320869 0.241532
v 0.170190 0.324275 0.241698
v 0.170190 0.324275 0.241698
v 0.169902 0.324695 0.242664
v 0.169964 0.324681 0.242668
v 0.171448 0.331268 0.244085
v 0.169252 0.318440 0.243446
v 0.169235 0.318442 0.243465
v 0.170396 0.328357 0.244110
v 0.170323 0.327975 0.243950
v 0.170807 0.332977 0.246202
v 0.171160 0.338041 0.248508
v 0.171160 0.338041 0.248508
v 0.171901 0.338894 0.247632
v 0.172950 0.334217 0.244426
v 0.172950 0.334217 0.244426
v 0.173994 0.333429 0.245103
v 0.172833 0.339565 0.247065
v 0.172833 0.339565 0.247065
v 0.172167 0.343360 0.249746
v 0.172202 0.343362 0.249743
v 0.172167 0.343360 0.249746
v 0.173589 0.338614 0.247568
v 0.173589 0.338614 0.247568
v 0.171697 0.342465 0.250020
v 0.171697 0.342465 0.250020
v 0.171671 0.344275 0.252231
v 0.171671 0.344275 0.252231
v 0.171592 0.344262 0.252217
v 0.171213 0.342103 0.251996
v 0.171329 0.341137 0.250140
v 0.171329 0.341137 0.250140
v 0.171293 0.342948 0.254495
v 0.170807 0.340294 0.256695
v 0.170095 0.336272 0.259391
v 0.169700 0.333397 0.258237
v 0.170826 0.340295 0.256665
v 0.170102 0.336403 0.259278
v 0.168988 0.330917 0.262811
v 0.168970 0.330946 0.262779
v 0.168988 0.330917 0.262811
v 0.167346 0.323648 0.266180
v 0.167398 0.323644 0.266173
v 0.165964 0.314272 0.269621
v 0.165964 0.314272 0.269621
v 0.164823 0.306537 0.271045
v 0.167609 0.323938 0.266713
v 0.167599 0.323939 0.266705
v 0.166213 0.314350 0.270205
v 0.166213 0.314350 0.270205
v 0.172961 0.330553 0.255921
v 0.171259 0.342942 0.254474
v 0.174078 0.336156 0.250403
v 0.173459 0.324715 0.254435
v 0.174348 0.328130 0.250747
v 0.173411 0.324721 0.254432
v 0.170827 0.316482 0.256637
v 0.170833 0.316465 0.256648
v 0.171986 0.320239 0.252408
v 0.171986 0.320239 0.252408
v 0.171041 0.318095 0.260797
v 0.172813 0.323326 0.248134
v 0.168335 0.313787 0.249784
v 0.168895 0.316379 0.246179
v 0.168895 0.316379 0.246179
v 0.167649 0.309683 0.254368
v 0.167629 0.309677 0.254396
v 0.168339 0.313801 0.249716
v 0.167572 0.311937 0.254842
v 0.169182 0.323407 0.250945
v 0.167226 0.319696 0.262957
v 0.164556 0.300088 0.269085
v 0.164429 0.301871 0.271385
v 0.164321 0.299489 0.272680
v 0.164321 0.299489 0.272680
v 0.164883 0.305059 0.271833
v 0.164883 0.305059 0.271833
v 0.164903 0.306510 0.271038
v 0.165126 0.304502 0.272463
v 0.165126 0.304502 0.272463
v 0.167085 0.313128 0.269319
v 0.164540 0.298413 0.273321
v 0.164540 0.298413 0.273321
v 0.166223 0.303798 0.271476
v 0.165108 0.296446 0.272931
v 0.168642 0.314404 0.266807
v 0.166618 0.301621 0.270550
v 0.166192 0.299366 0.270179
v 0.166279 0.299368 0.270156
v 0.167633 0.304542 0.266547
v 0.167633 0.304542 0.266547
v 0.169289 0.310954 0.261604
v 0.169289 0.310954 0.261604
v 0.165161 0.296493 0.271809
v 0.165161 0.296493 0.271809
v 0.165161 0.296493 0.271809
v 0.165161 0.296493 0.271809
v 0.164794 0.296066 0.269801
v 0.164375 0.294973 0.272281
v 0.164375 0.294973 0.272281
v 0.164375 0.294973 0.272281
v 0.164774 0.296073 0.269805
v 0.165634 0.299456 0.265303
v 0.166673 0.304396 0.259751
v 0.165631 0.299449 0.265311
v 0.166696 0.304418 0.259719
v 0.164299 0.297052 0.270730
v 0.164078 0.296538 0.272869
v 0.164078 0.296538 0.272869
v 0.164256 0.295069 0.273518
v 0.164256 0.295069 0.273518
v 0.164256 0.295069 0.273518
v 0.164256 0.295069 0.273518
v 0.164256 0.295069 0.273518
v 0.165089 0.296455 0.272891
v 0.173353 0.327242 0.244158
v 0.174804 0.331039 0.247564
v 0.174796 0.331057 0.247542
v 0.174688 0.332428 0.246070
v 0.174688 0.332428 0.246070
v 0.174110 0.337558 0.248390
v 0.174110 0.337558 0.248390
v 0.159888 0.232115 0.249142
v 0.159888 0.232115 0.249142
v 0.159888 0.232115 0.249142
v 0.157820 0.226604 0.250556
v 0.157820 0.226604 0.250556
v 0.158203 0.226654 0.251387
v 0.158203 0.226654 0.251387
v 0.159740 0.231845 0.249868
v 0.159740 0.231845 0.249868
v 0.160630 0.235977 0.249292
v 0.160579 0.235992 0.249271
v 0.158608 0.231937 0.249929
v 0.155670 0.225237 0.251591
v 0.159096 0.234650 0.250245
v 0.160324 0.238467 0.250610
v 0.160284 0.238471 0.250595
v 0.149205 0.215858 0.255152
v 0.154406 0.220417 0.252782
v 0.154406 0.220417 0.252782
v 0.155188 0.220698 0.253633
v 0.155188 0.220698 0.253633
v 0.149960 0.214835 0.254972
v 0.149960 0.214835 0.254972
v 0.149960 0.214835 0.254972
v 0.145877 0.211137 0.257014
v 0.145877 0.211137 0.257014
v 0.145877 0.211137 0.257014
v 0.150694 0.215411 0.255606
v 0.145882 0.212895 0.257068
v 0.143426 0.210218 0.258958
v 0.143426 0.210218 0.258958
v 0.144455 0.212759 0.258459
v 0.142271 0.211440 0.260751
v 0.142926 0.218681 0.262729
v 0.141763 0.213967 0.262421
v 0.141751 0.213970 0.262392
v 0.141396 0.217742 0.264275
v 0.141382 0.217662 0.264195
v 0.140849 0.222826 0.266554
v 0.140849 0.222826 0.266554
v 0.140836 0.222812 0.266519
v 0.141098 0.241396 0.271768
v 0.140809 0.229593 0.268521
v 0.140809 0.229593 0.268521
v 0.140721 0.236420 0.270857
v 0.140721 0.236420 0.270857
v 0.140424 0.229123 0.269071
v 0.140424 0.229123 0.269071
v 0.140424 0.229123 0.269071
v 0.140420 0.229117 0.269060
v 0.140449 0.236149 0.271466
v 0.140451 0.236144 0.271470
v 0.148935 0.222319 0.261817
v 0.142256 0.211455 0.260726
v 0.144079 0.211207 0.258998
v 0.144079 0.211207 0.258998
v 0.150489 0.217376 0.258037
v 0.146200 0.213222 0.258689
v 0.146200 0.213222 0.258689
v 0.153464 0.227710 0.260275
v 0.152217 0.238125 0.263120
v 0.156638 0.232724 0.257088
v 0.158263 0.229017 0.253669
v 0.159250 0.240176 0.252567
v 0.159454 0.231451 0.251114
v 0.157505 0.241757 0.255223
v 0.159289 0.240174 0.252594
v 0.155038 0.243700 0.258677
v 0.155068 0.243664 0.258673
v 0.157501 0.241779 0.255219
v 0.151376 0.234200 0.258928
v 0.141924 0.243652 0.271650
v 0.141266 0.245241 0.273313
v 0.141266 0.245241 0.273313
v 0.140929 0.242044 0.272560
v 0.140929 0.242044 0.272560
v 0.141169 0.241383 0.271816
v 0.140784 0.242148 0.273236
v 0.140784 0.242148 0.273236
v 0.141214 0.245649 0.274026
v 0.141214 0.245649 0.274026
v 0.142016 0.244358 0.273534
v 0.143463 0.241203 0.271927
v 0.144771 0.243413 0.271664
v 0.145335 0.245084 0.271237
v 0.146006 0.246222 0.270251
v 0.142651 0.246803 0.273841
v 0.142785 0.247980 0.273150
v 0.142785 0.247980 0.273150
v 0.144753 0.247927 0.271058
v 0.144753 0.247927 0.271058
v 0.151881 0.245603 0.262842
v 0.148083 0.247107 0.267327
v 0.148083 0.247107 0.267327
v 0.151873 0.245606 0.262848
v 0.144337 0.246547 0.270298
v 0.141637 0.246979 0.273493
v 0.141664 0.246955 0.273514
v 0.141672 0.247598 0.274233
v 0.141672 0.247598 0.274233
v 0.141672 0.247598 0.274233
v 0.155435 0.222589 0.255906
v 0.158405 0.227108 0.252320
v 0.158405 0.227108 0.252320
v 0.155617 0.221310 0.254609
v 0.155617 0.221310 0.254609
v 0.155617 0.221310 0.254609
v 0.151095 0.216162 0.256427
v 0.151095 0.216162 0.256427
v 0.147541 0.213263 0.257511
v 0.147542 0.213262 0.257512
v 0.021392 0.128536 0.306835
v 0.021367 0.128485 0.306845
v 0.016718 0.125540 0.308726
v 0.016718 0.125540 0.308726
v 0.017176 0.125478 0.309541
v 0.024260 0.131221 0.306649
v 0.024213 0.131280 0.306618
v 0.020373 0.129263 0.307642
v 0.014356 0.125870 0.309883
v 0.022380 0.131199 0.307726
v 0.025652 0.133596 0.307749
v 0.025658 0.133589 0.307758
v 0.004165 0.122670 0.314292
v 0.010679 0.122915 0.311496
v 0.010679 0.122915 0.311496
v 0.012090 0.122890 0.312780
v 0.004154 0.121378 0.314190
v 0.004154 0.121378 0.314190
v -0.001003 0.121117 0.316575
v -0.000972 0.121090 0.316566
v 0.005978 0.121725 0.315086
v 0.000020 0.122526 0.316483
v -0.003239 0.122111 0.318609
v -0.003259 0.122159 0.318564
v -0.001007 0.123468 0.317891
v -0.003202 0.124039 0.320297
v 0.001822 0.129759 0.321641
v -0.001902 0.126614 0.321746
v -0.001849 0.126720 0.321789
v 0.000264 0.130135 0.323269
v 0.003107 0.134874 0.325105
v 0.003086 0.134867 0.325072
v 0.006801 0.140638 0.327074
v 0.014346 0.149689 0.328505
v 0.006790 0.140552 0.327074
v 0.006790 0.140552 0.327074
v 0.011243 0.146529 0.328860
v 0.011243 0.146532 0.328855
v 0.011243 0.146532 0.328855
v 0.007799 0.140255 0.326671
v 0.007799 0.140255 0.326671
v 0.007799 0.140255 0.326671
v 0.008667 0.129008 0.320358
v -0.003207 0.124057 0.320271
v 0.006501 0.123561 0.317008
v 0.014584 0.128276 0.316942
v 0.014584 0.128276 0.316942
v 0.015750 0.132607 0.319487
v 0.015422 0.131285 0.318738
v 0.020701 0.139954 0.320277
v 0.020073 0.131056 0.313984
v 0.016380 0.135730 0.321124
v 0.020035 0.131078 0.313959
v 0.019515 0.129055 0.312451
v 0.019515 0.129055 0.312451
v 0.025366 0.135389 0.310065
v 0.023228 0.131951 0.309745
v 0.023228 0.131951 0.309745
v 0.024986 0.133290 0.308339
v 0.024986 0.133290 0.308339
v 0.025359 0.135393 0.310060
v 0.025953 0.138584 0.312079
v 0.026094 0.135869 0.309584
v 0.026094 0.135869 0.309584
v 0.026094 0.135869 0.309584
v 0.025589 0.142060 0.315365
v 0.025589 0.142106 0.315366
v 0.025964 0.138603 0.312073
v 0.017133 0.136674 0.316462
v 0.018668 0.152359 0.327667
v 0.015264 0.151409 0.330116
v 0.015259 0.151412 0.330098
v 0.017757 0.154086 0.330581
v 0.017757 0.154086 0.330581
v 0.018134 0.153094 0.330285
v 0.018134 0.153094 0.330285
v 0.015984 0.149551 0.329283
v 0.015984 0.149551 0.329283
v 0.013505 0.145820 0.328082
v 0.013505 0.145820 0.328082
v 0.013505 0.145820 0.328082
v 0.013376 0.140378 0.325273
v 0.013376 0.140378 0.325273
v 0.009802 0.140136 0.326121
v 0.009802 0.140136 0.326121
v 0.015885 0.146213 0.327638
v 0.015885 0.146213 0.327638
v 0.017425 0.141192 0.323950
v 0.017425 0.141192 0.323950
v 0.017693 0.150764 0.329420
v 0.017693 0.150764 0.329420
v 0.019657 0.151524 0.328926
v 0.021418 0.151176 0.326742
v 0.019486 0.154234 0.330386
v 0.020256 0.154902 0.329498
v 0.020256 0.154902 0.329498
v 0.021515 0.153390 0.327405
v 0.021515 0.153390 0.327405
v 0.024741 0.146108 0.319371
v 0.023192 0.150217 0.323737
v 0.023192 0.150217 0.323737
v 0.024737 0.146117 0.319378
v 0.020513 0.152194 0.326465
v 0.018850 0.154930 0.330028
v 0.019291 0.155412 0.330617
v 0.019291 0.155412 0.330617
v 0.019291 0.155412 0.330617
v 0.019458 0.154226 0.330362
v 0.017972 0.126083 0.310635
v 0.013224 0.124517 0.314397
v 0.051888 0.142567 0.293446
v 0.051864 0.142514 0.293454
v 0.047731 0.139514 0.295751
v 0.047731 0.139514 0.295751
v 0.048722 0.139334 0.297138
v 0.054730 0.145211 0.293013
v 0.054679 0.145276 0.293000
v 0.051126 0.143249 0.294378
v 0.045722 0.139791 0.297176
v 0.053179 0.145140 0.294284
v 0.056466 0.147473 0.294004
v 0.056432 0.147504 0.294001
v 0.036838 0.136444 0.302573
v 0.042483 0.136787 0.299087
v 0.042483 0.136787 0.299087
v 0.044247 0.136643 0.300200
v 0.036765 0.135161 0.302437
v 0.036765 0.135161 0.302437
v 0.032341 0.134810 0.305363
v 0.032368 0.134782 0.305348
v 0.038839 0.135414 0.303123
v 0.033356 0.136203 0.305199
v 0.030728 0.135686 0.307647
v 0.030703 0.135740 0.307607
v 0.032764 0.137057 0.306724
v 0.031281 0.137481 0.309359
v 0.036748 0.143001 0.310273
v 0.033027 0.139917 0.310709
v 0.033085 0.140001 0.310740
v 0.035671 0.143277 0.312062
v 0.039159 0.147971 0.313704
v 0.039067 0.147806 0.313647
v 0.048982 0.158849 0.315031
v 0.052204 0.162988 0.316564
v 0.043416 0.153268 0.315361
v 0.043405 0.153264 0.315350
v 0.048446 0.159023 0.316777
v 0.048446 0.159023 0.316777
v 0.048446 0.159023 0.316777
v 0.043109 0.142228 0.308209
v 0.031273 0.137501 0.309333
v 0.039909 0.137085 0.305004
v 0.048685 0.142987 0.305037
v 0.054649 0.150908 0.305562
v 0.054649 0.150908 0.305562
v 0.053532 0.147153 0.302747
v 0.053594 0.147107 0.302788
v 0.051085 0.148739 0.308275
v 0.051085 0.148739 0.308275
v 0.050762 0.141397 0.298393
v 0.055463 0.147587 0.297798
v 0.055463 0.147587 0.297798
v 0.056862 0.149094 0.296363
v 0.056862 0.149094 0.296363
v 0.057472 0.151436 0.298844
v 0.057466 0.149593 0.295824
v 0.057466 0.149593 0.295824
v 0.057467 0.151439 0.298842
v 0.058726 0.155339 0.301747
v 0.058731 0.155391 0.301751
v 0.058126 0.152086 0.298392
v 0.058100 0.152142 0.298371
v 0.058126 0.152086 0.298392
v 0.050565 0.150029 0.303635
v 0.055578 0.164798 0.314929
v 0.052869 0.163728 0.317683
v 0.052869 0.163728 0.317683
v 0.052869 0.163728 0.317683
v 0.052869 0.163728 0.317683
v 0.049212 0.158577 0.316304
v 0.049212 0.158577 0.316304
v 0.049212 0.158577 0.316304
v 0.049212 0.158577 0.316304
v 0.055531 0.166316 0.317950
v 0.055531 0.166316 0.317950
v 0.055531 0.166316 0.317950
v 0.055531 0.166316 0.317950
v 0.053360 0.163003 0.317262
v 0.053360 0.163003 0.317262
v 0.053360 0.163003 0.317262
v 0.053360 0.163003 0.317262
v 0.055795 0.165342 0.317587
v 0.055795 0.165342 0.317587
v 0.053309 0.161919 0.316744
v 0.053309 0.161919 0.316744
v 0.050440 0.158331 0.315737
v 0.050447 0.158321 0.315754
v 0.055060 0.163032 0.316782
v 0.054326 0.157446 0.312980
v 0.054486 0.157892 0.313220
v 0.055060 0.163090 0.316719
v 0.057649 0.164514 0.315324
v 0.056473 0.163797 0.316307
v 0.056473 0.163797 0.316307
v 0.056464 0.158670 0.311409
v 0.058071 0.161790 0.311494
v 0.057228 0.166348 0.317442
v 0.057713 0.167170 0.316623
v 0.057713 0.167170 0.316623
v 0.058335 0.165798 0.314378
v 0.058335 0.165798 0.314378
v 0.059102 0.159086 0.305897
v 0.058890 0.162883 0.310487
v 0.058890 0.162883 0.310487
v 0.059101 0.159096 0.305906
v 0.057055 0.164689 0.313529
v 0.056480 0.167184 0.317307
v 0.057085 0.167609 0.317849
v 0.057085 0.167609 0.317849
v 0.045830 0.138119 0.301696
v 0.086116 0.162192 0.282260
v 0.086116 0.162192 0.282260
v 0.086116 0.162192 0.282260
v 0.086116 0.162192 0.282260
v 0.086116 0.162192 0.282260
v 0.082157 0.157989 0.283851
v 0.082157 0.157989 0.283851
v 0.082762 0.157683 0.284601
v 0.082762 0.157683 0.284601
v 0.082762 0.157683 0.284601
v 0.082762 0.157683 0.284601
v 0.086082 0.161869 0.282982
v 0.086082 0.161869 0.282982
v 0.086082 0.161869 0.282982
v 0.086082 0.161869 0.282982
v 0.088632 0.165220 0.282359
v 0.088632 0.165220 0.282359
v 0.088227 0.164770 0.283012
v 0.088227 0.164770 0.283012
v 0.085170 0.162451 0.283217
v 0.079944 0.157523 0.285176
v 0.086978 0.164552 0.283493
v 0.089962 0.167263 0.283736
v 0.089953 0.167272 0.283729
v 0.071063 0.151493 0.289438
v 0.076968 0.153632 0.286425
v 0.076968 0.153632 0.286425
v 0.076968 0.153632 0.286425
v 0.078032 0.153344 0.287138
v 0.078032 0.153344 0.287138
v 0.071170 0.150287 0.289131
v 0.071170 0.150287 0.289131
v 0.066570 0.148448 0.291646
v 0.066534 0.148465 0.291670
v 0.073153 0.150547 0.289968
v 0.067389 0.149999 0.291753
v 0.064552 0.148427 0.293886
v 0.064586 0.148364 0.293914
v 0.066526 0.150237 0.293316
v 0.064721 0.149589 0.295854
v 0.071893 0.156088 0.294700
v 0.069915 0.156351 0.298573
v 0.065994 0.151691 0.297597
v 0.065975 0.151702 0.297565
v 0.067941 0.154708 0.299419
v 0.068035 0.154789 0.299516
v 0.070640 0.159023 0.301863
v 0.070704 0.159174 0.301949
v 0.078890 0.170385 0.305271
v 0.081387 0.174246 0.307502
v 0.074054 0.164230 0.304506
v 0.074065 0.164234 0.304519
v 0.078150 0.169892 0.306965
v 0.078151 0.169900 0.306963
v 0.075930 0.155899 0.296066
v 0.064710 0.149615 0.295831
v 0.073766 0.151640 0.292076
v 0.082102 0.159511 0.294526
v 0.082070 0.159584 0.294504
v 0.086507 0.166505 0.295333
v 0.086507 0.166505 0.295333
v 0.085838 0.161750 0.289628
v 0.085818 0.161765 0.289619
v 0.083461 0.165159 0.299189
v 0.083271 0.164331 0.298501
v 0.084638 0.159266 0.286857
v 0.089899 0.168091 0.286266
v 0.088092 0.164624 0.285518
v 0.088092 0.164624 0.285518
v 0.087064 0.162946 0.284273
v 0.087064 0.162946 0.284273
v 0.089434 0.166670 0.284285
v 0.089434 0.166670 0.284285
v 0.089890 0.168095 0.286264
v 0.090499 0.170481 0.288702
v 0.090480 0.168827 0.285842
v 0.090480 0.168827 0.285842
v 0.090480 0.168827 0.285842
v 0.090365 0.172541 0.292449
v 0.090359 0.172592 0.292464
v 0.090507 0.170507 0.288699
v 0.082779 0.165845 0.293098
v 0.084661 0.176924 0.306351
v 0.081825 0.174653 0.308734
v 0.081825 0.174653 0.308734
v 0.084097 0.177370 0.309497
v 0.084097 0.177370 0.309497
v 0.084097 0.177370 0.309497
v 0.084097 0.177370 0.309497
v 0.082448 0.174146 0.308256
v 0.082448 0.174146 0.308256
v 0.084521 0.176577 0.309029
v 0.084521 0.176577 0.309029
v 0.084521 0.176577 0.309029
v 0.083280 0.172876 0.307038
v 0.085394 0.174640 0.306892
v 0.085435 0.174843 0.307058
v 0.086696 0.176737 0.306829
v 0.086690 0.172266 0.302168
v 0.087867 0.175436 0.302756
v 0.085750 0.177819 0.309247
v 0.086284 0.178890 0.308448
v 0.086284 0.178890 0.308448
v 0.087311 0.178386 0.306116
v 0.087311 0.178386 0.306116
v 0.089822 0.174822 0.297011
v 0.088643 0.176932 0.301973
v 0.088643 0.176932 0.301973
v 0.089818 0.174828 0.297021
v 0.086279 0.177458 0.305073
v 0.084998 0.178541 0.309041
v 0.085479 0.178833 0.309662
v 0.085479 0.178833 0.309662
v 0.085723 0.177811 0.309215
v 0.085818 0.161175 0.283915
v 0.085818 0.161175 0.283915
v 0.079835 0.154419 0.289343
v 0.083435 0.157793 0.285485
v 0.083435 0.157793 0.285485
v 0.078988 0.153482 0.288031
v 0.117538 0.180274 0.274422
v 0.117538 0.180274 0.274422
v 0.117538 0.180274 0.274422
v 0.113411 0.175964 0.275686
v 0.113411 0.175964 0.275686
v 0.113710 0.175864 0.276530
v 0.117235 0.180080 0.275138
v 0.117235 0.180080 0.275138
v 0.119677 0.183563 0.274651
v 0.119621 0.183610 0.274617
v 0.116222 0.180597 0.275161
v 0.110822 0.175521 0.276626
v 0.117674 0.182921 0.275531
v 0.120223 0.185982 0.275992
v 0.120189 0.186000 0.275974
v 0.100968 0.169301 0.279833
v 0.107711 0.171539 0.277707
v 0.107711 0.171539 0.277707
v 0.108827 0.171613 0.279108
v 0.101292 0.168067 0.279665
v 0.101292 0.168067 0.279665
v 0.095937 0.166200 0.281513
v 0.095980 0.166185 0.281503
v 0.102791 0.168667 0.280741
v 0.096605 0.167825 0.281592
v 0.093152 0.166281 0.283358
v 0.093123 0.166329 0.283314
v 0.095114 0.168242 0.282930
v 0.092391 0.167851 0.285127
v 0.095569 0.174296 0.287225
v 0.092734 0.170381 0.286813
v 0.092725 0.170389 0.286783
v 0.093663 0.174009 0.288703
v 0.093662 0.174005 0.288701
v 0.093662 0.174005 0.288701
v 0.094887 0.178919 0.291032
v 0.094887 0.178919 0.291032
v 0.094887 0.178919 0.291032
v 0.094887 0.178919 0.291032
v 0.094733 0.174264 0.288414
v 0.094734 0.174262 0.288417
v 0.096650 0.184980 0.293621
v 0.101424 0.195224 0.296227
v 0.096663 0.184904 0.293620
v 0.096663 0.184904 0.293620
v 0.096663 0.184904 0.293620
v 0.099142 0.191392 0.296110
v 0.099142 0.191392 0.296110
v 0.099142 0.191392 0.296110
v 0.097783 0.184922 0.293302
v 0.097783 0.184922 0.293302
v 0.097783 0.184922 0.293302
v 0.097783 0.184922 0.293302
v 0.095996 0.179057 0.290708
v 0.095997 0.179055 0.290712
v 0.102784 0.176576 0.287152
v 0.102802 0.176539 0.287205
v 0.092384 0.167870 0.285101
v 0.102475 0.170215 0.282778
v 0.108874 0.179413 0.285770
v 0.109148 0.176144 0.283351
v 0.108834 0.179429 0.285733
v 0.112682 0.185940 0.285783
v 0.103041 0.181058 0.289599
v 0.103041 0.181058 0.289599
v 0.114493 0.180263 0.280586
v 0.119707 0.187969 0.277932
v 0.118462 0.190094 0.280547
v 0.119740 0.187953 0.277962
v 0.116613 0.192828 0.283940
v 0.116629 0.192785 0.283937
v 0.118465 0.190115 0.280543
v 0.109602 0.185434 0.283933
v 0.105094 0.198952 0.295948
v 0.101573 0.196812 0.297972
v 0.101578 0.196809 0.297990
v 0.100182 0.191220 0.295812
v 0.100182 0.191220 0.295812
v 0.103229 0.199886 0.298825
v 0.103229 0.199886 0.298825
v 0.103892 0.199067 0.298516
v 0.103892 0.199067 0.298516
v 0.102882 0.195326 0.297140
v 0.102882 0.195326 0.297140
v 0.101640 0.191364 0.295525
v 0.101640 0.191364 0.295525
v 0.103387 0.186577 0.292459
v 0.103387 0.186577 0.292459
v 0.099845 0.185367 0.292944
v 0.099845 0.185367 0.292944
v 0.099845 0.185367 0.292944
v 0.099845 0.185367 0.292944
v 0.104211 0.196858 0.297523
v 0.105873 0.196465 0.296555
v 0.104203 0.196869 0.297500
v 0.107068 0.197796 0.296171
v 0.108206 0.198593 0.295226
v 0.104894 0.200462 0.298803
v 0.105642 0.201444 0.298036
v 0.105642 0.201444 0.298036
v 0.107625 0.200647 0.296013
v 0.107625 0.200647 0.296013
v 0.114053 0.195790 0.288019
v 0.110719 0.198623 0.292390
v 0.110719 0.198623 0.292390
v 0.114047 0.195795 0.288025
v 0.107133 0.199436 0.294937
v 0.104183 0.201053 0.298426
v 0.104374 0.201514 0.299075
v 0.104374 0.201514 0.299075
v 0.104374 0.201514 0.299075
v 0.104874 0.200453 0.298778
v 0.116653 0.179532 0.276051
v 0.116653 0.179532 0.276051
v 0.114375 0.177564 0.278500
v 0.114375 0.177564 0.278500
v 0.109210 0.173042 0.280795
v 0.109198 0.173049 0.280786
v 0.113986 0.176206 0.277474
v 0.113986 0.176206 0.277474
v 0.139424 0.200929 0.260817
v 0.139424 0.200929 0.260817
v 0.139424 0.200929 0.260817
v 0.135741 0.196645 0.262585
v 0.135741 0.196645 0.262585
v 0.136134 0.196720 0.263413
v 0.139211 0.200851 0.261556
v 0.139211 0.200851 0.261556
v 0.141354 0.204358 0.260700
v 0.141294 0.204399 0.260665
v 0.138174 0.201308 0.261587
v 0.133309 0.196239 0.263666
v 0.139493 0.203762 0.261718
v 0.141878 0.207036 0.261824
v 0.141841 0.207051 0.261807
v 0.124244 0.190069 0.267783
v 0.130580 0.192295 0.265186
v 0.130580 0.192295 0.265186
v 0.131426 0.192465 0.266024
v 0.124633 0.188835 0.267691
v 0.124633 0.188835 0.267691
v 0.119625 0.187008 0.269918
v 0.119664 0.186993 0.269910
v 0.126193 0.189710 0.268636
v 0.120179 0.188662 0.269847
v 0.117043 0.187264 0.271875
v 0.117011 0.187304 0.271829
v 0.118812 0.189241 0.271215
v 0.116367 0.189102 0.273549
v 0.119314 0.196066 0.275004
v 0.116716 0.191941 0.275017
v 0.116706 0.191944 0.274988
v 0.117596 0.195941 0.276580
v 0.117557 0.195856 0.276506
v 0.118729 0.201309 0.278468
v 0.118713 0.201298 0.278436
v 0.120350 0.207903 0.280506
v 0.124683 0.218814 0.282106
v 0.120361 0.207818 0.280497
v 0.122659 0.214860 0.282381
v 0.122659 0.214860 0.282381
v 0.126340 0.199754 0.274897
v 0.117351 0.189706 0.273400
v 0.117351 0.189706 0.273400
v 0.116377 0.189097 0.273559
v 0.116377 0.189097 0.273559
v 0.120168 0.190835 0.272834
v 0.120168 0.190835 0.272834
v 0.125872 0.192953 0.271508
v 0.125898 0.192931 0.271548
v 0.132130 0.200802 0.272089
v 0.134299 0.211513 0.274143
v 0.136674 0.203949 0.268614
v 0.136980 0.199334 0.265511
v 0.141435 0.209336 0.263627
v 0.140328 0.211852 0.266123
v 0.141472 0.209324 0.263655
v 0.138667 0.215076 0.269372
v 0.138682 0.215034 0.269372
v 0.140332 0.211873 0.266118
v 0.132188 0.207334 0.270245
v 0.128052 0.222672 0.281380
v 0.124910 0.220720 0.283711
v 0.124910 0.220720 0.283711
v 0.124910 0.220720 0.283711
v 0.124910 0.220720 0.283711
v 0.123675 0.214696 0.282047
v 0.123675 0.214696 0.282047
v 0.126442 0.224022 0.284251
v 0.126442 0.224022 0.284251
v 0.126442 0.224022 0.284251
v 0.126442 0.224022 0.284251
v 0.125743 0.220201 0.283400
v 0.125743 0.220201 0.283400
v 0.125743 0.220201 0.283400
v 0.125743 0.220201 0.283400
v 0.127124 0.223193 0.283973
v 0.127124 0.223193 0.283973
v 0.127124 0.223193 0.283973
v 0.127124 0.223193 0.283973
v 0.127130 0.218754 0.282525
v 0.129064 0.220373 0.282126
v 0.130120 0.221693 0.281592
v 0.131095 0.222383 0.280548
v 0.128057 0.224687 0.284107
v 0.128655 0.225564 0.283239
v 0.128655 0.225564 0.283239
v 0.130468 0.224518 0.281197
v 0.130468 0.224518 0.281197
v 0.136347 0.218609 0.273320
v 0.133301 0.222026 0.277605
v 0.133301 0.222026 0.277605
v 0.136341 0.218615 0.273326
v 0.129946 0.223084 0.280239
v 0.127268 0.225160 0.283725
v 0.127498 0.225749 0.284324
v 0.127498 0.225749 0.284324
v 0.127498 0.225749 0.284324
v 0.127498 0.225749 0.284324
v 0.128035 0.224672 0.284083
v 0.138766 0.200441 0.262528
v 0.138766 0.200441 0.262528
v 0.132294 0.194444 0.268061
v 0.132285 0.194447 0.268054
v 0.136486 0.197250 0.264311
v 0.136486 0.197250 0.264311
v 0.132044 0.193080 0.266956
v 0.132044 0.193080 0.266956
v 0.126037 0.191177 0.270197
v 0.126037 0.191177 0.270197
v -0.079316 0.371096 0.369987
v -0.079316 0.371096 0.369987
v -0.079316 0.371096 0.369987
v -0.073356 0.372354 0.371277
v -0.073450 0.372278 0.371398
v -0.078348 0.370529 0.369769
v -0.078348 0.370529 0.369769
v -0.082145 0.368883 0.369008
v -0.082114 0.368882 0.368914
v -0.081003 0.368477 0.368919
v -0.081003 0.368477 0.368919
v -0.078222 0.369879 0.370343
v -0.082534 0.365940 0.368081
v -0.082534 0.365934 0.368109
v -0.054772 0.369015 0.376917
v -0.061543 0.370752 0.374888
v -0.066126 0.372431 0.373085
v -0.066126 0.372431 0.373085
v -0.065580 0.371867 0.372217
v -0.065580 0.371867 0.372217
v -0.059083 0.371734 0.375352
v -0.059083 0.371734 0.375352
v -0.059083 0.371734 0.375352
v -0.053648 0.370188 0.377173
v -0.053632 0.370160 0.377197
v -0.058969 0.371158 0.374565
v -0.058969 0.371158 0.374565
v -0.050603 0.367709 0.377824
v -0.050576 0.367732 0.377768
v -0.053154 0.367097 0.377038
v -0.049444 0.364734 0.377372
v -0.052894 0.358663 0.374953
v -0.049506 0.361347 0.376477
v -0.049522 0.361345 0.376504
v -0.050338 0.357086 0.375269
v -0.050321 0.357082 0.375228
v -0.051638 0.351504 0.373704
v -0.051643 0.351448 0.373697
v -0.059620 0.335903 0.368489
v -0.053598 0.344987 0.371754
v -0.053600 0.344983 0.371753
v -0.056299 0.338351 0.369531
v -0.056303 0.338348 0.369533
v -0.057388 0.360182 0.371544
v -0.049461 0.364724 0.377399
v -0.063632 0.360438 0.368959
v -0.068164 0.350638 0.366706
v -0.071081 0.361786 0.367946
v -0.072135 0.368104 0.369234
v -0.081599 0.362525 0.367487
v -0.078088 0.368363 0.369010
v -0.078088 0.368363 0.369010
v -0.079760 0.358221 0.366953
v -0.081594 0.362527 0.367452
v -0.077235 0.352571 0.366390
v -0.077235 0.352618 0.366373
v -0.079771 0.358210 0.366961
v -0.069477 0.356529 0.369726
v -0.065074 0.334232 0.366504
v -0.058935 0.333090 0.367579
v -0.058943 0.333093 0.367595
v -0.060769 0.330366 0.366449
v -0.060769 0.330366 0.366449
v -0.061884 0.330496 0.365586
v -0.060092 0.336029 0.366835
v -0.061779 0.333945 0.365842
v -0.064322 0.334850 0.365495
v -0.063627 0.330478 0.365641
v -0.063627 0.330478 0.365641
v -0.066045 0.333415 0.365553
v -0.066045 0.333415 0.365553
v -0.073892 0.345983 0.365864
v -0.069796 0.339021 0.365607
v -0.069796 0.339021 0.365607
v -0.073889 0.345975 0.365865
v -0.062355 0.330061 0.366203
v -0.062059 0.329170 0.365801
v -0.062059 0.329170 0.365801
v -0.076837 0.369991 0.369579
v -0.076837 0.369991 0.369579
v -0.064670 0.368709 0.370725
v -0.072139 0.370620 0.370083
v -0.072139 0.370620 0.370083
v -0.065093 0.370803 0.371431
v -0.065093 0.370803 0.371431
v -0.058382 0.369413 0.373595
v -0.110256 0.376496 0.357158
v -0.110278 0.376483 0.357173
v -0.104386 0.376562 0.358575
v -0.104386 0.376562 0.358575
v -0.103236 0.374994 0.357795
v -0.113495 0.374743 0.356262
v -0.113514 0.374771 0.356301
v -0.109527 0.375151 0.357662
v -0.104582 0.375443 0.359004
v -0.114558 0.371827 0.355652
v -0.114556 0.371830 0.355625
v -0.087108 0.370399 0.365045
v -0.093196 0.373161 0.362666
v -0.097241 0.375435 0.360570
v -0.097241 0.375435 0.360570
v -0.096638 0.374018 0.359397
v -0.090629 0.373654 0.363111
v -0.090629 0.373654 0.363111
v -0.085763 0.371325 0.365231
v -0.085757 0.371300 0.365257
v -0.090829 0.372367 0.361883
v -0.083405 0.368379 0.366191
v -0.083374 0.368390 0.366136
v -0.086001 0.368205 0.365382
v -0.082964 0.365153 0.366042
v -0.087675 0.359559 0.364054
v -0.083791 0.361707 0.365446
v -0.083807 0.361712 0.365473
v -0.085560 0.357523 0.364592
v -0.085544 0.357511 0.364552
v -0.088084 0.352100 0.363482
v -0.088102 0.352044 0.363479
v -0.099335 0.337763 0.359404
v -0.091458 0.345843 0.362050
v -0.091461 0.345839 0.362050
v -0.095571 0.339579 0.360333
v -0.095575 0.339576 0.360335
v -0.091575 0.361286 0.360398
v -0.082983 0.365151 0.366068
v -0.090366 0.368876 0.361414
v -0.097503 0.362385 0.357608
v -0.104135 0.353493 0.356074
v -0.104394 0.365166 0.356237
v -0.103979 0.371781 0.356929
v -0.114429 0.368192 0.355364
v -0.113634 0.363507 0.355270
v -0.114423 0.368190 0.355330
v -0.112476 0.357406 0.355267
v -0.112487 0.357363 0.355287
v -0.113648 0.363501 0.355278
v -0.104110 0.360134 0.358512
v -0.104974 0.336957 0.357398
v -0.099306 0.334683 0.358767
v -0.099313 0.334690 0.358783
v -0.101692 0.332227 0.357823
v -0.101692 0.332227 0.357823
v -0.102716 0.332420 0.356920
v -0.099717 0.337604 0.357740
v -0.101814 0.335756 0.356880
v -0.104064 0.337137 0.356371
v -0.104418 0.332810 0.356917
v -0.104418 0.332810 0.356917
v -0.106077 0.336173 0.356494
v -0.106077 0.336173 0.356494
v -0.110768 0.350141 0.355449
v -0.108410 0.342442 0.355936
v -0.108410 0.342442 0.355936
v -0.110766 0.350133 0.355451
v -0.103300 0.332240 0.357551
v -0.103206 0.331227 0.357241
v -0.103206 0.331227 0.357241
v -0.096625 0.370990 0.358605
v -0.132262 0.369659 0.334349
v -0.132288 0.369644 0.334360
v -0.128231 0.370802 0.337351
v -0.128231 0.370802 0.337351
v -0.126709 0.369020 0.337356
v -0.134488 0.367311 0.332920
v -0.134466 0.367321 0.332879
v -0.132103 0.368643 0.335229
v -0.128804 0.369899 0.337846
v -0.135147 0.364175 0.332605
v -0.135135 0.364173 0.332576
v -0.132272 0.366548 0.335523
v -0.118564 0.369087 0.349220
v -0.121862 0.370214 0.344843
v -0.123618 0.371162 0.341441
v -0.123618 0.371162 0.341441
v -0.122269 0.369296 0.340906
v -0.119929 0.371087 0.345934
v -0.119929 0.371087 0.345934
v -0.117476 0.370173 0.349626
v -0.117491 0.370151 0.349658
v -0.119250 0.369266 0.345065
v -0.116353 0.367932 0.351691
v -0.116285 0.367935 0.351653
v -0.118015 0.367222 0.350229
v -0.116071 0.364826 0.352287
v -0.119040 0.358227 0.350155
v -0.116567 0.361203 0.352154
v -0.116602 0.361223 0.352168
v -0.117732 0.356697 0.351644
v -0.117691 0.356658 0.351617
v -0.119437 0.350837 0.350911
v -0.119466 0.350706 0.350911
v -0.127070 0.334455 0.346582
v -0.121701 0.343935 0.349791
v -0.121706 0.343922 0.349789
v -0.124385 0.336861 0.348208
v -0.124394 0.336852 0.348207
v -0.119514 0.357984 0.345614
v -0.116111 0.364830 0.352300
v -0.118725 0.365789 0.345473
v -0.122464 0.357350 0.341253
v -0.127649 0.347652 0.339503
v -0.127217 0.358866 0.337464
v -0.126944 0.365543 0.336974
v -0.135060 0.360583 0.333058
v -0.134612 0.356123 0.334070
v -0.135040 0.360572 0.333026
v -0.134015 0.350382 0.335522
v -0.134045 0.350307 0.335551
v -0.134637 0.356117 0.334072
v -0.129044 0.355056 0.340336
v -0.129873 0.332338 0.344002
v -0.126786 0.331201 0.346629
v -0.126786 0.331201 0.346629
v -0.128286 0.328237 0.345533
v -0.128286 0.328237 0.345533
v -0.128286 0.328237 0.345533
v -0.128286 0.328237 0.345533
v -0.126535 0.331847 0.346086
v -0.126535 0.331847 0.346086
v -0.127811 0.329066 0.345113
v -0.127811 0.329066 0.345113
v -0.127811 0.329066 0.345113
v -0.127811 0.329066 0.345113
v -0.126148 0.333516 0.345110
v -0.127438 0.331192 0.344085
v -0.128886 0.332146 0.342713
v -0.128571 0.327837 0.344433
v -0.129925 0.328184 0.343825
v -0.129925 0.328184 0.343825
v -0.130819 0.331088 0.342352
v -0.130819 0.331088 0.342352
v -0.133164 0.343643 0.337508
v -0.132000 0.336662 0.340034
v -0.132000 0.336662 0.340034
v -0.133163 0.343628 0.337514
v -0.130864 0.333147 0.342596
v -0.129480 0.328002 0.344795
v -0.129225 0.326906 0.344757
v -0.129225 0.326906 0.344757
v -0.129225 0.326906 0.344757
v -0.129225 0.326906 0.344757
v -0.128565 0.327872 0.344454
v -0.121882 0.366109 0.340807
v -0.152341 0.358215 0.312933
v -0.152367 0.358200 0.312944
v -0.148641 0.359915 0.315909
v -0.148641 0.359915 0.315909
v -0.147151 0.358120 0.316141
v -0.154410 0.355601 0.311655
v -0.154434 0.355594 0.311695
v -0.152329 0.357355 0.313810
v -0.149284 0.359116 0.316444
v -0.149284 0.359116 0.316444
v -0.155117 0.352399 0.311666
v -0.155110 0.352398 0.311681
v -0.152611 0.355229 0.314290
v -0.145526 0.360156 0.320553
v -0.145526 0.360156 0.320553
v -0.142252 0.360912 0.324915
v -0.142252 0.360912 0.324915
v -0.144499 0.361032 0.320095
v -0.144499 0.361032 0.320095
v -0.144499 0.361032 0.320095
v -0.143118 0.359047 0.319779
v -0.141331 0.361780 0.324722
v -0.141331 0.361780 0.324722
v -0.139318 0.361556 0.328566
v -0.139337 0.361538 0.328597
v -0.140584 0.359791 0.324033
v -0.140398 0.360419 0.328178
v -0.138472 0.359709 0.330833
v -0.138410 0.359716 0.330813
v -0.140758 0.358408 0.328453
v -0.138310 0.356740 0.331681
v -0.138879 0.353134 0.331834
v -0.140060 0.348485 0.331630
v -0.138887 0.353149 0.331815
v -0.140028 0.348581 0.331594
v -0.141743 0.342642 0.331246
v -0.141772 0.342498 0.331254
v -0.148109 0.329046 0.328259
v -0.144002 0.335520 0.330626
v -0.144002 0.335520 0.330626
v -0.146623 0.328123 0.329615
v -0.146623 0.328123 0.329615
v -0.146623 0.328123 0.329615
v -0.146623 0.328123 0.329615
v -0.144058 0.335695 0.329860
v -0.144048 0.335693 0.329859
v -0.141109 0.348687 0.325449
v -0.138352 0.356747 0.331689
v -0.140169 0.356416 0.324734
v -0.143558 0.347243 0.321142
v -0.148689 0.337198 0.320158
v -0.147842 0.347989 0.317173
v -0.147413 0.354582 0.316072
v -0.155135 0.348889 0.312480
v -0.154879 0.344611 0.313909
v -0.155114 0.348875 0.312451
v -0.154529 0.339106 0.315863
v -0.154547 0.339141 0.315874
v -0.154811 0.343883 0.314126
v -0.152279 0.344258 0.317503
v -0.152173 0.323608 0.324820
v -0.150104 0.322618 0.327751
v -0.151300 0.317330 0.327134
v -0.148925 0.322117 0.328530
v -0.148925 0.322117 0.328530
v -0.148925 0.322117 0.328530
v -0.146525 0.328399 0.328915
v -0.146525 0.328399 0.328915
v -0.146525 0.328399 0.328915
v -0.146525 0.328399 0.328915
v -0.150348 0.318895 0.327704
v -0.150348 0.318895 0.327704
v -0.150348 0.318895 0.327704
v -0.148603 0.322651 0.327963
v -0.148603 0.322651 0.327963
v -0.148603 0.322651 0.327963
v -0.149812 0.319639 0.327249
v -0.149812 0.319639 0.327249
v -0.149812 0.319639 0.327249
v -0.148164 0.323788 0.327562
v -0.148164 0.323788 0.327562
v -0.146587 0.328394 0.327961
v -0.146587 0.328394 0.327961
v -0.146641 0.329058 0.326461
v -0.149295 0.321561 0.326077
v -0.150409 0.323330 0.324262
v -0.151157 0.319787 0.325491
v -0.151789 0.318462 0.326027
v -0.151789 0.318462 0.326027
v -0.151789 0.318462 0.326027
v -0.152464 0.321091 0.324311
v -0.152464 0.321091 0.324311
v -0.152464 0.321091 0.324311
v -0.152464 0.321091 0.324311
v -0.154039 0.332767 0.318433
v -0.153285 0.326257 0.321512
v -0.153285 0.326257 0.321512
v -0.153285 0.326257 0.321512
v -0.154055 0.332721 0.318463
v -0.152464 0.322125 0.324516
v -0.152464 0.322125 0.324516
v -0.151896 0.319672 0.326073
v -0.151896 0.319672 0.326073
v -0.151219 0.317370 0.327062
v -0.151219 0.317370 0.327062
v -0.150510 0.318280 0.326711
v -0.150510 0.318280 0.326711
v -0.142787 0.355857 0.319963
v -0.165669 0.352466 0.289707
v -0.165690 0.352456 0.289719
v -0.162152 0.354327 0.292433
v -0.162152 0.354327 0.292433
v -0.162058 0.354386 0.292392
v -0.162152 0.354327 0.292433
v -0.167635 0.349746 0.288779
v -0.167665 0.349785 0.288766
v -0.165746 0.351835 0.290334
v -0.165765 0.351835 0.290334
v -0.162803 0.353503 0.293001
v -0.162803 0.353503 0.293001
v -0.162803 0.353503 0.293001
v -0.162803 0.353503 0.293001
v -0.168237 0.346439 0.289126
v -0.168225 0.346432 0.289099
v -0.161763 0.352792 0.295320
v -0.159273 0.354741 0.296861
v -0.159273 0.354741 0.296861
v -0.156230 0.355695 0.301032
v -0.156230 0.355695 0.301032
v -0.158243 0.355649 0.296378
v -0.158243 0.355649 0.296378
v -0.158243 0.355649 0.296378
v -0.156810 0.353659 0.296236
v -0.155318 0.356591 0.300818
v -0.155318 0.356591 0.300818
v -0.155318 0.356591 0.300818
v -0.153488 0.356488 0.304562
v -0.153509 0.356470 0.304594
v -0.154489 0.354573 0.300270
v -0.154502 0.355317 0.304243
v -0.152712 0.354695 0.306836
v -0.152694 0.354730 0.306855
v -0.152528 0.351723 0.307774
v -0.160092 0.351197 0.298306
v -0.153005 0.348058 0.308042
v -0.154147 0.342950 0.308043
v -0.153011 0.348037 0.308029
v -0.155620 0.337224 0.308069
v -0.155645 0.337028 0.308075
v -0.161305 0.323598 0.306386
v -0.157705 0.329641 0.308017
v -0.157705 0.329641 0.308017
v -0.160111 0.321698 0.307681
v -0.160111 0.321698 0.307681
v -0.160111 0.321698 0.307681
v -0.157727 0.329774 0.307332
v -0.157727 0.329774 0.307332
v -0.154832 0.343302 0.302332
v -0.152569 0.351730 0.307779
v -0.154044 0.351149 0.301116
v -0.157000 0.341859 0.298485
v -0.161292 0.337441 0.296455
v -0.161059 0.345305 0.293861
v -0.168220 0.342668 0.290338
v -0.168156 0.342559 0.290313
v -0.167579 0.332233 0.294726
v -0.167579 0.332084 0.294782
v -0.166064 0.342119 0.293314
v -0.165410 0.316588 0.303732
v -0.163401 0.315382 0.306514
v -0.164411 0.309302 0.306474
v -0.162204 0.314917 0.307236
v -0.162224 0.314933 0.307233
v -0.159984 0.321932 0.307068
v -0.159984 0.321932 0.307068
v -0.163533 0.311168 0.306813
v -0.163533 0.311168 0.306813
v -0.162991 0.311951 0.306390
v -0.162991 0.311951 0.306390
v -0.161420 0.316712 0.306321
v -0.161420 0.316710 0.306316
v -0.162015 0.314745 0.305853
v -0.157899 0.329472 0.306160
v -0.157899 0.329472 0.306160
v -0.162343 0.314966 0.304984
v -0.162050 0.314758 0.305858
v -0.163448 0.315295 0.303862
v -0.163674 0.310212 0.306029
v -0.164880 0.310440 0.305467
v -0.164880 0.310440 0.305467
v -0.164880 0.310440 0.305467
v -0.165527 0.313133 0.303845
v -0.165527 0.313133 0.303845
v -0.165527 0.313133 0.303845
v -0.165527 0.313133 0.303845
v -0.166319 0.318422 0.301060
v -0.167070 0.325346 0.297775
v -0.166321 0.318419 0.301068
v -0.166321 0.318419 0.301068
v -0.167084 0.325203 0.297846
v -0.165560 0.314306 0.303919
v -0.165560 0.314306 0.303919
v -0.165016 0.311812 0.305405
v -0.165016 0.311812 0.305405
v -0.164337 0.309346 0.306397
v -0.164337 0.309346 0.306397
v -0.163632 0.310332 0.306055
v -0.160623 0.351352 0.292814
v -0.156426 0.350360 0.296659
v -0.183683 0.344293 0.267291
v -0.183704 0.344280 0.267303
v -0.180414 0.346739 0.269906
v -0.180414 0.346739 0.269906
v -0.178613 0.345263 0.270557
v -0.185217 0.341310 0.266622
v -0.185184 0.341307 0.266572
v -0.183402 0.343427 0.268623
v -0.180890 0.345815 0.270623
v -0.180890 0.345815 0.270623
v -0.185225 0.337964 0.267368
v -0.185227 0.337970 0.267355
v -0.182803 0.341482 0.270128
v -0.177447 0.347705 0.274363
v -0.177447 0.347705 0.274363
v -0.174427 0.349303 0.278267
v -0.174427 0.349303 0.278267
v -0.176610 0.348788 0.273716
v -0.176610 0.348788 0.273716
v -0.176610 0.348788 0.273716
v -0.174883 0.347065 0.273843
v -0.173694 0.350367 0.277895
v -0.173694 0.350367 0.277895
v -0.171708 0.350735 0.281484
v -0.171727 0.350716 0.281523
v -0.172567 0.348461 0.277640
v -0.172549 0.349333 0.281350
v -0.170531 0.349158 0.283905
v -0.170498 0.349185 0.283902
v -0.169792 0.346167 0.285221
v -0.172660 0.340997 0.282928
v -0.176520 0.344654 0.277602
v -0.169823 0.336908 0.286967
v -0.174165 0.335191 0.282551
v -0.169604 0.342232 0.286082
v -0.169645 0.342252 0.286088
v -0.169854 0.337024 0.286949
v -0.170354 0.329994 0.288095
v -0.170320 0.329938 0.288091
v -0.173163 0.320893 0.287531
v -0.171176 0.321332 0.289222
v -0.172277 0.310649 0.289701
v -0.173913 0.310502 0.288494
v -0.171152 0.321359 0.289186
v -0.172260 0.310633 0.289667
v -0.172260 0.310633 0.289667
v -0.171236 0.321477 0.288535
v -0.171236 0.321477 0.288535
v -0.170880 0.337437 0.281467
v -0.169834 0.346167 0.285232
v -0.171492 0.345034 0.279044
v -0.173072 0.336037 0.277623
v -0.176309 0.325789 0.278345
v -0.177400 0.335463 0.273831
v -0.173181 0.320800 0.282877
v -0.178173 0.341642 0.271358
v -0.184553 0.334364 0.269083
v -0.184562 0.334365 0.269088
v -0.182106 0.323745 0.275058
v -0.182086 0.323739 0.275031
v -0.183469 0.329892 0.271667
v -0.183469 0.329892 0.271667
v -0.180878 0.320400 0.277755
v -0.181685 0.334445 0.273176
v -0.177623 0.321305 0.282012
v -0.177984 0.306209 0.284051
v -0.174595 0.301191 0.288742
v -0.173335 0.300734 0.289475
v -0.173315 0.300690 0.289476
v -0.172214 0.310863 0.289061
v -0.172214 0.310863 0.289061
v -0.174097 0.295103 0.289019
v -0.174097 0.295103 0.289019
v -0.173715 0.296171 0.288602
v -0.173715 0.296171 0.288602
v -0.172910 0.303122 0.288524
v -0.172910 0.303122 0.288524
v -0.172269 0.310594 0.288280
v -0.172269 0.310594 0.288280
v -0.171966 0.318409 0.286020
v -0.171426 0.321028 0.287471
v -0.171426 0.321028 0.287471
v -0.173247 0.300189 0.288074
v -0.173247 0.300189 0.288074
v -0.174133 0.293632 0.288220
v -0.174564 0.295284 0.287424
v -0.175403 0.315060 0.282296
v -0.178319 0.304790 0.282897
v -0.175422 0.293557 0.287604
v -0.175422 0.293557 0.287604
v -0.176587 0.297175 0.285894
v -0.176587 0.297175 0.285894
v -0.176587 0.297175 0.285894
v -0.180365 0.314900 0.278933
v -0.178381 0.305000 0.282847
v -0.178381 0.305000 0.282847
v -0.180375 0.314964 0.278903
v -0.176849 0.298892 0.286010
v -0.176787 0.298897 0.285987
v -0.175130 0.294050 0.288396
v -0.174654 0.292306 0.288571
v -0.174654 0.292306 0.288571
v -0.174654 0.292306 0.288571
v -0.174135 0.293695 0.288236
v -0.173917 0.343796 0.274791
v -0.194317 0.324238 0.240912
v -0.194255 0.324207 0.240911
v -0.195647 0.328815 0.242123
v -0.195647 0.328815 0.242123
v -0.195647 0.328815 0.242123
v -0.196443 0.328359 0.242884
v -0.196443 0.328359 0.242884
v -0.193356 0.320869 0.241532
v -0.193429 0.320850 0.241511
v -0.193669 0.324681 0.242668
v -0.193669 0.324681 0.242668
v -0.195153 0.331268 0.244085
v -0.193300 0.321176 0.242188
v -0.193300 0.321176 0.242188
v -0.192939 0.318442 0.243465
v -0.192973 0.318437 0.243451
v -0.192919 0.318932 0.243992
v -0.192919 0.318932 0.243992
v -0.193308 0.322724 0.243373
v -0.193308 0.322724 0.243373
v -0.193308 0.322724 0.243373
v -0.192557 0.317075 0.246585
v -0.193559 0.326517 0.245318
v -0.193562 0.326517 0.245319
v -0.194028 0.327975 0.243950
v -0.194028 0.327975 0.243950
v -0.195051 0.341134 0.250143
v -0.195605 0.338894 0.247632
v -0.196654 0.334217 0.244426
v -0.196654 0.334217 0.244426
v -0.197698 0.333429 0.245103
v -0.197698 0.333429 0.245103
v -0.196537 0.339565 0.247065
v -0.196537 0.339565 0.247065
v -0.195871 0.343360 0.249746
v -0.195843 0.343372 0.249733
v -0.195871 0.343360 0.249746
v -0.197293 0.338614 0.247568
v -0.197293 0.338614 0.247568
v -0.197293 0.338614 0.247568
v -0.197293 0.338614 0.247568
v -0.195375 0.344275 0.252231
v -0.195375 0.344275 0.252231
v -0.195375 0.344275 0.252231
v -0.195375 0.344275 0.252231
v -0.195139 0.343313 0.252264
v -0.195139 0.343313 0.252264
v -0.195033 0.341137 0.250140
v -0.194836 0.341170 0.251697
v -0.194841 0.341170 0.251697
v -0.194998 0.342948 0.254495
v -0.194439 0.337069 0.250038
v -0.194442 0.337067 0.250038
v -0.193981 0.331694 0.247714
v -0.193981 0.331694 0.247714
v -0.194511 0.340294 0.256695
v -0.193799 0.336272 0.259391
v -0.193499 0.333901 0.258185
v -0.193499 0.333901 0.258185
v -0.194530 0.340295 0.256665
v -0.193807 0.336403 0.259278
v -0.192693 0.330917 0.262811
v -0.192674 0.330946 0.262779
v -0.190880 0.322374 0.265517
v -0.190880 0.322374 0.265517
v -0.190880 0.322374 0.265517
v -0.190880 0.322374 0.265517
v -0.192334 0.328905 0.261610
v -0.192334 0.328905 0.261610
v -0.191247 0.323910 0.266740
v -0.189867 0.314301 0.270244
v -0.189456 0.313417 0.269029
v -0.189456 0.313417 0.269029
v -0.191314 0.323938 0.266713
v -0.189917 0.314350 0.270205
v -0.196019 0.328247 0.257723
v -0.194963 0.342942 0.254474
v -0.195536 0.343193 0.252224
v -0.195541 0.343195 0.252225
v -0.197563 0.335018 0.251773
v -0.197563 0.335018 0.251773
v -0.197185 0.332855 0.253806
v -0.197185 0.332855 0.253806
v -0.197977 0.327411 0.251569
v -0.197885 0.327398 0.251538
v -0.197115 0.324721 0.254432
v -0.194721 0.317077 0.255802
v -0.195673 0.320842 0.258437
v -0.195673 0.320842 0.258437
v -0.196517 0.323326 0.248134
v -0.192039 0.313787 0.249784
v -0.192599 0.316379 0.246179
v -0.192599 0.316379 0.246179
v -0.191375 0.309624 0.254441
v -0.191321 0.309741 0.254340
v -0.192107 0.313749 0.249791
v -0.192090 0.314697 0.250038
v -0.192090 0.314697 0.250038
v -0.191042 0.310787 0.256108
v -0.192580 0.317084 0.246570
v -0.192162 0.316749 0.250882
v -0.192162 0.316749 0.250882
v -0.191460 0.316716 0.256821
v -0.191460 0.316716 0.256821
v -0.192439 0.320566 0.252631
v -0.192387 0.320571 0.252625
v -0.190641 0.319308 0.264599
v -0.188066 0.299492 0.270119
v -0.188085 0.300682 0.271044
v -0.188085 0.300682 0.271044
v -0.190630 0.319309 0.264598
v -0.189218 0.310692 0.268523
v -0.189218 0.310692 0.268523
v -0.189218 0.310692 0.268523
v -0.189218 0.310692 0.268523
v -0.188255 0.303177 0.271297
v -0.188255 0.303177 0.271297
v -0.187746 0.296539 0.272892
v -0.188582 0.305920 0.271410
v -0.188830 0.304502 0.272463
v -0.188830 0.304502 0.272463
v -0.190789 0.313129 0.269319
v -0.188244 0.298413 0.273321
v -0.188244 0.298413 0.273321
v -0.189927 0.303798 0.271476
v -0.188881 0.296574 0.272861
v -0.192347 0.314404 0.266807
v -0.193769 0.314797 0.263092
v -0.193769 0.314797 0.263092
v -0.191748 0.307128 0.267640
v -0.191748 0.307128 0.267640
v -0.190083 0.299861 0.269303
v -0.190008 0.300447 0.271046
v -0.190008 0.300447 0.271046
v -0.192993 0.310954 0.261604
v -0.188889 0.296600 0.272824
v -0.188498 0.296066 0.269801
v -0.188079 0.294973 0.272281
v -0.188079 0.294973 0.272281
v -0.188479 0.296073 0.269805
v -0.189338 0.299456 0.265303
v -0.190377 0.304396 0.259751
v -0.189335 0.299449 0.265311
v -0.190400 0.304418 0.259719
v -0.188290 0.298785 0.268991
v -0.188106 0.299492 0.270127
v -0.187886 0.296529 0.271765
v -0.187886 0.296529 0.271765
v -0.187782 0.296538 0.272869
v -0.187960 0.295069 0.273518
v -0.187960 0.295069 0.273518
v -0.187960 0.295069 0.273518
v -0.187960 0.295069 0.273518
v -0.193133 0.330135 0.256737
v -0.191713 0.321308 0.258746
v -0.191713 0.321308 0.258746
v -0.193144 0.330134 0.256738
v -0.192737 0.325315 0.254772
v -0.192737 0.325315 0.254772
v -0.197057 0.327242 0.244158
v -0.198502 0.330932 0.247678
v -0.198392 0.332428 0.246070
v -0.198392 0.332428 0.246070
v -0.197814 0.337558 0.248390
v -0.197814 0.337558 0.248390
v -0.197818 0.336518 0.249892
v -0.197818 0.336518 0.249892
v -0.196205 0.342292 0.249975
v -0.196205 0.342292 0.249975
v -0.196205 0.342292 0.249975
v -0.196205 0.342292 0.249975
v -0.196690 0.340822 0.250060
v -0.196690 0.340822 0.250060
v -0.183592 0.232115 0.249142
v -0.183592 0.232115 0.249142
v -0.183592 0.232115 0.249142
v -0.181525 0.226604 0.250556
v -0.181525 0.226604 0.250556
v -0.181907 0.226654 0.251387
v -0.183189 0.231148 0.250800
v -0.184334 0.235977 0.249292
v -0.184334 0.235977 0.249292
v -0.183951 0.235416 0.249914
v -0.183951 0.235416 0.249914
v -0.182313 0.231937 0.249929
v -0.179374 0.225237 0.251591
v -0.182800 0.234650 0.250245
v -0.184028 0.238467 0.250610
v -0.183988 0.238471 0.250595
v -0.172909 0.215858 0.255152
v -0.178110 0.220417 0.252782
v -0.178110 0.220417 0.252782
v -0.178892 0.220698 0.253633
v -0.173664 0.214835 0.254972
v -0.173664 0.214835 0.254972
v -0.169581 0.211137 0.257014
v -0.169581 0.211137 0.257014
v -0.169581 0.211137 0.257014
v -0.174398 0.215411 0.255606
v -0.174398 0.215411 0.255606
v -0.169586 0.212895 0.257068
v -0.167130 0.210218 0.258958
v -0.167097 0.210241 0.258928
v -0.168159 0.212759 0.258459
v -0.165975 0.211440 0.260751
v -0.166630 0.218681 0.262729
v -0.165468 0.213967 0.262421
v -0.165456 0.213970 0.262392
v -0.165100 0.217742 0.264275
v -0.165086 0.217662 0.264195
v -0.164553 0.222826 0.266554
v -0.164540 0.222812 0.266519
v -0.164086 0.229194 0.269076
v -0.164813 0.240561 0.271496
v -0.164124 0.229117 0.269060
v -0.164153 0.236149 0.271466
v -0.164155 0.236144 0.271470
v -0.172639 0.222319 0.261817
v -0.165960 0.211455 0.260726
v -0.174194 0.217376 0.258037
v -0.170250 0.211978 0.257339
v -0.177168 0.227710 0.260275
v -0.175921 0.238125 0.263120
v -0.180343 0.232724 0.257088
v -0.181967 0.229017 0.253669
v -0.182954 0.240176 0.252567
v -0.183321 0.233312 0.251151
v -0.183321 0.233312 0.251151
v -0.181210 0.241757 0.255223
v -0.182994 0.240174 0.252594
v -0.178742 0.243700 0.258677
v -0.178772 0.243664 0.258673
v -0.181205 0.241779 0.255219
v -0.175080 0.234201 0.258928
v -0.166760 0.245395 0.271084
v -0.164488 0.242148 0.273236
v -0.164488 0.242148 0.273236
v -0.164918 0.245649 0.274026
v -0.164918 0.245649 0.274026
v -0.165720 0.244359 0.273534
v -0.167168 0.241203 0.271927
v -0.168475 0.243413 0.271664
v -0.169039 0.245084 0.271237
v -0.169710 0.246222 0.270251
v -0.166355 0.246803 0.273841
v -0.166489 0.247980 0.273150
v -0.166489 0.247980 0.273150
v -0.168457 0.247927 0.271058
v -0.168457 0.247927 0.271058
v -0.175585 0.245603 0.262842
v -0.171787 0.247107 0.267327
v -0.171787 0.247107 0.267327
v -0.175578 0.245606 0.262848
v -0.168377 0.246582 0.270000
v -0.165322 0.247078 0.273593
v -0.165376 0.247598 0.274233
v -0.165376 0.247598 0.274233
v -0.183191 0.231148 0.250801
v -0.179139 0.222589 0.255906
v -0.182109 0.227108 0.252320
v -0.182109 0.227108 0.252320
v -0.179321 0.221310 0.254609
v -0.179321 0.221310 0.254609
v -0.174799 0.216162 0.256427
v -0.174799 0.216162 0.256427
v -0.170208 0.212026 0.257305
v -0.075592 0.142567 0.293446
v -0.075592 0.142567 0.293446
v -0.075603 0.142525 0.293455
v -0.071436 0.139514 0.295751
v -0.071436 0.139514 0.295751
v -0.072109 0.139381 0.296498
v -0.072109 0.139381 0.296498
v -0.078434 0.145211 0.293013
v -0.078383 0.145276 0.293000
v -0.074830 0.143249 0.294378
v -0.069426 0.139791 0.297176
v -0.076883 0.145140 0.294284
v -0.080170 0.147473 0.294004
v -0.080137 0.147504 0.294001
v -0.060542 0.136444 0.302573
v -0.066188 0.136787 0.299087
v -0.066188 0.136787 0.299087
v -0.067311 0.136600 0.299776
v -0.060469 0.135161 0.302437
v -0.060469 0.135161 0.302437
v -0.056046 0.134810 0.305363
v -0.056072 0.134782 0.305348
v -0.062543 0.135414 0.303123
v -0.057061 0.136203 0.305199
v -0.054432 0.135686 0.307647
v -0.054432 0.135686 0.307647
v -0.054432 0.135686 0.307647
v -0.056468 0.137057 0.306724
v -0.054985 0.137481 0.309359
v -0.060453 0.143001 0.310272
v -0.056732 0.139917 0.310709
v -0.056789 0.140001 0.310740
v -0.059375 0.143277 0.312062
v -0.062771 0.147806 0.313647
v -0.062804 0.147817 0.313680
v -0.067083 0.153305 0.315346
v -0.072261 0.159033 0.316124
v -0.072261 0.159033 0.316124
v -0.067109 0.153264 0.315350
v -0.067121 0.153268 0.315361
v -0.072148 0.159016 0.316781
v -0.072150 0.159023 0.316777
v -0.068062 0.144267 0.309091
v -0.056033 0.137753 0.309062
v -0.056033 0.137753 0.309062
v -0.054996 0.137471 0.309366
v -0.055520 0.136084 0.307482
v -0.055520 0.136084 0.307482
v -0.058792 0.137982 0.308084
v -0.058792 0.137982 0.308084
v -0.064893 0.139307 0.306629
v -0.058187 0.136395 0.306673
v -0.058187 0.136395 0.306673
v -0.070522 0.139639 0.302818
v -0.073426 0.145282 0.306379
v -0.078354 0.150908 0.305562
v -0.078354 0.150908 0.305562
v -0.076365 0.144672 0.300779
v -0.076331 0.144556 0.300696
v -0.075307 0.142686 0.299196
v -0.075307 0.142686 0.299196
v -0.080573 0.149090 0.296365
v -0.080566 0.149094 0.296363
v -0.081176 0.151428 0.298837
v -0.081170 0.149593 0.295824
v -0.081170 0.149593 0.295824
v -0.081170 0.149593 0.295824
v -0.081171 0.151439 0.298842
v -0.082436 0.155391 0.301751
v -0.082460 0.155333 0.301774
v -0.081805 0.154582 0.302174
v -0.081805 0.154582 0.302174
v -0.081804 0.152142 0.298371
v -0.081831 0.152086 0.298392
v -0.074269 0.150029 0.303636
v -0.075153 0.161604 0.315514
v -0.075830 0.162798 0.316361
v -0.078744 0.165910 0.317310
v -0.078744 0.165910 0.317310
v -0.076343 0.163511 0.317028
v -0.076343 0.163511 0.317028
v -0.075841 0.162788 0.316367
v -0.076573 0.163728 0.317683
v -0.076573 0.163728 0.317683
v -0.079235 0.166316 0.317950
v -0.079235 0.166316 0.317950
v -0.078920 0.164777 0.317544
v -0.077575 0.161277 0.316217
v -0.080363 0.163684 0.316156
v -0.080168 0.158670 0.311409
v -0.081484 0.161031 0.311321
v -0.081484 0.161031 0.311321
v -0.081493 0.163588 0.314043
v -0.081493 0.163588 0.314043
v -0.080932 0.166348 0.317442
v -0.081767 0.164773 0.314420
v -0.081767 0.164773 0.314420
v -0.081767 0.164773 0.314420
v -0.081417 0.167170 0.316623
v -0.081417 0.167170 0.316623
v -0.082039 0.165798 0.314378
v -0.082039 0.165798 0.314378
v -0.082039 0.165798 0.314378
v -0.082039 0.165798 0.314378
v -0.082140 0.161978 0.310751
v -0.082140 0.161978 0.310751
v -0.082140 0.161978 0.310751
v -0.082140 0.161978 0.310751
v -0.082226 0.158266 0.306269
v -0.082219 0.158270 0.306266
v -0.082594 0.162883 0.310487
v -0.082594 0.162883 0.310487
v -0.082594 0.162883 0.310487
v -0.082594 0.162883 0.310487
v -0.082594 0.162883 0.310487
v -0.082797 0.159126 0.305906
v -0.082805 0.159096 0.305906
v -0.081176 0.165332 0.314108
v -0.081176 0.165332 0.314108
v -0.079960 0.165282 0.314865
v -0.080645 0.166648 0.316155
v -0.080645 0.166648 0.316155
v -0.080115 0.167052 0.317239
v -0.080115 0.167052 0.317239
v -0.080115 0.167052 0.317239
v -0.080789 0.167609 0.317849
v -0.080789 0.167609 0.317849
v -0.080789 0.167609 0.317849
v -0.080601 0.153204 0.303292
v -0.080601 0.153204 0.303292
v -0.072972 0.139641 0.297319
v -0.070505 0.139671 0.302796
v -0.069445 0.138011 0.301605
v -0.069445 0.138011 0.301605
v -0.068470 0.136821 0.300603
v -0.072915 0.139686 0.297314
v -0.068401 0.136897 0.300585
v -0.063386 0.136694 0.304646
v -0.063386 0.136694 0.304646
v -0.109801 0.162135 0.282257
v -0.109820 0.162192 0.282260
v -0.105861 0.157989 0.283851
v -0.105861 0.157989 0.283851
v -0.106725 0.157454 0.285257
v -0.112278 0.165280 0.282358
v -0.112336 0.165220 0.282359
v -0.108875 0.162451 0.283217
v -0.103648 0.157523 0.285176
v -0.110682 0.164552 0.283493
v -0.113620 0.167299 0.283730
v -0.113657 0.167272 0.283729
v -0.094767 0.151493 0.289438
v -0.100672 0.153632 0.286425
v -0.100672 0.153632 0.286425
v -0.100672 0.153632 0.286425
v -0.101736 0.153344 0.287138
v -0.102437 0.153247 0.287673
v -0.094875 0.150287 0.289131
v -0.094875 0.150287 0.289131
v -0.090274 0.148448 0.291646
v -0.090238 0.148465 0.291670
v -0.095971 0.150326 0.289645
v -0.091093 0.149999 0.291753
v -0.088256 0.148427 0.293886
v -0.088290 0.148364 0.293914
v -0.090230 0.150237 0.293316
v -0.088426 0.149589 0.295854
v -0.095598 0.156088 0.294700
v -0.093619 0.156351 0.298573
v -0.089698 0.151691 0.297597
v -0.089753 0.151775 0.297659
v -0.091739 0.154789 0.299516
v -0.094378 0.159031 0.301901
v -0.094344 0.159023 0.301863
v -0.094378 0.159031 0.301901
v -0.104922 0.174080 0.307239
v -0.098155 0.164588 0.303934
v -0.098155 0.164588 0.303934
v -0.102032 0.170143 0.306334
v -0.102032 0.170143 0.306334
v -0.097770 0.164234 0.304519
v -0.097758 0.164230 0.304506
v -0.101855 0.169900 0.306963
v -0.101854 0.169892 0.306965
v -0.100518 0.157725 0.297275
v -0.093397 0.152783 0.296439
v -0.093397 0.152783 0.296439
v -0.089460 0.150067 0.295665
v -0.089460 0.150071 0.295663
v -0.088438 0.149578 0.295859
v -0.088438 0.149578 0.295859
v -0.097858 0.152580 0.293175
v -0.097858 0.152580 0.293175
v -0.098823 0.154309 0.294739
v -0.098823 0.154309 0.294739
v -0.105850 0.159526 0.294537
v -0.104942 0.157255 0.292331
v -0.105794 0.159557 0.294523
v -0.110211 0.166505 0.295333
v -0.110211 0.166505 0.295333
v -0.109946 0.163655 0.292044
v -0.109884 0.163687 0.292026
v -0.108343 0.159266 0.286857
v -0.114141 0.168854 0.285830
v -0.114203 0.170481 0.288702
v -0.114184 0.168827 0.285842
v -0.114098 0.172532 0.292476
v -0.114098 0.172532 0.292476
v -0.114064 0.172592 0.292464
v -0.113512 0.171593 0.292729
v -0.113506 0.171596 0.292727
v -0.114211 0.170507 0.288699
v -0.106483 0.165845 0.293098
v -0.108844 0.177208 0.306080
v -0.106454 0.175657 0.307443
v -0.106454 0.175657 0.307443
v -0.107435 0.177138 0.308790
v -0.107435 0.177138 0.308790
v -0.105011 0.174102 0.307274
v -0.105530 0.174653 0.308734
v -0.105530 0.174653 0.308734
v -0.107801 0.177370 0.309497
v -0.107801 0.177370 0.309497
v -0.107720 0.175967 0.308874
v -0.106984 0.172876 0.307038
v -0.108486 0.171332 0.304231
v -0.109575 0.177498 0.308942
v -0.110394 0.172266 0.302168
v -0.111036 0.176481 0.305107
v -0.109989 0.178890 0.308448
v -0.109989 0.178890 0.308448
v -0.109989 0.178890 0.308448
v -0.111015 0.178386 0.306116
v -0.111015 0.178386 0.306116
v -0.112089 0.172301 0.297907
v -0.112089 0.172301 0.297907
v -0.113012 0.173840 0.297227
v -0.113012 0.173840 0.297227
v -0.112347 0.176932 0.301973
v -0.112347 0.176932 0.301973
v -0.112347 0.176932 0.301973
v -0.113522 0.174828 0.297021
v -0.113522 0.174828 0.297021
v -0.113522 0.174828 0.297021
v -0.113509 0.174856 0.297027
v -0.110250 0.177928 0.305740
v -0.110250 0.177928 0.305740
v -0.109341 0.178455 0.307877
v -0.109341 0.178455 0.307877
v -0.109341 0.178455 0.307877
v -0.108651 0.178422 0.308954
v -0.108651 0.178422 0.308954
v -0.109183 0.178833 0.309662
v -0.109183 0.178833 0.309662
v -0.102967 0.153542 0.288298
v -0.104184 0.155662 0.290678
v -0.104184 0.155662 0.290678
v -0.103474 0.154335 0.289234
v -0.097071 0.150728 0.290668
v -0.141243 0.180274 0.274422
v -0.141243 0.180274 0.274422
v -0.141243 0.180274 0.274422
v -0.137116 0.175964 0.275686
v -0.137116 0.175964 0.275686
v -0.137414 0.175864 0.276530
v -0.140356 0.179532 0.276051
v -0.143381 0.183563 0.274651
v -0.143381 0.183563 0.274651
v -0.142760 0.183190 0.275252
v -0.142760 0.183190 0.275252
v -0.139926 0.180597 0.275161
v -0.134526 0.175521 0.276626
v -0.141379 0.182921 0.275531
v -0.143927 0.185982 0.275992
v -0.143894 0.186000 0.275974
v -0.124672 0.169301 0.279833
v -0.131416 0.171539 0.277707
v -0.131416 0.171539 0.277707
v -0.131416 0.171539 0.277707
v -0.132169 0.171502 0.278587
v -0.132169 0.171502 0.278587
v -0.124996 0.168067 0.279665
v -0.124996 0.168067 0.279665
v -0.119641 0.166200 0.281513
v -0.119641 0.166200 0.281513
v -0.119641 0.166200 0.281513
v -0.125837 0.168321 0.280330
v -0.120309 0.167825 0.281592
v -0.116856 0.166281 0.283358
v -0.116856 0.166281 0.283358
v -0.118818 0.168242 0.282930
v -0.116095 0.167851 0.285127
v -0.119273 0.174296 0.287225
v -0.116438 0.170381 0.286813
v -0.116430 0.170389 0.286783
v -0.117367 0.174009 0.288703
v -0.117333 0.173953 0.288628
v -0.118591 0.178919 0.291032
v -0.118576 0.178913 0.290998
v -0.120354 0.184980 0.293621
v -0.125128 0.195224 0.296227
v -0.120362 0.184900 0.293608
v -0.122846 0.191392 0.296110
v -0.122846 0.191386 0.296113
v -0.126285 0.175376 0.286569
v -0.116088 0.167870 0.285101
v -0.117831 0.166948 0.283435
v -0.117831 0.166948 0.283435
v -0.126179 0.170215 0.282778
v -0.120582 0.168006 0.283226
v -0.120582 0.168006 0.283226
v -0.132651 0.178639 0.285257
v -0.135203 0.188745 0.288202
v -0.137769 0.182069 0.282253
v -0.138164 0.178023 0.278842
v -0.143411 0.187969 0.277932
v -0.141269 0.181484 0.276436
v -0.141269 0.181484 0.276436
v -0.142166 0.190094 0.280547
v -0.143444 0.187953 0.277962
v -0.140317 0.192828 0.283940
v -0.140333 0.192785 0.283937
v -0.142169 0.190115 0.280543
v -0.133307 0.185435 0.283933
v -0.128798 0.198952 0.295948
v -0.125277 0.196812 0.297972
v -0.125361 0.196932 0.298082
v -0.126933 0.199886 0.298825
v -0.126933 0.199886 0.298825
v -0.127506 0.194917 0.296742
v -0.129578 0.196466 0.296555
v -0.130772 0.197796 0.296171
v -0.131911 0.198593 0.295226
v -0.128712 0.200408 0.298707
v -0.129347 0.201444 0.298036
v -0.129347 0.201444 0.298036
v -0.131330 0.200647 0.296013
v -0.131330 0.200647 0.296013
v -0.137757 0.195790 0.288019
v -0.134424 0.198623 0.292390
v -0.134424 0.198623 0.292390
v -0.137751 0.195795 0.288025
v -0.130838 0.199436 0.294937
v -0.127888 0.201053 0.298426
v -0.128078 0.201514 0.299075
v -0.128078 0.201514 0.299075
v -0.140358 0.179532 0.276051
v -0.132913 0.173156 0.280891
v -0.137690 0.176206 0.277474
v -0.137690 0.176206 0.277474
v -0.132711 0.171904 0.279584
v -0.132711 0.171904 0.279584
v -0.132711 0.171904 0.279584
v -0.126419 0.168863 0.281174
v -0.126419 0.168863 0.281174
v -0.121941 0.167533 0.282096
v -0.121941 0.167532 0.282097
v -0.163128 0.200929 0.260817
v -0.163128 0.200929 0.260817
v -0.163128 0.200929 0.260817
v -0.159445 0.196645 0.262585
v -0.159445 0.196645 0.262585
v -0.159838 0.196720 0.263413
v -0.162468 0.200442 0.262528
v -0.165058 0.204358 0.260700
v -0.165058 0.204358 0.260700
v -0.164529 0.204062 0.261352
v -0.164529 0.204062 0.261352
v -0.161878 0.201308 0.261587
v -0.157013 0.196239 0.263666
v -0.163197 0.203762 0.261718
v -0.165545 0.207051 0.261807
v -0.165582 0.207036 0.261824
v -0.147949 0.190069 0.267783
v -0.154285 0.192295 0.265186
v -0.154285 0.192295 0.265186
v -0.154285 0.192295 0.265186
v -0.155130 0.192465 0.266024
v -0.155130 0.192465 0.266024
v -0.148337 0.188835 0.267691
v -0.148337 0.188835 0.267691
v -0.143329 0.187008 0.269918
v -0.143329 0.187008 0.269918
v -0.143329 0.187008 0.269918
v -0.149227 0.189259 0.268290
v -0.143884 0.188662 0.269847
v -0.140715 0.187304 0.271829
v -0.140747 0.187264 0.271875
v -0.142516 0.189241 0.271215
v -0.140071 0.189102 0.273549
v -0.143018 0.196066 0.275004
v -0.140420 0.191941 0.275017
v -0.140410 0.191944 0.274988
v -0.141261 0.195857 0.276506
v -0.141300 0.195941 0.276580
v -0.142417 0.201298 0.278436
v -0.142433 0.201309 0.278468
v -0.144054 0.207903 0.280506
v -0.148387 0.218814 0.282106
v -0.144066 0.207818 0.280497
v -0.146364 0.214855 0.282384
v -0.146364 0.214860 0.282381
v -0.149858 0.197434 0.273935
v -0.140062 0.189117 0.273522
v -0.149698 0.191608 0.270560
v -0.155834 0.200802 0.272089
v -0.158003 0.211513 0.274143
v -0.160379 0.203949 0.268614
v -0.160685 0.199334 0.265511
v -0.165139 0.209336 0.263627
v -0.163286 0.202501 0.262722
v -0.163286 0.202501 0.262722
v -0.164032 0.211852 0.266123
v -0.165176 0.209324 0.263655
v -0.162386 0.215034 0.269372
v -0.162371 0.215076 0.269372
v -0.164036 0.211873 0.266118
v -0.155893 0.207335 0.270245
v -0.151756 0.222672 0.281380
v -0.148697 0.220858 0.283807
v -0.148615 0.220720 0.283711
v -0.150146 0.224022 0.284251
v -0.150146 0.224022 0.284251
v -0.150834 0.218754 0.282525
v -0.152768 0.220373 0.282126
v -0.153824 0.221693 0.281592
v -0.154799 0.222383 0.280549
v -0.151875 0.224616 0.284004
v -0.152359 0.225564 0.283239
v -0.152359 0.225564 0.283239
v -0.154172 0.224518 0.281197
v -0.154172 0.224518 0.281197
v -0.160051 0.218609 0.273320
v -0.157005 0.222026 0.277605
v -0.157005 0.222026 0.277605
v -0.160045 0.218615 0.273326
v -0.153650 0.223084 0.280239
v -0.150972 0.225160 0.283725
v -0.151202 0.225749 0.284324
v -0.151202 0.225749 0.284324
v -0.162470 0.200441 0.262528
v -0.156004 0.194574 0.268150
v -0.160190 0.197250 0.264311
v -0.160190 0.197250 0.264311
v -0.155748 0.193080 0.266956
v -0.155748 0.193080 0.266956
v -0.155748 0.193080 0.266956
v -0.149860 0.189986 0.269059
v -0.149860 0.189986 0.269059
v -0.144210 0.187699 0.270153
v -0.144210 0.187699 0.270153
v -0.145590 0.188573 0.270287
v -0.145590 0.188573 0.270287
vn -0.2788 -0.0648 0.9582
vn -0.5677 -0.0194 0.8230
vn -0.4883 0.8633 0.1280
vn -0.4830 0.8713 0.0868
vn 0.1373 0.4419 -0.8865
vn 0.0491 0.4847 -0.8733
vn 0.0613 0.2989 -0.9523
vn -0.2916 -0.4208 0.8590
vn 0.0561 0.3047 -0.9508
vn -0.8579 0.5104 -0.0586
vn -0.4853 0.8680 0.1053
vn -0.2804 -0.0622 0.9579
vn -0.2762 0.1425 0.9505
vn -0.0346 0.9659 0.2567
vn -0.0612 0.9429 0.3275
vn 0.2106 0.7355 -0.6440
vn 0.0889 0.9320 0.3515
vn 0.0752 0.9128 0.4014
vn 0.7807 0.1187 -0.6136
vn 0.3672 0.6672 -0.6481
vn 0.0864 0.9325 0.3508
vn 0.3733 0.8329 0.4085
vn 0.3683 0.6875 -0.6259
vn 0.7285 0.5286 0.4357
vn -0.2581 -0.1859 0.9481
vn -0.2400 -0.2396 0.9407
vn -0.2523 -0.2181 0.9428
vn -0.6417 -0.0434 0.7657
vn -0.6473 0.2930 0.7037
vn -0.1753 -0.2635 0.9486
vn -0.2156 -0.2108 0.9534
vn 0.8816 -0.3848 0.2733
vn 0.8536 -0.4601 0.2445
vn 0.4956 0.1141 -0.8611
vn 0.4434 0.1798 -0.8781
vn 0.5060 0.1346 -0.8520
vn 0.5037 0.1883 -0.8431
vn 0.4268 0.3934 -0.8143
vn 0.5034 0.3300 -0.7986
vn 0.4965 0.2519 -0.8307
vn 0.2815 0.1852 -0.9415
vn 0.1303 0.1216 -0.9840
vn 0.1124 0.1793 -0.9774
vn 0.1099 0.2663 -0.9576
vn 0.0593 0.2305 -0.9713
vn 0.0553 0.1762 -0.9828
vn 0.0424 0.3016 -0.9525
vn -0.1797 -0.4892 0.8535
vn -0.3183 -0.2450 0.9158
vn -0.8935 -0.2418 -0.3785
vn -0.2833 -0.1774 0.9425
vn -0.3002 -0.2133 0.9297
vn -0.3860 -0.2867 0.8768
vn -0.2926 -0.4071 0.8653
vn 0.7845 -0.5611 0.2639
vn 0.6909 -0.6968 0.1925
vn 0.2684 -0.1286 -0.9547
vn 0.4773 0.0694 -0.8760
vn 0.5613 0.0198 -0.8274
vn 0.7038 -0.6916 0.1624
vn 0.5600 0.0446 -0.8273
vn 0.5004 0.1084 -0.8590
vn 0.0818 0.0506 -0.9954
vn 0.3143 0.0804 -0.9459
vn -0.6568 -0.6872 -0.3105
vn -0.7569 -0.5650 -0.3284
vn -0.8132 -0.4871 -0.3184
vn 0.0647 0.0997 -0.9929
vn -0.8386 -0.4223 -0.3442
vn -0.8208 -0.4938 -0.2872
vn -0.7751 -0.5772 -0.2572
vn -0.6735 -0.6944 -0.2533
vn 0.0678 -0.9745 -0.2139
vn 0.0384 -0.9925 -0.1160
vn 0.0614 0.1217 -0.9907
vn 0.0583 0.1386 -0.9886
vn 0.0452 0.3990 -0.9158
vn 0.0425 0.2921 -0.9555
vn 0.0437 0.4000 -0.9155
vn 0.0387 0.4610 -0.8865
vn 0.1069 0.4379 -0.8927
vn 0.2722 0.2946 -0.9160
vn 0.2460 0.4939 -0.8340
vn 0.1027 0.5075 -0.8555
vn 0.2550 0.4877 -0.8350
vn 0.2108 0.7392 -0.6396
vn 0.4592 0.3829 -0.8015
vn 0.0392 -0.5427 -0.8390
vn -0.2230 -0.4865 -0.8448
vn -0.2388 -0.5058 -0.8289
vn 0.0150 -0.5880 -0.8087
vn -0.4598 -0.8804 -0.1157
vn -0.6995 -0.6316 0.3343
vn -0.5575 -0.2493 -0.7918
vn -0.2389 -0.5058 -0.8289
vn -0.5459 -0.2381 -0.8033
vn 0.4372 0.1668 -0.8837
vn 0.4518 0.5442 -0.7070
vn 0.6508 0.7054 -0.2809
vn 0.4727 0.3860 -0.7921
vn 0.4398 0.1815 -0.8796
vn 0.1316 -0.6385 -0.7583
vn 0.1384 -0.6289 -0.7651
vn -0.2793 -0.9576 -0.0705
vn 0.2275 -0.7232 -0.6521
vn 0.2360 -0.7201 -0.6525
vn 0.4837 -0.7726 -0.4113
vn -0.1190 -0.5786 0.8069
vn -0.1841 -0.9700 0.1590
vn 0.8444 -0.5357 -0.0053
vn 0.5002 0.5486 -0.6700
vn 0.5154 0.5981 -0.6137
vn 0.5036 0.5756 -0.6443
vn 0.2107 0.5781 -0.7883
vn 0.1721 0.1037 -0.9796
vn 0.4067 0.4121 -0.8153
vn 0.7420 0.2064 0.6378
vn 0.5151 0.5717 -0.6386
vn 0.6183 0.6429 -0.4521
vn 0.6700 0.3228 0.6686
vn -0.2262 -0.4657 0.8555
vn -0.2920 -0.4979 0.8166
vn -0.2253 -0.5363 0.8134
vn -0.2273 -0.6117 0.7577
vn -0.2207 -0.6895 0.6898
vn 0.8380 -0.5457 0.0069
vn -0.2897 -0.5795 0.7617
vn -0.2104 -0.6743 0.7079
vn -0.4844 -0.5349 0.6923
vn -0.6612 -0.4533 0.5978
vn -0.6745 -0.5415 0.5019
vn -0.7339 -0.4754 0.4852
vn -0.7287 -0.5401 0.4210
vn -0.7183 -0.6177 0.3201
vn 0.5697 0.7021 -0.4272
vn -0.8987 0.2474 -0.3622
vn 0.4665 0.5262 -0.7110
vn 0.4427 0.5720 -0.6905
vn 0.4039 0.6174 -0.6750
vn 0.6098 0.6703 -0.4229
vn 0.6234 0.3870 0.6794
vn 0.6193 0.6806 -0.3915
vn 0.5093 0.4721 0.7195
vn 0.5962 0.3587 0.7183
vn -0.1972 -0.3948 0.8974
vn -0.2723 -0.4271 0.8622
vn -0.1744 -0.3972 0.9010
vn -0.7582 -0.2882 0.5849
vn -0.6607 -0.3707 0.6527
vn -0.4684 -0.4396 0.7664
vn -0.4836 -0.2166 0.8481
vn -0.6510 0.7587 0.0224
vn -0.7714 0.6309 -0.0830
vn -0.7935 0.5699 -0.2135
vn -0.7161 -0.3915 0.5779
vn 0.2855 0.6410 -0.7125
vn -0.8305 0.4940 -0.2573
vn -0.8016 0.5638 -0.1989
vn 0.2585 0.6798 -0.6864
vn -0.7475 0.6532 -0.1208
vn 0.2850 0.6464 -0.7078
vn -0.8585 0.4645 -0.2171
vn 0.2487 0.6678 -0.7016
vn 0.2708 0.7273 -0.6306
vn 0.4826 0.7407 -0.4673
vn 0.4751 0.7458 -0.4671
vn 0.3010 0.7070 -0.6399
vn -0.6361 0.7710 0.0300
vn 0.4751 0.7458 -0.4670
vn -0.1125 0.8288 0.5481
vn -0.1126 0.8289 0.5480
vn -0.1047 0.8310 0.5464
vn 0.2561 0.1944 0.9469
vn -0.7344 -0.4072 0.5430
vn -0.7344 -0.4400 0.5168
vn -0.2181 -0.4414 0.8704
vn -0.6727 -0.6406 0.3703
vn -0.7099 -0.6383 0.2976
vn -0.6752 -0.6846 0.2747
vn -0.6884 -0.6266 0.3652
vn -0.6607 -0.6293 0.4092
vn -0.5977 -0.7714 0.2184
vn -0.5087 -0.6435 0.5720
vn -0.5958 -0.7775 0.2013
vn -0.4378 -0.8919 -0.1132
vn -0.4237 -0.8467 0.3217
vn -0.5952 -0.7774 0.2034
vn -0.4222 -0.8496 0.3161
vn -0.4778 -0.6725 0.5653
vn -0.2584 -0.8307 0.4931
vn -0.2626 -0.6842 0.6804
vn -0.2608 -0.8338 0.4865
vn -0.2822 -0.6675 0.6890
vn -0.2129 -0.7022 0.6794
vn -0.2440 -0.6801 0.6914
vn 0.4741 -0.7864 -0.3959
vn 0.3186 0.0812 -0.9444
vn -0.1030 0.5441 -0.8326
vn 0.1948 0.9571 0.2144
vn 0.2688 -0.0668 0.9609
vn 0.5127 0.8443 0.1557
vn -0.0790 0.0646 0.9948
vn 0.0862 -0.0680 0.9939
vn 0.2804 -0.0393 0.9591
vn 0.2634 0.1413 0.9543
vn 0.0258 0.9623 0.2708
vn -0.2415 0.7563 -0.6080
vn 0.0579 0.9385 0.3403
vn -0.0976 0.9376 0.3339
vn -0.0597 0.8969 0.4382
vn -0.0381 0.5164 -0.8555
vn -0.3905 0.5747 -0.7192
vn -0.3793 0.8122 0.4433
vn -0.7337 0.4861 0.4747
vn 0.2496 -0.1828 0.9509
vn 0.2492 -0.2363 0.9392
vn 0.2600 -0.2169 0.9409
vn 0.2564 -0.2085 0.9438
vn 0.4640 -0.7344 0.4953
vn 0.2059 -0.2068 0.9565
vn -0.9270 -0.2604 0.2701
vn -0.9176 -0.2997 0.2610
vn 0.1739 -0.2321 0.9570
vn 0.2907 -0.1890 0.9379
vn 0.2104 -0.2029 0.9563
vn 0.1716 -0.2302 0.9579
vn -0.8959 -0.3737 0.2404
vn 0.0977 -0.3160 0.9437
vn 0.2306 -0.2094 0.9503
vn -0.8562 -0.4549 0.2451
vn -0.4956 0.1141 -0.8611
vn -0.5062 0.1354 -0.8517
vn -0.4446 0.1753 -0.8784
vn -0.5033 0.1886 -0.8433
vn -0.4403 0.3016 -0.8457
vn -0.4992 0.2520 -0.8290
vn -0.4958 0.3314 -0.8027
vn -0.2782 0.1875 -0.9421
vn -0.1205 0.1307 -0.9841
vn -0.1092 0.1917 -0.9754
vn -0.1072 0.2826 -0.9532
vn 0.0119 -0.1218 -0.9925
vn -0.1130 0.1540 -0.9816
vn -0.1107 0.1913 -0.9753
vn -0.0362 0.1621 -0.9861
vn -0.0785 0.1987 -0.9769
vn -0.0525 0.3006 -0.9523
vn 0.9223 -0.2711 -0.2754
vn -0.0780 0.1448 -0.9864
vn 0.8773 -0.3750 -0.2995
vn 0.8935 -0.3434 -0.2893
vn -0.0684 0.1280 -0.9894
vn 0.2568 0.0564 0.9648
vn 0.8921 -0.2449 -0.3798
vn 0.3179 -0.2497 0.9147
vn 0.2841 -0.1798 0.9418
vn 0.3007 -0.2119 0.9299
vn 0.3833 -0.2875 0.8778
vn 0.2394 -0.2520 0.9376
vn 0.1458 -0.3039 0.9415
vn 0.2731 -0.2377 0.9322
vn 0.1296 -0.3232 0.9374
vn 0.1501 -0.2604 0.9538
vn -0.8064 -0.5462 0.2266
vn -0.8175 -0.5433 0.1909
vn -0.5619 0.0455 -0.8260
vn -0.5681 -0.0092 -0.8229
vn -0.7048 -0.6937 0.1482
vn -0.7049 -0.6936 0.1481
vn -0.5271 -0.0508 -0.8483
vn -0.4745 0.0778 -0.8768
vn -0.7049 -0.6937 0.1481
vn -0.5789 -0.0107 -0.8153
vn -0.5313 -0.0576 -0.8452
vn -0.4996 0.1062 -0.8597
vn -0.0921 0.0519 -0.9944
vn -0.3189 0.0731 -0.9450
vn -0.1765 0.1205 -0.9769
vn 0.0119 -0.0028 -0.9999
vn 0.2419 0.0012 -0.9703
vn -0.1203 0.1121 -0.9864
vn -0.1533 0.1177 -0.9811
vn 0.6462 -0.6901 -0.3258
vn 0.7614 -0.5550 -0.3350
vn 0.0828 -0.0825 -0.9931
vn 0.8073 -0.4893 -0.3299
vn -0.0656 0.0976 -0.9931
vn 0.8169 -0.4972 -0.2925
vn 0.8396 -0.4139 -0.3518
vn 0.7798 -0.5691 -0.2609
vn 0.4182 -0.4053 0.8129
vn 0.6630 -0.7014 -0.2615
vn -0.0450 -0.9815 -0.1862
vn 0.2767 -0.3815 0.8820
vn -0.0368 -0.9875 -0.1531
vn -0.0353 -0.9935 -0.1081
vn -0.0367 -0.9875 -0.1532
vn -0.3185 -0.1288 -0.9391
vn -0.3181 -0.1354 -0.9383
vn 0.8497 -0.4199 -0.3189
vn -0.0590 0.1198 -0.9910
vn -0.0558 0.1384 -0.9888
vn -0.1165 0.1278 -0.9849
vn -0.2698 0.4318 -0.8607
vn -0.1031 0.5442 -0.8326
vn 0.2690 -0.0666 0.9608
vn 0.0862 -0.0680 0.9940
vn 0.0258 0.9623 0.2707
vn 0.0578 0.9385 0.3403
vn -0.0975 0.9375 0.3339
vn -0.3792 0.8122 0.4433
vn -0.7337 0.4860 0.4748
vn 0.2492 -0.2362 0.9392
vn 0.2599 -0.2169 0.9410
vn 0.2564 -0.2084 0.9438
vn 0.4640 -0.7343 0.4954
vn -0.9270 -0.2602 0.2701
vn -0.9177 -0.2997 0.2610
vn 0.1740 -0.2322 0.9570
vn 0.2104 -0.2028 0.9563
vn 0.1715 -0.2302 0.9579
vn -0.8958 -0.3737 0.2404
vn 0.0977 -0.3159 0.9437
vn 0.2306 -0.2095 0.9502
vn -0.8561 -0.4549 0.2452
vn -0.4956 0.1140 -0.8610
vn -0.4446 0.1757 -0.8783
vn -0.5037 0.1883 -0.8431
vn -0.2781 0.1877 -0.9420
vn -0.1098 0.1921 -0.9752
vn -0.1077 0.2828 -0.9531
vn 0.0120 -0.1218 -0.9925
vn -0.1135 0.1535 -0.9816
vn -0.1114 0.1917 -0.9751
vn -0.0368 0.1639 -0.9858
vn -0.0781 0.1984 -0.9770
vn 0.9223 -0.2714 -0.2753
vn -0.0778 0.1451 -0.9864
vn 0.8773 -0.3751 -0.2995
vn 0.8936 -0.3431 -0.2893
vn 0.4066 0.0311 0.9131
vn 0.8920 -0.2451 -0.3797
vn 0.2841 -0.1797 0.9418
vn 0.3008 -0.2120 0.9298
vn 0.3832 -0.2877 0.8777
vn 0.2393 -0.2519 0.9377
vn 0.2730 -0.2376 0.9322
vn 0.1297 -0.3232 0.9374
vn 0.1500 -0.2605 0.9538
vn -0.8065 -0.5462 0.2265
vn -0.8175 -0.5433 0.1910
vn -0.5620 0.0452 -0.8259
vn -0.7050 -0.6936 0.1481
vn -0.5314 -0.0576 -0.8452
vn -0.4998 0.1063 -0.8596
vn -0.0920 0.0518 -0.9944
vn -0.3188 0.0731 -0.9450
vn -0.1766 0.1211 -0.9768
vn 0.2419 0.0018 -0.9703
vn -0.1204 0.1122 -0.9864
vn -0.1535 0.1178 -0.9811
vn 0.7614 -0.5550 -0.3351
vn 0.0828 -0.0826 -0.9931
vn 0.8074 -0.4892 -0.3300
vn -0.0658 0.0976 -0.9931
vn 0.8168 -0.4971 -0.2926
vn 0.8396 -0.4140 -0.3518
vn 0.7798 -0.5692 -0.2609
vn 0.4180 -0.4051 0.8131
vn 0.6630 -0.7015 -0.2614
vn -0.0451 -0.9815 -0.1863
vn 0.2772 -0.3814 0.8819
vn -0.0353 -0.9935 -0.1080
vn -0.0369 -0.9875 -0.1531
vn -0.3185 -0.1289 -0.9391
vn -0.3182 -0.1354 -0.9383
vn -0.0559 0.1384 -0.9888
vn -0.2698 0.4319 -0.8606
vn 0.2782 0.0419 -0.9596
vn -0.2284 0.3947 -0.8900
vn -0.0102 0.9958 0.0906
vn 0.2880 0.0942 0.9530
vn 0.3226 0.9454 0.0472
vn 0.0073 0.9892 0.1465
vn 0.1133 0.0533 0.9921
vn 0.2417 0.3044 0.9214
vn 0.2974 0.1181 0.9474
vn 0.2435 0.2969 0.9233
vn -0.1480 0.9709 0.1885
vn -0.3997 0.4655 -0.7897
vn -0.1617 0.9756 0.1484
vn -0.2880 0.9325 0.2178
vn -0.2428 0.9148 0.3230
vn -0.1491 0.3952 -0.9064
vn -0.5034 0.3770 -0.7775
vn -0.5381 0.7569 0.3708
vn -0.8187 0.3553 0.4511
vn 0.2959 -0.0302 0.9548
vn 0.2968 -0.0853 0.9511
vn 0.3051 -0.0654 0.9501
vn 0.5189 0.1819 0.8353
vn 0.6215 -0.5626 0.5451
vn 0.2545 -0.0732 0.9643
vn -0.8361 -0.4621 0.2957
vn 0.2803 -0.0824 0.9564
vn 0.1818 -0.1356 0.9739
vn 0.1875 -0.1323 0.9733
vn -0.7902 -0.5292 0.3091
vn -0.7450 -0.5969 0.2978
vn -0.8248 -0.4626 0.3252
vn -0.5241 -0.0794 -0.8480
vn -0.5464 -0.1089 -0.8304
vn -0.5219 -0.0777 -0.8494
vn -0.5408 -0.0856 -0.8368
vn -0.5362 -0.0617 -0.8419
vn -0.5260 -0.0794 -0.8468
vn -0.4878 -0.0040 -0.8730
vn -0.5465 -0.0124 -0.8374
vn -0.5045 0.1126 -0.8560
vn -0.5557 0.0537 -0.8296
vn -0.5641 0.1319 -0.8151
vn -0.3263 0.0263 -0.9449
vn -0.1598 0.0075 -0.9871
vn -0.1614 0.0686 -0.9845
vn -0.4377 -0.0595 -0.8971
vn -0.1797 0.1572 -0.9711
vn 0.0286 -0.2110 -0.9771
vn -0.1578 0.0306 -0.9870
vn -0.1629 0.0681 -0.9843
vn -0.0859 0.0574 -0.9947
vn -0.1333 0.0823 -0.9877
vn -0.1304 0.1850 -0.9741
vn 0.9573 -0.0765 -0.2788
vn -0.1211 0.0310 -0.9922
vn 0.9374 -0.1875 -0.2934
vn 0.9460 -0.1518 -0.2863
vn -0.1085 0.0165 -0.9940
vn 0.2455 0.2046 0.9476
vn 0.9209 -0.0678 -0.3838
vn 0.3759 -0.0825 0.9230
vn 0.3280 -0.0178 0.9445
vn 0.3520 -0.0488 0.9347
vn 0.4403 -0.1035 0.8919
vn 0.2191 -0.1633 0.9619
vn 0.1681 -0.1990 0.9655
vn 0.2090 -0.1885 0.9596
vn 0.1736 -0.2028 0.9637
vn -0.6803 -0.6751 0.2854
vn -0.6933 -0.6738 0.2555
vn -0.5767 -0.1495 -0.8032
vn -0.6005 -0.2176 -0.7695
vn -0.5417 -0.8007 0.2560
vn -0.5640 -0.7898 0.2411
vn -0.6042 -0.3885 -0.6957
vn -0.5571 -0.1221 -0.8214
vn -0.5718 -0.1396 -0.8084
vn -0.5359 -0.0900 -0.8394
vn -0.5414 -0.1030 -0.8344
vn -0.4702 -0.0694 -0.8798
vn -0.4690 -0.1432 -0.8715
vn -0.3064 -0.0597 -0.9500
vn -0.1277 -0.0726 -0.9891
vn -0.1795 -0.0171 -0.9836
vn -0.0056 -0.0893 -0.9960
vn 0.2152 -0.0327 -0.9760
vn -0.1557 -0.0103 -0.9878
vn -0.1838 -0.0098 -0.9829
vn 0.7846 -0.5537 -0.2790
vn 0.8664 -0.3945 -0.3061
vn 0.0880 -0.1550 -0.9840
vn 0.8958 -0.3181 -0.3104
vn -0.2865 -0.1949 -0.9380
vn 0.9070 -0.3201 -0.2736
vn 0.9096 -0.2392 -0.3399
vn 0.8878 -0.3970 -0.2326
vn 0.5043 -0.2166 0.8359
vn 0.8026 -0.5550 -0.2184
vn 0.1715 -0.9815 -0.0850
vn 0.3614 -0.2173 0.9067
vn 0.1805 -0.9821 -0.0535
vn 0.1836 -0.9830 -0.0069
vn 0.2162 -0.9763 -0.0022
vn -0.3077 -0.2876 -0.9070
vn -0.1055 0.0054 -0.9944
vn 0.9386 -0.1876 -0.2896
vn -0.0983 0.0292 -0.9947
vn -0.1551 0.0056 -0.9879
vn -0.3407 0.1528 -0.9277
vn -0.1442 -0.1630 -0.9760
vn -0.5487 0.2517 -0.7972
vn 0.0451 0.9746 -0.2192
vn 0.6972 0.3030 0.6498
vn 0.3504 0.8708 -0.3448
vn 0.0824 0.9803 -0.1797
vn 0.4076 0.4510 0.7940
vn 0.6145 0.5529 0.5627
vn 0.7480 0.0813 0.6587
vn 0.7289 0.1186 0.6743
vn 0.6879 0.3248 0.6490
vn 0.6120 0.5526 0.5657
vn -0.0648 0.9939 -0.0888
vn -0.6452 0.5011 -0.5767
vn -0.0502 0.9957 -0.0773
vn -0.1233 0.9889 0.0828
vn -0.0698 0.9886 0.1332
vn -0.3213 0.8571 0.4028
vn -0.7735 0.4344 -0.4615
vn -0.3000 0.8573 0.4183
vn -0.5145 0.4699 0.7172
vn 0.6866 0.1400 0.7135
vn 0.6820 0.0750 0.7275
vn 0.6956 0.0975 0.7118
vn 0.9169 0.1793 0.3567
vn 0.8034 -0.4776 0.3557
vn 0.6289 0.0598 0.7751
vn 0.6517 0.1059 0.7510
vn -0.5000 -0.3205 0.8046
vn -0.4735 -0.3767 0.7962
vn -0.9113 -0.2388 -0.3354
vn -0.9234 -0.2106 -0.3209
vn -0.8820 -0.1633 -0.4420
vn -0.9286 -0.1391 -0.3439
vn -0.8865 -0.0255 -0.4621
vn -0.9307 -0.0591 -0.3609
vn -0.9308 0.0451 -0.3628
vn -0.7225 -0.1715 -0.6698
vn -0.7360 -0.0829 -0.6718
vn -0.5408 -0.1942 -0.8185
vn -0.5500 -0.1283 -0.8253
vn -0.5371 -0.0509 -0.8420
vn -0.5352 -0.1106 -0.8374
vn -0.5380 -0.0628 -0.8406
vn -0.4750 -0.0550 -0.8783
vn -0.4530 -0.1159 -0.8839
vn -0.4829 0.0150 -0.8756
vn 0.6413 0.3523 0.6817
vn 0.6291 -0.1687 -0.7588
vn 0.7249 0.1527 0.6717
vn 0.7492 0.1149 0.6523
vn 0.7565 0.0775 0.6494
vn 0.7517 -0.1228 0.6480
vn -0.3757 -0.4379 0.8168
vn -0.3256 -0.5626 0.7599
vn -0.6646 -0.4943 -0.5603
vn -0.9123 -0.3683 -0.1789
vn -0.8899 -0.2934 -0.3493
vn -0.3441 -0.5579 0.7552
vn -0.9301 -0.3142 -0.1900
vn -0.9127 -0.2460 -0.3263
vn -0.4702 -0.2602 -0.8434
vn -0.7486 -0.2823 -0.5999
vn 0.6165 -0.5975 -0.5127
vn 0.6536 -0.4452 -0.6121
vn 0.6773 -0.3681 -0.6370
vn -0.4623 -0.2115 -0.8612
vn 0.8747 0.0058 0.4847
vn 0.6859 -0.3680 -0.6278
vn 0.6493 -0.3065 -0.6960
vn 0.7222 -0.4332 -0.5393
vn 0.6424 -0.5877 -0.4919
vn 0.1216 -0.9908 0.0601
vn 0.2069 -0.9681 0.1413
vn -0.4650 -0.1794 -0.8670
vn -0.4663 -0.1643 -0.8692
vn -0.4468 -0.1330 -0.8847
vn -0.5412 0.0113 -0.8408
vn -0.7264 -0.0657 -0.6841
vn -0.7233 0.0126 -0.6905
vn -0.5438 0.0081 -0.8392
vn -0.7180 0.0088 -0.6960
vn -0.7065 0.2339 -0.6680
vn -0.8585 0.1764 -0.4816
vn -0.7067 0.2375 -0.6664
vn -0.8553 0.1880 -0.4828
vn -0.9202 0.0763 -0.3839
vn -0.9214 0.0982 -0.3760
vn -0.9330 0.0762 -0.3517
vn -0.9050 0.1439 -0.4002
vn -0.2611 0.8650 0.4285
vn 0.7435 0.3888 0.5441
vn 0.3527 0.8078 -0.4722
vn 0.1423 0.9439 -0.2981
vn 0.4777 0.5518 0.6836
vn -0.5566 -0.0981 -0.8250
vn 0.3260 0.8018 -0.5008
vn 0.5537 0.3811 -0.7404
vn 0.6300 0.6720 0.3892
vn 0.7865 0.1548 0.5979
vn 0.7767 0.1846 0.6022
vn 0.7324 0.3926 0.5562
vn 0.6623 0.6156 0.4271
vn -0.0644 0.9662 -0.2494
vn -0.5839 0.0357 -0.8110
vn -0.6770 0.4333 -0.5950
vn -0.0522 0.9712 -0.2323
vn -0.1078 0.9919 -0.0672
vn -0.0993 0.9936 -0.0546
vn -0.2768 0.9092 0.3109
vn -0.8040 0.3885 -0.4502
vn -0.2586 0.9111 0.3209
vn 0.5764 -0.1557 0.8022
vn 0.7607 0.1733 0.6255
vn 0.7497 0.1549 0.6434
vn 0.7685 0.1474 0.6226
vn 0.6796 0.1455 0.7190
vn 0.7661 0.1816 0.6166
vn 0.6267 0.1341 0.7677
vn -0.4365 -0.2319 0.8693
vn -0.3970 -0.2725 0.8764
vn -0.9428 -0.2769 -0.1856
vn -0.9534 -0.2459 -0.1747
vn -0.9251 -0.2122 -0.3147
vn -0.9612 -0.1741 -0.2140
vn -0.9280 -0.0766 -0.3645
vn -0.9648 -0.0959 -0.2449
vn -0.9650 0.0398 -0.2591
vn -0.9598 0.0196 -0.2800
vn -0.7793 -0.2182 -0.5875
vn -0.5860 -0.1788 -0.7903
vn -0.5841 -0.2647 -0.7673
vn -0.5116 -0.2197 -0.8307
vn -0.5204 -0.1548 -0.8398
vn -0.5140 -0.0887 -0.8532
vn 0.6755 0.4011 0.6188
vn 0.6162 -0.2261 -0.7544
vn 0.7821 0.1846 0.5952
vn 0.7612 0.1526 0.6303
vn 0.7913 -0.0477 0.6096
vn -0.2924 -0.3158 0.9026
vn -0.3642 -0.3392 0.8674
vn -0.9428 -0.3330 -0.0129
vn -0.9211 -0.3860 0.0513
vn -0.2576 -0.4265 0.8670
vn -0.2747 -0.4480 0.8508
vn -0.8947 -0.4427 0.0600
vn -0.9094 -0.3366 -0.2442
vn -0.9218 -0.3821 0.0659
vn -0.8939 -0.4479 0.0193
vn -0.9425 -0.2832 -0.1774
vn -0.5529 -0.3445 -0.7587
vn -0.7286 -0.5767 -0.3696
vn -0.7814 -0.2858 -0.5547
vn 0.5782 -0.6588 -0.4813
vn -0.3656 -0.4477 -0.8160
vn 0.6232 -0.4783 -0.6187
vn 0.6254 -0.4139 -0.6615
vn -0.5104 -0.2993 -0.8062
vn 0.8960 0.0774 0.4373
vn 0.6484 -0.4100 -0.6414
vn 0.6451 -0.3436 -0.6825
vn 0.6862 -0.4713 -0.5541
vn 0.9222 0.0829 0.3776
vn 0.6088 -0.6311 -0.4807
vn 0.1298 -0.9763 0.1731
vn 0.1547 -0.9693 0.1910
vn -0.2748 -0.4480 0.8508
vn -0.4994 -0.2778 -0.8206
vn -0.5052 -0.2536 -0.8249
vn -0.5778 -0.0748 -0.8127
vn -0.5214 -0.0337 -0.8527
vn -0.5180 -0.0638 -0.8530
vn -0.5702 -0.1044 -0.8149
vn -0.5912 -0.0947 -0.8010
vn -0.5933 0.1035 -0.7983
vn -0.7974 -0.1111 -0.5931
vn -0.5955 0.0744 -0.7999
vn -0.7488 0.1754 -0.6392
vn -0.7781 -0.0650 -0.6248
vn -0.8974 0.1348 -0.4201
vn -0.7503 0.1785 -0.6365
vn -0.8947 0.1437 -0.4229
vn -0.9459 0.0778 -0.3149
vn -0.9549 0.0618 -0.2905
vn -0.2427 0.9154 0.3211
vn -0.8040 0.3884 -0.4502
vn 0.3454 0.7523 -0.5610
vn -0.5665 0.2635 -0.7808
vn 0.0389 0.8894 -0.4555
vn 0.7481 0.4028 0.5274
vn 0.3742 0.7648 -0.5245
vn 0.1573 0.9216 -0.3547
vn -0.5137 0.0047 -0.8580
vn -0.5622 -0.1749 -0.8083
vn 0.5318 0.4168 0.7372
vn -0.5583 -0.1719 -0.8116
vn 0.3432 0.7521 -0.5626
vn 0.5745 0.2684 -0.7733
vn 0.6410 0.6828 0.3505
vn 0.7779 0.1979 0.5963
vn 0.7565 0.3882 0.5262
vn 0.6824 0.6148 0.3954
vn -0.0560 0.9532 -0.2971
vn -0.6819 0.4058 -0.6086
vn -0.0356 0.9585 -0.2830
vn -0.0925 0.9911 -0.0962
vn -0.0837 0.9930 -0.0839
vn -0.2539 0.9175 0.3062
vn -0.8094 0.3839 -0.4445
vn -0.2303 0.9216 0.3123
vn 0.7193 -0.0956 0.6881
vn 0.7737 0.1590 0.6133
vn 0.7805 0.2005 0.5922
vn 0.7626 0.1961 0.6165
vn 0.7750 0.1487 0.6142
vn 0.7080 0.1987 0.6777
vn 0.6090 0.1601 0.7768
vn 0.6416 0.1447 0.7532
vn -0.4278 -0.1360 0.8936
vn -0.3942 -0.1589 0.9052
vn -0.9590 -0.2510 -0.1315
vn -0.9711 -0.1580 -0.1791
vn -0.9361 -0.2064 -0.2847
vn -0.9376 -0.0766 -0.3392
vn -0.9745 -0.0819 -0.2088
vn -0.9730 0.0514 -0.2251
vn -0.9693 0.0330 -0.2437
vn -0.7777 -0.2390 -0.5814
vn -0.5782 -0.2253 -0.7842
vn -0.5662 -0.2971 -0.7689
vn -0.4994 -0.2827 -0.8189
vn -0.5149 -0.2238 -0.8275
vn -0.5124 -0.1597 -0.8438
vn 0.7929 0.1867 0.5800
vn 0.7827 0.1832 0.5948
vn 0.8765 0.1011 0.4707
vn 0.7705 -0.0092 0.6374
vn -0.3295 -0.1893 0.9250
vn -0.3676 -0.1996 0.9083
vn -0.4247 -0.1712 0.8890
vn -0.9460 -0.2960 0.1321
vn -0.9584 -0.2804 0.0524
vn -0.9318 -0.3109 0.1873
vn -0.2770 -0.2711 0.9218
vn -0.2923 -0.2918 0.9107
vn -0.9227 -0.3655 0.1227
vn -0.9336 -0.3082 0.1830
vn -0.9444 -0.2909 -0.1535
vn -0.2922 -0.2918 0.9107
vn -0.9188 -0.3692 0.1397
vn -0.5255 -0.3417 -0.7792
vn -0.7789 -0.3206 -0.5390
vn 0.6665 -0.5994 -0.4433
vn -0.6371 -0.2734 -0.7207
vn 0.6305 -0.4651 -0.6215
vn -0.4344 -0.3467 -0.8313
vn -0.4874 -0.3195 -0.8126
vn -0.6581 -0.2642 -0.7051
vn 0.6654 -0.3992 -0.6308
vn 0.6815 -0.3433 -0.6463
vn 0.7274 -0.4383 -0.5280
vn 0.8700 0.1518 0.4691
vn 0.6076 -0.6135 -0.5044
vn 0.1025 -0.9725 0.2091
vn 0.1788 -0.9353 0.3054
vn 0.1414 -0.9599 0.2419
vn -0.7774 -0.5761 -0.2526
vn 0.1413 -0.9600 0.2418
vn -0.9627 -0.2644 -0.0576
vn -0.5745 -0.1503 -0.8046
vn -0.5323 -0.1291 -0.8367
vn -0.5055 -0.1611 -0.8477
vn -0.5322 -0.1150 -0.8388
vn -0.5225 0.0242 -0.8523
vn -0.7834 -0.1157 -0.6106
vn -0.7638 0.1350 -0.6311
vn -0.7586 0.1478 -0.6345
vn -0.9054 0.1308 -0.4039
vn -0.9030 0.1408 -0.4060
vn -0.9553 0.0868 -0.2824
vn -0.9639 0.0726 -0.2560
vn -0.2197 0.9234 0.3149
vn -0.8094 0.3838 -0.4444
vn 0.4408 0.6497 -0.6194
vn -0.5402 0.2179 -0.8128
vn 0.2163 0.8694 -0.4442
vn 0.7941 0.3340 0.5078
vn 0.4569 0.6521 -0.6050
vn 0.2666 0.8721 -0.4104
vn -0.5421 0.0022 -0.8403
vn -0.6081 -0.1755 -0.7742
vn 0.5741 0.5804 0.5776
vn -0.6024 -0.1666 -0.7806
vn 0.4313 0.6472 -0.6286
vn 0.5969 0.0782 -0.7985
vn 0.7337 0.5733 0.3647
vn 0.8195 0.1299 0.5581
vn 0.8030 0.1658 0.5725
vn 0.7750 0.3099 0.5508
vn 0.7522 0.5150 0.4110
vn 0.0888 0.9340 -0.3460
vn -0.6237 0.4238 -0.6568
vn 0.1085 0.9373 -0.3313
vn 0.0542 0.9862 -0.1561
vn 0.0622 0.9875 -0.1446
vn -0.1352 0.9585 0.2510
vn -0.7448 0.4328 -0.5079
vn -0.1154 0.9587 0.2598
vn 0.6618 -0.1328 0.7378
vn 0.7406 0.1174 0.6616
vn 0.7445 0.1377 0.6533
vn 0.7796 0.1636 0.6045
vn 0.7351 0.1592 0.6590
vn 0.7388 0.1256 0.6621
vn 0.7550 0.1569 0.6367
vn 0.6575 0.1428 0.7398
vn -0.4435 0.1009 0.8906
vn 0.7167 0.1320 0.6847
vn 0.6955 0.0908 0.7127
vn 0.4551 -0.2343 0.8591
vn -0.4899 -0.0423 0.8707
vn -0.4525 0.0336 0.8911
vn -0.9945 -0.0924 -0.0501
vn -0.9759 -0.1036 -0.1921
vn -0.9775 -0.0875 -0.1921
vn -0.9382 -0.0889 -0.3344
vn -0.9722 -0.0270 -0.2324
vn -0.9233 0.0205 -0.3834
vn -0.9636 0.0416 -0.2642
vn -0.9462 0.1423 -0.2907
vn -0.7847 -0.1747 -0.5948
vn -0.6024 -0.2602 -0.7546
vn -0.6081 -0.2566 -0.7512
vn -0.7919 -0.1776 -0.5843
vn -0.6137 -0.1753 -0.7698
vn -0.5738 -0.2299 -0.7860
vn -0.4634 -0.5750 -0.6743
vn -0.0375 -0.4762 -0.8785
vn 0.2742 -0.4899 -0.8276
vn 0.8595 0.0691 0.5065
vn 0.6301 -0.4335 -0.6443
vn 0.5246 -0.4994 -0.6894
vn 0.8116 0.1238 0.5710
vn 0.7963 0.1397 0.5885
vn 0.7819 0.1322 0.6092
vn 0.8742 0.0092 0.4855
vn 0.6561 0.0360 0.7538
vn 0.7562 -0.0341 0.6534
vn -0.3839 -0.0975 0.9182
vn -0.4305 -0.1033 0.8967
vn -0.4166 -0.1019 0.9034
vn -0.9957 -0.0928 0.0010
vn -0.9832 -0.1179 0.1395
vn -0.3508 -0.1710 0.9207
vn -0.3557 -0.1907 0.9149
vn -0.9798 -0.1615 0.1178
vn -0.9815 -0.1055 0.1600
vn -0.9730 -0.1231 -0.1951
vn -0.3557 -0.1906 0.9150
vn -0.9832 -0.1180 0.1395
vn -0.9808 -0.1636 0.1057
vn -0.9470 -0.1134 -0.3005
vn -0.2771 -0.1257 -0.9526
vn -0.6007 -0.1988 -0.7743
vn -0.5839 -0.2160 -0.7826
vn -0.5179 -0.1986 -0.8321
vn 0.5623 -0.6438 -0.5190
vn 0.6251 -0.4499 -0.6378
vn 0.6125 -0.4505 -0.6495
vn 0.6542 -0.3849 -0.6510
vn 0.8576 -0.0414 0.5126
vn 0.5902 -0.6302 -0.5045
vn -0.0293 -0.9815 0.1892
vn -0.0266 -0.9770 0.2117
vn -0.8916 -0.3640 -0.2693
vn -0.5525 -0.2313 -0.8008
vn -0.5743 -0.1320 -0.8079
vn -0.5296 0.0363 -0.8475
vn -0.6022 -0.0098 -0.7983
vn -0.7789 -0.0752 -0.6227
vn -0.6014 -0.0019 -0.7990
vn -0.7292 0.1598 -0.6654
vn -0.5619 -0.1389 -0.8154
vn -0.7312 0.1567 -0.6639
vn -0.8699 0.1988 -0.4515
vn -0.8651 0.2095 -0.4558
vn -0.9355 0.1518 -0.3191
vn -0.9321 0.1825 -0.3130
vn -0.9459 0.1660 -0.2787
vn -0.9100 0.2138 -0.3552
vn -0.0675 0.9601 0.2715
vn 0.9682 0.0527 -0.2444
vn 0.0528 0.2851 -0.9570
vn 0.7949 -0.0230 -0.6063
vn -0.8886 0.2246 -0.4000
vn -0.0029 0.2861 -0.9582
vn -0.0461 0.0271 -0.9986
vn -0.9654 -0.2400 0.1020
vn -0.8704 0.2298 -0.4355
vn -0.0455 0.0298 -0.9985
vn -0.9838 0.0929 -0.1533
vn -0.9478 0.1932 -0.2535
vn -0.7490 0.3463 -0.5649
vn -0.9924 0.0906 -0.0832
vn -0.9111 -0.3787 0.1625
vn -0.8862 0.2423 -0.3949
vn -0.9327 0.2044 -0.2970
vn -0.9246 0.2170 -0.3132
vn -0.7625 0.3093 -0.5683
vn 0.1113 0.4129 -0.9040
vn 0.0873 0.4163 -0.9050
vn 0.8104 0.1916 -0.5537
vn 0.1348 0.5551 -0.8208
vn 0.1349 0.5551 -0.8208
vn 0.1284 0.8356 -0.5341
vn 0.8757 0.3368 -0.3460
vn -0.8793 0.2864 -0.3806
vn 0.1283 0.8357 -0.5340
vn 0.0190 0.9976 0.0667
vn -0.0063 0.9979 0.0639
vn -0.8857 0.2819 -0.3689
vn -0.9780 0.1731 -0.1166
vn -0.9398 0.2087 -0.2706
vn -0.9404 0.2079 -0.2692
vn -0.9259 0.2082 -0.3152
vn -0.8037 0.3139 -0.5055
vn -0.9904 0.1283 -0.0523
vn -0.9895 0.1109 -0.0928
vn -0.9871 0.1534 -0.0456
vn -0.9843 0.1459 -0.0994
vn -0.7358 0.1827 -0.6521
vn -0.9771 0.1347 -0.1648
vn -0.0925 0.5379 0.8379
vn -0.9691 0.2237 0.1041
vn -0.1352 0.4426 0.8864
vn -0.1343 0.5421 0.8295
vn -0.9529 0.2017 0.2265
vn -0.9879 0.1042 -0.1147
vn -0.9761 0.1743 0.1295
vn -0.1389 0.3030 0.9428
vn 0.8611 0.1197 0.4942
vn 0.9272 0.0810 0.3658
vn 0.8665 0.1461 0.4774
vn 0.8986 0.1660 0.4062
vn 0.9655 0.1410 0.2188
vn 0.9469 0.2380 0.2160
vn 0.9271 0.2002 0.3169
vn 0.9827 -0.1553 0.1006
vn 0.9432 -0.3309 -0.0299
vn 0.9217 -0.3766 -0.0932
vn 0.9671 -0.1232 0.2226
vn 0.9773 -0.1462 0.1531
vn 0.9245 -0.3704 -0.0894
vn 0.9218 -0.3585 -0.1473
vn 0.9896 -0.1241 0.0729
vn 0.8852 -0.4068 -0.2258
vn 0.8762 -0.3722 -0.3060
vn 0.8981 -0.4036 -0.1748
vn 0.8288 -0.5031 -0.2451
vn -0.9878 0.0538 -0.1462
vn -0.9738 -0.2203 0.0565
vn 0.6746 -0.6406 -0.3668
vn -0.9865 0.0161 -0.1632
vn -0.9864 0.1129 -0.1197
vn -0.9961 0.0877 0.0110
vn -0.9316 0.1261 0.3410
vn -0.9061 0.1387 0.3996
vn -0.9860 0.1371 0.0944
vn -0.9265 0.1563 0.3422
vn -0.9490 0.1204 0.2914
vn -0.1506 0.1856 0.9710
vn -0.1327 0.1941 0.9720
vn 0.7990 0.0723 0.5970
vn -0.1310 0.3032 0.9439
vn 0.8038 0.0087 0.5949
vn -0.1872 0.0983 0.9774
vn -0.1614 0.1182 0.9798
vn 0.8568 0.0039 0.5156
vn 0.8896 0.0268 0.4560
vn 0.8590 0.1005 0.5020
vn 0.9500 -0.1196 0.2884
vn 0.9655 -0.2605 0.0046
vn 0.9592 -0.2782 0.0509
vn 0.9158 -0.3823 -0.1230
vn 0.9571 -0.2885 -0.0284
vn 0.9728 -0.2272 0.0449
vn 0.9557 -0.2898 -0.0513
vn 0.9324 -0.3575 0.0538
vn 0.9112 -0.3993 -0.1013
vn -0.1592 -0.9783 -0.1328
vn 0.9263 -0.3538 -0.1295
vn 0.9309 -0.3400 -0.1338
vn -0.9781 -0.0825 -0.1909
vn 0.0017 -0.7338 -0.6794
vn -0.0558 -0.7695 -0.6363
vn -0.0536 -0.8717 -0.4872
vn -0.9882 0.0016 0.1535
vn -0.1429 -0.9794 -0.1427
vn -0.1691 -0.7350 0.6566
vn -0.9851 0.0069 0.1721
vn -0.1691 -0.7351 0.6565
vn -0.1369 -0.9804 -0.1419
vn 0.9253 -0.3785 0.0226
vn -0.1690 -0.7350 0.6566
vn 0.8668 -0.2196 0.4477
vn -0.2084 -0.7386 0.6411
vn 0.9212 -0.3891 0.0012
vn 0.9108 -0.3631 -0.1963
vn 0.9042 -0.4042 -0.1378
vn 0.9125 -0.2222 -0.3436
vn 0.9967 -0.0799 -0.0173
vn 0.9638 0.0475 -0.2623
vn 0.9957 -0.0919 -0.0085
vn 0.9631 0.0457 -0.2652
vn 0.9713 0.2353 -0.0357
vn 0.9706 0.2330 -0.0611
vn 0.9514 0.2546 0.1729
vn 0.8688 0.3219 -0.3762
vn -0.6161 0.1117 -0.7797
vn 0.5043 -0.1852 -0.8434
vn 0.2843 -0.3517 -0.8919
vn 0.5290 -0.1926 -0.8264
vn 0.8841 -0.4312 -0.1800
vn 0.3315 -0.3773 -0.8647
vn 0.4963 -0.1969 -0.8455
vn 0.9622 -0.2606 0.0787
vn 0.8841 -0.4312 -0.1799
vn 0.9356 -0.0821 0.3434
vn 0.6325 0.2397 -0.7365
vn -0.3971 -0.0649 -0.9155
vn -0.6808 0.2455 -0.6901
vn -0.8370 -0.1371 -0.5298
vn -0.6002 0.0918 -0.7946
vn -0.4369 -0.0361 -0.8988
vn 0.2644 -0.4855 -0.8333
vn 0.7610 -0.6243 -0.1764
vn 0.2532 -0.4811 -0.8393
vn 0.2253 -0.6370 -0.7372
vn 0.2169 -0.6373 -0.7395
vn 0.1038 -0.8775 -0.4683
vn 0.1224 -0.8852 -0.4488
vn 0.7144 -0.6977 0.0530
vn 0.7610 -0.6243 -0.1763
vn -0.3307 -0.9426 -0.0468
vn -0.7383 0.1973 -0.6450
vn -0.7663 0.2299 -0.5999
vn -0.7448 0.2255 -0.6280
vn -0.4976 0.3867 -0.7764
vn -0.9020 0.4283 0.0540
vn -0.8033 0.1741 -0.5695
vn -0.7116 -0.3464 0.6112
vn -0.7420 0.2607 -0.6176
vn -0.8191 0.1671 -0.5488
vn -0.7369 -0.3380 0.5855
vn -0.7327 -0.2734 0.6232
vn -0.9159 0.1298 -0.3798
vn -0.7327 -0.2733 0.6233
vn -0.8840 0.1528 -0.4419
vn -0.7327 -0.2734 0.6233
vn -0.7075 -0.2122 0.6742
vn 0.4603 -0.3158 0.8297
vn 0.4687 -0.3384 0.8160
vn 0.5487 -0.3293 0.7684
vn 0.5061 -0.3810 0.7738
vn 0.5504 -0.4299 0.7158
vn -0.3188 -0.9472 -0.0333
vn 0.5893 -0.4948 0.6386
vn 0.6167 -0.4220 0.6645
vn 0.5774 -0.5074 0.6397
vn 0.7031 -0.2078 0.6800
vn 0.7722 -0.0225 0.6350
vn 0.8301 -0.0593 0.5544
vn 0.8883 -0.1405 0.4372
vn 0.8979 -0.0431 0.4380
vn 0.8625 0.0048 0.5060
vn 0.9609 -0.1355 0.2414
vn -0.5556 0.1183 -0.8230
vn 0.5496 0.7982 -0.2466
vn -0.6826 0.2115 -0.6995
vn -0.6932 0.2624 -0.6712
vn -0.7519 0.2425 -0.6131
vn -0.9217 0.2033 -0.3303
vn -0.9191 0.1987 -0.3402
vn -0.8353 0.1802 -0.5195
vn -0.9233 0.1556 -0.3512
vn -0.6979 -0.1352 0.7034
vn -0.8994 0.2248 -0.3750
vn -0.7050 -0.1381 0.6956
vn 0.3683 -0.3001 0.8800
vn 0.3607 -0.2317 0.9034
vn -0.6943 0.0190 0.7194
vn -0.6664 0.0188 0.7453
vn 0.4673 -0.2679 0.8425
vn 0.7675 0.1570 0.6216
vn 0.7353 0.0334 0.6769
vn 0.6293 -0.1412 0.7642
vn 0.5179 0.0870 0.8510
vn 0.0365 0.9827 0.1815
vn 0.2146 0.9745 0.0647
vn 0.2740 0.9597 -0.0628
vn 0.7927 0.0607 0.6065
vn -0.6544 0.3943 -0.6452
vn 0.2694 0.9610 -0.0631
vn 0.3748 0.9234 -0.0834
vn 0.1462 0.9893 -0.0029
vn -0.6392 0.4985 -0.5856
vn -0.0216 0.9912 0.1307
vn -0.8252 0.3652 -0.4309
vn -0.4333 0.6583 0.6156
vn -0.4062 0.6512 0.6410
vn -0.4428 0.6571 0.6101
vn 0.8168 0.0445 0.5752
vn 0.8344 0.0320 0.5502
vn 0.4369 -0.3093 0.8446
vn 0.9379 -0.2907 0.1895
vn 0.7770 -0.3049 0.5507
vn 0.9680 -0.2328 0.0933
vn 0.9381 -0.2978 0.1770
vn 0.8358 -0.4899 0.2478
vn 0.8356 -0.4880 0.2521
vn 0.7088 -0.5607 0.4281
vn 0.7089 -0.5719 0.4129
vn 0.6217 -0.5825 0.5236
vn 0.6940 -0.5918 0.4100
vn 0.5834 -0.4882 0.6491
vn 0.5645 -0.4531 0.6900
vn 0.1203 -0.8839 -0.4520
vn -0.4776 0.4048 -0.7798
vn 0.2417 -0.5060 -0.8280
vn -0.0326 -0.5266 -0.8495
vn 0.8729 -0.3942 0.2874
vn 0.4578 -0.8832 -0.1014
vn -0.0101 -0.5764 -0.8171
vn 0.6020 -0.2403 -0.7615
vn -0.4207 0.1276 -0.8982
vn -0.4441 0.5503 -0.7071
vn -0.7864 0.3552 -0.5054
vn -0.4810 0.3770 -0.7915
vn -0.4342 0.1740 -0.8838
vn -0.1269 -0.6259 -0.7695
vn 0.3570 -0.9202 0.1606
vn -0.0962 -0.6743 -0.7322
vn -0.2177 -0.7723 -0.5968
vn -0.2557 -0.7136 -0.6522
vn -0.4877 -0.7969 -0.3565
vn 0.5169 -0.4978 0.6964
vn 0.2349 -0.9072 0.3491
vn -0.8348 -0.5463 0.0684
vn -0.5167 0.5515 -0.6549
vn -0.5178 0.5948 -0.6149
vn -0.5039 0.5773 -0.6425
vn -0.2217 0.5468 -0.8074
vn -0.4543 0.8908 0.0121
vn -0.2387 0.8143 -0.5291
vn -0.7431 0.2023 0.6379
vn -0.5897 0.6208 -0.5165
vn -0.6645 0.3133 0.6784
vn -0.6513 0.2971 0.6982
vn -0.7104 0.2629 0.6528
vn 0.2141 -0.4438 0.8702
vn -0.7140 0.2691 0.6464
vn 0.2252 -0.4680 0.8545
vn 0.2146 -0.4368 0.8736
vn 0.2293 -0.5406 0.8095
vn 0.2904 -0.5305 0.7964
vn 0.2215 -0.6145 0.7572
vn 0.2802 -0.6614 0.6958
vn 0.2101 -0.6829 0.6997
vn 0.4821 -0.5764 0.6597
vn 0.4877 -0.5183 0.7025
vn 0.6615 -0.4364 0.6099
vn 0.4889 -0.5072 0.7098
vn 0.6865 -0.5039 0.5242
vn 0.4743 -0.4863 0.7338
vn 0.4761 -0.5643 0.6745
vn 0.6715 -0.5811 0.4598
vn 0.6707 -0.5207 0.5283
vn 0.6703 -0.5836 0.4584
vn 0.7373 -0.5439 0.4007
vn 0.7254 -0.4691 0.5037
vn 0.6467 -0.5014 0.5748
vn 0.7288 -0.5552 0.4006
vn 0.6999 -0.5543 0.4505
vn 0.7032 -0.5599 0.4381
vn 0.7084 -0.4940 0.5042
vn 0.7783 0.1215 -0.6161
vn 0.8351 0.3276 -0.4419
vn 0.7255 -0.4427 0.5270
vn 0.8324 0.3325 -0.4434
vn -0.4430 0.3562 -0.8227
vn 0.8968 0.2533 -0.3627
vn -0.4674 0.5252 -0.7111
vn -0.4415 0.5700 -0.6930
vn -0.4419 0.5967 -0.6698
vn -0.4655 0.7671 -0.4415
vn -0.6504 0.4185 0.6339
vn -0.5498 0.4904 0.6762
vn -0.5048 0.4759 0.7202
vn 0.1592 -0.3566 0.9206
vn 0.1656 -0.2782 0.9462
vn 0.1606 -0.3722 0.9142
vn 0.1995 -0.4184 0.8861
vn 0.1849 -0.4069 0.8945
vn 0.2108 -0.4291 0.8783
vn 0.2244 -0.4528 0.8629
vn 0.2949 -0.4712 0.8313
vn 0.2990 -0.4575 0.8374
vn 0.2186 -0.4419 0.8700
vn 0.1752 -0.3826 0.9071
vn 0.3105 -0.4563 0.8339
vn 0.2964 -0.4685 0.8323
vn 0.4769 -0.4714 0.7419
vn 0.5619 -0.3908 0.7291
vn 0.2956 -0.4259 0.8551
vn 0.7495 -0.3061 0.5870
vn 0.6010 -0.2940 0.7432
vn 0.6539 0.7559 0.0305
vn 0.7780 0.6220 -0.0881
vn 0.7993 0.5612 -0.2148
vn 0.7217 -0.3861 0.5746
vn -0.3094 0.6560 -0.6884
vn 0.8017 0.5603 -0.2082
vn 0.8562 0.4658 -0.2235
vn 0.7226 0.6727 -0.1590
vn 0.6137 0.7894 -0.0125
vn 0.1440 0.7889 0.5974
vn 0.0544 0.8628 0.5026
vn 0.1015 0.8373 0.5372
vn 0.4760 -0.1879 0.8591
vn 0.1254 -0.2751 0.9532
vn 0.7273 -0.4180 0.5443
vn 0.2825 -0.4209 0.8620
vn 0.4734 -0.4739 0.7425
vn 0.2217 -0.4389 0.8708
vn 0.6183 -0.7400 0.2647
vn 0.4690 -0.6879 0.5539
vn -0.5889 0.4723 -0.6559
vn 0.0653 -0.4210 -0.9047
vn -0.1772 -0.4552 -0.8726
vn 0.7978 -0.5436 0.2608
vn 0.5329 -0.8401 -0.1013
vn -0.0968 -0.5562 -0.8254
vn 0.4313 -0.1744 -0.8852
vn -0.5542 0.1789 -0.8130
vn -0.5391 0.6211 -0.5689
vn -0.8424 0.4355 -0.3174
vn -0.5983 0.4418 -0.6685
vn -0.5652 0.2262 -0.7934
vn -0.2457 -0.5775 -0.7785
vn 0.3538 -0.9352 0.0165
vn -0.2130 -0.6241 -0.7518
vn -0.3215 -0.7264 -0.6075
vn -0.3670 -0.6644 -0.6511
vn -0.5771 -0.7506 -0.3218
vn 0.5929 -0.5782 0.5606
vn 0.2542 -0.9391 0.2311
vn -0.8395 -0.5105 0.1859
vn -0.6068 0.6216 -0.4954
vn -0.6008 0.6638 -0.4453
vn -0.5910 0.6463 -0.4828
vn -0.2114 0.7074 -0.6745
vn -0.3955 0.9037 0.1638
vn -0.6171 0.6359 -0.4635
vn -0.6367 0.6307 -0.4437
vn -0.6668 0.6960 -0.2665
vn -0.6175 0.2932 0.7298
vn -0.5365 0.2913 0.7920
vn 0.3276 -0.5250 0.7855
vn 0.3205 -0.6034 0.7302
vn 0.3855 -0.5937 0.7063
vn 0.3019 -0.6776 0.6706
vn 0.3574 -0.7233 0.5908
vn 0.2808 -0.7448 0.6053
vn 0.5806 -0.6196 0.5282
vn 0.7507 -0.5116 0.4179
vn 0.5748 -0.5569 0.5995
vn 0.7216 -0.5684 0.3953
vn 0.7158 -0.6717 0.1908
vn 0.8314 -0.4023 0.3834
vn 0.7262 -0.6517 0.2191
vn 0.7457 -0.6625 0.0713
vn 0.7885 -0.5510 0.2731
vn 0.8053 -0.5065 0.3079
vn 0.8113 -0.5313 0.2440
vn 0.7838 -0.5535 0.2815
vn 0.7279 0.3168 -0.6081
vn 0.7968 -0.5140 0.3176
vn 0.8705 -0.1751 0.4599
vn 0.7574 0.3681 -0.5393
vn 0.7603 0.3641 -0.5380
vn -0.5838 0.4383 -0.6834
vn 0.8148 0.2192 -0.5368
vn -0.5655 0.5956 -0.5705
vn -0.5315 0.6394 -0.5556
vn -0.5310 0.6666 -0.5231
vn -0.5053 0.8207 -0.2666
vn -0.4899 0.3541 0.7966
vn -0.4500 0.3005 0.8410
vn -0.5016 0.2554 0.8265
vn 0.2804 -0.4550 0.8452
vn -0.4500 0.3004 0.8410
vn 0.2656 -0.3991 0.8776
vn -0.4151 0.4357 0.7987
vn -0.3665 0.4183 0.8311
vn -0.3664 0.4184 0.8311
vn 0.2609 -0.3274 0.9082
vn 0.2689 -0.3271 0.9059
vn 0.2806 -0.4368 0.8547
vn 0.3122 -0.4854 0.8166
vn 0.2805 -0.4550 0.8452
vn 0.2027 -0.3849 0.9004
vn 0.3428 -0.5135 0.7866
vn 0.4548 -0.5397 0.7084
vn 0.8398 -0.3488 0.4160
vn 0.6067 -0.4933 0.6233
vn 0.5798 -0.5328 0.6164
vn 0.7536 -0.4814 0.4476
vn 0.5481 -0.5454 0.6341
vn 0.6313 -0.4836 0.6062
vn 0.8486 -0.3831 0.3647
vn 0.6693 0.7380 -0.0865
vn 0.6687 -0.2371 0.7047
vn 0.7541 0.5998 -0.2674
vn 0.7769 0.5188 -0.3567
vn 0.8216 -0.4478 0.3528
vn -0.3861 0.7205 -0.5760
vn 0.7722 0.5226 -0.3613
vn 0.8176 0.4235 -0.3902
vn 0.7091 0.6427 -0.2902
vn 0.6449 0.7569 -0.1059
vn 0.2906 0.7389 0.6080
vn 0.2243 0.8047 0.5497
vn 0.3882 -0.4816 0.7857
vn 0.7609 -0.5366 0.3647
vn 0.7613 -0.5064 0.4050
vn 0.5836 -0.5547 0.5931
vn 0.2779 -0.4383 0.8548
vn 0.3123 -0.4980 0.8090
vn -0.5054 0.2656 0.8210
vn 0.5410 -0.7455 0.3894
vn -0.6381 0.4972 -0.5879
vn 0.1305 -0.2292 -0.9646
vn -0.0937 -0.2842 -0.9542
vn 0.1568 -0.2550 -0.9541
vn 0.5005 -0.7194 -0.4816
vn -0.0542 -0.3400 -0.9389
vn 0.1569 -0.2550 -0.9541
vn 0.7176 -0.6411 -0.2722
vn 0.7978 -0.6029 0.0114
vn 0.4709 0.0432 -0.8811
vn 0.4494 0.0633 -0.8911
vn -0.5367 0.2264 -0.8128
vn -0.6138 0.6478 -0.4512
vn -0.8923 0.3760 -0.2498
vn -0.6357 0.4719 -0.6108
vn -0.5572 0.2726 -0.7843
vn -0.1315 -0.4203 -0.8978
vn 0.3186 -0.8379 -0.4432
vn -0.1414 -0.4094 -0.9013
vn -0.1810 -0.5945 -0.7834
vn -0.1415 -0.4095 -0.9013
vn 0.3190 -0.8361 -0.4462
vn -0.2358 -0.5284 -0.8156
vn -0.4208 -0.7261 -0.5438
vn 0.6422 -0.6343 0.4304
vn 0.3741 -0.9272 -0.0191
vn -0.7522 -0.6589 0.0032
vn -0.6815 0.6249 -0.3810
vn -0.6701 0.6652 -0.3293
vn -0.6502 0.6666 -0.3646
vn -0.6762 0.6353 -0.3731
vn -0.3130 0.8019 -0.5088
vn -0.5237 0.7823 0.3372
vn -0.6912 0.6309 -0.3525
vn -0.7122 0.6194 -0.3302
vn -0.7476 0.6488 -0.1419
vn -0.6514 0.0725 0.7553
vn -0.5741 0.0748 0.8153
vn 0.3848 -0.6170 0.6865
vn 0.3780 -0.6420 0.6670
vn 0.4568 -0.6720 0.5828
vn 0.3865 -0.6988 0.6019
vn 0.3820 -0.7675 0.5148
vn 0.4473 -0.7886 0.4219
vn 0.3719 -0.8270 0.4217
vn 0.6412 -0.6250 0.4452
vn 0.8119 -0.4735 0.3414
vn 0.6413 -0.5734 0.5098
vn 0.6443 -0.6051 0.4677
vn 0.8263 -0.4695 0.3112
vn 0.8217 -0.5245 0.2231
vn 0.6267 -0.5762 0.5247
vn 0.7907 -0.6044 0.0977
vn 0.8545 -0.5129 0.0819
vn 0.8178 -0.5263 0.2329
vn 0.8568 -0.5096 0.0788
vn 0.8590 -0.4641 0.2161
vn 0.8306 -0.5549 -0.0473
vn 0.8298 -0.5427 0.1300
vn 0.8312 -0.5405 0.1299
vn 0.8443 -0.4927 0.2106
vn 0.6341 0.3902 -0.6676
vn 0.7004 0.5597 -0.4429
vn 0.8604 -0.4420 0.2536
vn 0.6975 0.5643 -0.4416
vn -0.5721 0.5360 -0.6209
vn 0.7915 0.4665 -0.3948
vn -0.6343 0.6385 -0.4358
vn -0.6088 0.6679 -0.4281
vn -0.6131 0.6871 -0.3898
vn -0.6007 0.7946 -0.0879
vn -0.5332 0.1462 0.8332
vn -0.4896 0.0974 0.8665
vn 0.3105 -0.5560 0.7710
vn 0.3023 -0.5064 0.8075
vn -0.4784 0.2416 0.8442
vn -0.4204 0.2162 0.8812
vn -0.4203 0.2163 0.8812
vn 0.2924 -0.5066 0.8111
vn 0.2753 -0.4395 0.8550
vn 0.2980 -0.4551 0.8391
vn 0.4237 -0.5760 0.6990
vn 0.6258 -0.5225 0.5790
vn 0.7988 -0.4543 0.3943
vn 0.6581 -0.5197 0.5449
vn 0.8546 -0.2966 0.4262
vn 0.8756 -0.3277 0.3548
vn 0.5351 0.8188 0.2078
vn 0.6262 -0.1936 0.7552
vn 0.6491 0.7607 0.0051
vn 0.6909 0.7147 -0.1091
vn 0.8618 -0.3934 0.3201
vn -0.4766 0.7786 -0.4082
vn 0.6854 0.7192 -0.1140
vn 0.7513 0.6369 -0.1729
vn 0.5935 0.8047 -0.0141
vn 0.4875 0.8552 0.1759
vn 0.1518 0.6071 0.7800
vn 0.0467 0.7012 0.7114
vn 0.2623 -0.4352 0.8612
vn 0.6011 -0.3041 0.7391
vn 0.8627 -0.4182 0.2844
vn 0.3677 -0.5993 0.7111
vn 0.8301 -0.5561 -0.0420
vn 0.7671 -0.6105 -0.1970
vn 0.7670 -0.6118 -0.1933
vn 0.6940 -0.7009 -0.1644
vn 0.6374 -0.7237 0.2647
vn 0.6885 -0.7040 -0.1741
vn 0.5006 -0.7194 -0.4816
vn 0.5272 -0.8474 -0.0626
vn -0.4881 0.3306 -0.8077
vn 0.4463 -0.3749 -0.8126
vn 0.1733 -0.4446 -0.8788
vn 0.4649 -0.3902 -0.7947
vn 0.6619 -0.7388 -0.1269
vn 0.2049 -0.4875 -0.8487
vn 0.7971 -0.5810 0.1646
vn 0.7943 -0.4453 0.4133
vn 0.7734 -0.6249 0.1067
vn 0.4166 -0.3745 -0.8284
vn 0.7215 -0.0218 -0.6921
vn -0.3507 0.0891 -0.9323
vn -0.5000 0.4769 -0.7229
vn -0.7949 0.1761 -0.5807
vn -0.4800 0.3069 -0.8218
vn -0.3768 0.1304 -0.9171
vn 0.0954 -0.5558 -0.8258
vn 0.5551 -0.8228 0.1220
vn 0.1357 -0.6010 -0.7877
vn 0.0391 -0.7343 -0.6777
vn -0.0094 -0.6778 -0.7352
vn -0.2109 -0.8557 -0.4725
vn 0.5586 -0.4284 0.7102
vn 0.4260 -0.8572 0.2894
vn -0.6552 -0.7513 -0.0792
vn -0.5718 0.4540 -0.6833
vn -0.5866 0.4945 -0.6414
vn -0.5679 0.4823 -0.6670
vn -0.2671 0.5404 -0.7979
vn -0.6829 0.7305 0.0095
vn -0.8426 -0.0403 0.5370
vn -0.8465 -0.0641 0.5285
vn 0.2974 -0.4877 0.8208
vn 0.2853 -0.4894 0.8241
vn -0.8471 -0.0654 0.5274
vn 0.6528 -0.5821 0.4847
vn -0.3754 0.7714 -0.5138
vn -0.8318 -0.0504 0.5527
vn -0.6667 0.4943 -0.5578
vn -0.7879 0.0843 0.6100
vn -0.7741 0.0710 0.6291
vn -0.8170 0.0207 0.5762
vn 0.2477 -0.4477 0.8592
vn -0.8170 0.0210 0.5762
vn 0.2698 -0.4710 0.8399
vn 0.2463 -0.4451 0.8609
vn -0.8171 0.0207 0.5762
vn -0.8426 -0.0404 0.5370
vn 0.2819 -0.4645 0.8395
vn -0.8447 -0.0383 0.5339
vn 0.3332 -0.5047 0.7964
vn 0.3096 -0.6032 0.7351
vn 0.3773 -0.6310 0.6779
vn 0.3183 -0.6737 0.6670
vn 0.5456 -0.4938 0.6772
vn 0.5340 -0.4395 0.7222
vn 0.5467 -0.4548 0.7030
vn 0.7243 -0.3955 0.5648
vn 0.6811 -0.3168 0.6601
vn 0.3351 -0.4549 0.8251
vn 0.3345 -0.4864 0.8071
vn 0.7825 -0.3813 0.4923
vn 0.7599 -0.3160 0.5680
vn -0.4183 0.3131 -0.8526
vn 0.8167 0.5443 -0.1919
vn -0.5143 0.4462 -0.7324
vn -0.5057 0.4970 -0.7051
vn -0.5131 0.5207 -0.6823
vn -0.5941 0.6669 -0.4498
vn -0.7920 0.1983 0.5775
vn 0.3140 -0.5045 0.8043
vn -0.7738 0.0701 0.6295
vn 0.2036 -0.4173 0.8857
vn -0.7176 0.3001 0.6285
vn -0.6721 0.2892 0.6817
vn 0.1507 -0.3032 0.9409
vn 0.1742 -0.3950 0.9020
vn 0.2348 -0.4269 0.8733
vn 0.2510 -0.4340 0.8653
vn 0.2566 -0.4517 0.8545
vn 0.3412 -0.4440 0.8285
vn 0.3389 -0.4148 0.8445
vn 0.1696 -0.3989 0.9012
vn 0.4982 -0.3739 0.7823
vn 0.7268 -0.1461 0.6712
vn 0.6482 -0.2464 0.7205
vn 0.5314 -0.2031 0.8224
vn 0.3948 0.8940 0.2117
vn 0.5541 0.8264 0.0999
vn 0.6106 0.7916 -0.0208
vn 0.7106 -0.2454 0.6594
vn -0.4063 0.6193 -0.6719
vn 0.6111 0.7914 -0.0165
vn 0.6929 0.7203 -0.0335
vn 0.4989 0.8662 0.0289
vn 0.3445 0.9263 0.1526
vn -0.1393 0.7313 0.6677
vn -0.2339 0.7909 0.5655
vn -0.1898 0.7756 0.6020
vn 0.4088 -0.1417 0.9015
vn 0.0992 -0.3031 0.9478
vn 0.7357 -0.2550 0.6275
vn 0.7478 -0.2843 0.5999
vn 0.3058 -0.4050 0.8617
vn 0.2009 -0.4191 0.8854
vn 0.2576 -0.4512 0.8544
vn 0.3315 -0.4552 0.8264
vn 0.3335 -0.4464 0.8304
vn 0.8052 -0.5396 0.2459
vn 0.7455 -0.4764 0.4662
vn 0.7403 -0.6281 0.2396
vn 0.5829 -0.5719 0.5772
vn 0.5822 -0.6056 0.5425
vn 0.7412 -0.6267 0.2405
vn 0.7432 -0.4821 0.4639
vn 0.8145 -0.5289 0.2384
vn -0.5433 0.2383 -0.8050
vn 0.4267 -0.4155 -0.8033
vn 0.1652 -0.5175 -0.8396
vn 0.4462 -0.4280 -0.7860
vn 0.7058 -0.7049 -0.0703
vn 0.2001 -0.5529 -0.8089
vn 0.8401 -0.5167 0.1652
vn 0.8512 -0.3662 0.3759
vn 0.8163 -0.5650 0.1203
vn 0.3965 -0.4184 -0.8171
vn 0.6866 -0.0477 -0.7254
vn -0.4037 -0.0039 -0.9149
vn -0.5574 0.3849 -0.7356
vn -0.8315 0.0899 -0.5482
vn -0.5372 0.2119 -0.8164
vn -0.4307 0.0360 -0.9018
vn 0.0974 -0.6370 -0.7647
vn 0.5286 -0.8477 -0.0440
vn 0.0884 -0.6299 -0.7716
vn 0.0489 -0.8036 -0.5932
vn -0.0018 -0.7595 -0.6505
vn -0.2035 -0.9090 -0.3637
vn 0.6140 -0.3188 0.7221
vn 0.4856 -0.7940 0.3656
vn -0.6264 -0.7785 0.0396
vn -0.6274 0.3640 -0.6884
vn -0.6426 0.4045 -0.6508
vn -0.6236 0.3921 -0.6763
vn -0.3355 0.4508 -0.8272
vn -0.7089 0.7049 -0.0236
vn -0.4451 0.7022 -0.5557
vn -0.7995 -0.0384 0.5994
vn -0.7217 0.4076 -0.5594
vn -0.7609 0.0946 0.6420
vn 0.3274 -0.3692 0.8698
vn 0.3344 -0.3949 0.8557
vn 0.3980 -0.3869 0.8318
vn 0.3569 -0.4421 0.8229
vn -0.8262 -0.3906 0.4060
vn 0.3869 -0.4918 0.7800
vn 0.3911 -0.5028 0.7708
vn -0.8196 -0.4001 0.4101
vn 0.5635 -0.3533 0.7468
vn 0.3683 -0.5132 0.7753
vn 0.3613 -0.5058 0.7834
vn 0.4247 -0.4918 0.7601
vn 0.4390 -0.4653 0.7686
vn 0.5928 -0.3605 0.7202
vn 0.7212 -0.2153 0.6584
vn 0.7623 -0.2738 0.5864
vn 0.7901 -0.3747 0.4851
vn 0.8330 -0.2906 0.4709
vn 0.8150 -0.2279 0.5327
vn -0.4863 0.2019 -0.8501
vn 0.7888 0.5267 -0.3169
vn -0.5715 0.3544 -0.7401
vn -0.5621 0.4044 -0.7214
vn -0.5708 0.4294 -0.6999
vn -0.6543 0.5851 -0.4791
vn -0.7759 0.2001 0.5983
vn -0.7122 0.1527 0.6852
vn -0.7463 0.0867 0.6599
vn 0.2539 -0.3217 0.9122
vn -0.7121 0.1528 0.6852
vn 0.2612 -0.3289 0.9075
vn 0.2290 -0.2840 0.9311
vn -0.7037 0.3040 0.6422
vn -0.6616 0.3002 0.6871
vn 0.1911 -0.2206 0.9565
vn 0.1918 -0.2319 0.9536
vn 0.2369 -0.2862 0.9284
vn 0.3531 -0.3290 0.8759
vn 0.7826 -0.0477 0.6207
vn 0.7040 -0.1512 0.6940
vn 0.5485 -0.2700 0.7914
vn 0.6022 -0.1067 0.7912
vn 0.3846 0.9213 0.0573
vn 0.5469 0.8355 -0.0533
vn 0.5930 0.7859 -0.1754
vn 0.7702 -0.1479 0.6204
vn -0.4656 0.5264 -0.7114
vn 0.5948 0.7858 -0.1693
vn 0.6761 0.7142 -0.1811
vn 0.4838 0.8661 -0.1259
vn 0.3372 0.9414 0.0101
vn -0.1353 0.7946 0.5918
vn -0.2368 0.8374 0.4926
vn -0.1875 0.8276 0.5291
vn 0.4718 -0.0377 0.8809
vn -0.1876 0.8276 0.5291
vn -0.6617 0.3002 0.6871
vn 0.1911 -0.2205 0.9565
vn 0.7871 -0.1727 0.5922
vn 0.7989 -0.1913 0.5703
vn 0.3119 -0.3554 0.8812
vn 0.8469 -0.4713 0.2462
vn 0.7912 -0.5491 0.2693
vn 0.6672 -0.4564 0.5887
vn 0.7883 -0.5578 0.2596
vn 0.6255 -0.6934 0.3577
vn 0.8566 -0.4596 0.2343
vn 0.6269 -0.6977 0.3467
vn 0.6271 -0.5000 0.5973
vn 0.4468 -0.5731 0.6869
vn 0.4480 -0.5671 0.6911
vn -0.2789 -0.0648 0.9581
vn -0.4882 0.8633 0.1280
vn -0.4830 0.8713 0.0869
vn 0.1373 0.4418 -0.8865
vn 0.0490 0.4848 -0.8732
vn 0.0612 0.2989 -0.9523
vn -0.2916 -0.4207 0.8591
vn 0.0561 0.3048 -0.9508
vn -0.8580 0.5103 -0.0585
vn -0.0347 0.9659 0.2567
vn 0.2106 0.7355 -0.6439
vn 0.7807 0.1187 -0.6135
vn 0.3672 0.6671 -0.6482
vn 0.0864 0.9325 0.3507
vn 0.3733 0.8329 0.4086
vn -0.2582 -0.1858 0.9481
vn -0.2400 -0.2396 0.9408
vn -0.2518 -0.2183 0.9428
vn -0.6416 -0.0434 0.7658
vn -0.6473 0.2931 0.7036
vn -0.1754 -0.2634 0.9486
vn -0.2152 -0.2107 0.9536
vn 0.8817 -0.3846 0.2733
vn 0.8535 -0.4601 0.2447
vn 0.4956 0.1140 -0.8610
vn 0.4437 0.1798 -0.8779
vn 0.5062 0.1345 -0.8519
vn 0.5037 0.1884 -0.8431
vn 0.4268 0.3937 -0.8142
vn 0.5034 0.3300 -0.7985
vn 0.2813 0.1852 -0.9416
vn 0.1311 0.1207 -0.9840
vn 0.1125 0.1787 -0.9775
vn 0.1098 0.2661 -0.9577
vn 0.0552 0.1762 -0.9828
vn 0.0423 0.3015 -0.9525
vn -0.0548 -0.4073 0.9116
vn -0.3181 -0.2449 0.9159
vn -0.8934 -0.2419 -0.3785
vn -0.2833 -0.1773 0.9425
vn -0.2926 -0.4072 0.8652
vn 0.6909 -0.6968 0.1924
vn 0.2683 -0.1286 -0.9547
vn 0.7038 -0.6916 0.1623
vn 0.5604 0.0446 -0.8270
vn 0.0826 0.0485 -0.9954
vn -0.7569 -0.5650 -0.3285
vn -0.8133 -0.4870 -0.3184
vn 0.0647 0.0996 -0.9929
vn -0.8208 -0.4937 -0.2873
vn -0.6736 -0.6944 -0.2532
vn 0.0680 -0.9745 -0.2140
vn 0.0383 -0.9925 -0.1160
vn 0.0584 0.1387 -0.9886
vn 0.0451 0.3991 -0.9158
vn 0.0424 0.2920 -0.9555
vn 0.0437 0.4001 -0.9154
vn 0.0387 0.4611 -0.8865
vn 0.2722 0.2948 -0.9160
vn 0.2550 0.4877 -0.8349
vn 0.4425 -0.0905 -0.8922
vn 0.0254 0.9983 0.0533
vn 0.2283 0.3947 -0.8900
vn -0.2998 0.0988 0.9489
vn 0.0080 0.9940 0.1093
vn -0.2941 0.9556 0.0184
vn -0.3877 -0.2618 0.8838
vn -0.2565 0.2911 0.9217
vn -0.3019 0.0957 0.9485
vn -0.2557 0.3003 0.9189
vn 0.1410 0.9748 0.1726
vn 0.1547 0.9790 0.1325
vn 0.3657 0.4400 -0.8202
vn 0.3064 0.9350 0.1787
vn 0.2618 0.9222 0.2847
vn 0.7767 -0.1335 -0.6156
vn 0.5079 0.3703 -0.7778
vn 0.5372 0.7748 0.3333
vn 0.8236 0.3942 0.4079
vn -0.3050 -0.0322 0.9518
vn -0.2978 -0.0882 0.9506
vn -0.3054 -0.0651 0.9500
vn -0.6448 0.1708 0.7450
vn -0.5694 0.4983 0.6538
vn -0.2413 -0.1230 0.9626
vn -0.2685 -0.0653 0.9611
vn 0.7731 -0.5336 0.3429
vn 0.7308 -0.6004 0.3247
vn 0.5261 -0.0842 -0.8462
vn 0.4866 -0.0151 -0.8735
vn 0.5403 -0.0654 -0.8389
vn 0.5464 -0.0105 -0.8375
vn 0.5052 0.1105 -0.8559
vn 0.5647 0.1309 -0.8149
vn 0.5542 0.0531 -0.8307
vn 0.3269 0.0248 -0.9447
vn 0.1674 -0.0035 -0.9859
vn 0.1622 0.0558 -0.9852
vn 0.1779 0.1528 -0.9721
vn 0.1164 0.1202 -0.9859
vn 0.1063 0.0653 -0.9922
vn 0.1270 0.1810 -0.9752
vn -0.1572 -0.2965 0.9420
vn -0.3750 -0.0779 0.9237
vn -0.9215 -0.0643 -0.3830
vn -0.3280 -0.0191 0.9445
vn -0.3517 -0.0502 0.9347
vn -0.4489 -0.1055 0.8873
vn -0.3818 -0.2386 0.8929
vn 0.6428 -0.6787 0.3553
vn 0.5274 -0.7959 0.2972
vn 0.2559 -0.2859 -0.9235
vn 0.5005 -0.1261 -0.8565
vn 0.5750 -0.1908 -0.7956
vn 0.5420 -0.7958 0.2701
vn 0.5782 -0.1649 -0.7991
vn 0.5297 -0.0903 -0.8433
vn 0.1040 -0.0623 -0.9926
vn 0.3415 -0.0835 -0.9362
vn -0.7943 -0.5471 -0.2642
vn -0.8646 -0.4045 -0.2981
vn -0.9012 -0.3136 -0.2992
vn 0.0986 -0.0103 -0.9951
vn -0.9106 -0.2469 -0.3314
vn -0.9101 -0.3154 -0.2687
vn -0.8852 -0.4054 -0.2283
vn -0.8113 -0.5450 -0.2116
vn -0.1477 -0.9828 -0.1112
vn -0.1808 -0.9834 -0.0153
vn 0.1002 0.0118 -0.9949
vn 0.1011 0.0288 -0.9945
vn 0.3433 0.1572 -0.9260
vn 0.7562 -0.1519 -0.6364
vn -0.0173 0.9682 -0.2495
vn 0.5481 0.2434 -0.8002
vn -0.7091 0.3028 0.6367
vn -0.0553 0.9762 -0.2099
vn -0.3147 0.8777 -0.3614
vn -0.7824 -0.3053 0.5429
vn -0.6285 0.5398 0.5600
vn -0.7479 0.0823 0.6587
vn -0.7286 0.1058 0.6767
vn -0.6918 0.3036 0.6551
vn -0.6198 0.5530 0.5568
vn 0.0673 0.9918 -0.1082
vn 0.0926 0.9866 -0.1340
vn 0.6810 0.3108 -0.6631
vn 0.2055 0.9783 0.0268
vn 0.1053 0.9885 0.1089
vn 0.9851 -0.1391 -0.1008
vn 0.8311 0.2782 -0.4815
vn 0.3221 0.8674 0.3792
vn 0.5413 0.5015 0.6749
vn -0.6953 0.1357 0.7057
vn -0.6825 0.0719 0.7273
vn -0.6960 0.0977 0.7113
vn -0.9004 0.2387 0.3636
vn -0.7787 0.5675 0.2674
vn -0.6212 0.0459 0.7823
vn -0.6524 0.1036 0.7508
vn 0.4931 -0.3231 0.8077
vn 0.4640 -0.3792 0.8006
vn 0.9113 -0.2388 -0.3354
vn 0.8832 -0.1650 -0.4391
vn 0.9232 -0.2115 -0.3209
vn 0.9284 -0.1392 -0.3445
vn 0.8868 -0.0107 -0.4621
vn 0.9269 0.0434 -0.3728
vn 0.9307 -0.0591 -0.3609
vn 0.7260 -0.1474 -0.6717
vn 0.5454 -0.1955 -0.8151
vn 0.5335 -0.1259 -0.8364
vn 0.5418 -0.0156 -0.8403
vn 0.4735 -0.0582 -0.8789
vn 0.4668 -0.1212 -0.8760
vn 0.4783 0.0154 -0.8781
vn -0.6938 -0.1888 0.6950
vn -0.6303 -0.1663 -0.7583
vn -0.7248 0.1514 0.6721
vn -0.7489 0.1134 0.6529
vn -0.7565 0.0777 0.6493
vn -0.7527 -0.1226 0.6469
vn 0.3575 -0.4391 0.8243
vn 0.4223 -0.4568 0.7830
vn 0.9194 -0.3661 -0.1434
vn 0.9308 -0.3136 -0.1880
vn 0.3127 -0.5625 0.7654
vn 0.3289 -0.5809 0.7446
vn 0.8963 -0.4049 -0.1809
vn 0.8856 -0.2825 -0.3686
vn 0.3289 -0.5808 0.7447
vn 0.8927 -0.4144 -0.1769
vn 0.9228 -0.3652 -0.1231
vn 0.9135 -0.2439 -0.3256
vn 0.4746 -0.2698 -0.8378
vn 0.7513 -0.2860 -0.5948
vn -0.6400 -0.5840 -0.4993
vn -0.6546 -0.4526 -0.6055
vn 0.3824 -0.5969 -0.7053
vn -0.6832 -0.3625 -0.6339
vn 0.4617 -0.2078 -0.8623
vn -0.8693 0.0129 0.4941
vn -0.6546 -0.3125 -0.6884
vn -0.6918 -0.3624 -0.6246
vn -0.7228 -0.4405 -0.5324
vn -0.6602 -0.5753 -0.4828
vn -0.1076 -0.9922 0.0631
vn -0.1762 -0.9723 0.1534
vn -0.1534 -0.9825 0.1061
vn 0.6947 -0.5065 -0.5107
vn 0.8927 -0.4145 -0.1769
vn -0.1533 -0.9825 0.1061
vn 0.3289 -0.5808 0.7446
vn 0.4628 -0.1815 -0.8677
vn 0.4628 -0.1621 -0.8715
vn 0.7269 0.0101 -0.6866
vn 0.7928 -0.1877 -0.5799
vn -0.0192 0.9155 -0.4018
vn 0.5894 0.1587 -0.7921
vn -0.7676 0.3812 0.5152
vn -0.0594 0.9278 -0.3683
vn -0.3193 0.8139 -0.4855
vn -0.8299 -0.2304 0.5082
vn -0.6777 0.5866 0.4435
vn -0.7867 0.1532 0.5981
vn -0.7740 0.1795 0.6072
vn -0.6232 0.6862 0.3750
vn -0.6639 0.6109 0.4312
vn -0.6427 0.6551 0.3972
vn 0.0518 0.9655 -0.2553
vn -0.7458 0.3837 0.5446
vn -0.6884 0.5873 0.4257
vn -0.6763 0.6076 0.4163
vn 0.0940 0.9534 -0.2867
vn 0.7242 0.2402 -0.6464
vn 0.0517 0.9655 -0.2554
vn 0.1949 0.9743 -0.1133
vn 0.1371 0.9877 -0.0747
vn 0.0517 0.9655 -0.2553
vn 0.9906 -0.1363 0.0101
vn 0.8689 0.2309 -0.4379
vn 0.2856 0.9158 0.2823
vn -0.7475 0.5719 0.3380
vn -0.7663 0.1803 0.6166
vn -0.7500 0.1486 0.6445
vn -0.7682 0.1491 0.6226
vn -0.7295 0.1833 0.6589
vn -0.6498 0.1368 0.7477
vn -0.7658 0.1824 0.6167
vn -0.6788 0.1033 0.7270
vn 0.4022 -0.2273 0.8869
vn 0.3681 -0.2688 0.8901
vn 0.3965 -0.2784 0.8748
vn 0.9454 -0.2899 -0.1492
vn 0.4310 -0.2358 0.8710
vn 0.9448 -0.2739 -0.1799
vn 0.9252 -0.2114 -0.3150
vn 0.9532 -0.2468 -0.1747
vn 0.9613 -0.1743 -0.2134
vn 0.9295 -0.0577 -0.3643
vn 0.9609 0.0093 -0.2769
vn 0.9653 -0.0928 -0.2443
vn 0.7799 -0.2187 -0.5864
vn 0.5946 -0.2816 -0.7531
vn 0.5812 -0.2142 -0.7851
vn 0.5897 -0.1013 -0.8013
vn 0.5175 -0.1532 -0.8419
vn 0.5098 -0.2162 -0.8327
vn 0.5213 -0.0778 -0.8498
vn -0.6289 -0.0567 0.7754
vn -0.6172 -0.2245 -0.7541
vn -0.7826 0.1829 0.5951
vn -0.8462 0.1405 0.5140
vn -0.7714 0.0351 0.6354
vn 0.3108 -0.3254 0.8930
vn 0.3454 -0.3366 0.8760
vn 0.9448 -0.3264 -0.0294
vn 0.4069 -0.2814 0.8690
vn 0.3453 -0.3366 0.8761
vn 0.9253 -0.3738 0.0632
vn 0.9448 -0.3264 -0.0293
vn 0.2451 -0.4172 0.8751
vn 0.2614 -0.4476 0.8551
vn 0.9081 -0.4188 -0.0029
vn 0.9376 -0.3276 -0.1169
vn 0.9254 -0.3738 0.0631
vn 0.9042 -0.4270 0.0135
vn 0.9254 -0.3738 0.0632
vn 0.9445 -0.3216 -0.0667
vn 0.9450 -0.3065 -0.1144
vn 0.9438 -0.3104 -0.1139
vn 0.9426 -0.3329 -0.0256
vn 0.9062 -0.2878 -0.3097
vn 0.8043 -0.3605 -0.4725
vn 0.5422 -0.3380 -0.7693
vn -0.5972 -0.6464 -0.4748
vn -0.6247 -0.4856 -0.6115
vn 0.3804 -0.4227 -0.8226
vn -0.6320 -0.4080 -0.6589
vn 0.5050 -0.2967 -0.8105
vn -0.9360 0.0267 0.3510
vn -0.6377 -0.4094 -0.6525
vn -0.6337 -0.4924 -0.5966
vn -0.9393 0.0319 0.3415
vn -0.9049 0.1062 0.4122
vn -0.6453 -0.4073 -0.6463
vn -0.9131 0.0908 0.3974
vn -0.8816 0.0201 0.4716
vn -0.9064 0.0106 0.4222
vn -0.6337 -0.4924 -0.5967
vn -0.6264 -0.6324 -0.4558
vn -0.5901 -0.6268 -0.5088
vn -0.1576 -0.9680 0.1952
vn 0.7297 -0.5732 -0.3728
vn -0.1650 -0.9628 0.2138
vn 0.7390 -0.5726 -0.3549
vn 0.2615 -0.4477 0.8551
vn 0.5063 -0.2728 -0.8181
vn 0.5069 -0.2557 -0.8232
vn 0.4070 -0.2814 0.8690
vn 0.9469 -0.2948 -0.1281
vn 0.7802 -0.0586 -0.6228
vn -0.7789 0.3964 0.4859
vn -0.0562 0.8973 -0.4378
vn -0.3076 0.7580 -0.5751
vn -0.6946 0.0263 0.7189
vn -0.7683 0.4493 0.4559
vn -0.6787 0.6132 0.4041
vn -0.0663 0.9016 -0.4275
vn -0.7461 0.3972 0.5344
vn -0.7793 0.2043 0.5924
vn -0.6679 0.6316 0.3937
vn -0.6561 0.6647 0.3573
vn -0.6623 0.6522 0.3688
vn 0.0408 0.9525 -0.3017
vn -0.7636 0.3860 0.5176
vn -0.7114 0.5796 0.3976
vn -0.6972 0.6050 0.3847
vn 0.7596 0.0012 -0.6504
vn 0.0892 0.9407 -0.3272
vn 0.7313 0.2092 -0.6492
vn -0.0664 0.9016 -0.4275
vn 0.1832 0.9729 -0.1413
vn 0.1313 0.9847 -0.1148
vn 0.9917 -0.1221 0.0402
vn 0.8771 0.2254 -0.4242
vn 0.2599 0.9273 0.2693
vn 0.1098 0.9899 -0.0898
vn -0.8420 0.4149 0.3448
vn -0.7734 0.1605 0.6132
vn -0.7798 0.2018 0.5926
vn -0.7630 0.1947 0.6165
vn -0.7753 0.1424 0.6154
vn -0.7091 0.1996 0.6762
vn -0.6094 0.1576 0.7770
vn -0.6479 0.1328 0.7500
vn 0.4209 -0.1381 0.8965
vn 0.3846 -0.1606 0.9090
vn 0.4178 -0.1710 0.8923
vn 0.9595 -0.2720 -0.0731
vn 0.4551 -0.1485 0.8780
vn 0.9609 -0.2472 -0.1244
vn 0.9361 -0.2062 -0.2850
vn 0.9707 -0.1593 -0.1800
vn 0.9389 -0.0582 -0.3391
vn 0.9697 0.0208 -0.2434
vn 0.9748 -0.0788 -0.2086
vn 0.7788 -0.2400 -0.5795
vn 0.5675 -0.2977 -0.7677
vn 0.5770 -0.2253 -0.7851
vn 0.4997 -0.2822 -0.8189
vn 0.5132 -0.2180 -0.8301
vn 0.5204 -0.1572 -0.8393
vn -0.7937 0.1809 0.5808
vn -0.7823 0.1881 0.5939
vn -0.8418 0.1442 0.5202
vn -0.7458 0.0582 0.6637
vn 0.3120 -0.1889 0.9311
vn 0.9361 -0.3515 -0.0160
vn 0.9596 -0.2769 0.0499
vn 0.4180 -0.1700 0.8924
vn 0.2698 -0.2634 0.9262
vn 0.9226 -0.3767 0.0824
vn 0.9543 -0.2850 0.0896
vn 0.2845 -0.2968 0.9116
vn 0.9595 -0.2791 -0.0380
vn 0.8748 -0.3548 -0.3299
vn 0.9563 -0.2644 -0.1246
vn 0.9588 -0.2629 -0.1072
vn 0.5270 -0.3414 -0.7783
vn 0.7673 -0.3127 -0.5599
vn -0.6840 -0.5869 -0.4332
vn -0.6316 -0.4736 -0.6138
vn 0.3472 -0.6943 -0.6304
vn 0.4344 -0.3467 -0.8313
vn 0.4871 -0.3156 -0.8143
vn 0.6581 -0.2627 -0.7056
vn -0.9324 0.0345 0.3597
vn -0.6492 -0.4019 -0.6458
vn -0.6445 -0.4737 -0.6002
vn -0.9339 0.0387 0.3555
vn -0.8811 0.1426 0.4510
vn -0.6739 -0.3937 -0.6252
vn -0.8614 0.1582 0.4827
vn -0.8649 0.0349 0.5008
vn -0.8949 0.0245 0.4455
vn -0.6445 -0.4738 -0.6001
vn -0.6489 -0.6071 -0.4585
vn -0.6015 -0.6053 -0.5213
vn -0.1654 -0.9368 0.3084
vn -0.1282 -0.9609 0.2456
vn 0.7914 -0.5439 -0.2790
vn 0.9161 -0.3596 0.1775
vn 0.9285 -0.3107 -0.2034
vn 0.9584 -0.2806 0.0517
vn 0.9607 -0.2673 -0.0746
vn 0.5917 -0.0183 -0.8060
vn 0.5537 -0.0686 -0.8299
vn 0.7849 -0.0915 -0.6128
vn 0.8487 -0.1637 -0.5029
vn -0.1550 0.8484 -0.5061
vn 0.5840 0.0888 -0.8069
vn -0.8172 0.3163 0.4818
vn -0.1977 0.8588 -0.4726
vn -0.4303 0.6608 -0.6150
vn -0.7693 -0.2773 0.5756
vn -0.7579 0.5079 0.4094
vn -0.8190 0.1240 0.5603
vn -0.8015 0.1531 0.5781
vn -0.7316 0.5789 0.3599
vn -0.7502 0.5237 0.4038
vn -0.7407 0.5544 0.3795
vn -0.1036 0.9311 -0.3497
vn -0.7818 0.3067 0.5428
vn -0.7714 0.4855 0.4113
vn -0.7642 0.5066 0.3991
vn -0.0594 0.9223 -0.3819
vn 0.6922 0.2287 -0.6845
vn -0.1037 0.9311 -0.3497
vn 0.0361 0.9781 -0.2048
vn -0.0237 0.9859 -0.1655
vn 0.9999 0.0081 -0.0101
vn 0.8287 0.2887 -0.4796
vn 0.1374 0.9709 0.1961
vn -0.8748 0.3303 0.3545
vn -0.7398 0.1113 0.6635
vn -0.7447 0.1379 0.6530
vn -0.7798 0.1682 0.6030
vn -0.7343 0.1529 0.6613
vn -0.7388 0.1224 0.6628
vn -0.7555 0.1578 0.6359
vn -0.6581 0.1404 0.7398
vn 0.4392 0.0997 0.8928
vn -0.7195 0.1373 0.6807
vn -0.6949 0.0909 0.7133
vn -0.5335 0.4151 0.7370
vn 0.4683 -0.0411 0.8826
vn 0.9850 -0.1076 -0.1350
vn 0.5170 0.0202 0.8557
vn 0.9764 -0.1037 -0.1894
vn 0.9380 -0.0898 -0.3349
vn 0.9774 -0.0884 -0.1922
vn 0.9722 -0.0273 -0.2326
vn 0.9218 0.0364 -0.3860
vn 0.9422 0.1353 -0.3065
vn 0.9636 0.0416 -0.2642
vn 0.7858 -0.1753 -0.5931
vn 0.6024 -0.2602 -0.7546
vn 0.6084 -0.2564 -0.7511
vn 0.7925 -0.1772 -0.5835
vn 0.6119 -0.1628 -0.7740
vn 0.5660 -0.2309 -0.7914
vn 0.5586 -0.1532 -0.8152
vn 0.3538 -0.0444 -0.9343
vn 0.0377 -0.4764 -0.8784
vn -0.2757 -0.4872 -0.8286
vn -0.8614 0.0655 0.5037
vn -0.5247 -0.4996 -0.6893
vn -0.6324 -0.4306 -0.6439
vn -0.8115 0.1255 0.5707
vn -0.7977 0.1370 0.5873
vn -0.7820 0.1322 0.6091
vn -0.8630 0.0185 0.5049
vn -0.6558 0.0239 0.7545
vn -0.7371 -0.0866 0.6702
vn 0.3642 -0.1003 0.9259
vn 0.9917 -0.1164 -0.0538
vn 0.9954 -0.0956 -0.0009
vn 0.4683 -0.0405 0.8827
vn 0.3278 -0.1758 0.9282
vn 0.9835 -0.1737 0.0510
vn 0.9964 -0.0797 0.0303
vn 0.3482 -0.1947 0.9170
vn 0.9905 -0.0971 -0.0971
vn 0.9896 -0.0913 -0.1111
vn 0.9427 -0.1117 -0.3143
vn 0.9823 -0.0998 -0.1584
vn 0.9822 -0.0991 -0.1594
vn 0.9964 -0.0795 -0.0285
vn 0.2228 -0.3312 -0.9169
vn 0.9231 -0.1293 -0.3622
vn 0.5996 -0.1996 -0.7750
vn 0.5827 -0.2315 -0.7790
vn 0.5176 -0.1982 -0.8323
vn -0.5812 -0.6365 -0.5070
vn -0.6239 -0.4615 -0.6307
vn -0.6596 -0.3914 -0.6416
vn -0.6512 -0.3870 -0.6528
vn -0.9160 -0.0701 0.3951
vn -0.6122 -0.3964 -0.6841
vn -0.6093 -0.4666 -0.6411
vn -0.8315 -0.0464 0.5536
vn -0.6082 -0.4774 -0.6342
vn -0.5580 -0.6311 -0.5389
vn 0.0776 -0.9798 0.1843
vn 0.0451 -0.9805 0.1913
vn 0.0424 -0.9758 0.2143
vn 0.8990 -0.3265 -0.2918
vn 0.9804 -0.1549 0.1221
vn 0.5517 -0.2272 -0.8025
vn 0.9697 -0.1153 -0.2153
vn 0.9957 -0.0932 0.0006
vn 0.9852 -0.1032 -0.1370
vn 0.7768 -0.0520 -0.6276
vn -0.6341 -0.6390 -0.4354
vn -0.7971 -0.0174 -0.6036
vn -0.0177 0.3051 -0.9522
vn 0.9783 0.1124 -0.1743
vn 0.9026 0.2236 -0.3679
vn 0.9349 0.2197 -0.2786
vn 0.7166 0.3528 -0.6017
vn -0.0266 0.3060 -0.9517
vn 0.1114 -0.4694 -0.8760
vn 0.1533 -0.7020 -0.6955
vn 0.9920 0.0602 -0.1111
vn 0.9917 0.0648 -0.1107
vn 0.9827 0.0970 -0.1575
vn 0.9906 0.1053 -0.0877
vn 0.9899 0.1069 -0.0933
vn 0.9927 0.0940 -0.0756
vn 0.9900 0.1245 -0.0668
vn 0.9478 0.2169 -0.2336
vn 0.9252 0.2265 -0.3046
vn 0.9044 0.2319 -0.3581
vn 0.9849 0.1275 -0.1167
vn 0.9355 0.1944 -0.2949
vn 0.7830 0.2945 -0.5479
vn -0.1003 0.4258 -0.8993
vn -0.0167 0.3012 -0.9534
vn -0.7994 0.2351 -0.5529
vn -0.0763 0.4291 -0.9000
vn -0.0936 0.5534 -0.8276
vn -0.1115 0.5411 -0.8335
vn -0.0727 0.8641 -0.4980
vn -0.8745 0.3361 -0.3497
vn 0.9040 0.2756 -0.3268
vn 0.1029 0.9868 0.1251
vn 0.9543 0.2362 -0.1832
vn 0.9676 0.2175 -0.1281
vn 0.9846 0.1539 -0.0830
vn 0.9544 0.1960 -0.2252
vn 0.9459 -0.2609 -0.1930
vn 0.9799 0.1767 -0.0925
vn 0.9869 0.1307 -0.0950
vn 0.9877 0.1281 -0.0897
vn 0.9903 0.1280 -0.0532
vn 0.9925 0.1131 -0.0472
vn 0.9899 0.1114 -0.0872
vn 0.9802 0.1471 -0.1324
vn 0.9860 0.1569 -0.0570
vn 0.9843 0.1479 -0.0964
vn 0.9779 0.2053 0.0399
vn 0.2193 0.5481 0.8072
vn 0.9856 0.1667 -0.0284
vn 0.9829 0.1549 -0.1000
vn 0.9855 0.1567 0.0655
vn 0.9897 0.0731 -0.1232
vn -0.8571 0.1268 0.4993
vn -0.8709 0.1448 0.4696
vn -0.9128 0.0653 0.4032
vn -0.8967 0.1649 0.4108
vn 0.0325 0.9884 0.1485
vn -0.9319 0.1902 0.3087
vn 0.0370 0.9878 0.1515
vn -0.9476 0.1931 0.2544
vn -0.9560 0.1236 0.2660
vn -0.9373 0.0937 0.3356
vn -0.9874 -0.1285 0.0927
vn -0.9404 0.0949 0.3266
vn -0.9560 0.1208 0.2673
vn -0.9949 -0.0270 0.0968
vn -0.9387 -0.3368 -0.0737
vn -0.9682 -0.1406 0.2069
vn -0.9759 -0.1544 0.1543
vn -0.9220 -0.3585 -0.1461
vn -0.9667 -0.1368 0.2164
vn -0.8851 -0.4084 -0.2229
vn -0.8774 -0.3673 -0.3085
vn -0.9017 -0.3938 -0.1786
vn -0.8281 -0.5036 -0.2463
vn 0.9859 0.0459 -0.1608
vn 0.8096 0.0743 -0.5823
vn 0.1258 -0.7437 -0.6565
vn 0.9901 0.0564 -0.1282
vn 0.9938 0.0617 -0.0921
vn 0.1617 -0.7872 -0.5951
vn 0.9915 0.0468 -0.1212
vn 0.9896 0.1025 -0.1008
vn 0.9854 0.1140 -0.1267
vn 0.9875 0.0952 -0.1258
vn 0.9899 0.0933 -0.1065
vn 0.9853 0.1035 -0.1358
vn 0.9859 0.0177 -0.1663
vn 0.9966 0.0761 -0.0304
vn 0.9846 0.0823 -0.1543
vn 0.9948 0.0993 0.0224
vn 0.9885 0.0957 -0.1172
vn 0.9837 0.1126 -0.1404
vn 0.9867 0.1440 -0.0754
vn 0.9957 0.0921 0.0041
vn 0.9885 0.0957 -0.1171
vn 0.9906 0.1368 0.0010
vn 0.9936 0.0685 -0.0900
vn 0.9566 0.0981 0.2745
vn 0.9523 0.1506 0.2653
vn 0.2121 0.1893 0.9588
vn 0.1128 0.1983 0.9736
vn 0.1224 0.3089 0.9432
vn -0.7990 0.0723 0.5970
vn -0.8180 0.0116 0.5751
vn 0.2309 0.1244 0.9650
vn 0.1470 0.1194 0.9819
vn -0.5257 -0.1213 0.8420
vn -0.8546 0.1014 0.5094
vn -0.8872 0.0310 0.4603
vn -0.9668 -0.1235 0.2237
vn -0.9566 -0.1089 0.2703
vn -0.9525 -0.3044 -0.0054
vn -0.9636 -0.1234 0.2371
vn -0.9653 -0.1248 0.2295
vn -0.9478 -0.1376 0.2876
vn -0.9432 -0.1095 0.3136
vn -0.9592 -0.2822 -0.0173
vn -0.9592 -0.2753 -0.0649
vn -0.9144 -0.4019 -0.0483
vn 0.1292 -0.9821 -0.1373
vn -0.9224 -0.3619 -0.1352
vn -0.9289 -0.3453 -0.1340
vn 0.9697 -0.0802 -0.2307
vn 0.0353 -0.7738 -0.6325
vn 0.0036 -0.7260 -0.6877
vn 0.0892 -0.8598 -0.5028
vn 0.9780 -0.0943 -0.1860
vn 0.9911 0.0273 -0.1304
vn 0.9819 -0.0929 -0.1653
vn 0.1138 -0.9848 -0.1313
vn 0.9850 0.0075 0.1722
vn 0.1820 -0.7371 0.6508
vn 0.1413 -0.7402 0.6574
vn 0.2336 -0.7197 0.6538
vn 0.2099 -0.7413 0.6375
vn -0.9027 -0.3770 -0.2075
vn 0.9822 0.1382 -0.1273
vn 0.9836 0.1513 -0.0983
vn 0.9867 0.1415 -0.0796
vn 0.9835 0.1210 -0.1341
vn 0.9844 0.1474 -0.0959
vn 0.9847 0.1194 -0.1270
vn 0.9223 0.2099 -0.3246
vn 0.9798 0.1373 -0.1454
vn 0.9880 0.1106 -0.1078
vn 0.9863 0.1246 -0.1083
vn -0.9112 -0.2257 -0.3448
vn -0.9969 -0.0774 -0.0147
vn -0.9531 0.0708 -0.2943
vn -0.7994 0.2350 -0.5529
vn -0.9526 0.0694 -0.2961
vn -0.9716 0.2306 -0.0529
vn -0.9717 0.1528 0.1799
vn -0.9457 0.2738 0.1753
vn -0.9582 0.2536 0.1322
vn -0.9582 0.2536 0.1321
vn -0.8745 0.3362 -0.3496
vn -0.9716 0.2308 -0.0529
vn -0.9550 0.2830 0.0890
vn -0.9518 0.2543 0.1715
vn -0.9700 0.1558 0.1869
vn -0.8745 0.3361 -0.3496
vn -0.9569 0.1795 0.2284
vn 0.0311 0.9881 0.1507
vn -0.7850 -0.0170 -0.6192
vn 0.5879 0.1079 -0.8017
vn -0.2885 -0.3693 -0.8834
vn -0.4820 -0.1815 -0.8572
vn -0.5111 -0.1884 -0.8386
vn -0.3357 -0.3946 -0.8554
vn -0.8888 -0.4231 -0.1764
vn -0.9843 -0.1578 0.0785
vn -0.9289 -0.1134 0.3526
vn -0.9326 -0.1285 0.3374
vn -0.6039 0.2127 -0.7682
vn -0.5071 -0.1893 -0.8409
vn -0.5874 0.2159 -0.7800
vn 0.4346 -0.0452 -0.8995
vn 0.6833 0.2357 -0.6910
vn 0.9447 0.1905 -0.2669
vn 0.5990 0.1040 -0.7939
vn 0.4459 -0.0340 -0.8945
vn -0.2681 -0.4996 -0.8238
vn -0.2569 -0.4952 -0.8299
vn -0.7852 -0.5959 -0.1682
vn -0.2448 -0.6304 -0.7367
vn -0.2364 -0.6308 -0.7391
vn -0.0946 -0.8473 -0.5226
vn -0.1115 -0.8547 -0.5070
vn -0.7190 -0.6931 0.0521
vn 0.3309 -0.9339 -0.1351
vn 0.7231 0.2070 -0.6590
vn 0.7664 0.2338 -0.5983
vn 0.7433 0.2251 -0.6299
vn 0.5076 0.4165 -0.7543
vn 0.1837 0.1090 -0.9769
vn 0.5163 0.0355 -0.8557
vn 0.7234 -0.3393 0.6012
vn 0.8427 0.1922 -0.5028
vn 0.7341 -0.1994 0.6491
vn -0.4603 -0.3158 0.8297
vn -0.5496 -0.3285 0.7682
vn -0.4685 -0.3376 0.8164
vn -0.5069 -0.3813 0.7731
vn -0.6156 -0.4243 0.6641
vn -0.5533 -0.4358 0.7098
vn -0.6259 -0.6247 0.4669
vn -0.6066 -0.4661 0.6440
vn -0.7011 -0.2098 0.6815
vn -0.7716 -0.0241 0.6356
vn -0.8301 -0.0591 0.5544
vn -0.8892 -0.1401 0.4355
vn -0.8948 -0.0467 0.4440
vn -0.8628 0.0042 0.5055
vn -0.9485 -0.1110 0.2968
vn 0.8786 0.2494 -0.4073
vn -0.5547 0.7950 -0.2457
vn 0.6837 0.2115 -0.6985
vn 0.6929 0.2636 -0.6711
vn 0.7078 0.2827 -0.6473
vn 0.8307 0.3893 -0.3980
vn 0.7781 -0.0960 0.6207
vn 0.7068 -0.1307 0.6952
vn -0.3607 -0.2312 0.9036
vn -0.3683 -0.3001 0.8800
vn 0.7418 0.0111 0.6705
vn 0.6659 0.0160 0.7459
vn -0.4693 -0.2649 0.8424
vn -0.7576 0.1570 0.6336
vn -0.7358 0.0284 0.6766
vn -0.6271 -0.1464 0.7650
vn -0.5013 0.0311 0.8647
vn -0.0396 0.9829 0.1800
vn -0.2046 0.9764 0.0690
vn -0.2632 0.9627 -0.0620
vn -0.7939 0.0606 0.6051
vn 0.6412 0.4050 -0.6517
vn -0.3711 0.9248 -0.0836
vn -0.2645 0.9627 -0.0570
vn -0.1331 0.9911 0.0006
vn 0.0143 0.9912 0.1318
vn 0.3516 0.6343 0.6885
vn 0.4294 0.6553 0.6214
vn -0.8168 0.0445 0.5752
vn -0.8338 0.0315 0.5512
vn -0.4347 -0.3076 0.8464
vn -0.9634 -0.1933 0.1858
vn -0.9215 -0.0774 0.3807
vn -0.9390 -0.2887 0.1867
vn -0.7798 -0.3072 0.5454
vn -0.9428 -0.2910 0.1623
vn -0.8461 -0.4661 0.2585
vn -0.8459 -0.4642 0.2627
vn -0.7067 -0.5642 0.4269
vn -0.7135 -0.5703 0.4069
vn -0.6479 -0.6159 0.4483
vn -0.0246 -0.7948 -0.6064
vn -0.6996 -0.7112 -0.0692
vn 0.5754 0.4515 -0.6820
vn 0.1820 -0.4719 -0.8626
vn -0.0422 -0.3940 -0.9182
vn -0.0617 -0.4176 -0.9065
vn 0.1525 -0.5236 -0.8382
vn -0.4084 -0.8642 -0.2938
vn -0.3652 -0.1701 -0.9152
vn 0.5678 0.2169 -0.7941
vn 0.5468 0.6151 -0.5680
vn 0.6423 0.7592 -0.1050
vn 0.5901 0.4508 -0.6697
vn 0.5700 0.2335 -0.7878
vn 0.2490 -0.5901 -0.7680
vn 0.2573 -0.5793 -0.7734
vn -0.2431 -0.9477 -0.2071
vn 0.3032 -0.7315 -0.6107
vn 0.3480 -0.6709 -0.6548
vn 0.5824 -0.7222 -0.3732
vn 0.1120 -0.5986 0.7931
vn -0.2544 -0.9400 0.2274
vn 0.8629 -0.4887 0.1291
vn 0.5937 0.6196 -0.5135
vn 0.5981 0.6669 -0.4445
vn 0.5906 0.6458 -0.4839
vn 0.3413 0.6518 -0.6772
vn 0.3845 0.1885 -0.9037
vn 0.6431 0.6360 -0.4265
vn 0.5842 0.1653 0.7946
vn 0.6015 0.6388 -0.4798
vn 0.6922 0.6644 -0.2820
vn 0.7015 0.6709 -0.2403
vn 0.5065 0.2630 0.8211
vn 0.5670 0.2325 0.7902
vn -0.3248 -0.5244 0.7871
vn -0.3912 -0.5652 0.7263
vn -0.3209 -0.6019 0.7312
vn -0.3304 -0.6668 0.6680
vn 0.7822 -0.1010 0.6148
vn 0.8513 -0.5051 0.1424
vn -0.3013 -0.7435 0.5971
vn -0.3011 -0.6607 0.6876
vn -0.3052 -0.7413 0.5978
vn -0.3355 -0.6662 0.6661
vn -0.3017 -0.6688 0.6794
vn -0.3784 -0.6431 0.6657
vn -0.2786 -0.7290 0.6252
vn -0.2771 -0.7515 0.5987
vn -0.5816 -0.5846 0.5657
vn -0.5079 -0.6818 0.5265
vn -0.7596 -0.5080 0.4061
vn -0.7517 -0.5738 0.3251
vn -0.7346 -0.6330 0.2444
vn -0.7496 -0.5801 0.3187
vn -0.6250 -0.7782 -0.0615
vn -0.7263 -0.6483 0.2283
vn -0.7943 -0.5546 0.2478
vn -0.7516 -0.6539 0.0864
vn -0.7258 0.3125 -0.6128
vn -0.7980 -0.5144 0.3140
vn -0.7346 0.3069 -0.6051
vn -0.7849 -0.5527 0.2799
vn -0.7741 0.3965 -0.4935
vn -0.8120 -0.4819 0.3294
vn -0.7604 0.3620 -0.5393
vn 0.5921 0.7626 -0.2604
vn -0.8159 0.2129 -0.5375
vn 0.5644 0.5963 -0.5708
vn 0.5342 0.6406 -0.5516
vn 0.4894 0.6860 -0.5384
vn 0.5873 0.6735 -0.4489
vn 0.6550 0.7236 -0.2175
vn 0.7153 0.6944 -0.0789
vn 0.6449 0.6651 -0.3766
vn 0.6949 0.7044 -0.1445
vn 0.4472 0.3090 0.8394
vn 0.6602 0.7297 -0.1781
vn 0.4571 0.3104 0.8335
vn -0.3158 -0.3890 0.8654
vn -0.2745 -0.4478 0.8510
vn 0.3673 0.4165 0.8316
vn 0.3368 0.3966 0.8540
vn -0.3818 -0.4927 0.7819
vn -0.8279 -0.3898 0.4033
vn -0.8335 -0.4092 0.3713
vn -0.7459 -0.4900 0.4511
vn -0.6297 -0.4620 0.6246
vn -0.6239 -0.2723 0.7325
vn -0.8835 -0.2905 0.3675
vn -0.8923 -0.2856 0.3498
vn -0.8353 -0.4117 0.3644
vn -0.8486 -0.3760 0.3721
vn -0.6701 0.7367 -0.0902
vn -0.7434 0.6171 -0.2579
vn -0.7434 0.6171 -0.2578
vn -0.8681 -0.3620 0.3398
vn -0.8923 -0.2855 0.3498
vn -0.8922 -0.2856 0.3498
vn -0.8697 -0.3554 0.3426
vn -0.8298 -0.4401 0.3431
vn -0.7750 0.5250 -0.3517
vn -0.8344 -0.4317 0.3427
vn -0.8681 -0.3620 0.3397
vn -0.7696 0.5300 -0.3561
vn -0.7808 0.4610 -0.4218
vn 0.3310 0.7413 -0.5839
vn -0.7750 0.5250 -0.3518
vn -0.7434 0.6172 -0.2579
vn 0.3272 0.7258 -0.6051
vn 0.3750 0.7017 -0.6058
vn -0.7671 0.5323 -0.3580
vn 0.3335 0.7876 -0.5181
vn 0.5288 0.7993 -0.2853
vn 0.5215 0.8033 -0.2876
vn 0.3684 0.7691 -0.5223
vn -0.6697 0.7392 -0.0717
vn 0.5216 0.8033 -0.2875
vn -0.2517 0.7836 0.5680
vn -0.2518 0.7837 0.5678
vn -0.2398 0.7915 0.5622
vn -0.8214 -0.4713 0.3213
vn -0.8192 -0.4788 0.3157
vn -0.8170 -0.4968 0.2927
vn -0.8114 -0.4815 0.3313
vn -0.7577 -0.5221 0.3915
vn -0.3189 -0.4990 0.8058
vn -0.6460 -0.7605 0.0661
vn -0.6783 -0.7346 -0.0193
vn -0.5541 -0.7062 0.4408
vn -0.5173 -0.7913 0.3258
vn -0.3511 -0.8766 -0.3289
vn -0.4432 -0.8822 0.1589
vn -0.5973 -0.8019 -0.0144
vn -0.5360 -0.7435 0.3998
vn -0.3419 -0.7674 0.5424
vn -0.3558 -0.7297 0.5839
vn -0.5406 -0.7486 0.3839
vn 0.8511 -0.5048 0.1441
vn 0.6201 0.4849 -0.6167
vn 0.0963 -0.3026 -0.9482
vn -0.1090 -0.2120 -0.9712
vn -0.5445 -0.8372 0.0516
vn -0.0013 -0.4036 -0.9149
vn -0.6317 -0.7216 -0.2833
vn -0.3889 0.0699 -0.9186
vn 0.5587 0.2579 -0.7883
vn 0.6213 0.6401 -0.4520
vn 0.7480 0.6628 0.0349
vn 0.6291 0.4823 -0.6097
vn 0.5635 0.2776 -0.7781
vn 0.1336 -0.4348 -0.8906
vn 0.1435 -0.4240 -0.8942
vn -0.3571 -0.8262 -0.4358
vn 0.2037 -0.5344 -0.8203
vn -0.5087 -0.8456 -0.1620
vn 0.1133 -0.4657 -0.8777
vn 0.2163 -0.5310 -0.8193
vn 0.4232 -0.6842 -0.5939
vn -0.0196 -0.8365 0.5477
vn -0.2986 -0.9287 -0.2201
vn 0.7708 -0.6322 -0.0786
vn 0.6672 0.6295 -0.3983
vn 0.6677 0.6684 -0.3277
vn 0.6502 0.6666 -0.3646
vn 0.6735 0.6358 -0.3771
vn 0.4358 0.7320 -0.5237
vn 0.3712 0.3504 -0.8599
vn 0.7309 0.6191 -0.2872
vn 0.6105 -0.0568 0.7900
vn 0.6410 0.6323 -0.4351
vn 0.7499 0.6147 -0.2445
vn 0.5964 0.0097 0.8027
vn 0.6372 -0.0297 0.7702
vn 0.8069 0.5901 -0.0269
vn 0.7799 0.6146 -0.1183
vn 0.5404 0.0481 0.8400
vn -0.3783 -0.6203 0.6871
vn -0.4530 -0.6378 0.6229
vn -0.3958 -0.6985 0.5962
vn -0.3948 -0.7032 0.5913
vn -0.4112 -0.7516 0.5158
vn 0.7751 -0.3552 0.5226
vn -0.4096 -0.7768 0.4784
vn -0.5321 -0.5691 0.6268
vn 0.7712 -0.3659 0.5208
vn -0.4553 -0.6986 0.5519
vn -0.4505 -0.7539 0.4782
vn -0.3817 -0.6927 0.6119
vn -0.6499 -0.6549 0.3857
vn -0.4534 -0.7437 0.4913
vn -0.4568 -0.6957 0.5544
vn -0.5973 -0.6318 0.4941
vn -0.8065 -0.4734 0.3543
vn -0.8191 -0.4916 0.2957
vn -0.6952 -0.5856 0.4169
vn -0.8314 -0.4953 0.2518
vn -0.7943 -0.6020 0.0817
vn -0.8496 -0.5161 0.1086
vn -0.8615 -0.4720 0.1868
vn -0.8255 -0.5636 -0.0303
vn -0.7072 0.6398 -0.3008
vn -0.8688 -0.4289 0.2473
vn -0.8627 -0.4240 0.2756
vn 0.5855 0.7996 -0.1335
vn -0.7938 0.4612 -0.3964
vn 0.6346 0.6389 -0.4350
vn 0.6095 0.6679 -0.4270
vn 0.5789 0.7097 -0.4016
vn 0.6808 0.6831 -0.2643
vn 0.7323 0.6770 -0.0734
vn 0.6475 0.6733 -0.3569
vn 0.7436 0.6675 -0.0401
vn 0.8023 0.5961 0.0322
vn 0.5418 0.1486 0.8273
vn 0.4982 0.1008 0.8612
vn -0.3314 -0.4845 0.8095
vn -0.3113 -0.5556 0.7710
vn 0.4215 0.2129 0.8815
vn 0.3860 0.1932 0.9020
vn -0.4342 -0.5698 0.6977
vn -0.6583 -0.3106 0.6857
vn -0.8006 -0.4484 0.3975
vn -0.6326 -0.5605 0.5345
vn -0.8670 -0.3091 0.3908
vn -0.5440 0.8121 0.2110
vn -0.6612 0.7492 0.0392
vn -0.8711 -0.3745 0.3177
vn -0.8620 -0.3941 0.3187
vn -0.6936 0.7122 -0.1084
vn -0.7139 0.6721 -0.1964
vn 0.4209 0.8135 -0.4013
vn -0.6862 0.7199 -0.1045
vn -0.6312 0.7756 0.0120
vn 0.4240 0.7992 -0.4261
vn 0.4657 0.7659 -0.4433
vn -0.6770 0.7277 -0.1098
vn 0.4427 0.8372 -0.3211
vn 0.6273 0.7703 -0.1143
vn 0.6194 0.7769 -0.1131
vn 0.4650 0.8217 -0.3294
vn -0.5194 0.8269 0.2153
vn 0.4650 0.8218 -0.3294
vn -0.5195 0.8269 0.2153
vn -0.1009 0.6599 0.7446
vn -0.1079 0.6468 0.7550
vn -0.7194 0.6293 -0.2939
vn -0.8586 -0.4255 0.2860
vn -0.7140 0.6721 -0.1960
vn -0.8713 -0.3730 0.3189
vn -0.8629 -0.3930 0.3177
vn -0.8126 -0.4652 0.3510
vn -0.3674 -0.5967 0.7134
vn -0.5513 -0.8343 0.0094
vn -0.6333 -0.7345 0.2437
vn -0.4242 -0.8795 0.2158
vn -0.6393 -0.6916 0.3362
vn -0.6470 -0.6839 0.3370
vn 0.4624 0.3163 -0.8283
vn -0.1700 -0.4624 -0.8702
vn -0.4288 -0.3641 -0.8267
vn -0.4514 -0.3808 -0.8070
vn -0.2019 -0.5024 -0.8407
vn -0.6694 -0.7332 -0.1198
vn -0.8421 -0.5179 0.1507
vn -0.7892 -0.4513 0.4164
vn -0.7880 -0.4665 0.4017
vn -0.6863 -0.0356 -0.7264
vn -0.4475 -0.3800 -0.8095
vn -0.6736 -0.0270 -0.7386
vn 0.3784 0.1218 -0.9176
vn 0.5060 0.4688 -0.7241
vn 0.7925 0.5209 -0.3173
vn 0.4744 0.3177 -0.8210
vn 0.3844 0.1358 -0.9131
vn -0.0930 -0.5703 -0.8161
vn -0.0848 -0.5622 -0.8226
vn -0.5064 -0.8529 -0.1272
vn -0.0186 -0.6820 -0.7311
vn -0.5063 -0.8529 -0.1271
vn -0.0112 -0.6792 -0.7338
vn 0.2052 -0.8248 -0.5268
vn 0.1920 -0.8398 -0.5078
vn -0.3949 -0.9140 0.0925
vn 0.6434 -0.7465 -0.1697
vn 0.5531 0.4572 -0.6964
vn 0.5853 0.4981 -0.6397
vn 0.5668 0.4813 -0.6686
vn 0.2671 0.5719 -0.7756
vn 0.0620 0.1690 -0.9837
vn 0.4067 0.2173 -0.8873
vn 0.8318 -0.0463 0.5532
vn 0.6745 0.4892 -0.5529
vn 0.7919 0.0923 0.6036
vn -0.2713 -0.4615 0.8447
vn -0.3493 -0.5053 0.7891
vn -0.2711 -0.4844 0.8318
vn -0.2910 -0.5383 0.7909
vn -0.3144 -0.5978 0.7374
vn -0.3322 -0.6769 0.6569
vn 0.6351 -0.7564 -0.1563
vn -0.3792 -0.6167 0.6898
vn -0.3120 -0.6850 0.6583
vn -0.5316 -0.4519 0.7163
vn -0.6643 -0.3084 0.6809
vn -0.7078 -0.3622 0.6065
vn -0.7387 -0.4592 0.4934
vn -0.7765 -0.3771 0.5048
vn -0.7632 -0.3184 0.5623
vn -0.8112 -0.4568 0.3650
vn 0.7001 0.5521 -0.4529
vn -0.8200 0.5397 -0.1904
vn 0.5149 0.4470 -0.7315
vn 0.5062 0.4980 -0.7042
vn 0.5128 0.5217 -0.6818
vn 0.5960 0.6677 -0.4461
vn 0.7906 0.2055 0.5769
vn 0.7183 0.2970 0.6291
vn -0.2158 -0.4053 0.8883
vn -0.2973 -0.4145 0.8601
vn -0.1946 -0.4152 0.8887
vn -0.7173 -0.1400 0.6826
vn -0.6484 -0.2434 0.7214
vn -0.4851 -0.3666 0.7939
vn -0.4209 -0.1654 0.8919
vn -0.3922 0.8970 0.2040
vn -0.5452 0.8319 0.1037
vn -0.6016 0.7985 -0.0207
vn -0.7164 -0.2405 0.6549
vn 0.4092 0.6130 -0.6759
vn -0.6874 0.7253 -0.0376
vn -0.6020 0.7983 -0.0166
vn -0.4896 0.8713 0.0330
vn -0.3475 0.9254 0.1515
vn 0.1277 0.7233 0.6786
vn 0.1867 0.7684 0.6122
vn 0.3912 0.0651 0.9180
vn -0.7326 -0.2636 0.6275
vn -0.7444 -0.2818 0.6053
vn -0.2505 -0.4444 0.8601
vn -0.8016 -0.5407 0.2550
vn -0.7934 -0.4147 0.4456
vn -0.7440 -0.6200 0.2490
vn -0.5733 -0.5712 0.5875
vn -0.7482 -0.6240 0.2255
vn -0.5899 -0.7472 0.3062
vn -0.5901 -0.7453 0.3103
vn -0.4221 -0.7848 0.4537
vn -0.4185 -0.7953 0.4386
vn -0.3344 -0.7667 0.5480
vn -0.3883 -0.8142 0.4316
vn -0.3286 -0.6684 0.6673
vn -0.3181 -0.6300 0.7084
vn 0.1935 -0.8376 -0.5108
vn 0.5182 0.2232 -0.8256
vn -0.1634 -0.5346 -0.8292
vn -0.4047 -0.4037 -0.8205
vn -0.4277 -0.4167 -0.8022
vn -0.1983 -0.5696 -0.7976
vn -0.7125 -0.6984 -0.0677
vn -0.8807 -0.4490 0.1509
vn -0.8378 -0.3689 0.4025
vn -0.8361 -0.3858 0.3900
vn -0.6485 -0.0691 -0.7581
vn -0.4244 -0.4168 -0.8038
vn -0.6352 -0.0623 -0.7699
vn 0.4318 0.0286 -0.9015
vn 0.5628 0.3767 -0.7357
vn 0.8250 0.4646 -0.3218
vn 0.5321 0.2228 -0.8168
vn 0.4384 0.0415 -0.8978
vn -0.0963 -0.6505 -0.7533
vn -0.0872 -0.6435 -0.7604
vn -0.5582 -0.8289 -0.0365
vn -0.0265 -0.7618 -0.6473
vn -0.5582 -0.8289 -0.0364
vn -0.0873 -0.6435 -0.7604
vn -0.0190 -0.7597 -0.6500
vn 0.2045 -0.8847 -0.4190
vn 0.1919 -0.8947 -0.4032
vn -0.4578 -0.8674 0.1950
vn 0.6330 -0.7732 -0.0380
vn 0.6100 0.3663 -0.7027
vn 0.6414 0.4083 -0.6495
vn 0.6226 0.3910 -0.6779
vn 0.3356 0.4842 -0.8081
vn 0.1375 0.0484 -0.9893
vn 0.4636 0.1190 -0.8780
vn 0.7998 -0.0343 0.5993
vn 0.7290 0.4026 -0.5535
vn 0.7661 0.1008 0.6347
vn -0.3313 -0.3692 0.8683
vn -0.4087 -0.4120 0.8144
vn -0.3313 -0.3918 0.8583
vn -0.3519 -0.4452 0.8234
vn -0.4392 -0.5232 0.7303
vn -0.3682 -0.5126 0.7757
vn -0.3811 -0.5836 0.7171
vn -0.5898 -0.3600 0.7229
vn -0.7201 -0.2168 0.6591
vn -0.7622 -0.2737 0.5867
vn -0.7897 -0.3751 0.4855
vn -0.8280 -0.2909 0.4794
vn -0.8156 -0.2294 0.5312
vn -0.8571 -0.3788 0.3490
vn 0.7392 0.4875 -0.4647
vn -0.7924 0.5218 -0.3160
vn 0.5721 0.3551 -0.7393
vn 0.5626 0.4055 -0.7205
vn 0.5703 0.4300 -0.6999
vn 0.6552 0.5851 -0.4778
vn 0.7753 0.2086 0.5962
vn 0.7040 0.3018 0.6429
vn -0.2768 -0.3159 0.9075
vn -0.3566 -0.3228 0.8767
vn -0.2550 -0.3252 0.9106
vn -0.7740 -0.0431 0.6317
vn -0.7050 -0.1497 0.6932
vn -0.5434 -0.2735 0.7937
vn -0.4865 -0.0623 0.8715
vn -0.3814 0.9231 0.0490
vn -0.5376 0.8418 -0.0486
vn -0.5846 0.7924 -0.1745
vn -0.7712 -0.1486 0.6190
vn 0.4678 0.5162 -0.7174
vn -0.6707 0.7185 -0.1842
vn -0.5863 0.7923 -0.1686
vn -0.4742 0.8721 -0.1208
vn -0.3409 0.9400 0.0086
vn 0.1224 0.7886 0.6026
vn 0.1824 0.8222 0.5392
vn 0.3570 0.1178 0.9267
vn -0.7871 -0.1727 0.5922
vn -0.7981 -0.1916 0.5713
vn -0.3106 -0.3527 0.8827
vn -0.8470 -0.4688 0.2508
vn -0.8427 -0.3320 0.4239
vn -0.7919 -0.5491 0.2673
vn -0.6298 -0.4822 0.6090
vn -0.7957 -0.5547 0.2435
vn -0.6443 -0.6741 0.3612
vn -0.6446 -0.6719 0.3649
vn -0.4813 -0.7022 0.5247
vn -0.4825 -0.7098 0.5132
vn -0.4096 -0.6740 0.6147
vn -0.4074 -0.7274 0.5522
vn -0.3952 -0.6801 0.6175
vn -0.4192 -0.7633 0.4915
vn 0.2162 -0.8635 -0.4556
vt 0.427315 0.080427
vt 0.428406 0.079331
vt 0.426854 0.080195
vt 0.417004 0.008808
vt 0.416948 0.010426
vt 0.417246 0.008955
vt 0.417628 0.007936
vt 0.426192 0.081157
vt 0.414382 0.059758
vt 0.414649 0.059611
vt 0.413664 0.058961
vt 0.434343 0.078558
vt 0.432160 0.078704
vt 0.430520 0.078625
vt 0.417057 0.012199
vt 0.417428 0.012281
vt 0.417195 0.013693
vt 0.432739 0.078176
vt 0.405787 0.059821
vt 0.407633 0.059348
vt 0.407482 0.059182
vt 0.434580 0.078141
vt 0.417512 0.013659
vt 0.435680 0.078635
vt 0.434960 0.079068
vt 0.436345 0.080632
vt 0.435221 0.082185
vt 0.436345 0.082103
vt 0.436185 0.079513
vt 0.434923 0.089758
vt 0.436297 0.084054
vt 0.436118 0.086338
vt 0.435713 0.088748
vt 0.406552 0.065803
vt 0.408224 0.062840
vt 0.405741 0.064052
vt 0.405157 0.062714
vt 0.407753 0.059912
vt 0.404971 0.060665
vt 0.404859 0.061641
vt 0.410274 0.062611
vt 0.412133 0.065657
vt 0.412267 0.062033
vt 0.412104 0.060011
vt 0.415012 0.060535
vt 0.415005 0.061639
vt 0.413639 0.059837
vt 0.427476 0.084441
vt 0.426232 0.082159
vt 0.426690 0.083197
vt 0.430896 0.083917
vt 0.428561 0.086044
vt 0.433410 0.090686
vt 0.434435 0.091896
vt 0.435237 0.090705
vt 0.434852 0.091763
vt 0.411392 0.072242
vt 0.410156 0.070542
vt 0.410167 0.071502
vt 0.410939 0.072330
vt 0.408954 0.069888
vt 0.407628 0.067835
vt 0.411828 0.070607
vt 0.411200 0.070900
vt 0.411817 0.072231
vt 0.412354 0.071243
vt 0.413118 0.069374
vt 0.413887 0.067070
vt 0.429953 0.087898
vt 0.431610 0.089781
vt 0.433085 0.091257
vt 0.433990 0.091989
vt 0.434536 0.092272
vt 0.411430 0.072681
vt 0.414429 0.064886
vt 0.414781 0.063046
vt 0.413162 0.059342
vt 0.417867 0.008643
vt 0.417520 0.009242
vt 0.413484 0.059152
vt 0.411867 0.059216
vt 0.409924 0.059957
vt 0.417867 0.012245
vt 0.417662 0.010518
vt 0.409823 0.059291
vt 0.409751 0.058961
vt 0.446446 0.019887
vt 0.446306 0.021506
vt 0.446899 0.019773
vt 0.494124 0.014472
vt 0.494196 0.012993
vt 0.493895 0.013035
vt 0.468472 0.020991
vt 0.468229 0.020855
vt 0.468625 0.021968
vt 0.446937 0.018634
vt 0.445574 0.021937
vt 0.446397 0.019099
vt 0.446549 0.017984
vt 0.442469 0.025921
vt 0.443560 0.024934
vt 0.445229 0.023480
vt 0.494165 0.010982
vt 0.493810 0.011164
vt 0.494196 0.008781
vt 0.443842 0.025245
vt 0.442507 0.026437
vt 0.494124 0.006965
vt 0.493895 0.009011
vt 0.441544 0.026818
vt 0.441835 0.026037
vt 0.440387 0.025929
vt 0.440519 0.024133
vt 0.439846 0.024929
vt 0.440891 0.026570
vt 0.438384 0.021853
vt 0.439138 0.023565
vt 0.438851 0.018875
vt 0.437638 0.018376
vt 0.437741 0.019928
vt 0.477211 0.022957
vt 0.474500 0.023210
vt 0.476776 0.025727
vt 0.476490 0.026590
vt 0.475725 0.026836
vt 0.475946 0.027075
vt 0.473918 0.024864
vt 0.475001 0.026427
vt 0.472546 0.022679
vt 0.471969 0.020262
vt 0.470429 0.022054
vt 0.468913 0.019438
vt 0.468393 0.020064
vt 0.468982 0.021576
vt 0.444908 0.017300
vt 0.445878 0.017604
vt 0.442727 0.019940
vt 0.443594 0.016950
vt 0.438277 0.017057
vt 0.437332 0.017348
vt 0.437327 0.018266
vt 0.435722 0.027176
vt 0.435590 0.026945
vt 0.435606 0.028112
vt 0.477236 0.016986
vt 0.476455 0.017555
vt 0.477394 0.018831
vt 0.475058 0.016266
vt 0.475562 0.016567
vt 0.475889 0.017023
vt 0.476609 0.015768
vt 0.476381 0.015430
vt 0.475502 0.015639
vt 0.474024 0.016216
vt 0.472335 0.017047
vt 0.466424 0.007579
vt 0.466365 0.005680
vt 0.466193 0.007646
vt 0.466357 0.009107
vt 0.466126 0.009252
vt 0.440050 0.016682
vt 0.441962 0.016627
vt 0.438578 0.016627
vt 0.437762 0.016705
vt 0.437347 0.016855
vt 0.466424 0.010260
vt 0.466371 0.009904
vt 0.466147 0.010110
vt 0.435722 0.026638
vt 0.435593 0.026335
vt 0.466214 0.010509
vt 0.476885 0.015439
vt 0.477083 0.015992
vt 0.470881 0.017956
vt 0.469743 0.018783
vt 0.477394 0.020984
vt 0.426194 0.074611
vt 0.426273 0.075962
vt 0.427033 0.075703
vt 0.426392 0.076567
vt 0.469989 0.022915
vt 0.426675 0.074247
vt 0.471538 0.024495
vt 0.469876 0.023363
vt 0.427033 0.074195
vt 0.493424 0.011288
vt 0.493552 0.013078
vt 0.471354 0.024870
vt 0.492983 0.011315
vt 0.493552 0.009161
vt 0.493145 0.009067
vt 0.473156 0.026006
vt 0.473434 0.025691
vt 0.493431 0.007215
vt 0.493639 0.006320
vt 0.474910 0.027033
vt 0.445079 0.072528
vt 0.443682 0.071251
vt 0.443553 0.071831
vt 0.482988 0.103336
vt 0.482580 0.103456
vt 0.483637 0.104726
vt 0.482176 0.102348
vt 0.488272 0.106945
vt 0.486550 0.106265
vt 0.485168 0.105974
vt 0.441855 0.070311
vt 0.441694 0.070612
vt 0.439839 0.069255
vt 0.486894 0.106953
vt 0.438463 0.067940
vt 0.440171 0.068858
vt 0.488389 0.107423
vt 0.489310 0.107219
vt 0.488801 0.106611
vt 0.489972 0.105486
vt 0.488769 0.103566
vt 0.490090 0.104079
vt 0.489767 0.106511
vt 0.500387 0.084045
vt 0.500416 0.082262
vt 0.500148 0.084095
vt 0.500181 0.086168
vt 0.489742 0.097448
vt 0.490012 0.102135
vt 0.490090 0.099915
vt 0.499926 0.086250
vt 0.500271 0.089676
vt 0.500383 0.088302
vt 0.499817 0.088474
vt 0.440408 0.062487
vt 0.439336 0.063795
vt 0.441402 0.065736
vt 0.438539 0.064830
vt 0.440476 0.067819
vt 0.438040 0.065755
vt 0.437921 0.066773
vt 0.443188 0.066786
vt 0.445204 0.065872
vt 0.444631 0.068914
vt 0.444131 0.070367
vt 0.446570 0.071670
vt 0.498811 0.103950
vt 0.498724 0.105308
vt 0.500781 0.105903
vt 0.446561 0.070377
vt 0.446052 0.072411
vt 0.446812 0.070568
vt 0.446662 0.068938
vt 0.447027 0.067100
vt 0.446930 0.069069
vt 0.446754 0.067005
vt 0.483413 0.099549
vt 0.482712 0.100532
vt 0.482284 0.101401
vt 0.486044 0.100920
vt 0.484384 0.098294
vt 0.488609 0.095054
vt 0.489529 0.095388
vt 0.489683 0.094638
vt 0.500416 0.090133
vt 0.500134 0.090927
vt 0.489732 0.095983
vt 0.499818 0.090256
vt 0.444747 0.058680
vt 0.443352 0.059677
vt 0.444832 0.058963
vt 0.499903 0.091200
vt 0.445593 0.058240
vt 0.445594 0.058526
vt 0.444590 0.059475
vt 0.469870 0.074037
vt 0.470154 0.075304
vt 0.470117 0.074276
vt 0.441767 0.061038
vt 0.446050 0.059733
vt 0.445600 0.059550
vt 0.445833 0.061462
vt 0.499649 0.095536
vt 0.499441 0.097376
vt 0.499225 0.099766
vt 0.445547 0.063723
vt 0.500103 0.094383
vt 0.500315 0.095503
vt 0.499714 0.094196
vt 0.500564 0.097574
vt 0.500781 0.100101
vt 0.487078 0.095489
vt 0.485622 0.096874
vt 0.488359 0.094447
vt 0.489509 0.094134
vt 0.489127 0.093976
vt 0.489574 0.093846
vt 0.500241 0.091314
vt 0.500032 0.091635
vt 0.499920 0.093846
vt 0.469914 0.073457
vt 0.470154 0.073774
vt 0.446022 0.058411
vt 0.447027 0.064719
vt 0.500639 0.102496
vt 0.500720 0.104445
vt 0.498995 0.102058
vt 0.442107 0.069733
vt 0.447035 0.108134
vt 0.445639 0.106857
vt 0.445510 0.107437
vt 0.426913 0.024026
vt 0.426505 0.024146
vt 0.427562 0.025415
vt 0.426101 0.023038
vt 0.432197 0.027635
vt 0.430475 0.026955
vt 0.429093 0.026663
vt 0.443811 0.105917
vt 0.443650 0.106218
vt 0.441795 0.104861
vt 0.430819 0.027643
vt 0.440420 0.103546
vt 0.442127 0.104465
vt 0.432314 0.028112
vt 0.433235 0.027909
vt 0.432726 0.027301
vt 0.433897 0.026176
vt 0.432694 0.024255
vt 0.434016 0.024769
vt 0.433692 0.027201
vt 0.501026 0.071160
vt 0.501055 0.069377
vt 0.500787 0.071210
vt 0.500820 0.073282
vt 0.433668 0.018138
vt 0.433938 0.022825
vt 0.434016 0.020605
vt 0.500564 0.073365
vt 0.500909 0.076791
vt 0.501022 0.075417
vt 0.500456 0.075589
vt 0.442365 0.098093
vt 0.441292 0.099401
vt 0.443359 0.101341
vt 0.440495 0.100436
vt 0.442432 0.103425
vt 0.439997 0.101361
vt 0.439878 0.102379
vt 0.445145 0.102392
vt 0.447160 0.101478
vt 0.446587 0.104520
vt 0.446087 0.105973
vt 0.448526 0.107276
vt 0.497992 0.024528
vt 0.497905 0.025886
vt 0.499962 0.026481
vt 0.448518 0.105983
vt 0.448008 0.108017
vt 0.448768 0.106174
vt 0.448618 0.104544
vt 0.448983 0.102706
vt 0.448887 0.104675
vt 0.448711 0.102611
vt 0.427339 0.020239
vt 0.426637 0.021222
vt 0.426209 0.022091
vt 0.429968 0.021611
vt 0.428309 0.018984
vt 0.432534 0.015744
vt 0.433454 0.016078
vt 0.433608 0.015328
vt 0.501055 0.077248
vt 0.500773 0.078042
vt 0.433657 0.016673
vt 0.500457 0.077371
vt 0.446703 0.094287
vt 0.445308 0.095283
vt 0.446789 0.094569
vt 0.500542 0.078315
vt 0.447549 0.093846
vt 0.447551 0.094132
vt 0.446546 0.095081
vt 0.471728 0.074037
vt 0.472013 0.075304
vt 0.471975 0.074276
vt 0.443724 0.096644
vt 0.448007 0.095339
vt 0.447557 0.095156
vt 0.447790 0.097068
vt 0.498830 0.016114
vt 0.498622 0.017954
vt 0.498407 0.020344
vt 0.447504 0.099329
vt 0.499285 0.014961
vt 0.499496 0.016081
vt 0.498896 0.014774
vt 0.499745 0.018152
vt 0.499962 0.020679
vt 0.431004 0.016178
vt 0.429548 0.017564
vt 0.432284 0.015137
vt 0.433434 0.014824
vt 0.433053 0.014666
vt 0.433499 0.014536
vt 0.500880 0.078429
vt 0.500671 0.078750
vt 0.499101 0.014424
vt 0.471773 0.073457
vt 0.472013 0.073774
vt 0.447979 0.094017
vt 0.448983 0.100325
vt 0.499820 0.023074
vt 0.499902 0.025023
vt 0.498176 0.022636
vt 0.444063 0.105339
vt 0.444372 0.041224
vt 0.443143 0.039551
vt 0.442938 0.040174
vt 0.449542 0.053800
vt 0.449141 0.054013
vt 0.450409 0.054941
vt 0.448599 0.053011
vt 0.450624 0.054610
vt 0.455483 0.055963
vt 0.453625 0.055728
vt 0.452169 0.055727
vt 0.441543 0.038061
vt 0.441230 0.038597
vt 0.439536 0.036982
vt 0.454068 0.056274
vt 0.438312 0.035537
vt 0.439924 0.036575
vt 0.455663 0.056388
vt 0.456609 0.055927
vt 0.456009 0.055461
vt 0.457162 0.053901
vt 0.456211 0.052279
vt 0.457162 0.052394
vt 0.457033 0.055044
vt 0.456992 0.048054
vt 0.457134 0.050409
vt 0.455892 0.044530
vt 0.456464 0.045681
vt 0.457095 0.008055
vt 0.457052 0.005987
vt 0.456832 0.008188
vt 0.442395 0.029927
vt 0.440875 0.030948
vt 0.441092 0.031218
vt 0.498778 0.048780
vt 0.499227 0.051133
vt 0.499763 0.051003
vt 0.439659 0.031910
vt 0.441638 0.031681
vt 0.441328 0.034111
vt 0.438746 0.032694
vt 0.440348 0.035627
vt 0.438142 0.033450
vt 0.437906 0.034368
vt 0.443176 0.035165
vt 0.445278 0.034884
vt 0.444360 0.037533
vt 0.445170 0.029895
vt 0.443696 0.038779
vt 0.445954 0.040780
vt 0.495957 0.065781
vt 0.495921 0.067157
vt 0.497937 0.067803
vt 0.446097 0.039550
vt 0.445353 0.041356
vt 0.446323 0.039804
vt 0.446363 0.038233
vt 0.446937 0.036640
vt 0.446614 0.038437
vt 0.446678 0.036464
vt 0.449672 0.049687
vt 0.449012 0.050935
vt 0.448630 0.051984
vt 0.452578 0.050339
vt 0.450589 0.048082
vt 0.454734 0.043520
vt 0.455842 0.042752
vt 0.456121 0.043767
vt 0.457014 0.010599
vt 0.456996 0.009733
vt 0.456738 0.009948
vt 0.498762 0.044280
vt 0.498717 0.046303
vt 0.499374 0.044289
vt 0.456769 0.010878
vt 0.498864 0.043177
vt 0.499190 0.042985
vt 0.499312 0.046372
vt 0.444571 0.029564
vt 0.443046 0.030580
vt 0.499498 0.048719
vt 0.499763 0.046071
vt 0.446122 0.028914
vt 0.446312 0.029530
vt 0.446816 0.029565
vt 0.446405 0.031056
vt 0.496491 0.057287
vt 0.496348 0.059142
vt 0.496218 0.061555
vt 0.445864 0.033024
vt 0.496900 0.056136
vt 0.497140 0.057271
vt 0.496515 0.055937
vt 0.497446 0.059368
vt 0.497739 0.061928
vt 0.453182 0.044367
vt 0.451771 0.046234
vt 0.454439 0.042911
vt 0.455613 0.042278
vt 0.455208 0.042194
vt 0.455670 0.041923
vt 0.457095 0.010978
vt 0.456869 0.011303
vt 0.496707 0.055590
vt 0.498991 0.042638
vt 0.446937 0.028392
vt 0.497681 0.064348
vt 0.497937 0.064331
vt 0.497827 0.066325
vt 0.496071 0.063870
vt 0.442011 0.037239
vt 0.498748 0.070500
vt 0.498185 0.072370
vt 0.498882 0.072132
vt 0.449546 0.070288
vt 0.449201 0.070520
vt 0.450616 0.071372
vt 0.448600 0.069546
vt 0.450714 0.071034
vt 0.448637 0.068509
vt 0.449783 0.069562
vt 0.455556 0.072115
vt 0.453763 0.071984
vt 0.452478 0.072055
vt 0.498381 0.074254
vt 0.498855 0.074140
vt 0.498882 0.076026
vt 0.454319 0.072500
vt 0.498750 0.077438
vt 0.498477 0.076023
vt 0.455802 0.072532
vt 0.456706 0.072015
vt 0.456067 0.071581
vt 0.457289 0.069939
vt 0.456230 0.068411
vt 0.457289 0.068420
vt 0.457141 0.071100
vt 0.455939 0.060575
vt 0.457226 0.066398
vt 0.457050 0.064060
vt 0.456687 0.061582
vt 0.466418 0.030621
vt 0.466422 0.028619
vt 0.464302 0.028623
vt 0.466397 0.027096
vt 0.463863 0.026170
vt 0.466252 0.025938
vt 0.465847 0.025043
vt 0.462943 0.029967
vt 0.462325 0.027344
vt 0.462437 0.032876
vt 0.460980 0.029017
vt 0.460697 0.028082
vt 0.495921 0.072257
vt 0.496725 0.072227
vt 0.497425 0.069377
vt 0.496491 0.069466
vt 0.498226 0.069632
vt 0.449721 0.066131
vt 0.449041 0.067427
vt 0.452625 0.066584
vt 0.450651 0.064457
vt 0.454945 0.059638
vt 0.455544 0.058341
vt 0.456272 0.059570
vt 0.455939 0.058484
vt 0.465110 0.038783
vt 0.465726 0.037540
vt 0.465453 0.036734
vt 0.465448 0.038646
vt 0.466055 0.035501
vt 0.466325 0.032999
vt 0.464276 0.037420
vt 0.464776 0.037520
vt 0.464789 0.038907
vt 0.464079 0.038179
vt 0.462918 0.036702
vt 0.461609 0.034809
vt 0.454321 0.059641
vt 0.453207 0.060567
vt 0.451818 0.062529
vt 0.454442 0.059028
vt 0.455204 0.058262
vt 0.455669 0.057962
vt 0.465214 0.039182
vt 0.460501 0.032935
vt 0.459640 0.031310
vt 0.459012 0.030043
vt 0.497427 0.072316
vt 0.496521 0.074312
vt 0.462134 0.026519
vt 0.460555 0.027238
vt 0.497229 0.074340
vt 0.497852 0.074329
vt 0.463576 0.025348
vt 0.461992 0.025875
vt 0.498005 0.076031
vt 0.464626 0.025145
vt 0.498474 0.077287
vt 0.498160 0.077028
vt 0.464867 0.024841
vt 0.464993 0.024575
vt 0.458726 0.089719
vt 0.458440 0.089937
vt 0.459800 0.090848
vt 0.457880 0.088924
vt 0.478063 0.078538
vt 0.478736 0.077661
vt 0.477857 0.078391
vt 0.460445 0.090764
vt 0.457941 0.087866
vt 0.458917 0.088978
vt 0.464487 0.091838
vt 0.463284 0.091788
vt 0.461593 0.091612
vt 0.491406 0.009334
vt 0.490862 0.011352
vt 0.491358 0.011279
vt 0.491409 0.013115
vt 0.463349 0.092155
vt 0.491331 0.014472
vt 0.490991 0.013079
vt 0.464750 0.092272
vt 0.465611 0.091797
vt 0.464618 0.091115
vt 0.466031 0.090888
vt 0.466178 0.089716
vt 0.464973 0.080139
vt 0.466174 0.088178
vt 0.466110 0.086137
vt 0.465953 0.083751
vt 0.465641 0.081199
vt 0.483811 0.083903
vt 0.484704 0.082089
vt 0.482808 0.081328
vt 0.485357 0.080696
vt 0.483484 0.078917
vt 0.485734 0.079584
vt 0.484671 0.078393
vt 0.485756 0.078607
vt 0.481156 0.081370
vt 0.479692 0.079928
vt 0.479399 0.083019
vt 0.477356 0.080510
vt 0.477465 0.079374
vt 0.478674 0.078624
vt 0.459169 0.085301
vt 0.458354 0.086775
vt 0.460507 0.085696
vt 0.464356 0.079205
vt 0.464617 0.077804
vt 0.465285 0.079110
vt 0.480180 0.090019
vt 0.481355 0.088247
vt 0.480112 0.089770
vt 0.464996 0.077970
vt 0.479456 0.090950
vt 0.479467 0.090640
vt 0.479995 0.089328
vt 0.490880 0.030035
vt 0.490880 0.028732
vt 0.490734 0.029736
vt 0.482686 0.086041
vt 0.478872 0.089200
vt 0.479115 0.090918
vt 0.479791 0.087704
vt 0.478752 0.090955
vt 0.478821 0.090455
vt 0.478427 0.090008
vt 0.478017 0.088187
vt 0.477664 0.085937
vt 0.463565 0.079003
vt 0.462397 0.079957
vt 0.461070 0.081894
vt 0.463587 0.078438
vt 0.459930 0.083811
vt 0.464316 0.077692
vt 0.464757 0.077411
vt 0.479016 0.091371
vt 0.477474 0.083774
vt 0.477389 0.081932
vt 0.489973 0.009395
vt 0.491332 0.007743
vt 0.490390 0.007856
vt 0.490688 0.007123
vt 0.479995 0.078588
vt 0.490519 0.009535
vt 0.481764 0.078573
vt 0.480215 0.077949
vt 0.490330 0.011381
vt 0.489735 0.011335
vt 0.483578 0.078045
vt 0.481907 0.077917
vt 0.490520 0.013045
vt 0.484956 0.078052
vt 0.491052 0.014301
vt 0.485182 0.077849
vt 0.483710 0.077661
vt 0.494259 0.074286
vt 0.493384 0.076028
vt 0.494327 0.075787
vt 0.417520 0.070157
vt 0.417232 0.070391
vt 0.418530 0.071264
vt 0.493978 0.074494
vt 0.493621 0.073739
vt 0.416724 0.069381
vt 0.417189 0.028971
vt 0.417801 0.028052
vt 0.416982 0.028811
vt 0.419298 0.071216
vt 0.420651 0.070429
vt 0.423009 0.072105
vt 0.421849 0.072096
vt 0.420246 0.071977
vt 0.493772 0.077722
vt 0.494272 0.077636
vt 0.494327 0.079390
vt 0.421925 0.072468
vt 0.494249 0.080688
vt 0.493906 0.079362
vt 0.423265 0.072532
vt 0.424089 0.072024
vt 0.424620 0.069902
vt 0.418930 0.066916
vt 0.424595 0.068186
vt 0.424486 0.071091
vt 0.423685 0.061493
vt 0.424593 0.066220
vt 0.423481 0.058850
vt 0.424506 0.063726
vt 0.424301 0.061032
vt 0.422577 0.034455
vt 0.424096 0.031137
vt 0.421738 0.031822
vt 0.422365 0.029343
vt 0.424483 0.030009
vt 0.423492 0.028802
vt 0.424518 0.029023
vt 0.420240 0.031838
vt 0.418822 0.030432
vt 0.418634 0.033081
vt 0.416587 0.031115
vt 0.416648 0.029855
vt 0.417789 0.029071
vt 0.417346 0.067067
vt 0.416847 0.068286
vt 0.422436 0.058963
vt 0.423534 0.057249
vt 0.424070 0.058735
vt 0.419116 0.041141
vt 0.420244 0.039124
vt 0.420115 0.038964
vt 0.434899 0.076567
vt 0.434899 0.074190
vt 0.434758 0.076356
vt 0.423873 0.057446
vt 0.448731 0.023083
vt 0.448591 0.024381
vt 0.448731 0.024582
vt 0.418461 0.041932
vt 0.419077 0.040900
vt 0.418918 0.040579
vt 0.397571 0.018665
vt 0.397571 0.017187
vt 0.397432 0.018355
vt 0.418097 0.040614
vt 0.418465 0.040825
vt 0.417793 0.042350
vt 0.418117 0.042408
vt 0.417545 0.041382
vt 0.417233 0.039513
vt 0.416780 0.034710
vt 0.416959 0.037098
vt 0.421533 0.059539
vt 0.420236 0.061677
vt 0.422635 0.057920
vt 0.419073 0.063786
vt 0.423296 0.057115
vt 0.423689 0.056810
vt 0.418007 0.042764
vt 0.480036 0.108633
vt 0.480036 0.107706
vt 0.479924 0.108240
vt 0.478350 0.107706
vt 0.478232 0.108359
vt 0.478350 0.108654
vt 0.421503 0.036732
vt 0.419258 0.028370
vt 0.418201 0.028514
vt 0.493314 0.074446
vt 0.493652 0.074835
vt 0.417943 0.028282
vt 0.420740 0.029091
vt 0.420877 0.028328
vt 0.493236 0.077767
vt 0.422457 0.028444
vt 0.493432 0.079336
vt 0.423763 0.028455
vt 0.493970 0.080527
vt 0.423977 0.028252
vt 0.422578 0.028052
vt 0.473444 0.007475
vt 0.473141 0.009143
vt 0.473558 0.008955
vt 0.403988 0.090891
vt 0.404246 0.090473
vt 0.402675 0.090285
vt 0.473159 0.007721
vt 0.472741 0.007041
vt 0.405120 0.091154
vt 0.445308 0.091366
vt 0.444717 0.092272
vt 0.445545 0.091535
vt 0.402228 0.090700
vt 0.405428 0.092218
vt 0.403893 0.091731
vt 0.398304 0.091584
vt 0.399327 0.091075
vt 0.400802 0.090423
vt 0.473031 0.010927
vt 0.473523 0.010801
vt 0.473558 0.012540
vt 0.399104 0.090733
vt 0.473435 0.013856
vt 0.473136 0.012551
vt 0.397888 0.091275
vt 0.397349 0.092124
vt 0.397346 0.093203
vt 0.399070 0.094265
vt 0.400640 0.092179
vt 0.398297 0.096067
vt 0.397674 0.094453
vt 0.400322 0.096041
vt 0.400247 0.100790
vt 0.399113 0.098218
vt 0.401095 0.100496
vt 0.402517 0.103560
vt 0.401871 0.103850
vt 0.442305 0.079636
vt 0.440709 0.082680
vt 0.442419 0.079810
vt 0.439629 0.085242
vt 0.438823 0.087376
vt 0.440348 0.088423
vt 0.438244 0.088963
vt 0.439906 0.090882
vt 0.437918 0.090177
vt 0.437918 0.091202
vt 0.441809 0.088625
vt 0.443558 0.085590
vt 0.443443 0.088971
vt 0.442720 0.083568
vt 0.443282 0.091053
vt 0.445836 0.090486
vt 0.445509 0.085391
vt 0.445665 0.087602
vt 0.445825 0.089230
vt 0.404809 0.098896
vt 0.405151 0.097545
vt 0.405286 0.095234
vt 0.405430 0.093529
vt 0.403921 0.094217
vt 0.403115 0.099478
vt 0.404946 0.103835
vt 0.403961 0.106183
vt 0.405148 0.108775
vt 0.403510 0.106575
vt 0.443947 0.076936
vt 0.465054 0.075694
vt 0.465054 0.072369
vt 0.464919 0.075463
vt 0.404546 0.108063
vt 0.448731 0.029693
vt 0.448586 0.031499
vt 0.448731 0.031739
vt 0.444890 0.075834
vt 0.443951 0.077217
vt 0.444294 0.077166
vt 0.397571 0.031777
vt 0.397571 0.029699
vt 0.397433 0.031411
vt 0.441956 0.082791
vt 0.445410 0.075191
vt 0.444056 0.082022
vt 0.445522 0.075779
vt 0.445743 0.079053
vt 0.445764 0.075233
vt 0.445836 0.076472
vt 0.405429 0.106885
vt 0.405206 0.100683
vt 0.405070 0.106781
vt 0.405333 0.108234
vt 0.445592 0.074752
vt 0.435717 0.018623
vt 0.435717 0.017334
vt 0.435602 0.018141
vt 0.435722 0.020197
vt 0.435602 0.021114
vt 0.435722 0.021487
vt 0.445566 0.082387
vt 0.444235 0.091814
vt 0.444539 0.092045
vt 0.443105 0.091959
vt 0.441502 0.091201
vt 0.472655 0.009288
vt 0.472483 0.011037
vt 0.472833 0.008104
vt 0.441424 0.091984
vt 0.439877 0.091827
vt 0.472642 0.012587
vt 0.438950 0.091594
vt 0.473146 0.013729
vt 0.472814 0.013504
vt 0.438658 0.091787
vt 0.438470 0.091987
vt 0.490857 0.066203
vt 0.491697 0.067577
vt 0.492024 0.067368
vt 0.469115 0.013723
vt 0.468430 0.012342
vt 0.468874 0.013856
vt 0.450304 0.027341
vt 0.450902 0.026533
vt 0.450657 0.026396
vt 0.451231 0.026630
vt 0.469326 0.013453
vt 0.468766 0.011370
vt 0.450380 0.028339
vt 0.451126 0.030800
vt 0.469247 0.012330
vt 0.469199 0.010574
vt 0.469191 0.008799
vt 0.468777 0.008688
vt 0.468229 0.010438
vt 0.492723 0.069169
vt 0.493075 0.068847
vt 0.493537 0.070766
vt 0.468385 0.008557
vt 0.494135 0.071883
vt 0.493773 0.070411
vt 0.469031 0.007326
vt 0.468797 0.007111
vt 0.469326 0.006448
vt 0.456742 0.023762
vt 0.455901 0.023754
vt 0.456329 0.024229
vt 0.455740 0.024103
vt 0.469239 0.007676
vt 0.454828 0.024533
vt 0.452176 0.026023
vt 0.457164 0.025677
vt 0.452982 0.028632
vt 0.457142 0.027214
vt 0.456308 0.027608
vt 0.457074 0.024560
vt 0.456827 0.031740
vt 0.457143 0.029253
vt 0.499193 0.038738
vt 0.499025 0.038826
vt 0.499308 0.041064
vt 0.499071 0.035726
vt 0.455201 0.036982
vt 0.456128 0.034773
vt 0.498886 0.035742
vt 0.491662 0.085584
vt 0.489381 0.086815
vt 0.491560 0.087705
vt 0.491485 0.089272
vt 0.488926 0.089347
vt 0.491034 0.091171
vt 0.491358 0.090401
vt 0.488124 0.085501
vt 0.487841 0.082776
vt 0.487330 0.084580
vt 0.488821 0.082492
vt 0.494347 0.065643
vt 0.493326 0.064349
vt 0.492837 0.065523
vt 0.494009 0.066875
vt 0.490721 0.064281
vt 0.490572 0.065128
vt 0.491539 0.062517
vt 0.491069 0.063507
vt 0.452128 0.032343
vt 0.451537 0.032773
vt 0.450689 0.029415
vt 0.453636 0.038152
vt 0.455463 0.032027
vt 0.454455 0.038159
vt 0.454389 0.039072
vt 0.455123 0.037514
vt 0.499235 0.033232
vt 0.499112 0.032758
vt 0.499214 0.030963
vt 0.498935 0.032569
vt 0.490355 0.076550
vt 0.490614 0.079586
vt 0.491184 0.079673
vt 0.489843 0.076580
vt 0.499054 0.030606
vt 0.489717 0.074716
vt 0.489217 0.074272
vt 0.489930 0.080371
vt 0.491662 0.082950
vt 0.489204 0.076150
vt 0.488659 0.077677
vt 0.488892 0.075580
vt 0.494342 0.057036
vt 0.494015 0.061039
vt 0.494253 0.058811
vt 0.488308 0.080347
vt 0.494263 0.056073
vt 0.493733 0.056045
vt 0.494078 0.055590
vt 0.493218 0.057307
vt 0.492614 0.059114
vt 0.453499 0.039273
vt 0.451956 0.035184
vt 0.452497 0.037570
vt 0.453043 0.039334
vt 0.453933 0.039843
vt 0.453471 0.040118
vt 0.453791 0.040349
vt 0.499308 0.030012
vt 0.499166 0.029528
vt 0.448735 0.012155
vt 0.448549 0.012446
vt 0.448735 0.012937
vt 0.495382 0.106375
vt 0.495382 0.105762
vt 0.495205 0.106064
vt 0.489304 0.073758
vt 0.488993 0.074476
vt 0.492066 0.061016
vt 0.493690 0.062986
vt 0.492357 0.066935
vt 0.493638 0.067945
vt 0.493388 0.068457
vt 0.487430 0.088471
vt 0.487366 0.089108
vt 0.488733 0.090086
vt 0.494010 0.070016
vt 0.490293 0.091369
vt 0.488839 0.090501
vt 0.468800 0.035459
vt 0.468328 0.035409
vt 0.469381 0.036830
vt 0.402906 0.007458
vt 0.402471 0.009222
vt 0.402732 0.009290
vt 0.480387 0.063714
vt 0.480632 0.063688
vt 0.481868 0.062458
vt 0.479865 0.064742
vt 0.467998 0.034285
vt 0.470206 0.037204
vt 0.468648 0.034617
vt 0.468230 0.033424
vt 0.474284 0.040456
vt 0.472961 0.039687
vt 0.470969 0.038413
vt 0.402324 0.011224
vt 0.402670 0.011392
vt 0.402906 0.013365
vt 0.472781 0.039927
vt 0.474387 0.040929
vt 0.450380 0.007795
vt 0.450305 0.009352
vt 0.450596 0.009532
vt 0.450655 0.011250
vt 0.475438 0.041064
vt 0.474946 0.040368
vt 0.476389 0.039627
vt 0.475847 0.037776
vt 0.476688 0.038342
vt 0.476036 0.040537
vt 0.477164 0.034512
vt 0.477060 0.036649
vt 0.477212 0.030777
vt 0.447647 0.076375
vt 0.447647 0.074258
vt 0.447410 0.076316
vt 0.477353 0.032304
vt 0.477394 0.034581
vt 0.458836 0.009081
vt 0.458940 0.011303
vt 0.459065 0.009094
vt 0.488998 0.064440
vt 0.488904 0.062780
vt 0.486504 0.062967
vt 0.488795 0.061547
vt 0.488569 0.060665
vt 0.488059 0.060070
vt 0.487853 0.060269
vt 0.485877 0.061136
vt 0.487207 0.060547
vt 0.484804 0.063838
vt 0.484567 0.067152
vt 0.482934 0.064687
vt 0.482192 0.063243
vt 0.479973 0.065567
vt 0.480456 0.066298
vt 0.480967 0.063661
vt 0.469720 0.032013
vt 0.468816 0.032729
vt 0.472546 0.034125
vt 0.470956 0.031142
vt 0.476746 0.030022
vt 0.477394 0.030497
vt 0.477318 0.029486
vt 0.458669 0.007614
vt 0.458857 0.007348
vt 0.459065 0.007262
vt 0.458787 0.006402
vt 0.488531 0.070375
vt 0.488812 0.068596
vt 0.488151 0.070861
vt 0.458974 0.006236
vt 0.488267 0.071370
vt 0.487917 0.069698
vt 0.486367 0.070694
vt 0.486957 0.070507
vt 0.487351 0.070121
vt 0.487856 0.071508
vt 0.487523 0.071791
vt 0.486674 0.071407
vt 0.485270 0.070537
vt 0.483676 0.069372
vt 0.475852 0.029371
vt 0.474307 0.029393
vt 0.472514 0.030212
vt 0.475864 0.028841
vt 0.477182 0.028959
vt 0.476780 0.028649
vt 0.458672 0.005933
vt 0.458836 0.005704
vt 0.477297 0.028668
vt 0.488025 0.071883
vt 0.482312 0.068175
vt 0.481242 0.067120
vt 0.488999 0.066446
vt 0.482028 0.062604
vt 0.483952 0.061864
vt 0.402773 0.007528
vt 0.402261 0.009032
vt 0.402060 0.010969
vt 0.483731 0.061406
vt 0.451025 0.011303
vt 0.485509 0.060619
vt 0.450923 0.009595
vt 0.486684 0.060319
vt 0.450789 0.008315
vt 0.450828 0.007045
vt 0.451025 0.007783
vt 0.487060 0.059910
vt 0.438853 0.051753
vt 0.438416 0.051815
vt 0.439705 0.053227
vt 0.496212 0.017342
vt 0.496036 0.019001
vt 0.496331 0.019041
vt 0.437906 0.050638
vt 0.440504 0.053417
vt 0.438577 0.050869
vt 0.438006 0.049678
vt 0.444906 0.056145
vt 0.443541 0.055592
vt 0.441512 0.054690
vt 0.495770 0.020996
vt 0.496318 0.021256
vt 0.496331 0.023586
vt 0.443455 0.055948
vt 0.445101 0.056666
vt 0.496215 0.025430
vt 0.495800 0.023216
vt 0.446115 0.056595
vt 0.445528 0.055926
vt 0.446833 0.054900
vt 0.445988 0.053006
vt 0.446931 0.053469
vt 0.446619 0.055928
vt 0.447022 0.049275
vt 0.447027 0.051573
vt 0.446226 0.045493
vt 0.446836 0.046787
vt 0.481095 0.073457
vt 0.480783 0.074937
vt 0.481095 0.075059
vt 0.491224 0.023907
vt 0.492514 0.024909
vt 0.491244 0.023560
vt 0.494470 0.026188
vt 0.493615 0.022757
vt 0.495207 0.026481
vt 0.495114 0.023158
vt 0.495815 0.026334
vt 0.493970 0.020607
vt 0.493188 0.020502
vt 0.413011 0.011649
vt 0.411143 0.012465
vt 0.412419 0.014420
vt 0.492145 0.020400
vt 0.410647 0.013583
vt 0.494718 0.018562
vt 0.494107 0.018541
vt 0.412264 0.014988
vt 0.413839 0.015434
vt 0.414717 0.015026
vt 0.495816 0.016387
vt 0.494967 0.017053
vt 0.414605 0.015671
vt 0.495123 0.016325
vt 0.494461 0.016371
vt 0.495206 0.016046
vt 0.494497 0.016082
vt 0.415013 0.014147
vt 0.414994 0.015128
vt 0.439251 0.047919
vt 0.438478 0.048840
vt 0.442284 0.049649
vt 0.440317 0.046765
vt 0.445223 0.044182
vt 0.445931 0.043270
vt 0.446548 0.044711
vt 0.446280 0.043541
vt 0.419532 0.008139
vt 0.419480 0.009260
vt 0.419763 0.008378
vt 0.419876 0.009742
vt 0.419929 0.011229
vt 0.419441 0.011276
vt 0.489894 0.021880
vt 0.491184 0.022891
vt 0.491017 0.021702
vt 0.489735 0.021098
vt 0.420005 0.013503
vt 0.412693 0.007335
vt 0.411919 0.007869
vt 0.412318 0.008297
vt 0.411338 0.009461
vt 0.412176 0.010237
vt 0.413432 0.007810
vt 0.413083 0.007369
vt 0.414170 0.008434
vt 0.413792 0.006796
vt 0.414206 0.006922
vt 0.414454 0.007798
vt 0.414726 0.009349
vt 0.414937 0.011181
vt 0.444580 0.043917
vt 0.443274 0.044265
vt 0.441678 0.045481
vt 0.444683 0.043379
vt 0.445534 0.043002
vt 0.446036 0.042930
vt 0.413981 0.006464
vt 0.419587 0.007567
vt 0.419820 0.007881
vt 0.413442 0.006810
vt 0.415011 0.012823
vt 0.420005 0.009159
vt 0.490911 0.020302
vt 0.419655 0.013693
vt 0.495598 0.018887
vt 0.495077 0.020799
vt 0.470750 0.066945
vt 0.470329 0.067009
vt 0.471485 0.068428
vt 0.497235 0.034018
vt 0.496193 0.035103
vt 0.496569 0.035470
vt 0.469870 0.065822
vt 0.472262 0.068623
vt 0.470496 0.066052
vt 0.469955 0.064849
vt 0.476358 0.071357
vt 0.475074 0.070804
vt 0.473135 0.069896
vt 0.495190 0.036697
vt 0.495540 0.037257
vt 0.494462 0.039155
vt 0.474959 0.071162
vt 0.476522 0.071883
vt 0.493486 0.040580
vt 0.494176 0.038518
vt 0.477474 0.071806
vt 0.476935 0.071132
vt 0.478121 0.070083
vt 0.477310 0.068179
vt 0.478204 0.068632
vt 0.477933 0.071127
vt 0.477377 0.062005
vt 0.478287 0.066661
vt 0.477611 0.060163
vt 0.478292 0.064386
vt 0.478110 0.061865
vt 0.490383 0.037859
vt 0.491559 0.040114
vt 0.492432 0.036793
vt 0.492084 0.040805
vt 0.493597 0.038050
vt 0.492700 0.041064
vt 0.493454 0.034995
vt 0.493041 0.032746
vt 0.492209 0.033970
vt 0.494077 0.033264
vt 0.495667 0.034415
vt 0.496923 0.032343
vt 0.495684 0.032647
vt 0.497314 0.032998
vt 0.496106 0.032143
vt 0.440214 0.014291
vt 0.439392 0.014882
vt 0.440162 0.015053
vt 0.496268 0.031931
vt 0.495224 0.031846
vt 0.440579 0.013264
vt 0.440513 0.014351
vt 0.495352 0.031609
vt 0.471086 0.063055
vt 0.470380 0.063995
vt 0.473919 0.064775
vt 0.472065 0.061882
vt 0.476631 0.059242
vt 0.477281 0.058306
vt 0.477839 0.059764
vt 0.487588 0.056596
vt 0.487278 0.057834
vt 0.487588 0.057921
vt 0.475598 0.075508
vt 0.475598 0.073457
vt 0.475423 0.075331
vt 0.477587 0.058580
vt 0.474936 0.107706
vt 0.474670 0.108414
vt 0.474936 0.108585
vt 0.489160 0.030035
vt 0.489160 0.028765
vt 0.488990 0.029759
vt 0.439223 0.008134
vt 0.438559 0.008209
vt 0.438417 0.008509
vt 0.437577 0.008870
vt 0.437412 0.008493
vt 0.489008 0.032704
vt 0.489438 0.033775
vt 0.488994 0.032097
vt 0.439658 0.009135
vt 0.439200 0.008791
vt 0.438286 0.010229
vt 0.439066 0.010615
vt 0.490308 0.032500
vt 0.489111 0.031609
vt 0.439941 0.010404
vt 0.440007 0.008266
vt 0.439617 0.008210
vt 0.440228 0.009023
vt 0.440443 0.010347
vt 0.440579 0.011896
vt 0.476029 0.058979
vt 0.474800 0.059331
vt 0.473321 0.060572
vt 0.476107 0.058425
vt 0.476896 0.058039
vt 0.477359 0.057962
vt 0.439793 0.007863
vt 0.439348 0.007820
vt 0.438834 0.008604
vt 0.438065 0.013839
vt 0.438411 0.012826
vt 0.437037 0.012179
vt 0.489235 0.034160
vt 0.489680 0.036246
vt 0.489059 0.034389
vt 0.494678 0.036114
vt 0.479762 0.034924
vt 0.479333 0.034897
vt 0.480363 0.036526
vt 0.459276 0.072369
vt 0.458924 0.073889
vt 0.459246 0.073932
vt 0.397571 0.020238
vt 0.397381 0.020356
vt 0.397571 0.021634
vt 0.448726 0.014511
vt 0.448544 0.015601
vt 0.448726 0.015602
vt 0.458034 0.021964
vt 0.457212 0.022172
vt 0.458151 0.022180
vt 0.478968 0.033667
vt 0.481144 0.036883
vt 0.479572 0.034023
vt 0.479119 0.032780
vt 0.485007 0.040375
vt 0.483767 0.039572
vt 0.481886 0.038307
vt 0.458863 0.075503
vt 0.459276 0.075601
vt 0.452259 0.019549
vt 0.454124 0.020619
vt 0.454486 0.020455
vt 0.483614 0.039905
vt 0.485127 0.040920
vt 0.450831 0.018547
vt 0.452897 0.019294
vt 0.486082 0.041064
vt 0.485595 0.040298
vt 0.486840 0.039614
vt 0.485087 0.037721
vt 0.486388 0.037629
vt 0.487024 0.038280
vt 0.486583 0.040541
vt 0.486697 0.031882
vt 0.487248 0.036454
vt 0.487050 0.030191
vt 0.487416 0.034321
vt 0.487416 0.031919
vt 0.453095 0.015164
vt 0.451946 0.015915
vt 0.454363 0.017444
vt 0.451077 0.016520
vt 0.450498 0.017076
vt 0.453289 0.018708
vt 0.450305 0.017729
vt 0.456398 0.018124
vt 0.445322 0.010172
vt 0.446846 0.010817
vt 0.446937 0.009135
vt 0.458156 0.017874
vt 0.457447 0.019814
vt 0.457178 0.016755
vt 0.456825 0.020705
vt 0.458106 0.021158
vt 0.444924 0.008472
vt 0.443143 0.008311
vt 0.442461 0.008944
vt 0.457645 0.021554
vt 0.442307 0.008445
vt 0.458563 0.021561
vt 0.458866 0.020908
vt 0.458730 0.021746
vt 0.459065 0.021051
vt 0.442528 0.009694
vt 0.442154 0.008975
vt 0.480362 0.031383
vt 0.479598 0.032089
vt 0.483054 0.033652
vt 0.481415 0.030518
vt 0.486139 0.029094
vt 0.486843 0.028384
vt 0.487296 0.029890
vt 0.457661 0.013085
vt 0.456197 0.013604
vt 0.457815 0.013286
vt 0.487130 0.028724
vt 0.458540 0.012877
vt 0.397571 0.015613
vt 0.397571 0.014367
vt 0.397417 0.015393
vt 0.458619 0.013073
vt 0.457914 0.013729
vt 0.458729 0.013808
vt 0.445866 0.012359
vt 0.446679 0.013716
vt 0.446073 0.013884
vt 0.445175 0.012888
vt 0.446149 0.014787
vt 0.446605 0.014707
vt 0.445568 0.014216
vt 0.444698 0.013149
vt 0.443775 0.011855
vt 0.485568 0.028712
vt 0.484310 0.028774
vt 0.482753 0.029590
vt 0.485672 0.028231
vt 0.486483 0.028055
vt 0.486947 0.028093
vt 0.446543 0.015053
vt 0.446926 0.014588
vt 0.446937 0.014914
vt 0.459065 0.013039
vt 0.443054 0.010666
vt 0.454528 0.014344
vt 0.431144 0.076567
vt 0.430990 0.075884
vt 0.430785 0.076061
vt 0.457154 0.021658
vt 0.457223 0.021949
vt 0.456323 0.021133
vt 0.455211 0.019812
vt 0.431144 0.074726
vt 0.430826 0.074571
vt 0.456061 0.021384
vt 0.454841 0.020215
vt 0.406350 0.052281
vt 0.405886 0.052306
vt 0.407255 0.053729
vt 0.498142 0.082262
vt 0.497960 0.083757
vt 0.498243 0.083782
vt 0.497948 0.082419
vt 0.465695 0.022882
vt 0.464574 0.022828
vt 0.464765 0.023001
vt 0.405346 0.051153
vt 0.408105 0.053977
vt 0.406053 0.051418
vt 0.405452 0.050242
vt 0.412762 0.056876
vt 0.411318 0.056253
vt 0.409171 0.055240
vt 0.497702 0.085638
vt 0.498228 0.085860
vt 0.498243 0.088134
vt 0.411229 0.056578
vt 0.412970 0.057383
vt 0.498138 0.090012
vt 0.497733 0.087823
vt 0.414045 0.057387
vt 0.413419 0.056708
vt 0.414806 0.055814
vt 0.413951 0.053945
vt 0.414911 0.054455
vt 0.414579 0.056783
vt 0.485704 0.056596
vt 0.485440 0.057943
vt 0.485704 0.058052
vt 0.495700 0.090713
vt 0.495701 0.091081
vt 0.496523 0.091326
vt 0.415007 0.050460
vt 0.415012 0.052652
vt 0.414166 0.046803
vt 0.414810 0.048074
vt 0.477451 0.073457
vt 0.477172 0.075158
vt 0.477451 0.075290
vt 0.493444 0.090215
vt 0.494671 0.090361
vt 0.493460 0.089837
vt 0.480141 0.056596
vt 0.479866 0.058209
vt 0.480141 0.058336
vt 0.494657 0.090740
vt 0.495398 0.088012
vt 0.497191 0.091371
vt 0.497088 0.087940
vt 0.497764 0.091039
vt 0.496147 0.085725
vt 0.495268 0.085914
vt 0.462207 0.019105
vt 0.463536 0.021138
vt 0.464095 0.018848
vt 0.461749 0.016890
vt 0.460961 0.018024
vt 0.466127 0.022350
vt 0.466297 0.021552
vt 0.406774 0.048643
vt 0.405952 0.049471
vt 0.409976 0.050515
vt 0.407903 0.047612
vt 0.413102 0.045484
vt 0.413847 0.044664
vt 0.414506 0.046073
vt 0.426139 0.008626
vt 0.426103 0.010652
vt 0.426314 0.010618
vt 0.414222 0.044938
vt 0.426187 0.007468
vt 0.426410 0.007662
vt 0.426521 0.008996
vt 0.426572 0.010445
vt 0.463437 0.013813
vt 0.462205 0.014893
vt 0.462749 0.015531
vt 0.464671 0.013088
vt 0.426645 0.012643
vt 0.464268 0.013128
vt 0.464799 0.013676
vt 0.465747 0.014171
vt 0.465267 0.013793
vt 0.465439 0.012411
vt 0.465868 0.012560
vt 0.466084 0.013494
vt 0.466293 0.015166
vt 0.466424 0.017159
vt 0.412423 0.045183
vt 0.411037 0.045426
vt 0.409345 0.046477
vt 0.412529 0.044676
vt 0.413432 0.044374
vt 0.413963 0.044338
vt 0.465655 0.012083
vt 0.426237 0.006847
vt 0.426464 0.007127
vt 0.465074 0.012478
vt 0.466424 0.018969
vt 0.466362 0.020445
vt 0.426645 0.008367
vt 0.433184 0.074781
vt 0.432718 0.076387
vt 0.433184 0.076567
vt 0.493400 0.089147
vt 0.494408 0.087997
vt 0.493236 0.087958
vt 0.426308 0.012962
vt 0.464242 0.022614
vt 0.463190 0.021970
vt 0.462990 0.022305
vt 0.461371 0.021159
vt 0.497082 0.085590
vt 0.497628 0.083734
vt 0.497216 0.083654
vt 0.497729 0.082689
vt 0.427169 0.052356
vt 0.426713 0.052389
vt 0.428025 0.053741
vt 0.480400 0.006072
vt 0.480160 0.007462
vt 0.480457 0.007492
vt 0.480201 0.006220
vt 0.478966 0.019641
vt 0.479661 0.018683
vt 0.479425 0.018721
vt 0.426194 0.051247
vt 0.428858 0.053978
vt 0.426885 0.051491
vt 0.426294 0.050303
vt 0.433395 0.056747
vt 0.431984 0.056159
vt 0.429875 0.055170
vt 0.480069 0.009288
vt 0.480422 0.009458
vt 0.480457 0.011633
vt 0.431883 0.056462
vt 0.433589 0.057238
vt 0.480396 0.013448
vt 0.479935 0.011334
vt 0.434637 0.057201
vt 0.434034 0.056545
vt 0.435368 0.055537
vt 0.434506 0.053674
vt 0.435467 0.054134
vt 0.435152 0.056551
vt 0.435560 0.050041
vt 0.435565 0.052283
vt 0.434747 0.046355
vt 0.435367 0.047605
vt 0.488045 0.019798
vt 0.487856 0.018289
vt 0.485643 0.018841
vt 0.487679 0.017174
vt 0.487405 0.016375
vt 0.487166 0.016493
vt 0.479454 0.014472
vt 0.479538 0.014801
vt 0.480067 0.014454
vt 0.479272 0.013522
vt 0.486455 0.016639
vt 0.478968 0.011582
vt 0.484972 0.016890
vt 0.483784 0.018830
vt 0.483755 0.021893
vt 0.481980 0.019558
vt 0.481162 0.018230
vt 0.479120 0.020385
vt 0.479641 0.021060
vt 0.427567 0.048580
vt 0.426775 0.049479
vt 0.430685 0.050341
vt 0.428660 0.047462
vt 0.433718 0.045062
vt 0.434439 0.044169
vt 0.435069 0.045567
vt 0.487920 0.025145
vt 0.488098 0.023552
vt 0.487817 0.023431
vt 0.451165 0.076233
vt 0.451165 0.074157
vt 0.450969 0.076107
vt 0.434792 0.044416
vt 0.492683 0.028732
vt 0.492454 0.029612
vt 0.492683 0.029835
vt 0.448731 0.018473
vt 0.448731 0.017176
vt 0.448544 0.018234
vt 0.487522 0.025726
vt 0.487686 0.024927
vt 0.487254 0.024436
vt 0.485774 0.025292
vt 0.486344 0.025115
vt 0.486711 0.024771
vt 0.487352 0.026110
vt 0.486996 0.026373
vt 0.486127 0.025983
vt 0.484677 0.025121
vt 0.483022 0.023984
vt 0.433052 0.044780
vt 0.431700 0.045068
vt 0.430057 0.046227
vt 0.433149 0.044230
vt 0.434025 0.043877
vt 0.434540 0.043813
vt 0.487501 0.026481
vt 0.493631 0.106612
vt 0.493631 0.105762
vt 0.493476 0.106277
vt 0.397571 0.012038
vt 0.397371 0.012495
vt 0.397571 0.012793
vt 0.481594 0.022834
vt 0.480469 0.021833
vt 0.488162 0.021617
vt 0.480008 0.018551
vt 0.480966 0.017664
vt 0.482804 0.016976
vt 0.479824 0.007441
vt 0.479690 0.009188
vt 0.479972 0.006473
vt 0.482584 0.016613
vt 0.479265 0.009205
vt 0.479434 0.011427
vt 0.484624 0.016375
vt 0.429274 0.096132
vt 0.430366 0.095035
vt 0.428813 0.095900
vt 0.421687 0.008808
vt 0.421631 0.010426
vt 0.421929 0.008954
vt 0.422311 0.007936
vt 0.428152 0.096862
vt 0.435718 0.059608
vt 0.435984 0.059461
vt 0.435000 0.058812
vt 0.436302 0.094263
vt 0.434120 0.094409
vt 0.432480 0.094330
vt 0.421740 0.012199
vt 0.422111 0.012281
vt 0.421878 0.013693
vt 0.434699 0.093881
vt 0.427122 0.059672
vt 0.428968 0.059198
vt 0.428817 0.059032
vt 0.436539 0.093846
vt 0.422195 0.013659
vt 0.437640 0.094339
vt 0.436920 0.094773
vt 0.438304 0.096337
vt 0.437182 0.097890
vt 0.438304 0.097808
vt 0.438144 0.095218
vt 0.436882 0.105464
vt 0.438257 0.099759
vt 0.438077 0.102043
vt 0.437673 0.104453
vt 0.427887 0.065653
vt 0.429560 0.062691
vt 0.427077 0.063902
vt 0.426492 0.062564
vt 0.429088 0.059763
vt 0.426306 0.060515
vt 0.426194 0.061492
vt 0.431610 0.062462
vt 0.433468 0.065508
vt 0.433602 0.061884
vt 0.433439 0.059862
vt 0.436348 0.060386
vt 0.436341 0.061489
vt 0.434974 0.059687
vt 0.429435 0.100146
vt 0.428191 0.097864
vt 0.428650 0.098902
vt 0.432854 0.099621
vt 0.430520 0.101749
vt 0.435369 0.106391
vt 0.436394 0.107601
vt 0.437196 0.106410
vt 0.436811 0.107468
vt 0.432728 0.072092
vt 0.431491 0.070392
vt 0.431502 0.071353
vt 0.432274 0.072180
vt 0.430290 0.069738
vt 0.428963 0.067685
vt 0.433163 0.070457
vt 0.432535 0.070751
vt 0.433152 0.072082
vt 0.433689 0.071093
vt 0.434454 0.069225
vt 0.435223 0.066920
vt 0.431912 0.103602
vt 0.433569 0.105486
vt 0.435044 0.106962
vt 0.435950 0.107694
vt 0.436495 0.107977
vt 0.432765 0.072532
vt 0.435765 0.064736
vt 0.436116 0.062897
vt 0.434497 0.059192
vt 0.422550 0.008643
vt 0.422203 0.009242
vt 0.434819 0.059003
vt 0.433202 0.059066
vt 0.431259 0.059808
vt 0.422550 0.012245
vt 0.422344 0.010518
vt 0.431158 0.059141
vt 0.431086 0.058812
vt 0.405481 0.086885
vt 0.407061 0.087673
vt 0.407307 0.087214
vt 0.424587 0.108327
vt 0.423082 0.108537
vt 0.424847 0.108762
vt 0.425914 0.108343
vt 0.423086 0.108178
vt 0.417667 0.105825
vt 0.419574 0.106928
vt 0.420929 0.107865
vt 0.409201 0.088286
vt 0.409305 0.087826
vt 0.411417 0.088689
vt 0.418821 0.106996
vt 0.413242 0.088696
vt 0.411400 0.088199
vt 0.417251 0.106016
vt 0.416586 0.104970
vt 0.417422 0.105028
vt 0.417089 0.102834
vt 0.418866 0.102169
vt 0.417871 0.101557
vt 0.416629 0.103908
vt 0.423134 0.095838
vt 0.418947 0.099907
vt 0.420311 0.098047
vt 0.421932 0.096206
vt 0.414961 0.082602
vt 0.412298 0.084701
vt 0.415011 0.084578
vt 0.415012 0.086086
vt 0.411780 0.087165
vt 0.414341 0.088168
vt 0.414849 0.087246
vt 0.410318 0.084155
vt 0.409753 0.080672
vt 0.408169 0.084125
vt 0.407486 0.086174
vt 0.404845 0.084911
vt 0.405309 0.083824
vt 0.404806 0.085943
vt 0.426579 0.104720
vt 0.426414 0.107446
vt 0.426580 0.106267
vt 0.423423 0.103185
vt 0.426518 0.102694
vt 0.424903 0.095921
vt 0.424683 0.094259
vt 0.423373 0.094793
vt 0.424260 0.094102
vt 0.413057 0.074648
vt 0.413544 0.076678
vt 0.413881 0.075834
vt 0.413493 0.074765
vt 0.414361 0.077819
vt 0.414773 0.080265
vt 0.412004 0.076051
vt 0.412714 0.075951
vt 0.412627 0.074565
vt 0.411720 0.075346
vt 0.410244 0.076903
vt 0.408585 0.078884
vt 0.426331 0.100281
vt 0.425937 0.097695
vt 0.425478 0.095568
vt 0.425105 0.094410
vt 0.424796 0.093846
vt 0.413175 0.074255
vt 0.407185 0.080832
vt 0.406100 0.082514
vt 0.409555 0.086884
vt 0.454719 0.077968
vt 0.453037 0.077949
vt 0.452889 0.078602
vt 0.457690 0.107638
vt 0.456188 0.107976
vt 0.457871 0.107968
vt 0.458870 0.107417
vt 0.456291 0.107710
vt 0.459317 0.106471
vt 0.457826 0.106899
vt 0.451529 0.106454
vt 0.453152 0.107122
vt 0.454201 0.107658
vt 0.451050 0.078272
vt 0.450979 0.078912
vt 0.449240 0.078714
vt 0.452390 0.107248
vt 0.447955 0.079330
vt 0.449320 0.079302
vt 0.451102 0.106672
vt 0.450557 0.105824
vt 0.451331 0.105751
vt 0.451001 0.103685
vt 0.452653 0.102836
vt 0.451707 0.102332
vt 0.450596 0.104800
vt 0.456594 0.096087
vt 0.452710 0.100579
vt 0.453962 0.098604
vt 0.455442 0.096582
vt 0.449550 0.085465
vt 0.450177 0.082861
vt 0.448561 0.083717
vt 0.447853 0.082355
vt 0.449425 0.080426
vt 0.447410 0.080199
vt 0.447449 0.081233
vt 0.451805 0.082696
vt 0.454082 0.085457
vt 0.453582 0.081800
vt 0.453163 0.079661
vt 0.456166 0.079477
vt 0.456307 0.080651
vt 0.455719 0.078525
vt 0.459456 0.103825
vt 0.459458 0.105306
vt 0.456693 0.102905
vt 0.459414 0.101902
vt 0.457911 0.095728
vt 0.457979 0.094279
vt 0.456748 0.094992
vt 0.453600 0.091121
vt 0.453603 0.090897
vt 0.452295 0.089520
vt 0.457548 0.094183
vt 0.454400 0.091935
vt 0.454309 0.091670
vt 0.453344 0.090370
vt 0.476658 0.107706
vt 0.476510 0.107990
vt 0.476658 0.108701
vt 0.450814 0.087484
vt 0.454743 0.090337
vt 0.454292 0.090739
vt 0.455152 0.091782
vt 0.455464 0.090736
vt 0.454710 0.091982
vt 0.455830 0.088781
vt 0.456134 0.086373
vt 0.458452 0.096000
vt 0.459284 0.099653
vt 0.458980 0.097281
vt 0.458614 0.095357
vt 0.458301 0.094328
vt 0.458030 0.093846
vt 0.454881 0.092272
vt 0.495420 0.108186
vt 0.495276 0.108400
vt 0.495420 0.108758
vt 0.494374 0.029563
vt 0.494374 0.028732
vt 0.494257 0.028987
vt 0.456270 0.084086
vt 0.456306 0.082148
vt 0.451111 0.079923
vt 0.468241 0.094114
vt 0.466614 0.093846
vt 0.466405 0.094509
vt 0.469512 0.043148
vt 0.470989 0.042638
vt 0.469359 0.042887
vt 0.468430 0.043566
vt 0.470890 0.042870
vt 0.468060 0.044548
vt 0.469377 0.043867
vt 0.472720 0.042870
vt 0.467096 0.074846
vt 0.467005 0.073565
vt 0.466628 0.073297
vt 0.475545 0.043272
vt 0.474465 0.042939
vt 0.467096 0.072369
vt 0.464669 0.093846
vt 0.464531 0.094531
vt 0.472934 0.042638
vt 0.462897 0.093949
vt 0.474707 0.042711
vt 0.461629 0.094289
vt 0.462917 0.094599
vt 0.475974 0.043011
vt 0.476542 0.043710
vt 0.475365 0.043956
vt 0.476557 0.044690
vt 0.476224 0.045817
vt 0.471626 0.052709
vt 0.474720 0.049025
vt 0.475604 0.047213
vt 0.470609 0.054638
vt 0.473611 0.051108
vt 0.472296 0.053291
vt 0.465217 0.104765
vt 0.464081 0.102448
vt 0.463922 0.102543
vt 0.462822 0.100401
vt 0.463523 0.098167
vt 0.461962 0.098575
vt 0.461354 0.097157
vt 0.462941 0.095709
vt 0.461055 0.095016
vt 0.461031 0.096013
vt 0.465074 0.098335
vt 0.467111 0.101322
vt 0.466850 0.097755
vt 0.466588 0.095609
vt 0.469526 0.095808
vt 0.469579 0.096972
vt 0.469165 0.094809
vt 0.468141 0.047322
vt 0.467998 0.045693
vt 0.469496 0.047423
vt 0.469672 0.054268
vt 0.469969 0.056399
vt 0.471131 0.055046
vt 0.452885 0.076329
vt 0.452885 0.074157
vt 0.452739 0.074212
vt 0.448517 0.035112
vt 0.448711 0.034919
vt 0.448731 0.033313
vt 0.470411 0.055970
vt 0.448528 0.035976
vt 0.466995 0.107247
vt 0.466276 0.105996
vt 0.466371 0.106363
vt 0.448731 0.035738
vt 0.435722 0.023061
vt 0.435618 0.023442
vt 0.435722 0.024761
vt 0.465530 0.104599
vt 0.465319 0.104646
vt 0.465816 0.104309
vt 0.467043 0.106400
vt 0.467572 0.105868
vt 0.467804 0.107491
vt 0.468164 0.106541
vt 0.467666 0.107059
vt 0.468629 0.104721
vt 0.469054 0.102463
vt 0.479025 0.073717
vt 0.479209 0.075391
vt 0.479209 0.073457
vt 0.469441 0.054726
vt 0.468480 0.051082
vt 0.468883 0.053276
vt 0.468228 0.048942
vt 0.469745 0.055586
vt 0.471153 0.108038
vt 0.471344 0.108749
vt 0.471344 0.107706
vt 0.469686 0.055978
vt 0.469334 0.055051
vt 0.467517 0.107912
vt 0.467359 0.107630
vt 0.493702 0.108186
vt 0.493476 0.108345
vt 0.493483 0.108700
vt 0.493702 0.108614
vt 0.469320 0.100285
vt 0.469479 0.098421
vt 0.449395 0.074157
vt 0.449221 0.074313
vt 0.449395 0.076375
vt 0.464583 0.095561
vt 0.469007 0.078150
vt 0.470491 0.077661
vt 0.468940 0.077937
vt 0.468076 0.078643
vt 0.397571 0.023208
vt 0.397358 0.024357
vt 0.397571 0.024653
vt 0.471063 0.078274
vt 0.472035 0.078952
vt 0.470389 0.077900
vt 0.472126 0.077862
vt 0.461332 0.075138
vt 0.461235 0.073864
vt 0.460850 0.073593
vt 0.474822 0.078209
vt 0.473786 0.077894
vt 0.461332 0.072667
vt 0.460594 0.054962
vt 0.462299 0.055682
vt 0.462714 0.055093
vt 0.454681 0.076132
vt 0.454681 0.074157
vt 0.454459 0.075997
vt 0.463889 0.056242
vt 0.461034 0.072369
vt 0.465125 0.056388
vt 0.464137 0.055626
vt 0.475232 0.077941
vt 0.474030 0.077661
vt 0.475772 0.078633
vt 0.475460 0.080763
vt 0.469135 0.081580
vt 0.474788 0.082321
vt 0.475782 0.079619
vt 0.471367 0.087989
vt 0.474033 0.084095
vt 0.470166 0.090296
vt 0.472995 0.086307
vt 0.471774 0.088663
vt 0.466039 0.044967
vt 0.466112 0.047671
vt 0.466267 0.047647
vt 0.466371 0.050146
vt 0.465002 0.052035
vt 0.466421 0.053792
vt 0.464548 0.054564
vt 0.465896 0.055917
vt 0.466286 0.054992
vt 0.463760 0.051368
vt 0.462533 0.049680
vt 0.461665 0.052165
vt 0.459304 0.050860
vt 0.458841 0.052040
vt 0.458736 0.053125
vt 0.467756 0.080936
vt 0.467767 0.079668
vt 0.469362 0.089780
vt 0.469601 0.092286
vt 0.470685 0.090661
vt 0.428251 0.011400
vt 0.428383 0.009306
vt 0.428219 0.009434
vt 0.470012 0.091759
vt 0.428461 0.012208
vt 0.428546 0.010787
vt 0.428286 0.012470
vt 0.465698 0.043266
vt 0.465561 0.042595
vt 0.465842 0.047536
vt 0.428637 0.006969
vt 0.464803 0.042688
vt 0.465277 0.042625
vt 0.465021 0.041057
vt 0.464379 0.041850
vt 0.465470 0.041086
vt 0.463320 0.043439
vt 0.460945 0.047649
vt 0.462076 0.045540
vt 0.448564 0.026478
vt 0.448731 0.028119
vt 0.448731 0.026155
vt 0.469150 0.090535
vt 0.468326 0.086774
vt 0.468676 0.089085
vt 0.468068 0.084455
vt 0.469409 0.091412
vt 0.472918 0.108106
vt 0.473096 0.108749
vt 0.473096 0.107704
vt 0.469357 0.091859
vt 0.469060 0.090907
vt 0.465408 0.040756
vt 0.428319 0.012962
vt 0.428497 0.012650
vt 0.465594 0.041660
vt 0.428637 0.011324
vt 0.465930 0.045033
vt 0.428367 0.006997
vt 0.461202 0.054094
vt 0.459263 0.054118
vt 0.463095 0.054084
vt 0.413819 0.090443
vt 0.412244 0.090272
vt 0.412003 0.090967
vt 0.423183 0.091764
vt 0.421853 0.092272
vt 0.423429 0.092113
vt 0.424305 0.091453
vt 0.421947 0.091999
vt 0.424615 0.090412
vt 0.423095 0.090977
vt 0.420195 0.091888
vt 0.463346 0.075121
vt 0.463273 0.073695
vt 0.462906 0.073408
vt 0.417540 0.091318
vt 0.418546 0.091727
vt 0.463346 0.072369
vt 0.410378 0.090389
vt 0.410206 0.091088
vt 0.419984 0.092161
vt 0.408712 0.090595
vt 0.418308 0.091986
vt 0.407533 0.091025
vt 0.408703 0.091258
vt 0.417119 0.091595
vt 0.416590 0.090818
vt 0.416586 0.089751
vt 0.418304 0.088667
vt 0.419867 0.090677
vt 0.417533 0.086904
vt 0.416911 0.088501
vt 0.419555 0.086908
vt 0.419485 0.082263
vt 0.418350 0.084793
vt 0.420339 0.082578
vt 0.421751 0.079511
vt 0.421098 0.079181
vt 0.411504 0.103652
vt 0.410026 0.100421
vt 0.409901 0.100526
vt 0.408769 0.097951
vt 0.409174 0.095029
vt 0.407919 0.095802
vt 0.407325 0.094180
vt 0.408711 0.092496
vt 0.407009 0.091829
vt 0.407003 0.092912
vt 0.410555 0.094878
vt 0.412525 0.097688
vt 0.412314 0.094280
vt 0.411646 0.099898
vt 0.412127 0.092138
vt 0.415006 0.092181
vt 0.414696 0.091117
vt 0.414755 0.097431
vt 0.414878 0.095152
vt 0.415012 0.093475
vt 0.424024 0.083987
vt 0.424484 0.087500
vt 0.424357 0.085270
vt 0.424620 0.089141
vt 0.423128 0.088560
vt 0.422346 0.083507
vt 0.424159 0.079115
vt 0.423177 0.076825
vt 0.424175 0.074752
vt 0.422716 0.076384
vt 0.495844 0.011991
vt 0.495928 0.008852
vt 0.495770 0.008967
vt 0.423737 0.074838
vt 0.496109 0.013320
vt 0.496117 0.011189
vt 0.495952 0.013663
vt 0.496122 0.008874
vt 0.411771 0.103531
vt 0.411109 0.101013
vt 0.410329 0.100435
vt 0.496237 0.005603
vt 0.412874 0.105711
vt 0.414481 0.108385
vt 0.413429 0.106507
vt 0.413085 0.101325
vt 0.414615 0.107734
vt 0.414970 0.104101
vt 0.414908 0.108225
vt 0.415012 0.106877
vt 0.424413 0.082188
vt 0.424553 0.078716
vt 0.448536 0.038065
vt 0.448731 0.040349
vt 0.448731 0.037550
vt 0.424415 0.076493
vt 0.424620 0.075968
vt 0.424518 0.074636
vt 0.424328 0.074106
vt 0.414718 0.108762
vt 0.496023 0.014472
vt 0.496179 0.014042
vt 0.413977 0.107706
vt 0.414819 0.100571
vt 0.496237 0.012052
vt 0.411576 0.103530
vt 0.495994 0.005553
vt 0.410217 0.092229
vt 0.397987 0.056128
vt 0.399298 0.055124
vt 0.399038 0.054922
vt 0.397991 0.044824
vt 0.398013 0.045940
vt 0.398537 0.045818
vt 0.399489 0.047713
vt 0.398637 0.047282
vt 0.397790 0.044819
vt 0.397867 0.043866
vt 0.398052 0.043944
vt 0.397450 0.082310
vt 0.397346 0.083221
vt 0.397775 0.083519
vt 0.398442 0.045141
vt 0.397778 0.081409
vt 0.398656 0.084380
vt 0.481943 0.056596
vt 0.481715 0.057244
vt 0.481943 0.058286
vt 0.399197 0.046663
vt 0.399321 0.046045
vt 0.402121 0.049876
vt 0.401196 0.049569
vt 0.399662 0.048693
vt 0.400199 0.008140
vt 0.399584 0.009834
vt 0.400046 0.009941
vt 0.400126 0.011837
vt 0.400990 0.049927
vt 0.400199 0.013365
vt 0.399754 0.011665
vt 0.402208 0.050650
vt 0.402906 0.050587
vt 0.402816 0.050281
vt 0.402273 0.088421
vt 0.401864 0.087861
vt 0.401546 0.088064
vt 0.402718 0.088008
vt 0.402449 0.049695
vt 0.401605 0.048655
vt 0.400459 0.047316
vt 0.402858 0.086917
vt 0.400986 0.086869
vt 0.399472 0.081620
vt 0.399815 0.085591
vt 0.402887 0.085363
vt 0.402324 0.084820
vt 0.402794 0.080701
vt 0.402906 0.083304
vt 0.402277 0.080396
vt 0.402354 0.082869
vt 0.401870 0.077259
vt 0.402333 0.077377
vt 0.402906 0.020044
vt 0.402906 0.018045
vt 0.400802 0.019888
vt 0.402908 0.016587
vt 0.402412 0.088711
vt 0.402840 0.015571
vt 0.402562 0.014939
vt 0.402349 0.015221
vt 0.400500 0.017210
vt 0.400602 0.018058
vt 0.401737 0.056615
vt 0.402906 0.055434
vt 0.402659 0.054494
vt 0.399145 0.019291
vt 0.401287 0.060346
vt 0.402546 0.059629
vt 0.402106 0.057850
vt 0.400158 0.057331
vt 0.399820 0.022077
vt 0.397816 0.058218
vt 0.397631 0.057217
vt 0.398875 0.060544
vt 0.398264 0.059232
vt 0.399428 0.040070
vt 0.398838 0.039970
vt 0.398473 0.041739
vt 0.398668 0.041982
vt 0.398305 0.043097
vt 0.398121 0.042939
vt 0.398224 0.080230
vt 0.398640 0.080724
vt 0.399843 0.079904
vt 0.400339 0.041755
vt 0.399121 0.042487
vt 0.402323 0.041563
vt 0.400812 0.035002
vt 0.401165 0.035242
vt 0.402009 0.038510
vt 0.401559 0.035948
vt 0.461353 0.006540
vt 0.460961 0.009620
vt 0.461353 0.010509
vt 0.401097 0.073911
vt 0.401429 0.076519
vt 0.455164 0.011303
vt 0.455164 0.007341
vt 0.454887 0.010466
vt 0.400750 0.073205
vt 0.400682 0.071727
vt 0.401462 0.074709
vt 0.401617 0.074148
vt 0.401204 0.028903
vt 0.402161 0.025771
vt 0.401590 0.025855
vt 0.400694 0.028858
vt 0.401073 0.072224
vt 0.400494 0.030778
vt 0.399995 0.031178
vt 0.402783 0.022558
vt 0.400947 0.025120
vt 0.400100 0.024468
vt 0.400119 0.027323
vt 0.402279 0.067531
vt 0.402906 0.065118
vt 0.402845 0.062147
vt 0.402812 0.067622
vt 0.400030 0.029756
vt 0.401880 0.063061
vt 0.402659 0.069086
vt 0.401751 0.068763
vt 0.402242 0.069468
vt 0.401041 0.067083
vt 0.400242 0.064784
vt 0.400413 0.034931
vt 0.399665 0.035649
vt 0.399193 0.037798
vt 0.400141 0.034099
vt 0.400452 0.071876
vt 0.400425 0.072977
vt 0.400696 0.033951
vt 0.400505 0.033471
vt 0.400919 0.033823
vt 0.400768 0.033351
vt 0.400719 0.071205
vt 0.402575 0.069631
vt 0.400046 0.031777
vt 0.399555 0.062429
vt 0.402025 0.045797
vt 0.402891 0.044826
vt 0.402906 0.042369
vt 0.401339 0.042891
vt 0.402789 0.046759
vt 0.400800 0.081004
vt 0.400516 0.082736
vt 0.401538 0.083899
vt 0.399975 0.043418
vt 0.401017 0.044584
vt 0.399590 0.055603
vt 0.401183 0.054999
vt 0.400909 0.054338
vt 0.400671 0.053944
vt 0.399145 0.009744
vt 0.402071 0.053252
vt 0.401902 0.052855
vt 0.402358 0.053773
vt 0.402761 0.052630
vt 0.402846 0.052223
vt 0.457289 0.074106
vt 0.456983 0.075550
vt 0.457289 0.075800
vt 0.401645 0.015177
vt 0.401317 0.015534
vt 0.400343 0.016579
vt 0.428607 0.075353
vt 0.429211 0.076567
vt 0.428906 0.075472
vt 0.429211 0.074908
vt 0.428961 0.074713
vt 0.399819 0.008144
vt 0.426991 0.035314
vt 0.427697 0.033720
vt 0.426520 0.035297
vt 0.500278 0.063782
vt 0.500290 0.061816
vt 0.499993 0.061806
vt 0.499857 0.063335
vt 0.499881 0.064771
vt 0.459119 0.063965
vt 0.458863 0.063836
vt 0.459276 0.065044
vt 0.426103 0.036485
vt 0.428539 0.033468
vt 0.426776 0.036178
vt 0.426276 0.037341
vt 0.432859 0.030303
vt 0.431483 0.030992
vt 0.429416 0.032039
vt 0.500236 0.059468
vt 0.499878 0.059563
vt 0.500290 0.057220
vt 0.431334 0.030613
vt 0.433003 0.029760
vt 0.500278 0.055590
vt 0.499993 0.057416
vt 0.434063 0.029686
vt 0.433516 0.030411
vt 0.434920 0.031102
vt 0.434241 0.032985
vt 0.435130 0.032392
vt 0.434628 0.030208
vt 0.435559 0.036244
vt 0.435380 0.034123
vt 0.435061 0.039885
vt 0.435565 0.038560
vt 0.468111 0.066256
vt 0.465149 0.066998
vt 0.467864 0.068026
vt 0.467654 0.069343
vt 0.464371 0.068855
vt 0.467363 0.070260
vt 0.465584 0.070440
vt 0.466801 0.070795
vt 0.463391 0.065565
vt 0.463582 0.062057
vt 0.461656 0.064303
vt 0.460801 0.065718
vt 0.459034 0.062959
vt 0.459573 0.062263
vt 0.459663 0.064542
vt 0.427678 0.038724
vt 0.426818 0.038019
vt 0.430662 0.036665
vt 0.428859 0.039603
vt 0.434135 0.041260
vt 0.434920 0.041960
vt 0.435431 0.040510
vt 0.468163 0.059732
vt 0.467759 0.059063
vt 0.468296 0.061726
vt 0.435247 0.041625
vt 0.467978 0.058592
vt 0.467357 0.060209
vt 0.465908 0.058812
vt 0.466438 0.059100
vt 0.466780 0.059586
vt 0.467508 0.058286
vt 0.467256 0.057962
vt 0.466353 0.058176
vt 0.464835 0.058780
vt 0.463099 0.059662
vt 0.433491 0.041592
vt 0.430356 0.040563
vt 0.432096 0.041431
vt 0.433617 0.042028
vt 0.434523 0.042240
vt 0.435043 0.042224
vt 0.467775 0.057978
vt 0.461603 0.060640
vt 0.460430 0.061541
vt 0.468297 0.064094
vt 0.459771 0.065245
vt 0.499656 0.063985
vt 0.460613 0.066404
vt 0.462371 0.067523
vt 0.499670 0.061897
vt 0.499511 0.059719
vt 0.462152 0.068010
vt 0.463986 0.069361
vt 0.499670 0.057623
vt 0.500085 0.055897
vt 0.465741 0.070711
vt 0.463973 0.069628
vt 0.417577 0.050514
vt 0.417948 0.048927
vt 0.417153 0.050554
vt 0.482318 0.006960
vt 0.482219 0.008333
vt 0.482539 0.008264
vt 0.416902 0.051688
vt 0.418698 0.048606
vt 0.417455 0.051314
vt 0.417074 0.052413
vt 0.422140 0.045140
vt 0.420998 0.045948
vt 0.419216 0.047138
vt 0.482226 0.010195
vt 0.482605 0.009989
vt 0.482170 0.012245
vt 0.420775 0.045597
vt 0.422191 0.044619
vt 0.482235 0.013928
vt 0.482748 0.011883
vt 0.423089 0.044400
vt 0.422692 0.045133
vt 0.423830 0.045501
vt 0.423318 0.047287
vt 0.424055 0.046605
vt 0.423566 0.044766
vt 0.424620 0.049950
vt 0.424353 0.048099
vt 0.423582 0.052926
vt 0.424600 0.052095
vt 0.500328 0.009001
vt 0.500478 0.009041
vt 0.500450 0.006550
vt 0.418895 0.018839
vt 0.421349 0.019590
vt 0.420063 0.016299
vt 0.420701 0.015856
vt 0.420535 0.015560
vt 0.421108 0.015267
vt 0.421235 0.015581
vt 0.483493 0.013788
vt 0.482748 0.014494
vt 0.483296 0.014700
vt 0.421287 0.016544
vt 0.422305 0.018187
vt 0.421760 0.016249
vt 0.482978 0.013640
vt 0.422469 0.021159
vt 0.423792 0.019783
vt 0.422199 0.023485
vt 0.423998 0.022297
vt 0.424518 0.021849
vt 0.487306 0.011557
vt 0.485210 0.010783
vt 0.487022 0.012354
vt 0.485749 0.010068
vt 0.485066 0.011741
vt 0.485566 0.009891
vt 0.423629 0.025022
vt 0.424518 0.024991
vt 0.424440 0.024692
vt 0.422517 0.025780
vt 0.422508 0.025431
vt 0.423669 0.025354
vt 0.418252 0.053396
vt 0.417531 0.052916
vt 0.420646 0.051126
vt 0.419254 0.053978
vt 0.423723 0.054789
vt 0.424493 0.053549
vt 0.424549 0.054664
vt 0.424620 0.053735
vt 0.500215 0.010613
vt 0.500322 0.010949
vt 0.500478 0.011106
vt 0.500296 0.012010
vt 0.417094 0.024553
vt 0.417294 0.025252
vt 0.417521 0.022762
vt 0.500450 0.012259
vt 0.416935 0.025611
vt 0.417984 0.024351
vt 0.418560 0.025904
vt 0.419562 0.025665
vt 0.419836 0.024842
vt 0.418168 0.025310
vt 0.417295 0.026006
vt 0.418281 0.026182
vt 0.448731 0.021509
vt 0.448731 0.020047
vt 0.448582 0.021131
vt 0.417334 0.026387
vt 0.418104 0.026478
vt 0.484781 0.075059
vt 0.484781 0.073532
vt 0.484541 0.074811
vt 0.419553 0.026083
vt 0.421107 0.025826
vt 0.473849 0.075340
vt 0.473849 0.073457
vt 0.473587 0.075131
vt 0.482967 0.073557
vt 0.482669 0.074892
vt 0.482967 0.075059
vt 0.419470 0.026414
vt 0.421080 0.026175
vt 0.491902 0.107158
vt 0.491799 0.105762
vt 0.491685 0.107317
vt 0.423363 0.055173
vt 0.420534 0.054590
vt 0.422010 0.055085
vt 0.424057 0.055236
vt 0.424429 0.055158
vt 0.491902 0.108263
vt 0.491881 0.107926
vt 0.491664 0.108142
vt 0.500262 0.012533
vt 0.500406 0.012850
vt 0.491694 0.108520
vt 0.416932 0.026212
vt 0.422432 0.024738
vt 0.487351 0.008303
vt 0.486257 0.009108
vt 0.486929 0.007845
vt 0.488161 0.009065
vt 0.418158 0.020681
vt 0.486663 0.013683
vt 0.485338 0.012834
vt 0.488161 0.013545
vt 0.487694 0.014800
vt 0.486405 0.013947
vt 0.483019 0.009837
vt 0.482907 0.008192
vt 0.483493 0.009775
vt 0.483298 0.011884
vt 0.422923 0.017539
vt 0.424166 0.019359
vt 0.482605 0.014801
vt 0.490186 0.048958
vt 0.490671 0.047364
vt 0.489762 0.049022
vt 0.405363 0.012348
vt 0.406055 0.013945
vt 0.406523 0.013783
vt 0.489437 0.050114
vt 0.491446 0.047012
vt 0.490010 0.049713
vt 0.489567 0.050743
vt 0.495095 0.043448
vt 0.493906 0.044299
vt 0.492060 0.045519
vt 0.406993 0.015671
vt 0.407304 0.015558
vt 0.477394 0.011511
vt 0.476792 0.013758
vt 0.477394 0.013407
vt 0.493713 0.043948
vt 0.495184 0.042933
vt 0.477261 0.009912
vt 0.477098 0.011771
vt 0.496094 0.042638
vt 0.495647 0.043374
vt 0.496776 0.043519
vt 0.495147 0.045445
vt 0.496351 0.045173
vt 0.496936 0.044487
vt 0.496552 0.042899
vt 0.497119 0.047649
vt 0.497143 0.045816
vt 0.496937 0.050795
vt 0.424501 0.011405
vt 0.424344 0.011506
vt 0.424518 0.013693
vt 0.497143 0.049462
vt 0.424381 0.009065
vt 0.424206 0.009097
vt 0.496988 0.101023
vt 0.494446 0.100749
vt 0.496615 0.103472
vt 0.495580 0.102825
vt 0.496137 0.103947
vt 0.496381 0.104189
vt 0.476139 0.009098
vt 0.476845 0.009052
vt 0.476221 0.008795
vt 0.475132 0.011790
vt 0.475757 0.011782
vt 0.475349 0.010040
vt 0.492358 0.100353
vt 0.493830 0.102404
vt 0.494062 0.101854
vt 0.492797 0.099653
vt 0.492497 0.097173
vt 0.491664 0.097940
vt 0.409073 0.012648
vt 0.408126 0.011128
vt 0.406969 0.013015
vt 0.405471 0.010266
vt 0.405962 0.009580
vt 0.405200 0.011136
vt 0.407539 0.007995
vt 0.406648 0.008874
vt 0.407682 0.008322
vt 0.490695 0.051452
vt 0.489998 0.051125
vt 0.493234 0.049086
vt 0.491667 0.051842
vt 0.495998 0.052005
vt 0.496774 0.051380
vt 0.496934 0.051814
vt 0.424504 0.006770
vt 0.424304 0.006086
vt 0.424453 0.007433
vt 0.424128 0.007063
vt 0.497034 0.095554
vt 0.496643 0.094973
vt 0.497150 0.097253
vt 0.424124 0.005895
vt 0.496876 0.094558
vt 0.496252 0.095909
vt 0.496335 0.094370
vt 0.494348 0.095658
vt 0.495131 0.096174
vt 0.495072 0.094364
vt 0.496270 0.093867
vt 0.495508 0.093846
vt 0.492841 0.094736
vt 0.493066 0.095320
vt 0.494226 0.094021
vt 0.492762 0.094378
vt 0.397571 0.027300
vt 0.397432 0.026227
vt 0.397371 0.027490
vt 0.495713 0.052430
vt 0.492916 0.052229
vt 0.494367 0.052491
vt 0.496406 0.052401
vt 0.496784 0.052278
vt 0.424333 0.005529
vt 0.424518 0.005508
vt 0.424371 0.005230
vt 0.397571 0.027899
vt 0.397371 0.028125
vt 0.424162 0.005263
vt 0.496704 0.094000
vt 0.483866 0.056596
vt 0.483517 0.057893
vt 0.483866 0.058009
vt 0.408615 0.007047
vt 0.408755 0.007382
vt 0.409073 0.007891
vt 0.408827 0.010010
vt 0.497151 0.099241
vt 0.407681 0.015229
vt 0.476180 0.013856
vt 0.476654 0.011931
vt 0.475632 0.013823
vt 0.492069 0.100841
vt 0.406191 0.022109
vt 0.406945 0.020615
vt 0.405716 0.022057
vt 0.430861 0.011945
vt 0.430928 0.010162
vt 0.430637 0.010128
vt 0.430456 0.011567
vt 0.430431 0.012962
vt 0.478404 0.048294
vt 0.478131 0.048159
vt 0.478566 0.049279
vt 0.405280 0.023130
vt 0.407792 0.020461
vt 0.405968 0.022881
vt 0.405460 0.023890
vt 0.412223 0.017772
vt 0.410819 0.018323
vt 0.408724 0.019116
vt 0.430928 0.008161
vt 0.430577 0.008190
vt 0.497905 0.010356
vt 0.498272 0.008186
vt 0.497932 0.008351
vt 0.410684 0.017926
vt 0.412380 0.017264
vt 0.497977 0.012093
vt 0.498192 0.010159
vt 0.413462 0.017245
vt 0.412896 0.017889
vt 0.414351 0.018507
vt 0.413655 0.020177
vt 0.414569 0.019655
vt 0.414045 0.017715
vt 0.415008 0.023114
vt 0.414824 0.021210
vt 0.414486 0.026387
vt 0.415012 0.025182
vt 0.487674 0.050224
vt 0.484715 0.051181
vt 0.487421 0.051855
vt 0.487202 0.053059
vt 0.486896 0.053893
vt 0.486095 0.054146
vt 0.486313 0.054386
vt 0.483905 0.052881
vt 0.485377 0.053738
vt 0.482935 0.049980
vt 0.483087 0.046654
vt 0.481115 0.048783
vt 0.480225 0.050076
vt 0.478311 0.047359
vt 0.478872 0.046725
vt 0.478995 0.048882
vt 0.406911 0.025129
vt 0.406022 0.024492
vt 0.409966 0.023376
vt 0.408127 0.025934
vt 0.413535 0.027598
vt 0.414344 0.028224
vt 0.414877 0.026917
vt 0.414688 0.027906
vt 0.487703 0.044205
vt 0.486935 0.044785
vt 0.487863 0.046061
vt 0.485428 0.043498
vt 0.485991 0.043793
vt 0.486352 0.044251
vt 0.487074 0.042978
vt 0.486794 0.042638
vt 0.485863 0.042854
vt 0.484302 0.043445
vt 0.482515 0.044293
vt 0.412875 0.027865
vt 0.409667 0.026825
vt 0.411453 0.027647
vt 0.413014 0.028224
vt 0.413944 0.028436
vt 0.414479 0.028434
vt 0.487329 0.042643
vt 0.487538 0.043200
vt 0.480973 0.045218
vt 0.479761 0.046059
vt 0.487863 0.048233
vt 0.479112 0.049538
vt 0.430231 0.012244
vt 0.480020 0.050680
vt 0.481877 0.051776
vt 0.430315 0.010225
vt 0.430211 0.008328
vt 0.481636 0.052192
vt 0.498641 0.008116
vt 0.483497 0.053326
vt 0.498521 0.010071
vt 0.484793 0.053862
vt 0.498391 0.011484
vt 0.498443 0.012850
vt 0.498641 0.012022
vt 0.485230 0.054350
vt 0.472038 0.098891
vt 0.472746 0.097357
vt 0.471570 0.098838
vt 0.433939 0.011926
vt 0.434016 0.010172
vt 0.433717 0.010165
vt 0.433520 0.011592
vt 0.433483 0.012962
vt 0.405825 0.036526
vt 0.405565 0.036410
vt 0.405982 0.037583
vt 0.471153 0.099976
vt 0.473579 0.097184
vt 0.471827 0.099721
vt 0.471326 0.100820
vt 0.477902 0.094371
vt 0.476527 0.094950
vt 0.474463 0.095815
vt 0.434016 0.008210
vt 0.433657 0.008270
vt 0.452709 0.009633
vt 0.452946 0.007550
vt 0.452599 0.007725
vt 0.476379 0.094556
vt 0.478045 0.093846
vt 0.452864 0.011303
vt 0.452992 0.009435
vt 0.479104 0.093847
vt 0.478559 0.094520
vt 0.479960 0.095276
vt 0.479252 0.097068
vt 0.480169 0.096545
vt 0.479668 0.094389
vt 0.480599 0.100332
vt 0.480419 0.098251
vt 0.480100 0.103863
vt 0.480604 0.102592
vt 0.414827 0.038185
vt 0.411887 0.039172
vt 0.414580 0.039956
vt 0.414370 0.041273
vt 0.411106 0.041064
vt 0.414077 0.042198
vt 0.413514 0.042764
vt 0.410136 0.037894
vt 0.410316 0.034381
vt 0.408391 0.036744
vt 0.407532 0.038199
vt 0.405738 0.035532
vt 0.406279 0.034809
vt 0.406377 0.037077
vt 0.472726 0.102251
vt 0.471867 0.101511
vt 0.475707 0.100440
vt 0.473906 0.103180
vt 0.479178 0.105144
vt 0.479964 0.105875
vt 0.480471 0.104485
vt 0.480286 0.105561
vt 0.414854 0.031681
vt 0.414083 0.032269
vt 0.415012 0.033685
vt 0.412631 0.030968
vt 0.413165 0.031234
vt 0.413509 0.031696
vt 0.414226 0.030346
vt 0.413972 0.030030
vt 0.413068 0.030303
vt 0.411549 0.031007
vt 0.409811 0.031999
vt 0.478530 0.105423
vt 0.475402 0.104211
vt 0.477139 0.105169
vt 0.478658 0.105850
vt 0.479563 0.106114
vt 0.480083 0.106132
vt 0.414491 0.030010
vt 0.414695 0.030604
vt 0.408314 0.033069
vt 0.407138 0.034039
vt 0.415013 0.036031
vt 0.406486 0.037770
vt 0.433280 0.012276
vt 0.407340 0.038885
vt 0.409112 0.039900
vt 0.433383 0.010290
vt 0.433278 0.008440
vt 0.408888 0.040388
vt 0.453310 0.007476
vt 0.410717 0.041585
vt 0.453310 0.009346
vt 0.412005 0.042182
vt 0.453040 0.011085
vt 0.453238 0.010713
vt 0.412301 0.042508
vt 0.412455 0.042758
s 1
usemtl Cube.004__0.001
f 2237/1485/2183 2230/1486/2184 2228/1487/2185
f 2227/1488/2186 2229/1489/2187 2232/1490/2188
f 2236/1491/2189 2227/1488/2186 2232/1490/2188
f 2234/1492/2190 2237/1485/2183 2228/1487/2185
f 2235/1493/2191 2233/1494/2192 2226/1495/2193
f 2234/1492/2190 2240/1496/2194 2237/1485/2183
f 2237/1485/2183 2240/1496/2194 2241/1497/2195
f 2237/1485/2183 2241/1497/2195 2230/1486/2184
f 2230/1486/2184 2241/1497/2195 2243/1498/2196
f 2229/1489/2187 2242/1499/2197 2245/1500/2198
f 2247/1501/2199 2245/1500/2198 2242/1499/2197
f 2241/1497/2195 2248/1502/2200 2243/1498/2196
f 2249/1503/2201 2251/1504/2202 2246/1505/2203
f 2240/1496/2194 2250/1506/2204 2248/1502/2200
f 2247/1501/2199 2252/1507/2205 2245/1500/2198
f 2240/1496/2194 2248/1502/2200 2241/1497/2195
f 2254/1508/2206 2250/1506/2204 2240/1496/2194
f 2254/1508/2206 2240/1496/2194 2255/1509/2207
f 2258/1510/2208 2255/1509/2207 2257/1511/2209
f 2261/1512/2210 2258/1510/2208 2257/1511/2209
f 2258/1510/2208 2256/1513/2211 2255/1509/2207
f 2264/1514/2212 2263/1515/2213 2261/1512/2210
f 2264/1514/2212 2261/1512/2210 2257/1511/2209
f 2264/1514/2212 2266/1516/2214 2263/1515/2213
f 2264/1514/2212 2268/1517/2215 2266/1516/2214
f 2262/1518/2216 2269/1519/2217 2260/1520/2218
f 2269/1519/2217 2259/1521/2219 2260/1520/2218
f 2256/1513/2211 2254/1508/2206 2255/1509/2207
f 2311/1522/2220 2253/1523/2221 2270/1524/2222
f 2269/1519/2217 2311/1522/2220 2270/1524/2222
f 2269/1519/2217 2270/1524/2222 2259/1521/2219
f 2271/1525/2223 2311/1522/2220 2269/1519/2217
f 2272/1526/2224 2273/1527/2225 2271/1525/2223
f 2271/1525/2223 2273/1527/2225 2274/1528/2226
f 2273/1527/2225 2238/1529/2227 2274/1528/2226
f 2273/1527/2225 2275/1530/2228 2238/1529/2227
f 2274/1528/2226 2238/1529/2227 2276/1531/2229
f 2238/1529/2227 2235/1493/2191 2276/1531/2229
f 2238/1529/2227 2233/1494/2192 2235/1493/2191
f 2282/1532/2230 2239/1533/2231 2279/1534/2232
f 2239/1533/2231 2282/1532/2230 2234/1492/2190
f 2283/1535/2233 2282/1532/2230 2281/1536/2234
f 2284/1537/2235 2283/1535/2233 2281/1536/2234
f 2284/1537/2235 2301/1538/2236 2264/1514/2212
f 2301/1538/2236 2286/1539/2237 2264/1514/2212
f 2264/1514/2212 2286/1539/2237 2268/1517/2215
f 2301/1538/2236 2288/1540/2238 2286/1539/2237
f 2289/1541/2239 2290/1542/2240 2285/1543/2241
f 2287/1544/2242 2289/1541/2239 2285/1543/2241
f 2285/1543/2241 2290/1542/2240 2267/1545/2243
f 2267/1545/2243 2290/1542/2240 2265/1546/2244
f 2292/1547/2245 2272/1526/2224 2291/1548/2246
f 2293/1549/2247 2295/1550/2248 2292/1547/2245
f 2293/1549/2247 2292/1547/2245 2289/1541/2239
f 2298/1551/2249 2297/1552/2250 2292/1547/2245
f 2295/1550/2248 2298/1551/2249 2292/1547/2245
f 2284/1537/2235 2300/1553/2251 2299/1554/2252
f 2284/1537/2235 2299/1554/2252 2296/1555/2253
f 2284/1537/2235 2281/1536/2234 2300/1553/2251
f 2301/1538/2236 2296/1555/2253 2294/1556/2254
f 2301/1538/2236 2284/1537/2235 2296/1555/2253
f 2301/1538/2236 2294/1556/2254 2303/1557/2255
f 2301/1538/2236 2303/1557/2255 2288/1540/2238
f 2302/1558/2256 2293/1549/2247 2289/1541/2239
f 2302/1558/2256 2289/1541/2239 2287/1544/2242
f 2289/1541/2239 2292/1547/2245 2291/1548/2246
f 2280/1559/2257 2278/1560/2258 2273/1527/2225
f 2297/1552/2250 2280/1559/2257 2272/1526/2224
f 2280/1559/2257 2273/1527/2225 2272/1526/2224
f 2292/1547/2245 2297/1552/2250 2272/1526/2224
f 2272/1526/2224 2271/1525/2223 2291/1548/2246
f 2289/1541/2239 2291/1548/2246 2290/1542/2240
f 2290/1542/2240 2291/1548/2246 2271/1525/2223
f 2265/1546/2244 2269/1519/2217 2262/1518/2216
f 2265/1546/2244 2290/1542/2240 2269/1519/2217
f 2290/1542/2240 2271/1525/2223 2269/1519/2217
f 2284/1537/2235 2264/1514/2212 2257/1511/2209
f 2284/1537/2235 2257/1511/2209 2283/1535/2233
f 2283/1535/2233 2257/1511/2209 2282/1532/2230
f 2282/1532/2230 2257/1511/2209 2234/1492/2190
f 2234/1492/2190 2257/1511/2209 2255/1509/2207
f 2273/1527/2225 2278/1560/2258 2275/1530/2228
f 2274/1528/2226 2276/1531/2229 2304/1561/2259
f 2277/1562/2260 2232/1490/2188 2305/1563/2261
f 2276/1531/2229 2235/1493/2191 2231/1564/2262
f 2274/1528/2226 2304/1561/2259 2307/1565/2263
f 2306/1566/2264 2274/1528/2226 2307/1565/2263
f 2229/1489/2187 2310/1567/2265 2308/1568/2266
f 2232/1490/2188 2229/1489/2187 2308/1568/2266
f 2232/1490/2188 2308/1568/2266 2305/1563/2261
f 2306/1566/2264 2307/1565/2263 2309/1569/2267
f 2229/1489/2187 2245/1500/2198 2310/1567/2265
f 2251/1504/2202 2309/1569/2267 2244/1570/2268
f 2306/1566/2264 2309/1569/2267 2311/1522/2220
f 2251/1504/2202 2311/1522/2220 2309/1569/2267
f 2249/1503/2201 2311/1522/2220 2251/1504/2202
f 2311/1522/2220 2249/1503/2201 2253/1523/2221
f 2271/1525/2223 2274/1528/2226 2306/1566/2264
f 2271/1525/2223 2306/1566/2264 2311/1522/2220
f 2234/1492/2190 2255/1509/2207 2240/1496/2194
f 2324/1571/2269 2316/1572/2270 2313/1573/2271
f 2315/1574/2272 2317/1575/2273 2319/1576/2274
f 2323/1577/2275 2321/1578/2276 2314/1579/2277
f 2320/1580/2278 2324/1571/2269 2313/1573/2271
f 2324/1571/2269 2325/1581/2279 2316/1572/2270
f 2320/1580/2278 2326/1582/2280 2324/1571/2269
f 2327/1583/2281 2326/1582/2280 2320/1580/2278
f 2339/1584/2282 2325/1581/2279 2324/1571/2269
f 2339/1584/2282 2329/1585/2283 2325/1581/2279
f 2329/1585/2283 2330/1586/2284 2325/1581/2279
f 2325/1581/2279 2330/1586/2284 2316/1572/2270
f 2317/1575/2273 2331/1587/2285 2332/1588/2286
f 2334/1589/2287 2332/1588/2286 2331/1587/2285
f 2329/1585/2283 2333/1590/2288 2330/1586/2284
f 2339/1584/2282 2335/1591/2289 2333/1590/2288
f 2337/1592/2290 2338/1593/2291 2334/1589/2287
f 2334/1589/2287 2338/1593/2291 2332/1588/2286
f 2339/1584/2282 2333/1590/2288 2329/1585/2283
f 2340/1594/2292 2339/1584/2282 2342/1595/2293
f 2340/1594/2292 2335/1591/2289 2339/1584/2282
f 2342/1595/2293 2339/1584/2282 2324/1571/2269
f 2345/1596/2294 2342/1595/2293 2344/1597/2295
f 2347/1598/2296 2345/1596/2294 2344/1597/2295
f 2345/1596/2294 2343/1599/2297 2342/1595/2293
f 2350/1600/2298 2348/1601/2299 2347/1598/2296
f 2374/1602/2300 2347/1598/2296 2344/1597/2295
f 2374/1602/2300 2350/1600/2298 2347/1598/2296
f 2374/1602/2300 2351/1603/2301 2350/1600/2298
f 2351/1603/2301 2353/1604/2302 2350/1600/2298
f 2349/1605/2303 2355/1606/2304 2346/1607/2305
f 2343/1599/2297 2340/1594/2292 2342/1595/2293
f 2356/1608/2306 2357/1609/2307 2341/1610/2308
f 2359/1611/2309 2360/1612/2310 2356/1608/2306
f 2356/1608/2306 2360/1612/2310 2357/1609/2307
f 2359/1611/2309 2356/1608/2306 2346/1607/2305
f 2355/1606/2304 2359/1611/2309 2346/1607/2305
f 2362/1613/2311 2359/1611/2309 2355/1606/2304
f 2362/1613/2311 2363/1614/2312 2364/1615/2313
f 2364/1615/2313 2365/1616/2314 2328/1617/2315
f 2363/1614/2312 2365/1616/2314 2364/1615/2313
f 2364/1615/2313 2328/1617/2315 2367/1618/2316
f 2328/1617/2315 2323/1577/2275 2367/1618/2316
f 2328/1617/2315 2321/1578/2276 2323/1577/2275
f 2372/1619/2317 2327/1583/2281 2369/1620/2318
f 2327/1583/2281 2372/1619/2317 2326/1582/2280
f 2373/1621/2319 2372/1619/2317 2370/1622/2320
f 2374/1602/2300 2373/1621/2319 2370/1622/2320
f 2400/1623/2321 2351/1603/2301 2374/1602/2300
f 2400/1623/2321 2376/1624/2322 2351/1603/2301
f 2351/1603/2301 2378/1625/2323 2353/1604/2302
f 2376/1624/2322 2378/1625/2323 2351/1603/2301
f 2375/1626/2324 2380/1627/2325 2377/1628/2326
f 2379/1629/2327 2382/1630/2328 2354/1631/2329
f 2385/1632/2330 2363/1614/2312 2384/1633/2331
f 2384/1633/2331 2363/1614/2312 2383/1634/2332
f 2386/1635/2333 2385/1632/2330 2384/1633/2331
f 2388/1636/2334 2385/1632/2330 2386/1635/2333
f 2388/1636/2334 2390/1637/2335 2385/1632/2330
f 2393/1638/2336 2391/1639/2337 2385/1632/2330
f 2390/1637/2335 2393/1638/2336 2385/1632/2330
f 2399/1640/2338 2395/1641/2339 2392/1642/2340
f 2397/1643/2341 2392/1642/2340 2389/1644/2342
f 2397/1643/2341 2399/1640/2338 2392/1642/2340
f 2398/1645/2343 2370/1622/2320 2394/1646/2344
f 2400/1623/2321 2398/1645/2343 2396/1647/2345
f 2400/1623/2321 2370/1622/2320 2398/1645/2343
f 2374/1602/2300 2370/1622/2320 2400/1623/2321
f 2400/1623/2321 2396/1647/2345 2401/1648/2346
f 2400/1623/2321 2401/1648/2346 2404/1649/2347
f 2405/1650/2348 2402/1651/2349 2387/1652/2350
f 2402/1651/2349 2389/1644/2342 2387/1652/2350
f 2402/1651/2349 2397/1643/2341 2389/1644/2342
f 2400/1623/2321 2404/1649/2347 2376/1624/2322
f 2403/1653/2351 2406/1654/2352 2380/1627/2325
f 2405/1650/2348 2387/1652/2350 2407/1655/2353
f 2403/1653/2351 2380/1627/2325 2375/1626/2324
f 2408/1656/2354 2388/1636/2334 2386/1635/2333
f 2408/1656/2354 2386/1635/2333 2379/1629/2327
f 2408/1656/2354 2379/1629/2327 2381/1657/2355
f 2386/1635/2333 2384/1633/2331 2383/1634/2332
f 2386/1635/2333 2383/1634/2332 2382/1630/2328
f 2386/1635/2333 2382/1630/2328 2379/1629/2327
f 2371/1658/2356 2368/1659/2357 2363/1614/2312
f 2391/1639/2337 2371/1658/2356 2363/1614/2312
f 2385/1632/2330 2391/1639/2337 2363/1614/2312
f 2363/1614/2312 2362/1613/2311 2383/1634/2332
f 2382/1630/2328 2383/1634/2332 2362/1613/2311
f 2354/1631/2329 2382/1630/2328 2352/1660/2358
f 2352/1660/2358 2382/1630/2328 2349/1605/2303
f 2382/1630/2328 2355/1606/2304 2349/1605/2303
f 2382/1630/2328 2362/1613/2311 2355/1606/2304
f 2374/1602/2300 2344/1597/2295 2373/1621/2319
f 2373/1621/2319 2344/1597/2295 2372/1619/2317
f 2372/1619/2317 2344/1597/2295 2326/1582/2280
f 2326/1582/2280 2344/1597/2295 2342/1595/2293
f 2363/1614/2312 2368/1659/2357 2365/1616/2314
f 2409/1661/2359 2366/1662/2360 2312/1663/2361
f 2366/1662/2360 2322/1664/2362 2312/1663/2361
f 2364/1615/2313 2367/1618/2316 2410/1665/2363
f 2409/1661/2359 2312/1663/2361 2413/1666/2364
f 2411/1667/2365 2364/1615/2313 2410/1665/2363
f 2411/1667/2365 2410/1665/2363 2414/1668/2366
f 2312/1663/2361 2318/1669/2367 2413/1666/2364
f 2319/1576/2274 2417/1670/2368 2415/1671/2369
f 2411/1667/2365 2414/1668/2366 2416/1672/2370
f 2319/1576/2274 2332/1588/2286 2417/1670/2368
f 2338/1593/2291 2417/1670/2368 2332/1588/2286
f 2412/1673/2371 2417/1670/2368 2419/1674/2372
f 2338/1593/2291 2419/1674/2372 2417/1670/2368
f 2421/1675/2373 2419/1674/2372 2337/1592/2290
f 2411/1667/2365 2418/1676/2374 2420/1677/2375
f 2337/1592/2290 2419/1674/2372 2338/1593/2291
f 2421/1675/2373 2337/1592/2290 2361/1678/2376
f 2361/1678/2376 2337/1592/2290 2358/1679/2377
f 2359/1611/2309 2420/1677/2375 2360/1612/2310
f 2411/1667/2365 2420/1677/2375 2359/1611/2309
f 2362/1613/2311 2364/1615/2313 2411/1667/2365
f 2362/1613/2311 2411/1667/2365 2359/1611/2309
f 2357/1609/2307 2336/1680/2378 2341/1610/2308
f 2326/1582/2280 2342/1595/2293 2324/1571/2269
f 2317/1575/2273 2332/1588/2286 2319/1576/2274
f 2422/1681/2379 2426/1682/2380 2424/1683/2381
f 2429/1684/2382 2423/1685/2383 2425/1686/2384
f 2428/1687/2385 2423/1685/2383 2429/1684/2382
f 2428/1687/2385 2429/1684/2382 2432/1688/2386
f 2429/1684/2382 2433/1689/2387 2432/1688/2386
f 2429/1684/2382 2425/1686/2384 2433/1689/2387
f 2425/1686/2384 2435/1690/2388 2433/1689/2387
f 2424/1683/2381 2436/1691/2389 2434/1692/2390
f 2437/1693/2391 2434/1692/2390 2436/1691/2389
f 2433/1689/2387 2435/1690/2388 2438/1694/2392
f 2439/1695/2393 2437/1693/2391 2441/1696/2394
f 2432/1688/2386 2438/1694/2392 2440/1697/2395
f 2437/1693/2391 2436/1691/2389 2441/1696/2394
f 2432/1688/2386 2433/1689/2387 2438/1694/2392
f 2443/1698/2396 2432/1688/2386 2440/1697/2395
f 2443/1698/2396 2444/1699/2397 2432/1688/2386
f 2448/1700/2398 2447/1701/2399 2444/1699/2397
f 2446/1702/2400 2447/1701/2399 2448/1700/2398
f 2448/1700/2398 2444/1699/2397 2445/1703/2401
f 2455/1704/2402 2451/1705/2403 2453/1706/2404
f 2458/1707/2405 2455/1704/2402 2453/1706/2404
f 2456/1708/2406 2454/1709/2407 2457/1710/2408
f 2456/1708/2406 2447/1701/2399 2454/1709/2407
f 2447/1701/2399 2446/1702/2400 2454/1709/2407
f 2458/1707/2405 2453/1706/2404 2462/1711/2409
f 2459/1712/2410 2458/1707/2405 2462/1711/2409
f 2460/1713/2411 2458/1707/2405 2459/1712/2410
f 2459/1712/2410 2462/1711/2409 2464/1714/2412
f 2452/1715/2413 2450/1716/2414 2465/1717/2415
f 2465/1717/2415 2450/1716/2414 2449/1718/2416
f 2445/1703/2401 2444/1699/2397 2443/1698/2396
f 2467/1719/2417 2466/1720/2418 2442/1721/2419
f 2465/1717/2415 2466/1720/2418 2467/1719/2417
f 2465/1717/2415 2449/1718/2416 2466/1720/2418
f 2468/1722/2420 2465/1717/2415 2467/1719/2417
f 2469/1723/2421 2468/1722/2420 2471/1724/2422
f 2468/1722/2420 2474/1725/2423 2471/1724/2422
f 2471/1724/2422 2474/1725/2423 2430/1726/2424
f 2472/1727/2425 2473/1728/2426 2476/1729/2427
f 2471/1724/2422 2430/1726/2424 2475/1730/2428
f 2474/1725/2423 2427/1731/2429 2430/1726/2424
f 2475/1730/2428 2430/1726/2424 2478/1732/2430
f 2480/1733/2431 2475/1730/2428 2478/1732/2430
f 2481/1734/2432 2480/1733/2431 2485/1735/2433
f 2481/1734/2432 2483/1736/2434 2480/1733/2431
f 2480/1733/2431 2478/1732/2430 2485/1735/2433
f 2486/1737/2435 2479/1738/2436 2431/1739/2437
f 2431/1739/2437 2428/1687/2385 2486/1737/2435
f 2487/1740/2438 2482/1741/2439 2486/1737/2435
f 2488/1742/2440 2482/1741/2439 2487/1740/2438
f 2488/1742/2440 2456/1708/2406 2489/1743/2441
f 2488/1742/2440 2489/1743/2441 2491/1744/2442
f 2490/1745/2443 2459/1712/2410 2492/1746/2444
f 2489/1743/2441 2456/1708/2406 2493/1747/2445
f 2492/1746/2444 2459/1712/2410 2495/1748/2446
f 2459/1712/2410 2464/1714/2412 2495/1748/2446
f 2494/1749/2447 2463/1750/2448 2499/1751/2449
f 2492/1746/2444 2495/1748/2446 2498/1752/2450
f 2496/1753/2451 2494/1749/2447 2499/1751/2449
f 2501/1754/2452 2499/1751/2449 2503/1755/2453
f 2497/1756/2454 2500/1757/2455 2502/1758/2456
f 2499/1751/2449 2463/1750/2448 2503/1755/2453
f 2463/1750/2448 2461/1759/2457 2503/1755/2453
f 2505/1760/2458 2504/1761/2459 2507/1762/2460
f 2506/1763/2461 2508/1764/2462 2510/1765/2463
f 2507/1762/2460 2504/1761/2459 2509/1766/2464
f 2513/1767/2465 2506/1763/2461 2515/1768/2466
f 2513/1767/2465 2511/1769/2467 2506/1763/2461
f 2518/1770/2468 2506/1763/2461 2516/1771/2469
f 2515/1768/2466 2506/1763/2461 2518/1770/2468
f 2488/1742/2440 2517/1772/2470 2520/1773/2471
f 2488/1742/2440 2514/1774/2472 2517/1772/2470
f 2488/1742/2440 2520/1773/2471 2482/1741/2439
f 2521/1775/2473 2512/1776/2474 2514/1774/2472
f 2521/1775/2473 2514/1774/2472 2488/1742/2440
f 2488/1742/2440 2491/1744/2442 2521/1775/2473
f 2521/1775/2473 2524/1777/2475 2512/1776/2474
f 2522/1778/2476 2498/1752/2450 2526/1779/2477
f 2522/1778/2476 2492/1746/2444 2498/1752/2450
f 2525/1780/2478 2511/1769/2467 2513/1767/2465
f 2523/1781/2479 2502/1758/2456 2528/1782/2480
f 2523/1781/2479 2497/1756/2454 2502/1758/2456
f 2527/1783/2481 2504/1761/2459 2505/1760/2458
f 2527/1783/2481 2501/1754/2452 2504/1761/2459
f 2519/1784/2482 2483/1736/2434 2481/1734/2432
f 2484/1785/2483 2472/1727/2425 2477/1786/2484
f 2516/1771/2469 2470/1787/2485 2484/1785/2483
f 2484/1785/2483 2470/1787/2485 2472/1727/2425
f 2506/1763/2461 2510/1765/2463 2516/1771/2469
f 2516/1771/2469 2510/1765/2463 2470/1787/2485
f 2509/1766/2464 2468/1722/2420 2469/1723/2421
f 2509/1766/2464 2504/1761/2459 2468/1722/2420
f 2501/1754/2452 2503/1755/2453 2504/1761/2459
f 2503/1755/2453 2468/1722/2420 2504/1761/2459
f 2461/1759/2457 2452/1715/2413 2465/1717/2415
f 2461/1759/2457 2465/1717/2415 2503/1755/2453
f 2503/1755/2453 2465/1717/2415 2468/1722/2420
f 2488/1742/2440 2447/1701/2399 2456/1708/2406
f 2488/1742/2440 2487/1740/2438 2447/1701/2399
f 2487/1740/2438 2486/1737/2435 2447/1701/2399
f 2486/1737/2435 2428/1687/2385 2447/1701/2399
f 2428/1687/2385 2444/1699/2397 2447/1701/2399
f 2472/1727/2425 2476/1729/2427 2477/1786/2484
f 2474/1725/2423 2422/1681/2379 2427/1731/2429
f 2474/1725/2423 2426/1682/2380 2422/1681/2379
f 2529/1788/2486 2426/1682/2380 2474/1725/2423
f 2426/1682/2380 2529/1788/2486 2436/1691/2389
f 2441/1696/2394 2436/1691/2389 2529/1788/2486
f 2529/1788/2486 2467/1719/2417 2441/1696/2394
f 2467/1719/2417 2439/1695/2393 2441/1696/2394
f 2467/1719/2417 2442/1721/2419 2439/1695/2393
f 2468/1722/2420 2529/1788/2486 2474/1725/2423
f 2468/1722/2420 2467/1719/2417 2529/1788/2486
f 2428/1687/2385 2432/1688/2386 2444/1699/2397
f 2424/1683/2381 2426/1682/2380 2436/1691/2389
f 2531/1789/2379 2534/1790/2487 2533/1791/2381
f 2537/1792/2488 2530/1793/2383 2532/1794/2384
f 2535/1795/2489 2530/1793/2383 2537/1792/2488
f 2535/1795/2489 2537/1792/2488 2540/1796/2386
f 2537/1792/2488 2541/1797/2387 2540/1796/2386
f 2537/1792/2488 2532/1794/2384 2541/1797/2387
f 2532/1794/2384 2542/1798/2490 2541/1797/2387
f 2533/1791/2381 2544/1799/2389 2543/1800/2491
f 2546/1801/2492 2543/1800/2491 2544/1799/2389
f 2541/1797/2387 2542/1798/2490 2545/1802/2392
f 2548/1803/2393 2546/1801/2492 2549/1804/2394
f 2540/1796/2386 2545/1802/2392 2547/1805/2493
f 2546/1801/2492 2544/1799/2389 2549/1804/2394
f 2540/1796/2386 2541/1797/2387 2545/1802/2392
f 2550/1806/2494 2540/1796/2386 2547/1805/2493
f 2550/1806/2494 2552/1807/2397 2540/1796/2386
f 2556/1808/2495 2555/1809/2496 2552/1807/2397
f 2554/1810/2497 2555/1809/2496 2556/1808/2495
f 2556/1808/2495 2552/1807/2397 2553/1811/2498
f 2563/1812/2402 2559/1813/2499 2561/1814/2500
f 2566/1815/2501 2563/1812/2402 2561/1814/2500
f 2564/1816/2406 2562/1817/2502 2565/1818/2503
f 2564/1816/2406 2555/1809/2496 2562/1817/2502
f 2555/1809/2496 2554/1810/2497 2562/1817/2502
f 2566/1815/2501 2561/1814/2500 2570/1819/2504
f 2567/1820/2505 2566/1815/2501 2570/1819/2504
f 2568/1821/2506 2566/1815/2501 2567/1820/2505
f 2567/1820/2505 2570/1819/2504 2572/1822/2507
f 2560/1823/2508 2558/1824/2414 2573/1825/2509
f 2573/1825/2509 2558/1824/2414 2557/1826/2510
f 2553/1811/2498 2552/1807/2397 2550/1806/2494
f 2575/1827/2417 2574/1828/2418 2551/1829/2419
f 2573/1825/2509 2574/1828/2418 2575/1827/2417
f 2573/1825/2509 2557/1826/2510 2574/1828/2418
f 2576/1830/2511 2573/1825/2509 2575/1827/2417
f 2577/1831/2421 2576/1830/2511 2579/1832/2512
f 2576/1830/2511 2582/1833/2513 2579/1832/2512
f 2579/1832/2512 2582/1833/2513 2539/1834/2514
f 2580/1835/2515 2581/1836/2516 2584/1837/2517
f 2579/1832/2512 2539/1834/2514 2583/1838/2518
f 2582/1833/2513 2536/1839/2429 2539/1834/2514
f 2583/1838/2518 2539/1834/2514 2587/1840/2519
f 2588/1841/2520 2583/1838/2518 2587/1840/2519
f 2590/1842/2521 2588/1841/2520 2594/1843/2522
f 2590/1842/2521 2591/1844/2434 2588/1841/2520
f 2588/1841/2520 2587/1840/2519 2594/1843/2522
f 2593/1845/2523 2586/1846/2524 2538/1847/2437
f 2538/1847/2437 2535/1795/2489 2593/1845/2523
f 2595/1848/2525 2589/1849/2526 2593/1845/2523
f 2596/1850/2527 2589/1849/2526 2595/1848/2525
f 2596/1850/2527 2564/1816/2406 2597/1851/2528
f 2596/1850/2527 2597/1851/2528 2599/1852/2442
f 2598/1853/2529 2567/1820/2505 2600/1854/2530
f 2597/1851/2528 2564/1816/2406 2601/1855/2531
f 2600/1854/2530 2567/1820/2505 2603/1856/2532
f 2567/1820/2505 2572/1822/2507 2603/1856/2532
f 2602/1857/2533 2571/1858/2534 2607/1859/2449
f 2600/1854/2530 2603/1856/2532 2606/1860/2450
f 2604/1861/2535 2602/1857/2533 2607/1859/2449
f 2609/1862/2452 2607/1859/2449 2611/1863/2453
f 2605/1864/2454 2608/1865/2455 2610/1866/2536
f 2607/1859/2449 2571/1858/2534 2611/1863/2453
f 2571/1858/2534 2569/1867/2537 2611/1863/2453
f 2613/1868/2538 2612/1869/2539 2615/1870/2540
f 2614/1871/2461 2616/1872/2541 2618/1873/2542
f 2615/1870/2540 2612/1869/2539 2617/1874/2543
f 2621/1875/2465 2614/1871/2461 2623/1876/2544
f 2621/1875/2465 2619/1877/2545 2614/1871/2461
f 2626/1878/2546 2614/1871/2461 2624/1879/2547
f 2623/1876/2544 2614/1871/2461 2626/1878/2546
f 2596/1850/2527 2625/1880/2548 2627/1881/2549
f 2596/1850/2527 2622/1882/2550 2625/1880/2548
f 2596/1850/2527 2627/1881/2549 2589/1849/2526
f 2629/1883/2551 2620/1884/2552 2622/1882/2550
f 2629/1883/2551 2622/1882/2550 2596/1850/2527
f 2596/1850/2527 2599/1852/2442 2629/1883/2551
f 2629/1883/2551 2631/1885/2553 2620/1884/2552
f 2630/1886/2554 2606/1860/2450 2634/1887/2477
f 2630/1886/2554 2600/1854/2530 2606/1860/2450
f 2633/1888/2555 2619/1877/2545 2621/1875/2465
f 2632/1889/2556 2610/1866/2536 2636/1890/2557
f 2632/1889/2556 2605/1864/2454 2610/1866/2536
f 2635/1891/2558 2612/1869/2539 2613/1868/2538
f 2635/1891/2558 2609/1862/2452 2612/1869/2539
f 2628/1892/2482 2591/1844/2434 2590/1842/2521
f 2592/1893/2483 2580/1835/2515 2585/1894/2559
f 2624/1879/2547 2578/1895/2485 2592/1893/2483
f 2592/1893/2483 2578/1895/2485 2580/1835/2515
f 2614/1871/2461 2618/1873/2542 2624/1879/2547
f 2624/1879/2547 2618/1873/2542 2578/1895/2485
f 2617/1874/2543 2576/1830/2511 2577/1831/2421
f 2617/1874/2543 2612/1869/2539 2576/1830/2511
f 2609/1862/2452 2611/1863/2453 2612/1869/2539
f 2611/1863/2453 2576/1830/2511 2612/1869/2539
f 2569/1867/2537 2560/1823/2508 2573/1825/2509
f 2569/1867/2537 2573/1825/2509 2611/1863/2453
f 2611/1863/2453 2573/1825/2509 2576/1830/2511
f 2596/1850/2527 2555/1809/2496 2564/1816/2406
f 2596/1850/2527 2595/1848/2525 2555/1809/2496
f 2595/1848/2525 2593/1845/2523 2555/1809/2496
f 2593/1845/2523 2535/1795/2489 2555/1809/2496
f 2535/1795/2489 2552/1807/2397 2555/1809/2496
f 2580/1835/2515 2584/1837/2517 2585/1894/2559
f 2582/1833/2513 2531/1789/2379 2536/1839/2429
f 2582/1833/2513 2534/1790/2487 2531/1789/2379
f 2637/1896/2560 2534/1790/2487 2582/1833/2513
f 2534/1790/2487 2637/1896/2560 2544/1799/2389
f 2549/1804/2394 2544/1799/2389 2637/1896/2560
f 2637/1896/2560 2575/1827/2417 2549/1804/2394
f 2575/1827/2417 2548/1803/2393 2549/1804/2394
f 2575/1827/2417 2551/1829/2419 2548/1803/2393
f 2576/1830/2511 2637/1896/2560 2582/1833/2513
f 2576/1830/2511 2575/1827/2417 2637/1896/2560
f 2535/1795/2489 2540/1796/2386 2552/1807/2397
f 2533/1791/2381 2534/1790/2487 2544/1799/2389
f 2638/1897/2561 2642/1898/2562 2640/1899/2563
f 2645/1900/2564 2639/1901/2565 2641/1902/2566
f 2644/1903/2567 2639/1901/2565 2645/1900/2564
f 2645/1900/2564 2641/1902/2566 2646/1904/2568
f 2644/1903/2567 2645/1900/2564 2649/1905/2569
f 2645/1900/2564 2650/1906/2570 2649/1905/2569
f 2645/1900/2564 2646/1904/2568 2650/1906/2570
f 2646/1904/2568 2652/1907/2571 2650/1906/2570
f 2640/1899/2563 2653/1908/2572 2651/1909/2573
f 2646/1904/2568 2641/1902/2566 2652/1907/2571
f 2654/1910/2574 2651/1909/2573 2653/1908/2572
f 2650/1906/2570 2652/1907/2571 2655/1911/2575
f 2656/1912/2576 2654/1910/2574 2658/1913/2577
f 2649/1905/2569 2655/1911/2575 2657/1914/2578
f 2654/1910/2574 2653/1908/2572 2658/1913/2577
f 2649/1905/2569 2650/1906/2570 2655/1911/2575
f 2660/1915/2579 2649/1905/2569 2657/1914/2578
f 2660/1915/2579 2661/1916/2580 2649/1905/2569
f 2664/1917/2581 2663/1918/2582 2661/1916/2580
f 2667/1919/2583 2663/1918/2582 2664/1917/2581
f 2664/1917/2581 2661/1916/2580 2662/1920/2584
f 2671/1921/2585 2667/1919/2583 2669/1922/2586
f 2670/1923/2587 2667/1919/2583 2671/1921/2585
f 2670/1923/2587 2663/1918/2582 2667/1919/2583
f 2670/1923/2587 2671/1921/2585 2672/1924/2588
f 2673/1925/2589 2675/1926/2590 2677/1927/2591
f 2674/1928/2590 2668/1929/2592 2679/1930/2593
f 2676/1931/2594 2680/1932/2595 2682/1933/2596
f 2668/1929/2592 2666/1934/2597 2679/1930/2593
f 2679/1930/2593 2666/1934/2597 2681/1935/2598
f 2681/1935/2598 2666/1934/2597 2683/1936/2599
f 2683/1936/2599 2666/1934/2597 2665/1937/2600
f 2662/1920/2584 2661/1916/2580 2660/1915/2579
f 2685/1938/2601 2684/1939/2602 2659/1940/2603
f 2683/1936/2599 2684/1939/2602 2685/1938/2601
f 2683/1936/2599 2665/1937/2600 2684/1939/2602
f 2686/1941/2604 2683/1936/2599 2685/1938/2601
f 2687/1942/2605 2686/1941/2604 2689/1943/2606
f 2691/1944/2607 2683/1936/2599 2686/1941/2604
f 2686/1941/2604 2693/1945/2608 2689/1943/2606
f 2689/1943/2606 2693/1945/2608 2647/1946/2609
f 2690/1947/2610 2692/1948/2611 2695/1949/2612
f 2689/1943/2606 2647/1946/2609 2694/1950/2613
f 2693/1945/2608 2643/1951/2614 2647/1946/2609
f 2694/1950/2613 2647/1946/2609 2697/1952/2615
f 2699/1953/2616 2694/1950/2613 2697/1952/2615
f 2700/1954/2617 2699/1953/2616 2705/1955/2618
f 2700/1954/2617 2703/1956/2619 2699/1953/2616
f 2699/1953/2616 2697/1952/2615 2705/1955/2618
f 2706/1957/2620 2698/1958/2621 2648/1959/2622
f 2648/1959/2622 2644/1903/2567 2706/1957/2620
f 2707/1960/2623 2701/1961/2624 2706/1957/2620
f 2708/1962/2625 2701/1961/2624 2707/1960/2623
f 2708/1962/2625 2670/1923/2587 2709/1963/2626
f 2670/1923/2587 2711/1964/2627 2709/1963/2626
f 2670/1923/2587 2672/1924/2588 2711/1964/2627
f 2710/1965/2628 2712/1966/2629 2713/1967/2630
f 2712/1966/2629 2677/1927/2591 2713/1967/2630
f 2712/1966/2629 2673/1925/2589 2677/1927/2591
f 2714/1968/2631 2678/1969/2632 2717/1970/2633
f 2710/1965/2628 2713/1967/2630 2715/1971/2634
f 2716/1972/2635 2714/1968/2631 2717/1970/2633
f 2716/1972/2635 2717/1970/2633 2718/1973/2636
f 2717/1970/2633 2678/1969/2632 2720/1974/2637
f 2719/1975/2638 2721/1976/2639 2691/1944/2607
f 2678/1969/2632 2722/1977/2640 2720/1974/2637
f 2717/1970/2633 2720/1974/2637 2723/1978/2641
f 2725/1979/2642 2691/1944/2607 2724/1980/2643
f 2726/1981/2644 2724/1980/2643 2728/1982/2645
f 2727/1983/2646 2729/1984/2647 2731/1985/2648
f 2728/1982/2645 2724/1980/2643 2730/1986/2649
f 2734/1987/2650 2727/1983/2646 2736/1988/2651
f 2734/1987/2650 2732/1989/2652 2727/1983/2646
f 2739/1990/2653 2727/1983/2646 2737/1991/2654
f 2736/1988/2651 2727/1983/2646 2739/1990/2653
f 2708/1962/2625 2738/1992/2655 2740/1993/2656
f 2708/1962/2625 2735/1994/2657 2738/1992/2655
f 2708/1962/2625 2740/1993/2656 2701/1961/2624
f 2741/1995/2658 2733/1996/2659 2735/1994/2657
f 2741/1995/2658 2735/1994/2657 2708/1962/2625
f 2708/1962/2625 2709/1963/2626 2741/1995/2658
f 2741/1995/2658 2743/1997/2660 2733/1996/2659
f 2742/1998/2661 2715/1971/2634 2744/1999/2662
f 2742/1998/2661 2710/1965/2628 2715/1971/2634
f 2745/2000/2663 2732/1989/2652 2734/1987/2650
f 2746/2001/2664 2716/1972/2635 2718/1973/2636
f 2747/2002/2665 2724/1980/2643 2726/1981/2644
f 2747/2002/2665 2725/1979/2642 2724/1980/2643
f 2737/1991/2654 2704/2003/2666 2702/2004/2667
f 2704/2003/2666 2690/1947/2610 2696/2005/2668
f 2737/1991/2654 2688/2006/2669 2704/2003/2666
f 2704/2003/2666 2688/2006/2669 2690/1947/2610
f 2727/1983/2646 2731/1985/2648 2737/1991/2654
f 2737/1991/2654 2731/1985/2648 2688/2006/2669
f 2730/1986/2649 2686/1941/2604 2687/1942/2605
f 2730/1986/2649 2724/1980/2643 2686/1941/2604
f 2691/1944/2607 2686/1941/2604 2724/1980/2643
f 2676/1931/2594 2682/1933/2596 2722/1977/2640
f 2678/1969/2632 2676/1931/2594 2722/1977/2640
f 2721/1976/2639 2681/1935/2598 2691/1944/2607
f 2708/1962/2625 2663/1918/2582 2670/1923/2587
f 2708/1962/2625 2707/1960/2623 2663/1918/2582
f 2707/1960/2623 2706/1957/2620 2663/1918/2582
f 2706/1957/2620 2644/1903/2567 2663/1918/2582
f 2644/1903/2567 2661/1916/2580 2663/1918/2582
f 2690/1947/2610 2695/1949/2612 2696/2005/2668
f 2693/1945/2608 2638/1897/2561 2643/1951/2614
f 2693/1945/2608 2642/1898/2562 2638/1897/2561
f 2748/2007/2670 2642/1898/2562 2693/1945/2608
f 2748/2007/2670 2653/1908/2572 2642/1898/2562
f 2748/2007/2670 2658/1913/2577 2653/1908/2572
f 2748/2007/2670 2685/1938/2601 2658/1913/2577
f 2685/1938/2601 2656/1912/2576 2658/1913/2577
f 2685/1938/2601 2659/1940/2603 2656/1912/2576
f 2686/1941/2604 2748/2007/2670 2693/1945/2608
f 2686/1941/2604 2685/1938/2601 2748/2007/2670
f 2681/1935/2598 2683/1936/2599 2691/1944/2607
f 2644/1903/2567 2649/1905/2569 2661/1916/2580
f 2640/1899/2563 2642/1898/2562 2653/1908/2572
f 2750/2008/2671 2753/2009/2672 2752/2010/2673
f 2756/2011/2674 2749/2012/2675 2751/2013/2676
f 2754/2014/2677 2749/2012/2675 2756/2011/2674
f 2756/2011/2674 2751/2013/2676 2757/2015/2678
f 2758/2016/2679 2754/2014/2677 2760/2017/2680
f 2754/2014/2677 2756/2011/2674 2760/2017/2680
f 2760/2017/2680 2756/2011/2674 2761/2018/2681
f 2756/2011/2674 2762/2019/2682 2761/2018/2681
f 2756/2011/2674 2757/2015/2678 2762/2019/2682
f 2757/2015/2678 2763/2020/2683 2762/2019/2682
f 2752/2010/2673 2765/2021/2684 2764/2022/2685
f 2757/2015/2678 2751/2013/2676 2763/2020/2683
f 2767/2023/2686 2764/2022/2685 2765/2021/2684
f 2762/2019/2682 2763/2020/2683 2766/2024/2687
f 2770/2025/2688 2767/2023/2686 2771/2026/2689
f 2761/2018/2681 2766/2024/2687 2768/2027/2690
f 2767/2023/2686 2765/2021/2684 2771/2026/2689
f 2761/2018/2681 2762/2019/2682 2766/2024/2687
f 2772/2028/2691 2761/2018/2681 2768/2027/2690
f 2772/2028/2691 2774/2029/2692 2761/2018/2681
f 2777/2030/2693 2776/2031/2694 2774/2029/2692
f 2779/2032/2695 2776/2031/2694 2777/2030/2693
f 2777/2030/2693 2774/2029/2692 2775/2033/2696
f 2783/2034/2697 2779/2032/2695 2781/2035/2698
f 2783/2034/2697 2776/2031/2694 2779/2032/2695
f 2783/2034/2697 2781/2035/2698 2784/2036/2699
f 2783/2034/2697 2784/2036/2699 2786/2037/2700
f 2782/2038/2701 2780/2039/2702 2788/2040/2703
f 2788/2040/2703 2780/2039/2702 2778/2041/2704
f 2775/2033/2696 2774/2029/2692 2772/2028/2691
f 2790/2042/2705 2789/2043/2706 2773/2044/2707
f 2788/2040/2703 2789/2043/2706 2790/2042/2705
f 2788/2040/2703 2778/2041/2704 2789/2043/2706
f 2792/2045/2708 2788/2040/2703 2791/2046/2709
f 2791/2046/2709 2788/2040/2703 2790/2042/2705
f 2793/2047/2710 2792/2045/2708 2794/2048/2711
f 2792/2045/2708 2791/2046/2709 2794/2048/2711
f 2791/2046/2709 2796/2049/2712 2794/2048/2711
f 2795/2050/2713 2797/2051/2714 2759/2052/2715
f 2795/2050/2713 2759/2052/2715 2799/2053/2716
f 2797/2051/2714 2755/2054/2717 2759/2052/2715
f 2804/2055/2718 2801/2056/2719 2758/2016/2679
f 2758/2016/2679 2760/2017/2680 2804/2055/2718
f 2805/2057/2720 2802/2058/2721 2804/2055/2718
f 2806/2059/2722 2802/2058/2721 2805/2057/2720
f 2806/2059/2722 2783/2034/2697 2824/2060/2723
f 2824/2060/2723 2783/2034/2697 2807/2061/2724
f 2783/2034/2697 2786/2037/2700 2807/2061/2724
f 2824/2060/2723 2807/2061/2724 2809/2062/2725
f 2811/2063/2726 2808/2064/2727 2812/2065/2728
f 2810/2066/2729 2808/2064/2727 2811/2063/2726
f 2808/2064/2727 2787/2067/2730 2812/2065/2728
f 2787/2067/2730 2785/2068/2731 2812/2065/2728
f 2814/2069/2732 2813/2070/2733 2793/2047/2710
f 2816/2071/2734 2814/2069/2732 2818/2072/2735
f 2816/2071/2734 2811/2063/2726 2814/2069/2732
f 2821/2073/2736 2814/2069/2732 2819/2074/2737
f 2818/2072/2735 2814/2069/2732 2821/2073/2736
f 2823/2075/2738 2820/2076/2739 2822/2077/2740
f 2823/2075/2738 2817/2078/2741 2820/2076/2739
f 2823/2075/2738 2822/2077/2740 2802/2058/2721
f 2806/2059/2722 2823/2075/2738 2802/2058/2721
f 2806/2059/2722 2824/2060/2723 2823/2075/2738
f 2824/2060/2723 2815/2079/2742 2817/2078/2741
f 2824/2060/2723 2817/2078/2741 2823/2075/2738
f 2824/2060/2723 2825/2080/2743 2815/2079/2742
f 2824/2060/2723 2809/2062/2725 2825/2080/2743
f 2826/2081/2744 2811/2063/2726 2816/2071/2734
f 2826/2081/2744 2810/2066/2729 2811/2063/2726
f 2811/2063/2726 2813/2070/2733 2814/2069/2732
f 2803/2082/2745 2794/2048/2711 2800/2083/2746
f 2819/2074/2737 2793/2047/2710 2803/2082/2745
f 2803/2082/2745 2793/2047/2710 2794/2048/2711
f 2814/2069/2732 2793/2047/2710 2819/2074/2737
f 2793/2047/2710 2813/2070/2733 2792/2045/2708
f 2811/2063/2726 2812/2065/2728 2813/2070/2733
f 2812/2065/2728 2792/2045/2708 2813/2070/2733
f 2785/2068/2731 2782/2038/2701 2788/2040/2703
f 2785/2068/2731 2788/2040/2703 2812/2065/2728
f 2812/2065/2728 2788/2040/2703 2792/2045/2708
f 2806/2059/2722 2776/2031/2694 2783/2034/2697
f 2806/2059/2722 2805/2057/2720 2776/2031/2694
f 2805/2057/2720 2804/2055/2718 2776/2031/2694
f 2804/2055/2718 2760/2017/2680 2776/2031/2694
f 2760/2017/2680 2774/2029/2692 2776/2031/2694
f 2794/2048/2711 2798/2084/2747 2800/2083/2746
f 2828/2085/2748 2750/2008/2671 2755/2054/2717
f 2797/2051/2714 2828/2085/2748 2755/2054/2717
f 2828/2085/2748 2753/2009/2672 2750/2008/2671
f 2829/2086/2749 2828/2085/2748 2797/2051/2714
f 2791/2046/2709 2830/2087/2750 2827/2088/2751
f 2831/2089/2752 2753/2009/2672 2828/2085/2748
f 2831/2089/2752 2833/2090/2753 2753/2009/2672
f 2753/2009/2672 2833/2090/2753 2765/2021/2684
f 2771/2026/2689 2765/2021/2684 2833/2090/2753
f 2830/2087/2750 2834/2091/2754 2832/2092/2755
f 2771/2026/2689 2833/2090/2753 2835/2093/2756
f 2830/2087/2750 2790/2042/2705 2834/2091/2754
f 2790/2042/2705 2838/2094/2757 2834/2091/2754
f 2837/2095/2758 2835/2093/2756 2839/2096/2759
f 2837/2095/2758 2771/2026/2689 2835/2093/2756
f 2773/2044/2707 2836/2097/2760 2838/2094/2757
f 2790/2042/2705 2773/2044/2707 2838/2094/2757
f 2770/2025/2688 2771/2026/2689 2837/2095/2758
f 2773/2044/2707 2769/2098/2761 2836/2097/2760
f 2791/2046/2709 2790/2042/2705 2830/2087/2750
f 2760/2017/2680 2761/2018/2681 2774/2029/2692
f 2752/2010/2673 2753/2009/2672 2765/2021/2684
f 2849/2099/2762 2840/2100/2763 2843/2101/2764
f 2845/2102/2765 2840/2100/2763 2849/2099/2762
f 2847/2103/2766 2841/2104/2767 2846/2105/2768
f 2849/2099/2762 2843/2101/2764 2850/2106/2769
f 2851/2107/2770 2845/2102/2765 2853/2108/2771
f 2845/2102/2765 2849/2099/2762 2853/2108/2771
f 2865/2109/2772 2850/2106/2769 2854/2110/2773
f 2865/2109/2772 2849/2099/2762 2850/2106/2769
f 2854/2110/2773 2850/2106/2769 2855/2111/2774
f 2844/2112/2775 2857/2113/2776 2856/2114/2777
f 2850/2106/2769 2843/2101/2764 2855/2111/2774
f 2859/2115/2778 2856/2114/2777 2857/2113/2776
f 2854/2110/2773 2855/2111/2774 2858/2116/2779
f 2862/2117/2780 2859/2115/2778 2864/2118/2781
f 2865/2109/2772 2858/2116/2779 2860/2119/2782
f 2859/2115/2778 2857/2113/2776 2864/2118/2781
f 2865/2109/2772 2854/2110/2773 2858/2116/2779
f 2866/2120/2783 2865/2109/2772 2860/2119/2782
f 2866/2120/2783 2868/2121/2784 2865/2109/2772
f 2869/2122/2785 2868/2121/2784 2866/2120/2783
f 2868/2121/2784 2853/2108/2771 2849/2099/2762
f 2868/2121/2784 2849/2099/2762 2865/2109/2772
f 2870/2123/2786 2868/2121/2784 2869/2122/2785
f 2876/2124/2787 2871/2125/2788 2874/2126/2789
f 2876/2124/2787 2874/2126/2789 2877/2127/2790
f 2876/2124/2787 2877/2127/2790 2879/2128/2791
f 2875/2129/2792 2873/2130/2793 2881/2131/2794
f 2881/2131/2794 2873/2130/2793 2872/2132/2795
f 2883/2133/2796 2882/2134/2797 2884/2135/2798
f 2881/2131/2794 2882/2134/2797 2883/2133/2796
f 2882/2134/2797 2867/2136/2799 2884/2135/2798
f 2881/2131/2794 2872/2132/2795 2882/2134/2797
f 2885/2137/2800 2881/2131/2794 2883/2133/2796
f 2885/2137/2800 2887/2138/2801 2886/2139/2802
f 2886/2139/2802 2887/2138/2801 2888/2140/2803
f 2887/2138/2801 2852/2141/2804 2888/2140/2803
f 2887/2138/2801 2889/2142/2805 2852/2141/2804
f 2852/2141/2804 2889/2142/2805 2847/2103/2766
f 2852/2141/2804 2847/2103/2766 2846/2105/2768
f 2895/2143/2806 2892/2144/2807 2851/2107/2770
f 2895/2143/2806 2851/2107/2770 2896/2145/2808
f 2897/2146/2809 2895/2143/2806 2896/2145/2808
f 2897/2146/2809 2876/2124/2787 2921/2147/2810
f 2921/2147/2810 2876/2124/2787 2898/2148/2811
f 2876/2124/2787 2879/2128/2791 2898/2148/2811
f 2899/2149/2812 2880/2150/2813 2903/2151/2814
f 2921/2147/2810 2898/2148/2811 2900/2152/2815
f 2901/2153/2816 2899/2149/2812 2903/2151/2814
f 2905/2154/2817 2903/2151/2814 2907/2155/2818
f 2902/2156/2816 2904/2157/2819 2906/2158/2820
f 2903/2151/2814 2880/2150/2813 2907/2155/2818
f 2880/2150/2813 2878/2159/2821 2907/2155/2818
f 2910/2160/2822 2909/2161/2823 2908/2162/2824
f 2907/2155/2818 2908/2162/2824 2909/2161/2823
f 2910/2160/2822 2908/2162/2824 2886/2139/2802
f 2913/2163/2825 2911/2164/2826 2915/2165/2827
f 2915/2165/2827 2911/2164/2826 2910/2160/2822
f 2918/2166/2828 2910/2160/2822 2916/2167/2829
f 2915/2165/2827 2910/2160/2822 2918/2166/2828
f 2920/2168/2830 2917/2169/2831 2919/2170/2832
f 2920/2168/2830 2914/2171/2833 2917/2169/2831
f 2920/2168/2830 2919/2170/2832 2893/2172/2834
f 2920/2168/2830 2893/2172/2834 2895/2143/2806
f 2897/2146/2809 2920/2168/2830 2895/2143/2806
f 2897/2146/2809 2921/2147/2810 2920/2168/2830
f 2921/2147/2810 2912/2173/2835 2914/2171/2833
f 2921/2147/2810 2914/2171/2833 2920/2168/2830
f 2921/2147/2810 2922/2174/2836 2912/2173/2835
f 2921/2147/2810 2900/2152/2815 2922/2174/2836
f 2923/2175/2837 2911/2164/2826 2913/2163/2825
f 2923/2175/2837 2909/2161/2823 2911/2164/2826
f 2923/2175/2837 2905/2154/2817 2909/2161/2823
f 2923/2175/2837 2901/2153/2838 2905/2154/2817
f 2909/2161/2823 2910/2160/2822 2911/2164/2826
f 2909/2161/2823 2905/2154/2817 2907/2155/2818
f 2894/2176/2839 2886/2139/2802 2891/2177/2840
f 2916/2167/2829 2886/2139/2802 2894/2176/2839
f 2910/2160/2822 2886/2139/2802 2916/2167/2829
f 2886/2139/2802 2908/2162/2824 2885/2137/2800
f 2907/2155/2818 2885/2137/2800 2908/2162/2824
f 2878/2159/2821 2875/2129/2792 2881/2131/2794
f 2878/2159/2821 2881/2131/2794 2907/2155/2818
f 2907/2155/2818 2881/2131/2794 2885/2137/2800
f 2897/2146/2809 2871/2125/2788 2876/2124/2787
f 2897/2146/2809 2896/2145/2808 2871/2125/2788
f 2871/2125/2788 2896/2145/2808 2851/2107/2770
f 2871/2125/2788 2851/2107/2770 2870/2123/2786
f 2870/2123/2786 2851/2107/2770 2868/2121/2784
f 2851/2107/2770 2853/2108/2771 2868/2121/2784
f 2886/2139/2802 2888/2140/2803 2891/2177/2840
f 2925/2178/2841 2842/2179/2842 2890/2180/2843
f 2890/2180/2843 2842/2179/2842 2848/2181/2844
f 2887/2138/2801 2924/2182/2845 2889/2142/2805
f 2925/2178/2841 2929/2183/2846 2842/2179/2842
f 2926/2184/2847 2924/2182/2845 2887/2138/2801
f 2926/2184/2847 2928/2185/2848 2924/2182/2845
f 2844/2112/2775 2929/2183/2846 2931/2186/2849
f 2842/2179/2842 2929/2183/2846 2844/2112/2775
f 2927/2187/2850 2931/2186/2849 2929/2183/2846
f 2844/2112/2775 2931/2186/2849 2857/2113/2776
f 2864/2118/2781 2857/2113/2776 2931/2186/2849
f 2926/2184/2847 2932/2188/2851 2930/2189/2852
f 2864/2118/2781 2931/2186/2849 2933/2190/2853
f 2926/2184/2847 2883/2133/2796 2932/2188/2851
f 2883/2133/2796 2884/2135/2798 2932/2188/2851
f 2934/2191/2854 2932/2188/2851 2884/2135/2798
f 2935/2192/2855 2864/2118/2781 2933/2190/2853
f 2861/2193/2856 2863/2194/2857 2934/2191/2854
f 2867/2136/2799 2861/2193/2856 2934/2191/2854
f 2884/2135/2798 2867/2136/2799 2934/2191/2854
f 2885/2137/2800 2926/2184/2847 2887/2138/2801
f 2885/2137/2800 2883/2133/2796 2926/2184/2847
f 2938/2195/2858 2941/2196/2859 2940/2197/2860
f 2948/2198/2861 2936/2199/2862 2939/2200/2863
f 2938/2195/2858 2943/2201/2864 2941/2196/2859
f 2947/2202/2865 2943/2201/2864 2938/2195/2858
f 2944/2203/2866 2936/2199/2862 2948/2198/2861
f 2946/2204/2867 2937/2205/2868 2945/2206/2869
f 2948/2198/2861 2939/2200/2863 2949/2207/2870
f 2944/2203/2866 2948/2198/2861 2967/2208/2871
f 2963/2209/2872 2949/2207/2870 2952/2210/2873
f 2963/2209/2872 2948/2198/2861 2949/2207/2870
f 2952/2210/2873 2949/2207/2870 2953/2211/2874
f 2940/2197/2860 2955/2212/2875 2954/2213/2876
f 2949/2207/2870 2939/2200/2863 2953/2211/2874
f 2957/2214/2877 2954/2213/2876 2955/2212/2875
f 2952/2210/2873 2953/2211/2874 2956/2215/2878
f 2960/2216/2879 2957/2214/2877 2962/2217/2880
f 2963/2209/2872 2956/2215/2878 2958/2218/2881
f 2957/2214/2877 2955/2212/2875 2962/2217/2880
f 2963/2209/2872 2952/2210/2873 2956/2215/2878
f 2964/2219/2882 2963/2209/2872 2958/2218/2881
f 2964/2219/2882 2967/2208/2871 2963/2209/2872
f 2967/2208/2871 2948/2198/2861 2963/2209/2872
f 2968/2220/2883 2967/2208/2871 2964/2219/2882
f 2968/2220/2883 2991/2221/2884 2967/2208/2871
f 2969/2222/2885 2991/2221/2884 2968/2220/2883
f 2968/2220/2883 2964/2219/2882 2966/2223/2886
f 2973/2224/2887 2969/2222/2885 2972/2225/2888
f 2993/2226/2889 2972/2225/2888 2975/2227/2890
f 2973/2224/2887 2972/2225/2888 2993/2226/2889
f 2993/2226/2889 2975/2227/2890 2977/2228/2891
f 2971/2229/2892 2970/2230/2893 2978/2231/2894
f 2980/2232/2895 2979/2233/2896 2981/2234/2897
f 2978/2231/2894 2979/2233/2896 2980/2232/2895
f 2979/2233/2896 2965/2235/2898 2981/2234/2897
f 2978/2231/2894 2970/2230/2893 2979/2233/2896
f 2982/2236/2899 2978/2231/2894 2980/2232/2895
f 2982/2236/2899 2984/2237/2900 2983/2238/2901
f 2983/2238/2901 2984/2237/2900 2985/2239/2902
f 2984/2237/2900 2950/2240/2903 2985/2239/2902
f 2984/2237/2900 2986/2241/2904 2950/2240/2903
f 2950/2240/2903 2986/2241/2904 2946/2204/2867
f 2950/2240/2903 2946/2204/2867 2945/2206/2869
f 2988/2242/2905 2951/2243/2906 2991/2221/2884
f 2951/2243/2906 2944/2203/2866 2991/2221/2884
f 2991/2221/2884 2944/2203/2866 2967/2208/2871
f 2992/2244/2907 2988/2242/2905 2991/2221/2884
f 2973/2224/2887 2992/2244/2907 2991/2221/2884
f 2993/2226/2889 2992/2244/2907 2973/2224/2887
f 3024/2245/2908 2993/2226/2889 2995/2246/2909
f 2993/2226/2889 2977/2228/2891 2995/2246/2909
f 2994/2247/2910 2976/2248/2911 2998/2249/2912
f 2996/2250/2910 2999/2251/2913 3006/2252/2914
f 3024/2245/2908 2995/2246/2909 3001/2253/2915
f 3002/2254/2916 2997/2255/2910 3007/2256/2914
f 3009/2257/2917 3005/2258/2918 3012/2259/2919
f 3000/2260/2920 3004/2261/2914 3008/2262/2921
f 3005/2258/2918 2998/2249/2912 3012/2259/2919
f 3014/2263/2922 3013/2264/2923 2983/2238/2901
f 3016/2265/2924 3015/2266/2925 3018/2267/2926
f 3018/2267/2926 3015/2266/2925 3020/2268/2927
f 3015/2266/2925 3014/2263/2922 3020/2268/2927
f 3020/2268/2927 3014/2263/2922 2989/2269/2928
f 3020/2268/2927 2989/2269/2928 3021/2270/2929
f 2992/2244/2907 3022/2271/2930 3023/2272/2931
f 2992/2244/2907 3019/2273/2932 3022/2271/2930
f 2992/2244/2907 3023/2272/2931 2990/2274/2933
f 2992/2244/2907 2990/2274/2933 2988/2242/2905
f 2993/2226/2889 3024/2245/2908 2992/2244/2907
f 3024/2245/2908 3017/2275/2934 3019/2273/2932
f 3024/2245/2908 3019/2273/2932 2992/2244/2907
f 3024/2245/2908 3026/2276/2935 3017/2275/2934
f 3024/2245/2908 3001/2253/2915 3026/2276/2935
f 3025/2277/2936 3015/2266/2925 3016/2265/2924
f 3028/2278/2937 3011/2279/2921 3029/2280/2938
f 3027/2281/2939 3003/2282/2916 3010/2283/2921
f 3015/2266/2925 3013/2264/2923 3014/2263/2922
f 3015/2266/2925 3012/2259/2919 3013/2264/2923
f 3015/2266/2925 3009/2257/2917 3012/2259/2919
f 2989/2269/2928 2983/2238/2901 2985/2239/2902
f 3014/2263/2922 2983/2238/2901 2989/2269/2928
f 2983/2238/2901 3013/2264/2923 2982/2236/2899
f 3012/2259/2919 2982/2236/2899 3013/2264/2923
f 2974/2284/2940 2971/2229/2892 3012/2259/2919
f 2998/2249/2912 2974/2284/2940 3012/2259/2919
f 3012/2259/2919 2971/2229/2892 2978/2231/2894
f 3012/2259/2919 2978/2231/2894 2982/2236/2899
f 2976/2248/2911 2974/2284/2940 2998/2249/2912
f 2973/2224/2887 2991/2221/2884 2969/2222/2885
f 3032/2285/2941 3030/2286/2942 2986/2241/2904
f 2987/2287/2943 3031/2288/2944 2943/2201/2864
f 2986/2241/2904 2942/2289/2945 2946/2204/2867
f 2984/2237/2900 3032/2285/2941 2986/2241/2904
f 3033/2290/2946 3032/2285/2941 2984/2237/2900
f 2943/2201/2864 3031/2288/2944 2941/2196/2859
f 3033/2290/2946 3034/2291/2947 3032/2285/2941
f 2941/2196/2859 3035/2292/2948 2955/2212/2875
f 2962/2217/2880 2955/2212/2875 3035/2292/2948
f 3033/2290/2946 3036/2293/2949 3034/2291/2947
f 2962/2217/2880 3035/2292/2948 3037/2294/2950
f 3033/2290/2946 2980/2232/2895 3036/2293/2949
f 2980/2232/2895 2981/2234/2897 3036/2293/2949
f 3038/2295/2951 3036/2293/2949 2981/2234/2897
f 3039/2296/2952 2962/2217/2880 3037/2294/2950
f 2959/2297/2953 2961/2298/2954 3038/2295/2951
f 2965/2235/2898 2959/2297/2953 3038/2295/2951
f 2981/2234/2897 2965/2235/2898 3038/2295/2951
f 2982/2236/2899 3033/2290/2946 2984/2237/2900
f 2982/2236/2899 2980/2232/2895 3033/2290/2946
f 2940/2197/2860 2941/2196/2859 2955/2212/2875
f 3042/2299/2955 3045/2300/2956 3044/2301/2957
f 3052/2302/2958 3040/2303/2959 3043/2304/2960
f 3042/2299/2955 3047/2305/2961 3045/2300/2956
f 3051/2306/2962 3047/2305/2961 3042/2299/2955
f 3048/2307/2963 3040/2303/2959 3052/2302/2958
f 3050/2308/2964 3041/2309/2965 3049/2310/2966
f 3052/2302/2958 3043/2304/2960 3053/2311/2967
f 3054/2312/2968 3048/2307/2963 3056/2313/2969
f 3048/2307/2963 3052/2302/2958 3056/2313/2969
f 3067/2314/2970 3053/2311/2967 3057/2315/2971
f 3067/2314/2970 3052/2302/2958 3053/2311/2967
f 3057/2315/2971 3053/2311/2967 3058/2316/2972
f 3044/2301/2957 3060/2317/2973 3059/2318/2974
f 3053/2311/2967 3043/2304/2960 3058/2316/2972
f 3062/2319/2975 3059/2318/2974 3060/2317/2973
f 3057/2315/2971 3058/2316/2972 3061/2320/2976
f 3065/2321/2977 3062/2319/2975 3066/2322/2978
f 3067/2314/2970 3061/2320/2976 3063/2323/2979
f 3062/2319/2975 3060/2317/2973 3066/2322/2978
f 3067/2314/2970 3057/2315/2971 3061/2320/2976
f 3068/2324/2980 3067/2314/2970 3063/2323/2979
f 3070/2325/2981 3071/2326/2982 3068/2324/2980
f 3071/2326/2982 3072/2327/2983 3068/2324/2980
f 3068/2324/2980 3072/2327/2983 3067/2314/2970
f 3072/2327/2983 3052/2302/2958 3067/2314/2970
f 3073/2328/2984 3071/2326/2982 3075/2329/2985
f 3073/2328/2984 3074/2330/2986 3071/2326/2982
f 3075/2329/2985 3071/2326/2982 3070/2325/2981
f 3081/2331/2987 3073/2328/2984 3078/2332/2988
f 3080/2333/2989 3073/2328/2984 3081/2331/2987
f 3083/2334/2990 3080/2333/2989 3081/2331/2987
f 3083/2334/2990 3081/2331/2987 3082/2335/2991
f 3085/2336/2992 3084/2337/2993 3086/2338/2994
f 3084/2337/2993 3079/2339/2995 3086/2338/2994
f 3079/2339/2995 3077/2340/2996 3087/2341/2997
f 3087/2341/2997 3077/2340/2996 3076/2342/2998
f 3089/2343/2999 3088/2344/3000 3069/2345/3001
f 3087/2341/2997 3088/2344/3000 3089/2343/2999
f 3087/2341/2997 3076/2342/2998 3088/2344/3000
f 3090/2346/3002 3087/2341/2997 3089/2343/2999
f 3091/2347/3003 3090/2346/3002 3092/2348/3004
f 3091/2347/3003 3093/2349/3005 3090/2346/3002
f 3087/2341/2997 3090/2346/3002 3093/2349/3005
f 3090/2346/3002 3094/2350/3006 3092/2348/3004
f 3092/2348/3004 3094/2350/3006 3055/2351/3007
f 3094/2350/3006 3050/2308/2964 3055/2351/3007
f 3055/2351/3007 3050/2308/2964 3049/2310/2966
f 3098/2352/3008 3055/2351/3007 3100/2353/3009
f 3055/2351/3007 3096/2354/3010 3100/2353/3009
f 3101/2355/3011 3097/2356/3012 3099/2357/3013
f 3101/2355/3011 3099/2357/3013 3095/2358/3014
f 3095/2358/3014 3054/2312/2968 3056/2313/2969
f 3095/2358/3014 3056/2313/2969 3102/2359/3015
f 3103/2360/3016 3101/2355/3011 3102/2359/3015
f 3101/2355/3011 3095/2358/3014 3102/2359/3015
f 3104/2361/3017 3101/2355/3011 3103/2360/3016
f 3105/2362/3018 3104/2361/3017 3083/2334/2990
f 3104/2361/3017 3080/2333/2989 3083/2334/2990
f 3104/2361/3017 3103/2360/3016 3080/2333/2989
f 3105/2362/3018 3083/2334/2990 3082/2335/2991
f 3106/2363/3019 3105/2362/3018 3107/2364/3020
f 3105/2362/3018 3082/2335/2991 3107/2364/3020
f 3108/2365/3021 3085/2336/2992 3086/2338/2994
f 3110/2366/3022 3111/2367/3023 3119/2368/3024
f 3106/2363/3019 3107/2364/3020 3113/2369/3025
f 3115/2370/3026 3109/2371/3022 3118/2372/3024
f 3123/2373/3027 3117/2374/3028 3124/2375/3029
f 3112/2376/3030 3116/2377/3031 3120/2378/3032
f 3117/2374/3028 3086/2338/2994 3124/2375/3029
f 3124/2375/3029 3086/2338/2994 3125/2379/3033
f 3124/2375/3029 3093/2349/3005 3126/2380/3034
f 3124/2375/3029 3125/2379/3033 3093/2349/3005
f 3128/2381/3035 3126/2380/3034 3093/2349/3005
f 3127/2382/3036 3126/2380/3034 3128/2381/3035
f 3127/2382/3036 3128/2381/3035 3129/2383/3037
f 3131/2384/3038 3127/2382/3036 3133/2385/3039
f 3133/2385/3039 3127/2382/3036 3129/2383/3037
f 3104/2361/3017 3132/2386/3040 3135/2387/3041
f 3136/2388/3042 3132/2386/3040 3104/2361/3017
f 3104/2361/3017 3135/2387/3041 3101/2355/3011
f 3101/2355/3011 3135/2387/3041 3097/2356/3012
f 3105/2362/3018 3136/2388/3042 3104/2361/3017
f 3105/2362/3018 3106/2363/3019 3136/2388/3042
f 3136/2388/3042 3130/2389/3043 3132/2386/3040
f 3106/2363/3019 3130/2389/3043 3136/2388/3042
f 3139/2390/3044 3127/2382/3036 3131/2384/3038
f 3139/2390/3044 3126/2380/3034 3127/2382/3036
f 3137/2391/3045 3121/2392/3032 3140/2393/3046
f 3138/2394/3045 3114/2395/3026 3122/2396/3032
f 3126/2380/3034 3123/2373/3027 3124/2375/3029
f 3098/2352/3008 3092/2348/3004 3055/2351/3007
f 3134/2397/3047 3091/2347/3003 3098/2352/3008
f 3098/2352/3008 3091/2347/3003 3092/2348/3004
f 3129/2383/3037 3128/2381/3035 3134/2397/3047
f 3134/2397/3047 3128/2381/3035 3091/2347/3003
f 3128/2381/3035 3093/2349/3005 3091/2347/3003
f 3086/2338/2994 3079/2339/2995 3087/2341/2997
f 3086/2338/2994 3087/2341/2997 3125/2379/3033
f 3125/2379/3033 3087/2341/2997 3093/2349/3005
f 3103/2360/3016 3074/2330/2986 3080/2333/2989
f 3071/2326/2982 3074/2330/2986 3072/2327/2983
f 3102/2359/3015 3072/2327/2983 3074/2330/2986
f 3103/2360/3016 3102/2359/3015 3074/2330/2986
f 3102/2359/3015 3056/2313/2969 3072/2327/2983
f 3094/2350/3006 3141/2398/3048 3050/2308/2964
f 3050/2308/2964 3141/2398/3048 3046/2399/3049
f 3094/2350/3006 3144/2400/3050 3141/2398/3048
f 3143/2401/3051 3144/2400/3050 3094/2350/3006
f 3045/2300/2956 3145/2402/3052 3147/2403/3053
f 3047/2305/2961 3145/2402/3052 3045/2300/2956
f 3047/2305/2961 3142/2404/3054 3145/2402/3052
f 3143/2401/3051 3146/2405/3055 3144/2400/3050
f 3045/2300/2956 3147/2403/3053 3060/2317/2973
f 3066/2322/2978 3060/2317/2973 3147/2403/3053
f 3143/2401/3051 3148/2406/3056 3146/2405/3055
f 3066/2322/2978 3147/2403/3053 3149/2407/3057
f 3143/2401/3051 3089/2343/2999 3148/2406/3056
f 3089/2343/2999 3152/2408/3058 3148/2406/3056
f 3151/2409/3059 3149/2407/3057 3153/2410/3060
f 3151/2409/3059 3066/2322/2978 3149/2407/3057
f 3069/2345/3001 3150/2411/3061 3152/2408/3058
f 3089/2343/2999 3069/2345/3001 3152/2408/3058
f 3065/2321/2977 3066/2322/2978 3151/2409/3059
f 3069/2345/3001 3064/2412/3062 3150/2411/3061
f 3090/2346/3002 3143/2401/3051 3094/2350/3006
f 3090/2346/3002 3089/2343/2999 3143/2401/3051
f 3080/2333/2989 3074/2330/2986 3073/2328/2984
f 3056/2313/2969 3052/2302/2958 3072/2327/2983
f 3044/2301/2957 3045/2300/2956 3060/2317/2973
f 3156/2413/3063 3158/2414/3064 3159/2415/3065
f 3163/2416/3066 3157/2417/3067 3155/2418/3068
f 3160/2419/3069 3162/2420/3070 3154/2421/3071
f 3160/2419/3069 3164/2422/3072 3162/2420/3070
f 3165/2423/3073 3166/2424/3074 3163/2416/3066
f 3163/2416/3066 3166/2424/3074 3157/2417/3067
f 3167/2425/3075 3164/2422/3072 3160/2419/3069
f 3167/2425/3075 3228/2426/3076 3164/2422/3072
f 3165/2423/3073 3170/2427/3077 3166/2424/3074
f 3170/2427/3077 3171/2428/3078 3166/2424/3074
f 3173/2429/3079 3174/2430/3080 3166/2424/3074
f 3173/2429/3079 3166/2424/3074 3171/2428/3078
f 3174/2430/3080 3175/2431/3081 3166/2424/3074
f 3158/2414/3064 3176/2432/3082 3177/2433/3083
f 3166/2424/3074 3175/2431/3081 3157/2417/3067
f 3179/2434/3084 3177/2433/3083 3176/2432/3082
f 3174/2430/3080 3178/2435/3085 3175/2431/3081
f 3182/2436/3086 3184/2437/3087 3179/2434/3084
f 3186/2438/3088 3180/2439/3089 3178/2435/3085
f 3179/2434/3084 3184/2437/3087 3177/2433/3083
f 3186/2438/3088 3178/2435/3085 3174/2430/3080
f 3188/2440/3090 3180/2439/3089 3186/2438/3088
f 3187/2441/3091 3185/2442/3092 3190/2443/3093
f 3190/2443/3093 3185/2442/3092 3191/2444/3094
f 3192/2445/3095 3186/2438/3088 3174/2430/3080
f 3190/2443/3093 3191/2444/3094 3172/2446/3096
f 3192/2445/3095 3174/2430/3080 3173/2429/3079
f 3190/2443/3093 3172/2446/3096 3169/2447/3097
f 3194/2448/3098 3190/2443/3093 3230/2449/3099
f 3195/2450/3100 3194/2448/3098 3196/2451/3101
f 3194/2448/3098 3193/2452/3102 3190/2443/3093
f 3202/2453/3103 3199/2454/3104 3195/2450/3100
f 3202/2453/3103 3195/2450/3100 3196/2451/3101
f 3203/2455/3105 3208/2456/3106 3201/2457/3107
f 3205/2458/3108 3208/2456/3106 3203/2455/3105
f 3206/2459/3109 3204/2460/3110 3202/2453/3103
f 3205/2458/3108 3210/2461/3111 3208/2456/3106
f 3200/2462/3112 3211/2463/3113 3198/2464/3114
f 3211/2463/3113 3197/2465/3115 3198/2464/3114
f 3193/2452/3102 3187/2441/3091 3190/2443/3093
f 3213/2466/3116 3189/2467/3117 3212/2468/3118
f 3211/2463/3113 3213/2466/3116 3212/2468/3118
f 3211/2463/3113 3212/2468/3118 3197/2465/3115
f 3214/2469/3119 3213/2466/3116 3211/2463/3113
f 3217/2470/3120 3219/2471/3121 3214/2469/3119
f 3217/2470/3120 3214/2469/3119 3221/2472/3122
f 3216/2473/3123 3220/2474/3124 3222/2475/3125
f 3211/2463/3113 3221/2472/3122 3214/2469/3119
f 3216/2473/3123 3222/2475/3125 3215/2476/3126
f 3220/2474/3124 3168/2477/3127 3222/2475/3125
f 3222/2475/3125 3168/2477/3127 3161/2478/3128
f 3223/2479/3129 3225/2480/3130 3168/2477/3127
f 3229/2481/3131 3228/2426/3076 3226/2482/3132
f 3228/2426/3076 3167/2425/3075 3224/2483/3133
f 3228/2426/3076 3230/2449/3099 3164/2422/3072
f 3229/2481/3131 3230/2449/3099 3228/2426/3076
f 3232/2484/3134 3231/2485/3135 3229/2481/3131
f 3232/2484/3134 3229/2481/3131 3226/2482/3132
f 3233/2486/3136 3206/2459/3109 3232/2484/3134
f 3232/2484/3134 3206/2459/3109 3231/2485/3135
f 3206/2459/3109 3202/2453/3103 3231/2485/3135
f 3233/2486/3136 3234/2487/3137 3236/2488/3138
f 3233/2486/3136 3236/2488/3138 3206/2459/3109
f 3238/2489/3139 3237/2490/3140 3205/2458/3108
f 3235/2491/3141 3240/2492/3142 3237/2490/3140
f 3237/2490/3140 3240/2492/3142 3210/2461/3111
f 3237/2490/3140 3210/2461/3111 3205/2458/3108
f 3239/2493/3143 3241/2494/3144 3209/2495/3145
f 3239/2493/3143 3244/2496/3146 3241/2494/3144
f 3235/2491/3141 3243/2497/3147 3240/2492/3142
f 3242/2498/3148 3244/2496/3146 3239/2493/3143
f 3242/2498/3148 3245/2499/3149 3244/2496/3146
f 3241/2494/3144 3246/2500/3150 3207/2501/3151
f 3244/2496/3146 3246/2500/3150 3241/2494/3144
f 3246/2500/3150 3247/2502/3152 3221/2472/3122
f 3244/2496/3146 3247/2502/3152 3246/2500/3150
f 3250/2503/3153 3221/2472/3122 3247/2502/3152
f 3248/2504/3154 3250/2503/3153 3247/2502/3152
f 3249/2505/3155 3253/2506/3156 3251/2507/3157
f 3250/2503/3153 3252/2508/3158 3221/2472/3122
f 3256/2509/3159 3258/2510/3160 3249/2505/3155
f 3261/2511/3161 3258/2510/3160 3256/2509/3159
f 3258/2510/3160 3263/2512/3162 3249/2505/3155
f 3263/2512/3162 3264/2513/3163 3249/2505/3155
f 3267/2514/3164 3266/2515/3165 3265/2516/3166
f 3267/2514/3164 3265/2516/3166 3262/2517/3167
f 3267/2514/3164 3226/2482/3132 3266/2515/3165
f 3232/2484/3134 3226/2482/3132 3267/2514/3164
f 3233/2486/3136 3232/2484/3134 3267/2514/3164
f 3233/2486/3136 3267/2514/3164 3268/2518/3168
f 3267/2514/3164 3262/2517/3167 3260/2519/3169
f 3268/2518/3168 3267/2514/3164 3260/2519/3169
f 3233/2486/3136 3268/2518/3168 3234/2487/3137
f 3268/2518/3168 3260/2519/3169 3271/2520/3170
f 3269/2521/3171 3274/2522/3170 3243/2497/3147
f 3269/2521/3171 3243/2497/3147 3235/2491/3141
f 3270/2523/3172 3259/2524/3173 3254/2525/3174
f 3273/2526/3175 3257/2527/3174 3275/2528/3176
f 3272/2529/3177 3245/2499/3149 3242/2498/3148
f 3245/2499/3149 3255/2530/3178 3248/2504/3154
f 3245/2499/3149 3248/2504/3154 3247/2502/3152
f 3245/2499/3149 3247/2502/3152 3244/2496/3146
f 3264/2513/3163 3227/2531/3179 3218/2532/3180
f 3227/2531/3179 3223/2479/3129 3218/2532/3180
f 3218/2532/3180 3223/2479/3129 3220/2474/3124
f 3249/2505/3155 3264/2513/3163 3253/2506/3156
f 3264/2513/3163 3218/2532/3180 3253/2506/3156
f 3252/2508/3158 3217/2470/3120 3221/2472/3122
f 3207/2501/3151 3211/2463/3113 3200/2462/3112
f 3207/2501/3151 3246/2500/3150 3211/2463/3113
f 3246/2500/3150 3221/2472/3122 3211/2463/3113
f 3209/2495/3145 3241/2494/3144 3207/2501/3151
f 3231/2485/3135 3202/2453/3103 3196/2451/3101
f 3196/2451/3101 3194/2448/3098 3230/2449/3099
f 3231/2485/3135 3196/2451/3101 3230/2449/3099
f 3231/2485/3135 3230/2449/3099 3229/2481/3131
f 3164/2422/3072 3230/2449/3099 3190/2443/3093
f 3220/2474/3124 3223/2479/3129 3168/2477/3127
f 3276/2533/3181 3161/2478/3128 3156/2413/3063
f 3222/2475/3125 3161/2478/3128 3276/2533/3181
f 3215/2476/3126 3222/2475/3125 3276/2533/3181
f 3215/2476/3126 3276/2533/3181 3278/2534/3182
f 3159/2415/3065 3280/2535/3183 3276/2533/3181
f 3156/2413/3063 3159/2415/3065 3276/2533/3181
f 3278/2534/3182 3276/2533/3181 3280/2535/3183
f 3159/2415/3065 3177/2433/3083 3280/2535/3183
f 3184/2437/3087 3280/2535/3183 3177/2433/3083
f 3277/2536/3184 3279/2537/3185 3281/2538/3186
f 3184/2437/3087 3282/2539/3187 3280/2535/3183
f 3277/2536/3184 3281/2538/3186 3213/2466/3116
f 3213/2466/3116 3281/2538/3186 3181/2540/3188
f 3181/2540/3188 3281/2538/3186 3183/2541/3189
f 3213/2466/3116 3181/2540/3188 3189/2467/3117
f 3214/2469/3119 3277/2536/3184 3213/2466/3116
f 3164/2422/3072 3190/2443/3093 3169/2447/3097
f 3158/2414/3064 3177/2433/3083 3159/2415/3065
f 3294/2542/3190 3284/2543/3191 3287/2544/3192
f 3283/2545/3193 3288/2546/3194 3286/2547/3195
f 3285/2548/3196 3291/2549/3197 3289/2550/3198
f 3293/2551/3199 3291/2549/3197 3285/2548/3196
f 3292/2552/3200 3284/2543/3191 3294/2542/3190
f 3294/2542/3190 3287/2544/3192 3295/2553/3201
f 3292/2552/3200 3294/2542/3190 3296/2554/3202
f 3297/2555/3203 3292/2552/3200 3296/2554/3202
f 3311/2556/3204 3294/2542/3190 3295/2553/3201
f 3311/2556/3204 3295/2553/3201 3299/2557/3205
f 3299/2557/3205 3295/2553/3201 3301/2558/3206
f 3295/2553/3201 3287/2544/3192 3301/2558/3206
f 3286/2547/3195 3302/2559/3207 3300/2560/3208
f 3304/2561/3209 3300/2560/3208 3302/2559/3207
f 3299/2557/3205 3301/2558/3206 3306/2562/3210
f 3311/2556/3204 3306/2562/3210 3308/2563/3211
f 3307/2564/3212 3305/2565/3209 3310/2566/3213
f 3305/2565/3209 3303/2567/3214 3310/2566/3213
f 3311/2556/3204 3299/2557/3205 3306/2562/3210
f 3312/2568/3215 3314/2569/3216 3311/2556/3204
f 3312/2568/3215 3311/2556/3204 3308/2563/3211
f 3314/2569/3216 3294/2542/3190 3311/2556/3204
f 3317/2570/3217 3316/2571/3218 3314/2569/3216
f 3319/2572/3219 3316/2571/3218 3317/2570/3217
f 3317/2570/3217 3314/2569/3216 3315/2573/3220
f 3326/2574/3221 3319/2572/3219 3322/2575/3222
f 3324/2576/3223 3316/2571/3218 3319/2572/3219
f 3324/2576/3223 3319/2572/3219 3326/2574/3221
f 3325/2577/3224 3321/2578/3225 3329/2579/3226
f 3324/2576/3223 3326/2574/3221 3328/2580/3227
f 3328/2580/3227 3326/2574/3221 3331/2581/3228
f 3327/2582/3229 3330/2583/3230 3333/2584/3231
f 3323/2585/3232 3320/2586/3233 3335/2587/3234
f 3335/2587/3234 3320/2586/3233 3318/2588/3235
f 3315/2573/3220 3314/2569/3216 3312/2568/3215
f 3336/2589/3236 3313/2590/3237 3338/2591/3238
f 3335/2587/3234 3336/2589/3236 3339/2592/3239
f 3339/2592/3239 3336/2589/3236 3341/2593/3240
f 3336/2589/3236 3338/2591/3238 3341/2593/3240
f 3335/2587/3234 3318/2588/3235 3336/2589/3236
f 3342/2594/3241 3335/2587/3234 3339/2592/3239
f 3343/2595/3242 3342/2594/3241 3344/2596/3243
f 3342/2594/3241 3345/2597/3244 3344/2596/3243
f 3344/2596/3243 3345/2597/3244 3298/2598/3245
f 3344/2596/3243 3298/2598/3245 3346/2599/3246
f 3345/2597/3244 3347/2600/3247 3298/2598/3245
f 3298/2598/3245 3347/2600/3247 3293/2551/3199
f 3352/2601/3248 3349/2602/3249 3297/2555/3203
f 3297/2555/3203 3296/2554/3202 3352/2601/3248
f 3353/2603/3250 3350/2604/3251 3352/2601/3248
f 3354/2605/3252 3350/2604/3251 3353/2603/3250
f 3354/2605/3252 3358/2606/3253 3356/2607/3254
f 3354/2605/3252 3324/2576/3223 3358/2606/3253
f 3359/2608/3255 3327/2582/3229 3357/2609/3256
f 3357/2609/3256 3333/2584/3231 3360/2610/3257
f 3355/2611/3258 3357/2609/3256 3360/2610/3257
f 3357/2609/3256 3327/2582/3229 3333/2584/3231
f 3361/2612/3259 3334/2613/3260 3364/2614/3261
f 3355/2611/3258 3360/2610/3257 3362/2615/3262
f 3363/2616/3263 3361/2612/3259 3364/2614/3261
f 3364/2614/3261 3334/2613/3260 3365/2617/3264
f 3368/2618/3265 3367/2619/3266 3343/2595/3242
f 3367/2619/3266 3366/2620/3267 3343/2595/3242
f 3369/2621/3268 3367/2619/3266 3368/2618/3265
f 3371/2622/3269 3369/2621/3268 3368/2618/3265
f 3371/2622/3269 3368/2618/3265 3373/2623/3270
f 3376/2624/3271 3368/2618/3265 3374/2625/3272
f 3373/2623/3270 3368/2618/3265 3376/2624/3271
f 3378/2626/3273 3375/2627/3274 3377/2628/3275
f 3378/2626/3273 3372/2629/3276 3375/2627/3274
f 3378/2626/3273 3377/2628/3275 3350/2604/3251
f 3354/2605/3252 3378/2626/3273 3350/2604/3251
f 3354/2605/3252 3379/2630/3277 3378/2626/3273
f 3379/2630/3277 3370/2631/3278 3372/2629/3276
f 3379/2630/3277 3372/2629/3276 3378/2626/3273
f 3354/2605/3252 3356/2607/3254 3379/2630/3277
f 3380/2632/3279 3362/2615/3262 3381/2633/3280
f 3379/2630/3277 3382/2634/3281 3370/2631/3278
f 3380/2632/3279 3355/2611/3258 3362/2615/3262
f 3383/2635/3282 3369/2621/3268 3371/2622/3269
f 3383/2635/3282 3364/2614/3261 3369/2621/3268
f 3383/2635/3282 3363/2616/3263 3364/2614/3261
f 3369/2621/3268 3366/2620/3267 3367/2619/3266
f 3369/2621/3268 3365/2617/3264 3366/2620/3267
f 3369/2621/3268 3364/2614/3261 3365/2617/3264
f 3351/2636/3283 3344/2596/3243 3348/2637/3284
f 3374/2625/3272 3343/2595/3242 3351/2636/3283
f 3351/2636/3283 3343/2595/3242 3344/2596/3243
f 3368/2618/3265 3343/2595/3242 3374/2625/3272
f 3343/2595/3242 3366/2620/3267 3342/2594/3241
f 3365/2617/3264 3342/2594/3241 3366/2620/3267
f 3334/2613/3260 3332/2638/3285 3365/2617/3264
f 3332/2638/3285 3323/2585/3232 3365/2617/3264
f 3365/2617/3264 3323/2585/3232 3335/2587/3234
f 3365/2617/3264 3335/2587/3234 3342/2594/3241
f 3354/2605/3252 3316/2571/3218 3324/2576/3223
f 3354/2605/3252 3353/2603/3250 3316/2571/3218
f 3353/2603/3250 3352/2601/3248 3316/2571/3218
f 3352/2601/3248 3296/2554/3202 3316/2571/3218
f 3296/2554/3202 3314/2569/3216 3316/2571/3218
f 3344/2596/3243 3346/2599/3246 3348/2637/3284
f 3347/2600/3247 3291/2549/3197 3293/2551/3199
f 3345/2597/3244 3386/2639/3286 3347/2600/3247
f 3384/2640/3287 3386/2639/3286 3345/2597/3244
f 3290/2641/3288 3385/2642/3289 3288/2546/3194
f 3288/2546/3194 3385/2642/3289 3387/2643/3290
f 3291/2549/3197 3347/2600/3247 3386/2639/3286
f 3384/2640/3287 3389/2644/3291 3386/2639/3286
f 3288/2546/3194 3387/2643/3290 3302/2559/3207
f 3310/2566/3213 3303/2567/3214 3388/2645/3290
f 3384/2640/3287 3391/2646/3292 3389/2644/3291
f 3310/2566/3213 3388/2645/3290 3390/2647/3293
f 3339/2592/3239 3393/2648/3294 3391/2646/3292
f 3384/2640/3287 3339/2592/3239 3391/2646/3292
f 3392/2649/3295 3310/2566/3213 3390/2647/3293
f 3339/2592/3239 3341/2593/3240 3393/2648/3294
f 3337/2650/3296 3307/2564/3212 3392/2649/3295
f 3307/2564/3212 3310/2566/3213 3392/2649/3295
f 3340/2651/3297 3337/2650/3296 3392/2649/3295
f 3342/2594/3241 3384/2640/3287 3345/2597/3244
f 3342/2594/3241 3339/2592/3239 3384/2640/3287
f 3338/2591/3238 3313/2590/3237 3309/2652/3298
f 3296/2554/3202 3294/2542/3190 3314/2569/3216
f 3286/2547/3195 3288/2546/3194 3302/2559/3207
f 3401/2653/3299 3394/2654/3300 3396/2655/3301
f 3395/2656/3302 3398/2657/3303 3397/2658/3304
f 3399/2659/3305 3394/2654/3300 3401/2653/3299
f 3401/2653/3299 3396/2655/3301 3402/2660/3306
f 3399/2659/3305 3401/2653/3299 3403/2661/3307
f 3404/2662/3308 3399/2659/3305 3403/2661/3307
f 3415/2663/3309 3401/2653/3299 3402/2660/3306
f 3415/2663/3309 3402/2660/3306 3406/2664/3310
f 3406/2664/3310 3402/2660/3306 3407/2665/3311
f 3402/2660/3306 3396/2655/3301 3407/2665/3311
f 3397/2658/3304 3409/2666/3312 3408/2667/3313
f 3411/2668/3314 3408/2667/3313 3409/2666/3312
f 3406/2664/3310 3407/2665/3311 3410/2669/3315
f 3415/2663/3309 3410/2669/3315 3412/2670/3316
f 3413/2671/3317 3411/2668/3314 3414/2672/3318
f 3411/2668/3314 3409/2666/3312 3414/2672/3318
f 3415/2663/3309 3406/2664/3310 3410/2669/3315
f 3416/2673/3319 3418/2674/3320 3415/2663/3309
f 3416/2673/3319 3415/2663/3309 3412/2670/3316
f 3418/2674/3320 3401/2653/3299 3415/2663/3309
f 3421/2675/3321 3420/2676/3322 3418/2674/3320
f 3423/2677/3323 3420/2676/3322 3421/2675/3321
f 3421/2675/3321 3418/2674/3320 3419/2678/3324
f 3426/2679/3325 3423/2677/3323 3424/2680/3326
f 3427/2681/3327 3420/2676/3322 3423/2677/3323
f 3427/2681/3327 3423/2677/3323 3426/2679/3325
f 3427/2681/3327 3426/2679/3325 3431/2682/3328
f 3432/2683/3329 3428/2684/3330 3434/2685/3331
f 3429/2686/3332 3425/2687/3333 3435/2688/3334
f 3425/2687/3333 3422/2689/3335 3436/2690/3336
f 3419/2678/3324 3418/2674/3320 3416/2673/3319
f 3436/2690/3336 3437/2691/3337 3438/2692/3338
f 3438/2692/3338 3437/2691/3337 3417/2693/3339
f 3436/2690/3336 3422/2689/3335 3437/2691/3337
f 3440/2694/3340 3436/2690/3336 3438/2692/3338
f 3442/2695/3341 3436/2690/3336 3440/2694/3340
f 3443/2696/3342 3441/2697/3343 3444/2698/3344
f 3436/2690/3336 3442/2695/3341 3445/2699/3345
f 3441/2697/3343 3439/2700/3346 3444/2698/3344
f 3440/2694/3340 3448/2701/3347 3446/2702/3348
f 3444/2698/3344 3447/2703/3349 3450/2704/3350
f 3444/2698/3344 3450/2704/3350 3449/2705/3351
f 3448/2701/3347 3400/2706/3352 3451/2707/3353
f 3449/2705/3351 3450/2704/3350 3452/2708/3354
f 3451/2707/3353 3400/2706/3352 3453/2709/3355
f 3454/2710/3356 3453/2709/3355 3405/2711/3357
f 3453/2709/3355 3400/2706/3352 3405/2711/3357
f 3454/2710/3356 3405/2711/3357 3458/2712/3358
f 3455/2713/3359 3449/2705/3351 3456/2714/3360
f 3461/2715/3361 3457/2716/3362 3404/2662/3308
f 3404/2662/3308 3403/2661/3307 3461/2715/3361
f 3462/2717/3363 3460/2718/3364 3461/2715/3361
f 3463/2719/3365 3460/2718/3364 3462/2717/3363
f 3463/2719/3365 3427/2681/3327 3497/2720/3366
f 3427/2681/3327 3431/2682/3328 3465/2721/3367
f 3497/2720/3366 3427/2681/3327 3465/2721/3367
f 3497/2720/3366 3465/2721/3367 3467/2722/3368
f 3466/2723/3369 3464/2724/3370 3469/2725/3371
f 3469/2725/3371 3464/2724/3370 3471/2726/3372
f 3464/2724/3370 3473/2727/3373 3471/2726/3372
f 3464/2724/3370 3430/2728/3374 3473/2727/3373
f 3474/2729/3375 3478/2730/3376 3476/2731/3377
f 3474/2729/3375 3476/2731/3377 3480/2732/3378
f 3430/2728/3374 3477/2733/3379 3473/2727/3373
f 3470/2734/3380 3472/2735/3375 3479/2736/3381
f 3479/2736/3381 3475/2737/3382 3481/2738/3383
f 3479/2736/3381 3481/2738/3383 3485/2739/3384
f 3483/2740/3385 3479/2736/3381 3485/2739/3384
f 3470/2734/3380 3479/2736/3381 3483/2740/3385
f 3486/2741/3386 3485/2739/3384 3443/2696/3342
f 3485/2739/3384 3481/2738/3383 3443/2696/3342
f 3487/2742/3387 3485/2739/3384 3486/2741/3386
f 3488/2743/3388 3487/2742/3387 3486/2741/3386
f 3488/2743/3388 3486/2741/3386 3490/2744/3389
f 3493/2745/3390 3486/2741/3386 3492/2746/3391
f 3490/2744/3389 3486/2741/3386 3493/2745/3390
f 3496/2747/3392 3494/2748/3393 3495/2749/3394
f 3496/2747/3392 3491/2750/3395 3494/2748/3393
f 3496/2747/3392 3495/2749/3394 3460/2718/3364
f 3463/2719/3365 3496/2747/3392 3460/2718/3364
f 3463/2719/3365 3497/2720/3366 3496/2747/3392
f 3497/2720/3366 3489/2751/3396 3491/2750/3395
f 3497/2720/3366 3491/2750/3395 3496/2747/3392
f 3497/2720/3366 3467/2722/3368 3500/2752/3397
f 3497/2720/3366 3500/2752/3397 3489/2751/3396
f 3498/2753/3398 3487/2742/3387 3488/2743/3388
f 3499/2754/3399 3469/2725/3371 3501/2755/3400
f 3499/2754/3399 3466/2723/3369 3469/2725/3371
f 3487/2742/3387 3483/2740/3385 3485/2739/3384
f 3487/2742/3387 3468/2756/3401 3483/2740/3385
f 3459/2757/3402 3444/2698/3344 3455/2713/3359
f 3492/2746/3391 3443/2696/3342 3459/2757/3402
f 3459/2757/3402 3443/2696/3342 3444/2698/3344
f 3486/2741/3386 3443/2696/3342 3492/2746/3391
f 3443/2696/3342 3481/2738/3383 3441/2697/3343
f 3469/2725/3371 3471/2726/3372 3484/2758/3403
f 3476/2731/3377 3445/2699/3345 3482/2759/3404
f 3430/2728/3374 3433/2760/3405 3477/2733/3379
f 3435/2688/3334 3425/2687/3333 3478/2730/3376
f 3478/2730/3376 3425/2687/3333 3436/2690/3336
f 3478/2730/3376 3436/2690/3336 3476/2731/3377
f 3476/2731/3377 3436/2690/3336 3445/2699/3345
f 3463/2719/3365 3420/2676/3322 3427/2681/3327
f 3463/2719/3365 3462/2717/3363 3420/2676/3322
f 3462/2717/3363 3461/2715/3361 3420/2676/3322
f 3461/2715/3361 3403/2661/3307 3420/2676/3322
f 3403/2661/3307 3418/2674/3320 3420/2676/3322
f 3444/2698/3344 3449/2705/3351 3455/2713/3359
f 3502/2761/3406 3395/2656/3302 3400/2706/3352
f 3448/2701/3347 3502/2761/3406 3400/2706/3352
f 3503/2762/3407 3502/2761/3406 3448/2701/3347
f 3395/2656/3302 3502/2761/3406 3398/2657/3303
f 3398/2657/3303 3502/2761/3406 3409/2666/3312
f 3503/2762/3407 3409/2666/3312 3502/2761/3406
f 3503/2762/3407 3414/2672/3318 3409/2666/3312
f 3438/2692/3338 3413/2671/3317 3414/2672/3318
f 3503/2762/3407 3438/2692/3338 3414/2672/3318
f 3438/2692/3338 3417/2693/3339 3413/2671/3317
f 3440/2694/3340 3503/2762/3407 3448/2701/3347
f 3440/2694/3340 3438/2692/3338 3503/2762/3407
f 3403/2661/3307 3401/2653/3299 3418/2674/3320
f 3397/2658/3304 3398/2657/3303 3409/2666/3312
f 3511/2763/3408 3504/2764/3409 3506/2765/3410
f 3505/2766/3411 3508/2767/3412 3507/2768/3413
f 3509/2769/3414 3504/2764/3409 3511/2763/3408
f 3511/2763/3408 3506/2765/3410 3512/2770/3415
f 3509/2769/3414 3511/2763/3408 3513/2771/3416
f 3514/2772/3417 3509/2769/3414 3513/2771/3416
f 3525/2773/3418 3511/2763/3408 3512/2770/3415
f 3525/2773/3418 3512/2770/3415 3516/2774/3419
f 3516/2774/3419 3512/2770/3415 3517/2775/3420
f 3512/2770/3415 3506/2765/3410 3517/2775/3420
f 3507/2768/3413 3519/2776/3421 3518/2777/3422
f 3521/2778/3423 3518/2777/3422 3519/2776/3421
f 3516/2774/3419 3517/2775/3420 3520/2779/3424
f 3525/2773/3418 3520/2779/3424 3522/2780/3425
f 3523/2781/3426 3521/2778/3423 3524/2782/3427
f 3521/2778/3423 3519/2776/3421 3524/2782/3427
f 3525/2773/3418 3516/2774/3419 3520/2779/3424
f 3526/2783/3428 3528/2784/3429 3525/2773/3418
f 3526/2783/3428 3525/2773/3418 3522/2780/3425
f 3528/2784/3429 3511/2763/3408 3525/2773/3418
f 3531/2785/3430 3530/2786/3431 3528/2784/3429
f 3533/2787/3432 3530/2786/3431 3531/2785/3430
f 3531/2785/3430 3528/2784/3429 3529/2788/3433
f 3536/2789/3434 3530/2786/3431 3533/2787/3432
f 3536/2789/3434 3533/2787/3432 3534/2790/3435
f 3536/2789/3434 3534/2790/3435 3537/2791/3436
f 3537/2791/3436 3534/2790/3435 3538/2792/3437
f 3537/2791/3436 3538/2792/3437 3540/2793/3438
f 3535/2794/3439 3532/2795/3440 3543/2796/3441
f 3529/2788/3433 3528/2784/3429 3526/2783/3428
f 3543/2796/3441 3544/2797/3442 3545/2798/3443
f 3545/2798/3443 3544/2797/3442 3527/2799/3444
f 3543/2796/3441 3532/2795/3440 3544/2797/3442
f 3546/2800/3445 3543/2796/3441 3545/2798/3443
f 3548/2801/3446 3552/2802/3447 3546/2800/3445
f 3548/2801/3446 3546/2800/3445 3550/2803/3448
f 3543/2796/3441 3546/2800/3445 3552/2802/3447
f 3546/2800/3445 3553/2804/3449 3550/2803/3448
f 3550/2803/3448 3553/2804/3449 3515/2805/3450
f 3550/2803/3448 3515/2805/3450 3555/2806/3451
f 3553/2804/3449 3510/2807/3452 3515/2805/3450
f 3555/2806/3451 3515/2805/3450 3557/2808/3453
f 3558/2809/3454 3554/2810/3455 3556/2811/3456
f 3557/2808/3453 3515/2805/3450 3560/2812/3457
f 3561/2813/3458 3557/2808/3453 3560/2812/3457
f 3562/2814/3459 3558/2809/3454 3564/2815/3460
f 3561/2813/3458 3560/2812/3457 3566/2816/3461
f 3565/2817/3462 3559/2818/3463 3514/2772/3417
f 3514/2772/3417 3513/2771/3416 3565/2817/3462
f 3567/2819/3464 3563/2820/3465 3565/2817/3462
f 3568/2821/3466 3563/2820/3465 3567/2819/3464
f 3568/2821/3466 3536/2789/3434 3537/2791/3436
f 3568/2821/3466 3537/2791/3436 3610/2822/3467
f 3537/2791/3436 3540/2793/3438 3571/2823/3468
f 3610/2822/3467 3537/2791/3436 3571/2823/3468
f 3572/2824/3469 3541/2825/3470 3575/2826/3471
f 3570/2827/3472 3574/2828/3471 3583/2829/3473
f 3610/2822/3467 3571/2823/3468 3579/2830/3474
f 3578/2831/3475 3569/2832/3469 3582/2833/3473
f 3580/2834/3476 3584/2835/3473 3586/2836/3477
f 3585/2837/3478 3581/2838/3473 3587/2839/3479
f 3581/2838/3473 3589/2840/3480 3587/2839/3479
f 3581/2838/3473 3573/2841/3481 3589/2840/3480
f 3588/2842/3482 3590/2843/3483 3591/2844/3484
f 3595/2845/3485 3596/2846/3486 3592/2847/3487
f 3595/2845/3485 3592/2847/3487 3598/2848/3488
f 3591/2844/3484 3593/2849/3489 3597/2850/3490
f 3595/2845/3485 3598/2848/3488 3599/2851/3491
f 3601/2852/3492 3600/2853/3493 3595/2845/3485
f 3601/2852/3492 3595/2845/3485 3603/2854/3494
f 3603/2854/3494 3595/2845/3485 3599/2851/3491
f 3606/2855/3495 3599/2851/3491 3605/2856/3496
f 3603/2854/3494 3599/2851/3491 3606/2855/3495
f 3609/2857/3497 3607/2858/3498 3608/2859/3499
f 3609/2857/3497 3604/2860/3500 3607/2858/3498
f 3609/2857/3497 3608/2859/3499 3563/2820/3465
f 3568/2821/3466 3609/2857/3497 3563/2820/3465
f 3568/2821/3466 3610/2822/3467 3609/2857/3497
f 3610/2822/3467 3602/2861/3501 3604/2860/3500
f 3610/2822/3467 3604/2860/3500 3609/2857/3497
f 3610/2822/3467 3579/2830/3474 3612/2862/3502
f 3610/2822/3467 3612/2862/3502 3602/2861/3501
f 3611/2863/3503 3600/2853/3493 3601/2852/3492
f 3611/2863/3503 3585/2837/3478 3600/2853/3493
f 3611/2863/3503 3577/2864/3476 3585/2837/3478
f 3600/2853/3493 3596/2846/3486 3595/2845/3485
f 3600/2853/3493 3594/2865/3504 3596/2846/3486
f 3600/2853/3493 3585/2837/3478 3594/2865/3504
f 3562/2814/3459 3549/2866/3505 3558/2809/3454
f 3605/2856/3496 3547/2867/3506 3562/2814/3459
f 3562/2814/3459 3547/2867/3506 3549/2866/3505
f 3599/2851/3491 3598/2848/3488 3605/2856/3496
f 3605/2856/3496 3598/2848/3488 3547/2867/3506
f 3598/2848/3488 3551/2868/3507 3547/2867/3506
f 3598/2848/3488 3592/2847/3487 3551/2868/3507
f 3585/2837/3478 3587/2839/3479 3594/2865/3504
f 3591/2844/3484 3552/2802/3447 3593/2849/3489
f 3576/2869/3508 3539/2870/3509 3590/2843/3483
f 3539/2870/3509 3535/2794/3439 3590/2843/3483
f 3590/2843/3483 3535/2794/3439 3543/2796/3441
f 3590/2843/3483 3543/2796/3441 3591/2844/3484
f 3591/2844/3484 3543/2796/3441 3552/2802/3447
f 3542/2871/3510 3539/2870/3509 3576/2869/3508
f 3568/2821/3466 3530/2786/3431 3536/2789/3434
f 3568/2821/3466 3567/2819/3464 3530/2786/3431
f 3567/2819/3464 3565/2817/3462 3530/2786/3431
f 3565/2817/3462 3513/2771/3416 3530/2786/3431
f 3513/2771/3416 3528/2784/3429 3530/2786/3431
f 3549/2866/3505 3554/2810/3455 3558/2809/3454
f 3553/2804/3449 3505/2766/3411 3510/2807/3452
f 3553/2804/3449 3508/2767/3412 3505/2766/3411
f 3613/2872/3511 3508/2767/3412 3553/2804/3449
f 3613/2872/3511 3519/2776/3421 3508/2767/3412
f 3613/2872/3511 3524/2782/3427 3519/2776/3421
f 3545/2798/3443 3523/2781/3426 3524/2782/3427
f 3613/2872/3511 3545/2798/3443 3524/2782/3427
f 3545/2798/3443 3527/2799/3444 3523/2781/3426
f 3546/2800/3445 3613/2872/3511 3553/2804/3449
f 3546/2800/3445 3545/2798/3443 3613/2872/3511
f 3513/2771/3416 3511/2763/3408 3528/2784/3429
f 3507/2768/3413 3508/2767/3412 3519/2776/3421
f 3633/2873/3512 3618/2874/3513 3620/2875/3514
f 3617/2876/3515 3624/2877/3516 3619/2878/3517
f 3614/2879/3518 3625/2880/3519 3621/2881/3516
f 3631/2882/3520 3627/2883/3519 3615/2884/3515
f 3632/2885/3520 3616/2886/3515 3629/2887/3521
f 3630/2888/3522 3618/2874/3513 3633/2873/3512
f 3633/2873/3512 3620/2875/3514 3634/2889/3523
f 3630/2888/3522 3633/2873/3512 3635/2890/3524
f 3637/2891/3525 3630/2888/3522 3635/2890/3524
f 3649/2892/3526 3633/2873/3512 3634/2889/3523
f 3649/2892/3526 3634/2889/3523 3638/2893/3527
f 3638/2893/3527 3634/2889/3523 3641/2894/3528
f 3634/2889/3523 3620/2875/3514 3641/2894/3528
f 3619/2878/3517 3643/2895/3529 3640/2896/3530
f 3644/2897/3531 3639/2898/3532 3642/2899/3533
f 3638/2893/3527 3641/2894/3528 3645/2900/3534
f 3649/2892/3526 3645/2900/3534 3647/2901/3535
f 3646/2902/3536 3644/2897/3531 3648/2903/3537
f 3644/2897/3531 3642/2899/3533 3648/2903/3537
f 3649/2892/3526 3638/2893/3527 3645/2900/3534
f 3651/2904/3538 3652/2905/3539 3649/2892/3526
f 3651/2904/3538 3649/2892/3526 3647/2901/3535
f 3652/2905/3539 3633/2873/3512 3649/2892/3526
f 3656/2906/3540 3654/2907/3541 3652/2905/3539
f 3655/2908/3542 3654/2907/3541 3656/2906/3540
f 3659/2909/3543 3655/2908/3542 3656/2906/3540
f 3656/2906/3540 3652/2905/3539 3653/2910/3544
f 3662/2911/3545 3655/2908/3542 3659/2909/3543
f 3662/2911/3545 3659/2909/3543 3661/2912/3546
f 3662/2911/3545 3661/2912/3546 3663/2913/3547
f 3663/2913/3547 3661/2912/3546 3665/2914/3548
f 3663/2913/3547 3665/2914/3548 3667/2915/3549
f 3660/2916/3550 3658/2917/3551 3668/2918/3552
f 3668/2918/3552 3658/2917/3551 3657/2919/3553
f 3653/2910/3544 3652/2905/3539 3651/2904/3538
f 3668/2918/3552 3669/2920/3554 3670/2921/3555
f 3670/2921/3555 3669/2920/3554 3650/2922/3556
f 3668/2918/3552 3657/2919/3553 3669/2920/3554
f 3671/2923/3557 3668/2918/3552 3670/2921/3555
f 3673/2924/3558 3677/2925/3559 3672/2926/3560
f 3674/2927/3561 3671/2923/3557 3676/2928/3562
f 3668/2918/3552 3671/2923/3557 3678/2929/3563
f 3671/2923/3557 3679/2930/3564 3676/2928/3562
f 3676/2928/3562 3679/2930/3564 3682/2931/3565
f 3675/2932/3566 3681/2933/3567 3680/2934/3568
f 3679/2930/3564 3684/2935/3569 3682/2931/3565
f 3680/2934/3568 3681/2933/3567 3685/2936/3570
f 3682/2931/3565 3684/2935/3569 3632/2885/3520
f 3682/2931/3565 3632/2885/3520 3686/2937/3571
f 3687/2938/3572 3686/2937/3571 3636/2939/3573
f 3686/2937/3571 3629/2887/3521 3636/2939/3573
f 3686/2937/3571 3632/2885/3520 3629/2887/3521
f 3687/2938/3572 3636/2939/3573 3690/2940/3574
f 3688/2941/3575 3680/2934/3568 3689/2942/3576
f 3694/2943/3577 3691/2944/3578 3637/2891/3525
f 3637/2891/3525 3635/2890/3524 3694/2943/3577
f 3695/2945/3579 3693/2946/3580 3694/2943/3577
f 3696/2947/3581 3693/2946/3580 3695/2945/3579
f 3696/2947/3581 3662/2911/3545 3663/2913/3547
f 3696/2947/3581 3663/2913/3547 3724/2948/3582
f 3663/2913/3547 3667/2915/3549 3698/2949/3583
f 3724/2948/3582 3663/2913/3547 3698/2949/3583
f 3697/2950/3584 3666/2951/3585 3704/2952/3586
f 3724/2948/3582 3698/2949/3583 3702/2953/3587
f 3701/2954/3588 3697/2950/3584 3704/2952/3586
f 3699/2955/3589 3703/2956/3590 3705/2957/3591
f 3707/2958/3592 3704/2952/3586 3708/2959/3593
f 3704/2952/3586 3666/2951/3585 3708/2959/3593
f 3708/2959/3593 3678/2929/3563 3710/2960/3594
f 3712/2961/3595 3709/2962/3596 3677/2925/3559
f 3711/2963/3597 3709/2962/3596 3712/2961/3595
f 3711/2963/3597 3712/2961/3595 3713/2964/3598
f 3715/2965/3599 3714/2966/3600 3711/2963/3597
f 3715/2965/3599 3711/2963/3597 3717/2967/3601
f 3717/2967/3601 3711/2963/3597 3713/2964/3598
f 3720/2968/3602 3713/2964/3598 3719/2969/3603
f 3717/2967/3601 3713/2964/3598 3720/2968/3602
f 3723/2970/3604 3721/2971/3605 3722/2972/3606
f 3723/2970/3604 3718/2973/3607 3721/2971/3605
f 3723/2970/3604 3722/2972/3606 3693/2946/3580
f 3696/2947/3581 3723/2970/3604 3693/2946/3580
f 3696/2947/3581 3724/2948/3582 3723/2970/3604
f 3724/2948/3582 3716/2974/3608 3718/2973/3607
f 3724/2948/3582 3718/2973/3607 3723/2970/3604
f 3724/2948/3582 3702/2953/3587 3726/2975/3609
f 3724/2948/3582 3726/2975/3609 3716/2974/3608
f 3725/2976/3610 3714/2966/3600 3715/2965/3599
f 3725/2976/3610 3706/2977/3611 3714/2966/3600
f 3725/2976/3610 3700/2978/3588 3706/2977/3611
f 3714/2966/3600 3709/2962/3596 3711/2963/3597
f 3727/2979/3612 3708/2959/3593 3710/2960/3594
f 3727/2979/3612 3707/2958/3592 3708/2959/3593
f 3692/2980/3613 3675/2932/3566 3688/2941/3575
f 3719/2969/3603 3673/2924/3558 3692/2980/3613
f 3692/2980/3613 3673/2924/3558 3675/2932/3566
f 3713/2964/3598 3712/2961/3595 3719/2969/3603
f 3719/2969/3603 3712/2961/3595 3673/2924/3558
f 3712/2961/3595 3677/2925/3559 3673/2924/3558
f 3666/2951/3585 3664/2981/3614 3708/2959/3593
f 3664/2981/3614 3660/2916/3550 3708/2959/3593
f 3708/2959/3593 3660/2916/3550 3668/2918/3552
f 3708/2959/3593 3668/2918/3552 3678/2929/3563
f 3696/2947/3581 3655/2908/3542 3662/2911/3545
f 3696/2947/3581 3695/2945/3579 3655/2908/3542
f 3655/2908/3542 3695/2945/3579 3654/2907/3541
f 3695/2945/3579 3694/2943/3577 3654/2907/3541
f 3694/2943/3577 3635/2890/3524 3654/2907/3541
f 3635/2890/3524 3652/2905/3539 3654/2907/3541
f 3675/2932/3566 3680/2934/3568 3688/2941/3575
f 3683/2982/3615 3728/2983/3616 3626/2984/3519
f 3679/2930/3564 3729/2985/3617 3684/2935/3569
f 3684/2935/3569 3628/2986/3519 3632/2885/3520
f 3679/2930/3564 3732/2987/3618 3729/2985/3617
f 3730/2988/3619 3732/2987/3618 3679/2930/3564
f 3626/2984/3519 3731/2989/3620 3622/2990/3621
f 3623/2991/3516 3732/2987/3618 3733/2992/3622
f 3626/2984/3519 3728/2983/3616 3731/2989/3620
f 3730/2988/3619 3733/2992/3622 3732/2987/3618
f 3623/2991/3516 3733/2992/3622 3642/2899/3533
f 3648/2903/3537 3642/2899/3533 3733/2992/3622
f 3730/2988/3619 3648/2903/3537 3733/2992/3622
f 3670/2921/3555 3646/2902/3536 3648/2903/3537
f 3730/2988/3619 3670/2921/3555 3648/2903/3537
f 3670/2921/3555 3650/2922/3556 3646/2902/3536
f 3671/2923/3557 3730/2988/3619 3679/2930/3564
f 3671/2923/3557 3670/2921/3555 3730/2988/3619
f 3635/2890/3524 3633/2873/3512 3652/2905/3539
f 3619/2878/3517 3624/2877/3516 3643/2895/3529
f 3744/2993/3623 3734/2994/3624 3737/2995/3625
f 3736/2996/3626 3739/2997/3627 3738/2998/3628
f 3736/2996/3626 3741/2999/3629 3739/2997/3627
f 3743/3000/3630 3740/3001/3631 3735/3002/3632
f 3742/3003/3633 3734/2994/3624 3744/2993/3623
f 3744/2993/3623 3737/2995/3625 3745/3004/3634
f 3742/3003/3633 3744/2993/3623 3746/3005/3635
f 3747/3006/3636 3742/3003/3633 3746/3005/3635
f 3758/3007/3637 3744/2993/3623 3745/3004/3634
f 3758/3007/3637 3745/3004/3634 3749/3008/3638
f 3749/3008/3638 3745/3004/3634 3750/3009/3639
f 3745/3004/3634 3737/2995/3625 3750/3009/3639
f 3738/2998/3628 3752/3010/3640 3751/3011/3641
f 3754/3012/3642 3751/3011/3641 3752/3010/3640
f 3749/3008/3638 3750/3009/3639 3753/3013/3643
f 3758/3007/3637 3753/3013/3643 3755/3014/3644
f 3756/3015/3645 3754/3012/3642 3757/3016/3646
f 3754/3012/3642 3752/3010/3640 3757/3016/3646
f 3758/3007/3637 3749/3008/3638 3753/3013/3643
f 3759/3017/3647 3761/3018/3648 3758/3007/3637
f 3759/3017/3647 3758/3007/3637 3755/3014/3644
f 3761/3018/3648 3744/2993/3623 3758/3007/3637
f 3764/3019/3649 3763/3020/3650 3761/3018/3648
f 3766/3021/3651 3763/3020/3650 3764/3019/3649
f 3764/3019/3649 3761/3018/3648 3762/3022/3652
f 3771/3023/3653 3767/3024/3654 3773/3025/3655
f 3774/3026/3656 3768/3027/3657 3765/3028/3658
f 3775/3029/3659 3766/3021/3651 3769/3030/3660
f 3776/3031/3661 3763/3020/3650 3766/3021/3651
f 3776/3031/3661 3766/3021/3651 3775/3029/3659
f 3776/3031/3661 3775/3029/3659 3780/3032/3662
f 3782/3033/3663 3777/3034/3664 3785/3035/3665
f 3779/3036/3666 3788/3037/3667 3786/3038/3668
f 3778/3039/3669 3770/3040/3670 3787/3041/3671
f 3772/3042/3672 3774/3026/3656 3788/3037/3667
f 3788/3037/3667 3774/3026/3656 3790/3043/3673
f 3790/3043/3673 3774/3026/3656 3765/3028/3658
f 3762/3022/3652 3761/3018/3648 3759/3017/3647
f 3790/3043/3673 3791/3044/3674 3792/3045/3675
f 3792/3045/3675 3791/3044/3674 3760/3046/3676
f 3790/3043/3673 3765/3028/3658 3791/3044/3674
f 3794/3047/3677 3790/3043/3673 3792/3045/3675
f 3795/3048/3678 3790/3043/3673 3794/3047/3677
f 3793/3049/3679 3799/3050/3680 3796/3051/3681
f 3797/3052/3682 3789/3053/3683 3793/3049/3679
f 3799/3050/3680 3748/3054/3684 3800/3055/3685
f 3796/3051/3681 3799/3050/3680 3800/3055/3685
f 3799/3050/3680 3743/3000/3630 3748/3054/3684
f 3805/3056/3686 3802/3057/3687 3747/3006/3636
f 3747/3006/3636 3746/3005/3635 3805/3056/3686
f 3806/3058/3688 3803/3059/3689 3805/3056/3686
f 3807/3060/3690 3803/3059/3689 3806/3058/3688
f 3807/3060/3690 3776/3031/3661 3841/3061/3691
f 3776/3031/3661 3780/3032/3662 3808/3062/3692
f 3841/3061/3691 3776/3031/3661 3808/3062/3692
f 3809/3063/3693 3781/3064/3694 3810/3065/3695
f 3841/3061/3691 3808/3062/3692 3812/3066/3696
f 3813/3067/3697 3809/3063/3693 3814/3068/3698
f 3814/3068/3698 3809/3063/3693 3816/3069/3699
f 3809/3063/3693 3818/3070/3700 3816/3069/3699
f 3809/3063/3693 3810/3065/3695 3818/3070/3700
f 3819/3071/3701 3824/3072/3702 3820/3073/3703
f 3819/3071/3701 3820/3073/3703 3826/3074/3704
f 3810/3065/3695 3822/3075/3702 3818/3070/3700
f 3817/3076/3705 3819/3071/3701 3826/3074/3704
f 3826/3074/3704 3820/3073/3703 3827/3077/3706
f 3830/3078/3707 3829/3079/3708 3796/3051/3681
f 3829/3079/3708 3827/3077/3706 3796/3051/3681
f 3831/3080/3709 3829/3079/3708 3830/3078/3707
f 3833/3081/3710 3831/3080/3709 3830/3078/3707
f 3833/3081/3710 3830/3078/3707 3835/3082/3711
f 3838/3083/3712 3830/3078/3707 3836/3084/3713
f 3835/3082/3711 3830/3078/3707 3838/3083/3712
f 3840/3085/3714 3837/3086/3715 3839/3087/3716
f 3840/3085/3714 3834/3088/3717 3837/3086/3715
f 3840/3085/3714 3839/3087/3716 3803/3059/3689
f 3807/3060/3690 3840/3085/3714 3803/3059/3689
f 3807/3060/3690 3841/3061/3691 3840/3085/3714
f 3841/3061/3691 3832/3089/3718 3834/3088/3717
f 3841/3061/3691 3834/3088/3717 3840/3085/3714
f 3841/3061/3691 3812/3066/3696 3842/3090/3719
f 3841/3061/3691 3842/3090/3719 3832/3089/3718
f 3844/3091/3720 3831/3080/3709 3833/3081/3710
f 3843/3092/3721 3814/3068/3698 3845/3093/3722
f 3843/3092/3721 3813/3067/3697 3814/3068/3698
f 3831/3080/3709 3827/3077/3706 3829/3079/3708
f 3831/3080/3709 3826/3074/3704 3827/3077/3706
f 3831/3080/3709 3815/3094/3723 3826/3074/3704
f 3804/3095/3724 3796/3051/3681 3801/3096/3725
f 3836/3084/3713 3796/3051/3681 3804/3095/3724
f 3830/3078/3707 3796/3051/3681 3836/3084/3713
f 3796/3051/3681 3827/3077/3706 3793/3049/3679
f 3814/3068/3698 3816/3069/3699 3828/3097/3726
f 3820/3073/3703 3793/3049/3679 3827/3077/3706
f 3811/3098/3727 3784/3099/3665 3823/3100/3702
f 3786/3038/3668 3788/3037/3667 3825/3101/3728
f 3825/3101/3728 3788/3037/3667 3798/3102/3729
f 3825/3101/3728 3798/3102/3729 3821/3103/3730
f 3820/3073/3703 3797/3052/3682 3793/3049/3679
f 3781/3064/3694 3783/3104/3665 3810/3065/3695
f 3807/3060/3690 3763/3020/3650 3776/3031/3661
f 3807/3060/3690 3806/3058/3688 3763/3020/3650
f 3806/3058/3688 3805/3056/3686 3763/3020/3650
f 3805/3056/3686 3746/3005/3635 3763/3020/3650
f 3746/3005/3635 3761/3018/3648 3763/3020/3650
f 3796/3051/3681 3800/3055/3685 3801/3096/3725
f 3743/3000/3630 3846/3105/3731 3740/3001/3631
f 3848/3106/3732 3846/3105/3731 3743/3000/3630
f 3799/3050/3680 3848/3106/3732 3743/3000/3630
f 3848/3106/3732 3852/3107/3733 3846/3105/3731
f 3850/3108/3734 3848/3106/3732 3799/3050/3680
f 3851/3109/3735 3853/3110/3736 3849/3111/3737
f 3741/2999/3629 3853/3110/3736 3739/2997/3627
f 3739/2997/3627 3853/3110/3736 3752/3010/3640
f 3741/2999/3629 3847/3112/3738 3853/3110/3736
f 3851/3109/3735 3752/3010/3640 3853/3110/3736
f 3851/3109/3735 3757/3016/3646 3752/3010/3640
f 3792/3045/3675 3756/3015/3645 3757/3016/3646
f 3851/3109/3735 3792/3045/3675 3757/3016/3646
f 3792/3045/3675 3760/3046/3676 3756/3015/3645
f 3794/3047/3677 3792/3045/3675 3851/3109/3735
f 3793/3049/3679 3850/3108/3734 3799/3050/3680
f 3788/3037/3667 3790/3043/3673 3798/3102/3729
f 3746/3005/3635 3744/2993/3623 3761/3018/3648
f 3738/2998/3628 3739/2997/3627 3752/3010/3640
f 3864/3113/3739 3854/3114/3740 3857/3115/3741
f 3856/3116/3742 3859/3117/3743 3858/3118/3744
f 3856/3116/3742 3861/3119/3745 3859/3117/3743
f 3863/3120/3746 3860/3121/3747 3855/3122/3748
f 3862/3123/3749 3854/3114/3740 3864/3113/3739
f 3864/3113/3739 3857/3115/3741 3865/3124/3750
f 3862/3123/3749 3864/3113/3739 3866/3125/3751
f 3867/3126/3752 3862/3123/3749 3866/3125/3751
f 3878/3127/3753 3864/3113/3739 3865/3124/3750
f 3878/3127/3753 3865/3124/3750 3869/3128/3754
f 3869/3128/3754 3865/3124/3750 3870/3129/3755
f 3865/3124/3750 3857/3115/3741 3870/3129/3755
f 3858/3118/3744 3872/3130/3756 3871/3131/3757
f 3874/3132/3758 3871/3131/3757 3872/3130/3756
f 3869/3128/3754 3870/3129/3755 3873/3133/3759
f 3878/3127/3753 3873/3133/3759 3875/3134/3760
f 3876/3135/3761 3874/3132/3758 3877/3136/3762
f 3874/3132/3758 3872/3130/3756 3877/3136/3762
f 3878/3127/3753 3869/3128/3754 3873/3133/3759
f 3879/3137/3763 3881/3138/3764 3878/3127/3753
f 3879/3137/3763 3878/3127/3753 3875/3134/3760
f 3881/3138/3764 3864/3113/3739 3878/3127/3753
f 3884/3139/3765 3883/3140/3766 3881/3138/3764
f 3886/3141/3767 3883/3140/3766 3884/3139/3765
f 3884/3139/3765 3881/3138/3764 3882/3142/3768
f 3890/3143/3769 3886/3141/3767 3888/3144/3770
f 3891/3145/3771 3883/3140/3766 3886/3141/3767
f 3891/3145/3771 3886/3141/3767 3890/3143/3769
f 3891/3145/3771 3890/3143/3769 3893/3146/3772
f 3889/3147/3773 3887/3148/3774 3895/3149/3775
f 3895/3149/3775 3887/3148/3774 3885/3150/3776
f 3885/3150/3776 3899/3151/3777 3897/3152/3778
f 3896/3153/3779 3898/3154/3780 3880/3155/3781
f 3882/3142/3768 3881/3138/3764 3879/3137/3763
f 3900/3156/3782 3896/3153/3779 3880/3155/3781
f 3885/3150/3776 3897/3152/3778 3901/3157/3783
f 3902/3158/3784 3900/3156/3782 3880/3155/3781
f 3903/3159/3785 3885/3150/3776 3901/3157/3783
f 3895/3149/3775 3885/3150/3776 3903/3159/3785
f 3904/3160/3786 3895/3149/3775 3903/3159/3785
f 3905/3161/3787 3904/3160/3786 3906/3162/3788
f 3904/3160/3786 3907/3163/3789 3906/3162/3788
f 3906/3162/3788 3907/3163/3789 3868/3164/3790
f 3906/3162/3788 3868/3164/3790 3908/3165/3791
f 3907/3163/3789 3863/3120/3746 3868/3164/3790
f 3913/3166/3792 3910/3167/3793 3867/3126/3752
f 3867/3126/3752 3866/3125/3751 3913/3166/3792
f 3914/3168/3794 3911/3169/3795 3913/3166/3792
f 3915/3170/3796 3911/3169/3795 3914/3168/3794
f 3915/3170/3796 3891/3145/3771 3948/3171/3797
f 3891/3145/3771 3893/3146/3772 3916/3172/3798
f 3948/3171/3797 3891/3145/3771 3916/3172/3798
f 3918/3173/3799 3894/3174/3800 3921/3175/3801
f 3917/3176/3802 3920/3177/3803 3927/3178/3804
f 3948/3171/3797 3916/3172/3798 3923/3179/3805
f 3925/3180/3806 3919/3181/3802 3929/3182/3804
f 3924/3183/3806 3926/3184/3804 3931/3185/3807
f 3932/3186/3808 3928/3187/3809 3934/3188/3810
f 3928/3187/3809 3921/3175/3801 3934/3188/3810
f 3937/3189/3811 3936/3190/3812 3905/3161/3787
f 3936/3190/3812 3935/3191/3813 3905/3161/3787
f 3938/3192/3814 3936/3190/3812 3937/3189/3811
f 3940/3193/3815 3938/3192/3814 3937/3189/3811
f 3940/3193/3815 3937/3189/3811 3942/3194/3816
f 3945/3195/3817 3937/3189/3811 3943/3196/3818
f 3942/3194/3816 3937/3189/3811 3945/3195/3817
f 3947/3197/3819 3944/3198/3820 3946/3199/3821
f 3947/3197/3819 3941/3200/3822 3944/3198/3820
f 3947/3197/3819 3946/3199/3821 3911/3169/3795
f 3915/3170/3796 3947/3197/3819 3911/3169/3795
f 3915/3170/3796 3948/3171/3797 3947/3197/3819
f 3948/3171/3797 3939/3201/3823 3941/3200/3822
f 3948/3171/3797 3941/3200/3822 3947/3197/3819
f 3948/3171/3797 3923/3179/3805 3950/3202/3824
f 3948/3171/3797 3950/3202/3824 3939/3201/3823
f 3951/3203/3825 3938/3192/3814 3940/3193/3815
f 3952/3204/3826 3933/3205/3807 3953/3206/3827
f 3949/3207/3828 3922/3208/3829 3930/3209/3830
f 3938/3192/3814 3935/3191/3813 3936/3190/3812
f 3938/3192/3814 3934/3188/3810 3935/3191/3813
f 3938/3192/3814 3932/3186/3808 3934/3188/3810
f 3912/3210/3831 3906/3162/3788 3909/3211/3832
f 3943/3196/3818 3905/3161/3787 3912/3210/3831
f 3912/3210/3831 3905/3161/3787 3906/3162/3788
f 3937/3189/3811 3905/3161/3787 3943/3196/3818
f 3905/3161/3787 3935/3191/3813 3904/3160/3786
f 3934/3188/3810 3904/3160/3786 3935/3191/3813
f 3921/3175/3801 3892/3212/3833 3934/3188/3810
f 3892/3212/3833 3889/3147/3773 3934/3188/3810
f 3934/3188/3810 3889/3147/3773 3895/3149/3775
f 3934/3188/3810 3895/3149/3775 3904/3160/3786
f 3894/3174/3800 3892/3212/3833 3921/3175/3801
f 3915/3170/3796 3883/3140/3766 3891/3145/3771
f 3915/3170/3796 3914/3168/3794 3883/3140/3766
f 3914/3168/3794 3913/3166/3792 3883/3140/3766
f 3913/3166/3792 3866/3125/3751 3883/3140/3766
f 3866/3125/3751 3881/3138/3764 3883/3140/3766
f 3906/3162/3788 3908/3165/3791 3909/3211/3832
f 3863/3120/3746 3955/3213/3834 3860/3121/3747
f 3907/3163/3789 3955/3213/3834 3863/3120/3746
f 3907/3163/3789 3959/3214/3835 3955/3213/3834
f 3956/3215/3836 3959/3214/3835 3907/3163/3789
f 3861/3119/3745 3958/3216/3837 3859/3117/3743
f 3859/3117/3743 3958/3216/3837 3960/3217/3838
f 3861/3119/3745 3954/3218/3839 3958/3216/3837
f 3956/3215/3836 3961/3219/3840 3959/3214/3835
f 3859/3117/3743 3960/3217/3838 3872/3130/3756
f 3877/3136/3762 3872/3130/3756 3960/3217/3838
f 3957/3220/3841 3877/3136/3762 3960/3217/3838
f 3962/3221/3842 3876/3135/3761 3877/3136/3762
f 3957/3220/3841 3962/3221/3842 3877/3136/3762
f 3962/3221/3842 3880/3155/3781 3876/3135/3761
f 3902/3158/3784 3880/3155/3781 3962/3221/3842
f 3956/3215/3836 3903/3159/3785 3963/3222/3843
f 3904/3160/3786 3956/3215/3836 3907/3163/3789
f 3904/3160/3786 3903/3159/3785 3956/3215/3836
f 3866/3125/3751 3864/3113/3739 3881/3138/3764
f 3858/3118/3744 3859/3117/3743 3872/3130/3756
f 3975/3223/3844 3968/3224/2184 3965/3225/3845
f 3964/3226/3846 3967/3227/3847 3969/3228/3848
f 3973/3229/3849 3964/3226/3846 3969/3228/3848
f 3971/3230/3850 3975/3223/3844 3965/3225/3845
f 3974/3231/3851 3972/3232/3852 3966/3233/2193
f 3971/3230/3850 3978/3234/2194 3975/3223/3844
f 3975/3223/3844 3978/3234/2194 3979/3235/2195
f 3975/3223/3844 3979/3235/2195 3968/3224/2184
f 3968/3224/2184 3979/3235/2195 3981/3236/3853
f 3967/3227/3847 3980/3237/2197 3982/3238/3854
f 3984/3239/2199 3982/3238/3854 3980/3237/2197
f 3979/3235/2195 3986/3240/2200 3981/3236/3853
f 3987/3241/3855 3990/3242/3856 3985/3243/3857
f 3978/3234/2194 3988/3244/3858 3986/3240/2200
f 3984/3239/2199 3989/3245/2205 3982/3238/3854
f 3978/3234/2194 3986/3240/2200 3979/3235/2195
f 3992/3246/2206 3988/3244/3858 3978/3234/2194
f 3992/3246/2206 3978/3234/2194 3993/3247/3859
f 3996/3248/3860 3993/3247/3859 3995/3249/3861
f 3999/3250/3862 3996/3248/3860 3995/3249/3861
f 3996/3248/3860 3994/3251/3863 3993/3247/3859
f 4002/3252/3864 4001/3253/3865 3999/3250/3862
f 4002/3252/3864 3999/3250/3862 3995/3249/3861
f 4002/3252/3864 4004/3254/3866 4001/3253/3865
f 4002/3252/3864 4006/3255/3867 4004/3254/3866
f 4000/3256/3868 4007/3257/3869 3998/3258/3870
f 4007/3257/3869 3997/3259/3871 3998/3258/3870
f 3994/3251/3863 3992/3246/2206 3993/3247/3859
f 4049/3260/3872 3991/3261/3873 4008/3262/2222
f 4007/3257/3869 4049/3260/3872 4008/3262/2222
f 4007/3257/3869 4008/3262/2222 3997/3259/3871
f 4009/3263/3874 4049/3260/3872 4007/3257/3869
f 4010/3264/3875 4011/3265/3876 4009/3263/3874
f 4009/3263/3874 4011/3265/3876 4012/3266/3877
f 4011/3265/3876 3977/3267/2227 4012/3266/3877
f 4011/3265/3876 4013/3268/3878 3977/3267/2227
f 4012/3266/3877 3977/3267/2227 4015/3269/3879
f 3977/3267/2227 3974/3231/3851 4015/3269/3879
f 3977/3267/2227 3972/3232/3852 3974/3231/3851
f 4020/3270/3880 3976/3271/3881 4017/3272/3882
f 3976/3271/3881 4020/3270/3880 3971/3230/3850
f 4021/3273/3883 4020/3270/3880 4018/3274/2234
f 4022/3275/2235 4021/3273/3883 4018/3274/2234
f 4022/3275/2235 4039/3276/3884 4002/3252/3864
f 4039/3276/3884 4024/3277/2237 4002/3252/3864
f 4002/3252/3864 4024/3277/2237 4006/3255/3867
f 4039/3276/3884 4026/3278/3885 4024/3277/2237
f 4027/3279/3886 4028/3280/2240 4023/3281/2241
f 4025/3282/3887 4027/3279/3886 4023/3281/2241
f 4023/3281/2241 4028/3280/2240 4005/3283/3888
f 4005/3283/3888 4028/3280/2240 4003/3284/2244
f 4030/3285/3889 4010/3264/3875 4029/3286/2246
f 4031/3287/2247 4033/3288/3890 4030/3285/3889
f 4031/3287/2247 4030/3285/3889 4027/3279/3886
f 4037/3289/3891 4035/3290/3892 4030/3285/3889
f 4033/3288/3890 4037/3289/3891 4030/3285/3889
f 4022/3275/2235 4038/3291/2251 4036/3292/3893
f 4022/3275/2235 4036/3292/3893 4034/3293/2253
f 4022/3275/2235 4018/3274/2234 4038/3291/2251
f 4039/3276/3884 4034/3293/2253 4032/3294/3894
f 4039/3276/3884 4022/3275/2235 4034/3293/2253
f 4039/3276/3884 4032/3294/3894 4041/3295/3895
f 4039/3276/3884 4041/3295/3895 4026/3278/3885
f 4040/3296/3896 4031/3287/2247 4027/3279/3886
f 4040/3296/3896 4027/3279/3886 4025/3282/3887
f 4027/3279/3886 4030/3285/3889 4029/3286/2246
f 4019/3297/2257 4016/3298/3897 4011/3265/3876
f 4035/3290/3892 4019/3297/2257 4010/3264/3875
f 4019/3297/2257 4011/3265/3876 4010/3264/3875
f 4030/3285/3889 4035/3290/3892 4010/3264/3875
f 4010/3264/3875 4009/3263/3874 4029/3286/2246
f 4027/3279/3886 4029/3286/2246 4028/3280/2240
f 4028/3280/2240 4029/3286/2246 4009/3263/3874
f 4003/3284/2244 4007/3257/3869 4000/3256/3868
f 4003/3284/2244 4028/3280/2240 4007/3257/3869
f 4028/3280/2240 4009/3263/3874 4007/3257/3869
f 4022/3275/2235 4002/3252/3864 3995/3249/3861
f 4022/3275/2235 3995/3249/3861 4021/3273/3883
f 4021/3273/3883 3995/3249/3861 4020/3270/3880
f 4020/3270/3880 3995/3249/3861 3971/3230/3850
f 3971/3230/3850 3995/3249/3861 3993/3247/3859
f 4011/3265/3876 4016/3298/3897 4013/3268/3878
f 4012/3266/3877 4015/3269/3879 4043/3299/3898
f 4014/3300/3899 3969/3228/3848 4042/3301/3900
f 4015/3269/3879 3974/3231/3851 3970/3302/3901
f 4012/3266/3877 4043/3299/3898 4046/3303/2263
f 4044/3304/3902 4012/3266/3877 4046/3303/2263
f 3967/3227/3847 4047/3305/2265 4045/3306/2266
f 3969/3228/3848 3967/3227/3847 4045/3306/2266
f 3969/3228/3848 4045/3306/2266 4042/3301/3900
f 4044/3304/3902 4046/3303/2263 4048/3307/3903
f 3967/3227/3847 3982/3238/3854 4047/3305/2265
f 3990/3242/3856 4048/3307/3903 3983/3308/2268
f 4044/3304/3902 4048/3307/3903 4049/3260/3872
f 3990/3242/3856 4049/3260/3872 4048/3307/3903
f 3987/3241/3855 4049/3260/3872 3990/3242/3856
f 4049/3260/3872 3987/3241/3855 3991/3261/3873
f 4009/3263/3874 4012/3266/3877 4044/3304/3902
f 4009/3263/3874 4044/3304/3902 4049/3260/3872
f 3971/3230/3850 3993/3247/3859 3978/3234/2194
f 4050/3309/3904 4052/3310/3905 4054/3311/3906
f 4057/3312/3907 4053/3313/3908 4051/3314/3909
f 4056/3315/3910 4057/3312/3907 4051/3314/3909
f 4057/3312/3907 4058/3316/3911 4053/3313/3908
f 4056/3315/3910 4061/3317/3912 4057/3312/3907
f 4057/3312/3907 4061/3317/3912 4062/3318/3913
f 4057/3312/3907 4062/3318/3913 4058/3316/3911
f 4058/3316/3911 4062/3318/3913 4064/3319/3914
f 4052/3310/3905 4063/3320/3915 4065/3321/3916
f 4058/3316/3911 4064/3319/3914 4053/3313/3908
f 4066/3322/3917 4065/3321/3916 4063/3320/3915
f 4062/3318/3913 4067/3323/3918 4064/3319/3914
f 4068/3324/3919 4070/3325/3920 4066/3322/3917
f 4061/3317/3912 4069/3326/3921 4067/3323/3918
f 4066/3322/3917 4070/3325/3920 4065/3321/3916
f 4061/3317/3912 4067/3323/3918 4062/3318/3913
f 4072/3327/3922 4069/3326/3921 4061/3317/3912
f 4072/3327/3922 4061/3317/3912 4073/3328/3923
f 4076/3329/3924 4073/3328/3923 4075/3330/3925
f 4079/3331/3926 4076/3329/3924 4075/3330/3925
f 4076/3329/3924 4074/3332/3927 4073/3328/3923
f 4082/3333/3928 4081/3334/3929 4079/3331/3926
f 4082/3333/3928 4079/3331/3926 4075/3330/3925
f 4082/3333/3928 4084/3335/3930 4081/3334/3929
f 4082/3333/3928 4086/3336/3931 4084/3335/3930
f 4080/3337/3932 4087/3338/3933 4078/3339/3934
f 4087/3338/3933 4077/3340/3935 4078/3339/3934
f 4074/3332/3927 4072/3327/3922 4073/3328/3923
f 4089/3341/3936 4071/3342/3937 4088/3343/3938
f 4087/3338/3933 4089/3341/3936 4088/3343/3938
f 4087/3338/3933 4088/3343/3938 4077/3340/3935
f 4090/3344/3939 4089/3341/3936 4087/3338/3933
f 4091/3345/3940 4092/3346/3941 4090/3344/3939
f 4090/3344/3939 4092/3346/3941 4093/3347/3942
f 4092/3346/3941 4059/3348/3943 4093/3347/3942
f 4092/3346/3941 4094/3349/3944 4059/3348/3943
f 4093/3347/3942 4059/3348/3943 4055/3350/3945
f 4099/3351/3946 4060/3352/3947 4096/3353/3948
f 4060/3352/3947 4099/3351/3946 4056/3315/3910
f 4100/3354/3949 4099/3351/3946 4098/3355/3950
f 4101/3356/3951 4100/3354/3949 4098/3355/3950
f 4101/3356/3951 4118/3357/3952 4082/3333/3928
f 4118/3357/3952 4103/3358/3953 4082/3333/3928
f 4082/3333/3928 4103/3358/3953 4086/3336/3931
f 4118/3357/3952 4105/3359/3954 4103/3358/3953
f 4106/3360/3955 4107/3361/3956 4102/3362/3957
f 4104/3363/3958 4106/3360/3955 4102/3362/3957
f 4102/3362/3957 4107/3361/3956 4085/3364/3959
f 4085/3364/3959 4107/3361/3956 4083/3365/3960
f 4109/3366/3961 4091/3345/3940 4108/3367/3962
f 4110/3368/3963 4112/3369/3964 4109/3366/3961
f 4110/3368/3963 4109/3366/3961 4106/3360/3955
f 4115/3370/3965 4114/3371/3966 4109/3366/3961
f 4112/3369/3964 4115/3370/3965 4109/3366/3961
f 4101/3356/3951 4117/3372/3967 4116/3373/3968
f 4101/3356/3951 4116/3373/3968 4113/3374/3969
f 4101/3356/3951 4098/3355/3950 4117/3372/3967
f 4118/3357/3952 4113/3374/3969 4111/3375/3970
f 4118/3357/3952 4101/3356/3951 4113/3374/3969
f 4118/3357/3952 4111/3375/3970 4120/3376/3971
f 4118/3357/3952 4120/3376/3971 4105/3359/3954
f 4119/3377/3972 4110/3368/3963 4106/3360/3955
f 4119/3377/3972 4106/3360/3955 4104/3363/3958
f 4106/3360/3955 4109/3366/3961 4108/3367/3962
f 4097/3378/3973 4095/3379/3974 4092/3346/3941
f 4114/3371/3966 4097/3378/3973 4091/3345/3940
f 4097/3378/3973 4092/3346/3941 4091/3345/3940
f 4109/3366/3961 4114/3371/3966 4091/3345/3940
f 4091/3345/3940 4090/3344/3939 4108/3367/3962
f 4106/3360/3955 4108/3367/3962 4107/3361/3956
f 4107/3361/3956 4108/3367/3962 4090/3344/3939
f 4083/3365/3960 4087/3338/3933 4080/3337/3932
f 4083/3365/3960 4107/3361/3956 4087/3338/3933
f 4107/3361/3956 4090/3344/3939 4087/3338/3933
f 4101/3356/3951 4082/3333/3928 4075/3330/3925
f 4101/3356/3951 4075/3330/3925 4100/3354/3949
f 4100/3354/3949 4075/3330/3925 4099/3351/3946
f 4099/3351/3946 4075/3330/3925 4056/3315/3910
f 4056/3315/3910 4075/3330/3925 4073/3328/3923
f 4092/3346/3941 4095/3379/3974 4094/3349/3944
f 4093/3347/3942 4055/3350/3945 4050/3309/3904
f 4093/3347/3942 4050/3309/3904 4054/3311/3906
f 4121/3380/3975 4093/3347/3942 4054/3311/3906
f 4121/3380/3975 4054/3311/3906 4065/3321/3916
f 4121/3380/3975 4065/3321/3916 4070/3325/3920
f 4121/3380/3975 4070/3325/3920 4089/3341/3936
f 4089/3341/3936 4070/3325/3920 4068/3324/3919
f 4089/3341/3936 4068/3324/3919 4071/3342/3937
f 4090/3344/3939 4093/3347/3942 4121/3380/3975
f 4090/3344/3939 4121/3380/3975 4089/3341/3936
f 4056/3315/3910 4073/3328/3923 4061/3317/3912
f 4052/3310/3905 4065/3321/3916 4054/3311/3906
f 4122/3381/3976 4124/3382/3977 4126/3383/3978
f 4129/3384/3979 4125/3385/3980 4123/3386/3981
f 4128/3387/3982 4129/3384/3979 4123/3386/3981
f 4129/3384/3979 4130/3388/3983 4125/3385/3980
f 4132/3389/3984 4133/3390/3985 4128/3387/3982
f 4128/3387/3982 4133/3390/3985 4129/3384/3979
f 4133/3390/3985 4134/3391/3986 4129/3384/3979
f 4129/3384/3979 4134/3391/3986 4135/3392/3987
f 4129/3384/3979 4135/3392/3987 4130/3388/3983
f 4130/3388/3983 4135/3392/3987 4137/3393/3988
f 4124/3382/3977 4136/3394/3989 4138/3395/3990
f 4130/3388/3983 4137/3393/3988 4125/3385/3980
f 4139/3396/3991 4138/3395/3990 4136/3394/3989
f 4135/3392/3987 4140/3397/3992 4137/3393/3988
f 4141/3398/3993 4143/3399/3994 4139/3396/3991
f 4134/3391/3986 4142/3400/3995 4140/3397/3992
f 4139/3396/3991 4143/3399/3994 4138/3395/3990
f 4134/3391/3986 4140/3397/3992 4135/3392/3987
f 4145/3401/3996 4142/3400/3995 4134/3391/3986
f 4145/3401/3996 4134/3391/3986 4146/3402/3997
f 4149/3403/3998 4146/3402/3997 4148/3404/3999
f 4152/3405/4000 4149/3403/3998 4148/3404/3999
f 4149/3403/3998 4147/3406/4001 4146/3402/3997
f 4155/3407/4002 4154/3408/4003 4152/3405/4000
f 4155/3407/4002 4152/3405/4000 4148/3404/3999
f 4155/3407/4002 4157/3409/4004 4154/3408/4003
f 4155/3407/4002 4159/3410/4005 4157/3409/4004
f 4153/3411/4006 4160/3412/4007 4151/3413/4008
f 4160/3412/4007 4150/3414/4009 4151/3413/4008
f 4147/3406/4001 4145/3401/3996 4146/3402/3997
f 4162/3415/4010 4144/3416/4011 4161/3417/4012
f 4160/3412/4007 4162/3415/4010 4161/3417/4012
f 4160/3412/4007 4161/3417/4012 4150/3414/4009
f 4163/3418/4013 4162/3415/4010 4160/3412/4007
f 4164/3419/4014 4165/3420/4015 4163/3418/4013
f 4163/3418/4013 4165/3420/4015 4166/3421/4016
f 4165/3420/4015 4131/3422/4017 4166/3421/4016
f 4165/3420/4015 4167/3423/4018 4131/3422/4017
f 4166/3421/4016 4131/3422/4017 4127/3424/4019
f 4172/3425/4020 4132/3389/3984 4169/3426/4021
f 4132/3389/3984 4172/3425/4020 4133/3390/3985
f 4173/3427/4022 4172/3425/4020 4171/3428/4023
f 4174/3429/4024 4173/3427/4022 4171/3428/4023
f 4174/3429/4024 4200/3430/4025 4155/3407/4002
f 4200/3430/4025 4176/3431/4026 4155/3407/4002
f 4155/3407/4002 4176/3431/4026 4159/3410/4005
f 4175/3432/4027 4181/3433/4028 4158/3434/4029
f 4200/3430/4025 4178/3435/4030 4176/3431/4026
f 4177/3436/4031 4181/3433/4028 4175/3432/4027
f 4183/3437/4032 4187/3438/4033 4181/3433/4028
f 4179/3439/4034 4184/3440/4035 4182/3441/4036
f 4181/3433/4028 4187/3438/4033 4158/3434/4029
f 4158/3434/4029 4187/3438/4033 4156/3442/4037
f 4189/3443/4038 4164/3419/4014 4188/3444/4039
f 4191/3445/4040 4193/3446/4041 4189/3443/4038
f 4191/3445/4040 4189/3443/4038 4190/3447/4042
f 4196/3448/4043 4195/3449/4044 4189/3443/4038
f 4193/3446/4041 4196/3448/4043 4189/3443/4038
f 4199/3450/4045 4198/3451/4046 4197/3452/4047
f 4199/3450/4045 4197/3452/4047 4194/3453/4048
f 4199/3450/4045 4171/3428/4023 4198/3451/4046
f 4174/3429/4024 4171/3428/4023 4199/3450/4045
f 4174/3429/4024 4199/3450/4045 4200/3430/4025
f 4200/3430/4025 4194/3453/4048 4192/3454/4049
f 4200/3430/4025 4199/3450/4045 4194/3453/4048
f 4200/3430/4025 4192/3454/4049 4202/3455/4050
f 4200/3430/4025 4202/3455/4050 4178/3435/4030
f 4201/3456/4051 4191/3445/4040 4190/3447/4042
f 4204/3457/4052 4205/3458/4053 4186/3459/4054
f 4203/3460/4055 4185/3461/4035 4180/3462/4056
f 4190/3447/4042 4189/3443/4038 4188/3444/4039
f 4190/3447/4042 4188/3444/4039 4183/3437/4032
f 4170/3463/4057 4168/3464/4058 4165/3420/4015
f 4195/3449/4044 4170/3463/4057 4164/3419/4014
f 4170/3463/4057 4165/3420/4015 4164/3419/4014
f 4189/3443/4038 4195/3449/4044 4164/3419/4014
f 4164/3419/4014 4163/3418/4013 4188/3444/4039
f 4183/3437/4032 4188/3444/4039 4187/3438/4033
f 4187/3438/4033 4188/3444/4039 4163/3418/4013
f 4156/3442/4037 4160/3412/4007 4153/3411/4006
f 4156/3442/4037 4187/3438/4033 4160/3412/4007
f 4187/3438/4033 4163/3418/4013 4160/3412/4007
f 4174/3429/4024 4155/3407/4002 4148/3404/3999
f 4174/3429/4024 4148/3404/3999 4173/3427/4022
f 4173/3427/4022 4148/3404/3999 4172/3425/4020
f 4172/3425/4020 4148/3404/3999 4133/3390/3985
f 4133/3390/3985 4148/3404/3999 4146/3402/3997
f 4165/3420/4015 4168/3464/4058 4167/3423/4018
f 4166/3421/4016 4127/3424/4019 4122/3381/3976
f 4166/3421/4016 4122/3381/3976 4126/3383/3978
f 4206/3465/4059 4166/3421/4016 4126/3383/3978
f 4206/3465/4059 4126/3383/3978 4138/3395/3990
f 4206/3465/4059 4138/3395/3990 4143/3399/3994
f 4206/3465/4059 4143/3399/3994 4162/3415/4010
f 4162/3415/4010 4143/3399/3994 4141/3398/3993
f 4162/3415/4010 4141/3398/3993 4144/3416/4011
f 4163/3418/4013 4166/3421/4016 4206/3465/4059
f 4163/3418/4013 4206/3465/4059 4162/3415/4010
f 4133/3390/3985 4146/3402/3997 4134/3391/3986
f 4124/3382/3977 4138/3395/3990 4126/3383/3978
f 4207/3466/4060 4209/3467/4061 4211/3468/4062
f 4214/3469/4063 4210/3470/4064 4208/3471/4065
f 4212/3472/4066 4214/3469/4063 4208/3471/4065
f 4214/3469/4063 4216/3473/4067 4210/3470/4064
f 4217/3474/4068 4219/3475/4069 4212/3472/4066
f 4212/3472/4066 4219/3475/4069 4214/3469/4063
f 4214/3469/4063 4221/3476/4070 4216/3473/4067
f 4215/3477/4071 4220/3478/4072 4225/3479/4073
f 4233/3480/4074 4223/3481/4075 4221/3476/4070
f 4233/3480/4074 4221/3476/4070 4214/3469/4063
f 4222/3482/4076 4225/3479/4073 4220/3478/4072
f 4209/3467/4061 4224/3483/4077 4227/3484/4078
f 4216/3473/4067 4226/3485/4079 4210/3470/4064
f 4228/3486/4080 4227/3484/4078 4224/3483/4077
f 4223/3481/4075 4229/3487/4081 4226/3485/4082
f 4230/3488/4083 4232/3489/4084 4228/3486/4080
f 4233/3480/4074 4231/3490/4085 4229/3487/4081
f 4228/3486/4080 4232/3489/4084 4227/3484/4078
f 4233/3480/4074 4229/3487/4081 4223/3481/4075
f 4235/3491/4086 4231/3490/4085 4233/3480/4074
f 4235/3491/4086 4233/3480/4074 4236/3492/4087
f 4237/3493/4088 4235/3491/4086 4236/3492/4087
f 4236/3492/4087 4214/3469/4063 4219/3475/4069
f 4236/3492/4087 4233/3480/4074 4214/3469/4063
f 4238/3494/4089 4237/3493/4088 4236/3492/4087
f 4244/3495/4090 4243/3496/4091 4239/3497/4092
f 4268/3498/4093 4246/3499/4094 4243/3496/4091
f 4244/3495/4090 4268/3498/4093 4243/3496/4091
f 4268/3498/4093 4250/3500/4095 4246/3499/4094
f 4249/3501/4096 4252/3502/4097 4245/3503/4098
f 4245/3503/4098 4252/3502/4097 4242/3504/4099
f 4242/3504/4099 4253/3505/4100 4241/3506/4101
f 4253/3505/4100 4240/3507/4102 4241/3506/4101
f 4255/3508/4103 4234/3509/4104 4254/3510/4105
f 4253/3505/4100 4255/3508/4103 4254/3510/4105
f 4253/3505/4100 4254/3510/4105 4240/3507/4102
f 4256/3511/4106 4255/3508/4103 4253/3505/4100
f 4257/3512/4107 4258/3513/4108 4256/3511/4106
f 4256/3511/4106 4258/3513/4108 4259/3514/4109
f 4258/3513/4108 4218/3515/4110 4259/3514/4109
f 4258/3513/4108 4260/3516/4111 4218/3515/4110
f 4259/3514/4109 4218/3515/4110 4213/3517/4112
f 4265/3518/4113 4217/3474/4068 4262/3519/4114
f 4265/3518/4113 4266/3520/4115 4217/3474/4068
f 4267/3521/4116 4266/3520/4115 4265/3518/4113
f 4268/3498/4093 4244/3495/4090 4267/3521/4116
f 4269/3522/4117 4272/3523/4118 4268/3498/4093
f 4268/3498/4093 4272/3523/4118 4250/3500/4095
f 4271/3524/4119 4275/3525/4120 4248/3526/4121
f 4270/3527/4122 4281/3528/4123 4273/3529/4124
f 4269/3522/4117 4278/3530/4125 4272/3523/4118
f 4277/3531/4126 4281/3528/4123 4270/3527/4122
f 4284/3532/4127 4287/3533/4128 4282/3534/4129
f 4277/3531/4126 4283/3535/4130 4281/3528/4123
f 4280/3536/4131 4286/3537/4132 4288/3538/4133
f 4282/3534/4129 4289/3539/4134 4276/3540/4135
f 4289/3539/4134 4290/3541/4136 4252/3502/4097
f 4276/3540/4135 4289/3539/4134 4252/3502/4097
f 4287/3533/4128 4290/3541/4136 4289/3539/4134
f 4287/3533/4128 4291/3542/4137 4290/3541/4136
f 4292/3543/4138 4257/3512/4107 4291/3542/4137
f 4294/3544/4139 4297/3545/4140 4293/3546/4141
f 4297/3545/4140 4292/3543/4138 4293/3546/4141
f 4302/3547/4142 4301/3548/4143 4292/3543/4138
f 4297/3545/4140 4302/3547/4142 4292/3543/4138
f 4307/3549/4144 4304/3550/4145 4300/3551/4146
f 4306/3552/4147 4305/3553/4148 4303/3554/4149
f 4267/3521/4116 4305/3553/4148 4306/3552/4147
f 4267/3521/4116 4263/3555/4150 4305/3553/4148
f 4267/3521/4116 4265/3518/4113 4263/3555/4150
f 4268/3498/4093 4267/3521/4116 4308/3556/4151
f 4267/3521/4116 4306/3552/4147 4308/3556/4151
f 4268/3498/4093 4308/3556/4151 4269/3522/4117
f 4309/3557/4152 4299/3558/4153 4296/3559/4154
f 4269/3522/4117 4308/3556/4151 4295/3560/4155
f 4308/3556/4151 4306/3552/4147 4298/3561/4146
f 4310/3562/4156 4294/3544/4139 4293/3546/4141
f 4310/3562/4156 4293/3546/4141 4312/3563/4157
f 4311/3564/4158 4313/3565/4159 4285/3566/4130
f 4311/3564/4158 4285/3566/4130 4279/3567/4160
f 4312/3563/4157 4293/3546/4141 4292/3543/4138
f 4312/3563/4157 4292/3543/4138 4291/3542/4137
f 4312/3563/4157 4291/3542/4137 4284/3532/4127
f 4264/3568/4161 4261/3569/4162 4258/3513/4108
f 4301/3548/4143 4264/3568/4161 4257/3512/4107
f 4264/3568/4161 4258/3513/4108 4257/3512/4107
f 4292/3543/4138 4301/3548/4143 4257/3512/4107
f 4257/3512/4107 4256/3511/4106 4291/3542/4137
f 4284/3532/4127 4291/3542/4137 4287/3533/4128
f 4290/3541/4136 4291/3542/4137 4256/3511/4106
f 4252/3502/4097 4253/3505/4100 4242/3504/4099
f 4252/3502/4097 4290/3541/4136 4253/3505/4100
f 4290/3541/4136 4256/3511/4106 4253/3505/4100
f 4247/3570/4163 4274/3571/4120 4251/3572/4164
f 4267/3521/4116 4244/3495/4090 4239/3497/4092
f 4267/3521/4116 4239/3497/4092 4266/3520/4115
f 4239/3497/4092 4217/3474/4068 4266/3520/4115
f 4239/3497/4092 4238/3494/4089 4217/3474/4068
f 4238/3494/4089 4236/3492/4087 4217/3474/4068
f 4217/3474/4068 4236/3492/4087 4219/3475/4069
f 4258/3513/4108 4261/3569/4162 4260/3516/4111
f 4259/3514/4109 4213/3517/4112 4207/3466/4060
f 4259/3514/4109 4207/3466/4060 4211/3468/4062
f 4314/3573/4165 4259/3514/4109 4211/3468/4062
f 4314/3573/4165 4211/3468/4062 4227/3484/4078
f 4314/3573/4165 4227/3484/4078 4232/3489/4084
f 4314/3573/4165 4232/3489/4084 4255/3508/4103
f 4255/3508/4103 4232/3489/4084 4230/3488/4083
f 4255/3508/4103 4230/3488/4083 4234/3509/4104
f 4256/3511/4106 4259/3514/4109 4314/3573/4165
f 4256/3511/4106 4314/3573/4165 4255/3508/4103
f 4209/3467/4061 4227/3484/4078 4211/3468/4062
f 4324/3574/4166 4320/3575/4167 4316/3576/4168
f 4322/3577/4169 4324/3574/4166 4316/3576/4168
f 4323/3578/4170 4325/3579/4171 4317/3580/4172
f 4322/3577/4169 4331/3581/4173 4324/3574/4166
f 4322/3577/4169 4350/3582/4174 4331/3581/4173
f 4324/3574/4166 4331/3581/4173 4328/3583/4175
f 4331/3581/4173 4333/3584/4176 4328/3583/4175
f 4327/3585/4171 4332/3586/4177 4337/3587/4178
f 4346/3588/4179 4335/3589/4180 4333/3584/4176
f 4346/3588/4179 4333/3584/4176 4331/3581/4173
f 4334/3590/4181 4337/3587/4178 4332/3586/4177
f 4319/3591/4182 4338/3592/4183 4339/3593/4184
f 4326/3594/4171 4336/3595/4178 4318/3596/4185
f 4341/3597/4186 4339/3593/4184 4338/3592/4183
f 4334/3590/4181 4340/3598/4187 4337/3587/4178
f 4343/3599/4188 4345/3600/4189 4341/3597/4186
f 4346/3588/4179 4344/3601/4190 4342/3602/4191
f 4341/3597/4186 4345/3600/4189 4339/3593/4184
f 4346/3588/4179 4342/3602/4191 4335/3589/4180
f 4348/3603/4192 4344/3601/4190 4346/3588/4179
f 4348/3603/4192 4346/3588/4179 4350/3582/4174
f 4350/3582/4174 4346/3588/4179 4331/3581/4173
f 4351/3604/4193 4348/3603/4192 4350/3582/4174
f 4351/3604/4193 4350/3582/4174 4374/3605/4194
f 4352/3606/4195 4351/3604/4193 4374/3605/4194
f 4351/3604/4193 4349/3607/4196 4348/3603/4192
f 4356/3608/4197 4355/3609/4198 4352/3606/4195
f 4376/3610/4199 4358/3611/4200 4355/3609/4198
f 4356/3608/4197 4376/3610/4199 4355/3609/4198
f 4376/3610/4199 4361/3612/4201 4358/3611/4200
f 4360/3613/4202 4363/3614/4203 4357/3615/4204
f 4357/3615/4204 4363/3614/4203 4354/3616/4205
f 4354/3616/4205 4364/3617/4206 4353/3618/4207
f 4366/3619/4208 4347/3620/4209 4365/3621/4210
f 4364/3617/4206 4366/3619/4208 4365/3621/4210
f 4364/3617/4206 4365/3621/4210 4353/3618/4207
f 4367/3622/4211 4366/3619/4208 4364/3617/4206
f 4367/3622/4211 4368/3623/4212 4369/3624/4213
f 4368/3623/4212 4370/3625/4214 4369/3624/4213
f 4369/3624/4213 4370/3625/4214 4329/3626/4215
f 4369/3624/4213 4329/3626/4215 4321/3627/4216
f 4371/3628/4217 4374/3605/4194 4330/3629/4218
f 4330/3629/4218 4374/3605/4194 4322/3577/4169
f 4374/3605/4194 4350/3582/4174 4322/3577/4169
f 4375/3630/4219 4374/3605/4194 4371/3628/4217
f 4356/3608/4197 4374/3605/4194 4375/3630/4219
f 4376/3610/4199 4356/3608/4197 4375/3630/4219
f 4377/3631/4220 4379/3632/4221 4376/3610/4199
f 4376/3610/4199 4379/3632/4221 4361/3612/4201
f 4378/3633/4222 4380/3634/4223 4359/3635/4224
f 4377/3631/4220 4383/3636/4225 4379/3632/4221
f 4384/3637/4226 4386/3638/4227 4378/3633/4222
f 4382/3639/4228 4384/3637/4226 4378/3633/4222
f 4378/3633/4222 4386/3638/4227 4380/3634/4223
f 4387/3640/4229 4388/3641/4230 4390/3642/4231
f 4380/3634/4223 4386/3638/4227 4389/3643/4232
f 4393/3644/4233 4368/3623/4212 4391/3645/4234
f 4395/3646/4235 4399/3647/4236 4394/3648/4237
f 4399/3647/4236 4402/3649/4238 4394/3648/4237
f 4394/3648/4237 4402/3649/4238 4393/3644/4233
f 4402/3649/4238 4372/3650/4239 4393/3644/4233
f 4402/3649/4238 4403/3651/4240 4372/3650/4239
f 4407/3652/4241 4404/3653/4242 4398/3654/4243
f 4408/3655/4244 4406/3656/4245 4405/3657/4246
f 4375/3630/4219 4406/3656/4245 4408/3655/4244
f 4375/3630/4219 4373/3658/4247 4406/3656/4245
f 4375/3630/4219 4371/3628/4217 4373/3658/4247
f 4376/3610/4199 4375/3630/4219 4409/3659/4248
f 4375/3630/4219 4408/3655/4244 4409/3659/4248
f 4376/3610/4199 4409/3659/4248 4377/3631/4220
f 4410/3660/4249 4401/3661/4250 4397/3662/4251
f 4377/3631/4220 4409/3659/4248 4396/3663/4252
f 4409/3659/4248 4408/3655/4244 4400/3664/4243
f 4412/3665/4253 4395/3646/4235 4394/3648/4237
f 4411/3666/4254 4413/3667/4255 4384/3637/4226
f 4411/3666/4254 4384/3637/4226 4382/3639/4228
f 4394/3648/4237 4393/3644/4233 4391/3645/4234
f 4394/3648/4237 4391/3645/4234 4388/3641/4230
f 4394/3648/4237 4388/3641/4230 4385/3668/4256
f 4372/3650/4239 4370/3625/4214 4368/3623/4212
f 4393/3644/4233 4372/3650/4239 4368/3623/4212
f 4368/3623/4212 4367/3622/4211 4391/3645/4234
f 4384/3637/4226 4392/3669/4257 4386/3638/4227
f 4388/3641/4230 4391/3645/4234 4367/3622/4211
f 4363/3614/4203 4390/3642/4231 4354/3616/4205
f 4381/3670/4258 4390/3642/4231 4363/3614/4203
f 4390/3642/4231 4364/3617/4206 4354/3616/4205
f 4390/3642/4231 4388/3641/4230 4364/3617/4206
f 4388/3641/4230 4367/3622/4211 4364/3617/4206
f 4359/3635/4224 4380/3634/4223 4362/3671/4259
f 4356/3608/4197 4352/3606/4195 4374/3605/4194
f 4414/3672/4260 4321/3627/4216 4315/3673/4261
f 4369/3624/4213 4321/3627/4216 4414/3672/4260
f 4415/3674/4262 4369/3624/4213 4414/3672/4260
f 4319/3591/4182 4339/3593/4184 4414/3672/4260
f 4315/3673/4261 4319/3591/4182 4414/3672/4260
f 4415/3674/4262 4414/3672/4260 4339/3593/4184
f 4415/3674/4262 4339/3593/4184 4345/3600/4189
f 4415/3674/4262 4345/3600/4189 4366/3619/4208
f 4366/3619/4208 4345/3600/4189 4343/3599/4188
f 4366/3619/4208 4343/3599/4188 4347/3620/4209
f 4367/3622/4211 4369/3624/4213 4415/3674/4262
f 4367/3622/4211 4415/3674/4262 4366/3619/4208
f 4416/3675/4263 4418/3676/4264 4420/3677/4265
f 4423/3678/4266 4419/3679/4267 4417/3680/4268
f 4422/3681/4269 4423/3678/4266 4417/3680/4268
f 4423/3678/4266 4424/3682/4270 4419/3679/4267
f 4427/3683/4271 4428/3684/4272 4422/3681/4269
f 4422/3681/4269 4428/3684/4272 4423/3678/4266
f 4423/3678/4266 4429/3685/4273 4424/3682/4270
f 4425/3686/4274 4430/3687/4275 4435/3688/4276
f 4442/3689/4277 4431/3690/4278 4429/3685/4273
f 4442/3689/4277 4429/3685/4273 4423/3678/4266
f 4432/3691/4279 4435/3688/4276 4430/3687/4275
f 4418/3676/4264 4433/3692/4280 4436/3693/4281
f 4424/3682/4270 4434/3694/4282 4419/3679/4267
f 4437/3695/4283 4436/3693/4281 4433/3692/4280
f 4431/3690/4278 4438/3696/4284 4434/3694/4282
f 4439/3697/4285 4441/3698/4286 4437/3695/4283
f 4442/3689/4277 4440/3699/4287 4438/3696/4284
f 4437/3695/4283 4441/3698/4286 4436/3693/4281
f 4442/3689/4277 4438/3696/4284 4431/3690/4278
f 4444/3700/4288 4440/3699/4287 4442/3689/4277
f 4445/3701/4289 4444/3700/4288 4446/3702/4290
f 4446/3702/4290 4444/3700/4288 4447/3703/4291
f 4444/3700/4288 4442/3689/4277 4447/3703/4291
f 4447/3703/4291 4442/3689/4277 4423/3678/4266
f 4448/3704/4292 4450/3705/4293 4446/3702/4290
f 4448/3704/4292 4446/3702/4290 4449/3706/4294
f 4450/3705/4293 4445/3701/4289 4446/3702/4290
f 4456/3707/4295 4454/3708/4296 4448/3704/4292
f 4455/3709/4297 4456/3707/4295 4448/3704/4292
f 4458/3710/4298 4456/3707/4295 4455/3709/4297
f 4458/3710/4298 4457/3711/4299 4456/3707/4295
f 4460/3712/4300 4462/3713/4301 4459/3714/4302
f 4459/3714/4302 4462/3713/4301 4453/3715/4303
f 4453/3715/4303 4464/3716/4304 4452/3717/4305
f 4464/3716/4304 4451/3718/4306 4452/3717/4305
f 4466/3719/4307 4443/3720/4308 4465/3721/4309
f 4464/3716/4304 4466/3719/4307 4465/3721/4309
f 4464/3716/4304 4465/3721/4309 4451/3718/4306
f 4467/3722/4310 4466/3719/4307 4464/3716/4304
f 4468/3723/4311 4469/3724/4312 4467/3722/4310
f 4468/3723/4311 4467/3722/4310 4470/3725/4313
f 4464/3716/4304 4470/3725/4313 4467/3722/4310
f 4467/3722/4310 4469/3724/4312 4471/3726/4314
f 4469/3724/4312 4426/3727/4315 4471/3726/4314
f 4471/3726/4314 4426/3727/4315 4421/3728/4316
f 4474/3729/4317 4476/3730/4318 4426/3727/4315
f 4426/3727/4315 4476/3730/4318 4472/3731/4319
f 4478/3732/4320 4477/3733/4321 4475/3734/4322
f 4478/3732/4320 4473/3735/4323 4477/3733/4321
f 4473/3735/4323 4428/3684/4272 4427/3683/4271
f 4473/3735/4323 4479/3736/4324 4428/3684/4272
f 4480/3737/4325 4479/3736/4324 4478/3732/4320
f 4478/3732/4320 4479/3736/4324 4473/3735/4323
f 4481/3738/4326 4480/3737/4325 4478/3732/4320
f 4482/3739/4327 4458/3710/4298 4481/3738/4326
f 4481/3738/4326 4458/3710/4298 4455/3709/4297
f 4481/3738/4326 4455/3709/4297 4480/3737/4325
f 4482/3739/4327 4457/3711/4299 4458/3710/4298
f 4515/3740/4328 4483/3741/4329 4482/3739/4327
f 4482/3739/4327 4483/3741/4329 4457/3711/4299
f 4484/3742/4330 4486/3743/4331 4461/3744/4332
f 4515/3740/4328 4487/3745/4333 4483/3741/4329
f 4490/3746/4334 4492/3747/4335 4484/3742/4330
f 4488/3748/4336 4490/3746/4334 4484/3742/4330
f 4484/3742/4330 4492/3747/4335 4494/3749/4337
f 4484/3742/4330 4494/3749/4337 4486/3743/4331
f 4493/3750/4338 4495/3751/4339 4496/3752/4340
f 4486/3743/4331 4494/3749/4337 4497/3753/4341
f 4491/3754/4342 4495/3751/4339 4493/3750/4338
f 4495/3751/4339 4500/3755/4343 4470/3725/4313
f 4491/3754/4342 4498/3756/4344 4495/3751/4339
f 4498/3756/4344 4500/3755/4343 4495/3751/4339
f 4502/3757/4345 4470/3725/4313 4500/3755/4343
f 4501/3758/4346 4502/3757/4345 4500/3755/4343
f 4501/3758/4346 4503/3759/4347 4502/3757/4345
f 4504/3760/4348 4506/3761/4349 4501/3758/4346
f 4506/3761/4349 4503/3759/4347 4501/3758/4346
f 4481/3738/4326 4512/3762/4350 4510/3763/4351
f 4514/3764/4352 4511/3765/4353 4508/3766/4354
f 4513/3767/4355 4481/3738/4326 4510/3763/4351
f 4481/3738/4326 4478/3732/4320 4512/3762/4350
f 4478/3732/4320 4475/3734/4322 4512/3762/4350
f 4482/3739/4327 4513/3767/4355 4515/3740/4328
f 4482/3739/4327 4481/3738/4326 4513/3767/4355
f 4515/3740/4328 4507/3768/4356 4505/3769/4357
f 4515/3740/4328 4513/3767/4355 4507/3768/4356
f 4515/3740/4328 4505/3769/4357 4517/3770/4358
f 4515/3740/4328 4517/3770/4358 4487/3745/4333
f 4516/3771/4359 4504/3760/4348 4501/3758/4346
f 4516/3771/4359 4501/3758/4346 4500/3755/4343
f 4518/3772/4360 4519/3773/4361 4490/3746/4334
f 4518/3772/4360 4490/3746/4334 4488/3748/4336
f 4500/3755/4343 4498/3756/4344 4489/3774/4362
f 4474/3729/4317 4426/3727/4315 4469/3724/4312
f 4509/3775/4363 4474/3729/4317 4468/3723/4311
f 4474/3729/4317 4469/3724/4312 4468/3723/4311
f 4503/3759/4347 4509/3775/4363 4502/3757/4345
f 4509/3775/4363 4468/3723/4311 4502/3757/4345
f 4502/3757/4345 4468/3723/4311 4470/3725/4313
f 4490/3746/4334 4499/3776/4364 4492/3747/4335
f 4462/3713/4301 4496/3752/4340 4453/3715/4303
f 4485/3777/4365 4496/3752/4340 4462/3713/4301
f 4496/3752/4340 4464/3716/4304 4453/3715/4303
f 4496/3752/4340 4495/3751/4339 4464/3716/4304
f 4495/3751/4339 4470/3725/4313 4464/3716/4304
f 4461/3744/4332 4486/3743/4331 4463/3778/4366
f 4480/3737/4325 4455/3709/4297 4449/3706/4294
f 4446/3702/4290 4447/3703/4291 4449/3706/4294
f 4479/3736/4324 4449/3706/4294 4447/3703/4291
f 4480/3737/4325 4449/3706/4294 4479/3736/4324
f 4479/3736/4324 4447/3703/4291 4428/3684/4272
f 4471/3726/4314 4421/3728/4316 4416/3675/4263
f 4471/3726/4314 4416/3675/4263 4420/3677/4265
f 4520/3779/4367 4471/3726/4314 4420/3677/4265
f 4520/3779/4367 4420/3677/4265 4436/3693/4281
f 4520/3779/4367 4436/3693/4281 4441/3698/4286
f 4520/3779/4367 4441/3698/4286 4466/3719/4307
f 4466/3719/4307 4441/3698/4286 4439/3697/4285
f 4466/3719/4307 4439/3697/4285 4443/3720/4308
f 4467/3722/4310 4471/3726/4314 4520/3779/4367
f 4467/3722/4310 4520/3779/4367 4466/3719/4307
f 4455/3709/4297 4448/3704/4292 4449/3706/4294
f 4428/3684/4272 4447/3703/4291 4423/3678/4266
f 4418/3676/4264 4436/3693/4281 4420/3677/4265
f 4521/3780/4368 4526/3781/4369 4524/3782/4370
f 4534/3783/4371 4522/3784/4372 4530/3785/4373
f 4530/3785/4373 4522/3784/4372 4532/3786/4374
f 4522/3784/4372 4523/3787/4375 4532/3786/4374
f 4529/3788/4376 4522/3784/4372 4534/3783/4371
f 4536/3789/4377 4534/3783/4371 4538/3790/4378
f 4536/3789/4377 4529/3788/4376 4534/3783/4371
f 4537/3791/4379 4533/3792/4380 4539/3793/4381
f 4534/3783/4371 4530/3785/4373 4540/3794/4382
f 4537/3791/4379 4539/3793/4381 4542/3795/4383
f 4542/3795/4383 4539/3793/4381 4543/3796/4384
f 4541/3797/4382 4531/3798/4385 4546/3799/4386
f 4540/3794/4382 4545/3800/4387 4544/3801/4388
f 4530/3785/4373 4532/3786/4374 4545/3800/4387
f 4544/3801/4388 4545/3800/4387 4547/3802/4389
f 4545/3800/4387 4532/3786/4374 4547/3802/4389
f 4547/3802/4389 4532/3786/4374 4548/3803/4390
f 4548/3803/4390 4532/3786/4374 4549/3804/4391
f 4525/3805/4392 4551/3806/4393 4550/3807/4394
f 4532/3786/4374 4523/3787/4375 4549/3804/4391
f 4553/3808/4395 4550/3807/4394 4551/3806/4393
f 4548/3803/4390 4549/3804/4391 4554/3809/4396
f 4555/3810/4397 4553/3808/4395 4558/3811/4398
f 4553/3808/4395 4551/3806/4393 4558/3811/4398
f 4556/3812/4399 4548/3803/4390 4554/3809/4396
f 4564/3813/4400 4567/3814/4401 4556/3812/4399
f 4567/3814/4401 4547/3802/4389 4556/3812/4399
f 4547/3802/4389 4548/3803/4390 4556/3812/4399
f 4566/3815/4402 4569/3816/4403 4568/3817/4404
f 4571/3818/4405 4569/3816/4403 4566/3815/4402
f 4570/3819/4406 4573/3820/4407 4547/3802/4389
f 4573/3820/4407 4575/3821/4408 4547/3802/4389
f 4576/3822/4409 4572/3823/4410 4569/3816/4403
f 4572/3823/4410 4625/3824/4411 4574/3825/4412
f 4576/3822/4409 4625/3824/4411 4572/3823/4410
f 4577/3826/4413 4578/3827/4414 4576/3822/4409
f 4576/3822/4409 4569/3816/4403 4571/3818/4405
f 4590/3828/4415 4577/3826/4413 4582/3829/4416
f 4584/3830/4417 4577/3826/4413 4590/3828/4415
f 4584/3830/4417 4588/3831/4418 4577/3826/4413
f 4592/3832/4419 4584/3830/4417 4590/3828/4415
f 4592/3832/4419 4590/3828/4415 4591/3833/4420
f 4583/3834/4421 4581/3835/4422 4596/3836/4423
f 4596/3836/4423 4581/3835/4422 4580/3837/4424
f 4571/3818/4405 4566/3815/4402 4562/3838/4425
f 4597/3839/4426 4563/3840/4427 4598/3841/4428
f 4600/3842/4429 4597/3839/4426 4598/3841/4428
f 4602/3843/4430 4597/3839/4426 4600/3842/4429
f 4602/3843/4430 4580/3837/4424 4597/3839/4426
f 4605/3844/4431 4603/3845/4432 4601/3846/4433
f 4596/3836/4423 4580/3837/4424 4602/3843/4430
f 4604/3847/4434 4596/3836/4423 4602/3843/4430
f 4607/3848/4435 4609/3849/4436 4606/3850/4437
f 4606/3850/4437 4610/3851/4438 4607/3848/4435
f 4596/3836/4423 4604/3847/4434 4608/3852/4439
f 4606/3850/4437 4605/3844/4431 4610/3851/4438
f 4607/3848/4435 4610/3851/4438 4535/3853/4440
f 4610/3851/4438 4528/3854/4441 4535/3853/4440
f 4611/3855/4442 4535/3853/4440 4613/3856/4443
f 4619/3857/4444 4614/3858/4445 4616/3859/4446
f 4619/3857/4444 4616/3859/4446 4618/3860/4447
f 4616/3859/4446 4620/3861/4448 4618/3860/4447
f 4616/3859/4446 4612/3862/4449 4620/3861/4448
f 4612/3862/4449 4538/3790/4378 4620/3861/4448
f 4542/3795/4383 4543/3796/4384 4625/3824/4411
f 4617/3863/4450 4542/3795/4383 4621/3864/4451
f 4621/3864/4451 4542/3795/4383 4625/3824/4411
f 4623/3865/4452 4621/3864/4451 4625/3824/4411
f 4624/3866/4453 4619/3857/4444 4622/3867/4454
f 4619/3857/4444 4618/3860/4447 4622/3867/4454
f 4627/3868/4455 4619/3857/4444 4624/3866/4453
f 4628/3869/4456 4619/3857/4444 4627/3868/4455
f 4630/3870/4457 4628/3869/4456 4633/3871/4458
f 4628/3869/4456 4627/3868/4455 4633/3871/4458
f 4630/3870/4457 4633/3871/4458 4637/3872/4459
f 4635/3873/4460 4631/3874/4461 4587/3875/4462
f 4636/3876/4463 4632/3877/4464 4592/3832/4419
f 4634/3878/4464 4586/3879/4462 4593/3880/4465
f 4629/3881/4466 4636/3876/4463 4638/3882/4467
f 4636/3876/4463 4639/3883/4468 4638/3882/4467
f 4636/3876/4463 4592/3832/4419 4639/3883/4468
f 4639/3883/4468 4592/3832/4419 4591/3833/4420
f 4638/3882/4467 4639/3883/4468 4641/3884/4469
f 4639/3883/4468 4591/3833/4420 4641/3884/4469
f 4640/3885/4470 4595/3886/4471 4642/3887/4472
f 4640/3885/4470 4642/3887/4472 4645/3888/4473
f 4638/3882/4467 4641/3884/4469 4644/3889/4474
f 4643/3890/4475 4640/3885/4470 4645/3888/4473
f 4643/3890/4475 4645/3888/4473 4646/3891/4476
f 4642/3887/4472 4594/3892/4477 4647/3893/4478
f 4645/3888/4473 4642/3887/4472 4647/3893/4478
f 4647/3893/4478 4648/3894/4479 4650/3895/4480
f 4645/3888/4473 4647/3893/4478 4650/3895/4480
f 4652/3896/4481 4651/3897/4482 4649/3898/4483
f 4652/3896/4481 4654/3899/4484 4651/3897/4482
f 4645/3888/4473 4650/3895/4480 4653/3900/4485
f 4652/3896/4481 4649/3898/4483 4655/3901/4486
f 4656/3902/4487 4652/3896/4481 4657/3903/4488
f 4659/3904/4489 4656/3902/4487 4657/3903/4488
f 4657/3903/4488 4652/3896/4481 4661/3905/4490
f 4661/3905/4490 4652/3896/4481 4662/3906/4491
f 4665/3907/4492 4663/3908/4493 4664/3909/4494
f 4665/3907/4492 4660/3910/4495 4663/3908/4493
f 4665/3907/4492 4664/3909/4494 4614/3858/4445
f 4665/3907/4492 4614/3858/4445 4619/3857/4444
f 4628/3869/4456 4665/3907/4492 4619/3857/4444
f 4629/3881/4466 4667/3911/4496 4666/3912/4497
f 4628/3869/4456 4668/3913/4498 4665/3907/4492
f 4629/3881/4466 4638/3882/4467 4667/3911/4496
f 4668/3913/4498 4658/3914/4499 4660/3910/4495
f 4669/3915/4500 4658/3914/4499 4668/3913/4498
f 4668/3913/4498 4660/3910/4495 4665/3907/4492
f 4669/3915/4500 4672/3916/4501 4658/3914/4499
f 4638/3882/4467 4644/3889/4474 4671/3917/4502
f 4673/3918/4503 4656/3902/4487 4659/3904/4489
f 4670/3919/4504 4643/3890/4475 4646/3891/4476
f 4656/3902/4487 4654/3899/4484 4652/3896/4481
f 4646/3891/4476 4645/3888/4473 4653/3900/4485
f 4615/3920/4505 4607/3848/4435 4611/3855/4442
f 4662/3906/4491 4607/3848/4435 4615/3920/4505
f 4652/3896/4481 4655/3901/4486 4662/3906/4491
f 4662/3906/4491 4655/3901/4486 4607/3848/4435
f 4655/3901/4486 4609/3849/4436 4607/3848/4435
f 4655/3901/4486 4649/3898/4483 4609/3849/4436
f 4647/3893/4478 4608/3852/4439 4648/3894/4479
f 4594/3892/4477 4583/3834/4421 4596/3836/4423
f 4594/3892/4477 4596/3836/4423 4647/3893/4478
f 4647/3893/4478 4596/3836/4423 4608/3852/4439
f 4595/3886/4471 4594/3892/4477 4642/3887/4472
f 4627/3868/4455 4674/3921/4506 4589/3922/4507
f 4627/3868/4455 4589/3922/4507 4585/3923/4508
f 4627/3868/4455 4676/3924/4509 4674/3921/4506
f 4674/3921/4506 4579/3925/4510 4589/3922/4507
f 4675/3926/4511 4678/3927/4512 4677/3928/4513
f 4677/3928/4513 4678/3927/4512 4625/3824/4411
f 4578/3827/4414 4677/3928/4513 4576/3822/4409
f 4677/3928/4513 4625/3824/4411 4576/3822/4409
f 4676/3924/4509 4626/3929/4514 4679/3930/4515
f 4627/3868/4455 4624/3866/4453 4676/3924/4509
f 4676/3924/4509 4624/3866/4453 4626/3929/4514
f 4543/3796/4384 4574/3825/4412 4625/3824/4411
f 4612/3862/4449 4536/3789/4377 4538/3790/4378
f 4607/3848/4435 4535/3853/4440 4611/3855/4442
f 4680/3931/4516 4521/3780/4368 4528/3854/4441
f 4610/3851/4438 4680/3931/4516 4528/3854/4441
f 4681/3932/4517 4680/3931/4516 4610/3851/4438
f 4526/3781/4369 4680/3931/4516 4683/3933/4518
f 4521/3780/4368 4680/3931/4516 4526/3781/4369
f 4681/3932/4517 4683/3933/4518 4680/3931/4516
f 4526/3781/4369 4683/3933/4518 4552/3934/4519
f 4558/3811/4398 4551/3806/4393 4682/3935/4520
f 4681/3932/4517 4684/3936/4521 4683/3933/4518
f 4559/3937/4398 4683/3933/4518 4684/3936/4521
f 4681/3932/4517 4687/3938/4522 4684/3936/4521
f 4687/3938/4522 4693/3939/4523 4684/3936/4521
f 4689/3940/4524 4684/3936/4521 4693/3939/4523
f 4691/3941/4525 4561/3942/4526 4685/3943/4527
f 4598/3841/4428 4688/3944/4528 4692/3945/4529
f 4686/3946/4530 4598/3841/4428 4692/3945/4529
f 4557/3947/4397 4560/3948/4531 4690/3949/4525
f 4599/3950/4532 4557/3947/4397 4690/3949/4525
f 4681/3932/4517 4601/3846/4433 4687/3938/4522
f 4600/3842/4429 4598/3841/4428 4686/3946/4530
f 4605/3844/4431 4681/3932/4517 4610/3851/4438
f 4605/3844/4431 4601/3846/4433 4681/3932/4517
f 4599/3950/4532 4565/3951/4533 4557/3947/4397
f 4588/3831/4418 4578/3827/4414 4577/3826/4413
f 4544/3801/4388 4547/3802/4389 4575/3821/4408
f 4525/3805/4392 4527/3952/4534 4551/3806/4393
f 4705/3953/4535 4697/3954/4536 4694/3955/4537
f 4696/3956/4538 4698/3957/4539 4699/3958/4540
f 4696/3956/4538 4699/3958/4540 4700/3959/4541
f 4704/3960/4542 4696/3956/4538 4700/3959/4541
f 4703/3961/4543 4702/3962/4544 4695/3963/4545
f 4701/3964/4546 4705/3953/4535 4694/3955/4537
f 4705/3953/4535 4706/3965/4547 4697/3954/4536
f 4701/3964/4546 4707/3966/4548 4705/3953/4535
f 4708/3967/4549 4707/3966/4548 4701/3964/4546
f 4721/3968/4550 4706/3965/4547 4705/3953/4535
f 4721/3968/4550 4710/3969/4551 4706/3965/4547
f 4710/3969/4551 4711/3970/4552 4706/3965/4547
f 4706/3965/4547 4711/3970/4552 4697/3954/4536
f 4698/3957/4539 4712/3971/4553 4713/3972/4554
f 4715/3973/4555 4713/3972/4554 4712/3971/4553
f 4710/3969/4551 4714/3974/4556 4711/3970/4552
f 4721/3968/4550 4716/3975/4557 4714/3974/4556
f 4718/3976/4558 4720/3977/4559 4715/3973/4555
f 4715/3973/4555 4720/3977/4559 4713/3972/4554
f 4721/3968/4550 4714/3974/4556 4710/3969/4551
f 4722/3978/4560 4721/3968/4550 4724/3979/4561
f 4722/3978/4560 4716/3975/4557 4721/3968/4550
f 4724/3979/4561 4721/3968/4550 4705/3953/4535
f 4727/3980/4562 4724/3979/4561 4726/3981/4563
f 4729/3982/4564 4727/3980/4562 4726/3981/4563
f 4727/3980/4562 4725/3983/4565 4724/3979/4561
f 4733/3984/4566 4731/3985/4567 4729/3982/4564
f 4734/3986/4568 4729/3982/4564 4726/3981/4563
f 4734/3986/4568 4733/3984/4566 4729/3982/4564
f 4734/3986/4568 4736/3987/4569 4733/3984/4566
f 4732/3988/4570 4738/3989/4571 4730/3990/4572
f 4738/3989/4571 4728/3991/4573 4730/3990/4572
f 4725/3983/4565 4722/3978/4560 4724/3979/4561
f 4738/3989/4571 4740/3992/4574 4739/3993/4575
f 4740/3992/4574 4741/3994/4576 4739/3993/4575
f 4739/3993/4575 4741/3994/4576 4723/3995/4577
f 4738/3989/4571 4739/3993/4575 4728/3991/4573
f 4742/3996/4578 4740/3992/4574 4738/3989/4571
f 4743/3997/4579 4744/3998/4580 4742/3996/4578
f 4742/3996/4578 4744/3998/4580 4745/3999/4581
f 4744/3998/4580 4709/4000/4582 4745/3999/4581
f 4744/3998/4580 4746/4001/4583 4709/4000/4582
f 4745/3999/4581 4709/4000/4582 4747/4002/4584
f 4709/4000/4582 4703/3961/4543 4747/4002/4584
f 4709/4000/4582 4702/3962/4544 4703/3961/4543
f 4753/4003/4585 4708/3967/4549 4750/4004/4586
f 4708/3967/4549 4753/4003/4585 4707/3966/4548
f 4754/4005/4587 4753/4003/4585 4751/4006/4588
f 4755/4007/4589 4754/4005/4587 4751/4006/4588
f 4755/4007/4589 4775/4008/4590 4734/3986/4568
f 4734/3986/4568 4756/4009/4591 4736/3987/4569
f 4775/4008/4590 4756/4009/4591 4734/3986/4568
f 4757/4010/4592 4760/4011/4593 4737/4012/4594
f 4775/4008/4590 4758/4013/4595 4756/4009/4591
f 4759/4014/4596 4760/4011/4593 4757/4010/4592
f 4760/4011/4593 4761/4015/4597 4737/4012/4594
f 4764/4016/4598 4743/3997/4579 4763/4017/4599
f 4763/4017/4599 4743/3997/4579 4762/4018/4600
f 4765/4019/4601 4764/4016/4598 4763/4017/4599
f 4767/4020/4602 4764/4016/4598 4765/4019/4601
f 4767/4020/4602 4769/4021/4603 4764/4016/4598
f 4772/4022/4604 4770/4023/4605 4764/4016/4598
f 4769/4021/4603 4772/4022/4604 4764/4016/4598
f 4774/4024/4606 4773/4025/4607 4771/4026/4608
f 4774/4024/4606 4771/4026/4608 4768/4027/4609
f 4774/4024/4606 4751/4006/4588 4773/4025/4607
f 4755/4007/4589 4751/4006/4588 4774/4024/4606
f 4755/4007/4589 4774/4024/4606 4775/4008/4590
f 4775/4008/4590 4768/4027/4609 4766/4028/4610
f 4775/4008/4590 4774/4024/4606 4768/4027/4609
f 4775/4008/4590 4776/4029/4611 4758/4013/4595
f 4775/4008/4590 4766/4028/4610 4776/4029/4611
f 4777/4030/4612 4767/4020/4602 4765/4019/4601
f 4777/4030/4612 4765/4019/4601 4760/4011/4593
f 4777/4030/4612 4760/4011/4593 4759/4014/4596
f 4765/4019/4601 4763/4017/4599 4762/4018/4600
f 4765/4019/4601 4762/4018/4600 4761/4015/4597
f 4765/4019/4601 4761/4015/4597 4760/4011/4593
f 4752/4031/4613 4749/4032/4614 4744/3998/4580
f 4770/4023/4605 4752/4031/4613 4743/3997/4579
f 4752/4031/4613 4744/3998/4580 4743/3997/4579
f 4764/4016/4598 4770/4023/4605 4743/3997/4579
f 4743/3997/4579 4742/3996/4578 4762/4018/4600
f 4761/4015/4597 4762/4018/4600 4742/3996/4578
f 4737/4012/4594 4761/4015/4597 4735/4033/4615
f 4735/4033/4615 4761/4015/4597 4732/3988/4570
f 4761/4015/4597 4738/3989/4571 4732/3988/4570
f 4761/4015/4597 4742/3996/4578 4738/3989/4571
f 4755/4007/4589 4734/3986/4568 4726/3981/4563
f 4755/4007/4589 4726/3981/4563 4754/4005/4587
f 4754/4005/4587 4726/3981/4563 4753/4003/4585
f 4753/4003/4585 4726/3981/4563 4707/3966/4548
f 4707/3966/4548 4726/3981/4563 4724/3979/4561
f 4744/3998/4580 4749/4032/4614 4746/4001/4583
f 4745/3999/4581 4747/4002/4584 4778/4034/4616
f 4748/4035/4617 4704/3960/4542 4700/3959/4541
f 4745/3999/4581 4778/4034/4616 4780/4036/4618
f 4779/4037/4619 4745/3999/4581 4780/4036/4618
f 4700/3959/4541 4699/3958/4540 4781/4038/4620
f 4699/3958/4540 4783/4039/4621 4781/4038/4620
f 4779/4037/4619 4780/4036/4618 4782/4040/4622
f 4699/3958/4540 4713/3972/4554 4783/4039/4621
f 4720/3977/4559 4783/4039/4621 4713/3972/4554
f 4779/4037/4619 4782/4040/4622 4784/4041/4623
f 4720/3977/4559 4785/4042/4624 4783/4039/4621
f 4740/3992/4574 4784/4041/4623 4741/3994/4576
f 4779/4037/4619 4784/4041/4623 4740/3992/4574
f 4786/4043/4625 4785/4042/4624 4720/3977/4559
f 4723/3995/4577 4741/3994/4576 4717/4044/4626
f 4717/4044/4626 4741/3994/4576 4719/4045/4627
f 4742/3996/4578 4745/3999/4581 4779/4037/4619
f 4742/3996/4578 4779/4037/4619 4740/3992/4574
f 4707/3966/4548 4724/3979/4561 4705/3953/4535
f 4698/3957/4539 4713/3972/4554 4699/3958/4540
f 4796/4046/4628 4790/4047/4629 4787/4048/4630
f 4788/4049/4631 4791/4050/4632 4792/4051/4633
f 4794/4052/4634 4796/4046/4628 4787/4048/4630
f 4796/4046/4628 4797/4053/4635 4790/4047/4629
f 4794/4052/4634 4798/4054/4636 4796/4046/4628
f 4799/4055/4637 4798/4054/4636 4794/4052/4634
f 4810/4056/4638 4797/4053/4635 4796/4046/4628
f 4810/4056/4638 4801/4057/4639 4797/4053/4635
f 4801/4057/4639 4802/4058/4640 4797/4053/4635
f 4797/4053/4635 4802/4058/4640 4790/4047/4629
f 4791/4050/4632 4803/4059/4641 4804/4060/4642
f 4806/4061/4643 4804/4060/4642 4803/4059/4641
f 4801/4057/4639 4805/4062/4644 4802/4058/4640
f 4810/4056/4638 4807/4063/4645 4805/4062/4644
f 4808/4064/4646 4809/4065/4647 4806/4061/4643
f 4806/4061/4643 4809/4065/4647 4804/4060/4642
f 4810/4056/4638 4805/4062/4644 4801/4057/4639
f 4812/4066/4648 4810/4056/4638 4814/4067/4649
f 4812/4066/4648 4807/4063/4645 4810/4056/4638
f 4814/4067/4649 4810/4056/4638 4796/4046/4628
f 4817/4068/4650 4814/4067/4649 4816/4069/4651
f 4819/4070/4652 4817/4068/4650 4816/4069/4651
f 4817/4068/4650 4815/4071/4653 4814/4067/4649
f 4822/4072/4654 4821/4073/4655 4819/4070/4652
f 4862/4074/4656 4819/4070/4652 4816/4069/4651
f 4862/4074/4656 4822/4072/4654 4819/4070/4652
f 4862/4074/4656 4823/4075/4657 4822/4072/4654
f 4824/4076/4658 4828/4077/4659 4826/4078/4660
f 4820/4079/4661 4829/4080/4662 4818/4081/4663
f 4818/4081/4663 4830/4082/4664 4832/4083/4665
f 4830/4082/4664 4811/4084/4666 4832/4083/4665
f 4815/4071/4653 4812/4066/4648 4814/4067/4649
f 4830/4082/4664 4833/4085/4667 4811/4084/4666
f 4836/4086/4668 4834/4087/4669 4831/4088/4670
f 4818/4081/4663 4835/4089/4671 4830/4082/4664
f 4837/4090/4672 4838/4091/4673 4835/4089/4671
f 4836/4086/4668 4839/4092/4674 4834/4087/4669
f 4837/4090/4672 4835/4089/4671 4818/4081/4663
f 4841/4093/4675 4840/4094/4676 4837/4090/4672
f 4829/4080/4662 4837/4090/4672 4818/4081/4663
f 4841/4093/4675 4837/4090/4672 4829/4080/4662
f 4842/4095/4677 4844/4096/4678 4841/4093/4675
f 4841/4093/4675 4844/4096/4678 4840/4094/4676
f 4840/4094/4676 4844/4096/4678 4846/4097/4679
f 4845/4098/4680 4800/4099/4681 4847/4100/4682
f 4845/4098/4680 4848/4101/4683 4800/4099/4681
f 4847/4100/4682 4800/4099/4681 4795/4102/4684
f 4848/4101/4683 4853/4103/4685 4800/4099/4681
f 4854/4104/4686 4852/4105/4687 4849/4106/4688
f 4856/4107/4689 4854/4104/4686 4857/4108/4690
f 4856/4107/4689 4860/4109/4691 4854/4104/4686
f 4854/4104/4686 4860/4109/4691 4852/4105/4687
f 4859/4110/4692 4799/4055/4637 4851/4111/4693
f 4799/4055/4637 4859/4110/4692 4798/4054/4636
f 4861/4112/4694 4859/4110/4692 4855/4113/4695
f 4862/4074/4656 4861/4112/4694 4855/4113/4695
f 4906/4114/4696 4863/4115/4697 4862/4074/4656
f 4906/4114/4696 4864/4116/4698 4863/4115/4697
f 4863/4115/4697 4864/4116/4698 4866/4117/4699
f 4868/4118/4700 4867/4119/4701 4824/4076/4658
f 4863/4115/4697 4823/4075/4657 4862/4074/4656
f 4867/4119/4701 4870/4120/4702 4828/4077/4659
f 4865/4121/4703 4870/4120/4702 4867/4119/4701
f 4867/4119/4701 4828/4077/4659 4824/4076/4658
f 4869/4122/4704 4873/4123/4705 4827/4124/4706
f 4865/4121/4703 4872/4125/4707 4870/4120/4702
f 4871/4126/4708 4873/4123/4705 4869/4122/4704
f 4873/4123/4705 4874/4127/4709 4827/4124/4706
f 4879/4128/4710 4877/4129/4711 4876/4130/4712
f 4879/4128/4710 4876/4130/4712 4875/4131/4713
f 4881/4132/4714 4879/4128/4710 4875/4131/4713
f 4881/4132/4714 4882/4133/4715 4879/4128/4710
f 4883/4134/4716 4878/4135/4717 4880/4136/4718
f 4885/4137/4719 4882/4133/4715 4881/4132/4714
f 4885/4137/4719 4887/4138/4720 4882/4133/4715
f 4889/4139/4721 4894/4140/4722 4884/4141/4723
f 4882/4133/4724 4891/4142/4725 4877/4129/4711
f 4891/4142/4725 4895/4143/4726 4877/4129/4711
f 4899/4144/4727 4896/4145/4728 4892/4146/4729
f 4888/4147/4721 4900/4148/4727 4893/4149/4722
f 4897/4150/4730 4903/4151/4731 4895/4143/4726
f 4905/4152/4732 4901/4153/4733 4890/4154/4734
f 4904/4155/4735 4902/4156/4736 4898/4157/4737
f 4906/4114/4696 4902/4156/4736 4904/4155/4735
f 4906/4114/4696 4855/4113/4695 4902/4156/4736
f 4862/4074/4656 4855/4113/4695 4906/4114/4696
f 4906/4114/4696 4904/4155/4735 4907/4158/4738
f 4906/4114/4696 4907/4158/4738 4909/4159/4739
f 4910/4160/4740 4908/4161/4741 4886/4162/4742
f 4908/4161/4741 4890/4154/4734 4886/4162/4742
f 4908/4161/4741 4905/4152/4732 4890/4154/4734
f 4906/4114/4696 4909/4159/4739 4864/4116/4698
f 4911/4163/4743 4914/4164/4744 4872/4125/4707
f 4910/4160/4740 4886/4162/4742 4913/4165/4745
f 4911/4163/4743 4872/4125/4707 4865/4121/4703
f 4912/4166/4746 4885/4137/4719 4881/4132/4714
f 4912/4166/4746 4881/4132/4714 4873/4123/4705
f 4912/4166/4746 4873/4123/4705 4871/4126/4708
f 4881/4132/4714 4875/4131/4713 4874/4127/4709
f 4881/4132/4714 4874/4127/4709 4873/4123/4705
f 4903/4151/4731 4856/4107/4689 4857/4108/4690
f 4903/4151/4731 4857/4108/4690 4895/4143/4726
f 4895/4143/4726 4857/4108/4690 4915/4167/4747
f 4916/4168/4748 4850/4169/4749 4845/4098/4680
f 4858/4170/4750 4850/4169/4749 4916/4168/4748
f 4895/4143/4726 4915/4167/4747 4842/4095/4677
f 4916/4168/4748 4845/4098/4680 4843/4171/4751
f 4877/4129/4711 4895/4143/4726 4876/4130/4712
f 4895/4143/4726 4842/4095/4677 4876/4130/4712
f 4876/4130/4712 4842/4095/4677 4841/4093/4675
f 4876/4130/4712 4841/4093/4675 4875/4131/4713
f 4874/4127/4709 4875/4131/4713 4841/4093/4675
f 4827/4124/4706 4874/4127/4709 4825/4172/4752
f 4825/4172/4752 4874/4127/4709 4820/4079/4661
f 4874/4127/4709 4829/4080/4662 4820/4079/4661
f 4874/4127/4709 4841/4093/4675 4829/4080/4662
f 4862/4074/4656 4816/4069/4651 4861/4112/4694
f 4861/4112/4694 4816/4069/4651 4859/4110/4692
f 4859/4110/4692 4816/4069/4651 4798/4054/4636
f 4798/4054/4636 4816/4069/4651 4814/4067/4649
f 4845/4098/4680 4850/4169/4749 4848/4101/4683
f 4917/4173/4753 4795/4102/4684 4789/4174/4754
f 4847/4100/4682 4795/4102/4684 4917/4173/4753
f 4918/4175/4755 4917/4173/4753 4921/4176/4756
f 4918/4175/4755 4847/4100/4682 4917/4173/4753
f 4789/4174/4754 4793/4177/4757 4917/4173/4753
f 4792/4051/4633 4923/4178/4758 4922/4179/4759
f 4792/4051/4633 4804/4060/4642 4923/4178/4758
f 4809/4065/4647 4923/4178/4758 4804/4060/4642
f 4920/4180/4760 4923/4178/4758 4809/4065/4647
f 4925/4181/4761 4809/4065/4647 4808/4064/4646
f 4920/4180/4760 4809/4065/4647 4925/4181/4761
f 4925/4181/4761 4808/4064/4646 4839/4092/4674
f 4839/4092/4674 4808/4064/4646 4834/4087/4669
f 4837/4090/4672 4924/4182/4762 4838/4091/4673
f 4840/4094/4676 4924/4182/4762 4837/4090/4672
f 4840/4094/4676 4919/4183/4763 4924/4182/4762
f 4834/4087/4669 4808/4064/4646 4813/4184/4764
f 4798/4054/4636 4814/4067/4649 4796/4046/4628
f 4791/4050/4632 4804/4060/4642 4792/4051/4633
f 4933/4185/4765 4929/4186/4766 4927/4187/4767
f 4926/4188/4768 4928/4189/4769 4930/4190/4770
f 4932/4191/4771 4933/4185/4765 4927/4187/4767
f 4933/4185/4765 4934/4192/4772 4929/4186/4766
f 4932/4191/4771 4935/4193/4773 4933/4185/4765
f 4937/4194/4774 4935/4193/4773 4932/4191/4771
f 4949/4195/4775 4934/4192/4772 4933/4185/4765
f 4949/4195/4775 4938/4196/4776 4934/4192/4772
f 4938/4196/4776 4941/4197/4777 4934/4192/4772
f 4934/4192/4772 4941/4197/4777 4929/4186/4766
f 4928/4189/4769 4939/4198/4778 4942/4199/4779
f 4944/4200/4780 4943/4201/4781 4940/4202/4782
f 4938/4196/4776 4945/4203/4783 4941/4197/4777
f 4949/4195/4775 4947/4204/4784 4945/4203/4783
f 4946/4205/4785 4948/4206/4786 4944/4200/4780
f 4944/4200/4780 4948/4206/4786 4943/4201/4781
f 4949/4195/4775 4945/4203/4783 4938/4196/4776
f 4951/4207/4787 4949/4195/4775 4952/4208/4788
f 4951/4207/4787 4947/4204/4784 4949/4195/4775
f 4952/4208/4788 4949/4195/4775 4933/4185/4765
f 4956/4209/4789 4952/4208/4788 4954/4210/4790
f 4955/4211/4791 4956/4209/4789 4954/4210/4790
f 4958/4212/4792 4956/4209/4789 4955/4211/4791
f 4956/4209/4789 4953/4213/4793 4952/4208/4788
f 4964/4214/4794 4961/4215/4795 4958/4212/4792
f 4962/4216/4796 4958/4212/4792 4955/4211/4791
f 4962/4216/4796 4964/4214/4794 4958/4212/4792
f 4963/4217/4797 4967/4218/4798 4959/4219/4799
f 4962/4216/4796 4966/4220/4800 4964/4214/4794
f 4965/4221/4801 4967/4218/4798 4963/4217/4797
f 4965/4221/4801 4969/4222/4802 4967/4218/4798
f 4960/4223/4803 4971/4224/4804 4957/4225/4805
f 4971/4224/4804 4973/4226/4806 4957/4225/4805
f 4957/4225/4805 4975/4227/4807 4977/4228/4808
f 4973/4226/4806 4975/4227/4807 4957/4225/4805
f 4974/4229/4809 4950/4230/4810 4976/4231/4811
f 4953/4213/4793 4951/4207/4787 4952/4208/4788
f 4980/4232/4812 4978/4233/4813 4974/4229/4809
f 4978/4233/4813 4950/4230/4810 4974/4229/4809
f 4980/4232/4812 4974/4229/4809 4972/4234/4814
f 4983/4235/4815 4979/4236/4816 4981/4237/4817
f 4984/4238/4818 4983/4235/4815 4981/4237/4817
f 4971/4224/4804 4981/4237/4817 4973/4226/4806
f 4984/4238/4818 4981/4237/4817 4971/4224/4804
f 4986/4239/4819 4988/4240/4820 4984/4238/4818
f 4982/4241/4821 4987/4242/4822 4989/4243/4823
f 4987/4242/4822 4936/4244/4824 4989/4243/4823
f 4987/4242/4822 4990/4245/4825 4936/4244/4824
f 4989/4243/4823 4936/4244/4824 4931/4246/4826
f 4993/4247/4827 4991/4248/4828 4996/4249/4829
f 4998/4250/4830 4937/4194/4774 4992/4251/4831
f 4937/4194/4774 4998/4250/4830 4935/4193/4773
f 4999/4252/4832 4998/4250/4830 4995/4253/4833
f 5000/4254/4834 4999/4252/4832 4995/4253/4833
f 5000/4254/4834 5002/4255/4835 4962/4216/4796
f 5000/4254/4834 5004/4256/4836 5002/4255/4835
f 5001/4257/4837 5003/4258/4838 5005/4259/4839
f 5005/4259/4839 5006/4260/4840 4969/4222/4802
f 5003/4258/4838 5006/4260/4840 5005/4259/4839
f 5005/4259/4839 4969/4222/4802 4965/4221/4801
f 5007/4261/4841 5010/4262/4842 4970/4263/4843
f 5003/4258/4838 5008/4264/4844 5006/4260/4840
f 5009/4265/4845 5010/4262/4842 5007/4261/4841
f 5010/4262/4842 5011/4266/4846 4970/4263/4843
f 5013/4267/4847 5014/4268/4848 5012/4269/4849
f 5011/4266/4846 5013/4267/4847 5012/4269/4849
f 5015/4270/4850 5014/4268/4848 5013/4267/4847
f 5018/4271/4851 5015/4270/4850 5013/4267/4847
f 5018/4271/4851 5020/4272/4852 5015/4270/4850
f 5015/4270/4850 5024/4273/4853 5022/4274/4854
f 5026/4275/4855 5024/4273/4853 5015/4270/4850
f 5020/4272/4852 5026/4275/4855 5015/4270/4850
f 5026/4275/4855 5030/4276/4856 5024/4273/4853
f 5032/4277/4857 5025/4278/4858 5019/4279/4859
f 5033/4280/4860 5031/4281/4861 5027/4282/4862
f 5000/4254/4834 5031/4281/4861 5033/4280/4860
f 5000/4254/4834 4995/4253/4833 5031/4281/4861
f 5000/4254/4834 5033/4280/4860 5036/4283/4863
f 5000/4254/4834 5036/4283/4863 5038/4284/4864
f 5037/4285/4865 5035/4286/4866 5017/4287/4867
f 5034/4288/4868 5019/4279/4859 5016/4289/4869
f 5034/4288/4868 5032/4277/4857 5019/4279/4859
f 5000/4254/4834 5038/4284/4864 5004/4256/4836
f 5037/4285/4865 5039/4290/4870 5008/4264/4844
f 5037/4285/4865 5017/4287/4867 5039/4290/4870
f 5037/4285/4865 5008/4264/4844 5003/4258/4838
f 5040/4291/4871 5018/4271/4851 5013/4267/4847
f 5040/4291/4871 5013/4267/4847 5010/4262/4842
f 5040/4291/4871 5010/4262/4842 5009/4265/4845
f 5013/4267/4847 5011/4266/4846 5010/4262/4842
f 5029/4292/4856 4994/4293/4872 4997/4294/4873
f 5028/4295/4874 4996/4249/4829 5023/4296/4875
f 5023/4296/4875 4996/4249/4829 5021/4297/4876
f 4996/4249/4829 4991/4248/4828 4987/4242/4822
f 5021/4297/4876 4996/4249/4829 4985/4298/4877
f 4996/4249/4829 4987/4242/4822 4985/4298/4877
f 5015/4270/4850 5022/4274/4854 5014/4268/4848
f 5022/4274/4854 4986/4239/4819 5014/4268/4848
f 5014/4268/4848 4986/4239/4819 4984/4238/4818
f 5014/4268/4848 4984/4238/4818 5012/4269/4849
f 5011/4266/4846 5012/4269/4849 4984/4238/4818
f 4970/4263/4843 5011/4266/4846 4968/4299/4878
f 4968/4299/4878 5011/4266/4846 4960/4223/4803
f 5011/4266/4846 4971/4224/4804 4960/4223/4803
f 5011/4266/4846 4984/4238/4818 4971/4224/4804
f 5000/4254/4834 4962/4216/4796 4955/4211/4791
f 5000/4254/4834 4955/4211/4791 4999/4252/4832
f 4955/4211/4791 4954/4210/4790 4999/4252/4832
f 4999/4252/4832 4954/4210/4790 4998/4250/4830
f 4998/4250/4830 4954/4210/4790 4935/4193/4773
f 4935/4193/4773 4954/4210/4790 4952/4208/4788
f 4987/4242/4822 4991/4248/4828 4990/4245/4825
f 4989/4243/4823 4931/4246/4826 4926/4188/4768
f 4989/4243/4823 4926/4188/4768 4930/4190/4770
f 5041/4300/4879 4989/4243/4823 4930/4190/4770
f 4930/4190/4770 4942/4199/4779 5041/4300/4879
f 5044/4301/4880 4943/4201/4781 5045/4302/4881
f 4948/4206/4786 5045/4302/4881 4943/4201/4781
f 4946/4205/4785 5045/4302/4881 4948/4206/4786
f 5045/4302/4881 4946/4205/4785 4950/4230/4810
f 4978/4233/4813 5045/4302/4881 4950/4230/4810
f 5042/4303/4882 5045/4302/4881 4978/4233/4813
f 5042/4303/4882 5044/4301/4880 5045/4302/4881
f 4982/4241/4821 4989/4243/4823 5041/4300/4879
f 4983/4235/4815 5043/4304/4883 4979/4236/4816
f 4935/4193/4773 4952/4208/4788 4933/4185/4765
f 4928/4189/4769 4942/4199/4779 4930/4190/4770
f 5057/4305/4884 5049/4306/4885 5046/4307/4886
f 5047/4308/4887 5050/4309/4888 5051/4310/4889
f 5047/4308/4887 5051/4310/4889 5052/4311/4890
f 5055/4312/4891 5047/4308/4887 5052/4311/4890
f 5056/4313/4892 5054/4314/4893 5048/4315/4894
f 5053/4316/4895 5057/4305/4884 5046/4307/4886
f 5057/4305/4884 5058/4317/4896 5049/4306/4885
f 5053/4316/4895 5059/4318/4897 5057/4305/4884
f 5060/4319/4898 5059/4318/4897 5053/4316/4895
f 5074/4320/4899 5058/4317/4896 5057/4305/4884
f 5074/4320/4899 5062/4321/4900 5058/4317/4896
f 5062/4321/4900 5063/4322/4901 5058/4317/4896
f 5058/4317/4896 5063/4322/4901 5049/4306/4885
f 5050/4309/4888 5064/4323/4902 5066/4324/4903
f 5069/4325/4904 5067/4326/4905 5065/4327/4902
f 5062/4321/4900 5068/4328/4906 5063/4322/4901
f 5074/4320/4899 5070/4329/4907 5068/4328/4906
f 5072/4330/4908 5073/4331/4909 5069/4325/4904
f 5069/4325/4904 5073/4331/4909 5067/4326/4905
f 5074/4320/4899 5068/4328/4906 5062/4321/4900
f 5075/4332/4910 5074/4320/4899 5077/4333/4911
f 5075/4332/4910 5070/4329/4907 5074/4320/4899
f 5077/4333/4911 5074/4320/4899 5057/4305/4884
f 5080/4334/4912 5077/4333/4911 5079/4335/4913
f 5082/4336/4914 5080/4334/4912 5079/4335/4913
f 5080/4334/4912 5078/4337/4915 5077/4333/4911
f 5086/4338/4916 5084/4339/4917 5082/4336/4914
f 5087/4340/4918 5082/4336/4914 5079/4335/4913
f 5087/4340/4918 5086/4338/4916 5082/4336/4914
f 5087/4340/4918 5089/4341/4919 5086/4338/4916
f 5085/4342/4920 5091/4343/4921 5083/4344/4922
f 5091/4343/4921 5081/4345/4923 5083/4344/4922
f 5078/4337/4915 5075/4332/4910 5077/4333/4911
f 5092/4346/4924 5093/4347/4925 5076/4348/4926
f 5091/4343/4921 5095/4349/4927 5092/4346/4924
f 5095/4349/4927 5096/4350/4928 5092/4346/4924
f 5092/4346/4924 5096/4350/4928 5093/4347/4925
f 5091/4343/4921 5092/4346/4924 5081/4345/4923
f 5098/4351/4929 5095/4349/4927 5091/4343/4921
f 5099/4352/4930 5100/4353/4931 5098/4351/4929
f 5098/4351/4929 5100/4353/4931 5101/4354/4932
f 5100/4353/4931 5061/4355/4933 5101/4354/4932
f 5100/4353/4931 5102/4356/4934 5061/4355/4933
f 5101/4354/4932 5061/4355/4933 5104/4357/4935
f 5061/4355/4933 5056/4313/4892 5104/4357/4935
f 5061/4355/4933 5054/4314/4893 5056/4313/4892
f 5109/4358/4936 5060/4319/4898 5106/4359/4937
f 5060/4319/4898 5109/4358/4936 5059/4318/4897
f 5110/4360/4938 5109/4358/4936 5107/4361/4939
f 5111/4362/4940 5110/4360/4938 5107/4361/4939
f 5111/4362/4940 5130/4363/4941 5087/4340/4918
f 5087/4340/4918 5112/4364/4942 5089/4341/4919
f 5130/4363/4941 5112/4364/4942 5087/4340/4918
f 5130/4363/4941 5114/4365/4943 5112/4364/4942
f 5113/4366/4944 5116/4367/4945 5090/4368/4946
f 5119/4369/4947 5099/4352/4930 5118/4370/4948
f 5118/4370/4948 5099/4352/4930 5117/4371/4949
f 5120/4372/4950 5119/4369/4947 5118/4370/4948
f 5122/4373/4951 5119/4369/4947 5120/4372/4950
f 5122/4373/4951 5124/4374/4952 5119/4369/4947
f 5127/4375/4953 5125/4376/4954 5119/4369/4947
f 5124/4374/4952 5127/4375/4953 5119/4369/4947
f 5129/4377/4955 5128/4378/4956 5126/4379/4957
f 5129/4377/4955 5126/4379/4957 5123/4380/4958
f 5129/4377/4955 5107/4361/4939 5128/4378/4956
f 5111/4362/4940 5107/4361/4939 5129/4377/4955
f 5111/4362/4940 5129/4377/4955 5130/4363/4941
f 5130/4363/4941 5123/4380/4958 5121/4381/4959
f 5130/4363/4941 5129/4377/4955 5123/4380/4958
f 5130/4363/4941 5131/4382/4960 5114/4365/4943
f 5130/4363/4941 5121/4381/4959 5131/4382/4960
f 5132/4383/4961 5122/4373/4951 5120/4372/4950
f 5132/4383/4961 5120/4372/4950 5113/4366/4944
f 5132/4383/4961 5113/4366/4944 5115/4384/4962
f 5120/4372/4950 5118/4370/4948 5117/4371/4949
f 5120/4372/4950 5117/4371/4949 5116/4367/4945
f 5120/4372/4950 5116/4367/4945 5113/4366/4944
f 5108/4385/4963 5105/4386/4964 5100/4353/4931
f 5125/4376/4954 5108/4385/4963 5099/4352/4930
f 5108/4385/4963 5100/4353/4931 5099/4352/4930
f 5119/4369/4947 5125/4376/4954 5099/4352/4930
f 5099/4352/4930 5098/4351/4929 5117/4371/4949
f 5116/4367/4945 5117/4371/4949 5098/4351/4929
f 5090/4368/4946 5116/4367/4945 5088/4387/4965
f 5088/4387/4965 5116/4367/4945 5085/4342/4920
f 5116/4367/4945 5091/4343/4921 5085/4342/4920
f 5116/4367/4945 5098/4351/4929 5091/4343/4921
f 5111/4362/4940 5087/4340/4918 5079/4335/4913
f 5111/4362/4940 5079/4335/4913 5110/4360/4938
f 5110/4360/4938 5079/4335/4913 5109/4358/4936
f 5109/4358/4936 5079/4335/4913 5059/4318/4897
f 5059/4318/4897 5079/4335/4913 5077/4333/4911
f 5100/4353/4931 5105/4386/4964 5102/4356/4934
f 5101/4354/4932 5104/4357/4935 5133/4388/4966
f 5103/4389/4967 5055/4312/4891 5052/4311/4890
f 5101/4354/4932 5133/4388/4966 5136/4390/4968
f 5134/4391/4969 5101/4354/4932 5136/4390/4968
f 5052/4311/4890 5051/4310/4889 5135/4392/4970
f 5051/4310/4889 5137/4393/4971 5135/4392/4970
f 5134/4391/4969 5136/4390/4968 5138/4394/4972
f 5051/4310/4889 5066/4324/4903 5137/4393/4971
f 5073/4331/4909 5139/4395/4971 5067/4326/4905
f 5134/4391/4969 5138/4394/4972 5140/4396/4973
f 5073/4331/4909 5141/4397/4974 5139/4395/4971
f 5095/4349/4927 5140/4396/4973 5143/4398/4975
f 5134/4391/4969 5140/4396/4973 5095/4349/4927
f 5142/4399/4976 5141/4397/4974 5073/4331/4909
f 5095/4349/4927 5143/4398/4975 5096/4350/4928
f 5094/4400/4977 5142/4399/4976 5072/4330/4908
f 5072/4330/4908 5142/4399/4976 5073/4331/4909
f 5097/4401/4978 5142/4399/4976 5094/4400/4977
f 5098/4351/4929 5101/4354/4932 5134/4391/4969
f 5098/4351/4929 5134/4391/4969 5095/4349/4927
f 5093/4347/4925 5071/4402/4979 5076/4348/4926
f 5059/4318/4897 5077/4333/4911 5057/4305/4884
f 5050/4309/4888 5066/4324/4903 5051/4310/4889
f 5155/4403/4980 5148/4404/4981 5146/4405/4982
f 5145/4406/4983 5147/4407/4984 5149/4408/4985
f 5145/4406/4983 5149/4408/4985 5150/4409/4986
f 5154/4410/4987 5145/4406/4983 5150/4409/4986
f 5153/4411/4988 5151/4412/4989 5144/4413/4990
f 5152/4414/4991 5155/4403/4980 5146/4405/4982
f 5155/4403/4980 5156/4415/4992 5148/4404/4981
f 5152/4414/4991 5157/4416/4993 5155/4403/4980
f 5159/4417/4994 5157/4416/4993 5152/4414/4991
f 5172/4418/4995 5156/4415/4992 5155/4403/4980
f 5172/4418/4995 5160/4419/4996 5156/4415/4992
f 5160/4419/4996 5163/4420/4997 5156/4415/4992
f 5156/4415/4992 5163/4420/4997 5148/4404/4981
f 5147/4407/4984 5161/4421/4998 5164/4422/4999
f 5166/4423/5000 5165/4424/5001 5162/4425/5002
f 5160/4419/4996 5167/4426/5003 5163/4420/4997
f 5172/4418/4995 5170/4427/5004 5167/4426/5003
f 5169/4428/5005 5171/4429/5006 5166/4423/5000
f 5166/4423/5000 5171/4429/5006 5165/4424/5001
f 5172/4418/4995 5167/4426/5003 5160/4419/4996
f 5174/4430/5007 5172/4418/4995 5175/4431/5008
f 5174/4430/5007 5170/4427/5004 5172/4418/4995
f 5175/4431/5008 5172/4418/4995 5155/4403/4980
f 5178/4432/5009 5175/4431/5008 5177/4433/5010
f 5181/4434/5011 5178/4432/5009 5177/4433/5010
f 5178/4432/5009 5176/4435/5012 5175/4431/5008
f 5184/4436/5013 5183/4437/5014 5181/4434/5011
f 5185/4438/5015 5181/4434/5011 5177/4433/5010
f 5185/4438/5015 5184/4436/5013 5181/4434/5011
f 5185/4438/5015 5188/4439/5016 5184/4436/5013
f 5182/4440/5017 5189/4441/5018 5180/4442/5019
f 5189/4441/5018 5179/4443/5020 5180/4442/5019
f 5176/4435/5012 5174/4430/5007 5175/4431/5008
f 5189/4441/5018 5191/4444/5021 5190/4445/5022
f 5191/4444/5021 5173/4446/5023 5190/4445/5022
f 5189/4441/5018 5190/4445/5022 5179/4443/5020
f 5192/4447/5024 5191/4444/5021 5189/4441/5018
f 5193/4448/5025 5194/4449/5026 5192/4447/5024
f 5192/4447/5024 5194/4449/5026 5195/4450/5027
f 5194/4449/5026 5158/4451/5028 5195/4450/5027
f 5194/4449/5026 5196/4452/5029 5158/4451/5028
f 5195/4450/5027 5158/4451/5028 5197/4453/5030
f 5158/4451/5028 5153/4411/4988 5197/4453/5030
f 5158/4451/5028 5151/4412/4989 5153/4411/4988
f 5203/4454/5031 5159/4417/4994 5200/4455/5032
f 5159/4417/4994 5203/4454/5031 5157/4416/4993
f 5204/4456/5033 5203/4454/5031 5202/4457/5034
f 5205/4458/5035 5204/4456/5033 5202/4457/5034
f 5205/4458/5035 5224/4459/5036 5185/4438/5015
f 5185/4438/5015 5207/4460/5037 5188/4439/5016
f 5224/4459/5036 5207/4460/5037 5185/4438/5015
f 5224/4459/5036 5209/4461/5038 5207/4460/5037
f 5206/4462/5039 5210/4463/5040 5187/4464/5041
f 5213/4465/5042 5193/4448/5025 5212/4466/5043
f 5212/4466/5043 5193/4448/5025 5211/4467/5044
f 5214/4468/5045 5213/4465/5042 5212/4466/5043
f 5215/4469/5046 5213/4465/5042 5214/4468/5045
f 5215/4469/5046 5217/4470/5047 5213/4465/5042
f 5220/4471/5048 5219/4472/5049 5213/4465/5042
f 5217/4470/5047 5220/4471/5048 5213/4465/5042
f 5223/4473/5050 5222/4474/5051 5221/4475/5052
f 5223/4473/5050 5221/4475/5052 5218/4476/5053
f 5223/4473/5050 5202/4457/5034 5222/4474/5051
f 5205/4458/5035 5202/4457/5034 5223/4473/5050
f 5205/4458/5035 5223/4473/5050 5224/4459/5036
f 5224/4459/5036 5218/4476/5053 5216/4477/5054
f 5224/4459/5036 5223/4473/5050 5218/4476/5053
f 5224/4459/5036 5226/4478/5055 5209/4461/5038
f 5224/4459/5036 5216/4477/5054 5226/4478/5055
f 5225/4479/5056 5215/4469/5046 5214/4468/5045
f 5225/4479/5056 5214/4468/5045 5206/4462/5039
f 5225/4479/5056 5206/4462/5039 5208/4480/5057
f 5214/4468/5045 5212/4466/5043 5211/4467/5044
f 5214/4468/5045 5211/4467/5044 5210/4463/5040
f 5214/4468/5045 5210/4463/5040 5206/4462/5039
f 5201/4481/5058 5199/4482/5059 5194/4449/5026
f 5219/4472/5049 5201/4481/5058 5193/4448/5025
f 5201/4481/5058 5194/4449/5026 5193/4448/5025
f 5213/4465/5042 5219/4472/5049 5193/4448/5025
f 5193/4448/5025 5192/4447/5024 5211/4467/5044
f 5210/4463/5040 5211/4467/5044 5192/4447/5024
f 5187/4464/5041 5210/4463/5040 5186/4483/5060
f 5186/4483/5060 5210/4463/5040 5182/4440/5017
f 5210/4463/5040 5189/4441/5018 5182/4440/5017
f 5210/4463/5040 5192/4447/5024 5189/4441/5018
f 5205/4458/5035 5185/4438/5015 5177/4433/5010
f 5205/4458/5035 5177/4433/5010 5204/4456/5033
f 5204/4456/5033 5177/4433/5010 5203/4454/5031
f 5203/4454/5031 5177/4433/5010 5157/4416/4993
f 5157/4416/4993 5177/4433/5010 5175/4431/5008
f 5194/4449/5026 5199/4482/5059 5196/4452/5029
f 5195/4450/5027 5197/4453/5030 5227/4484/5061
f 5198/4485/5062 5154/4410/4987 5150/4409/4986
f 5195/4450/5027 5227/4484/5061 5229/4486/5063
f 5228/4487/5064 5195/4450/5027 5229/4486/5063
f 5150/4409/4986 5149/4408/4985 5230/4488/5065
f 5149/4408/4985 5232/4489/5066 5230/4488/5065
f 5228/4487/5064 5229/4486/5063 5231/4490/5067
f 5149/4408/4985 5164/4422/4999 5232/4489/5066
f 5171/4429/5006 5233/4491/5066 5165/4424/5001
f 5228/4487/5064 5231/4490/5067 5234/4492/5068
f 5171/4429/5006 5235/4493/5069 5233/4491/5066
f 5191/4444/5021 5234/4492/5068 5238/4494/5070
f 5228/4487/5064 5234/4492/5068 5191/4444/5021
f 5237/4495/5071 5235/4493/5069 5171/4429/5006
f 5237/4495/5071 5239/4496/5072 5235/4493/5069
f 5173/4446/5023 5238/4494/5070 5236/4497/5073
f 5191/4444/5021 5238/4494/5070 5173/4446/5023
f 5173/4446/5023 5236/4497/5073 5168/4498/5074
f 5169/4428/5005 5237/4495/5071 5171/4429/5006
f 5192/4447/5024 5195/4450/5027 5228/4487/5064
f 5192/4447/5024 5228/4487/5064 5191/4444/5021
f 5157/4416/4993 5175/4431/5008 5155/4403/4980
f 5147/4407/4984 5164/4422/4999 5149/4408/4985
o Object_7
v 0.024586 0.498577 -0.390784
v 0.018920 0.500827 -0.386161
v 0.029089 0.505373 -0.382786
v -0.043231 0.465698 -0.446943
v -0.053568 0.465299 -0.451235
v -0.048897 0.467949 -0.442320
v -0.042689 0.432281 -0.436655
v -0.047577 0.435399 -0.435119
v -0.046719 0.457829 -0.415550
v -0.048187 0.454479 -0.417055
v -0.047475 0.474324 -0.419164
v -0.049033 0.475317 -0.421793
v -0.047507 0.479499 -0.408987
v -0.049222 0.482912 -0.407223
v -0.044056 0.498375 -0.385971
v -0.049598 0.495689 -0.390559
v -0.054498 0.502118 -0.382533
v -0.042736 0.465826 -0.378769
v -0.042456 0.457984 -0.382186
v -0.048277 0.463139 -0.383358
v 0.025906 0.466028 -0.383582
v 0.020520 0.460436 -0.382376
v 0.020240 0.468278 -0.378959
v 0.021952 0.434791 -0.436840
v 0.026607 0.438288 -0.435343
v 0.019745 0.468151 -0.447133
v 0.025286 0.470837 -0.442545
v 0.030019 0.468554 -0.451488
v 0.025121 0.464825 -0.406107
v 0.025795 0.466429 -0.405884
v 0.024683 0.481961 -0.409342
v 0.026132 0.481047 -0.409797
v 0.025311 0.476644 -0.418795
v 0.024509 0.478207 -0.418549
v 0.025449 0.461003 -0.415654
v 0.026833 0.462032 -0.415194
v -0.046943 0.462989 -0.405114
v -0.048367 0.461775 -0.402767
v 0.028787 0.383608 -0.428397
v -0.045397 0.380719 -0.428172
v -0.045432 0.380417 -0.434543
v 0.028752 0.383305 -0.434767
v -0.043372 0.389296 -0.432221
v -0.050124 0.388512 -0.431689
v -0.045397 0.380719 -0.428172
v -0.046222 0.413396 -0.367200
v -0.053336 0.415905 -0.367794
v -0.052511 0.383228 -0.428767
v 0.028787 0.383608 -0.428397
v 0.027961 0.416285 -0.367424
v -0.046222 0.413396 -0.367200
v -0.045397 0.380719 -0.428172
v -0.046222 0.413396 -0.367200
v -0.047660 0.423482 -0.366667
v -0.053336 0.415905 -0.367794
v -0.046222 0.413396 -0.367200
v 0.027961 0.416285 -0.367424
v 0.027771 0.422150 -0.362285
v -0.046413 0.419262 -0.362061
v 0.027961 0.416285 -0.367424
v 0.034850 0.419339 -0.368061
v 0.028643 0.426485 -0.366924
v 0.027961 0.416285 -0.367424
v 0.028787 0.383608 -0.428397
v 0.035676 0.386662 -0.429033
v 0.034850 0.419339 -0.368061
v 0.037478 0.426166 -0.369555
v 0.034500 0.429137 -0.363792
v 0.030300 0.421543 -0.368264
v 0.034850 0.419339 -0.368061
v 0.035676 0.386662 -0.429033
v 0.038303 0.393490 -0.430528
v 0.037478 0.426166 -0.369555
v 0.026063 0.391953 -0.432396
v 0.032867 0.391709 -0.431915
v 0.038303 0.393490 -0.430528
v 0.028232 0.388687 -0.430083
v 0.035481 0.390292 -0.436274
v 0.035418 0.464632 -0.446268
v 0.038303 0.393490 -0.430528
v 0.035481 0.390292 -0.436274
v 0.032595 0.461435 -0.452014
v 0.039408 0.393491 -0.430528
v 0.036457 0.464633 -0.446268
v 0.038564 0.426166 -0.369555
v 0.039408 0.393490 -0.430528
v 0.040513 0.393490 -0.430528
v 0.037497 0.464632 -0.446268
v 0.036634 0.497309 -0.385296
v 0.039650 0.426166 -0.369555
v 0.035613 0.497310 -0.385296
v 0.038564 0.426167 -0.369556
v 0.036457 0.464632 -0.446268
v 0.035613 0.497309 -0.385296
v 0.032245 0.471234 -0.447745
v 0.031420 0.503911 -0.386773
v 0.034592 0.497309 -0.385296
v 0.035418 0.464632 -0.446268
v 0.031614 0.500280 -0.379532
v 0.034500 0.429137 -0.363792
v 0.037478 0.426166 -0.369555
v 0.034592 0.497309 -0.385296
v 0.034592 0.497309 -0.385296
v 0.024171 0.501305 -0.385625
v 0.031614 0.500280 -0.379532
v 0.028421 0.505461 -0.382148
v 0.029526 0.504462 -0.382000
v 0.031132 0.469894 -0.449617
v 0.030254 0.504642 -0.384780
v 0.027652 0.469696 -0.447017
v 0.026837 0.501976 -0.386785
v 0.024004 0.503101 -0.384474
v -0.049277 0.500247 -0.384253
v 0.026715 0.506046 -0.381890
v -0.052171 0.502974 -0.381652
v 0.024580 0.501285 -0.377127
v 0.029250 0.499485 -0.385235
v 0.024340 0.506722 -0.380997
v 0.024553 0.502083 -0.376665
v 0.024313 0.507520 -0.380534
v 0.024313 0.507519 -0.380533
v -0.049871 0.504631 -0.380309
v 0.024285 0.508317 -0.380071
v -0.049898 0.505429 -0.379847
v -0.049658 0.499992 -0.375977
v 0.024525 0.502880 -0.376202
v -0.049871 0.504631 -0.380309
v -0.049631 0.499194 -0.376440
v -0.049631 0.499194 -0.376440
v 0.024553 0.502083 -0.376665
v -0.049603 0.498396 -0.376903
v -0.049843 0.503834 -0.380772
v -0.054194 0.496235 -0.385004
v -0.056572 0.496846 -0.379266
v -0.053687 0.425704 -0.363525
v -0.046717 0.427254 -0.361163
v -0.049603 0.498396 -0.376903
v 0.027466 0.430142 -0.361387
v 0.024580 0.501285 -0.377127
v -0.049603 0.498396 -0.376903
v -0.046717 0.427254 -0.361163
v -0.046413 0.419262 -0.362061
v 0.027771 0.422150 -0.362285
v 0.027466 0.430142 -0.361387
v -0.046717 0.427254 -0.361163
v -0.046717 0.427254 -0.361163
v -0.053687 0.425704 -0.363525
v -0.047605 0.419800 -0.368168
v 0.024580 0.501285 -0.377127
v 0.027466 0.430142 -0.361387
v 0.034500 0.429137 -0.363792
v 0.031614 0.500280 -0.379532
v 0.027466 0.430142 -0.361387
v 0.028867 0.422783 -0.368415
v 0.034500 0.429137 -0.363792
v -0.056509 0.422507 -0.369271
v -0.048972 0.418451 -0.368046
v -0.053687 0.425704 -0.363525
v -0.059395 0.493649 -0.385012
v -0.056509 0.422507 -0.369271
v -0.053687 0.425704 -0.363525
v -0.056572 0.496846 -0.379266
v -0.052511 0.383228 -0.428767
v -0.053336 0.415905 -0.367794
v -0.056509 0.422507 -0.369271
v -0.055684 0.389830 -0.430244
v -0.057548 0.422506 -0.369271
v -0.060499 0.493648 -0.385011
v -0.056704 0.389830 -0.430244
v -0.057548 0.422506 -0.369271
v -0.058588 0.422507 -0.369271
v -0.061604 0.493649 -0.385012
v -0.060741 0.460972 -0.445984
v -0.057725 0.389830 -0.430244
v -0.059655 0.460972 -0.445984
v -0.056704 0.389829 -0.430243
v -0.060499 0.493649 -0.385012
v -0.059655 0.460972 -0.445984
v -0.055684 0.389830 -0.430244
v -0.058569 0.460972 -0.445984
v -0.055591 0.458001 -0.451748
v -0.052706 0.386859 -0.436007
v -0.058569 0.460972 -0.445984
v -0.051391 0.465595 -0.447275
v -0.055591 0.458001 -0.451748
v -0.056767 0.500477 -0.386506
v -0.055941 0.467800 -0.447478
v -0.058569 0.460972 -0.445984
v -0.059395 0.493649 -0.385012
v -0.054245 0.465313 -0.450417
v -0.054135 0.464063 -0.451156
v -0.055633 0.501297 -0.384520
v -0.054755 0.466550 -0.449357
v -0.048400 0.465500 -0.449089
v 0.024882 0.468353 -0.449311
v -0.051215 0.465144 -0.452245
v 0.027670 0.468216 -0.452483
v -0.048557 0.456996 -0.454152
v -0.055591 0.458001 -0.451748
v -0.049959 0.464356 -0.447125
v -0.048862 0.464989 -0.453254
v 0.025321 0.467877 -0.453479
v 0.025626 0.459885 -0.454377
v -0.048557 0.456996 -0.454152
v 0.030705 0.468624 -0.450674
v 0.030680 0.467371 -0.451418
v 0.025626 0.459885 -0.454377
v 0.026514 0.467338 -0.447369
v 0.032595 0.461435 -0.452014
v 0.032595 0.461435 -0.452014
v 0.035481 0.390292 -0.436274
v 0.028512 0.388742 -0.438636
v 0.025626 0.459885 -0.454377
v -0.045672 0.385854 -0.438412
v -0.048557 0.456996 -0.454152
v 0.025626 0.459885 -0.454377
v 0.028512 0.388742 -0.438636
v 0.028752 0.383305 -0.434767
v -0.045432 0.380417 -0.434543
v -0.045672 0.385854 -0.438412
v 0.028512 0.388742 -0.438636
v 0.028512 0.388742 -0.438636
v 0.033102 0.390904 -0.430535
v 0.028752 0.383305 -0.434767
v -0.052706 0.386859 -0.436007
v -0.055591 0.458001 -0.451748
v -0.048557 0.456996 -0.454152
v -0.045672 0.385854 -0.438412
v -0.045672 0.385854 -0.438412
v -0.045432 0.380417 -0.434543
v -0.050342 0.387654 -0.430305
v -0.055684 0.389830 -0.430244
v -0.052706 0.386859 -0.436007
v -0.045263 0.385834 -0.429914
v 0.035418 0.464632 -0.446268
v 0.032595 0.461435 -0.452014
v 0.027880 0.468687 -0.447493
v -0.041911 0.433149 -0.439741
v -0.043231 0.465698 -0.446943
v -0.048897 0.467949 -0.442320
v -0.047577 0.435399 -0.435119
v -0.047839 0.445780 -0.415750
v -0.048187 0.454479 -0.417055
v -0.048367 0.461775 -0.402767
v -0.048045 0.453942 -0.400520
v -0.047403 0.456019 -0.415847
v -0.047548 0.461901 -0.404328
v -0.045066 0.456315 -0.419118
v -0.045493 0.473910 -0.423217
v -0.048129 0.475423 -0.420094
v -0.048276 0.481404 -0.408612
v -0.049292 0.484622 -0.407609
v -0.049100 0.476960 -0.422104
v -0.049709 0.462330 -0.405798
v -0.050613 0.480021 -0.409901
v -0.048277 0.463139 -0.383358
v -0.049598 0.495689 -0.390559
v -0.044056 0.498375 -0.385971
v -0.042736 0.465826 -0.378769
v 0.020520 0.460436 -0.382376
v -0.042456 0.457984 -0.382186
v -0.042736 0.465826 -0.378769
v 0.020240 0.468278 -0.378959
v 0.020520 0.460436 -0.382376
v 0.021221 0.432696 -0.434137
v -0.041755 0.430244 -0.433947
v -0.042456 0.457984 -0.382186
v 0.021221 0.432696 -0.434137
v 0.020520 0.460436 -0.382376
v 0.025906 0.466028 -0.383582
v 0.026607 0.438288 -0.435343
v -0.041755 0.430244 -0.433947
v 0.021221 0.432696 -0.434137
v 0.021065 0.435601 -0.439932
v -0.041911 0.433149 -0.439741
v 0.026607 0.438288 -0.435343
v 0.025286 0.470837 -0.442545
v 0.019745 0.468151 -0.447133
v 0.021065 0.435601 -0.439932
v 0.024586 0.498577 -0.390784
v 0.025286 0.470837 -0.442545
v 0.026607 0.438288 -0.435343
v 0.025906 0.466028 -0.383582
v 0.019745 0.468151 -0.447133
v -0.043231 0.465698 -0.446943
v -0.041911 0.433149 -0.439741
v 0.021065 0.435601 -0.439932
v 0.024586 0.498577 -0.390784
v 0.025906 0.466028 -0.383582
v 0.020240 0.468278 -0.378959
v 0.018920 0.500827 -0.386161
v -0.044056 0.498375 -0.385971
v 0.018920 0.500827 -0.386161
v 0.020240 0.468278 -0.378959
v -0.042736 0.465826 -0.378769
v -0.047427 0.479340 -0.409068
v -0.041318 0.479577 -0.409087
v -0.047342 0.475409 -0.418332
v -0.047451 0.479778 -0.409937
v -0.041341 0.480016 -0.409956
v -0.041233 0.475647 -0.418350
v -0.041157 0.479483 -0.410088
v -0.041111 0.478650 -0.408439
v -0.040874 0.475427 -0.418074
v -0.040982 0.479574 -0.410106
v -0.047301 0.474247 -0.418852
v -0.041191 0.474485 -0.418871
v -0.040821 0.473181 -0.419076
v -0.040904 0.475388 -0.418088
v -0.040743 0.475080 -0.417734
v -0.040850 0.479004 -0.410195
v 0.017261 0.481070 -0.410356
v 0.017368 0.477146 -0.417895
v -0.040702 0.474036 -0.418202
v 0.017409 0.476103 -0.418363
v -0.040080 0.459863 -0.415954
v -0.040661 0.472992 -0.418670
v 0.017450 0.475058 -0.418830
v 0.018031 0.461929 -0.416114
v -0.039773 0.459247 -0.416585
v -0.040383 0.473107 -0.419436
v 0.018055 0.461523 -0.415346
v -0.040056 0.459456 -0.415186
v -0.040201 0.458400 -0.414553
v -0.040249 0.459260 -0.416175
v -0.046668 0.458466 -0.416349
v -0.047259 0.473084 -0.419373
v -0.041150 0.473322 -0.419391
v -0.040559 0.458704 -0.416367
v -0.040535 0.458251 -0.415512
v -0.046644 0.458013 -0.415494
v -0.046730 0.462028 -0.405890
v -0.046620 0.457559 -0.414639
v -0.040511 0.457797 -0.414658
v -0.040621 0.462265 -0.405908
v -0.040510 0.462718 -0.406264
v -0.040401 0.458478 -0.414567
v -0.040544 0.464859 -0.405314
v -0.040462 0.462680 -0.406275
v -0.040662 0.463414 -0.405401
v -0.046771 0.463176 -0.405383
v -0.047404 0.478900 -0.408200
v -0.046812 0.464324 -0.404876
v -0.040703 0.464562 -0.404895
v -0.041294 0.479138 -0.408218
v -0.041558 0.478549 -0.408809
v -0.040993 0.464715 -0.405673
v 0.017930 0.466160 -0.406266
v -0.040181 0.464094 -0.406106
v -0.040804 0.478215 -0.408635
v -0.040221 0.465124 -0.405650
v 0.017890 0.467191 -0.405810
v 0.017308 0.480281 -0.408795
v -0.040827 0.478610 -0.409415
v 0.017285 0.480676 -0.409575
v 0.018647 0.466971 -0.405831
v 0.018079 0.480808 -0.409003
v 0.017599 0.480842 -0.408606
v 0.017552 0.481675 -0.410256
v 0.017786 0.481439 -0.408397
v 0.018378 0.466863 -0.405073
v 0.025039 0.467122 -0.405094
v 0.024447 0.481698 -0.408417
v 0.017763 0.481878 -0.409266
v 0.024424 0.482137 -0.409286
v 0.017848 0.477948 -0.418529
v 0.017740 0.482317 -0.410135
v 0.024400 0.482576 -0.410155
v 0.024509 0.478207 -0.418549
v 0.017365 0.481750 -0.410277
v 0.017473 0.477604 -0.418243
v 0.017890 0.476785 -0.419049
v 0.024550 0.477045 -0.419070
v 0.017499 0.477567 -0.418267
v 0.017582 0.475361 -0.419255
v 0.018522 0.461004 -0.416546
v 0.017931 0.475623 -0.419570
v 0.024592 0.475882 -0.419590
v 0.025183 0.461264 -0.416566
v 0.017167 0.475218 -0.419598
v 0.017777 0.461346 -0.416713
v 0.025207 0.460811 -0.415711
v 0.018546 0.460551 -0.415691
v 0.018224 0.461444 -0.416340
v 0.018272 0.460583 -0.414718
v 0.018460 0.464566 -0.406087
v 0.018570 0.460098 -0.414836
v 0.025231 0.460357 -0.414856
v 0.025121 0.464825 -0.406107
v 0.018445 0.460673 -0.414740
v 0.018336 0.464914 -0.406436
v 0.025080 0.465974 -0.405600
v 0.018419 0.465714 -0.405580
v 0.018311 0.464873 -0.406455
v 0.018230 0.467052 -0.405493
v -0.040141 0.463062 -0.406560
v -0.040033 0.459049 -0.414418
v 0.018079 0.461115 -0.414579
v 0.017970 0.465128 -0.406721
v 0.026033 0.461194 -0.415025
v 0.025923 0.465654 -0.406291
v 0.025880 0.466803 -0.405786
v 0.025289 0.481372 -0.409108
v 0.026723 0.466484 -0.406476
v 0.026833 0.462032 -0.415194
v 0.026241 0.476662 -0.418221
v 0.026132 0.481047 -0.409797
v 0.025375 0.477435 -0.418385
v 0.025266 0.481812 -0.409976
v 0.026008 0.461648 -0.415881
v 0.025417 0.476272 -0.418906
v -0.059395 0.493649 -0.385012
v -0.056572 0.496846 -0.379266
v -0.049323 0.498451 -0.385456
v -0.053829 0.502261 -0.381898
v -0.054857 0.501186 -0.381746
v 0.017725 0.582430 0.380705
v -0.011852 0.585710 0.394517
v -0.011852 0.565074 0.394517
v 0.017725 0.561794 0.380705
v -0.011852 0.585710 0.394517
v 0.014858 0.584842 0.374177
v -0.011852 0.596202 0.393788
v -0.041429 0.582430 0.380705
v -0.041429 0.561794 0.380705
v -0.011852 0.565074 0.394517
v -0.011852 0.585710 0.394517
v -0.044502 0.585025 0.387705
v -0.011852 0.585710 0.394517
v -0.011852 0.596202 0.393788
v -0.011852 0.596202 0.393788
v 0.017725 0.587622 0.380949
v 0.014827 0.594443 0.351019
v -0.011852 0.606335 0.366073
v -0.011852 0.596202 0.393788
v -0.011852 0.606335 0.366073
v -0.038531 0.594443 0.351019
v -0.041429 0.587622 0.380949
v -0.038531 0.586492 0.350460
v -0.041258 0.584973 0.380958
v -0.038531 0.594443 0.351019
v -0.011852 0.592111 0.366950
v -0.038531 0.586492 0.350460
v -0.038531 0.594443 0.351019
v -0.011852 0.606335 0.366073
v -0.041429 0.582430 0.380705
v -0.038531 0.586492 0.350460
v -0.067513 0.574961 0.328249
v -0.072354 0.573485 0.362189
v -0.038531 0.586492 0.350460
v -0.033326 0.579583 0.308021
v -0.057810 0.553675 0.280774
v -0.067513 0.574961 0.328249
v -0.011852 0.592111 0.366950
v -0.011852 0.581625 0.315721
v -0.033326 0.579583 0.308021
v -0.038531 0.586492 0.350460
v -0.011852 0.592111 0.366950
v 0.014827 0.586492 0.350460
v 0.009622 0.579583 0.308021
v -0.011852 0.581625 0.315721
v 0.014827 0.586492 0.350460
v -0.011852 0.592111 0.366950
v -0.011852 0.606335 0.366073
v 0.014827 0.594443 0.351019
v 0.017725 0.582430 0.380705
v 0.048650 0.573485 0.362189
v 0.043808 0.574961 0.328249
v 0.014827 0.586492 0.350460
v 0.014827 0.586492 0.350460
v 0.043808 0.574961 0.328249
v 0.034106 0.553675 0.280774
v 0.009622 0.579583 0.308021
v 0.017926 0.584976 0.380923
v 0.014827 0.586492 0.350460
v 0.014827 0.594443 0.351019
v 0.009622 0.579583 0.308021
v 0.034106 0.553675 0.280774
v 0.030441 0.531503 0.209721
v 0.009360 0.546844 0.227293
v -0.011852 0.581625 0.315721
v 0.009622 0.579583 0.308021
v 0.009360 0.546844 0.227293
v -0.011852 0.553113 0.238428
v -0.011852 0.552377 0.238440
v 0.009360 0.546108 0.227305
v 0.009360 0.546844 0.227293
v 0.030441 0.531503 0.209721
v 0.027895 0.528861 0.177638
v 0.008446 0.535717 0.185999
v 0.009360 0.546108 0.227305
v 0.008446 0.534981 0.186011
v 0.030441 0.530699 0.209722
v 0.034106 0.552871 0.280775
v 0.027895 0.528058 0.177639
v 0.030441 0.530699 0.209722
v 0.034106 0.552068 0.280775
v 0.058303 0.529515 0.248265
v 0.051230 0.513240 0.210679
v 0.030441 0.529896 0.209723
v 0.030441 0.529896 0.209723
v 0.051230 0.513240 0.210679
v 0.047394 0.515953 0.167990
v 0.027895 0.527255 0.177639
v 0.058303 0.530318 0.248264
v 0.051230 0.514044 0.210678
v 0.051230 0.514044 0.210678
v 0.047394 0.516757 0.167990
v 0.034106 0.552871 0.280775
v 0.058303 0.530318 0.248264
v 0.043808 0.574961 0.328249
v 0.078496 0.549074 0.302223
v 0.058303 0.531122 0.248264
v 0.034106 0.553675 0.280774
v 0.058303 0.531122 0.248264
v 0.086496 0.497218 0.215349
v 0.075661 0.491219 0.195902
v 0.051230 0.514847 0.210677
v 0.078496 0.549074 0.302223
v 0.113015 0.500442 0.255650
v 0.086496 0.497218 0.215349
v 0.058303 0.531122 0.248264
v 0.048650 0.573485 0.362189
v 0.080757 0.552939 0.334091
v 0.078496 0.549074 0.302223
v 0.043808 0.574961 0.328249
v 0.080757 0.552939 0.334091
v 0.114020 0.516941 0.298313
v 0.113015 0.500442 0.255650
v 0.078496 0.549074 0.302223
v 0.083490 0.557147 0.333659
v 0.050590 0.576839 0.362048
v 0.117613 0.521240 0.296642
v 0.083471 0.556428 0.332951
v 0.083347 0.552939 0.336113
v 0.050250 0.573485 0.364211
v 0.050250 0.552848 0.364211
v 0.083347 0.532303 0.336113
v 0.117637 0.516941 0.300335
v 0.083347 0.552939 0.336113
v 0.083347 0.532303 0.336113
v 0.117637 0.496305 0.300335
v 0.133323 0.472853 0.254704
v 0.114020 0.516941 0.298313
v 0.114020 0.496305 0.298313
v 0.133323 0.452217 0.254704
v 0.115828 0.496305 0.299324
v 0.115828 0.516941 0.299324
v 0.144804 0.413844 0.215288
v 0.133323 0.472853 0.254704
v 0.133323 0.452217 0.254704
v 0.144804 0.393207 0.215288
v 0.114020 0.519138 0.297802
v 0.133323 0.475050 0.254193
v 0.133323 0.475050 0.254193
v 0.144804 0.416040 0.214777
v 0.114020 0.521334 0.297291
v 0.133323 0.477246 0.253683
v 0.121744 0.478034 0.224074
v 0.113015 0.504835 0.254628
v 0.133323 0.477246 0.253683
v 0.144804 0.418236 0.214266
v 0.130641 0.440733 0.195565
v 0.121744 0.478034 0.224074
v 0.121744 0.475837 0.224584
v 0.113015 0.502639 0.255139
v 0.130641 0.438537 0.196076
v 0.121744 0.475837 0.224584
v 0.113015 0.500442 0.255650
v 0.119244 0.471530 0.222482
v 0.086496 0.497218 0.215349
v 0.112744 0.465873 0.223480
v 0.130641 0.436341 0.196587
v 0.118191 0.453925 0.171059
v 0.086496 0.497218 0.215349
v 0.117319 0.473953 0.218828
v 0.091376 0.481250 0.169428
v 0.075661 0.491219 0.195902
v 0.117319 0.473953 0.218828
v 0.118191 0.453925 0.171059
v 0.112421 0.465577 0.145864
v 0.091376 0.481250 0.169428
v 0.075661 0.492899 0.196005
v 0.091376 0.482930 0.169531
v 0.091376 0.482930 0.169531
v 0.112421 0.467257 0.145968
v 0.075661 0.494578 0.196109
v 0.091376 0.484610 0.169634
v 0.088907 0.493105 0.136986
v 0.067072 0.507549 0.153437
v 0.091376 0.484610 0.169634
v 0.112421 0.468936 0.146071
v 0.109985 0.480464 0.121069
v 0.088907 0.493105 0.136986
v 0.067072 0.507549 0.153437
v 0.088907 0.493105 0.136986
v 0.089648 0.503829 0.105785
v 0.066229 0.518504 0.114746
v 0.088907 0.491425 0.136883
v 0.089648 0.502150 0.105682
v 0.109985 0.478784 0.120966
v 0.088907 0.491425 0.136883
v 0.088907 0.489745 0.136780
v 0.109985 0.477105 0.120862
v 0.110016 0.487514 0.095545
v 0.089648 0.500470 0.105578
v 0.112421 0.465577 0.145864
v 0.130433 0.457023 0.122684
v 0.126849 0.468471 0.105937
v 0.109985 0.477105 0.120862
v 0.109985 0.477105 0.120862
v 0.126849 0.468471 0.105937
v 0.126209 0.475137 0.086574
v 0.110016 0.487514 0.095545
v 0.112421 0.467257 0.145967
v 0.109985 0.478784 0.120966
v 0.110016 0.487514 0.095545
v 0.126209 0.475137 0.086574
v 0.127406 0.477631 0.064398
v 0.110484 0.492751 0.070998
v 0.089648 0.500470 0.105578
v 0.110016 0.487514 0.095545
v 0.110484 0.492751 0.070998
v 0.091064 0.508025 0.077469
v 0.110484 0.492751 0.070998
v 0.127406 0.477631 0.064398
v 0.129022 0.476841 0.041413
v 0.111657 0.492982 0.046448
v 0.110484 0.494430 0.071101
v 0.111657 0.494662 0.046552
v 0.091064 0.509704 0.077572
v 0.110484 0.494430 0.071101
v 0.091064 0.511384 0.077676
v 0.110484 0.496110 0.071204
v 0.111657 0.496341 0.046655
v 0.092224 0.512151 0.050959
v 0.066229 0.518504 0.114746
v 0.089648 0.503829 0.105785
v 0.091064 0.511384 0.077676
v 0.069522 0.525947 0.083523
v 0.089648 0.502150 0.105682
v 0.091064 0.509704 0.077572
v 0.069522 0.525947 0.083523
v 0.091064 0.511384 0.077676
v 0.092224 0.512151 0.050959
v 0.071294 0.526767 0.056776
v 0.069522 0.524268 0.083420
v 0.066229 0.516824 0.114643
v 0.071294 0.525087 0.056673
v 0.069522 0.524268 0.083420
v 0.046623 0.524768 0.125558
v 0.066229 0.515144 0.114540
v 0.069522 0.522588 0.083317
v 0.047382 0.531740 0.092570
v 0.047382 0.531740 0.092570
v 0.069522 0.522588 0.083317
v 0.071294 0.523407 0.056570
v 0.048896 0.534888 0.064270
v 0.046623 0.523965 0.125559
v 0.047382 0.530937 0.092570
v 0.047382 0.530937 0.092570
v 0.048896 0.534084 0.064270
v 0.027687 0.530607 0.136159
v 0.046623 0.523161 0.125559
v 0.047382 0.530133 0.092571
v 0.027516 0.537421 0.100323
v 0.027516 0.537421 0.100323
v 0.047382 0.530133 0.092571
v 0.048896 0.533281 0.064271
v 0.027710 0.542436 0.069134
v 0.027516 0.538224 0.100322
v 0.027687 0.531411 0.136158
v 0.027710 0.543239 0.069133
v 0.027516 0.538224 0.100322
v 0.008316 0.538359 0.144366
v 0.027687 0.532214 0.136157
v 0.027516 0.539028 0.100322
v 0.008276 0.545811 0.105253
v 0.008276 0.545811 0.105253
v 0.027516 0.539028 0.100322
v 0.027710 0.544043 0.069133
v 0.008277 0.551925 0.070621
v 0.008316 0.537623 0.144378
v 0.008276 0.545075 0.105266
v -0.011852 0.551321 0.108395
v 0.008276 0.545811 0.105253
v 0.008277 0.551925 0.070621
v -0.011852 0.558655 0.069490
v 0.008276 0.545075 0.105266
v -0.011852 0.550585 0.108407
v -0.011852 0.540779 0.151633
v 0.008316 0.536888 0.144390
v 0.008276 0.544339 0.105278
v -0.011852 0.549849 0.108419
v -0.011852 0.550585 0.108407
v -0.031980 0.545075 0.105266
v -0.011852 0.540779 0.151633
v -0.011852 0.549849 0.108419
v -0.031980 0.544339 0.105278
v -0.032020 0.536888 0.144390
v -0.031980 0.545075 0.105266
v -0.032020 0.537623 0.144378
v -0.032020 0.538359 0.144366
v -0.031980 0.545811 0.105253
v -0.051220 0.539028 0.100322
v -0.051391 0.532214 0.136157
v -0.031980 0.545811 0.105253
v -0.031982 0.551925 0.070621
v -0.051414 0.544043 0.069133
v -0.051220 0.539028 0.100322
v -0.011852 0.551321 0.108395
v -0.011852 0.558655 0.069490
v -0.031982 0.551925 0.070621
v -0.031980 0.545811 0.105253
v -0.031982 0.551189 0.070633
v -0.011852 0.557920 0.069502
v -0.031982 0.551925 0.070621
v -0.032063 0.551390 0.039911
v -0.051789 0.542987 0.041846
v -0.051414 0.544043 0.069133
v -0.032063 0.550654 0.039923
v -0.031982 0.551189 0.070633
v -0.011852 0.557184 0.069514
v -0.011852 0.557318 0.033274
v -0.032063 0.549918 0.039935
v -0.031982 0.550454 0.070645
v -0.011852 0.558054 0.033262
v -0.032063 0.550654 0.039923
v -0.011852 0.557184 0.069514
v 0.008277 0.550454 0.070645
v 0.008359 0.549918 0.039935
v -0.011852 0.557318 0.033274
v 0.008359 0.550654 0.039923
v -0.011852 0.558054 0.033262
v -0.011852 0.558789 0.033250
v 0.008359 0.551390 0.039911
v 0.008512 0.552469 0.017306
v -0.011852 0.560259 0.012034
v -0.011852 0.558789 0.033250
v -0.011852 0.560259 0.012034
v -0.032216 0.552469 0.017306
v -0.032063 0.551390 0.039911
v -0.011852 0.560259 0.012034
v 0.008512 0.552469 0.017306
v 0.008414 0.552786 0.004449
v -0.011852 0.560644 0.001689
v -0.011852 0.560259 0.012034
v -0.011852 0.560644 0.001689
v -0.032118 0.552786 0.004449
v -0.032216 0.552469 0.017306
v -0.032216 0.552469 0.017306
v -0.032118 0.552786 0.004449
v -0.051526 0.543422 0.005968
v -0.051884 0.543310 0.020175
v -0.032063 0.551390 0.039911
v -0.032216 0.552469 0.017306
v -0.051884 0.543310 0.020175
v -0.051789 0.542987 0.041846
v -0.011852 0.560644 0.001689
v -0.011852 0.560518 -0.006603
v -0.032014 0.552629 -0.005485
v -0.032118 0.552786 0.004449
v -0.032118 0.552786 0.004449
v -0.032014 0.552629 -0.005485
v -0.051085 0.543103 -0.005006
v -0.051526 0.543422 0.005968
v -0.011852 0.560518 -0.006603
v -0.011852 0.560098 -0.014485
v -0.031935 0.552152 -0.014289
v -0.032014 0.552629 -0.005485
v -0.051663 0.544204 -0.005526
v -0.032592 0.553731 -0.006006
v -0.032592 0.553730 -0.006006
v -0.032512 0.553254 -0.014810
v -0.011852 0.560098 -0.014485
v -0.011852 0.539462 -0.014485
v -0.031935 0.531516 -0.014289
v -0.031935 0.552152 -0.014289
v -0.032512 0.553254 -0.014810
v -0.032512 0.532618 -0.014810
v -0.033090 0.554355 -0.015331
v -0.033090 0.533719 -0.015331
v -0.051891 0.524107 -0.015505
v -0.051891 0.544743 -0.015505
v -0.033170 0.554832 -0.006526
v -0.033090 0.554355 -0.015331
v -0.051891 0.544743 -0.015505
v -0.052241 0.545305 -0.006047
v -0.051891 0.544743 -0.015505
v -0.051891 0.524107 -0.015505
v -0.071081 0.512981 -0.016355
v -0.071081 0.533617 -0.016355
v -0.052241 0.545305 -0.006047
v -0.051891 0.544743 -0.015505
v -0.071081 0.533617 -0.016355
v -0.071750 0.534231 -0.006712
v -0.071172 0.533130 -0.006192
v -0.051663 0.544204 -0.005526
v -0.070503 0.532516 -0.015834
v -0.071172 0.533130 -0.006192
v -0.051526 0.543422 0.005968
v -0.051085 0.543103 -0.005006
v -0.070594 0.532029 -0.005671
v -0.071331 0.532458 0.005488
v -0.070594 0.532029 -0.005671
v -0.069925 0.531415 -0.015313
v -0.089217 0.519305 -0.016903
v -0.090163 0.519729 -0.007491
v -0.071331 0.532458 0.005488
v -0.070594 0.532029 -0.005671
v -0.090163 0.519729 -0.007491
v -0.091480 0.519960 0.003173
v -0.070503 0.511880 -0.015834
v -0.070503 0.532516 -0.015834
v -0.069925 0.531415 -0.015313
v -0.069925 0.510779 -0.015313
v -0.089217 0.498669 -0.016903
v -0.089217 0.519305 -0.016903
v -0.089217 0.519305 -0.016903
v -0.089217 0.498669 -0.016903
v -0.108092 0.485792 -0.019019
v -0.108092 0.506428 -0.019019
v -0.108092 0.506428 -0.019019
v -0.108092 0.485792 -0.019019
v -0.126155 0.472443 -0.021126
v -0.126155 0.493079 -0.021126
v -0.109460 0.506365 -0.010039
v -0.108092 0.506428 -0.019019
v -0.126155 0.493079 -0.021126
v -0.127967 0.492635 -0.012484
v -0.090163 0.519729 -0.007491
v -0.089217 0.519305 -0.016903
v -0.108092 0.506428 -0.019019
v -0.109460 0.506365 -0.010039
v -0.091480 0.519960 0.003173
v -0.090163 0.519729 -0.007491
v -0.109460 0.506365 -0.010039
v -0.111210 0.506174 -0.000094
v -0.111210 0.506174 -0.000094
v -0.109460 0.506365 -0.010039
v -0.127967 0.492635 -0.012484
v -0.130127 0.492032 -0.002729
v -0.127967 0.492635 -0.012484
v -0.126155 0.493079 -0.021126
v -0.143750 0.479503 -0.022858
v -0.146110 0.479083 -0.014626
v -0.130127 0.492032 -0.002729
v -0.127967 0.492635 -0.012484
v -0.146110 0.479083 -0.014626
v -0.148740 0.478539 -0.005355
v -0.148740 0.478539 -0.005355
v -0.146110 0.479083 -0.014626
v -0.163946 0.464922 -0.016661
v -0.166289 0.464030 -0.008510
v -0.146110 0.479083 -0.014626
v -0.143750 0.479503 -0.022858
v -0.161722 0.465887 -0.024025
v -0.163946 0.464922 -0.016661
v -0.130127 0.494477 -0.002729
v -0.148740 0.480984 -0.005355
v -0.148740 0.480984 -0.005355
v -0.166289 0.466476 -0.008510
v -0.166289 0.464030 -0.008510
v -0.166289 0.443394 -0.008510
v -0.168031 0.442768 0.002390
v -0.168031 0.463404 0.002390
v -0.163946 0.464922 -0.016661
v -0.163946 0.444286 -0.016661
v -0.166289 0.443394 -0.008510
v -0.166289 0.464030 -0.008510
v -0.166289 0.466476 -0.008510
v -0.168031 0.465849 0.002390
v -0.151231 0.482410 0.006274
v -0.148740 0.483429 -0.005355
v -0.166289 0.468921 -0.008510
v -0.168031 0.468294 0.002390
v -0.168031 0.465849 0.002390
v -0.151231 0.479965 0.006274
v -0.132743 0.496568 0.009341
v -0.130127 0.496922 -0.002729
v -0.148740 0.483429 -0.005355
v -0.151231 0.482410 0.006274
v -0.151231 0.479965 0.006274
v -0.132743 0.494123 0.009341
v -0.135087 0.491713 0.024940
v -0.132743 0.491678 0.009341
v -0.151231 0.477520 0.006274
v -0.152989 0.476473 0.021459
v -0.152989 0.476473 0.021459
v -0.151231 0.477520 0.006274
v -0.168031 0.463404 0.002390
v -0.168848 0.461898 0.017474
v -0.115334 0.506777 0.027251
v -0.113225 0.506068 0.011721
v -0.132743 0.491678 0.009341
v -0.135087 0.491713 0.024940
v -0.132743 0.494123 0.009341
v -0.113225 0.508513 0.011721
v -0.094613 0.521185 0.033642
v -0.093078 0.520251 0.016020
v -0.113225 0.506068 0.011721
v -0.115334 0.506777 0.027251
v -0.093078 0.520251 0.016020
v -0.091480 0.519960 0.003173
v -0.111210 0.506174 -0.000094
v -0.113225 0.506068 0.011721
v -0.113225 0.508513 0.011721
v -0.111210 0.508619 -0.000094
v -0.113225 0.510958 0.011721
v -0.111210 0.511064 -0.000094
v -0.130127 0.496922 -0.002729
v -0.132743 0.496568 0.009341
v -0.111210 0.508619 -0.000094
v -0.130127 0.494477 -0.002729
v -0.072917 0.533328 0.039442
v -0.072227 0.532830 0.019464
v -0.093078 0.520251 0.016020
v -0.094613 0.521185 0.033642
v -0.072227 0.532830 0.019464
v -0.071331 0.532458 0.005488
v -0.091480 0.519960 0.003173
v -0.093078 0.520251 0.016020
v -0.051884 0.543310 0.020175
v -0.051526 0.543422 0.005968
v -0.071331 0.532458 0.005488
v -0.072227 0.532830 0.019464
v -0.051789 0.542987 0.041846
v -0.051884 0.543310 0.020175
v -0.072227 0.532830 0.019464
v -0.072917 0.533328 0.039442
v -0.051789 0.542184 0.041847
v -0.072917 0.532525 0.039443
v -0.072917 0.532525 0.039443
v -0.072600 0.534084 0.064270
v -0.072600 0.534888 0.064270
v -0.072917 0.533328 0.039442
v -0.094613 0.521185 0.033642
v -0.094998 0.523407 0.056570
v -0.051414 0.542436 0.069134
v -0.051789 0.541380 0.041847
v -0.072917 0.531721 0.039444
v -0.072600 0.533281 0.064271
v -0.072600 0.534084 0.064270
v -0.071086 0.530937 0.092570
v -0.051220 0.537421 0.100323
v -0.051414 0.542436 0.069134
v -0.072600 0.533281 0.064271
v -0.071086 0.530133 0.092571
v -0.051220 0.538224 0.100322
v -0.051414 0.543239 0.069133
v -0.051414 0.543239 0.069133
v -0.051789 0.542184 0.041847
v -0.051391 0.530607 0.136159
v -0.051220 0.537421 0.100323
v -0.071086 0.530133 0.092571
v -0.070327 0.523161 0.125559
v -0.051391 0.531411 0.136158
v -0.051220 0.538224 0.100322
v -0.051599 0.528058 0.177639
v -0.051391 0.531411 0.136158
v -0.051599 0.527255 0.177639
v -0.051391 0.530607 0.136159
v -0.070327 0.523161 0.125559
v -0.071098 0.515953 0.167990
v -0.032150 0.535717 0.185999
v -0.032020 0.538359 0.144366
v -0.051391 0.532214 0.136157
v -0.051599 0.528861 0.177638
v -0.033064 0.546844 0.227293
v -0.032150 0.535717 0.185999
v -0.051599 0.528861 0.177638
v -0.054146 0.531503 0.209721
v -0.054146 0.530699 0.209722
v -0.051599 0.528058 0.177639
v -0.033326 0.579583 0.308021
v -0.033064 0.546844 0.227293
v -0.054146 0.531503 0.209721
v -0.057810 0.553675 0.280774
v -0.057810 0.552871 0.280775
v -0.054146 0.530699 0.209722
v -0.057810 0.552068 0.280775
v -0.054146 0.529896 0.209723
v -0.074934 0.513240 0.210679
v -0.082007 0.529515 0.248265
v -0.054146 0.529896 0.209723
v -0.051599 0.527255 0.177639
v -0.071098 0.515953 0.167990
v -0.074934 0.513240 0.210679
v -0.074934 0.514044 0.210678
v -0.082007 0.530318 0.248264
v -0.071098 0.516757 0.167990
v -0.074934 0.514044 0.210678
v -0.082007 0.530318 0.248264
v -0.057810 0.552871 0.280774
v -0.067513 0.574961 0.328249
v -0.057810 0.553675 0.280774
v -0.082007 0.531122 0.248264
v -0.102200 0.549074 0.302223
v -0.082007 0.531122 0.248264
v -0.074934 0.514847 0.210677
v -0.099365 0.491219 0.195902
v -0.110200 0.497218 0.215349
v -0.102200 0.549074 0.302223
v -0.082007 0.531122 0.248264
v -0.110200 0.497218 0.215349
v -0.136719 0.500442 0.255650
v -0.072354 0.573485 0.362189
v -0.067513 0.574961 0.328249
v -0.102200 0.549074 0.302223
v -0.104461 0.552939 0.334091
v -0.104461 0.552939 0.334091
v -0.102200 0.549074 0.302223
v -0.136719 0.500442 0.255650
v -0.137724 0.516941 0.298313
v -0.072462 0.570251 0.364427
v -0.104769 0.548990 0.336662
v -0.137724 0.516941 0.298313
v -0.137724 0.496305 0.298313
v -0.104461 0.532303 0.334091
v -0.104461 0.552939 0.334091
v -0.106022 0.552939 0.335102
v -0.106022 0.532303 0.335102
v -0.107583 0.552939 0.336113
v -0.107583 0.532303 0.336113
v -0.074486 0.552848 0.364211
v -0.074486 0.573485 0.364211
v -0.074486 0.573485 0.364211
v -0.074486 0.552848 0.364211
v -0.042607 0.561794 0.382728
v -0.042607 0.582430 0.382728
v -0.042018 0.561794 0.381716
v -0.042018 0.582430 0.381716
v -0.041548 0.580006 0.382093
v -0.072807 0.570555 0.363672
v -0.157027 0.472853 0.254704
v -0.157027 0.452217 0.254704
v -0.137724 0.496305 0.298313
v -0.137724 0.516941 0.298313
v -0.168509 0.413844 0.215288
v -0.168509 0.393207 0.215288
v -0.157027 0.452217 0.254704
v -0.157027 0.472853 0.254704
v -0.157027 0.475050 0.254193
v -0.137724 0.519138 0.297802
v -0.168509 0.416040 0.214777
v -0.157027 0.475050 0.254193
v -0.137724 0.521334 0.297291
v -0.136719 0.504835 0.254628
v -0.145449 0.478034 0.224074
v -0.157027 0.477246 0.253683
v -0.157027 0.477246 0.253683
v -0.145449 0.478034 0.224074
v -0.154345 0.440733 0.195565
v -0.168509 0.418236 0.214266
v -0.136719 0.502639 0.255139
v -0.145449 0.475837 0.224584
v -0.145449 0.475837 0.224584
v -0.154345 0.438537 0.196076
v -0.136719 0.500442 0.255650
v -0.110200 0.497218 0.215349
v -0.142948 0.471530 0.222482
v -0.136448 0.465873 0.223480
v -0.141896 0.453925 0.171059
v -0.154345 0.436341 0.196587
v -0.110200 0.497218 0.215349
v -0.099365 0.491219 0.195902
v -0.115081 0.481250 0.169428
v -0.141024 0.473953 0.218828
v -0.141024 0.473953 0.218828
v -0.115081 0.481250 0.169428
v -0.136125 0.465577 0.145864
v -0.141896 0.453925 0.171059
v -0.115081 0.482930 0.169531
v -0.099365 0.492899 0.196005
v -0.136125 0.467257 0.145967
v -0.115080 0.482930 0.169531
v -0.099365 0.494578 0.196109
v -0.090776 0.507549 0.153437
v -0.112611 0.493105 0.136986
v -0.115081 0.484610 0.169634
v -0.115081 0.484610 0.169634
v -0.112611 0.493105 0.136986
v -0.133690 0.480464 0.121069
v -0.136125 0.468936 0.146071
v -0.112611 0.491425 0.136883
v -0.133690 0.478784 0.120966
v -0.113353 0.502150 0.105682
v -0.112611 0.491425 0.136883
v -0.090776 0.507549 0.153437
v -0.089933 0.518504 0.114746
v -0.113353 0.503829 0.105785
v -0.112611 0.493105 0.136986
v -0.133690 0.478784 0.120966
v -0.136125 0.467257 0.145967
v -0.136125 0.465577 0.145864
v -0.133690 0.477105 0.120862
v -0.150553 0.468471 0.105937
v -0.154138 0.457023 0.122684
v -0.133690 0.477105 0.120862
v -0.133720 0.487514 0.095545
v -0.149913 0.475137 0.086574
v -0.150553 0.468471 0.105937
v -0.112611 0.489745 0.136780
v -0.113353 0.500470 0.105578
v -0.133720 0.487514 0.095545
v -0.133690 0.477105 0.120862
v -0.133720 0.487514 0.095545
v -0.134188 0.492751 0.070998
v -0.151110 0.477631 0.064398
v -0.149913 0.475137 0.086574
v -0.113353 0.500470 0.105578
v -0.114768 0.508025 0.077469
v -0.134188 0.492751 0.070998
v -0.133720 0.487514 0.095545
v -0.134188 0.492751 0.070998
v -0.135362 0.492982 0.046448
v -0.152726 0.476841 0.041413
v -0.151110 0.477631 0.064398
v -0.135362 0.494662 0.046552
v -0.134188 0.494430 0.071101
v -0.134188 0.494430 0.071101
v -0.114768 0.509704 0.077572
v -0.114768 0.511384 0.077676
v -0.115928 0.512151 0.050959
v -0.135362 0.496341 0.046655
v -0.134188 0.496110 0.071204
v -0.089933 0.518504 0.114746
v -0.093227 0.525947 0.083523
v -0.114768 0.511384 0.077676
v -0.113353 0.503829 0.105785
v -0.114768 0.509704 0.077572
v -0.113353 0.502150 0.105682
v -0.093227 0.525947 0.083523
v -0.094998 0.526767 0.056776
v -0.115928 0.512151 0.050959
v -0.114768 0.511384 0.077676
v -0.093227 0.524268 0.083420
v -0.094998 0.525087 0.056673
v -0.089933 0.516824 0.114643
v -0.093227 0.524268 0.083420
v -0.094998 0.525087 0.056673
v -0.094613 0.522865 0.033745
v -0.094998 0.526767 0.056776
v -0.094613 0.524545 0.033848
v -0.115334 0.510136 0.027458
v -0.115928 0.512151 0.050959
v -0.094613 0.522865 0.033745
v -0.115334 0.508457 0.027355
v -0.115334 0.508457 0.027355
v -0.115928 0.510472 0.050855
v -0.071086 0.531740 0.092570
v -0.072600 0.534888 0.064270
v -0.094998 0.523407 0.056570
v -0.093227 0.522588 0.083317
v -0.090776 0.505869 0.153333
v -0.089933 0.516824 0.114643
v -0.071098 0.517560 0.167989
v -0.070327 0.524768 0.125558
v -0.089933 0.515144 0.114540
v -0.090776 0.504189 0.153230
v -0.070327 0.524768 0.125558
v -0.071086 0.531740 0.092570
v -0.093227 0.522588 0.083317
v -0.089933 0.515144 0.114540
v -0.071086 0.530937 0.092570
v -0.070327 0.523965 0.125559
v -0.070327 0.523965 0.125559
v -0.071098 0.516757 0.167990
v -0.074934 0.514847 0.210677
v -0.071098 0.517560 0.167989
v -0.090776 0.504189 0.153230
v -0.099365 0.491219 0.195902
v -0.099365 0.492899 0.196005
v -0.090776 0.505869 0.153333
v -0.115928 0.510472 0.050855
v -0.135362 0.494662 0.046552
v -0.115928 0.508792 0.050752
v -0.115334 0.506777 0.027251
v -0.135087 0.491713 0.024940
v -0.135362 0.492982 0.046448
v -0.135362 0.492982 0.046448
v -0.135087 0.491713 0.024940
v -0.152989 0.476473 0.021459
v -0.152726 0.476841 0.041413
v -0.152726 0.476841 0.041413
v -0.152989 0.476473 0.021459
v -0.168848 0.461898 0.017474
v -0.167816 0.461676 0.037050
v -0.151110 0.477631 0.064398
v -0.152726 0.476841 0.041413
v -0.167816 0.461676 0.037050
v -0.165195 0.462986 0.059346
v -0.168848 0.461898 0.017474
v -0.168848 0.441262 0.017474
v -0.167816 0.441040 0.037050
v -0.167816 0.461676 0.037050
v -0.167816 0.461676 0.037050
v -0.167816 0.441040 0.037050
v -0.165195 0.442350 0.059346
v -0.165195 0.462986 0.059346
v -0.165195 0.462986 0.059346
v -0.165195 0.442350 0.059346
v -0.162297 0.442792 0.080422
v -0.162297 0.463428 0.080422
v -0.149913 0.475137 0.086574
v -0.151110 0.477631 0.064398
v -0.165195 0.462986 0.059346
v -0.162297 0.463428 0.080422
v -0.150553 0.468471 0.105937
v -0.149913 0.475137 0.086574
v -0.162297 0.463428 0.080422
v -0.160223 0.462201 0.095611
v -0.162297 0.463428 0.080422
v -0.162297 0.442792 0.080422
v -0.160223 0.441564 0.095611
v -0.160223 0.462201 0.095611
v -0.160223 0.462201 0.095611
v -0.160223 0.441564 0.095611
v -0.150553 0.447835 0.105937
v -0.150553 0.468471 0.105937
v -0.150553 0.468471 0.105937
v -0.150553 0.447835 0.105937
v -0.154138 0.436387 0.122684
v -0.154138 0.457023 0.122684
v -0.154138 0.457023 0.122684
v -0.154138 0.436387 0.122684
v -0.160049 0.421692 0.138709
v -0.160049 0.442328 0.138709
v -0.141896 0.453925 0.171059
v -0.136125 0.465577 0.145864
v -0.154138 0.457023 0.122684
v -0.160049 0.442328 0.138709
v -0.160049 0.442328 0.138709
v -0.160049 0.421692 0.138709
v -0.141896 0.433289 0.171059
v -0.141896 0.453925 0.171059
v -0.141896 0.453925 0.171059
v -0.141896 0.433289 0.171059
v -0.154345 0.415704 0.196587
v -0.154345 0.436341 0.196587
v -0.154345 0.436341 0.196587
v -0.154345 0.415704 0.196587
v -0.168509 0.393207 0.215288
v -0.168509 0.413844 0.215288
v -0.168031 0.463404 0.002390
v -0.168031 0.442768 0.002390
v -0.168848 0.441262 0.017474
v -0.168848 0.461898 0.017474
v -0.154345 0.438537 0.196076
v -0.168509 0.416040 0.214777
v -0.137724 0.519138 0.297802
v -0.136719 0.502639 0.255139
v -0.011852 0.581625 0.315721
v -0.011852 0.553113 0.238428
v -0.033064 0.546844 0.227293
v -0.033326 0.579583 0.308021
v -0.033064 0.546108 0.227305
v -0.011852 0.552377 0.238440
v -0.032150 0.534981 0.186011
v -0.033064 0.546108 0.227305
v -0.011852 0.551641 0.238452
v -0.011852 0.536828 0.195088
v -0.032150 0.534245 0.186023
v -0.033064 0.545372 0.227317
v -0.011852 0.537564 0.195076
v -0.032150 0.534981 0.186011
v -0.011852 0.551641 0.238452
v 0.009360 0.545372 0.227317
v 0.008446 0.534245 0.186023
v -0.011852 0.536828 0.195088
v 0.008446 0.534981 0.186011
v -0.011852 0.537564 0.195076
v -0.011852 0.538300 0.195064
v 0.008446 0.535717 0.185999
v 0.008316 0.538359 0.144366
v -0.011852 0.542251 0.151609
v -0.011852 0.538300 0.195064
v -0.011852 0.542251 0.151609
v -0.032020 0.538359 0.144366
v -0.032150 0.535717 0.185999
v -0.011852 0.541515 0.151621
v 0.008316 0.537623 0.144378
v -0.032020 0.537623 0.144378
v -0.011852 0.541515 0.151621
v -0.161722 0.465887 -0.024025
v -0.161722 0.445251 -0.024025
v -0.163946 0.444286 -0.016661
v -0.163946 0.464922 -0.016661
v -0.143750 0.479503 -0.022858
v -0.143750 0.458867 -0.022858
v -0.161722 0.445251 -0.024025
v -0.161722 0.465887 -0.024025
v -0.126155 0.493079 -0.021126
v -0.126155 0.472443 -0.021126
v -0.143750 0.458867 -0.022858
v -0.143750 0.479503 -0.022858
v -0.011852 0.560098 -0.014485
v 0.008230 0.552152 -0.014289
v 0.008230 0.531516 -0.014289
v -0.011852 0.539462 -0.014485
v 0.008009 0.532417 -0.014910
v 0.008009 0.553354 -0.014910
v 0.007787 0.554555 -0.015531
v 0.027135 0.544663 -0.015711
v 0.027135 0.523426 -0.015711
v 0.007787 0.533318 -0.015531
v 0.007870 0.555046 -0.006471
v 0.027495 0.545242 -0.005978
v 0.027135 0.544663 -0.015711
v 0.007787 0.554555 -0.015531
v 0.008009 0.553354 -0.014910
v 0.008090 0.553838 -0.005978
v 0.008090 0.553838 -0.005978
v 0.027438 0.544173 -0.005492
v 0.027495 0.545242 -0.005978
v 0.047572 0.533846 -0.006662
v 0.046884 0.533214 -0.016585
v 0.027135 0.544663 -0.015711
v 0.027438 0.544173 -0.005492
v 0.047231 0.532937 -0.006166
v 0.008414 0.552786 0.004449
v 0.027822 0.543422 0.005968
v 0.027381 0.543103 -0.005006
v 0.008310 0.552629 -0.005485
v 0.027822 0.543422 0.005968
v 0.047627 0.532458 0.005488
v 0.046889 0.532029 -0.005671
v 0.027381 0.543103 -0.005006
v 0.008512 0.552469 0.017306
v 0.028180 0.543310 0.020175
v 0.027822 0.543422 0.005968
v 0.008414 0.552786 0.004449
v 0.028180 0.543310 0.020175
v 0.048522 0.532830 0.019464
v 0.047627 0.532458 0.005488
v 0.027822 0.543422 0.005968
v 0.008359 0.551390 0.039911
v 0.028085 0.542987 0.041846
v 0.028180 0.543310 0.020175
v 0.008512 0.552469 0.017306
v 0.028085 0.542987 0.041846
v 0.049212 0.533328 0.039442
v 0.048522 0.532830 0.019464
v 0.028180 0.543310 0.020175
v 0.028085 0.542184 0.041847
v 0.027710 0.543239 0.069133
v 0.008277 0.551925 0.070621
v 0.027710 0.544043 0.069133
v 0.028085 0.542987 0.041846
v 0.008359 0.551390 0.039911
v 0.049212 0.532525 0.039443
v 0.028085 0.542184 0.041847
v 0.027710 0.542436 0.069134
v 0.048896 0.533281 0.064271
v 0.049212 0.531721 0.039444
v 0.028085 0.541380 0.041847
v 0.048896 0.534084 0.064270
v 0.049212 0.532525 0.039443
v 0.048896 0.534888 0.064270
v 0.071294 0.523407 0.056570
v 0.070909 0.521185 0.033642
v 0.049212 0.533328 0.039442
v 0.049212 0.533328 0.039442
v 0.070909 0.521185 0.033642
v 0.069374 0.520251 0.016020
v 0.048522 0.532830 0.019464
v 0.070909 0.522865 0.033745
v 0.071294 0.525087 0.056673
v 0.070909 0.521185 0.033642
v 0.091630 0.506777 0.027251
v 0.089521 0.506068 0.011721
v 0.069374 0.520251 0.016020
v 0.091630 0.508457 0.027355
v 0.070909 0.522865 0.033745
v 0.071294 0.526767 0.056776
v 0.092224 0.512151 0.050959
v 0.091630 0.510136 0.027458
v 0.070909 0.524545 0.033848
v 0.092224 0.510472 0.050855
v 0.091630 0.508457 0.027355
v 0.092224 0.508792 0.050752
v 0.111657 0.492982 0.046448
v 0.111383 0.491713 0.024940
v 0.091630 0.506777 0.027251
v 0.091630 0.506777 0.027251
v 0.111383 0.491713 0.024940
v 0.109038 0.491678 0.009341
v 0.089521 0.506068 0.011721
v 0.111657 0.492982 0.046448
v 0.129022 0.476841 0.041413
v 0.129285 0.476473 0.021459
v 0.111383 0.491713 0.024940
v 0.111383 0.491713 0.024940
v 0.129285 0.476473 0.021459
v 0.127527 0.477520 0.006274
v 0.109038 0.491678 0.009341
v 0.129022 0.476841 0.041413
v 0.144112 0.461676 0.037050
v 0.145144 0.461898 0.017474
v 0.129285 0.476473 0.021459
v 0.129285 0.476473 0.021459
v 0.145144 0.461898 0.017474
v 0.144327 0.463404 0.002390
v 0.127527 0.477520 0.006274
v 0.145144 0.461898 0.017474
v 0.144112 0.461676 0.037050
v 0.144112 0.441040 0.037050
v 0.145144 0.441262 0.017474
v 0.144327 0.463404 0.002390
v 0.145144 0.461898 0.017474
v 0.145144 0.441262 0.017474
v 0.144327 0.442768 0.002390
v 0.142585 0.464030 -0.008510
v 0.144327 0.463404 0.002390
v 0.144327 0.442768 0.002390
v 0.142585 0.443394 -0.008510
v 0.140242 0.464922 -0.016661
v 0.142585 0.464030 -0.008510
v 0.142585 0.443394 -0.008510
v 0.140242 0.444286 -0.016661
v 0.125036 0.478539 -0.005355
v 0.142585 0.464030 -0.008510
v 0.140242 0.464922 -0.016661
v 0.122406 0.479083 -0.014626
v 0.142585 0.466476 -0.008510
v 0.125036 0.480984 -0.005355
v 0.144327 0.465849 0.002390
v 0.142585 0.466476 -0.008510
v 0.127527 0.482410 0.006274
v 0.144327 0.468294 0.002390
v 0.142585 0.468921 -0.008510
v 0.125036 0.483429 -0.005355
v 0.127527 0.479965 0.006274
v 0.144327 0.465849 0.002390
v 0.109038 0.494123 0.009341
v 0.127527 0.479965 0.006274
v 0.109038 0.496568 0.009341
v 0.127527 0.482410 0.006274
v 0.125036 0.483429 -0.005355
v 0.106423 0.496922 -0.002729
v 0.089521 0.510958 0.011721
v 0.109038 0.496568 0.009341
v 0.106423 0.496922 -0.002729
v 0.087506 0.511064 -0.000094
v 0.089521 0.508513 0.011721
v 0.109038 0.494123 0.009341
v 0.087506 0.508619 -0.000094
v 0.089521 0.508513 0.011721
v 0.106423 0.494477 -0.002729
v 0.087506 0.508619 -0.000094
v 0.067776 0.519960 0.003173
v 0.087506 0.506174 -0.000094
v 0.085755 0.506365 -0.010039
v 0.066459 0.519729 -0.007491
v 0.069374 0.520251 0.016020
v 0.089521 0.506068 0.011721
v 0.087506 0.506174 -0.000094
v 0.067776 0.519960 0.003173
v 0.087506 0.506174 -0.000094
v 0.106423 0.492032 -0.002729
v 0.104263 0.492635 -0.012484
v 0.085755 0.506365 -0.010039
v 0.106423 0.492032 -0.002729
v 0.125036 0.478539 -0.005355
v 0.122406 0.479083 -0.014626
v 0.104263 0.492635 -0.012484
v 0.125036 0.480984 -0.005355
v 0.106423 0.494477 -0.002729
v 0.104263 0.492635 -0.012484
v 0.122406 0.479083 -0.014626
v 0.120046 0.479503 -0.022858
v 0.102451 0.493079 -0.021126
v 0.085755 0.506365 -0.010039
v 0.104263 0.492635 -0.012484
v 0.102451 0.493079 -0.021126
v 0.084388 0.506428 -0.019019
v 0.122406 0.479083 -0.014626
v 0.140242 0.464922 -0.016661
v 0.138018 0.465887 -0.024025
v 0.120046 0.479503 -0.022858
v 0.120046 0.479503 -0.022858
v 0.138018 0.465887 -0.024025
v 0.138018 0.445251 -0.024025
v 0.120046 0.458867 -0.022858
v 0.102451 0.493079 -0.021126
v 0.120046 0.479503 -0.022858
v 0.120046 0.458867 -0.022858
v 0.102451 0.472443 -0.021126
v 0.084388 0.506428 -0.019019
v 0.102451 0.493079 -0.021126
v 0.102451 0.472443 -0.021126
v 0.084388 0.485792 -0.019019
v 0.065513 0.519305 -0.016903
v 0.084388 0.506428 -0.019019
v 0.084388 0.485792 -0.019019
v 0.065513 0.498669 -0.016903
v 0.046221 0.531415 -0.015313
v 0.065513 0.519305 -0.016903
v 0.065513 0.498669 -0.016903
v 0.046221 0.510779 -0.015313
v 0.046552 0.532315 -0.015949
v 0.046552 0.511378 -0.015949
v 0.046889 0.532029 -0.005671
v 0.066459 0.519729 -0.007491
v 0.065513 0.519305 -0.016903
v 0.046221 0.531415 -0.015313
v 0.047231 0.532937 -0.006167
v 0.046552 0.532314 -0.015949
v 0.027135 0.544663 -0.015711
v 0.046884 0.533214 -0.016585
v 0.046884 0.511977 -0.016585
v 0.027135 0.523426 -0.015711
v 0.066459 0.519729 -0.007491
v 0.085755 0.506365 -0.010039
v 0.084388 0.506428 -0.019019
v 0.065513 0.519305 -0.016903
v 0.047627 0.532458 0.005488
v 0.067776 0.519960 0.003173
v 0.066459 0.519729 -0.007491
v 0.046889 0.532029 -0.005671
v 0.138018 0.465887 -0.024025
v 0.140242 0.464922 -0.016661
v 0.140242 0.444286 -0.016661
v 0.138018 0.445251 -0.024025
v 0.048522 0.532830 0.019464
v 0.069374 0.520251 0.016020
v 0.067776 0.519960 0.003173
v 0.047627 0.532458 0.005488
v 0.144112 0.461676 0.037050
v 0.141491 0.462986 0.059346
v 0.141491 0.442350 0.059346
v 0.144112 0.441040 0.037050
v 0.141491 0.462986 0.059346
v 0.138593 0.463428 0.080422
v 0.138593 0.442792 0.080422
v 0.141491 0.442350 0.059346
v 0.126209 0.475137 0.086574
v 0.138593 0.463428 0.080422
v 0.141491 0.462986 0.059346
v 0.127406 0.477631 0.064398
v 0.127406 0.477631 0.064398
v 0.141491 0.462986 0.059346
v 0.144112 0.461676 0.037050
v 0.129022 0.476841 0.041413
v 0.126849 0.468471 0.105937
v 0.136519 0.462201 0.095611
v 0.138593 0.463428 0.080422
v 0.126209 0.475137 0.086574
v 0.138593 0.463428 0.080422
v 0.136519 0.462201 0.095611
v 0.136519 0.441564 0.095611
v 0.138593 0.442792 0.080422
v 0.136519 0.462201 0.095611
v 0.126849 0.468471 0.105937
v 0.126849 0.447835 0.105937
v 0.136519 0.441564 0.095611
v 0.126849 0.468471 0.105937
v 0.130433 0.457023 0.122684
v 0.130433 0.436387 0.122684
v 0.126849 0.447835 0.105937
v 0.130433 0.457023 0.122684
v 0.136345 0.442328 0.138709
v 0.136345 0.421692 0.138709
v 0.130433 0.436387 0.122684
v 0.118191 0.453925 0.171059
v 0.136345 0.442328 0.138709
v 0.130433 0.457023 0.122684
v 0.112421 0.465577 0.145864
v 0.136345 0.442328 0.138709
v 0.118191 0.453925 0.171059
v 0.118191 0.433289 0.171059
v 0.136345 0.421692 0.138709
v 0.118191 0.453925 0.171059
v 0.130641 0.436341 0.196587
v 0.130641 0.415704 0.196587
v 0.118191 0.433289 0.171059
v 0.130641 0.436341 0.196587
v 0.144804 0.413844 0.215288
v 0.144804 0.393207 0.215288
v 0.130641 0.415704 0.196587
v 0.111657 0.494662 0.046552
v 0.092224 0.510472 0.050855
v -0.011852 0.560644 0.001689
v 0.008414 0.552786 0.004449
v 0.008310 0.552629 -0.005485
v -0.011852 0.560518 -0.006603
v -0.011852 0.560518 -0.006603
v 0.008310 0.552629 -0.005485
v 0.008230 0.552152 -0.014289
v -0.011852 0.560098 -0.014485
v 0.008277 0.551189 0.070633
v 0.008359 0.550654 0.039923
v -0.011852 0.557920 0.069502
v 0.008277 0.551189 0.070633
v 0.008446 0.535717 0.185999
v 0.027895 0.528861 0.177638
v 0.027687 0.532214 0.136157
v 0.008316 0.538359 0.144366
v 0.027687 0.531411 0.136158
v 0.027895 0.528058 0.177639
v 0.027895 0.527255 0.177639
v 0.047394 0.515953 0.167990
v 0.046623 0.523161 0.125559
v 0.027687 0.530607 0.136159
v 0.047394 0.516757 0.167990
v 0.046623 0.523965 0.125559
v 0.047394 0.517560 0.167989
v 0.067072 0.504189 0.153230
v 0.066229 0.515144 0.114540
v 0.046623 0.524768 0.125558
v 0.051230 0.514847 0.210677
v 0.075661 0.491219 0.195902
v 0.067072 0.504189 0.153230
v 0.047394 0.517560 0.167989
v 0.066229 0.516824 0.114643
v 0.067072 0.505869 0.153333
v 0.067072 0.505869 0.153333
v 0.075661 0.492899 0.196005
v 0.144804 0.416040 0.214777
v 0.130641 0.438537 0.196076
v 0.113015 0.502639 0.255139
v 0.114020 0.519138 0.297802
v 0.048650 0.573485 0.362189
v 0.017725 0.582430 0.380705
v 0.017725 0.561794 0.380705
v 0.048650 0.552848 0.362189
v 0.049450 0.573485 0.363200
v 0.049450 0.552848 0.363200
v 0.088672 0.232184 -0.160803
v 0.090929 0.252460 -0.160595
v 0.090930 0.252476 -0.160596
v 0.089296 0.272815 -0.160423
v 0.088980 0.231887 -0.160772
v 0.081683 0.290459 0.408706
v 0.083410 0.229453 0.408134
v 0.086777 0.270074 0.408515
v 0.088108 0.249738 0.408463
v 0.088107 0.249725 0.408463
v 0.086153 0.229445 0.408134
v 0.088901 0.229453 0.408134
v 0.090909 0.249733 0.408463
v 0.097318 0.249634 0.407485
v 0.095185 0.228102 0.407136
v 0.090909 0.249733 0.408463
v 0.089540 0.270069 0.408515
v 0.095864 0.271225 0.407540
v 0.097318 0.249634 0.407485
v 0.091491 0.232193 -0.160803
v 0.092079 0.228394 0.408149
v 0.064743 0.177208 -0.161540
v 0.086155 0.229453 0.408134
v 0.088675 0.232193 -0.160803
v 0.082669 0.210019 0.407900
v 0.088901 0.229453 0.408134
v 0.095185 0.228102 0.407136
v 0.088569 0.207469 0.406887
v 0.072766 0.192175 0.407649
v 0.082669 0.210019 0.407900
v 0.088569 0.207469 0.406887
v 0.078055 0.188523 0.406621
v 0.059572 0.176605 0.407390
v 0.059572 0.176605 0.407390
v 0.072766 0.192175 0.407649
v 0.078055 0.188523 0.406621
v 0.064047 0.171993 0.406346
v 0.062094 0.177469 -0.166497
v 0.059482 0.174704 0.412297
v 0.043594 0.163909 0.407133
v 0.059572 0.176605 0.407390
v 0.064047 0.171993 0.406346
v 0.047082 0.158514 0.406073
v 0.059572 0.176605 0.407390
v 0.043594 0.163909 0.407133
v 0.044648 0.160559 0.416990
v 0.060938 0.173503 0.417252
v 0.063580 0.176296 -0.171400
v 0.060938 0.173503 0.417252
v 0.044648 0.160559 0.416990
v 0.047289 0.163352 -0.171662
v 0.044886 0.162482 0.412084
v 0.047508 0.165251 -0.166711
v 0.046185 0.166649 -0.161804
v 0.062163 0.179345 -0.161547
v 0.063580 0.176296 -0.171400
v 0.047289 0.163352 -0.171662
v 0.046185 0.166649 -0.161804
v 0.043594 0.163909 0.407133
v -0.001129 0.145507 0.406572
v -0.004513 0.147755 -0.162421
v -0.014515 0.147282 0.406472
v 0.005825 0.148960 0.406665
v 0.006982 0.142642 0.405576
v -0.014613 0.140860 0.405371
v 0.005825 0.148960 0.406665
v 0.025446 0.154575 0.406888
v 0.027814 0.148603 0.405813
v 0.006982 0.142642 0.405576
v -0.034792 0.149603 0.406316
v -0.014515 0.147282 0.406472
v -0.014613 0.140860 0.405371
v -0.036142 0.143325 0.405206
v -0.072832 0.164350 0.406122
v -0.069954 0.167616 -0.162811
v -0.054226 0.155836 0.406204
v -0.034792 0.149603 0.406316
v -0.036142 0.143325 0.405206
v -0.056776 0.149942 0.405087
v -0.072071 0.165741 0.406140
v -0.054226 0.155836 0.406204
v -0.056776 0.149942 0.405087
v -0.075722 0.160458 0.405019
v -0.111399 0.186740 0.404941
v -0.022673 0.135153 0.441036
v -0.107138 0.190281 0.440813
v -0.087642 0.178936 0.406126
v -0.072071 0.165741 0.406140
v -0.075722 0.160458 0.405019
v -0.092254 0.174467 0.405004
v -0.100339 0.194915 0.406163
v -0.087642 0.178936 0.406126
v -0.092254 0.174467 0.405004
v -0.105735 0.191433 0.405042
v -0.088155 0.177287 0.411049
v -0.085535 0.180053 -0.167745
v -0.085051 0.181676 -0.162811
v -0.087642 0.178936 0.406126
v -0.100339 0.194915 0.406163
v -0.097748 0.197655 -0.162775
v -0.072071 0.165741 0.406140
v -0.087642 0.178936 0.406126
v -0.089155 0.175879 0.415963
v -0.073280 0.162426 0.415978
v -0.070639 0.165219 -0.172674
v -0.073280 0.162426 0.415978
v -0.089155 0.175879 0.415963
v -0.086514 0.178673 -0.172688
v -0.070410 0.166976 -0.167738
v -0.073021 0.164207 0.411056
v -0.085051 0.181676 -0.162811
v -0.069481 0.168480 -0.162797
v -0.070639 0.165219 -0.172674
v -0.086514 0.178673 -0.172688
v -0.097748 0.197655 -0.162775
v -0.101218 0.194470 0.406149
v -0.113646 0.235149 -0.162570
v -0.109675 0.213064 0.406249
v -0.100339 0.194915 0.406163
v -0.105735 0.191433 0.405042
v -0.115647 0.210702 0.405134
v -0.115291 0.232685 0.406381
v -0.115291 0.232685 0.406381
v -0.109675 0.213064 0.406249
v -0.115647 0.210702 0.405134
v -0.121610 0.231535 0.405274
v -0.105735 0.191433 0.405042
v -0.105827 0.191336 0.440832
v -0.115739 0.210605 0.440923
v -0.115647 0.210702 0.405134
v -0.115647 0.210702 0.405134
v -0.119170 0.209665 0.440909
v -0.124574 0.267873 0.405648
v -0.116662 0.253019 0.406681
v -0.115291 0.232685 0.406381
v -0.121610 0.231535 0.405274
v -0.123065 0.253123 0.405593
v -0.113825 0.302605 0.441768
v -0.114651 0.273302 0.406762
v -0.116662 0.253019 0.406681
v -0.123065 0.253123 0.405593
v -0.120930 0.274658 0.405678
v -0.113780 0.253027 0.406681
v -0.111824 0.273309 0.406762
v -0.112448 0.232680 0.406381
v -0.113781 0.253014 0.406681
v -0.103791 0.296388 -0.161968
v -0.112564 0.232532 0.406452
v -0.107158 0.235425 -0.162556
v -0.109929 0.235425 -0.162557
v -0.112449 0.232685 0.406381
v -0.111562 0.255759 -0.162383
v -0.109928 0.235419 -0.162556
v -0.109304 0.276050 -0.162176
v -0.111561 0.255774 -0.162383
v -0.103227 0.295496 -0.161941
v -0.109286 0.276063 -0.162175
v -0.103112 0.292735 0.406996
v -0.105766 0.292735 0.406995
v -0.103246 0.295475 -0.161942
v -0.111806 0.273324 0.406762
v -0.105746 0.292756 0.406996
v -0.105830 0.295475 -0.161942
v -0.111331 0.294393 0.406989
v -0.068867 0.344184 -0.161173
v -0.098517 0.310580 0.407247
v -0.108420 0.292735 0.406996
v -0.114315 0.295291 0.405927
v -0.103800 0.314237 0.406194
v -0.108420 0.292735 0.406996
v -0.114651 0.273302 0.406762
v -0.120930 0.274658 0.405678
v -0.114315 0.295291 0.405927
v -0.075071 0.347007 0.406741
v -0.085323 0.326149 0.407506
v -0.098517 0.310580 0.407247
v -0.103800 0.314237 0.406194
v -0.089792 0.330767 0.406469
v -0.072919 0.344149 0.442530
v -0.069345 0.338845 0.407763
v -0.085323 0.326149 0.407506
v -0.089792 0.330767 0.406469
v -0.072827 0.344246 0.406741
v -0.069345 0.338845 0.407763
v -0.066754 0.341585 -0.161175
v -0.069345 0.338845 0.407763
v -0.016057 0.360479 -0.160558
v -0.051196 0.348179 0.408007
v -0.069345 0.338845 0.407763
v -0.072827 0.344246 0.406741
v -0.053559 0.354157 0.407001
v -0.031575 0.353794 0.408230
v -0.051196 0.348179 0.408007
v -0.053559 0.354157 0.407001
v -0.032727 0.360118 0.407238
v -0.018996 0.364307 0.407396
v -0.003256 0.367412 0.443356
v -0.072827 0.344246 0.406741
v -0.072919 0.344149 0.442530
v -0.011236 0.355473 0.408424
v -0.031575 0.353794 0.408230
v -0.032727 0.360118 0.407238
v -0.011132 0.361900 0.407443
v 0.009041 0.353151 0.408579
v -0.011236 0.355473 0.408424
v -0.011132 0.361900 0.407443
v 0.010396 0.359435 0.407608
v 0.028475 0.346918 0.408691
v 0.009041 0.353151 0.408579
v 0.010396 0.359435 0.407608
v 0.031030 0.352818 0.407727
v 0.085654 0.316020 0.407873
v 0.046321 0.337014 0.408756
v 0.028475 0.346918 0.408691
v 0.031030 0.352818 0.407727
v 0.049977 0.342302 0.407796
v 0.061891 0.323818 0.408770
v 0.046321 0.337014 0.408756
v 0.049977 0.342302 0.407796
v 0.066508 0.328292 0.407810
v 0.081209 0.312285 0.443580
v 0.074588 0.307839 0.408733
v 0.061891 0.323818 0.408770
v 0.066508 0.328292 0.407810
v 0.079989 0.311327 0.407771
v 0.083924 0.289690 0.408647
v 0.074588 0.307839 0.408733
v 0.079989 0.311327 0.407771
v 0.089902 0.292058 0.407680
v 0.079989 0.311327 0.407771
v 0.083152 0.312855 0.443553
v 0.101510 0.246100 0.407413
v 0.089540 0.270069 0.408515
v 0.083924 0.289690 0.408647
v 0.089902 0.292058 0.407680
v 0.095864 0.271225 0.407540
v 0.096675 0.229728 0.443001
v 0.083838 0.289598 0.442356
v 0.089454 0.269977 0.442223
v 0.095772 0.271128 0.443329
v 0.089810 0.291960 0.443469
v 0.089454 0.269977 0.442223
v 0.090812 0.249641 0.442175
v 0.097214 0.249537 0.443278
v 0.095772 0.271128 0.443329
v 0.094766 0.246312 0.442106
v 0.077482 0.309187 0.476142
v 0.090212 0.230890 0.475625
v 0.090812 0.249641 0.442175
v 0.088814 0.229361 0.441843
v 0.095093 0.228005 0.442925
v 0.097214 0.249537 0.443278
v 0.088814 0.229361 0.441843
v 0.082583 0.209927 0.441609
v 0.088477 0.207372 0.442676
v 0.095093 0.228005 0.442925
v 0.049946 0.154794 0.441860
v 0.049326 0.155753 0.406073
v 0.082583 0.209927 0.441609
v 0.072680 0.192083 0.441358
v 0.077963 0.188426 0.442410
v 0.088477 0.207372 0.442676
v 0.072680 0.192083 0.441358
v 0.059486 0.176514 0.441099
v 0.063955 0.171896 0.442135
v 0.077963 0.188426 0.442410
v 0.045621 0.161218 0.440842
v 0.046205 0.160314 0.474549
v 0.059486 0.176514 0.441099
v 0.043507 0.163818 0.440842
v 0.046990 0.158416 0.441862
v 0.063955 0.171896 0.442135
v 0.043507 0.163818 0.440842
v 0.043421 0.163726 0.474550
v -0.022193 0.141815 0.473772
v -0.007195 0.144923 0.440225
v 0.043507 0.163818 0.440842
v 0.025359 0.154483 0.440597
v 0.027722 0.148506 0.441602
v 0.046990 0.158416 0.441862
v 0.047082 0.158514 0.406073
v 0.046990 0.158416 0.441862
v -0.006750 0.138453 0.405418
v 0.025359 0.154483 0.440597
v 0.005738 0.148869 0.440374
v 0.006890 0.142545 0.441365
v 0.027722 0.148506 0.441602
v 0.005738 0.148869 0.440374
v -0.014602 0.147190 0.440181
v -0.014705 0.140762 0.441160
v 0.006890 0.142545 0.441365
v -0.014602 0.147190 0.440181
v -0.034878 0.149512 0.440025
v -0.036234 0.143227 0.440995
v -0.014705 0.140762 0.441160
v -0.105761 0.190403 0.439776
v -0.034878 0.149512 0.440025
v -0.054313 0.155745 0.439913
v -0.056868 0.149845 0.440876
v -0.036234 0.143227 0.440995
v -0.054313 0.155745 0.439913
v -0.072158 0.165649 0.439849
v -0.075814 0.160360 0.440808
v -0.056868 0.149845 0.440876
v -0.101748 0.193738 0.473562
v -0.072158 0.165649 0.439849
v -0.087728 0.178844 0.439835
v -0.092346 0.174370 0.440793
v -0.075814 0.160360 0.440808
v -0.087728 0.178844 0.439835
v -0.100426 0.194823 0.439871
v -0.105827 0.191336 0.440832
v -0.092346 0.174370 0.440793
v -0.100426 0.194823 0.439871
v -0.109762 0.212972 0.439957
v -0.115739 0.210605 0.440923
v -0.105827 0.191336 0.440832
v -0.100426 0.194823 0.439871
v -0.103564 0.193210 0.473485
v -0.120688 0.256223 0.440311
v -0.109762 0.212972 0.439957
v -0.115378 0.232594 0.440090
v -0.121702 0.231437 0.441064
v -0.115739 0.210605 0.440923
v -0.115378 0.232594 0.440090
v -0.116738 0.252927 0.440394
v -0.123146 0.253026 0.441386
v -0.121702 0.231437 0.441064
v -0.116238 0.271840 0.474201
v -0.116738 0.252927 0.440394
v -0.114738 0.273210 0.440470
v -0.121022 0.274560 0.441468
v -0.123146 0.253026 0.441386
v -0.114738 0.273210 0.440470
v -0.108507 0.292644 0.440704
v -0.114407 0.295193 0.441716
v -0.121022 0.274560 0.441468
v -0.108507 0.292644 0.440704
v -0.098604 0.310488 0.440955
v -0.103892 0.314139 0.441983
v -0.114407 0.295193 0.441716
v -0.072302 0.342074 0.475181
v -0.071545 0.341353 0.441471
v -0.098604 0.310488 0.440955
v -0.085410 0.326057 0.441214
v -0.089884 0.330670 0.442258
v -0.103892 0.314139 0.441983
v -0.085410 0.326057 0.441214
v -0.069431 0.338753 0.441471
v -0.072919 0.344149 0.442530
v -0.089884 0.330670 0.442258
v -0.069431 0.338753 0.441471
v -0.051283 0.348088 0.441716
v -0.053651 0.354060 0.442790
v -0.072919 0.344149 0.442530
v -0.069431 0.338753 0.441471
v -0.069518 0.338662 0.475180
v -0.003904 0.360572 0.475958
v -0.018729 0.357648 0.442088
v -0.051283 0.348088 0.441716
v -0.031662 0.353702 0.441939
v -0.032819 0.360021 0.443027
v -0.053651 0.354060 0.442790
v -0.031662 0.353702 0.441939
v -0.011322 0.355381 0.442132
v -0.011224 0.361803 0.443232
v -0.032819 0.360021 0.443027
v -0.011322 0.355381 0.442132
v 0.008954 0.353059 0.442288
v 0.010304 0.359338 0.443397
v -0.011224 0.361803 0.443232
v 0.008954 0.353059 0.442288
v 0.028389 0.346826 0.442400
v 0.030938 0.352720 0.443516
v 0.010304 0.359338 0.443397
v 0.079837 0.312167 0.442537
v 0.028389 0.346826 0.442400
v 0.046234 0.336922 0.442464
v 0.049885 0.342205 0.443585
v 0.030938 0.352720 0.443516
v 0.075650 0.308650 0.476168
v 0.046234 0.336922 0.442464
v 0.061804 0.323727 0.442478
v 0.066416 0.328195 0.443600
v 0.049885 0.342205 0.443585
v 0.061804 0.323727 0.442478
v 0.074502 0.307747 0.442442
v 0.079897 0.311230 0.443561
v 0.066416 0.328195 0.443600
v 0.074502 0.307747 0.442442
v 0.074502 0.307747 0.442442
v 0.083838 0.289598 0.442356
v 0.089810 0.291960 0.443469
v 0.079897 0.311230 0.443561
v 0.065786 0.301519 0.602223
v 0.078321 0.309567 0.476168
v 0.083751 0.289507 0.476064
v 0.074415 0.307656 0.476150
v 0.086630 0.315541 0.476330
v 0.097270 0.294858 0.476232
v 0.074415 0.307656 0.476150
v 0.061718 0.323635 0.476187
v 0.072160 0.333752 0.476372
v 0.086630 0.315541 0.476330
v 0.066104 0.302016 0.602272
v 0.075177 0.308272 0.476135
v 0.053504 0.315579 0.602270
v 0.064994 0.301120 0.602237
v 0.085528 0.314376 0.602539
v 0.071058 0.332587 0.602580
v 0.079189 0.286972 0.602230
v 0.073014 0.298975 0.602287
v 0.064994 0.301120 0.602237
v 0.073442 0.284697 0.602159
v 0.073014 0.298975 0.602287
v 0.083163 0.305527 0.602436
v 0.085528 0.314376 0.602539
v 0.064994 0.301120 0.602237
v 0.083163 0.305527 0.602436
v 0.073014 0.298975 0.602287
v 0.073014 0.298975 0.643116
v 0.083163 0.305527 0.643265
v 0.073949 0.299449 0.602297
v 0.073595 0.299270 0.643125
v 0.085637 0.306763 0.602472
v 0.086487 0.307181 0.643302
v 0.083163 0.305527 0.602436
v 0.090421 0.291417 0.602369
v 0.096168 0.293692 0.602440
v 0.085528 0.314376 0.602539
v 0.073014 0.298975 0.643116
v 0.079189 0.286972 0.643059
v 0.090421 0.291417 0.643198
v 0.083163 0.305527 0.643265
v 0.079189 0.286972 0.643059
v 0.084604 0.268052 0.642931
v 0.096488 0.270221 0.643055
v 0.090421 0.291417 0.643198
v 0.084604 0.268052 0.642931
v 0.086224 0.248439 0.642764
v 0.098303 0.248248 0.642868
v 0.096488 0.270221 0.643055
v 0.094508 0.210147 0.601658
v 0.093602 0.210420 0.642487
v 0.096488 0.270221 0.602226
v 0.098303 0.248248 0.602039
v 0.104484 0.248150 0.602092
v 0.102569 0.271330 0.602290
v 0.090421 0.291417 0.602369
v 0.096488 0.270221 0.602226
v 0.102569 0.271330 0.602290
v 0.096168 0.293692 0.602440
v 0.100952 0.295867 0.476273
v 0.101010 0.295010 0.602495
v 0.090715 0.249550 0.475888
v 0.089367 0.269885 0.475932
v 0.103671 0.272496 0.476081
v 0.105586 0.249316 0.475884
v 0.089367 0.269885 0.475932
v 0.083751 0.289507 0.476064
v 0.097270 0.294858 0.476232
v 0.103671 0.272496 0.476081
v 0.097270 0.294858 0.476232
v 0.086630 0.315541 0.476330
v 0.091929 0.316036 0.473015
v 0.103136 0.294249 0.472911
v 0.099072 0.293357 0.604146
v 0.100203 0.294553 0.474572
v 0.103136 0.294249 0.472911
v 0.091929 0.316036 0.473015
v 0.090768 0.314808 0.605954
v 0.101976 0.293022 0.605851
v 0.085528 0.314376 0.602539
v 0.096168 0.293692 0.602440
v 0.101976 0.293022 0.605851
v 0.090768 0.314808 0.605954
v 0.090956 0.314852 0.474779
v 0.089353 0.313819 0.603338
v 0.088727 0.229270 0.475551
v 0.090715 0.249550 0.475888
v 0.105586 0.249316 0.475884
v 0.102942 0.226207 0.475647
v 0.097564 0.203518 0.475391
v 0.095809 0.202557 0.601596
v 0.082496 0.209836 0.475317
v 0.088727 0.229270 0.475551
v 0.102942 0.226207 0.475647
v 0.095840 0.204059 0.475381
v 0.098303 0.248248 0.602039
v 0.095797 0.226344 0.601815
v 0.101840 0.225042 0.601856
v 0.104484 0.248150 0.602092
v 0.095797 0.226344 0.601815
v 0.090953 0.211235 0.601633
v 0.094738 0.202894 0.601589
v 0.101840 0.225042 0.601856
v 0.086224 0.248439 0.642764
v 0.083987 0.228888 0.642564
v 0.095797 0.226344 0.642644
v 0.098303 0.248248 0.642868
v 0.083987 0.228888 0.642564
v 0.079866 0.216034 0.642410
v 0.090953 0.211235 0.642462
v 0.095797 0.226344 0.642644
v 0.079866 0.216034 0.601581
v 0.090953 0.211235 0.601633
v 0.090953 0.211235 0.642462
v 0.079866 0.216034 0.642410
v 0.084924 0.214531 0.601631
v 0.086088 0.214209 0.642458
v 0.079866 0.216034 0.601581
v 0.083987 0.228888 0.601736
v 0.077945 0.230189 0.601695
v 0.072306 0.212604 0.601483
v 0.090953 0.211235 0.601633
v 0.079866 0.216034 0.601581
v 0.072306 0.212604 0.601483
v 0.094738 0.202894 0.601589
v 0.083987 0.228888 0.601736
v 0.086224 0.248439 0.601936
v 0.080044 0.248537 0.601883
v 0.077945 0.230189 0.601695
v 0.086224 0.248439 0.601936
v 0.084604 0.268052 0.602103
v 0.078524 0.266942 0.602039
v 0.080044 0.248537 0.601883
v 0.084604 0.268052 0.602103
v 0.079189 0.286972 0.602230
v 0.073442 0.284697 0.602159
v 0.078524 0.266942 0.602039
v 0.081707 0.231457 0.601714
v 0.088866 0.224815 0.475538
v 0.045515 0.161178 0.474489
v 0.072306 0.212604 0.601483
v 0.063345 0.196457 0.601256
v 0.083452 0.182557 0.601303
v 0.094738 0.202894 0.601589
v 0.063345 0.196457 0.601256
v 0.051406 0.182369 0.601022
v 0.068415 0.164814 0.601008
v 0.083452 0.182557 0.601303
v 0.037844 0.169769 0.600804
v 0.085406 0.182992 0.475095
v 0.083452 0.182557 0.601303
v 0.050909 0.149469 0.600713
v 0.094738 0.202894 0.601589
v 0.083452 0.182557 0.601303
v 0.090604 0.173478 0.605974
v 0.102730 0.195327 0.606282
v 0.083452 0.182557 0.601303
v 0.084554 0.183723 0.475094
v 0.091788 0.174730 0.470382
v 0.090604 0.173478 0.605974
v 0.091788 0.174730 0.470382
v 0.103913 0.196579 0.470690
v 0.102730 0.195327 0.606282
v 0.090604 0.173478 0.605974
v 0.084554 0.183723 0.475094
v 0.095840 0.204059 0.475381
v 0.103913 0.196579 0.470690
v 0.091788 0.174730 0.470382
v 0.095840 0.204059 0.475381
v 0.094738 0.202894 0.601589
v 0.102730 0.195327 0.606282
v 0.103913 0.196579 0.470690
v 0.059399 0.176422 0.474807
v 0.072593 0.191991 0.475066
v 0.084554 0.183723 0.475094
v 0.069517 0.165979 0.474799
v 0.072593 0.191991 0.475066
v 0.082496 0.209836 0.475317
v 0.095840 0.204059 0.475381
v 0.084554 0.183723 0.475094
v 0.051307 0.151510 0.474506
v 0.043421 0.163726 0.474550
v 0.059399 0.176422 0.474807
v 0.069517 0.165979 0.474799
v 0.051307 0.151510 0.474506
v 0.051815 0.150508 0.474502
v 0.051022 0.148733 0.600707
v 0.025272 0.154391 0.474306
v 0.043421 0.163726 0.474550
v 0.051307 0.151510 0.474506
v 0.030624 0.140872 0.474228
v 0.036947 0.170880 0.600789
v 0.020525 0.162434 0.600568
v 0.029522 0.139706 0.600436
v 0.050205 0.150345 0.600715
v 0.051406 0.182369 0.601022
v 0.036947 0.170880 0.600789
v 0.050205 0.150345 0.600715
v 0.068415 0.164814 0.601008
v 0.026594 0.141149 0.600424
v 0.006765 0.135475 0.600198
v 0.019218 0.159779 0.600531
v 0.026594 0.141149 0.600424
v 0.023878 0.141719 0.600465
v 0.024015 0.130426 0.651044
v 0.023665 0.142591 0.600412
v 0.017911 0.157125 0.600496
v 0.017911 0.146317 0.651178
v 0.023665 0.131783 0.651094
v 0.017911 0.146317 0.651178
v 0.003562 0.142210 0.651015
v 0.006370 0.126834 0.650898
v 0.023665 0.131783 0.651094
v 0.018202 0.155999 0.600454
v 0.018089 0.145593 0.651223
v 0.003562 0.142210 0.651015
v -0.015704 0.140620 0.650832
v -0.015950 0.124992 0.650686
v 0.006370 0.126834 0.650898
v -0.049732 0.155745 0.600024
v -0.049970 0.144141 0.650536
v -0.015669 0.153631 0.600169
v 0.003166 0.155186 0.600347
v 0.003166 0.155186 0.600351
v 0.019218 0.159779 0.600534
v -0.032575 0.156482 0.600042
v 0.038270 0.168205 0.600725
v 0.045345 0.159824 0.474556
v -0.047591 0.150466 0.473619
v -0.034446 0.155781 0.600026
v -0.015669 0.153631 0.600171
v -0.050345 0.160880 0.599935
v -0.034446 0.155781 0.600027
v -0.034910 0.142820 0.650685
v -0.049123 0.147378 0.650603
v -0.055331 0.133033 0.650416
v -0.038200 0.127539 0.650515
v -0.015704 0.140620 0.650832
v -0.034910 0.142820 0.650685
v -0.038200 0.127539 0.650515
v -0.015950 0.124992 0.650686
v -0.049123 0.158186 0.599920
v -0.055331 0.143842 0.599734
v -0.055331 0.133033 0.650416
v -0.049123 0.147378 0.650603
v -0.056343 0.139979 0.599653
v -0.056061 0.130113 0.650538
v -0.038664 0.136194 0.599809
v -0.058304 0.142493 0.599696
v -0.058304 0.142493 0.599695
v -0.050345 0.160880 0.599934
v -0.051568 0.163575 0.599949
v -0.067716 0.172537 0.599891
v -0.081614 0.152431 0.599583
v -0.061276 0.141144 0.599657
v -0.116616 0.183674 0.473337
v -0.023445 0.130246 0.473657
v -0.031343 0.129858 0.599814
v -0.116792 0.183273 0.599561
v -0.054399 0.155653 0.473622
v -0.034965 0.149420 0.473734
v -0.038026 0.135206 0.473576
v -0.060174 0.142309 0.473448
v -0.072245 0.165557 0.473557
v -0.054399 0.155653 0.473622
v -0.060174 0.142309 0.473448
v -0.080512 0.153597 0.473375
v -0.087815 0.178753 0.473543
v -0.072245 0.165557 0.473557
v -0.080512 0.153597 0.473375
v -0.098257 0.168635 0.473359
v -0.100512 0.194732 0.473580
v -0.087815 0.178753 0.473543
v -0.098257 0.168635 0.473359
v -0.112728 0.186846 0.473400
v -0.081806 0.184477 0.599878
v -0.093295 0.198937 0.599911
v -0.113830 0.185681 0.599609
v -0.099359 0.167470 0.599567
v -0.067716 0.172537 0.599891
v -0.081806 0.184477 0.599878
v -0.099359 0.167470 0.599567
v -0.081614 0.152431 0.599583
v -0.096336 0.196436 0.599884
v -0.101274 0.194116 0.473540
v -0.094086 0.198538 0.599875
v -0.104418 0.192821 0.473494
v -0.093295 0.198937 0.599911
v -0.101743 0.215360 0.599989
v -0.124470 0.206364 0.599707
v -0.113830 0.185681 0.599609
v -0.112905 0.232005 0.600045
v -0.109191 0.219027 0.599958
v -0.101743 0.215360 0.599989
v -0.106825 0.233115 0.600109
v -0.109191 0.219027 0.599958
v -0.120423 0.214582 0.599819
v -0.124470 0.206364 0.599707
v -0.101743 0.215360 0.599989
v -0.110200 0.218745 0.599949
v -0.109818 0.218852 0.640778
v -0.120423 0.214582 0.599819
v -0.109191 0.219027 0.599958
v -0.109191 0.219027 0.640786
v -0.120423 0.214582 0.640647
v -0.109191 0.219027 0.640786
v -0.112905 0.232005 0.640874
v -0.124790 0.229836 0.640750
v -0.120423 0.214582 0.640647
v -0.123091 0.213852 0.599787
v -0.124006 0.213608 0.640615
v -0.112905 0.232005 0.640874
v -0.114526 0.251617 0.641041
v -0.126605 0.251809 0.640937
v -0.124790 0.229836 0.640750
v -0.124790 0.229836 0.599921
v -0.126605 0.251809 0.600108
v -0.132785 0.251906 0.600055
v -0.130870 0.228726 0.599858
v -0.120423 0.214582 0.599819
v -0.124790 0.229836 0.599921
v -0.130870 0.228726 0.599858
v -0.124470 0.206364 0.599707
v -0.126735 0.299799 0.474321
v -0.124449 0.207227 0.473486
v -0.126210 0.205878 0.599688
v -0.126688 0.298288 0.600537
v -0.116815 0.252835 0.474106
v -0.115464 0.232502 0.473798
v -0.129768 0.229892 0.473649
v -0.131683 0.253072 0.473847
v -0.115464 0.232502 0.473798
v -0.109848 0.212881 0.473666
v -0.123368 0.207530 0.473499
v -0.129768 0.229892 0.473649
v -0.109848 0.212881 0.473666
v -0.100512 0.194732 0.473580
v -0.112728 0.186846 0.473400
v -0.123368 0.207530 0.473499
v -0.124470 0.206364 0.599707
v -0.123368 0.207530 0.473499
v -0.131592 0.200307 0.468668
v -0.132776 0.199055 0.604260
v -0.123368 0.207530 0.473499
v -0.112728 0.186846 0.473400
v -0.120161 0.178086 0.468562
v -0.131592 0.200307 0.468668
v -0.131592 0.200307 0.468668
v -0.120161 0.178086 0.468562
v -0.121345 0.176834 0.604154
v -0.132776 0.199055 0.604260
v -0.112728 0.186846 0.473400
v -0.113830 0.185681 0.599609
v -0.121345 0.176834 0.604154
v -0.120161 0.178086 0.468562
v -0.113830 0.185681 0.599609
v -0.124470 0.206364 0.599707
v -0.132776 0.199055 0.604260
v -0.121345 0.176834 0.604154
v -0.114825 0.273118 0.474179
v -0.116815 0.252835 0.474106
v -0.131683 0.253072 0.473847
v -0.129039 0.276180 0.474083
v -0.108593 0.292552 0.474413
v -0.114825 0.273118 0.474179
v -0.129039 0.276180 0.474083
v -0.121937 0.298328 0.474350
v -0.126605 0.251809 0.600108
v -0.124099 0.273713 0.600333
v -0.130141 0.275015 0.600292
v -0.132785 0.251906 0.600055
v -0.124099 0.273713 0.600333
v -0.117367 0.294707 0.600585
v -0.123039 0.297163 0.600558
v -0.130141 0.275015 0.600292
v -0.112943 0.310340 0.600764
v -0.112107 0.309897 0.641591
v -0.112289 0.271169 0.641241
v -0.106280 0.289908 0.641466
v -0.117367 0.294707 0.641414
v -0.124099 0.273713 0.641161
v -0.114526 0.251617 0.641041
v -0.112289 0.271169 0.641241
v -0.124099 0.273713 0.641161
v -0.126605 0.251809 0.640937
v -0.106280 0.289908 0.641466
v -0.099730 0.301710 0.641632
v -0.109668 0.308580 0.641609
v -0.117367 0.294707 0.641414
v -0.099730 0.301710 0.600804
v -0.109668 0.308580 0.600781
v -0.109668 0.308580 0.641609
v -0.099730 0.301710 0.641632
v -0.117367 0.294707 0.600585
v -0.109668 0.308580 0.600781
v -0.111753 0.317499 0.600845
v -0.123039 0.297163 0.600558
v -0.109668 0.308580 0.600781
v -0.099730 0.301710 0.600804
v -0.091646 0.303600 0.600892
v -0.111753 0.317499 0.600845
v -0.091646 0.303600 0.600892
v -0.079707 0.317688 0.601126
v -0.096717 0.335243 0.601140
v -0.111753 0.317499 0.600845
v -0.111504 0.319396 0.474635
v -0.111753 0.317499 0.600845
v -0.079211 0.350587 0.601434
v -0.123039 0.297163 0.600558
v -0.111753 0.317499 0.600845
v -0.117035 0.318098 0.604170
v -0.128923 0.296677 0.603869
v -0.114394 0.317799 0.602507
v -0.113263 0.318996 0.472933
v -0.115874 0.319326 0.471231
v -0.127762 0.297905 0.470929
v -0.128923 0.296677 0.603869
v -0.117035 0.318098 0.604170
v -0.110651 0.318665 0.474636
v -0.121937 0.298328 0.474350
v -0.127762 0.297905 0.470929
v -0.115874 0.319326 0.471231
v -0.124850 0.298116 0.472639
v -0.125981 0.296920 0.602213
v -0.067750 0.332217 0.601387
v -0.113279 0.287020 0.474327
v -0.070134 0.339424 0.475154
v -0.110067 0.259111 0.600304
v -0.106280 0.289908 0.600638
v -0.112289 0.271169 0.600412
v -0.106246 0.269867 0.600453
v -0.100607 0.287453 0.600665
v -0.112289 0.271169 0.600412
v -0.114526 0.251617 0.600212
v -0.108345 0.251520 0.600265
v -0.106246 0.269867 0.600453
v -0.104398 0.304172 0.600766
v -0.105477 0.304715 0.641597
v -0.114526 0.251617 0.600212
v -0.112905 0.232005 0.600045
v -0.106825 0.233115 0.600109
v -0.108345 0.251520 0.600265
v -0.099730 0.301710 0.600804
v -0.106280 0.289908 0.600638
v -0.100607 0.287453 0.600665
v -0.091646 0.303600 0.600892
v -0.079707 0.317688 0.601126
v -0.065249 0.329176 0.601359
v -0.078507 0.349712 0.601433
v -0.096717 0.335243 0.601140
v -0.066570 0.331853 0.601321
v -0.071443 0.342563 0.475224
v -0.065525 0.331079 0.601163
v -0.064921 0.354665 0.664218
v -0.087258 0.361100 0.601615
v -0.065249 0.329176 0.601359
v -0.065249 0.355855 0.663273
v -0.085480 0.368771 0.663348
v -0.065249 0.355855 0.663273
v -0.048827 0.359181 0.663495
v -0.057824 0.368130 0.663626
v -0.078507 0.363941 0.663347
v -0.078507 0.363941 0.663347
v -0.060113 0.370562 0.663907
v -0.085330 0.368855 0.663347
v -0.060136 0.370568 0.663966
v -0.036648 0.373097 0.664206
v -0.048827 0.359181 0.663495
v -0.031072 0.361182 0.663697
v -0.035462 0.370650 0.663880
v -0.057824 0.368130 0.663626
v -0.036661 0.373103 0.664220
v -0.012293 0.373860 0.664436
v -0.031072 0.361182 0.663697
v -0.012667 0.361780 0.663871
v -0.012282 0.371403 0.664101
v -0.035462 0.370650 0.663880
v -0.012301 0.373861 0.664392
v 0.011991 0.372815 0.664576
v -0.012667 0.361780 0.663871
v 0.005681 0.360953 0.664012
v 0.010827 0.370361 0.664278
v -0.012282 0.371403 0.664101
v -0.001136 0.344840 0.602341
v 0.039636 0.356431 0.664684
v 0.005681 0.360953 0.664012
v 0.023267 0.358732 0.664114
v 0.032975 0.367564 0.664406
v 0.010827 0.370361 0.664278
v 0.023267 0.358732 0.664114
v 0.039415 0.355203 0.664172
v 0.053313 0.363120 0.664479
v 0.032975 0.367564 0.664406
v 0.039415 0.327519 0.602257
v 0.013422 0.342358 0.602154
v 0.021494 0.351923 0.476082
v 0.039415 0.327519 0.602257
v 0.053504 0.315579 0.602270
v 0.071058 0.332587 0.602580
v 0.053313 0.347625 0.602564
v 0.039415 0.327519 0.602257
v 0.060285 0.359749 0.602599
v 0.059924 0.368115 0.664389
v 0.039415 0.355203 0.664172
v 0.055146 0.349643 0.476370
v 0.053313 0.347625 0.602564
v 0.053313 0.347625 0.602564
v 0.054415 0.348791 0.476356
v 0.061241 0.361270 0.476356
v 0.060025 0.360105 0.602564
v 0.046147 0.336830 0.476173
v 0.028302 0.346735 0.476109
v 0.034077 0.360078 0.476282
v 0.054415 0.348791 0.476356
v 0.054415 0.348791 0.476356
v 0.034077 0.360078 0.476282
v 0.038814 0.372558 0.476282
v 0.061241 0.361270 0.476356
v 0.061718 0.323635 0.476187
v 0.046147 0.336830 0.476173
v 0.054415 0.348791 0.476356
v 0.072160 0.333752 0.476372
v 0.061241 0.361270 0.476356
v 0.014718 0.380762 0.476167
v 0.059410 0.362099 0.665020
v 0.034077 0.360078 0.476282
v 0.011929 0.367182 0.476154
v 0.014391 0.379661 0.476154
v 0.038814 0.372558 0.476282
v 0.013026 0.376326 0.664240
v 0.011929 0.367182 0.476154
v -0.011180 0.369828 0.475977
v -0.011090 0.382307 0.475977
v 0.014391 0.379661 0.476154
v 0.012935 0.376163 0.664202
v 0.014391 0.382571 0.476154
v 0.013023 0.381982 0.664202
v 0.013864 0.381207 0.476160
v 0.013864 0.387027 0.476152
v 0.014391 0.385481 0.476154
v -0.036729 0.387337 0.475766
v 0.012983 0.382726 0.664338
v -0.036651 0.383304 0.475757
v -0.038081 0.382619 0.663972
v 0.013092 0.375875 0.664286
v 0.013092 0.381694 0.664293
v -0.037866 0.378474 0.663880
v -0.038019 0.376602 0.663778
v -0.038108 0.382421 0.663778
v 0.011979 0.372811 0.664485
v 0.035242 0.370004 0.664626
v 0.035222 0.370000 0.664516
v 0.053313 0.363120 0.664479
v 0.060025 0.368034 0.664479
v -0.036651 0.383304 0.475757
v -0.036651 0.380394 0.475757
v -0.084588 0.364386 0.475229
v -0.085682 0.366768 0.663235
v -0.038047 0.377166 0.663973
v -0.011180 0.369828 0.475977
v -0.034360 0.367914 0.475757
v -0.036651 0.380394 0.475757
v -0.011090 0.382307 0.475977
v -0.034360 0.367914 0.475757
v -0.056722 0.361516 0.475503
v -0.061308 0.373995 0.475503
v -0.036651 0.380394 0.475757
v -0.031749 0.353611 0.475648
v -0.051370 0.347996 0.475424
v -0.056722 0.361516 0.475503
v -0.034360 0.367914 0.475757
v -0.011409 0.355289 0.475841
v -0.031749 0.353611 0.475648
v -0.034360 0.367914 0.475757
v -0.011180 0.369828 0.475977
v 0.008868 0.352968 0.475996
v -0.011409 0.355289 0.475841
v -0.011180 0.369828 0.475977
v 0.011929 0.367182 0.476154
v -0.056722 0.361516 0.475503
v -0.077405 0.350878 0.475224
v -0.084115 0.363357 0.475224
v -0.061308 0.373995 0.475503
v -0.051370 0.347996 0.475424
v -0.069518 0.338662 0.475180
v -0.077405 0.350878 0.475224
v -0.056722 0.361516 0.475503
v -0.077405 0.350878 0.475224
v -0.078507 0.349712 0.601433
v -0.085330 0.362192 0.601433
v -0.084115 0.363357 0.475224
v -0.069518 0.338662 0.475180
v -0.085496 0.325966 0.474923
v -0.095614 0.336409 0.474931
v -0.077405 0.350878 0.475224
v -0.077405 0.350878 0.475224
v -0.085496 0.325966 0.474923
v -0.098690 0.310396 0.474664
v -0.110651 0.318665 0.474636
v -0.095614 0.336409 0.474931
v 0.028302 0.346735 0.476109
v 0.008868 0.352968 0.475996
v 0.011929 0.367182 0.476154
v 0.034077 0.360078 0.476282
v -0.098690 0.310396 0.474664
v -0.108593 0.292552 0.474413
v -0.121937 0.298328 0.474350
v -0.110651 0.318665 0.474636
v -0.034965 0.149420 0.473734
v -0.014688 0.147098 0.473890
v -0.014917 0.132560 0.473753
v -0.038026 0.135206 0.473576
v -0.014688 0.147098 0.473890
v 0.005651 0.148777 0.474082
v 0.008263 0.134473 0.473973
v -0.014917 0.132560 0.473753
v 0.005651 0.148777 0.474082
v 0.025272 0.154391 0.474306
v 0.030624 0.140872 0.474228
v 0.008263 0.134473 0.473973
v 0.006765 0.135475 0.600199
v -0.015985 0.133597 0.599983
v -0.015985 0.133597 0.599983
v -0.038664 0.136194 0.599809
v 0.025446 0.154575 0.406888
v 0.043594 0.163909 0.407133
v 0.047082 0.158514 0.406073
v 0.027814 0.148603 0.405813
v 0.077179 0.310579 -0.160204
v 0.074588 0.307839 0.408733
v 0.083924 0.289690 0.408647
v 0.086515 0.292430 -0.160290
v 0.083835 0.292430 -0.160290
v 0.081315 0.289690 0.408647
v 0.081299 0.289709 0.408647
v 0.086761 0.270089 0.408515
v 0.081155 0.292430 -0.160290
v 0.089280 0.272829 -0.160422
v 0.083819 0.292449 -0.160290
v 0.082516 0.315000 -0.160111
v 0.075824 0.308833 0.408751
v -0.003751 0.360757 0.408539
v -0.151140 0.239704 0.534293
v 0.123570 0.235355 0.536652
v -0.151118 0.239731 0.531712
v 0.123592 0.235382 0.534071
v -0.151088 0.240255 0.529185
v 0.123622 0.235906 0.531543
v -0.151051 0.241267 0.526810
v 0.123658 0.236917 0.529169
v -0.151010 0.242718 0.524676
v 0.123700 0.238369 0.527035
v -0.150965 0.244562 0.522870
v 0.123745 0.240213 0.525228
v -0.150919 0.246720 0.521454
v 0.123791 0.242371 0.523813
v -0.150873 0.249115 0.520492
v 0.123837 0.244766 0.522851
v -0.150828 0.251650 0.520009
v 0.123881 0.247301 0.522368
v -0.150788 0.254231 0.520034
v 0.123922 0.249882 0.522393
v -0.150752 0.256758 0.520560
v 0.123957 0.252409 0.522919
v -0.150723 0.259133 0.521570
v 0.123986 0.254784 0.523929
v -0.150702 0.261264 0.523027
v 0.124008 0.256915 0.525386
v -0.150689 0.263074 0.524867
v 0.124020 0.258725 0.527226
v -0.150686 0.264487 0.527028
v 0.124024 0.260138 0.529386
v -0.150691 0.265454 0.529421
v 0.124019 0.261105 0.531780
v -0.150705 0.265934 0.531958
v 0.124005 0.261585 0.534316
v -0.150727 0.265910 0.534539
v 0.123982 0.261561 0.536897
v -0.150758 0.265382 0.537065
v 0.123952 0.261033 0.539424
v -0.150794 0.264373 0.539441
v 0.123916 0.260024 0.541799
v -0.150835 0.262920 0.541574
v 0.123875 0.258571 0.543933
v -0.150880 0.261077 0.543381
v 0.123830 0.256728 0.545740
v -0.150926 0.258919 0.544797
v 0.123784 0.254570 0.547156
v -0.150972 0.256525 0.545760
v 0.123737 0.252175 0.548119
v -0.151017 0.253989 0.546240
v 0.123693 0.249640 0.548598
v -0.151057 0.251408 0.546217
v 0.123652 0.247059 0.548575
v -0.151093 0.248881 0.545690
v 0.123617 0.244532 0.548049
v -0.151122 0.246506 0.544678
v 0.123588 0.242157 0.547037
v -0.151143 0.244372 0.543226
v 0.123567 0.240023 0.545585
v -0.151156 0.242565 0.541383
v 0.123554 0.238216 0.543741
v -0.151160 0.241151 0.539223
v 0.123550 0.236802 0.541582
v -0.151154 0.240185 0.536829
v 0.123555 0.235836 0.539188
v -0.146922 0.507509 0.536803
v -0.113270 0.506976 0.537092
v -0.146900 0.507532 0.534222
v -0.113247 0.507000 0.534511
v -0.113335 0.507126 0.537106
v -0.113122 0.509386 0.537050
v -0.113343 0.507143 0.534564
v -0.113119 0.509399 0.535017
v -0.146936 0.507989 0.539339
v -0.113284 0.507456 0.539628
v -0.113315 0.507601 0.539601
v -0.113114 0.509767 0.539046
v -0.146942 0.508953 0.541734
v -0.113290 0.508421 0.542023
v -0.113280 0.508550 0.541956
v -0.113094 0.510526 0.540930
v -0.146938 0.510369 0.543892
v -0.113286 0.509836 0.544181
v -0.113235 0.509937 0.544083
v -0.113065 0.511636 0.542631
v -0.146925 0.512176 0.545735
v -0.113273 0.511644 0.546024
v -0.113180 0.511710 0.545903
v -0.113025 0.513055 0.544086
v -0.146904 0.514308 0.547191
v -0.113252 0.513776 0.547480
v -0.113119 0.513805 0.547346
v -0.112978 0.514730 0.545240
v -0.146875 0.516685 0.548198
v -0.113223 0.516152 0.548487
v -0.113054 0.516143 0.548356
v -0.112925 0.516601 0.546047
v -0.146839 0.519211 0.548726
v -0.113187 0.518678 0.549015
v -0.112988 0.518637 0.548892
v -0.112869 0.518595 0.546476
v -0.113035 0.516607 0.546154
v 0.092354 0.513942 0.547599
v -0.113000 0.518627 0.546578
v 0.092389 0.515963 0.548023
v -0.112959 0.520692 0.546595
v 0.092430 0.518027 0.548040
v -0.112926 0.521191 0.548932
v -0.112813 0.520638 0.546508
v -0.112915 0.522720 0.546211
v 0.092474 0.520056 0.547656
v -0.112869 0.523708 0.548472
v -0.112760 0.522651 0.546140
v -0.146799 0.521792 0.548750
v -0.113146 0.521259 0.549039
v -0.146754 0.524328 0.548273
v -0.113102 0.523796 0.548562
v -0.146708 0.526721 0.547305
v -0.113056 0.526188 0.547594
v -0.112820 0.526089 0.547527
v -0.112710 0.524555 0.545384
v -0.146662 0.528881 0.545892
v -0.113010 0.528349 0.546181
v -0.112780 0.528241 0.546133
v -0.112667 0.526276 0.544270
v -0.112869 0.524636 0.545441
v 0.092520 0.521971 0.546886
v -0.112823 0.526363 0.544309
v 0.092567 0.523698 0.545754
v -0.112778 0.527834 0.542861
v 0.092611 0.525169 0.544306
v -0.112751 0.530080 0.544344
v -0.112632 0.527747 0.542838
v -0.112737 0.528998 0.541157
v 0.092652 0.526334 0.542602
v -0.112732 0.531534 0.542227
v -0.112605 0.528910 0.541146
v -0.146617 0.530722 0.544083
v -0.112965 0.530189 0.544372
v -0.146576 0.532177 0.541951
v -0.112924 0.531644 0.542240
v -0.146539 0.533186 0.539575
v -0.112887 0.532653 0.539864
v -0.112725 0.532545 0.539866
v -0.112588 0.529718 0.539257
v -0.146509 0.533713 0.537049
v -0.112857 0.533180 0.537338
v -0.112730 0.533074 0.537352
v -0.112582 0.530142 0.537247
v -0.112701 0.529806 0.539257
v 0.092689 0.527141 0.540702
v -0.112671 0.530228 0.537236
v 0.092719 0.527563 0.538681
v -0.112648 0.530246 0.535171
v 0.092741 0.527582 0.536616
v -0.112745 0.533101 0.534783
v -0.112585 0.530163 0.535192
v -0.112634 0.529862 0.533142
v 0.092755 0.527198 0.534587
v -0.112771 0.532623 0.532259
v -0.112599 0.529782 0.533173
v -0.146487 0.533737 0.534468
v -0.112835 0.533204 0.534757
v -0.146473 0.533256 0.531931
v -0.112821 0.532724 0.532220
v -0.146467 0.532291 0.529537
v -0.112815 0.531759 0.529826
v -0.112805 0.531662 0.529878
v -0.112621 0.529012 0.531268
v -0.146471 0.530876 0.527378
v -0.112819 0.530344 0.527667
v -0.112848 0.530252 0.527731
v -0.112652 0.527885 0.529552
v -0.112629 0.529089 0.531228
v 0.092761 0.526424 0.532673
v -0.112633 0.527958 0.529500
v 0.092757 0.525293 0.530945
v -0.112896 0.528451 0.525903
v -0.112690 0.526445 0.528089
v -0.112646 0.526513 0.528026
v 0.092744 0.523848 0.529471
v -0.112949 0.526327 0.524463
v -0.112733 0.524746 0.526937
v -0.112667 0.524806 0.526864
v 0.092723 0.522142 0.528309
v -0.113004 0.523964 0.523467
v -0.112780 0.522856 0.526140
v -0.112696 0.522907 0.526055
v 0.092694 0.520242 0.527500
v -0.113061 0.521453 0.522953
v -0.112830 0.520847 0.525728
v -0.112731 0.520885 0.525635
v 0.092658 0.518221 0.527080
v -0.113116 0.518892 0.522940
v -0.112880 0.518798 0.525718
v -0.112772 0.518821 0.525614
v 0.092618 0.516157 0.527059
v -0.113169 0.516378 0.523428
v -0.112929 0.516787 0.526108
v -0.112816 0.516792 0.525996
v 0.092574 0.514128 0.527441
v -0.113217 0.514010 0.524396
v -0.112976 0.514893 0.526882
v -0.112862 0.514878 0.526770
v 0.092528 0.512214 0.528215
v -0.113260 0.511879 0.525808
v -0.113018 0.513187 0.528012
v -0.112908 0.513152 0.527902
v 0.092481 0.510487 0.529347
v -0.113295 0.510066 0.527606
v -0.113055 0.511737 0.529450
v -0.112953 0.511678 0.529348
v 0.092437 0.509014 0.530793
v -0.113322 0.508639 0.529721
v -0.113085 0.510596 0.531142
v -0.112994 0.510514 0.531053
v 0.092395 0.507849 0.532498
v -0.113338 0.507653 0.532071
v -0.113107 0.509807 0.533022
v -0.113030 0.509708 0.532953
v 0.092359 0.507043 0.534399
v -0.113060 0.509286 0.534974
v 0.092329 0.506621 0.536420
v 0.092672 0.504320 0.533799
v 0.092446 0.507142 0.534404
v 0.092616 0.503788 0.536307
v 0.092399 0.506717 0.536411
v 0.092516 0.503668 0.536317
v 0.127810 0.503183 0.536581
v 0.092546 0.504195 0.533791
v 0.127840 0.503710 0.534054
v 0.092493 0.503645 0.538899
v 0.127788 0.503159 0.539162
v 0.092562 0.503758 0.538872
v 0.092355 0.506692 0.538463
v 0.092479 0.504125 0.541435
v 0.127774 0.503640 0.541698
v 0.092513 0.504230 0.541395
v 0.092316 0.507070 0.540481
v -0.113097 0.509650 0.539068
v 0.092293 0.506986 0.540513
v -0.113083 0.509267 0.537039
v 0.092307 0.506602 0.538484
v -0.113102 0.510424 0.540982
v 0.092287 0.507759 0.542427
v 0.092470 0.505187 0.543777
v 0.092284 0.507836 0.542386
v -0.113098 0.511555 0.542709
v 0.092291 0.508890 0.544155
v 0.092434 0.506593 0.545927
v 0.092260 0.508961 0.544106
v 0.092478 0.506504 0.545989
v 0.127772 0.506019 0.546252
v 0.092474 0.505090 0.543829
v 0.127768 0.504605 0.544092
v 0.092490 0.508312 0.547831
v 0.127785 0.507827 0.548094
v 0.092407 0.508392 0.547760
v 0.092245 0.510400 0.545572
v 0.092512 0.510446 0.549284
v 0.127806 0.509960 0.549547
v 0.092390 0.510516 0.549205
v 0.092240 0.512099 0.546727
v -0.113086 0.513000 0.544184
v 0.092304 0.510336 0.545629
v -0.113064 0.514707 0.545346
v 0.092325 0.512042 0.546791
v 0.092384 0.512882 0.550206
v 0.092245 0.513991 0.547528
v 0.092541 0.512820 0.550295
v 0.127835 0.512335 0.550558
v 0.092576 0.515347 0.550822
v 0.127871 0.514862 0.551085
v 0.092388 0.515398 0.550725
v 0.092260 0.516003 0.547943
v 0.092617 0.517928 0.550847
v 0.127911 0.517443 0.551110
v 0.092405 0.517966 0.550740
v 0.092285 0.518057 0.547955
v 0.092433 0.520486 0.550252
v 0.092319 0.520072 0.547565
v 0.092661 0.520464 0.550366
v 0.127955 0.519979 0.550629
v 0.092471 0.522859 0.549281
v 0.092361 0.521970 0.546788
v 0.092707 0.522858 0.549402
v 0.128002 0.522373 0.549665
v 0.092519 0.524995 0.547866
v 0.092410 0.523678 0.545656
v 0.092753 0.525016 0.547987
v 0.128048 0.524531 0.548250
v 0.092575 0.526810 0.546062
v 0.092463 0.525130 0.544214
v 0.092798 0.526859 0.546179
v 0.128093 0.526374 0.546442
v 0.092637 0.528236 0.543942
v 0.092519 0.526270 0.542518
v 0.092839 0.528312 0.544046
v 0.128134 0.527827 0.544309
v 0.092702 0.529219 0.541587
v 0.092575 0.527057 0.540635
v 0.092876 0.529322 0.541671
v 0.128170 0.528837 0.541934
v 0.092767 0.529725 0.539090
v 0.092628 0.527462 0.538638
v 0.092906 0.529849 0.539144
v 0.128200 0.529364 0.539407
v 0.092830 0.529736 0.536547
v 0.092677 0.527471 0.536603
v 0.092928 0.529873 0.536563
v 0.128223 0.529388 0.536826
v 0.092886 0.529254 0.534051
v 0.092717 0.527086 0.534607
v 0.092943 0.529393 0.534027
v 0.128237 0.528907 0.534290
v 0.092933 0.528299 0.531699
v 0.092749 0.526322 0.532725
v 0.092948 0.528426 0.531633
v 0.128242 0.527941 0.531896
v 0.092968 0.526906 0.529575
v 0.092770 0.525209 0.531026
v 0.092944 0.527014 0.529473
v 0.128239 0.526529 0.529736
v 0.092991 0.525129 0.527761
v 0.092780 0.523788 0.529575
v 0.092931 0.525204 0.527632
v 0.128226 0.524719 0.527895
v 0.093001 0.523033 0.526324
v 0.092779 0.522111 0.528425
v 0.092910 0.523072 0.526178
v 0.128204 0.522587 0.526441
v 0.092881 0.520697 0.525166
v 0.128176 0.520212 0.525429
v 0.092998 0.520695 0.525320
v 0.092768 0.520241 0.527621
v 0.092846 0.518170 0.524640
v 0.128140 0.517685 0.524903
v 0.092983 0.518203 0.524789
v 0.092747 0.518248 0.527196
v 0.092805 0.515589 0.524615
v 0.128099 0.515104 0.524879
v 0.092958 0.515653 0.524752
v 0.092718 0.516207 0.527167
v 0.092761 0.513053 0.525095
v 0.128055 0.512568 0.525358
v 0.092924 0.513141 0.525214
v 0.092682 0.514198 0.527536
v 0.092714 0.510660 0.526061
v 0.128009 0.510175 0.526324
v 0.092883 0.510766 0.526158
v 0.092641 0.512298 0.528291
v 0.092668 0.508501 0.527475
v 0.127963 0.508015 0.527738
v 0.092835 0.508619 0.527549
v 0.092595 0.510580 0.529404
v 0.092623 0.506659 0.529283
v 0.127918 0.506174 0.529546
v 0.092783 0.506784 0.529334
v 0.092546 0.509112 0.530832
v 0.092582 0.505205 0.531415
v 0.127877 0.504720 0.531678
v 0.092728 0.505332 0.531444
v 0.092496 0.507951 0.532520
v -0.146833 0.509069 0.529320
v -0.113181 0.508536 0.529609
v -0.146869 0.508059 0.531695
v -0.113217 0.507526 0.531984
v -0.146792 0.510523 0.527187
v -0.113140 0.509990 0.527476
v -0.146747 0.512364 0.525378
v -0.113095 0.511831 0.525667
v -0.146701 0.514524 0.523966
v -0.113049 0.513991 0.524255
v -0.146655 0.516917 0.523000
v -0.113003 0.516384 0.523289
v -0.146610 0.519453 0.522519
v -0.112958 0.518920 0.522808
v -0.146570 0.522034 0.522544
v -0.112918 0.521501 0.522833
v -0.146534 0.524560 0.523072
v -0.112882 0.524028 0.523361
v -0.146505 0.526936 0.524081
v -0.112853 0.526403 0.524370
v -0.146484 0.529069 0.525536
v -0.112832 0.528536 0.525824
v -0.143394 0.536416 0.520726
v -0.143297 0.543564 0.522540
v -0.142758 0.542581 0.524073
v -0.142845 0.536193 0.522452
v -0.147996 0.244269 0.517988
v -0.143394 0.536416 0.520726
v -0.142845 0.536193 0.522452
v -0.147439 0.244498 0.519718
v -0.147439 0.244498 0.519718
v -0.147505 0.240889 0.520726
v -0.147505 0.240889 0.520726
v -0.147559 0.238831 0.523186
v -0.148075 0.239907 0.519205
v -0.147996 0.244269 0.517988
v -0.148096 0.240216 0.522213
v -0.148118 0.237768 0.520243
v -0.148031 0.241482 0.516970
v -0.135651 0.241286 0.517076
v -0.148124 0.237157 0.519802
v -0.135743 0.236961 0.519908
v -0.135994 0.234974 0.545455
v -0.148375 0.235170 0.545349
v -0.148170 0.235386 0.521917
v -0.135790 0.235190 0.522023
v -0.148342 0.236904 0.544707
v -0.148148 0.237109 0.522552
v -0.135985 0.236481 0.547177
v -0.148366 0.236677 0.547071
v -0.148299 0.239645 0.544747
v -0.148354 0.237203 0.546727
v -0.147741 0.238638 0.544065
v -0.147732 0.240130 0.545770
v -0.147559 0.238831 0.523186
v -0.147741 0.238638 0.544065
v -0.147732 0.240130 0.545770
v -0.147674 0.244550 0.547100
v -0.147674 0.244550 0.547100
v -0.143099 0.534996 0.549823
v -0.148260 0.244288 0.548826
v -0.148328 0.239156 0.547282
v -0.143679 0.535137 0.551553
v -0.148260 0.244288 0.548826
v -0.135976 0.237986 0.548900
v -0.135899 0.243830 0.550659
v -0.148279 0.244026 0.550552
v -0.148357 0.238182 0.548794
v -0.148279 0.244026 0.550552
v -0.135899 0.243830 0.550659
v -0.131311 0.535083 0.553389
v -0.143692 0.535279 0.553282
v -0.143541 0.543957 0.551771
v -0.143692 0.535279 0.553282
v -0.131311 0.535083 0.553389
v -0.131161 0.543761 0.551877
v -0.143539 0.543225 0.550143
v -0.143679 0.535137 0.551553
v -0.143500 0.545764 0.550331
v -0.131120 0.545568 0.550437
v -0.130870 0.547596 0.525130
v -0.143251 0.547792 0.525023
v -0.143459 0.547572 0.548891
v -0.131079 0.547376 0.548997
v -0.130879 0.545973 0.523121
v -0.143259 0.546169 0.523015
v -0.143328 0.543143 0.525384
v -0.143273 0.545592 0.523446
v -0.143284 0.546058 0.525627
v -0.143479 0.545851 0.548052
v -0.142749 0.544325 0.526231
v -0.142758 0.542581 0.524073
v -0.142932 0.544131 0.547212
v -0.142749 0.544325 0.526231
v -0.142969 0.542493 0.548516
v -0.142932 0.544131 0.547212
v -0.143099 0.534996 0.549823
v -0.142969 0.542493 0.548516
v -0.143521 0.543048 0.547692
v -0.143507 0.545181 0.549950
v -0.130887 0.544351 0.521112
v -0.130995 0.536444 0.519106
v -0.143376 0.536640 0.519000
v -0.143268 0.544547 0.521006
v -0.135604 0.243844 0.516363
v -0.147985 0.244040 0.516257
v -0.143376 0.536640 0.519000
v -0.130995 0.536444 0.519106
v 0.124252 0.540311 0.523303
v 0.124144 0.532405 0.521297
v 0.111763 0.532601 0.521190
v 0.111871 0.540507 0.523197
v 0.119535 0.239804 0.518554
v 0.107154 0.240000 0.518448
v 0.111763 0.532601 0.521190
v 0.124144 0.532405 0.521297
v 0.107108 0.237444 0.519163
v 0.119488 0.237248 0.519269
v 0.119529 0.239935 0.519543
v 0.119443 0.235251 0.520851
v 0.124133 0.532277 0.522283
v 0.119529 0.239935 0.519543
v 0.118757 0.235812 0.521719
v 0.118834 0.240066 0.520532
v 0.118834 0.240066 0.520532
v 0.123435 0.532149 0.523269
v 0.123435 0.532149 0.523269
v 0.123531 0.539189 0.525055
v 0.123531 0.539189 0.525055
v 0.123543 0.541576 0.528010
v 0.124250 0.542566 0.527665
v 0.124235 0.539750 0.524179
v 0.124235 0.539750 0.524179
v 0.124133 0.532277 0.522283
v 0.124260 0.541934 0.525312
v 0.111880 0.542130 0.525206
v 0.124269 0.543557 0.527320
v 0.111888 0.543753 0.527214
v 0.111680 0.543533 0.551082
v 0.124060 0.543337 0.551188
v 0.124049 0.542353 0.550708
v 0.124250 0.542566 0.527665
v 0.111639 0.541725 0.552522
v 0.124019 0.541529 0.552628
v 0.111598 0.539917 0.553961
v 0.111447 0.531240 0.555473
v 0.123828 0.531044 0.555579
v 0.123978 0.539721 0.554067
v 0.123835 0.530963 0.554591
v 0.123980 0.539303 0.553138
v 0.123980 0.539303 0.553138
v 0.124049 0.542353 0.550708
v 0.123293 0.538885 0.552208
v 0.123154 0.530882 0.553603
v 0.123349 0.541370 0.550229
v 0.123293 0.538885 0.552208
v 0.123543 0.541576 0.528010
v 0.123349 0.541370 0.550229
v 0.123154 0.530882 0.553603
v 0.118574 0.240090 0.550877
v 0.118574 0.240090 0.550877
v 0.118507 0.235060 0.549363
v 0.119251 0.239941 0.551863
v 0.123835 0.530963 0.554591
v 0.119179 0.234503 0.550227
v 0.119251 0.239941 0.551863
v 0.119163 0.233947 0.551091
v 0.119240 0.239791 0.552849
v 0.106860 0.239987 0.552743
v 0.106782 0.234143 0.550985
v 0.106860 0.239987 0.552743
v 0.119240 0.239791 0.552849
v 0.123828 0.531044 0.555579
v 0.111447 0.531240 0.555473
v 0.119154 0.232440 0.549369
v 0.106773 0.232636 0.549263
v 0.119164 0.231926 0.547279
v 0.119179 0.234503 0.550227
v 0.119145 0.230935 0.547646
v 0.106764 0.231131 0.547540
v 0.106969 0.231347 0.524108
v 0.119349 0.231151 0.524214
v 0.107015 0.233117 0.521992
v 0.119396 0.232921 0.522098
v 0.119443 0.235251 0.520851
v 0.119362 0.232135 0.524577
v 0.119362 0.232135 0.524577
v 0.119164 0.231926 0.547279
v 0.118686 0.233120 0.524939
v 0.118757 0.235812 0.521719
v 0.118494 0.232917 0.546912
v 0.118686 0.233120 0.524939
v 0.118507 0.235060 0.549363
v 0.118494 0.232917 0.546912
v 0.087078 0.225001 0.926540
v 0.088137 0.230863 0.934160
v 0.070182 0.302437 0.927130
v 0.069621 0.302100 0.934675
v 0.069581 0.302331 0.927123
v 0.069944 0.302623 0.934684
v 0.019032 0.341749 0.927066
v -0.005829 0.349407 0.934482
v -0.068622 0.331062 0.926219
v -0.066756 0.327346 0.933756
v -0.067288 0.328122 0.926203
v -0.069444 0.330477 0.933761
v -0.110566 0.268589 0.925273
v -0.111446 0.252806 0.932670
v -0.093670 0.191150 0.924684
v -0.093241 0.191347 0.932246
v -0.093067 0.191258 0.924690
v -0.093563 0.190824 0.932236
v -0.033533 0.147976 0.924788
v -0.017781 0.144040 0.932440
v 0.043907 0.164866 0.925605
v 0.043137 0.166101 0.933166
v 0.043800 0.165468 0.925611
v 0.044098 0.164966 0.933164
v 0.089571 0.237541 0.670325
v 0.089071 0.262405 0.702194
v 0.087724 0.249785 0.702063
v 0.085675 0.268359 0.702227
v 0.086023 0.231180 0.701868
v 0.087724 0.249786 0.702063
v 0.087567 0.233654 0.707995
v 0.077381 0.202490 0.701509
v 0.087672 0.249729 0.708156
v 0.085971 0.231124 0.707961
v 0.085623 0.268303 0.708320
v 0.087673 0.249729 0.708156
v 0.085973 0.231122 0.707961
v 0.080595 0.213196 0.707743
v 0.047644 0.168616 0.707015
v 0.080598 0.213188 0.707743
v 0.071738 0.196630 0.707508
v 0.052287 0.160175 0.707009
v 0.050121 0.162204 0.720976
v 0.071740 0.196615 0.707508
v 0.059747 0.182060 0.707264
v 0.059747 0.182040 0.707264
v 0.045080 0.170047 0.707024
v 0.045077 0.170026 0.707024
v 0.028295 0.161061 0.706794
v 0.045765 0.166930 0.707017
v 0.047941 0.162343 0.720958
v 0.028289 0.161043 0.706794
v 0.010038 0.155450 0.706586
v -0.041871 0.151104 0.706122
v 0.010030 0.155439 0.706586
v -0.008983 0.153437 0.706405
v -0.008992 0.153437 0.706405
v -0.028045 0.155100 0.706258
v -0.053737 0.159000 0.720062
v -0.028053 0.155110 0.706257
v -0.046404 0.160376 0.706154
v -0.046410 0.160393 0.706154
v -0.063358 0.169059 0.706092
v -0.063362 0.169080 0.706092
v -0.078252 0.180808 0.706081
v -0.078252 0.180828 0.706081
v -0.090517 0.195168 0.706116
v -0.090623 0.193788 0.720080
v -0.090504 0.193921 0.706116
v -0.090515 0.195183 0.706116
v -0.099685 0.211582 0.706194
v -0.091814 0.193215 0.706096
v -0.091437 0.193350 0.720067
v -0.099683 0.211590 0.706194
v -0.105397 0.229418 0.706320
v -0.109639 0.254809 0.720495
v -0.108706 0.270662 0.706685
v -0.105396 0.229420 0.706320
v -0.107444 0.247992 0.706481
v -0.107444 0.247992 0.706481
v -0.105746 0.266598 0.706676
v -0.105748 0.266600 0.706676
v -0.100366 0.284526 0.706895
v -0.097346 0.192663 0.699928
v -0.107340 0.264069 0.706641
v -0.097046 0.295353 0.700944
v -0.067417 0.329110 0.707622
v -0.100369 0.284534 0.706895
v -0.091513 0.301094 0.707129
v -0.091515 0.301108 0.707129
v -0.079522 0.315663 0.707373
v -0.067639 0.332483 0.721584
v -0.065428 0.330187 0.707616
v -0.079522 0.315683 0.707373
v -0.064851 0.327674 0.707613
v -0.066764 0.333129 0.707631
v -0.066425 0.332122 0.721590
v -0.064848 0.327695 0.707613
v -0.048070 0.336661 0.707842
v -0.064780 0.326016 0.701521
v -0.064780 0.326016 0.701521
v -0.065238 0.326750 0.707618
v -0.017782 0.344086 0.702099
v -0.003786 0.344154 0.708312
v -0.048064 0.336679 0.707843
v -0.029814 0.342272 0.708051
v -0.029805 0.342283 0.708051
v -0.010789 0.344286 0.708234
v 0.005943 0.346176 0.722339
v 0.020895 0.343812 0.708478
v -0.010779 0.344286 0.708234
v 0.008270 0.342622 0.708378
v 0.008278 0.342612 0.708378
v 0.026628 0.337346 0.708484
v 0.075424 0.305679 0.702513
v 0.073706 0.304068 0.708575
v 0.026635 0.337328 0.708484
v 0.043583 0.328663 0.708544
v 0.043586 0.328642 0.708544
v 0.058480 0.316913 0.708557
v 0.073746 0.306355 0.722539
v 0.071437 0.304396 0.708535
v 0.058480 0.316893 0.708557
v 0.070745 0.302554 0.708524
v 0.077712 0.307400 0.708618
v 0.080288 0.308530 0.722616
v 0.070743 0.302539 0.708524
v 0.079910 0.286141 0.708442
v 0.077677 0.305170 0.702526
v 0.073466 0.302921 0.708562
v 0.079908 0.286133 0.708442
v 0.085625 0.268305 0.708320
v 0.079962 0.286197 0.702350
v 0.070795 0.302595 0.702431
v 0.085677 0.268361 0.702227
v 0.079960 0.286189 0.702349
v 0.072359 0.304862 0.670814
v 0.070783 0.303857 0.702431
v 0.022417 0.346974 0.670788
v 0.073914 0.306545 0.702482
v 0.071050 0.304157 0.670797
v 0.070796 0.302610 0.702431
v 0.058532 0.316950 0.702465
v 0.058531 0.316969 0.702465
v 0.043638 0.328699 0.702452
v -0.003771 0.348553 0.702219
v 0.043635 0.328720 0.702452
v 0.026686 0.337385 0.702392
v 0.026680 0.337402 0.702392
v 0.008330 0.342669 0.702286
v 0.008322 0.342678 0.702286
v -0.010728 0.344343 0.702141
v -0.010737 0.344342 0.702141
v -0.029754 0.342339 0.701959
v -0.065216 0.331147 0.669893
v -0.065218 0.330352 0.701525
v -0.029762 0.342329 0.701959
v -0.048012 0.336735 0.701750
v -0.048018 0.336718 0.701750
v -0.064796 0.327751 0.701521
v -0.066551 0.332224 0.669893
v -0.065740 0.330674 0.701524
v -0.064799 0.327730 0.701521
v -0.079470 0.315739 0.701281
v -0.109780 0.264779 0.700527
v -0.079470 0.315720 0.701281
v -0.091464 0.301164 0.701037
v -0.106102 0.270009 0.668968
v -0.091462 0.301150 0.701037
v -0.100318 0.284590 0.700802
v -0.100315 0.284583 0.700802
v -0.105696 0.266657 0.700583
v -0.105695 0.266655 0.700584
v -0.107392 0.248048 0.700388
v -0.093831 0.192345 0.668339
v -0.107393 0.248048 0.700388
v -0.105344 0.229476 0.700227
v -0.091266 0.193540 0.700011
v -0.105346 0.229474 0.700227
v -0.099631 0.211646 0.700102
v -0.093240 0.194801 0.706076
v -0.099633 0.211638 0.700101
v -0.090464 0.195239 0.700023
v -0.095093 0.192154 0.699940
v -0.093478 0.193655 0.706063
v -0.090465 0.195224 0.700023
v -0.078200 0.180884 0.699988
v -0.053570 0.159193 0.700006
v -0.090452 0.193978 0.700023
v -0.090183 0.194278 0.668390
v -0.078200 0.180864 0.699988
v -0.063310 0.169136 0.700000
v -0.063307 0.169115 0.700000
v -0.046358 0.160450 0.700061
v -0.015991 0.153570 0.706325
v -0.001891 0.153748 0.700353
v -0.046352 0.160432 0.700062
v -0.028001 0.155166 0.700165
v -0.027993 0.155157 0.700165
v -0.008940 0.153493 0.700312
v -0.041549 0.151460 0.668397
v 0.048110 0.162533 0.700902
v -0.008931 0.153493 0.700312
v 0.010082 0.155496 0.700493
v 0.046083 0.167287 0.669291
v 0.010090 0.155506 0.700493
v 0.028341 0.161099 0.700702
v 0.045467 0.170973 0.707019
v 0.045112 0.171817 0.700931
v 0.028347 0.161117 0.700702
v 0.045128 0.170082 0.700931
v 0.045112 0.171817 0.700931
v 0.045131 0.170104 0.700931
v 0.059798 0.182096 0.701172
v 0.060051 0.180862 0.669539
v 0.059782 0.180564 0.701171
v 0.045112 0.168296 0.700931
v 0.045378 0.168596 0.669296
v 0.060773 0.180287 0.669539
v 0.063030 0.178016 0.701176
v 0.059798 0.182116 0.701172
v 0.071792 0.196671 0.701415
v 0.071790 0.196686 0.701415
v 0.080649 0.213245 0.701650
v 0.080647 0.213252 0.701650
v 0.086025 0.231178 0.701868
v 0.087309 0.254179 0.980284
v 0.087374 0.240139 0.987707
v 0.069168 0.301595 0.988135
v 0.068421 0.301229 0.980570
v 0.069125 0.301826 0.980583
v 0.069490 0.302117 0.988142
v 0.018586 0.341241 0.980523
v 0.003584 0.346162 0.987998
v -0.069077 0.330557 0.979680
v -0.067647 0.327652 0.987218
v -0.067742 0.327615 0.979662
v -0.069897 0.329972 0.987220
v -0.107155 0.277078 0.978849
v -0.111900 0.252298 0.986130
v -0.096462 0.189420 0.978112
v -0.093693 0.190841 0.985702
v -0.100881 0.184125 0.978025
v -0.094015 0.190319 0.985695
v -0.037650 0.149683 0.985790
v 0.046350 0.158688 0.979035
v 0.044158 0.162824 0.986609
v 0.047017 0.160771 0.979059
v 0.045371 0.162465 0.986617
v 0.074947 0.304323 1.034122
v 0.089967 0.239729 1.041194
v 0.067902 0.300651 1.041581
v 0.070353 0.302764 1.034068
v 0.069037 0.301612 1.041601
v 0.012664 0.342250 1.041504
v 0.008127 0.342317 1.033913
v -0.069529 0.330053 1.033137
v -0.069137 0.329104 1.040686
v -0.068195 0.327111 1.033121
v -0.070353 0.329466 1.040678
v -0.111471 0.267589 1.032192
v -0.112352 0.251790 1.039587
v -0.094580 0.190140 1.031602
v -0.094146 0.190335 1.039161
v -0.101334 0.183620 1.031483
v -0.099239 0.185593 1.039072
v 0.047095 0.155417 1.040032
v 0.045896 0.158183 1.032494
v 0.049521 0.157100 1.032514
v 0.043191 0.163957 1.040080
v 0.074947 0.304323 1.114012
v 0.089967 0.239729 1.121083
v 0.067902 0.300651 1.121471
v 0.070353 0.302764 1.113958
v 0.069037 0.301612 1.121490
v 0.012664 0.342250 1.121393
v 0.008127 0.342317 1.113802
v -0.069529 0.330053 1.113026
v -0.069137 0.329104 1.120575
v -0.068195 0.327111 1.113011
v -0.070353 0.329466 1.120568
v -0.111471 0.267589 1.112081
v -0.112352 0.251790 1.119476
v -0.094580 0.190140 1.111491
v -0.094146 0.190335 1.119050
v -0.101334 0.183620 1.111372
v -0.099239 0.185593 1.118962
v 0.000773 0.146807 1.119447
v 0.045896 0.158183 1.112383
v 0.042231 0.165092 1.119971
v 0.049521 0.157100 1.112403
v 0.043191 0.163957 1.119970
v 0.038428 0.284248 1.160672
v 0.030152 0.286333 1.160672
v 0.037629 0.279788 1.160672
v 0.031696 0.287937 1.160672
v 0.046314 0.283862 1.160672
v 0.030899 0.286624 1.126465
v 0.030152 0.286333 1.160672
v 0.026736 0.291241 1.160672
v 0.031308 0.287674 1.160672
v 0.031061 0.287507 1.126465
v 0.029620 0.307493 1.160672
v 0.030030 0.307255 1.126465
v 0.025458 0.297082 1.160672
v 0.026512 0.302968 1.160672
v 0.026736 0.291241 1.160672
v 0.025458 0.297082 1.160672
v 0.025330 0.282689 1.160672
v 0.031390 0.316510 0.467404
v 0.027759 0.284154 0.467404
v 0.028065 0.283858 1.160672
v 0.027541 0.282971 0.467404
v 0.054558 0.283487 1.160672
v 0.054001 0.284353 0.467404
v 0.054296 0.284660 1.160672
v 0.053957 0.284871 0.467404
v 0.055205 0.311492 0.467404
v 0.054668 0.311152 1.160672
v 0.052952 0.310019 1.160672
v 0.054019 0.311777 0.467404
v 0.033365 0.315478 1.160672
v 0.033756 0.313458 0.467404
v 0.033159 0.314294 1.160672
v 0.029739 0.308002 1.160672
v 0.034647 0.311419 1.160672
v 0.026512 0.302968 1.160672
v 0.029739 0.308002 1.160672
v 0.031080 0.306846 1.160672
v 0.030243 0.308141 1.126465
v 0.050899 0.308535 1.160672
v 0.050112 0.307210 1.126465
v 0.043132 0.310501 1.160672
v 0.043931 0.314961 1.160672
v 0.034647 0.311419 1.160672
v 0.051408 0.308415 1.160672
v 0.051408 0.308415 1.160672
v 0.054824 0.303508 1.160672
v 0.053118 0.308560 1.160672
v 0.049865 0.306812 1.126465
v 0.048467 0.282600 1.126465
v 0.056103 0.297666 1.160672
v 0.055048 0.291781 1.160672
v 0.054824 0.303508 1.160672
v 0.056102 0.297666 1.160672
v 0.055048 0.291781 1.160672
v 0.051821 0.286746 1.160672
v 0.051821 0.286746 1.160672
v 0.046914 0.283330 1.160672
v 0.046023 0.285370 1.160672
v 0.046023 0.285370 1.126465
v 0.046914 0.283330 1.160672
v -0.000972 0.306103 1.160672
v -0.010983 0.304111 1.160672
v -0.011866 0.299667 1.160672
v 0.001545 0.302335 1.160672
v -0.003105 0.303576 1.160672
v -0.003368 0.305088 1.126465
v -0.018465 0.306631 1.126465
v -0.017644 0.307928 1.160672
v -0.018941 0.307106 1.160672
v -0.019346 0.306861 1.126465
v -0.019217 0.306354 1.160672
v -0.022540 0.311326 1.160672
v -0.019217 0.306354 1.160672
v -0.020791 0.304780 0.823365
v -0.022221 0.302499 1.160672
v -0.021892 0.303043 0.823365
v -0.008381 0.298788 0.823591
v -0.015423 0.300189 0.823591
v -0.015423 0.300189 0.823591
v -0.021393 0.304178 0.823591
v -0.001339 0.300189 0.823591
v -0.008381 0.298788 0.823591
v 0.004589 0.303919 0.823365
v 0.004372 0.304254 1.160672
v 0.004632 0.304178 0.823591
v -0.001339 0.300189 0.823591
v 0.006311 0.303351 1.160672
v 0.005767 0.303680 0.823365
v 0.008621 0.310148 0.823591
v 0.004632 0.304178 0.823591
v 0.010022 0.317190 0.823591
v 0.008621 0.310148 0.823591
v 0.004890 0.330161 0.823365
v 0.004556 0.329943 1.160672
v 0.008621 0.324233 0.823591
v 0.010022 0.317190 0.823591
v 0.007737 0.302008 0.823818
v 0.007140 0.302368 0.813585
v 0.006178 0.331419 0.813585
v 0.005811 0.331181 0.823818
v 0.004632 0.330203 0.823591
v 0.008621 0.324233 0.823591
v 0.005234 0.330805 0.823818
v 0.006441 0.332712 0.813585
v -0.016135 0.337202 0.823818
v -0.001339 0.334192 0.823591
v 0.004632 0.330203 0.823591
v 0.004029 0.329601 1.160672
v 0.005130 0.331338 0.823365
v -0.015449 0.335432 1.160672
v -0.008381 0.335593 0.823591
v -0.001339 0.334192 0.823591
v -0.015097 0.333405 0.823365
v -0.015423 0.334192 0.823591
v -0.008381 0.335593 0.823591
v -0.015749 0.334979 0.813585
v -0.015749 0.334979 0.823818
v -0.019263 0.339117 0.813585
v -0.026826 0.301097 0.823818
v -0.021393 0.330203 0.823591
v -0.015423 0.334192 0.823591
v -0.025383 0.324233 0.823591
v -0.021393 0.330203 0.823591
v -0.015097 0.333405 1.160672
v -0.018301 0.337177 0.823365
v -0.025194 0.302521 1.160672
v -0.026783 0.317190 0.823591
v -0.025383 0.324233 0.823591
v -0.025383 0.310148 0.823591
v -0.026783 0.317190 0.823591
v -0.021393 0.304178 0.823591
v -0.025383 0.310148 0.823591
v -0.021996 0.303576 0.813585
v -0.023564 0.301073 0.823818
v -0.022371 0.302999 0.813585
v -0.021393 0.304178 0.813812
v -0.015423 0.300189 0.813812
v -0.025383 0.310148 0.813812
v -0.021393 0.304178 0.813812
v -0.025194 0.302521 0.814038
v -0.018301 0.337177 0.467404
v -0.020791 0.304780 0.467404
v -0.022221 0.302499 0.814038
v -0.021892 0.303043 0.467404
v -0.026783 0.317190 0.813812
v -0.025383 0.310148 0.813812
v -0.025383 0.324233 0.813812
v -0.026783 0.317190 0.813812
v -0.021393 0.330203 0.813812
v -0.025383 0.324233 0.813812
v -0.015097 0.333405 0.814038
v -0.015423 0.334192 0.813812
v -0.021393 0.330203 0.813812
v -0.015449 0.335432 0.814038
v 0.005130 0.331338 0.467404
v -0.015097 0.333405 0.467404
v -0.008381 0.335593 0.813812
v -0.015423 0.334192 0.813812
v -0.001339 0.334192 0.813812
v -0.008381 0.335593 0.813812
v 0.004632 0.330203 0.813812
v -0.001339 0.334192 0.813812
v 0.004029 0.329601 0.814038
v 0.004556 0.329943 0.814038
v 0.004890 0.330161 0.467404
v 0.008621 0.324233 0.813812
v 0.004632 0.330203 0.813812
v 0.006311 0.303351 0.814038
v 0.005767 0.303680 0.467404
v 0.010022 0.317190 0.813812
v 0.008621 0.324233 0.813812
v 0.008621 0.310148 0.813812
v 0.010022 0.317190 0.813812
v 0.004632 0.304178 0.813812
v 0.008621 0.310148 0.813812
v 0.005609 0.302999 0.823818
v 0.006802 0.301073 0.813585
v -0.001339 0.300189 0.813812
v 0.004632 0.304178 0.813812
v -0.008381 0.298788 0.813812
v -0.001339 0.300189 0.813812
v 0.004589 0.303919 0.467404
v 0.004372 0.304254 0.814038
v -0.015423 0.300189 0.813812
v -0.008381 0.298788 0.813812
v -0.023706 0.317190 1.160672
v -0.022540 0.323055 1.160672
v -0.022540 0.311326 1.160672
v -0.023706 0.317190 1.160672
v -0.018286 0.326871 1.160672
v -0.018036 0.326709 1.126465
v -0.018465 0.327750 1.160672
v -0.018710 0.328156 1.126465
v -0.019217 0.328027 1.160672
v -0.014246 0.331349 1.160672
v -0.022540 0.323055 1.160672
v -0.019217 0.328027 1.160672
v -0.014246 0.331349 1.160672
v -0.005779 0.330269 1.160672
v -0.004895 0.334714 1.160672
v 0.001300 0.327096 1.160672
v 0.001137 0.326846 1.126465
v 0.003357 0.327930 1.160672
v 0.000882 0.326453 1.126465
v -0.000977 0.302273 1.126465
v 0.002707 0.324599 1.160672
v 0.006475 0.327117 1.160672
v 0.006944 0.317190 1.160672
v 0.006944 0.317190 1.160672
v 0.005778 0.311326 1.160672
v -0.002934 0.304456 1.160672
v 0.005778 0.311326 1.160672
v -0.002516 0.161254 1.160672
v -0.008381 0.160088 1.160672
v -0.003105 0.161798 1.160672
v -0.003368 0.163311 1.126465
v -0.018465 0.164853 1.126465
v -0.008381 0.160088 1.160672
v -0.015790 0.164325 1.160672
v -0.018307 0.160557 1.160672
v -0.017644 0.166150 1.160672
v -0.018941 0.165329 1.160672
v -0.019346 0.165083 1.126465
v -0.022540 0.169548 1.160672
v -0.020791 0.163003 0.467403
v -0.021351 0.162142 1.160672
v -0.021133 0.162477 0.467403
v 0.005459 0.160721 0.467403
v 0.005130 0.161265 1.160672
v 0.006311 0.161573 1.160672
v 0.005767 0.161902 0.467403
v 0.004890 0.188383 0.467403
v 0.004556 0.188165 1.160672
v 0.004029 0.187823 1.160672
v 0.005130 0.189561 0.467403
v -0.015449 0.193654 1.160672
v -0.015097 0.191628 0.467403
v -0.015097 0.191628 1.160672
v -0.018301 0.195400 0.467403
v -0.025194 0.160743 1.160672
v -0.023706 0.175413 1.160672
v -0.022540 0.181278 1.160672
v -0.022540 0.169548 1.160672
v -0.023706 0.175413 1.160672
v -0.018286 0.185094 1.160672
v -0.018036 0.184931 1.126465
v -0.017899 0.185068 1.160672
v -0.018710 0.186378 1.126465
v -0.019217 0.186249 1.160672
v -0.014246 0.189571 1.160672
v -0.022540 0.181278 1.160672
v -0.019217 0.186249 1.160672
v -0.014246 0.189571 1.160672
v -0.005779 0.188492 1.160672
v -0.004895 0.192936 1.160672
v 0.001949 0.186378 1.160672
v 0.001137 0.185068 1.126465
v 0.003357 0.186152 1.160672
v 0.000882 0.184676 1.126465
v -0.000977 0.160495 1.126465
v 0.002456 0.186249 1.160672
v 0.005778 0.181278 1.160672
v 0.002456 0.186249 1.160672
v 0.005778 0.181278 1.160672
v 0.006944 0.175413 1.160672
v 0.006944 0.175413 1.160672
v 0.005778 0.169548 1.160672
v -0.002934 0.162679 1.160672
v -0.002726 0.163080 1.160672
v -0.000804 0.158889 1.160672
v 0.005778 0.169548 1.160672
v -0.064738 0.184002 1.160672
v -0.072206 0.185021 1.160672
v -0.057872 0.177054 1.160672
v -0.066626 0.185791 1.160672
v -0.052008 0.181717 1.160672
v -0.067423 0.184479 1.126465
v -0.072257 0.194841 1.160672
v -0.067907 0.184945 1.160672
v -0.068309 0.184692 1.126465
v -0.067630 0.204719 1.160672
v -0.067377 0.204561 1.126465
v -0.072864 0.194937 1.160672
v -0.071810 0.200823 1.160672
v -0.074072 0.180242 1.160672
v -0.066932 0.214365 0.467403
v -0.070563 0.182008 0.467403
v -0.071099 0.180276 1.160672
v -0.070781 0.180826 0.467403
v -0.044321 0.182208 0.467403
v -0.044545 0.182538 1.160672
v -0.042589 0.181672 1.160672
v -0.044365 0.182726 0.467403
v -0.043117 0.209346 0.467403
v -0.044851 0.208226 1.160672
v -0.045371 0.207874 1.160672
v -0.044303 0.209632 0.467403
v -0.064957 0.213332 1.160672
v -0.064566 0.211313 0.467403
v -0.064566 0.211313 1.160672
v -0.068583 0.205857 1.160672
v -0.063676 0.209273 1.160672
v -0.071810 0.200823 1.160672
v -0.068583 0.205857 1.160672
v -0.067243 0.204701 1.160672
v -0.068079 0.205996 1.126465
v -0.047423 0.206390 1.160672
v -0.048210 0.205064 1.126465
v -0.055190 0.208355 1.160672
v -0.047901 0.210271 1.160672
v -0.064192 0.212147 1.160672
v -0.062785 0.207234 1.160672
v -0.044095 0.201219 1.160672
v -0.045204 0.206415 1.160672
v -0.047823 0.205097 1.126465
v -0.050533 0.180946 1.126465
v -0.042220 0.195521 1.160672
v -0.043274 0.189635 1.160672
v -0.043498 0.201363 1.160672
v -0.042220 0.195521 1.160672
v -0.043274 0.189635 1.160672
v -0.046501 0.184601 1.160672
v -0.046501 0.184601 1.160672
v -0.051408 0.181185 1.160672
v -0.052299 0.183224 1.160672
v -0.052299 0.183224 1.126465
v -0.057292 0.182132 1.160672
v -0.051408 0.181185 1.160672
v -0.057250 0.179907 1.160672
v 0.048452 0.241534 1.160672
v 0.049686 0.252147 1.160672
v 0.045334 0.253668 1.160672
v 0.051332 0.257787 1.160672
v 0.053025 0.237969 1.160672
v 0.052778 0.237801 1.126465
v 0.051742 0.257550 1.126465
v 0.052792 0.257141 1.160672
v 0.052624 0.257388 1.126465
v 0.051451 0.258297 1.160672
v 0.056357 0.261714 1.160672
v 0.048225 0.253262 1.160672
v 0.051451 0.258297 1.160672
v 0.055466 0.263754 1.160672
v 0.052191 0.267463 0.467403
v 0.045968 0.232680 1.160672
v 0.050326 0.235024 0.467403
v 0.048942 0.232715 1.160672
v 0.049260 0.233265 0.467403
v 0.075719 0.234654 0.467403
v 0.075495 0.234984 1.160672
v 0.077451 0.234118 1.160672
v 0.076901 0.234437 0.467403
v 0.075513 0.260896 0.467403
v 0.075182 0.260672 1.160672
v 0.074663 0.260319 1.160672
v 0.075730 0.262078 0.467403
v 0.055075 0.265773 1.160672
v 0.055466 0.263754 0.467403
v 0.056698 0.261203 1.160672
v 0.067273 0.259869 1.160672
v 0.068491 0.264832 1.160672
v 0.072610 0.258835 1.160672
v 0.072373 0.258424 1.126465
v 0.074830 0.258861 1.160672
v 0.071577 0.257112 1.126465
v 0.070185 0.232900 1.126465
v 0.073120 0.258715 1.160672
v 0.076537 0.253809 1.160672
v 0.068085 0.261941 1.160672
v 0.073120 0.258715 1.160672
v 0.076537 0.253809 1.160672
v 0.077817 0.247968 1.160672
v 0.077817 0.247968 1.160672
v 0.076764 0.242082 1.160672
v 0.067741 0.235668 1.160672
v 0.073539 0.237046 1.160672
v 0.068632 0.233629 1.160672
v 0.076764 0.242082 1.160672
v 0.073539 0.237046 1.160672
v 0.068032 0.234161 1.160672
v 0.067741 0.235668 1.126465
v 0.052616 0.236919 1.126465
v 0.068632 0.233629 1.160672
v 0.062791 0.232349 1.160672
v 0.062791 0.232349 1.160672
v 0.056905 0.233402 1.160672
v 0.053413 0.238232 1.160672
v 0.051870 0.236628 1.160672
v 0.048452 0.241534 1.160672
v 0.056905 0.233402 1.160672
v 0.051870 0.236628 1.160672
v -0.093299 0.238795 1.160672
v -0.094579 0.244636 1.160672
v -0.090420 0.255048 1.160672
v -0.088726 0.235229 1.160672
v -0.088973 0.235062 1.126465
v -0.090009 0.254810 1.126465
v -0.094579 0.244636 1.160672
v -0.093526 0.250522 1.160672
v -0.088959 0.254401 1.160672
v -0.089127 0.254648 1.126465
v -0.090300 0.255557 1.160672
v -0.085394 0.258974 1.160672
v -0.093526 0.250522 1.160672
v -0.090300 0.255557 1.160672
v -0.086285 0.261014 1.160672
v -0.088652 0.264065 0.467403
v -0.095783 0.229940 1.160672
v -0.092274 0.231708 0.467403
v -0.092810 0.229975 1.160672
v -0.092491 0.230526 0.467403
v -0.066032 0.231914 0.467403
v -0.066256 0.232244 1.160672
v -0.064300 0.231379 1.160672
v -0.064850 0.231697 0.467403
v -0.066238 0.258156 0.467403
v -0.066569 0.257932 1.160672
v -0.067088 0.257580 1.160672
v -0.066022 0.259338 0.467403
v -0.086676 0.263033 1.160672
v -0.086285 0.261014 0.467403
v -0.073987 0.258677 1.160672
v -0.085911 0.261848 1.160672
v -0.084502 0.256935 1.160672
v -0.069141 0.256095 1.160672
v -0.069378 0.255684 1.126465
v -0.068894 0.255218 1.160672
v -0.070174 0.254372 1.126465
v -0.071566 0.230160 1.126465
v -0.068631 0.255976 1.160672
v -0.065214 0.251069 1.160672
v -0.073666 0.259201 1.160672
v -0.068631 0.255976 1.160672
v -0.065214 0.251069 1.160672
v -0.063934 0.245228 1.160672
v -0.063934 0.245228 1.160672
v -0.064987 0.239342 1.160672
v -0.072814 0.231314 1.160672
v -0.068213 0.234307 1.160672
v -0.073119 0.230889 1.160672
v -0.064987 0.239342 1.160672
v -0.068213 0.234307 1.160672
v -0.074011 0.232929 1.160672
v -0.084526 0.231187 1.160672
v -0.072602 0.228016 1.160672
v -0.073719 0.231421 1.160672
v -0.074011 0.232929 1.126465
v -0.089135 0.234179 1.126465
v -0.088338 0.235492 1.160672
v -0.089882 0.233888 1.160672
v -0.093299 0.238795 1.160672
v -0.084846 0.230662 1.160672
v -0.089882 0.233888 1.160672
v 0.027561 0.202020 1.160672
v 0.030886 0.206990 1.160672
v 0.030757 0.206483 1.160672
v 0.032066 0.205671 1.126465
v 0.030886 0.206990 1.160672
v 0.035860 0.210309 1.160672
v 0.031638 0.206712 1.160672
v 0.031393 0.207118 1.126465
v 0.051403 0.206047 1.160672
v 0.051240 0.205797 1.126465
v 0.041725 0.211472 1.160672
v 0.047589 0.210302 1.160672
v 0.035860 0.210309 1.160672
v 0.041725 0.211472 1.160672
v 0.034659 0.214392 1.160672
v 0.055235 0.210287 0.467403
v 0.035009 0.212366 0.467403
v 0.034429 0.213213 1.160672
v 0.031808 0.216140 0.467403
v 0.025981 0.181768 1.160672
v 0.029299 0.183744 0.467403
v 0.027868 0.181463 1.160672
v 0.028197 0.182007 0.467403
v 0.054679 0.182869 0.467403
v 0.054461 0.183203 1.160672
v 0.056400 0.182299 1.160672
v 0.055856 0.182628 0.467403
v 0.054995 0.209110 0.467403
v 0.054660 0.208892 1.160672
v 0.054134 0.208550 1.160672
v 0.047378 0.208477 1.160672
v 0.055878 0.202004 1.160672
v 0.049302 0.212667 1.160672
v 0.054272 0.207089 1.160672
v 0.052688 0.206470 1.126465
v 0.047605 0.182786 1.126465
v 0.057041 0.196138 1.160672
v 0.055872 0.190274 1.160672
v 0.055878 0.202004 1.160672
v 0.057041 0.196138 1.160672
v 0.055872 0.190274 1.160672
v 0.052547 0.185304 1.160672
v 0.046722 0.184042 1.160672
v 0.052547 0.185304 1.160672
v 0.047573 0.181985 1.160672
v 0.046984 0.182529 1.160672
v 0.046722 0.184042 1.126465
v 0.031626 0.185593 1.126465
v 0.039107 0.183069 1.160672
v 0.038221 0.178626 1.160672
v 0.047573 0.181985 1.160672
v 0.030874 0.185317 1.160672
v 0.032448 0.186890 1.160672
v 0.030874 0.185317 1.160672
v 0.027554 0.190290 1.160672
v 0.032055 0.186634 1.160672
v 0.030745 0.185824 1.126465
v 0.026391 0.196156 1.160672
v 0.027561 0.202020 1.160672
v 0.027554 0.190290 1.160672
v 0.026391 0.196156 1.160672
v -0.072633 0.302329 1.160672
v -0.069308 0.307299 1.160672
v -0.068378 0.306143 1.160672
v -0.068128 0.305980 1.126465
v -0.069308 0.307299 1.160672
v -0.064335 0.310618 1.160672
v -0.067991 0.306117 1.160672
v -0.068153 0.306367 1.126465
v -0.048142 0.307416 1.160672
v -0.048388 0.307010 1.126465
v -0.053749 0.309173 1.160672
v -0.052142 0.313494 1.160672
v -0.064335 0.310618 1.160672
v -0.065536 0.314702 1.160672
v -0.044959 0.310597 0.467404
v -0.065185 0.312675 0.467404
v -0.065766 0.313522 1.160672
v -0.068386 0.316449 0.467404
v -0.074213 0.282077 1.160672
v -0.070896 0.284053 0.467404
v -0.071456 0.283193 1.160672
v -0.071238 0.283527 0.467404
v -0.044647 0.281757 0.467404
v -0.044975 0.282301 1.160672
v -0.043794 0.282608 1.160672
v -0.045549 0.283697 0.467404
v -0.043779 0.310288 0.467404
v -0.045534 0.309201 1.160672
v -0.046061 0.308859 1.160672
v -0.047635 0.307287 1.160672
v -0.044316 0.302313 1.160672
v -0.052605 0.310612 1.160672
v -0.047635 0.307287 1.160672
v -0.047913 0.306534 1.160672
v -0.049210 0.305714 1.126465
v -0.051083 0.281534 1.126465
v -0.052308 0.282713 1.160672
v -0.043153 0.296448 1.160672
v -0.044323 0.290583 1.160672
v -0.044316 0.302313 1.160672
v -0.043153 0.296448 1.160672
v -0.044323 0.290583 1.160672
v -0.051076 0.285364 1.160672
v -0.048560 0.281595 1.160672
v -0.053210 0.282838 1.160672
v -0.053472 0.284351 1.126465
v -0.068568 0.285902 1.126465
v -0.063208 0.283740 1.160672
v -0.064815 0.279418 1.160672
v -0.064351 0.282301 1.160672
v -0.069321 0.285626 1.160672
v -0.067746 0.287199 1.160672
v -0.069044 0.286378 1.160672
v -0.069450 0.286133 1.126465
v -0.067746 0.287199 1.160672
v -0.073198 0.296358 1.160672
v -0.071809 0.284097 1.160672
v -0.073803 0.296465 1.160672
v -0.072633 0.302329 1.160672
v -0.054498 0.502118 -0.382533
v -0.048897 0.467949 -0.442320
v -0.053568 0.465299 -0.451235
v -0.049598 0.495689 -0.390559
v -0.048897 0.467949 -0.442320
v -0.047843 0.445926 -0.415550
v -0.047577 0.435399 -0.435119
v -0.049166 0.478597 -0.422443
v -0.047577 0.435399 -0.435119
v -0.041755 0.430244 -0.433947
v -0.042456 0.457984 -0.382186
v -0.048277 0.463139 -0.383358
v -0.048044 0.453877 -0.400702
v -0.048277 0.463139 -0.383358
v -0.049362 0.486358 -0.407970
v -0.049598 0.495689 -0.390559
v -0.114210 0.266016 -0.162287
v -0.110849 0.225341 -0.162633
v -0.101748 0.304880 -0.161819
v -0.092179 0.189046 -0.162806
v -0.075363 0.336016 -0.161301
v -0.061041 0.162658 -0.162777
v -0.039069 0.354683 -0.160812
v -0.022176 0.150194 -0.162553
v 0.001606 0.358040 -0.160426
v 0.018500 0.153551 -0.162167
v 0.040472 0.345576 -0.160202
v 0.046185 0.166649 -0.161804
v 0.069519 0.186486 -0.161417
v 0.064482 0.326558 -0.160168
v 0.082732 0.301960 -0.160235
v 0.089323 0.222172 -0.160914
v 0.093963 0.262721 -0.160500
v -0.151082 0.239736 0.527562
v -0.151150 0.244813 0.544872
v -0.150803 0.252946 0.519396
v -0.150902 0.260341 0.544612
v -0.150683 0.263367 0.524632
v -0.150722 0.266284 0.534579
v 0.123557 0.234572 0.536722
v 0.123816 0.243151 0.522298
v 0.123582 0.241976 0.547368
v 0.123783 0.254934 0.547852
v 0.124025 0.258267 0.525867
v 0.123988 0.261935 0.536938
v -0.146940 0.507133 0.538188
v -0.146794 0.510234 0.526945
v -0.146870 0.517721 0.549553
v -0.146562 0.522119 0.521761
v -0.146615 0.531011 0.544325
v -0.146459 0.534013 0.531710
v 0.127821 0.503159 0.535257
v 0.127759 0.504789 0.545515
v 0.127985 0.508752 0.526507
v 0.127885 0.516147 0.551723
v 0.128180 0.520324 0.525071
v 0.128143 0.528519 0.544687
v 0.128250 0.528276 0.531722
v -0.147175 0.239533 0.545866
v -0.146953 0.239957 0.520818
v -0.142178 0.543246 0.523916
v -0.142389 0.543319 0.548590
v -0.135726 0.237049 0.518068
v -0.135997 0.236560 0.548758
v -0.131124 0.545914 0.551589
v -0.130865 0.545802 0.521170
v 0.106761 0.232717 0.550843
v 0.107032 0.233206 0.520152
v 0.111634 0.542071 0.553673
v 0.111894 0.541959 0.523254
v 0.118047 0.234559 0.521891
v 0.117804 0.234108 0.549357
v 0.122859 0.540190 0.524990
v 0.122627 0.540280 0.552127
v -0.107605 0.264954 0.925264
v -0.109203 0.236290 0.924988
v -0.098609 0.292228 0.925589
v -0.097762 0.199795 0.924726
v -0.081364 0.315150 0.925961
v -0.080094 0.177182 0.924668
v -0.058750 0.332816 0.926324
v -0.057144 0.159920 0.924702
v -0.031659 0.342303 0.926638
v -0.020459 0.149160 0.924911
v -0.003029 0.344431 0.926904
v 0.008166 0.151284 0.925173
v 0.033655 0.333667 0.927114
v 0.035252 0.160767 0.925490
v 0.056606 0.316408 0.927145
v 0.057876 0.178440 0.925853
v 0.074277 0.293787 0.927085
v 0.075132 0.201389 0.926220
v 0.085715 0.257300 0.926825
v 0.084117 0.228636 0.926550
v -0.109269 0.236225 0.932507
v -0.107669 0.264885 0.932816
v -0.098685 0.292130 0.933146
v -0.097831 0.199730 0.932279
v -0.074692 0.321927 0.933642
v -0.080159 0.177110 0.932220
v -0.057218 0.159857 0.932252
v -0.041121 0.340265 0.934096
v -0.020514 0.149087 0.932463
v -0.003098 0.344358 0.934456
v 0.017501 0.153182 0.932827
v 0.024698 0.337195 0.934626
v 0.049679 0.323059 0.934700
v 0.051074 0.171520 0.933286
v 0.068810 0.301663 0.934664
v 0.075054 0.201288 0.933769
v 0.081730 0.276024 0.934541
v 0.085827 0.237990 0.934204
v -0.107205 0.257923 0.668885
v -0.103106 0.219906 0.668497
v -0.096445 0.294626 0.669295
v -0.084758 0.186336 0.668354
v -0.072454 0.324412 0.669768
v -0.063022 0.167608 0.668368
v -0.047731 0.339008 0.670117
v -0.037160 0.155160 0.668469
v -0.020079 0.346677 0.670423
v -0.008667 0.151659 0.668680
v 0.018019 0.343278 0.670715
v 0.019757 0.155679 0.668957
v 0.043888 0.330828 0.670818
v 0.053318 0.174018 0.669411
v 0.065631 0.312090 0.670827
v 0.077312 0.203808 0.669902
v 0.083972 0.278533 0.670649
v 0.088073 0.240518 0.670358
v -0.107464 0.238233 0.720371
v -0.105865 0.266888 0.720640
v -0.096869 0.294162 0.720961
v -0.099796 0.210574 0.720158
v -0.085205 0.185856 0.720049
v -0.079624 0.317084 0.721337
v -0.057001 0.334756 0.721696
v -0.063461 0.167118 0.720055
v -0.037597 0.154669 0.720157
v -0.020507 0.346190 0.722115
v 0.000508 0.151269 0.720450
v 0.017584 0.342786 0.722406
v 0.037008 0.162708 0.720866
v 0.051486 0.325062 0.722529
v 0.066338 0.187240 0.721344
v 0.076017 0.295722 0.722468
v 0.080471 0.212216 0.721706
v 0.085503 0.268634 0.722284
v 0.087633 0.240024 0.722012
v -0.108058 0.264451 0.978722
v -0.109656 0.235784 0.978451
v -0.099063 0.291721 0.979055
v -0.098217 0.199291 0.978196
v -0.081818 0.314644 0.979419
v -0.073686 0.169951 0.978123
v -0.059196 0.332315 0.979779
v -0.039794 0.152233 0.978240
v -0.032114 0.341800 0.980099
v -0.003478 0.343924 0.980362
v -0.011301 0.148732 0.978452
v 0.017118 0.152751 0.978729
v 0.033214 0.333156 0.980573
v 0.042749 0.165668 0.979070
v 0.063005 0.309161 0.980599
v 0.064146 0.184801 0.979439
v 0.081340 0.275598 0.980422
v 0.081857 0.218675 0.979913
v 0.085360 0.247179 0.980202
v -0.109722 0.235714 0.986000
v -0.106329 0.273806 0.986382
v -0.098281 0.199219 0.985739
v -0.088599 0.307718 0.986848
v -0.080613 0.176606 0.985680
v -0.067210 0.326840 0.987213
v -0.057663 0.159345 0.985713
v -0.041577 0.339758 0.987552
v -0.020978 0.148584 0.985922
v -0.003561 0.343854 0.987916
v 0.007648 0.150708 0.986185
v 0.033141 0.333088 0.988128
v 0.034744 0.160196 0.986502
v 0.056088 0.315830 0.988157
v 0.057358 0.177864 0.986864
v 0.073757 0.293214 0.988097
v 0.074613 0.200812 0.987230
v 0.085196 0.256724 0.987840
v 0.083598 0.228057 0.987561
v -0.108512 0.263944 1.032182
v -0.110111 0.235295 1.031888
v -0.099518 0.291212 1.032507
v -0.102444 0.207630 1.031700
v -0.087848 0.182908 1.031597
v -0.082272 0.314137 1.032879
v -0.059652 0.331811 1.033237
v -0.066108 0.164174 1.031597
v -0.040243 0.151726 1.031699
v -0.023155 0.343246 1.033657
v -0.011754 0.148226 1.031909
v 0.014941 0.339841 1.033948
v 0.016663 0.152244 1.032190
v 0.048838 0.322118 1.034070
v 0.042295 0.165162 1.032530
v 0.063691 0.184296 1.032885
v 0.073367 0.292786 1.033994
v 0.077824 0.209272 1.033248
v 0.082857 0.265690 1.033823
v 0.084985 0.237078 1.033542
v -0.106256 0.216412 1.039296
v -0.110353 0.254445 1.039633
v -0.099580 0.291148 1.040069
v -0.093335 0.190772 1.039173
v -0.075600 0.320915 1.040557
v -0.074196 0.169367 1.039134
v -0.042027 0.339253 1.041011
v -0.049224 0.155241 1.039211
v -0.021432 0.148077 1.039381
v -0.004002 0.343349 1.041373
v 0.007194 0.150203 1.039643
v 0.032684 0.332584 1.041585
v 0.034279 0.159685 1.039964
v 0.055633 0.315326 1.041617
v 0.063614 0.184206 1.040454
v 0.073302 0.292711 1.041545
v 0.077758 0.209200 1.040802
v 0.082791 0.265618 1.041377
v 0.084920 0.237010 1.041093
v -0.108512 0.263944 1.112071
v -0.110111 0.235295 1.111780
v -0.099518 0.291212 1.112395
v -0.102444 0.207630 1.111589
v -0.087848 0.182908 1.111486
v -0.082272 0.314137 1.112768
v -0.059652 0.331811 1.113127
v -0.066108 0.164174 1.111487
v -0.040243 0.151726 1.111589
v -0.023155 0.343246 1.113547
v -0.011754 0.148226 1.111799
v 0.014941 0.339841 1.113838
v 0.016663 0.152244 1.112079
v 0.048838 0.322118 1.113959
v 0.042295 0.165162 1.112419
v 0.063691 0.184296 1.112775
v 0.073367 0.292786 1.113884
v 0.077824 0.209272 1.113138
v 0.082857 0.265690 1.113713
v 0.084985 0.237078 1.113427
v -0.106256 0.216412 1.119184
v -0.110353 0.254445 1.119523
v -0.099580 0.291148 1.119958
v -0.093335 0.190772 1.119062
v -0.075600 0.320915 1.120446
v -0.074196 0.169367 1.119023
v -0.042027 0.339253 1.120901
v -0.049224 0.155241 1.119100
v -0.021432 0.148077 1.119271
v -0.004002 0.343349 1.121263
v 0.007194 0.150203 1.119532
v 0.032684 0.332584 1.121475
v 0.034279 0.159685 1.119854
v 0.055633 0.315326 1.121506
v 0.063614 0.184206 1.120343
v 0.073302 0.292711 1.121434
v 0.077758 0.209200 1.120691
v 0.082791 0.265618 1.121266
v 0.084920 0.237010 1.120987
v 0.031264 0.287489 1.126465
v 0.027654 0.299726 1.126465
v 0.035288 0.309949 1.126465
v 0.046272 0.284800 1.126465
v 0.047976 0.308601 1.126465
v 0.054499 0.297636 1.126465
v 0.023193 0.300525 0.467404
v 0.028031 0.284129 0.467404
v 0.030572 0.312038 0.467404
v 0.043931 0.314961 0.467404
v 0.048138 0.280527 0.467404
v 0.055444 0.307582 0.467404
v 0.058367 0.294224 0.467404
v -0.021460 0.314589 1.126465
v -0.019469 0.324599 1.126465
v -0.015790 0.306103 1.126465
v -0.008381 0.330912 1.126465
v -0.003130 0.304514 1.126465
v 0.002707 0.324599 1.126465
v 0.004698 0.314589 1.126465
v -0.021380 0.330190 0.467404
v -0.025366 0.310155 0.467404
v -0.011866 0.299667 0.467404
v -0.004895 0.334714 0.467404
v 0.001545 0.302335 0.467404
v 0.006475 0.327117 0.467404
v 0.009142 0.313705 0.467404
v -0.018083 0.165710 1.126465
v -0.021460 0.178014 1.126465
v -0.015790 0.186501 1.126465
v -0.005779 0.162334 1.126465
v -0.005779 0.188492 1.126465
v 0.002707 0.168004 1.126465
v 0.004296 0.180664 1.126465
v -0.023237 0.185339 0.467403
v -0.025904 0.171927 0.467403
v -0.015416 0.158428 0.467403
v -0.008381 0.193797 0.467403
v 0.001545 0.160557 0.467403
v 0.006475 0.185339 0.467403
v 0.009142 0.171927 0.467403
v -0.067058 0.185343 1.126465
v -0.070668 0.197581 1.126465
v -0.065161 0.206174 1.126465
v -0.055190 0.208355 1.126465
v -0.052050 0.182655 1.126465
v -0.046597 0.202848 1.126465
v -0.044416 0.192877 1.126465
v -0.074658 0.201939 0.467403
v -0.072206 0.185022 0.467403
v -0.061361 0.212683 0.467403
v -0.060693 0.177643 0.467403
v -0.047901 0.210271 0.467403
v -0.044297 0.182480 0.467403
v -0.040088 0.199048 0.467403
v 0.052981 0.237783 1.126465
v 0.049368 0.250020 1.126465
v 0.057000 0.260245 1.126465
v 0.065348 0.234645 1.126465
v 0.069688 0.258901 1.126465
v 0.073724 0.240479 1.126465
v 0.075521 0.250525 1.126465
v 0.044907 0.250818 0.467403
v 0.047834 0.237460 0.467403
v 0.052283 0.262333 0.467403
v 0.059348 0.230084 0.467403
v 0.069200 0.264789 0.467403
v 0.075743 0.234926 0.467403
v 0.079947 0.251495 0.467403
v -0.090199 0.237310 1.126465
v -0.092032 0.249937 1.126465
v -0.079522 0.258651 1.126465
v -0.078991 0.231213 1.126465
v -0.066683 0.250427 1.126465
v -0.068027 0.237739 1.126465
v -0.096844 0.248078 0.467403
v -0.093918 0.234721 0.467403
v -0.086619 0.261777 0.467403
v -0.078901 0.226551 0.467403
v -0.069619 0.259977 0.467403
v -0.064212 0.235295 0.467403
v -0.061804 0.248756 0.467403
v 0.028636 0.193553 1.126465
v 0.030633 0.203562 1.126465
v 0.034301 0.185063 1.126465
v 0.039122 0.209228 1.126465
v 0.044310 0.183067 1.126465
v 0.049131 0.207231 1.126465
v 0.052800 0.188732 1.126465
v 0.054797 0.198741 1.126465
v 0.023332 0.196158 0.467403
v 0.031782 0.181297 0.467403
v 0.031799 0.211008 0.467403
v 0.045192 0.178622 0.467403
v 0.045212 0.213669 0.467403
v 0.056566 0.186212 0.467403
v 0.058705 0.203173 0.467403
v -0.069570 0.289054 1.126465
v -0.071556 0.299065 1.126465
v -0.065880 0.307548 1.126465
v -0.061087 0.283379 1.126465
v -0.055869 0.309534 1.126465
v -0.048781 0.286748 1.126465
v -0.045798 0.301700 1.126465
v -0.073328 0.306391 0.467404
v -0.076004 0.292981 0.467404
v -0.068413 0.281606 0.467404
v -0.061954 0.313982 0.467404
v -0.055003 0.278931 0.467404
v -0.048544 0.311306 0.467404
v -0.043628 0.286522 0.467404
v -0.040953 0.299932 0.467404
vn -0.1613 0.7950 -0.5847
vn 0.1016 0.9378 -0.3320
vn 0.0954 0.8045 -0.5862
vn 0.4829 0.3642 -0.7964
vn -0.5163 0.3265 -0.7917
vn -0.1763 0.9274 -0.3301
vn 0.0390 -0.9981 0.0472
vn -0.3309 -0.8336 0.4423
vn 0.0357 -0.8806 0.4724
vn -0.1061 -0.0671 0.9921
vn -0.1072 -0.0677 0.9919
vn -0.0560 -0.0465 0.9973
vn 0.0279 -0.6583 0.7523
vn 0.0279 -0.6582 0.7523
vn 0.1160 -0.0559 0.9917
vn 0.0641 -0.0390 0.9972
vn 0.1171 -0.0564 0.9915
vn 0.3979 -0.8064 0.4375
vn 0.5096 -0.6294 0.5867
vn 0.5054 -0.6653 0.5495
vn 0.5099 -0.6271 0.5888
vn 0.9303 -0.3180 0.1830
vn 0.4230 -0.8638 0.2739
vn 0.4241 -0.8644 0.2702
vn 0.3994 -0.8506 0.3418
vn 0.9080 -0.0551 -0.4154
vn 0.9080 -0.0551 -0.4153
vn 0.9991 0.0407 -0.0077
vn 0.9002 0.3887 -0.1961
vn 0.9063 0.1260 0.4034
vn 0.3504 0.8935 -0.2807
vn 0.3516 0.8943 -0.2767
vn 0.3271 0.8784 -0.3484
vn 0.8493 0.3287 0.4131
vn 0.8464 0.3361 0.4130
vn 0.8670 0.2742 0.4160
vn -0.0201 0.5791 0.8150
vn -0.8696 0.2582 0.4208
vn -0.8829 0.2025 0.4238
vn -0.8674 0.2660 0.4207
vn -0.3526 0.1885 0.9166
vn -0.0055 0.2158 0.9764
vn 0.0073 -0.1114 0.9938
vn -0.0961 -0.6764 0.7302
vn -0.0484 -0.6905 0.7217
vn -0.0994 -0.6752 0.7309
vn 0.3434 0.2162 0.9140
vn 0.1525 -0.6681 0.7283
vn 0.1559 -0.6666 0.7290
vn 0.1059 -0.6858 0.7201
vn -0.4535 -0.6660 0.5923
vn -0.4540 -0.6638 0.5943
vn -0.4469 -0.7015 0.5552
vn -0.9080 0.0551 0.4153
vn -0.9002 -0.3887 0.1961
vn -0.9991 -0.0407 0.0077
vn -0.9063 -0.1260 -0.4033
vn -0.9063 -0.1260 -0.4034
vn -0.5096 0.6293 -0.5867
vn -0.5100 0.6270 -0.5889
vn -0.5054 0.6653 -0.5495
vn -0.9303 0.3180 -0.1830
vn -0.1525 0.6681 -0.7283
vn -0.1059 0.6858 -0.7201
vn -0.1559 0.6666 -0.7290
vn -0.0073 0.1114 -0.9937
vn -0.0073 0.1114 -0.9938
vn 0.0960 0.6766 -0.7301
vn 0.0994 0.6753 -0.7308
vn 0.0483 0.6906 -0.7216
vn 0.3526 -0.1885 -0.9166
vn 0.0055 -0.2158 -0.9764
vn 0.0201 -0.5791 -0.8150
vn 0.8697 -0.2582 -0.4208
vn 0.8674 -0.2660 -0.4206
vn 0.8829 -0.2024 -0.4237
vn -0.3434 -0.2162 -0.9140
vn -0.3434 -0.2161 -0.9140
vn -0.8492 -0.3287 -0.4132
vn -0.8670 -0.2742 -0.4161
vn -0.8464 -0.3361 -0.4131
vn -0.3504 -0.8935 0.2807
vn -0.3271 -0.8784 0.3484
vn -0.3516 -0.8943 0.2766
vn 0.4535 0.6660 -0.5923
vn 0.4469 0.7015 -0.5551
vn 0.4539 0.6639 -0.5943
vn 0.6645 0.1870 0.7235
vn 0.9992 0.0389 -0.0073
vn 0.6699 -0.1344 -0.7302
vn -0.0183 0.3988 -0.9169
vn -0.0357 0.8806 -0.4724
vn -0.7132 0.6138 -0.3386
vn -0.0334 0.8931 0.4487
vn -0.6699 0.1344 0.7302
vn -0.9992 -0.0389 0.0073
vn -0.6645 -0.1870 -0.7235
vn -0.0359 0.8863 -0.4617
vn -0.0328 0.8864 -0.4618
vn 0.0045 -0.2024 -0.9793
vn 0.0049 -0.2024 -0.9793
vn 0.0360 -0.8898 0.4549
vn -0.0057 0.2221 0.9750
vn -0.0052 0.2221 0.9750
vn -0.0359 0.8863 -0.4618
vn 0.0329 -0.8899 0.4549
vn -0.4229 0.8638 -0.2739
vn -0.3994 0.8507 -0.3419
vn -0.4240 0.8644 -0.2701
vn 0.4231 -0.0000 0.9061
vn 0.6088 0.0305 0.7928
vn 0.6216 0.1019 0.7767
vn 0.6080 0.0201 0.7937
vn -0.4231 -0.0000 0.9061
vn -0.1692 0.1081 0.9796
vn -0.1929 0.0326 0.9807
vn -0.1958 0.0443 0.9796
vn 0.4329 0.8705 0.2342
vn 0.4330 0.8704 0.2343
vn -0.4329 0.8705 0.2342
vn -0.4330 0.8704 0.2343
vn -0.9960 0.0057 -0.0887
vn -0.9961 0.0071 -0.0883
vn -0.9960 0.0054 -0.0887
vn 0.5119 -0.0123 -0.8590
vn -0.3469 0.9371 0.0390
vn -0.3468 0.9371 0.0390
vn -0.3161 0.8890 -0.3312
vn -0.3162 0.8890 -0.3312
vn -0.0628 0.9806 -0.1856
vn 0.0628 0.9806 -0.1856
vn -0.5118 -0.0123 -0.8590
vn -0.5119 -0.0123 -0.8590
vn 0.3469 0.9371 0.0390
vn 0.3468 0.9371 0.0390
vn 0.3161 0.8890 -0.3312
vn 0.3162 0.8890 -0.3312
vn 0.9948 0.0077 -0.1016
vn 0.9949 0.0062 -0.1011
vn 0.9949 0.0064 -0.1011
vn 0.4483 0.8368 -0.3143
vn 0.4484 0.8368 -0.3143
vn 0.0220 0.9322 -0.3614
vn 0.3765 0.9071 -0.1880
vn 0.3766 0.9071 -0.1879
vn 0.4745 0.8140 -0.3350
vn 0.5626 0.8254 -0.0472
vn 0.2914 0.8601 -0.4186
vn 0.4470 0.7767 -0.4437
vn 0.4871 0.7689 -0.4141
vn 0.5202 0.8496 -0.0870
vn 0.5201 0.8496 -0.0870
vn 0.6391 0.7344 -0.2286
vn 0.6391 0.7344 -0.2287
vn 0.6391 0.7343 -0.2286
vn 0.6472 -0.0000 0.7623
vn 0.7220 -0.0000 0.6919
vn 0.9144 -0.0000 0.4048
vn 0.9601 -0.0000 0.2797
vn 0.7733 0.5781 -0.2603
vn 0.8785 0.3851 -0.2825
vn 0.8786 0.3851 -0.2825
vn 0.8785 0.3852 -0.2825
vn 0.6092 0.6509 -0.4530
vn 0.5951 0.6572 -0.4625
vn 0.6165 0.6469 -0.4488
vn 0.9280 0.3689 0.0520
vn 0.7914 0.6084 -0.0599
vn 0.8202 0.5704 -0.0431
vn 0.4820 0.8422 -0.2416
vn 0.7117 0.6909 -0.1271
vn 0.7117 0.6908 -0.1271
vn 0.6363 0.7615 0.1236
vn 0.6658 0.7206 0.1936
vn 0.6658 0.7205 0.1936
vn 0.6153 0.7532 0.2327
vn 0.6254 0.7280 0.2808
vn 0.6254 0.7281 0.2807
vn 0.6578 0.6959 0.2881
vn 0.6463 0.7157 0.2647
vn 0.6462 0.7158 0.2647
vn 0.6714 0.7270 0.1442
vn 0.6714 0.7269 0.1442
vn 0.6711 0.7272 0.1440
vn 0.6216 0.7558 0.2058
vn 0.6791 0.7334 0.0311
vn 0.6792 0.7333 0.0312
vn 0.6790 0.7334 0.0311
vn 0.6314 0.7742 0.0437
vn 0.6315 0.7742 0.0438
vn 0.6314 0.7742 0.0438
vn 0.6315 0.7741 0.0438
vn 0.5838 0.7749 0.2423
vn 0.5837 0.7750 0.2422
vn 0.5757 0.8158 0.0557
vn 0.5757 0.8157 0.0558
vn 0.5758 0.8157 0.0559
vn 0.4871 0.8451 0.2205
vn 0.4871 0.8450 0.2205
vn 0.4468 0.8900 0.0908
vn 0.4469 0.8899 0.0909
vn 0.4469 0.8900 0.0908
vn 0.4229 0.8878 0.1814
vn 0.4229 0.8878 0.1815
vn 0.4040 0.9046 0.1357
vn 0.4041 0.9046 0.1358
vn 0.4041 0.9046 0.1357
vn 0.3650 0.9148 0.1730
vn 0.3652 0.9147 0.1731
vn 0.3651 0.9147 0.1731
vn 0.3728 0.9148 0.1558
vn 0.3727 0.9148 0.1558
vn 0.2944 0.9401 0.1719
vn 0.2691 0.9443 0.1894
vn 0.2692 0.9443 0.1894
vn -0.2691 0.9443 0.1894
vn -0.3651 0.9147 0.1731
vn -0.3652 0.9147 0.1731
vn -0.3653 0.9146 0.1731
vn -0.3727 0.9148 0.1558
vn -0.3728 0.9148 0.1558
vn -0.2944 0.9401 0.1719
vn -0.2945 0.9401 0.1720
vn -0.3841 0.9230 -0.0223
vn -0.3315 0.9434 -0.0052
vn -0.3315 0.9435 -0.0053
vn 0.3314 0.9435 -0.0053
vn 0.3315 0.9435 -0.0053
vn 0.3315 0.9434 -0.0052
vn 0.3355 0.9404 0.0557
vn 0.3356 0.9404 0.0559
vn 0.3356 0.9404 0.0558
vn 0.3356 0.9403 0.0559
vn -0.3358 0.9403 0.0561
vn -0.3356 0.9403 0.0559
vn -0.3356 0.9404 0.0558
vn -0.3356 0.9404 0.0559
vn 0.3546 0.9346 0.0267
vn 0.3547 0.9346 0.0268
vn -0.3547 0.9346 0.0268
vn -0.3546 0.9346 0.0267
vn -0.4277 0.9039 0.0071
vn -0.4038 0.9143 0.0312
vn -0.3642 0.9312 -0.0165
vn -0.3643 0.9312 -0.0165
vn -0.4418 0.8965 -0.0319
vn -0.3671 0.9287 -0.0517
vn -0.0097 -0.0000 -1.0000
vn 0.0093 -0.0000 -1.0000
vn -0.4506 0.8906 -0.0613
vn 0.0442 -0.0000 -0.9990
vn -0.4937 0.8660 -0.0796
vn -0.4870 0.8716 -0.0554
vn -0.5241 0.8468 -0.0903
vn -0.5239 0.8469 -0.0908
vn -0.5225 0.8493 -0.0748
vn -0.5225 0.8494 -0.0749
vn 0.0821 -0.0000 -0.9966
vn 0.1114 -0.0000 -0.9938
vn 0.1159 -0.0000 -0.9933
vn -0.5863 0.8058 -0.0827
vn -0.5864 0.8058 -0.0826
vn -0.5864 0.8058 -0.0825
vn -0.5572 0.8259 -0.0862
vn -0.5604 0.8238 -0.0851
vn -0.5605 0.8238 -0.0850
vn -0.5604 0.8238 -0.0850
vn -0.5878 0.8046 -0.0843
vn -0.5878 0.8046 -0.0842
vn -0.5939 0.7975 -0.1060
vn -0.5816 0.8076 -0.0977
vn -0.6157 0.7801 -0.1115
vn -0.6034 0.7902 -0.1072
vn -0.9875 -0.0000 -0.1578
vn -0.9611 -0.0000 -0.2764
vn -0.9611 -0.0000 -0.2763
vn -0.6314 0.7730 -0.0621
vn -0.6314 0.7730 -0.0622
vn -0.5877 0.8051 -0.0800
vn -0.5878 0.8051 -0.0800
vn -0.6212 0.7816 -0.0571
vn -0.6609 0.7504 0.0070
vn -0.6609 0.7504 0.0071
vn -0.5889 0.8016 -0.1034
vn -0.5888 0.8016 -0.1034
vn -0.5523 0.8274 -0.1017
vn -0.5606 0.8233 -0.0884
vn -0.5607 0.8233 -0.0883
vn -0.5849 0.8051 -0.0979
vn -0.5849 0.8052 -0.0979
vn -0.4913 0.8688 -0.0622
vn -0.5135 0.8553 -0.0689
vn -0.4702 0.8821 -0.0291
vn -0.4703 0.8820 -0.0291
vn -0.4362 0.8998 -0.0100
vn -0.4541 0.8881 -0.0709
vn -0.4541 0.8881 -0.0710
vn -0.4540 0.8881 -0.0710
vn -0.4001 0.9155 -0.0406
vn -0.4001 0.9156 -0.0406
vn -0.4001 0.9156 -0.0407
vn -0.4041 0.9046 0.1357
vn -0.4040 0.9046 0.1357
vn -0.4229 0.8878 0.1814
vn -0.4229 0.8878 0.1815
vn -0.4798 0.8712 0.1041
vn -0.4798 0.8712 0.1040
vn -0.4797 0.8712 0.1040
vn -0.3421 0.9373 0.0662
vn -0.3422 0.9373 0.0662
vn -0.3765 0.9071 -0.1880
vn -0.3766 0.9071 -0.1879
vn -0.4483 0.8368 -0.3143
vn -0.4484 0.8368 -0.3143
vn -0.4745 0.8140 -0.3350
vn -0.5626 0.8254 -0.0472
vn -0.2914 0.8601 -0.4186
vn -0.4470 0.7767 -0.4437
vn -0.4871 0.7689 -0.4141
vn -0.5202 0.8496 -0.0870
vn -0.5201 0.8496 -0.0870
vn -0.6391 0.7344 -0.2286
vn -0.6391 0.7343 -0.2286
vn -0.6391 0.7344 -0.2287
vn -0.7324 -0.0000 0.6809
vn -0.6472 -0.0000 0.7623
vn -0.5023 -0.0000 0.8647
vn -0.9144 -0.0000 0.4048
vn -0.9601 -0.0000 0.2797
vn -0.7733 0.5781 -0.2603
vn -0.7733 0.5782 -0.2603
vn -0.8785 0.3851 -0.2825
vn -0.8785 0.3852 -0.2825
vn -0.8786 0.3851 -0.2825
vn -0.6092 0.6509 -0.4530
vn -0.6165 0.6469 -0.4488
vn -0.5951 0.6572 -0.4625
vn -0.9280 0.3689 0.0520
vn -0.8202 0.5704 -0.0431
vn -0.7914 0.6084 -0.0599
vn -0.4820 0.8422 -0.2416
vn -0.7118 0.6908 -0.1271
vn -0.7117 0.6909 -0.1271
vn -0.7117 0.6908 -0.1271
vn -0.6363 0.7615 0.1236
vn -0.6658 0.7206 0.1936
vn -0.6658 0.7205 0.1936
vn -0.6153 0.7532 0.2327
vn -0.6578 0.6959 0.2881
vn -0.6462 0.7158 0.2647
vn -0.6463 0.7157 0.2647
vn -0.6254 0.7280 0.2808
vn -0.6714 0.7269 0.1442
vn -0.6216 0.7558 0.2058
vn -0.6218 0.7556 0.2060
vn -0.6791 0.7334 0.0311
vn -0.6792 0.7333 0.0312
vn -0.6790 0.7334 0.0311
vn -0.6314 0.7742 0.0437
vn -0.6315 0.7741 0.0438
vn -0.6314 0.7742 0.0438
vn -0.5838 0.7749 0.2423
vn -0.5837 0.7750 0.2422
vn -0.5757 0.8158 0.0557
vn -0.5757 0.8157 0.0558
vn -0.5758 0.8157 0.0559
vn -0.5520 0.8292 -0.0875
vn -0.5522 0.8291 -0.0873
vn -0.5521 0.8292 -0.0874
vn -0.4469 0.8900 0.0908
vn -0.4469 0.8900 0.0909
vn -0.4468 0.8900 0.0908
vn -0.5775 0.7990 0.1674
vn -0.5776 0.7990 0.1674
vn -0.4871 0.8451 0.2205
vn -0.4871 0.8450 0.2205
vn -0.6585 0.7514 0.0422
vn -0.6101 0.7893 -0.0693
vn -0.6101 0.7893 -0.0694
vn -0.6604 0.7503 -0.0299
vn -0.6604 0.7503 -0.0298
vn -0.6955 0.7182 0.0201
vn -0.6956 0.7182 0.0202
vn -0.7198 0.6933 0.0352
vn -0.7196 0.6935 0.0350
vn -0.9986 -0.0000 0.0526
vn -0.9932 -0.0000 0.1168
vn -0.9907 -0.0000 0.1362
vn -0.7231 0.6834 0.1009
vn -0.7231 0.6833 0.1009
vn -0.7007 0.6887 0.1864
vn -0.7007 0.6886 0.1864
vn -0.9908 -0.0000 0.1353
vn -0.7299 -0.0000 0.6835
vn -0.9779 -0.0000 -0.2093
vn -0.9778 -0.0000 -0.2093
vn -0.9382 -0.0000 -0.3461
vn -0.7129 0.6649 0.2230
vn -0.7128 0.6650 0.2230
vn -0.8721 -0.0000 0.4894
vn -0.8988 -0.0000 -0.4383
vn -0.7972 -0.0000 -0.6038
vn -0.9985 -0.0000 -0.0541
vn -0.0220 0.9322 -0.3614
vn -0.0609 0.9542 -0.2930
vn -0.0608 0.9542 -0.2930
vn 0.0609 0.9542 -0.2930
vn 0.0608 0.9542 -0.2930
vn 0.1872 0.9794 0.0756
vn -0.1872 0.9794 0.0756
vn -0.9573 -0.0000 -0.2891
vn 0.0648 -0.0000 -0.9979
vn 0.0980 -0.0000 -0.9952
vn 0.0097 -0.0000 -1.0000
vn -0.0093 -0.0000 -1.0000
vn 0.4506 0.8906 -0.0613
vn 0.4937 0.8660 -0.0796
vn 0.4418 0.8965 -0.0319
vn 0.4870 0.8716 -0.0554
vn 0.4277 0.9039 0.0071
vn 0.4703 0.8820 -0.0291
vn 0.4038 0.9143 0.0312
vn 0.4362 0.8998 -0.0100
vn 0.3841 0.9230 -0.0223
vn 0.4001 0.9156 -0.0406
vn 0.4541 0.8881 -0.0710
vn 0.4913 0.8688 -0.0622
vn 0.5523 0.8274 -0.1017
vn 0.5520 0.8292 -0.0875
vn 0.5522 0.8291 -0.0873
vn 0.5523 0.8291 -0.0872
vn 0.6101 0.7893 -0.0693
vn 0.6102 0.7892 -0.0693
vn 0.5889 0.8016 -0.1034
vn 0.5888 0.8016 -0.1034
vn 0.6604 0.7503 -0.0298
vn 0.6211 0.7816 -0.0571
vn 0.6212 0.7816 -0.0571
vn 0.6956 0.7182 0.0201
vn 0.6955 0.7182 0.0201
vn 0.6609 0.7504 0.0070
vn 0.6609 0.7504 0.0071
vn 0.9986 -0.0000 0.0526
vn 0.9985 -0.0000 -0.0541
vn 0.9875 -0.0000 -0.1578
vn 0.9611 -0.0000 -0.2763
vn 0.9611 -0.0000 -0.2764
vn 0.6157 0.7801 -0.1115
vn 0.6157 0.7801 -0.1114
vn 0.6314 0.7730 -0.0621
vn 0.6314 0.7730 -0.0622
vn 0.5877 0.8051 -0.0800
vn 0.5878 0.8051 -0.0800
vn 0.5849 0.8051 -0.0979
vn 0.5849 0.8052 -0.0979
vn 0.5604 0.8238 -0.0851
vn 0.5604 0.8238 -0.0850
vn 0.5605 0.8238 -0.0850
vn 0.5607 0.8233 -0.0883
vn 0.5606 0.8233 -0.0884
vn 0.5878 0.8046 -0.0842
vn 0.5816 0.8076 -0.0977
vn 0.5939 0.7975 -0.1060
vn 0.5863 0.8058 -0.0827
vn 0.5864 0.8058 -0.0825
vn 0.6034 0.7902 -0.1072
vn -0.0648 -0.0000 -0.9979
vn -0.0980 -0.0000 -0.9952
vn -0.1159 -0.0000 -0.9933
vn -0.1114 -0.0000 -0.9938
vn -0.0821 -0.0000 -0.9966
vn 0.5239 0.8469 -0.0908
vn 0.5241 0.8468 -0.0903
vn -0.0442 -0.0000 -0.9990
vn 0.5572 0.8259 -0.0862
vn 0.5225 0.8494 -0.0749
vn 0.9573 -0.0000 -0.2891
vn 0.5135 0.8553 -0.0689
vn 0.9932 -0.0000 0.1168
vn 0.9907 -0.0000 0.1362
vn 0.7231 0.6834 0.1009
vn 0.7231 0.6833 0.1009
vn 0.7198 0.6933 0.0352
vn 0.7196 0.6935 0.0350
vn 0.7197 0.6933 0.0352
vn 0.7007 0.6887 0.1864
vn 0.7007 0.6886 0.1864
vn 0.9908 -0.0000 0.1353
vn 0.7299 -0.0000 0.6835
vn 0.9779 -0.0000 -0.2093
vn 0.9382 -0.0000 -0.3461
vn 0.7129 0.6649 0.2230
vn 0.7128 0.6650 0.2230
vn 0.8721 -0.0000 0.4894
vn 0.8988 -0.0000 -0.4383
vn 0.7972 -0.0000 -0.6038
vn 0.3642 0.9312 -0.0165
vn 0.3643 0.9312 -0.0165
vn 0.3642 0.9312 -0.0166
vn 0.3671 0.9287 -0.0517
vn 0.3671 0.9287 -0.0516
vn 0.3421 0.9373 0.0662
vn 0.3422 0.9373 0.0662
vn 0.4798 0.8712 0.1041
vn 0.4798 0.8712 0.1040
vn 0.4797 0.8712 0.1040
vn 0.5775 0.7990 0.1674
vn 0.5776 0.7990 0.1674
vn 0.6585 0.7514 0.0422
vn 0.5137 -0.0000 0.8580
vn 0.9926 0.1213 0.0019
vn 0.9993 0.0362 0.0105
vn 0.9997 0.0214 0.0096
vn -0.1503 0.0309 -0.9881
vn -0.1503 0.0309 -0.9882
vn -0.1510 -0.0076 -0.9885
vn 0.8993 -0.4374 -0.0038
vn 0.8508 -0.5254 0.0064
vn 0.8960 -0.4440 -0.0031
vn -0.1444 0.0582 -0.9878
vn -0.1319 0.0871 -0.9874
vn 0.8469 -0.5317 0.0071
vn -0.1139 0.1130 -0.9870
vn -0.0913 0.1349 -0.9867
vn -0.0913 0.1348 -0.9867
vn -0.5935 0.7406 0.3152
vn 0.6221 -0.7829 -0.0009
vn -0.5873 0.7455 -0.3152
vn 0.3510 -0.9364 -0.0056
vn 0.3805 -0.9248 -0.0027
vn 0.0687 -0.9976 -0.0028
vn 0.0296 -0.9995 -0.0065
vn -0.0046 0.1690 -0.9856
vn -0.0355 0.1634 -0.9859
vn 0.0269 0.1685 -0.9853
vn -0.2569 -0.9664 -0.0027
vn -0.2904 -0.9569 -0.0070
vn 0.0576 0.1619 -0.9851
vn 0.0864 0.1494 -0.9850
vn 0.0649 -0.9959 -0.0632
vn -0.1524 -0.9820 -0.1115
vn -0.5184 -0.8534 0.0546
vn -0.5410 -0.8283 0.1460
vn 0.1123 0.1315 -0.9849
vn 0.1342 0.1089 -0.9850
vn -0.9976 0.0696 -0.0042
vn -0.9976 0.0698 -0.0036
vn -0.8401 -0.5423 -0.0064
vn -0.8401 -0.5424 -0.0064
vn 0.6126 0.7232 0.3190
vn -0.6465 -0.7629 -0.0065
vn -0.7790 -0.6270 -0.0065
vn -0.7807 -0.6249 -0.0064
vn 0.6145 0.7248 -0.3114
vn -0.8779 -0.4787 -0.0080
vn -0.9376 -0.3476 -0.0044
vn -0.9215 -0.3883 -0.0076
vn 0.1513 0.0825 -0.9850
vn -0.9384 -0.3455 -0.0042
vn 0.1628 0.0532 -0.9852
vn 0.1628 0.0533 -0.9852
vn -0.8401 -0.5425 -0.0036
vn -0.8402 -0.5423 -0.0036
vn -0.8892 -0.4574 -0.0035
vn -0.9831 -0.1526 -0.1012
vn -0.9966 -0.0797 0.0211
vn -0.9881 0.1437 0.0544
vn 0.1679 0.0258 -0.9855
vn -0.8881 0.4546 -0.0684
vn 0.1673 -0.0127 -0.9858
vn -0.9980 0.0621 -0.0094
vn -0.9887 0.1501 0.0014
vn -0.9980 0.0632 -0.0097
vn -0.9879 0.1551 0.0022
vn -0.7965 0.6045 -0.0066
vn -0.7320 0.6813 0.0050
vn -0.7921 0.6103 -0.0057
vn 0.1490 -0.0688 -0.9864
vn 0.1615 -0.0399 -0.9861
vn -0.7639 0.6447 -0.0279
vn 0.1311 -0.0947 -0.9868
vn -0.6374 0.7641 0.0990
vn 0.1086 -0.1167 -0.9872
vn -0.6560 0.7548 0.0065
vn -0.4373 0.8993 0.0062
vn -0.4080 0.9130 0.0026
vn 0.1257 0.9920 0.0089
vn 0.0304 0.9995 -0.0011
vn 0.0821 -0.1338 -0.9876
vn 0.0528 -0.1454 -0.9880
vn -0.4170 0.9086 0.0218
vn -0.4077 0.9131 0.0015
vn 0.1558 0.9821 -0.1056
vn -0.0666 0.9962 -0.0569
vn 0.0219 -0.1511 -0.9883
vn -0.0097 -0.1507 -0.9885
vn -0.0097 -0.1506 -0.9885
vn -0.0405 -0.1440 -0.9887
vn 0.5180 0.8531 0.0623
vn -0.0694 -0.1315 -0.9889
vn -0.0954 -0.1136 -0.9889
vn 0.5398 0.8276 0.1538
vn -0.1173 -0.0909 -0.9889
vn -0.1344 -0.0644 -0.9888
vn -0.1344 -0.0645 -0.9888
vn 0.9097 0.4037 -0.0971
vn 0.9637 0.2670 -0.0035
vn 0.9960 -0.0748 0.0491
vn -0.1460 -0.0351 -0.9887
vn 0.9566 -0.2915 -0.0042
vn -0.1627 -0.0532 0.9852
vn -0.1699 -0.0137 0.9854
vn 0.9637 0.2669 -0.0035
vn 0.9565 -0.2916 -0.0042
vn -0.1697 0.0006 0.9855
vn -0.1697 0.0005 0.9855
vn -0.1613 0.0399 0.9861
vn 0.8616 -0.5052 -0.0492
vn 0.8658 -0.4996 -0.0284
vn -0.1489 0.0687 0.9865
vn -0.1310 0.0946 0.9868
vn -0.1311 0.0946 0.9868
vn 0.8616 -0.5051 -0.0492
vn -0.1085 0.1166 0.9872
vn 0.4156 -0.9093 0.0189
vn 0.4087 -0.9127 -0.0014
vn -0.0821 0.1337 0.9876
vn -0.0528 0.1453 0.9880
vn -0.0218 0.1510 0.9883
vn 0.0096 0.1505 0.9886
vn 0.0404 0.1439 0.9888
vn 0.0694 0.1314 0.9889
vn 0.0953 0.1135 0.9890
vn 0.1172 0.0909 0.9889
vn 0.1172 0.0908 0.9889
vn 0.1343 0.0644 0.9889
vn -0.9094 -0.4027 -0.1038
vn -0.9638 -0.2666 -0.0089
vn -0.9965 0.0703 0.0463
vn 0.1458 0.0351 0.9887
vn 0.1530 -0.0045 0.9882
vn -0.9545 0.2979 -0.0119
vn 0.1528 -0.0188 0.9881
vn 0.1443 -0.0582 0.9878
vn 0.1318 -0.0870 0.9875
vn 0.1317 -0.0870 0.9875
vn -0.8608 0.5063 -0.0520
vn -0.8655 0.5000 -0.0301
vn 0.1138 -0.1129 0.9871
vn 0.0912 -0.1347 0.9867
vn 0.0648 -0.1517 0.9863
vn 0.0355 -0.1633 0.9859
vn 0.0046 -0.1689 0.9856
vn -0.0268 -0.1684 0.9854
vn -0.0576 -0.1617 0.9852
vn -0.0864 -0.1492 0.9850
vn -0.1122 -0.1314 0.9850
vn -0.1341 -0.1088 0.9850
vn 0.9097 0.4037 -0.0972
vn -0.1511 -0.0824 0.9851
vn 0.0087 0.0092 -0.9999
vn -0.0087 -0.0093 0.9999
vn -0.0087 -0.0092 0.9999
vn 0.2556 0.9668 -0.0000
vn -0.9673 0.2536 -0.0000
vn -0.9648 0.2628 -0.0000
vn 0.2611 0.9653 -0.0000
vn 0.9969 0.0779 0.0106
vn 0.9956 0.0916 -0.0217
vn 0.9962 0.0869 -0.0106
vn 0.9971 0.0731 0.0216
vn 0.0044 0.0059 -1.0000
vn 0.0045 0.0059 -1.0000
vn -0.4964 -0.2514 -0.8309
vn 0.9692 -0.2461 0.0062
vn 0.6058 0.7955 0.0127
vn 0.6058 0.7955 0.0126
vn -0.5108 -0.2666 0.8173
vn 0.0046 0.0127 -0.9999
vn 0.9990 -0.0446 0.0050
vn 0.9993 -0.0367 -0.0007
vn 0.9988 -0.0484 0.0078
vn 0.9983 -0.0563 0.0135
vn -0.9098 -0.4151 -0.0000
vn 0.4082 -0.9129 -0.0000
vn 0.4183 -0.9083 -0.0000
vn -0.9115 -0.4114 -0.0000
vn -0.9901 -0.1405 0.0011
vn -0.9914 -0.1283 0.0273
vn -0.9910 -0.1332 0.0169
vn -0.9894 -0.1452 -0.0092
vn -0.9754 0.1996 -0.0941
vn -0.9693 -0.2195 -0.1104
vn -0.9852 -0.1566 -0.0701
vn -0.9671 0.2453 -0.0678
vn -0.8193 0.5677 -0.0805
vn -0.8112 0.5781 -0.0886
vn 0.6863 -0.7273 -0.0056
vn 0.7129 -0.7013 0.0086
vn 0.7053 -0.7089 0.0045
vn -0.3598 0.1868 0.9141
vn -0.7823 -0.6228 -0.0126
vn 0.8744 -0.4853 0.0032
vn -0.3439 0.2037 -0.9167
vn 0.6836 0.7298 0.0127
vn 0.6032 -0.7975 -0.0110
vn -0.1225 -0.9923 -0.0195
vn 0.2601 -0.9655 -0.0120
vn 0.2363 -0.9717 0.0029
vn -0.1702 -0.9854 -0.0037
vn 0.9303 -0.3589 -0.0765
vn 0.4001 0.8963 0.1912
vn 0.4739 0.8613 0.1836
vn 0.8559 -0.5058 -0.1079
vn -0.0155 0.9775 0.2103
vn -0.0051 0.9746 0.2239
vn -0.0125 0.9767 0.2143
vn -0.0229 0.9794 0.2007
vn 0.1845 0.9792 -0.0846
vn -0.1621 0.9840 -0.0745
vn -0.1205 0.9915 -0.0484
vn 0.2906 0.9554 -0.0524
vn -0.3817 0.9039 0.1928
vn -0.9426 -0.3265 -0.0697
vn -0.8687 -0.4845 -0.1033
vn -0.4399 0.8783 0.1873
vn -0.5114 -0.8591 -0.0208
vn -0.5301 -0.8480 -0.0034
vn 0.5617 0.8232 -0.0828
vn 0.6304 0.7753 -0.0389
vn 0.9881 -0.1191 -0.0970
vn 0.9628 0.2547 -0.0902
vn 0.9892 0.1432 -0.0302
vn -0.4434 -0.8963 -0.0000
vn 0.8948 -0.4464 -0.0000
vn 0.8994 -0.4370 -0.0000
vn -0.4402 -0.8979 -0.0000
vn -0.9998 -0.0168 -0.0084
vn -0.9996 -0.0246 -0.0142
vn -0.9999 -0.0130 -0.0055
vn -1.0000 -0.0052 0.0003
vn 0.0129 0.0126 -0.9998
vn 0.0130 0.0126 -0.9998
vn -0.6602 0.7511 0.0012
vn 0.3658 0.1925 -0.9106
vn -0.8892 -0.4574 -0.0120
vn 0.7623 -0.6472 0.0007
vn 0.3498 0.1756 0.9202
vn 0.0129 0.0057 -0.9999
vn -0.9930 0.1180 0.0107
vn -0.9943 0.1048 -0.0217
vn -0.9940 0.1093 -0.0107
vn -0.9922 0.1224 0.0216
vn 0.9744 0.2247 -0.0000
vn -0.2325 0.9726 -0.0000
vn -0.2228 0.9749 -0.0000
vn 0.9731 0.2305 -0.0000
vn -0.6862 0.7274 -0.0042
vn -0.7130 0.7011 0.0091
vn -0.7054 0.7088 0.0053
vn 0.4880 -0.2824 0.8259
vn -0.8744 0.4853 -0.0032
vn 0.5024 -0.2672 -0.8223
vn 0.8347 -0.5402 -0.1070
vn 0.9512 -0.3045 -0.0501
vn 0.7714 -0.6343 -0.0508
vn 0.9985 -0.0554 0.0011
vn 0.9973 -0.0680 0.0273
vn 0.9979 -0.0630 0.0169
vn 0.9987 -0.0504 -0.0092
vn -0.6740 -0.7057 0.2184
vn -0.6924 -0.6844 0.2284
vn -0.7556 -0.6307 0.1768
vn -0.5116 -0.8458 -0.1510
vn -0.0087 -0.0234 0.9997
vn -0.0208 -0.0273 0.9994
vn -0.0214 -0.0285 0.9994
vn -0.0209 -0.0268 0.9994
vn -0.0087 -0.0235 0.9997
vn -0.0825 -0.9325 0.3516
vn -0.1811 -0.9437 0.2768
vn 0.1442 -0.9561 0.2552
vn -0.2417 -0.8937 0.3779
vn -0.6125 -0.7849 -0.0939
vn -0.2543 -0.9623 -0.0967
vn -0.2890 -0.9535 -0.0850
vn -0.6286 -0.7732 -0.0836
vn 0.6928 -0.6902 0.2088
vn 0.7290 -0.6762 0.1068
vn 0.6260 -0.7769 0.0674
vn 0.7195 -0.6562 0.2273
vn 0.6940 0.7198 0.0161
vn 0.9901 0.1378 0.0266
vn 0.6870 0.7264 0.0199
vn 0.9822 0.1875 0.0106
vn 0.9834 0.1812 0.0025
vn 0.9530 0.3026 0.0117
vn 0.7811 0.6240 -0.0235
vn 0.0027 -0.0013 -1.0000
vn 0.0026 -0.0014 -1.0000
vn 0.9298 0.3681 0.0058
vn 0.3717 0.9284 0.0038
vn 0.2944 0.9554 -0.0222
vn 0.0052 -0.0013 -1.0000
vn 0.0050 -0.0016 -1.0000
vn 0.2513 0.9673 0.0342
vn 0.0072 -0.0007 -1.0000
vn 0.0072 -0.0008 -1.0000
vn 0.9999 -0.0152 0.0072
vn 0.6741 -0.6371 -0.3737
vn 0.0362 0.9992 0.0149
vn 0.0297 0.9994 0.0166
vn 0.0025 0.9998 0.0185
vn 0.0079 -0.0014 -1.0000
vn -0.3596 -0.5840 -0.7277
vn 0.0078 0.9998 0.0184
vn -0.3617 0.5987 0.7147
vn -0.0080 -0.0011 1.0000
vn 0.0013 -0.0018 1.0000
vn 0.0013 -0.0025 1.0000
vn -0.7328 0.5878 -0.3429
vn -0.9999 -0.0152 -0.0078
vn -0.3002 0.9538 -0.0092
vn -0.3166 0.9485 -0.0139
vn -0.2153 0.9763 -0.0233
vn -0.2093 0.9772 0.0351
vn 0.0090 0.0008 -1.0000
vn 0.0089 0.0007 -1.0000
vn 0.0100 0.0024 -0.9999
vn 0.0101 0.0028 -0.9999
vn 0.0100 0.0027 -0.9999
vn 0.0101 0.0027 -0.9999
vn 0.0105 0.0044 -0.9999
vn 0.0105 0.0048 -0.9999
vn 0.0105 0.0051 -0.9999
vn 0.0105 0.0047 -0.9999
vn -0.8790 -0.4766 -0.0125
vn -0.8790 -0.4767 -0.0125
vn -0.7656 0.6427 -0.0283
vn -0.9490 0.3151 -0.0059
vn -0.6782 0.7348 -0.0080
vn 0.6971 0.7168 0.0145
vn 0.1306 -0.9874 -0.0889
vn 0.1115 -0.9908 -0.0762
vn 0.2094 -0.8772 0.4320
vn 0.0117 -0.9796 -0.2005
vn 0.0234 -0.9757 -0.2179
vn 0.0167 -0.9780 -0.2079
vn 0.0050 -0.9817 -0.1904
vn -0.0648 0.1519 -0.9863
vn 0.8402 0.5423 0.0064
vn 0.8401 0.5424 0.0064
vn 0.8892 0.4574 0.0063
vn 0.9917 0.1282 -0.0005
vn 0.4328 0.9015 -0.0069
vn 0.5464 0.8374 0.0155
vn -0.0157 -0.9998 -0.0094
vn -0.0128 -0.2880 0.9576
vn -0.0057 0.1717 0.9851
vn 0.0158 0.9998 0.0094
vn 0.0157 0.9998 0.0094
vn 0.0122 0.2458 -0.9692
vn -0.0128 -0.2879 0.9576
vn -0.0158 -0.9998 -0.0094
vn 0.9670 0.2482 0.0576
vn 0.9647 0.2501 0.0828
vn 0.9940 -0.0204 -0.1075
vn 0.9311 -0.3443 0.1206
vn 0.4016 0.7737 0.4900
vn -0.0186 0.7268 -0.6866
vn 0.6084 0.7936 0.0099
vn 0.6141 0.7869 -0.0601
vn -0.3337 0.8585 0.3894
vn -0.3935 0.7833 0.4812
vn -0.8106 0.3077 0.4982
vn -0.7741 0.5559 -0.3030
vn -0.7444 0.5471 -0.3829
vn -0.9524 -0.0978 -0.2889
vn -0.9602 -0.2788 0.0149
vn -0.9569 -0.2839 0.0616
vn -0.3948 -0.8534 0.3404
vn 0.0730 -0.8485 -0.5242
vn -0.5836 -0.8112 -0.0364
vn -0.5858 -0.8060 -0.0848
vn 0.3668 -0.9278 0.0688
vn 0.4231 -0.8866 0.1871
vn 0.8099 -0.5848 -0.0455
vn 0.8074 -0.5858 -0.0708
vn 0.8531 0.1560 0.4978
vn 0.7824 0.1543 0.6034
vn 0.6375 -0.0257 -0.7701
vn 0.6548 -0.3830 0.6515
vn 0.6093 -0.6487 -0.4560
vn 0.9673 -0.1991 0.1569
vn 0.9751 -0.1689 -0.1439
vn 0.9633 -0.2006 0.1785
vn 0.1709 -0.9277 -0.3319
vn 0.1596 -0.9574 -0.2406
vn -0.1718 -0.9288 0.3284
vn -0.5295 -0.8478 0.0296
vn -0.7332 -0.6792 -0.0341
vn -0.7311 -0.6822 -0.0127
vn -0.9615 -0.2742 -0.0175
vn -0.9584 -0.2840 0.0286
vn -0.9944 -0.0495 -0.0930
vn -0.9221 0.3081 0.2343
vn -0.8614 -0.1657 0.4801
vn -0.6242 0.0411 -0.7802
vn -0.6661 0.3704 0.6474
vn -0.6012 0.6573 -0.4545
vn -0.8100 0.5707 -0.1352
vn -0.7875 0.5760 -0.2193
vn -0.4949 0.6708 -0.5525
vn -0.4421 0.8861 -0.1393
vn -0.3502 0.9332 -0.0802
vn -0.1724 0.9253 0.3377
vn 0.2398 0.8244 -0.5126
vn -0.1825 0.9827 0.0304
vn -0.1909 0.9787 0.0752
vn 0.0357 0.9941 -0.1022
vn 0.3610 0.9155 0.1778
vn 0.4353 0.8524 0.2896
vn 0.4305 0.8345 0.3438
vn 0.5956 0.7936 -0.1245
vn 0.6018 0.7713 -0.2071
vn 0.9260 0.3775 0.0023
vn 0.8695 0.4904 0.0588
vn 0.9923 0.1234 -0.0073
vn 0.9840 -0.1631 0.0717
vn 0.3230 0.9386 0.1210
vn 0.6378 0.7700 -0.0173
vn 0.7267 0.6771 -0.1161
vn -0.0025 1.0000 -0.0042
vn -0.2526 0.9667 -0.0404
vn -0.2842 0.9585 0.0240
vn -0.8342 0.5503 0.0344
vn -0.9865 0.1566 -0.0479
vn -0.8308 0.5545 0.0485
vn -0.9675 0.2422 -0.0726
vn -0.9735 -0.2269 0.0283
vn -0.9640 -0.2512 0.0875
vn -0.7924 -0.1661 0.5870
vn -0.2411 -0.9656 0.0971
vn -0.4481 -0.8927 0.0480
vn -0.7369 -0.6752 -0.0329
vn -0.7310 -0.6822 -0.0127
vn -0.4398 -0.8576 0.2665
vn -0.2312 -0.8146 -0.5320
vn -0.4360 -0.8407 0.3210
vn 0.1666 -0.9315 0.3234
vn 0.1460 -0.9870 -0.0665
vn 0.1771 -0.9715 -0.1575
vn 0.3517 -0.9317 -0.0910
vn 0.4447 -0.8834 -0.1478
vn 0.5047 -0.6605 -0.5559
vn 0.6414 -0.7672 -0.0018
vn 0.6415 -0.7671 -0.0018
vn 0.5632 -0.8263 -0.0031
vn 0.9143 -0.4050 0.0051
vn 0.8898 -0.4462 -0.0955
vn 0.9721 -0.1661 -0.1655
vn 0.9521 0.1636 0.2584
vn 0.9301 0.3640 -0.0496
vn 0.8709 -0.2422 -0.4275
vn 0.8812 0.4600 -0.1089
vn 0.4403 0.8491 0.2918
vn 0.0084 0.8692 -0.4943
vn 0.6106 0.7919 -0.0131
vn 0.6139 0.7871 -0.0599
vn -0.2334 0.9222 0.3083
vn -0.2358 0.8910 0.3880
vn -0.7580 0.3357 0.5592
vn -0.7619 0.5817 -0.2848
vn -0.7248 0.5714 -0.3849
vn -0.8208 -0.0366 -0.5700
vn -0.9255 -0.2621 0.2734
vn -0.8886 -0.2658 0.3739
vn -0.4460 -0.6903 0.5697
vn -0.0670 -0.3830 -0.9213
vn -0.3791 -0.5241 0.7626
vn 0.1255 -0.9456 0.3000
vn 0.1320 -0.8534 0.5042
vn 0.8572 -0.4609 0.2295
vn 0.8412 -0.4589 0.2860
vn 0.8090 0.2768 0.5185
vn 0.3792 -0.0439 -0.9243
vn 0.6889 -0.4007 0.6040
vn 0.6078 0.3196 0.7269
vn 0.5712 0.8000 0.1838
vn 0.3128 0.9369 -0.1561
vn 0.5701 0.7914 0.2207
vn 0.0812 0.9959 -0.0397
vn -0.1584 0.9788 0.1295
vn -0.1586 0.9786 0.1312
vn -0.8104 0.3076 0.4987
vn -0.7740 0.5559 -0.3032
vn -0.7442 0.5471 -0.3831
vn -0.9523 -0.0977 -0.2890
vn -0.9602 -0.2789 0.0151
vn -0.9568 -0.2839 0.0622
vn -0.1947 -0.9415 0.2751
vn -0.1618 -0.9414 -0.2960
vn -0.1947 -0.9349 0.2969
vn -0.1593 -0.9347 -0.3176
vn 0.5416 -0.3456 0.7663
vn -0.8104 0.3075 0.4988
vn -0.9522 -0.0978 -0.2892
vn -0.9602 -0.2788 0.0154
vn -0.3462 -0.9185 0.1910
vn -0.0416 -0.4601 -0.8869
vn -0.3434 -0.8815 0.3240
vn 0.3289 -0.8528 0.4057
vn 0.3614 -0.5972 0.7160
vn -0.0000 -0.0000 1.0000
vn 0.4510 0.8915 -0.0423
vn 0.2197 0.9754 -0.0203
vn 0.1326 0.9910 0.0203
vn 0.9973 0.0740 -0.0012
vn 0.9964 0.0849 -0.0076
vn 0.9980 0.0631 0.0052
vn 0.9986 0.0521 0.0116
vn -0.9716 0.2366 0.0031
vn -0.9933 0.1154 -0.0031
vn -0.9938 0.1115 -0.0032
vn -0.0140 -0.9999 0.0013
vn 0.0505 -0.9987 -0.0012
vn -0.0124 -0.9999 0.0012
vn 0.0521 -0.9986 -0.0013
vn 0.9999 -0.0148 0.0007
vn 0.9989 -0.0468 -0.0005
vn 0.9989 -0.0460 -0.0005
vn 0.9999 -0.0140 0.0008
vn 0.4512 0.8924 0.0029
vn 0.0862 0.9963 -0.0028
vn 0.2651 0.9642 0.0028
vn -0.1133 0.9936 -0.0029
vn -0.9707 0.2404 0.0032
vn 0.0407 -0.9991 -0.0131
vn 0.0848 -0.9956 -0.0397
vn -0.0026 -0.9999 0.0131
vn -0.0468 -0.9981 0.0397
vn -0.9793 0.2016 -0.0198
vn -0.9863 -0.1384 0.0899
vn -0.8897 0.2951 0.3483
vn -0.8769 0.4722 -0.0899
vn -0.1134 0.9926 0.0423
vn 0.2383 0.9710 -0.0203
vn -0.0944 0.9946 0.0423
vn 0.1515 0.9883 0.0203
vn 0.4679 0.8828 -0.0423
vn -0.9549 0.2968 0.0110
vn -0.9958 0.0912 -0.0110
vn -0.9928 -0.1193 -0.0132
vn 0.0642 -0.9979 0.0009
vn 0.0331 -0.9995 -0.0016
vn 0.0347 -0.9994 -0.0014
vn 0.0659 -0.9978 0.0010
vn 0.9979 0.0642 0.0009
vn 0.9995 0.0331 -0.0016
vn 0.9994 0.0347 -0.0014
vn 0.9978 0.0659 0.0010
vn 0.9985 0.0402 -0.0365
vn 0.9978 0.0330 -0.0570
vn 0.9981 0.0588 0.0170
vn 0.9971 0.0658 0.0373
vn 0.4614 0.8617 0.2111
vn 0.2342 0.9678 0.0920
vn 0.1540 0.9838 -0.0920
vn 0.4681 0.8836 0.0060
vn 0.1088 0.9940 -0.0054
vn 0.2799 0.9600 0.0054
vn -0.0943 0.9955 -0.0060
vn -0.0965 0.9727 -0.2111
vn -0.7771 0.4565 0.4333
vn -0.9342 0.2534 0.2510
vn -0.9601 0.1234 -0.2510
vn -0.8715 0.4901 0.0132
vn -0.8927 -0.1243 -0.4333
vn -0.9547 0.2972 0.0107
vn -0.9958 0.0908 -0.0107
vn -0.9928 -0.1193 -0.0129
vn -0.8716 0.4901 0.0129
vn 0.2800 0.9600 0.0053
vn 0.1086 0.9941 -0.0053
vn -0.0943 0.9955 -0.0058
vn 0.4681 0.8836 0.0058
vn 0.9979 0.0643 0.0009
vn 0.9995 0.0331 -0.0015
vn -0.0360 -0.9936 -0.1068
vn 0.0360 -0.9936 0.1068
vn 0.0646 -0.9793 0.1918
vn 0.0643 -0.9979 0.0009
vn 0.0331 -0.9995 -0.0015
vn -0.0646 -0.9793 -0.1918
vn 0.9990 -0.0441 -0.0052
vn 0.9994 -0.0331 -0.0116
vn 0.9985 -0.0549 0.0012
vn 0.9978 -0.0659 0.0076
vn -0.0441 -0.9990 -0.0052
vn -0.0331 -0.9994 -0.0116
vn -0.0549 -0.9985 0.0012
vn -0.0659 -0.9978 0.0076
vn -0.9820 0.1880 -0.0165
vn -0.9905 -0.1195 0.0674
vn -0.9887 0.1490 0.0135
vn -0.0000 0.0001 1.0000
vn -0.9634 0.2582 -0.0716
vn -0.9527 0.3040 0.0057
vn -0.9965 0.0837 -0.0057
vn -0.9928 -0.1193 -0.0064
vn -0.0339 -0.9994 0.0007
vn -0.0659 -0.9978 -0.0005
vn -0.0651 -0.9979 -0.0005
vn -0.0331 -0.9995 0.0008
vn 0.9979 0.0651 0.0005
vn 0.9995 0.0331 -0.0008
vn 0.9994 0.0339 -0.0007
vn 0.9978 0.0659 0.0005
vn 0.4681 0.8837 0.0029
vn 0.1051 0.9945 -0.0028
vn 0.2834 0.9590 0.0028
vn -0.0943 0.9955 -0.0029
vn -0.8716 0.4902 0.0064
vn 0.0216 -0.9997 -0.0131
vn 0.0658 -0.9970 -0.0397
vn -0.0216 -0.9997 0.0131
vn -0.0658 -0.9970 0.0397
vn 0.9997 -0.0250 -0.0052
vn 0.9998 -0.0140 -0.0116
vn 0.9994 -0.0359 0.0012
vn 0.9989 -0.0468 0.0076
vn -0.9578 0.2873 0.0043
vn -0.9931 0.1170 -0.0045
vn -0.9938 0.1115 -0.0047
vn 0.0841 -0.9965 0.0005
vn 0.0521 -0.9986 -0.0008
vn 0.0529 -0.9986 -0.0007
vn 0.0849 -0.9964 0.0005
vn 0.9967 0.0817 0.0025
vn 0.9989 -0.0468 -0.0026
vn 0.9990 -0.0436 -0.0025
vn 0.9964 0.0849 0.0026
vn -0.8808 0.4735 0.0049
vn -0.9749 0.2221 -0.0135
vn -0.9912 0.1112 0.0716
vn -0.9829 0.1834 0.0165
vn -0.8786 0.4728 -0.0674
vn 0.9972 0.0742 -0.0012
vn 0.9963 0.0851 -0.0076
vn 0.9980 0.0634 0.0052
vn 0.9986 0.0524 0.0116
vn -0.8809 0.4732 0.0064
vn -0.9979 0.0644 -0.0057
vn -0.9584 0.2855 0.0057
vn -0.9903 -0.1385 -0.0064
vn 0.0843 -0.9964 0.0005
vn 0.0524 -0.9986 -0.0008
vn 0.0532 -0.9986 -0.0007
vn 0.0851 -0.9964 0.0005
vn 0.9964 0.0843 0.0005
vn 0.9986 0.0524 -0.0008
vn 0.9986 0.0532 -0.0007
vn 0.9964 0.0851 0.0005
vn 0.4510 0.8925 0.0029
vn 0.0859 0.9963 -0.0028
vn 0.2648 0.9643 0.0028
vn -0.1136 0.9935 -0.0029
vn 0.0742 -0.9972 -0.0012
vn 0.0851 -0.9963 -0.0076
vn 0.0634 -0.9980 0.0052
vn 0.0524 -0.9986 0.0116
vn -0.9793 0.2013 -0.0198
vn -0.9862 -0.1387 0.0899
vn -0.9884 0.1507 0.0198
vn -0.8770 0.4720 -0.0899
vn 0.2194 0.9754 -0.0203
vn -0.1136 0.9926 0.0423
vn 0.1323 0.9910 0.0203
vn 0.4507 0.8917 -0.0423
vn -0.8809 0.4732 0.0049
vn -0.9932 0.1167 -0.0045
vn -0.9579 0.2870 0.0043
vn -0.9938 0.1113 -0.0047
vn -0.9926 0.1209 -0.0110
vn -0.9897 -0.1385 0.0352
vn -0.9951 0.0986 0.0055
vn -0.9860 0.1617 -0.0414
vn -0.0447 -0.9990 -0.0052
vn -0.0337 -0.9994 -0.0116
vn -0.0555 -0.9985 0.0012
vn -0.0664 -0.9978 0.0076
vn 0.2840 0.9588 0.0028
vn 0.1057 0.9944 -0.0028
vn -0.0938 0.9956 -0.0029
vn -0.9657 0.2594 0.0047
vn -0.9966 0.0827 -0.0043
vn -0.9672 0.2541 0.0045
vn -0.9929 -0.1187 -0.0049
vn 0.0645 -0.9979 0.0005
vn 0.0325 -0.9995 -0.0008
vn 0.0333 -0.9994 -0.0007
vn 0.0653 -0.9979 0.0005
vn 0.9979 0.0645 0.0005
vn 0.9995 0.0325 -0.0008
vn 0.9994 0.0333 -0.0007
vn 0.9979 0.0653 0.0005
vn 0.4686 0.8834 0.0029
vn -0.9623 0.2718 -0.0055
vn -0.9769 0.2096 0.0414
vn -0.9682 0.2500 0.0110
vn -0.8707 0.4905 -0.0352
vn 0.2388 0.9709 -0.0203
vn -0.0939 0.9947 0.0423
vn 0.1520 0.9882 0.0203
vn 0.4684 0.8825 -0.0423
vn 0.9997 0.0211 -0.0131
vn 0.9971 0.0652 -0.0397
vn 0.9997 -0.0222 0.0131
vn 0.9970 -0.0664 0.0397
vn 0.0543 -0.9985 -0.0012
vn 0.0653 -0.9978 -0.0076
vn 0.0435 -0.9990 0.0052
vn 0.0325 -0.9994 0.0116
vn -0.0345 -0.9994 0.0007
vn -0.0664 -0.9978 -0.0005
vn -0.0656 -0.9978 -0.0005
vn -0.0337 -0.9994 0.0008
vn 0.9981 0.0621 0.0025
vn 0.9978 -0.0664 -0.0026
vn 0.9980 -0.0632 -0.0025
vn 0.9979 0.0653 0.0026
vn -0.9900 0.1406 -0.0110
vn -0.9923 -0.1188 0.0352
vn -0.9930 0.1183 0.0055
vn -0.9826 0.1813 -0.0414
vn 0.9990 -0.0447 -0.0052
vn 0.9994 -0.0337 -0.0116
vn 0.9985 -0.0555 0.0012
vn 0.9978 -0.0664 0.0076
vn 0.3653 0.8226 -0.4359
vn 0.3652 0.8226 -0.4359
vn 0.6599 0.6660 -0.3480
vn 0.6598 0.6660 -0.3480
vn -0.9998 0.0158 -0.0086
vn 0.9998 -0.0158 0.0086
vn -0.9998 0.0159 -0.0086
vn 0.9998 -0.0159 0.0086
vn 0.9998 -0.0158 0.0085
vn 0.0084 0.0091 -0.9999
vn 0.0070 0.0094 -0.9999
vn 0.0091 0.0094 -0.9999
vn 0.0088 0.0095 -0.9999
vn 0.0086 0.0094 -0.9999
vn 0.0086 0.0095 -0.9999
vn 0.0083 0.0095 -0.9999
vn 0.0085 0.0094 -0.9999
vn 0.0082 0.0095 -0.9999
vn 0.0085 0.0095 -0.9999
vn 0.0084 0.0095 -0.9999
vn 0.0087 0.0094 -0.9999
vn 0.0088 0.0094 -0.9999
vn 0.0077 0.0094 -0.9999
vn 0.0091 0.0091 -0.9999
vn -0.0046 -0.0105 0.9999
vn -0.0049 -0.0105 0.9999
vn -0.0044 -0.0106 0.9999
vn -0.0104 -0.0095 0.9999
vn -0.0089 -0.0095 0.9999
vn -0.0088 -0.0095 0.9999
vn -0.0085 -0.0095 0.9999
vn -0.0084 -0.0095 0.9999
vn -0.0085 -0.0094 0.9999
vn -0.0083 -0.0094 0.9999
vn -0.0086 -0.0094 0.9999
vn -0.0084 -0.0094 0.9999
vn -0.0093 -0.0095 0.9999
vn -0.0075 -0.0097 0.9999
vn 0.0027 0.0105 -0.9999
vn 0.0101 0.0098 -0.9999
vn 0.0079 0.0095 -0.9999
vn 0.0084 0.0094 -0.9999
vn 0.0074 0.0093 -0.9999
vn 0.0118 0.0090 -0.9999
vn -0.0083 -0.0091 0.9999
vn -0.0064 -0.0094 0.9999
vn -0.0065 -0.0094 0.9999
vn -0.0078 -0.0093 0.9999
vn -0.0078 -0.0094 0.9999
vn -0.0093 -0.0094 0.9999
vn -0.0086 -0.0095 0.9999
vn -0.0089 -0.0096 0.9999
vn -0.0087 -0.0096 0.9999
vn -0.0075 -0.0095 0.9999
vn -0.0051 -0.0098 0.9999
vn 0.0101 0.0089 -0.9999
vn 0.0079 0.0093 -0.9999
vn 0.0079 0.0094 -0.9999
vn 0.0083 0.0094 -0.9999
vn 0.0092 0.0091 -0.9999
vn 0.0097 0.0090 -0.9999
vn -0.0075 -0.0094 0.9999
vn -0.0081 -0.0095 0.9999
vn -0.0088 -0.0094 0.9999
vn -0.0087 -0.0094 0.9999
vn -0.0076 -0.0095 0.9999
vn -0.0089 -0.0092 0.9999
vn 0.0061 0.0099 -0.9999
vn 0.0091 0.0093 -0.9999
vn 0.0088 0.0093 -0.9999
vn 0.0090 0.0094 -0.9999
vn 0.0026 0.0100 -0.9999
vn -0.0076 -0.0097 0.9999
vn -0.0079 -0.0094 0.9999
vn -0.0091 -0.0094 0.9999
vn -0.0016 -0.0100 0.9999
vn 0.0062 0.0098 -0.9999
vn 0.0087 0.0093 -0.9999
vn 0.0081 0.0095 -0.9999
vn 0.0017 0.0101 -0.9999
vn -0.0073 -0.0097 0.9999
vn -0.0095 -0.0095 0.9999
vn -0.0094 -0.0094 0.9999
vn -0.0027 -0.0100 0.9999
vn 0.2353 0.7082 0.6657
vn -0.0000 -0.0000 -1.0000
vt 0.676670 0.103183
vt 0.676210 0.104613
vt 0.676975 0.105645
vt 0.671324 0.086001
vt 0.670459 0.084702
vt 0.670865 0.087430
vt 0.671176 0.104757
vt 0.670739 0.103353
vt 0.670292 0.105836
vt 0.871158 0.058758
vt 0.870509 0.058743
vt 0.870954 0.059868
vt 0.783867 0.051350
vt 0.784438 0.051222
vt 0.783967 0.049929
vt 0.676359 0.085856
vt 0.676795 0.087260
vt 0.677142 0.084510
vt 0.699863 0.104329
vt 0.693806 0.104329
vt 0.693770 0.106280
vt 0.699828 0.106280
vt 0.693712 0.085614
vt 0.693095 0.085798
vt 0.693190 0.104513
vt 0.699769 0.085614
vt 0.693449 0.084206
vt 0.699715 0.084031
vt 0.693658 0.084031
vt 0.700296 0.085798
vt 0.699909 0.084206
vt 0.700390 0.104513
vt 0.791681 0.245781
vt 0.791717 0.247591
vt 0.792277 0.246527
vt 0.792313 0.245968
vt 0.792313 0.226676
vt 0.791681 0.226489
vt 0.792273 0.226025
vt 0.791717 0.224657
vt 0.785367 0.224390
vt 0.785403 0.222558
vt 0.778125 0.096436
vt 0.784438 0.098536
vt 0.784438 0.079244
vt 0.778125 0.077144
vt 0.784807 0.224180
vt 0.784807 0.243472
vt 0.785367 0.243682
vt 0.785403 0.245491
vt 0.784860 0.244119
vt 0.676738 0.107368
vt 0.677210 0.106346
vt 0.676582 0.106203
vt 0.967380 0.162749
vt 0.967380 0.173316
vt 0.968037 0.173056
vt 0.968037 0.162489
vt 0.880961 0.089730
vt 0.880510 0.089759
vt 0.880901 0.091018
vt 0.881067 0.091111
vt 0.886967 0.090829
vt 0.886862 0.089448
vt 0.886862 0.074839
vt 0.880961 0.075121
vt 0.887524 0.089424
vt 0.887524 0.074815
vt 0.887500 0.089912
vt 0.886967 0.073463
vt 0.881067 0.073745
vt 0.887500 0.074332
vt 0.714683 0.086374
vt 0.715169 0.085588
vt 0.714631 0.084536
vt 0.708447 0.088539
vt 0.708396 0.086701
vt 0.715220 0.105430
vt 0.715220 0.086151
vt 0.714683 0.105652
vt 0.858773 0.092950
vt 0.865006 0.090783
vt 0.865006 0.071505
vt 0.858773 0.073671
vt 0.708447 0.107818
vt 0.708396 0.109619
vt 0.714631 0.107454
vt 0.707840 0.108560
vt 0.707807 0.088725
vt 0.707807 0.108004
vt 0.908180 0.087869
vt 0.908285 0.089245
vt 0.908818 0.088376
vt 0.908842 0.087893
vt 0.908842 0.073285
vt 0.908180 0.073261
vt 0.908818 0.072796
vt 0.908285 0.071878
vt 0.902388 0.071589
vt 0.902282 0.072971
vt 0.902282 0.087579
vt 0.693666 0.107455
vt 0.699723 0.107455
vt 0.902223 0.071682
vt 0.901832 0.072940
vt 0.902388 0.088955
vt 0.693168 0.106445
vt 0.715164 0.106074
vt 0.784855 0.223618
vt 0.940899 0.068327
vt 0.943788 0.069287
vt 0.943719 0.067851
vt 0.940830 0.066891
vt 0.940830 0.060762
vt 0.941576 0.060835
vt 0.941547 0.056327
vt 0.940830 0.055943
vt 0.940830 0.050513
vt 0.943719 0.051474
vt 0.943788 0.049995
vt 0.940899 0.049035
vt 0.870509 0.046342
vt 0.871158 0.046357
vt 0.821279 0.061408
vt 0.821279 0.077333
vt 0.826312 0.077062
vt 0.826312 0.061137
vt 0.784438 0.067588
vt 0.783867 0.067716
vt 0.821411 0.079092
vt 0.826444 0.078821
vt 0.781014 0.068707
vt 0.781114 0.070199
vt 0.783967 0.069208
vt 0.781014 0.052341
vt 0.652665 0.054167
vt 0.652665 0.041765
vt 0.649966 0.041894
vt 0.649965 0.054296
vt 0.781114 0.050920
vt 0.873856 0.058891
vt 0.873856 0.046489
vt 0.919702 0.018009
vt 0.919702 0.015427
vt 0.919214 0.015451
vt 0.919214 0.018034
vt 0.968151 0.456792
vt 0.969452 0.456858
vt 0.969452 0.448573
vt 0.968151 0.448508
vt 0.939668 0.252310
vt 0.940757 0.252378
vt 0.940757 0.240935
vt 0.939668 0.240867
vt 0.951776 0.013090
vt 0.951774 0.015249
vt 0.952449 0.015219
vt 0.952452 0.013059
vt 0.681752 0.016368
vt 0.681731 0.013683
vt 0.681232 0.013690
vt 0.681254 0.016375
vt 0.782535 0.015522
vt 0.782533 0.013367
vt 0.781858 0.013337
vt 0.781860 0.015491
vt 0.930516 0.036914
vt 0.929430 0.036981
vt 0.929430 0.048424
vt 0.930516 0.048357
vt 0.854818 0.015976
vt 0.854816 0.013821
vt 0.854080 0.013788
vt 0.854082 0.015943
vt 0.980703 0.204034
vt 0.980703 0.201452
vt 0.980170 0.201478
vt 0.980170 0.204061
vt 0.929027 0.013784
vt 0.928994 0.015943
vt 0.929731 0.015943
vt 0.929764 0.013784
vt 0.904997 0.016437
vt 0.904975 0.013751
vt 0.904431 0.013759
vt 0.904453 0.016444
vt 0.966840 0.219430
vt 0.968194 0.219414
vt 0.968194 0.210956
vt 0.966840 0.210973
vt 0.967003 0.200435
vt 0.967009 0.203186
vt 0.968298 0.203571
vt 0.968298 0.200910
vt 0.707843 0.088072
vt 0.950965 0.054826
vt 0.950938 0.060650
vt 0.952642 0.060425
vt 0.952669 0.054602
vt 0.950792 0.054849
vt 0.950072 0.060765
vt 0.951448 0.066439
vt 0.953152 0.066214
vt 0.951207 0.066471
vt 0.862738 0.051382
vt 0.860233 0.055245
vt 0.860700 0.064402
vt 0.863027 0.059845
vt 0.865006 0.064560
vt 0.865006 0.055420
vt 0.972684 0.252660
vt 0.972331 0.243367
vt 0.972030 0.252603
vt 0.708985 0.043432
vt 0.709450 0.038151
vt 0.708791 0.038152
vt 0.707807 0.043430
vt 0.678059 0.134633
vt 0.678328 0.143863
vt 0.680761 0.150520
vt 0.680645 0.140139
vt 0.678376 0.156876
vt 0.680246 0.165160
vt 0.676050 0.138964
vt 0.676574 0.154645
vt 0.674025 0.144180
vt 0.674912 0.157131
vt 0.709450 0.048654
vt 0.708791 0.048655
vt 0.673288 0.134983
vt 0.670886 0.140857
vt 0.671783 0.151180
vt 0.672833 0.165705
vt 0.972446 0.259605
vt 0.972030 0.268883
vt 0.972691 0.268826
vt 0.673712 0.187465
vt 0.675454 0.181910
vt 0.677126 0.178359
vt 0.674320 0.197253
vt 0.675900 0.194556
vt 0.904262 0.096190
vt 0.901832 0.106000
vt 0.902033 0.117581
vt 0.904024 0.118002
vt 0.902327 0.130677
vt 0.904129 0.127848
vt 0.668864 0.159442
vt 0.670914 0.175869
vt 0.668465 0.186229
vt 0.669500 0.192126
vt 0.671708 0.187369
vt 0.665819 0.174072
vt 0.668305 0.149712
vt 0.665448 0.160985
vt 0.955589 0.220534
vt 0.955589 0.211548
vt 0.953956 0.212379
vt 0.953956 0.221365
vt 0.954740 0.232401
vt 0.953107 0.233232
vt 0.763865 0.186554
vt 0.766727 0.172737
vt 0.765034 0.172970
vt 0.762172 0.186787
vt 0.759651 0.199261
vt 0.757958 0.199494
vt 0.953924 0.246435
vt 0.953275 0.260364
vt 0.955354 0.268883
vt 0.955354 0.259288
vt 0.764238 0.186816
vt 0.760025 0.199524
vt 0.761985 0.204991
vt 0.764586 0.195862
vt 0.665245 0.184422
vt 0.764267 0.197142
vt 0.761612 0.204729
vt 0.763276 0.212338
vt 0.665491 0.185451
vt 0.668418 0.200342
vt 0.665717 0.200122
vt 0.666757 0.207727
vt 0.910203 0.152244
vt 0.911813 0.144307
vt 0.911644 0.134292
vt 0.909515 0.139097
vt 0.913943 0.137315
vt 0.913674 0.129642
vt 0.911682 0.124755
vt 0.909466 0.127252
vt 0.669237 0.210255
vt 0.667523 0.215293
vt 0.668074 0.222975
vt 0.669819 0.219735
vt 0.665470 0.214945
vt 0.666211 0.219986
vt 0.666661 0.225862
vt 0.666924 0.232627
vt 0.668481 0.230447
vt 0.670244 0.228290
vt 0.667103 0.239655
vt 0.668737 0.237945
vt 0.911817 0.116170
vt 0.913709 0.114392
vt 0.913943 0.106892
vt 0.912053 0.108006
vt 0.909772 0.117734
vt 0.910056 0.109568
vt 0.673466 0.213277
vt 0.671859 0.216798
vt 0.672173 0.226314
vt 0.674001 0.223319
vt 0.672423 0.234484
vt 0.674338 0.231951
vt 0.904144 0.140548
vt 0.902460 0.143667
vt 0.902479 0.153754
vt 0.904231 0.151514
vt 0.902372 0.162405
vt 0.904262 0.161057
vt 0.676547 0.207250
vt 0.674984 0.209897
vt 0.675632 0.220804
vt 0.677242 0.219155
vt 0.676150 0.230302
vt 0.677845 0.229698
vt 0.678925 0.218053
vt 0.679611 0.229895
vt 0.739040 0.046188
vt 0.737315 0.048231
vt 0.737322 0.060200
vt 0.739059 0.059411
vt 0.740565 0.060555
vt 0.740565 0.048587
vt 0.679800 0.207011
vt 0.680488 0.218916
vt 0.681982 0.220337
vt 0.681362 0.209428
vt 0.681092 0.229460
vt 0.682531 0.229833
vt 0.681521 0.238834
vt 0.682926 0.238163
vt 0.893413 0.054338
vt 0.893391 0.043241
vt 0.891905 0.045158
vt 0.891918 0.054564
vt 0.895165 0.054782
vt 0.895165 0.045377
vt 0.680125 0.240955
vt 0.678261 0.239074
vt 0.678588 0.245969
vt 0.680451 0.247423
vt 0.681872 0.245728
vt 0.678783 0.249891
vt 0.680605 0.250579
vt 0.682052 0.249651
vt 0.683419 0.249113
vt 0.683246 0.244775
vt 0.680719 0.253110
vt 0.682181 0.252684
vt 0.683532 0.252466
vt 0.680822 0.255518
vt 0.682289 0.255374
vt 0.727787 0.041130
vt 0.729496 0.041130
vt 0.730153 0.037177
vt 0.728445 0.037177
vt 0.930776 0.382533
vt 0.932358 0.381381
vt 0.932308 0.377419
vt 0.930727 0.378571
vt 0.670277 0.021264
vt 0.671782 0.020971
vt 0.671723 0.018591
vt 0.670105 0.018866
vt 0.932358 0.373300
vt 0.930776 0.374452
vt 0.671782 0.016181
vt 0.670130 0.016416
vt 0.684906 0.252602
vt 0.684816 0.249189
vt 0.684976 0.255551
vt 0.686326 0.255975
vt 0.686278 0.253094
vt 0.686238 0.249831
vt 0.954430 0.408295
vt 0.955937 0.406860
vt 0.955816 0.402667
vt 0.954309 0.404101
vt 0.955772 0.398492
vt 0.954265 0.399926
vt 0.955805 0.394424
vt 0.954298 0.395859
vt 0.726775 0.155125
vt 0.726909 0.152382
vt 0.725580 0.151578
vt 0.725412 0.154214
vt 0.728118 0.156064
vt 0.728212 0.153183
vt 0.727988 0.159326
vt 0.726612 0.158162
vt 0.725212 0.157188
vt 0.724234 0.150888
vt 0.724065 0.153398
vt 0.723869 0.156224
vt 0.722672 0.152609
vt 0.722466 0.155090
vt 0.722873 0.150370
vt 0.720790 0.154877
vt 0.720581 0.158202
vt 0.722257 0.158414
vt 0.720996 0.152397
vt 0.724005 0.159817
vt 0.724266 0.156275
vt 0.722863 0.155140
vt 0.722654 0.158464
vt 0.725395 0.160922
vt 0.725609 0.157239
vt 0.724776 0.165639
vt 0.724998 0.160872
vt 0.723608 0.159767
vt 0.723312 0.164397
vt 0.721939 0.163010
vt 0.726268 0.166524
vt 0.726430 0.161771
vt 0.727671 0.168651
vt 0.727832 0.163255
vt 0.726827 0.161821
vt 0.727009 0.158212
vt 0.684482 0.238814
vt 0.684698 0.244917
vt 0.686191 0.245899
vt 0.686084 0.240508
vt 0.684136 0.231231
vt 0.685834 0.233498
vt 0.840044 0.071028
vt 0.840103 0.062668
vt 0.838589 0.061753
vt 0.838523 0.069360
vt 0.840077 0.080574
vt 0.838634 0.078034
vt 0.840103 0.091538
vt 0.838745 0.088133
vt 0.840045 0.104234
vt 0.838713 0.101112
vt 0.679174 0.194315
vt 0.680731 0.196782
vt 0.678875 0.181659
vt 0.680533 0.186963
vt 0.955128 0.313437
vt 0.955128 0.291627
vt 0.953775 0.291914
vt 0.953275 0.303480
vt 0.911137 0.291594
vt 0.911064 0.281754
vt 0.909883 0.278769
vt 0.909466 0.291845
vt 0.682230 0.175037
vt 0.683437 0.158370
vt 0.681883 0.186620
vt 0.683615 0.191088
vt 0.684328 0.185062
vt 0.685960 0.172591
vt 0.683243 0.148614
vt 0.726460 0.260832
vt 0.726566 0.251050
vt 0.722663 0.236269
vt 0.723471 0.249482
vt 0.721795 0.249270
vt 0.724784 0.260619
vt 0.726388 0.261446
vt 0.724712 0.261234
vt 0.726537 0.270076
vt 0.728212 0.270288
vt 0.968861 0.382134
vt 0.967188 0.381513
vt 0.967188 0.387948
vt 0.968861 0.388568
vt 0.720130 0.235672
vt 0.718454 0.235459
vt 0.715643 0.222999
vt 0.713968 0.222787
vt 0.723840 0.249215
vt 0.723033 0.236002
vt 0.721096 0.226373
vt 0.720499 0.235405
vt 0.718279 0.217262
vt 0.716013 0.222732
vt 0.723288 0.223945
vt 0.720803 0.225774
vt 0.720862 0.225102
vt 0.719834 0.209919
vt 0.717909 0.217529
vt 0.685068 0.199118
vt 0.686326 0.183919
vt 0.720894 0.224733
vt 0.722475 0.209734
vt 0.721172 0.202343
vt 0.723469 0.218047
vt 0.725169 0.205144
vt 0.723868 0.199939
vt 0.722745 0.209831
vt 0.722718 0.194917
vt 0.721442 0.202440
vt 0.726540 0.193427
vt 0.725106 0.190509
vt 0.722448 0.194820
vt 0.721675 0.190147
vt 0.720488 0.195146
vt 0.723600 0.187186
vt 0.722461 0.184296
vt 0.723598 0.199842
vt 0.724836 0.190411
vt 0.724316 0.179734
vt 0.722914 0.177540
vt 0.725769 0.181892
vt 0.724614 0.172228
vt 0.723104 0.170502
vt 0.726039 0.181990
vt 0.726408 0.173828
vt 0.724885 0.172326
vt 0.724586 0.179831
vt 0.727474 0.183953
vt 0.727838 0.175781
vt 0.727942 0.168749
vt 0.726538 0.166622
vt 0.683555 0.222617
vt 0.685299 0.225349
vt 0.895004 0.078017
vt 0.895165 0.064971
vt 0.893977 0.061727
vt 0.893472 0.073662
vt 0.682898 0.212583
vt 0.684453 0.215872
vt 0.895165 0.091111
vt 0.892728 0.086850
vt 0.726138 0.173730
vt 0.721699 0.168994
vt 0.721575 0.175828
vt 0.720263 0.162797
vt 0.720023 0.168782
vt 0.719899 0.175616
vt 0.719723 0.182068
vt 0.721399 0.182280
vt 0.721146 0.186914
vt 0.719470 0.186702
vt 0.719999 0.189935
vt 0.718812 0.194933
vt 0.717336 0.199675
vt 0.719012 0.199887
vt 0.718158 0.209707
vt 0.716234 0.217317
vt 0.770139 0.047901
vt 0.770157 0.061213
vt 0.771809 0.063997
vt 0.771809 0.051329
vt 0.768385 0.051324
vt 0.768532 0.063993
vt 0.677458 0.191658
vt 0.678145 0.204903
vt 0.721197 0.150158
vt 0.954372 0.391858
vt 0.955879 0.390423
vt 0.955937 0.386355
vt 0.954430 0.387789
vt 0.728445 0.045083
vt 0.730153 0.045083
vt 0.853191 0.036604
vt 0.853139 0.040681
vt 0.854766 0.041867
vt 0.854818 0.037790
vt 0.970031 0.046393
vt 0.969855 0.049539
vt 0.971530 0.049567
vt 0.971589 0.046454
vt 0.969880 0.052811
vt 0.971589 0.052795
vt 0.677020 0.249583
vt 0.677204 0.252931
vt 0.678928 0.252923
vt 0.675222 0.249895
vt 0.675431 0.253298
vt 0.676788 0.245250
vt 0.674960 0.245633
vt 0.676485 0.238637
vt 0.674632 0.239538
vt 0.902278 0.170008
vt 0.904169 0.169411
vt 0.672735 0.241489
vt 0.673090 0.246863
vt 0.670883 0.243625
vt 0.671258 0.248356
vt 0.912181 0.100806
vt 0.910201 0.102545
vt 0.670541 0.236448
vt 0.669038 0.244513
vt 0.669446 0.249260
vt 0.667356 0.245748
vt 0.667731 0.250368
vt 0.665661 0.241142
vt 0.665858 0.247122
vt 0.666165 0.251714
vt 0.766205 0.259174
vt 0.765919 0.253194
vt 0.764227 0.253428
vt 0.764513 0.259407
vt 0.766520 0.263768
vt 0.764828 0.264001
vt 0.766699 0.267093
vt 0.765007 0.267326
vt 0.766858 0.269575
vt 0.765166 0.269807
vt 0.668115 0.253898
vt 0.666471 0.255028
vt 0.666791 0.257497
vt 0.668468 0.256709
vt 0.917799 0.046287
vt 0.918014 0.049362
vt 0.919874 0.049906
vt 0.919800 0.046768
vt 0.917759 0.043039
vt 0.919833 0.043557
vt 0.917857 0.039691
vt 0.919874 0.040282
vt 0.673394 0.250775
vt 0.671589 0.251949
vt 0.671874 0.254973
vt 0.673647 0.254023
vt 0.669834 0.252927
vt 0.670157 0.255889
vt 0.668783 0.259206
vt 0.670433 0.258514
vt 0.672112 0.257706
vt 0.667093 0.259727
vt 0.954566 0.187544
vt 0.954623 0.191609
vt 0.956129 0.193045
vt 0.956072 0.188980
vt 0.954491 0.183548
vt 0.955997 0.184984
vt 0.954458 0.179488
vt 0.955964 0.180924
vt 0.954501 0.175319
vt 0.956007 0.176755
vt 0.954623 0.171131
vt 0.956129 0.172567
vt 0.673848 0.256892
vt 0.675609 0.256240
vt 0.853191 0.044917
vt 0.854818 0.046103
vt 0.767014 0.271815
vt 0.765321 0.272048
vt 0.765708 0.246367
vt 0.764016 0.246600
vt 0.765440 0.239922
vt 0.763747 0.240155
vt 0.665528 0.227864
vt 0.665583 0.234316
vt 0.665458 0.223222
vt 0.765119 0.235294
vt 0.763427 0.235528
vt 0.765408 0.232072
vt 0.763715 0.232305
vt 0.764281 0.227082
vt 0.762589 0.227314
vt 0.762919 0.222347
vt 0.761226 0.222580
vt 0.664490 0.210153
vt 0.761583 0.212571
vt 0.759919 0.204962
vt 0.679050 0.255612
vt 0.672670 0.200363
vt 0.671039 0.205042
vt 0.951448 0.048683
vt 0.953152 0.048458
vt 0.693429 0.987053
vt 0.699667 0.735401
vt 0.693434 0.735513
vt 0.581297 0.748533
vt 0.579190 0.749268
vt 0.579256 0.750862
vt 0.581493 0.750082
vt 0.577048 0.749162
vt 0.576981 0.750749
vt 0.666216 0.733188
vt 0.666211 0.984728
vt 0.672076 0.733052
vt 0.583279 0.746757
vt 0.583597 0.748195
vt 0.585063 0.744084
vt 0.585491 0.745358
vt 0.672072 0.984592
vt 0.586580 0.740617
vt 0.587101 0.741677
vt 0.587771 0.736490
vt 0.588367 0.737295
vt 0.748696 0.984592
vt 0.747082 0.984548
vt 0.746759 0.987008
vt 0.748405 0.987053
vt 0.672376 0.730593
vt 0.672376 0.987053
vt 0.673918 0.987010
vt 0.673918 0.730550
vt 0.747082 0.733008
vt 0.748696 0.733052
vt 0.748405 0.730593
vt 0.746759 0.730548
vt 0.622901 0.735774
vt 0.622901 0.987053
vt 0.627406 0.986591
vt 0.628004 0.735257
vt 0.589011 0.721823
vt 0.589011 0.726909
vt 0.589683 0.727123
vt 0.589683 0.721723
vt 0.588592 0.731862
vt 0.589238 0.732381
vt 0.588592 0.716799
vt 0.589238 0.716389
vt 0.634961 0.986002
vt 0.634961 0.734723
vt 0.587771 0.712030
vt 0.588367 0.711325
vt 0.586580 0.707699
vt 0.587101 0.706727
vt 0.566575 0.505027
vt 0.571580 0.502753
vt 0.566646 0.485366
vt 0.571649 0.485878
vt 0.585063 0.703973
vt 0.585491 0.702771
vt 0.583279 0.700994
vt 0.583597 0.699609
vt 0.772120 0.735774
vt 0.772120 0.987053
vt 0.773674 0.986995
vt 0.773674 0.735716
vt 0.838930 0.425760
vt 0.838930 0.429164
vt 0.840299 0.429242
vt 0.840299 0.425771
vt 0.755294 0.730859
vt 0.755294 0.987053
vt 0.757142 0.986957
vt 0.757142 0.730762
vt 0.745310 0.426012
vt 0.745310 0.429416
vt 0.746699 0.429277
vt 0.746699 0.425807
vt 0.718360 0.735457
vt 0.718360 0.986997
vt 0.721973 0.735513
vt 0.581297 0.698879
vt 0.581493 0.697362
vt 0.721974 0.987053
vt 0.579193 0.697706
vt 0.579259 0.696118
vt 0.578257 0.515086
vt 0.583271 0.514986
vt 0.583265 0.511779
vt 0.578252 0.511878
vt 0.583265 0.511787
vt 0.578251 0.501610
vt 0.577051 0.697600
vt 0.576985 0.696005
vt 0.583264 0.495094
vt 0.574944 0.698335
vt 0.574747 0.696785
vt 0.680515 0.735386
vt 0.680513 0.986926
vt 0.686841 0.735513
vt 0.686837 0.987053
vt 0.706259 0.735375
vt 0.706255 0.986915
vt 0.711766 0.735513
vt 0.571178 0.702785
vt 0.572962 0.700112
vt 0.572643 0.698671
vt 0.570749 0.701509
vt 0.578265 0.485860
vt 0.569661 0.706251
vt 0.569139 0.705190
vt 0.583279 0.485768
vt 0.568469 0.710378
vt 0.567873 0.709571
vt 0.711762 0.987053
vt 0.616304 0.987053
vt 0.616304 0.735778
vt 0.610008 0.735133
vt 0.611424 0.986514
vt 0.567648 0.715007
vt 0.567001 0.714486
vt 0.567230 0.719959
vt 0.566557 0.719744
vt 0.942107 0.504492
vt 0.937104 0.504885
vt 0.937013 0.516814
vt 0.942014 0.513738
vt 0.567230 0.725045
vt 0.566557 0.725144
vt 0.567648 0.730069
vt 0.567001 0.730478
vt 0.568469 0.734839
vt 0.567873 0.735542
vt 0.942109 0.533899
vt 0.569661 0.739169
vt 0.569139 0.740140
vt 0.571178 0.742896
vt 0.570749 0.744096
vt 0.937104 0.534162
vt 0.572962 0.745874
vt 0.572643 0.747258
vt 0.574944 0.747990
vt 0.574747 0.749505
vt 0.938405 0.891713
vt 0.933392 0.891601
vt 0.938389 0.903459
vt 0.933370 0.906376
vt 0.786860 0.724039
vt 0.784755 0.725212
vt 0.784821 0.726800
vt 0.787055 0.725555
vt 0.782613 0.725315
vt 0.782547 0.726910
vt 0.923896 0.489210
vt 0.919189 0.478041
vt 0.919169 0.491958
vt 0.780506 0.724583
vt 0.780310 0.726133
vt 0.778524 0.722807
vt 0.778206 0.724247
vt 0.933392 0.920715
vt 0.938405 0.920804
vt 0.776741 0.720134
vt 0.776312 0.721409
vt 0.775224 0.716667
vt 0.774701 0.717728
vt 0.919189 0.505463
vt 0.923911 0.505547
vt 0.774032 0.712541
vt 0.773436 0.713347
vt 0.641642 0.505846
vt 0.646354 0.506214
vt 0.646290 0.494598
vt 0.641575 0.496740
vt 0.773211 0.707912
vt 0.772564 0.708433
vt 0.566645 0.514695
vt 0.571649 0.515086
vt 0.772793 0.702960
vt 0.772120 0.703174
vt 0.772793 0.697874
vt 0.772120 0.697775
vt 0.773211 0.692850
vt 0.772564 0.692440
vt 0.641643 0.478222
vt 0.774032 0.688080
vt 0.773436 0.687377
vt 0.775224 0.683749
vt 0.774701 0.682779
vt 0.646354 0.478704
vt 0.776741 0.680023
vt 0.776312 0.678822
vt 0.778524 0.677045
vt 0.778206 0.675660
vt 0.780506 0.674929
vt 0.780310 0.673414
vt 0.622911 0.505574
vt 0.627633 0.505489
vt 0.622906 0.494797
vt 0.782610 0.673756
vt 0.782544 0.672169
vt 0.784752 0.673652
vt 0.784818 0.672058
vt 0.627629 0.491830
vt 0.786860 0.674385
vt 0.787055 0.672836
vt 0.788841 0.676161
vt 0.789159 0.674722
vt 0.790625 0.678834
vt 0.791053 0.677560
vt 0.627641 0.477941
vt 0.622919 0.478048
vt 0.792142 0.682301
vt 0.792664 0.681241
vt 0.793334 0.686428
vt 0.793929 0.685622
vt 0.794155 0.691056
vt 0.794801 0.690536
vt 0.912560 0.479920
vt 0.907847 0.480289
vt 0.907762 0.491525
vt 0.912472 0.488628
vt 0.794573 0.696009
vt 0.795245 0.695794
vt 0.794573 0.701095
vt 0.795245 0.701194
vt 0.794155 0.706119
vt 0.794801 0.706529
vt 0.793334 0.710888
vt 0.793929 0.711592
vt 0.912561 0.507617
vt 0.792142 0.715219
vt 0.792664 0.716190
vt 0.907847 0.507865
vt 0.790625 0.718945
vt 0.791053 0.720146
vt 0.788841 0.721923
vt 0.789159 0.723309
vt 0.923911 0.478147
vt 0.583610 0.765435
vt 0.585457 0.767909
vt 0.586357 0.764926
vt 0.584252 0.762107
vt 0.587056 0.771203
vt 0.588180 0.768680
vt 0.867397 0.463644
vt 0.867613 0.459722
vt 0.864753 0.457184
vt 0.864481 0.462124
vt 0.948398 0.561288
vt 0.949120 0.563688
vt 0.950212 0.564306
vt 0.949224 0.561023
vt 0.947631 0.564628
vt 0.947200 0.566208
vt 0.978663 0.826909
vt 0.979543 0.827035
vt 0.979543 0.816855
vt 0.978663 0.816729
vt 0.946783 0.561807
vt 0.945956 0.562073
vt 0.810220 0.476389
vt 0.809498 0.473990
vt 0.807883 0.474509
vt 0.808731 0.477330
vt 0.808962 0.470325
vt 0.807282 0.470403
vt 0.808962 0.466636
vt 0.807282 0.466270
vt 0.893269 0.489827
vt 0.893269 0.472431
vt 0.887550 0.472290
vt 0.887550 0.489683
vt 0.946182 0.557702
vt 0.946182 0.553569
vt 0.945322 0.553382
vt 0.945322 0.557742
vt 0.579462 0.763377
vt 0.581586 0.763877
vt 0.581946 0.760331
vt 0.579527 0.759667
vt 0.586441 0.763614
vt 0.584224 0.760644
vt 0.607023 0.472226
vt 0.604882 0.472236
vt 0.604882 0.505415
vt 0.607023 0.505406
vt 0.865776 0.425291
vt 0.865776 0.429982
vt 0.866408 0.430909
vt 0.866408 0.425968
vt 0.577323 0.763710
vt 0.577088 0.760141
vt 0.792535 0.516923
vt 0.783043 0.517011
vt 0.783033 0.548510
vt 0.792535 0.548422
vt 0.575248 0.765108
vt 0.574723 0.761734
vt 0.946783 0.549566
vt 0.945956 0.549159
vt 0.947631 0.546891
vt 0.947200 0.545237
vt 0.809498 0.463063
vt 0.807883 0.462268
vt 0.810220 0.460787
vt 0.808731 0.459592
vt 0.800357 0.438308
vt 0.799133 0.438396
vt 0.799133 0.448575
vt 0.800357 0.448488
vt 0.949120 0.548086
vt 0.948398 0.550362
vt 0.949224 0.550769
vt 0.950212 0.547655
vt 0.947861 0.553934
vt 0.948721 0.554122
vt 0.947861 0.557624
vt 0.948721 0.557584
vt 0.704674 0.469725
vt 0.704674 0.484864
vt 0.710393 0.484701
vt 0.710393 0.469596
vt 0.738709 0.573087
vt 0.745549 0.573068
vt 0.746167 0.541574
vt 0.737896 0.541604
vt 0.730706 0.541574
vt 0.825883 0.615756
vt 0.824173 0.613556
vt 0.822748 0.618604
vt 0.824901 0.621376
vt 0.822675 0.610607
vt 0.820861 0.614891
vt 0.731572 0.573068
vt 0.943919 0.621089
vt 0.943918 0.652588
vt 0.947668 0.652525
vt 0.821806 0.620414
vt 0.824119 0.623392
vt 0.800136 0.619455
vt 0.800136 0.587996
vt 0.799255 0.586853
vt 0.799255 0.620651
vt 0.945002 0.925484
vt 0.947424 0.925452
vt 0.947424 0.891610
vt 0.945002 0.891643
vt 0.572522 0.764385
vt 0.573987 0.759667
vt 0.571623 0.762515
vt 0.800136 0.662120
vt 0.800136 0.630662
vt 0.799133 0.629457
vt 0.799133 0.663253
vt 0.571605 0.770598
vt 0.573317 0.767433
vt 0.570571 0.767991
vt 0.947668 0.621025
vt 0.570177 0.774480
vt 0.568944 0.772416
vt 0.569089 0.778930
vt 0.567703 0.777487
vt 0.821445 0.607024
vt 0.820532 0.602945
vt 0.818161 0.605240
vt 0.819312 0.610378
vt 0.736064 0.582464
vt 0.728572 0.583147
vt 0.728572 0.614606
vt 0.736763 0.613870
vt 0.633358 0.463256
vt 0.634791 0.463633
vt 0.634791 0.450827
vt 0.633358 0.450450
vt 0.959103 0.564740
vt 0.958649 0.561168
vt 0.957039 0.561903
vt 0.957588 0.566208
vt 0.958450 0.556364
vt 0.956809 0.556337
vt 0.827938 0.476189
vt 0.821086 0.475100
vt 0.821081 0.487723
vt 0.827938 0.488812
vt 0.648376 0.555794
vt 0.641588 0.555625
vt 0.641550 0.587101
vt 0.650513 0.587276
vt 0.958649 0.551566
vt 0.959103 0.548009
vt 0.957588 0.546491
vt 0.957039 0.550778
vt 0.817632 0.466293
vt 0.819215 0.465893
vt 0.819215 0.453090
vt 0.817632 0.453490
vt 0.820532 0.584951
vt 0.821445 0.580901
vt 0.819312 0.577477
vt 0.818161 0.582578
vt 0.746169 0.581896
vt 0.746161 0.613355
vt 0.568741 0.798806
vt 0.568204 0.793911
vt 0.566695 0.794560
vt 0.567307 0.800139
vt 0.569672 0.803336
vt 0.568368 0.805301
vt 0.570961 0.807324
vt 0.569837 0.809847
vt 0.572560 0.810619
vt 0.571660 0.813601
vt 0.822675 0.577359
vt 0.824173 0.574459
vt 0.822748 0.569364
vt 0.820861 0.573016
vt 0.655607 0.555625
vt 0.657038 0.587102
vt 0.825883 0.572315
vt 0.824901 0.566663
vt 0.839805 0.534513
vt 0.833721 0.534492
vt 0.832943 0.565997
vt 0.947210 0.832464
vt 0.947930 0.834723
vt 0.949019 0.835120
vt 0.948034 0.832030
vt 0.946445 0.835968
vt 0.946015 0.837640
vt 0.586813 0.435736
vt 0.585709 0.435858
vt 0.585709 0.446038
vt 0.586813 0.445916
vt 0.956527 0.935575
vt 0.957247 0.937834
vt 0.958859 0.936985
vt 0.958013 0.934330
vt 0.957783 0.941398
vt 0.959458 0.940978
vt 0.945599 0.833313
vt 0.944999 0.829320
vt 0.944142 0.829535
vt 0.944774 0.833748
vt 0.860496 0.564730
vt 0.869912 0.564816
vt 0.869912 0.533317
vt 0.860507 0.533231
vt 0.578555 0.815150
vt 0.576431 0.814650
vt 0.576071 0.818196
vt 0.578490 0.818860
vt 0.574407 0.813092
vt 0.573765 0.816420
vt 0.869913 0.533317
vt 0.869913 0.564816
vt 0.870820 0.566002
vt 0.870820 0.532161
vt 0.570696 0.815391
vt 0.572958 0.818420
vt 0.872897 0.566011
vt 0.872897 0.532170
vt 0.739237 0.779010
vt 0.739237 0.747511
vt 0.738231 0.746355
vt 0.738231 0.780197
vt 0.824119 0.564611
vt 0.821806 0.567513
vt 0.580694 0.814817
vt 0.580929 0.818386
vt 0.582769 0.813420
vt 0.583294 0.816793
vt 0.944999 0.825177
vt 0.944142 0.825164
vt 0.945599 0.821043
vt 0.944774 0.820803
vt 0.949925 0.951999
vt 0.949925 0.934312
vt 0.944206 0.934433
vt 0.944206 0.952120
vt 0.957783 0.945096
vt 0.957247 0.948786
vt 0.958859 0.949256
vt 0.959458 0.945121
vt 0.956527 0.951215
vt 0.958013 0.952110
vt 0.977155 0.925418
vt 0.978337 0.925484
vt 0.978337 0.915305
vt 0.977155 0.915239
vt 0.946445 0.818189
vt 0.946015 0.816619
vt 0.947930 0.819084
vt 0.949019 0.818430
vt 0.626006 0.466621
vt 0.625792 0.462662
vt 0.622901 0.464170
vt 0.623170 0.469156
vt 0.666216 0.508387
vt 0.666218 0.539887
vt 0.670175 0.539949
vt 0.772120 0.426249
vt 0.772120 0.430981
vt 0.772750 0.430287
vt 0.772750 0.425303
vt 0.948705 0.534132
vt 0.951142 0.534164
vt 0.951142 0.500984
vt 0.948705 0.500952
vt 0.585495 0.814143
vt 0.583215 0.818247
vt 0.585533 0.815455
vt 0.847643 0.534492
vt 0.842328 0.566017
vt 0.848331 0.565997
vt 0.947210 0.821512
vt 0.946675 0.825202
vt 0.947532 0.825215
vt 0.948034 0.821752
vt 0.946675 0.828900
vt 0.947532 0.828686
vt 0.689985 0.469047
vt 0.689986 0.484726
vt 0.695705 0.484827
vt 0.695705 0.469182
vt 0.626006 0.458480
vt 0.623170 0.458902
vt 0.728573 0.638846
vt 0.731142 0.638990
vt 0.731188 0.623504
vt 0.728902 0.623411
vt 0.946324 0.877700
vt 0.945964 0.873604
vt 0.945031 0.875857
vt 0.945484 0.881015
vt 0.944779 0.876435
vt 0.944972 0.882722
vt 0.945742 0.869174
vt 0.944751 0.870278
vt 0.945668 0.864582
vt 0.944657 0.864494
vt 0.945742 0.860002
vt 0.944751 0.858726
vt 0.737600 0.638924
vt 0.742104 0.623495
vt 0.731200 0.623504
vt 0.945964 0.855611
vt 0.945031 0.853195
vt 0.946324 0.851578
vt 0.945484 0.848116
vt 0.742068 0.638984
vt 0.867613 0.467792
vt 0.864753 0.467347
vt 0.745114 0.639109
vt 0.739072 0.638936
vt 0.738868 0.670324
vt 0.745115 0.670509
vt 0.718360 0.513498
vt 0.721979 0.513271
vt 0.722595 0.497785
vt 0.721019 0.497915
vt 0.852077 0.525027
vt 0.852078 0.493570
vt 0.847691 0.492891
vt 0.720618 0.513329
vt 0.721216 0.544810
vt 0.722597 0.544752
vt 0.721998 0.513271
vt 0.588345 0.775191
vt 0.589276 0.779721
vt 0.590710 0.778388
vt 0.589649 0.773226
vt 0.592048 0.777307
vt 0.590999 0.771625
vt 0.641635 0.643014
vt 0.646869 0.643285
vt 0.641679 0.596098
vt 0.591322 0.783968
vt 0.592645 0.783454
vt 0.646632 0.596423
vt 0.591460 0.789751
vt 0.592769 0.789829
vt 0.646632 0.596430
vt 0.646870 0.643285
vt 0.652108 0.643672
vt 0.646632 0.596408
vt 0.592649 0.783624
vt 0.592414 0.796187
vt 0.651860 0.596783
vt 0.944237 0.870882
vt 0.944234 0.858170
vt 0.944234 0.858170
vt 0.944776 0.852631
vt 0.944963 0.846445
vt 0.652109 0.643672
vt 0.651860 0.596828
vt 0.656554 0.644115
vt 0.656551 0.597280
vt 0.651860 0.596788
vt 0.591119 0.795515
vt 0.590314 0.801040
vt 0.591595 0.802284
vt 0.589635 0.794749
vt 0.588928 0.799597
vt 0.589934 0.789691
vt 0.589813 0.784617
vt 0.589073 0.806111
vt 0.590342 0.807885
vt 0.587840 0.804047
vt 0.670174 0.508450
vt 0.670176 0.539949
vt 0.671334 0.539940
vt 0.671334 0.508440
vt 0.586412 0.807929
vt 0.587446 0.810536
vt 0.584700 0.811094
vt 0.847610 0.525453
vt 0.731139 0.638990
vt 0.729663 0.670378
vt 0.731195 0.638989
vt 0.568083 0.788836
vt 0.566557 0.788776
vt 0.568382 0.783778
vt 0.566898 0.783012
vt 0.867604 0.492168
vt 0.867583 0.477489
vt 0.860513 0.476603
vt 0.860534 0.491274
vt 0.763739 0.735513
vt 0.763739 0.987053
vt 0.765523 0.987028
vt 0.765523 0.735488
vt 0.699662 0.986941
vt 0.600771 0.985838
vt 0.600840 0.734566
vt 0.983159 0.785487
vt 0.984450 0.785381
vt 0.984446 0.779540
vt 0.983155 0.779647
vt 0.937321 0.703510
vt 0.937320 0.702417
vt 0.935585 0.702446
vt 0.935586 0.703538
vt 0.937318 0.647947
vt 0.935584 0.647976
vt 0.935585 0.646352
vt 0.937319 0.646324
vt 0.570450 0.428692
vt 0.569178 0.428627
vt 0.569241 0.434575
vt 0.570513 0.434640
vt 0.657555 0.489633
vt 0.657554 0.491112
vt 0.659289 0.491140
vt 0.659289 0.489661
vt 0.657554 0.545835
vt 0.659289 0.545863
vt 0.614569 0.486779
vt 0.614568 0.488257
vt 0.616303 0.488286
vt 0.616304 0.486807
vt 0.614568 0.542980
vt 0.616303 0.543009
vt 0.765223 0.428825
vt 0.763951 0.428761
vt 0.764015 0.434709
vt 0.765286 0.434773
vt 0.936989 0.543675
vt 0.936988 0.545298
vt 0.938722 0.545270
vt 0.938723 0.543646
vt 0.938725 0.600832
vt 0.938724 0.599740
vt 0.936989 0.599768
vt 0.936990 0.600861
vt 0.984498 0.859691
vt 0.985789 0.859584
vt 0.985785 0.853743
vt 0.984493 0.853850
vt 0.965028 0.961328
vt 0.963970 0.961315
vt 0.963959 0.973951
vt 0.965017 0.975112
vt 0.936651 0.625903
vt 0.935606 0.621430
vt 0.935687 0.636840
vt 0.936743 0.636763
vt 0.936743 0.610922
vt 0.935687 0.611018
vt 0.962298 0.690118
vt 0.963367 0.677707
vt 0.962308 0.677739
vt 0.963356 0.692856
vt 0.962308 0.703537
vt 0.963367 0.703526
vt 0.799144 0.469488
vt 0.800206 0.472486
vt 0.800268 0.457458
vt 0.799211 0.457382
vt 0.799211 0.483200
vt 0.800268 0.483277
vt 0.963970 0.987041
vt 0.965028 0.987053
vt 0.579112 0.452259
vt 0.578259 0.452318
vt 0.578247 0.464541
vt 0.579103 0.470257
vt 0.578259 0.476970
vt 0.959708 0.534247
vt 0.957752 0.508324
vt 0.957752 0.534211
vt 0.955695 0.842437
vt 0.957649 0.842694
vt 0.955634 0.827002
vt 0.957585 0.824778
vt 0.957648 0.816759
vt 0.955695 0.816619
vt 0.956376 0.600859
vt 0.958332 0.600839
vt 0.958321 0.590170
vt 0.956365 0.587439
vt 0.615450 0.478047
vt 0.616292 0.466065
vt 0.615441 0.460271
vt 0.616304 0.453232
vt 0.958332 0.575020
vt 0.956375 0.575061
vt 0.615450 0.453262
vt 0.965881 0.575023
vt 0.965029 0.575087
vt 0.965801 0.583082
vt 0.964940 0.585576
vt 0.957360 0.961068
vt 0.955408 0.961224
vt 0.955309 0.973477
vt 0.957268 0.976050
vt 0.965882 0.600909
vt 0.965030 0.600880
vt 0.955408 0.987073
vt 0.957359 0.986909
vt 0.671334 0.473856
vt 0.666902 0.473806
vt 0.666893 0.481326
vt 0.671322 0.485852
vt 0.598204 0.494323
vt 0.593863 0.505436
vt 0.598285 0.505089
vt 0.593771 0.490044
vt 0.598285 0.479269
vt 0.593863 0.479594
vt 0.945334 0.575054
vt 0.949755 0.588467
vt 0.949766 0.575015
vt 0.945322 0.587490
vt 0.945334 0.600880
vt 0.949766 0.600813
vt 0.616304 0.477969
vt 0.944224 0.971299
vt 0.948644 0.969251
vt 0.948707 0.961233
vt 0.944285 0.960915
vt 0.966383 0.508205
vt 0.967166 0.523248
vt 0.967234 0.508354
vt 0.966321 0.525662
vt 0.948708 0.987168
vt 0.944284 0.986733
vt 0.967234 0.534163
vt 0.966382 0.534102
vt 0.579112 0.476963
vt 0.671328 0.496996
vt 0.666897 0.496947
vt 0.666902 0.499534
vt 0.671334 0.499582
vt 0.666897 0.496968
vt 0.671328 0.496995
vt 0.959708 0.508361
vt 0.965306 0.825372
vt 0.964258 0.816841
vt 0.964246 0.827815
vt 0.965316 0.816852
vt 0.962458 0.871786
vt 0.961404 0.869113
vt 0.961494 0.882721
vt 0.962550 0.882644
vt 0.962550 0.856803
vt 0.961494 0.856900
vt 0.962739 0.910307
vt 0.963808 0.899653
vt 0.962750 0.899685
vt 0.963797 0.914803
vt 0.962750 0.925504
vt 0.963808 0.925472
vt 0.961792 0.779241
vt 0.962775 0.790838
vt 0.962847 0.779404
vt 0.961792 0.805221
vt 0.962847 0.805229
vt 0.965316 0.842611
vt 0.964257 0.842586
vt 0.757339 0.454974
vt 0.756271 0.465901
vt 0.757339 0.480860
vt 0.756281 0.455038
vt 0.960365 0.492076
vt 0.959215 0.480263
vt 0.959309 0.492145
vt 0.960266 0.479383
vt 0.960365 0.466227
vt 0.959309 0.466317
vt 0.962983 0.639166
vt 0.964051 0.626757
vt 0.962993 0.626789
vt 0.964040 0.641907
vt 0.962993 0.652587
vt 0.964051 0.652576
vt 0.962078 0.722755
vt 0.963134 0.748826
vt 0.963134 0.722846
vt 0.962078 0.748735
vt 0.756281 0.480764
vt 0.659289 0.455024
vt 0.658221 0.465952
vt 0.659289 0.480911
vt 0.658231 0.455088
vt 0.901026 0.489728
vt 0.899876 0.477915
vt 0.899969 0.489798
vt 0.900927 0.477036
vt 0.901026 0.463879
vt 0.899970 0.463970
vt 0.745311 0.468080
vt 0.746380 0.455671
vt 0.745322 0.455703
vt 0.746369 0.470821
vt 0.745322 0.481501
vt 0.746380 0.481490
vt 0.772199 0.457354
vt 0.773196 0.475892
vt 0.773255 0.457444
vt 0.772199 0.483333
vt 0.773254 0.483335
vt 0.658231 0.480814
vt 0.722239 0.455682
vt 0.722228 0.457790
vt 0.722701 0.455765
vt 0.982310 0.557679
vt 0.980779 0.557577
vt 0.982314 0.566208
vt 0.979337 0.644050
vt 0.977398 0.644051
vt 0.977398 0.652588
vt 0.979329 0.652587
vt 0.641491 0.825939
vt 0.644690 0.652920
vt 0.641560 0.652922
vt 0.888053 0.632368
vt 0.888046 0.805223
vt 0.890631 0.632187
vt 0.890625 0.805041
vt 0.851802 0.814032
vt 0.851802 0.987049
vt 0.854398 0.987047
vt 0.854388 0.814030
vt 0.755294 0.548967
vt 0.755288 0.721821
vt 0.757345 0.549104
vt 0.757339 0.721957
vt 0.644621 0.825938
vt 0.660152 0.437618
vt 0.658219 0.437754
vt 0.658208 0.446284
vt 0.660139 0.446148
vt 0.719535 0.457302
vt 0.719524 0.455190
vt 0.719063 0.455106
vt 0.719535 0.453082
vt 0.596068 0.452150
vt 0.596046 0.443613
vt 0.593738 0.443614
vt 0.593760 0.452151
vt 0.980783 0.566106
vt 0.722228 0.453569
vt 0.892704 0.457709
vt 0.892704 0.460142
vt 0.893131 0.460470
vt 0.893131 0.457210
vt 0.577580 0.434889
vt 0.577584 0.443419
vt 0.579116 0.443519
vt 0.579112 0.434990
vt 0.892348 0.462150
vt 0.909467 0.600855
vt 0.912589 0.516671
vt 0.909497 0.516674
vt 0.926777 0.986872
vt 0.926766 0.902771
vt 0.924180 0.902952
vt 0.924179 0.987053
vt 0.926381 0.619353
vt 0.926392 0.703534
vt 0.928985 0.703532
vt 0.928986 0.619351
vt 0.625187 0.427235
vt 0.623753 0.427255
vt 0.623753 0.432323
vt 0.625187 0.432325
vt 0.980042 0.662577
vt 0.978611 0.662661
vt 0.980042 0.666592
vt 0.928343 0.516625
vt 0.928338 0.600725
vt 0.930396 0.516760
vt 0.930390 0.600861
vt 0.978611 0.666676
vt 0.808786 0.433437
vt 0.810220 0.433495
vt 0.808786 0.427394
vt 0.912560 0.600852
vt 0.810220 0.427452
vt 0.908001 0.805217
vt 0.911123 0.718706
vt 0.908031 0.718708
vt 0.911094 0.805214
vt 0.928923 0.718796
vt 0.926865 0.805087
vt 0.928918 0.805222
vt 0.926870 0.718661
vt 0.919141 0.514348
vt 0.919152 0.600856
vt 0.921745 0.600854
vt 0.921745 0.514346
vt 0.984107 0.466317
vt 0.982677 0.471328
vt 0.984107 0.471398
vt 0.920290 0.805041
vt 0.920278 0.718614
vt 0.917692 0.718795
vt 0.917691 0.805222
vt 0.982676 0.466250
vt 0.827940 0.436907
vt 0.826005 0.436908
vt 0.825997 0.445445
vt 0.827940 0.445444
vt 0.889856 0.460234
vt 0.890191 0.458210
vt 0.889764 0.457882
vt 0.838931 0.446711
vt 0.840861 0.446576
vt 0.840868 0.438046
vt 0.838931 0.438182
vt 0.910471 0.449357
vt 0.910420 0.440820
vt 0.908112 0.440821
vt 0.890927 0.456342
vt 0.890750 0.455380
vt 0.891764 0.455393
vt 0.908135 0.449358
vt 0.892349 0.455843
vt 0.980206 0.978423
vt 0.980210 0.986953
vt 0.981743 0.987054
vt 0.837445 0.459426
vt 0.838074 0.457792
vt 0.837747 0.457093
vt 0.981738 0.978524
vt 0.838719 0.456192
vt 0.822791 0.805217
vt 0.825912 0.632197
vt 0.822820 0.632200
vt 0.881453 0.805042
vt 0.881453 0.632187
vt 0.878858 0.632369
vt 0.878867 0.805223
vt 0.851310 0.632201
vt 0.851321 0.805218
vt 0.853915 0.805216
vt 0.853915 0.632199
vt 0.600839 0.552772
vt 0.600833 0.725625
vt 0.602892 0.552907
vt 0.602886 0.725760
vt 0.825883 0.805215
vt 0.923910 0.437300
vt 0.921976 0.437301
vt 0.921968 0.445838
vt 0.923911 0.445837
vt 0.840627 0.458791
vt 0.840292 0.460815
vt 0.840719 0.461143
vt 0.745298 0.446886
vt 0.747237 0.446751
vt 0.747248 0.438221
vt 0.745310 0.438356
vt 0.622849 0.441133
vt 0.622901 0.449670
vt 0.625208 0.449669
vt 0.839937 0.462822
vt 0.625186 0.441132
vt 0.838134 0.463182
vt 0.837692 0.460842
vt 0.837236 0.461179
vt 0.693055 0.457355
vt 0.693087 0.459159
vt 0.693619 0.455524
vt 0.982073 0.952008
vt 0.983604 0.952110
vt 0.982069 0.943479
vt 0.692126 0.459448
vt 0.734373 0.444866
vt 0.736303 0.444865
vt 0.736310 0.436327
vt 0.734372 0.436329
vt 0.728542 0.852334
vt 0.731703 0.679315
vt 0.728572 0.679317
vt 0.720951 0.726469
vt 0.720940 0.553616
vt 0.718361 0.553797
vt 0.718360 0.726651
vt 0.860964 0.814032
vt 0.860981 0.987049
vt 0.863578 0.987047
vt 0.863563 0.814030
vt 0.614258 0.552771
vt 0.614252 0.725624
vt 0.616309 0.552907
vt 0.616304 0.725760
vt 0.731634 0.852332
vt 0.975962 0.860554
vt 0.977896 0.860419
vt 0.977907 0.851889
vt 0.975975 0.852025
vt 0.690442 0.455663
vt 0.690120 0.453972
vt 0.690236 0.457918
vt 0.690649 0.457504
vt 0.690932 0.452828
vt 0.810242 0.450785
vt 0.810219 0.442248
vt 0.807882 0.442250
vt 0.807933 0.450787
vt 0.983600 0.943581
vt 0.693158 0.455521
vt 0.875879 0.446206
vt 0.877006 0.446383
vt 0.877083 0.445315
vt 0.819227 0.435746
vt 0.817288 0.435748
vt 0.817288 0.444284
vt 0.819219 0.444283
vt 0.825883 0.987045
vt 0.825912 0.814028
vt 0.822791 0.987047
vt 0.822820 0.814030
vt 0.680498 0.553728
vt 0.680510 0.726581
vt 0.683089 0.726400
vt 0.683089 0.553545
vt 0.879324 0.814032
vt 0.879335 0.987049
vt 0.881923 0.987047
vt 0.881923 0.814030
vt 0.807239 0.548798
vt 0.807233 0.721651
vt 0.809290 0.548934
vt 0.809284 0.721788
vt 0.878058 0.447836
vt 0.878137 0.450406
vt 0.878598 0.450570
vt 0.755405 0.446233
vt 0.757339 0.446097
vt 0.757338 0.437568
vt 0.755413 0.437704
vt 0.975498 0.952108
vt 0.975476 0.943571
vt 0.973168 0.943573
vt 0.973190 0.952110
vt 0.982388 0.503363
vt 0.982392 0.511893
vt 0.983924 0.511994
vt 0.983919 0.503465
vt 0.785894 0.435887
vt 0.783955 0.435888
vt 0.783955 0.444425
vt 0.785886 0.444424
vt 0.654282 0.825938
vt 0.654351 0.652920
vt 0.651190 0.825939
vt 0.651220 0.652922
vt 0.625492 0.725735
vt 0.625481 0.552881
vt 0.622902 0.553063
vt 0.622901 0.725917
vt 0.870144 0.814032
vt 0.870155 0.987049
vt 0.872743 0.987047
vt 0.872743 0.814030
vt 0.666216 0.548755
vt 0.666210 0.721608
vt 0.668267 0.548891
vt 0.668261 0.721744
vt 0.959874 0.454704
vt 0.959530 0.452211
vt 0.959461 0.455118
vt 0.666877 0.446172
vt 0.668811 0.446036
vt 0.668811 0.437507
vt 0.666885 0.437642
vt 0.570516 0.451987
vt 0.570513 0.443450
vt 0.568204 0.443451
vt 0.568216 0.451989
vt 0.962177 0.451513
vt 0.962521 0.454006
vt 0.962590 0.451099
vt 0.982070 0.960915
vt 0.982074 0.969444
vt 0.983605 0.969546
vt 0.983600 0.961017
vt 0.866408 0.439715
vt 0.864477 0.439850
vt 0.864470 0.448379
vt 0.866408 0.448244
vt 0.634125 0.553064
vt 0.632067 0.725782
vt 0.634120 0.725917
vt 0.845203 0.987045
vt 0.845232 0.814028
vt 0.842072 0.987047
vt 0.842141 0.814030
vt 0.863112 0.805041
vt 0.863101 0.632187
vt 0.860514 0.632368
vt 0.860513 0.805222
vt 0.842124 0.632201
vt 0.842135 0.805218
vt 0.844729 0.805216
vt 0.844729 0.632200
vt 0.632073 0.552929
vt 0.937793 0.455224
vt 0.938599 0.453216
vt 0.937412 0.454663
vt 0.973764 0.483605
vt 0.973775 0.492142
vt 0.976075 0.492141
vt 0.976072 0.483604
vt 0.980734 0.525534
vt 0.980738 0.534063
vt 0.982270 0.534164
vt 0.940507 0.455816
vt 0.940172 0.457839
vt 0.940599 0.458168
vt 0.939817 0.459847
vt 0.982266 0.525635
vt 0.891570 0.437500
vt 0.889626 0.437501
vt 0.889614 0.446039
vt 0.891557 0.446037
vt 0.641546 0.447407
vt 0.643486 0.447272
vt 0.643485 0.438743
vt 0.641555 0.438878
vt 0.963591 0.765491
vt 0.964013 0.762959
vt 0.963616 0.762457
vt 0.888515 0.986918
vt 0.890574 0.814200
vt 0.888521 0.814065
vt 0.835543 0.987045
vt 0.835572 0.814028
vt 0.832412 0.987047
vt 0.832480 0.814030
vt 0.872274 0.805042
vt 0.872274 0.632187
vt 0.869678 0.632369
vt 0.869688 0.805223
vt 0.832938 0.632201
vt 0.832955 0.805218
vt 0.835558 0.805216
vt 0.835543 0.632200
vt 0.890568 0.987053
vt 0.973598 0.760225
vt 0.973601 0.768762
vt 0.975909 0.768760
vt 0.975898 0.760223
vt 0.966083 0.761101
vt 0.966438 0.762967
vt 0.966865 0.762469
vt 0.930644 0.435105
vt 0.930649 0.443634
vt 0.932181 0.443735
vt 0.966351 0.765910
vt 0.966749 0.766411
vt 0.932177 0.435206
vt 0.965952 0.766977
vt 0.964914 0.767990
vt 0.966161 0.767902
vt 0.606595 0.445947
vt 0.608530 0.445946
vt 0.608537 0.437409
vt 0.606594 0.437410
vt 0.670865 0.087430
vt 0.670739 0.103353
vt 0.940840 0.060763
vt 0.943717 0.061548
vt 0.826892 0.077380
vt 0.826892 0.061456
vt 0.940829 0.055943
vt 0.943719 0.056986
vt 0.702996 0.675517
vt 0.698747 0.675153
vt 0.694821 0.678672
vt 0.706922 0.679708
vt 0.691816 0.685539
vt 0.709927 0.687089
vt 0.690190 0.694707
vt 0.711553 0.696535
vt 0.690190 0.704782
vt 0.711553 0.706610
vt 0.691816 0.714228
vt 0.710523 0.713714
vt 0.708573 0.719575
vt 0.693929 0.720120
vt 0.696704 0.724156
vt 0.705039 0.724869
vt 0.700872 0.726478
vt 0.848990 0.435691
vt 0.849297 0.439453
vt 0.850233 0.433859
vt 0.850726 0.439766
vt 0.851220 0.435131
vt 0.851420 0.437526
vt 0.709440 0.440148
vt 0.708508 0.437148
vt 0.708883 0.442772
vt 0.707632 0.442857
vt 0.707103 0.437914
vt 0.706806 0.440529
vt 0.720388 0.436822
vt 0.720022 0.439439
vt 0.720971 0.441960
vt 0.721588 0.435925
vt 0.722282 0.441187
vt 0.722606 0.438258
vt 0.951517 0.441320
vt 0.951652 0.438887
vt 0.950970 0.436970
vt 0.950472 0.442879
vt 0.949826 0.436689
vt 0.949259 0.441351
vt 0.949095 0.438361
vt 0.772382 0.548190
vt 0.775678 0.548234
vt 0.772456 0.492469
vt 0.775655 0.492345
vt 0.928567 0.814631
vt 0.924588 0.814656
vt 0.928545 0.871901
vt 0.924635 0.871738
vt 0.694376 0.494077
vt 0.690397 0.494052
vt 0.690419 0.550792
vt 0.694330 0.550630
vt 0.937280 0.929990
vt 0.933684 0.930016
vt 0.933734 0.986604
vt 0.937237 0.986770
vt 0.574774 0.629453
vt 0.577771 0.629642
vt 0.580674 0.627530
vt 0.571094 0.626181
vt 0.583273 0.623733
vt 0.568836 0.621698
vt 0.585253 0.618200
vt 0.567334 0.615670
vt 0.586581 0.611694
vt 0.566557 0.606489
vt 0.586974 0.604600
vt 0.566949 0.599396
vt 0.586197 0.595419
vt 0.568277 0.592891
vt 0.584694 0.589391
vt 0.570258 0.587356
vt 0.582436 0.584907
vt 0.572860 0.583556
vt 0.578757 0.581636
vt 0.575759 0.581447
vt 0.906369 0.872127
vt 0.909366 0.871938
vt 0.903469 0.870019
vt 0.913045 0.868666
vt 0.900156 0.864469
vt 0.915303 0.864181
vt 0.916805 0.858156
vt 0.897943 0.856416
vt 0.917582 0.848970
vt 0.897165 0.847088
vt 0.916804 0.839644
vt 0.897557 0.840068
vt 0.898886 0.833807
vt 0.914591 0.831590
vt 0.900866 0.828640
vt 0.911281 0.826043
vt 0.903467 0.825320
vt 0.907374 0.823840
vt 0.580673 0.640207
vt 0.576768 0.638726
vt 0.572861 0.640926
vt 0.583985 0.645147
vt 0.569549 0.646475
vt 0.585812 0.650623
vt 0.567720 0.652292
vt 0.586778 0.657273
vt 0.566754 0.659118
vt 0.586974 0.664357
vt 0.566753 0.668557
vt 0.586196 0.671305
vt 0.567719 0.675209
vt 0.583983 0.679356
vt 0.569547 0.680686
vt 0.580670 0.684906
vt 0.572857 0.685625
vt 0.576763 0.687106
vt 0.783333 0.557501
vt 0.780336 0.557690
vt 0.786235 0.559612
vt 0.777492 0.559715
vt 0.775109 0.563827
vt 0.788835 0.563409
vt 0.790816 0.568943
vt 0.773281 0.569305
vt 0.772316 0.575955
vt 0.792340 0.577803
vt 0.772316 0.585396
vt 0.792340 0.587240
vt 0.773841 0.594257
vt 0.790816 0.595821
vt 0.776658 0.601188
vt 0.788000 0.602235
vt 0.779351 0.604584
vt 0.785306 0.605133
vt 0.782330 0.605788
vt 0.845156 0.575203
vt 0.842158 0.575014
vt 0.839256 0.577124
vt 0.848835 0.578476
vt 0.836656 0.580922
vt 0.851651 0.584889
vt 0.834675 0.586456
vt 0.853175 0.593467
vt 0.833347 0.592960
vt 0.832955 0.600055
vt 0.853371 0.600552
vt 0.852594 0.607498
vt 0.833731 0.609238
vt 0.851091 0.613800
vt 0.835944 0.616883
vt 0.848833 0.618702
vt 0.839255 0.621820
vt 0.845155 0.622651
vt 0.842156 0.623394
vt 0.578755 0.524632
vt 0.574772 0.524265
vt 0.571093 0.527538
vt 0.582437 0.528585
vt 0.568836 0.532022
vt 0.584694 0.533485
vt 0.567333 0.538050
vt 0.586196 0.539787
vt 0.566557 0.547231
vt 0.586973 0.549113
vt 0.566950 0.554324
vt 0.586197 0.558299
vt 0.568278 0.560831
vt 0.584695 0.564325
vt 0.570259 0.566364
vt 0.582437 0.568810
vt 0.572861 0.570163
vt 0.578758 0.572082
vt 0.575760 0.572271
vt 0.868730 0.623008
vt 0.871726 0.623197
vt 0.874628 0.621086
vt 0.865885 0.620983
vt 0.863502 0.616870
vt 0.877228 0.617289
vt 0.879209 0.611755
vt 0.861674 0.611393
vt 0.860709 0.604743
vt 0.880733 0.602894
vt 0.860513 0.597659
vt 0.880733 0.593456
vt 0.861290 0.590713
vt 0.879209 0.584876
vt 0.862792 0.584411
vt 0.865051 0.579510
vt 0.876394 0.578464
vt 0.867744 0.576114
vt 0.873700 0.575564
vt 0.870723 0.574910
vt 0.907371 0.986961
vt 0.911278 0.985481
vt 0.903465 0.984756
vt 0.913880 0.982162
vt 0.900155 0.979209
vt 0.915861 0.976992
vt 0.897942 0.971155
vt 0.917189 0.970734
vt 0.917582 0.963715
vt 0.897165 0.961827
vt 0.917190 0.956622
vt 0.897942 0.952645
vt 0.915862 0.950117
vt 0.899445 0.946618
vt 0.913047 0.943184
vt 0.901702 0.942134
vt 0.910352 0.939786
vt 0.904397 0.939236
vt 0.907372 0.938581
vt 0.698198 0.608196
vt 0.701194 0.608384
vt 0.704096 0.606274
vt 0.695353 0.606171
vt 0.692970 0.602057
vt 0.706696 0.602476
vt 0.708677 0.596943
vt 0.691143 0.596580
vt 0.690177 0.589930
vt 0.710201 0.588082
vt 0.689981 0.582846
vt 0.710202 0.578643
vt 0.690758 0.575900
vt 0.708677 0.570063
vt 0.692260 0.569598
vt 0.694519 0.564697
vt 0.705862 0.563651
vt 0.697212 0.561301
vt 0.703168 0.560752
vt 0.700191 0.560097
vt 0.907376 0.881210
vt 0.903468 0.882690
vt 0.911282 0.883414
vt 0.900867 0.886009
vt 0.914592 0.888962
vt 0.898885 0.891179
vt 0.916805 0.897016
vt 0.897558 0.897437
vt 0.897165 0.904456
vt 0.917582 0.906344
vt 0.897557 0.911549
vt 0.916805 0.915526
vt 0.898885 0.918054
vt 0.915302 0.921553
vt 0.901700 0.924986
vt 0.913044 0.926037
vt 0.904395 0.928385
vt 0.910350 0.928935
vt 0.907374 0.929590
vt 0.980584 0.579171
vt 0.979488 0.580456
vt 0.981674 0.580827
vt 0.979495 0.583883
vt 0.981839 0.583801
vt 0.980847 0.585424
vt 0.682739 0.450719
vt 0.681270 0.448997
vt 0.679984 0.450480
vt 0.679451 0.453593
vt 0.682730 0.455311
vt 0.679984 0.456514
vt 0.681270 0.457530
vt 0.681773 0.434453
vt 0.680811 0.433713
vt 0.679850 0.434836
vt 0.682101 0.437250
vt 0.679521 0.437765
vt 0.681332 0.439727
vt 0.680291 0.439934
vt 0.735221 0.461641
vt 0.737181 0.461228
vt 0.734372 0.458371
vt 0.738016 0.457643
vt 0.734905 0.455252
vt 0.737482 0.454738
vt 0.736194 0.453747
vt 0.970281 0.439779
vt 0.971528 0.439160
vt 0.969545 0.438205
vt 0.972162 0.436466
vt 0.969545 0.435772
vt 0.971763 0.434298
vt 0.970539 0.433774
vt 0.606704 0.454829
vt 0.605416 0.455819
vt 0.608166 0.457073
vt 0.604976 0.459567
vt 0.608387 0.461055
vt 0.606007 0.462885
vt 0.607401 0.463163
vt 0.980584 0.594443
vt 0.979495 0.595705
vt 0.981544 0.595549
vt 0.981942 0.597873
vt 0.979488 0.599129
vt 0.981544 0.600053
vt 0.980584 0.600812
vt 0.848366 0.456708
vt 0.849988 0.457453
vt 0.851333 0.454787
vt 0.847834 0.453788
vt 0.851333 0.451521
vt 0.848667 0.450213
vt 0.850349 0.449390
vt 0.981035 0.457392
vt 0.982131 0.456106
vt 0.979939 0.455710
vt 0.982289 0.453215
vt 0.979781 0.452762
vt 0.981555 0.451359
vt 0.980515 0.451171
vt 0.969975 0.456358
vt 0.971261 0.457375
vt 0.972547 0.455893
vt 0.969442 0.453438
vt 0.972987 0.451972
vt 0.970289 0.449839
vt 0.971957 0.449041
vt 0.981820 0.695134
vt 0.980597 0.695682
vt 0.982848 0.697754
vt 0.980267 0.698461
vt 0.982293 0.700796
vt 0.981038 0.700956
vt 0.970497 0.702456
vt 0.971783 0.703473
vt 0.973252 0.701219
vt 0.970057 0.698693
vt 0.973464 0.697270
vt 0.971087 0.695390
vt 0.972479 0.695139
vt 0.960523 0.439177
vt 0.961485 0.439917
vt 0.962446 0.438795
vt 0.960125 0.437008
vt 0.962844 0.436467
vt 0.960523 0.434681
vt 0.962446 0.434298
vt 0.961485 0.433558
vt 0.709864 0.453701
vt 0.708240 0.452341
vt 0.706893 0.454492
vt 0.710398 0.456820
vt 0.706893 0.457752
vt 0.709864 0.459726
vt 0.708223 0.460428
vt 0.980639 0.433696
vt 0.979598 0.433904
vt 0.981375 0.435271
vt 0.978862 0.435771
vt 0.981375 0.437704
vt 0.979028 0.438677
vt 0.980369 0.439710
vt 0.950787 0.460401
vt 0.952075 0.459410
vt 0.949499 0.458897
vt 0.952609 0.456504
vt 0.948965 0.455779
vt 0.952075 0.453385
vt 0.949499 0.452872
vt 0.950787 0.451881
s 0
usemtl Black_Old_Paint
f 5240/4499/5075 5241/4500/5075 5242/4501/5075
s 1
f 5243/4502/5076 5244/4503/5076 5245/4504/5076
s 0
f 5254/4505/5077 5255/4506/5077 5256/4507/5077
f 5257/4508/5078 5258/4509/5078 5259/4510/5078
f 5260/4511/5079 5261/4512/5079 5262/4513/5079
f 5265/4514/5080 5266/4515/5080 5267/4516/5080
f 5278/4517/5081 5279/4518/5081 5280/4519/5081
f 5278/4517/5081 5280/4519/5081 5281/4520/5081
f 5284/4518/5082 5285/4521/5082 5286/4522/5082
f 5284/4518/5082 5286/4522/5082 5287/4523/5082
f 5288/4517/5083 5289/4524/5083 5290/4521/5083
f 5288/4517/5083 5290/4521/5083 5291/4518/5083
s 1
f 5292/4521/5084 5293/4525/5085 5294/4522/5086
s 0
f 5295/4521/5087 5296/4524/5087 5297/4526/5087
f 5295/4521/5088 5297/4526/5088 5298/4527/5088
s 1
f 5299/4524/5089 5300/4528/5090 5301/4529/5091
s 0
f 5302/4524/5092 5303/4517/5092 5304/4530/5092
f 5302/4524/5092 5304/4530/5092 5305/4528/5092
s 1
f 5306/4531/5093 5307/4532/5094 5308/4533/5095
s 0
f 5309/4534/5096 5310/4535/5096 5311/4536/5096
f 5309/4534/5096 5311/4536/5096 5312/4531/5096
s 1
f 5315/4536/5097 5316/4537/5098 5317/4538/5099
s 0
f 5318/4539/5100 5319/4536/5100 5320/4538/5100
f 5318/4539/5101 5320/4538/5101 5321/4540/5101
f 5326/4541/5102 5327/4542/5102 5328/4543/5102
f 5326/4541/5102 5328/4543/5102 5329/4544/5102
f 5334/4545/5103 5335/4546/5103 5336/4547/5103
f 5334/4545/5103 5336/4547/5103 5337/4539/5103
f 5338/4548/5104 5339/4532/5104 5340/4531/5104
f 5338/4548/5104 5340/4531/5104 5341/4547/5104
s 1
f 5342/4547/5105 5343/4549/5106 5344/4548/5107
f 5355/4550/5108 5356/4551/5109 5357/4552/5110
s 0
f 5362/4553/5111 5363/4554/5111 5364/4555/5111
f 5362/4553/5111 5364/4555/5111 5365/4556/5111
s 1
f 5370/4557/5112 5371/4558/5113 5372/4559/5114
s 0
f 5373/4560/5115 5374/4561/5115 5375/4562/5115
f 5373/4560/5115 5375/4562/5115 5376/4557/5115
f 5377/4563/5116 5378/4564/5116 5379/4557/5116
f 5377/4563/5116 5379/4557/5116 5380/4562/5116
f 5381/4565/5117 5382/4566/5117 5383/4563/5117
s 1
f 5381/4565/5117 5383/4563/5117 5384/4562/5117
f 5385/4562/5118 5386/4561/5119 5387/4567/5120
s 0
f 5388/4564/5121 5389/4563/5121 5390/4568/5121
f 5388/4564/5121 5390/4568/5121 5391/4569/5121
s 1
f 5392/4563/5122 5393/4570/5123 5394/4568/5124
f 5395/4571/5125 5396/4572/5126 5397/4573/5127
s 0
f 5398/4574/5128 5399/4571/5128 5400/4573/5128
f 5398/4574/5128 5400/4573/5128 5401/4575/5128
f 5402/4576/5129 5403/4577/5129 5404/4571/5129
f 5402/4576/5129 5404/4571/5129 5405/4578/5129
f 5410/4579/5130 5411/4580/5130 5412/4581/5130
f 5410/4579/5130 5412/4581/5130 5413/4582/5130
f 5418/4578/5131 5419/4583/5131 5420/4584/5131
f 5418/4578/5132 5420/4584/5132 5421/4585/5132
s 1
f 5422/4583/5133 5423/4586/5134 5424/4584/5135
s 0
f 5425/4587/5136 5426/4588/5136 5427/4583/5136
f 5425/4587/5136 5427/4583/5136 5428/4574/5136
s 1
f 5437/4589/5137 5438/4590/5138 5439/4591/5139
s 0
f 5440/4592/5140 5441/4593/5140 5442/4594/5140
f 5440/4592/5141 5442/4594/5141 5443/4589/5141
s 1
f 5446/4594/5142 5447/4595/5143 5448/4596/5144
s 0
f 5449/4596/5145 5450/4597/5145 5451/4598/5145
f 5449/4596/5145 5451/4598/5145 5452/4594/5145
f 5453/4599/5146 5454/4589/5146 5455/4594/5146
f 5453/4599/5146 5455/4594/5146 5456/4598/5146
f 5457/4520/5147 5458/4519/5147 5459/4600/5147
f 5457/4520/5147 5459/4600/5147 5460/4601/5147
s 1
f 5461/4598/5148 5462/4602/5149 5463/4603/5150
s 0
f 5464/4604/5151 5465/4590/5151 5466/4589/5151
f 5464/4604/5152 5466/4589/5152 5467/4599/5152
s 1
f 5468/4600/5153 5469/4519/5154 5470/4605/5155
f 5471/4578/5156 5472/4585/5157 5473/4606/5158
f 5474/4539/5159 5475/4540/5160 5476/4607/5161
s 0
f 5477/4608/5162 5478/4609/5162 5479/4610/5162
f 5477/4608/5162 5479/4610/5162 5480/4611/5162
f 5481/4612/5163 5482/4613/5163 5483/4614/5163
f 5481/4612/5163 5483/4614/5163 5484/4615/5163
f 5495/4616/5164 5496/4617/5164 5497/4618/5164
f 5495/4616/5164 5497/4618/5164 5498/4619/5164
f 5499/4620/5165 5500/4509/5165 5501/4508/5165
f 5499/4620/5165 5501/4508/5165 5502/4621/5165
f 5503/4622/5166 5504/4623/5166 5505/4624/5166
f 5503/4622/5166 5505/4624/5166 5506/4625/5166
f 5507/4626/5167 5508/4512/5167 5509/4511/5167
f 5507/4626/5167 5509/4511/5167 5510/4627/5167
f 5511/4624/5168 5512/4623/5168 5513/4628/5168
f 5511/4624/5168 5513/4628/5168 5514/4629/5168
f 5515/4627/5169 5516/4630/5169 5517/4631/5169
f 5515/4627/5169 5517/4631/5169 5518/4632/5169
f 5519/4633/5170 5520/4630/5170 5521/4627/5170
f 5519/4633/5170 5521/4627/5170 5522/4511/5170
f 5523/4634/5116 5524/4635/5116 5525/4636/5116
f 5523/4634/5116 5525/4636/5116 5526/4637/5116
f 5527/4633/5171 5528/4511/5171 5529/4513/5171
f 5527/4633/5171 5529/4513/5171 5530/4638/5171
f 5531/4639/5146 5532/4640/5146 5533/4621/5146
f 5531/4639/5146 5533/4621/5146 5534/4508/5146
f 5537/4641/5172 5538/4642/5172 5539/4643/5172
f 5537/4641/5172 5539/4643/5172 5540/4644/5172
f 5549/4645/5173 5550/4646/5173 5551/4647/5173
f 5549/4645/5173 5551/4647/5173 5552/4648/5173
f 5555/4649/5174 5556/4650/5174 5557/4651/5174
f 5555/4649/5174 5557/4651/5174 5558/4652/5174
f 5565/4653/5175 5566/4654/5175 5567/4655/5175
f 5565/4653/5175 5567/4655/5175 5568/4656/5175
f 5571/4657/5176 5572/4658/5176 5573/4659/5176
f 5571/4657/5176 5573/4659/5176 5574/4660/5176
f 5581/4661/5177 5582/4662/5177 5583/4663/5177
f 5581/4661/5177 5583/4663/5177 5584/4664/5177
f 5589/4665/5178 5590/4666/5178 5591/4667/5178
f 5589/4665/5178 5591/4667/5178 5592/4668/5178
f 5599/4669/5177 5600/4670/5177 5601/4671/5177
f 5599/4669/5177 5601/4671/5177 5602/4672/5177
f 5605/4673/5179 5606/4674/5179 5607/4675/5179
f 5605/4673/5179 5607/4675/5179 5608/4676/5179
f 5615/4677/5175 5616/4678/5175 5617/4679/5175
f 5615/4677/5175 5617/4679/5175 5618/4680/5175
f 5625/4681/5176 5626/4682/5176 5627/4683/5176
f 5625/4681/5176 5627/4683/5176 5628/4684/5176
f 5635/4685/5180 5636/4686/5180 5637/4687/5180
f 5635/4685/5180 5637/4687/5180 5638/4688/5180
f 5643/4689/5163 5644/4690/5163 5645/4691/5163
f 5643/4689/5163 5645/4691/5163 5646/4692/5163
s 1
f 5651/4574/5181 5652/4575/5182 5653/4693/5183
s 0
f 5656/4694/5184 5657/4695/5184 5658/4696/5184
f 5656/4694/5184 5658/4696/5184 5659/4697/5184
s 1
f 5660/4695/5185 5661/4698/5186 5662/4699/5187
s 0
f 5663/4700/5188 5664/4701/5188 5665/4696/5188
f 5663/4700/5188 5665/4696/5188 5666/4695/5188
s 1
f 5667/4702/5189 5668/4695/5190 5669/4699/5191
f 5670/4703/5192 5671/4704/5192 5672/4705/5192
f 5670/4703/5192 5672/4705/5192 5673/4706/5193
f 5674/4703/5194 5675/4706/5195 5676/4707/5194
f 5674/4703/5194 5676/4707/5194 5677/4708/5194
f 5678/4709/5196 5679/4710/5197 5680/4711/5198
f 5681/4712/5199 5682/4713/5199 5683/4714/5199
f 5681/4712/5199 5683/4714/5199 5684/4715/5199
f 5685/4716/5200 5686/4717/5201 5687/4718/5201
f 5685/4716/5200 5687/4718/5201 5688/4719/5201
f 5689/4717/5202 5690/4720/5203 5691/4721/5203
f 5689/4717/5202 5691/4721/5203 5692/4718/5202
f 5693/4722/5204 5694/4723/5204 5695/4720/5204
f 5693/4722/5204 5695/4720/5204 5696/4717/5204
f 5697/4722/5205 5698/4724/5205 5699/4725/5205
f 5697/4722/5205 5699/4725/5205 5700/4723/5205
f 5701/4726/5206 5702/4712/5207 5703/4715/5207
f 5701/4726/5206 5703/4715/5207 5704/4727/5207
f 5705/4728/5208 5706/4729/5209 5707/4730/5209
f 5705/4728/5208 5707/4730/5209 5708/4724/5209
f 5709/4724/5210 5710/4730/5210 5711/4731/5211
f 5709/4724/5210 5711/4731/5211 5712/4725/5211
f 5713/4732/5212 5714/4733/5213 5715/4734/5214
f 5716/4725/5215 5717/4731/5216 5718/4735/5215
f 5716/4725/5215 5718/4735/5215 5719/4736/5215
f 5720/4723/5217 5721/4725/5217 5722/4736/5217
f 5720/4723/5217 5722/4736/5217 5723/4737/5217
f 5726/4736/5218 5727/4735/5219 5728/4738/5218
f 5726/4736/5218 5728/4738/5218 5729/4739/5218
f 5736/4740/5220 5737/4741/5220 5738/4742/5220
f 5736/4740/5220 5738/4742/5220 5739/4743/5220
f 5740/4743/5221 5741/4742/5221 5742/4744/5221
f 5740/4743/5221 5742/4744/5221 5743/4745/5221
f 5750/4730/5222 5751/4746/5222 5752/4747/5222
f 5750/4730/5222 5752/4747/5222 5753/4731/5222
f 5754/4747/5223 5755/4748/5223 5756/4749/5223
f 5754/4747/5223 5756/4749/5223 5757/4750/5223
f 5758/4746/5224 5759/4751/5224 5760/4748/5224
f 5758/4746/5224 5760/4748/5224 5761/4747/5224
f 5762/4729/5225 5763/4752/5226 5764/4746/5226
f 5762/4729/5225 5764/4746/5226 5765/4730/5225
f 5766/4752/5227 5767/4753/5228 5768/4751/5227
f 5766/4752/5227 5768/4751/5227 5769/4746/5229
s 0
f 5774/4754/5230 5775/4755/5230 5776/4756/5230
f 5774/4754/5230 5776/4756/5230 5777/4757/5230
f 5778/4758/5231 5779/4754/5231 5780/4757/5231
f 5778/4758/5231 5780/4757/5231 5781/4759/5231
f 5782/4760/5232 5783/4761/5232 5784/4762/5232
f 5782/4760/5232 5784/4762/5232 5785/4763/5232
f 5788/4764/5233 5789/4760/5233 5790/4763/5233
f 5788/4764/5233 5790/4763/5233 5791/4765/5233
s 1
f 5796/4766/5234 5797/4767/5234 5798/4768/5234
f 5796/4766/5234 5798/4768/5234 5799/4769/5234
f 5800/4770/5235 5801/4771/5236 5802/4772/5235
f 5800/4770/5235 5802/4772/5235 5803/4773/5237
f 5808/4751/5238 5809/4774/5239 5810/4748/5240
f 5811/4775/5241 5812/4776/5242 5813/4777/5243
f 5814/4748/5244 5815/4778/5244 5816/4779/5244
f 5814/4748/5244 5816/4779/5244 5817/4749/5244
f 5818/4778/5245 5819/4780/5245 5820/4781/5246
f 5818/4778/5245 5820/4781/5246 5821/4779/5245
f 5826/4782/5247 5827/4783/5247 5828/4784/5247
f 5826/4782/5247 5828/4784/5247 5829/4785/5247
f 5830/4783/5248 5831/4786/5249 5832/4787/5248
f 5830/4783/5248 5832/4787/5248 5833/4784/5248
f 5834/4785/5250 5835/4784/5250 5836/4788/5250
f 5834/4785/5250 5836/4788/5250 5837/4789/5250
f 5842/4790/5251 5843/4791/5251 5844/4792/5252
f 5842/4790/5251 5844/4792/5252 5845/4793/5251
f 5846/4781/5253 5847/4794/5253 5848/4795/5253
f 5846/4781/5253 5848/4795/5253 5849/4791/5253
f 5850/4791/5254 5851/4795/5255 5852/4796/5254
f 5850/4791/5254 5852/4796/5254 5853/4792/5254
f 5856/4792/5256 5857/4796/5257 5858/4797/5258
f 5856/4792/5256 5858/4797/5258 5859/4798/5257
f 5860/4793/5259 5861/4792/5259 5862/4798/5259
f 5860/4793/5259 5862/4798/5259 5863/4799/5259
f 5864/4798/5260 5865/4797/5261 5866/4800/5262
f 5864/4798/5260 5866/4800/5262 5867/4801/5261
f 5872/4802/5263 5873/4803/5264 5874/4804/5265
f 5872/4802/5263 5874/4804/5265 5875/4805/5266
f 5876/4789/5267 5877/4788/5268 5878/4802/5267
f 5876/4789/5267 5878/4802/5267 5879/4806/5268
f 5882/4806/5269 5883/4802/5270 5884/4805/5271
f 5882/4806/5269 5884/4805/5271 5885/4807/5270
f 5890/4808/5272 5891/4809/5273 5892/4810/5273
f 5890/4808/5272 5892/4810/5273 5893/4811/5272
f 5894/4811/5274 5895/4810/5274 5896/4812/5275
f 5894/4811/5274 5896/4812/5275 5897/4813/5276
f 5902/4814/5277 5903/4815/5277 5904/4816/5278
f 5902/4814/5277 5904/4816/5278 5905/4817/5277
f 5906/4817/5279 5907/4816/5279 5908/4818/5280
f 5906/4817/5279 5908/4818/5280 5909/4819/5281
f 5914/4820/5282 5915/4821/5283 5916/4822/5284
f 5914/4820/5282 5916/4822/5284 5917/4823/5283
f 5918/4823/5285 5919/4822/5286 5920/4824/5286
f 5918/4823/5285 5920/4824/5286 5921/4825/5285
f 5924/4826/5287 5925/4823/5287 5926/4825/5287
f 5924/4826/5287 5926/4825/5287 5927/4827/5287
f 5930/4828/5288 5931/4829/5288 5932/4830/5289
f 5930/4828/5288 5932/4830/5289 5933/4831/5288
f 5936/4828/5290 5937/4831/5290 5938/4832/5290
f 5936/4828/5290 5938/4832/5290 5939/4833/5290
f 5942/4834/5291 5943/4835/5292 5944/4836/5293
f 5942/4834/5291 5944/4836/5293 5945/4837/5292
f 5946/4835/5294 5947/4838/5295 5948/4839/5295
f 5946/4835/5294 5948/4839/5295 5949/4836/5294
f 5950/4826/5296 5951/4827/5296 5952/4838/5297
f 5950/4826/5296 5952/4838/5297 5953/4835/5296
f 5956/4838/5298 5957/4840/5298 5958/4841/5298
f 5956/4838/5298 5958/4841/5298 5959/4839/5298
f 5962/4842/5299 5963/4843/5300 5964/4844/5300
f 5962/4842/5299 5964/4844/5300 5965/4845/5300
f 5968/4842/5301 5969/4846/5302 5970/4847/5303
f 5968/4842/5301 5970/4847/5303 5971/4843/5302
f 5974/4848/5304 5975/4849/5305 5976/4850/5306
f 5974/4848/5304 5976/4850/5306 5977/4851/5307
f 5978/4848/5308 5979/4851/5309 5980/4852/5310
f 5978/4848/5308 5980/4852/5310 5981/4840/5311
f 5982/4851/5312 5983/4850/5313 5984/4853/5312
f 5982/4851/5312 5984/4853/5312 5985/4854/5313
f 5986/4851/5314 5987/4854/5314 5988/4855/5315
f 5986/4851/5314 5988/4855/5315 5989/4852/5314
f 5990/4852/5316 5991/4855/5316 5992/4856/5316
f 5990/4852/5316 5992/4856/5316 5993/4857/5316
f 5994/4840/5317 5995/4852/5317 5996/4857/5317
f 5994/4840/5317 5996/4857/5317 5997/4841/5317
f 5998/4854/5318 5999/4858/5319 6000/4859/5319
f 5998/4854/5318 6000/4859/5319 6001/4855/5319
f 6002/4855/5320 6003/4859/5320 6004/4860/5320
f 6002/4855/5320 6004/4860/5320 6005/4856/5320
f 6006/4858/5321 6007/4861/5321 6008/4862/5321
f 6006/4858/5321 6008/4862/5321 6009/4859/5321
s 0
f 6014/4863/5322 6015/4864/5322 6016/4865/5322
f 6014/4863/5322 6016/4865/5322 6017/4866/5322
f 6020/4867/5323 6021/4868/5323 6022/4869/5323
f 6020/4867/5323 6022/4869/5323 6023/4870/5323
s 1
f 6024/4871/5324 6025/4872/5324 6026/4873/5324
f 6024/4871/5324 6026/4873/5324 6027/4874/5324
s 0
f 6028/4870/5325 6029/4869/5325 6030/4875/5325
f 6028/4870/5325 6030/4875/5325 6031/4876/5325
s 1
f 6032/4874/5326 6033/4873/5326 6034/4877/5326
f 6032/4874/5326 6034/4877/5326 6035/4878/5326
f 6040/4856/5327 6041/4860/5327 6042/4879/5327
f 6040/4856/5327 6042/4879/5327 6043/4880/5327
s 0
f 6044/4879/5328 6045/4881/5328 6046/4882/5328
f 6044/4879/5329 6046/4882/5329 6047/4883/5329
s 1
f 6048/4880/5330 6049/4879/5331 6050/4883/5331
f 6048/4880/5330 6050/4883/5331 6051/4884/5331
s 0
f 6054/4885/5332 6055/4886/5332 6056/4887/5332
f 6054/4885/5332 6056/4887/5332 6057/4888/5332
f 6058/4888/5333 6059/4887/5333 6060/4889/5333
f 6058/4888/5333 6060/4889/5333 6061/4890/5333
f 6062/4890/5334 6063/4889/5334 6064/4891/5334
f 6062/4890/5334 6064/4891/5334 6065/4892/5334
s 1
f 6066/4893/5335 6067/4894/5335 6068/4895/5336
f 6066/4893/5335 6068/4895/5336 6069/4896/5337
f 6070/4897/5338 6071/4898/5338 6072/4894/5338
f 6070/4897/5338 6072/4894/5338 6073/4893/5338
f 6074/4899/5339 6075/4897/5339 6076/4893/5340
f 6074/4899/5339 6076/4893/5340 6077/4900/5341
f 6078/4900/5342 6079/4893/5342 6080/4896/5343
f 6078/4900/5342 6080/4896/5343 6081/4901/5342
f 6082/4896/5344 6083/4895/5344 6084/4902/5344
f 6082/4896/5344 6084/4902/5344 6085/4903/5344
f 6086/4901/5345 6087/4896/5345 6088/4903/5345
f 6086/4901/5345 6088/4903/5345 6089/4904/5345
f 6090/4904/5346 6091/4903/5346 6092/4905/5346
f 6090/4904/5346 6092/4905/5346 6093/4906/5346
f 6094/4903/5347 6095/4902/5347 6096/4907/5347
f 6094/4903/5347 6096/4907/5347 6097/4905/5347
s 0
f 6102/4906/5348 6103/4908/5348 6104/4909/5348
f 6102/4906/5348 6104/4909/5348 6105/4910/5348
f 6106/4905/5349 6107/4911/5349 6108/4908/5349
f 6106/4905/5350 6108/4908/5350 6109/4906/5350
s 1
f 6112/4912/5351 6113/4913/5352 6114/4914/5352
f 6112/4912/5351 6114/4914/5352 6115/4915/5351
f 6118/4916/5353 6119/4917/5353 6120/4913/5354
f 6118/4916/5353 6120/4913/5354 6121/4912/5353
f 6124/4918/5355 6125/4919/5355 6126/4920/5355
f 6124/4918/5355 6126/4920/5355 6127/4921/5355
f 6128/4921/5356 6129/4920/5356 6130/4910/5357
f 6128/4921/5356 6130/4910/5357 6131/4922/5357
f 6132/4923/5358 6133/4924/5359 6134/4919/5358
f 6132/4923/5358 6134/4919/5358 6135/4918/5358
f 6138/4925/5360 6139/4926/5360 6140/4924/5360
f 6138/4925/5360 6140/4924/5360 6141/4923/5360
s 0
f 6142/4926/5361 6143/4899/5361 6144/4900/5361
f 6142/4926/5362 6144/4900/5362 6145/4924/5362
s 1
f 6148/4927/5363 6149/4928/5364 6150/4917/5363
f 6148/4927/5363 6150/4917/5363 6151/4916/5364
f 6154/4929/5365 6155/4930/5365 6156/4931/5365
f 6154/4929/5365 6156/4931/5365 6157/4932/5365
f 6158/4930/5366 6159/4880/5366 6160/4884/5366
f 6158/4930/5366 6160/4884/5366 6161/4931/5366
f 6162/4857/5367 6163/4856/5368 6164/4880/5368
f 6162/4857/5367 6164/4880/5368 6165/4930/5368
f 6166/4841/5369 6167/4857/5369 6168/4930/5369
f 6166/4841/5369 6168/4930/5369 6169/4929/5369
f 6174/4933/5370 6175/4929/5371 6176/4932/5372
f 6174/4933/5370 6176/4932/5372 6177/4934/5371
f 6178/4935/5373 6179/4936/5374 6180/4937/5375
f 6178/4935/5373 6180/4937/5375 6181/4938/5374
f 6184/4939/5376 6185/4935/5376 6186/4938/5377
f 6184/4939/5376 6186/4938/5377 6187/4940/5377
f 6192/4941/5378 6193/4939/5379 6194/4940/5379
f 6192/4941/5378 6194/4940/5379 6195/4942/5378
f 6200/4943/5380 6201/4941/5381 6202/4942/5382
f 6200/4943/5380 6202/4942/5382 6203/4944/5380
f 6204/4945/5383 6205/4834/5384 6206/4837/5383
f 6204/4945/5383 6206/4837/5383 6207/4946/5384
f 6208/4947/5385 6209/4945/5385 6210/4946/5385
f 6208/4947/5385 6210/4946/5385 6211/4948/5386
f 6214/4720/5387 6215/4947/5387 6216/4948/5387
f 6214/4720/5387 6216/4948/5387 6217/4721/5388
f 6220/4949/5389 6221/4950/5389 6222/4951/5389
f 6220/4949/5389 6222/4951/5389 6223/4952/5389
f 6224/4953/5390 6225/4954/5390 6226/4955/5390
f 6224/4953/5390 6226/4955/5390 6227/4956/5390
f 6234/4718/5391 6235/4721/5391 6236/4957/5391
f 6234/4718/5391 6236/4957/5391 6237/4958/5391
f 6238/4957/5392 6239/4959/5392 6240/4960/5392
f 6238/4957/5392 6240/4960/5392 6241/4961/5392
f 6242/4958/5393 6243/4957/5393 6244/4961/5393
f 6242/4958/5393 6244/4961/5393 6245/4962/5393
f 6246/4719/5394 6247/4718/5395 6248/4958/5395
f 6246/4719/5394 6248/4958/5395 6249/4963/5395
f 6250/4964/5396 6251/4965/5397 6252/4966/5396
f 6250/4964/5396 6252/4966/5396 6253/4967/5398
s 0
f 6256/4967/5399 6257/4968/5399 6258/4969/5399
f 6256/4967/5399 6258/4969/5399 6259/4964/5399
f 6262/4970/5400 6263/4971/5400 6264/4972/5400
f 6262/4970/5400 6264/4972/5400 6265/4973/5400
f 6266/4974/5401 6267/4975/5401 6268/4976/5401
f 6266/4974/5401 6268/4976/5401 6269/4977/5401
f 6274/4978/5402 6275/4979/5402 6276/4968/5402
f 6274/4978/5402 6276/4968/5402 6277/4967/5402
f 6278/4980/5403 6279/4981/5403 6280/4979/5403
f 6278/4980/5403 6280/4979/5403 6281/4978/5403
s 1
f 6286/4982/5404 6287/4983/5404 6288/4984/5405
f 6286/4982/5404 6288/4984/5405 6289/4985/5404
f 6290/4985/5406 6291/4984/5407 6292/4986/5406
f 6290/4985/5406 6292/4986/5406 6293/4987/5408
f 6298/4966/5409 6299/4988/5410 6300/4989/5411
f 6301/4990/5412 6302/4991/5413 6303/4992/5414
f 6304/4961/5415 6305/4960/5415 6306/4993/5415
f 6304/4961/5415 6306/4993/5415 6307/4994/5415
f 6308/4995/5416 6309/4996/5417 6310/4997/5418
f 6308/4995/5416 6310/4997/5418 6311/4991/5417
f 6316/4998/5419 6317/4999/5419 6318/5000/5419
f 6316/4998/5419 6318/5000/5419 6319/5001/5419
f 6320/5001/5420 6321/5000/5420 6322/5002/5420
f 6320/5001/5420 6322/5002/5420 6323/5003/5421
f 6328/4999/5422 6329/5004/5422 6330/5005/5422
f 6328/4999/5422 6330/5005/5422 6331/5000/5422
f 6334/4997/5423 6335/5006/5423 6336/5007/5423
f 6334/4997/5423 6336/5007/5423 6337/5008/5423
f 6338/5006/5424 6339/5009/5425 6340/5010/5425
f 6338/5006/5424 6340/5010/5425 6341/5007/5424
f 6342/5011/5426 6343/5012/5426 6344/5009/5426
f 6342/5011/5426 6344/5009/5426 6345/5006/5426
f 6346/5009/5427 6347/5013/5427 6348/5014/5427
f 6346/5009/5427 6348/5014/5427 6349/5010/5427
f 6350/5012/5428 6351/5015/5428 6352/5013/5429
f 6350/5012/5428 6352/5013/5429 6353/5009/5428
f 6354/5013/5430 6355/5016/5431 6356/5017/5432
f 6354/5013/5430 6356/5017/5432 6357/5014/5431
f 6362/5018/5433 6363/5019/5434 6364/5020/5435
f 6362/5018/5433 6364/5020/5435 6365/5021/5434
f 6366/5004/5436 6367/5022/5437 6368/5018/5437
f 6366/5004/5436 6368/5018/5437 6369/5005/5437
f 6372/5022/5438 6373/5023/5439 6374/5019/5440
f 6372/5022/5438 6374/5019/5440 6375/5018/5439
f 6382/5023/5441 6383/5024/5442 6384/5025/5443
f 6382/5023/5441 6384/5025/5443 6385/5019/5442
f 6390/5026/5444 6391/4933/5444 6392/4934/5445
f 6390/5026/5444 6392/4934/5445 6393/5027/5446
f 6396/5028/5447 6397/5029/5447 6398/5030/5447
f 6396/5028/5447 6398/5030/5447 6399/5031/5448
f 6400/5032/5449 6401/5026/5449 6402/5027/5450
f 6400/5032/5449 6402/5027/5450 6403/5033/5450
f 6408/5034/5451 6409/5028/5451 6410/5031/5451
f 6408/5034/5451 6410/5031/5451 6411/5035/5451
f 6416/5036/5452 6417/4923/5453 6418/4918/5453
f 6416/5036/5452 6418/4918/5453 6419/5016/5452
f 6420/5016/5454 6421/4918/5455 6422/4921/5455
f 6420/5016/5454 6422/4921/5455 6423/5017/5455
f 6424/5017/5456 6425/4921/5456 6426/4922/5457
f 6424/5017/5456 6426/4922/5457 6427/5037/5456
f 6428/5014/5458 6429/5017/5458 6430/5037/5459
f 6428/5014/5458 6430/5037/5459 6431/5038/5458
s 0
f 6432/4922/5460 6433/5039/5460 6434/5040/5460
s 1
f 6432/4922/5460 6434/5040/5460 6435/5037/5460
s 0
f 6436/5037/5461 6437/5040/5461 6438/5041/5461
f 6436/5037/5461 6438/5041/5461 6439/5038/5461
f 6440/5038/5462 6441/5041/5462 6442/5042/5462
f 6440/5038/5462 6442/5042/5462 6443/5043/5462
s 1
f 6444/5010/5463 6445/5014/5464 6446/5038/5463
f 6444/5010/5463 6446/5038/5463 6447/5043/5463
f 6448/5007/5465 6449/5010/5466 6450/5043/5465
f 6448/5007/5465 6450/5043/5465 6451/5044/5465
s 0
f 6452/5043/5467 6453/5042/5467 6454/5045/5467
f 6452/5043/5467 6454/5045/5467 6455/5044/5467
f 6456/5044/5468 6457/5045/5468 6458/5046/5468
f 6456/5044/5468 6458/5046/5468 6459/5007/5468
f 6460/5007/5469 6461/5046/5469 6462/5047/5469
f 6460/5007/5470 6462/5047/5470 6463/5008/5470
f 6464/5008/5471 6465/5047/5471 6466/5048/5471
f 6464/5008/5471 6466/5048/5471 6467/5049/5471
s 1
f 6468/4991/5472 6469/4997/5473 6470/5008/5472
f 6468/4991/5472 6470/5008/5472 6471/5049/5472
s 0
f 6472/5049/5474 6473/5048/5474 6474/5050/5474
f 6472/5049/5474 6474/5050/5474 6475/4991/5474
f 6476/4991/5475 6477/5050/5475 6478/5051/5475
f 6476/4991/5475 6478/5051/5475 6479/4992/5475
f 6480/4992/5476 6481/5051/5476 6482/4981/5476
f 6480/4992/5476 6482/4981/5476 6483/4980/5476
f 6484/4910/5477 6485/4909/5477 6486/5039/5477
f 6484/4910/5477 6486/5039/5477 6487/4922/5477
s 1
f 6492/4723/5478 6493/4737/5478 6494/4947/5478
f 6492/4723/5478 6494/4947/5478 6495/4720/5478
f 6500/5052/5479 6501/5053/5480 6502/5054/5479
f 6500/5052/5479 6502/5054/5479 6503/5055/5479
f 6506/5052/5481 6507/5056/5481 6508/5057/5481
f 6506/5052/5481 6508/5057/5481 6509/5053/5482
f 6512/5058/5483 6513/4739/5483 6514/4820/5483
f 6512/5058/5483 6514/4820/5483 6515/5059/5483
f 6516/5058/5484 6517/5059/5484 6518/4834/5484
f 6516/5058/5484 6518/4834/5484 6519/4945/5484
s 0
f 6524/4907/5485 6525/5060/5485 6526/4911/5485
f 6524/4907/5485 6526/4911/5485 6527/4905/5485
f 6528/5061/5486 6529/5062/5486 6530/5063/5486
f 6528/5061/5486 6530/5063/5486 6531/5064/5486
f 6532/4892/5487 6533/4891/5487 6534/5062/5487
f 6532/4892/5487 6534/5062/5487 6535/5061/5487
f 6536/4863/5488 6537/5065/5488 6538/5066/5488
f 6536/4863/5488 6538/5066/5488 6539/4864/5488
f 6542/5067/5489 6543/5068/5489 6544/5069/5489
f 6542/5067/5489 6544/5069/5489 6545/5070/5489
s 1
f 6546/5071/5490 6547/5072/5490 6548/5073/5490
f 6546/5071/5490 6548/5073/5490 6549/5074/5490
f 6554/5072/5491 6555/5075/5491 6556/5076/5491
f 6554/5072/5491 6556/5076/5491 6557/5073/5491
f 6560/4853/5492 6561/5077/5492 6562/5078/5492
f 6560/4853/5492 6562/5078/5492 6563/5079/5492
f 6564/5077/5493 6565/5080/5493 6566/5081/5493
f 6564/5077/5493 6566/5081/5493 6567/5078/5493
f 6568/4850/5494 6569/5082/5494 6570/5077/5494
f 6568/4850/5494 6570/5077/5494 6571/4853/5494
f 6572/5082/5495 6573/5083/5495 6574/5080/5495
f 6572/5082/5495 6574/5080/5495 6575/5077/5495
f 6576/4849/5496 6577/5084/5496 6578/5082/5496
f 6576/4849/5496 6578/5082/5496 6579/4850/5496
f 6580/5084/5497 6581/5085/5497 6582/5083/5497
f 6580/5084/5497 6582/5083/5497 6583/5082/5497
f 6586/4825/5498 6587/4824/5498 6588/5084/5498
f 6586/4825/5498 6588/5084/5498 6589/4849/5498
f 6592/4819/5499 6593/4818/5499 6594/5086/5499
f 6592/4819/5499 6594/5086/5499 6595/5087/5499
f 6598/4813/5500 6599/4812/5500 6600/5088/5500
f 6598/4813/5500 6600/5088/5500 6601/5085/5500
f 6602/5085/5501 6603/5088/5501 6604/5089/5501
f 6602/5085/5501 6604/5089/5501 6605/5083/5501
f 6608/5088/5502 6609/5090/5502 6610/5091/5502
f 6608/5088/5502 6610/5091/5502 6611/5089/5502
f 6614/4807/5503 6615/4805/5504 6616/5092/5505
f 6614/4807/5503 6616/5092/5505 6617/5093/5504
f 6620/5094/5506 6621/4801/5506 6622/5095/5507
f 6620/5094/5506 6622/5095/5507 6623/5090/5506
f 6624/5090/5508 6625/5095/5508 6626/5096/5508
f 6624/5090/5508 6626/5096/5508 6627/5091/5509
f 6628/4801/5510 6629/4800/5510 6630/5097/5510
f 6628/4801/5510 6630/5097/5510 6631/5095/5510
f 6632/5095/5511 6633/5097/5512 6634/5098/5512
f 6632/5095/5511 6634/5098/5512 6635/5096/5512
f 6636/4800/5513 6637/5099/5514 6638/5100/5514
f 6636/4800/5513 6638/5100/5514 6639/5097/5514
f 6640/5097/5515 6641/5100/5516 6642/5101/5516
f 6640/5097/5515 6642/5101/5516 6643/5098/5515
s 0
f 6644/5102/5517 6645/5103/5517 6646/5104/5517
f 6644/5102/5517 6646/5104/5517 6647/5105/5517
f 6648/5106/5518 6649/5102/5518 6650/5105/5518
f 6648/5106/5518 6650/5105/5518 6651/5107/5518
f 6652/5108/5519 6653/5106/5519 6654/5107/5519
f 6652/5108/5519 6654/5107/5519 6655/5109/5519
f 6656/5110/5520 6657/5108/5520 6658/5109/5520
f 6656/5110/5521 6658/5109/5521 6659/5111/5521
s 1
f 6660/5112/5522 6661/5113/5522 6662/5114/5523
f 6660/5112/5522 6662/5114/5523 6663/5115/5522
f 6668/5116/5524 6669/5117/5524 6670/5118/5525
f 6668/5116/5524 6670/5118/5525 6671/5119/5525
f 6676/5120/5526 6677/5116/5526 6678/5119/5527
f 6676/5120/5526 6678/5119/5527 6679/5121/5526
f 6680/5122/5528 6681/5120/5528 6682/5121/5529
f 6680/5122/5528 6682/5121/5529 6683/5123/5529
f 6690/5124/5530 6691/5125/5531 6692/5126/5532
f 6690/5124/5530 6692/5126/5532 6693/5127/5530
s 0
f 6694/5089/5533 6695/5091/5533 6696/5125/5533
f 6694/5089/5534 6696/5125/5534 6697/5124/5534
s 1
f 6698/5125/5535 6699/5128/5535 6700/5129/5535
f 6698/5125/5535 6700/5129/5535 6701/5126/5535
f 6702/5128/5536 6703/5112/5536 6704/5115/5536
f 6702/5128/5536 6704/5115/5536 6705/5129/5536
f 6708/5129/5537 6709/5115/5537 6710/5130/5537
f 6708/5129/5537 6710/5130/5537 6711/5131/5537
f 6712/5126/5538 6713/5129/5539 6714/5131/5539
f 6712/5126/5538 6714/5131/5539 6715/5132/5538
f 6716/5115/5540 6717/5114/5540 6718/5133/5540
f 6716/5115/5540 6718/5133/5540 6719/5130/5540
s 0
f 6720/5134/5541 6721/5135/5541 6722/5136/5541
f 6720/5134/5541 6722/5136/5541 6723/5137/5541
f 6724/5138/5542 6725/5134/5542 6726/5137/5542
f 6724/5138/5542 6726/5137/5542 6727/5139/5542
f 6728/5140/5543 6729/5138/5543 6730/5139/5543
f 6728/5140/5543 6730/5139/5543 6731/5141/5543
f 6732/5142/5544 6733/5140/5544 6734/5141/5544
f 6732/5142/5544 6734/5141/5544 6735/5143/5544
f 6736/5144/5545 6737/5142/5545 6738/5143/5545
f 6736/5144/5545 6738/5143/5545 6739/5145/5545
f 6742/5081/5546 6743/5127/5546 6744/5146/5546
f 6742/5081/5547 6744/5146/5547 6745/5147/5547
f 6748/5068/5548 6749/5148/5548 6750/5149/5548
f 6748/5068/5548 6750/5149/5548 6751/5069/5548
s 1
f 6752/5127/5549 6753/5126/5549 6754/5132/5549
f 6752/5127/5549 6754/5132/5549 6755/5146/5549
f 6756/5080/5550 6757/5124/5550 6758/5127/5550
f 6756/5080/5550 6758/5127/5550 6759/5081/5550
s 0
f 6760/5150/5551 6761/5110/5551 6762/5111/5551
f 6760/5150/5551 6762/5111/5551 6763/5151/5551
s 1
f 6764/5083/5552 6765/5089/5552 6766/5124/5552
f 6764/5083/5552 6766/5124/5552 6767/5080/5552
s 0
f 6768/5103/5553 6769/5152/5553 6770/5153/5553
f 6768/5103/5553 6770/5153/5553 6771/5104/5553
f 6772/5152/5554 6773/5154/5554 6774/5155/5554
f 6772/5152/5554 6774/5155/5554 6775/5153/5554
s 1
f 6776/4796/5555 6777/5156/5555 6778/5157/5556
f 6776/4796/5555 6778/5157/5556 6779/4797/5556
f 6780/4797/5557 6781/5157/5557 6782/5099/5558
f 6780/4797/5557 6782/5099/5558 6783/4800/5559
f 6784/4795/5560 6785/5158/5560 6786/5156/5560
f 6784/4795/5560 6786/5156/5560 6787/4796/5561
s 0
f 6788/5154/5562 6789/5159/5562 6790/5160/5562
f 6788/5154/5562 6790/5160/5562 6791/5155/5562
f 6792/5159/5563 6793/5161/5563 6794/5162/5563
f 6792/5159/5563 6794/5162/5563 6795/5160/5563
f 6796/5161/5564 6797/5163/5564 6798/5164/5564
f 6796/5161/5564 6798/5164/5564 6799/5162/5564
f 6800/5163/5565 6801/5165/5565 6802/5166/5565
f 6800/5163/5565 6802/5166/5565 6803/5164/5565
s 1
f 6804/4780/5566 6805/5167/5566 6806/4794/5566
f 6804/4780/5566 6806/4794/5566 6807/4781/5567
s 0
f 6808/5165/5568 6809/4777/5568 6810/5168/5568
f 6808/5165/5568 6810/5168/5568 6811/5166/5568
f 6812/4777/5569 6813/4776/5569 6814/5169/5569
f 6812/4777/5569 6814/5169/5569 6815/5168/5569
f 6816/4776/5570 6817/4764/5570 6818/4765/5570
f 6816/4776/5570 6818/4765/5570 6819/5169/5570
s 1
f 6822/4854/5571 6823/4853/5572 6824/5079/5573
f 6822/4854/5571 6824/5079/5573 6825/4858/5572
f 6826/4858/5574 6827/5079/5574 6828/5170/5575
f 6826/4858/5574 6828/5170/5575 6829/4861/5574
f 6834/4739/5576 6835/4738/5577 6836/4821/5577
f 6834/4739/5576 6836/4821/5577 6837/4820/5577
f 6840/4745/5578 6841/4744/5579 6842/4815/5580
f 6840/4745/5578 6842/4815/5580 6843/4814/5579
f 6846/5171/5581 6847/5172/5582 6848/4809/5581
f 6846/5171/5581 6848/4809/5581 6849/4808/5581
f 6850/4750/5583 6851/4749/5583 6852/5172/5583
f 6850/4750/5583 6852/5172/5583 6853/5171/5583
s 0
f 6862/5173/5584 6863/4694/5584 6864/4697/5584
f 6862/5173/5584 6864/4697/5584 6865/5174/5584
s 1
f 6872/5175/5585 6873/5176/5586 6874/5177/5587
s 0
f 6879/5178/5588 6880/5179/5588 6881/5180/5588
f 6879/5178/5589 6881/5180/5589 6882/5181/5589
f 6883/5179/5590 6884/5182/5590 6885/5183/5590
f 6883/5179/5590 6885/5183/5590 6886/5180/5590
s 1
f 6887/5184/5591 6888/5185/5592 6889/5186/5593
s 0
f 6892/5187/5594 6893/5178/5594 6894/5181/5594
f 6892/5187/5594 6894/5181/5594 6895/5188/5594
f 6896/5189/5595 6897/5187/5595 6898/5188/5595
f 6896/5189/5595 6898/5188/5595 6899/5190/5595
s 1
f 6889/5186/5593 6888/5185/5592 6900/5191/5596
s 0
f 6901/5192/5597 6902/5189/5597 6903/5190/5597
f 6901/5192/5597 6903/5190/5597 6904/5193/5597
f 6907/5194/5598 6908/5192/5598 6909/5193/5598
f 6907/5194/5599 6909/5193/5599 6910/5195/5599
f 6911/5196/5600 6912/5197/5600 6913/5198/5600
f 6911/5196/5600 6913/5198/5600 6914/5199/5600
f 6915/5200/5601 6916/5201/5601 6917/5202/5601
f 6915/5200/5601 6917/5202/5601 6918/5203/5601
f 6921/5204/5602 6922/5205/5602 6923/5206/5602
f 6921/5204/5602 6923/5206/5602 6924/5207/5602
s 1
f 6925/5208/5603 6926/5209/5604 6927/5210/5605
f 6925/5208/5603 6927/5210/5605 6928/5211/5606
s 0
f 6929/5212/5607 6930/5213/5607 6931/5214/5607
f 6929/5212/5607 6931/5214/5607 6932/5215/5607
f 6933/5213/5608 6934/5216/5608 6935/5217/5608
f 6933/5213/5608 6935/5217/5608 6936/5214/5608
f 6937/5218/5609 6938/5212/5609 6939/5215/5609
f 6937/5218/5609 6939/5215/5609 6940/5219/5609
s 1
f 6928/5211/5606 6927/5210/5605 6941/5220/5610
f 6928/5211/5606 6941/5220/5610 6942/5221/5611
s 0
f 6943/5222/5612 6944/5218/5612 6945/5219/5612
f 6943/5222/5612 6945/5219/5612 6946/5223/5612
f 6947/5224/5613 6948/5222/5613 6949/5223/5613
f 6947/5224/5613 6949/5223/5613 6950/5225/5613
s 1
f 7150/5226/5614 6952/5227/5615 6951/5228/5616
f 6951/5228/5616 6952/5227/5615 6953/5229/5617
s 0
f 6954/5230/5618 6955/5224/5618 6956/5225/5618
f 6954/5230/5618 6956/5225/5618 6957/5231/5618
f 6958/5232/5619 6959/5230/5619 6960/5231/5619
f 6958/5232/5619 6960/5231/5619 6961/5233/5619
s 1
f 6964/5234/5620 6965/5235/5621 6966/5236/5622
f 6964/5234/5620 6966/5236/5622 6967/5237/5623
s 0
f 6968/5238/5624 6969/5239/5624 6970/5240/5624
f 6968/5238/5624 6970/5240/5624 6971/5241/5624
s 1
f 6972/5242/5625 6973/5243/5625 6974/5244/5626
f 6972/5242/5625 6974/5244/5626 6975/5245/5627
s 0
f 6978/5246/5628 6979/5247/5628 6980/5248/5628
f 6978/5246/5628 6980/5248/5628 6981/5249/5628
s 1
f 6982/5250/5629 6983/5251/5630 6984/5252/5631
s 0
f 6985/5253/5632 6986/5232/5632 6987/5233/5632
f 6985/5253/5632 6987/5233/5632 6988/5254/5632
s 1
f 6984/5252/5631 6983/5251/5630 6989/5255/5633
s 0
f 6990/5256/5634 6991/5253/5634 6992/5254/5634
f 6990/5256/5635 6992/5254/5635 6993/5257/5635
s 1
f 6994/5258/5636 6995/5259/5637 6996/5260/5638
f 6994/5258/5636 6996/5260/5638 6997/5261/5638
f 6998/5261/5639 6999/5262/5640 7000/5263/5641
s 0
f 7001/5264/5642 7002/5256/5642 7003/5257/5642
s 1
f 7001/5264/5642 7003/5257/5642 7004/5265/5642
f 7000/5263/5641 6999/5262/5640 7005/5266/5643
s 0
f 7006/5267/5644 7007/5264/5644 7008/5265/5644
f 7006/5267/5644 7008/5265/5644 7009/5268/5644
s 1
f 7016/5269/5645 7015/5270/5646 7014/5271/5647
f 7014/5271/5647 7015/5270/5646 7025/5272/5648
f 7030/5273/5649 7031/5274/5650 7032/5275/5651
s 0
f 7033/5276/5652 7034/5277/5652 7035/5278/5652
f 7033/5276/5652 7035/5278/5652 7036/5279/5652
f 7037/5277/5653 7038/5267/5653 7039/5268/5653
f 7037/5277/5653 7039/5268/5653 7040/5278/5653
s 1
f 7000/5263/5641 7005/5266/5643 7041/5280/5654
s 0
f 7042/5281/5655 7043/5276/5655 7044/5279/5655
f 7042/5281/5655 7044/5279/5655 7045/5282/5655
s 1
f 7041/5280/5654 7005/5266/5643 7046/5283/5656
s 0
f 7047/5284/5657 7048/5281/5657 7049/5282/5657
f 7047/5284/5657 7049/5282/5657 7050/5285/5657
s 1
f 7032/5275/5651 7031/5274/5650 7051/5286/5658
f 7052/5287/5659 7053/5288/5660 7902/5289/5661
f 7052/5287/5659 7902/5289/5661 7054/5290/5662
s 0
f 7055/5291/5663 7056/5284/5663 7057/5285/5663
f 7055/5291/5663 7057/5285/5663 7058/5292/5663
f 7059/5293/5664 7060/5291/5664 7061/5292/5664
f 7059/5293/5664 7061/5292/5664 7062/5294/5664
s 1
f 7065/5295/5665 7066/5296/5666 7064/5297/5667
f 7065/5295/5665 7064/5297/5667 7063/5298/5668
s 0
f 7067/5299/5669 7068/5293/5669 7069/5294/5669
f 7067/5299/5669 7069/5294/5669 7070/5300/5669
f 7071/5301/5670 7072/5299/5670 7073/5300/5670
f 7071/5301/5671 7073/5300/5671 7074/5302/5671
f 7075/5303/5672 7076/5301/5672 7077/5302/5672
f 7075/5303/5672 7077/5302/5672 7078/5304/5672
s 1
f 7063/5298/5668 7064/5297/5667 7079/5305/5673
s 0
f 7080/5306/5674 7081/5303/5674 7082/5304/5674
f 7080/5306/5674 7082/5304/5674 7083/5307/5674
f 7084/5308/5675 7085/5306/5675 7086/5307/5675
f 7084/5308/5675 7086/5307/5675 7087/5309/5675
s 1
f 7079/5305/5673 7064/5297/5667 7088/5310/5676
s 0
f 7089/5311/5677 7090/5308/5677 7091/5309/5677
f 7089/5311/5677 7091/5309/5677 7092/5312/5677
f 7093/5313/5678 7094/5311/5678 7095/5312/5678
f 7093/5313/5679 7095/5312/5679 7096/5314/5679
s 1
f 7097/5315/5680 7098/5316/5681 7099/5317/5682
s 0
f 7100/5182/5683 7101/5313/5683 7102/5314/5683
f 7100/5182/5683 7102/5314/5683 7103/5183/5683
s 1
f 7099/5317/5682 7098/5316/5681 7104/5318/5684
s 0
f 7105/5319/5685 7106/5320/5685 7107/5321/5685
f 7105/5319/5685 7107/5321/5685 7108/5322/5685
f 7109/5320/5686 7110/5323/5686 7111/5324/5686
f 7109/5320/5686 7111/5324/5686 7112/5321/5686
s 1
f 7113/5325/5682 7114/5326/5687 7115/5327/5688
s 0
f 7116/5323/5689 7117/5328/5689 7118/5329/5689
f 7116/5323/5690 7118/5329/5690 7119/5324/5690
f 7120/5328/5691 7121/5330/5691 7122/5331/5691
f 7120/5328/5691 7122/5331/5691 7123/5329/5691
s 1
f 7099/5317/5682 7104/5318/5684 7124/5332/5692
f 7099/5317/5682 7124/5332/5692 7125/5333/5693
s 0
f 7126/5330/5694 7127/5334/5694 7128/5335/5694
f 7126/5330/5694 7128/5335/5694 7129/5331/5694
f 7130/5334/5695 7131/5336/5695 7132/5337/5695
f 7130/5334/5696 7132/5337/5696 7133/5335/5696
s 1
f 7113/5325/5682 7115/5327/5688 7135/5338/5697
f 7113/5325/5682 7135/5338/5697 7134/5339/5693
s 0
f 7136/5336/5698 7137/5340/5698 7138/5341/5698
f 7136/5336/5698 7138/5341/5698 7139/5337/5698
s 1
f 7140/5342/5699 7141/5343/5700 7142/5344/5615
f 7140/5342/5699 7142/5344/5615 7143/5345/5614
s 0
f 7144/5340/5701 7145/5346/5701 7146/5347/5701
f 7144/5340/5701 7146/5347/5701 7147/5341/5701
s 1
f 7148/5348/5699 7149/5349/5700 6952/5227/5615
f 7148/5348/5699 6952/5227/5615 7150/5226/5614
s 0
f 7151/5346/5702 7152/5350/5702 7153/5351/5702
f 7151/5346/5702 7153/5351/5702 7154/5347/5702
f 7155/5350/5703 7156/5352/5703 7157/5353/5703
f 7155/5350/5703 7157/5353/5703 7158/5351/5703
f 7159/5352/5704 7160/5354/5704 7161/5355/5704
f 7159/5352/5704 7161/5355/5704 7162/5353/5704
s 1
f 7143/5345/5614 7142/5344/5615 7163/5356/5616
s 0
f 7164/5354/5705 7165/5357/5705 7166/5358/5705
f 7164/5354/5705 7166/5358/5705 7167/5355/5705
f 7168/5357/5706 7169/5359/5706 7170/5360/5706
f 7168/5357/5706 7170/5360/5706 7171/5358/5706
s 1
f 7163/5356/5616 7142/5344/5615 7172/5361/5617
s 0
f 7173/5359/5707 7174/5362/5707 7175/5363/5707
f 7173/5359/5707 7175/5363/5707 7176/5360/5707
f 7177/5362/5708 7178/5364/5708 7179/5365/5708
f 7177/5362/5709 7179/5365/5709 7180/5363/5709
s 1
f 7181/5364/5710 7182/5366/5710 7183/5367/5710
s 0
f 7181/5364/5710 7183/5367/5710 7184/5365/5710
s 1
f 7185/5368/5711 7186/5369/5712 7187/5370/5713
s 0
f 7188/5366/5714 7189/5371/5714 7190/5372/5714
f 7188/5366/5714 7190/5372/5714 7191/5367/5714
f 7192/5371/5715 7193/5373/5715 7194/5374/5715
f 7192/5371/5715 7194/5374/5715 7195/5372/5715
s 1
f 7187/5370/5713 7186/5369/5712 7196/5375/5716
s 0
f 7197/5373/5717 7198/5376/5717 7199/5377/5717
f 7197/5373/5717 7199/5377/5717 7200/5374/5717
f 7201/5376/5718 7202/5378/5718 7203/5379/5718
f 7201/5376/5718 7203/5379/5718 7204/5377/5718
f 7205/5378/5719 7206/5380/5719 7207/5381/5719
f 7205/5378/5720 7207/5381/5720 7208/5379/5720
s 1
f 7187/5370/5713 7196/5375/5716 7209/5382/5721
f 7187/5370/5713 7209/5382/5721 7210/5383/5722
s 0
f 7211/5380/5723 7212/5384/5723 7213/5385/5723
f 7211/5380/5723 7213/5385/5723 7214/5381/5723
f 7215/5384/5724 7216/5386/5724 7217/5387/5724
f 7215/5384/5724 7217/5387/5724 7218/5385/5724
f 7219/5386/5725 7220/5388/5725 7221/5389/5725
f 7219/5386/5725 7221/5389/5725 7222/5387/5725
s 1
f 7223/5390/5665 7224/5391/5666 7225/5392/5667
f 7223/5390/5665 7225/5392/5667 7226/5393/5668
s 0
f 7227/5388/5726 7228/5394/5726 7229/5395/5726
f 7227/5388/5726 7229/5395/5726 7230/5389/5726
f 7231/5394/5727 7232/5396/5727 7233/5397/5727
f 7231/5394/5727 7233/5397/5727 7234/5395/5727
f 7235/5396/5728 7236/5398/5728 7237/5399/5728
f 7235/5396/5728 7237/5399/5728 7238/5397/5728
f 7239/5398/5729 7240/5400/5729 7241/5401/5729
f 7239/5398/5729 7241/5401/5729 7242/5399/5729
s 1
f 7226/5393/5668 7225/5392/5667 7243/5402/5673
s 0
f 7244/5400/5730 7245/5403/5730 7246/5404/5730
f 7244/5400/5730 7246/5404/5730 7247/5401/5730
s 1
f 7243/5402/5673 7225/5392/5667 7248/5405/5676
f 7249/5403/5731 7250/5406/5731 7251/5407/5731
s 0
f 7249/5403/5731 7251/5407/5731 7252/5404/5731
f 7253/5406/5732 7254/5408/5732 7255/5409/5732
f 7253/5406/5732 7255/5409/5732 7256/5407/5732
s 1
f 7257/5410/5733 7114/5326/5687 7113/5325/5682
s 0
f 7258/5408/5734 7259/5319/5734 7260/5322/5734
f 7258/5408/5734 7260/5322/5734 7261/5409/5734
f 7264/5411/5735 7265/5412/5735 7266/5413/5735
f 7264/5411/5735 7266/5413/5735 7267/5414/5735
f 7268/5412/5735 7269/5415/5735 7270/5416/5735
f 7268/5412/5735 7270/5416/5735 7271/5413/5735
f 7274/5417/5736 7275/5418/5736 7276/5419/5736
f 7274/5417/5737 7276/5419/5737 7277/5420/5737
f 7278/5421/5737 7279/5422/5737 7280/5423/5737
f 7278/5421/5737 7280/5423/5737 7281/5424/5737
f 7282/5422/5737 7283/5425/5737 7284/5426/5737
f 7282/5422/5737 7284/5426/5737 7285/5423/5737
s 1
f 7286/5427/5738 7287/5428/5739 7288/5429/5740
f 7286/5427/5738 7288/5429/5740 7289/5430/5741
s 0
f 7294/5425/5737 7295/5431/5737 7296/5432/5737
f 7294/5425/5737 7296/5432/5737 7297/5426/5737
f 7298/5433/5737 7299/5434/5737 7300/5435/5737
f 7298/5433/5737 7300/5435/5737 7301/5436/5737
f 7302/5434/5737 7303/5437/5737 7304/5438/5737
f 7302/5434/5737 7304/5438/5737 7305/5435/5737
f 7306/5437/5737 7307/5439/5737 7308/5440/5737
f 7306/5437/5737 7308/5440/5737 7309/5438/5737
s 1
f 7310/5441/5742 7292/5442/5743 7293/5443/5744
f 7310/5441/5742 7293/5443/5744 7311/5444/5745
s 0
f 7312/5445/5737 7313/5446/5737 7314/5447/5737
f 7312/5445/5737 7314/5447/5737 7315/5448/5737
f 7316/5431/5737 7317/5445/5737 7318/5448/5737
f 7316/5431/5737 7318/5448/5737 7319/5432/5737
s 1
f 7322/5449/5746 7323/5450/5747 7324/5451/5747
f 7322/5449/5746 7324/5451/5747 7325/5452/5747
s 0
f 7326/5450/5735 7327/5411/5735 7328/5414/5735
f 7326/5450/5735 7328/5414/5735 7329/5451/5735
f 7330/5414/5748 7331/5413/5748 7332/5453/5748
f 7330/5414/5748 7332/5453/5748 7333/5454/5748
s 1
f 7336/5455/5749 7337/5456/5750 7338/5457/5751
f 7336/5455/5749 7338/5457/5751 7339/5458/5749
s 0
f 7340/5459/5752 7341/5460/5752 7342/5461/5752
f 7340/5459/5752 7342/5461/5752 7343/5462/5752
s 1
f 7346/5463/5753 7347/5449/5753 7348/5452/5753
f 7346/5463/5753 7348/5452/5753 7349/5464/5753
f 7350/5465/5754 7320/5466/5755 7321/5467/5756
f 7350/5465/5754 7321/5467/5756 7351/5468/5757
s 0
f 7352/5469/5735 7353/5463/5735 7354/5464/5735
f 7352/5469/5735 7354/5464/5735 7355/5470/5735
f 7356/5446/5737 7357/5471/5737 7358/5472/5737
f 7356/5446/5737 7358/5472/5737 7359/5447/5737
f 7360/5471/5737 7361/5473/5737 7362/5474/5737
f 7360/5471/5737 7362/5474/5737 7363/5472/5737
f 7364/5439/5737 7365/5475/5737 7366/5476/5737
f 7364/5439/5737 7366/5476/5737 7367/5440/5737
f 7368/5475/5737 7369/5477/5737 7370/5478/5737
f 7368/5475/5737 7370/5478/5737 7371/5476/5737
s 1
f 7372/5479/5758 7373/5480/5759 7374/5481/5760
f 7372/5479/5758 7374/5481/5760 7375/5482/5761
s 0
f 7378/5483/5737 7379/5484/5737 7380/5485/5737
f 7378/5483/5737 7380/5485/5737 7381/5486/5737
f 7382/5473/5737 7383/5483/5737 7384/5486/5737
f 7382/5473/5737 7384/5486/5737 7385/5474/5737
f 7386/5484/5737 7387/5487/5737 7388/5488/5737
f 7386/5484/5737 7388/5488/5737 7389/5485/5737
f 7390/5487/5737 7391/5489/5737 7392/5490/5737
f 7390/5487/5737 7392/5490/5737 7393/5488/5737
f 7394/5489/5737 7395/5421/5737 7396/5424/5737
f 7394/5489/5737 7396/5424/5737 7397/5490/5737
s 1
f 7290/5491/5762 7376/5492/5763 7377/5493/5764
f 7290/5491/5762 7377/5493/5764 7291/5494/5765
f 7398/5495/5766 7262/5496/5767 7263/5497/5768
f 7398/5495/5766 7263/5497/5768 7399/5498/5769
f 7398/5495/5766 7399/5498/5769 7400/5499/5770
s 0
f 7401/5500/5737 7402/5501/5737 7403/5502/5737
f 7401/5500/5737 7403/5502/5737 7404/5503/5737
f 7405/5501/5737 7406/5504/5737 7407/5505/5737
f 7405/5501/5737 7407/5505/5737 7408/5502/5737
s 1
f 7409/5506/5771 7398/5495/5766 7400/5499/5770
f 7410/5507/5772 7411/5508/5773 7412/5509/5774
s 0
f 7413/5503/5775 7414/5502/5775 7415/5510/5775
f 7413/5503/5775 7415/5510/5775 7416/5511/5775
f 7417/5512/5776 7418/5513/5776 7419/5514/5776
f 7417/5512/5776 7419/5514/5776 7420/5515/5776
f 7421/5516/5777 7422/5517/5777 7423/5518/5777
f 7421/5516/5777 7423/5518/5777 7424/5519/5777
f 7425/5520/5778 7426/5470/5778 7427/5521/5778
f 7425/5520/5778 7427/5521/5778 7428/5522/5778
f 7429/5523/5779 7430/5524/5779 7431/5525/5779
f 7429/5523/5779 7431/5525/5779 7432/5526/5779
f 7433/5527/5735 7434/5528/5735 7435/5520/5735
f 7433/5527/5735 7435/5520/5735 7436/5529/5735
f 7437/5528/5735 7438/5469/5735 7439/5470/5735
f 7437/5528/5735 7439/5470/5735 7440/5520/5735
s 1
f 7441/5530/5780 7410/5507/5772 7412/5509/5774
s 0
f 7442/5531/5735 7443/5527/5735 7444/5529/5735
f 7442/5531/5735 7444/5529/5735 7445/5532/5735
f 7448/5533/5735 7449/5531/5735 7450/5532/5735
f 7448/5533/5735 7450/5532/5735 7451/5534/5735
f 7452/5535/5737 7453/5536/5737 7454/5537/5737
f 7452/5535/5737 7454/5537/5737 7455/5538/5737
f 7456/5504/5737 7457/5535/5737 7458/5538/5737
f 7456/5504/5737 7458/5538/5737 7459/5505/5737
s 1
f 7517/5539/5781 7446/5540/5782 7447/5541/5783
f 7517/5539/5781 7447/5541/5783 7518/5542/5784
f 7466/5543/5785 7467/5544/5786 7468/5545/5787
f 7466/5543/5785 7468/5545/5787 7469/5546/5788
s 0
f 7470/5547/5737 7471/5548/5737 7472/5549/5737
f 7470/5547/5737 7472/5549/5737 7473/5550/5737
f 7476/5548/5737 7477/5551/5737 7478/5552/5737
f 7476/5548/5737 7478/5552/5737 7479/5549/5737
s 1
f 7474/5553/5789 7480/5554/5790 7481/5555/5791
f 7474/5553/5789 7481/5555/5791 7475/5556/5792
f 7486/5557/5793 7487/5558/5794 7488/5559/5795
f 7486/5557/5793 7488/5559/5795 7489/5560/5796
s 0
f 7494/5561/5737 7495/5562/5737 7496/5563/5737
f 7494/5561/5737 7496/5563/5737 7497/5564/5737
f 7498/5551/5737 7499/5561/5737 7500/5564/5737
f 7498/5551/5737 7500/5564/5737 7501/5552/5737
s 1
f 7502/5565/5797 7503/5566/5798 7504/5567/5799
f 7502/5565/5797 7504/5567/5799 7505/5568/5800
s 0
f 7512/5569/5737 7513/5570/5737 7514/5571/5737
f 7512/5569/5737 7514/5571/5737 7515/5572/5737
s 1
f 7516/5573/5801 7517/5539/5781 7518/5542/5784
f 7516/5573/5801 7518/5542/5784 7519/5574/5802
s 0
f 7520/5575/5735 7521/5576/5735 7522/5577/5735
f 7520/5575/5735 7522/5577/5735 7523/5578/5735
s 1
f 7524/5579/5735 7525/5575/5735 7526/5578/5735
s 0
f 7524/5579/5735 7526/5578/5735 7527/5580/5735
f 7528/5581/5735 7529/5579/5735 7530/5580/5735
f 7528/5581/5735 7530/5580/5735 7531/5582/5735
f 7532/5583/5735 7533/5581/5735 7534/5582/5735
f 7532/5583/5735 7534/5582/5735 7535/5584/5735
f 7536/5585/5737 7537/5586/5737 7538/5587/5737
f 7536/5585/5737 7538/5587/5737 7539/5588/5737
f 7540/5570/5737 7541/5585/5737 7542/5588/5737
f 7540/5570/5737 7542/5588/5737 7543/5571/5737
s 1
f 7544/5589/5803 7489/5560/5796 7545/5590/5804
s 0
f 7548/5586/5737 7549/5591/5737 7550/5592/5737
f 7548/5586/5737 7550/5592/5737 7551/5587/5737
s 1
f 7688/5593/5805 7546/5594/5806 7547/5595/5807
s 0
f 7552/5596/5737 7553/5597/5737 7554/5598/5737
f 7552/5596/5737 7554/5598/5737 7555/5599/5737
f 7556/5597/5737 7557/5600/5737 7558/5601/5737
f 7556/5597/5737 7558/5601/5737 7559/5598/5737
s 1
f 7562/5602/5808 7563/5603/5809 7564/5604/5810
f 7562/5602/5808 7564/5604/5810 7565/5605/5811
s 0
f 7566/5606/5737 7567/5607/5737 7568/5608/5737
f 7566/5606/5737 7568/5608/5737 7569/5609/5737
f 7572/5607/5737 7573/5610/5737 7574/5611/5737
f 7572/5607/5737 7574/5611/5737 7575/5608/5737
f 7576/5612/5737 7577/5613/5737 7578/5614/5737
f 7576/5612/5737 7578/5614/5737 7579/5615/5737
f 7580/5600/5737 7581/5612/5737 7582/5615/5737
f 7580/5600/5737 7582/5615/5737 7583/5601/5737
s 1
f 7584/5616/5812 7585/5617/5813 7586/5618/5814
f 7584/5616/5812 7586/5618/5814 7587/5619/5815
f 7588/5620/5816 7589/5621/5817 7590/5622/5817
f 7588/5620/5816 7590/5622/5817 7591/5623/5817
s 0
f 7592/5621/5735 7593/5624/5735 7594/5625/5735
f 7592/5621/5735 7594/5625/5735 7595/5622/5735
f 7596/5624/5735 7597/5583/5735 7598/5584/5735
f 7596/5624/5735 7598/5584/5735 7599/5625/5735
f 7600/5626/5818 7601/5627/5818 7602/5628/5818
f 7600/5626/5818 7602/5628/5818 7603/5629/5818
f 7604/5625/5819 7605/5584/5819 7606/5630/5819
f 7604/5625/5819 7606/5630/5819 7607/5631/5819
f 7608/5628/5820 7609/5632/5820 7610/5633/5820
f 7608/5628/5820 7610/5633/5820 7611/5629/5820
f 7612/5634/5821 7613/5635/5821 7614/5636/5821
f 7612/5634/5821 7614/5636/5821 7615/5637/5821
f 7616/5587/5822 7617/5592/5822 7618/5638/5822
f 7616/5587/5822 7618/5638/5822 7619/5639/5822
s 1
f 7620/5640/5823 7621/5620/5823 7622/5623/5823
f 7620/5640/5823 7622/5623/5823 7623/5641/5823
s 0
f 7624/5642/5735 7625/5640/5735 7626/5641/5735
f 7624/5642/5735 7626/5641/5735 7627/5643/5735
f 7628/5613/5737 7629/5644/5737 7630/5645/5737
f 7628/5613/5737 7630/5645/5737 7631/5614/5737
f 7632/5644/5737 7633/5646/5737 7634/5647/5737
f 7632/5644/5737 7634/5647/5737 7635/5645/5737
s 1
f 7636/5648/5824 7570/5649/5825 7571/5650/5826
f 7636/5648/5824 7571/5650/5826 7637/5651/5827
s 0
f 7638/5652/5737 7639/5653/5737 7640/5654/5737
f 7638/5652/5737 7640/5654/5737 7641/5655/5737
f 7642/5610/5737 7643/5652/5737 7644/5655/5737
f 7642/5610/5737 7644/5655/5737 7645/5611/5737
f 7646/5653/5737 7647/5656/5737 7648/5657/5737
f 7646/5653/5737 7648/5657/5737 7649/5654/5737
s 1
f 7650/5658/5828 7651/5659/5829 7652/5660/5830
f 7650/5658/5828 7652/5660/5830 7653/5661/5831
s 0
f 7654/5646/5737 7655/5662/5737 7656/5663/5737
f 7654/5646/5737 7656/5663/5737 7657/5647/5737
f 7658/5662/5737 7659/5664/5737 7660/5665/5737
f 7658/5662/5737 7660/5665/5737 7661/5663/5737
f 7662/5666/5737 7663/5667/5737 7664/5668/5737
f 7662/5666/5737 7664/5668/5737 7665/5669/5737
s 1
f 7666/5670/5832 7667/5671/5833 7668/5672/5834
s 0
f 7669/5673/5835 7670/5674/5835 7671/5675/5835
f 7669/5673/5835 7671/5675/5835 7672/5676/5835
f 7675/5677/5836 7676/5678/5836 7677/5679/5836
f 7675/5677/5836 7677/5679/5836 7678/5680/5836
f 7679/5681/5837 7680/5643/5837 7681/5682/5837
f 7679/5681/5837 7681/5682/5837 7682/5683/5837
s 1
f 7685/5684/5838 7686/5685/5839 7687/5686/5840
f 7685/5684/5838 7688/5593/5805 7686/5685/5839
s 0
f 7689/5687/5737 7690/5688/5737 7691/5689/5737
f 7689/5687/5737 7691/5689/5737 7692/5690/5737
f 7693/5688/5737 7694/5691/5737 7695/5692/5737
f 7693/5688/5737 7695/5692/5737 7696/5689/5737
s 1
f 7560/5693/5841 7697/5694/5842 7698/5695/5843
f 7560/5693/5841 7698/5695/5843 7561/5696/5844
s 0
f 7699/5691/5737 7700/5596/5737 7701/5599/5737
f 7699/5691/5737 7701/5599/5737 7702/5692/5737
f 7703/5664/5737 7704/5687/5737 7705/5690/5737
f 7703/5664/5737 7705/5690/5737 7706/5665/5737
s 1
f 7688/5593/5805 7547/5595/5807 7686/5685/5839
s 0
f 7707/5667/5737 7708/5697/5737 7709/5698/5737
f 7707/5667/5737 7709/5698/5737 7710/5668/5737
s 1
f 7715/5699/5845 7716/5700/5846 7717/5701/5847
f 7715/5699/5845 7717/5701/5847 7718/5702/5848
s 0
f 7719/5703/5849 7720/5704/5849 7721/5705/5849
f 7719/5703/5849 7721/5705/5849 7722/5706/5849
s 1
f 7723/5706/5850 7724/5707/5851 7725/5708/5852
s 0
f 7728/5704/5849 7729/5709/5849 7730/5710/5849
f 7728/5704/5853 7730/5710/5853 7731/5705/5853
f 7734/5709/5853 7735/5711/5853 7736/5712/5853
f 7734/5709/5849 7736/5712/5849 7737/5710/5849
f 7740/5711/5849 7741/5713/5849 7742/5714/5849
f 7740/5711/5853 7742/5714/5853 7743/5712/5853
s 1
f 7744/5715/5854 7745/5716/5855 7714/5717/5856
s 0
f 7746/5713/5849 7747/5718/5849 7748/5719/5849
f 7746/5713/5849 7748/5719/5849 7749/5714/5849
f 7750/5718/5853 7751/5720/5853 7752/5721/5853
f 7750/5718/5849 7752/5721/5849 7753/5719/5849
s 1
f 7744/5715/5854 7754/5722/5857 7745/5716/5855
s 0
f 7757/5723/5737 7758/5417/5737 7759/5420/5737
f 7757/5723/5737 7759/5420/5737 7760/5724/5737
s 1
f 7272/5725/5858 7755/5726/5859 7756/5727/5860
f 7272/5725/5858 7756/5727/5860 7273/5728/5861
f 7761/5729/5862 7762/5730/5863 7763/5731/5864
f 7761/5729/5862 7763/5731/5864 7764/5732/5865
f 7765/5733/5866 7766/5734/5867 7345/5735/5868
f 7767/5736/5869 7768/5737/5870 7769/5738/5871
f 7767/5736/5869 7769/5738/5871 7770/5739/5872
s 0
f 7771/5740/5735 7772/5741/5735 7773/5742/5735
f 7771/5740/5735 7773/5742/5735 7774/5743/5735
f 7775/5743/5873 7776/5742/5873 7777/5744/5873
f 7775/5743/5874 7777/5744/5874 7778/5745/5874
f 7779/5415/5735 7780/5740/5735 7781/5743/5735
f 7779/5415/5735 7781/5743/5735 7782/5416/5735
s 1
f 7783/5746/5875 7784/5747/5876 7785/5748/5877
s 0
f 7786/5742/5878 7787/5749/5878 7788/5750/5878
f 7786/5742/5879 7788/5750/5879 7789/5744/5879
s 1
f 7784/5747/5876 7790/5751/5880 7785/5748/5877
f 7791/5749/5881 7792/5752/5882 7793/5753/5882
f 7791/5749/5881 7793/5753/5882 7794/5750/5882
f 7795/5754/5883 7796/5755/5884 7797/5754/5883
f 7800/5755/5885 7801/5756/5886 7802/5757/5887
f 7798/5758/5888 7803/5759/5889 7799/5758/5888
f 7801/5756/5886 7804/5760/5890 7802/5757/5887
f 7807/5761/5891 7805/5762/5892 7806/5763/5892
f 7812/5764/5893 7813/5721/5894 7814/5765/5893
f 7815/5766/5895 7808/5767/5896 7809/5767/5896
f 7816/5766/5897 7817/5768/5898 7818/5769/5899
f 7816/5766/5897 7818/5769/5899 7819/5770/5900
f 7820/5752/5901 7821/5771/5902 7822/5759/5902
f 7820/5752/5901 7822/5759/5902 7823/5753/5901
f 7824/5771/5903 7825/5772/5904 7826/5773/5905
f 7824/5771/5903 7826/5773/5905 7827/5759/5906
s 0
f 7828/5774/5735 7829/5775/5735 7830/5772/5735
f 7828/5774/5735 7830/5772/5735 7831/5771/5735
f 7832/5776/5735 7833/5774/5735 7834/5771/5735
f 7832/5776/5735 7834/5771/5735 7835/5752/5735
f 7836/5777/5735 7837/5776/5735 7838/5752/5735
f 7836/5777/5735 7838/5752/5735 7839/5749/5735
s 1
f 7840/5772/5907 7841/5778/5908 7842/5779/5909
f 7840/5772/5907 7842/5779/5909 7843/5773/5910
s 0
f 7844/5775/5735 7845/5780/5735 7846/5778/5735
f 7844/5775/5735 7846/5778/5735 7847/5772/5735
s 1
f 7848/5781/5911 7849/5782/5912 7850/5783/5913
f 7848/5781/5911 7850/5783/5913 7851/5784/5914
s 0
f 7852/5780/5735 7853/5785/5735 7854/5786/5735
f 7852/5780/5735 7854/5786/5735 7855/5778/5735
s 1
f 7856/5781/5915 7666/5670/5832 7668/5672/5834
s 0
f 7857/5785/5735 7858/5787/5735 7859/5681/5735
f 7857/5785/5735 7859/5681/5735 7860/5786/5735
f 7861/5741/5735 7862/5777/5735 7863/5749/5735
f 7861/5741/5735 7863/5749/5735 7864/5742/5735
s 1
f 7344/5788/5916 7765/5733/5866 7345/5735/5868
f 7755/5726/5859 7711/5789/5917 7712/5790/5918
f 7755/5726/5859 7712/5790/5918 7756/5727/5860
f 7713/5791/5919 7744/5715/5854 7714/5717/5856
s 0
f 7865/5787/5735 7866/5642/5735 7867/5643/5735
f 7865/5787/5735 7867/5643/5735 7868/5681/5735
s 1
f 7544/5589/5803 7486/5557/5793 7489/5560/5796
s 0
f 7869/5576/5735 7870/5792/5735 7871/5793/5735
f 7869/5576/5735 7871/5793/5735 7872/5577/5735
f 7873/5792/5735 7874/5794/5735 7875/5795/5735
f 7873/5792/5735 7875/5795/5735 7876/5793/5735
f 7877/5794/5735 7878/5533/5735 7879/5534/5735
f 7877/5794/5735 7879/5534/5735 7880/5795/5735
s 1
f 7506/5796/5920 7464/5797/5921 7465/5798/5922
f 7506/5796/5920 7465/5798/5922 7507/5799/5923
s 0
f 7885/5216/5924 7886/5194/5924 7887/5195/5924
f 7885/5216/5924 7887/5195/5924 7888/5217/5924
s 1
f 7889/5800/5925 7890/5801/5926 7891/5802/5927
f 7889/5800/5925 7891/5802/5927 7892/5803/5927
f 7897/5804/5928 6873/5176/5586 6872/5175/5585
f 7900/5805/5929 7902/5289/5661 7901/5806/5930
f 7054/5290/5662 7902/5289/5661 7900/5805/5929
s 0
f 8307/5807/5931 8308/5808/5931 8309/5809/5931
f 8307/5807/5931 8309/5809/5931 8310/5810/5931
f 8329/5811/5932 8330/5812/5932 8331/5813/5932
f 8329/5811/5932 8331/5813/5932 8332/5814/5932
f 8333/5813/5737 8334/5812/5737 8335/5815/5737
f 8333/5813/5737 8335/5815/5737 8336/5816/5737
f 8337/5817/5933 8338/5816/5933 8339/5815/5933
f 8337/5817/5933 8339/5815/5933 8340/5818/5933
f 8345/5819/5934 8346/5820/5934 8347/5821/5934
f 8345/5819/5935 8347/5821/5935 8348/5822/5935
s 1
f 8365/5823/5936 8366/5824/5936 8367/5825/5936
s 0
f 8365/5823/5936 8367/5825/5936 8368/5826/5936
f 8369/5827/5735 8370/5828/5735 8371/5825/5735
f 8369/5827/5735 8371/5825/5735 8372/5824/5735
f 8373/5829/5936 8374/5830/5936 8375/5831/5936
f 8373/5829/5936 8375/5831/5936 8376/5832/5936
f 8377/5833/5735 8378/5834/5735 8379/5831/5735
f 8377/5833/5735 8379/5831/5735 8380/5830/5735
f 8401/5835/5934 8402/5836/5934 8403/5837/5934
f 8401/5835/5934 8403/5837/5934 8404/5838/5934
f 8409/5839/5933 8410/5840/5933 8411/5841/5933
f 8409/5839/5933 8411/5841/5933 8412/5842/5933
f 8431/5843/5937 8432/5844/5937 8433/5845/5937
f 8431/5843/5932 8433/5845/5932 8434/5846/5932
f 8435/5845/5737 8436/5844/5737 8437/5841/5737
f 8435/5845/5737 8437/5841/5737 8438/5840/5737
f 8443/5847/5931 8444/5848/5931 8445/5849/5931
f 8443/5847/5938 8445/5849/5938 8446/5850/5938
s 1
f 8461/5851/5939 8462/5852/5940 8460/5853/5941
f 8461/5851/5939 8460/5853/5941 8459/5854/5942
f 8465/5855/5943 8466/5856/5944 8464/5857/5945
f 8465/5855/5943 8464/5857/5945 8463/5858/5946
f 8467/5859/5947 8466/5856/5944 8465/5855/5943
f 8467/5859/5947 8468/5860/5948 8466/5856/5944
f 8471/5861/5949 8470/5862/5950 8469/5863/5951
f 8471/5861/5949 8472/5864/5952 8470/5862/5950
f 8473/5865/5953 8474/5866/5954 8472/5864/5952
f 8473/5865/5953 8472/5864/5952 8471/5861/5949
f 8477/5867/5955 8478/5868/5956 8476/5869/5957
f 8477/5867/5955 8476/5869/5957 8475/5870/5958
f 8479/5871/5959 8478/5868/5956 8477/5867/5955
f 8479/5871/5959 8480/5872/5960 8478/5868/5956
f 8459/5854/5942 8460/5853/5941 8482/5873/5961
f 8459/5854/5942 8482/5873/5961 8481/5874/5962
f 8587/5875/5963 8588/5876/5964 8489/5877/5965
f 8587/5875/5963 8489/5877/5965 8490/5878/5966
f 8490/5878/5966 8489/5877/5965 8497/5879/5967
f 8500/5880/5968 8584/5881/5969 8501/5882/5970
f 8508/5883/5971 8509/5884/5972 8512/5885/5973
f 8512/5885/5973 8509/5884/5972 8517/5886/5974
f 8512/5885/5973 8517/5886/5974 8526/5887/5975
f 8512/5885/5973 8526/5887/5975 8527/5888/5976
f 8530/5889/5977 8531/5890/5978 8534/5891/5979
f 8530/5889/5977 8534/5891/5979 8535/5892/5980
f 8542/5893/5981 8543/5894/5982 8544/5895/5983
f 8544/5895/5983 8543/5894/5982 8545/5896/5984
f 8535/5892/5980 8550/5897/5985 8551/5898/5986
f 8535/5892/5980 8534/5891/5979 8550/5897/5985
f 8544/5895/5983 8545/5896/5984 8558/5899/5987
f 8559/5900/5988 8560/5901/5989 8561/5902/5990
f 8561/5902/5990 8560/5901/5989 8562/5903/5991
f 8554/5904/5992 8555/5905/5993 8567/5906/5994
f 8554/5904/5992 8567/5906/5994 8568/5907/5995
f 8561/5902/5990 8562/5903/5991 8573/5908/5996
f 8573/5908/5996 8562/5903/5991 8574/5909/5997
f 8568/5907/5995 8579/5910/5998 8580/5911/5999
f 8568/5907/5995 8567/5906/5994 8579/5910/5998
f 8595/5912/6000 8596/5913/6001 8484/5914/6002
f 8595/5912/6000 8484/5914/6002 8483/5915/6003
f 8597/5916/6004 8598/5917/6005 8599/5918/6006
f 8597/5916/6004 8604/5919/6007 8598/5917/6005
f 8613/5920/6008 8614/5921/6009 8604/5919/6007
f 8613/5920/6008 8604/5919/6007 8597/5916/6004
f 8619/5922/6010 8623/5923/6011 8620/5924/6012
f 8626/5925/6013 8623/5923/6011 8619/5922/6010
f 8633/5926/6014 8623/5923/6011 8626/5925/6013
f 8633/5926/6014 8636/5927/6015 8623/5923/6011
f 8542/5893/5981 8639/5928/6016 8543/5894/5982
f 8659/5929/6017 8646/5930/6018 8647/5931/6019
f 8659/5929/6017 8647/5931/6019 8648/5932/6020
f 8642/5933/6021 8653/5934/6022 8643/5935/6023
f 8654/5936/6024 8653/5934/6022 8642/5933/6021
f 8659/5929/6017 8660/5937/6025 8646/5930/6018
f 8663/5938/6026 8660/5937/6025 8659/5929/6017
f 8654/5936/6024 8666/5939/6027 8653/5934/6022
f 8667/5940/6028 8666/5939/6027 8654/5936/6024
f 8490/5878/5966 8497/5879/5967 8670/5941/6029
f 8673/5942/6030 8674/5943/6031 8675/5944/6032
f 8673/5942/6030 8675/5944/6032 8676/5945/6032
f 8483/5915/6003 8678/5946/6033 8677/5947/6034
f 8483/5915/6003 8484/5914/6002 8678/5946/6033
f 8583/5948/6035 8584/5881/5969 8500/5880/5968
f 8685/5949/6036 8687/5950/6037 8686/5951/6038
f 8688/5952/6039 8687/5950/6037 8685/5949/6036
f 8691/5953/6040 8692/5954/6041 8690/5955/6042
f 8691/5953/6040 8690/5955/6042 8689/5956/6043
f 8693/5957/6044 8692/5954/6041 8691/5953/6040
f 8693/5957/6044 8694/5958/6045 8692/5954/6041
f 8697/5959/6046 8696/5960/6047 8695/5961/6048
f 8697/5959/6046 8698/5962/6049 8696/5960/6047
f 8699/5963/6050 8698/5962/6049 8697/5959/6046
f 8699/5963/6050 8700/5964/6051 8698/5962/6049
f 8701/5965/6052 8703/5966/6053 8702/5967/6054
f 8704/5968/6055 8703/5966/6053 8701/5965/6052
f 8704/5968/6055 8705/5969/6056 8703/5966/6053
f 8706/5970/6057 8686/5951/6038 8707/5971/6058
f 8685/5949/6036 8686/5951/6038 8706/5970/6057
f 8708/5972/6059 8709/5973/6060 8727/5974/6061
f 8708/5972/6059 8710/5975/6062 8709/5973/6060
f 8711/5976/6063 8713/5977/6064 8712/5978/6065
f 8714/5979/6066 8713/5977/6064 8711/5976/6063
f 8715/5980/6067 8716/5981/6068 8713/5977/6064
f 8715/5980/6067 8713/5977/6064 8714/5979/6066
f 8719/5982/6069 8718/5983/6070 8717/5984/6071
f 8719/5982/6069 8720/5985/6072 8718/5983/6070
f 8721/5986/6073 8722/5987/6074 8720/5985/6072
f 8721/5986/6073 8720/5985/6072 8719/5982/6069
f 8723/5988/6075 8725/5989/6076 8724/5990/6077
f 8726/5991/6078 8725/5989/6076 8723/5988/6075
f 8727/5974/6061 8709/5973/6060 8728/5992/6079
f 8729/5993/6059 8730/5994/6060 8749/5995/6061
f 8729/5993/6059 8731/5996/6062 8730/5994/6060
f 8732/5997/6063 8734/5998/6064 8733/5999/6065
f 8735/6000/6066 8734/5998/6064 8732/5997/6063
f 8736/6001/6067 8737/6002/6068 8734/5998/6064
f 8736/6001/6067 8734/5998/6064 8735/6000/6066
f 8740/6003/6080 8739/6004/6070 8738/6005/6071
f 8740/6003/6080 8741/6006/6081 8739/6004/6070
f 8742/6007/6082 8743/6008/6074 8741/6006/6081
f 8742/6007/6082 8741/6006/6081 8740/6003/6080
f 8744/6009/6083 8746/6010/6084 8745/6011/6085
f 8747/6012/6086 8746/6010/6084 8744/6009/6083
f 8747/6012/6086 8748/6013/6087 8746/6010/6084
f 8749/5995/6061 8730/5994/6060 8750/6014/6079
s 0
f 8751/6015/6088 8752/6016/6088 8753/6017/6088
s 1
f 8754/6018/6089 8755/6019/6090 8756/6020/6091
f 8761/6021/6092 8759/6022/6093 8760/6023/6094
f 8761/6021/6092 8760/6023/6094 8762/6024/6095
f 8767/6025/6096 8768/6026/6097 8769/6027/6098
f 8770/6028/6099 8771/6029/6100 8772/6030/6101
f 8772/6030/6101 8771/6029/6100 8773/6031/6102
f 8774/6032/6103 8775/6033/6104 8776/6034/6105
f 8774/6032/6103 8776/6034/6105 8777/6035/6106
f 8778/6036/6107 8779/6037/6108 8780/6038/6109
f 8780/6038/6109 8779/6037/6108 8781/6039/6110
f 8782/6040/6111 8768/6026/6097 8767/6025/6096
f 8789/6041/6112 8787/6042/6113 8788/6043/6114
f 8789/6041/6112 8788/6043/6114 8790/6044/6115
s 0
f 8793/6045/6088 8791/6046/6088 8792/6047/6088
f 8791/6046/6088 8794/6048/6088 8792/6047/6088
s 1
f 8797/6049/6116 8798/6050/6117 8799/6051/6118
f 8808/6052/6119 8797/6049/6116 8799/6051/6118
f 8755/6019/6090 8809/6053/6120 8756/6020/6091
s 0
f 8810/6054/6088 8751/6015/6088 8753/6017/6088
f 8811/6055/6088 8812/6056/6088 8813/6057/6088
f 8811/6055/6088 8813/6057/6088 8814/6058/6088
s 1
f 8815/6059/6121 8816/6060/6122 8817/6061/6123
f 8818/6062/6124 8815/6059/6121 8817/6061/6123
s 0
f 8812/6056/6088 8823/6063/6088 8813/6057/6088
s 1
f 8876/6064/6125 8875/6065/6126 8824/6066/6127
f 8825/6067/6128 8826/6068/6129 8833/6069/6130
f 8825/6067/6128 8833/6069/6130 8834/6070/6131
f 8837/6071/6132 8838/6072/6133 8843/6073/6134
f 8837/6071/6132 8843/6073/6134 8844/6074/6135
f 8847/6075/6136 8848/6076/6137 8849/6077/6138
f 8847/6075/6136 8849/6077/6138 8850/6078/6139
f 8853/6079/6140 8854/6080/6141 8855/6081/6142
f 8858/6082/6143 8859/6083/6144 8860/6084/6145
f 8860/6084/6145 8859/6083/6144 8863/6085/6146
f 8855/6081/6142 8854/6080/6141 8866/6086/6147
f 8867/6087/6148 8868/6088/6149 8869/6089/6150
f 8874/6090/6151 8875/6065/6126 8876/6064/6125
f 8869/6089/6150 8868/6088/6149 8883/6091/6152
f 8890/6092/6153 8891/6093/6154 8892/6094/6155
f 8901/6095/6156 8891/6093/6154 8890/6092/6153
f 8904/6096/6157 8905/6097/6158 8906/6098/6159
f 8913/6099/6160 8905/6097/6158 8904/6096/6157
f 8918/6100/6161 8919/6101/6162 8915/6102/6134
f 8918/6100/6161 8915/6102/6134 8914/6103/6135
f 8884/6104/6163 8927/6105/6164 8926/6106/6165
f 8893/6107/6166 8894/6108/6167 8932/6109/6130
f 8893/6107/6166 8932/6109/6130 8933/6110/6131
f 8884/6104/6163 8885/6111/6168 8927/6105/6164
f 8940/6112/6169 8819/6113/6170 8820/6114/6171
f 8940/6112/6169 8820/6114/6171 8941/6115/6172
s 0
f 8948/6116/6088 8949/6117/6088 8950/6118/6088
s 1
f 8951/6119/6173 8942/6120/6174 8943/6121/6175
f 8951/6119/6173 8943/6121/6175 8952/6122/6176
f 8953/6123/6177 8954/6124/6178 8955/6125/6179
s 0
f 8949/6117/6180 8956/6126/6180 8957/6127/6180
f 8949/6117/6088 8957/6127/6088 8950/6118/6088
f 8956/6126/6088 8958/6128/6088 8957/6127/6088
s 1
f 8961/6129/6181 8953/6123/6177 8955/6125/6179
s 0
f 8962/6130/6088 8811/6055/6088 8814/6058/6088
s 1
f 8965/6131/6121 8966/6132/6122 8967/6133/6123
s 0
f 8968/6134/6088 8969/6135/6088 8970/6136/6088
s 1
f 8971/6137/6124 8965/6131/6121 8967/6133/6123
s 0
f 8969/6135/6088 8974/6138/6088 8970/6136/6088
s 1
f 8990/6139/6182 8989/6140/6183 8975/6141/6184
f 8976/6142/6185 8977/6143/6186 8978/6144/6187
f 8976/6142/6185 8978/6144/6187 8979/6145/6188
f 8980/6146/6189 8981/6147/6190 8982/6148/6191
f 8980/6146/6189 8982/6148/6191 8983/6149/6192
f 8984/6150/6193 8985/6151/6194 8986/6152/6195
f 8986/6152/6195 8985/6151/6194 8987/6153/6196
f 8988/6154/6197 8989/6140/6183 8990/6139/6182
f 8995/6155/6169 8972/6156/6170 8973/6157/6171
f 8995/6155/6169 8973/6157/6171 8996/6158/6172
s 0
f 9003/6159/6088 9004/6160/6088 9005/6161/6088
s 1
f 9006/6162/6198 8997/6163/6199 8998/6164/6200
f 9006/6162/6198 8998/6164/6200 9007/6165/6201
f 9008/6166/6177 9009/6167/6178 9010/6168/6179
s 0
f 9004/6160/6088 9013/6169/6088 9005/6161/6088
s 1
f 9018/6170/6181 9008/6166/6177 9010/6168/6179
s 0
f 9021/6171/6088 9019/6172/6088 9020/6173/6088
f 9022/6174/6088 9023/6175/6088 9024/6176/6088
s 1
f 9025/6177/6089 9026/6178/6090 9027/6179/6091
s 0
f 9022/6174/6088 9028/6180/6088 9023/6175/6088
s 1
f 9031/6181/6202 9029/6182/6203 9030/6183/6204
f 9031/6181/6202 9030/6183/6204 9032/6184/6205
f 9035/6185/6206 9036/6186/6207 9037/6187/6208
f 9038/6188/6209 9039/6189/6210 9040/6190/6211
f 9038/6188/6209 9040/6190/6211 9041/6191/6212
f 9042/6192/6213 9043/6193/6214 9044/6194/6215
f 9042/6192/6213 9044/6194/6215 9045/6195/6216
f 9046/6196/6107 9047/6197/6108 9048/6198/6109
f 9048/6198/6109 9047/6197/6108 9049/6199/6110
f 9050/6200/6217 9036/6186/6207 9035/6185/6206
f 9057/6201/6112 9055/6202/6113 9056/6203/6114
f 9057/6201/6112 9056/6203/6114 9058/6204/6115
s 0
f 9059/6205/6088 9060/6206/6088 9061/6207/6088
f 9062/6208/6088 9059/6205/6088 9061/6207/6088
f 9059/6205/6088 9063/6209/6088 9060/6206/6088
s 1
f 9064/6210/6218 9065/6211/6219 9066/6212/6220
f 9075/6213/6221 9064/6210/6218 9066/6212/6220
f 9026/6178/6090 9076/6214/6120 9027/6179/6091
s 0
f 9077/6215/6088 9022/6174/6088 9024/6176/6088
f 9080/6216/6088 9081/6217/6088 9082/6218/6088
s 1
f 9083/6219/6222 9084/6220/6223 9085/6221/6224
f 9083/6219/6222 9085/6221/6224 9086/6222/6225
f 9093/6223/6226 9094/6224/6227 9095/6225/6228
f 9095/6225/6228 9094/6224/6227 9096/6226/6229
f 9097/6227/6230 9098/6228/6231 9099/6229/6232
f 9097/6227/6230 9099/6229/6232 9100/6230/6233
f 9101/6231/6234 9102/6232/6235 9103/6233/6236
f 9101/6231/6234 9103/6233/6236 9104/6234/6237
f 9105/6235/6238 9106/6236/6239 9107/6237/6240
f 9107/6237/6240 9106/6236/6239 9108/6238/6241
s 0
f 9109/6239/6088 9110/6240/6088 9111/6241/6088
s 1
f 9112/6242/6242 9087/6243/6243 9088/6244/6244
f 9112/6242/6242 9088/6244/6244 9113/6245/6245
f 9114/6246/6246 9115/6247/6247 9116/6248/6248
f 9125/6249/6249 9114/6246/6246 9116/6248/6248
f 9130/6250/6250 9131/6251/6251 9132/6252/6252
f 9137/6253/6253 9130/6250/6250 9132/6252/6252
f 9144/6254/6222 9145/6255/6223 9146/6256/6224
f 9144/6254/6222 9146/6256/6224 9147/6257/6225
f 9156/6258/6254 9157/6259/6255 9158/6260/6256
f 9158/6260/6256 9157/6259/6255 9159/6261/6257
f 9160/6262/6230 9161/6263/6231 9162/6264/6232
f 9160/6262/6230 9162/6264/6232 9163/6265/6233
f 9164/6266/6234 9165/6267/6235 9166/6268/6236
f 9164/6266/6234 9166/6268/6236 9167/6269/6237
f 9168/6270/6238 9169/6271/6239 9170/6272/6240
f 9170/6272/6240 9169/6271/6239 9171/6273/6241
s 0
f 9174/6274/6088 9172/6275/6088 9173/6276/6088
s 1
f 9175/6277/6242 9150/6278/6243 9151/6279/6244
f 9175/6277/6242 9151/6279/6244 9176/6280/6245
f 9177/6281/6258 9178/6282/6259 9179/6283/6260
f 9188/6284/6261 9177/6281/6258 9179/6283/6260
s 0
f 9193/6285/6088 9194/6286/6088 9195/6287/6088
s 1
f 9196/6288/6250 9197/6289/6251 9198/6290/6252
f 9199/6291/6253 9196/6288/6250 9198/6290/6252
f 9212/6292/6262 9210/6293/6263 9211/6294/6264
f 9212/6292/6262 9211/6294/6264 9213/6295/6265
f 9218/6296/6266 9219/6297/6267 9220/6298/6268
f 9221/6299/6269 9222/6300/6270 9223/6301/6271
f 9223/6301/6271 9222/6300/6270 9224/6302/6272
f 9225/6303/6273 9226/6304/6274 9227/6305/6275
f 9225/6303/6273 9227/6305/6275 9228/6306/6276
f 9229/6307/6277 9230/6308/6278 9231/6309/6279
f 9229/6307/6277 9231/6309/6279 9232/6310/6280
f 9233/6311/6281 9219/6297/6267 9218/6296/6266
s 0
f 9234/6312/6088 9235/6313/6088 9236/6314/6088
s 1
f 9237/6315/6282 9238/6316/6283 9239/6317/6284
f 9246/6318/6285 9237/6315/6282 9239/6317/6284
f 9249/6319/6286 9250/6320/6287 9251/6321/6288
s 0
f 9254/6322/6088 9252/6323/6088 9253/6324/6088
f 9252/6323/6088 9255/6325/6088 9253/6324/6088
s 1
f 9256/6326/6289 9249/6319/6286 9251/6321/6288
f 9206/6327/6290 9259/6328/6291 9260/6329/6292
f 9206/6327/6290 9260/6329/6292 9207/6330/6293
f 9273/6331/6294 9271/6332/6295 9272/6333/6296
f 9273/6331/6294 9272/6333/6296 9274/6334/6297
s 0
f 9277/6335/6088 9275/6336/6088 9276/6337/6088
s 1
f 9278/6338/6266 9279/6339/6267 9280/6340/6268
f 9281/6341/6269 9282/6342/6270 9283/6343/6271
f 9283/6343/6271 9282/6342/6270 9284/6344/6272
f 9285/6345/6298 9286/6346/6299 9287/6347/6300
f 9285/6345/6298 9287/6347/6300 9288/6348/6301
f 9289/6349/6302 9290/6350/6303 9291/6351/6304
f 9289/6349/6302 9291/6351/6304 9292/6352/6305
f 9293/6353/6281 9279/6339/6267 9278/6338/6266
f 9298/6354/6306 9299/6355/6307 9300/6356/6308
f 9301/6357/6309 9298/6354/6306 9300/6356/6308
s 0
f 9306/6358/6088 9307/6359/6088 9308/6360/6088
s 1
f 9309/6361/6286 9310/6362/6287 9311/6363/6288
s 0
f 9307/6359/6088 9312/6364/6088 9313/6365/6088
f 9307/6359/6088 9313/6365/6088 9308/6360/6088
s 1
f 9316/6366/6289 9309/6361/6286 9311/6363/6288
s 0
f 9319/6367/6088 9320/6368/6088 9321/6369/6088
s 1
f 9267/6370/6310 9317/6371/6311 9318/6372/6312
f 9267/6370/6310 9318/6372/6312 9268/6373/6313
s 0
f 9324/4507/6314 9325/6374/6314 9326/4503/6314
f 9325/6374/6315 9324/4507/6315 9327/6375/6315
f 9328/4610/5163 9329/6376/5163 9330/4611/5163
f 9329/6376/5163 9328/4610/5163 9331/6377/5163
f 9333/4624/6316 9332/6378/6316 9334/4625/6316
f 9334/4625/6317 9332/6378/6317 9335/6379/6317
f 9337/4616/5163 9336/6380/5163 9338/6381/5163
f 9337/4616/5163 9338/6381/5163 9339/4617/5163
f 9341/6382/5735 9340/6383/5735 9342/6384/5735
f 9341/6382/5735 9342/6384/5735 9343/6385/5735
f 9343/6385/5735 9342/6384/5735 9344/6386/5735
f 9343/6385/5735 9344/6386/5735 9345/6387/5735
f 9345/6387/5735 9344/6386/5735 9346/6388/5735
f 9345/6387/5735 9346/6388/5735 9347/6389/5735
f 9347/6389/5735 9346/6388/5735 9348/6390/5735
f 9347/6389/5735 9348/6390/5735 9349/6391/5735
f 9349/6391/5735 9348/6390/5735 9350/6392/5735
f 9349/6391/5735 9350/6392/5735 9351/6393/5735
f 9351/6393/5735 9350/6392/5735 9352/6394/5735
f 9352/6394/5735 9350/6392/5735 9353/6395/5735
f 9352/6394/5735 9353/6395/5735 9354/6396/5735
f 9352/6394/5735 9354/6396/5735 9355/6397/5735
f 9355/6397/5735 9354/6396/5735 9356/6398/5735
f 9357/6399/6318 9358/6400/6318 9359/6401/6318
s 1
f 9359/6401/6318 9358/6400/6318 9360/6402/6318
s 0
f 9359/6401/6318 9360/6402/6318 9361/6403/6318
f 9361/6403/6318 9360/6402/6318 9362/6404/6318
f 9363/6405/6319 9364/6406/6319 9365/6407/6319
f 9365/6407/6319 9364/6406/6319 9366/6408/6319
f 9366/6408/6319 9364/6406/6319 9367/6409/6319
f 9366/6408/6319 9367/6409/6319 9368/6410/6319
f 9370/6411/6320 9369/6412/6320 9371/6413/6320
f 9370/6411/6318 9371/6413/6318 9372/6414/6318
f 9372/6414/6318 9371/6413/6318 9373/6415/6318
f 9372/6414/6318 9373/6415/6318 9374/6416/6318
f 9376/6417/6319 9375/6418/6319 9377/6419/6319
f 9376/6417/6319 9377/6419/6319 9378/6420/6319
f 9378/6420/6319 9377/6419/6319 9379/6421/6319
f 9378/6420/6321 9379/6421/6321 9380/6422/6321
f 9380/6422/6322 9379/6421/6322 9381/6423/6322
f 9383/6424/6318 9382/6425/6318 9384/6426/6318
f 9384/6426/6318 9382/6425/6318 9385/6427/6318
f 9387/6428/6319 9386/6429/6319 9388/6430/6319
f 9388/6430/6319 9386/6429/6319 9389/6431/6319
f 9391/6432/6318 9390/6433/6318 9392/6434/6318
f 9391/6432/6318 9392/6434/6318 9393/6435/6318
f 9395/6436/6319 9394/6437/6319 9396/6438/6319
f 9395/6436/6319 9396/6438/6319 9397/6439/6319
f 9399/6440/6323 9398/6441/6323 9400/6442/6323
f 9399/6440/6324 9400/6442/6324 9401/6443/6324
f 9401/6443/6325 9400/6442/6325 9402/6444/6325
f 9401/6443/6326 9402/6444/6326 9403/6445/6326
f 9403/6445/6327 9402/6444/6327 9404/6446/6327
f 9403/6445/6328 9404/6446/6328 9405/6447/6328
f 9405/6447/6329 9404/6446/6329 9406/6448/6329
f 9405/6447/6330 9406/6448/6330 9407/6449/6330
f 9407/6449/6331 9406/6448/6331 9408/6450/6331
f 9407/6449/6330 9408/6450/6330 9409/6451/6330
f 9409/6451/6332 9408/6450/6332 9410/6452/6332
f 9409/6451/6333 9410/6452/6333 9411/6453/6333
f 9411/6453/6332 9410/6452/6332 9412/6454/6332
f 9411/6453/6327 9412/6454/6327 9413/6455/6327
f 9413/6455/6334 9412/6454/6334 9414/6456/6334
f 9413/6455/6335 9414/6456/6335 9415/6457/6335
f 9415/6457/6336 9414/6456/6336 9416/6458/6336
f 9415/6457/6337 9416/6458/6337 9417/6459/6337
s 1
f 9419/6460/6338 9418/6461/6339 9420/6462/6340
s 0
f 9420/6462/6341 9418/6461/6341 9421/6463/6341
f 9420/6462/6342 9421/6463/6342 9422/6464/6342
f 9422/6464/6343 9421/6463/6343 9423/6465/6343
f 9422/6464/6344 9423/6465/6344 9424/6466/6344
f 9422/6464/6345 9424/6466/6345 9425/6467/6345
f 9425/6467/6344 9424/6466/6344 9426/6468/6344
f 9425/6467/6345 9426/6468/6345 9427/6469/6345
f 9427/6469/6346 9426/6468/6346 9428/6470/6346
f 9427/6469/6346 9428/6470/6346 9429/6471/6346
f 9429/6471/6347 9428/6470/6347 9430/6472/6347
f 9430/6472/6346 9428/6470/6346 9431/6473/6346
f 9430/6472/6348 9431/6473/6348 9432/6474/6348
f 9432/6474/6349 9431/6473/6349 9433/6475/6349
f 9432/6474/6350 9433/6475/6350 9434/6476/6350
f 9434/6476/6351 9433/6475/6351 9435/6477/6351
f 9437/6478/6352 9436/6479/6352 9438/6480/6352
f 9437/6478/6353 9438/6480/6353 9439/6481/6353
f 9439/6481/6354 9438/6480/6354 9440/6482/6354
f 9439/6481/6326 9440/6482/6326 9441/6483/6326
f 9441/6483/6330 9440/6482/6330 9442/6484/6330
f 9441/6483/6355 9442/6484/6355 9443/6485/6355
f 9443/6485/6330 9442/6484/6330 9444/6486/6330
f 9443/6485/6327 9444/6486/6327 9445/6487/6327
f 9445/6487/6330 9444/6486/6330 9446/6488/6330
f 9445/6487/6333 9446/6488/6333 9447/6489/6333
f 9447/6489/6332 9446/6488/6332 9448/6490/6332
f 9447/6489/6333 9448/6490/6333 9449/6491/6333
f 9449/6491/6328 9448/6490/6328 9450/6492/6328
f 9449/6491/6328 9450/6492/6328 9451/6493/6328
f 9451/6493/6356 9450/6492/6356 9452/6494/6356
f 9451/6493/6357 9452/6494/6357 9453/6495/6357
s 1
f 9455/6496/6358 9454/6497/6358 9456/6498/6358
s 0
f 9456/6498/6359 9454/6497/6359 9457/6499/6360
s 1
f 9456/6498/6361 9457/6499/6362 9458/6500/6361
s 0
f 9456/6498/6363 9458/6500/6363 9459/6501/6363
f 9459/6501/6345 9458/6500/6345 9460/6502/6345
f 9460/6502/6345 9458/6500/6345 9461/6503/6345
f 9460/6502/6344 9461/6503/6344 9462/6504/6344
f 9460/6502/6344 9462/6504/6344 9463/6505/6344
f 9463/6505/6344 9462/6504/6344 9464/6506/6344
f 9463/6505/6344 9464/6506/6344 9465/6507/6344
f 9465/6507/6345 9464/6506/6345 9466/6508/6345
f 9465/6507/6364 9466/6508/6364 9467/6509/6364
f 9467/6509/6345 9466/6508/6345 9468/6510/6345
f 9467/6509/6365 9468/6510/6365 9469/6511/6365
f 9469/6511/6366 9468/6510/6366 9470/6512/6366
f 9469/6511/6367 9470/6512/6367 9471/6513/6367
s 1
f 9471/6513/6368 9470/6512/6368 9472/6514/6368
s 0
f 9474/6515/6369 9473/6516/6369 9475/6517/6369
f 9474/6515/6370 9475/6517/6370 9476/6518/6371
f 9476/6518/6334 9475/6517/6334 9477/6519/6334
f 9476/6518/6372 9477/6519/6372 9478/6520/6372
f 9478/6520/6330 9477/6519/6330 9479/6521/6330
f 9478/6520/6355 9479/6521/6355 9480/6522/6355
f 9480/6522/6332 9479/6521/6332 9481/6523/6332
f 9480/6522/6332 9481/6523/6332 9482/6524/6332
f 9480/6522/6327 9482/6524/6327 9483/6525/6327
f 9483/6525/6355 9482/6524/6355 9484/6526/6355
f 9484/6526/6332 9482/6524/6332 9485/6527/6332
f 9484/6526/6332 9485/6527/6332 9486/6528/6332
f 9486/6528/6332 9485/6527/6332 9487/6529/6332
f 9486/6528/6335 9487/6529/6335 9488/6530/6335
f 9488/6530/6371 9487/6529/6371 9489/6531/6371
f 9488/6530/6373 9489/6531/6373 9490/6532/6337
s 1
f 9490/6532/6374 9489/6531/6374 9491/6533/6374
s 0
f 9493/6534/6375 9492/6535/6375 9494/6536/6375
f 9493/6534/6376 9494/6536/6376 9495/6537/6376
f 9495/6537/6377 9494/6536/6377 9496/6538/6377
f 9495/6537/6348 9496/6538/6348 9497/6539/6348
f 9497/6539/6346 9496/6538/6346 9498/6540/6346
f 9497/6539/6346 9498/6540/6346 9499/6541/6346
f 9499/6541/6346 9498/6540/6346 9500/6542/6346
f 9499/6541/6346 9500/6542/6346 9501/6543/6346
f 9501/6543/6344 9500/6542/6344 9502/6544/6344
f 9501/6543/6344 9502/6544/6344 9503/6545/6344
f 9503/6545/6345 9502/6544/6345 9504/6546/6345
f 9503/6545/6345 9504/6546/6345 9505/6547/6345
f 9505/6547/6348 9504/6546/6348 9506/6548/6348
f 9505/6547/6378 9506/6548/6378 9507/6549/6378
f 9507/6549/6364 9506/6548/6364 9508/6550/6364
f 9507/6549/6379 9508/6550/6379 9509/6551/6379
f 9509/6551/6380 9508/6550/6380 9510/6552/6380
f 9512/6553/6381 9511/6554/6381 9513/6555/6381
f 9512/6553/6382 9513/6555/6382 9514/6556/6382
f 9514/6556/6383 9513/6555/6383 9515/6557/6383
f 9515/6557/6325 9513/6555/6325 9516/6558/6325
f 9515/6557/6330 9516/6558/6330 9517/6559/6330
f 9515/6557/6331 9517/6559/6331 9518/6560/6331
f 9518/6560/6332 9517/6559/6332 9519/6561/6332
f 9519/6561/6332 9517/6559/6332 9520/6562/6332
f 9519/6561/6332 9520/6562/6332 9521/6563/6332
f 9521/6563/6332 9520/6562/6332 9522/6564/6332
f 9521/6563/6328 9522/6564/6328 9523/6565/6328
f 9523/6565/6332 9522/6564/6332 9524/6566/6332
f 9523/6565/6332 9524/6566/6332 9525/6567/6332
f 9525/6567/6332 9524/6566/6332 9526/6568/6332
f 9526/6568/6329 9524/6566/6329 9527/6569/6329
f 9526/6568/6384 9527/6569/6384 9528/6570/6384
f 9528/6570/6335 9527/6569/6335 9529/6571/6335
f 9528/6570/6385 9529/6571/6385 9530/6572/6385
f 9532/6573/6386 9531/6574/6386 9533/6575/6386
f 9533/6575/6350 9531/6574/6350 9534/6576/6350
f 9533/6575/6364 9534/6576/6364 9535/6577/6364
s 1
f 9535/6577/6344 9534/6576/6344 9536/6578/6344
s 0
f 9535/6577/6345 9536/6578/6345 9537/6579/6345
f 9537/6579/6345 9536/6578/6345 9538/6580/6345
f 9537/6579/6348 9538/6580/6348 9539/6581/6348
f 9537/6579/6346 9539/6581/6346 9540/6582/6346
f 9540/6582/6349 9539/6581/6349 9541/6583/6349
f 9540/6582/6364 9541/6583/6364 9542/6584/6364
f 9542/6584/6364 9541/6583/6364 9543/6585/6364
f 9542/6584/6344 9543/6585/6344 9544/6586/6344
f 9544/6586/6346 9543/6585/6346 9545/6587/6346
f 9544/6586/6387 9545/6587/6387 9546/6588/6387
f 9546/6588/6361 9545/6587/6361 9547/6589/6361
f 9546/6588/6388 9547/6589/6388 9548/6590/6388
f 9548/6590/6389 9547/6589/6389 9549/6591/6389
f 9551/6592/6390 9550/6593/6390 9552/6594/6390
f 9551/6592/6383 9552/6594/6383 9553/6595/6383
f 9553/6595/6391 9552/6594/6391 9554/6596/6391
f 9554/6596/6335 9552/6594/6335 9555/6597/6335
f 9554/6596/6330 9555/6597/6330 9556/6598/6330
f 9554/6596/6331 9556/6598/6331 9557/6599/6331
f 9557/6599/6332 9556/6598/6332 9558/6600/6332
f 9558/6600/6332 9556/6598/6332 9559/6601/6332
f 9558/6600/6332 9559/6601/6332 9560/6602/6332
f 9560/6602/6332 9559/6601/6332 9561/6603/6332
f 9560/6602/6330 9561/6603/6330 9562/6604/6330
f 9562/6604/6332 9561/6603/6332 9563/6605/6332
f 9562/6604/6332 9563/6605/6332 9564/6606/6332
f 9564/6606/6392 9563/6605/6392 9565/6607/6392
f 9565/6607/6329 9563/6605/6329 9566/6608/6329
f 9565/6607/6384 9566/6608/6384 9567/6609/6384
f 9567/6609/6335 9566/6608/6335 9568/6610/6335
f 9567/6609/6393 9568/6610/6393 9569/6611/6393
f 9571/6612/6394 9570/6613/6394 9572/6614/6394
f 9572/6614/6395 9570/6613/6395 9573/6615/6395
f 9572/6614/6364 9573/6615/6364 9574/6616/6364
f 9574/6616/6364 9573/6615/6364 9575/6617/6364
f 9574/6616/6345 9575/6617/6345 9576/6618/6345
f 9576/6618/6345 9575/6617/6345 9577/6619/6345
f 9576/6618/6348 9577/6619/6348 9578/6620/6348
f 9576/6618/6346 9578/6620/6346 9579/6621/6346
f 9579/6621/6349 9578/6620/6349 9580/6622/6349
f 9579/6621/6344 9580/6622/6344 9581/6623/6344
f 9581/6623/6364 9580/6622/6364 9582/6624/6364
f 9581/6623/6344 9582/6624/6344 9583/6625/6344
f 9583/6625/6346 9582/6624/6346 9584/6626/6346
f 9583/6625/6387 9584/6626/6387 9585/6627/6387
f 9585/6627/6361 9584/6626/6361 9586/6628/6361
f 9585/6627/6396 9586/6628/6396 9587/6629/6396
f 9587/6629/6397 9586/6628/6397 9588/6630/6397
f 9590/6631/6088 9589/6632/6088 9591/6633/6088
f 9591/6633/6088 9589/6632/6088 9592/6634/6088
f 9591/6633/6088 9592/6634/6088 9593/6635/6088
s 1
f 9593/6635/6088 9592/6634/6398 9594/6636/6088
s 0
f 9596/6637/6399 9595/6638/6399 9597/6639/6399
f 9596/6637/6399 9597/6639/6399 9598/6640/6399
f 9596/6637/6399 9598/6640/6399 9599/6641/6399
f 9599/6641/6399 9598/6640/6399 9600/6642/6399
f 9599/6641/6399 9600/6642/6399 9601/6643/6399
f 9603/6644/6088 9602/6645/6088 9604/6646/6088
f 9603/6644/6088 9604/6646/6088 9605/6647/6088
f 9605/6647/6088 9604/6646/6088 9606/6648/6088
f 9605/6647/6088 9606/6648/6088 9607/6649/6088
f 9607/6649/6088 9606/6648/6088 9608/6650/6088
f 9610/6651/6399 9609/6652/6399 9611/6653/6399
f 9611/6653/6399 9609/6652/6399 9612/6654/6399
f 9611/6653/6399 9612/6654/6399 9613/6655/6399
f 9613/6655/6399 9612/6654/6399 9614/6656/6399
f 9613/6655/6399 9614/6656/6399 9615/6657/6399
f 9617/6658/6088 9616/6659/6088 9618/6660/6088
f 9618/6660/6088 9616/6659/6088 9619/6661/6088
f 9618/6660/6088 9619/6661/6088 9620/6662/6088
f 9620/6662/6088 9619/6661/6088 9621/6663/6088
f 9620/6662/6088 9621/6663/6088 9622/6664/6088
f 9624/6665/6399 9623/6666/6399 9625/6667/6399
f 9625/6667/6399 9623/6666/6399 9626/6668/6399
f 9625/6667/6399 9626/6668/6399 9627/6669/6399
f 9627/6669/6399 9626/6668/6399 9628/6670/6399
f 9627/6669/6399 9628/6670/6399 9629/6671/6399
f 9631/6672/6088 9630/6673/6088 9632/6674/6088
f 9632/6674/6088 9630/6673/6088 9633/6675/6088
f 9633/6675/6088 9630/6673/6088 9634/6676/6088
f 9633/6675/6088 9634/6676/6088 9635/6677/6088
f 9635/6677/6088 9634/6676/6088 9636/6678/6088
f 9638/6679/6399 9637/6680/6399 9639/6681/6399
f 9638/6679/6399 9639/6681/6399 9640/6682/6399
f 9640/6682/6399 9639/6681/6399 9641/6683/6399
f 9640/6682/6399 9641/6683/6399 9642/6684/6399
f 9642/6684/6399 9641/6683/6399 9643/6685/6399
f 9645/6686/6088 9644/6687/6088 9646/6688/6088
f 9646/6688/6088 9644/6687/6088 9647/6689/6088
f 9646/6688/6088 9647/6689/6088 9648/6690/6088
f 9648/6690/6088 9647/6689/6088 9649/6691/6088
f 9648/6690/6088 9649/6691/6088 9650/6692/6088
f 9652/6693/6399 9651/6694/6399 9653/6695/6399
f 9652/6693/6399 9653/6695/6399 9654/6696/6399
f 9654/6696/6399 9653/6695/6399 9655/6697/6399
f 9654/6696/6399 9655/6697/6399 9656/6698/6399
f 9656/6698/6399 9655/6697/6399 9657/6699/6399
f 9659/6700/6088 9658/6701/6088 9660/6702/6088
f 9660/6702/6088 9658/6701/6088 9661/6703/6088
f 9660/6702/6088 9661/6703/6088 9662/6704/6088
f 9662/6704/6088 9661/6703/6088 9663/6705/6088
f 9665/6706/6399 9664/6707/6399 9666/6708/6399
f 9665/6706/6399 9666/6708/6399 9667/6709/6399
f 9667/6709/6399 9666/6708/6399 9668/6710/6399
f 9667/6709/6399 9668/6710/6399 9669/6711/6399
f 9669/6711/6399 9668/6710/6399 9670/6712/6399
f 9672/6713/6088 9671/6714/6088 9673/6715/6088
f 9672/6713/6088 9673/6715/6088 9674/6716/6088
f 9674/6716/6088 9673/6715/6088 9675/6717/6088
f 9674/6716/6088 9675/6717/6088 9676/6718/6088
f 9676/6718/6088 9675/6717/6088 9677/6719/6088
f 9676/6718/6088 9677/6719/6088 9678/6720/6088
f 9680/6721/6399 9679/6722/6399 9681/6723/6399
f 9680/6721/6399 9681/6723/6399 9682/6724/6399
f 9682/6724/6399 9681/6723/6399 9683/6725/6399
f 9682/6724/6399 9683/6725/6399 9684/6726/6399
f 9684/6726/6399 9683/6725/6399 9685/6727/6399
f 9687/6728/6088 9686/6729/6088 9688/6730/6088
f 9688/6730/6088 9686/6729/6088 9689/6731/6088
f 9688/6730/6088 9689/6731/6088 9690/6732/6088
f 9690/6732/6088 9689/6731/6088 9691/6733/6088
f 9690/6732/6088 9691/6733/6088 9692/6734/6088
f 9694/6735/6399 9693/6736/6399 9695/6737/6399
f 9695/6737/6399 9693/6736/6399 9696/6738/6399
f 9695/6737/6399 9696/6738/6399 9697/6739/6399
f 9697/6739/6399 9696/6738/6399 9698/6740/6399
f 9697/6739/6399 9698/6740/6399 9699/6741/6399
f 9699/6741/6399 9698/6740/6399 9700/6742/6399
l 5313 5314
l 5324 5325
l 5330 5331
l 5347 5348
l 5351 5352
l 5360 5361
l 5366 5367
l 5406 5407
l 5416 5417
l 5429 5430
l 5433 5434
l 5444 5445
l 5485 5486
l 5489 5490
l 5493 5494
l 5543 5544
l 5547 5548
l 5553 5554
l 5559 5560
l 5563 5564
l 5569 5570
l 5575 5576
l 5579 5580
l 5585 5586
l 5595 5596
l 5611 5612
l 5621 5622
l 5631 5632
l 5641 5642
l 5647 5648
l 5724 5725
l 5730 5731
l 5734 5735
l 5746 5747
l 5772 5773
l 5786 5787
l 5792 5793
l 5804 5805
l 5822 5823
l 5840 5841
l 5854 5855
l 5868 5869
l 5880 5881
l 5886 5887
l 5898 5899
l 5910 5911
l 5922 5923
l 5928 5929
l 5934 5935
l 5940 5941
l 5954 5955
l 5960 5961
l 5966 5967
l 5972 5973
l 6010 6011
l 6036 6037
l 6100 6101
l 6146 6147
l 6152 6153
l 6172 6173
l 6190 6191
l 6196 6197
l 6228 6229
l 6232 6233
l 6254 6255
l 6260 6261
l 6272 6273
l 6284 6285
l 6296 6297
l 6314 6315
l 6326 6327
l 6332 6333
l 6360 6361
l 6378 6379
l 6388 6389
l 6394 6395
l 6406 6407
l 6412 6413
l 6488 6489
l 6498 6499
l 6504 6505
l 6510 6511
l 6522 6523
l 6550 6551
l 6584 6585
l 6590 6591
l 6596 6597
l 6666 6667
l 6672 6673
l 6684 6685
l 6688 6689
l 6740 6741
l 6746 6747
l 6830 6831
l 6854 6855
l 6858 6859
l 6868 6869
l 7012 7013
l 7028 7029
l 7460 7461
l 7510 7511
l 7683 7684
l 5248 5249
l 5268 5269
l 7895 7896
l 8487 8488
l 8506 8507
l 8510 8511
l 8520 8521
l 8536 8537
l 8548 8549
l 8589 8590
l 8593 8594
l 8605 8606
l 8615 8616
l 8629 8630
l 8649 8650
l 8655 8656
l 8661 8662
l 8668 8669
l 8671 8672
l 8683 8684
l 8757 8758
l 8765 8766
l 8785 8786
l 8795 8796
l 8802 8803
l 8841 8842
l 8870 8871
l 8886 8887
l 8897 8898
l 8916 8917
l 8936 8937
l 8963 8964
l 8991 8992
l 9014 9015
l 9016 9017
l 9033 9034
l 9069 9070
l 9091 9092
l 9119 9120
l 9128 9129
l 9133 9134
l 9186 9187
l 9263 9264
l 9302 9303
l 5274 5275
l 6877 6878
l 6890 6891
l 6962 6963
l 6976 6977
l 7017 7018
l 7021 7022
l 7484 7485
l 7726 7727
l 7732 7733
l 7738 7739
l 5263 5264
l 7883 7884
l 7905 7906
l 7909 7910
l 7913 7914
l 7917 7918
l 7921 7922
l 7925 7926
l 7929 7930
l 7933 7934
l 7937 7938
l 7941 7942
l 7945 7946
l 7949 7950
l 7953 7954
l 7957 7958
l 7961 7962
l 7965 7966
l 7969 7970
l 7973 7974
l 7977 7978
l 7981 7982
l 7985 7986
l 7989 7990
l 7993 7994
l 7997 7998
l 8001 8002
l 8005 8006
l 8009 8010
l 8013 8014
l 8017 8018
l 8021 8022
l 8025 8026
l 8029 8030
l 8033 8034
l 8037 8038
l 8041 8042
l 8045 8046
l 8049 8050
l 8053 8054
l 8057 8058
l 8061 8062
l 8065 8066
l 8069 8070
l 8073 8074
l 8077 8078
l 8081 8082
l 8085 8086
l 8089 8090
l 8093 8094
l 8097 8098
l 8101 8102
l 8105 8106
l 8109 8110
l 8113 8114
l 8117 8118
l 8121 8122
l 8125 8126
l 8129 8130
l 8133 8134
l 8137 8138
l 8141 8142
l 8145 8146
l 8149 8150
l 8153 8154
l 8157 8158
l 8161 8162
l 8165 8166
l 8169 8170
l 8173 8174
l 8177 8178
l 8181 8182
l 8185 8186
l 8189 8190
l 8193 8194
l 8197 8198
l 8201 8202
l 8205 8206
l 8209 8210
l 8213 8214
l 8217 8218
l 8221 8222
l 8225 8226
l 8229 8230
l 8233 8234
l 8237 8238
l 8241 8242
l 8245 8246
l 8249 8250
l 8253 8254
l 8257 8258
l 8261 8262
l 8265 8266
l 8269 8270
l 8273 8274
l 8277 8278
l 8281 8282
l 8285 8286
l 8289 8290
l 8293 8294
l 8297 8298
l 8301 8302
l 8305 8306
l 8311 8312
l 8315 8316
l 8319 8320
l 8323 8324
l 8327 8328
l 8341 8342
l 8351 8352
l 8355 8356
l 8359 8360
l 8363 8364
l 8383 8384
l 8387 8388
l 8391 8392
l 8395 8396
l 8399 8400
l 8405 8406
l 8415 8416
l 8419 8420
l 8423 8424
l 8427 8428
l 8439 8440
l 8449 8450
l 8453 8454
l 8457 8458
l 8491 8492
l 8495 8496
l 8498 8499
l 8504 8505
l 8518 8519
l 8528 8529
l 8532 8533
l 8546 8547
l 8552 8553
l 8556 8557
l 8602 8603
l 8611 8612
l 8627 8628
l 8637 8638
l 8806 8807
l 8821 8822
l 8827 8828
l 8831 8832
l 8835 8836
l 8839 8840
l 8851 8852
l 8856 8857
l 8877 8878
l 8881 8882
l 8895 8896
l 8909 8910
l 8924 8925
l 8930 8931
l 8944 8945
l 8959 8960
l 8999 9000
l 9011 9012
l 9053 9054
l 9073 9074
l 9123 9124
l 9140 9141
l 9152 9153
l 9180 9181
l 9184 9185
l 9189 9190
l 9200 9201
l 9204 9205
l 9208 9209
l 9216 9217
l 9242 9243
l 9257 9258
l 9296 9297
l 5250 5251
l 5270 5271
l 5282 5283
l 5322 5323
l 5332 5333
l 5345 5346
l 5349 5350
l 5353 5354
l 5358 5359
l 5368 5369
l 5408 5409
l 5414 5415
l 5431 5432
l 5435 5436
l 5487 5488
l 5491 5492
l 5535 5536
l 5541 5542
l 5545 5546
l 5561 5562
l 5577 5578
l 5587 5588
l 5593 5594
l 5597 5598
l 5603 5604
l 5609 5610
l 5613 5614
l 5619 5620
l 5623 5624
l 5629 5630
l 5633 5634
l 5639 5640
l 5649 5650
l 5654 5655
l 5732 5733
l 5744 5745
l 5748 5749
l 5770 5771
l 5794 5795
l 5806 5807
l 5824 5825
l 5838 5839
l 5870 5871
l 5888 5889
l 5900 5901
l 5912 5913
l 6012 6013
l 6018 6019
l 6038 6039
l 6052 6053
l 6098 6099
l 6110 6111
l 6116 6117
l 6122 6123
l 6136 6137
l 6170 6171
l 6182 6183
l 6188 6189
l 6198 6199
l 6212 6213
l 6218 6219
l 6230 6231
l 6270 6271
l 6282 6283
l 6294 6295
l 6312 6313
l 6324 6325
l 6358 6359
l 6370 6371
l 6376 6377
l 6380 6381
l 6386 6387
l 6404 6405
l 6414 6415
l 6490 6491
l 6496 6497
l 6520 6521
l 6540 6541
l 6552 6553
l 6558 6559
l 6606 6607
l 6612 6613
l 6618 6619
l 6664 6665
l 6674 6675
l 6686 6687
l 6706 6707
l 6820 6821
l 6832 6833
l 6838 6839
l 6844 6845
l 6856 6857
l 6860 6861
l 6866 6867
l 6870 6871
l 7010 7011
l 7026 7027
l 7334 7335
l 7462 7463
l 7492 7493
l 7508 7509
l 7673 7674
l 5276 5277
l 7893 7894
l 8485 8486
l 8515 8516
l 8524 8525
l 8565 8566
l 8571 8572
l 8577 8578
l 8591 8592
l 8600 8601
l 8609 8610
l 8624 8625
l 8634 8635
l 8640 8641
l 8644 8645
l 8681 8682
l 8763 8764
l 8783 8784
l 8800 8801
l 8804 8805
l 8864 8865
l 8888 8889
l 8899 8900
l 8902 8903
l 8907 8908
l 8922 8923
l 8928 8929
l 8934 8935
l 8938 8939
l 8993 8994
l 9067 9068
l 9071 9072
l 9089 9090
l 9117 9118
l 9121 9122
l 9126 9127
l 9135 9136
l 9261 9262
l 9265 9266
l 9269 9270
l 9304 9305
l 9314 9315
l 9322 9323
l 5246 5247
l 6875 6876
l 6905 6906
l 6919 6920
l 7019 7020
l 7023 7024
l 7482 7483
l 7490 7491
l 5252 5253
l 5272 5273
l 7810 7811
l 7881 7882
l 7898 7899
l 7903 7904
l 7907 7908
l 7911 7912
l 7915 7916
l 7919 7920
l 7923 7924
l 7927 7928
l 7931 7932
l 7935 7936
l 7939 7940
l 7943 7944
l 7947 7948
l 7951 7952
l 7955 7956
l 7959 7960
l 7963 7964
l 7967 7968
l 7971 7972
l 7975 7976
l 7979 7980
l 7983 7984
l 7987 7988
l 7991 7992
l 7995 7996
l 7999 8000
l 8003 8004
l 8007 8008
l 8011 8012
l 8015 8016
l 8019 8020
l 8023 8024
l 8027 8028
l 8031 8032
l 8035 8036
l 8039 8040
l 8043 8044
l 8047 8048
l 8051 8052
l 8055 8056
l 8059 8060
l 8063 8064
l 8067 8068
l 8071 8072
l 8075 8076
l 8079 8080
l 8083 8084
l 8087 8088
l 8091 8092
l 8095 8096
l 8099 8100
l 8103 8104
l 8107 8108
l 8111 8112
l 8115 8116
l 8119 8120
l 8123 8124
l 8127 8128
l 8131 8132
l 8135 8136
l 8139 8140
l 8143 8144
l 8147 8148
l 8151 8152
l 8155 8156
l 8159 8160
l 8163 8164
l 8167 8168
l 8171 8172
l 8175 8176
l 8179 8180
l 8183 8184
l 8187 8188
l 8191 8192
l 8195 8196
l 8199 8200
l 8203 8204
l 8207 8208
l 8211 8212
l 8215 8216
l 8219 8220
l 8223 8224
l 8227 8228
l 8231 8232
l 8235 8236
l 8239 8240
l 8243 8244
l 8247 8248
l 8251 8252
l 8255 8256
l 8259 8260
l 8263 8264
l 8267 8268
l 8271 8272
l 8275 8276
l 8279 8280
l 8283 8284
l 8287 8288
l 8291 8292
l 8295 8296
l 8299 8300
l 8303 8304
l 8313 8314
l 8317 8318
l 8321 8322
l 8325 8326
l 8343 8344
l 8349 8350
l 8353 8354
l 8357 8358
l 8361 8362
l 8381 8382
l 8385 8386
l 8389 8390
l 8393 8394
l 8397 8398
l 8407 8408
l 8413 8414
l 8417 8418
l 8421 8422
l 8425 8426
l 8429 8430
l 8441 8442
l 8447 8448
l 8451 8452
l 8455 8456
l 8493 8494
l 8502 8503
l 8513 8514
l 8522 8523
l 8538 8539
l 8540 8541
l 8563 8564
l 8569 8570
l 8575 8576
l 8581 8582
l 8585 8586
l 8607 8608
l 8617 8618
l 8621 8622
l 8631 8632
l 8651 8652
l 8657 8658
l 8664 8665
l 8679 8680
l 8829 8830
l 8845 8846
l 8861 8862
l 8872 8873
l 8879 8880
l 8911 8912
l 8920 8921
l 8946 8947
l 9001 9002
l 9051 9052
l 9078 9079
l 9138 9139
l 9142 9143
l 9148 9149
l 9154 9155
l 9182 9183
l 9191 9192
l 9202 9203
l 9214 9215
l 9240 9241
l 9244 9245
l 9247 9248
l 9294 9295
o Object_8
v 0.175433 0.222315 0.071573
v 0.149217 0.187819 0.065122
v 0.021691 0.131775 0.111967
v -0.011852 0.127766 0.117329
v 0.051484 0.137754 0.102995
v 0.051484 0.137754 0.102995
v 0.085423 0.147020 0.087630
v 0.099899 0.479641 0.074807
v 0.069522 0.500629 0.083317
v 0.020514 0.519984 0.102758
v -0.011852 0.529361 0.108395
v 0.169628 0.405017 0.058136
v 0.134052 0.449311 0.061657
v 0.187581 0.367736 0.065812
v 0.191970 0.256133 0.072728
v 0.200031 0.323101 0.070655
v 0.199291 0.322536 0.070392
v 0.200511 0.294672 0.071748
v -0.199141 0.222314 0.071561
v -0.171646 0.186340 0.064668
v -0.045397 0.131813 0.112007
v -0.075188 0.137754 0.102995
v -0.075188 0.137754 0.102995
v -0.109063 0.147085 0.087771
v -0.098591 0.497832 0.081735
v -0.044282 0.519954 0.102770
v -0.154408 0.453448 0.062828
v -0.195234 0.401413 0.059305
v -0.211275 0.367734 0.065856
v -0.215683 0.256130 0.072698
v -0.223738 0.323101 0.070645
v -0.222995 0.322536 0.070392
v -0.224239 0.294659 0.071660
v 0.060510 0.237952 0.036971
v 0.046552 0.218541 0.034029
v 0.011399 0.200409 0.048690
v -0.014683 0.197032 0.053251
v 0.011297 0.200783 0.048037
v 0.023679 0.204193 0.042473
v 0.014313 0.335452 0.043698
v -0.013792 0.344166 0.049814
v 0.040252 0.316169 0.033357
v 0.058330 0.291954 0.032969
v 0.065592 0.268527 0.036214
v 0.066098 0.268069 0.036867
v -0.084211 0.237953 0.036983
v -0.070723 0.219081 0.034195
v -0.035001 0.200783 0.048037
v -0.035001 0.200783 0.048037
v -0.047406 0.204169 0.042422
v -0.046309 0.330846 0.039319
v -0.081419 0.293616 0.032320
v -0.065180 0.314656 0.032928
v -0.089295 0.268527 0.036217
v -0.089756 0.268075 0.037032
vn -0.1033 0.2715 -0.9569
vn -0.0719 0.1828 -0.9805
vn -0.1431 0.2983 -0.9437
vn -0.2150 -0.2338 -0.9482
vn -0.0362 -0.4034 -0.9143
vn 0.2089 -0.6449 -0.7352
vn 0.0216 -0.6361 -0.7713
vn -0.1799 0.2859 -0.9412
vn -0.1445 0.3033 -0.9419
vn -0.2613 -0.0519 -0.9638
vn -0.1811 -0.0997 -0.9784
vn -0.0974 -0.0759 -0.9923
vn -0.2728 -0.0916 -0.9577
vn 0.2637 -0.0331 -0.9640
vn 0.1499 -0.0759 -0.9858
vn 0.1906 0.0327 -0.9811
vn 0.2724 -0.0482 -0.9610
vn -0.1783 0.0577 -0.9823
vn -0.1977 -0.0442 -0.9793
vn -0.2711 -0.0451 -0.9615
vn -0.0008 0.3016 -0.9534
vn 0.0335 0.3113 -0.9497
vn 0.1406 0.3041 -0.9422
vn -0.0017 -0.6795 -0.7337
vn 0.0919 -0.6413 -0.7618
vn 0.0099 -0.7370 -0.6758
vn -0.0564 -0.6813 -0.7298
vn 0.2569 -0.0336 -0.9659
vn 0.2610 -0.0552 -0.9638
vn 0.3036 -0.0306 -0.9523
vn -0.0290 0.2273 -0.9734
vn 0.1732 0.0558 -0.9833
vn 0.0582 -0.6814 -0.7296
vn 0.0943 -0.6876 -0.7199
vn -0.0420 -0.3192 -0.9468
vn 0.1344 0.2868 -0.9485
vn 0.1814 0.2951 -0.9381
vn -0.0167 -0.6332 -0.7738
vn 0.0476 -0.5296 -0.8469
vn 0.1266 -0.2971 -0.9464
vn 0.2193 -0.2273 -0.9488
vn 0.1151 -0.6937 -0.7110
vn 0.0149 -0.3271 -0.9449
vn 0.2689 -0.0872 -0.9592
vn 0.2765 -0.0787 -0.9578
vn 0.1097 0.0034 -0.9940
vn -0.2775 -0.0776 -0.9576
vn 0.0180 0.2207 -0.9752
vn -0.0605 0.1442 -0.9877
vn -0.3743 -0.1171 -0.9199
vn -0.2598 -0.0310 -0.9652
vn -0.0936 -0.6854 -0.7221
vn -0.1183 -0.6942 -0.7100
vn -0.0129 -0.3249 -0.9456
vn -0.2545 -0.0305 -0.9666
vt 0.082178 0.709651
vt 0.102364 0.704851
vt 0.058112 0.716201
vt 0.293199 0.271009
vt 0.294054 0.271061
vt 0.263905 0.258360
vt 0.263876 0.258334
vt 0.064017 0.713384
vt 0.038382 0.723730
vt 0.349124 0.274200
vt 0.359778 0.277495
vt 0.323545 0.270180
vt 0.331726 0.270610
vt 0.165784 0.719786
vt 0.165784 0.719786
vt 0.139695 0.709786
vt 0.148261 0.713612
vt 0.132920 0.706760
vt 0.137574 0.708974
vt 0.148263 0.713613
vt 0.023766 0.726518
vt 0.025874 0.726116
vt 0.038412 0.723718
vt 0.497455 0.644954
vt 0.499971 0.645921
vt 0.518099 0.655596
vt 0.508817 0.649320
vt 0.360124 0.277602
vt 0.349127 0.274201
vt 0.359780 0.277496
vt 0.104990 0.703947
vt 0.131103 0.706165
vt 0.508816 0.649320
vt 0.518229 0.655684
vt 0.071288 0.711890
vt 0.066989 0.712813
vt 0.263905 0.258360
vt 0.263876 0.258334
vt 0.293199 0.271009
vt 0.294054 0.271061
vt 0.252606 0.249394
vt 0.331725 0.270610
vt 0.314165 0.269686
vt 0.323545 0.270180
vt 0.314165 0.269686
vt 0.102364 0.704851
vt 0.104990 0.703947
vt 0.165784 0.719786
s 1
usemtl Material.002
f 9708/6743/6400 9742/6744/6401 9740/6745/6402
f 9720/6746/6403 9747/6747/6404 9750/6748/6405
f 9720/6746/6403 9750/6748/6405 9724/6749/6406
f 9709/6750/6407 9740/6745/6402 9710/6751/6408
f 9733/6752/6409 9755/6753/6410 9746/6754/6411
f 9733/6752/6409 9746/6754/6411 9730/6755/6412
f 9708/6743/6400 9740/6745/6402 9709/6750/6407
f 9716/6756/6413 9744/6757/6414 9743/6758/6415
f 9716/6756/6413 9743/6758/6415 9714/6759/6416
f 9728/6760/6417 9752/6761/6418 9729/6762/6419
f 9711/6763/6420 9741/6764/6421 9726/6765/6422
f 9704/6766/6423 9737/6767/6424 9736/6768/6425
f 9704/6766/6423 9736/6768/6425 9703/6769/6426
f 9717/6770/6427 9718/6771/6428 9745/6772/6429
f 9713/6773/6430 9712/6774/6431 9742/6744/6401
f 9721/6775/6432 9723/6776/6433 9749/6776/6434
f 9721/6775/6432 9749/6776/6434 9737/6767/6424
f 9712/6774/6431 9743/6758/6415 9742/6744/6401
f 9726/6765/6422 9741/6764/6421 9751/6777/6435
f 9726/6765/6422 9751/6777/6435 9725/6778/6436
f 9707/6779/6437 9739/6780/6438 9735/6781/6439
f 9707/6779/6437 9735/6781/6439 9702/6782/6440
f 9722/6783/6441 9724/6749/6406 9750/6748/6405
f 9722/6783/6441 9750/6748/6405 9748/6783/6442
f 9715/6784/6443 9701/6785/6444 9734/6786/6445
f 9720/6746/6403 9719/6787/6446 9746/6754/6411
f 9720/6746/6403 9746/6754/6411 9747/6747/6404
f 9701/6785/6444 9702/6782/6440 9735/6781/6439
f 9701/6785/6444 9735/6781/6439 9734/6786/6445
f 9727/6788/6447 9751/6777/6435 9753/6789/6448
f 9729/6762/6419 9752/6761/6418 9754/6757/6449
f 9729/6762/6419 9754/6757/6449 9731/6790/6450
f 9714/6759/6416 9743/6758/6415 9712/6774/6431
f 9706/6776/6451 9703/6769/6426 9736/6768/6425
f 9725/6778/6436 9751/6777/6435 9727/6788/6447
f 9707/6779/6437 9705/6783/6452 9738/6783/6453
f 9707/6779/6437 9738/6783/6453 9739/6780/6438
f 9733/6752/6409 9732/6770/6454 9755/6753/6410
f 9727/6788/6447 9753/6789/6448 9752/6761/6418
f 9715/6784/6443 9734/6786/6445 9745/6772/6429
f 9715/6784/6443 9745/6772/6429 9718/6771/6428
f 9728/6760/6417 9727/6788/6447 9752/6761/6418
f 9721/6775/6432 9737/6767/6424 9704/6766/6423
f 9719/6787/6446 9730/6755/6412 9746/6754/6411
f 9710/6751/6408 9740/6745/6402 9741/6764/6421
f 9710/6751/6408 9741/6764/6421 9711/6763/6420
f 9713/6773/6430 9742/6744/6401 9708/6743/6400
