# Blender 5.2.1 LTS
# www.blender.org
mtllib phoenix_blaster.mtl
o gun_Material.001_0
v 0.000000 0.263104 0.063774
v -0.025780 0.254138 0.063803
v -0.032191 0.262921 0.063803
v 0.000000 0.262744 -0.431935
v -0.016654 0.259285 -0.393158
v 0.000000 0.259207 -0.393149
v -0.032191 0.262921 0.249792
v 0.000000 0.263177 0.290261
v -0.098187 0.095865 -0.182371
v -0.082635 0.096614 -0.365314
v -0.082635 0.096614 -0.196999
v -0.078574 0.226262 0.167008
v -0.070870 0.247445 0.249792
v -0.070870 0.247445 0.059098
v -0.087199 0.203859 0.213795
v -0.095969 0.096767 0.213795
v -0.071002 0.108684 0.213795
v -0.095968 0.096765 0.164871
v -0.087200 0.202092 0.164871
v -0.071002 0.108684 0.164871
v -0.056509 0.025200 -0.023131
v -0.056509 0.050497 -0.130072
v -0.056509 -0.056776 -0.130072
v -0.032191 0.262921 -0.264907
v 0.000000 0.263052 -0.127850
v 0.000000 0.262973 -0.264915
v -0.089300 0.210083 0.290301
v -0.056509 -0.056650 -0.023131
v -0.045159 -0.054816 0.018657
v -0.041315 -0.074935 -0.130082
v 0.000000 -0.074718 -0.023174
v -0.041310 -0.074924 -0.023143
v -0.089300 0.202705 0.167008
v -0.098187 0.095866 0.211658
v -0.089300 0.204310 0.211658
v -0.078326 -0.034093 -0.345405
v -0.078326 -0.047992 -0.070356
v -0.078326 -0.034093 -0.070356
v 0.000000 -0.118748 -0.070356
v -0.016425 -0.118748 -0.070356
v -0.060195 0.015939 -0.345405
v -0.060195 0.015939 -0.070356
v -0.016425 0.036663 -0.345405
v -0.060195 -0.098025 -0.345405
v -0.016425 -0.118749 -0.345405
v -0.060195 -0.098024 -0.070356
v -0.078326 -0.047992 -0.345405
v -0.055880 -0.045958 -0.345405
v -0.043058 -0.000744 -0.345405
v -0.055880 -0.036128 -0.345405
v -0.043058 -0.081342 -0.345405
v -0.012102 -0.095998 -0.345405
v 0.000000 -0.118749 -0.345405
v 0.000000 -0.095998 -0.345405
v -0.043058 -0.000744 -0.345405
v -0.055880 -0.036128 -0.385468
v -0.055880 -0.036128 -0.345405
v -0.043058 -0.081342 -0.345405
v -0.012102 -0.095998 -0.385468
v -0.012102 -0.095998 -0.345405
v 0.000000 -0.095998 -0.345405
v 0.000000 -0.095998 -0.385469
v -0.012102 0.013912 -0.345405
v -0.043058 -0.000744 -0.385468
v -0.055880 -0.045958 -0.385468
v -0.043058 -0.081342 -0.385468
v -0.055880 -0.045958 -0.345405
v -0.040876 0.067921 -0.142407
v -0.040876 -0.029244 -0.165679
v -0.040876 -0.029244 -0.142407
v -0.040876 -0.029244 -0.142407
v 0.000000 -0.029244 -0.165679
v 0.000000 -0.029244 -0.142407
v -0.040876 0.067921 -0.181018
v -0.040876 -0.029244 -0.204290
v -0.040876 -0.029244 -0.181018
v -0.040876 -0.029244 -0.181018
v 0.000000 -0.029244 -0.204290
v 0.000000 -0.029244 -0.181018
v -0.040876 0.067921 -0.219629
v -0.040876 -0.029244 -0.242901
v -0.040876 -0.029244 -0.219629
v -0.040876 -0.029244 -0.219629
v 0.000000 -0.029244 -0.242901
v 0.000000 -0.029244 -0.219629
v -0.040876 0.067921 -0.258240
v -0.040876 -0.029244 -0.281512
v -0.040876 -0.029244 -0.258240
v -0.040876 -0.029244 -0.258240
v 0.000000 -0.029244 -0.281512
v 0.000000 -0.029244 -0.258240
v -0.040876 0.067921 -0.296851
v -0.040876 -0.029244 -0.320123
v -0.040876 -0.029244 -0.296851
v -0.040876 -0.029244 -0.296851
v 0.000000 -0.029244 -0.320123
v 0.000000 -0.029244 -0.296851
v -0.016425 0.036663 -0.070356
v 0.000000 0.036663 -0.345405
v -0.032191 0.262921 -0.431962
v -0.070870 0.247445 -0.275808
v -0.069666 0.247398 -0.431962
v -0.089300 0.210083 -0.302127
v -0.070870 0.247445 -0.135280
v -0.032191 0.262921 -0.127830
v -0.089300 0.189556 -0.173457
v -0.071002 0.108684 0.164871
v -0.083410 0.086096 0.135270
v -0.083410 0.086096 0.164871
v -0.064460 0.238662 -0.135279
v -0.025780 0.254138 -0.127829
v -0.082889 0.201300 0.047739
v -0.089300 0.192024 0.047739
v -0.012102 0.013912 -0.345405
v 0.000000 0.067921 -0.296851
v -0.040876 0.067921 -0.320123
v -0.040876 0.067921 -0.296851
v 0.000000 0.067921 -0.320123
v -0.040876 -0.029244 -0.320123
v -0.040876 0.067921 -0.320123
v -0.040876 -0.029244 -0.296851
v 0.000000 0.067921 -0.296851
v -0.040876 0.067921 -0.296851
v 0.000000 0.067921 -0.258240
v -0.040876 0.067921 -0.281512
v -0.040876 0.067921 -0.258240
v 0.000000 -0.074718 -0.023174
v -0.029957 -0.109954 0.005032
v -0.041310 -0.074924 -0.023143
v 0.000000 0.067921 -0.281512
v -0.040876 -0.029244 -0.281512
v -0.040876 0.067921 -0.281512
v -0.040876 -0.029244 -0.258240
v 0.000000 0.067921 -0.258240
v -0.040876 0.067921 -0.258240
v 0.000000 0.067921 -0.219629
v -0.040876 0.067921 -0.242901
v -0.040876 0.067921 -0.219629
v 0.000000 0.067921 -0.242901
v -0.040876 -0.029244 -0.242901
v -0.040876 0.067921 -0.242901
v -0.040876 -0.029244 -0.219629
v 0.000000 0.067921 -0.219629
v -0.040876 0.067921 -0.219629
v 0.000000 0.067921 -0.181018
v -0.040876 0.067921 -0.204290
v -0.040876 0.067921 -0.181018
v 0.000000 -0.074761 -0.130109
v 0.000000 0.050532 -0.130078
v 0.000000 0.067921 -0.204290
v -0.040876 -0.029244 -0.204290
v -0.040876 0.067921 -0.204290
v -0.040876 -0.029244 -0.181018
v 0.000000 0.067921 -0.181018
v -0.040876 0.067921 -0.181018
v 0.000000 0.067921 -0.142407
v -0.040876 0.067921 -0.165679
v -0.040876 0.067921 -0.142407
v 0.000000 0.067921 -0.165679
v -0.040876 -0.029244 -0.165679
v -0.040876 0.067921 -0.165679
v -0.040876 -0.029244 -0.142407
v 0.000000 0.067921 -0.142407
v -0.040876 0.067921 -0.142407
v 0.000000 0.013912 -0.345405
v -0.012102 0.013912 -0.385468
v 0.000000 0.254320 0.063775
v 0.000000 0.254269 -0.127849
v -0.064460 0.238662 0.059098
v -0.082889 0.201300 -0.153265
v -0.082889 0.201300 -0.056076
v -0.046630 0.224647 -0.400492
v -0.062475 0.180922 -0.449999
v -0.062475 0.180922 -0.400492
v -0.046630 0.125050 -0.400492
v -0.008377 0.106939 -0.449999
v -0.008377 0.106939 -0.400492
v 0.000000 0.106939 -0.400491
v 0.000000 0.106939 -0.450000
v -0.008377 0.242759 -0.400492
v -0.046630 0.224647 -0.449999
v -0.062475 0.168775 -0.400492
v -0.046630 0.125050 -0.449999
v -0.062475 0.180922 -0.400492
v -0.062475 0.168775 -0.449999
v 0.000000 0.242759 -0.400491
v -0.008377 0.242759 -0.449999
v -0.047038 -0.109758 0.054616
v -0.047038 -0.063211 0.066112
v -0.030039 -0.037540 0.022922
v 0.000000 -0.045960 0.070364
v 0.000000 -0.037509 0.022924
v 0.000000 0.045221 -0.006164
v -0.038805 0.030470 -0.012648
v 0.000000 0.036671 -0.015871
v 0.000000 -0.124451 0.050959
v -0.031838 -0.092638 0.148761
v -0.031848 -0.124574 0.050948
v -0.031908 -0.012035 0.156163
v 0.000000 -0.012001 0.156161
v -0.029957 -0.109954 0.005032
v -0.047023 -0.028183 0.154684
v -0.047023 -0.078512 0.150066
v -0.014750 0.107666 0.384291
v -0.098187 0.095866 0.249792
v -0.050593 0.024592 0.223020
v -0.052507 0.119757 0.049654
v -0.052307 -0.036069 0.115478
v -0.052307 -0.036069 0.115478
v 0.000000 0.119757 0.049700
v 0.000000 -0.036074 0.115532
v 0.000000 -0.296400 0.332449
v -0.048402 -0.293030 0.332467
v -0.050461 -0.296352 0.332208
v 0.000000 -0.224086 0.198369
v -0.052025 -0.224144 0.198706
v -0.052025 -0.224144 0.198706
v -0.049637 -0.168571 0.371537
v -0.046676 0.024580 0.222978
v -0.051970 -0.255321 0.213369
v -0.050146 -0.270224 0.354083
v 0.000000 -0.255310 0.213294
v -0.051970 -0.255321 0.213369
v -0.051850 -0.284999 0.233584
v -0.051850 -0.284999 0.233584
v -0.018385 0.066714 0.090845
v -0.018385 0.044279 0.041436
v -0.018385 0.030792 0.077358
v -0.018385 0.080201 0.054923
v 0.000000 0.044279 0.041436
v -0.018385 0.044279 0.041436
v 0.000000 0.080201 0.054923
v 0.000000 0.030792 0.077358
v 0.000000 0.044279 0.041436
v 0.000000 0.066714 0.090845
v -0.018385 0.030792 0.077358
v 0.000000 0.030792 0.077358
v -0.017627 0.023214 0.076316
v 0.000000 0.023214 0.076316
v -0.018385 0.080201 0.054923
v 0.000000 0.066714 0.090845
v 0.000000 0.080201 0.054923
v 0.000000 0.023214 0.076316
v 0.000000 0.006293 0.056313
v 0.000000 0.025622 0.054825
v -0.017627 0.025622 0.054825
v -0.017627 0.025622 0.054825
v -0.017627 0.023214 0.076316
v -0.017627 0.006293 0.056313
v -0.017627 0.003885 0.070496
v 0.000000 0.003885 0.070496
v 0.000000 0.025622 0.054825
v -0.017627 0.006293 0.056313
v 0.000000 0.006293 0.056313
v -0.017627 -0.003054 0.051344
v 0.000000 -0.008446 0.052407
v -0.017627 -0.010066 0.054360
v -0.017627 -0.008446 0.052407
v 0.000000 0.003885 0.070496
v 0.000000 -0.009598 0.059345
v -0.017627 0.003885 0.070496
v 0.000000 -0.009598 0.059345
v 0.000000 0.003885 0.070496
v 0.000000 -0.003054 0.051344
v 0.000000 -0.010066 0.054360
v -0.017627 -0.009598 0.059345
v -0.017627 -0.010066 0.054360
v -0.017627 -0.003054 0.051344
v -0.017627 -0.008446 0.052407
v -0.017627 -0.009598 0.059345
v -0.055713 0.050288 -0.008071
v -0.066713 0.061604 -0.023131
v -0.056509 0.050497 -0.038213
v -0.041310 -0.074924 -0.023143
v -0.056509 -0.056776 -0.130072
v -0.041315 -0.074935 -0.130082
v -0.045159 -0.095263 0.008669
v -0.041310 -0.074924 -0.023143
v -0.031922 -0.045994 0.070361
v -0.011514 0.066876 0.448820
v 0.000000 0.069511 0.450000
v -0.051510 0.218911 0.303517
v 0.000000 0.246613 0.303497
v -0.012883 0.056626 0.444232
v 0.000000 0.052214 0.440326
v -0.039521 0.046028 0.298247
v -0.017806 0.188776 0.404514
v -0.017806 0.216264 0.330367
v -0.017806 0.163131 0.366593
v -0.017806 0.216264 0.330367
v 0.000000 0.221973 0.323037
v -0.020721 0.221973 0.323037
v 0.000000 0.216264 0.330367
v 0.000000 0.188776 0.404514
v 0.000000 0.163131 0.366593
v 0.000000 0.246357 0.390763
v -0.006078 0.272361 0.426754
v 0.000000 0.272361 0.426754
v 0.000000 0.163131 0.366593
v 0.000000 0.216264 0.330367
v 0.000000 0.167546 0.351672
v -0.037291 0.165157 0.350602
v -0.006078 0.236712 0.428269
v 0.000000 0.236712 0.428269
v 0.000000 0.246357 0.390763
v 0.000000 0.236712 0.428269
v -0.017806 0.246357 0.390763
v 0.000000 0.188776 0.404514
v 0.000000 0.148289 0.376626
v 0.000000 0.213081 0.309323
v 0.000000 0.221973 0.323037
v -0.017806 0.163131 0.366593
v -0.020357 0.148289 0.376626
v 0.000000 0.148289 0.376626
v 0.000000 0.163131 0.366593
v 0.000000 0.122912 0.367786
v -0.020721 0.213081 0.309323
v -0.020721 0.122912 0.367786
v 0.000000 0.263660 -0.393153
v -0.016654 0.259285 -0.340000
v -0.006856 0.263735 -0.387461
v 0.000000 0.263674 -0.387454
v 0.000000 0.259308 -0.340003
v -0.016647 0.263738 -0.340004
v -0.016647 0.263738 -0.393162
v -0.004386 0.296390 -0.366432
v 0.000000 0.296357 -0.366429
v 0.000000 0.263761 -0.340007
v -0.010879 0.263735 -0.345705
v 0.000000 0.296399 -0.344412
v 0.000000 0.263753 -0.345707
v -0.008408 0.296390 -0.344411
v -0.016654 0.259285 0.122297
v 0.000000 0.263660 0.122305
v 0.000000 0.259207 0.122313
v -0.007681 0.263735 0.132458
v 0.000000 0.263674 0.132470
v 0.000000 0.259308 0.217105
v -0.016647 0.263738 0.217102
v -0.016654 0.259285 0.217110
v -0.016647 0.263738 0.122290
v -0.005210 0.296390 0.169965
v 0.000000 0.296358 0.169972
v 0.000000 0.263761 0.217098
v -0.010879 0.263735 0.210579
v 0.000000 0.296400 0.212885
v 0.000000 0.263753 0.210576
v -0.008408 0.296390 0.212887
v -0.041388 0.045164 -0.006155
v -0.050794 0.180418 0.157197
v -0.047889 0.184519 0.202885
v -0.050647 0.185598 0.205449
v 0.000000 -0.285038 0.233795
v -0.050461 -0.296352 0.332208
v -0.046877 0.180405 0.157155
v 0.000000 0.024579 0.259104
v 0.000000 -0.224086 0.198369
v 0.000000 -0.036074 0.115532
v 0.000000 0.185589 0.205531
v 0.000000 0.184065 0.201923
v 0.000000 -0.168524 0.407243
v 0.000000 -0.255310 0.213294
v 0.000000 0.119757 0.049700
v -0.046229 -0.270237 0.354041
v 0.000000 0.184065 0.201923
v -0.047566 0.028425 0.268985
v 0.000000 0.027758 0.267995
v 0.000000 -0.164727 0.421279
v -0.047470 -0.270126 0.402500
v 0.000000 -0.293699 0.378574
v 0.000000 -0.269688 0.401660
v -0.047007 -0.164567 0.422379
v 0.000000 -0.292496 0.332778
v -0.047900 -0.294455 0.378618
v -0.048402 -0.293030 0.332467
v -0.046229 -0.270237 0.354041
v -0.047900 -0.294455 0.378618
v -0.045720 -0.168583 0.371495
v -0.047889 0.184519 0.202885
v -0.046676 0.024580 0.222978
v 0.000000 -0.269688 0.401660
v 0.000000 -0.293699 0.378574
v 0.000000 -0.292496 0.332778
v -0.045720 -0.168583 0.371495
v -0.098187 0.095866 0.133133
v -0.089300 0.200219 0.133133
v -0.087198 0.199915 0.135270
v -0.095966 0.096764 0.135270
v -0.071002 0.108684 0.135270
v -0.071002 0.108684 0.243396
v -0.083410 0.086096 0.213795
v -0.083410 0.086096 0.243396
v -0.078352 0.223244 0.213795
v -0.060648 0.212328 0.243396
v -0.079304 0.223351 0.243396
v -0.071002 0.108684 0.243396
v -0.087199 0.206052 0.243396
v -0.060648 0.212328 0.243396
v -0.060648 0.212328 0.135270
v -0.060648 0.212328 0.164871
v -0.089300 0.206750 0.245533
v -0.098187 0.095866 0.245533
v -0.076789 0.223060 0.135270
v -0.077587 0.223153 0.164871
v -0.060648 0.212328 0.213795
v -0.095966 0.096764 0.135270
v -0.089300 0.200219 0.133133
v -0.098187 0.095866 0.133133
v -0.083410 0.086096 0.135270
v -0.089300 0.202705 0.167008
v -0.095968 0.096765 0.164871
v -0.098187 0.095866 0.167008
v -0.083410 0.086096 0.164871
v -0.083410 0.086096 0.213795
v -0.082824 0.082814 0.245533
v -0.083410 0.086096 0.243396
v -0.077587 0.223153 0.164871
v -0.087200 0.202092 0.164871
v -0.089300 0.206750 0.245533
v -0.079304 0.223351 0.243396
v -0.087199 0.206052 0.243396
v -0.076789 0.223060 0.135270
v -0.087198 0.199915 0.135270
v -0.078352 0.223244 0.213795
v -0.089300 0.204310 0.211658
v -0.087199 0.203859 0.213795
v -0.095971 0.096768 0.243396
v -0.098187 0.095866 0.245533
v -0.079222 0.226310 0.211658
v -0.095969 0.096767 0.213795
v -0.098187 0.095866 0.211658
v -0.082824 0.082814 0.133133
v -0.082824 0.082814 0.167008
v -0.077647 0.226197 0.133132
v -0.082824 0.082814 0.245533
v 0.000000 0.058503 -0.153037
v -0.082635 0.096614 -0.196999
v -0.064480 0.058474 -0.365314
v -0.064480 0.058474 -0.153033
v 0.000000 0.096551 -0.365305
v -0.082635 0.096614 -0.365314
v 0.000000 0.058419 -0.365306
v 0.000000 0.095791 -0.382574
v -0.082635 0.096614 -0.365314
v -0.089903 0.095908 -0.381469
v -0.079222 0.226310 0.211658
v -0.077647 0.226197 0.133132
v -0.080335 0.226392 0.245533
v -0.083410 0.086096 0.213795
v -0.060648 0.212328 0.213795
v -0.078352 0.223244 0.213795
v -0.077587 0.223153 0.164871
v -0.060648 0.212328 0.164871
v -0.083410 0.086096 0.164871
v 0.000000 -0.074761 -0.130109
v -0.098187 0.095866 0.167008
v 0.000000 0.036663 -0.070356
v -0.040876 0.067921 -0.165679
v -0.040876 -0.029244 -0.165679
v -0.040876 0.067921 -0.204290
v -0.040876 -0.029244 -0.204290
v -0.040876 0.067921 -0.242901
v -0.040876 -0.029244 -0.242901
v -0.040876 0.067921 -0.281512
v -0.040876 -0.029244 -0.281512
v -0.040876 0.067921 -0.320123
v -0.040876 -0.029244 -0.320123
v -0.071002 0.108684 0.135270
v 0.000000 0.013912 -0.345405
v 0.000000 0.067921 -0.320123
v 0.000000 -0.029244 -0.320123
v 0.000000 -0.029244 -0.296851
v 0.000000 0.067921 -0.281512
v 0.000000 -0.074718 -0.023174
v 0.000000 -0.109843 0.005042
v 0.000000 -0.029244 -0.281512
v 0.000000 -0.029244 -0.258240
v 0.000000 0.067921 -0.242901
v 0.000000 -0.029244 -0.242901
v 0.000000 -0.029244 -0.219629
v 0.000000 0.067921 -0.204290
v 0.000000 -0.029244 -0.204290
v 0.000000 -0.029244 -0.181018
v 0.000000 0.067921 -0.165679
v 0.000000 -0.029244 -0.165679
v 0.000000 -0.029244 -0.142407
v -0.069666 0.247398 -0.431962
v -0.032191 0.262921 -0.431962
v -0.085189 0.209923 -0.431962
v 0.000000 0.262744 -0.431935
v 0.000000 0.095724 -0.431940
v 0.000000 0.013913 -0.385469
v -0.089300 0.189556 -0.064587
v -0.062475 0.180922 -0.449999
v 0.000000 0.242759 -0.450000
v 0.000000 -0.092514 0.148753
v -0.052507 0.119757 0.049654
v 0.000000 -0.292496 0.332778
v -0.018385 0.080201 0.054923
v 0.000000 0.080201 0.054923
v 0.000000 0.066714 0.090845
v -0.018385 0.066714 0.090845
v -0.018385 0.066714 0.090845
v -0.017627 0.003885 0.070496
v 0.000000 -0.010066 0.054360
v 0.000000 -0.010066 0.054360
v 0.000000 -0.008446 0.052407
v 0.000000 -0.003054 0.051344
v -0.017627 -0.010066 0.054360
v -0.009798 0.051444 0.441913
v 0.000000 0.216264 0.330367
v 0.000000 0.272361 0.426754
v 0.000000 0.122912 0.367786
v 0.000000 0.213081 0.309323
v 0.000000 -0.296400 0.332449
v 0.000000 -0.270223 0.390042
v 0.000000 0.180410 0.193271
v 0.000000 -0.293699 0.378574
v -0.048402 -0.293030 0.332467
v -0.046877 0.180405 0.157155
v 0.000000 -0.296400 0.332449
v 0.000000 0.027758 0.267995
v 0.000000 0.184065 0.201923
v 0.000000 -0.164727 0.421279
v -0.098187 0.095866 -0.023131
v -0.083410 0.086096 0.135270
v -0.060648 0.212328 0.135270
v -0.076789 0.223060 0.135270
v -0.071002 0.108684 0.213795
v -0.083410 0.086096 0.243396
v -0.095971 0.096768 0.243396
v -0.079304 0.223351 0.243396
v -0.082824 0.082814 0.211658
v -0.078574 0.226262 0.167008
v -0.080335 0.226392 0.245533
v -0.082824 0.082814 0.167008
v -0.082824 0.082814 0.133133
v -0.082824 0.082814 0.211658
v 0.000000 0.095791 -0.382574
v -0.098187 0.095865 -0.182371
v 0.000000 -0.062049 -0.378306
v -0.004981 -0.062049 -0.378306
v 0.000000 -0.041043 -0.378306
v -0.004981 -0.020036 -0.378306
v 0.000000 -0.020036 -0.378306
v -0.016814 -0.056447 -0.378306
v -0.021715 -0.042921 -0.378306
v -0.021715 -0.039164 -0.378306
v -0.016814 -0.025639 -0.378306
v -0.005988 0.221963 -0.439746
v 0.000000 0.221964 -0.439747
v 0.000000 0.174849 -0.439746
v -0.032527 0.209398 -0.439746
v -0.043520 0.179063 -0.439746
v -0.043520 0.170635 -0.439746
v -0.032527 0.140300 -0.439746
v 0.000000 0.127735 -0.439746
v -0.005988 0.127735 -0.439746
v -0.085189 0.152894 -0.431962
v -0.065030 0.095859 -0.427648
v -0.085189 0.117349 -0.431962
v -0.064177 0.095852 -0.431960
v -0.089903 0.095908 -0.381469
v -0.093729 0.100126 -0.279618
v -0.097556 0.103981 -0.376869
v 0.032191 0.262921 0.063803
v 0.025780 0.254138 0.063803
v 0.016654 0.259285 -0.393158
v 0.032191 0.262921 0.249792
v 0.098187 0.095865 -0.182371
v 0.082635 0.096614 -0.196999
v 0.082635 0.096614 -0.365314
v 0.078574 0.226262 0.167008
v 0.070870 0.247445 0.059098
v 0.070870 0.247445 0.249792
v 0.087199 0.203859 0.213795
v 0.071002 0.108684 0.213795
v 0.095969 0.096767 0.213795
v 0.095968 0.096765 0.164871
v 0.071002 0.108684 0.164871
v 0.087200 0.202092 0.164871
v 0.056509 0.025200 -0.023131
v 0.056509 -0.056776 -0.130072
v 0.056509 0.050497 -0.130072
v 0.032191 0.262921 -0.264907
v 0.089300 0.210083 0.290301
v 0.056509 -0.056650 -0.023131
v 0.045159 -0.054816 0.018657
v 0.041315 -0.074935 -0.130082
v 0.041310 -0.074924 -0.023143
v 0.089300 0.202705 0.167008
v 0.089300 0.204310 0.211658
v 0.098187 0.095866 0.211658
v 0.078326 -0.034093 -0.345405
v 0.078326 -0.034093 -0.070356
v 0.078326 -0.047992 -0.070356
v 0.016425 -0.118748 -0.070356
v 0.060195 0.015939 -0.345405
v 0.060195 0.015939 -0.070356
v 0.016425 0.036663 -0.345405
v 0.016425 -0.118749 -0.345405
v 0.060195 -0.098025 -0.345405
v 0.060195 -0.098024 -0.070356
v 0.078326 -0.047992 -0.345405
v 0.055880 -0.045958 -0.345405
v 0.055880 -0.036128 -0.345405
v 0.043058 -0.000744 -0.345405
v 0.012102 -0.095998 -0.345405
v 0.043058 -0.081342 -0.345405
v 0.043058 -0.000744 -0.345405
v 0.055880 -0.036128 -0.345405
v 0.055880 -0.036128 -0.385468
v 0.043058 -0.081342 -0.345405
v 0.012102 -0.095998 -0.345405
v 0.012102 -0.095998 -0.385468
v 0.012102 0.013912 -0.345405
v 0.043058 -0.000744 -0.385468
v 0.043058 -0.081342 -0.385468
v 0.055880 -0.045958 -0.385468
v 0.055880 -0.045958 -0.345405
v 0.040876 0.067921 -0.142407
v 0.040876 -0.029244 -0.142407
v 0.040876 -0.029244 -0.165679
v 0.040876 -0.029244 -0.142407
v 0.040876 0.067921 -0.181018
v 0.040876 -0.029244 -0.181018
v 0.040876 -0.029244 -0.204290
v 0.040876 -0.029244 -0.181018
v 0.040876 0.067921 -0.219629
v 0.040876 -0.029244 -0.219629
v 0.040876 -0.029244 -0.242901
v 0.040876 -0.029244 -0.219629
v 0.040876 0.067921 -0.258240
v 0.040876 -0.029244 -0.258240
v 0.040876 -0.029244 -0.281512
v 0.040876 -0.029244 -0.258240
v 0.040876 0.067921 -0.296851
v 0.040876 -0.029244 -0.296851
v 0.040876 -0.029244 -0.320123
v 0.040876 -0.029244 -0.296851
v 0.016425 0.036663 -0.070356
v 0.032191 0.262921 -0.431962
v 0.070870 0.247445 -0.275808
v 0.069666 0.247398 -0.431962
v 0.089300 0.210083 -0.302127
v 0.032191 0.262921 -0.127830
v 0.070870 0.247445 -0.135280
v 0.089300 0.189556 -0.173457
v 0.071002 0.108684 0.164871
v 0.083410 0.086096 0.164871
v 0.083410 0.086096 0.135270
v 0.025780 0.254138 -0.127829
v 0.064460 0.238662 -0.135279
v 0.089300 0.192024 0.047739
v 0.082889 0.201300 0.047739
v 0.012102 0.013912 -0.345405
v 0.040876 0.067921 -0.296851
v 0.040876 0.067921 -0.320123
v 0.040876 0.067921 -0.320123
v 0.040876 -0.029244 -0.320123
v 0.040876 -0.029244 -0.296851
v 0.040876 0.067921 -0.296851
v 0.040876 0.067921 -0.258240
v 0.040876 0.067921 -0.281512
v 0.041310 -0.074924 -0.023143
v 0.029957 -0.109954 0.005032
v 0.040876 0.067921 -0.281512
v 0.040876 -0.029244 -0.281512
v 0.040876 -0.029244 -0.258240
v 0.040876 0.067921 -0.258240
v 0.040876 0.067921 -0.219629
v 0.040876 0.067921 -0.242901
v 0.040876 0.067921 -0.242901
v 0.040876 -0.029244 -0.242901
v 0.040876 -0.029244 -0.219629
v 0.040876 0.067921 -0.219629
v 0.040876 0.067921 -0.181018
v 0.040876 0.067921 -0.204290
v 0.040876 0.067921 -0.204290
v 0.040876 -0.029244 -0.204290
v 0.040876 -0.029244 -0.181018
v 0.040876 0.067921 -0.181018
v 0.040876 0.067921 -0.142407
v 0.040876 0.067921 -0.165679
v 0.040876 0.067921 -0.165679
v 0.040876 -0.029244 -0.165679
v 0.040876 -0.029244 -0.142407
v 0.040876 0.067921 -0.142407
v 0.012102 0.013912 -0.385468
v 0.064460 0.238662 0.059098
v 0.082889 0.201300 -0.056076
v 0.082889 0.201300 -0.153265
v 0.046630 0.224647 -0.400492
v 0.062475 0.180922 -0.400492
v 0.062475 0.180922 -0.449999
v 0.046630 0.125050 -0.400492
v 0.008377 0.106939 -0.400492
v 0.008377 0.106939 -0.449999
v 0.008377 0.242759 -0.400492
v 0.046630 0.224647 -0.449999
v 0.062475 0.168775 -0.400492
v 0.046630 0.125050 -0.449999
v 0.062475 0.180922 -0.400492
v 0.062475 0.168775 -0.449999
v 0.008377 0.242759 -0.449999
v 0.047038 -0.063211 0.066112
v 0.047038 -0.109758 0.054616
v 0.030039 -0.037540 0.022922
v 0.038805 0.030470 -0.012648
v 0.031848 -0.124574 0.050948
v 0.031838 -0.092638 0.148761
v 0.031908 -0.012035 0.156163
v 0.029957 -0.109954 0.005032
v 0.047023 -0.028183 0.154684
v 0.047023 -0.078512 0.150066
v 0.014750 0.107666 0.384291
v 0.098187 0.095866 0.249792
v 0.050593 0.024592 0.223020
v 0.052307 -0.036069 0.115478
v 0.052507 0.119757 0.049654
v 0.052307 -0.036069 0.115478
v 0.000000 -0.036074 0.115532
v 0.000000 0.119757 0.049700
v 0.050461 -0.296352 0.332208
v 0.048402 -0.293030 0.332467
v 0.052025 -0.224144 0.198706
v 0.000000 -0.224086 0.198369
v 0.049637 -0.168571 0.371537
v 0.052025 -0.224144 0.198706
v 0.046676 0.024580 0.222978
v 0.050146 -0.270224 0.354083
v 0.051970 -0.255321 0.213369
v 0.051970 -0.255321 0.213369
v 0.051850 -0.284999 0.233584
v 0.051850 -0.284999 0.233584
v 0.018385 0.066714 0.090845
v 0.018385 0.030792 0.077358
v 0.018385 0.044279 0.041436
v 0.018385 0.080201 0.054923
v 0.018385 0.044279 0.041436
v 0.000000 0.044279 0.041436
v 0.000000 0.066714 0.090845
v 0.018385 0.030792 0.077358
v 0.000000 0.023214 0.076316
v 0.017627 0.023214 0.076316
v 0.018385 0.080201 0.054923
v 0.000000 0.080201 0.054923
v 0.000000 0.066714 0.090845
v 0.017627 0.025622 0.054825
v 0.017627 0.023214 0.076316
v 0.017627 0.025622 0.054825
v 0.017627 0.003885 0.070496
v 0.017627 0.006293 0.056313
v 0.000000 0.003885 0.070496
v 0.000000 0.025622 0.054825
v 0.017627 0.006293 0.056313
v 0.000000 0.006293 0.056313
v 0.017627 -0.003054 0.051344
v 0.000000 -0.008446 0.052407
v 0.017627 -0.008446 0.052407
v 0.017627 -0.010066 0.054360
v 0.017627 0.003885 0.070496
v 0.000000 0.003885 0.070496
v 0.000000 -0.009598 0.059345
v 0.000000 -0.010066 0.054360
v 0.017627 -0.010066 0.054360
v 0.017627 -0.009598 0.059345
v 0.017627 -0.003054 0.051344
v 0.017627 -0.009598 0.059345
v 0.017627 -0.008446 0.052407
v 0.055713 0.050288 -0.008071
v 0.056509 0.050497 -0.038213
v 0.066713 0.061604 -0.023131
v 0.056509 -0.056776 -0.130072
v 0.045159 -0.095263 0.008669
v 0.041310 -0.074924 -0.023143
v 0.031922 -0.045994 0.070361
v 0.011514 0.066876 0.448820
v 0.051510 0.218911 0.303517
v 0.012883 0.056626 0.444232
v 0.039521 0.046028 0.298247
v 0.017806 0.188776 0.404514
v 0.017806 0.163131 0.366593
v 0.017806 0.216264 0.330367
v 0.017806 0.216264 0.330367
v 0.020721 0.221973 0.323037
v 0.000000 0.221973 0.323037
v 0.000000 0.272361 0.426754
v 0.006078 0.272361 0.426754
v 0.000000 0.163131 0.366593
v 0.000000 0.216264 0.330367
v 0.037291 0.165157 0.350602
v 0.000000 0.236712 0.428269
v 0.006078 0.236712 0.428269
v 0.017806 0.246357 0.390763
v 0.000000 0.188776 0.404514
v 0.017806 0.163131 0.366593
v 0.020357 0.148289 0.376626
v 0.000000 0.163131 0.366593
v 0.000000 0.148289 0.376626
v 0.000000 0.122912 0.367786
v 0.020721 0.213081 0.309323
v 0.020721 0.122912 0.367786
v 0.016654 0.259285 -0.340000
v 0.006856 0.263735 -0.387461
v 0.016647 0.263738 -0.340004
v 0.016647 0.263738 -0.393162
v 0.004386 0.296390 -0.366432
v 0.010879 0.263735 -0.345705
v 0.008408 0.296390 -0.344411
v 0.016654 0.259285 0.122297
v 0.007681 0.263735 0.132458
v 0.016654 0.259285 0.217110
v 0.016647 0.263738 0.217102
v 0.016647 0.263738 0.122290
v 0.005210 0.296390 0.169965
v 0.010879 0.263735 0.210579
v 0.008408 0.296390 0.212887
v 0.041388 0.045164 -0.006155
v 0.050794 0.180418 0.157197
v 0.050647 0.185598 0.205449
v 0.047889 0.184519 0.202885
v 0.050461 -0.296352 0.332208
v 0.046877 0.180405 0.157155
v 0.046229 -0.270237 0.354041
v 0.000000 0.027758 0.267995
v 0.047566 0.028425 0.268985
v 0.000000 -0.164727 0.421279
v 0.047470 -0.270126 0.402500
v 0.000000 -0.269688 0.401660
v 0.000000 -0.293699 0.378574
v 0.047007 -0.164567 0.422379
v 0.000000 -0.292496 0.332778
v 0.048402 -0.293030 0.332467
v 0.047900 -0.294455 0.378618
v 0.046229 -0.270237 0.354041
v 0.047900 -0.294455 0.378618
v 0.045720 -0.168583 0.371495
v 0.047889 0.184519 0.202885
v 0.046676 0.024580 0.222978
v 0.045720 -0.168583 0.371495
v 0.089300 0.200219 0.133133
v 0.098187 0.095866 0.133133
v 0.087198 0.199915 0.135270
v 0.071002 0.108684 0.135270
v 0.095966 0.096764 0.135270
v 0.071002 0.108684 0.243396
v 0.083410 0.086096 0.243396
v 0.083410 0.086096 0.213795
v 0.078352 0.223244 0.213795
v 0.079304 0.223351 0.243396
v 0.060648 0.212328 0.243396
v 0.071002 0.108684 0.243396
v 0.060648 0.212328 0.243396
v 0.087199 0.206052 0.243396
v 0.060648 0.212328 0.135270
v 0.060648 0.212328 0.164871
v 0.098187 0.095866 0.245533
v 0.089300 0.206750 0.245533
v 0.076789 0.223060 0.135270
v 0.077587 0.223153 0.164871
v 0.060648 0.212328 0.213795
v 0.095966 0.096764 0.135270
v 0.098187 0.095866 0.133133
v 0.089300 0.200219 0.133133
v 0.083410 0.086096 0.135270
v 0.089300 0.202705 0.167008
v 0.098187 0.095866 0.167008
v 0.095968 0.096765 0.164871
v 0.083410 0.086096 0.164871
v 0.083410 0.086096 0.213795
v 0.083410 0.086096 0.243396
v 0.082824 0.082814 0.245533
v 0.087200 0.202092 0.164871
v 0.077587 0.223153 0.164871
v 0.089300 0.206750 0.245533
v 0.087199 0.206052 0.243396
v 0.079304 0.223351 0.243396
v 0.076789 0.223060 0.135270
v 0.087198 0.199915 0.135270
v 0.078352 0.223244 0.213795
v 0.087199 0.203859 0.213795
v 0.089300 0.204310 0.211658
v 0.098187 0.095866 0.245533
v 0.095971 0.096768 0.243396
v 0.079222 0.226310 0.211658
v 0.095969 0.096767 0.213795
v 0.098187 0.095866 0.211658
v 0.082824 0.082814 0.167008
v 0.082824 0.082814 0.133133
v 0.077647 0.226197 0.133132
v 0.082824 0.082814 0.245533
v 0.082635 0.096614 -0.196999
v 0.064480 0.058474 -0.153033
v 0.064480 0.058474 -0.365314
v 0.082635 0.096614 -0.365314
v 0.089903 0.095908 -0.381469
v 0.082635 0.096614 -0.365314
v 0.079222 0.226310 0.211658
v 0.077647 0.226197 0.133132
v 0.080335 0.226392 0.245533
v 0.083410 0.086096 0.213795
v 0.060648 0.212328 0.213795
v 0.078352 0.223244 0.213795
v 0.077587 0.223153 0.164871
v 0.060648 0.212328 0.164871
v 0.083410 0.086096 0.164871
v 0.098187 0.095866 0.167008
v 0.040876 0.067921 -0.165679
v 0.040876 -0.029244 -0.165679
v 0.040876 0.067921 -0.204290
v 0.040876 -0.029244 -0.204290
v 0.040876 0.067921 -0.242901
v 0.040876 -0.029244 -0.242901
v 0.040876 0.067921 -0.281512
v 0.040876 -0.029244 -0.281512
v 0.040876 0.067921 -0.320123
v 0.040876 -0.029244 -0.320123
v 0.071002 0.108684 0.135270
v 0.041315 -0.074935 -0.130082
v 0.069666 0.247398 -0.431962
v 0.085189 0.209923 -0.431962
v 0.032191 0.262921 -0.431962
v 0.089300 0.189556 -0.064587
v 0.062475 0.180922 -0.449999
v 0.052507 0.119757 0.049654
v 0.000000 -0.292496 0.332778
v 0.018385 0.080201 0.054923
v 0.000000 0.080201 0.054923
v 0.018385 0.066714 0.090845
v 0.018385 0.066714 0.090845
v 0.017627 0.003885 0.070496
v 0.000000 -0.010066 0.054360
v 0.017627 -0.010066 0.054360
v 0.009798 0.051444 0.441913
v 0.000000 0.216264 0.330367
v 0.000000 0.213081 0.309323
v 0.000000 -0.293699 0.378574
v 0.048402 -0.293030 0.332467
v 0.046877 0.180405 0.157155
v 0.098187 0.095866 -0.023131
v 0.083410 0.086096 0.135270
v 0.060648 0.212328 0.135270
v 0.076789 0.223060 0.135270
v 0.071002 0.108684 0.213795
v 0.095971 0.096768 0.243396
v 0.083410 0.086096 0.243396
v 0.079304 0.223351 0.243396
v 0.082824 0.082814 0.211658
v 0.078574 0.226262 0.167008
v 0.080335 0.226392 0.245533
v 0.082824 0.082814 0.167008
v 0.082824 0.082814 0.133133
v 0.082824 0.082814 0.211658
v 0.098187 0.095865 -0.182371
v 0.004981 -0.062049 -0.378306
v 0.004981 -0.020036 -0.378306
v 0.016814 -0.056447 -0.378306
v 0.021715 -0.042921 -0.378306
v 0.021715 -0.039164 -0.378306
v 0.016814 -0.025639 -0.378306
v 0.005988 0.221963 -0.439746
v 0.032527 0.209398 -0.439746
v 0.043520 0.179063 -0.439746
v 0.043520 0.170635 -0.439746
v 0.032527 0.140300 -0.439746
v 0.005988 0.127735 -0.439746
v 0.085189 0.152894 -0.431962
v 0.065030 0.095859 -0.427648
v 0.064177 0.095852 -0.431960
v 0.085189 0.117349 -0.431962
v 0.089903 0.095908 -0.381469
v 0.097556 0.103981 -0.376869
v 0.093729 0.100126 -0.279618
v -0.091688 0.152894 -0.407274
v -0.087245 0.210003 -0.367045
v -0.098187 0.095865 -0.182371
v -0.098187 0.095866 -0.102751
v -0.093744 0.142711 -0.123479
v -0.093744 0.142711 -0.177914
v -0.098187 0.095866 -0.023131
v -0.077348 0.073181 -0.076601
v -0.077348 0.073181 -0.030672
v 0.000000 -0.095998 -0.385469
v -0.012102 -0.095998 -0.385468
v -0.004981 -0.062049 -0.385468
v 0.000000 -0.062049 -0.385469
v -0.091688 0.117352 -0.407274
v -0.091688 0.152894 -0.407274
v -0.085189 0.152894 -0.431962
v -0.085189 0.117349 -0.431962
v -0.097556 0.103981 -0.376869
v -0.093744 0.152974 -0.342357
v -0.091688 0.152894 -0.407274
v -0.091688 0.117352 -0.407274
v -0.089300 0.189556 -0.119022
v -0.032527 0.140300 -0.449999
v -0.005988 0.127735 -0.449999
v -0.093729 0.100126 -0.279618
v -0.093744 0.152974 -0.242249
v -0.077348 0.073181 -0.156221
v -0.056509 0.050497 -0.084142
v -0.043058 -0.081342 -0.385468
v -0.055880 -0.045958 -0.385468
v -0.021715 -0.042921 -0.385468
v -0.016814 -0.056447 -0.385468
v -0.043058 -0.000744 -0.385468
v -0.012102 0.013912 -0.385468
v -0.004981 -0.020036 -0.385468
v -0.016814 -0.025639 -0.385468
v -0.065030 0.095859 -0.427648
v -0.089903 0.095908 -0.381469
v -0.070950 0.095859 -0.405162
v -0.077348 0.073181 -0.030672
v -0.089300 0.199819 -0.237792
v 0.000000 0.221964 -0.450000
v -0.005988 0.221963 -0.449999
v 0.000000 0.013913 -0.385469
v 0.000000 -0.020036 -0.385469
v -0.055880 -0.036128 -0.385468
v -0.021715 -0.039164 -0.385468
v -0.055880 -0.036128 -0.385468
v -0.021715 -0.039164 -0.385468
v 0.000000 0.127735 -0.449999
v -0.032527 0.209398 -0.449999
v -0.043520 0.179063 -0.449999
v -0.043520 0.179063 -0.449999
v -0.043520 0.170635 -0.449999
v 0.000000 -0.062049 -0.385469
v -0.004981 -0.062049 -0.385468
v -0.016814 -0.056447 -0.385468
v -0.021715 -0.042921 -0.385468
v -0.004981 -0.020036 -0.385468
v 0.000000 -0.020036 -0.385469
v -0.021715 -0.039164 -0.385468
v -0.016814 -0.025639 -0.385468
v -0.077348 0.073181 -0.156221
v -0.093729 0.100126 -0.279618
v -0.098187 0.095866 -0.102751
v -0.093744 0.142711 -0.043859
v -0.093744 0.142711 -0.123479
v -0.093744 0.152974 -0.342357
v -0.093744 0.142711 -0.177914
v -0.056509 0.050497 -0.130072
v -0.056509 0.050497 -0.084142
v -0.056509 0.050497 -0.038213
v -0.064177 0.095852 -0.431960
v -0.085189 0.117349 -0.431962
v -0.093744 0.152974 -0.242249
v -0.098187 0.095865 -0.182371
v -0.093729 0.100126 -0.279618
v -0.089903 0.095908 -0.381469
v -0.032527 0.140300 -0.449999
v -0.043520 0.170635 -0.449999
v -0.005988 0.127735 -0.449999
v -0.005988 0.221963 -0.449999
v 0.000000 0.221964 -0.450000
v -0.043520 0.179063 -0.449999
v -0.032527 0.209398 -0.449999
v 0.000000 0.127735 -0.449999
v -0.070950 0.095859 -0.405162
v -0.065030 0.095859 -0.427648
v -0.064177 0.095852 -0.431960
v 0.000000 0.095724 -0.431940
v 0.087245 0.210003 -0.367045
v 0.091688 0.152894 -0.407274
v 0.098187 0.095865 -0.182371
v 0.093744 0.142711 -0.177914
v 0.093744 0.142711 -0.123479
v 0.098187 0.095866 -0.102751
v 0.098187 0.095866 -0.023131
v 0.077348 0.073181 -0.030672
v 0.077348 0.073181 -0.076601
v 0.004981 -0.062049 -0.385468
v 0.012102 -0.095998 -0.385468
v 0.091688 0.117352 -0.407274
v 0.085189 0.117349 -0.431962
v 0.085189 0.152894 -0.431962
v 0.091688 0.152894 -0.407274
v 0.097556 0.103981 -0.376869
v 0.091688 0.117352 -0.407274
v 0.091688 0.152894 -0.407274
v 0.093744 0.152974 -0.342357
v 0.089300 0.189556 -0.119022
v 0.005988 0.127735 -0.449999
v 0.032527 0.140300 -0.449999
v 0.093744 0.152974 -0.242249
v 0.093729 0.100126 -0.279618
v 0.077348 0.073181 -0.156221
v 0.056509 0.050497 -0.084142
v 0.043058 -0.081342 -0.385468
v 0.016814 -0.056447 -0.385468
v 0.021715 -0.042921 -0.385468
v 0.055880 -0.045958 -0.385468
v 0.043058 -0.000744 -0.385468
v 0.016814 -0.025639 -0.385468
v 0.004981 -0.020036 -0.385468
v 0.012102 0.013912 -0.385468
v 0.065030 0.095859 -0.427648
v 0.070950 0.095859 -0.405162
v 0.089903 0.095908 -0.381469
v 0.077348 0.073181 -0.030672
v 0.089300 0.199819 -0.237792
v 0.005988 0.221963 -0.449999
v 0.055880 -0.036128 -0.385468
v 0.021715 -0.039164 -0.385468
v 0.021715 -0.039164 -0.385468
v 0.055880 -0.036128 -0.385468
v 0.032527 0.209398 -0.449999
v 0.043520 0.179063 -0.449999
v 0.043520 0.170635 -0.449999
v 0.043520 0.179063 -0.449999
v 0.004981 -0.062049 -0.385468
v 0.016814 -0.056447 -0.385468
v 0.021715 -0.042921 -0.385468
v 0.004981 -0.020036 -0.385468
v 0.021715 -0.039164 -0.385468
v 0.016814 -0.025639 -0.385468
v 0.077348 0.073181 -0.156221
v 0.093729 0.100126 -0.279618
v 0.098187 0.095866 -0.102751
v 0.093744 0.142711 -0.123479
v 0.093744 0.142711 -0.043859
v 0.093744 0.152974 -0.342357
v 0.093744 0.142711 -0.177914
v 0.056509 0.050497 -0.130072
v 0.056509 0.050497 -0.084142
v 0.056509 0.050497 -0.038213
v 0.085189 0.117349 -0.431962
v 0.064177 0.095852 -0.431960
v 0.093744 0.152974 -0.242249
v 0.098187 0.095865 -0.182371
v 0.089903 0.095908 -0.381469
v 0.093729 0.100126 -0.279618
v 0.032527 0.140300 -0.449999
v 0.043520 0.170635 -0.449999
v 0.005988 0.127735 -0.449999
v 0.005988 0.221963 -0.449999
v 0.043520 0.179063 -0.449999
v 0.032527 0.209398 -0.449999
v 0.070950 0.095859 -0.405162
v 0.065030 0.095859 -0.427648
v 0.064177 0.095852 -0.431960
vn -0.0000 0.7081 -0.7061
vn -0.0928 0.6487 -0.7554
vn -0.1084 0.7593 -0.6416
vn -0.0000 0.7375 -0.6754
vn -0.1900 0.9399 -0.2838
vn -0.0000 0.7391 -0.6736
vn -0.2604 0.9526 0.1575
vn -0.0000 0.8731 0.4875
vn -0.8705 -0.4688 -0.1497
vn -0.4347 -0.8811 -0.1863
vn -0.5080 -0.8526 -0.1223
vn -0.9549 0.2741 -0.1137
vn -0.6271 0.7492 0.2132
vn -0.5219 0.5946 -0.6116
vn -0.4025 0.1065 0.9092
vn -0.4084 -0.1700 0.8968
vn -0.7135 0.2215 0.6647
vn -0.4085 -0.1698 -0.8968
vn -0.3987 0.1031 -0.9113
vn -0.7135 0.2214 -0.6647
vn -0.9270 0.0015 0.3751
vn -0.6463 -0.6526 -0.3956
vn -0.7242 -0.2628 -0.6376
vn -0.1826 0.9831 -0.0109
vn -0.0000 0.7083 0.7060
vn -0.0000 0.9997 -0.0247
vn -0.8162 0.3790 0.4362
vn -0.9652 -0.2566 0.0504
vn -0.9462 0.2077 0.2483
vn -0.3299 -0.7096 -0.6226
vn -0.0000 -0.9021 -0.4315
vn -0.4771 -0.8039 -0.3551
vn -0.8964 0.2322 -0.3776
vn -0.8588 -0.3546 0.3698
vn -0.9005 0.2360 0.3653
vn -0.7310 0.1284 -0.6702
vn -0.7310 -0.1284 0.6702
vn -0.7310 0.1284 0.6702
vn -0.0000 -0.7071 0.7071
vn -0.1646 -0.7322 0.6609
vn -0.5741 0.5222 -0.6306
vn -0.5741 0.5222 0.6306
vn -0.1646 0.7322 -0.6609
vn -0.5741 -0.5222 -0.6306
vn -0.1646 -0.7322 -0.6609
vn -0.5741 -0.5222 0.6306
vn -0.7310 -0.1284 -0.6702
vn -0.6535 -0.1147 -0.7482
vn -0.4403 0.4006 -0.8036
vn -0.6535 0.1148 -0.7482
vn -0.4403 -0.4005 -0.8036
vn -0.1426 -0.6342 -0.7599
vn -0.0000 -0.7071 -0.7071
vn -0.4403 0.4004 -0.8036
vn -0.7310 0.1283 -0.6702
vn -0.6535 0.1147 -0.7482
vn -0.1425 -0.6341 -0.7600
vn -0.0000 -0.7071 -0.7072
vn -0.1423 0.6342 -0.7600
vn -0.5741 0.5223 -0.6306
vn -0.5741 -0.5222 -0.6307
vn -0.5773 0.5774 0.5773
vn -0.5774 -0.5774 -0.5773
vn -0.5774 -0.5773 0.5774
vn -0.5774 -0.5774 0.5773
vn -0.1646 0.7322 0.6609
vn -0.0000 0.7071 -0.7071
vn -0.1240 0.7467 -0.6535
vn -0.6960 0.7178 0.0164
vn -0.5412 0.5502 -0.6359
vn -0.9632 0.2689 0.0051
vn -0.6544 0.4428 0.6129
vn -0.2025 0.6847 0.7002
vn -0.9776 0.2093 0.0226
vn -0.7135 0.2214 -0.6648
vn -0.8259 -0.1553 0.5421
vn -0.8259 -0.1553 -0.5421
vn -0.6447 0.2870 0.7085
vn -0.1801 0.6468 0.7411
vn -0.7592 0.4777 -0.4420
vn -0.9583 0.2815 -0.0488
vn -0.1425 0.6342 -0.7599
vn -0.0000 0.7071 0.7071
vn -0.5774 0.5774 -0.5773
vn -0.5773 0.5774 0.5774
vn -0.0000 0.7072 -0.7071
vn -0.5774 -0.5773 -0.5773
vn -0.5773 0.5774 -0.5774
vn -0.5773 -0.5774 0.5773
vn -0.0000 0.7072 0.7071
vn -0.5774 0.5773 0.5774
vn -0.3251 -0.7989 -0.5061
vn -0.4771 -0.8040 -0.3551
vn -0.0000 -0.7061 -0.7081
vn -0.0000 -0.5798 -0.8148
vn -0.0000 0.7071 -0.7072
vn -0.0000 0.7057 -0.7085
vn -0.0000 0.7059 0.7083
vn -0.2422 0.5551 -0.7958
vn -0.9328 0.3425 0.1118
vn -0.8856 0.4644 -0.0034
vn -0.7397 0.6729 -0.0000
vn -0.9849 0.1730 -0.0000
vn -0.7397 -0.6729 -0.0000
vn -0.2193 -0.9757 -0.0000
vn -0.0000 -1.0000 -0.0000
vn -0.2193 0.9757 -0.0000
vn -0.9849 -0.1730 -0.0000
vn -0.9849 0.1729 -0.0000
vn -0.0000 1.0000 -0.0000
vn -0.8941 -0.4478 0.0042
vn -0.9529 0.3011 -0.0365
vn -0.4099 0.6911 0.5953
vn -0.0000 0.9950 -0.1001
vn -0.0000 0.8064 0.5914
vn -0.0000 -0.9153 0.4028
vn -0.2613 -0.0443 0.9642
vn -0.0000 -0.2330 0.9725
vn -0.0000 -1.0000 0.0038
vn -0.2568 -0.6552 0.7104
vn -0.3578 -0.9337 -0.0137
vn -0.3225 0.7839 0.5305
vn -0.0000 0.8007 0.5991
vn -0.3251 -0.7988 -0.5061
vn -0.7469 0.3278 0.5785
vn -0.7023 -0.2857 0.6520
vn -0.7603 0.3979 0.5135
vn -0.9226 -0.3511 0.1598
vn -0.7286 0.3431 0.5928
vn -0.7366 -0.2640 -0.6227
vn -0.7100 -0.2799 -0.6462
vn -0.7101 -0.2798 -0.6461
vn 0.4471 -0.3481 -0.8240
vn 0.4455 -0.3547 -0.8220
vn 0.0798 -0.7703 0.6327
vn 0.1606 -0.6231 0.7655
vn -0.5546 -0.7001 0.4497
vn 0.4438 -0.3745 -0.8142
vn -0.7107 -0.2937 -0.6393
vn -0.7106 -0.2937 -0.6393
vn -0.6176 0.1894 0.7633
vn -0.6829 0.3666 0.6319
vn -0.6949 -0.3582 -0.6235
vn -0.6400 -0.3385 0.6898
vn 0.3179 -0.4731 -0.8216
vn -0.6289 -0.6674 -0.3989
vn -0.6289 -0.6673 -0.3990
vn -0.5774 0.3376 0.7434
vn -0.6165 -0.1077 -0.7800
vn -0.7411 -0.1995 0.6411
vn -0.5773 0.7435 -0.3376
vn 0.3631 -0.1223 -0.9237
vn -0.6165 -0.1077 -0.7799
vn 0.3334 0.8585 -0.3897
vn 0.4744 -0.2160 0.8534
vn 0.3633 -0.1224 -0.9236
vn 0.3333 0.3899 0.8584
vn -0.7411 -0.1995 0.6410
vn 0.4743 -0.2160 0.8535
vn -0.6756 -0.1898 0.7124
vn 0.4302 -0.1922 0.8820
vn -0.5774 0.7434 -0.3375
vn 0.3333 0.3898 0.8585
vn 0.3334 0.8584 -0.3898
vn 0.4303 -0.1923 0.8820
vn 0.5235 0.1743 -0.8340
vn 0.5204 -0.2925 -0.8023
vn -0.7599 -0.2472 -0.6013
vn -0.7598 -0.2472 -0.6013
vn -0.6755 -0.1898 0.7125
vn -0.7756 0.1290 -0.6179
vn -0.6651 -0.3526 0.6583
vn 0.4068 -0.4313 0.8053
vn 0.5204 -0.2926 -0.8022
vn -0.7756 0.1290 -0.6178
vn 0.5235 0.1742 -0.8340
vn -0.6389 0.1126 -0.7610
vn 0.3834 -0.4720 -0.7938
vn -0.6302 -0.7419 -0.2290
vn -0.6390 -0.3931 -0.6612
vn 0.4069 -0.4313 0.8052
vn 0.3761 -0.8189 0.4334
vn -0.6652 -0.3525 0.6582
vn 0.3760 -0.8190 0.4334
vn 0.3834 0.1353 -0.9136
vn 0.3760 -0.8853 -0.2734
vn -0.6302 -0.6862 0.3632
vn -0.6302 -0.7418 -0.2291
vn -0.6389 0.1127 -0.7610
vn -0.6389 -0.3931 -0.6613
vn -0.6302 -0.6863 0.3631
vn -0.6989 -0.6855 0.2040
vn -0.7339 -0.6791 0.0147
vn -0.9314 -0.3640 0.0065
vn -0.7242 -0.2628 -0.6375
vn -0.3298 -0.7096 -0.6226
vn -0.8895 -0.4090 -0.2036
vn -0.4324 0.8937 -0.1202
vn -0.5878 0.1817 0.7884
vn -0.0000 0.3158 0.9488
vn -0.3373 0.5882 0.7350
vn -0.0000 0.5863 0.8101
vn -0.6341 -0.3646 0.6819
vn -0.0000 -0.8613 0.5080
vn -0.3579 -0.9302 0.0820
vn -0.6610 -0.4674 0.5870
vn -0.5963 0.7132 0.3685
vn -0.4262 0.2552 0.8679
vn 0.3486 0.9364 0.0405
vn -0.6054 0.7938 0.0571
vn 0.6257 0.7762 0.0777
vn 0.3968 -0.6039 0.6913
vn 0.7275 -0.1301 0.6737
vn 0.4668 0.7567 -0.4578
vn -0.4805 0.7801 0.4007
vn 0.3147 0.8541 0.4140
vn 0.7276 -0.1302 0.6736
vn 0.6259 0.7761 0.0777
vn -0.0000 0.5627 0.8267
vn -0.3915 0.4176 0.8200
vn -0.5237 -0.1296 0.8420
vn 0.3978 -0.1902 0.8976
vn 0.4668 0.7567 -0.4577
vn 0.3979 -0.1901 0.8975
vn -0.7629 0.6125 -0.2069
vn 0.3966 -0.6040 0.6913
vn 0.3665 0.1203 0.9226
vn 0.4473 0.7505 -0.4865
vn 0.3488 0.9363 0.0405
vn -0.4262 0.2553 0.8678
vn -0.6126 0.1061 0.7832
vn 0.3663 0.1202 0.9227
vn 0.7276 -0.1301 0.6735
vn 0.2783 -0.3159 0.9071
vn -0.7083 0.5933 -0.3826
vn -0.5024 -0.2780 0.8187
vn -0.0000 0.7042 -0.7100
vn -0.1828 0.9364 0.2995
vn -0.1668 0.9569 -0.2378
vn -0.0000 0.8777 -0.4792
vn -0.0000 0.7241 0.6896
vn -0.5770 0.5780 0.5770
vn -0.5760 0.5780 -0.5781
vn -0.5301 0.7340 -0.4244
vn -0.0000 0.8769 -0.4806
vn -0.0000 0.7083 0.7059
vn -0.2962 0.9243 0.2407
vn -0.0000 0.6934 0.7206
vn -0.0000 0.6930 0.7209
vn -0.6053 0.5789 0.5464
vn -0.7065 -0.0000 -0.7077
vn -0.0000 0.7047 -0.7095
vn -0.0000 -0.0017 -1.0000
vn -0.1143 0.9785 -0.1718
vn -0.0000 0.9363 -0.3511
vn -0.0000 0.0017 1.0000
vn -0.5770 0.5782 0.5769
vn -0.7073 0.0024 0.7069
vn -0.5756 0.5780 -0.5784
vn -0.5796 0.7621 -0.2885
vn -0.0000 0.9362 -0.3515
vn -0.0000 0.7086 0.7057
vn -0.3095 0.9136 0.2637
vn -0.0000 0.6821 0.7313
vn -0.0000 0.6817 0.7317
vn -0.5728 0.5738 0.5854
vn -0.2114 -0.8262 0.5222
vn -0.6153 -0.4022 0.6779
vn -0.4727 -0.7324 0.4900
vn -0.1451 -0.9580 0.2472
vn -0.0000 -0.8578 -0.5140
vn -0.5660 -0.4238 0.7072
vn 1.0000 -0.0000 -0.0000
vn 0.4438 -0.3744 -0.8141
vn 0.4456 -0.3546 -0.8220
vn -0.0000 -0.9212 0.3891
vn 0.0305 -0.3689 0.9290
vn 0.3181 -0.4730 -0.8216
vn 0.4473 -0.3481 -0.8239
vn -0.7924 -0.2426 0.5596
vn 0.0304 -0.3690 0.9289
vn -0.7394 0.3412 0.5804
vn 0.4818 0.4478 0.7532
vn 0.3691 0.2246 0.9018
vn -0.6497 -0.3483 0.6757
vn 0.3714 -0.8592 0.3518
vn 0.3902 -0.4217 0.8185
vn -0.6226 0.1891 0.7594
vn 0.7146 -0.5242 0.4632
vn -0.6392 -0.7126 0.2892
vn -0.7924 -0.2425 0.5597
vn -0.8169 0.1376 0.5601
vn -0.4727 -0.7324 0.4901
vn -0.6828 0.3667 0.6319
vn 0.3903 -0.4217 0.8184
vn 0.3715 -0.8592 0.3518
vn 0.7145 -0.5242 0.4633
vn -0.8599 -0.3526 0.3691
vn -0.9043 0.2371 0.3550
vn -0.4054 0.1092 0.9076
vn -0.4087 -0.1693 0.8968
vn -0.7135 0.2215 -0.6648
vn -0.8259 -0.1552 0.5421
vn -0.8258 -0.1552 -0.5422
vn -0.8036 -0.2436 0.5430
vn -0.7115 -0.3571 -0.6052
vn -0.7800 -0.2449 -0.5759
vn -0.3971 0.1006 -0.9122
vn -0.7180 -0.3399 0.6074
vn -0.7159 -0.3440 -0.6076
vn -0.8944 0.2294 -0.3840
vn -0.8583 -0.3557 -0.3699
vn -0.8112 -0.2320 0.5368
vn -0.7903 -0.2322 -0.5669
vn -0.7137 -0.3530 0.6050
vn -0.4087 -0.1694 0.8968
vn -0.9043 0.2371 0.3551
vn -0.8599 -0.3526 0.3692
vn -0.8963 0.2322 -0.3777
vn -0.8588 -0.3544 -0.3700
vn -0.8259 -0.1553 -0.5420
vn -0.7196 -0.6873 -0.0989
vn -0.7903 -0.2323 -0.5670
vn -0.3987 0.1032 -0.9112
vn -0.8943 0.2294 -0.3841
vn -0.3972 0.1006 -0.9122
vn -0.8112 -0.2320 0.5367
vn -0.4055 0.1092 0.9076
vn -0.9005 0.2359 0.3654
vn -0.4026 0.1065 0.9092
vn -0.4082 -0.1704 -0.8968
vn -0.8582 -0.3557 -0.3700
vn -0.9493 0.3032 0.0832
vn -0.8587 -0.3547 0.3698
vn -0.7461 -0.6565 0.1107
vn -0.7196 -0.6873 -0.0988
vn -0.9752 0.2086 0.0740
vn -0.7196 -0.6874 -0.0988
vn -0.0000 -0.9861 -0.1661
vn -0.5080 -0.8526 -0.1224
vn -0.4256 -0.6734 -0.6045
vn -0.4811 -0.8725 -0.0860
vn -0.0000 -0.7223 -0.6916
vn -0.4347 -0.8811 -0.1862
vn -0.0000 -0.7073 -0.7069
vn -0.0000 -0.9998 0.0223
vn -0.4754 -0.8595 -0.1877
vn -0.9752 0.2087 0.0740
vn -0.9401 0.3128 -0.1357
vn -0.8259 -0.1552 0.5420
vn -0.7903 -0.2324 -0.5670
vn -0.7159 -0.3440 -0.6075
vn -0.0000 -0.7061 -0.7082
vn -0.8588 -0.3544 -0.3699
vn -0.5774 0.5773 -0.5774
vn -0.5773 -0.5774 -0.5774
vn -0.7135 0.2214 0.6648
vn -0.0000 -0.8246 -0.5658
vn -0.3298 -0.7097 -0.6226
vn -0.5413 0.5502 -0.6358
vn -0.7059 0.1679 -0.6882
vn -0.0000 0.7375 -0.6753
vn -0.0000 -0.7081 -0.7061
vn -0.7059 0.1678 -0.6881
vn -0.9563 0.2923 -0.0021
vn -0.0000 -0.6228 0.7824
vn -0.7367 -0.2639 -0.6226
vn -0.5774 0.7434 -0.3376
vn 0.3333 0.8585 -0.3897
vn 0.3334 0.3897 0.8585
vn -0.5773 0.3375 0.7435
vn -0.6652 -0.3526 0.6582
vn 0.3760 -0.8854 -0.2734
vn 0.3761 -0.8853 -0.2733
vn 0.3836 -0.4721 -0.7937
vn 0.3836 0.1352 -0.9136
vn -0.6302 -0.7419 -0.2292
vn -0.2418 -0.7962 0.5546
vn 0.6258 0.7761 0.0777
vn 0.3149 0.8541 0.4139
vn 0.2784 -0.3160 0.9070
vn 0.4472 0.7505 -0.4866
vn 0.1606 -0.6231 0.7654
vn -0.5659 -0.4237 0.7072
vn 0.0797 -0.7704 0.6326
vn 0.4819 0.4478 0.7532
vn 0.3693 0.2247 0.9018
vn -0.9467 -0.3220 0.0039
vn -0.7180 -0.3400 0.6074
vn -0.7135 0.2215 0.6648
vn -0.4082 -0.1704 -0.8969
vn -0.7196 -0.6873 0.0988
vn -0.9549 0.2741 -0.1138
vn -0.7461 -0.6566 0.1106
vn -0.7196 -0.6874 0.0988
vn -0.0000 -0.9998 0.0224
vn -0.8705 -0.4687 -0.1498
vn 0.1646 0.7322 -0.6609
vn -0.0000 -0.0000 -1.0000
vn 0.1646 -0.7322 -0.6609
vn 0.5741 0.5222 -0.6306
vn 0.7310 0.1284 -0.6702
vn 0.7310 -0.1284 -0.6702
vn 0.5741 -0.5222 -0.6306
vn -0.6403 0.0236 -0.7678
vn -0.3769 -0.9223 -0.0856
vn -0.6377 -0.2815 -0.7170
vn -0.2619 -0.7094 -0.6543
vn -0.8552 -0.5182 -0.0065
vn -0.9221 -0.3632 -0.1332
vn 0.1084 0.7593 -0.6416
vn 0.0928 0.6487 -0.7554
vn 0.1900 0.9399 -0.2838
vn 0.2604 0.9526 0.1575
vn 0.8705 -0.4688 -0.1499
vn 0.5080 -0.8526 -0.1223
vn 0.4347 -0.8811 -0.1863
vn 0.9549 0.2741 -0.1137
vn 0.5219 0.5946 -0.6116
vn 0.6271 0.7492 0.2132
vn 0.4025 0.1065 0.9092
vn 0.7135 0.2214 0.6647
vn 0.4084 -0.1700 0.8968
vn 0.4085 -0.1698 -0.8968
vn 0.7135 0.2215 -0.6647
vn 0.3987 0.1031 -0.9113
vn 0.9270 0.0015 0.3751
vn 0.7242 -0.2628 -0.6376
vn 0.6463 -0.6526 -0.3956
vn 0.1826 0.9831 -0.0109
vn 0.8162 0.3790 0.4362
vn 0.9652 -0.2566 0.0504
vn 0.9462 0.2077 0.2483
vn 0.3299 -0.7096 -0.6226
vn 0.4771 -0.8039 -0.3551
vn 0.8964 0.2322 -0.3776
vn 0.9005 0.2360 0.3653
vn 0.8587 -0.3548 0.3698
vn 0.7310 0.1284 0.6702
vn 0.7310 -0.1284 0.6702
vn 0.1646 -0.7322 0.6609
vn 0.5741 0.5222 0.6306
vn 0.5741 -0.5222 0.6306
vn 0.6535 -0.1148 -0.7482
vn 0.6535 0.1147 -0.7482
vn 0.4403 0.4005 -0.8036
vn 0.1425 -0.6342 -0.7599
vn 0.4403 -0.4006 -0.8036
vn 0.4403 0.4004 -0.8036
vn 0.4403 -0.4005 -0.8036
vn 0.1426 -0.6341 -0.7600
vn 0.1427 0.6341 -0.7600
vn 0.5741 0.5223 -0.6306
vn 0.5741 -0.5222 -0.6307
vn 0.7310 -0.1283 -0.6702
vn 0.6535 -0.1147 -0.7482
vn 0.5773 0.5773 0.5774
vn 0.5774 -0.5774 0.5773
vn 0.5774 -0.5773 -0.5774
vn 0.5773 -0.5774 0.5774
vn 0.1646 0.7322 0.6609
vn 0.1240 0.7467 -0.6535
vn 0.6960 0.7178 0.0164
vn 0.5412 0.5502 -0.6359
vn 0.9632 0.2689 0.0051
vn 0.2025 0.6847 0.7002
vn 0.6544 0.4428 0.6129
vn 0.9776 0.2093 0.0226
vn 0.7135 0.2215 -0.6648
vn 0.8259 -0.1553 -0.5421
vn 0.8258 -0.1552 0.5422
vn 0.1801 0.6468 0.7411
vn 0.6447 0.2870 0.7085
vn 0.9583 0.2815 -0.0488
vn 0.7592 0.4777 -0.4420
vn 0.1426 0.6342 -0.7599
vn 0.5774 0.5774 0.5773
vn 0.5773 0.5774 -0.5774
vn 0.5774 0.5773 -0.5774
vn 0.5773 -0.5774 -0.5773
vn 0.5774 -0.5773 0.5773
vn 0.5773 0.5774 0.5774
vn 0.3251 -0.7989 -0.5061
vn 0.2422 0.5551 -0.7958
vn 0.8856 0.4644 -0.0034
vn 0.9328 0.3425 0.1118
vn 0.7397 0.6729 -0.0000
vn 0.9849 0.1730 -0.0000
vn 0.7397 -0.6729 -0.0000
vn 0.2193 -0.9757 -0.0000
vn 0.2193 0.9757 -0.0000
vn 0.9849 -0.1730 -0.0000
vn 0.9849 0.1729 -0.0000
vn 0.9529 0.3011 -0.0365
vn 0.8941 -0.4478 0.0042
vn 0.4099 0.6911 0.5953
vn 0.2613 -0.0443 0.9642
vn 0.3578 -0.9337 -0.0137
vn 0.2568 -0.6552 0.7104
vn 0.3225 0.7839 0.5305
vn 0.3251 -0.7988 -0.5061
vn 0.7469 0.3278 0.5785
vn 0.7023 -0.2857 0.6520
vn 0.7603 0.3979 0.5135
vn 0.9226 -0.3511 0.1598
vn 0.7286 0.3431 0.5928
vn 0.7100 -0.2799 -0.6462
vn 0.7366 -0.2640 -0.6227
vn 0.7101 -0.2798 -0.6461
vn 0.4472 -0.3479 -0.8240
vn 0.0797 -0.7703 0.6326
vn 0.5545 -0.7001 0.4498
vn -0.1606 -0.6231 0.7655
vn 0.7107 -0.2936 -0.6393
vn 0.4437 -0.3745 -0.8141
vn 0.6176 0.1894 0.7633
vn 0.7106 -0.2937 -0.6393
vn 0.6829 0.3668 0.6318
vn 0.6400 -0.3385 0.6898
vn 0.6949 -0.3582 -0.6236
vn 0.6949 -0.3582 -0.6235
vn 0.6289 -0.6674 -0.3989
vn 0.5774 0.3375 0.7435
vn 0.7411 -0.1995 0.6411
vn 0.6165 -0.1078 -0.7800
vn 0.5774 0.7434 -0.3376
vn 0.6165 -0.1077 -0.7799
vn 0.3631 -0.1224 -0.9237
vn 0.7411 -0.1994 0.6411
vn 0.6756 -0.1898 0.7124
vn 0.5773 0.7435 -0.3376
vn 0.7599 -0.2472 -0.6013
vn 0.6755 -0.1899 0.7125
vn 0.7598 -0.2472 -0.6013
vn 0.6651 -0.3526 0.6583
vn 0.7756 0.1291 -0.6179
vn 0.5204 -0.2926 -0.8023
vn 0.7756 0.1290 -0.6178
vn 0.6389 0.1127 -0.7610
vn 0.6390 -0.3931 -0.6612
vn 0.6302 -0.7418 -0.2291
vn 0.6652 -0.3525 0.6582
vn 0.3760 -0.8190 0.4335
vn 0.6302 -0.7418 -0.2292
vn 0.6302 -0.6863 0.3631
vn 0.6389 0.1126 -0.7610
vn 0.6302 -0.6863 0.3632
vn 0.6389 -0.3932 -0.6612
vn 0.6989 -0.6855 0.2040
vn 0.9314 -0.3640 0.0065
vn 0.7339 -0.6791 0.0147
vn 0.7242 -0.2629 -0.6376
vn 0.8895 -0.4090 -0.2036
vn 0.4324 0.8937 -0.1202
vn 0.5878 0.1817 0.7884
vn 0.3373 0.5882 0.7350
vn 0.6341 -0.3646 0.6819
vn 0.3579 -0.9302 0.0820
vn 0.6610 -0.4674 0.5870
vn 0.4262 0.2552 0.8679
vn 0.5963 0.7132 0.3685
vn 0.6054 0.7938 0.0571
vn 0.3147 0.8542 0.4140
vn 0.4805 0.7801 0.4007
vn 0.7276 -0.1301 0.6736
vn 0.3915 0.4176 0.8200
vn 0.5237 -0.1296 0.8420
vn 0.7629 0.6125 -0.2069
vn 0.6126 0.1061 0.7832
vn 0.2783 -0.3160 0.9071
vn 0.7083 0.5933 -0.3826
vn 0.5024 -0.2780 0.8187
vn 0.1828 0.9364 0.2995
vn 0.1668 0.9569 -0.2378
vn 0.5770 0.5780 0.5770
vn 0.5760 0.5780 -0.5781
vn 0.5301 0.7340 -0.4244
vn 0.2962 0.9243 0.2407
vn 0.6053 0.5789 0.5464
vn 0.7065 -0.0000 -0.7077
vn 0.1143 0.9785 -0.1718
vn 0.7073 0.0024 0.7069
vn 0.5770 0.5782 0.5769
vn 0.5756 0.5780 -0.5784
vn 0.5796 0.7621 -0.2885
vn 0.3095 0.9136 0.2637
vn 0.5728 0.5738 0.5854
vn 0.2114 -0.8262 0.5222
vn 0.6153 -0.4022 0.6779
vn 0.1451 -0.9580 0.2472
vn 0.4727 -0.7324 0.4900
vn 0.5660 -0.4237 0.7072
vn 0.7924 -0.2425 0.5597
vn 0.0305 -0.3690 0.9289
vn 0.7394 0.3412 0.5804
vn 0.6497 -0.3483 0.6757
vn 0.3714 -0.8593 0.3518
vn 0.6226 0.1891 0.7594
vn 0.6392 -0.7126 0.2892
vn 0.7924 -0.2426 0.5597
vn 0.8169 0.1376 0.5601
vn 0.6828 0.3667 0.6319
vn 0.9043 0.2371 0.3550
vn 0.8599 -0.3526 0.3691
vn 0.4054 0.1092 0.9076
vn 0.4087 -0.1694 0.8968
vn 0.8259 -0.1552 0.5421
vn 0.8036 -0.2436 0.5430
vn 0.7800 -0.2448 -0.5759
vn 0.7115 -0.3571 -0.6052
vn 0.3971 0.1006 -0.9122
vn 0.7180 -0.3400 0.6074
vn 0.7159 -0.3440 -0.6076
vn 0.8583 -0.3557 -0.3699
vn 0.8944 0.2294 -0.3840
vn 0.8112 -0.2320 0.5367
vn 0.7903 -0.2323 -0.5670
vn 0.7137 -0.3531 0.6050
vn 0.8599 -0.3526 0.3692
vn 0.9043 0.2371 0.3551
vn 0.8259 -0.1553 0.5421
vn 0.8963 0.2322 -0.3777
vn 0.8588 -0.3544 -0.3700
vn 0.8259 -0.1553 0.5420
vn 0.7196 -0.6873 -0.0989
vn 0.3988 0.1031 -0.9112
vn 0.8944 0.2293 -0.3841
vn 0.3972 0.1006 -0.9122
vn 0.7800 -0.2449 -0.5759
vn 0.4055 0.1092 0.9076
vn 0.4026 0.1066 0.9092
vn 0.9005 0.2360 0.3654
vn 0.8583 -0.3557 -0.3700
vn 0.4082 -0.1704 -0.8968
vn 0.9493 0.3032 0.0832
vn 0.4084 -0.1701 0.8968
vn 0.8587 -0.3547 0.3698
vn 0.7196 -0.6873 -0.0988
vn 0.7462 -0.6565 0.1106
vn 0.9752 0.2086 0.0740
vn 0.7196 -0.6874 -0.0988
vn 0.5081 -0.8526 -0.1224
vn 0.4811 -0.8725 -0.0860
vn 0.4256 -0.6734 -0.6045
vn 0.4347 -0.8811 -0.1862
vn 0.4754 -0.8595 -0.1877
vn 0.9752 0.2087 0.0740
vn 0.9401 0.3128 -0.1357
vn 0.8036 -0.2437 0.5430
vn 0.7160 -0.3440 -0.6075
vn 0.8259 -0.1552 -0.5421
vn 0.8588 -0.3544 -0.3699
vn 0.5774 0.5774 -0.5773
vn 0.5774 -0.5774 -0.5773
vn 0.7135 0.2214 0.6648
vn 0.5413 0.5502 -0.6358
vn 0.7059 0.1679 -0.6882
vn 0.1241 0.7467 -0.6535
vn 0.7059 0.1678 -0.6881
vn 0.9563 0.2923 -0.0021
vn 0.7367 -0.2639 -0.6226
vn 0.7146 -0.5242 0.4633
vn 0.5774 0.7435 -0.3375
vn 0.5773 0.3377 0.7434
vn 0.5774 0.3376 0.7434
vn 0.6652 -0.3526 0.6582
vn 0.3761 -0.8853 -0.2734
vn 0.6302 -0.7419 -0.2290
vn 0.2418 -0.7962 0.5546
vn -0.1606 -0.6232 0.7654
vn 0.5659 -0.4238 0.7072
vn 0.9467 -0.3220 0.0039
vn 0.8258 -0.1553 0.5421
vn 0.8112 -0.2321 0.5368
vn 0.7135 0.2215 0.6648
vn 0.4082 -0.1704 -0.8969
vn 0.7196 -0.6873 0.0988
vn 0.9550 0.2741 -0.1137
vn 0.9401 0.3127 -0.1357
vn 0.7461 -0.6566 0.1106
vn 0.7196 -0.6874 0.0988
vn 0.8705 -0.4687 -0.1498
vn 0.6403 0.0235 -0.7678
vn 0.3769 -0.9223 -0.0856
vn 0.2619 -0.7094 -0.6543
vn 0.6377 -0.2815 -0.7170
vn 0.9221 -0.3632 -0.1332
vn 0.8552 -0.5182 -0.0065
vn -0.9910 0.0590 -0.1201
vn -0.9700 0.2396 -0.0408
vn -0.8706 -0.4687 -0.1498
vn -0.9479 -0.3186 -0.0000
vn -0.9955 0.0944 -0.0000
vn -0.9965 0.0836 -0.0024
vn -0.9467 -0.3221 0.0041
vn -0.7364 -0.6765 -0.0000
vn -0.9267 -0.2863 -0.2433
vn -0.6377 -0.2816 -0.7170
vn -0.9222 -0.3632 -0.1332
vn -0.9977 0.0668 -0.0143
vn -0.9268 -0.2862 -0.2433
vn -0.9562 0.2928 -0.0000
vn 0.1425 0.6342 -0.7599
vn -0.9977 0.0671 0.0009
vn -0.8683 0.4379 0.2329
vn -0.9318 -0.3630 -0.0000
vn -0.5741 -0.5223 -0.6306
vn -0.5742 0.5222 -0.6306
vn 0.4402 -0.4005 -0.8036
vn -0.3768 -0.9223 -0.0856
vn -0.3868 -0.9071 -0.1660
vn -0.9885 0.1295 0.0778
vn -0.9676 0.2496 0.0377
vn -0.7310 0.1284 -0.6701
vn 0.1425 0.6341 -0.7600
vn 0.1425 -0.6341 -0.7600
vn -0.7464 -0.6653 0.0176
vn -0.8552 -0.5182 -0.0066
vn -0.9467 -0.3220 0.0041
vn -0.9956 0.0940 -0.0010
vn -0.9977 0.0668 -0.0144
vn -0.6463 -0.6525 -0.3956
vn -0.9318 -0.3631 -0.0000
vn -0.9313 -0.3641 0.0066
vn -0.2619 -0.7095 -0.6542
vn -0.9977 0.0672 0.0009
vn -0.8705 -0.4688 -0.1498
vn 0.6534 0.1148 -0.7482
vn 0.1424 0.6342 -0.7600
vn -0.0000 -0.7070 -0.7072
vn 0.6534 -0.1148 -0.7482
vn 0.4403 -0.4004 -0.8036
vn 0.9700 0.2396 -0.0408
vn 0.9910 0.0590 -0.1201
vn 0.8706 -0.4687 -0.1498
vn 0.9965 0.0836 -0.0024
vn 0.9955 0.0944 -0.0000
vn 0.9479 -0.3186 -0.0000
vn 0.9467 -0.3221 0.0041
vn 0.7364 -0.6765 -0.0000
vn 0.9267 -0.2863 -0.2433
vn 0.6377 -0.2816 -0.7170
vn 0.6403 0.0236 -0.7678
vn 0.9222 -0.3632 -0.1332
vn 0.9268 -0.2862 -0.2433
vn 0.9977 0.0668 -0.0143
vn 0.9562 0.2928 -0.0000
vn -0.4402 0.4005 -0.8036
vn 0.9977 0.0671 0.0009
vn 0.8552 -0.5182 -0.0066
vn 0.8683 0.4379 0.2329
vn 0.9318 -0.3630 -0.0000
vn 0.5742 -0.5222 -0.6306
vn 0.3768 -0.9223 -0.0856
vn 0.3868 -0.9071 -0.1660
vn 0.9885 0.1295 0.0778
vn 0.9676 0.2496 0.0377
vn -0.1425 -0.6342 -0.7599
vn 0.7310 0.1284 -0.6701
vn -0.6535 -0.1148 -0.7482
vn -0.1425 0.6341 -0.7600
vn -0.4402 -0.4005 -0.8036
vn 0.7464 -0.6653 0.0176
vn 0.9956 0.0940 -0.0010
vn 0.9467 -0.3220 0.0041
vn 0.9977 0.0668 -0.0144
vn 0.6463 -0.6525 -0.3956
vn 0.9318 -0.3631 -0.0000
vn 0.9313 -0.3641 0.0066
vn 0.2619 -0.7095 -0.6542
vn 0.9977 0.0672 0.0009
vn 0.8705 -0.4688 -0.1498
vn -0.4403 0.4005 -0.8036
vn -0.6535 0.1146 -0.7482
vn -0.1426 0.6341 -0.7600
vn -0.1424 -0.6342 -0.7600
vn -0.6534 -0.1148 -0.7482
vt 0.133701 0.682377
vt 0.154721 0.671920
vt 0.152291 0.663294
vt 0.426185 1.000000
vt 0.404212 0.975536
vt 0.401420 0.988098
vt 0.048177 0.547720
vt 0.002421 0.535216
vt 0.473034 0.708160
vt 0.474271 0.722712
vt 0.474271 0.709323
vt 0.144136 0.574809
vt 0.073867 0.527993
vt 0.178826 0.642167
vt 0.179274 0.866009
vt 0.179274 0.968163
vt 0.179274 0.956795
vt 0.091591 0.968164
vt 0.091591 0.867694
vt 0.091591 0.956795
vt 0.424146 0.535422
vt 0.485858 0.663158
vt 0.542818 0.585063
vt 0.334986 0.902206
vt 0.254617 0.827247
vt 0.319092 0.915357
vt 0.069659 0.492587
vt 0.516209 0.504354
vt 0.501787 0.461903
vt 0.528996 0.518166
vt 0.534168 0.496715
vt 0.523849 0.496367
vt 0.160202 0.560614
vt 0.139988 0.472781
vt 0.106561 0.515504
vt 0.689756 0.380295
vt 0.702125 0.184800
vt 0.691469 0.181316
vt 0.787905 0.144244
vt 0.774625 0.160964
vt 0.646231 0.382573
vt 0.650449 0.186705
vt 0.602086 0.399405
vt 0.744487 0.380790
vt 0.787246 0.397476
vt 0.737833 0.187875
vt 0.699976 0.380023
vt 0.700059 0.399026
vt 0.652506 0.405196
vt 0.690681 0.399041
vt 0.738895 0.402860
vt 0.774957 0.419870
vt 0.803597 0.404006
vt 0.786885 0.428962
vt 0.653263 0.407332
vt 0.692924 0.430549
vt 0.690751 0.401287
vt 0.738099 0.405038
vt 0.749075 0.452362
vt 0.773513 0.421742
vt 0.785226 0.430671
vt 0.755210 0.464869
vt 0.615848 0.423902
vt 0.662693 0.433746
vt 0.700954 0.428867
vt 0.728348 0.431236
vt 0.699961 0.401273
vt 0.328386 0.260754
vt 0.343028 0.321887
vt 0.328386 0.321887
vt 0.175031 0.199088
vt 0.146000 0.245731
vt 0.192481 0.244237
vt 0.352679 0.260754
vt 0.367321 0.321887
vt 0.352679 0.321887
vt 0.250130 0.302583
vt 0.221253 0.349247
vt 0.267369 0.347234
vt 0.376972 0.260754
vt 0.391614 0.321887
vt 0.376972 0.321887
vt 0.418286 0.148581
vt 0.389297 0.194950
vt 0.435455 0.193385
vt 0.401265 0.260754
vt 0.415908 0.321887
vt 0.401265 0.321887
vt 0.309425 0.150240
vt 0.280548 0.196903
vt 0.326664 0.194891
vt 0.425558 0.260754
vt 0.440201 0.321887
vt 0.425558 0.321887
vt 0.392083 0.298677
vt 0.363205 0.345340
vt 0.409321 0.343328
vt 0.610896 0.160450
vt 0.585531 0.406148
vt 0.428076 0.981494
vt 0.369497 0.887441
vt 0.438315 0.960073
vt 0.409318 0.884507
vt 0.305763 0.803524
vt 0.277096 0.814779
vt 0.365931 0.787192
vt 0.091314 0.957678
vt 0.062776 0.979455
vt 0.091314 0.979455
vt 0.303840 0.794763
vt 0.270287 0.809647
vt 0.219180 0.633396
vt 0.227570 0.627024
vt 0.614406 0.422070
vt 0.440704 0.232868
vt 0.390464 0.299189
vt 0.390977 0.298865
vt 0.335454 0.260399
vt 0.341551 0.322790
vt 0.341551 0.260399
vt 0.358047 0.084431
vt 0.307807 0.150752
vt 0.308320 0.150428
vt 0.570928 0.495028
vt 0.557398 0.467363
vt 0.542855 0.494082
vt 0.466865 0.082711
vt 0.416651 0.149094
vt 0.417169 0.148766
vt 0.298752 0.236775
vt 0.248512 0.303096
vt 0.249025 0.302772
vt 0.585530 0.585850
vt 0.542580 0.675342
vt 0.223206 0.133194
vt 0.173305 0.199403
vt 0.173778 0.198904
vt 0.603984 0.433321
vt 0.643218 0.455696
vt 0.138985 0.687454
vt 0.251092 0.821289
vt 0.184396 0.649071
vt 0.344059 0.781901
vt 0.283178 0.708777
vt 0.569753 0.910254
vt 0.766007 0.337986
vt 0.767607 0.356992
vt 0.765378 0.356801
vt 0.765378 0.356801
vt 0.767607 0.356992
vt 0.767526 0.292563
vt 0.768236 0.338178
vt 0.767947 0.279944
vt 0.769754 0.292754
vt 0.545281 0.429376
vt 0.512912 0.420364
vt 0.478851 0.454499
vt 0.476462 0.403518
vt 0.458139 0.435695
vt 0.385541 0.475116
vt 0.410263 0.515300
vt 0.396875 0.472464
vt 0.581822 0.428370
vt 0.543999 0.375139
vt 0.559074 0.430409
vt 0.509490 0.364905
vt 0.502053 0.346119
vt 0.557564 0.462824
vt 0.517982 0.368677
vt 0.533596 0.376386
vt 0.052168 0.364539
vt 0.120556 0.459782
vt 0.720957 0.661670
vt 0.850545 0.543714
vt 0.839234 0.672110
vt 0.834473 0.674076
vt 0.845380 0.549917
vt 0.834436 0.674093
vt 0.716630 0.920041
vt 0.715830 0.917601
vt 0.716794 0.919950
vt 0.818840 0.824683
vt 0.818617 0.824800
vt 0.822838 0.827962
vt 0.658402 0.836473
vt 0.720990 0.661669
vt 0.819492 0.854000
vt 0.694822 0.906115
vt 0.815431 0.849956
vt 0.815381 0.849981
vt 0.807913 0.875366
vt 0.811770 0.880248
vt 0.735712 0.117050
vt 0.777597 0.078914
vt 0.737552 0.077081
vt 0.593076 0.113808
vt 0.609304 0.083255
vt 0.593127 0.083460
vt 0.656482 0.120965
vt 0.697232 0.076286
vt 0.654518 0.078250
vt 0.845935 0.112569
vt 0.867535 0.072382
vt 0.846040 0.072886
vt 0.866540 0.063634
vt 0.845960 0.064117
vt 0.946771 0.018693
vt 0.974964 0.074361
vt 0.974964 0.017818
vt 0.698730 0.067895
vt 0.683334 0.043088
vt 0.675119 0.063069
vt 0.593342 0.064821
vt 0.758285 0.064760
vt 0.736150 0.069279
vt 0.750583 0.046064
vt 0.735712 0.048235
vt 0.845935 0.042447
vt 0.608831 0.064625
vt 0.593155 0.047262
vt 0.608644 0.047065
vt 0.593205 0.039570
vt 0.608625 0.034385
vt 0.593076 0.032851
vt 0.593136 0.034580
vt 0.699196 0.045405
vt 0.692004 0.027282
vt 0.987628 0.182400
vt 0.920909 0.127920
vt 0.920010 0.182400
vt 0.608693 0.039374
vt 0.920860 0.108195
vt 0.988527 0.127920
vt 0.988478 0.108195
vt 0.752514 0.035195
vt 0.749721 0.030189
vt 0.742454 0.031275
vt 0.388297 0.538464
vt 0.386960 0.565783
vt 0.412047 0.566768
vt 0.531005 0.497890
vt 0.535573 0.584643
vt 0.556845 0.577067
vt 0.541283 0.463401
vt 0.538250 0.498310
vt 0.498145 0.412730
vt 0.055255 0.356391
vt 0.046875 0.348621
vt 0.042569 0.493439
vt -0.000000 0.516484
vt 0.063507 0.354068
vt 0.068363 0.341434
vt 0.120805 0.395780
vt 0.953944 0.408377
vt 0.855161 0.371756
vt 0.903423 0.442543
vt 0.669225 0.315683
vt 0.675979 0.313445
vt 0.668083 0.313445
vt 0.935625 0.331664
vt 0.983574 0.297019
vt 0.006969 0.431796
vt 0.038413 0.438347
vt 0.985593 0.344512
vt 0.916790 0.462317
vt 0.827124 0.375995
vt 0.845395 0.364149
vt 0.669225 0.336508
vt 0.668226 0.342325
vt 0.675979 0.342325
vt 0.675979 0.336508
vt 0.675979 0.352271
vt 0.668083 0.316930
vt 0.668083 0.352271
vt 0.398719 0.987557
vt 0.369410 0.949371
vt 0.395002 0.982249
vt 0.394821 0.987006
vt 0.355892 0.953864
vt 0.369045 0.953069
vt 0.400002 0.977655
vt 0.371319 0.986797
vt 0.370997 0.989031
vt 0.357355 0.958056
vt 0.368047 0.959748
vt 0.358933 0.984096
vt 0.358514 0.961852
vt 0.363204 0.981215
vt 0.494209 0.193921
vt 0.507906 0.189305
vt 0.505755 0.186097
vt 0.505965 0.200404
vt 0.511565 0.197426
vt 0.505408 0.288700
vt 0.498038 0.275275
vt 0.494209 0.276893
vt 0.498769 0.195826
vt 0.527975 0.231923
vt 0.531176 0.230698
vt 0.509213 0.284730
vt 0.504826 0.271379
vt 0.536634 0.261138
vt 0.513358 0.280153
vt 0.530332 0.258618
vt 0.390893 0.521111
vt 0.732268 0.533274
vt 0.724280 0.532566
vt 0.722168 0.532383
vt 0.807773 0.875441
vt 0.716062 0.913761
vt 0.732301 0.533274
vt 0.720896 0.661700
vt 0.823069 0.827841
vt 0.839196 0.672127
vt 0.722111 0.532408
vt 0.725084 0.532670
vt 0.658600 0.836372
vt 0.819544 0.853974
vt 0.850512 0.543725
vt 0.694855 0.906114
vt 0.979416 0.527406
vt 0.936356 0.626504
vt 0.964889 0.630093
vt 0.946261 0.751531
vt 0.929588 0.791402
vt 0.947059 0.803470
vt 0.944095 0.787190
vt 0.932763 0.753820
vt 0.946439 0.804007
vt 0.931487 0.797269
vt 0.929783 0.799070
vt 0.925225 0.793428
vt 0.927110 0.803930
vt 0.926691 0.753644
vt 0.949891 0.507783
vt 0.931076 0.625196
vt 0.946826 0.790896
vt 0.949852 0.807516
vt 0.958940 0.818274
vt 0.658435 0.836473
vt 0.201268 0.512933
vt 0.063355 0.869771
vt 0.063355 0.968165
vt 0.063355 0.956795
vt 0.207325 0.960778
vt 0.178786 0.982555
vt 0.207325 0.982555
vt 0.178786 0.850331
vt 0.207325 0.860855
vt 0.207325 0.850228
vt 0.207510 0.956795
vt 0.207510 0.863917
vt 0.207510 0.857930
vt 0.062776 0.857754
vt 0.091314 0.857754
vt 0.062776 0.847408
vt 0.091314 0.847318
vt 0.178786 0.860855
vt 0.019610 0.969879
vt 0.018050 0.894330
vt 0.018049 0.970535
vt 0.019610 0.977669
vt 0.042787 0.892515
vt 0.041226 0.969878
vt 0.042787 0.970535
vt 0.041226 0.977669
vt 0.120359 0.973019
vt 0.143536 0.975416
vt 0.141975 0.973019
vt 0.041226 0.877582
vt 0.041226 0.892962
vt 0.143536 0.884910
vt 0.141975 0.872788
vt 0.141975 0.885420
vt 0.019610 0.877651
vt 0.019610 0.894553
vt 0.120359 0.872866
vt 0.118798 0.886692
vt 0.120359 0.887021
vt 0.141975 0.965226
vt 0.143536 0.965885
vt 0.118799 0.870627
vt 0.120359 0.965227
vt 0.118798 0.965885
vt 0.018049 0.980066
vt 0.042787 0.980066
vt 0.018049 0.875360
vt 0.146153 0.461266
vt 0.446948 0.747124
vt 0.543031 0.884654
vt 0.574553 0.933037
vt 0.503557 0.900545
vt 0.585530 0.890094
vt 0.286753 0.299389
vt 0.273466 0.296594
vt 0.272283 0.299210
vt 0.096602 0.526721
vt 0.179274 0.978341
vt 0.179274 0.857930
vt 0.179274 0.847518
vt 0.091591 0.847604
vt 0.091591 0.857930
vt 0.091591 0.978341
vt 0.536935 0.520597
vt 0.596877 0.144244
vt 0.343028 0.260754
vt 0.174249 0.200518
vt 0.367321 0.260754
vt 0.249462 0.304034
vt 0.391614 0.260754
vt 0.417564 0.149993
vt 0.415908 0.260754
vt 0.308757 0.151690
vt 0.440201 0.260754
vt 0.391414 0.300128
vt 0.062776 0.957678
vt 0.602325 0.431661
vt 0.363205 0.233910
vt 0.335454 0.322790
vt 0.280548 0.085472
vt 0.575533 0.499566
vt 0.579486 0.464900
vt 0.389297 0.083866
vt 0.221253 0.237816
vt 0.146000 0.134675
vt 0.443686 0.959828
vt 0.433447 0.981250
vt 0.458624 0.951938
vt 0.431556 0.999756
vt 0.545918 0.972882
vt 0.636951 0.468791
vt 0.298215 0.706737
vt 0.770176 0.280136
vt 0.557180 0.358587
vt 0.845412 0.549906
vt 0.715479 0.917287
vt 0.775757 0.118882
vt 0.609253 0.113604
vt 0.699196 0.119001
vt 0.867430 0.112065
vt 0.946771 0.075237
vt 0.866515 0.041964
vt 0.608564 0.032656
vt 0.686879 0.025074
vt 0.684253 0.026121
vt 0.681274 0.031472
vt 0.747259 0.029209
vt 0.068085 0.351289
vt 0.675979 0.315683
vt 0.905014 0.496125
vt 0.675979 0.316930
vt 0.715904 0.913849
vt 0.694848 0.906106
vt 0.732213 0.533299
vt 0.942170 0.798954
vt 0.923483 0.807764
vt 0.942157 0.514111
vt 0.959649 0.821420
vt 0.968055 0.630517
vt 0.982885 0.525685
vt 0.949038 0.754493
vt 0.350512 0.601307
vt 0.063355 0.978341
vt 0.063355 0.857930
vt 0.063355 0.847694
vt 0.178786 0.960778
vt 0.207510 0.978341
vt 0.207510 0.968161
vt 0.207510 0.847416
vt 0.118798 0.975416
vt 0.042787 0.875312
vt 0.143536 0.870566
vt 0.210048 0.498240
vt 0.692072 0.475725
vt 0.693708 0.475714
vt 0.692348 0.468022
vt 0.694205 0.460555
vt 0.692616 0.460538
vt 0.698124 0.473623
vt 0.700016 0.468712
vt 0.700045 0.467366
vt 0.698396 0.462562
vt 0.692826 0.460730
vt 0.691935 0.460730
vt 0.691935 0.468482
vt 0.697192 0.462798
vt 0.699001 0.467789
vt 0.699001 0.469175
vt 0.697192 0.474167
vt 0.691935 0.476234
vt 0.692826 0.476234
vt 0.482361 0.941604
vt 0.486740 0.904032
vt 0.486433 0.905532
vt 0.486842 0.905258
vt 0.473693 0.723997
vt 0.473388 0.715895
vt 0.473084 0.723631
vt 0.525113 0.520379
vt 0.481091 0.926242
vt 0.433971 0.918223
vt 0.433913 0.740484
vt 0.409224 0.667863
vt 0.385826 0.715033
vt 0.416122 0.751028
vt 0.366078 0.602624
vt 0.419250 0.645061
vt 0.386226 0.601937
vt 0.744159 0.428746
vt 0.744293 0.425283
vt 0.473551 0.726050
vt 0.474068 0.728014
vt 0.481199 0.875697
vt 0.460861 0.863208
vt 0.482920 0.893377
vt 0.485296 0.891786
vt 0.332073 0.746964
vt 0.768765 0.322336
vt 0.768329 0.335389
vt 0.455869 0.807055
vt 0.435533 0.794568
vt 0.466403 0.705141
vt 0.448952 0.614963
vt 0.742250 0.418211
vt 0.736533 0.414457
vt 0.653135 0.424508
vt 0.646280 0.427014
vt 0.274250 0.306687
vt 0.272281 0.299210
vt 0.273291 0.303046
vt 0.381279 0.584038
vt 0.387624 0.835849
vt 0.643361 0.429141
vt 0.660131 0.427378
vt 0.734576 0.413877
vt 0.768329 0.335389
vt 0.770111 0.282068
vt 0.769819 0.290822
vt 0.691496 0.475966
vt 0.693200 0.475954
vt 0.697799 0.473776
vt 0.699771 0.468666
vt 0.693732 0.460186
vt 0.692079 0.460168
vt 0.699802 0.467267
vt 0.698089 0.462273
vt 0.451322 0.702918
vt 0.458985 0.809337
vt 0.398730 0.674215
vt 0.324363 0.654022
vt 0.372581 0.726930
vt 0.456438 0.892526
vt 0.406440 0.767158
vt 0.468730 0.665351
vt 0.446780 0.629609
vt 0.413757 0.586484
vt 0.509976 0.935321
vt 0.502618 0.932785
vt 0.428133 0.815815
vt 0.270948 0.266973
vt 0.272290 0.283182
vt 0.272287 0.299210
vt 0.475200 0.725882
vt 0.475671 0.727670
vt 0.274387 0.307385
vt 0.286753 0.307382
s 1
usemtl Material.001
f 1/1/1 2/2/2 3/3/3
f 4/4/4 5/5/5 6/6/6
f 1/1/1 7/7/7 8/8/8
f 9/9/9 10/10/10 11/11/11
f 12/12/12 13/13/13 14/14/14
f 15/15/15 16/16/16 17/17/17
f 18/18/18 19/19/19 20/20/20
f 21/21/21 22/22/22 23/23/23
f 24/24/24 25/25/25 26/26/26
f 8/8/8 7/7/7 27/27/27
f 28/28/28 29/29/29 21/21/21
f 30/30/30 31/31/31 32/32/32
f 33/33/33 34/34/34 35/35/35
f 36/36/36 37/37/37 38/38/38
f 39/39/39 37/37/37 40/40/40
f 38/38/38 41/41/41 36/36/36
f 42/42/42 43/43/43 41/41/41
f 40/40/40 44/44/44 45/45/45
f 46/46/46 47/47/47 44/44/44
f 36/36/36 48/48/48 47/47/47
f 36/36/36 49/49/49 50/50/50
f 45/45/45 51/51/51 52/52/52
f 43/43/43 49/49/49 41/41/41
f 53/53/53 52/52/52 54/54/53
f 47/47/47 51/51/51 44/44/44
f 55/55/54 56/56/55 57/57/56
f 58/58/51 59/59/45 60/60/57
f 61/61/58 59/59/45 62/62/58
f 63/63/59 64/64/60 55/55/54
f 58/58/51 65/65/47 66/66/61
f 57/57/56 65/65/47 67/67/48
f 68/68/62 69/69/63 70/70/64
f 71/71/65 72/72/58 73/73/39
f 74/74/62 75/75/63 76/76/64
f 77/77/65 78/78/58 79/79/39
f 80/80/62 81/81/63 82/82/64
f 83/83/65 84/84/58 85/85/39
f 86/86/62 87/87/63 88/88/64
f 89/89/65 90/90/58 91/91/39
f 92/92/62 93/93/63 94/94/64
f 95/95/65 96/96/58 97/97/39
f 98/98/66 99/99/67 43/43/43
f 100/100/68 101/101/69 24/24/24
f 102/102/70 103/103/71 101/101/69
f 24/24/24 104/104/72 105/105/73
f 101/101/69 106/106/74 104/104/72
f 3/3/3 13/13/13 7/7/7
f 107/107/75 108/108/76 109/109/77
f 105/105/73 110/110/78 111/111/79
f 14/14/14 112/112/80 113/113/81
f 99/99/67 114/114/82 43/43/43
f 115/115/83 116/116/84 117/117/85
f 118/118/86 119/119/87 120/120/88
f 121/119/89 122/118/90 123/120/91
f 124/121/83 125/122/84 126/123/85
f 127/124/31 128/125/92 129/126/93
f 130/118/86 131/119/87 132/120/88
f 133/119/89 134/118/90 135/120/91
f 136/127/83 137/128/84 138/129/85
f 139/118/86 140/119/87 141/120/88
f 142/119/89 143/118/90 144/120/91
f 145/130/83 146/131/84 147/132/85
f 148/133/94 23/23/23 149/134/95
f 150/118/86 151/119/87 152/120/88
f 153/119/89 154/118/90 155/120/91
f 156/135/83 157/136/84 158/137/85
f 159/118/86 160/119/87 161/120/88
f 162/119/89 163/118/90 164/120/91
f 53/53/53 40/40/40 45/45/45
f 165/138/96 166/139/43 63/63/59
f 111/111/79 167/140/97 168/141/98
f 111/111/79 169/142/99 2/2/2
f 110/110/78 170/143/100 171/144/101
f 3/3/3 169/142/99 14/14/14
f 25/25/25 111/111/79 168/141/98
f 104/104/72 170/143/100 110/110/78
f 172/145/102 173/145/36 174/145/103
f 175/146/104 176/147/45 177/148/105
f 178/149/106 176/147/45 179/150/53
f 180/145/107 181/145/41 172/145/102
f 182/151/108 183/152/44 175/146/104
f 184/153/109 185/154/47 182/151/108
f 186/145/110 187/145/43 180/145/107
f 29/29/29 188/155/111 189/156/112
f 190/157/113 191/158/114 192/159/115
f 193/160/116 194/161/117 195/162/118
f 196/163/119 197/164/120 198/165/121
f 191/158/114 199/166/122 200/167/123
f 201/168/124 196/163/119 198/165/121
f 200/167/123 199/166/122 202/169/125
f 189/156/112 203/170/126 202/169/125
f 204/171/127 27/27/27 205/172/128
f 7/7/7 13/13/13 27/27/27
f 206/173/129 207/174/130 208/175/131
f 209/176/132 210/177/133 211/178/134
f 212/179/135 213/180/136 214/181/137
f 209/176/132 215/182/138 216/183/139
f 206/173/129 217/184/140 218/185/141
f 218/185/141 219/186/142 206/173/129
f 218/185/141 220/187/143 221/188/144
f 216/183/139 222/189/145 223/190/143
f 222/189/145 224/191/146 223/190/143
f 221/188/144 225/192/147 214/181/137
f 226/193/148 227/194/149 228/195/150
f 229/196/151 230/197/152 231/198/153
f 232/199/154 233/200/155 234/201/156
f 235/202/157 236/203/158 237/204/159
f 237/204/159 238/205/160 239/206/161
f 240/207/162 241/208/163 242/209/164
f 243/210/165 244/211/166 245/212/167
f 230/197/152 246/213/168 231/198/153
f 228/195/150 247/214/169 248/215/170
f 233/200/155 245/212/167 234/201/156
f 248/215/170 249/216/171 250/217/172
f 238/205/160 251/218/173 239/206/161
f 252/219/174 253/220/175 246/213/168
f 254/221/176 255/222/177 253/220/175
f 256/223/178 257/224/179 258/225/180
f 244/211/166 259/226/181 260/227/182
f 261/228/183 262/229/184 263/230/173
f 258/225/180 264/231/185 256/223/178
f 265/232/186 266/233/187 267/234/188
f 268/235/189 269/236/190 270/237/191
f 271/238/192 272/239/193 273/240/194
f 274/241/32 275/242/195 276/243/196
f 21/21/21 190/157/113 194/161/117
f 277/244/197 278/245/32 201/168/124
f 189/156/112 190/157/113 29/29/29
f 188/155/111 201/168/124 198/165/121
f 197/164/120 188/155/111 198/165/121
f 279/246/198 202/169/125 199/166/122
f 204/171/127 280/247/199 281/248/200
f 8/8/8 282/249/201 283/250/202
f 281/248/200 284/251/203 285/252/204
f 286/253/205 284/251/203 205/172/128
f 287/254/206 288/255/207 289/256/208
f 290/257/207 291/258/209 292/259/210
f 293/255/211 294/254/212 295/256/213
f 296/260/214 297/261/215 298/261/216
f 299/256/217 287/254/206 289/256/208
f 288/255/207 296/260/214 300/255/218
f 301/262/219 282/249/201 302/263/220
f 27/27/27 302/263/220 282/249/201
f 298/261/216 303/264/221 304/264/222
f 305/260/223 306/264/224 294/254/212
f 307/260/225 303/264/221 297/261/215
f 308/254/226 303/264/221 287/254/206
f 309/265/227 310/266/228 311/267/229
f 312/268/230 292/259/210 313/269/231
f 295/256/213 311/267/229 293/255/211
f 312/268/230 314/270/232 315/271/233
f 313/269/231 316/272/234 314/270/232
f 291/258/209 317/273/235 292/259/210
f 313/269/231 317/273/235 318/274/236
f 5/5/5 319/275/237 6/6/6
f 100/100/68 320/276/238 5/5/5
f 26/26/26 320/276/238 24/24/24
f 319/275/237 321/277/239 322/278/240
f 323/279/241 324/280/242 320/276/238
f 5/5/5 324/280/242 325/281/243
f 322/278/240 326/282/244 327/283/245
f 328/284/246 329/285/247 324/280/242
f 325/281/243 329/285/247 321/277/239
f 326/282/244 330/286/248 327/283/245
f 331/287/249 332/288/250 329/285/247
f 329/285/247 326/282/244 321/277/239
f 333/289/251 334/290/252 335/291/253
f 334/290/252 336/292/254 337/293/255
f 338/294/256 339/295/257 340/296/258
f 333/289/251 339/295/257 341/297/259
f 337/293/255 342/298/260 343/299/261
f 344/300/262 345/301/263 339/295/257
f 341/297/259 345/301/263 336/292/254
f 342/298/260 346/302/264 343/299/261
f 347/303/265 348/304/266 345/301/263
f 345/301/263 342/298/260 336/292/254
f 171/144/101 113/113/81 112/112/80
f 194/161/117 349/305/267 21/21/21
f 194/161/117 192/159/115 195/162/118
f 273/240/194 21/21/21 271/238/192
f 21/21/21 349/305/267 271/238/192
f 349/305/267 193/160/116 286/253/205
f 350/306/268 351/307/269 352/308/270
f 353/309/271 354/310/137 224/191/146
f 206/173/129 355/311/272 350/306/268
f 356/312/273 357/313/274 358/314/275
f 359/315/276 351/307/269 360/316/277
f 361/317/273 362/318/278 357/313/274
f 363/319/279 356/312/273 358/314/275
f 221/188/144 213/180/136 364/320/280
f 365/321/281 366/322/282 367/323/283
f 366/322/282 368/324/284 367/323/283
f 369/325/285 370/326/286 371/327/287
f 372/328/288 371/327/287 368/324/284
f 373/329/289 374/330/290 375/331/136
f 376/332/291 377/333/290 369/325/285
f 378/334/292 369/325/285 372/328/288
f 366/322/282 378/334/292 372/328/288
f 379/335/293 380/336/294 366/322/282
f 381/337/295 382/338/296 383/339/297
f 221/188/144 384/340/292 218/185/141
f 113/113/81 385/341/298 386/33/299
f 387/342/300 388/343/301 389/344/17
f 390/345/302 391/346/303 392/347/304
f 393/348/305 394/349/306 395/350/307
f 396/351/20 397/352/308 398/353/306
f 399/354/309 107/107/75 400/355/310
f 205/172/128 401/35/311 402/34/312
f 403/356/313 400/355/310 404/357/314
f 405/358/315 390/345/302 394/349/306
f 406/359/316 407/360/317 408/361/318
f 408/361/318 409/362/76 406/359/316
f 410/363/319 411/364/18 412/365/320
f 413/366/321 412/365/320 411/364/18
f 414/367/76 415/368/322 416/369/77
f 410/363/319 417/370/323 418/371/324
f 419/372/325 420/373/307 421/374/326
f 422/375/327 407/360/317 423/376/328
f 424/377/305 425/378/329 426/379/330
f 419/372/325 427/380/331 428/381/332
f 416/369/77 428/381/332 427/380/331
f 420/373/307 429/382/333 424/377/305
f 430/383/16 425/378/329 431/384/334
f 413/366/321 432/385/335 433/386/336
f 431/384/334 414/367/76 430/383/16
f 417/370/323 434/387/337 422/375/327
f 205/172/128 402/34/312 435/388/338
f 22/22/22 436/134/339 149/134/95
f 437/389/340 438/390/341 439/22/342
f 440/391/343 438/390/341 441/392/344
f 442/393/345 439/22/342 438/390/341
f 205/172/128 284/251/203 204/171/127
f 284/251/203 280/247/199 204/171/127
f 1/1/1 167/140/97 2/2/2
f 4/4/4 100/100/68 5/5/5
f 1/1/1 3/3/3 7/7/7
f 443/394/346 444/395/344 445/396/347
f 12/12/12 33/33/33 35/35/35
f 12/12/12 35/35/35 446/397/333
f 113/113/81 386/33/299 447/12/348
f 447/12/348 12/12/12 14/14/14
f 12/12/12 446/397/333 13/13/13
f 448/397/349 401/35/311 27/27/27
f 448/397/349 27/27/27 13/13/13
f 14/14/14 113/113/81 447/12/348
f 446/397/333 448/397/349 13/13/13
f 16/16/16 449/398/350 17/17/17
f 17/17/17 450/399/315 15/15/15
f 450/399/315 451/400/305 15/15/15
f 452/401/351 453/402/352 19/19/19
f 453/402/352 20/20/20 19/19/19
f 20/20/20 454/403/77 18/18/18
f 23/23/23 28/28/28 21/21/21
f 24/24/24 105/105/73 25/25/25
f 28/28/28 277/244/197 29/29/29
f 30/30/30 455/404/353 31/31/31
f 33/33/33 456/341/354 34/34/34
f 36/36/36 47/47/47 37/37/37
f 39/39/39 457/405/83 38/38/38
f 457/405/83 98/98/66 38/38/38
f 98/98/66 42/42/42 38/38/38
f 38/38/38 37/37/37 39/39/39
f 37/37/37 46/46/46 40/40/40
f 38/38/38 42/42/42 41/41/41
f 42/42/42 98/98/66 43/43/43
f 40/40/40 46/46/46 44/44/44
f 46/46/46 37/37/37 47/47/47
f 36/36/36 50/50/50 48/48/48
f 36/36/36 41/41/41 49/49/49
f 45/45/45 44/44/44 51/51/51
f 43/43/43 114/114/82 49/49/49
f 53/53/53 45/45/45 52/52/52
f 47/47/47 48/48/48 51/51/51
f 55/55/54 64/64/60 56/56/55
f 58/58/51 66/66/61 59/59/45
f 61/61/58 60/60/57 59/59/45
f 63/63/59 166/139/43 64/64/60
f 58/58/51 67/67/48 65/65/47
f 57/57/56 56/56/55 65/65/47
f 68/68/62 458/406/355 69/69/63
f 71/71/65 459/407/356 72/72/58
f 74/74/62 460/408/355 75/75/63
f 77/77/65 461/409/356 78/78/58
f 80/80/62 462/410/355 81/81/63
f 83/83/65 463/411/356 84/84/58
f 86/86/62 464/412/355 87/87/63
f 89/89/65 465/413/356 90/90/58
f 92/92/62 466/414/355 93/93/63
f 95/95/65 467/415/356 96/96/58
f 98/98/66 457/405/83 99/99/67
f 100/100/68 102/102/70 101/101/69
f 24/24/24 101/101/69 104/104/72
f 3/3/3 14/14/14 13/13/13
f 107/107/75 468/416/357 108/108/76
f 105/105/73 104/104/72 110/110/78
f 14/14/14 169/142/99 112/112/80
f 99/99/67 469/417/67 114/114/82
f 115/115/83 470/418/67 116/116/84
f 118/118/86 471/419/53 119/119/87
f 121/119/89 472/419/39 122/118/90
f 124/121/83 473/420/67 125/122/84
f 474/421/31 475/422/358 201/168/124
f 130/118/86 476/419/53 131/119/87
f 133/119/89 477/419/39 134/118/90
f 136/127/83 478/423/67 137/128/84
f 139/118/86 479/419/53 140/119/87
f 142/119/89 480/419/39 143/118/90
f 145/130/83 481/424/67 146/131/84
f 276/243/359 23/23/23 148/133/94
f 23/23/23 22/22/22 149/134/95
f 150/118/86 482/419/53 151/119/87
f 153/119/89 483/419/39 154/118/90
f 156/135/83 484/425/67 157/136/84
f 159/118/86 485/419/53 160/119/87
f 162/119/89 486/419/39 163/118/90
f 487/426/360 488/427/68 489/428/361
f 488/427/68 490/429/362 489/428/361
f 4/4/362 491/430/363 489/428/364
f 53/53/53 39/39/39 40/40/40
f 165/138/96 492/431/96 166/139/43
f 111/111/79 2/2/2 167/140/97
f 111/111/79 110/110/78 169/142/99
f 171/144/101 112/112/80 169/142/99
f 169/142/99 110/110/78 171/144/101
f 3/3/3 2/2/2 169/142/99
f 25/25/25 105/105/73 111/111/79
f 493/432/365 171/144/101 170/143/100
f 104/104/72 106/106/74 170/143/100
f 172/145/102 181/145/41 173/145/36
f 175/146/104 183/152/44 176/147/45
f 178/149/106 177/148/105 176/147/45
f 180/145/107 187/145/43 181/145/41
f 182/151/108 185/154/47 183/152/44
f 184/153/109 494/433/36 185/154/47
f 186/145/110 495/145/67 187/145/43
f 29/29/29 277/244/197 188/155/111
f 190/157/113 279/246/198 191/158/114
f 193/160/116 349/305/267 194/161/117
f 196/163/119 496/434/366 197/164/120
f 191/158/114 279/246/198 199/166/122
f 201/168/124 475/422/358 196/163/119
f 202/169/125 203/170/126 496/434/366
f 203/170/126 197/164/120 496/434/366
f 496/434/366 200/167/123 202/169/125
f 189/156/112 188/155/111 203/170/126
f 206/173/129 350/306/268 207/174/130
f 209/176/132 497/435/367 210/177/133
f 212/179/135 498/436/289 213/180/136
f 209/176/132 211/178/134 215/182/138
f 206/173/129 208/175/131 217/184/140
f 218/185/141 384/340/292 219/186/142
f 218/185/141 217/184/140 220/187/143
f 216/183/139 215/182/138 222/189/145
f 222/189/145 353/309/271 224/191/146
f 221/188/144 220/187/143 225/192/147
f 226/193/148 499/437/368 227/194/149
f 229/196/151 500/438/369 230/197/152
f 232/199/154 501/439/370 233/200/155
f 235/202/157 502/440/148 236/203/158
f 237/204/159 236/203/158 238/205/160
f 240/207/162 503/441/371 241/208/163
f 243/210/165 259/226/181 244/211/166
f 230/197/152 252/219/174 246/213/168
f 228/195/150 227/194/149 247/214/169
f 233/200/155 243/210/165 245/212/167
f 248/215/170 247/214/169 249/216/171
f 238/205/160 504/442/372 251/218/173
f 252/219/174 254/221/176 253/220/175
f 254/221/176 264/231/185 255/222/177
f 256/223/178 505/443/373 257/224/179
f 260/227/182 506/444/374 507/445/375
f 507/445/375 508/446/376 260/227/182
f 508/446/376 244/211/166 260/227/182
f 261/228/183 266/233/187 262/229/184
f 258/225/180 255/222/177 264/231/185
f 265/232/186 262/229/184 266/233/187
f 509/447/377 270/237/191 269/236/190
f 270/237/191 250/217/172 249/216/171
f 268/235/189 270/237/191 249/216/171
f 278/245/32 28/28/28 23/23/23
f 21/21/21 29/29/29 190/157/113
f 277/244/197 28/28/28 278/245/32
f 189/156/112 279/246/198 190/157/113
f 188/155/111 277/244/197 201/168/124
f 197/164/120 203/170/126 188/155/111
f 279/246/198 189/156/112 202/169/125
f 281/248/200 301/262/219 204/171/127
f 301/262/219 302/263/220 204/171/127
f 8/8/8 27/27/27 282/249/201
f 280/247/199 284/251/203 281/248/200
f 284/251/203 510/448/378 285/252/204
f 286/253/205 510/448/378 284/251/203
f 287/254/206 307/260/225 288/255/207
f 290/257/207 511/449/379 291/258/209
f 293/255/211 305/260/223 294/254/212
f 296/260/214 307/260/225 297/261/215
f 299/256/217 308/254/226 287/254/206
f 288/255/207 307/260/225 296/260/214
f 301/262/219 283/250/202 282/249/201
f 27/27/27 204/171/127 302/263/220
f 298/261/216 297/261/215 303/264/221
f 305/260/223 512/261/380 306/264/224
f 307/260/225 287/254/206 303/264/221
f 308/254/226 304/264/222 303/264/221
f 309/265/227 513/450/381 310/266/228
f 312/268/230 290/257/207 292/259/210
f 295/256/213 309/265/227 311/267/229
f 312/268/230 313/269/231 314/270/232
f 313/269/231 318/274/236 316/272/234
f 291/258/209 514/451/382 317/273/235
f 313/269/231 292/259/210 317/273/235
f 5/5/5 325/281/243 319/275/237
f 100/100/68 24/24/24 320/276/238
f 26/26/26 323/279/241 320/276/238
f 319/275/237 325/281/243 321/277/239
f 323/279/241 328/284/246 324/280/242
f 5/5/5 320/276/238 324/280/242
f 322/278/240 321/277/239 326/282/244
f 328/284/246 331/287/249 329/285/247
f 325/281/243 324/280/242 329/285/247
f 326/282/244 332/288/250 330/286/248
f 331/287/249 330/286/248 332/288/250
f 329/285/247 332/288/250 326/282/244
f 333/289/251 341/297/259 334/290/252
f 334/290/252 341/297/259 336/292/254
f 338/294/256 344/300/262 339/295/257
f 333/289/251 340/296/258 339/295/257
f 337/293/255 336/292/254 342/298/260
f 344/300/262 347/303/265 345/301/263
f 341/297/259 339/295/257 345/301/263
f 342/298/260 348/304/266 346/302/264
f 347/303/265 346/302/264 348/304/266
f 345/301/263 348/304/266 342/298/260
f 171/144/101 493/432/365 113/113/81
f 194/161/117 190/157/113 192/159/115
f 193/160/116 285/252/204 286/253/205
f 285/252/204 510/448/378 286/253/205
f 286/253/205 271/238/192 349/305/267
f 350/306/268 355/311/272 351/307/269
f 353/309/271 515/452/135 354/310/137
f 206/173/129 219/186/142 355/311/272
f 356/312/273 361/317/273 357/313/274
f 359/315/276 352/308/270 351/307/269
f 361/317/273 516/453/273 362/318/278
f 363/319/279 517/454/273 356/312/273
f 221/188/144 214/181/137 213/180/136
f 365/321/281 379/335/293 366/322/282
f 366/322/282 372/328/288 368/324/284
f 369/325/285 377/333/290 370/326/286
f 372/328/288 369/325/285 371/327/287
f 373/329/289 518/455/286 374/330/290
f 376/332/291 519/456/383 377/333/290
f 378/334/292 376/332/291 369/325/285
f 366/322/282 380/336/294 378/334/292
f 379/335/293 520/457/384 380/336/294
f 383/339/297 521/458/385 522/459/386
f 521/458/385 523/460/281 522/459/386
f 522/459/386 524/461/387 383/339/297
f 524/461/387 381/337/295 383/339/297
f 221/188/144 364/320/280 384/340/292
f 113/113/81 525/462/388 385/341/298
f 388/343/301 526/463/303 389/344/17
f 389/344/17 527/464/389 387/342/300
f 527/464/389 528/465/313 387/342/300
f 390/345/302 529/466/390 391/346/303
f 393/348/305 405/358/315 394/349/306
f 396/351/20 530/467/77 531/468/391
f 531/468/391 397/352/308 396/351/20
f 397/352/308 532/469/307 398/353/306
f 399/354/309 468/416/357 107/107/75
f 205/172/128 27/27/27 401/35/311
f 403/356/313 399/354/309 400/355/310
f 405/358/315 529/466/390 390/345/302
f 406/359/316 423/376/328 407/360/317
f 408/361/318 432/385/335 409/362/76
f 410/363/319 418/371/324 411/364/18
f 413/366/321 433/386/336 412/365/320
f 414/367/76 533/470/392 415/368/322
f 410/363/319 534/471/393 417/370/323
f 419/372/325 535/472/349 420/373/307
f 422/375/327 434/387/337 407/360/317
f 424/377/305 429/382/333 425/378/329
f 419/372/325 421/374/326 427/380/331
f 416/369/77 415/368/322 428/381/332
f 420/373/307 535/472/349 429/382/333
f 430/383/16 426/379/330 425/378/329
f 413/366/321 409/362/76 432/385/335
f 431/384/334 533/470/392 414/367/76
f 417/370/323 534/471/393 434/387/337
f 34/34/34 456/341/354 536/473/338
f 537/473/394 385/341/298 525/462/388
f 538/388/395 34/34/34 536/473/338
f 537/473/394 525/462/388 271/238/192
f 525/462/388 272/239/193 271/238/192
f 435/388/338 538/388/395 286/253/205
f 538/388/395 536/473/338 286/253/205
f 536/473/338 537/473/394 286/253/205
f 271/238/192 286/253/205 537/473/394
f 286/253/205 205/172/128 435/388/338
f 539/391/396 440/391/343 441/392/344
f 22/22/22 439/22/342 436/134/339
f 437/389/340 441/392/344 438/390/341
f 440/391/343 442/393/345 438/390/341
f 442/393/345 436/134/339 439/22/342
f 540/389/397 437/389/340 439/22/342
f 541/474/67 542/475/398 543/476/399
f 544/477/400 545/478/53 543/476/399
f 546/479/401 547/480/402 543/476/399
f 542/475/398 546/479/401 543/476/399
f 547/480/402 548/481/403 543/476/399
f 548/481/403 549/482/404 543/476/399
f 549/482/404 544/477/400 543/476/399
f 550/483/400 551/484/53 552/485/399
f 553/486/404 550/483/400 552/485/399
f 554/487/403 553/486/404 552/485/399
f 555/488/402 554/487/403 552/485/399
f 556/489/401 555/488/402 552/485/399
f 557/490/67 558/491/398 552/485/399
f 558/491/398 556/489/401 552/485/399
f 489/428/364 491/430/363 559/492/405
f 560/493/406 561/494/407 562/495/408
f 563/496/347 564/497/409 565/498/410
f 1/1/1 566/3/411 567/2/412
f 4/4/4 6/6/6 568/5/413
f 1/1/1 8/8/8 569/7/414
f 570/9/415 571/11/416 572/10/417
f 573/12/418 574/14/419 575/13/420
f 576/15/421 577/17/422 578/16/423
f 579/18/424 580/20/425 581/19/426
f 582/21/427 583/23/428 584/22/429
f 585/24/430 26/26/26 25/25/25
f 8/8/8 586/27/431 569/7/414
f 587/28/432 582/21/427 588/29/433
f 589/30/434 590/32/435 31/31/31
f 591/33/436 592/35/437 593/34/438
f 594/36/402 595/38/439 596/37/440
f 39/39/39 597/40/441 596/37/440
f 595/38/439 594/36/402 598/41/401
f 599/42/442 598/41/401 600/43/398
f 597/40/441 601/45/400 602/44/404
f 603/46/443 602/44/404 604/47/403
f 594/36/402 604/47/403 605/48/444
f 594/36/402 606/50/445 607/49/446
f 601/45/400 608/52/447 609/51/448
f 600/43/398 598/41/401 607/49/446
f 53/53/53 54/54/53 608/52/447
f 604/47/403 602/44/404 609/51/448
f 610/55/449 611/57/445 612/56/402
f 613/58/450 614/60/451 615/59/400
f 61/61/58 62/62/58 615/59/400
f 616/63/452 610/55/449 617/64/453
f 613/58/450 618/66/454 619/65/455
f 611/57/445 620/67/456 619/65/455
f 621/68/457 622/70/458 623/69/459
f 624/71/460 73/73/39 72/72/58
f 625/74/457 626/76/458 627/75/459
f 628/77/460 79/79/39 78/78/58
f 629/80/457 630/82/458 631/81/459
f 632/83/460 85/85/39 84/84/58
f 633/86/457 634/88/458 635/87/459
f 636/89/460 91/91/39 90/90/58
f 637/92/457 638/94/458 639/93/459
f 640/95/460 97/97/39 96/96/58
f 641/98/461 600/43/398 99/99/67
f 642/100/462 585/24/430 643/101/463
f 644/102/464 643/101/463 645/103/465
f 585/24/430 646/105/466 647/104/467
f 643/101/463 647/104/467 648/106/468
f 566/3/411 569/7/414 575/13/420
f 649/107/469 650/109/470 651/108/471
f 646/105/466 652/111/472 653/110/473
f 574/14/419 654/113/474 655/112/475
f 99/99/67 600/43/398 656/114/476
f 115/115/83 657/117/477 658/116/478
f 118/118/86 659/120/479 660/119/480
f 661/119/481 662/120/482 122/118/90
f 124/121/83 663/123/477 664/122/478
f 127/124/31 665/126/435 666/125/483
f 130/118/86 667/120/479 668/119/480
f 669/119/481 670/120/482 134/118/90
f 136/127/83 671/129/477 672/128/478
f 139/118/86 673/120/479 674/119/480
f 675/119/481 676/120/482 143/118/90
f 145/130/83 677/132/477 678/131/478
f 148/133/94 149/134/95 583/23/428
f 150/118/86 679/120/479 680/119/480
f 681/119/481 682/120/482 154/118/90
f 156/135/83 683/137/477 684/136/478
f 159/118/86 685/120/479 686/119/480
f 687/119/481 688/120/482 163/118/90
f 53/53/53 601/45/400 597/40/441
f 165/138/96 616/63/452 689/139/398
f 652/111/472 168/141/98 167/140/97
f 652/111/472 567/2/412 690/142/484
f 653/110/473 691/144/485 692/143/486
f 566/3/411 574/14/419 690/142/484
f 25/25/25 168/141/98 652/111/472
f 647/104/467 653/110/473 692/143/486
f 693/145/487 694/145/488 695/145/402
f 696/146/489 697/148/490 698/147/400
f 178/149/106 179/150/53 698/147/400
f 699/145/491 693/145/487 700/145/401
f 701/151/492 696/146/489 702/152/404
f 703/153/493 701/151/492 704/154/403
f 186/145/110 699/145/491 705/145/398
f 588/29/433 706/156/494 707/155/495
f 708/157/496 192/159/115 191/158/114
f 193/160/116 195/162/118 709/161/497
f 196/163/119 710/165/498 711/164/499
f 191/158/114 200/167/123 712/166/500
f 713/168/501 710/165/498 196/163/119
f 200/167/123 714/169/502 712/166/500
f 706/156/494 714/169/502 715/170/503
f 716/171/504 717/172/505 586/27/431
f 569/7/414 586/27/431 575/13/420
f 718/173/506 719/175/507 720/174/508
f 721/176/509 722/178/134 723/177/510
f 212/179/511 724/181/512 725/180/513
f 721/176/509 726/183/514 727/182/515
f 718/173/506 728/185/516 729/184/517
f 728/185/516 718/173/506 730/186/518
f 728/185/516 731/188/519 732/187/520
f 726/183/514 733/190/521 222/189/145
f 222/189/145 733/190/521 734/191/522
f 731/188/519 724/181/512 735/192/522
f 736/193/523 737/195/524 738/194/525
f 739/196/526 740/198/527 741/197/528
f 742/202/157 237/204/159 743/203/529
f 237/204/159 744/206/161 745/205/530
f 746/207/531 747/209/164 748/208/163
f 741/197/528 740/198/527 749/213/532
f 737/195/524 750/215/533 751/214/534
f 750/215/533 752/217/535 753/216/536
f 745/205/530 744/206/161 754/218/173
f 755/219/537 749/213/532 756/220/538
f 757/221/176 756/220/538 758/222/539
f 759/223/178 760/225/540 761/224/541
f 762/228/542 763/230/173 764/229/543
f 760/225/540 759/223/178 264/231/185
f 765/232/186 766/234/544 767/233/545
f 768/235/546 769/237/547 770/236/548
f 771/238/549 772/240/550 773/239/551
f 590/32/435 589/30/434 774/499/552
f 582/21/427 709/161/497 708/157/496
f 775/244/553 713/168/501 776/245/435
f 706/156/494 588/29/433 708/157/496
f 707/155/495 710/165/498 713/168/501
f 711/164/499 710/165/498 707/155/495
f 777/246/554 712/166/500 714/169/502
f 716/171/504 281/248/200 778/247/555
f 8/8/8 283/250/202 779/249/556
f 281/248/200 285/252/204 780/251/557
f 781/253/558 717/172/505 780/251/557
f 782/254/559 783/256/560 784/255/561
f 785/257/561 786/259/562 787/258/209
f 296/260/214 788/261/563 789/261/564
f 790/256/565 783/256/560 782/254/559
f 784/255/561 791/255/218 296/260/214
f 301/262/219 792/263/566 779/249/556
f 586/27/431 779/249/556 792/263/566
f 788/261/563 793/264/222 794/264/567
f 795/260/568 789/261/564 794/264/567
f 796/254/226 782/254/559 794/264/567
f 797/268/560 798/269/569 786/259/562
f 797/268/560 799/271/565 800/270/232
f 798/269/569 800/270/232 801/272/570
f 787/258/209 786/259/562 802/273/571
f 798/269/569 803/274/572 802/273/571
f 568/5/413 6/6/6 319/275/237
f 642/100/462 568/5/413 804/276/573
f 26/26/26 585/24/430 804/276/573
f 319/275/237 322/278/240 805/277/574
f 323/279/241 804/276/573 806/280/575
f 568/5/413 807/281/576 806/280/575
f 322/278/240 327/283/245 808/282/577
f 328/284/246 806/280/575 809/285/578
f 807/281/576 805/277/574 809/285/578
f 808/282/577 327/283/245 330/286/248
f 331/287/249 809/285/578 810/288/579
f 809/285/578 805/277/574 808/282/577
f 811/289/580 335/291/253 334/290/252
f 334/290/252 337/293/255 812/292/581
f 338/294/256 813/296/582 814/295/583
f 811/289/580 815/297/584 814/295/583
f 337/293/255 343/299/261 816/298/585
f 344/300/262 814/295/583 817/301/586
f 815/297/584 812/292/581 817/301/586
f 816/298/585 343/299/261 346/302/264
f 347/303/265 817/301/586 818/304/587
f 817/301/586 812/292/581 816/298/585
f 691/144/485 655/112/475 654/113/474
f 709/161/497 582/21/427 819/305/588
f 709/161/497 195/162/118 192/159/115
f 772/240/550 771/238/549 582/21/427
f 582/21/427 771/238/549 819/305/588
f 819/305/588 781/253/558 193/160/116
f 820/306/589 821/308/590 822/307/591
f 353/309/271 734/191/522 823/310/512
f 718/173/506 820/306/589 824/311/592
f 359/315/276 360/316/277 822/307/591
f 731/188/519 825/320/593 725/180/513
f 365/321/594 826/323/283 827/322/595
f 827/322/595 826/323/283 828/324/284
f 829/325/596 830/327/287 831/326/597
f 832/328/598 828/324/284 830/327/287
f 833/329/289 834/331/513 835/330/599
f 836/332/600 829/325/596 837/333/599
f 838/334/601 832/328/598 829/325/596
f 827/322/595 832/328/598 838/334/601
f 839/335/591 827/322/595 840/336/602
f 731/188/519 728/185/516 841/340/601
f 654/113/474 842/33/603 843/341/604
f 844/342/605 845/344/422 846/343/606
f 847/345/469 848/347/470 849/346/607
f 850/348/608 851/350/609 852/349/610
f 853/351/425 854/353/610 855/352/611
f 856/354/612 857/355/613 649/107/469
f 717/172/505 858/34/614 859/35/615
f 860/356/616 861/357/617 857/355/613
f 862/358/618 852/349/610 847/345/469
f 863/359/606 864/361/619 865/360/620
f 864/361/619 863/359/606 866/362/621
f 867/363/622 868/365/623 869/364/424
f 870/366/470 869/364/424 868/365/623
f 871/367/624 872/369/470 873/368/625
f 867/363/622 874/371/626 875/370/617
f 876/372/627 877/374/628 878/373/629
f 879/375/616 880/376/630 865/360/620
f 881/377/608 882/379/631 883/378/632
f 876/372/627 884/381/633 885/380/634
f 872/369/470 885/380/634 884/381/633
f 878/373/629 881/377/608 886/382/635
f 887/383/636 888/384/637 883/378/632
f 870/366/470 889/386/638 890/385/639
f 888/384/637 887/383/636 871/367/624
f 875/370/617 879/375/616 891/387/640
f 717/172/505 892/388/641 858/34/614
f 584/22/429 149/134/95 436/134/339
f 893/389/642 894/22/643 895/390/644
f 440/391/343 896/392/645 895/390/644
f 442/393/345 895/390/644 894/22/643
f 717/172/505 716/171/504 780/251/557
f 780/251/557 716/171/504 778/247/555
f 1/1/1 567/2/412 167/140/97
f 4/4/4 568/5/413 642/100/462
f 1/1/1 569/7/414 566/3/411
f 443/394/346 897/396/646 898/395/645
f 573/12/418 592/35/437 591/33/436
f 573/12/418 899/397/635 592/35/437
f 654/113/474 900/12/647 842/33/603
f 900/12/647 574/14/419 573/12/418
f 573/12/418 575/13/420 899/397/635
f 901/397/648 586/27/431 859/35/615
f 901/397/648 575/13/420 586/27/431
f 574/14/419 900/12/647 654/113/474
f 899/397/635 575/13/420 901/397/648
f 578/16/423 577/17/422 902/398/624
f 577/17/422 576/15/421 903/399/618
f 903/399/618 576/15/421 904/400/649
f 905/401/617 581/19/426 906/402/650
f 906/402/650 581/19/426 580/20/425
f 580/20/425 579/18/424 907/403/651
f 583/23/428 582/21/427 587/28/432
f 585/24/430 25/25/25 646/105/466
f 587/28/432 588/29/433 775/244/553
f 589/30/434 31/31/31 455/404/353
f 591/33/436 593/34/438 908/341/652
f 594/36/402 596/37/440 604/47/403
f 39/39/39 595/38/439 457/405/83
f 457/405/83 595/38/439 641/98/461
f 641/98/461 595/38/439 599/42/442
f 595/38/439 39/39/39 596/37/440
f 596/37/440 597/40/441 603/46/443
f 595/38/439 598/41/401 599/42/442
f 599/42/442 600/43/398 641/98/461
f 597/40/441 602/44/404 603/46/443
f 603/46/443 604/47/403 596/37/440
f 594/36/402 605/48/444 606/50/445
f 594/36/402 607/49/446 598/41/401
f 601/45/400 609/51/448 602/44/404
f 600/43/398 607/49/446 656/114/476
f 53/53/53 608/52/447 601/45/400
f 604/47/403 609/51/448 605/48/444
f 610/55/449 612/56/402 617/64/453
f 613/58/450 615/59/400 618/66/454
f 61/61/58 615/59/400 614/60/451
f 616/63/452 617/64/453 689/139/398
f 613/58/450 619/65/455 620/67/456
f 611/57/445 619/65/455 612/56/402
f 621/68/457 623/69/459 909/406/653
f 624/71/460 72/72/58 910/407/654
f 625/74/457 627/75/459 911/408/653
f 628/77/460 78/78/58 912/409/654
f 629/80/457 631/81/459 913/410/653
f 632/83/460 84/84/58 914/411/654
f 633/86/457 635/87/459 915/412/653
f 636/89/460 90/90/58 916/413/654
f 637/92/457 639/93/459 917/414/653
f 640/95/460 96/96/58 918/415/654
f 641/98/461 99/99/67 457/405/83
f 642/100/462 643/101/463 644/102/464
f 585/24/430 647/104/467 643/101/463
f 566/3/411 575/13/420 574/14/419
f 649/107/469 651/108/471 919/416/655
f 646/105/466 653/110/473 647/104/467
f 574/14/419 655/112/475 690/142/484
f 99/99/67 656/114/476 469/417/67
f 115/115/83 658/116/478 470/418/67
f 118/118/86 660/119/480 471/419/53
f 661/119/481 122/118/90 472/419/39
f 124/121/83 664/122/478 473/420/67
f 474/421/31 713/168/501 475/422/358
f 130/118/86 668/119/480 476/419/53
f 669/119/481 134/118/90 477/419/39
f 136/127/83 672/128/478 478/423/67
f 139/118/86 674/119/480 479/419/53
f 675/119/481 143/118/90 480/419/39
f 145/130/83 678/131/478 481/424/67
f 920/243/434 148/133/94 583/23/428
f 583/23/428 149/134/95 584/22/429
f 150/118/86 680/119/480 482/419/53
f 681/119/481 154/118/90 483/419/39
f 156/135/83 684/136/478 484/425/67
f 159/118/86 686/119/480 485/419/53
f 687/119/481 163/118/90 486/419/39
f 921/426/656 922/428/657 923/427/658
f 923/427/658 922/428/657 490/429/362
f 4/4/362 922/428/659 491/430/363
f 53/53/53 597/40/441 39/39/39
f 165/138/96 689/139/398 492/431/96
f 652/111/472 167/140/97 567/2/412
f 652/111/472 690/142/484 653/110/473
f 691/144/485 690/142/484 655/112/475
f 690/142/484 691/144/485 653/110/473
f 566/3/411 690/142/484 567/2/412
f 25/25/25 652/111/472 646/105/466
f 924/432/660 692/143/486 691/144/485
f 647/104/467 692/143/486 648/106/468
f 693/145/487 695/145/402 700/145/401
f 696/146/489 698/147/400 702/152/404
f 178/149/106 698/147/400 697/148/490
f 699/145/491 700/145/401 705/145/398
f 701/151/492 702/152/404 704/154/403
f 703/153/493 704/154/403 925/433/402
f 186/145/110 705/145/398 495/145/67
f 588/29/433 707/155/495 775/244/553
f 708/157/496 191/158/114 777/246/554
f 193/160/116 709/161/497 819/305/588
f 196/163/119 711/164/499 496/434/366
f 191/158/114 712/166/500 777/246/554
f 713/168/501 196/163/119 475/422/358
f 714/169/502 496/434/366 715/170/503
f 715/170/503 496/434/366 711/164/499
f 496/434/366 714/169/502 200/167/123
f 706/156/494 715/170/503 707/155/495
f 718/173/506 720/174/508 820/306/589
f 721/176/509 723/177/510 926/435/661
f 212/179/511 725/180/513 927/436/662
f 721/176/509 727/182/515 722/178/134
f 718/173/506 729/184/517 719/175/507
f 728/185/516 730/186/518 841/340/601
f 728/185/516 732/187/520 729/184/517
f 726/183/514 222/189/145 727/182/515
f 222/189/145 734/191/522 353/309/271
f 731/188/519 735/192/522 732/187/520
f 736/193/523 738/194/525 928/437/663
f 739/196/526 741/197/528 929/438/164
f 742/202/157 743/203/529 930/440/664
f 237/204/159 745/205/530 743/203/529
f 746/207/531 748/208/163 931/441/665
f 741/197/528 749/213/532 755/219/537
f 737/195/524 751/214/534 738/194/525
f 750/215/533 753/216/536 751/214/534
f 745/205/530 754/218/173 932/442/666
f 755/219/537 756/220/538 757/221/176
f 757/221/176 758/222/539 264/231/185
f 759/223/178 761/224/541 933/443/667
f 762/228/542 764/229/543 767/233/545
f 760/225/540 264/231/185 758/222/539
f 765/232/186 767/233/545 764/229/543
f 934/447/668 770/236/548 769/237/547
f 769/237/547 753/216/536 752/217/535
f 768/235/546 753/216/536 769/237/547
f 776/245/435 583/23/428 587/28/432
f 582/21/427 708/157/496 588/29/433
f 775/244/553 776/245/435 587/28/432
f 706/156/494 708/157/496 777/246/554
f 707/155/495 713/168/501 775/244/553
f 711/164/499 707/155/495 715/170/503
f 777/246/554 714/169/502 706/156/494
f 281/248/200 716/171/504 301/262/219
f 301/262/219 716/171/504 792/263/566
f 8/8/8 779/249/556 586/27/431
f 778/247/555 281/248/200 780/251/557
f 780/251/557 285/252/204 935/448/669
f 781/253/558 780/251/557 935/448/669
f 782/254/559 784/255/561 795/260/568
f 785/257/561 787/258/209 936/449/379
f 296/260/214 789/261/564 795/260/568
f 790/256/565 782/254/559 796/254/226
f 784/255/561 296/260/214 795/260/568
f 301/262/219 779/249/556 283/250/202
f 586/27/431 792/263/566 716/171/504
f 788/261/563 794/264/567 789/261/564
f 795/260/568 794/264/567 782/254/559
f 796/254/226 794/264/567 793/264/222
f 797/268/560 786/259/562 785/257/561
f 797/268/560 800/270/232 798/269/569
f 798/269/569 801/272/570 803/274/572
f 787/258/209 802/273/571 937/451/382
f 798/269/569 802/273/571 786/259/562
f 568/5/413 319/275/237 807/281/576
f 642/100/462 804/276/573 585/24/430
f 26/26/26 804/276/573 323/279/241
f 319/275/237 805/277/574 807/281/576
f 323/279/241 806/280/575 328/284/246
f 568/5/413 806/280/575 804/276/573
f 322/278/240 808/282/577 805/277/574
f 328/284/246 809/285/578 331/287/249
f 807/281/576 809/285/578 806/280/575
f 808/282/577 330/286/248 810/288/579
f 331/287/249 810/288/579 330/286/248
f 809/285/578 808/282/577 810/288/579
f 811/289/580 334/290/252 815/297/584
f 334/290/252 812/292/581 815/297/584
f 338/294/256 814/295/583 344/300/262
f 811/289/580 814/295/583 813/296/582
f 337/293/255 816/298/585 812/292/581
f 344/300/262 817/301/586 347/303/265
f 815/297/584 817/301/586 814/295/583
f 816/298/585 346/302/264 818/304/587
f 347/303/265 818/304/587 346/302/264
f 817/301/586 816/298/585 818/304/587
f 691/144/485 654/113/474 924/432/660
f 709/161/497 192/159/115 708/157/496
f 193/160/116 781/253/558 285/252/204
f 285/252/204 781/253/558 935/448/669
f 781/253/558 819/305/588 771/238/549
f 820/306/589 822/307/591 824/311/592
f 353/309/271 823/310/512 515/452/135
f 718/173/506 824/311/592 730/186/518
f 359/315/276 822/307/591 821/308/590
f 731/188/519 725/180/513 724/181/512
f 365/321/594 827/322/595 839/335/591
f 827/322/595 828/324/284 832/328/598
f 829/325/596 831/326/597 837/333/599
f 832/328/598 830/327/287 829/325/596
f 833/329/289 835/330/599 938/455/597
f 836/332/600 837/333/599 939/456/670
f 838/334/601 829/325/596 836/332/600
f 827/322/595 838/334/601 840/336/602
f 839/335/591 840/336/602 940/457/671
f 731/188/519 841/340/601 825/320/593
f 654/113/474 843/341/604 941/462/672
f 846/343/606 845/344/422 942/463/673
f 845/344/422 844/342/605 943/464/612
f 943/464/612 844/342/605 944/465/674
f 847/345/469 849/346/607 945/466/675
f 850/348/608 852/349/610 862/358/618
f 853/351/425 946/468/676 947/467/651
f 946/468/676 853/351/425 855/352/611
f 855/352/611 854/353/610 948/469/629
f 856/354/612 649/107/469 919/416/655
f 717/172/505 859/35/615 586/27/431
f 860/356/616 857/355/613 856/354/612
f 862/358/618 847/345/469 945/466/675
f 863/359/606 865/360/620 880/376/630
f 864/361/619 866/362/621 890/385/639
f 867/363/622 869/364/424 874/371/626
f 870/366/470 868/365/623 889/386/638
f 871/367/624 873/368/625 949/470/677
f 867/363/622 875/370/617 950/471/678
f 876/372/627 878/373/629 951/472/679
f 879/375/616 865/360/620 891/387/640
f 881/377/608 883/378/632 886/382/635
f 876/372/627 885/380/634 877/374/628
f 872/369/470 884/381/633 873/368/625
f 878/373/629 886/382/635 951/472/679
f 887/383/636 883/378/632 882/379/631
f 870/366/470 890/385/639 866/362/621
f 888/384/637 871/367/624 949/470/677
f 875/370/617 891/387/640 950/471/678
f 593/34/438 952/473/641 908/341/652
f 953/473/680 941/462/672 843/341/604
f 954/388/681 952/473/641 593/34/438
f 953/473/680 771/238/549 941/462/672
f 941/462/672 771/238/549 773/239/551
f 892/388/641 781/253/558 954/388/681
f 954/388/681 781/253/558 952/473/641
f 952/473/641 781/253/558 953/473/680
f 771/238/549 953/473/680 781/253/558
f 781/253/558 892/388/641 717/172/505
f 539/391/396 896/392/645 440/391/343
f 584/22/429 436/134/339 894/22/643
f 893/389/642 895/390/644 896/392/645
f 440/391/343 895/390/644 442/393/345
f 442/393/345 894/22/643 436/134/339
f 955/389/682 894/22/643 893/389/642
f 541/474/67 543/476/399 956/475/43
f 957/477/45 543/476/399 545/478/53
f 958/479/41 543/476/399 959/480/36
f 956/475/43 543/476/399 958/479/41
f 959/480/36 543/476/399 960/481/47
f 960/481/47 543/476/399 961/482/44
f 961/482/44 543/476/399 957/477/45
f 962/483/45 552/485/399 551/484/53
f 963/486/44 552/485/399 962/483/45
f 964/487/47 552/485/399 963/486/44
f 965/488/36 552/485/399 964/487/47
f 966/489/41 552/485/399 965/488/36
f 557/490/67 552/485/399 967/491/43
f 967/491/43 552/485/399 966/489/41
f 922/428/659 968/492/683 491/430/363
f 969/493/684 970/495/685 971/494/686
f 972/496/646 973/498/687 974/497/688
f 489/428/364 559/492/405 975/500/689
f 489/428/364 975/500/689 976/501/690
f 977/502/691 978/503/692 979/504/693
f 977/502/691 979/504/693 980/505/694
f 981/506/695 978/503/692 982/507/696
f 981/506/695 982/507/696 983/508/696
f 984/509/53 985/510/45 986/510/476
f 984/509/53 986/510/476 987/509/67
f 988/511/697 989/511/689 990/512/405
f 988/511/697 990/512/405 991/512/698
f 992/513/699 993/514/700 994/515/689
f 992/513/699 994/515/689 995/516/701
f 493/432/365 170/143/100 106/106/74
f 493/432/365 106/106/74 996/517/702
f 176/147/45 183/152/44 997/518/446
f 176/147/45 997/518/446 998/519/703
f 493/432/365 525/462/388 113/113/81
f 993/514/700 992/513/699 999/520/409
f 993/514/700 999/520/409 1000/521/704
f 540/389/397 439/22/342 22/22/22
f 540/389/397 22/22/22 1001/522/705
f 21/21/21 273/240/194 1002/523/706
f 21/21/21 1002/523/706 22/22/22
f 1003/524/707 1004/525/47 1005/525/445
f 1003/524/707 1005/525/445 1006/524/446
f 1007/526/708 1008/527/43 1009/527/447
f 1007/526/708 1009/527/447 1010/526/709
f 1011/528/710 443/394/346 1012/529/347
f 1011/528/710 1012/529/347 1013/530/711
f 273/240/194 272/239/193 525/462/388
f 273/240/194 525/462/388 1014/531/712
f 102/102/70 489/428/364 976/501/690
f 102/102/70 976/501/690 103/103/71
f 101/101/69 103/103/71 1015/532/713
f 101/101/69 1015/532/713 106/106/74
f 187/145/43 495/145/67 1016/145/53
f 187/145/43 1016/145/53 1017/145/447
f 985/510/45 1003/524/707 1006/524/446
f 985/510/45 1006/524/446 986/510/476
f 1008/527/43 1018/533/67 1019/533/53
f 1008/527/43 1019/533/53 1009/527/447
f 1020/534/714 1007/526/708 1010/526/709
f 1020/534/714 1010/526/709 1021/534/456
f 1004/525/47 1022/535/36 1023/535/456
f 1004/525/47 1023/535/456 1005/525/445
f 179/150/53 176/147/45 998/519/703
f 179/150/53 998/519/703 1024/536/67
f 181/145/41 187/145/43 1017/145/447
f 181/145/41 1017/145/447 1025/145/709
f 173/145/36 181/145/41 1025/145/709
f 173/145/36 1025/145/709 1026/145/456
f 185/154/47 494/433/36 1027/537/456
f 185/154/47 1027/537/456 1028/538/445
f 1029/539/96 1030/540/715 542/475/398
f 1029/539/96 542/475/398 541/474/67
f 1031/541/449 1032/542/445 547/480/402
f 1031/541/449 547/480/402 546/479/401
f 1030/540/715 1031/541/449 546/479/401
f 1030/540/715 546/479/401 542/475/398
f 1033/543/716 1034/544/53 545/478/53
f 1033/543/716 545/478/53 544/477/400
f 1032/542/445 1035/545/444 548/481/403
f 1032/542/445 548/481/403 547/480/402
f 1036/546/709 1033/543/716 544/477/400
f 1036/546/709 544/477/400 549/482/404
f 1035/545/444 1036/546/709 549/482/404
f 1035/545/444 549/482/404 548/481/403
f 978/503/692 977/502/691 1037/547/717
f 978/503/692 1037/547/717 982/507/696
f 977/502/691 980/505/694 1000/521/704
f 977/502/691 1000/521/704 1038/548/718
f 1039/549/692 525/462/719 1040/550/720
f 1039/549/692 1040/550/720 1041/551/693
f 1042/552/721 103/103/71 976/501/690
f 1042/552/721 976/501/690 975/500/689
f 493/432/365 996/517/702 1041/551/693
f 493/432/365 1041/551/693 1040/550/720
f 1043/553/694 1041/551/693 996/517/702
f 1043/553/694 996/517/702 106/106/74
f 1044/554/722 1045/555/723 982/507/696
f 1044/554/722 982/507/696 1037/547/717
f 983/508/696 982/507/696 1045/555/723
f 983/508/696 1045/555/723 1046/556/724
f 491/430/363 1047/557/725 1048/558/698
f 491/430/363 1048/558/698 559/492/405
f 1015/532/713 1049/559/726 1043/553/694
f 1015/532/713 1043/553/694 106/106/74
f 103/103/71 1042/552/721 1049/559/726
f 103/103/71 1049/559/726 1015/532/713
f 1050/560/727 1051/561/718 1052/562/347
f 1050/560/727 1052/562/347 444/395/344
f 183/152/44 185/154/47 1028/538/445
f 183/152/44 1028/538/445 997/518/446
f 1053/489/446 1054/488/728 555/488/402
f 1053/489/446 555/488/402 556/489/401
f 1055/491/729 1053/489/446 556/489/401
f 1055/491/729 556/489/401 558/491/398
f 1056/483/451 1057/484/730 551/484/53
f 1056/483/451 551/484/53 550/483/400
f 1054/488/728 1058/487/731 554/487/403
f 1054/488/728 554/487/403 555/488/402
f 1059/486/732 1056/483/451 550/483/400
f 1059/486/732 550/483/400 553/486/404
f 1058/487/731 1059/486/732 553/486/404
f 1058/487/731 553/486/404 554/487/403
f 1060/490/67 1055/491/729 558/491/398
f 1060/490/67 558/491/398 557/490/67
f 1061/563/711 563/496/347 565/498/410
f 1061/563/711 565/498/410 988/511/697
f 1062/564/710 1061/563/711 988/511/697
f 1062/564/710 988/511/697 991/512/698
f 1011/528/710 1063/565/408 1064/566/363
f 1011/528/710 1064/566/363 443/394/346
f 922/428/659 1065/501/733 1066/500/734
f 922/428/659 1066/500/734 968/492/683
f 1067/502/735 1068/505/736 1069/504/737
f 1067/502/735 1069/504/737 1070/503/738
f 1071/506/739 1072/508/740 1073/507/740
f 1071/506/739 1073/507/740 1070/503/738
f 984/509/53 987/509/67 1074/510/82
f 984/509/53 1074/510/82 1075/510/400
f 1076/511/741 1077/512/742 1078/512/743
f 1076/511/741 1078/512/743 1079/511/734
f 1080/513/744 1081/516/745 1082/515/734
f 1080/513/744 1082/515/734 1083/514/746
f 924/432/660 1084/517/747 648/106/468
f 924/432/660 648/106/468 692/143/486
f 698/147/400 1085/519/82 1086/518/748
f 698/147/400 1086/518/748 702/152/404
f 924/432/660 654/113/474 941/462/672
f 1083/514/746 1087/521/749 1088/520/750
f 1083/514/746 1088/520/750 1080/513/744
f 955/389/682 1089/522/751 584/22/429
f 955/389/682 584/22/429 894/22/643
f 582/21/427 584/22/429 1090/523/752
f 582/21/427 1090/523/752 772/240/550
f 1091/524/753 1092/524/748 1093/525/50
f 1091/524/753 1093/525/50 1094/525/403
f 1095/526/453 1096/526/51 1097/527/52
f 1095/526/453 1097/527/52 1098/527/398
f 1099/528/754 1100/530/755 1101/529/646
f 1099/528/754 1101/529/646 443/394/346
f 772/240/550 1102/531/756 941/462/672
f 772/240/550 941/462/672 773/239/551
f 644/102/464 645/103/465 1065/501/733
f 644/102/464 1065/501/733 922/428/659
f 643/101/463 648/106/468 1103/532/757
f 643/101/463 1103/532/757 645/103/465
f 705/145/398 1104/145/758 1016/145/53
f 705/145/398 1016/145/53 495/145/67
f 1075/510/400 1074/510/82 1092/524/748
f 1075/510/400 1092/524/748 1091/524/753
f 1098/527/398 1097/527/52 1019/533/53
f 1098/527/398 1019/533/53 1018/533/67
f 1105/534/759 1106/534/760 1096/526/51
f 1105/534/759 1096/526/51 1095/526/453
f 1094/525/403 1093/525/50 1107/535/760
f 1094/525/403 1107/535/760 1108/535/402
f 179/150/53 1024/536/67 1085/519/82
f 179/150/53 1085/519/82 698/147/400
f 700/145/401 1109/145/51 1104/145/758
f 700/145/401 1104/145/758 705/145/398
f 695/145/402 1110/145/760 1109/145/51
f 695/145/402 1109/145/51 700/145/401
f 704/154/403 1111/538/50 1112/537/48
f 704/154/403 1112/537/48 925/433/402
f 1029/539/96 541/474/67 956/475/43
f 1029/539/96 956/475/43 1113/540/761
f 1114/541/54 958/479/41 959/480/36
f 1114/541/54 959/480/36 1115/542/56
f 1113/540/761 956/475/43 958/479/41
f 1113/540/761 958/479/41 1114/541/54
f 1116/543/57 957/477/45 545/478/53
f 1116/543/57 545/478/53 1034/544/53
f 1115/542/56 959/480/36 960/481/47
f 1115/542/56 960/481/47 1117/545/760
f 1118/546/762 961/482/44 957/477/45
f 1118/546/762 957/477/45 1116/543/57
f 1117/545/760 960/481/47 961/482/44
f 1117/545/760 961/482/44 1118/546/762
f 1070/503/738 1073/507/740 1119/547/763
f 1070/503/738 1119/547/763 1067/502/735
f 1067/502/735 1120/548/688 1087/521/749
f 1067/502/735 1087/521/749 1068/505/736
f 1121/549/738 1122/551/737 1123/550/764
f 1121/549/738 1123/550/764 941/462/765
f 1124/552/766 1066/500/734 1065/501/733
f 1124/552/766 1065/501/733 645/103/465
f 924/432/660 1123/550/764 1122/551/737
f 924/432/660 1122/551/737 1084/517/747
f 1125/553/736 648/106/468 1084/517/747
f 1125/553/736 1084/517/747 1122/551/737
f 1126/554/767 1119/547/763 1073/507/740
f 1126/554/767 1073/507/740 1127/555/768
f 1072/508/740 1128/556/769 1127/555/768
f 1072/508/740 1127/555/768 1073/507/740
f 491/430/363 968/492/683 1129/558/742
f 491/430/363 1129/558/742 1130/557/770
f 1103/532/757 648/106/468 1125/553/736
f 1103/532/757 1125/553/736 1131/559/771
f 645/103/465 1103/532/757 1131/559/771
f 645/103/465 1131/559/771 1124/552/766
f 1132/560/772 898/395/645 1133/562/646
f 1132/560/772 1133/562/646 1134/561/750
f 702/152/404 1086/518/748 1111/538/50
f 702/152/404 1111/538/50 704/154/403
f 1135/489/773 966/489/41 965/488/36
f 1135/489/773 965/488/36 1136/488/774
f 1137/491/775 967/491/43 966/489/41
f 1137/491/775 966/489/41 1135/489/773
f 1138/483/776 962/483/45 551/484/53
f 1138/483/776 551/484/53 1057/484/730
f 1136/488/774 965/488/36 964/487/47
f 1136/488/774 964/487/47 1139/487/777
f 1140/486/762 963/486/44 962/483/45
f 1140/486/762 962/483/45 1138/483/776
f 1139/487/777 964/487/47 963/486/44
f 1139/487/777 963/486/44 1140/486/762
f 1060/490/67 557/490/67 967/491/43
f 1060/490/67 967/491/43 1137/491/775
f 1141/563/755 1076/511/741 973/498/687
f 1141/563/755 973/498/687 972/496/646
f 1142/564/754 1077/512/742 1076/511/741
f 1142/564/754 1076/511/741 1141/563/755
f 1099/528/754 443/394/346 1064/566/363
f 1099/528/754 1064/566/363 1143/565/685
