# Blender 5.2.1 LTS
# www.blender.org
mtllib vortex_beater.mtl
o pCube1_lambert2_0
v -0.200058 0.197258 0.062556
v -0.199350 0.141693 0.089913
v -0.157431 0.141693 0.089913
v -0.157431 0.141693 -0.089913
v -0.200202 0.141693 -0.089913
v -0.200058 0.197258 -0.062556
v -0.240627 0.146447 0.089913
v -0.240703 0.141693 0.089913
v -0.240665 0.156175 0.089913
v -0.220026 0.141693 0.089913
v -0.219924 0.146290 0.089913
v -0.219975 0.156134 0.089913
v -0.282031 0.146762 0.089913
v -0.282057 0.141693 0.089913
v -0.282044 0.156258 0.089913
v -0.261380 0.141693 0.089913
v -0.261329 0.146605 0.089913
v -0.261355 0.156217 0.089913
v -0.181101 -0.115799 0.089913
v -0.181207 -0.048746 0.089913
v -0.181284 0.000367 0.089913
v -0.302734 0.000996 0.089913
v -0.302734 0.197258 0.062556
v -0.282199 0.197258 0.062556
v -0.282199 0.197258 -0.062556
v -0.302734 0.197258 -0.062556
v -0.180778 -0.048745 -0.089913
v -0.180541 0.000367 -0.089913
v -0.157431 0.000367 -0.089913
v -0.157431 -0.048746 -0.089913
v -0.181101 -0.115799 -0.089913
v -0.157431 -0.115799 -0.089913
v -0.157431 -0.115799 0.089913
v -0.181101 -0.115799 0.089913
v -0.029449 -0.048746 0.089913
v -0.029449 -0.048746 -0.089913
v -0.029449 0.000367 -0.089913
v -0.029449 0.000367 0.089913
v -0.302734 0.000996 0.089913
v -0.302734 0.000996 -0.089913
v -0.302734 0.141693 -0.089913
v -0.282228 0.141693 -0.089913
v -0.282711 0.071303 -0.089913
v -0.302734 0.071346 -0.089913
v 0.274772 0.000367 0.089913
v 0.274772 0.000367 -0.089913
v 0.209672 0.071030 -0.089913
v 0.209672 0.071030 0.089913
v -0.157431 -0.108136 0.069363
v -0.157431 -0.108136 -0.069363
v -0.125436 -0.108136 -0.069363
v -0.125436 -0.108136 0.069363
v -0.125436 0.000367 -0.089913
v -0.125436 -0.048746 -0.089913
v -0.157431 0.000367 -0.089913
v -0.157431 0.000367 0.089913
v -0.125436 0.000367 0.089913
v -0.125436 0.000367 -0.089913
v -0.157431 0.000367 0.089913
v -0.157431 -0.048746 0.089913
v -0.125436 -0.048746 0.089913
v -0.125436 0.000367 0.089913
v -0.282228 0.141693 -0.089913
v -0.302734 0.141693 -0.089913
v -0.370481 0.141693 -0.062556
v -0.370481 0.141693 0.062556
v -0.370481 0.146919 0.062556
v -0.370481 0.146919 -0.062556
v -0.302734 0.141693 -0.089913
v -0.302734 0.141693 0.089913
v -0.370481 0.146919 0.062556
v -0.370481 0.141693 0.062556
v -0.302734 0.141693 0.089913
v -0.370481 0.141693 -0.062556
v -0.370481 0.146919 -0.062556
v -0.302734 0.000996 -0.089913
v -0.181101 -0.115799 -0.089913
v -0.220593 0.197258 -0.062556
v -0.220593 0.197258 0.062556
v -0.220709 0.141693 -0.089913
v -0.240665 0.156175 0.089913
v -0.219975 0.156134 0.089913
v -0.220593 0.190626 0.068470
v -0.241128 0.190626 0.068470
v -0.241128 0.190633 -0.068470
v -0.220593 0.190633 -0.068470
v -0.220709 0.154947 -0.089913
v -0.241215 0.154947 -0.089913
v -0.261664 0.197258 -0.062556
v -0.261664 0.197258 0.062556
v -0.241128 0.197258 0.062556
v -0.241128 0.197258 -0.062556
v -0.241215 0.141693 -0.089913
v -0.261721 0.141693 -0.089913
v -0.282044 0.156258 0.089913
v -0.261355 0.156217 0.089913
v -0.261664 0.190626 0.068470
v -0.282199 0.190626 0.068470
v -0.282199 0.190633 -0.068470
v -0.261664 0.190633 -0.068470
v -0.261721 0.154947 -0.089913
v -0.282228 0.154947 -0.089913
v -0.240703 0.141693 0.089913
v -0.220026 0.141693 0.089913
v -0.220593 0.190626 0.068470
v -0.241128 0.190626 0.068470
v -0.241128 0.190633 -0.068470
v -0.220593 0.190633 -0.068470
v -0.220709 0.154947 -0.089913
v -0.220709 0.141693 -0.089913
v -0.241215 0.141693 -0.089913
v -0.241215 0.154947 -0.089913
v -0.282057 0.141693 0.089913
v -0.261380 0.141693 0.089913
v -0.261664 0.190626 0.068470
v -0.282199 0.190626 0.068470
v -0.282199 0.190633 -0.068470
v -0.261664 0.190633 -0.068470
v -0.261721 0.154947 -0.089913
v -0.261721 0.141693 -0.089913
v -0.282228 0.141693 -0.089913
v -0.282228 0.154947 -0.089913
v -0.157431 -0.115799 0.089913
v -0.125436 -0.064071 0.089913
v -0.157431 -0.064071 0.089913
v -0.029449 -0.115799 0.089913
v -0.029449 -0.115799 -0.089913
v -0.157431 -0.064071 -0.089913
v -0.125436 -0.064071 -0.089913
v -0.157431 -0.115799 -0.089913
v -0.061445 -0.115799 0.089913
v -0.061445 -0.115799 -0.089913
v -0.061445 -0.048746 0.089913
v -0.061445 -0.115799 0.089913
v -0.061445 0.000367 0.089913
v -0.061445 -0.048746 0.089913
v -0.029449 -0.048746 0.089913
v -0.029449 0.000367 0.089913
v -0.061445 0.000367 -0.089913
v -0.061445 0.000367 0.089913
v -0.061445 -0.048746 -0.089913
v -0.061445 0.000367 -0.089913
v -0.029449 0.000367 -0.089913
v -0.029449 -0.048746 -0.089913
v -0.061445 -0.115799 -0.089913
v -0.061445 -0.048746 -0.089913
v -0.093440 -0.108136 0.069363
v -0.093440 -0.108136 -0.069363
v -0.061445 -0.108136 -0.069363
v -0.061445 -0.108136 0.069363
v -0.061445 -0.064071 0.089913
v -0.093440 -0.064071 0.089913
v -0.093440 0.000367 0.089913
v -0.093440 -0.048746 0.089913
v -0.093440 0.000367 -0.089913
v -0.093440 0.000367 0.089913
v -0.093440 -0.048746 -0.089913
v -0.093440 0.000367 -0.089913
v -0.093440 -0.064071 -0.089913
v -0.061445 -0.064071 -0.089913
v -0.125436 -0.115799 0.089913
v -0.125436 -0.115799 -0.089913
v -0.093440 -0.115799 -0.089913
v -0.093440 -0.115799 0.089913
v -0.093440 -0.048746 0.089913
v -0.125436 -0.048746 0.089913
v -0.125436 -0.048746 -0.089913
v -0.093440 -0.048746 -0.089913
v -0.157431 -0.108136 -0.069363
v -0.157431 -0.108136 0.069363
v -0.125436 -0.108136 0.069363
v -0.125436 -0.108136 -0.069363
v -0.157431 -0.048746 0.089913
v -0.157431 -0.064071 0.089913
v -0.125436 -0.064071 0.089913
v -0.157431 -0.048746 0.089913
v -0.157431 -0.064071 0.089913
v -0.125436 -0.108136 0.069363
v -0.157431 -0.064071 -0.089913
v -0.157431 -0.048746 -0.089913
v -0.125436 -0.064071 -0.089913
v -0.157431 -0.064071 -0.089913
v -0.125436 -0.108136 -0.069363
v -0.093440 -0.108136 -0.069363
v -0.093440 -0.108136 0.069363
v -0.061445 -0.108136 0.069363
v -0.061445 -0.108136 -0.069363
v -0.061445 -0.048746 0.089913
v -0.093440 -0.064071 0.089913
v -0.061445 -0.064071 0.089913
v -0.093440 -0.108136 0.069363
v -0.061445 -0.064071 0.089913
v -0.061445 -0.108136 0.069363
v -0.093440 -0.064071 -0.089913
v -0.093440 -0.108136 -0.069363
v -0.061445 -0.048746 -0.089913
v -0.061445 -0.064071 -0.089913
v -0.061445 -0.108136 -0.069363
v -0.061445 -0.064071 -0.089913
v -0.157431 0.071030 0.089913
v -0.157431 0.071030 -0.089913
v -0.157431 0.141693 -0.089913
v -0.157431 0.141693 0.089913
v -0.157431 0.000367 0.089913
v -0.157431 0.000367 -0.089913
v -0.157431 0.071030 -0.089913
v 0.209672 0.071030 -0.089913
v 0.274772 0.000367 -0.089913
v -0.157431 0.071030 0.089913
v 0.274772 0.000367 0.089913
v 0.209672 0.071030 0.089913
v -0.201022 0.071125 -0.089913
v -0.200202 0.141693 -0.089913
v -0.157431 0.141693 -0.089913
v -0.221546 0.071169 -0.089913
v -0.220709 0.141693 -0.089913
v -0.241330 0.071213 -0.089913
v -0.241215 0.141693 -0.089913
v -0.262628 0.071259 -0.089913
v -0.261721 0.141693 -0.089913
v -0.199350 0.141693 0.089913
v -0.198387 0.071119 0.089913
v -0.157431 0.141693 0.089913
v -0.302734 0.071344 0.089913
v -0.281474 0.071298 0.089913
v -0.282057 0.141693 0.089913
v -0.302734 0.141693 0.089913
v -0.261352 0.071255 0.089913
v -0.261380 0.141693 0.089913
v -0.241155 0.071211 0.089913
v -0.240703 0.141693 0.089913
v -0.220402 0.071166 0.089913
v -0.220026 0.141693 0.089913
v -0.302734 0.071344 0.089913
v -0.302734 0.071346 -0.089913
v -0.302734 0.141693 0.089913
v -0.302734 0.141693 -0.089913
v -0.157431 0.071030 -0.089913
v -0.157431 0.071030 0.089913
v -0.125436 -0.115799 -0.089913
v -0.125436 -0.115799 -0.089913
v -0.125436 -0.115799 0.089913
v -0.125436 -0.115799 0.089913
v -0.093440 -0.064071 -0.089913
v -0.093440 -0.064071 0.089913
v -0.061445 -0.108136 0.069363
v 0.209672 0.071030 0.089913
v 0.209672 0.071030 -0.089913
v 0.274772 0.000367 -0.089913
v 0.274772 0.000367 0.089913
v -0.282228 0.141693 -0.089913
v -0.157431 -0.108136 0.069363
v -0.157431 -0.108136 0.069363
v -0.029449 0.000367 0.089913
v -0.029449 0.000367 -0.089913
v -0.282199 0.197258 -0.062556
v -0.282199 0.197258 -0.062556
v -0.282199 0.197258 -0.062556
v -0.282199 0.197258 0.062556
v -0.282199 0.197258 0.062556
v -0.282199 0.197258 0.062556
v -0.219924 0.146290 0.089913
v -0.370481 0.141693 -0.062556
v -0.370481 0.141693 0.062556
v -0.241128 0.190626 0.068470
v -0.241128 0.190626 0.068470
v -0.093440 -0.108136 -0.069363
v -0.061445 -0.108136 -0.069363
v -0.061445 -0.108136 -0.069363
v -0.093440 -0.048746 0.089913
v -0.093440 -0.048746 0.089913
v -0.240627 0.146447 0.089913
v -0.240703 0.141693 0.089913
v -0.240703 0.141693 0.089913
v -0.282057 0.141693 0.089913
v -0.282057 0.141693 0.089913
v -0.061445 -0.048746 -0.089913
v -0.061445 -0.048746 -0.089913
v -0.282031 0.146762 0.089913
v -0.125436 -0.064071 0.089913
v -0.125436 -0.064071 -0.089913
v -0.219975 0.156134 0.089913
v -0.093440 -0.115799 0.089913
v -0.093440 -0.115799 0.089913
v -0.093440 -0.115799 -0.089913
v -0.093440 -0.115799 -0.089913
v -0.029449 -0.048746 -0.089913
v -0.029449 -0.048746 0.089913
v -0.181101 -0.115799 0.089913
v -0.181101 -0.115799 0.089913
v -0.157431 0.141693 0.089913
v -0.157431 0.141693 -0.089913
v -0.157431 -0.115799 0.089913
v -0.157431 -0.115799 -0.089913
v -0.240665 0.156175 0.089913
v -0.261355 0.156217 0.089913
v -0.261329 0.146605 0.089913
v -0.181207 -0.048746 0.089913
v -0.029449 -0.115799 0.089913
v -0.029449 -0.115799 0.089913
v -0.029449 -0.115799 -0.089913
v -0.029449 -0.115799 -0.089913
v -0.302734 0.000996 -0.089913
v -0.302734 0.000996 0.089913
v -0.261664 0.190633 -0.068470
v -0.261664 0.190633 -0.068470
v -0.302734 0.197258 -0.062556
v -0.302734 0.197258 0.062556
v -0.282044 0.156258 0.089913
v -0.261664 0.190626 0.068470
v -0.261664 0.190626 0.068470
v -0.200058 0.197258 -0.062556
v -0.200058 0.197258 -0.062556
v -0.200058 0.197258 0.062556
v -0.200058 0.197258 0.062556
v -0.157431 -0.108136 -0.069363
v -0.125436 -0.108136 0.069363
v -0.125436 -0.048746 -0.089913
v -0.125436 -0.048746 -0.089913
v -0.370481 0.146919 0.062556
v -0.370481 0.146919 -0.062556
v -0.181284 0.000367 0.089913
v -0.220593 0.197258 -0.062556
v -0.220593 0.197258 -0.062556
v -0.220593 0.197258 -0.062556
v -0.220593 0.197258 0.062556
v -0.220593 0.197258 0.062556
v -0.220593 0.197258 0.062556
v -0.220709 0.141693 -0.089913
v -0.157431 -0.048746 0.089913
v -0.220593 0.190626 0.068470
v -0.220593 0.190626 0.068470
v -0.125436 -0.108136 -0.069363
v -0.125436 -0.108136 -0.069363
v -0.241128 0.190633 -0.068470
v -0.241128 0.190633 -0.068470
v -0.220593 0.190633 -0.068470
v -0.220593 0.190633 -0.068470
v -0.261664 0.197258 -0.062556
v -0.261664 0.197258 -0.062556
v -0.261664 0.197258 -0.062556
v -0.261664 0.197258 0.062556
v -0.261664 0.197258 0.062556
v -0.261664 0.197258 0.062556
v -0.241128 0.197258 0.062556
v -0.241128 0.197258 0.062556
v -0.241128 0.197258 0.062556
v -0.241128 0.197258 -0.062556
v -0.241128 0.197258 -0.062556
v -0.241128 0.197258 -0.062556
v -0.061445 -0.115799 0.089913
v -0.061445 -0.115799 0.089913
v -0.061445 -0.115799 -0.089913
v -0.061445 -0.115799 -0.089913
v -0.241215 0.141693 -0.089913
v -0.261721 0.141693 -0.089913
v -0.282199 0.190626 0.068470
v -0.282199 0.190626 0.068470
v -0.282199 0.190633 -0.068470
v -0.282199 0.190633 -0.068470
v -0.093440 -0.108136 0.069363
v -0.093440 -0.108136 0.069363
v 0.307270 0.101908 -0.066057
v 0.307270 0.129827 -0.038138
v 0.307270 0.063770 0.000000
v 0.307270 0.047435 -0.076276
v 0.307270 -0.002979 -0.066057
v 0.307270 -0.002288 -0.038138
v 0.307270 -0.012507 0.000000
v 0.307270 -0.002288 0.038138
v 0.307270 -0.002979 0.066057
v 0.307270 0.047435 0.076276
v 0.307270 0.101908 0.066057
v 0.307270 0.129827 0.038138
v 0.307270 0.140046 0.000000
v -0.169973 0.129827 -0.038138
v -0.169973 0.101908 -0.066057
v -0.169973 0.063770 0.000000
v -0.169973 0.047435 -0.076276
v -0.169973 -0.002979 -0.066057
v -0.169973 -0.002288 -0.038138
v -0.169973 -0.012507 0.000000
v -0.169973 -0.002288 0.038138
v -0.169973 -0.002979 0.066057
v -0.169973 0.047435 0.076276
v -0.169973 0.101908 0.066057
v -0.169973 0.129827 0.038138
v -0.169973 0.140046 0.000000
v 0.307270 0.129827 -0.038138
v 0.307270 0.101908 -0.066057
v -0.169973 0.101908 -0.066057
v -0.169973 0.129827 -0.038138
v 0.307270 0.101908 -0.066057
v 0.307270 0.047435 -0.076276
v -0.169973 0.047435 -0.076276
v -0.169973 0.101908 -0.066057
v 0.307270 0.047435 -0.076276
v 0.307270 -0.002979 -0.066057
v -0.169973 -0.002979 -0.066057
v -0.169973 0.047435 -0.076276
v 0.307270 -0.002979 -0.066057
v 0.307270 -0.002288 -0.038138
v -0.169973 -0.002288 -0.038138
v -0.169973 -0.002979 -0.066057
v 0.307270 -0.002288 -0.038138
v 0.307270 -0.012507 0.000000
v -0.169973 -0.012507 0.000000
v -0.169973 -0.002288 -0.038138
v 0.307270 -0.012507 0.000000
v 0.307270 -0.002288 0.038138
v -0.169973 -0.002288 0.038138
v -0.169973 -0.012507 0.000000
v 0.307270 -0.002288 0.038138
v 0.307270 -0.002979 0.066057
v -0.169973 -0.002979 0.066057
v -0.169973 -0.002288 0.038138
v 0.307270 -0.002979 0.066057
v 0.307270 0.047435 0.076276
v -0.169973 0.047435 0.076276
v -0.169973 -0.002979 0.066057
v 0.307270 0.047435 0.076276
v 0.307270 0.101908 0.066057
v -0.169973 0.101908 0.066057
v -0.169973 0.047435 0.076276
v 0.307270 0.101908 0.066057
v 0.307270 0.129827 0.038138
v -0.169973 0.129827 0.038138
v -0.169973 0.101908 0.066057
v 0.307270 0.129827 0.038138
v 0.307270 0.140046 0.000000
v -0.169973 0.140046 0.000000
v -0.169973 0.129827 0.038138
v 0.307270 0.140046 0.000000
v 0.307270 0.129827 -0.038138
v -0.169973 0.129827 -0.038138
v -0.169973 0.140046 0.000000
v 0.575000 0.101908 -0.066057
v 0.575000 0.129827 -0.038138
v 0.575000 0.063770 0.000000
v 0.575000 0.063770 -0.076276
v 0.575000 0.025632 -0.066057
v 0.575000 -0.002288 -0.038138
v 0.575000 -0.012507 0.000000
v 0.575000 -0.002288 0.038138
v 0.575000 0.025632 0.066057
v 0.575000 0.063770 0.076276
v 0.575000 0.101908 0.066057
v 0.575000 0.129827 0.038138
v 0.575000 0.140046 0.000000
v 0.097757 0.129827 -0.038138
v 0.097757 0.101908 -0.066057
v 0.097757 0.063770 0.000000
v 0.097757 0.063770 -0.076276
v 0.097757 0.025631 -0.066057
v 0.097757 -0.002288 -0.038138
v 0.097757 -0.012507 0.000000
v 0.097757 -0.002288 0.038138
v 0.097757 0.025631 0.066057
v 0.097757 0.063770 0.076276
v 0.097757 0.101908 0.066057
v 0.097757 0.129827 0.038138
v 0.097757 0.140046 0.000000
v 0.575000 0.129827 -0.038138
v 0.575000 0.101908 -0.066057
v 0.097757 0.101908 -0.066057
v 0.097757 0.129827 -0.038138
v 0.575000 0.101908 -0.066057
v 0.575000 0.063770 -0.076276
v 0.097757 0.063770 -0.076276
v 0.097757 0.101908 -0.066057
v 0.575000 0.063770 -0.076276
v 0.575000 0.025632 -0.066057
v 0.097757 0.025631 -0.066057
v 0.097757 0.063770 -0.076276
v 0.575000 0.025632 -0.066057
v 0.575000 -0.002288 -0.038138
v 0.097757 -0.002288 -0.038138
v 0.097757 0.025631 -0.066057
v 0.575000 -0.002288 -0.038138
v 0.575000 -0.012507 0.000000
v 0.097757 -0.012507 0.000000
v 0.097757 -0.002288 -0.038138
v 0.575000 -0.012507 0.000000
v 0.575000 -0.002288 0.038138
v 0.097757 -0.002288 0.038138
v 0.097757 -0.012507 0.000000
v 0.575000 -0.002288 0.038138
v 0.575000 0.025632 0.066057
v 0.097757 0.025631 0.066057
v 0.097757 -0.002288 0.038138
v 0.575000 0.025632 0.066057
v 0.575000 0.063770 0.076276
v 0.097757 0.063770 0.076276
v 0.097757 0.025631 0.066057
v 0.575000 0.063770 0.076276
v 0.575000 0.101908 0.066057
v 0.097757 0.101908 0.066057
v 0.097757 0.063770 0.076276
v 0.575000 0.101908 0.066057
v 0.575000 0.129827 0.038138
v 0.097757 0.129827 0.038138
v 0.097757 0.101908 0.066057
v 0.575000 0.129827 0.038138
v 0.575000 0.140046 0.000000
v 0.097757 0.140046 0.000000
v 0.097757 0.129827 0.038138
v 0.575000 0.140046 0.000000
v 0.575000 0.129827 -0.038138
v 0.097757 0.129827 -0.038138
v 0.097757 0.140046 0.000000
v -0.038569 -0.058438 -0.051857
v -0.038569 -0.080355 -0.029940
v -0.038569 -0.028498 0.000000
v -0.038569 -0.015675 -0.059879
v -0.038569 0.023902 -0.051857
v -0.038569 0.023359 -0.029940
v -0.038569 0.031381 0.000000
v -0.038569 0.023359 0.029940
v -0.038569 0.023902 0.051857
v -0.038569 -0.015675 0.059879
v -0.038569 -0.058438 0.051857
v -0.038569 -0.080355 0.029940
v -0.038569 -0.088378 0.000000
v 0.301261 -0.080355 -0.029940
v 0.301261 -0.058438 -0.051857
v 0.301261 -0.028498 -0.000000
v 0.301261 -0.015675 -0.059879
v 0.301261 0.023902 -0.051857
v 0.301261 0.023359 -0.029940
v 0.301261 0.031381 -0.000000
v 0.301261 0.023359 0.029940
v 0.301261 0.023902 0.051857
v 0.301261 -0.015675 0.059879
v 0.301261 -0.058438 0.051857
v 0.301261 -0.080355 0.029940
v 0.301261 -0.088378 -0.000000
v -0.038569 -0.080355 -0.029940
v -0.038569 -0.058438 -0.051857
v 0.012474 -0.058438 -0.051857
v 0.012474 -0.080355 -0.029940
v -0.038569 -0.058438 -0.051857
v -0.038569 -0.015675 -0.059879
v 0.012474 -0.015675 -0.059879
v 0.012474 -0.058438 -0.051857
v -0.038569 -0.015675 -0.059879
v -0.038569 0.023902 -0.051857
v 0.012474 0.023902 -0.051857
v 0.012474 -0.015675 -0.059879
v -0.038569 0.023902 -0.051857
v -0.038569 0.023359 -0.029940
v 0.012474 0.023359 -0.029940
v 0.012474 0.023902 -0.051857
v -0.038569 0.023359 -0.029940
v -0.038569 0.031381 0.000000
v 0.012474 0.031381 0.000000
v 0.012474 0.023359 -0.029940
v -0.038569 0.031381 0.000000
v -0.038569 0.023359 0.029940
v 0.012474 0.023359 0.029940
v 0.012474 0.031381 0.000000
v -0.038569 0.023359 0.029940
v -0.038569 0.023902 0.051857
v 0.012474 0.023902 0.051857
v 0.012474 0.023359 0.029940
v -0.038569 0.023902 0.051857
v -0.038569 -0.015675 0.059879
v 0.012474 -0.015675 0.059879
v 0.012474 0.023902 0.051857
v -0.038569 -0.015675 0.059879
v -0.038569 -0.058438 0.051857
v 0.012474 -0.058438 0.051857
v 0.012474 -0.015675 0.059879
v -0.038569 -0.058438 0.051857
v -0.038569 -0.080355 0.029940
v 0.012474 -0.080355 0.029940
v 0.012474 -0.058438 0.051857
v -0.038569 -0.080355 0.029940
v -0.038569 -0.088378 0.000000
v 0.012474 -0.088378 0.000000
v 0.012474 -0.080355 0.029940
v -0.038569 -0.088378 0.000000
v -0.038569 -0.080355 -0.029940
v 0.012474 -0.080355 -0.029940
v 0.012474 -0.088378 0.000000
v 0.272383 -0.015675 0.059879
v 0.272383 -0.058438 0.051857
v 0.301261 -0.058438 0.051857
v 0.301261 -0.015675 0.059879
v 0.272383 0.023902 0.051857
v 0.272383 -0.015675 0.059879
v 0.301261 -0.015675 0.059879
v 0.301261 0.023902 0.051857
v 0.272383 0.023359 0.029940
v 0.272383 0.023902 0.051857
v 0.301261 0.023902 0.051857
v 0.301261 0.023359 0.029940
v 0.272383 0.031381 -0.000000
v 0.272383 0.023359 0.029940
v 0.301261 0.023359 0.029940
v 0.301261 0.031381 -0.000000
v 0.272383 0.023359 -0.029940
v 0.272383 0.031381 -0.000000
v 0.301261 0.031381 -0.000000
v 0.301261 0.023359 -0.029940
v 0.272383 0.023902 -0.051857
v 0.272383 0.023359 -0.029940
v 0.301261 0.023359 -0.029940
v 0.301261 0.023902 -0.051857
v 0.272383 -0.015675 -0.059879
v 0.272383 0.023902 -0.051857
v 0.301261 0.023902 -0.051857
v 0.301261 -0.015675 -0.059879
v 0.272383 -0.058438 -0.051857
v 0.272383 -0.015675 -0.059879
v 0.301261 -0.015675 -0.059879
v 0.301261 -0.058438 -0.051857
v 0.272383 -0.080355 -0.029940
v 0.272383 -0.058438 -0.051857
v 0.301261 -0.058438 -0.051857
v 0.301261 -0.080355 -0.029940
v 0.272383 -0.088378 -0.000000
v 0.272383 -0.080355 -0.029940
v 0.301261 -0.080355 -0.029940
v 0.301261 -0.088378 -0.000000
v 0.272383 -0.080355 0.029940
v 0.272383 -0.088378 -0.000000
v 0.301261 -0.088378 -0.000000
v 0.301261 -0.080355 0.029940
v 0.272383 -0.058438 0.051857
v 0.272383 -0.080355 0.029940
v 0.301261 -0.080355 0.029940
v 0.301261 -0.058438 0.051857
v 0.243504 -0.019462 0.049767
v 0.243504 -0.059040 0.041558
v 0.272383 -0.059040 0.041558
v 0.272383 -0.019462 0.049767
v 0.243504 0.023902 0.051857
v 0.243504 -0.015675 0.059879
v 0.243504 0.023359 0.029940
v 0.243504 0.023902 0.051857
v 0.243504 0.031381 -0.000000
v 0.243504 0.023359 0.029940
v 0.243504 0.023359 -0.029940
v 0.243504 0.031381 -0.000000
v 0.243504 0.023902 -0.051857
v 0.243504 0.023359 -0.029940
v 0.243504 -0.015675 -0.059879
v 0.243504 0.023902 -0.051857
v 0.243504 -0.049598 -0.046539
v 0.243504 -0.008480 -0.051827
v 0.272383 -0.008480 -0.051827
v 0.272383 -0.049598 -0.046539
v 0.243504 -0.069927 -0.030150
v 0.243504 -0.049598 -0.046539
v 0.272383 -0.049598 -0.046539
v 0.272383 -0.069927 -0.030150
v 0.243504 -0.079452 -0.005397
v 0.243504 -0.069927 -0.030150
v 0.272383 -0.069927 -0.030150
v 0.272383 -0.079452 -0.005397
v 0.243504 -0.075324 0.020803
v 0.243504 -0.079452 -0.005397
v 0.272383 -0.079452 -0.005397
v 0.272383 -0.075324 0.020803
v 0.243504 -0.059040 0.041558
v 0.243504 -0.075324 0.020803
v 0.272383 -0.075324 0.020803
v 0.272383 -0.059040 0.041558
v 0.214625 -0.015675 0.059879
v 0.214625 -0.058438 0.051857
v 0.243504 -0.058438 0.051857
v 0.243504 -0.015675 0.059879
v 0.214625 0.023902 0.051857
v 0.214625 -0.015675 0.059879
v 0.214625 0.023359 0.029940
v 0.214625 0.023902 0.051857
v 0.214625 0.031381 -0.000000
v 0.214625 0.023359 0.029940
v 0.214625 0.023359 -0.029940
v 0.214625 0.031381 -0.000000
v 0.214625 0.023902 -0.051857
v 0.214625 0.023359 -0.029940
v 0.214625 -0.015675 -0.059879
v 0.214625 0.023902 -0.051857
v 0.214625 -0.058438 -0.051857
v 0.214625 -0.015675 -0.059879
v 0.243504 -0.015675 -0.059879
v 0.243504 -0.058438 -0.051857
v 0.214625 -0.080355 -0.029940
v 0.214625 -0.058438 -0.051857
v 0.243504 -0.058438 -0.051857
v 0.243504 -0.080355 -0.029940
v 0.214625 -0.088378 -0.000000
v 0.214625 -0.080355 -0.029940
v 0.243504 -0.080355 -0.029940
v 0.243504 -0.088378 -0.000000
v 0.214625 -0.080355 0.029940
v 0.214625 -0.088378 -0.000000
v 0.243504 -0.088378 -0.000000
v 0.243504 -0.080355 0.029940
v 0.214625 -0.058438 0.051857
v 0.214625 -0.080355 0.029940
v 0.243504 -0.080355 0.029940
v 0.243504 -0.058438 0.051857
v 0.185747 -0.019462 0.049767
v 0.185747 -0.059040 0.041558
v 0.214625 -0.059040 0.041558
v 0.214625 -0.019462 0.049767
v 0.185747 0.023902 0.051857
v 0.185747 -0.015675 0.059879
v 0.185747 0.023359 0.029940
v 0.185747 0.023902 0.051857
v 0.185747 0.031381 0.000000
v 0.185747 0.023359 0.029940
v 0.185747 0.023359 -0.029940
v 0.185747 0.031381 0.000000
v 0.185747 0.023902 -0.051857
v 0.185747 0.023359 -0.029940
v 0.185747 -0.015675 -0.059879
v 0.185747 0.023902 -0.051857
v 0.185747 -0.049598 -0.046539
v 0.185747 -0.008480 -0.051827
v 0.214625 -0.008480 -0.051827
v 0.214625 -0.049598 -0.046539
v 0.185747 -0.069927 -0.030150
v 0.185747 -0.049598 -0.046539
v 0.214625 -0.049598 -0.046539
v 0.214625 -0.069927 -0.030150
v 0.185747 -0.079452 -0.005397
v 0.185747 -0.069927 -0.030150
v 0.214625 -0.069927 -0.030150
v 0.214625 -0.079452 -0.005397
v 0.185747 -0.075324 0.020803
v 0.185747 -0.079452 -0.005397
v 0.214625 -0.079452 -0.005397
v 0.214625 -0.075324 0.020803
v 0.185747 -0.059040 0.041558
v 0.185747 -0.075324 0.020803
v 0.214625 -0.075324 0.020803
v 0.214625 -0.059040 0.041558
v 0.156868 -0.015675 0.059879
v 0.156868 -0.058438 0.051857
v 0.185747 -0.058438 0.051857
v 0.185747 -0.015675 0.059879
v 0.156868 0.023902 0.051857
v 0.156868 -0.015675 0.059879
v 0.156868 0.023359 0.029940
v 0.156868 0.023902 0.051857
v 0.156868 0.031381 0.000000
v 0.156868 0.023359 0.029940
v 0.156868 0.023359 -0.029940
v 0.156868 0.031381 0.000000
v 0.156868 0.023902 -0.051857
v 0.156868 0.023359 -0.029940
v 0.156868 -0.015675 -0.059879
v 0.156868 0.023902 -0.051857
v 0.156868 -0.058438 -0.051857
v 0.156868 -0.015675 -0.059879
v 0.185747 -0.015675 -0.059879
v 0.185747 -0.058438 -0.051857
v 0.156868 -0.080355 -0.029940
v 0.156868 -0.058438 -0.051857
v 0.185747 -0.058438 -0.051857
v 0.185747 -0.080355 -0.029940
v 0.156868 -0.088378 -0.000000
v 0.156868 -0.080355 -0.029940
v 0.185747 -0.080355 -0.029940
v 0.185747 -0.088378 -0.000000
v 0.156868 -0.080355 0.029940
v 0.156868 -0.088378 -0.000000
v 0.185747 -0.088378 -0.000000
v 0.185747 -0.080355 0.029940
v 0.156868 -0.058438 0.051857
v 0.156868 -0.080355 0.029940
v 0.185747 -0.080355 0.029940
v 0.185747 -0.058438 0.051857
v 0.127989 -0.019462 0.049767
v 0.127989 -0.059040 0.041558
v 0.156868 -0.059040 0.041558
v 0.156868 -0.019462 0.049767
v 0.127989 0.023902 0.051857
v 0.127989 -0.015675 0.059879
v 0.127989 0.023359 0.029940
v 0.127989 0.023902 0.051857
v 0.127989 0.031381 0.000000
v 0.127989 0.023359 0.029940
v 0.127989 0.023359 -0.029940
v 0.127989 0.031381 0.000000
v 0.127989 0.023902 -0.051857
v 0.127989 0.023359 -0.029940
v 0.127989 -0.015675 -0.059879
v 0.127989 0.023902 -0.051857
v 0.127989 -0.049598 -0.046539
v 0.127989 -0.008480 -0.051827
v 0.156868 -0.008480 -0.051827
v 0.156868 -0.049598 -0.046539
v 0.127989 -0.069927 -0.030150
v 0.127989 -0.049598 -0.046539
v 0.156868 -0.049598 -0.046539
v 0.156868 -0.069927 -0.030150
v 0.127989 -0.079452 -0.005397
v 0.127989 -0.069927 -0.030150
v 0.156868 -0.069927 -0.030150
v 0.156868 -0.079452 -0.005397
v 0.127989 -0.075323 0.020803
v 0.127989 -0.079452 -0.005397
v 0.156868 -0.079452 -0.005397
v 0.156868 -0.075323 0.020803
v 0.127989 -0.059040 0.041558
v 0.127989 -0.075323 0.020803
v 0.156868 -0.075323 0.020803
v 0.156868 -0.059040 0.041558
v 0.099110 -0.015675 0.059879
v 0.099110 -0.058438 0.051857
v 0.127989 -0.058438 0.051857
v 0.127989 -0.015675 0.059879
v 0.099110 0.023902 0.051857
v 0.099110 -0.015675 0.059879
v 0.099110 0.023359 0.029940
v 0.099110 0.023902 0.051857
v 0.099110 0.031381 0.000000
v 0.099110 0.023359 0.029940
v 0.099110 0.023359 -0.029940
v 0.099110 0.031381 0.000000
v 0.099110 0.023902 -0.051857
v 0.099110 0.023359 -0.029940
v 0.099110 -0.015675 -0.059879
v 0.099110 0.023902 -0.051857
v 0.099110 -0.058438 -0.051857
v 0.099110 -0.015675 -0.059879
v 0.127989 -0.015675 -0.059879
v 0.127989 -0.058438 -0.051857
v 0.099110 -0.080355 -0.029940
v 0.099110 -0.058438 -0.051857
v 0.127989 -0.058438 -0.051857
v 0.127989 -0.080355 -0.029940
v 0.099110 -0.088378 -0.000000
v 0.099110 -0.080355 -0.029940
v 0.127989 -0.080355 -0.029940
v 0.127989 -0.088378 -0.000000
v 0.099110 -0.080355 0.029940
v 0.099110 -0.088378 -0.000000
v 0.127989 -0.088378 -0.000000
v 0.127989 -0.080355 0.029940
v 0.099110 -0.058438 0.051857
v 0.099110 -0.080355 0.029940
v 0.127989 -0.080355 0.029940
v 0.127989 -0.058438 0.051857
v 0.070232 -0.019462 0.049767
v 0.070232 -0.059040 0.041558
v 0.099110 -0.059040 0.041558
v 0.099110 -0.019462 0.049767
v 0.070232 0.023902 0.051857
v 0.070232 -0.015675 0.059879
v 0.070232 0.023359 0.029940
v 0.070232 0.023902 0.051857
v 0.070232 0.031381 0.000000
v 0.070232 0.023359 0.029940
v 0.070232 0.023359 -0.029940
v 0.070232 0.031381 0.000000
v 0.070232 0.023902 -0.051857
v 0.070232 0.023359 -0.029940
v 0.070232 -0.015675 -0.059879
v 0.070232 0.023902 -0.051857
v 0.070232 -0.049598 -0.046539
v 0.070232 -0.008480 -0.051827
v 0.099110 -0.008480 -0.051827
v 0.099110 -0.049598 -0.046539
v 0.070232 -0.069927 -0.030150
v 0.070232 -0.049598 -0.046539
v 0.099110 -0.049598 -0.046539
v 0.099110 -0.069927 -0.030150
v 0.070232 -0.079452 -0.005397
v 0.070232 -0.069927 -0.030150
v 0.099110 -0.069927 -0.030150
v 0.099110 -0.079452 -0.005397
v 0.070232 -0.075324 0.020803
v 0.070232 -0.079452 -0.005397
v 0.099110 -0.079452 -0.005397
v 0.099110 -0.075324 0.020803
v 0.070232 -0.059040 0.041558
v 0.070232 -0.075324 0.020803
v 0.099110 -0.075324 0.020803
v 0.099110 -0.059040 0.041558
v 0.041353 -0.015675 0.059879
v 0.041353 -0.058438 0.051857
v 0.070232 -0.058438 0.051857
v 0.070232 -0.015675 0.059879
v 0.041353 0.023902 0.051857
v 0.041353 -0.015675 0.059879
v 0.041353 0.023359 0.029940
v 0.041353 0.023902 0.051857
v 0.041353 0.031381 0.000000
v 0.041353 0.023359 0.029940
v 0.041353 0.023359 -0.029940
v 0.041353 0.031381 0.000000
v 0.041353 0.023902 -0.051857
v 0.041353 0.023359 -0.029940
v 0.041353 -0.015675 -0.059879
v 0.041353 0.023902 -0.051857
v 0.041353 -0.058438 -0.051857
v 0.041353 -0.015675 -0.059879
v 0.070232 -0.015675 -0.059879
v 0.070232 -0.058438 -0.051857
v 0.041353 -0.080355 -0.029940
v 0.041353 -0.058438 -0.051857
v 0.070232 -0.058438 -0.051857
v 0.070232 -0.080355 -0.029940
v 0.041353 -0.088378 0.000000
v 0.041353 -0.080355 -0.029940
v 0.070232 -0.080355 -0.029940
v 0.070232 -0.088378 0.000000
v 0.041353 -0.080355 0.029940
v 0.041353 -0.088378 0.000000
v 0.070232 -0.088378 0.000000
v 0.070232 -0.080355 0.029940
v 0.041353 -0.058438 0.051857
v 0.041353 -0.080355 0.029940
v 0.070232 -0.080355 0.029940
v 0.070232 -0.058438 0.051857
v 0.012474 -0.019462 0.049767
v 0.012474 -0.059040 0.041558
v 0.041353 -0.059040 0.041558
v 0.041353 -0.019462 0.049767
v 0.012474 -0.049598 -0.046539
v 0.012474 -0.008480 -0.051827
v 0.041353 -0.008480 -0.051827
v 0.041353 -0.049598 -0.046539
v 0.012474 -0.069927 -0.030150
v 0.012474 -0.049598 -0.046539
v 0.041353 -0.049598 -0.046539
v 0.041353 -0.069927 -0.030150
v 0.012474 -0.079452 -0.005397
v 0.012474 -0.069927 -0.030150
v 0.041353 -0.069927 -0.030150
v 0.041353 -0.079452 -0.005397
v 0.012474 -0.075324 0.020803
v 0.012474 -0.079452 -0.005397
v 0.041353 -0.079452 -0.005397
v 0.041353 -0.075324 0.020803
v 0.012474 -0.059040 0.041558
v 0.012474 -0.075324 0.020803
v 0.041353 -0.075324 0.020803
v 0.041353 -0.059040 0.041558
v 0.243504 -0.015675 0.059879
v 0.243504 -0.058438 0.051857
v 0.243504 -0.059040 0.041558
v 0.243504 -0.019462 0.049767
v 0.272383 -0.058438 0.051857
v 0.272383 -0.015675 0.059879
v 0.272383 -0.019462 0.049767
v 0.272383 -0.059040 0.041558
v 0.272383 -0.015675 0.059879
v 0.243504 -0.015675 0.059879
v 0.243504 -0.019462 0.049767
v 0.272383 -0.019462 0.049767
v 0.243504 -0.058438 -0.051857
v 0.243504 -0.015675 -0.059879
v 0.243504 -0.008480 -0.051827
v 0.243504 -0.049598 -0.046539
v 0.243504 -0.015675 -0.059879
v 0.272383 -0.015675 -0.059879
v 0.272383 -0.008480 -0.051827
v 0.243504 -0.008480 -0.051827
v 0.272383 -0.015675 -0.059879
v 0.272383 -0.058438 -0.051857
v 0.272383 -0.049598 -0.046539
v 0.272383 -0.008480 -0.051827
v 0.243504 -0.080355 -0.029940
v 0.243504 -0.069927 -0.030150
v 0.272383 -0.080355 -0.029940
v 0.272383 -0.069927 -0.030150
v 0.243504 -0.088378 -0.000000
v 0.243504 -0.079452 -0.005397
v 0.272383 -0.088378 -0.000000
v 0.272383 -0.079452 -0.005397
v 0.243504 -0.080355 0.029940
v 0.243504 -0.075324 0.020803
v 0.272383 -0.080355 0.029940
v 0.272383 -0.075324 0.020803
v 0.185747 -0.015675 0.059879
v 0.185747 -0.058438 0.051857
v 0.185747 -0.059040 0.041558
v 0.185747 -0.019462 0.049767
v 0.214625 -0.058438 0.051857
v 0.214625 -0.015675 0.059879
v 0.214625 -0.019462 0.049767
v 0.214625 -0.059040 0.041558
v 0.214625 -0.015675 0.059879
v 0.185747 -0.015675 0.059879
v 0.185747 -0.019462 0.049767
v 0.214625 -0.019462 0.049767
v 0.185747 -0.058438 -0.051857
v 0.185747 -0.015675 -0.059879
v 0.185747 -0.008480 -0.051827
v 0.185747 -0.049598 -0.046539
v 0.185747 -0.015675 -0.059879
v 0.214625 -0.015675 -0.059879
v 0.214625 -0.008480 -0.051827
v 0.185747 -0.008480 -0.051827
v 0.214625 -0.015675 -0.059879
v 0.214625 -0.058438 -0.051857
v 0.214625 -0.049598 -0.046539
v 0.214625 -0.008480 -0.051827
v 0.185747 -0.080355 -0.029940
v 0.185747 -0.069927 -0.030150
v 0.214625 -0.080355 -0.029940
v 0.214625 -0.069927 -0.030150
v 0.185747 -0.088378 -0.000000
v 0.185747 -0.079452 -0.005397
v 0.214625 -0.088378 -0.000000
v 0.214625 -0.079452 -0.005397
v 0.185747 -0.080355 0.029940
v 0.185747 -0.075324 0.020803
v 0.214625 -0.080355 0.029940
v 0.214625 -0.075324 0.020803
v 0.127989 -0.015675 0.059879
v 0.127989 -0.058438 0.051857
v 0.127989 -0.059040 0.041558
v 0.127989 -0.019462 0.049767
v 0.156868 -0.058438 0.051857
v 0.156868 -0.015675 0.059879
v 0.156868 -0.019462 0.049767
v 0.156868 -0.059040 0.041558
v 0.156868 -0.015675 0.059879
v 0.127989 -0.015675 0.059879
v 0.127989 -0.019462 0.049767
v 0.156868 -0.019462 0.049767
v 0.127989 -0.058438 -0.051857
v 0.127989 -0.015675 -0.059879
v 0.127989 -0.008480 -0.051827
v 0.127989 -0.049598 -0.046539
v 0.127989 -0.015675 -0.059879
v 0.156868 -0.015675 -0.059879
v 0.156868 -0.008480 -0.051827
v 0.127989 -0.008480 -0.051827
v 0.156868 -0.015675 -0.059879
v 0.156868 -0.058438 -0.051857
v 0.156868 -0.049598 -0.046539
v 0.156868 -0.008480 -0.051827
v 0.127989 -0.080355 -0.029940
v 0.127989 -0.069927 -0.030150
v 0.156868 -0.080355 -0.029940
v 0.156868 -0.069927 -0.030150
v 0.127989 -0.088378 -0.000000
v 0.127989 -0.079452 -0.005397
v 0.156868 -0.088378 -0.000000
v 0.156868 -0.079452 -0.005397
v 0.127989 -0.080355 0.029940
v 0.127989 -0.075323 0.020803
v 0.156868 -0.080355 0.029940
v 0.156868 -0.075323 0.020803
v 0.070232 -0.015675 0.059879
v 0.070232 -0.058438 0.051857
v 0.070232 -0.059040 0.041558
v 0.070232 -0.019462 0.049767
v 0.099110 -0.058438 0.051857
v 0.099110 -0.015675 0.059879
v 0.099110 -0.019462 0.049767
v 0.099110 -0.059040 0.041558
v 0.099110 -0.015675 0.059879
v 0.070232 -0.015675 0.059879
v 0.070232 -0.019462 0.049767
v 0.099110 -0.019462 0.049767
v 0.070232 -0.058438 -0.051857
v 0.070232 -0.015675 -0.059879
v 0.070232 -0.008480 -0.051827
v 0.070232 -0.049598 -0.046539
v 0.070232 -0.015675 -0.059879
v 0.099110 -0.015675 -0.059879
v 0.099110 -0.008480 -0.051827
v 0.070232 -0.008480 -0.051827
v 0.099110 -0.015675 -0.059879
v 0.099110 -0.058438 -0.051857
v 0.099110 -0.049598 -0.046539
v 0.099110 -0.008480 -0.051827
v 0.070232 -0.080355 -0.029940
v 0.070232 -0.069927 -0.030150
v 0.099110 -0.080355 -0.029940
v 0.099110 -0.069927 -0.030150
v 0.070232 -0.088378 0.000000
v 0.070232 -0.079452 -0.005397
v 0.099110 -0.088378 -0.000000
v 0.099110 -0.079452 -0.005397
v 0.070232 -0.080355 0.029940
v 0.070232 -0.075324 0.020803
v 0.099110 -0.080355 0.029940
v 0.099110 -0.075324 0.020803
v 0.012474 -0.015675 0.059879
v 0.012474 -0.058438 0.051857
v 0.012474 -0.059040 0.041558
v 0.012474 -0.019462 0.049767
v 0.041353 -0.058438 0.051857
v 0.041353 -0.015675 0.059879
v 0.041353 -0.019462 0.049767
v 0.041353 -0.059040 0.041558
v 0.041353 -0.015675 0.059879
v 0.012474 -0.015675 0.059879
v 0.012474 -0.019462 0.049767
v 0.041353 -0.019462 0.049767
v 0.012474 -0.058438 -0.051857
v 0.012474 -0.015675 -0.059879
v 0.012474 -0.008480 -0.051827
v 0.012474 -0.049598 -0.046539
v 0.012474 -0.015675 -0.059879
v 0.041353 -0.015675 -0.059879
v 0.041353 -0.008480 -0.051827
v 0.012474 -0.008480 -0.051827
v 0.041353 -0.015675 -0.059879
v 0.041353 -0.058438 -0.051857
v 0.041353 -0.049598 -0.046539
v 0.041353 -0.008480 -0.051827
v 0.012474 -0.080355 -0.029940
v 0.012474 -0.069927 -0.030150
v 0.041353 -0.080355 -0.029940
v 0.041353 -0.069927 -0.030150
v 0.012474 -0.088378 0.000000
v 0.012474 -0.079452 -0.005397
v 0.041353 -0.088378 0.000000
v 0.041353 -0.079452 -0.005397
v 0.012474 -0.080355 0.029940
v 0.012474 -0.075324 0.020803
v 0.041353 -0.080355 0.029940
v 0.041353 -0.075324 0.020803
v -0.452533 -0.055098 0.072720
v -0.426825 -0.055098 0.036364
v -0.426825 -0.005405 0.072720
v -0.452533 -0.055098 -0.072720
v -0.426825 -0.005405 -0.072720
v -0.426825 -0.055098 -0.036364
v -0.569121 -0.055098 0.019705
v -0.553985 -0.055098 0.051631
v -0.553985 -0.005370 0.051631
v -0.569121 -0.005368 0.019705
v -0.569121 0.141637 0.007149
v -0.553985 0.141637 0.018733
v -0.553985 0.141637 -0.018733
v -0.569121 0.141637 -0.007149
v -0.569121 -0.005305 -0.019705
v -0.553985 -0.004831 -0.051631
v -0.553985 -0.055098 -0.051631
v -0.569121 -0.055098 -0.019705
v -0.569121 -0.055098 0.019705
v -0.553985 -0.055098 0.051631
v -0.569121 -0.055098 -0.019705
v -0.569121 -0.005368 0.019705
v -0.569121 -0.005305 -0.019705
v -0.368792 0.141637 -0.026384
v -0.368792 0.141637 0.026384
v -0.300385 0.143635 0.026384
v -0.300385 0.143635 -0.026384
v -0.426825 0.141637 -0.026384
v -0.426825 0.141637 0.026384
v -0.569121 0.112122 -0.019705
v -0.569121 0.112122 0.019705
v -0.569121 0.126678 0.015524
v -0.569121 0.126678 -0.015524
v -0.569121 0.126678 -0.015524
v -0.553985 0.126678 -0.040675
v -0.553985 0.112122 -0.051631
v -0.569121 0.112122 -0.019705
v -0.368792 0.112122 -0.072720
v -0.426825 0.112122 -0.072720
v -0.426825 0.126678 -0.057289
v -0.368792 0.126678 -0.057289
v -0.300385 0.114120 -0.072720
v -0.300385 0.128676 -0.057289
v -0.300385 0.114120 0.072720
v -0.300385 0.114120 -0.072720
v -0.300385 0.128676 -0.057289
v -0.300385 0.128676 0.057289
v -0.368792 0.112122 0.072720
v -0.300385 0.114120 0.072720
v -0.300385 0.128676 0.057289
v -0.368792 0.126678 0.057289
v -0.426825 0.112122 0.072720
v -0.426825 0.126678 0.057289
v -0.569121 0.112122 0.019705
v -0.553985 0.112122 0.051631
v -0.553985 0.126678 0.040675
v -0.569121 0.126678 0.015524
v -0.569121 0.141637 0.007149
v -0.569121 0.141637 -0.007149
v -0.569121 0.141637 -0.007149
v -0.553985 0.141637 -0.018733
v -0.426825 0.141637 -0.026384
v -0.368792 0.141637 -0.026384
v -0.300385 0.143635 -0.026384
v -0.300385 0.143635 -0.026384
v -0.300385 0.143635 0.026384
v -0.300385 0.143635 0.026384
v -0.368792 0.141637 0.026384
v -0.426825 0.141637 0.026384
v -0.553985 0.141637 0.018733
v -0.569121 0.141637 0.007149
v -0.532243 0.141637 0.026384
v -0.532243 0.141637 -0.026384
v -0.532243 0.126678 -0.057289
v -0.532243 0.141637 -0.026384
v -0.532243 0.112122 -0.072720
v -0.532243 -0.055098 -0.072720
v -0.532243 -0.004375 -0.072720
v -0.426825 -0.005405 -0.072720
v -0.452533 -0.055098 -0.072720
v -0.532243 -0.055098 0.072720
v -0.452533 -0.055098 0.072720
v -0.426825 -0.005405 0.072720
v -0.532243 -0.005374 0.072720
v -0.532243 -0.055098 0.072720
v -0.452533 -0.055098 0.072720
v -0.532243 0.126678 0.057289
v -0.532243 0.112122 0.072720
v -0.532243 0.141637 0.026384
v -0.300385 -0.001025 0.036364
v -0.300385 0.035332 0.072720
v -0.383104 0.035332 0.072720
v -0.368792 -0.001025 0.036364
v -0.368792 -0.001025 0.036364
v -0.383104 0.035332 0.072720
v -0.300385 0.035332 -0.072720
v -0.300385 -0.001025 -0.036364
v -0.368792 -0.001025 -0.036364
v -0.383104 0.035332 -0.072720
v -0.383104 0.035332 -0.072720
v -0.368792 -0.001025 -0.036364
v -0.383104 0.035332 0.072720
v -0.300385 0.035332 0.072720
v -0.300385 0.114120 0.072720
v -0.368792 0.112122 0.072720
v -0.383104 0.035332 -0.072720
v -0.368792 0.112122 -0.072720
v -0.300385 0.114120 -0.072720
v -0.300385 0.035332 -0.072720
v -0.368792 -0.001025 0.036364
v -0.368792 -0.001025 -0.036364
v -0.300385 -0.001025 -0.036364
v -0.300385 -0.001025 0.036364
v -0.368792 -0.001025 0.036364
v -0.426825 -0.055098 0.036364
v -0.426825 -0.055098 -0.036364
v -0.368792 -0.001025 -0.036364
v -0.426825 -0.055098 -0.036364
v -0.426825 -0.055098 0.036364
v -0.300385 0.035332 0.072720
v -0.300385 -0.001025 0.036364
v -0.300385 -0.001025 -0.036364
v -0.300385 0.035332 -0.072720
v -0.444775 -0.053160 0.025447
v -0.391963 -0.093448 0.025447
v -0.380947 -0.056815 0.025447
v -0.420897 0.033351 0.025447
v -0.420897 0.033351 0.025447
v -0.380947 -0.056815 0.025447
v -0.380947 -0.056815 -0.025447
v -0.420897 0.033351 -0.025447
v -0.420897 0.033351 -0.025447
v -0.380947 -0.056815 -0.025447
v -0.391963 -0.093448 -0.025447
v -0.444775 -0.053160 -0.025447
v -0.444775 -0.053160 -0.025447
v -0.391963 -0.093448 -0.025447
v -0.391963 -0.093448 0.025447
v -0.444775 -0.053160 0.025447
v -0.326452 -0.081039 0.025447
v -0.326452 -0.081039 -0.025447
v -0.331034 -0.071615 -0.025447
v -0.331034 -0.071615 0.025447
v -0.444775 -0.053160 -0.025447
v -0.444775 -0.053160 0.025447
v -0.420897 0.033351 0.025447
v -0.420897 0.033351 -0.025447
v -0.331034 -0.071615 0.025447
v -0.331034 -0.071615 -0.025447
v -0.331034 -0.071615 -0.025447
v -0.326452 -0.081039 -0.025447
v -0.326452 -0.081039 -0.025447
v -0.326452 -0.081039 0.025447
v -0.326452 -0.081039 0.025447
v -0.331034 -0.071615 0.025447
v -0.420542 -0.197258 0.040868
v -0.420542 -0.197258 -0.040868
v -0.401627 -0.197258 -0.021952
v -0.401627 -0.197258 0.021952
v -0.556085 -0.185931 0.040868
v -0.575000 -0.182922 0.021952
v -0.575000 -0.197258 0.021952
v -0.556085 -0.197258 0.040868
v -0.575000 -0.182922 0.021952
v -0.556085 -0.185931 0.040868
v -0.534420 -0.119556 0.040868
v -0.553019 -0.115578 0.021952
v -0.525901 -0.039383 0.040868
v -0.544923 -0.039383 0.021952
v -0.401627 -0.182922 0.021952
v -0.420542 -0.185409 0.040868
v -0.420542 -0.197258 0.040868
v -0.401627 -0.197258 0.021952
v -0.420542 -0.185409 0.040868
v -0.401627 -0.182922 0.021952
v -0.448261 -0.082684 0.021952
v -0.466181 -0.088891 0.040868
v -0.447035 -0.039383 0.021952
v -0.467619 -0.039383 0.040868
v -0.544923 -0.039383 -0.021952
v -0.525901 -0.039383 -0.040868
v -0.534420 -0.119556 -0.040868
v -0.553019 -0.115578 -0.021952
v -0.556085 -0.185931 -0.040868
v -0.575000 -0.182922 -0.021952
v -0.467619 -0.039383 -0.040868
v -0.447035 -0.039383 -0.021952
v -0.448261 -0.082684 -0.021952
v -0.466181 -0.088891 -0.040868
v -0.401627 -0.182922 -0.021952
v -0.420542 -0.185409 -0.040868
v -0.575000 -0.182922 -0.021952
v -0.556085 -0.185931 -0.040868
v -0.556085 -0.197258 -0.040868
v -0.575000 -0.197258 -0.021952
v -0.420542 -0.185409 -0.040868
v -0.401627 -0.182922 -0.021952
v -0.401627 -0.197258 -0.021952
v -0.420542 -0.197258 -0.040868
v -0.556085 -0.185931 0.040868
v -0.420542 -0.185409 0.040868
v -0.466181 -0.088891 0.040868
v -0.534420 -0.119556 0.040868
v -0.534420 -0.119556 -0.040868
v -0.466181 -0.088891 -0.040868
v -0.420542 -0.185409 -0.040868
v -0.556085 -0.185931 -0.040868
v -0.401627 -0.182922 0.021952
v -0.401627 -0.182922 -0.021952
v -0.448261 -0.082684 -0.021952
v -0.448261 -0.082684 0.021952
v -0.575000 -0.182922 -0.021952
v -0.575000 -0.182922 0.021952
v -0.553019 -0.115578 0.021952
v -0.553019 -0.115578 -0.021952
v -0.544923 -0.039383 0.021952
v -0.544923 -0.039383 -0.021952
v -0.525901 -0.039383 -0.040868
v -0.467619 -0.039383 -0.040868
v -0.447035 -0.039383 -0.021952
v -0.447035 -0.039383 0.021952
v -0.467619 -0.039383 0.040868
v -0.525901 -0.039383 0.040868
v -0.556085 -0.185931 -0.040868
v -0.420542 -0.185409 -0.040868
v -0.420542 -0.197258 -0.040868
v -0.556085 -0.197258 -0.040868
v -0.401627 -0.182922 -0.021952
v -0.401627 -0.182922 0.021952
v -0.401627 -0.197258 0.021952
v -0.401627 -0.197258 -0.021952
v -0.420542 -0.185409 0.040868
v -0.556085 -0.185931 0.040868
v -0.556085 -0.197258 0.040868
v -0.420542 -0.197258 0.040868
v -0.575000 -0.197258 -0.021952
v -0.575000 -0.197258 0.021952
v -0.556085 -0.197258 0.040868
v -0.556085 -0.197258 -0.040868
v -0.575000 -0.197258 -0.021952
v -0.575000 -0.197258 0.021952
v -0.544923 -0.039383 0.021952
v -0.525901 -0.039383 0.040868
v -0.467619 -0.039383 0.040868
v -0.447035 -0.039383 0.021952
v -0.447035 -0.039383 -0.021952
v -0.467619 -0.039383 -0.040868
v -0.525901 -0.039383 -0.040868
v -0.544923 -0.039383 -0.021952
vn 0.0249 0.4492 0.8931
vn 0.0114 0.1553 0.9878
vn -0.0000 0.2118 0.9773
vn -0.0000 0.1368 -0.9906
vn -0.0000 0.1806 -0.9836
vn -0.0000 0.4417 -0.8972
vn -0.0000 -0.0000 -1.0000
vn -0.0000 -0.0000 1.0000
vn 0.0493 0.4414 0.8960
vn 0.0007 0.3201 0.9474
vn 0.0526 0.4412 0.8959
vn 0.0007 0.3198 0.9475
vn -0.0000 0.0016 -1.0000
vn -0.4953 0.8687 -0.0000
vn -0.0000 1.0000 -0.0000
vn -0.6264 -0.7795 -0.0000
vn -0.0000 -1.0000 -0.0000
vn -0.6265 -0.7795 -0.0000
vn 1.0000 -0.0000 -0.0000
vn -0.6926 -0.7213 -0.0000
vn -0.1599 0.3131 -0.9361
vn -0.0000 0.1294 -0.9916
vn 0.7355 0.6776 -0.0000
vn 0.9158 0.4016 -0.0000
vn 0.9774 0.2116 -0.0000
vn 0.7934 0.6087 -0.0000
vn -0.0000 0.1295 -0.9916
vn -0.1599 0.3132 -0.9361
vn -0.2540 0.4036 -0.8790
vn -1.0000 -0.0000 -0.0000
vn -0.3190 0.3889 0.8643
vn -0.3744 -0.0000 0.9273
vn -0.2081 0.3312 0.9203
vn -0.1999 0.4328 0.8790
vn -0.5964 0.8027 -0.0000
vn -0.3190 0.3889 -0.8643
vn -0.0000 0.1560 -0.9878
vn 0.0005 0.4569 0.8895
vn 0.0006 0.3201 0.9474
vn 0.0003 0.5283 0.8491
vn -0.0000 0.5284 0.8490
vn -0.0000 1.0000 0.0001
vn -0.0000 0.5151 -0.8572
vn -0.0000 0.4013 -0.9159
vn 0.0003 0.4014 -0.9159
vn -0.0000 0.0963 -0.9954
vn -0.0000 0.1557 -0.9878
vn 0.0005 0.4573 0.8893
vn 0.0002 0.3198 0.9475
vn 0.0003 0.5292 0.8485
vn -0.0000 0.5293 0.8484
vn -0.0000 0.4013 -0.9160
vn 0.0001 0.4014 -0.9159
vn 0.0215 0.0903 0.9957
vn 0.9999 0.0152 0.0003
vn 0.9988 0.0329 0.0369
vn 0.9998 0.0052 -0.0205
vn -0.9999 -0.0037 0.0134
vn -0.9997 0.0026 0.0233
vn -0.9999 -0.0116 -0.0004
vn -0.9978 -0.0444 -0.0498
vn 1.0000 -0.0016 -0.0018
vn 1.0000 -0.0000 -0.0042
vn 0.9999 -0.0099 0.0111
vn -0.0000 0.1559 -0.9878
vn -0.0000 0.0962 -0.9954
vn -1.0000 0.0012 0.0013
vn -1.0000 0.0035 -0.0039
vn -1.0000 -0.0000 0.0040
vn -0.0000 0.1283 0.9917
vn 1.0000 0.0078 0.0004
vn 0.9997 0.0167 0.0188
vn 0.9999 0.0027 -0.0101
vn -1.0000 -0.0012 0.0044
vn -1.0000 0.0009 0.0077
vn -1.0000 -0.0039 -0.0002
vn -0.9997 -0.0150 -0.0168
vn 1.0000 -0.0008 -0.0009
vn 1.0000 -0.0000 -0.0021
vn 1.0000 -0.0049 0.0055
vn -0.0000 0.1556 -0.9878
vn -1.0000 0.0004 0.0005
vn -1.0000 0.0012 -0.0013
vn -1.0000 0.0004 0.0004
vn -1.0000 -0.0000 0.0014
vn -0.0000 -0.3692 0.9293
vn -0.0000 -0.2652 0.9642
vn -0.0000 -0.4226 0.9063
vn -0.0000 -0.4226 -0.9063
vn -0.0000 -0.3270 -0.9450
vn -0.0000 -0.2651 0.9642
vn -0.0000 -0.3691 0.9294
vn 0.9159 0.4015 -0.0000
vn -0.0000 0.1805 -0.9836
vn -0.0000 0.1367 -0.9906
vn 0.0114 0.1552 0.9878
vn -0.0000 0.4417 0.8972
vn -0.9999 0.0050 0.0154
vn -0.0000 0.4729 0.8811
vn 0.0215 0.0904 0.9957
vn 0.0546 0.4576 0.8875
vn -0.9987 0.0161 0.0482
vn -0.0000 0.4752 0.8799
vn -0.0000 0.7071 -0.7071
vn -0.0000 0.1844 -0.9829
vn -0.0000 -0.1987 -0.9801
vn -0.0000 -0.9997 0.0248
vn -0.0000 -0.9659 -0.2588
vn -0.0000 -0.9659 0.2588
vn -0.0000 -0.9997 -0.0248
vn -0.0000 -0.1987 0.9801
vn -0.0000 0.1844 0.9829
vn -0.0000 0.7071 0.7071
vn -0.0000 0.9659 0.2588
vn -0.0000 0.9659 -0.2588
vn -0.0000 0.2588 -0.9659
vn -0.0000 -0.2588 -0.9659
vn -0.0000 -0.7071 -0.7071
vn -0.0000 -0.7071 0.7071
vn -0.0000 -0.2588 0.9659
vn -0.0000 0.2588 0.9659
vn -0.0000 -0.1844 -0.9829
vn -0.0000 0.1987 -0.9801
vn -0.0000 0.9997 0.0248
vn -0.0000 0.9997 -0.0248
vn -0.0000 0.1987 0.9801
vn -0.0000 -0.1844 0.9829
vn -0.0000 -0.2031 0.9792
vn -0.0000 -0.1276 -0.9918
vn -0.0000 -0.6276 -0.7785
vn -0.0000 -0.9333 -0.3591
vn -0.0000 -0.9878 0.1556
vn -0.0000 -0.7868 0.6173
vn -0.0000 -0.9365 0.3507
vn -0.0000 -0.7457 0.6663
vn 0.7521 -0.3891 0.5318
vn 0.5620 -0.4720 0.6792
vn 0.5354 -0.4901 0.6879
vn 0.7521 -0.3891 -0.5318
vn 0.5354 -0.4901 -0.6879
vn 0.5620 -0.4721 -0.6792
vn -0.9461 -0.2541 0.2007
vn -0.6730 -0.5727 0.4681
vn -0.8207 0.0037 0.5714
vn -0.9036 -0.0000 0.4284
vn -0.9036 -0.0000 -0.4284
vn -0.8216 -0.0000 -0.5700
vn -0.6950 -0.5748 -0.4319
vn -0.9462 -0.2534 -0.2014
vn -0.6747 -0.5697 0.4693
vn -0.9462 -0.2534 -0.2013
vn -0.9461 -0.2540 0.2007
vn -0.0170 0.9999 -0.0000
vn -0.0292 0.9996 -0.0000
vn -0.7941 0.3370 -0.5058
vn -0.5865 0.6000 -0.5440
vn -0.7859 0.1250 -0.6056
vn -0.9004 0.0465 -0.4326
vn -0.0116 0.7274 -0.6861
vn -0.0000 0.2149 -0.9766
vn -0.0034 0.8353 -0.5498
vn -0.0140 0.8349 -0.5503
vn -0.0212 0.7273 -0.6860
vn -0.0250 0.8360 -0.5481
vn -0.0115 0.7274 0.6861
vn -0.0212 0.7273 0.6860
vn -0.0250 0.8360 0.5481
vn -0.0140 0.8349 0.5503
vn -0.0000 0.2171 0.9762
vn -0.0000 0.8355 0.5495
vn -0.8948 0.0558 0.4430
vn -0.7932 0.1205 0.5970
vn -0.6017 0.5659 0.5637
vn -0.7492 0.3810 0.5418
vn -0.7082 0.4744 -0.5229
vn -0.4909 0.7232 -0.4858
vn -0.0000 0.9001 -0.4357
vn -0.0149 0.9000 -0.4357
vn -0.0263 0.8998 -0.4356
vn -0.0263 0.8998 0.4356
vn -0.0149 0.9000 0.4357
vn -0.0000 0.9001 0.4357
vn -0.5244 0.6892 0.5001
vn -0.6947 0.4718 0.5430
vn -0.0505 0.8202 -0.5698
vn -0.0251 0.8990 -0.4373
vn -0.1231 0.2060 -0.9708
vn -0.1219 -0.7504 -0.6496
vn -0.1662 0.0022 -0.9861
vn -0.0001 -0.7320 -0.6813
vn -0.1189 -0.7554 0.6443
vn -0.0000 -0.7723 0.6353
vn -0.1659 -0.0000 0.9861
vn -0.1157 -0.7604 0.6390
vn -0.0593 -0.7701 0.6352
vn -0.0457 0.8245 0.5640
vn -0.1333 0.1942 0.9719
vn -0.0315 0.8934 0.4481
vn 0.4820 -0.5173 0.7071
vn 0.4820 -0.5173 -0.7071
vn 0.6817 -0.7316 -0.0000
vn 0.9143 0.4051 -0.0000
vn 0.7611 0.6486 -0.0000
vn 0.7617 0.6480 -0.0000
vn -0.6065 -0.7951 -0.0000
vn -0.2343 -0.9722 -0.0000
vn -0.2345 -0.9721 -0.0000
vn 0.8994 0.4372 -0.0000
vn -0.9640 0.2661 -0.0000
vn 0.2843 0.9587 -0.0000
vn 0.1861 -0.9825 -0.0000
vn -0.6253 0.3905 0.6756
vn -0.6310 0.3744 0.6795
vn -0.7071 -0.0000 0.7071
vn -0.6849 0.1456 0.7139
vn -0.6820 0.1628 0.7130
vn -0.6898 0.1443 0.7095
vn -0.6898 0.1442 0.7095
vn -0.7031 0.0747 0.7071
vn 0.5726 0.5155 0.6375
vn 0.5626 0.5358 0.6296
vn 0.7071 -0.0000 0.7071
vn 0.6591 0.2593 0.7059
vn 0.6639 0.2364 0.7095
vn 0.6526 0.3036 0.6943
vn 0.6594 0.3045 0.6874
vn 0.6878 0.0163 0.7257
vn 0.6998 -0.0206 0.7140
vn -0.7031 0.0747 -0.7071
vn -0.6898 0.1443 -0.7095
vn -0.6898 0.1442 -0.7095
vn -0.6820 0.1628 -0.7130
vn -0.6849 0.1456 -0.7139
vn 0.6892 -0.0121 -0.7244
vn 0.6997 0.0269 -0.7139
vn 0.6590 0.2992 -0.6901
vn 0.6519 0.2992 -0.6968
vn 0.6648 0.2359 -0.7088
vn 0.6585 0.2568 -0.7074
vn -0.6310 0.3744 -0.6795
vn -0.6253 0.3905 -0.6756
vn -0.7071 -0.0000 -0.7071
vn 0.5626 0.5358 -0.6296
vn 0.5726 0.5155 -0.6375
vn 0.7071 -0.0000 -0.7071
vn 0.9325 0.3612 -0.0000
vn 0.9082 0.4186 -0.0000
vn 0.9102 0.4142 0.0001
vn -0.9396 0.3422 0.0001
vn -0.9392 0.3433 -0.0000
vn -0.9774 0.2114 -0.0000
vn -0.9944 0.1057 -0.0000
vn 0.9996 -0.0283 -0.0000
vn 0.7838 0.6210 -0.0000
vt 0.511278 0.096677
vt 0.511278 0.119835
vt 0.538995 0.119835
vt 0.538995 0.017581
vt 0.511278 0.017581
vt 0.511278 0.040957
vt 0.195369 0.190001
vt 0.195369 0.192792
vt 0.195369 0.184987
vt 0.500394 0.119835
vt 0.500394 0.121513
vt 0.500394 0.117362
vt 0.492738 0.143175
vt 0.492738 0.151417
vt 0.492738 0.138644
vt 0.181808 0.192792
vt 0.181808 0.190448
vt 0.181808 0.185318
vt 0.363249 0.501952
vt 0.334982 0.501952
vt 0.317355 0.501952
vt 0.317355 0.552453
vt 0.483446 0.127271
vt 0.492738 0.127271
vt 0.492738 0.056093
vt 0.483446 0.056093
vt 0.568568 0.497169
vt 0.591710 0.497169
vt 0.591710 0.490640
vt 0.568568 0.490640
vt 0.646982 0.511300
vt 0.646982 0.530779
vt 0.760685 0.530779
vt 0.760685 0.511300
vt 0.324782 0.631362
vt 0.324749 0.915065
vt 0.402232 0.915074
vt 0.402266 0.631371
vt 0.760685 0.391637
vt 0.646982 0.391637
vt 0.639230 0.550530
vt 0.639230 0.543860
vt 0.618405 0.543860
vt 0.618405 0.550530
vt 0.963614 0.546852
vt 0.998008 0.546852
vt 0.998008 0.528475
vt 0.963614 0.528475
vt 0.963613 0.766068
vt 0.963613 0.911856
vt 0.997238 0.911856
vt 0.997238 0.766068
vt 0.591710 0.476509
vt 0.568568 0.476509
vt 0.604144 0.915098
vt 0.604177 0.631395
vt 0.553699 0.631389
vt 0.553666 0.915092
vt 0.317355 0.491521
vt 0.334982 0.491521
vt 0.334982 0.476631
vt 0.317355 0.476631
vt 0.492738 0.030976
vt 0.483446 0.030976
vt 0.434863 0.056093
vt 0.434863 0.127271
vt 0.437347 0.127271
vt 0.437347 0.056093
vt 0.402668 0.056093
vt 0.402668 0.127271
vt 0.455917 0.154832
vt 0.455917 0.151417
vt 0.483446 0.151417
vt 0.455540 0.030976
vt 0.455540 0.027001
vt 0.591710 0.550530
vt 0.539484 0.497169
vt 0.500394 0.040957
vt 0.500394 0.096677
vt 0.500394 0.017581
vt 0.791616 0.175827
vt 0.800665 0.175827
vt 0.800665 0.157906
vt 0.791616 0.157906
vt 0.791616 0.097735
vt 0.800665 0.097735
vt 0.800665 0.079426
vt 0.791616 0.079426
vt 0.181808 0.103594
vt 0.181808 0.160295
vt 0.195369 0.160295
vt 0.195369 0.103594
vt 0.195369 0.071652
vt 0.181808 0.071652
vt 0.947977 0.974330
vt 0.957065 0.974330
vt 0.957065 0.956406
vt 0.947977 0.956406
vt 0.947977 0.895972
vt 0.957065 0.895972
vt 0.957065 0.877591
vt 0.947977 0.877591
vt 0.791616 0.182176
vt 0.800665 0.182176
vt 0.500394 0.100152
vt 0.195369 0.164735
vt 0.195369 0.099346
vt 0.500394 0.037575
vt 0.500394 0.020072
vt 0.800665 0.073602
vt 0.791616 0.073602
vt 0.195369 0.078068
vt 0.947977 0.980746
vt 0.957065 0.980746
vt 0.181808 0.164441
vt 0.492738 0.122508
vt 0.492738 0.059694
vt 0.181808 0.099143
vt 0.181808 0.078414
vt 0.957065 0.871742
vt 0.947977 0.871742
vt 0.492738 0.043448
vt 0.363249 0.491521
vt 0.997238 0.714971
vt 0.963613 0.714971
vt 0.218996 0.631349
vt 0.218962 0.915052
vt 0.963613 0.962953
vt 0.997238 0.962953
vt 0.539484 0.490640
vt 0.168518 0.631343
vt 0.168484 0.915046
vt 0.324784 0.580882
vt 0.219003 0.580868
vt 0.317355 0.448960
vt 0.334982 0.448960
vt 0.334982 0.435124
vt 0.317355 0.435124
vt 0.452710 0.915080
vt 0.452744 0.631377
vt 0.568568 0.451133
vt 0.591710 0.451133
vt 0.591710 0.438445
vt 0.568568 0.438445
vt 0.218952 0.965534
vt 0.324739 0.965543
vt 0.891296 0.785379
vt 0.891296 0.919206
vt 0.922162 0.919206
vt 0.922162 0.785379
vt 0.922162 0.738475
vt 0.891296 0.738475
vt 0.317355 0.462795
vt 0.334982 0.462795
vt 0.503188 0.915086
vt 0.503222 0.631383
vt 0.568568 0.463821
vt 0.591710 0.463821
vt 0.891296 0.966110
vt 0.922162 0.966110
vt 0.051829 0.613949
vt 0.051778 0.893710
vt 0.101559 0.893719
vt 0.101604 0.613958
vt 0.101621 0.509636
vt 0.051840 0.509627
vt 0.051769 0.998028
vt 0.101542 0.998035
vt 0.039902 0.645914
vt 0.039863 0.861738
vt 0.002062 0.509611
vt 0.002053 0.533453
vt 0.051834 0.533469
vt 0.760685 0.575979
vt 0.760685 0.565108
vt 0.019862 0.602028
vt 0.646982 0.564499
vt 0.001992 0.998025
vt 0.051770 0.974186
vt 0.001993 0.974184
vt 0.019807 0.905627
vt 0.113482 0.861751
vt 0.113521 0.645926
vt 0.156425 0.663762
vt 0.156399 0.882625
vt 0.151394 0.509621
vt 0.101623 0.533485
vt 0.151402 0.533463
vt 0.133573 0.602044
vt 0.300607 0.580875
vt 0.231095 0.548445
vt 0.101549 0.974196
vt 0.133528 0.905643
vt 0.151323 0.998039
vt 0.151325 0.974197
vt 0.231041 0.997956
vt 0.300565 0.965549
vt 0.963614 0.458260
vt 0.998008 0.458260
vt 0.998008 0.444745
vt 0.963614 0.444745
vt 0.963613 0.629518
vt 0.998008 0.629518
vt 0.618405 0.490640
vt 0.618405 0.347321
vt 0.591710 0.318759
vt 0.286701 0.491521
vt 0.317355 0.305029
vt 0.286701 0.330239
vt 0.618405 0.511396
vt 0.639230 0.511396
vt 0.639230 0.490640
vt 0.618405 0.519532
vt 0.639230 0.519532
vt 0.618405 0.527522
vt 0.639230 0.527522
vt 0.618405 0.535811
vt 0.639230 0.535811
vt 0.252171 0.508074
vt 0.286701 0.508074
vt 0.252171 0.491521
vt 0.286701 0.552453
vt 0.286701 0.544603
vt 0.252171 0.544603
vt 0.252171 0.552453
vt 0.286701 0.535680
vt 0.252171 0.535680
vt 0.286701 0.526682
vt 0.252171 0.526682
vt 0.286701 0.517528
vt 0.252171 0.517528
vt 0.760685 0.342019
vt 0.646982 0.341411
vt 0.760685 0.291794
vt 0.646982 0.291794
vt 0.288464 0.316794
vt 0.316875 0.288384
vt 0.249654 0.252679
vt 0.249654 0.327193
vt 0.210845 0.316794
vt 0.182434 0.288384
vt 0.172035 0.249574
vt 0.182434 0.210765
vt 0.210845 0.182354
vt 0.249654 0.171955
vt 0.288464 0.182354
vt 0.316875 0.210765
vt 0.327274 0.249574
vt 0.473236 0.181948
vt 0.444825 0.153537
vt 0.406016 0.223862
vt 0.406016 0.143138
vt 0.367206 0.153537
vt 0.338796 0.181948
vt 0.328397 0.220757
vt 0.338796 0.259567
vt 0.367206 0.287977
vt 0.406016 0.298376
vt 0.444825 0.287977
vt 0.473236 0.259567
vt 0.483635 0.220757
vt 0.500394 0.312308
vt 0.510743 0.312308
vt 0.510743 0.125556
vt 0.500394 0.125556
vt 0.521092 0.312308
vt 0.521092 0.125556
vt 0.531441 0.312308
vt 0.531441 0.125556
vt 0.541791 0.312308
vt 0.541791 0.125556
vt 0.552140 0.312308
vt 0.552140 0.125556
vt 0.562489 0.312308
vt 0.562489 0.125556
vt 0.572838 0.312308
vt 0.572838 0.125556
vt 0.583187 0.312308
vt 0.583187 0.125556
vt 0.593537 0.312308
vt 0.593537 0.125556
vt 0.603886 0.312308
vt 0.603886 0.125556
vt 0.614235 0.312308
vt 0.614235 0.125556
vt 0.624584 0.312308
vt 0.624584 0.125556
vt 0.958596 0.176257
vt 0.985511 0.149342
vt 0.921830 0.115517
vt 0.921830 0.186108
vt 0.885064 0.176257
vt 0.858149 0.149342
vt 0.848297 0.112576
vt 0.858149 0.075809
vt 0.885064 0.048894
vt 0.921830 0.039043
vt 0.958596 0.048894
vt 0.985511 0.075809
vt 0.995363 0.112576
vt 0.369839 0.070102
vt 0.342924 0.043187
vt 0.306158 0.109809
vt 0.306158 0.033335
vt 0.269392 0.043187
vt 0.242477 0.070102
vt 0.232625 0.106868
vt 0.242477 0.143635
vt 0.269392 0.170549
vt 0.306158 0.180401
vt 0.342924 0.170549
vt 0.369839 0.143635
vt 0.379691 0.106868
vt 0.768162 0.399455
vt 0.779783 0.399455
vt 0.779783 0.189762
vt 0.768162 0.189762
vt 0.791403 0.399455
vt 0.791403 0.189762
vt 0.803024 0.399455
vt 0.803024 0.189762
vt 0.814644 0.399455
vt 0.814644 0.189762
vt 0.826265 0.399455
vt 0.826265 0.189762
vt 0.837885 0.399455
vt 0.837885 0.189762
vt 0.849506 0.399455
vt 0.849506 0.189762
vt 0.861126 0.399455
vt 0.861126 0.189762
vt 0.872747 0.399455
vt 0.872747 0.189762
vt 0.884367 0.399455
vt 0.884367 0.189762
vt 0.895988 0.399455
vt 0.895988 0.189762
vt 0.907608 0.399455
vt 0.907608 0.189762
vt 0.058189 0.262508
vt 0.099328 0.262509
vt 0.076510 0.187990
vt 0.022561 0.241939
vt 0.001992 0.206312
vt 0.001992 0.165173
vt 0.022562 0.129545
vt 0.058189 0.108976
vt 0.099328 0.108976
vt 0.134955 0.129545
vt 0.155525 0.165173
vt 0.155525 0.206312
vt 0.134955 0.241939
vt 0.784879 0.149257
vt 0.784879 0.108118
vt 0.705865 0.130936
vt 0.764309 0.072491
vt 0.728682 0.051921
vt 0.687543 0.051921
vt 0.651916 0.072491
vt 0.631346 0.108118
vt 0.631346 0.149257
vt 0.651916 0.184885
vt 0.687543 0.205454
vt 0.728682 0.205454
vt 0.764309 0.184885
vt 0.001992 0.404057
vt 0.001992 0.423075
vt 0.024449 0.423075
vt 0.024449 0.404057
vt 0.001992 0.446464
vt 0.024449 0.446464
vt 0.001992 0.470420
vt 0.024449 0.470420
vt 0.001992 0.483080
vt 0.024449 0.483080
vt 0.001992 0.501171
vt 0.024449 0.501171
vt 0.001992 0.269412
vt 0.001992 0.287559
vt 0.024449 0.287559
vt 0.024449 0.269412
vt 0.001992 0.300316
vt 0.024449 0.300316
vt 0.001992 0.323705
vt 0.024449 0.323705
vt 0.001992 0.346568
vt 0.024449 0.346568
vt 0.001992 0.365515
vt 0.024449 0.365515
vt 0.001992 0.384768
vt 0.024449 0.384768
vt 0.158671 0.323705
vt 0.158671 0.348456
vt 0.171350 0.348456
vt 0.171350 0.323705
vt 0.158671 0.300316
vt 0.171350 0.300316
vt 0.158671 0.287559
vt 0.171350 0.287559
vt 0.158671 0.269412
vt 0.171350 0.269412
vt 0.158671 0.483080
vt 0.158671 0.501171
vt 0.171350 0.501171
vt 0.171350 0.483080
vt 0.158671 0.470420
vt 0.171350 0.470420
vt 0.158671 0.446464
vt 0.171350 0.446464
vt 0.158671 0.425049
vt 0.171350 0.425049
vt 0.158671 0.405736
vt 0.171350 0.405736
vt 0.158671 0.386362
vt 0.171350 0.386362
vt 0.158671 0.367198
vt 0.171350 0.367198
vt 0.947291 0.737710
vt 0.947041 0.762728
vt 0.956168 0.762819
vt 0.956419 0.737801
vt 0.141306 0.300316
vt 0.141306 0.323705
vt 0.141306 0.287559
vt 0.141306 0.269412
vt 0.141306 0.483080
vt 0.141306 0.501171
vt 0.141306 0.470420
vt 0.141306 0.446464
vt 0.946260 0.840856
vt 0.946023 0.864559
vt 0.955150 0.864650
vt 0.955387 0.840947
vt 0.946477 0.819137
vt 0.955604 0.819228
vt 0.946666 0.800226
vt 0.955793 0.800317
vt 0.946855 0.781317
vt 0.955983 0.781408
vt 0.128835 0.323705
vt 0.128835 0.354464
vt 0.141306 0.354464
vt 0.128835 0.300316
vt 0.128835 0.287559
vt 0.128835 0.269412
vt 0.128835 0.483080
vt 0.128835 0.501171
vt 0.128835 0.470420
vt 0.128835 0.446464
vt 0.128835 0.419537
vt 0.141306 0.419537
vt 0.128835 0.405427
vt 0.141306 0.405427
vt 0.128835 0.388341
vt 0.141306 0.388341
vt 0.128835 0.371258
vt 0.141306 0.371258
vt 0.929677 0.872713
vt 0.929437 0.896650
vt 0.941145 0.896767
vt 0.941384 0.872830
vt 0.111780 0.300316
vt 0.111780 0.323705
vt 0.111780 0.287559
vt 0.111780 0.269412
vt 0.111780 0.483080
vt 0.111780 0.501171
vt 0.111780 0.470420
vt 0.111780 0.446464
vt 0.928708 0.969534
vt 0.928432 0.997125
vt 0.940140 0.997242
vt 0.940416 0.969651
vt 0.928884 0.951982
vt 0.940591 0.952099
vt 0.929083 0.932089
vt 0.940790 0.932206
vt 0.929260 0.914380
vt 0.940967 0.914497
vt 0.098291 0.323705
vt 0.098291 0.355688
vt 0.111780 0.355688
vt 0.098291 0.300316
vt 0.098291 0.287559
vt 0.098291 0.269412
vt 0.098291 0.483080
vt 0.098291 0.501171
vt 0.098291 0.470420
vt 0.098291 0.446464
vt 0.098291 0.417680
vt 0.111780 0.417680
vt 0.098291 0.401697
vt 0.111780 0.401697
vt 0.098291 0.387706
vt 0.111780 0.387706
vt 0.098291 0.371707
vt 0.111780 0.371707
vt 0.161552 0.081232
vt 0.161296 0.106789
vt 0.176799 0.106944
vt 0.177055 0.081387
vt 0.084284 0.300316
vt 0.084284 0.323705
vt 0.084284 0.287559
vt 0.084284 0.269412
vt 0.084284 0.483080
vt 0.084284 0.501171
vt 0.084284 0.470420
vt 0.084284 0.446464
vt 0.160598 0.176604
vt 0.160308 0.205560
vt 0.175812 0.205715
vt 0.176101 0.176759
vt 0.160771 0.159311
vt 0.176274 0.159466
vt 0.160946 0.141792
vt 0.176449 0.141947
vt 0.161121 0.124290
vt 0.176624 0.124444
vt 0.071655 0.323705
vt 0.071655 0.354887
vt 0.084284 0.354887
vt 0.071655 0.300316
vt 0.071655 0.287559
vt 0.071655 0.269412
vt 0.071655 0.483080
vt 0.071655 0.501171
vt 0.071655 0.470420
vt 0.071655 0.446464
vt 0.071655 0.418589
vt 0.084284 0.418589
vt 0.071655 0.402723
vt 0.084284 0.402723
vt 0.071655 0.386809
vt 0.084284 0.386809
vt 0.071655 0.370866
vt 0.084284 0.370866
vt 0.873006 0.757052
vt 0.872765 0.781187
vt 0.884924 0.781308
vt 0.885165 0.757173
vt 0.054471 0.300316
vt 0.054471 0.323705
vt 0.054471 0.287559
vt 0.054471 0.269412
vt 0.054471 0.483080
vt 0.054471 0.501171
vt 0.054471 0.470420
vt 0.054471 0.446464
vt 0.872060 0.851696
vt 0.871751 0.882550
vt 0.883910 0.882671
vt 0.884218 0.851818
vt 0.872235 0.834134
vt 0.884394 0.834256
vt 0.872412 0.816520
vt 0.884570 0.816641
vt 0.872588 0.798874
vt 0.884747 0.798996
vt 0.041874 0.323705
vt 0.041874 0.353044
vt 0.054471 0.353044
vt 0.041874 0.300316
vt 0.041874 0.287559
vt 0.041874 0.269412
vt 0.041874 0.483080
vt 0.041874 0.501171
vt 0.041874 0.470420
vt 0.041874 0.446464
vt 0.041874 0.417578
vt 0.054471 0.417578
vt 0.041874 0.403442
vt 0.054471 0.403442
vt 0.041874 0.386654
vt 0.054471 0.386654
vt 0.041874 0.369772
vt 0.054471 0.369772
vt 0.929717 0.736445
vt 0.929466 0.761539
vt 0.939023 0.761635
vt 0.939274 0.736540
vt 0.928691 0.839053
vt 0.928432 0.864941
vt 0.937988 0.865037
vt 0.938247 0.839148
vt 0.928909 0.817322
vt 0.938465 0.817418
vt 0.929094 0.798740
vt 0.938651 0.798835
vt 0.929281 0.780055
vt 0.938837 0.780150
vt 0.150425 0.354464
vt 0.150425 0.331860
vt 0.158671 0.331860
vt 0.158671 0.354464
vt 0.150425 0.446464
vt 0.150425 0.425049
vt 0.150425 0.405427
vt 0.158671 0.405427
vt 0.150425 0.388341
vt 0.158671 0.388341
vt 0.150425 0.371258
vt 0.158671 0.371258
vt 0.118258 0.355688
vt 0.118258 0.334062
vt 0.128835 0.334062
vt 0.128835 0.355688
vt 0.118258 0.446464
vt 0.118258 0.421537
vt 0.128835 0.421537
vt 0.118258 0.405679
vt 0.128835 0.405679
vt 0.118258 0.387706
vt 0.128835 0.387706
vt 0.118258 0.371707
vt 0.128835 0.371707
vt 0.084284 0.357228
vt 0.084284 0.334138
vt 0.098291 0.334138
vt 0.098291 0.357228
vt 0.084284 0.420303
vt 0.098291 0.420303
vt 0.084284 0.404679
vt 0.098291 0.404679
vt 0.084284 0.388852
vt 0.098291 0.388852
vt 0.084284 0.373039
vt 0.098291 0.373039
vt 0.054471 0.354887
vt 0.054471 0.333081
vt 0.065456 0.333081
vt 0.065456 0.354887
vt 0.054471 0.418589
vt 0.065456 0.446464
vt 0.065456 0.418589
vt 0.054471 0.402723
vt 0.065456 0.402723
vt 0.054471 0.386809
vt 0.065456 0.386809
vt 0.054471 0.370866
vt 0.065456 0.370866
vt 0.024449 0.353044
vt 0.024449 0.330372
vt 0.033083 0.330372
vt 0.033083 0.353044
vt 0.033083 0.446464
vt 0.033083 0.423075
vt 0.024449 0.403442
vt 0.033083 0.403442
vt 0.024449 0.386654
vt 0.033083 0.386654
vt 0.024449 0.369772
vt 0.033083 0.369772
vt 0.860409 0.763620
vt 0.860409 0.725594
vt 0.860409 0.451574
vt 0.860409 0.483754
vt 0.860409 0.445539
vt 0.799736 0.763620
vt 0.811269 0.763620
vt 0.811269 0.725594
vt 0.799736 0.725594
vt 0.799736 0.622779
vt 0.811269 0.622779
vt 0.811269 0.597346
vt 0.799736 0.604194
vt 0.811269 0.483754
vt 0.811269 0.451574
vt 0.811269 0.441270
vt 0.811269 0.426837
vt 0.811269 0.413177
vt 0.786145 0.763620
vt 0.786145 0.725594
vt 0.890631 0.597346
vt 0.890631 0.622779
vt 0.918375 0.622779
vt 0.918375 0.597346
vt 0.860409 0.597346
vt 0.860409 0.622779
vt 0.786145 0.639698
vt 0.799736 0.639698
vt 0.774026 0.602706
vt 0.799150 0.561466
vt 0.811269 0.581539
vt 0.811269 0.569558
vt 0.890631 0.569558
vt 0.860409 0.569558
vt 0.860409 0.581539
vt 0.890631 0.581539
vt 0.918375 0.569558
vt 0.918375 0.581539
vt 0.918375 0.639698
vt 0.964342 0.639698
vt 0.956593 0.622779
vt 0.890631 0.639698
vt 0.860409 0.639698
vt 0.811269 0.639698
vt 0.795615 0.602706
vt 0.799150 0.577273
vt 0.942510 0.622779
vt 0.824129 0.622779
vt 0.824129 0.597346
vt 0.824129 0.581539
vt 0.824129 0.569558
vt 0.824129 0.451574
vt 0.824129 0.483754
vt 0.824129 0.404336
vt 0.860409 0.404336
vt 0.824129 0.725594
vt 0.824129 0.763620
vt 0.824129 0.639698
vt 0.918375 0.731926
vt 0.918375 0.701522
vt 0.890631 0.701522
vt 0.890631 0.731926
vt 0.918375 0.509644
vt 0.918375 0.475599
vt 0.890631 0.475599
vt 0.890631 0.509644
vt 0.890631 0.445006
vt 0.918375 0.445006
vt 0.860409 0.424099
vt 0.964342 0.706393
vt 0.944570 0.731926
vt 0.412599 0.621899
vt 0.453365 0.621899
vt 0.453365 0.541605
vt 0.412599 0.541605
vt 0.453365 0.461312
vt 0.412599 0.461312
vt 0.453365 0.381018
vt 0.412599 0.381018
vt 0.453365 0.300724
vt 0.412599 0.300724
vt 0.492893 0.621899
vt 0.573187 0.621899
vt 0.573187 0.541605
vt 0.492893 0.541605
vt 0.332306 0.621899
vt 0.332306 0.541605
vt 0.492893 0.461312
vt 0.492893 0.381018
vt 0.492893 0.300724
vt 0.648017 0.591130
vt 0.749235 0.575608
vt 0.723072 0.561341
vt 0.668702 0.569678
vt 0.664980 0.723985
vt 0.690436 0.739549
vt 0.693805 0.733372
vt 0.667641 0.719105
vt 0.615123 0.788927
vt 0.611801 0.818424
vt 0.646536 0.834805
vt 0.650141 0.804835
vt 0.686136 0.838552
vt 0.686729 0.809473
vt 0.663638 0.564795
vt 0.643831 0.587093
vt 0.626056 0.946379
vt 0.638018 0.973671
vt 0.682633 0.925985
vt 0.669753 0.898912
vt 0.703050 0.921341
vt 0.694011 0.892949
vt 0.783173 0.795228
vt 0.787566 0.823796
vt 0.827350 0.814270
vt 0.819386 0.785225
vt 0.860105 0.793202
vt 0.852130 0.764440
vt 0.792025 0.876442
vt 0.775024 0.900660
vt 0.799269 0.907835
vt 0.813612 0.880558
vt 0.849565 0.952870
vt 0.860093 0.924945
vt 0.753238 0.729918
vt 0.772861 0.707441
vt 0.768860 0.703582
vt 0.748174 0.725034
vt 0.752019 0.570503
vt 0.726441 0.555164
vt 0.733847 0.995590
vt 0.788218 0.987260
vt 0.778189 0.921676
vt 0.723778 0.929974
vt 0.749240 0.731988
vt 0.694872 0.740327
vt 0.700819 0.779035
vt 0.755168 0.770685
vt 0.706670 0.816799
vt 0.760915 0.808406
vt 0.720508 0.908913
vt 0.774354 0.702740
vt 0.754983 0.574727
vt 0.722006 0.554387
vt 0.667636 0.562724
vt 0.642269 0.592011
vt 0.662147 0.719948
s 1
usemtl lambert2
f 1/1/1 2/2/2 3/3/3
f 4/4/4 5/5/5 6/6/6
s 0
f 7/7/7 8/8/7 9/9/7
s 1
f 10/10/8 11/11/9 12/12/10
s 0
f 13/13/7 14/14/7 15/15/7
s 1
f 16/16/8 17/17/11 18/18/12
f 19/19/13 20/20/13 21/21/13
s 0
f 289/19/8 322/21/8 22/22/8
s 1
f 23/23/14 24/24/15 25/25/15
f 23/23/14 25/25/15 26/26/14
s 0
f 27/27/7 28/28/7 29/29/7
f 27/27/7 29/29/7 30/30/7
s 1
f 31/31/16 32/32/17 33/33/17
f 31/31/16 33/33/17 34/34/18
s 0
f 35/35/19 36/36/19 37/37/19
f 35/35/19 37/37/19 38/38/19
s 1
f 31/31/16 34/34/18 39/39/20
f 31/31/16 39/39/20 40/40/20
f 41/41/21 42/42/22 43/43/7
f 41/41/21 43/43/7 44/44/7
s 0
f 45/45/23 46/46/23 47/47/23
f 45/45/23 47/47/23 48/48/23
s 1
f 49/49/17 50/50/17 51/51/17
f 49/49/17 51/51/17 52/52/17
s 0
f 30/30/7 29/29/7 53/53/7
f 30/30/7 53/53/7 54/54/7
f 55/55/15 56/56/15 57/57/15
f 55/55/15 57/57/15 58/58/15
f 59/59/8 60/60/8 61/61/8
f 59/59/8 61/61/8 62/62/8
s 1
f 291/3/24 292/4/25 312/6/26
f 291/3/24 312/6/26 314/1/26
f 256/25/6 63/63/27 64/64/28
f 256/25/6 64/64/28 307/26/29
s 0
f 65/65/30 66/66/30 67/67/30
f 65/65/30 67/67/30 68/68/30
f 69/69/17 70/70/17 264/66/17
f 69/69/17 264/66/17 263/65/17
s 1
f 71/71/31 72/72/32 73/73/33
f 71/71/31 73/73/33 308/23/34
f 23/23/14 26/26/14 321/68/35
f 23/23/14 321/68/35 320/67/35
f 307/26/29 64/64/28 74/74/36
f 307/26/29 74/74/36 75/75/7
s 0
f 76/76/7 28/28/7 27/27/7
f 76/76/7 27/27/7 77/77/7
f 298/20/8 60/60/8 59/59/8
f 298/20/8 59/59/8 322/21/8
f 78/78/15 79/79/15 315/1/15
f 78/78/15 315/1/15 313/6/15
s 1
f 6/6/6 5/5/5 80/80/37
f 6/6/6 80/80/37 323/78/6
f 81/81/38 82/82/39 83/83/40
f 81/81/38 83/83/40 84/84/41
s 0
f 85/85/42 265/84/42 331/83/42
f 85/85/42 331/83/42 86/86/42
s 1
f 337/86/43 87/87/44 88/88/45
f 337/86/43 88/88/45 335/85/43
s 0
f 89/89/15 90/90/15 91/91/15
f 89/89/15 91/91/15 92/92/15
s 1
f 348/92/6 93/93/46 94/94/47
f 348/92/6 94/94/47 339/89/6
f 95/95/48 96/96/49 97/97/50
f 95/95/48 97/97/50 98/98/51
s 0
f 99/99/42 357/98/42 310/97/42
f 99/99/42 310/97/42 100/100/42
s 1
f 305/100/43 101/101/52 102/102/53
f 305/100/43 102/102/53 359/99/43
f 103/103/54 104/104/8 82/82/39
f 103/103/54 82/82/39 81/81/38
f 262/11/55 326/79/56 105/105/55
f 262/11/55 105/105/55 282/12/57
f 345/91/58 272/7/59 295/9/60
f 345/91/58 295/9/60 106/106/61
s 0
f 349/92/19 346/91/19 266/106/19
f 349/92/19 266/106/19 107/107/19
f 327/79/30 324/78/30 108/108/30
f 327/79/30 108/108/30 332/105/30
s 1
f 325/78/62 329/80/63 109/109/62
f 325/78/62 109/109/62 338/108/64
f 110/110/65 111/111/66 88/88/45
f 110/110/65 88/88/45 87/87/44
f 355/93/67 350/92/68 336/107/67
f 355/93/67 336/107/67 112/112/69
f 113/113/70 114/114/8 96/96/49
f 113/113/70 96/96/49 95/95/48
f 297/17/71 342/90/72 115/115/71
f 297/17/71 115/115/71 296/18/73
f 259/24/74 279/13/75 309/15/76
f 259/24/74 309/15/76 116/116/77
s 0
f 257/25/19 260/24/19 358/116/19
f 257/25/19 358/116/19 117/117/19
f 343/90/30 340/89/30 118/118/30
f 343/90/30 118/118/30 311/115/30
s 1
f 341/89/78 356/94/79 119/119/78
f 341/89/78 119/119/78 306/118/80
f 120/120/81 121/121/22 102/102/53
f 120/120/81 102/102/53 101/101/52
f 251/63/82 258/25/83 360/117/84
f 251/63/82 360/117/84 122/122/85
f 290/19/8 123/123/8 60/60/8
f 290/19/8 60/60/8 298/20/8
f 124/124/86 125/125/87 252/49/88
f 124/124/86 252/49/88 317/52/88
s 0
f 126/126/19 127/127/19 36/36/19
f 126/126/19 36/36/19 35/35/19
s 1
f 316/50/89 128/128/90 129/129/90
f 316/50/89 129/129/90 333/51/89
s 0
f 77/77/7 27/27/7 30/30/7
s 1
f 77/77/7 30/30/7 130/130/7
f 131/131/17 132/132/17 301/127/17
f 131/131/17 301/127/17 299/126/17
s 0
f 288/35/8 133/133/8 134/134/8
f 288/35/8 134/134/8 300/126/8
f 135/135/8 136/136/8 137/137/8
f 135/135/8 137/137/8 138/138/8
s 1
f 139/139/15 140/140/15 254/38/15
f 139/139/15 254/38/15 255/37/15
s 0
f 141/141/7 142/142/7 143/143/7
f 141/141/7 143/143/7 144/144/7
f 145/145/7 146/146/7 287/36/7
f 145/145/7 287/36/7 302/127/7
s 1
f 147/147/17 148/148/17 149/149/17
f 147/147/17 149/149/17 150/150/17
f 151/151/86 152/152/87 361/147/88
f 151/151/86 361/147/88 246/150/88
s 0
f 153/153/8 154/154/8 136/136/8
f 153/153/8 136/136/8 135/135/8
f 155/155/15 156/156/15 140/140/15
f 155/155/15 140/140/15 139/139/15
f 157/157/7 158/158/7 142/142/7
f 157/157/7 142/142/7 141/141/7
s 1
f 267/148/89 159/159/90 160/160/90
f 267/148/89 160/160/90 268/149/89
s 0
f 161/161/17 162/162/17 163/163/17
f 161/161/17 163/163/17 164/164/17
f 165/165/8 166/166/8 242/161/8
f 165/165/8 242/161/8 283/164/8
f 62/62/8 61/61/8 154/154/8
f 62/62/8 154/154/8 153/153/8
f 58/58/15 57/57/15 156/156/15
f 58/58/15 156/156/15 155/155/15
f 54/54/7 53/53/7 158/158/7
f 54/54/7 158/158/7 157/157/7
f 240/162/7 167/167/7 168/168/7
f 240/162/7 168/168/7 285/163/7
f 293/33/19 294/32/19 169/32/19
f 293/33/19 169/32/19 170/33/19
f 241/162/30 243/161/30 171/169/30
f 241/162/30 171/169/30 172/170/30
s 1
f 166/166/8 173/171/8 174/172/91
f 166/166/8 174/172/91 175/173/92
s 0
f 176/174/19 293/33/19 170/33/19
f 330/174/30 253/33/30 177/175/30
f 243/161/30 280/173/30 178/176/30
f 294/32/19 179/177/19 169/32/19
s 1
f 180/178/7 167/167/7 181/179/90
f 180/178/7 181/179/90 182/180/90
s 0
f 318/167/30 241/162/30 183/181/30
f 319/167/19 334/181/19 281/179/19
f 284/164/19 286/163/19 184/182/19
f 284/164/19 184/182/19 185/183/19
f 353/132/30 351/131/30 186/184/30
f 353/132/30 186/184/30 187/185/30
s 1
f 188/186/8 165/165/8 189/187/91
f 188/186/8 189/187/91 190/188/92
s 0
f 270/165/19 284/164/19 191/189/19
f 271/165/30 362/189/30 245/187/30
f 352/134/30 192/190/30 193/191/30
f 286/163/19 244/192/19 195/193/19
s 1
f 168/168/7 196/194/7 197/195/90
f 168/168/7 197/195/90 194/192/90
s 0
f 277/146/30 354/145/30 198/196/30
f 278/146/19 269/196/19 199/197/19
s 1
f 200/198/19 201/199/19 202/200/25
f 200/198/19 202/200/25 203/201/93
s 0
f 204/202/17 205/203/17 249/46/17
f 204/202/17 249/46/17 250/45/17
f 29/29/7 206/204/7 207/205/7
f 29/29/7 207/205/7 208/206/7
s 1
f 238/199/15 239/198/15 247/48/15
f 238/199/15 247/48/15 248/47/15
s 0
f 209/207/8 59/59/8 210/208/8
f 209/207/8 210/208/8 211/209/8
s 1
f 212/210/7 213/211/94 214/212/95
f 212/210/7 214/212/95 206/204/7
f 215/213/7 216/214/65 213/211/94
f 215/213/7 213/211/94 212/210/7
f 217/215/7 218/216/66 216/214/65
f 217/215/7 216/214/65 215/213/7
f 219/217/7 220/218/81 218/216/66
f 219/217/7 218/216/66 217/215/7
f 43/43/7 42/42/22 220/218/81
f 43/43/7 220/218/81 219/217/7
f 221/219/96 222/220/8 209/207/8
f 221/219/96 209/207/8 223/221/3
f 224/222/8 225/223/8 226/224/70
f 224/222/8 226/224/70 227/225/33
f 226/224/70 225/223/8 228/226/8
f 226/224/70 228/226/8 229/227/8
s 0
f 229/227/8 228/226/8 230/228/8
s 1
f 229/227/8 230/228/8 231/229/54
f 231/229/54 230/228/8 232/230/8
f 231/229/54 232/230/8 233/231/8
s 0
f 233/231/8 232/230/8 222/220/8
s 1
f 233/231/8 222/220/8 221/219/96
s 0
f 322/21/8 224/222/8 22/22/8
f 224/222/8 322/21/8 225/223/8
f 225/223/8 322/21/8 228/226/8
f 228/226/8 322/21/8 230/228/8
f 230/228/8 322/21/8 232/230/8
f 232/230/8 322/21/8 222/220/8
f 222/220/8 322/21/8 209/207/8
f 209/207/8 322/21/8 59/59/8
f 234/232/30 303/40/30 304/39/30
f 303/40/30 234/232/30 235/233/30
f 235/233/30 234/232/30 236/234/30
f 235/233/30 236/234/30 237/235/30
s 1
f 275/14/70 308/23/34 73/73/33
f 308/23/34 275/14/70 261/24/97
f 259/24/74 276/14/98 279/13/75
f 2/2/2 11/11/9 10/10/8
f 11/11/9 2/2/2 1/1/1
f 1/1/1 328/79/99 11/11/9
f 273/8/100 17/17/11 16/16/8
f 17/17/11 273/8/100 347/91/101
f 345/91/58 274/8/102 272/7/59
f 347/91/101 344/90/103 17/17/11
s 0
f 43/43/7 76/76/7 44/44/7
f 76/76/7 43/43/7 28/28/7
f 28/28/7 43/43/7 219/217/7
f 28/28/7 219/217/7 217/215/7
f 28/28/7 217/215/7 215/213/7
f 28/28/7 215/213/7 212/210/7
f 28/28/7 212/210/7 206/204/7
f 28/28/7 206/204/7 29/29/7
f 363/236/19 364/237/19 365/238/19
f 366/239/19 363/236/19 365/238/19
f 367/240/19 366/239/19 365/238/19
f 368/241/19 367/240/19 365/238/19
f 369/242/19 368/241/19 365/238/19
f 370/243/19 369/242/19 365/238/19
f 371/244/19 370/243/19 365/238/19
f 372/245/19 371/244/19 365/238/19
f 373/246/19 372/245/19 365/238/19
f 374/247/19 373/246/19 365/238/19
f 375/248/19 374/247/19 365/238/19
f 364/237/19 375/248/19 365/238/19
f 376/249/30 377/250/30 378/251/30
f 377/250/30 379/252/30 378/251/30
f 379/252/30 380/253/30 378/251/30
f 380/253/30 381/254/30 378/251/30
f 381/254/30 382/255/30 378/251/30
f 382/255/30 383/256/30 378/251/30
f 383/256/30 384/257/30 378/251/30
f 384/257/30 385/258/30 378/251/30
f 385/258/30 386/259/30 378/251/30
f 386/259/30 387/260/30 378/251/30
f 387/260/30 388/261/30 378/251/30
f 388/261/30 376/249/30 378/251/30
f 389/262/104 390/263/104 391/264/104
f 389/262/104 391/264/104 392/265/104
f 393/263/105 394/266/105 395/267/105
f 393/263/105 395/267/105 396/264/105
f 397/266/106 398/268/106 399/269/106
f 397/266/106 399/269/106 400/267/106
f 401/268/107 402/270/107 403/271/107
f 401/268/107 403/271/107 404/269/107
f 405/270/108 406/272/108 407/273/108
f 405/270/108 407/273/108 408/271/108
f 409/272/109 410/274/109 411/275/109
f 409/272/109 411/275/109 412/273/109
f 413/274/110 414/276/110 415/277/110
f 413/274/110 415/277/110 416/275/110
f 417/276/111 418/278/111 419/279/111
f 417/276/111 419/279/111 420/277/111
f 421/278/112 422/280/112 423/281/112
f 421/278/112 423/281/112 424/279/112
f 425/280/113 426/282/113 427/283/113
f 425/280/113 427/283/113 428/281/113
f 429/282/114 430/284/114 431/285/114
f 429/282/114 431/285/114 432/283/114
f 433/284/115 434/286/115 435/287/115
f 433/284/115 435/287/115 436/285/115
f 437/288/19 438/289/19 439/290/19
f 440/291/19 437/288/19 439/290/19
f 441/292/19 440/291/19 439/290/19
f 442/293/19 441/292/19 439/290/19
f 443/294/19 442/293/19 439/290/19
f 444/295/19 443/294/19 439/290/19
f 445/296/19 444/295/19 439/290/19
f 446/297/19 445/296/19 439/290/19
f 447/298/19 446/297/19 439/290/19
f 448/299/19 447/298/19 439/290/19
f 449/300/19 448/299/19 439/290/19
f 438/289/19 449/300/19 439/290/19
f 450/301/30 451/302/30 452/303/30
f 451/302/30 453/304/30 452/303/30
f 453/304/30 454/305/30 452/303/30
f 454/305/30 455/306/30 452/303/30
f 455/306/30 456/307/30 452/303/30
f 456/307/30 457/308/30 452/303/30
f 457/308/30 458/309/30 452/303/30
f 458/309/30 459/310/30 452/303/30
f 459/310/30 460/311/30 452/303/30
f 460/311/30 461/312/30 452/303/30
f 461/312/30 462/313/30 452/303/30
f 462/313/30 450/301/30 452/303/30
f 463/314/104 464/315/104 465/316/104
f 463/314/104 465/316/104 466/317/104
f 467/315/116 468/318/116 469/319/116
f 467/315/116 469/319/116 470/316/116
f 471/318/117 472/320/117 473/321/117
f 471/318/117 473/321/117 474/319/117
f 475/320/118 476/322/118 477/323/118
f 475/320/118 477/323/118 478/321/118
f 479/322/108 480/324/108 481/325/108
f 479/322/108 481/325/108 482/323/108
f 483/324/109 484/326/109 485/327/109
f 483/324/109 485/327/109 486/325/109
f 487/326/119 488/328/119 489/329/119
f 487/326/119 489/329/119 490/327/119
f 491/328/120 492/330/120 493/331/120
f 491/328/120 493/331/120 494/329/120
f 495/330/121 496/332/121 497/333/121
f 495/330/121 497/333/121 498/331/121
f 499/332/113 500/334/113 501/335/113
f 499/332/113 501/335/113 502/333/113
f 503/334/114 504/336/114 505/337/114
f 503/334/114 505/337/114 506/335/114
f 507/336/115 508/338/115 509/339/115
f 507/336/115 509/339/115 510/337/115
f 511/340/30 512/341/30 513/342/30
f 514/343/30 511/340/30 513/342/30
f 515/344/30 514/343/30 513/342/30
f 516/345/30 515/344/30 513/342/30
f 517/346/30 516/345/30 513/342/30
f 518/347/30 517/346/30 513/342/30
f 519/348/30 518/347/30 513/342/30
f 520/349/30 519/348/30 513/342/30
f 521/350/30 520/349/30 513/342/30
f 522/351/30 521/350/30 513/342/30
f 523/352/30 522/351/30 513/342/30
f 512/341/30 523/352/30 513/342/30
f 524/353/19 525/354/19 526/355/19
f 525/354/19 527/356/19 526/355/19
f 527/356/19 528/357/19 526/355/19
f 528/357/19 529/358/19 526/355/19
f 529/358/19 530/359/19 526/355/19
f 530/359/19 531/360/19 526/355/19
f 531/360/19 532/361/19 526/355/19
f 532/361/19 533/362/19 526/355/19
f 533/362/19 534/363/19 526/355/19
f 534/363/19 535/364/19 526/355/19
f 535/364/19 536/365/19 526/355/19
f 536/365/19 524/353/19 526/355/19
f 537/366/118 538/367/118 539/368/118
f 537/366/118 539/368/118 540/369/118
f 541/367/122 542/370/122 543/371/122
f 541/367/122 543/371/122 544/368/122
f 545/370/123 546/372/123 547/373/123
f 545/370/123 547/373/123 548/371/123
f 549/372/124 550/374/124 551/375/124
f 549/372/124 551/375/124 552/373/124
f 553/374/115 554/376/115 555/377/115
f 553/374/115 555/377/115 556/375/115
f 557/378/114 558/379/114 559/380/114
f 557/378/114 559/380/114 560/381/114
f 561/379/125 562/382/125 563/383/125
f 561/379/125 563/383/125 564/380/125
f 565/382/126 566/384/126 567/385/126
f 565/382/126 567/385/126 568/383/126
f 569/384/127 570/386/127 571/387/127
f 569/384/127 571/387/127 572/385/127
f 573/386/119 574/388/119 575/389/119
f 573/386/119 575/389/119 576/387/119
f 577/388/109 578/390/109 579/391/109
f 577/388/109 579/391/109 580/389/109
f 581/390/108 582/366/108 583/369/108
f 581/390/108 583/369/108 584/391/108
s 1
f 585/392/127 586/393/127 587/394/127
s 0
f 585/392/127 587/394/127 588/395/127
f 589/396/126 590/392/126 591/395/126
f 589/396/126 591/395/126 592/397/126
f 593/398/125 594/396/125 595/397/125
f 593/398/125 595/397/125 596/399/125
f 597/400/114 598/398/114 599/399/114
f 597/400/114 599/399/114 600/401/114
f 601/402/115 602/403/115 603/404/115
f 601/402/115 603/404/115 604/405/115
f 605/406/124 606/402/124 607/405/124
f 605/406/124 607/405/124 608/407/124
f 609/408/123 610/406/123 611/407/123
f 609/408/123 611/407/123 612/409/123
s 1
f 613/410/122 614/408/122 615/409/122
s 0
f 613/410/122 615/409/122 616/411/122
f 617/412/118 618/410/118 619/411/118
f 617/412/118 619/411/118 620/413/118
f 621/414/108 622/412/108 623/413/108
f 621/414/108 623/413/108 624/415/108
f 625/416/109 626/414/109 627/415/109
f 625/416/109 627/415/109 628/417/109
f 629/393/119 630/416/119 631/417/119
f 629/393/119 631/417/119 632/394/119
f 633/418/128 634/419/128 635/420/128
f 633/418/128 635/420/128 636/421/128
f 637/422/126 638/423/126 590/392/126
f 637/422/126 590/392/126 589/396/126
f 639/424/125 640/422/125 594/396/125
f 639/424/125 594/396/125 593/398/125
f 641/425/114 642/424/114 598/398/114
f 641/425/114 598/398/114 597/400/114
f 643/426/115 644/427/115 602/403/115
f 643/426/115 602/403/115 601/402/115
f 645/428/124 646/426/124 606/402/124
f 645/428/124 606/402/124 605/406/124
f 647/429/123 648/428/123 610/406/123
f 647/429/123 610/406/123 609/408/123
f 649/430/129 650/431/129 651/432/129
f 649/430/129 651/432/129 652/433/129
f 653/434/130 654/430/130 655/433/130
f 653/434/130 655/433/130 656/435/130
f 657/436/131 658/434/131 659/435/131
f 657/436/131 659/435/131 660/437/131
f 661/438/132 662/436/132 663/437/132
f 661/438/132 663/437/132 664/439/132
f 665/419/133 666/438/133 667/439/133
f 665/419/133 667/439/133 668/420/133
s 1
f 669/440/127 670/441/127 671/442/127
s 0
f 669/440/127 671/442/127 672/423/127
f 673/443/126 674/440/126 638/423/126
f 673/443/126 638/423/126 637/422/126
f 675/444/125 676/443/125 640/422/125
f 675/444/125 640/422/125 639/424/125
f 677/445/114 678/444/114 642/424/114
f 677/445/114 642/424/114 641/425/114
f 679/446/115 680/447/115 644/427/115
f 679/446/115 644/427/115 643/426/115
f 681/448/124 682/446/124 646/426/124
f 681/448/124 646/426/124 645/428/124
f 683/449/123 684/448/123 648/428/123
f 683/449/123 648/428/123 647/429/123
s 1
f 685/450/122 686/449/122 687/429/122
s 0
f 685/450/122 687/429/122 688/451/122
f 689/452/118 690/450/118 691/451/118
f 689/452/118 691/451/118 692/453/118
f 693/454/108 694/452/108 695/453/108
f 693/454/108 695/453/108 696/455/108
f 697/456/109 698/454/109 699/455/109
f 697/456/109 699/455/109 700/457/109
f 701/441/119 702/456/119 703/457/119
f 701/441/119 703/457/119 704/442/119
f 705/458/128 706/459/128 707/460/128
f 705/458/128 707/460/128 708/461/128
f 709/462/126 710/463/126 674/440/126
f 709/462/126 674/440/126 673/443/126
f 711/464/125 712/462/125 676/443/125
f 711/464/125 676/443/125 675/444/125
f 713/465/114 714/464/114 678/444/114
f 713/465/114 678/444/114 677/445/114
f 715/466/115 716/467/115 680/447/115
f 715/466/115 680/447/115 679/446/115
f 717/468/124 718/466/124 682/446/124
f 717/468/124 682/446/124 681/448/124
f 719/469/123 720/468/123 684/448/123
f 719/469/123 684/448/123 683/449/123
f 721/470/129 722/471/129 723/472/129
f 721/470/129 723/472/129 724/473/129
f 725/474/130 726/470/130 727/473/130
f 725/474/130 727/473/130 728/475/130
f 729/476/131 730/474/131 731/475/131
f 729/476/131 731/475/131 732/477/131
f 733/478/132 734/476/132 735/477/132
f 733/478/132 735/477/132 736/479/132
s 1
f 737/459/133 738/478/133 739/479/133
s 0
f 737/459/133 739/479/133 740/460/133
s 1
f 741/480/127 742/481/127 743/482/127
s 0
f 741/480/127 743/482/127 744/463/127
f 745/483/126 746/480/126 710/463/126
f 745/483/126 710/463/126 709/462/126
f 747/484/125 748/483/125 712/462/125
f 747/484/125 712/462/125 711/464/125
f 749/485/114 750/484/114 714/464/114
f 749/485/114 714/464/114 713/465/114
f 751/486/115 752/487/115 716/467/115
f 751/486/115 716/467/115 715/466/115
f 753/488/124 754/486/124 718/466/124
f 753/488/124 718/466/124 717/468/124
f 755/489/123 756/488/123 720/468/123
f 755/489/123 720/468/123 719/469/123
s 1
f 757/490/122 758/489/122 759/469/122
s 0
f 757/490/122 759/469/122 760/491/122
f 761/492/118 762/490/118 763/491/118
f 761/492/118 763/491/118 764/493/118
f 765/494/108 766/492/108 767/493/108
f 765/494/108 767/493/108 768/495/108
f 769/496/109 770/494/109 771/495/109
f 769/496/109 771/495/109 772/497/109
f 773/481/119 774/496/119 775/497/119
f 773/481/119 775/497/119 776/482/119
f 777/498/128 778/499/128 779/500/128
f 777/498/128 779/500/128 780/501/128
f 781/502/126 782/503/126 746/480/126
f 781/502/126 746/480/126 745/483/126
f 783/504/125 784/502/125 748/483/125
f 783/504/125 748/483/125 747/484/125
f 785/505/114 786/504/114 750/484/114
f 785/505/114 750/484/114 749/485/114
f 787/506/115 788/507/115 752/487/115
f 787/506/115 752/487/115 751/486/115
f 789/508/124 790/506/124 754/486/124
f 789/508/124 754/486/124 753/488/124
f 791/509/123 792/508/123 756/488/123
f 791/509/123 756/488/123 755/489/123
f 793/510/129 794/511/129 795/512/129
f 793/510/129 795/512/129 796/513/129
f 797/514/130 798/510/130 799/513/130
f 797/514/130 799/513/130 800/515/130
f 801/516/131 802/514/131 803/515/131
f 801/516/131 803/515/131 804/517/131
f 805/518/132 806/516/132 807/517/132
f 805/518/132 807/517/132 808/519/132
f 809/499/133 810/518/133 811/519/133
f 809/499/133 811/519/133 812/500/133
f 813/520/127 814/521/127 815/522/127
s 1
f 813/520/127 815/522/127 816/503/127
s 0
f 817/523/126 818/520/126 782/503/126
f 817/523/126 782/503/126 781/502/126
f 819/524/125 820/523/125 784/502/125
f 819/524/125 784/502/125 783/504/125
f 821/525/114 822/524/114 786/504/114
f 821/525/114 786/504/114 785/505/114
f 823/526/115 824/527/115 788/507/115
f 823/526/115 788/507/115 787/506/115
f 825/528/124 826/526/124 790/506/124
f 825/528/124 790/506/124 789/508/124
f 827/529/123 828/528/123 792/508/123
f 827/529/123 792/508/123 791/509/123
f 829/530/122 830/529/122 831/509/122
s 1
f 829/530/122 831/509/122 832/531/122
s 0
f 833/532/118 834/530/118 835/531/118
f 833/532/118 835/531/118 836/533/118
f 837/534/108 838/532/108 839/533/108
f 837/534/108 839/533/108 840/535/108
f 841/536/109 842/534/109 843/535/109
f 841/536/109 843/535/109 844/537/109
f 845/521/119 846/536/119 847/537/119
f 845/521/119 847/537/119 848/522/119
f 849/538/128 850/539/128 851/540/128
f 849/538/128 851/540/128 852/541/128
f 853/542/126 854/543/126 818/520/126
f 853/542/126 818/520/126 817/523/126
f 855/544/125 856/542/125 820/523/125
f 855/544/125 820/523/125 819/524/125
f 857/545/114 858/544/114 822/524/114
f 857/545/114 822/524/114 821/525/114
f 859/546/115 860/547/115 824/527/115
f 859/546/115 824/527/115 823/526/115
f 861/548/124 862/546/124 826/526/124
f 861/548/124 826/526/124 825/528/124
f 863/549/123 864/548/123 828/528/123
f 863/549/123 828/528/123 827/529/123
f 865/550/129 866/551/129 867/552/129
f 865/550/129 867/552/129 868/553/129
f 869/554/130 870/550/130 871/553/130
f 869/554/130 871/553/130 872/555/130
f 873/556/131 874/554/131 875/555/131
f 873/556/131 875/555/131 876/557/131
f 877/558/132 878/556/132 879/557/132
f 877/558/132 879/557/132 880/559/132
f 881/539/133 882/558/133 883/559/133
f 881/539/133 883/559/133 884/540/133
f 885/560/127 886/561/127 887/562/127
f 885/560/127 887/562/127 888/543/127
f 889/563/126 890/560/126 854/543/126
f 889/563/126 854/543/126 853/542/126
f 891/564/125 892/563/125 856/542/125
f 891/564/125 856/542/125 855/544/125
f 893/565/114 894/564/114 858/544/114
f 893/565/114 858/544/114 857/545/114
f 895/566/115 896/567/115 860/547/115
f 895/566/115 860/547/115 859/546/115
f 897/568/124 898/566/124 862/546/124
f 897/568/124 862/546/124 861/548/124
f 899/569/123 900/568/123 864/548/123
f 899/569/123 864/548/123 863/549/123
f 901/570/122 902/569/122 903/549/122
f 901/570/122 903/549/122 904/571/122
s 1
f 905/572/118 906/570/118 907/571/118
s 0
f 905/572/118 907/571/118 908/573/118
f 909/574/108 910/572/108 911/573/108
f 909/574/108 911/573/108 912/575/108
f 913/576/109 914/574/109 915/575/109
f 913/576/109 915/575/109 916/577/109
f 917/561/119 918/576/119 919/577/119
f 917/561/119 919/577/119 920/562/119
f 921/578/128 922/579/128 923/580/128
f 921/578/128 923/580/128 924/581/128
f 568/383/126 567/385/126 890/560/126
f 568/383/126 890/560/126 889/563/126
f 564/380/125 563/383/125 892/563/125
f 564/380/125 892/563/125 891/564/125
f 560/381/114 559/380/114 894/564/114
f 560/381/114 894/564/114 893/565/114
f 556/375/115 555/377/115 896/567/115
f 556/375/115 896/567/115 895/566/115
f 552/373/124 551/375/124 898/566/124
f 552/373/124 898/566/124 897/568/124
f 548/371/123 547/373/123 900/568/123
f 548/371/123 900/568/123 899/569/123
f 925/582/129 926/583/129 927/584/129
f 925/582/129 927/584/129 928/585/129
f 929/586/130 930/582/130 931/585/130
f 929/586/130 931/585/130 932/587/130
f 933/588/131 934/586/131 935/587/131
f 933/588/131 935/587/131 936/589/131
f 937/590/132 938/588/132 939/589/132
f 937/590/132 939/589/132 940/591/132
f 941/579/133 942/590/133 943/591/133
f 941/579/133 943/591/133 944/580/133
f 945/423/19 946/442/19 947/592/19
f 945/423/19 947/592/19 948/593/19
f 949/393/30 950/392/30 951/594/30
f 949/393/30 951/594/30 952/595/30
f 953/392/134 954/423/134 955/593/134
f 953/392/134 955/593/134 956/594/134
f 957/451/19 958/429/19 959/596/19
f 957/451/19 959/596/19 960/597/19
f 961/429/135 962/408/135 963/408/135
f 961/429/135 963/408/135 964/596/135
f 965/408/30 966/410/30 967/410/30
f 965/408/30 967/410/30 968/408/30
f 969/453/19 957/451/19 960/597/19
f 969/453/19 960/597/19 970/598/19
f 966/410/30 971/412/30 972/599/30
f 966/410/30 972/599/30 967/410/30
f 973/455/19 969/453/19 970/598/19
f 973/455/19 970/598/19 974/600/19
f 971/412/30 975/414/30 976/601/30
f 971/412/30 976/601/30 972/599/30
f 977/457/19 973/455/19 974/600/19
f 977/457/19 974/600/19 978/602/19
f 975/414/30 979/416/30 980/603/30
f 975/414/30 980/603/30 976/601/30
f 946/442/19 977/457/19 978/602/19
f 946/442/19 978/602/19 947/592/19
f 979/416/30 949/393/30 952/595/30
f 979/416/30 952/595/30 980/603/30
f 981/463/19 982/482/19 983/604/19
f 981/463/19 983/604/19 984/605/19
f 985/441/30 986/440/30 987/606/30
f 985/441/30 987/606/30 988/607/30
f 989/440/134 990/463/134 991/605/134
f 989/440/134 991/605/134 992/606/134
f 993/491/19 994/469/19 995/608/19
f 993/491/19 995/608/19 996/609/19
f 997/469/135 998/449/135 999/449/135
f 997/469/135 999/449/135 1000/608/135
f 1001/449/30 1002/450/30 1003/610/30
f 1001/449/30 1003/610/30 1004/449/30
f 1005/493/19 993/491/19 996/609/19
f 1005/493/19 996/609/19 1006/611/19
f 1002/450/30 1007/452/30 1008/612/30
f 1002/450/30 1008/612/30 1003/610/30
f 1009/495/19 1005/493/19 1006/611/19
f 1009/495/19 1006/611/19 1010/613/19
f 1007/452/30 1011/454/30 1012/614/30
f 1007/452/30 1012/614/30 1008/612/30
f 1013/497/19 1009/495/19 1010/613/19
f 1013/497/19 1010/613/19 1014/615/19
f 1011/454/30 1015/456/30 1016/616/30
f 1011/454/30 1016/616/30 1012/614/30
f 982/482/19 1013/497/19 1014/615/19
f 982/482/19 1014/615/19 983/604/19
f 1015/456/30 985/441/30 988/607/30
f 1015/456/30 988/607/30 1016/616/30
f 1017/503/19 1018/522/19 1019/617/19
f 1017/503/19 1019/617/19 1020/618/19
f 1021/481/30 1022/480/30 1023/619/30
f 1021/481/30 1023/619/30 1024/620/30
f 1025/480/134 1026/503/134 1027/618/134
f 1025/480/134 1027/618/134 1028/619/134
f 1029/531/19 1030/509/19 1031/509/19
f 1029/531/19 1031/509/19 1032/621/19
f 1033/509/135 1034/489/135 1035/489/135
f 1033/509/135 1035/489/135 1036/509/135
f 1037/489/30 1038/490/30 1039/622/30
f 1037/489/30 1039/622/30 1040/489/30
f 1041/533/19 1029/531/19 1032/621/19
f 1041/533/19 1032/621/19 1042/623/19
f 1038/490/30 1043/492/30 1044/624/30
f 1038/490/30 1044/624/30 1039/622/30
f 1045/535/19 1041/533/19 1042/623/19
f 1045/535/19 1042/623/19 1046/625/19
f 1043/492/30 1047/494/30 1048/626/30
f 1043/492/30 1048/626/30 1044/624/30
f 1049/537/19 1045/535/19 1046/625/19
f 1049/537/19 1046/625/19 1050/627/19
f 1047/494/30 1051/496/30 1052/628/30
f 1047/494/30 1052/628/30 1048/626/30
f 1018/522/19 1049/537/19 1050/627/19
f 1018/522/19 1050/627/19 1019/617/19
f 1051/496/30 1021/481/30 1024/620/30
f 1051/496/30 1024/620/30 1052/628/30
f 1053/543/19 1054/562/19 1055/629/19
f 1053/543/19 1055/629/19 1056/630/19
f 1057/521/30 1058/520/30 1059/631/30
f 1057/521/30 1059/631/30 1060/632/30
f 1061/520/134 1062/543/134 1063/630/134
f 1061/520/134 1063/630/134 1064/631/134
f 1065/571/19 1066/549/19 1067/549/19
f 1065/571/19 1067/549/19 1068/633/19
f 1069/549/135 1070/529/135 1071/634/135
f 1069/549/135 1071/634/135 1072/549/135
f 1073/529/30 1074/530/30 1075/635/30
f 1073/529/30 1075/635/30 1076/634/30
f 1077/573/19 1065/571/19 1068/633/19
f 1077/573/19 1068/633/19 1078/636/19
f 1074/530/30 1079/532/30 1080/637/30
f 1074/530/30 1080/637/30 1075/635/30
f 1081/575/19 1077/573/19 1078/636/19
f 1081/575/19 1078/636/19 1082/638/19
f 1079/532/30 1083/534/30 1084/639/30
f 1079/532/30 1084/639/30 1080/637/30
f 1085/577/19 1081/575/19 1082/638/19
f 1085/577/19 1082/638/19 1086/640/19
f 1083/534/30 1087/536/30 1088/641/30
f 1083/534/30 1088/641/30 1084/639/30
f 1054/562/19 1085/577/19 1086/640/19
f 1054/562/19 1086/640/19 1055/629/19
f 1087/536/30 1057/521/30 1060/632/30
f 1087/536/30 1060/632/30 1088/641/30
f 1089/385/19 1090/387/19 1091/642/19
f 1089/385/19 1091/642/19 1092/643/19
f 1093/561/30 1094/560/30 1095/644/30
f 1093/561/30 1095/644/30 1096/645/30
f 1097/560/134 1098/385/134 1099/643/134
f 1097/560/134 1099/643/134 1100/644/134
f 1101/368/19 1102/371/19 1103/371/19
f 1101/368/19 1103/371/19 1104/368/19
f 1105/371/135 1106/569/135 1107/646/135
f 1105/371/135 1107/646/135 1108/371/135
f 1109/569/30 1110/570/30 1111/647/30
f 1109/569/30 1111/647/30 1112/646/30
f 1113/369/19 1101/368/19 1104/368/19
f 1113/369/19 1104/368/19 1114/648/19
f 1110/570/30 1115/572/30 1116/649/30
f 1110/570/30 1116/649/30 1111/647/30
f 1117/391/19 1113/369/19 1114/648/19
f 1117/391/19 1114/648/19 1118/650/19
f 1115/572/30 1119/574/30 1120/651/30
f 1115/572/30 1120/651/30 1116/649/30
f 1121/389/19 1117/391/19 1118/650/19
f 1121/389/19 1118/650/19 1122/652/19
f 1119/574/30 1123/576/30 1124/653/30
f 1119/574/30 1124/653/30 1120/651/30
f 1090/387/19 1121/389/19 1122/652/19
f 1090/387/19 1122/652/19 1091/642/19
f 1123/576/30 1093/561/30 1096/645/30
f 1123/576/30 1096/645/30 1124/653/30
s 1
f 1125/654/136 1126/654/137 1127/655/138
f 1128/656/139 1129/657/140 1130/658/141
f 1131/659/142 1132/660/143 1133/661/144
f 1131/659/142 1133/661/144 1134/662/145
s 0
f 1135/663/15 1136/664/15 1137/665/15
f 1135/663/15 1137/665/15 1138/666/15
s 1
f 1139/667/146 1140/667/147 1141/668/148
f 1139/667/146 1141/668/148 1142/669/149
f 1143/670/142 1142/669/149 1141/668/148
f 1143/670/142 1141/668/148 1144/671/150
f 1145/672/151 1131/659/152 1146/662/30
f 1145/672/151 1146/662/30 1147/673/30
f 1148/674/153 1149/675/153 1150/676/154
f 1148/674/153 1150/676/154 1151/677/154
f 1152/678/15 1153/679/15 1149/675/153
f 1152/678/15 1149/675/153 1148/674/153
s 0
f 1154/680/30 1155/681/30 1156/663/30
f 1154/680/30 1156/663/30 1157/682/30
s 1
f 1158/683/155 1159/684/156 1160/685/157
f 1158/683/155 1160/685/157 1161/685/158
f 1162/686/159 1163/687/160 1164/688/161
f 1162/686/159 1164/688/161 1165/689/162
f 1166/690/163 1162/686/159 1165/689/162
f 1166/690/163 1165/689/162 1167/691/164
s 0
f 1168/692/19 1169/693/19 1170/694/19
f 1168/692/19 1170/694/19 1171/676/19
s 1
f 1172/695/165 1173/692/166 1174/676/167
f 1172/695/165 1174/676/167 1175/675/168
f 1176/696/169 1172/695/165 1175/675/168
f 1176/696/169 1175/675/168 1177/679/170
f 1178/681/171 1179/697/172 1180/664/173
f 1178/681/171 1180/664/173 1181/663/174
s 0
f 1157/682/30 1156/663/30 1182/663/30
f 1157/682/30 1182/663/30 1183/698/30
s 1
f 1184/699/175 1185/665/176 1159/684/156
f 1184/699/175 1159/684/156 1158/683/155
f 1165/689/162 1164/688/161 1186/678/177
f 1165/689/162 1186/678/177 1187/674/178
f 1167/691/164 1165/689/162 1187/674/178
f 1167/691/164 1187/674/178 1188/677/179
s 0
f 1171/676/19 1170/694/19 1189/700/19
f 1171/676/19 1189/700/19 1190/676/19
s 1
f 1175/675/168 1174/676/167 1191/676/180
f 1175/675/168 1191/676/180 1192/675/181
f 1177/679/170 1175/675/168 1192/675/181
f 1177/679/170 1192/675/181 1193/679/182
f 1181/663/174 1180/664/173 1194/664/183
f 1181/663/174 1194/664/183 1195/663/184
s 0
f 1196/701/15 1153/679/15 1152/678/15
f 1196/701/15 1152/678/15 1197/702/15
s 1
f 1198/703/185 1199/702/186 1186/678/177
f 1198/703/185 1186/678/177 1164/688/161
f 1200/704/187 1198/703/185 1164/688/161
f 1200/704/187 1164/688/161 1163/687/160
f 1201/705/188 1202/706/189 1203/657/7
f 1201/705/188 1203/657/7 1204/656/190
f 1205/707/191 1201/705/188 1204/656/190
f 1205/707/191 1204/656/190 1206/708/192
f 1207/655/8 1208/709/193 1209/710/194
f 1207/655/8 1209/710/194 1210/654/195
f 1211/701/196 1212/711/197 1176/696/169
f 1211/701/196 1176/696/169 1177/679/170
f 1213/701/198 1211/701/196 1177/679/170
f 1213/701/198 1177/679/170 1193/679/182
s 0
f 1136/664/15 1196/701/15 1197/702/15
f 1136/664/15 1197/702/15 1137/665/15
s 1
f 1159/684/156 1185/665/176 1199/702/186
f 1159/684/156 1199/702/186 1198/703/185
f 1160/685/157 1159/684/156 1198/703/185
f 1160/685/157 1198/703/185 1200/704/187
f 1141/668/148 1140/667/147 1202/706/189
f 1141/668/148 1202/706/189 1201/705/188
f 1144/671/150 1141/668/148 1201/705/188
f 1144/671/150 1201/705/188 1205/707/191
f 1208/709/193 1133/661/144 1132/660/143
f 1208/709/193 1132/660/143 1209/710/194
f 1180/664/173 1179/697/172 1212/711/197
f 1180/664/173 1212/711/197 1211/701/196
f 1194/664/183 1180/664/173 1211/701/196
f 1194/664/183 1211/701/196 1213/701/198
s 0
f 1214/712/119 1215/713/119 1216/714/119
f 1214/712/119 1216/714/119 1217/715/119
s 1
f 1218/715/199 1219/714/199 1127/655/138
f 1218/715/199 1127/655/138 1126/654/137
s 0
f 1220/716/118 1221/717/118 1222/718/118
f 1220/716/118 1222/718/118 1223/719/118
s 1
f 1224/719/200 1225/718/200 1130/658/141
f 1224/719/200 1130/658/141 1129/657/140
s 0
f 1226/714/8 1227/713/8 1228/692/8
f 1226/714/8 1228/692/8 1229/695/8
f 1230/719/7 1231/686/7 1232/690/7
f 1230/719/7 1232/690/7 1233/716/7
f 1234/720/17 1235/718/17 1236/717/17
f 1234/720/17 1236/717/17 1237/721/17
f 1207/655/8 1226/714/8 1229/695/8
s 1
f 1207/655/8 1229/695/8 1176/696/169
f 1230/719/7 1203/657/7 1163/687/160
f 1230/719/7 1163/687/160 1231/686/7
s 0
f 1238/720/201 1239/722/201 1240/658/201
f 1238/720/201 1240/658/201 1241/718/201
s 1
f 1212/711/197 1208/709/193 1207/655/8
f 1212/711/197 1207/655/8 1176/696/169
f 1179/697/172 1133/661/144 1208/709/193
f 1179/697/172 1208/709/193 1212/711/197
f 1134/662/145 1133/661/144 1179/697/172
f 1134/662/145 1179/697/172 1178/681/171
s 0
f 1147/673/30 1146/662/30 1155/681/30
f 1147/673/30 1155/681/30 1154/680/30
s 1
f 1161/685/158 1160/685/157 1140/667/147
f 1161/685/158 1140/667/147 1139/667/146
f 1202/706/189 1140/667/147 1160/685/157
f 1202/706/189 1160/685/157 1200/704/187
f 1203/657/7 1202/706/189 1200/704/187
f 1203/657/7 1200/704/187 1163/687/160
f 1206/708/192 1204/656/190 1242/658/17
f 1206/708/192 1242/658/17 1243/722/17
s 0
f 1247/723/19 1245/712/19 1246/724/19
f 1245/712/19 1247/723/19 1244/713/19
f 1244/713/19 1247/723/19 1169/693/19
f 1244/713/19 1169/693/19 1168/692/19
f 1248/725/8 1249/726/8 1250/727/8
f 1248/725/8 1250/727/8 1251/728/8
s 1
f 1252/728/202 1253/727/203 1254/729/204
f 1252/728/202 1254/729/204 1255/730/202
s 0
f 1256/730/7 1257/729/7 1258/731/7
f 1256/730/7 1258/731/7 1259/732/7
s 1
f 1260/732/205 1261/731/206 1262/733/207
f 1260/732/205 1262/733/207 1263/734/205
s 0
f 1264/735/208 1265/736/208 1266/737/208
f 1264/735/208 1266/737/208 1267/738/208
f 1268/739/209 1269/725/209 1270/728/209
f 1268/739/209 1270/728/209 1271/740/209
s 1
f 1253/727/203 1272/738/210 1273/741/210
f 1253/727/203 1273/741/210 1254/729/204
s 0
f 1258/731/7 1257/729/7 1274/741/7
f 1258/731/7 1274/741/7 1275/742/7
s 1
f 1262/733/207 1261/731/206 1276/742/211
f 1262/733/207 1276/742/211 1277/743/211
s 0
f 1250/727/8 1249/726/8 1278/735/8
f 1250/727/8 1278/735/8 1279/738/8
f 1280/744/17 1281/745/17 1282/746/17
f 1280/744/17 1282/746/17 1283/747/17
s 1
f 1284/748/212 1285/749/213 1286/750/214
f 1284/748/212 1286/750/214 1287/751/214
f 1288/752/215 1289/753/216 1290/754/217
f 1288/752/215 1290/754/217 1291/755/218
f 1291/755/218 1290/754/217 1292/756/219
f 1291/755/218 1292/756/219 1293/757/219
f 1294/758/220 1295/759/221 1296/744/222
f 1294/758/220 1296/744/222 1297/747/222
f 1298/760/223 1299/761/224 1300/762/225
f 1298/760/223 1300/762/225 1301/763/226
f 1301/763/226 1300/762/225 1302/764/227
f 1301/763/226 1302/764/227 1303/765/228
f 1304/766/229 1305/767/229 1306/768/230
f 1304/766/229 1306/768/230 1307/769/231
f 1307/769/231 1306/768/230 1308/770/232
f 1307/769/231 1308/770/232 1309/771/233
f 1310/772/234 1311/773/235 1312/774/236
f 1310/772/234 1312/774/236 1313/775/237
f 1313/775/237 1312/774/236 1314/776/238
f 1313/775/237 1314/776/238 1315/777/239
f 1316/778/240 1317/779/241 1318/780/242
f 1316/778/240 1318/780/242 1319/781/242
f 1320/782/243 1321/783/244 1322/746/245
f 1320/782/243 1322/746/245 1323/745/245
s 0
f 1324/753/8 1325/760/8 1326/763/8
f 1324/753/8 1326/763/8 1327/754/8
f 1328/768/7 1329/775/7 1330/777/7
f 1328/768/7 1330/777/7 1331/770/7
s 1
f 1332/784/246 1333/785/246 1334/786/247
f 1332/784/246 1334/786/247 1335/787/248
f 1336/788/249 1337/789/250 1338/790/251
f 1336/788/249 1338/790/251 1339/791/251
f 1339/791/251 1338/790/251 1340/792/252
f 1339/791/251 1340/792/252 1341/793/252
s 0
f 1328/768/7 1342/767/7 1343/772/7
f 1328/768/7 1343/772/7 1329/775/7
s 1
f 1335/787/248 1334/786/247 1344/773/253
f 1335/787/248 1344/773/253 1345/794/253
s 0
f 1327/754/8 1326/763/8 1346/765/8
f 1327/754/8 1346/765/8 1347/756/8
f 1348/795/7 1349/796/7 1350/745/7
f 1348/795/7 1350/745/7 1351/780/7
s 1
f 1352/797/254 1353/798/254 1354/747/19
f 1352/797/254 1354/747/19 1355/746/19
s 0
f 1356/799/8 1357/800/8 1358/751/8
f 1356/799/8 1358/751/8 1359/744/8
s 1
f 1337/789/250 1336/788/249 1360/781/30
f 1337/789/250 1360/781/30 1361/750/30
s 0
f 1362/751/17 1363/780/17 1281/745/17
f 1362/751/17 1281/745/17 1280/744/17
f 1364/781/17 1363/780/17 1362/751/17
f 1364/781/17 1362/751/17 1365/750/17
f 1373/793/15 1371/772/15 1372/767/15
f 1371/772/15 1373/793/15 1370/773/15
f 1370/773/15 1373/793/15 1366/792/15
f 1370/773/15 1366/792/15 1369/794/15
f 1369/794/15 1366/792/15 1367/756/15
f 1369/794/15 1367/756/15 1368/765/15
